502 116
503 114
503 115
504 113
504 114
505 111
505 112
506 110
506 111
507 109
507 110
508 108
508 109
509 106
509 107
510 105
510 106
511 104
511 105
512 103
536 127
536 128
537 125
537 126
537 127
538 124
538 125
538 126
539 122
539 123
539 124
539 125
540 121
540 122
540 123
540 124
541 120
541 121
541 122
541 123
542 118
542 119
542 120
542 121
542 122
543 117
543 118
543 119
543 120
544 115
544 116
544 117
544 118
544 119
545 114
545 115
545 116
545 117
545 118
546 113
546 114
546 115
546 116
546 117
547 112
547 113
547 114
547 115
547 116
548 110
548 111
548 112
548 113
548 114
549 109
549 110
549 111
549 112
549 113
550 108
550 109
550 110
550 111
550 112
551 107
551 108
551 109
551 110
551 111
552 105
552 106
552 107
552 108
552 109
553 104
553 105
553 106
553 107
553 108
554 103
554 104
554 105
554 106
554 107
555 102
555 103
555 104
555 105
556 101
556 102
556 103
556 104
557 100
557 101
557 102
557 103
558 98
558 99
558 100
558 101
559 97
559 98
559 99
559 100
560 96
560 97
560 98
561 95
561 96
561 97
562 94
562 95
573 135
573 136
574 133
574 134
574 135
575 132
575 133
575 134
576 130
576 131
576 132
576 133
577 129
577 130
577 131
577 132
578 127
578 128
578 129
578 130
578 131
579 126
579 127
579 128
579 129
579 130
580 124
580 125
580 126
580 127
580 128
580 129
581 123
581 124
581 125
581 126
581 127
581 128
582 122
582 123
582 124
582 125
582 126
582 127
583 120
583 121
583 122
583 123
583 124
583 125
584 119
584 120
584 121
584 122
584 123
584 124
585 118
585 119
585 120
585 121
585 122
585 123
586 116
586 117
586 118
586 119
586 120
586 121
586 122
587 115
587 116
587 117
587 118
587 119
587 120
587 121
588 114
588 115
588 116
588 117
588 118
588 119
589 112
589 113
589 114
589 115
589 116
589 117
589 118
590 111
590 112
590 113
590 114
590 115
590 116
590 117
591 110
591 111
591 112
591 113
591 114
591 115
591 116
592 109
592 110
592 111
592 112
592 113
592 114
593 107
593 108
593 109
593 110
593 111
593 112
593 113
594 106
594 107
594 108
594 109
594 110
594 111
594 112
595 105
595 106
595 107
595 108
595 109
595 110
595 111
595 294
596 104
596 105
596 106
596 107
596 108
596 109
596 293
597 103
597 104
597 105
597 106
597 107
597 108
598 101
598 102
598 103
598 104
598 105
598 106
598 107
599 100
599 101
599 102
599 103
599 104
599 105
600 99
600 100
600 101
600 102
600 103
600 104
601 98
601 99
601 100
601 101
601 102
601 103
602 97
602 98
602 99
602 100
602 101
603 96
603 97
603 98
603 99
603 100
604 94
604 95
604 96
604 97
604 98
605 93
605 94
605 95
605 96
605 97
606 92
606 93
606 94
606 95
607 91
607 92
607 93
607 94
608 90
608 91
608 92
609 90
609 91
611 142
611 143
612 140
612 141
612 142
613 138
613 139
613 140
613 141
614 137
614 138
614 139
614 140
615 135
615 136
615 137
615 138
615 139
616 134
616 135
616 136
616 137
616 138
617 132
617 133
617 134
617 135
617 136
617 137
618 131
618 132
618 133
618 134
618 135
618 136
619 129
619 130
619 131
619 132
619 133
619 134
619 135
620 128
620 129
620 130
620 131
620 132
620 133
620 134
621 127
621 128
621 129
621 130
621 131
621 132
621 133
622 125
622 126
622 127
622 128
622 129
622 130
622 131
623 124
623 125
623 126
623 127
623 128
623 129
623 130
624 123
624 124
624 125
624 126
624 127
624 128
624 129
625 121
625 122
625 123
625 124
625 125
625 126
625 127
625 128
626 120
626 121
626 122
626 123
626 124
626 125
626 126
626 127
627 119
627 120
627 121
627 122
627 123
627 124
627 125
628 117
628 118
628 119
628 120
628 121
628 122
628 123
628 124
629 116
629 117
629 118
629 119
629 120
629 121
629 122
629 123
630 115
630 116
630 117
630 118
630 119
630 120
630 121
630 122
631 114
631 115
631 116
631 117
631 118
631 119
631 120
631 121
632 112
632 113
632 114
632 115
632 116
632 117
632 118
632 119
633 111
633 112
633 113
633 114
633 115
633 116
633 117
633 118
633 301
634 110
634 111
634 112
634 113
634 114
634 115
634 116
634 117
634 300
635 108
635 109
635 110
635 111
635 112
635 113
635 114
635 115
635 298
635 299
636 107
636 108
636 109
636 110
636 111
636 112
636 113
636 114
636 297
636 298
637 106
637 107
637 108
637 109
637 110
637 111
637 112
637 113
637 296
638 105
638 106
638 107
638 108
638 109
638 110
638 111
638 112
638 295
639 104
639 105
639 106
639 107
639 108
639 109
639 110
639 293
639 294
640 102
640 103
640 104
640 105
640 106
640 107
640 108
640 109
640 292
641 101
641 102
641 103
641 104
641 105
641 106
641 107
641 108
641 291
642 100
642 101
642 102
642 103
642 104
642 105
642 106
643 99
643 100
643 101
643 102
643 103
643 104
643 105
644 98
644 99
644 100
644 101
644 102
644 103
644 104
645 96
645 97
645 98
645 99
645 100
645 101
645 102
646 95
646 96
646 97
646 98
646 99
646 100
646 101
647 94
647 95
647 96
647 97
647 98
647 99
647 100
648 93
648 94
648 95
648 96
648 97
648 98
649 92
649 93
649 94
649 95
649 96
649 97
650 91
650 92
650 93
650 94
650 95
651 90
651 91
651 92
651 93
651 94
651 146
651 147
652 89
652 90
652 91
652 92
652 144
652 145
652 146
652 147
653 88
653 89
653 90
653 91
653 142
653 143
653 144
653 145
653 146
654 87
654 88
654 89
654 141
654 142
654 143
654 144
654 145
655 86
655 87
655 139
655 140
655 141
655 142
655 143
655 144
656 85
656 138
656 139
656 140
656 141
656 142
656 143
657 136
657 137
657 138
657 139
657 140
657 141
657 142
658 135
658 136
658 137
658 138
658 139
658 140
658 141
659 133
659 134
659 135
659 136
659 137
659 138
659 139
659 140
660 132
660 133
660 134
660 135
660 136
660 137
660 138
661 131
661 132
661 133
661 134
661 135
661 136
661 137
662 129
662 130
662 131
662 132
662 133
662 134
662 135
662 136
663 128
663 129
663 130
663 131
663 132
663 133
663 134
663 135
664 127
664 128
664 129
664 130
664 131
664 132
664 133
664 134
665 125
665 126
665 127
665 128
665 129
665 130
665 131
665 132
665 133
666 124
666 125
666 126
666 127
666 128
666 129
666 130
666 131
667 123
667 124
667 125
667 126
667 127
667 128
667 129
667 130
668 121
668 122
668 123
668 124
668 125
668 126
668 127
668 128
668 129
669 120
669 121
669 122
669 123
669 124
669 125
669 126
669 127
669 128
670 119
670 120
670 121
670 122
670 123
670 124
670 125
670 126
670 127
671 117
671 118
671 119
671 120
671 121
671 122
671 123
671 124
671 125
672 116
672 117
672 118
672 119
672 120
672 121
672 122
672 123
672 124
673 115
673 116
673 117
673 118
673 119
673 120
673 121
673 122
673 123
674 113
674 114
674 115
674 116
674 117
674 118
674 119
674 120
674 121
674 122
674 304
675 112
675 113
675 114
675 115
675 116
675 117
675 118
675 119
675 120
675 303
676 111
676 112
676 113
676 114
676 115
676 116
676 117
676 118
676 119
676 302
677 110
677 111
677 112
677 113
677 114
677 115
677 116
677 117
677 118
677 300
677 301
678 108
678 109
678 110
678 111
678 112
678 113
678 114
678 115
678 116
678 299
678 300
679 107
679 108
679 109
679 110
679 111
679 112
679 113
679 114
679 115
679 298
679 299
680 106
680 107
680 108
680 109
680 110
680 111
680 112
680 113
680 114
680 296
680 297
681 105
681 106
681 107
681 108
681 109
681 110
681 111
681 112
681 113
681 295
681 296
682 103
682 104
682 105
682 106
682 107
682 108
682 109
682 110
682 111
682 294
682 295
683 102
683 103
683 104
683 105
683 106
683 107
683 108
683 109
683 110
683 293
684 101
684 102
684 103
684 104
684 105
684 106
684 107
684 108
684 109
684 292
685 100
685 101
685 102
685 103
685 104
685 105
685 106
685 107
686 99
686 100
686 101
686 102
686 103
686 104
686 105
686 106
687 97
687 98
687 99
687 100
687 101
687 102
687 103
687 104
687 105
688 96
688 97
688 98
688 99
688 100
688 101
688 102
688 103
689 95
689 96
689 97
689 98
689 99
689 100
689 101
689 102
690 94
690 95
690 96
690 97
690 98
690 99
690 100
690 101
691 93
691 94
691 95
691 96
691 97
691 98
691 99
691 151
691 152
692 92
692 93
692 94
692 95
692 96
692 97
692 98
692 149
692 150
692 151
693 90
693 91
693 92
693 93
693 94
693 95
693 96
693 147
693 148
693 149
693 150
694 89
694 90
694 91
694 92
694 93
694 94
694 95
694 145
694 146
694 147
694 148
694 149
695 88
695 89
695 90
695 91
695 92
695 93
695 144
695 145
695 146
695 147
695 148
696 87
696 88
696 89
696 90
696 91
696 92
696 142
696 143
696 144
696 145
696 146
696 147
697 86
697 87
697 88
697 89
697 90
697 91
697 141
697 142
697 143
697 144
697 145
697 146
698 85
698 86
698 87
698 88
698 89
698 139
698 140
698 141
698 142
698 143
698 144
698 145
699 84
699 85
699 86
699 87
699 138
699 139
699 140
699 141
699 142
699 143
699 144
700 83
700 84
700 85
700 86
700 136
700 137
700 138
700 139
700 140
700 141
700 142
700 143
701 82
701 83
701 84
701 135
701 136
701 137
701 138
701 139
701 140
701 141
701 142
702 82
702 134
702 135
702 136
702 137
702 138
702 139
702 140
702 141
703 132
703 133
703 134
703 135
703 136
703 137
703 138
703 139
703 140
704 131
704 132
704 133
704 134
704 135
704 136
704 137
704 138
705 129
705 130
705 131
705 132
705 133
705 134
705 135
705 136
705 137
706 128
706 129
706 130
706 131
706 132
706 133
706 134
706 135
706 136
707 127
707 128
707 129
707 130
707 131
707 132
707 133
707 134
707 135
708 125
708 126
708 127
708 128
708 129
708 130
708 131
708 132
708 133
708 134
709 124
709 125
709 126
709 127
709 128
709 129
709 130
709 131
709 132
710 123
710 124
710 125
710 126
710 127
710 128
710 129
710 130
710 131
711 121
711 122
711 123
711 124
711 125
711 126
711 127
711 128
711 129
711 130
712 120
712 121
712 122
712 123
712 124
712 125
712 126
712 127
712 128
712 129
713 119
713 120
713 121
713 122
713 123
713 124
713 125
713 126
713 127
713 128
714 117
714 118
714 119
714 120
714 121
714 122
714 123
714 124
714 125
714 126
715 116
715 117
715 118
715 119
715 120
715 121
715 122
715 123
715 124
715 125
716 115
716 116
716 117
716 118
716 119
716 120
716 121
716 122
716 123
716 124
716 306
716 307
717 114
717 115
717 116
717 117
717 118
717 119
717 120
717 121
717 122
717 305
717 306
718 112
718 113
718 114
718 115
718 116
718 117
718 118
718 119
718 120
718 121
718 304
719 111
719 112
719 113
719 114
719 115
719 116
719 117
719 118
719 119
719 120
719 302
719 303
720 110
720 111
720 112
720 113
720 114
720 115
720 116
720 117
720 118
720 119
720 301
720 302
721 108
721 109
721 110
721 111
721 112
721 113
721 114
721 115
721 116
721 117
721 299
721 300
721 301
722 107
722 108
722 109
722 110
722 111
722 112
722 113
722 114
722 115
722 116
722 298
722 299
723 106
723 107
723 108
723 109
723 110
723 111
723 112
723 113
723 114
723 115
723 297
723 298
724 105
724 106
724 107
724 108
724 109
724 110
724 111
724 112
724 113
724 296
724 297
725 103
725 104
725 105
725 106
725 107
725 108
725 109
725 110
725 111
725 112
725 295
726 102
726 103
726 104
726 105
726 106
726 107
726 108
726 109
726 110
726 111
726 293
726 294
727 101
727 102
727 103
727 104
727 105
727 106
727 107
727 108
727 109
727 110
728 100
728 101
728 102
728 103
728 104
728 105
728 106
728 107
728 108
729 99
729 100
729 101
729 102
729 103
729 104
729 105
729 106
729 107
730 97
730 98
730 99
730 100
730 101
730 102
730 103
730 104
730 105
730 106
731 96
731 97
731 98
731 99
731 100
731 101
731 102
731 103
731 104
732 95
732 96
732 97
732 98
732 99
732 100
732 101
732 102
732 103
732 154
732 155
733 94
733 95
733 96
733 97
733 98
733 99
733 100
733 101
733 152
733 153
733 154
733 155
734 93
734 94
734 95
734 96
734 97
734 98
734 99
734 100
734 150
734 151
734 152
734 153
734 154
735 91
735 92
735 93
735 94
735 95
735 96
735 97
735 98
735 99
735 148
735 149
735 150
735 151
735 152
735 153
736 90
736 91
736 92
736 93
736 94
736 95
736 96
736 97
736 147
736 148
736 149
736 150
736 151
736 152
737 89
737 90
737 91
737 92
737 93
737 94
737 95
737 96
737 145
737 146
737 147
737 148
737 149
737 150
737 151
738 88
738 89
738 90
738 91
738 92
738 93
738 94
738 95
738 144
738 145
738 146
738 147
738 148
738 149
738 150
739 87
739 88
739 89
739 90
739 91
739 92
739 93
739 142
739 143
739 144
739 145
739 146
739 147
739 148
739 149
740 86
740 87
740 88
740 89
740 90
740 91
740 92
740 141
740 142
740 143
740 144
740 145
740 146
740 147
740 148
741 85
741 86
741 87
741 88
741 89
741 90
741 139
741 140
741 141
741 142
741 143
741 144
741 145
741 146
742 84
742 85
742 86
742 87
742 88
742 89
742 138
742 139
742 140
742 141
742 142
742 143
742 144
742 145
743 83
743 84
743 85
743 86
743 87
743 137
743 138
743 139
743 140
743 141
743 142
743 143
743 144
744 82
744 83
744 84
744 85
744 86
744 135
744 136
744 137
744 138
744 139
744 140
744 141
744 142
744 143
745 81
745 82
745 83
745 84
745 134
745 135
745 136
745 137
745 138
745 139
745 140
745 141
745 142
746 80
746 81
746 82
746 132
746 133
746 134
746 135
746 136
746 137
746 138
746 139
746 140
746 141
747 79
747 80
747 131
747 132
747 133
747 134
747 135
747 136
747 137
747 138
747 139
748 130
748 131
748 132
748 133
748 134
748 135
748 136
748 137
748 138
749 128
749 129
749 130
749 131
749 132
749 133
749 134
749 135
749 136
749 137
750 127
750 128
750 129
750 130
750 131
750 132
750 133
750 134
750 135
750 136
751 126
751 127
751 128
751 129
751 130
751 131
751 132
751 133
751 134
751 135
752 124
752 125
752 126
752 127
752 128
752 129
752 130
752 131
752 132
752 133
753 123
753 124
753 125
753 126
753 127
753 128
753 129
753 130
753 131
753 132
754 122
754 123
754 124
754 125
754 126
754 127
754 128
754 129
754 130
754 131
755 120
755 121
755 122
755 123
755 124
755 125
755 126
755 127
755 128
755 129
755 130
756 119
756 120
756 121
756 122
756 123
756 124
756 125
756 126
756 127
756 128
757 118
757 119
757 120
757 121
757 122
757 123
757 124
757 125
757 126
757 127
758 116
758 117
758 118
758 119
758 120
758 121
758 122
758 123
758 124
758 125
758 126
759 115
759 116
759 117
759 118
759 119
759 120
759 121
759 122
759 123
759 124
759 125
759 307
760 114
760 115
760 116
760 117
760 118
760 119
760 120
760 121
760 122
760 123
760 306
761 112
761 113
761 114
761 115
761 116
761 117
761 118
761 119
761 120
761 121
761 122
761 304
761 305
762 111
762 112
762 113
762 114
762 115
762 116
762 117
762 118
762 119
762 120
762 121
762 303
762 304
763 110
763 111
763 112
763 113
763 114
763 115
763 116
763 117
763 118
763 119
763 120
763 302
763 303
764 109
764 110
764 111
764 112
764 113
764 114
764 115
764 116
764 117
764 118
764 300
764 301
765 107
765 108
765 109
765 110
765 111
765 112
765 113
765 114
765 115
765 116
765 117
765 299
765 300
766 106
766 107
766 108
766 109
766 110
766 111
766 112
766 113
766 114
766 115
766 116
766 298
766 299
767 105
767 106
767 107
767 108
767 109
767 110
767 111
767 112
767 113
767 114
767 297
768 104
768 105
768 106
768 107
768 108
768 109
768 110
768 111
768 112
768 113
768 295
768 296
769 102
769 103
769 104
769 105
769 106
769 107
769 108
769 109
769 110
769 111
769 112
769 294
770 101
770 102
770 103
770 104
770 105
770 106
770 107
770 108
770 109
770 110
771 100
771 101
771 102
771 103
771 104
771 105
771 106
771 107
771 108
771 109
772 99
772 100
772 101
772 102
772 103
772 104
772 105
772 106
772 107
772 108
773 97
773 98
773 99
773 100
773 101
773 102
773 103
773 104
773 105
773 106
773 158
774 96
774 97
774 98
774 99
774 100
774 101
774 102
774 103
774 104
774 105
774 155
774 156
774 157
774 158
775 95
775 96
775 97
775 98
775 99
775 100
775 101
775 102
775 103
775 104
775 154
775 155
775 156
775 157
776 94
776 95
776 96
776 97
776 98
776 99
776 100
776 101
776 102
776 152
776 153
776 154
776 155
776 156
777 93
777 94
777 95
777 96
777 97
777 98
777 99
777 100
777 101
777 150
777 151
777 152
777 153
777 154
777 155
778 91
778 92
778 93
778 94
778 95
778 96
778 97
778 98
778 99
778 100
778 149
778 150
778 151
778 152
778 153
778 154
779 90
779 91
779 92
779 93
779 94
779 95
779 96
779 97
779 98
779 147
779 148
779 149
779 150
779 151
779 152
779 153
780 89
780 90
780 91
780 92
780 93
780 94
780 95
780 96
780 97
780 146
780 147
780 148
780 149
780 150
780 151
780 152
781 88
781 89
781 90
781 91
781 92
781 93
781 94
781 95
781 144
781 145
781 146
781 147
781 148
781 149
781 150
781 151
782 87
782 88
782 89
782 90
782 91
782 92
782 93
782 94
782 143
782 144
782 145
782 146
782 147
782 148
782 149
782 150
783 86
783 87
783 88
783 89
783 90
783 91
783 92
783 93
783 141
783 142
783 143
783 144
783 145
783 146
783 147
783 148
783 149
784 85
784 86
784 87
784 88
784 89
784 90
784 91
784 140
784 141
784 142
784 143
784 144
784 145
784 146
784 147
785 83
785 84
785 85
785 86
785 87
785 88
785 89
785 90
785 138
785 139
785 140
785 141
785 142
785 143
785 144
785 145
785 146
786 82
786 83
786 84
786 85
786 86
786 87
786 88
786 137
786 138
786 139
786 140
786 141
786 142
786 143
786 144
786 145
787 81
787 82
787 83
787 84
787 85
787 86
787 87
787 135
787 136
787 137
787 138
787 139
787 140
787 141
787 142
787 143
787 144
788 80
788 81
788 82
788 83
788 84
788 85
788 134
788 135
788 136
788 137
788 138
788 139
788 140
788 141
788 142
788 143
789 79
789 80
789 81
789 82
789 83
789 84
789 133
789 134
789 135
789 136
789 137
789 138
789 139
789 140
789 141
789 142
790 78
790 79
790 80
790 81
790 82
790 131
790 132
790 133
790 134
790 135
790 136
790 137
790 138
790 139
790 140
791 78
791 79
791 80
791 130
791 131
791 132
791 133
791 134
791 135
791 136
791 137
791 138
791 139
792 77
792 78
792 129
792 130
792 131
792 132
792 133
792 134
792 135
792 136
792 137
792 138
793 127
793 128
793 129
793 130
793 131
793 132
793 133
793 134
793 135
793 136
793 137
794 126
794 127
794 128
794 129
794 130
794 131
794 132
794 133
794 134
794 135
795 125
795 126
795 127
795 128
795 129
795 130
795 131
795 132
795 133
795 134
796 123
796 124
796 125
796 126
796 127
796 128
796 129
796 130
796 131
796 132
796 133
797 122
797 123
797 124
797 125
797 126
797 127
797 128
797 129
797 130
797 131
797 132
798 121
798 122
798 123
798 124
798 125
798 126
798 127
798 128
798 129
798 130
799 119
799 120
799 121
799 122
799 123
799 124
799 125
799 126
799 127
799 128
799 129
800 118
800 119
800 120
800 121
800 122
800 123
800 124
800 125
800 126
800 127
800 128
801 117
801 118
801 119
801 120
801 121
801 122
801 123
801 124
801 125
801 126
801 127
802 115
802 116
802 117
802 118
802 119
802 120
802 121
802 122
802 123
802 124
802 125
803 114
803 115
803 116
803 117
803 118
803 119
803 120
803 121
803 122
803 123
803 124
803 307
804 113
804 114
804 115
804 116
804 117
804 118
804 119
804 120
804 121
804 122
804 123
804 306
805 111
805 112
805 113
805 114
805 115
805 116
805 117
805 118
805 119
805 120
805 121
805 122
805 304
806 110
806 111
806 112
806 113
806 114
806 115
806 116
806 117
806 118
806 119
806 120
806 303
807 109
807 110
807 111
807 112
807 113
807 114
807 115
807 116
807 117
807 118
807 119
807 301
807 302
808 108
808 109
808 110
808 111
808 112
808 113
808 114
808 115
808 116
808 117
808 118
808 300
809 106
809 107
809 108
809 109
809 110
809 111
809 112
809 113
809 114
809 115
809 116
809 299
810 105
810 106
810 107
810 108
810 109
810 110
810 111
810 112
810 113
810 114
810 115
811 104
811 105
811 106
811 107
811 108
811 109
811 110
811 111
811 112
811 113
811 114
812 103
812 104
812 105
812 106
812 107
812 108
812 109
812 110
812 111
812 112
812 113
813 101
813 102
813 103
813 104
813 105
813 106
813 107
813 108
813 109
813 110
813 111
814 100
814 101
814 102
814 103
814 104
814 105
814 106
814 107
814 108
814 109
814 110
815 99
815 100
815 101
815 102
815 103
815 104
815 105
815 106
815 107
815 108
815 109
815 160
816 98
816 99
816 100
816 101
816 102
816 103
816 104
816 105
816 106
816 107
816 158
816 159
816 160
817 96
817 97
817 98
817 99
817 100
817 101
817 102
817 103
817 104
817 105
817 106
817 156
817 157
817 158
817 159
818 95
818 96
818 97
818 98
818 99
818 100
818 101
818 102
818 103
818 104
818 105
818 154
818 155
818 156
818 157
818 158
819 94
819 95
819 96
819 97
819 98
819 99
819 100
819 101
819 102
819 103
819 152
819 153
819 154
819 155
819 156
819 157
820 93
820 94
820 95
820 96
820 97
820 98
820 99
820 100
820 101
820 102
820 151
820 152
820 153
820 154
820 155
820 156
821 92
821 93
821 94
821 95
821 96
821 97
821 98
821 99
821 100
821 149
821 150
821 151
821 152
821 153
821 154
821 155
822 90
822 91
822 92
822 93
822 94
822 95
822 96
822 97
822 98
822 99
822 148
822 149
822 150
822 151
822 152
822 153
822 154
823 89
823 90
823 91
823 92
823 93
823 94
823 95
823 96
823 97
823 98
823 146
823 147
823 148
823 149
823 150
823 151
823 152
823 153
824 88
824 89
824 90
824 91
824 92
824 93
824 94
824 95
824 96
824 145
824 146
824 147
824 148
824 149
824 150
824 151
824 152
825 87
825 88
825 89
825 90
825 91
825 92
825 93
825 94
825 95
825 143
825 144
825 145
825 146
825 147
825 148
825 149
825 150
825 151
826 86
826 87
826 88
826 89
826 90
826 91
826 92
826 93
826 94
826 142
826 143
826 144
826 145
826 146
826 147
826 148
826 149
827 85
827 86
827 87
827 88
827 89
827 90
827 91
827 92
827 140
827 141
827 142
827 143
827 144
827 145
827 146
827 147
827 148
828 84
828 85
828 86
828 87
828 88
828 89
828 90
828 91
828 139
828 140
828 141
828 142
828 143
828 144
828 145
828 146
828 147
829 82
829 83
829 84
829 85
829 86
829 87
829 88
829 89
829 137
829 138
829 139
829 140
829 141
829 142
829 143
829 144
829 145
829 146
830 81
830 82
830 83
830 84
830 85
830 86
830 87
830 88
830 136
830 137
830 138
830 139
830 140
830 141
830 142
830 143
830 144
830 145
831 80
831 81
831 82
831 83
831 84
831 85
831 86
831 134
831 135
831 136
831 137
831 138
831 139
831 140
831 141
831 142
831 143
831 144
832 79
832 80
832 81
832 82
832 83
832 84
832 85
832 133
832 134
832 135
832 136
832 137
832 138
832 139
832 140
832 141
832 142
833 78
833 79
833 80
833 81
833 82
833 83
833 132
833 133
833 134
833 135
833 136
833 137
833 138
833 139
833 140
833 141
834 77
834 78
834 79
834 80
834 81
834 82
834 130
834 131
834 132
834 133
834 134
834 135
834 136
834 137
834 138
834 139
834 140
835 76
835 77
835 78
835 79
835 80
835 129
835 130
835 131
835 132
835 133
835 134
835 135
835 136
835 137
835 138
835 139
836 76
836 77
836 78
836 128
836 129
836 130
836 131
836 132
836 133
836 134
836 135
836 136
836 137
837 75
837 76
837 126
837 127
837 128
837 129
837 130
837 131
837 132
837 133
837 134
837 135
837 136
838 125
838 126
838 127
838 128
838 129
838 130
838 131
838 132
838 133
838 134
838 135
839 124
839 125
839 126
839 127
839 128
839 129
839 130
839 131
839 132
839 133
839 134
840 122
840 123
840 124
840 125
840 126
840 127
840 128
840 129
840 130
840 131
840 132
840 133
841 121
841 122
841 123
841 124
841 125
841 126
841 127
841 128
841 129
841 130
841 131
842 120
842 121
842 122
842 123
842 124
842 125
842 126
842 127
842 128
842 129
842 130
843 118
843 119
843 120
843 121
843 122
843 123
843 124
843 125
843 126
843 127
843 128
843 129
844 117
844 118
844 119
844 120
844 121
844 122
844 123
844 124
844 125
844 126
844 127
845 116
845 117
845 118
845 119
845 120
845 121
845 122
845 123
845 124
845 125
845 126
846 114
846 115
846 116
846 117
846 118
846 119
846 120
846 121
846 122
846 123
846 124
846 125
847 113
847 114
847 115
847 116
847 117
847 118
847 119
847 120
847 121
847 122
847 123
847 124
848 112
848 113
848 114
848 115
848 116
848 117
848 118
848 119
848 120
848 121
848 122
849 111
849 112
849 113
849 114
849 115
849 116
849 117
849 118
849 119
849 120
849 121
850 109
850 110
850 111
850 112
850 113
850 114
850 115
850 116
850 117
850 118
850 119
850 120
851 108
851 109
851 110
851 111
851 112
851 113
851 114
851 115
851 116
851 117
851 118
851 119
852 107
852 108
852 109
852 110
852 111
852 112
852 113
852 114
852 115
852 116
852 117
853 105
853 106
853 107
853 108
853 109
853 110
853 111
853 112
853 113
853 114
853 115
853 116
854 104
854 105
854 106
854 107
854 108
854 109
854 110
854 111
854 112
854 113
854 114
854 115
855 103
855 104
855 105
855 106
855 107
855 108
855 109
855 110
855 111
855 112
855 113
856 102
856 103
856 104
856 105
856 106
856 107
856 108
856 109
856 110
856 111
856 112
857 100
857 101
857 102
857 103
857 104
857 105
857 106
857 107
857 108
857 109
857 110
857 111
858 99
858 100
858 101
858 102
858 103
858 104
858 105
858 106
858 107
858 108
858 109
858 160
858 161
859 98
859 99
859 100
859 101
859 102
859 103
859 104
859 105
859 106
859 107
859 108
859 158
859 159
859 160
859 161
860 97
860 98
860 99
860 100
860 101
860 102
860 103
860 104
860 105
860 106
860 107
860 156
860 157
860 158
860 159
860 160
861 96
861 97
861 98
861 99
861 100
861 101
861 102
861 103
861 104
861 105
861 155
861 156
861 157
861 158
861 159
862 94
862 95
862 96
862 97
862 98
862 99
862 100
862 101
862 102
862 103
862 104
862 153
862 154
862 155
862 156
862 157
862 158
863 93
863 94
863 95
863 96
863 97
863 98
863 99
863 100
863 101
863 102
863 103
863 151
863 152
863 153
863 154
863 155
863 156
863 157
864 92
864 93
864 94
864 95
864 96
864 97
864 98
864 99
864 100
864 101
864 150
864 151
864 152
864 153
864 154
864 155
864 156
865 91
865 92
865 93
865 94
865 95
865 96
865 97
865 98
865 99
865 100
865 148
865 149
865 150
865 151
865 152
865 153
865 154
865 155
866 89
866 90
866 91
866 92
866 93
866 94
866 95
866 96
866 97
866 98
866 99
866 147
866 148
866 149
866 150
866 151
866 152
866 153
866 154
867 88
867 89
867 90
867 91
867 92
867 93
867 94
867 95
867 96
867 97
867 145
867 146
867 147
867 148
867 149
867 150
867 151
867 152
867 153
868 87
868 88
868 89
868 90
868 91
868 92
868 93
868 94
868 95
868 96
868 144
868 145
868 146
868 147
868 148
868 149
868 150
868 151
869 86
869 87
869 88
869 89
869 90
869 91
869 92
869 93
869 94
869 142
869 143
869 144
869 145
869 146
869 147
869 148
869 149
869 150
870 85
870 86
870 87
870 88
870 89
870 90
870 91
870 92
870 93
870 141
870 142
870 143
870 144
870 145
870 146
870 147
870 148
870 149
871 84
871 85
871 86
871 87
871 88
871 89
871 90
871 91
871 92
871 139
871 140
871 141
871 142
871 143
871 144
871 145
871 146
871 147
871 148
872 83
872 84
872 85
872 86
872 87
872 88
872 89
872 90
872 138
872 139
872 140
872 141
872 142
872 143
872 144
872 145
872 146
872 147
873 81
873 82
873 83
873 84
873 85
873 86
873 87
873 88
873 89
873 136
873 137
873 138
873 139
873 140
873 141
873 142
873 143
873 144
873 145
873 146
874 80
874 81
874 82
874 83
874 84
874 85
874 86
874 87
874 135
874 136
874 137
874 138
874 139
874 140
874 141
874 142
874 143
874 144
875 79
875 80
875 81
875 82
875 83
875 84
875 85
875 86
875 134
875 135
875 136
875 137
875 138
875 139
875 140
875 141
875 142
875 143
876 78
876 79
876 80
876 81
876 82
876 83
876 84
876 132
876 133
876 134
876 135
876 136
876 137
876 138
876 139
876 140
876 141
876 142
877 77
877 78
877 79
877 80
877 81
877 82
877 83
877 131
877 132
877 133
877 134
877 135
877 136
877 137
877 138
877 139
877 140
877 141
878 76
878 77
878 78
878 79
878 80
878 81
878 130
878 131
878 132
878 133
878 134
878 135
878 136
878 137
878 138
878 139
879 75
879 76
879 77
879 78
879 79
879 80
879 128
879 129
879 130
879 131
879 132
879 133
879 134
879 135
879 136
879 137
879 138
880 74
880 75
880 76
880 77
880 78
880 127
880 128
880 129
880 130
880 131
880 132
880 133
880 134
880 135
880 136
880 137
881 74
881 75
881 76
881 125
881 126
881 127
881 128
881 129
881 130
881 131
881 132
881 133
881 134
881 135
881 136
882 73
882 74
882 124
882 125
882 126
882 127
882 128
882 129
882 130
882 131
882 132
882 133
882 134
882 135
883 123
883 124
883 125
883 126
883 127
883 128
883 129
883 130
883 131
883 132
883 133
884 121
884 122
884 123
884 124
884 125
884 126
884 127
884 128
884 129
884 130
884 131
884 132
885 120
885 121
885 122
885 123
885 124
885 125
885 126
885 127
885 128
885 129
885 130
885 131
886 119
886 120
886 121
886 122
886 123
886 124
886 125
886 126
886 127
886 128
886 129
887 117
887 118
887 119
887 120
887 121
887 122
887 123
887 124
887 125
887 126
887 127
887 128
888 116
888 117
888 118
888 119
888 120
888 121
888 122
888 123
888 124
888 125
888 126
888 127
889 115
889 116
889 117
889 118
889 119
889 120
889 121
889 122
889 123
889 124
889 125
889 126
890 114
890 115
890 116
890 117
890 118
890 119
890 120
890 121
890 122
890 123
890 124
891 112
891 113
891 114
891 115
891 116
891 117
891 118
891 119
891 120
891 121
891 122
891 123
892 111
892 112
892 113
892 114
892 115
892 116
892 117
892 118
892 119
892 120
892 121
892 122
893 110
893 111
893 112
893 113
893 114
893 115
893 116
893 117
893 118
893 119
893 120
893 121
894 108
894 109
894 110
894 111
894 112
894 113
894 114
894 115
894 116
894 117
894 118
894 119
895 107
895 108
895 109
895 110
895 111
895 112
895 113
895 114
895 115
895 116
895 117
895 118
896 106
896 107
896 108
896 109
896 110
896 111
896 112
896 113
896 114
896 115
896 116
896 117
897 105
897 106
897 107
897 108
897 109
897 110
897 111
897 112
897 113
897 114
897 115
898 103
898 104
898 105
898 106
898 107
898 108
898 109
898 110
898 111
898 112
898 113
898 114
899 102
899 103
899 104
899 105
899 106
899 107
899 108
899 109
899 110
899 111
899 112
899 113
900 101
900 102
900 103
900 104
900 105
900 106
900 107
900 108
900 109
900 110
900 111
901 100
901 101
901 102
901 103
901 104
901 105
901 106
901 107
901 108
901 109
901 110
902 98
902 99
902 100
902 101
902 102
902 103
902 104
902 105
902 106
902 107
902 108
902 109
902 159
902 160
902 161
903 97
903 98
903 99
903 100
903 101
903 102
903 103
903 104
903 105
903 106
903 107
903 157
903 158
903 159
903 160
904 96
904 97
904 98
904 99
904 100
904 101
904 102
904 103
904 104
904 105
904 106
904 155
904 156
904 157
904 158
904 159
904 160
905 95
905 96
905 97
905 98
905 99
905 100
905 101
905 102
905 103
905 104
905 105
905 154
905 155
905 156
905 157
905 158
905 159
906 93
906 94
906 95
906 96
906 97
906 98
906 99
906 100
906 101
906 102
906 103
906 152
906 153
906 154
906 155
906 156
906 157
906 158
907 92
907 93
907 94
907 95
907 96
907 97
907 98
907 99
907 100
907 101
907 102
907 151
907 152
907 153
907 154
907 155
907 156
907 157
908 91
908 92
908 93
908 94
908 95
908 96
908 97
908 98
908 99
908 100
908 101
908 149
908 150
908 151
908 152
908 153
908 154
908 155
909 90
909 91
909 92
909 93
909 94
909 95
909 96
909 97
909 98
909 99
909 147
909 148
909 149
909 150
909 151
909 152
909 153
909 154
910 89
910 90
910 91
910 92
910 93
910 94
910 95
910 96
910 97
910 98
910 146
910 147
910 148
910 149
910 150
910 151
910 152
910 153
911 87
911 88
911 89
911 90
911 91
911 92
911 93
911 94
911 95
911 96
911 97
911 144
911 145
911 146
911 147
911 148
911 149
911 150
911 151
911 152
912 86
912 87
912 88
912 89
912 90
912 91
912 92
912 93
912 94
912 95
912 143
912 144
912 145
912 146
912 147
912 148
912 149
912 150
912 151
913 85
913 86
913 87
913 88
913 89
913 90
913 91
913 92
913 93
913 94
913 141
913 142
913 143
913 144
913 145
913 146
913 147
913 148
913 149
913 150
914 84
914 85
914 86
914 87
914 88
914 89
914 90
914 91
914 92
914 140
914 141
914 142
914 143
914 144
914 145
914 146
914 147
914 148
914 149
915 83
915 84
915 85
915 86
915 87
915 88
915 89
915 90
915 91
915 139
915 140
915 141
915 142
915 143
915 144
915 145
915 146
915 147
916 82
916 83
916 84
916 85
916 86
916 87
916 88
916 89
916 90
916 137
916 138
916 139
916 140
916 141
916 142
916 143
916 144
916 145
916 146
917 81
917 82
917 83
917 84
917 85
917 86
917 87
917 88
917 136
917 137
917 138
917 139
917 140
917 141
917 142
917 143
917 144
917 145
918 80
918 81
918 82
918 83
918 84
918 85
918 86
918 87
918 134
918 135
918 136
918 137
918 138
918 139
918 140
918 141
918 142
918 143
918 144
919 78
919 79
919 80
919 81
919 82
919 83
919 84
919 85
919 133
919 134
919 135
919 136
919 137
919 138
919 139
919 140
919 141
919 142
919 143
920 77
920 78
920 79
920 80
920 81
920 82
920 83
920 84
920 132
920 133
920 134
920 135
920 136
920 137
920 138
920 139
920 140
920 141
921 76
921 77
921 78
921 79
921 80
921 81
921 82
921 130
921 131
921 132
921 133
921 134
921 135
921 136
921 137
921 138
921 139
921 140
922 75
922 76
922 77
922 78
922 79
922 80
922 81
922 129
922 130
922 131
922 132
922 133
922 134
922 135
922 136
922 137
922 138
922 139
923 74
923 75
923 76
923 77
923 78
923 79
923 127
923 128
923 129
923 130
923 131
923 132
923 133
923 134
923 135
923 136
923 137
923 138
924 74
924 75
924 76
924 77
924 126
924 127
924 128
924 129
924 130
924 131
924 132
924 133
924 134
924 135
924 136
925 73
925 74
925 75
925 76
925 125
925 126
925 127
925 128
925 129
925 130
925 131
925 132
925 133
925 134
925 135
926 72
926 73
926 74
926 123
926 124
926 125
926 126
926 127
926 128
926 129
926 130
926 131
926 132
926 133
926 134
927 122
927 123
927 124
927 125
927 126
927 127
927 128
927 129
927 130
927 131
927 132
927 133
928 121
928 122
928 123
928 124
928 125
928 126
928 127
928 128
928 129
928 130
928 131
929 119
929 120
929 121
929 122
929 123
929 124
929 125
929 126
929 127
929 128
929 129
929 130
930 118
930 119
930 120
930 121
930 122
930 123
930 124
930 125
930 126
930 127
930 128
930 129
931 117
931 118
931 119
931 120
931 121
931 122
931 123
931 124
931 125
931 126
931 127
931 128
932 115
932 116
932 117
932 118
932 119
932 120
932 121
932 122
932 123
932 124
932 125
932 126
933 114
933 115
933 116
933 117
933 118
933 119
933 120
933 121
933 122
933 123
933 124
933 125
934 113
934 114
934 115
934 116
934 117
934 118
934 119
934 120
934 121
934 122
934 123
934 124
935 112
935 113
935 114
935 115
935 116
935 117
935 118
935 119
935 120
935 121
935 122
936 110
936 111
936 112
936 113
936 114
936 115
936 116
936 117
936 118
936 119
936 120
936 121
937 109
937 110
937 111
937 112
937 113
937 114
937 115
937 116
937 117
937 118
937 119
937 120
938 108
938 109
938 110
938 111
938 112
938 113
938 114
938 115
938 116
938 117
938 118
938 119
939 106
939 107
939 108
939 109
939 110
939 111
939 112
939 113
939 114
939 115
939 116
939 117
940 105
940 106
940 107
940 108
940 109
940 110
940 111
940 112
940 113
940 114
940 115
940 116
941 104
941 105
941 106
941 107
941 108
941 109
941 110
941 111
941 112
941 113
941 114
941 115
942 103
942 104
942 105
942 106
942 107
942 108
942 109
942 110
942 111
942 112
942 113
943 101
943 102
943 103
943 104
943 105
943 106
943 107
943 108
943 109
943 110
943 111
943 112
944 100
944 101
944 102
944 103
944 104
944 105
944 106
944 107
944 108
944 109
944 110
944 111
945 99
945 100
945 101
945 102
945 103
945 104
945 105
945 106
945 107
945 108
945 109
946 98
946 99
946 100
946 101
946 102
946 103
946 104
946 105
946 106
946 107
946 108
946 159
946 160
947 96
947 97
947 98
947 99
947 100
947 101
947 102
947 103
947 104
947 105
947 106
947 107
947 157
947 158
947 159
947 160
948 95
948 96
948 97
948 98
948 99
948 100
948 101
948 102
948 103
948 104
948 105
948 106
948 155
948 156
948 157
948 158
948 159
949 94
949 95
949 96
949 97
949 98
949 99
949 100
949 101
949 102
949 103
949 104
949 153
949 154
949 155
949 156
949 157
949 158
950 93
950 94
950 95
950 96
950 97
950 98
950 99
950 100
950 101
950 102
950 103
950 152
950 153
950 154
950 155
950 156
950 157
951 92
951 93
951 94
951 95
951 96
951 97
951 98
951 99
951 100
951 101
951 150
951 151
951 152
951 153
951 154
951 155
951 156
952 90
952 91
952 92
952 93
952 94
952 95
952 96
952 97
952 98
952 99
952 100
952 148
952 149
952 150
952 151
952 152
952 153
952 154
952 155
953 89
953 90
953 91
953 92
953 93
953 94
953 95
953 96
953 97
953 98
953 99
953 147
953 148
953 149
953 150
953 151
953 152
953 153
953 154
954 88
954 89
954 90
954 91
954 92
954 93
954 94
954 95
954 96
954 97
954 145
954 146
954 147
954 148
954 149
954 150
954 151
954 152
954 153
955 87
955 88
955 89
955 90
955 91
955 92
955 93
955 94
955 95
955 96
955 144
955 145
955 146
955 147
955 148
955 149
955 150
955 151
956 86
956 87
956 88
956 89
956 90
956 91
956 92
956 93
956 94
956 95
956 142
956 143
956 144
956 145
956 146
956 147
956 148
956 149
956 150
957 84
957 85
957 86
957 87
957 88
957 89
957 90
957 91
957 92
957 93
957 141
957 142
957 143
957 144
957 145
957 146
957 147
957 148
957 149
958 83
958 84
958 85
958 86
958 87
958 88
958 89
958 90
958 91
958 92
958 139
958 140
958 141
958 142
958 143
958 144
958 145
958 146
958 147
958 148
959 82
959 83
959 84
959 85
959 86
959 87
959 88
959 89
959 90
959 138
959 139
959 140
959 141
959 142
959 143
959 144
959 145
959 146
959 147
960 81
960 82
960 83
960 84
960 85
960 86
960 87
960 88
960 89
960 136
960 137
960 138
960 139
960 140
960 141
960 142
960 143
960 144
960 145
960 146
961 80
961 81
961 82
961 83
961 84
961 85
961 86
961 87
961 88
961 135
961 136
961 137
961 138
961 139
961 140
961 141
961 142
961 143
961 144
962 79
962 80
962 81
962 82
962 83
962 84
962 85
962 86
962 134
962 135
962 136
962 137
962 138
962 139
962 140
962 141
962 142
962 143
963 78
963 79
963 80
963 81
963 82
963 83
963 84
963 85
963 132
963 133
963 134
963 135
963 136
963 137
963 138
963 139
963 140
963 141
963 142
964 77
964 78
964 79
964 80
964 81
964 82
964 83
964 131
964 132
964 133
964 134
964 135
964 136
964 137
964 138
964 139
964 140
964 141
965 76
965 77
965 78
965 79
965 80
965 81
965 82
965 129
965 130
965 131
965 132
965 133
965 134
965 135
965 136
965 137
965 138
965 139
966 75
966 76
966 77
966 78
966 79
966 80
966 128
966 129
966 130
966 131
966 132
966 133
966 134
966 135
966 136
966 137
966 138
967 74
967 75
967 76
967 77
967 78
967 79
967 127
967 128
967 129
967 130
967 131
967 132
967 133
967 134
967 135
967 136
967 137
968 73
968 74
968 75
968 76
968 77
968 125
968 126
968 127
968 128
968 129
968 130
968 131
968 132
968 133
968 134
968 135
968 136
969 72
969 73
969 74
969 75
969 124
969 125
969 126
969 127
969 128
969 129
969 130
969 131
969 132
969 133
969 134
970 72
970 73
970 123
970 124
970 125
970 126
970 127
970 128
970 129
970 130
970 131
970 132
970 133
971 121
971 122
971 123
971 124
971 125
971 126
971 127
971 128
971 129
971 130
971 131
971 132
972 120
972 121
972 122
972 123
972 124
972 125
972 126
972 127
972 128
972 129
972 130
972 131
973 119
973 120
973 121
973 122
973 123
973 124
973 125
973 126
973 127
973 128
973 129
974 117
974 118
974 119
974 120
974 121
974 122
974 123
974 124
974 125
974 126
974 127
974 128
975 116
975 117
975 118
975 119
975 120
975 121
975 122
975 123
975 124
975 125
975 126
975 127
976 115
976 116
976 117
976 118
976 119
976 120
976 121
976 122
976 123
976 124
976 125
976 126
977 113
977 114
977 115
977 116
977 117
977 118
977 119
977 120
977 121
977 122
977 123
977 124
978 112
978 113
978 114
978 115
978 116
978 117
978 118
978 119
978 120
978 121
978 122
978 123
979 111
979 112
979 113
979 114
979 115
979 116
979 117
979 118
979 119
979 120
979 121
979 122
980 110
980 111
980 112
980 113
980 114
980 115
980 116
980 117
980 118
980 119
980 120
980 121
981 108
981 109
981 110
981 111
981 112
981 113
981 114
981 115
981 116
981 117
981 118
981 119
982 107
982 108
982 109
982 110
982 111
982 112
982 113
982 114
982 115
982 116
982 117
982 118
983 106
983 107
983 108
983 109
983 110
983 111
983 112
983 113
983 114
983 115
983 116
983 117
984 104
984 105
984 106
984 107
984 108
984 109
984 110
984 111
984 112
984 113
984 114
984 115
985 103
985 104
985 105
985 106
985 107
985 108
985 109
985 110
985 111
985 112
985 113
985 114
986 102
986 103
986 104
986 105
986 106
986 107
986 108
986 109
986 110
986 111
986 112
986 113
987 101
987 102
987 103
987 104
987 105
987 106
987 107
987 108
987 109
987 110
987 111
988 99
988 100
988 101
988 102
988 103
988 104
988 105
988 106
988 107
988 108
988 109
988 110
989 98
989 99
989 100
989 101
989 102
989 103
989 104
989 105
989 106
989 107
989 108
989 109
990 97
990 98
990 99
990 100
990 101
990 102
990 103
990 104
990 105
990 106
990 107
990 108
991 96
991 97
991 98
991 99
991 100
991 101
991 102
991 103
991 104
991 105
991 106
991 157
991 158
992 95
992 96
992 97
992 98
992 99
992 100
992 101
992 102
992 103
992 104
992 105
992 155
992 156
992 157
992 158
993 93
993 94
993 95
993 96
993 97
993 98
993 99
993 100
993 101
993 102
993 103
993 104
993 153
993 154
993 155
993 156
993 157
994 92
994 93
994 94
994 95
994 96
994 97
994 98
994 99
994 100
994 101
994 102
994 151
994 152
994 153
994 154
994 155
994 156
995 91
995 92
995 93
995 94
995 95
995 96
995 97
995 98
995 99
995 100
995 101
995 150
995 151
995 152
995 153
995 154
995 155
996 90
996 91
996 92
996 93
996 94
996 95
996 96
996 97
996 98
996 99
996 100
996 148
996 149
996 150
996 151
996 152
996 153
996 154
997 89
997 90
997 91
997 92
997 93
997 94
997 95
997 96
997 97
997 98
997 146
997 147
997 148
997 149
997 150
997 151
997 152
997 153
998 87
998 88
998 89
998 90
998 91
998 92
998 93
998 94
998 95
998 96
998 97
998 145
998 146
998 147
998 148
998 149
998 150
998 151
998 152
999 86
999 87
999 88
999 89
999 90
999 91
999 92
999 93
999 94
999 95
999 143
999 144
999 145
999 146
999 147
999 148
999 149
999 150
999 151
1000 85
1000 86
1000 87
1000 88
1000 89
1000 90
1000 91
1000 92
1000 93
1000 94
1000 142
1000 143
1000 144
1000 145
1000 146
1000 147
1000 148
1000 149
1001 84
1001 85
1001 86
1001 87
1001 88
1001 89
1001 90
1001 91
1001 92
1001 93
1001 140
1001 141
1001 142
1001 143
1001 144
1001 145
1001 146
1001 147
1001 148
1002 83
1002 84
1002 85
1002 86
1002 87
1002 88
1002 89
1002 90
1002 91
1002 139
1002 140
1002 141
1002 142
1002 143
1002 144
1002 145
1002 146
1002 147
1003 82
1003 83
1003 84
1003 85
1003 86
1003 87
1003 88
1003 89
1003 90
1003 137
1003 138
1003 139
1003 140
1003 141
1003 142
1003 143
1003 144
1003 145
1003 146
1004 80
1004 81
1004 82
1004 83
1004 84
1004 85
1004 86
1004 87
1004 88
1004 136
1004 137
1004 138
1004 139
1004 140
1004 141
1004 142
1004 143
1004 144
1004 145
1005 79
1005 80
1005 81
1005 82
1005 83
1005 84
1005 85
1005 86
1005 87
1005 135
1005 136
1005 137
1005 138
1005 139
1005 140
1005 141
1005 142
1005 143
1005 144
1006 78
1006 79
1006 80
1006 81
1006 82
1006 83
1006 84
1006 85
1006 86
1006 133
1006 134
1006 135
1006 136
1006 137
1006 138
1006 139
1006 140
1006 141
1006 142
1007 77
1007 78
1007 79
1007 80
1007 81
1007 82
1007 83
1007 84
1007 132
1007 133
1007 134
1007 135
1007 136
1007 137
1007 138
1007 139
1007 140
1007 141
1008 76
1008 77
1008 78
1008 79
1008 80
1008 81
1008 82
1008 83
1008 130
1008 131
1008 132
1008 133
1008 134
1008 135
1008 136
1008 137
1008 138
1008 139
1008 140
1009 75
1009 76
1009 77
1009 78
1009 79
1009 80
1009 81
1009 129
1009 130
1009 131
1009 132
1009 133
1009 134
1009 135
1009 136
1009 137
1009 138
1009 139
1010 74
1010 75
1010 76
1010 77
1010 78
1010 79
1010 80
1010 128
1010 129
1010 130
1010 131
1010 132
1010 133
1010 134
1010 135
1010 136
1010 137
1011 73
1011 74
1011 75
1011 76
1011 77
1011 78
1011 126
1011 127
1011 128
1011 129
1011 130
1011 131
1011 132
1011 133
1011 134
1011 135
1011 136
1012 73
1012 74
1012 75
1012 76
1012 125
1012 126
1012 127
1012 128
1012 129
1012 130
1012 131
1012 132
1012 133
1012 134
1012 135
1013 72
1013 73
1013 74
1013 123
1013 124
1013 125
1013 126
1013 127
1013 128
1013 129
1013 130
1013 131
1013 132
1013 133
1013 134
1014 72
1014 122
1014 123
1014 124
1014 125
1014 126
1014 127
1014 128
1014 129
1014 130
1014 131
1014 132
1015 121
1015 122
1015 123
1015 124
1015 125
1015 126
1015 127
1015 128
1015 129
1015 130
1015 131
1016 119
1016 120
1016 121
1016 122
1016 123
1016 124
1016 125
1016 126
1016 127
1016 128
1016 129
1016 130
1017 118
1017 119
1017 120
1017 121
1017 122
1017 123
1017 124
1017 125
1017 126
1017 127
1017 128
1017 129
1018 117
1018 118
1018 119
1018 120
1018 121
1018 122
1018 123
1018 124
1018 125
1018 126
1018 127
1019 115
1019 116
1019 117
1019 118
1019 119
1019 120
1019 121
1019 122
1019 123
1019 124
1019 125
1019 126
1020 114
1020 115
1020 116
1020 117
1020 118
1020 119
1020 120
1020 121
1020 122
1020 123
1020 124
1020 125
1021 113
1021 114
1021 115
1021 116
1021 117
1021 118
1021 119
1021 120
1021 121
1021 122
1021 123
1021 124
1022 112
1022 113
1022 114
1022 115
1022 116
1022 117
1022 118
1022 119
1022 120
1022 121
1022 122
1023 110
1023 111
1023 112
1023 113
1023 114
1023 115
1023 116
1023 117
1023 118
1023 119
1023 120
1023 121
1024 109
1024 110
1024 111
1024 112
1024 113
1024 114
1024 115
1024 116
1024 117
1024 118
1024 119
1024 120
1025 108
1025 109
1025 110
1025 111
1025 112
1025 113
1025 114
1025 115
1025 116
1025 117
1025 118
1025 119
1026 106
1026 107
1026 108
1026 109
1026 110
1026 111
1026 112
1026 113
1026 114
1026 115
1026 116
1026 117
1027 105
1027 106
1027 107
1027 108
1027 109
1027 110
1027 111
1027 112
1027 113
1027 114
1027 115
1027 116
1028 104
1028 105
1028 106
1028 107
1028 108
1028 109
1028 110
1028 111
1028 112
1028 113
1028 114
1028 115
1029 103
1029 104
1029 105
1029 106
1029 107
1029 108
1029 109
1029 110
1029 111
1029 112
1029 113
1030 101
1030 102
1030 103
1030 104
1030 105
1030 106
1030 107
1030 108
1030 109
1030 110
1030 111
1030 112
1031 100
1031 101
1031 102
1031 103
1031 104
1031 105
1031 106
1031 107
1031 108
1031 109
1031 110
1031 111
1032 99
1032 100
1032 101
1032 102
1032 103
1032 104
1032 105
1032 106
1032 107
1032 108
1032 109
1033 98
1033 99
1033 100
1033 101
1033 102
1033 103
1033 104
1033 105
1033 106
1033 107
1033 108
1034 96
1034 97
1034 98
1034 99
1034 100
1034 101
1034 102
1034 103
1034 104
1034 105
1034 106
1034 107
1035 95
1035 96
1035 97
1035 98
1035 99
1035 100
1035 101
1035 102
1035 103
1035 104
1035 105
1035 106
1036 94
1036 95
1036 96
1036 97
1036 98
1036 99
1036 100
1036 101
1036 102
1036 103
1036 104
1036 155
1036 156
1037 93
1037 94
1037 95
1037 96
1037 97
1037 98
1037 99
1037 100
1037 101
1037 102
1037 103
1037 153
1037 154
1037 155
1038 92
1038 93
1038 94
1038 95
1038 96
1038 97
1038 98
1038 99
1038 100
1038 101
1038 102
1038 151
1038 152
1038 153
1038 154
1038 155
1039 90
1039 91
1039 92
1039 93
1039 94
1039 95
1039 96
1039 97
1039 98
1039 99
1039 100
1039 149
1039 150
1039 151
1039 152
1039 153
1039 154
1040 89
1040 90
1040 91
1040 92
1040 93
1040 94
1040 95
1040 96
1040 97
1040 98
1040 99
1040 148
1040 149
1040 150
1040 151
1040 152
1040 153
1041 88
1041 89
1041 90
1041 91
1041 92
1041 93
1041 94
1041 95
1041 96
1041 97
1041 146
1041 147
1041 148
1041 149
1041 150
1041 151
1041 152
1042 87
1042 88
1042 89
1042 90
1042 91
1042 92
1042 93
1042 94
1042 95
1042 96
1042 144
1042 145
1042 146
1042 147
1042 148
1042 149
1042 150
1042 151
1043 86
1043 87
1043 88
1043 89
1043 90
1043 91
1043 92
1043 93
1043 94
1043 95
1043 143
1043 144
1043 145
1043 146
1043 147
1043 148
1043 149
1043 150
1044 85
1044 86
1044 87
1044 88
1044 89
1044 90
1044 91
1044 92
1044 93
1044 141
1044 142
1044 143
1044 144
1044 145
1044 146
1044 147
1044 148
1045 83
1045 84
1045 85
1045 86
1045 87
1045 88
1045 89
1045 90
1045 91
1045 92
1045 140
1045 141
1045 142
1045 143
1045 144
1045 145
1045 146
1045 147
1046 82
1046 83
1046 84
1046 85
1046 86
1046 87
1046 88
1046 89
1046 90
1046 91
1046 138
1046 139
1046 140
1046 141
1046 142
1046 143
1046 144
1046 145
1046 146
1047 81
1047 82
1047 83
1047 84
1047 85
1047 86
1047 87
1047 88
1047 89
1047 137
1047 138
1047 139
1047 140
1047 141
1047 142
1047 143
1047 144
1047 145
1048 80
1048 81
1048 82
1048 83
1048 84
1048 85
1048 86
1048 87
1048 88
1048 136
1048 137
1048 138
1048 139
1048 140
1048 141
1048 142
1048 143
1048 144
1049 79
1049 80
1049 81
1049 82
1049 83
1049 84
1049 85
1049 86
1049 134
1049 135
1049 136
1049 137
1049 138
1049 139
1049 140
1049 141
1049 142
1049 143
1050 78
1050 79
1050 80
1050 81
1050 82
1050 83
1050 84
1050 85
1050 133
1050 134
1050 135
1050 136
1050 137
1050 138
1050 139
1050 140
1050 141
1051 77
1051 78
1051 79
1051 80
1051 81
1051 82
1051 83
1051 131
1051 132
1051 133
1051 134
1051 135
1051 136
1051 137
1051 138
1051 139
1051 140
1052 76
1052 77
1052 78
1052 79
1052 80
1052 81
1052 82
1052 130
1052 131
1052 132
1052 133
1052 134
1052 135
1052 136
1052 137
1052 138
1052 139
1053 75
1053 76
1053 77
1053 78
1053 79
1053 80
1053 128
1053 129
1053 130
1053 131
1053 132
1053 133
1053 134
1053 135
1053 136
1053 137
1053 138
1054 74
1054 75
1054 76
1054 77
1054 78
1054 79
1054 127
1054 128
1054 129
1054 130
1054 131
1054 132
1054 133
1054 134
1054 135
1054 136
1054 137
1055 73
1055 74
1055 75
1055 76
1055 77
1055 126
1055 127
1055 128
1055 129
1055 130
1055 131
1055 132
1055 133
1055 134
1055 135
1056 72
1056 73
1056 74
1056 75
1056 124
1056 125
1056 126
1056 127
1056 128
1056 129
1056 130
1056 131
1056 132
1056 133
1056 134
1057 72
1057 73
1057 123
1057 124
1057 125
1057 126
1057 127
1057 128
1057 129
1057 130
1057 131
1057 132
1057 133
1058 122
1058 123
1058 124
1058 125
1058 126
1058 127
1058 128
1058 129
1058 130
1058 131
1058 132
1059 120
1059 121
1059 122
1059 123
1059 124
1059 125
1059 126
1059 127
1059 128
1059 129
1059 130
1060 119
1060 120
1060 121
1060 122
1060 123
1060 124
1060 125
1060 126
1060 127
1060 128
1060 129
1061 118
1061 119
1061 120
1061 121
1061 122
1061 123
1061 124
1061 125
1061 126
1061 127
1061 128
1062 116
1062 117
1062 118
1062 119
1062 120
1062 121
1062 122
1062 123
1062 124
1062 125
1062 126
1062 127
1063 115
1063 116
1063 117
1063 118
1063 119
1063 120
1063 121
1063 122
1063 123
1063 124
1063 125
1064 114
1064 115
1064 116
1064 117
1064 118
1064 119
1064 120
1064 121
1064 122
1064 123
1064 124
1065 112
1065 113
1065 114
1065 115
1065 116
1065 117
1065 118
1065 119
1065 120
1065 121
1065 122
1065 123
1066 111
1066 112
1066 113
1066 114
1066 115
1066 116
1066 117
1066 118
1066 119
1066 120
1066 121
1066 122
1067 110
1067 111
1067 112
1067 113
1067 114
1067 115
1067 116
1067 117
1067 118
1067 119
1067 120
1068 108
1068 109
1068 110
1068 111
1068 112
1068 113
1068 114
1068 115
1068 116
1068 117
1068 118
1068 119
1069 107
1069 108
1069 109
1069 110
1069 111
1069 112
1069 113
1069 114
1069 115
1069 116
1069 117
1069 118
1070 106
1070 107
1070 108
1070 109
1070 110
1070 111
1070 112
1070 113
1070 114
1070 115
1070 116
1070 117
1071 105
1071 106
1071 107
1071 108
1071 109
1071 110
1071 111
1071 112
1071 113
1071 114
1071 115
1072 103
1072 104
1072 105
1072 106
1072 107
1072 108
1072 109
1072 110
1072 111
1072 112
1072 113
1072 114
1073 102
1073 103
1073 104
1073 105
1073 106
1073 107
1073 108
1073 109
1073 110
1073 111
1073 112
1073 113
1074 101
1074 102
1074 103
1074 104
1074 105
1074 106
1074 107
1074 108
1074 109
1074 110
1074 111
1075 100
1075 101
1075 102
1075 103
1075 104
1075 105
1075 106
1075 107
1075 108
1075 109
1075 110
1076 98
1076 99
1076 100
1076 101
1076 102
1076 103
1076 104
1076 105
1076 106
1076 107
1076 108
1076 109
1077 97
1077 98
1077 99
1077 100
1077 101
1077 102
1077 103
1077 104
1077 105
1077 106
1077 107
1078 96
1078 97
1078 98
1078 99
1078 100
1078 101
1078 102
1078 103
1078 104
1078 105
1078 106
1079 95
1079 96
1079 97
1079 98
1079 99
1079 100
1079 101
1079 102
1079 103
1079 104
1079 105
1080 94
1080 95
1080 96
1080 97
1080 98
1080 99
1080 100
1080 101
1080 102
1080 103
1081 92
1081 93
1081 94
1081 95
1081 96
1081 97
1081 98
1081 99
1081 100
1081 101
1081 102
1082 91
1082 92
1082 93
1082 94
1082 95
1082 96
1082 97
1082 98
1082 99
1082 100
1082 101
1082 152
1083 90
1083 91
1083 92
1083 93
1083 94
1083 95
1083 96
1083 97
1083 98
1083 99
1083 150
1083 151
1083 152
1084 89
1084 90
1084 91
1084 92
1084 93
1084 94
1084 95
1084 96
1084 97
1084 98
1084 148
1084 149
1084 150
1084 151
1085 88
1085 89
1085 90
1085 91
1085 92
1085 93
1085 94
1085 95
1085 96
1085 97
1085 146
1085 147
1085 148
1085 149
1085 150
1086 86
1086 87
1086 88
1086 89
1086 90
1086 91
1086 92
1086 93
1086 94
1086 95
1086 144
1086 145
1086 146
1086 147
1086 148
1086 149
1087 85
1087 86
1087 87
1087 88
1087 89
1087 90
1087 91
1087 92
1087 93
1087 94
1087 143
1087 144
1087 145
1087 146
1087 147
1087 148
1088 84
1088 85
1088 86
1088 87
1088 88
1088 89
1088 90
1088 91
1088 92
1088 93
1088 141
1088 142
1088 143
1088 144
1088 145
1088 146
1088 147
1089 83
1089 84
1089 85
1089 86
1089 87
1089 88
1089 89
1089 90
1089 91
1089 140
1089 141
1089 142
1089 143
1089 144
1089 145
1089 146
1090 82
1090 83
1090 84
1090 85
1090 86
1090 87
1090 88
1090 89
1090 90
1090 138
1090 139
1090 140
1090 141
1090 142
1090 143
1090 144
1090 145
1091 81
1091 82
1091 83
1091 84
1091 85
1091 86
1091 87
1091 88
1091 137
1091 138
1091 139
1091 140
1091 141
1091 142
1091 143
1091 144
1092 80
1092 81
1092 82
1092 83
1092 84
1092 85
1092 86
1092 87
1092 135
1092 136
1092 137
1092 138
1092 139
1092 140
1092 141
1092 142
1092 143
1093 79
1093 80
1093 81
1093 82
1093 83
1093 84
1093 85
1093 86
1093 134
1093 135
1093 136
1093 137
1093 138
1093 139
1093 140
1093 141
1093 142
1094 78
1094 79
1094 80
1094 81
1094 82
1094 83
1094 84
1094 132
1094 133
1094 134
1094 135
1094 136
1094 137
1094 138
1094 139
1094 140
1095 77
1095 78
1095 79
1095 80
1095 81
1095 82
1095 83
1095 131
1095 132
1095 133
1095 134
1095 135
1095 136
1095 137
1095 138
1095 139
1096 76
1096 77
1096 78
1096 79
1096 80
1096 81
1096 129
1096 130
1096 131
1096 132
1096 133
1096 134
1096 135
1096 136
1096 137
1096 138
1097 75
1097 76
1097 77
1097 78
1097 79
1097 80
1097 128
1097 129
1097 130
1097 131
1097 132
1097 133
1097 134
1097 135
1097 136
1097 137
1098 74
1098 75
1098 76
1098 77
1098 78
1098 127
1098 128
1098 129
1098 130
1098 131
1098 132
1098 133
1098 134
1098 135
1098 136
1099 73
1099 74
1099 75
1099 76
1099 125
1099 126
1099 127
1099 128
1099 129
1099 130
1099 131
1099 132
1099 133
1099 134
1100 73
1100 74
1100 124
1100 125
1100 126
1100 127
1100 128
1100 129
1100 130
1100 131
1100 132
1100 133
1101 123
1101 124
1101 125
1101 126
1101 127
1101 128
1101 129
1101 130
1101 131
1101 132
1102 121
1102 122
1102 123
1102 124
1102 125
1102 126
1102 127
1102 128
1102 129
1102 130
1102 131
1103 120
1103 121
1103 122
1103 123
1103 124
1103 125
1103 126
1103 127
1103 128
1103 129
1104 119
1104 120
1104 121
1104 122
1104 123
1104 124
1104 125
1104 126
1104 127
1104 128
1105 117
1105 118
1105 119
1105 120
1105 121
1105 122
1105 123
1105 124
1105 125
1105 126
1105 127
1106 116
1106 117
1106 118
1106 119
1106 120
1106 121
1106 122
1106 123
1106 124
1106 125
1106 126
1107 115
1107 116
1107 117
1107 118
1107 119
1107 120
1107 121
1107 122
1107 123
1107 124
1107 125
1108 113
1108 114
1108 115
1108 116
1108 117
1108 118
1108 119
1108 120
1108 121
1108 122
1108 123
1109 112
1109 113
1109 114
1109 115
1109 116
1109 117
1109 118
1109 119
1109 120
1109 121
1109 122
1110 111
1110 112
1110 113
1110 114
1110 115
1110 116
1110 117
1110 118
1110 119
1110 120
1110 121
1111 109
1111 110
1111 111
1111 112
1111 113
1111 114
1111 115
1111 116
1111 117
1111 118
1111 119
1112 108
1112 109
1112 110
1112 111
1112 112
1112 113
1112 114
1112 115
1112 116
1112 117
1112 118
1113 107
1113 108
1113 109
1113 110
1113 111
1113 112
1113 113
1113 114
1113 115
1113 116
1113 117
1114 106
1114 107
1114 108
1114 109
1114 110
1114 111
1114 112
1114 113
1114 114
1114 115
1114 116
1115 104
1115 105
1115 106
1115 107
1115 108
1115 109
1115 110
1115 111
1115 112
1115 113
1115 114
1116 103
1116 104
1116 105
1116 106
1116 107
1116 108
1116 109
1116 110
1116 111
1116 112
1116 113
1117 102
1117 103
1117 104
1117 105
1117 106
1117 107
1117 108
1117 109
1117 110
1117 111
1117 112
1118 101
1118 102
1118 103
1118 104
1118 105
1118 106
1118 107
1118 108
1118 109
1118 110
1118 111
1119 99
1119 100
1119 101
1119 102
1119 103
1119 104
1119 105
1119 106
1119 107
1119 108
1119 109
1120 98
1120 99
1120 100
1120 101
1120 102
1120 103
1120 104
1120 105
1120 106
1120 107
1120 108
1121 97
1121 98
1121 99
1121 100
1121 101
1121 102
1121 103
1121 104
1121 105
1121 106
1121 107
1122 96
1122 97
1122 98
1122 99
1122 100
1122 101
1122 102
1122 103
1122 104
1122 105
1123 94
1123 95
1123 96
1123 97
1123 98
1123 99
1123 100
1123 101
1123 102
1123 103
1123 104
1124 93
1124 94
1124 95
1124 96
1124 97
1124 98
1124 99
1124 100
1124 101
1124 102
1124 103
1125 92
1125 93
1125 94
1125 95
1125 96
1125 97
1125 98
1125 99
1125 100
1125 101
1126 91
1126 92
1126 93
1126 94
1126 95
1126 96
1126 97
1126 98
1126 99
1126 100
1127 90
1127 91
1127 92
1127 93
1127 94
1127 95
1127 96
1127 97
1127 98
1127 99
1128 89
1128 90
1128 91
1128 92
1128 93
1128 94
1128 95
1128 96
1128 97
1129 87
1129 88
1129 89
1129 90
1129 91
1129 92
1129 93
1129 94
1129 95
1129 96
1129 147
1129 148
1130 86
1130 87
1130 88
1130 89
1130 90
1130 91
1130 92
1130 93
1130 94
1130 95
1130 145
1130 146
1130 147
1131 85
1131 86
1131 87
1131 88
1131 89
1131 90
1131 91
1131 92
1131 93
1131 143
1131 144
1131 145
1131 146
1132 84
1132 85
1132 86
1132 87
1132 88
1132 89
1132 90
1132 91
1132 92
1132 141
1132 142
1132 143
1132 144
1132 145
1132 146
1133 83
1133 84
1133 85
1133 86
1133 87
1133 88
1133 89
1133 90
1133 140
1133 141
1133 142
1133 143
1133 144
1133 145
1134 82
1134 83
1134 84
1134 85
1134 86
1134 87
1134 88
1134 89
1134 138
1134 139
1134 140
1134 141
1134 142
1134 143
1134 144
1135 81
1135 82
1135 83
1135 84
1135 85
1135 86
1135 87
1135 88
1135 137
1135 138
1135 139
1135 140
1135 141
1135 142
1136 80
1136 81
1136 82
1136 83
1136 84
1136 85
1136 86
1136 135
1136 136
1136 137
1136 138
1136 139
1136 140
1136 141
1137 79
1137 80
1137 81
1137 82
1137 83
1137 84
1137 85
1137 134
1137 135
1137 136
1137 137
1137 138
1137 139
1137 140
1138 78
1138 79
1138 80
1138 81
1138 82
1138 83
1138 132
1138 133
1138 134
1138 135
1138 136
1138 137
1138 138
1138 139
1139 77
1139 78
1139 79
1139 80
1139 81
1139 82
1139 131
1139 132
1139 133
1139 134
1139 135
1139 136
1139 137
1139 138
1140 76
1140 77
1140 78
1140 79
1140 80
1140 129
1140 130
1140 131
1140 132
1140 133
1140 134
1140 135
1140 136
1140 137
1141 75
1141 76
1141 77
1141 78
1141 128
1141 129
1141 130
1141 131
1141 132
1141 133
1141 134
1141 135
1141 136
1142 74
1142 75
1142 76
1142 77
1142 126
1142 127
1142 128
1142 129
1142 130
1142 131
1142 132
1142 133
1142 134
1143 74
1143 125
1143 126
1143 127
1143 128
1143 129
1143 130
1143 131
1143 132
1143 133
1144 124
1144 125
1144 126
1144 127
1144 128
1144 129
1144 130
1144 131
1144 132
1145 122
1145 123
1145 124
1145 125
1145 126
1145 127
1145 128
1145 129
1145 130
1145 131
1146 121
1146 122
1146 123
1146 124
1146 125
1146 126
1146 127
1146 128
1146 129
1146 130
1147 120
1147 121
1147 122
1147 123
1147 124
1147 125
1147 126
1147 127
1147 128
1148 118
1148 119
1148 120
1148 121
1148 122
1148 123
1148 124
1148 125
1148 126
1148 127
1149 117
1149 118
1149 119
1149 120
1149 121
1149 122
1149 123
1149 124
1149 125
1149 126
1150 116
1150 117
1150 118
1150 119
1150 120
1150 121
1150 122
1150 123
1150 124
1150 125
1151 114
1151 115
1151 116
1151 117
1151 118
1151 119
1151 120
1151 121
1151 122
1151 123
1151 124
1152 113
1152 114
1152 115
1152 116
1152 117
1152 118
1152 119
1152 120
1152 121
1152 122
1153 112
1153 113
1153 114
1153 115
1153 116
1153 117
1153 118
1153 119
1153 120
1153 121
1154 110
1154 111
1154 112
1154 113
1154 114
1154 115
1154 116
1154 117
1154 118
1154 119
1154 120
1155 109
1155 110
1155 111
1155 112
1155 113
1155 114
1155 115
1155 116
1155 117
1155 118
1155 119
1156 108
1156 109
1156 110
1156 111
1156 112
1156 113
1156 114
1156 115
1156 116
1156 117
1157 107
1157 108
1157 109
1157 110
1157 111
1157 112
1157 113
1157 114
1157 115
1157 116
1158 105
1158 106
1158 107
1158 108
1158 109
1158 110
1158 111
1158 112
1158 113
1158 114
1158 115
1159 104
1159 105
1159 106
1159 107
1159 108
1159 109
1159 110
1159 111
1159 112
1159 113
1160 103
1160 104
1160 105
1160 106
1160 107
1160 108
1160 109
1160 110
1160 111
1160 112
1161 102
1161 103
1161 104
1161 105
1161 106
1161 107
1161 108
1161 109
1161 110
1161 111
1162 100
1162 101
1162 102
1162 103
1162 104
1162 105
1162 106
1162 107
1162 108
1162 109
1162 110
1163 99
1163 100
1163 101
1163 102
1163 103
1163 104
1163 105
1163 106
1163 107
1163 108
1164 98
1164 99
1164 100
1164 101
1164 102
1164 103
1164 104
1164 105
1164 106
1164 107
1165 97
1165 98
1165 99
1165 100
1165 101
1165 102
1165 103
1165 104
1165 105
1165 106
1166 95
1166 96
1166 97
1166 98
1166 99
1166 100
1166 101
1166 102
1166 103
1166 104
1167 94
1167 95
1167 96
1167 97
1167 98
1167 99
1167 100
1167 101
1167 102
1167 103
1168 93
1168 94
1168 95
1168 96
1168 97
1168 98
1168 99
1168 100
1168 101
1168 102
1169 92
1169 93
1169 94
1169 95
1169 96
1169 97
1169 98
1169 99
1169 100
1170 91
1170 92
1170 93
1170 94
1170 95
1170 96
1170 97
1170 98
1170 99
1171 90
1171 91
1171 92
1171 93
1171 94
1171 95
1171 96
1171 97
1171 98
1172 88
1172 89
1172 90
1172 91
1172 92
1172 93
1172 94
1172 95
1172 96
1173 87
1173 88
1173 89
1173 90
1173 91
1173 92
1173 93
1173 94
1173 95
1174 86
1174 87
1174 88
1174 89
1174 90
1174 91
1174 92
1174 93
1174 94
1175 85
1175 86
1175 87
1175 88
1175 89
1175 90
1175 91
1175 92
1176 84
1176 85
1176 86
1176 87
1176 88
1176 89
1176 90
1176 91
1176 143
1177 83
1177 84
1177 85
1177 86
1177 87
1177 88
1177 89
1177 90
1177 140
1177 141
1177 142
1178 82
1178 83
1178 84
1178 85
1178 86
1178 87
1178 88
1178 139
1178 140
1178 141
1178 142
1179 81
1179 82
1179 83
1179 84
1179 85
1179 86
1179 87
1179 137
1179 138
1179 139
1179 140
1179 141
1180 80
1180 81
1180 82
1180 83
1180 84
1180 85
1180 135
1180 136
1180 137
1180 138
1180 139
1180 140
1181 79
1181 80
1181 81
1181 82
1181 83
1181 84
1181 134
1181 135
1181 136
1181 137
1181 138
1181 139
1182 78
1182 79
1182 80
1182 81
1182 82
1182 132
1182 133
1182 134
1182 135
1182 136
1182 137
1182 138
1183 77
1183 78
1183 79
1183 80
1183 81
1183 131
1183 132
1183 133
1183 134
1183 135
1183 136
1183 137
1184 76
1184 77
1184 78
1184 79
1184 129
1184 130
1184 131
1184 132
1184 133
1184 134
1184 135
1185 76
1185 77
1185 128
1185 129
1185 130
1185 131
1185 132
1185 133
1185 134
1186 126
1186 127
1186 128
1186 129
1186 130
1186 131
1186 132
1186 133
1187 125
1187 126
1187 127
1187 128
1187 129
1187 130
1187 131
1187 132
1188 124
1188 125
1188 126
1188 127
1188 128
1188 129
1188 130
1188 131
1189 122
1189 123
1189 124
1189 125
1189 126
1189 127
1189 128
1189 129
1189 130
1190 121
1190 122
1190 123
1190 124
1190 125
1190 126
1190 127
1190 128
1191 119
1191 120
1191 121
1191 122
1191 123
1191 124
1191 125
1191 126
1191 127
1192 118
1192 119
1192 120
1192 121
1192 122
1192 123
1192 124
1192 125
1192 126
1193 117
1193 118
1193 119
1193 120
1193 121
1193 122
1193 123
1193 124
1193 125
1194 115
1194 116
1194 117
1194 118
1194 119
1194 120
1194 121
1194 122
1194 123
1194 124
1195 114
1195 115
1195 116
1195 117
1195 118
1195 119
1195 120
1195 121
1195 122
1196 113
1196 114
1196 115
1196 116
1196 117
1196 118
1196 119
1196 120
1196 121
1197 111
1197 112
1197 113
1197 114
1197 115
1197 116
1197 117
1197 118
1197 119
1197 120
1198 110
1198 111
1198 112
1198 113
1198 114
1198 115
1198 116
1198 117
1198 118
1198 119
1199 109
1199 110
1199 111
1199 112
1199 113
1199 114
1199 115
1199 116
1199 117
1199 118
1200 108
1200 109
1200 110
1200 111
1200 112
1200 113
1200 114
1200 115
1200 116
1201 106
1201 107
1201 108
1201 109
1201 110
1201 111
1201 112
1201 113
1201 114
1201 115
1202 105
1202 106
1202 107
1202 108
1202 109
1202 110
1202 111
1202 112
1202 113
1202 114
1203 104
1203 105
1203 106
1203 107
1203 108
1203 109
1203 110
1203 111
1203 112
1204 103
1204 104
1204 105
1204 106
1204 107
1204 108
1204 109
1204 110
1204 111
1205 101
1205 102
1205 103
1205 104
1205 105
1205 106
1205 107
1205 108
1205 109
1205 110
1206 100
1206 101
1206 102
1206 103
1206 104
1206 105
1206 106
1206 107
1206 108
1206 109
1207 99
1207 100
1207 101
1207 102
1207 103
1207 104
1207 105
1207 106
1207 107
1208 98
1208 99
1208 100
1208 101
1208 102
1208 103
1208 104
1208 105
1208 106
1209 97
1209 98
1209 99
1209 100
1209 101
1209 102
1209 103
1209 104
1209 105
1210 95
1210 96
1210 97
1210 98
1210 99
1210 100
1210 101
1210 102
1210 103
1211 94
1211 95
1211 96
1211 97
1211 98
1211 99
1211 100
1211 101
1211 102
1212 93
1212 94
1212 95
1212 96
1212 97
1212 98
1212 99
1212 100
1212 101
1213 92
1213 93
1213 94
1213 95
1213 96
1213 97
1213 98
1213 99
1213 100
1214 91
1214 92
1214 93
1214 94
1214 95
1214 96
1214 97
1214 98
1215 90
1215 91
1215 92
1215 93
1215 94
1215 95
1215 96
1215 97
1216 88
1216 89
1216 90
1216 91
1216 92
1216 93
1216 94
1216 95
1217 87
1217 88
1217 89
1217 90
1217 91
1217 92
1217 93
1217 94
1218 86
1218 87
1218 88
1218 89
1218 90
1218 91
1218 92
1218 93
1219 85
1219 86
1219 87
1219 88
1219 89
1219 90
1219 91
1220 84
1220 85
1220 86
1220 87
1220 88
1220 89
1220 90
1221 83
1221 84
1221 85
1221 86
1221 87
1221 88
1222 82
1222 83
1222 84
1222 85
1222 86
1222 87
1223 81
1223 82
1223 83
1223 84
1223 85
1224 80
1224 81
1224 82
1224 83
1224 84
1224 136
1224 137
1225 79
1225 80
1225 81
1225 82
1225 134
1225 135
1225 136
1226 79
1226 80
1226 81
1226 133
1226 134
1226 135
1226 136
1227 131
1227 132
1227 133
1227 134
1227 135
1228 129
1228 130
1228 131
1228 132
1228 133
1228 134
1229 128
1229 129
1229 130
1229 131
1229 132
1229 133
1230 126
1230 127
1230 128
1230 129
1230 130
1230 131
1230 132
1231 125
1231 126
1231 127
1231 128
1231 129
1231 130
1232 124
1232 125
1232 126
1232 127
1232 128
1232 129
1233 122
1233 123
1233 124
1233 125
1233 126
1233 127
1233 128
1234 121
1234 122
1234 123
1234 124
1234 125
1234 126
1234 127
1235 119
1235 120
1235 121
1235 122
1235 123
1235 124
1235 125
1235 126
1236 118
1236 119
1236 120
1236 121
1236 122
1236 123
1236 124
1236 125
1237 117
1237 118
1237 119
1237 120
1237 121
1237 122
1237 123
1237 124
1238 115
1238 116
1238 117
1238 118
1238 119
1238 120
1238 121
1238 122
1239 114
1239 115
1239 116
1239 117
1239 118
1239 119
1239 120
1239 121
1240 113
1240 114
1240 115
1240 116
1240 117
1240 118
1240 119
1240 120
1241 111
1241 112
1241 113
1241 114
1241 115
1241 116
1241 117
1241 118
1241 119
1242 110
1242 111
1242 112
1242 113
1242 114
1242 115
1242 116
1242 117
1242 118
1243 109
1243 110
1243 111
1243 112
1243 113
1243 114
1243 115
1243 116
1244 108
1244 109
1244 110
1244 111
1244 112
1244 113
1244 114
1244 115
1245 106
1245 107
1245 108
1245 109
1245 110
1245 111
1245 112
1245 113
1245 114
1246 105
1246 106
1246 107
1246 108
1246 109
1246 110
1246 111
1246 112
1246 113
1247 104
1247 105
1247 106
1247 107
1247 108
1247 109
1247 110
1247 111
1248 103
1248 104
1248 105
1248 106
1248 107
1248 108
1248 109
1248 110
1249 101
1249 102
1249 103
1249 104
1249 105
1249 106
1249 107
1249 108
1249 109
1250 100
1250 101
1250 102
1250 103
1250 104
1250 105
1250 106
1250 107
1250 108
1251 99
1251 100
1251 101
1251 102
1251 103
1251 104
1251 105
1251 106
1252 98
1252 99
1252 100
1252 101
1252 102
1252 103
1252 104
1252 105
1253 97
1253 98
1253 99
1253 100
1253 101
1253 102
1253 103
1253 104
1254 96
1254 97
1254 98
1254 99
1254 100
1254 101
1254 102
1255 94
1255 95
1255 96
1255 97
1255 98
1255 99
1255 100
1255 101
1256 93
1256 94
1256 95
1256 96
1256 97
1256 98
1256 99
1256 100
1257 92
1257 93
1257 94
1257 95
1257 96
1257 97
1257 98
1258 91
1258 92
1258 93
1258 94
1258 95
1258 96
1258 97
1259 90
1259 91
1259 92
1259 93
1259 94
1259 95
1259 96
1260 89
1260 90
1260 91
1260 92
1260 93
1260 94
1261 88
1261 89
1261 90
1261 91
1261 92
1261 93
1262 87
1262 88
1262 89
1262 90
1262 91
1263 86
1263 87
1263 88
1263 89
1263 90
1264 85
1264 86
1264 87
1264 88
1264 89
1265 84
1265 85
1265 86
1265 87
1266 83
1266 84
1266 85
1267 82
1267 83
1267 84
1273 129
1273 130
1274 127
1274 128
1274 129
1275 126
1275 127
1275 128
1276 124
1276 125
1276 126
1276 127
1277 123
1277 124
1277 125
1277 126
1278 121
1278 122
1278 123
1278 124
1278 125
1279 120
1279 121
1279 122
1279 123
1279 124
1280 118
1280 119
1280 120
1280 121
1280 122
1280 123
1281 117
1281 118
1281 119
1281 120
1281 121
1281 122
1282 116
1282 117
1282 118
1282 119
1282 120
1282 121
1283 114
1283 115
1283 116
1283 117
1283 118
1283 119
1283 120
1284 113
1284 114
1284 115
1284 116
1284 117
1284 118
1285 112
1285 113
1285 114
1285 115
1285 116
1285 117
1286 110
1286 111
1286 112
1286 113
1286 114
1286 115
1286 116
1287 109
1287 110
1287 111
1287 112
1287 113
1287 114
1287 115
1288 108
1288 109
1288 110
1288 111
1288 112
1288 113
1288 114
1289 107
1289 108
1289 109
1289 110
1289 111
1289 112
1290 105
1290 106
1290 107
1290 108
1290 109
1290 110
1290 111
1291 104
1291 105
1291 106
1291 107
1291 108
1291 109
1291 110
1292 103
1292 104
1292 105
1292 106
1292 107
1292 108
1292 109
1293 102
1293 103
1293 104
1293 105
1293 106
1293 107
1294 101
1294 102
1294 103
1294 104
1294 105
1294 106
1295 99
1295 100
1295 101
1295 102
1295 103
1295 104
1295 105
1296 98
1296 99
1296 100
1296 101
1296 102
1296 103
1296 104
1297 97
1297 98
1297 99
1297 100
1297 101
1297 102
1298 96
1298 97
1298 98
1298 99
1298 100
1298 101
1299 95
1299 96
1299 97
1299 98
1299 99
1299 100
1300 94
1300 95
1300 96
1300 97
1300 98
1301 93
1301 94
1301 95
1301 96
1301 97
1302 92
1302 93
1302 94
1302 95
1303 91
1303 92
1303 93
1303 94
1304 90
1304 91
1304 92
1304 93
1305 89
1305 90
1305 91
1306 88
1306 89
1325 119
1326 117
1326 118
1327 116
1327 117
1328 114
1328 115
1328 116
1329 113
1329 114
1329 115
1330 111
1330 112
1330 113
1330 114
1331 110
1331 111
1331 112
1331 113
1332 109
1332 110
1332 111
1332 112
1333 108
1333 109
1333 110
1334 106
1334 107
1334 108
1334 109
1335 105
1335 106
1335 107
1335 108
1336 104
1336 105
1336 106
1336 107
1337 103
1337 104
1337 105
1338 102
1338 103
1338 104
1339 101
1339 102
1339 103
1340 99
1340 100
1340 101
1341 98
1341 99
1341 100
1342 97
1342 98
1342 99
1343 97
2813 118
2814 116
2814 117
2815 114
2815 115
2815 116
2816 113
2816 114
2816 115
2817 111
2817 112
2817 113
2817 114
2818 110
2818 111
2818 112
2818 113
2819 109
2819 110
2819 111
2819 112
2820 107
2820 108
2820 109
2820 110
2820 111
2821 106
2821 107
2821 108
2821 109
2821 110
2822 105
2822 106
2822 107
2822 108
2822 109
2823 103
2823 104
2823 105
2823 106
2823 107
2823 108
2824 102
2824 103
2824 104
2824 105
2824 106
2824 107
2825 101
2825 102
2825 103
2825 104
2825 105
2826 99
2826 100
2826 101
2826 102
2826 103
2826 104
2827 98
2827 99
2827 100
2827 101
2827 102
2827 103
2828 97
2828 98
2828 99
2828 100
2828 101
2828 102
2829 95
2829 96
2829 97
2829 98
2829 99
2829 100
2829 101
2830 94
2830 95
2830 96
2830 97
2830 98
2830 99
2831 93
2831 94
2831 95
2831 96
2831 97
2831 98
2832 92
2832 93
2832 94
2832 95
2832 96
2832 97
2833 90
2833 91
2833 92
2833 93
2833 94
2833 95
2833 96
2834 89
2834 90
2834 91
2834 92
2834 93
2834 94
2834 95
2835 88
2835 89
2835 90
2835 91
2835 92
2835 93
2836 87
2836 88
2836 89
2836 90
2836 91
2836 92
2837 85
2837 86
2837 87
2837 88
2837 89
2837 90
2837 91
2838 84
2838 85
2838 86
2838 87
2838 88
2838 89
2839 83
2839 84
2839 85
2839 86
2839 87
2839 88
2840 82
2840 83
2840 84
2840 85
2840 86
2840 87
2841 81
2841 82
2841 83
2841 84
2841 85
2842 79
2842 80
2842 81
2842 82
2842 83
2842 84
2843 78
2843 79
2843 80
2843 81
2843 82
2843 83
2844 77
2844 78
2844 79
2844 80
2844 81
2845 76
2845 77
2845 78
2845 79
2845 80
2846 75
2846 76
2846 77
2846 78
2846 79
2847 74
2847 75
2847 76
2847 77
2847 130
2848 73
2848 74
2848 75
2848 76
2848 128
2848 129
2848 130
2849 72
2849 73
2849 74
2849 126
2849 127
2849 128
2849 129
2850 71
2850 72
2850 73
2850 125
2850 126
2850 127
2850 128
2851 70
2851 71
2851 123
2851 124
2851 125
2851 126
2851 127
2852 69
2852 70
2852 122
2852 123
2852 124
2852 125
2852 126
2853 120
2853 121
2853 122
2853 123
2853 124
2853 125
2854 119
2854 120
2854 121
2854 122
2854 123
2854 124
2855 117
2855 118
2855 119
2855 120
2855 121
2855 122
2855 123
2856 116
2856 117
2856 118
2856 119
2856 120
2856 121
2856 122
2857 115
2857 116
2857 117
2857 118
2857 119
2857 120
2857 121
2858 113
2858 114
2858 115
2858 116
2858 117
2858 118
2858 119
2858 120
2859 112
2859 113
2859 114
2859 115
2859 116
2859 117
2859 118
2860 111
2860 112
2860 113
2860 114
2860 115
2860 116
2860 117
2861 109
2861 110
2861 111
2861 112
2861 113
2861 114
2861 115
2861 116
2862 108
2862 109
2862 110
2862 111
2862 112
2862 113
2862 114
2862 115
2863 107
2863 108
2863 109
2863 110
2863 111
2863 112
2863 113
2863 114
2864 105
2864 106
2864 107
2864 108
2864 109
2864 110
2864 111
2864 112
2864 113
2865 104
2865 105
2865 106
2865 107
2865 108
2865 109
2865 110
2865 111
2866 103
2866 104
2866 105
2866 106
2866 107
2866 108
2866 109
2866 110
2867 101
2867 102
2867 103
2867 104
2867 105
2867 106
2867 107
2867 108
2867 109
2868 100
2868 101
2868 102
2868 103
2868 104
2868 105
2868 106
2868 107
2868 108
2869 99
2869 100
2869 101
2869 102
2869 103
2869 104
2869 105
2869 106
2869 107
2870 98
2870 99
2870 100
2870 101
2870 102
2870 103
2870 104
2870 105
2871 96
2871 97
2871 98
2871 99
2871 100
2871 101
2871 102
2871 103
2871 104
2872 95
2872 96
2872 97
2872 98
2872 99
2872 100
2872 101
2872 102
2872 103
2873 94
2873 95
2873 96
2873 97
2873 98
2873 99
2873 100
2873 101
2873 102
2874 92
2874 93
2874 94
2874 95
2874 96
2874 97
2874 98
2874 99
2874 100
2875 91
2875 92
2875 93
2875 94
2875 95
2875 96
2875 97
2875 98
2875 99
2876 90
2876 91
2876 92
2876 93
2876 94
2876 95
2876 96
2876 97
2876 98
2877 89
2877 90
2877 91
2877 92
2877 93
2877 94
2877 95
2877 96
2877 97
2878 87
2878 88
2878 89
2878 90
2878 91
2878 92
2878 93
2878 94
2878 95
2879 86
2879 87
2879 88
2879 89
2879 90
2879 91
2879 92
2879 93
2879 94
2880 85
2880 86
2880 87
2880 88
2880 89
2880 90
2880 91
2880 92
2880 93
2881 84
2881 85
2881 86
2881 87
2881 88
2881 89
2881 90
2881 91
2881 92
2882 83
2882 84
2882 85
2882 86
2882 87
2882 88
2882 89
2882 90
2883 81
2883 82
2883 83
2883 84
2883 85
2883 86
2883 87
2883 88
2883 89
2884 80
2884 81
2884 82
2884 83
2884 84
2884 85
2884 86
2884 87
2884 88
2884 138
2884 139
2885 79
2885 80
2885 81
2885 82
2885 83
2885 84
2885 85
2885 86
2885 136
2885 137
2885 138
2886 78
2886 79
2886 80
2886 81
2886 82
2886 83
2886 84
2886 85
2886 134
2886 135
2886 136
2886 137
2886 138
2887 76
2887 77
2887 78
2887 79
2887 80
2887 81
2887 82
2887 83
2887 84
2887 133
2887 134
2887 135
2887 136
2887 137
2888 75
2888 76
2888 77
2888 78
2888 79
2888 80
2888 81
2888 82
2888 131
2888 132
2888 133
2888 134
2888 135
2888 136
2889 74
2889 75
2889 76
2889 77
2889 78
2889 79
2889 80
2889 81
2889 130
2889 131
2889 132
2889 133
2889 134
2889 135
2890 73
2890 74
2890 75
2890 76
2890 77
2890 78
2890 79
2890 80
2890 128
2890 129
2890 130
2890 131
2890 132
2890 133
2890 134
2891 72
2891 73
2891 74
2891 75
2891 76
2891 77
2891 78
2891 127
2891 128
2891 129
2891 130
2891 131
2891 132
2891 133
2892 71
2892 72
2892 73
2892 74
2892 75
2892 76
2892 77
2892 125
2892 126
2892 127
2892 128
2892 129
2892 130
2892 131
2892 132
2893 69
2893 70
2893 71
2893 72
2893 73
2893 74
2893 75
2893 76
2893 124
2893 125
2893 126
2893 127
2893 128
2893 129
2893 130
2893 131
2894 68
2894 69
2894 70
2894 71
2894 72
2894 73
2894 74
2894 123
2894 124
2894 125
2894 126
2894 127
2894 128
2894 129
2894 130
2895 67
2895 68
2895 69
2895 70
2895 71
2895 72
2895 73
2895 121
2895 122
2895 123
2895 124
2895 125
2895 126
2895 127
2895 128
2895 129
2896 66
2896 67
2896 68
2896 69
2896 70
2896 71
2896 120
2896 121
2896 122
2896 123
2896 124
2896 125
2896 126
2896 127
2897 65
2897 66
2897 67
2897 68
2897 69
2897 70
2897 118
2897 119
2897 120
2897 121
2897 122
2897 123
2897 124
2897 125
2897 126
2898 64
2898 65
2898 66
2898 67
2898 68
2898 117
2898 118
2898 119
2898 120
2898 121
2898 122
2898 123
2898 124
2898 125
2899 63
2899 64
2899 65
2899 66
2899 67
2899 116
2899 117
2899 118
2899 119
2899 120
2899 121
2899 122
2899 123
2899 124
2900 62
2900 63
2900 64
2900 65
2900 114
2900 115
2900 116
2900 117
2900 118
2900 119
2900 120
2900 121
2900 122
2900 123
2901 61
2901 62
2901 63
2901 64
2901 113
2901 114
2901 115
2901 116
2901 117
2901 118
2901 119
2901 120
2901 121
2901 122
2902 60
2902 61
2902 62
2902 112
2902 113
2902 114
2902 115
2902 116
2902 117
2902 118
2902 119
2902 120
2902 121
2903 59
2903 60
2903 110
2903 111
2903 112
2903 113
2903 114
2903 115
2903 116
2903 117
2903 118
2903 119
2904 109
2904 110
2904 111
2904 112
2904 113
2904 114
2904 115
2904 116
2904 117
2904 118
2905 108
2905 109
2905 110
2905 111
2905 112
2905 113
2905 114
2905 115
2905 116
2905 117
2906 107
2906 108
2906 109
2906 110
2906 111
2906 112
2906 113
2906 114
2906 115
2906 116
2907 105
2907 106
2907 107
2907 108
2907 109
2907 110
2907 111
2907 112
2907 113
2907 114
2907 115
2908 104
2908 105
2908 106
2908 107
2908 108
2908 109
2908 110
2908 111
2908 112
2908 113
2909 103
2909 104
2909 105
2909 106
2909 107
2909 108
2909 109
2909 110
2909 111
2909 112
2910 101
2910 102
2910 103
2910 104
2910 105
2910 106
2910 107
2910 108
2910 109
2910 110
2910 111
2911 100
2911 101
2911 102
2911 103
2911 104
2911 105
2911 106
2911 107
2911 108
2911 109
2911 110
2912 99
2912 100
2912 101
2912 102
2912 103
2912 104
2912 105
2912 106
2912 107
2912 108
2912 109
2913 98
2913 99
2913 100
2913 101
2913 102
2913 103
2913 104
2913 105
2913 106
2913 107
2914 96
2914 97
2914 98
2914 99
2914 100
2914 101
2914 102
2914 103
2914 104
2914 105
2914 106
2915 95
2915 96
2915 97
2915 98
2915 99
2915 100
2915 101
2915 102
2915 103
2915 104
2915 105
2916 94
2916 95
2916 96
2916 97
2916 98
2916 99
2916 100
2916 101
2916 102
2916 103
2916 104
2917 92
2917 93
2917 94
2917 95
2917 96
2917 97
2917 98
2917 99
2917 100
2917 101
2917 102
2918 91
2918 92
2918 93
2918 94
2918 95
2918 96
2918 97
2918 98
2918 99
2918 100
2918 101
2919 90
2919 91
2919 92
2919 93
2919 94
2919 95
2919 96
2919 97
2919 98
2919 99
2919 100
2920 89
2920 90
2920 91
2920 92
2920 93
2920 94
2920 95
2920 96
2920 97
2920 98
2920 99
2921 87
2921 88
2921 89
2921 90
2921 91
2921 92
2921 93
2921 94
2921 95
2921 96
2921 97
2922 86
2922 87
2922 88
2922 89
2922 90
2922 91
2922 92
2922 93
2922 94
2922 95
2922 96
2923 85
2923 86
2923 87
2923 88
2923 89
2923 90
2923 91
2923 92
2923 93
2923 94
2923 95
2923 144
2923 145
2923 146
2924 84
2924 85
2924 86
2924 87
2924 88
2924 89
2924 90
2924 91
2924 92
2924 93
2924 142
2924 143
2924 144
2924 145
2925 83
2925 84
2925 85
2925 86
2925 87
2925 88
2925 89
2925 90
2925 91
2925 92
2925 140
2925 141
2925 142
2925 143
2925 144
2926 81
2926 82
2926 83
2926 84
2926 85
2926 86
2926 87
2926 88
2926 89
2926 90
2926 91
2926 139
2926 140
2926 141
2926 142
2926 143
2927 80
2927 81
2927 82
2927 83
2927 84
2927 85
2927 86
2927 87
2927 88
2927 89
2927 137
2927 138
2927 139
2927 140
2927 141
2927 142
2928 79
2928 80
2928 81
2928 82
2928 83
2928 84
2928 85
2928 86
2928 87
2928 88
2928 135
2928 136
2928 137
2928 138
2928 139
2928 140
2928 141
2929 78
2929 79
2929 80
2929 81
2929 82
2929 83
2929 84
2929 85
2929 86
2929 87
2929 134
2929 135
2929 136
2929 137
2929 138
2929 139
2929 140
2930 76
2930 77
2930 78
2930 79
2930 80
2930 81
2930 82
2930 83
2930 84
2930 85
2930 133
2930 134
2930 135
2930 136
2930 137
2930 138
2930 139
2931 75
2931 76
2931 77
2931 78
2931 79
2931 80
2931 81
2931 82
2931 83
2931 84
2931 131
2931 132
2931 133
2931 134
2931 135
2931 136
2931 137
2931 138
2932 74
2932 75
2932 76
2932 77
2932 78
2932 79
2932 80
2932 81
2932 82
2932 83
2932 130
2932 131
2932 132
2932 133
2932 134
2932 135
2932 136
2932 137
2933 73
2933 74
2933 75
2933 76
2933 77
2933 78
2933 79
2933 80
2933 81
2933 128
2933 129
2933 130
2933 131
2933 132
2933 133
2933 134
2933 135
2933 136
2934 71
2934 72
2934 73
2934 74
2934 75
2934 76
2934 77
2934 78
2934 79
2934 80
2934 127
2934 128
2934 129
2934 130
2934 131
2934 132
2934 133
2934 134
2934 135
2935 70
2935 71
2935 72
2935 73
2935 74
2935 75
2935 76
2935 77
2935 78
2935 79
2935 125
2935 126
2935 127
2935 128
2935 129
2935 130
2935 131
2935 132
2935 133
2935 134
2936 69
2936 70
2936 71
2936 72
2936 73
2936 74
2936 75
2936 76
2936 77
2936 124
2936 125
2936 126
2936 127
2936 128
2936 129
2936 130
2936 131
2936 132
2936 133
2937 68
2937 69
2937 70
2937 71
2937 72
2937 73
2937 74
2937 75
2937 76
2937 123
2937 124
2937 125
2937 126
2937 127
2937 128
2937 129
2937 130
2937 131
2937 132
2938 67
2938 68
2938 69
2938 70
2938 71
2938 72
2938 73
2938 74
2938 75
2938 121
2938 122
2938 123
2938 124
2938 125
2938 126
2938 127
2938 128
2938 129
2938 130
2938 131
2939 66
2939 67
2939 68
2939 69
2939 70
2939 71
2939 72
2939 73
2939 120
2939 121
2939 122
2939 123
2939 124
2939 125
2939 126
2939 127
2939 128
2939 129
2940 64
2940 65
2940 66
2940 67
2940 68
2940 69
2940 70
2940 71
2940 72
2940 119
2940 120
2940 121
2940 122
2940 123
2940 124
2940 125
2940 126
2940 127
2940 128
2941 63
2941 64
2941 65
2941 66
2941 67
2941 68
2941 69
2941 70
2941 117
2941 118
2941 119
2941 120
2941 121
2941 122
2941 123
2941 124
2941 125
2941 126
2941 127
2942 62
2942 63
2942 64
2942 65
2942 66
2942 67
2942 68
2942 69
2942 116
2942 117
2942 118
2942 119
2942 120
2942 121
2942 122
2942 123
2942 124
2942 125
2942 126
2943 61
2943 62
2943 63
2943 64
2943 65
2943 66
2943 67
2943 115
2943 116
2943 117
2943 118
2943 119
2943 120
2943 121
2943 122
2943 123
2943 124
2943 125
2944 60
2944 61
2944 62
2944 63
2944 64
2944 65
2944 66
2944 113
2944 114
2944 115
2944 116
2944 117
2944 118
2944 119
2944 120
2944 121
2944 122
2944 123
2944 124
2945 59
2945 60
2945 61
2945 62
2945 63
2945 64
2945 112
2945 113
2945 114
2945 115
2945 116
2945 117
2945 118
2945 119
2945 120
2945 121
2945 122
2946 57
2946 58
2946 59
2946 60
2946 61
2946 62
2946 63
2946 111
2946 112
2946 113
2946 114
2946 115
2946 116
2946 117
2946 118
2946 119
2946 120
2946 121
2947 56
2947 57
2947 58
2947 59
2947 60
2947 61
2947 109
2947 110
2947 111
2947 112
2947 113
2947 114
2947 115
2947 116
2947 117
2947 118
2947 119
2947 120
2948 55
2948 56
2948 57
2948 58
2948 59
2948 60
2948 108
2948 109
2948 110
2948 111
2948 112
2948 113
2948 114
2948 115
2948 116
2948 117
2948 118
2948 119
2949 54
2949 55
2949 56
2949 57
2949 58
2949 107
2949 108
2949 109
2949 110
2949 111
2949 112
2949 113
2949 114
2949 115
2949 116
2949 117
2949 118
2950 53
2950 54
2950 55
2950 56
2950 106
2950 107
2950 108
2950 109
2950 110
2950 111
2950 112
2950 113
2950 114
2950 115
2950 116
2951 52
2951 53
2951 54
2951 55
2951 104
2951 105
2951 106
2951 107
2951 108
2951 109
2951 110
2951 111
2951 112
2951 113
2951 114
2951 115
2952 52
2952 53
2952 103
2952 104
2952 105
2952 106
2952 107
2952 108
2952 109
2952 110
2952 111
2952 112
2952 113
2952 114
2953 102
2953 103
2953 104
2953 105
2953 106
2953 107
2953 108
2953 109
2953 110
2953 111
2953 112
2953 113
2954 100
2954 101
2954 102
2954 103
2954 104
2954 105
2954 106
2954 107
2954 108
2954 109
2954 110
2954 111
2955 99
2955 100
2955 101
2955 102
2955 103
2955 104
2955 105
2955 106
2955 107
2955 108
2955 109
2955 110
2956 98
2956 99
2956 100
2956 101
2956 102
2956 103
2956 104
2956 105
2956 106
2956 107
2956 108
2956 109
2957 97
2957 98
2957 99
2957 100
2957 101
2957 102
2957 103
2957 104
2957 105
2957 106
2957 107
2957 108
2958 95
2958 96
2958 97
2958 98
2958 99
2958 100
2958 101
2958 102
2958 103
2958 104
2958 105
2958 106
2959 94
2959 95
2959 96
2959 97
2959 98
2959 99
2959 100
2959 101
2959 102
2959 103
2959 104
2959 105
2960 93
2960 94
2960 95
2960 96
2960 97
2960 98
2960 99
2960 100
2960 101
2960 102
2960 103
2960 104
2961 92
2961 93
2961 94
2961 95
2961 96
2961 97
2961 98
2961 99
2961 100
2961 101
2961 102
2961 103
2962 90
2962 91
2962 92
2962 93
2962 94
2962 95
2962 96
2962 97
2962 98
2962 99
2962 100
2962 101
2962 150
2962 151
2962 152
2963 89
2963 90
2963 91
2963 92
2963 93
2963 94
2963 95
2963 96
2963 97
2963 98
2963 99
2963 100
2963 148
2963 149
2963 150
2963 151
2964 88
2964 89
2964 90
2964 91
2964 92
2964 93
2964 94
2964 95
2964 96
2964 97
2964 98
2964 99
2964 146
2964 147
2964 148
2964 149
2964 150
2965 86
2965 87
2965 88
2965 89
2965 90
2965 91
2965 92
2965 93
2965 94
2965 95
2965 96
2965 97
2965 98
2965 145
2965 146
2965 147
2965 148
2965 149
2965 150
2966 85
2966 86
2966 87
2966 88
2966 89
2966 90
2966 91
2966 92
2966 93
2966 94
2966 95
2966 96
2966 143
2966 144
2966 145
2966 146
2966 147
2966 148
2966 149
2967 84
2967 85
2967 86
2967 87
2967 88
2967 89
2967 90
2967 91
2967 92
2967 93
2967 94
2967 95
2967 142
2967 143
2967 144
2967 145
2967 146
2967 147
2967 148
2968 83
2968 84
2968 85
2968 86
2968 87
2968 88
2968 89
2968 90
2968 91
2968 92
2968 93
2968 94
2968 140
2968 141
2968 142
2968 143
2968 144
2968 145
2968 146
2968 147
2969 81
2969 82
2969 83
2969 84
2969 85
2969 86
2969 87
2969 88
2969 89
2969 90
2969 91
2969 92
2969 139
2969 140
2969 141
2969 142
2969 143
2969 144
2969 145
2969 146
2970 80
2970 81
2970 82
2970 83
2970 84
2970 85
2970 86
2970 87
2970 88
2970 89
2970 90
2970 91
2970 137
2970 138
2970 139
2970 140
2970 141
2970 142
2970 143
2970 144
2970 145
2971 79
2971 80
2971 81
2971 82
2971 83
2971 84
2971 85
2971 86
2971 87
2971 88
2971 89
2971 90
2971 136
2971 137
2971 138
2971 139
2971 140
2971 141
2971 142
2971 143
2971 144
2972 78
2972 79
2972 80
2972 81
2972 82
2972 83
2972 84
2972 85
2972 86
2972 87
2972 88
2972 134
2972 135
2972 136
2972 137
2972 138
2972 139
2972 140
2972 141
2972 142
2972 143
2973 77
2973 78
2973 79
2973 80
2973 81
2973 82
2973 83
2973 84
2973 85
2973 86
2973 87
2973 133
2973 134
2973 135
2973 136
2973 137
2973 138
2973 139
2973 140
2973 141
2974 75
2974 76
2974 77
2974 78
2974 79
2974 80
2974 81
2974 82
2974 83
2974 84
2974 85
2974 86
2974 131
2974 132
2974 133
2974 134
2974 135
2974 136
2974 137
2974 138
2974 139
2974 140
2975 74
2975 75
2975 76
2975 77
2975 78
2975 79
2975 80
2975 81
2975 82
2975 83
2975 84
2975 130
2975 131
2975 132
2975 133
2975 134
2975 135
2975 136
2975 137
2975 138
2975 139
2976 73
2976 74
2976 75
2976 76
2976 77
2976 78
2976 79
2976 80
2976 81
2976 82
2976 83
2976 129
2976 130
2976 131
2976 132
2976 133
2976 134
2976 135
2976 136
2976 137
2976 138
2977 72
2977 73
2977 74
2977 75
2977 76
2977 77
2977 78
2977 79
2977 80
2977 81
2977 82
2977 127
2977 128
2977 129
2977 130
2977 131
2977 132
2977 133
2977 134
2977 135
2977 136
2977 137
2978 70
2978 71
2978 72
2978 73
2978 74
2978 75
2978 76
2978 77
2978 78
2978 79
2978 80
2978 126
2978 127
2978 128
2978 129
2978 130
2978 131
2978 132
2978 133
2978 134
2978 135
2978 136
2979 69
2979 70
2979 71
2979 72
2979 73
2979 74
2979 75
2979 76
2979 77
2979 78
2979 79
2979 124
2979 125
2979 126
2979 127
2979 128
2979 129
2979 130
2979 131
2979 132
2979 133
2979 134
2979 135
2980 68
2980 69
2980 70
2980 71
2980 72
2980 73
2980 74
2980 75
2980 76
2980 77
2980 78
2980 123
2980 124
2980 125
2980 126
2980 127
2980 128
2980 129
2980 130
2980 131
2980 132
2980 133
2981 67
2981 68
2981 69
2981 70
2981 71
2981 72
2981 73
2981 74
2981 75
2981 76
2981 122
2981 123
2981 124
2981 125
2981 126
2981 127
2981 128
2981 129
2981 130
2981 131
2981 132
2982 66
2982 67
2982 68
2982 69
2982 70
2982 71
2982 72
2982 73
2982 74
2982 75
2982 120
2982 121
2982 122
2982 123
2982 124
2982 125
2982 126
2982 127
2982 128
2982 129
2982 130
2982 131
2983 64
2983 65
2983 66
2983 67
2983 68
2983 69
2983 70
2983 71
2983 72
2983 73
2983 119
2983 120
2983 121
2983 122
2983 123
2983 124
2983 125
2983 126
2983 127
2983 128
2983 129
2983 130
2984 63
2984 64
2984 65
2984 66
2984 67
2984 68
2984 69
2984 70
2984 71
2984 72
2984 118
2984 119
2984 120
2984 121
2984 122
2984 123
2984 124
2984 125
2984 126
2984 127
2984 128
2984 129
2985 62
2985 63
2985 64
2985 65
2985 66
2985 67
2985 68
2985 69
2985 70
2985 116
2985 117
2985 118
2985 119
2985 120
2985 121
2985 122
2985 123
2985 124
2985 125
2985 126
2985 127
2985 128
2986 61
2986 62
2986 63
2986 64
2986 65
2986 66
2986 67
2986 68
2986 69
2986 115
2986 116
2986 117
2986 118
2986 119
2986 120
2986 121
2986 122
2986 123
2986 124
2986 125
2986 126
2987 60
2987 61
2987 62
2987 63
2987 64
2987 65
2987 66
2987 67
2987 68
2987 114
2987 115
2987 116
2987 117
2987 118
2987 119
2987 120
2987 121
2987 122
2987 123
2987 124
2987 125
2988 58
2988 59
2988 60
2988 61
2988 62
2988 63
2988 64
2988 65
2988 66
2988 112
2988 113
2988 114
2988 115
2988 116
2988 117
2988 118
2988 119
2988 120
2988 121
2988 122
2988 123
2988 124
2989 57
2989 58
2989 59
2989 60
2989 61
2989 62
2989 63
2989 64
2989 65
2989 111
2989 112
2989 113
2989 114
2989 115
2989 116
2989 117
2989 118
2989 119
2989 120
2989 121
2989 122
2989 123
2990 56
2990 57
2990 58
2990 59
2990 60
2990 61
2990 62
2990 63
2990 110
2990 111
2990 112
2990 113
2990 114
2990 115
2990 116
2990 117
2990 118
2990 119
2990 120
2990 121
2990 122
2991 55
2991 56
2991 57
2991 58
2991 59
2991 60
2991 61
2991 62
2991 109
2991 110
2991 111
2991 112
2991 113
2991 114
2991 115
2991 116
2991 117
2991 118
2991 119
2991 120
2992 54
2992 55
2992 56
2992 57
2992 58
2992 59
2992 60
2992 107
2992 108
2992 109
2992 110
2992 111
2992 112
2992 113
2992 114
2992 115
2992 116
2992 117
2992 118
2992 119
2993 53
2993 54
2993 55
2993 56
2993 57
2993 58
2993 59
2993 106
2993 107
2993 108
2993 109
2993 110
2993 111
2993 112
2993 113
2993 114
2993 115
2993 116
2993 117
2993 118
2994 52
2994 53
2994 54
2994 55
2994 56
2994 57
2994 105
2994 106
2994 107
2994 108
2994 109
2994 110
2994 111
2994 112
2994 113
2994 114
2994 115
2994 116
2994 117
2995 50
2995 51
2995 52
2995 53
2995 54
2995 55
2995 103
2995 104
2995 105
2995 106
2995 107
2995 108
2995 109
2995 110
2995 111
2995 112
2995 113
2995 114
2995 115
2996 49
2996 50
2996 51
2996 52
2996 53
2996 54
2996 102
2996 103
2996 104
2996 105
2996 106
2996 107
2996 108
2996 109
2996 110
2996 111
2996 112
2996 113
2996 114
2997 48
2997 49
2997 50
2997 51
2997 52
2997 101
2997 102
2997 103
2997 104
2997 105
2997 106
2997 107
2997 108
2997 109
2997 110
2997 111
2997 112
2997 113
2998 47
2998 48
2998 49
2998 50
2998 100
2998 101
2998 102
2998 103
2998 104
2998 105
2998 106
2998 107
2998 108
2998 109
2998 110
2998 111
2998 112
2999 47
2999 48
2999 98
2999 99
2999 100
2999 101
2999 102
2999 103
2999 104
2999 105
2999 106
2999 107
2999 108
2999 109
2999 110
3000 97
3000 98
3000 99
3000 100
3000 101
3000 102
3000 103
3000 104
3000 105
3000 106
3000 107
3000 108
3000 109
3001 96
3001 97
3001 98
3001 99
3001 100
3001 101
3001 102
3001 103
3001 104
3001 105
3001 106
3001 107
3001 108
3002 94
3002 95
3002 96
3002 97
3002 98
3002 99
3002 100
3002 101
3002 102
3002 103
3002 104
3002 105
3002 106
3002 107
3002 156
3003 93
3003 94
3003 95
3003 96
3003 97
3003 98
3003 99
3003 100
3003 101
3003 102
3003 103
3003 104
3003 105
3003 153
3003 154
3003 155
3003 156
3004 92
3004 93
3004 94
3004 95
3004 96
3004 97
3004 98
3004 99
3004 100
3004 101
3004 102
3004 103
3004 104
3004 151
3004 152
3004 153
3004 154
3004 155
3005 91
3005 92
3005 93
3005 94
3005 95
3005 96
3005 97
3005 98
3005 99
3005 100
3005 101
3005 102
3005 103
3005 150
3005 151
3005 152
3005 153
3005 154
3005 155
3006 89
3006 90
3006 91
3006 92
3006 93
3006 94
3006 95
3006 96
3006 97
3006 98
3006 99
3006 100
3006 101
3006 102
3006 148
3006 149
3006 150
3006 151
3006 152
3006 153
3006 154
3007 88
3007 89
3007 90
3007 91
3007 92
3007 93
3007 94
3007 95
3007 96
3007 97
3007 98
3007 99
3007 100
3007 146
3007 147
3007 148
3007 149
3007 150
3007 151
3007 152
3007 153
3008 87
3008 88
3008 89
3008 90
3008 91
3008 92
3008 93
3008 94
3008 95
3008 96
3008 97
3008 98
3008 99
3008 145
3008 146
3008 147
3008 148
3008 149
3008 150
3008 151
3008 152
3009 86
3009 87
3009 88
3009 89
3009 90
3009 91
3009 92
3009 93
3009 94
3009 95
3009 96
3009 97
3009 98
3009 143
3009 144
3009 145
3009 146
3009 147
3009 148
3009 149
3009 150
3009 151
3010 84
3010 85
3010 86
3010 87
3010 88
3010 89
3010 90
3010 91
3010 92
3010 93
3010 94
3010 95
3010 96
3010 142
3010 143
3010 144
3010 145
3010 146
3010 147
3010 148
3010 149
3010 150
3011 83
3011 84
3011 85
3011 86
3011 87
3011 88
3011 89
3011 90
3011 91
3011 92
3011 93
3011 94
3011 95
3011 140
3011 141
3011 142
3011 143
3011 144
3011 145
3011 146
3011 147
3011 148
3011 149
3012 82
3012 83
3012 84
3012 85
3012 86
3012 87
3012 88
3012 89
3012 90
3012 91
3012 92
3012 93
3012 94
3012 139
3012 140
3012 141
3012 142
3012 143
3012 144
3012 145
3012 146
3012 147
3012 148
3013 81
3013 82
3013 83
3013 84
3013 85
3013 86
3013 87
3013 88
3013 89
3013 90
3013 91
3013 92
3013 137
3013 138
3013 139
3013 140
3013 141
3013 142
3013 143
3013 144
3013 145
3013 146
3014 79
3014 80
3014 81
3014 82
3014 83
3014 84
3014 85
3014 86
3014 87
3014 88
3014 89
3014 90
3014 91
3014 136
3014 137
3014 138
3014 139
3014 140
3014 141
3014 142
3014 143
3014 144
3014 145
3015 78
3015 79
3015 80
3015 81
3015 82
3015 83
3015 84
3015 85
3015 86
3015 87
3015 88
3015 89
3015 90
3015 135
3015 136
3015 137
3015 138
3015 139
3015 140
3015 141
3015 142
3015 143
3015 144
3016 77
3016 78
3016 79
3016 80
3016 81
3016 82
3016 83
3016 84
3016 85
3016 86
3016 87
3016 88
3016 133
3016 134
3016 135
3016 136
3016 137
3016 138
3016 139
3016 140
3016 141
3016 142
3016 143
3017 76
3017 77
3017 78
3017 79
3017 80
3017 81
3017 82
3017 83
3017 84
3017 85
3017 86
3017 87
3017 132
3017 133
3017 134
3017 135
3017 136
3017 137
3017 138
3017 139
3017 140
3017 141
3017 142
3018 74
3018 75
3018 76
3018 77
3018 78
3018 79
3018 80
3018 81
3018 82
3018 83
3018 84
3018 85
3018 86
3018 130
3018 131
3018 132
3018 133
3018 134
3018 135
3018 136
3018 137
3018 138
3018 139
3018 140
3018 141
3019 73
3019 74
3019 75
3019 76
3019 77
3019 78
3019 79
3019 80
3019 81
3019 82
3019 83
3019 84
3019 129
3019 130
3019 131
3019 132
3019 133
3019 134
3019 135
3019 136
3019 137
3019 138
3019 139
3019 140
3020 72
3020 73
3020 74
3020 75
3020 76
3020 77
3020 78
3020 79
3020 80
3020 81
3020 82
3020 83
3020 128
3020 129
3020 130
3020 131
3020 132
3020 133
3020 134
3020 135
3020 136
3020 137
3020 138
3020 139
3021 71
3021 72
3021 73
3021 74
3021 75
3021 76
3021 77
3021 78
3021 79
3021 80
3021 81
3021 82
3021 126
3021 127
3021 128
3021 129
3021 130
3021 131
3021 132
3021 133
3021 134
3021 135
3021 136
3021 137
3022 69
3022 70
3022 71
3022 72
3022 73
3022 74
3022 75
3022 76
3022 77
3022 78
3022 79
3022 80
3022 125
3022 126
3022 127
3022 128
3022 129
3022 130
3022 131
3022 132
3022 133
3022 134
3022 135
3022 136
3023 68
3023 69
3023 70
3023 71
3023 72
3023 73
3023 74
3023 75
3023 76
3023 77
3023 78
3023 79
3023 124
3023 125
3023 126
3023 127
3023 128
3023 129
3023 130
3023 131
3023 132
3023 133
3023 134
3023 135
3024 67
3024 68
3024 69
3024 70
3024 71
3024 72
3024 73
3024 74
3024 75
3024 76
3024 77
3024 78
3024 122
3024 123
3024 124
3024 125
3024 126
3024 127
3024 128
3024 129
3024 130
3024 131
3024 132
3024 133
3024 134
3025 66
3025 67
3025 68
3025 69
3025 70
3025 71
3025 72
3025 73
3025 74
3025 75
3025 76
3025 121
3025 122
3025 123
3025 124
3025 125
3025 126
3025 127
3025 128
3025 129
3025 130
3025 131
3025 132
3025 133
3026 65
3026 66
3026 67
3026 68
3026 69
3026 70
3026 71
3026 72
3026 73
3026 74
3026 75
3026 120
3026 121
3026 122
3026 123
3026 124
3026 125
3026 126
3026 127
3026 128
3026 129
3026 130
3026 131
3027 63
3027 64
3027 65
3027 66
3027 67
3027 68
3027 69
3027 70
3027 71
3027 72
3027 73
3027 118
3027 119
3027 120
3027 121
3027 122
3027 123
3027 124
3027 125
3027 126
3027 127
3027 128
3027 129
3027 130
3028 62
3028 63
3028 64
3028 65
3028 66
3028 67
3028 68
3028 69
3028 70
3028 71
3028 72
3028 117
3028 118
3028 119
3028 120
3028 121
3028 122
3028 123
3028 124
3028 125
3028 126
3028 127
3028 128
3028 129
3029 61
3029 62
3029 63
3029 64
3029 65
3029 66
3029 67
3029 68
3029 69
3029 70
3029 116
3029 117
3029 118
3029 119
3029 120
3029 121
3029 122
3029 123
3029 124
3029 125
3029 126
3029 127
3029 128
3030 60
3030 61
3030 62
3030 63
3030 64
3030 65
3030 66
3030 67
3030 68
3030 69
3030 114
3030 115
3030 116
3030 117
3030 118
3030 119
3030 120
3030 121
3030 122
3030 123
3030 124
3030 125
3030 126
3030 127
3031 59
3031 60
3031 61
3031 62
3031 63
3031 64
3031 65
3031 66
3031 67
3031 68
3031 113
3031 114
3031 115
3031 116
3031 117
3031 118
3031 119
3031 120
3031 121
3031 122
3031 123
3031 124
3031 125
3032 57
3032 58
3032 59
3032 60
3032 61
3032 62
3032 63
3032 64
3032 65
3032 66
3032 112
3032 113
3032 114
3032 115
3032 116
3032 117
3032 118
3032 119
3032 120
3032 121
3032 122
3032 123
3032 124
3033 56
3033 57
3033 58
3033 59
3033 60
3033 61
3033 62
3033 63
3033 64
3033 65
3033 110
3033 111
3033 112
3033 113
3033 114
3033 115
3033 116
3033 117
3033 118
3033 119
3033 120
3033 121
3033 122
3033 123
3034 55
3034 56
3034 57
3034 58
3034 59
3034 60
3034 61
3034 62
3034 63
3034 109
3034 110
3034 111
3034 112
3034 113
3034 114
3034 115
3034 116
3034 117
3034 118
3034 119
3034 120
3034 121
3034 122
3035 54
3035 55
3035 56
3035 57
3035 58
3035 59
3035 60
3035 61
3035 62
3035 108
3035 109
3035 110
3035 111
3035 112
3035 113
3035 114
3035 115
3035 116
3035 117
3035 118
3035 119
3035 120
3036 53
3036 54
3036 55
3036 56
3036 57
3036 58
3036 59
3036 60
3036 107
3036 108
3036 109
3036 110
3036 111
3036 112
3036 113
3036 114
3036 115
3036 116
3036 117
3036 118
3036 119
3037 51
3037 52
3037 53
3037 54
3037 55
3037 56
3037 57
3037 58
3037 59
3037 105
3037 106
3037 107
3037 108
3037 109
3037 110
3037 111
3037 112
3037 113
3037 114
3037 115
3037 116
3037 117
3037 118
3038 50
3038 51
3038 52
3038 53
3038 54
3038 55
3038 56
3038 57
3038 104
3038 105
3038 106
3038 107
3038 108
3038 109
3038 110
3038 111
3038 112
3038 113
3038 114
3038 115
3038 116
3038 117
3039 49
3039 50
3039 51
3039 52
3039 53
3039 54
3039 55
3039 103
3039 104
3039 105
3039 106
3039 107
3039 108
3039 109
3039 110
3039 111
3039 112
3039 113
3039 114
3039 115
3039 116
3040 48
3040 49
3040 50
3040 51
3040 52
3040 53
3040 54
3040 101
3040 102
3040 103
3040 104
3040 105
3040 106
3040 107
3040 108
3040 109
3040 110
3040 111
3040 112
3040 113
3040 114
3041 47
3041 48
3041 49
3041 50
3041 51
3041 52
3041 100
3041 101
3041 102
3041 103
3041 104
3041 105
3041 106
3041 107
3041 108
3041 109
3041 110
3041 111
3041 112
3041 113
3042 46
3042 47
3042 48
3042 49
3042 50
3042 51
3042 99
3042 100
3042 101
3042 102
3042 103
3042 104
3042 105
3042 106
3042 107
3042 108
3042 109
3042 110
3042 111
3042 112
3043 45
3043 46
3043 47
3043 48
3043 49
3043 98
3043 99
3043 100
3043 101
3043 102
3043 103
3043 104
3043 105
3043 106
3043 107
3043 108
3043 109
3043 110
3043 159
3043 160
3044 44
3044 45
3044 46
3044 47
3044 96
3044 97
3044 98
3044 99
3044 100
3044 101
3044 102
3044 103
3044 104
3044 105
3044 106
3044 107
3044 108
3044 109
3044 157
3044 158
3044 159
3044 160
3045 43
3045 44
3045 45
3045 95
3045 96
3045 97
3045 98
3045 99
3045 100
3045 101
3045 102
3045 103
3045 104
3045 105
3045 106
3045 107
3045 108
3045 155
3045 156
3045 157
3045 158
3045 159
3046 42
3046 43
3046 94
3046 95
3046 96
3046 97
3046 98
3046 99
3046 100
3046 101
3046 102
3046 103
3046 104
3046 105
3046 106
3046 107
3046 153
3046 154
3046 155
3046 156
3046 157
3046 158
3047 92
3047 93
3047 94
3047 95
3047 96
3047 97
3047 98
3047 99
3047 100
3047 101
3047 102
3047 103
3047 104
3047 105
3047 152
3047 153
3047 154
3047 155
3047 156
3047 157
3047 158
3048 91
3048 92
3048 93
3048 94
3048 95
3048 96
3048 97
3048 98
3048 99
3048 100
3048 101
3048 102
3048 103
3048 104
3048 150
3048 151
3048 152
3048 153
3048 154
3048 155
3048 156
3048 157
3049 90
3049 91
3049 92
3049 93
3049 94
3049 95
3049 96
3049 97
3049 98
3049 99
3049 100
3049 101
3049 102
3049 103
3049 148
3049 149
3049 150
3049 151
3049 152
3049 153
3049 154
3049 155
3049 156
3050 89
3050 90
3050 91
3050 92
3050 93
3050 94
3050 95
3050 96
3050 97
3050 98
3050 99
3050 100
3050 101
3050 102
3050 147
3050 148
3050 149
3050 150
3050 151
3050 152
3050 153
3050 154
3050 155
3051 87
3051 88
3051 89
3051 90
3051 91
3051 92
3051 93
3051 94
3051 95
3051 96
3051 97
3051 98
3051 99
3051 100
3051 145
3051 146
3051 147
3051 148
3051 149
3051 150
3051 151
3051 152
3051 153
3051 154
3052 86
3052 87
3052 88
3052 89
3052 90
3052 91
3052 92
3052 93
3052 94
3052 95
3052 96
3052 97
3052 98
3052 99
3052 144
3052 145
3052 146
3052 147
3052 148
3052 149
3052 150
3052 151
3052 152
3052 153
3053 85
3053 86
3053 87
3053 88
3053 89
3053 90
3053 91
3053 92
3053 93
3053 94
3053 95
3053 96
3053 97
3053 98
3053 142
3053 143
3053 144
3053 145
3053 146
3053 147
3053 148
3053 149
3053 150
3053 151
3054 84
3054 85
3054 86
3054 87
3054 88
3054 89
3054 90
3054 91
3054 92
3054 93
3054 94
3054 95
3054 96
3054 141
3054 142
3054 143
3054 144
3054 145
3054 146
3054 147
3054 148
3054 149
3054 150
3055 82
3055 83
3055 84
3055 85
3055 86
3055 87
3055 88
3055 89
3055 90
3055 91
3055 92
3055 93
3055 94
3055 95
3055 139
3055 140
3055 141
3055 142
3055 143
3055 144
3055 145
3055 146
3055 147
3055 148
3055 149
3056 81
3056 82
3056 83
3056 84
3056 85
3056 86
3056 87
3056 88
3056 89
3056 90
3056 91
3056 92
3056 93
3056 94
3056 138
3056 139
3056 140
3056 141
3056 142
3056 143
3056 144
3056 145
3056 146
3056 147
3056 148
3057 80
3057 81
3057 82
3057 83
3057 84
3057 85
3057 86
3057 87
3057 88
3057 89
3057 90
3057 91
3057 92
3057 137
3057 138
3057 139
3057 140
3057 141
3057 142
3057 143
3057 144
3057 145
3057 146
3057 147
3058 79
3058 80
3058 81
3058 82
3058 83
3058 84
3058 85
3058 86
3058 87
3058 88
3058 89
3058 90
3058 91
3058 135
3058 136
3058 137
3058 138
3058 139
3058 140
3058 141
3058 142
3058 143
3058 144
3058 145
3058 146
3059 77
3059 78
3059 79
3059 80
3059 81
3059 82
3059 83
3059 84
3059 85
3059 86
3059 87
3059 88
3059 89
3059 90
3059 134
3059 135
3059 136
3059 137
3059 138
3059 139
3059 140
3059 141
3059 142
3059 143
3059 144
3059 145
3060 76
3060 77
3060 78
3060 79
3060 80
3060 81
3060 82
3060 83
3060 84
3060 85
3060 86
3060 87
3060 88
3060 132
3060 133
3060 134
3060 135
3060 136
3060 137
3060 138
3060 139
3060 140
3060 141
3060 142
3060 143
3060 144
3061 75
3061 76
3061 77
3061 78
3061 79
3061 80
3061 81
3061 82
3061 83
3061 84
3061 85
3061 86
3061 87
3061 131
3061 132
3061 133
3061 134
3061 135
3061 136
3061 137
3061 138
3061 139
3061 140
3061 141
3061 142
3062 74
3062 75
3062 76
3062 77
3062 78
3062 79
3062 80
3062 81
3062 82
3062 83
3062 84
3062 85
3062 86
3062 130
3062 131
3062 132
3062 133
3062 134
3062 135
3062 136
3062 137
3062 138
3062 139
3062 140
3062 141
3063 72
3063 73
3063 74
3063 75
3063 76
3063 77
3063 78
3063 79
3063 80
3063 81
3063 82
3063 83
3063 84
3063 128
3063 129
3063 130
3063 131
3063 132
3063 133
3063 134
3063 135
3063 136
3063 137
3063 138
3063 139
3063 140
3064 71
3064 72
3064 73
3064 74
3064 75
3064 76
3064 77
3064 78
3064 79
3064 80
3064 81
3064 82
3064 83
3064 127
3064 128
3064 129
3064 130
3064 131
3064 132
3064 133
3064 134
3064 135
3064 136
3064 137
3064 138
3064 139
3065 70
3065 71
3065 72
3065 73
3065 74
3065 75
3065 76
3065 77
3065 78
3065 79
3065 80
3065 81
3065 82
3065 126
3065 127
3065 128
3065 129
3065 130
3065 131
3065 132
3065 133
3065 134
3065 135
3065 136
3065 137
3065 138
3066 69
3066 70
3066 71
3066 72
3066 73
3066 74
3066 75
3066 76
3066 77
3066 78
3066 79
3066 80
3066 124
3066 125
3066 126
3066 127
3066 128
3066 129
3066 130
3066 131
3066 132
3066 133
3066 134
3066 135
3066 136
3067 67
3067 68
3067 69
3067 70
3067 71
3067 72
3067 73
3067 74
3067 75
3067 76
3067 77
3067 78
3067 79
3067 123
3067 124
3067 125
3067 126
3067 127
3067 128
3067 129
3067 130
3067 131
3067 132
3067 133
3067 134
3067 135
3068 66
3068 67
3068 68
3068 69
3068 70
3068 71
3068 72
3068 73
3068 74
3068 75
3068 76
3068 77
3068 122
3068 123
3068 124
3068 125
3068 126
3068 127
3068 128
3068 129
3068 130
3068 131
3068 132
3068 133
3068 134
3069 65
3069 66
3069 67
3069 68
3069 69
3069 70
3069 71
3069 72
3069 73
3069 74
3069 75
3069 76
3069 120
3069 121
3069 122
3069 123
3069 124
3069 125
3069 126
3069 127
3069 128
3069 129
3069 130
3069 131
3069 132
3069 133
3070 64
3070 65
3070 66
3070 67
3070 68
3070 69
3070 70
3070 71
3070 72
3070 73
3070 74
3070 75
3070 119
3070 120
3070 121
3070 122
3070 123
3070 124
3070 125
3070 126
3070 127
3070 128
3070 129
3070 130
3070 131
3070 132
3071 63
3071 64
3071 65
3071 66
3071 67
3071 68
3071 69
3071 70
3071 71
3071 72
3071 73
3071 118
3071 119
3071 120
3071 121
3071 122
3071 123
3071 124
3071 125
3071 126
3071 127
3071 128
3071 129
3071 130
3072 61
3072 62
3072 63
3072 64
3072 65
3072 66
3072 67
3072 68
3072 69
3072 70
3072 71
3072 72
3072 116
3072 117
3072 118
3072 119
3072 120
3072 121
3072 122
3072 123
3072 124
3072 125
3072 126
3072 127
3072 128
3072 129
3073 60
3073 61
3073 62
3073 63
3073 64
3073 65
3073 66
3073 67
3073 68
3073 69
3073 70
3073 115
3073 116
3073 117
3073 118
3073 119
3073 120
3073 121
3073 122
3073 123
3073 124
3073 125
3073 126
3073 127
3073 128
3074 59
3074 60
3074 61
3074 62
3074 63
3074 64
3074 65
3074 66
3074 67
3074 68
3074 69
3074 114
3074 115
3074 116
3074 117
3074 118
3074 119
3074 120
3074 121
3074 122
3074 123
3074 124
3074 125
3074 126
3074 127
3075 58
3075 59
3075 60
3075 61
3075 62
3075 63
3075 64
3075 65
3075 66
3075 67
3075 112
3075 113
3075 114
3075 115
3075 116
3075 117
3075 118
3075 119
3075 120
3075 121
3075 122
3075 123
3075 124
3075 125
3075 126
3076 56
3076 57
3076 58
3076 59
3076 60
3076 61
3076 62
3076 63
3076 64
3076 65
3076 66
3076 111
3076 112
3076 113
3076 114
3076 115
3076 116
3076 117
3076 118
3076 119
3076 120
3076 121
3076 122
3076 123
3076 124
3077 55
3077 56
3077 57
3077 58
3077 59
3077 60
3077 61
3077 62
3077 63
3077 64
3077 110
3077 111
3077 112
3077 113
3077 114
3077 115
3077 116
3077 117
3077 118
3077 119
3077 120
3077 121
3077 122
3077 123
3078 54
3078 55
3078 56
3078 57
3078 58
3078 59
3078 60
3078 61
3078 62
3078 63
3078 109
3078 110
3078 111
3078 112
3078 113
3078 114
3078 115
3078 116
3078 117
3078 118
3078 119
3078 120
3078 121
3078 122
3079 53
3079 54
3079 55
3079 56
3079 57
3079 58
3079 59
3079 60
3079 61
3079 107
3079 108
3079 109
3079 110
3079 111
3079 112
3079 113
3079 114
3079 115
3079 116
3079 117
3079 118
3079 119
3079 120
3079 121
3080 52
3080 53
3080 54
3080 55
3080 56
3080 57
3080 58
3080 59
3080 60
3080 106
3080 107
3080 108
3080 109
3080 110
3080 111
3080 112
3080 113
3080 114
3080 115
3080 116
3080 117
3080 118
3080 119
3081 50
3081 51
3081 52
3081 53
3081 54
3081 55
3081 56
3081 57
3081 58
3081 105
3081 106
3081 107
3081 108
3081 109
3081 110
3081 111
3081 112
3081 113
3081 114
3081 115
3081 116
3081 117
3081 118
3082 49
3082 50
3082 51
3082 52
3082 53
3082 54
3082 55
3082 56
3082 57
3082 103
3082 104
3082 105
3082 106
3082 107
3082 108
3082 109
3082 110
3082 111
3082 112
3082 113
3082 114
3082 115
3082 116
3082 117
3083 48
3083 49
3083 50
3083 51
3083 52
3083 53
3083 54
3083 55
3083 102
3083 103
3083 104
3083 105
3083 106
3083 107
3083 108
3083 109
3083 110
3083 111
3083 112
3083 113
3083 114
3083 115
3083 116
3084 47
3084 48
3084 49
3084 50
3084 51
3084 52
3084 53
3084 54
3084 101
3084 102
3084 103
3084 104
3084 105
3084 106
3084 107
3084 108
3084 109
3084 110
3084 111
3084 112
3084 113
3084 114
3085 46
3085 47
3085 48
3085 49
3085 50
3085 51
3085 52
3085 100
3085 101
3085 102
3085 103
3085 104
3085 105
3085 106
3085 107
3085 108
3085 109
3085 110
3085 111
3085 112
3085 113
3085 161
3085 162
3085 163
3086 45
3086 46
3086 47
3086 48
3086 49
3086 50
3086 98
3086 99
3086 100
3086 101
3086 102
3086 103
3086 104
3086 105
3086 106
3086 107
3086 108
3086 109
3086 110
3086 111
3086 112
3086 159
3086 160
3086 161
3086 162
3086 163
3087 44
3087 45
3087 46
3087 47
3087 48
3087 49
3087 97
3087 98
3087 99
3087 100
3087 101
3087 102
3087 103
3087 104
3087 105
3087 106
3087 107
3087 108
3087 109
3087 110
3087 157
3087 158
3087 159
3087 160
3087 161
3087 162
3088 42
3088 43
3088 44
3088 45
3088 46
3088 47
3088 96
3088 97
3088 98
3088 99
3088 100
3088 101
3088 102
3088 103
3088 104
3088 105
3088 106
3088 107
3088 108
3088 109
3088 155
3088 156
3088 157
3088 158
3088 159
3088 160
3088 161
3089 41
3089 42
3089 43
3089 44
3089 45
3089 94
3089 95
3089 96
3089 97
3089 98
3089 99
3089 100
3089 101
3089 102
3089 103
3089 104
3089 105
3089 106
3089 107
3089 108
3089 154
3089 155
3089 156
3089 157
3089 158
3089 159
3089 160
3090 40
3090 41
3090 42
3090 43
3090 93
3090 94
3090 95
3090 96
3090 97
3090 98
3090 99
3090 100
3090 101
3090 102
3090 103
3090 104
3090 105
3090 106
3090 107
3090 152
3090 153
3090 154
3090 155
3090 156
3090 157
3090 158
3090 159
3091 39
3091 40
3091 41
3091 42
3091 92
3091 93
3091 94
3091 95
3091 96
3091 97
3091 98
3091 99
3091 100
3091 101
3091 102
3091 103
3091 104
3091 105
3091 150
3091 151
3091 152
3091 153
3091 154
3091 155
3091 156
3091 157
3091 158
3092 39
3092 91
3092 92
3092 93
3092 94
3092 95
3092 96
3092 97
3092 98
3092 99
3092 100
3092 101
3092 102
3092 103
3092 104
3092 149
3092 150
3092 151
3092 152
3092 153
3092 154
3092 155
3092 156
3092 157
3093 89
3093 90
3093 91
3093 92
3093 93
3093 94
3093 95
3093 96
3093 97
3093 98
3093 99
3093 100
3093 101
3093 102
3093 103
3093 147
3093 148
3093 149
3093 150
3093 151
3093 152
3093 153
3093 154
3093 155
3093 156
3094 88
3094 89
3094 90
3094 91
3094 92
3094 93
3094 94
3094 95
3094 96
3094 97
3094 98
3094 99
3094 100
3094 101
3094 146
3094 147
3094 148
3094 149
3094 150
3094 151
3094 152
3094 153
3094 154
3094 155
3095 87
3095 88
3095 89
3095 90
3095 91
3095 92
3095 93
3095 94
3095 95
3095 96
3095 97
3095 98
3095 99
3095 100
3095 144
3095 145
3095 146
3095 147
3095 148
3095 149
3095 150
3095 151
3095 152
3095 153
3095 154
3096 86
3096 87
3096 88
3096 89
3096 90
3096 91
3096 92
3096 93
3096 94
3096 95
3096 96
3096 97
3096 98
3096 99
3096 143
3096 144
3096 145
3096 146
3096 147
3096 148
3096 149
3096 150
3096 151
3096 152
3096 153
3097 84
3097 85
3097 86
3097 87
3097 88
3097 89
3097 90
3097 91
3097 92
3097 93
3097 94
3097 95
3097 96
3097 97
3097 98
3097 142
3097 143
3097 144
3097 145
3097 146
3097 147
3097 148
3097 149
3097 150
3097 151
3097 152
3098 83
3098 84
3098 85
3098 86
3098 87
3098 88
3098 89
3098 90
3098 91
3098 92
3098 93
3098 94
3098 95
3098 96
3098 140
3098 141
3098 142
3098 143
3098 144
3098 145
3098 146
3098 147
3098 148
3098 149
3098 150
3098 151
3099 82
3099 83
3099 84
3099 85
3099 86
3099 87
3099 88
3099 89
3099 90
3099 91
3099 92
3099 93
3099 94
3099 95
3099 139
3099 140
3099 141
3099 142
3099 143
3099 144
3099 145
3099 146
3099 147
3099 148
3099 149
3099 150
3100 81
3100 82
3100 83
3100 84
3100 85
3100 86
3100 87
3100 88
3100 89
3100 90
3100 91
3100 92
3100 93
3100 94
3100 137
3100 138
3100 139
3100 140
3100 141
3100 142
3100 143
3100 144
3100 145
3100 146
3100 147
3100 148
3101 79
3101 80
3101 81
3101 82
3101 83
3101 84
3101 85
3101 86
3101 87
3101 88
3101 89
3101 90
3101 91
3101 92
3101 136
3101 137
3101 138
3101 139
3101 140
3101 141
3101 142
3101 143
3101 144
3101 145
3101 146
3101 147
3102 78
3102 79
3102 80
3102 81
3102 82
3102 83
3102 84
3102 85
3102 86
3102 87
3102 88
3102 89
3102 90
3102 91
3102 135
3102 136
3102 137
3102 138
3102 139
3102 140
3102 141
3102 142
3102 143
3102 144
3102 145
3102 146
3103 77
3103 78
3103 79
3103 80
3103 81
3103 82
3103 83
3103 84
3103 85
3103 86
3103 87
3103 88
3103 89
3103 90
3103 133
3103 134
3103 135
3103 136
3103 137
3103 138
3103 139
3103 140
3103 141
3103 142
3103 143
3103 144
3103 145
3104 76
3104 77
3104 78
3104 79
3104 80
3104 81
3104 82
3104 83
3104 84
3104 85
3104 86
3104 87
3104 88
3104 132
3104 133
3104 134
3104 135
3104 136
3104 137
3104 138
3104 139
3104 140
3104 141
3104 142
3104 143
3104 144
3105 74
3105 75
3105 76
3105 77
3105 78
3105 79
3105 80
3105 81
3105 82
3105 83
3105 84
3105 85
3105 86
3105 87
3105 130
3105 131
3105 132
3105 133
3105 134
3105 135
3105 136
3105 137
3105 138
3105 139
3105 140
3105 141
3105 142
3105 143
3106 73
3106 74
3106 75
3106 76
3106 77
3106 78
3106 79
3106 80
3106 81
3106 82
3106 83
3106 84
3106 85
3106 86
3106 129
3106 130
3106 131
3106 132
3106 133
3106 134
3106 135
3106 136
3106 137
3106 138
3106 139
3106 140
3106 141
3107 72
3107 73
3107 74
3107 75
3107 76
3107 77
3107 78
3107 79
3107 80
3107 81
3107 82
3107 83
3107 84
3107 128
3107 129
3107 130
3107 131
3107 132
3107 133
3107 134
3107 135
3107 136
3107 137
3107 138
3107 139
3107 140
3108 71
3108 72
3108 73
3108 74
3108 75
3108 76
3108 77
3108 78
3108 79
3108 80
3108 81
3108 82
3108 83
3108 126
3108 127
3108 128
3108 129
3108 130
3108 131
3108 132
3108 133
3108 134
3108 135
3108 136
3108 137
3108 138
3108 139
3109 69
3109 70
3109 71
3109 72
3109 73
3109 74
3109 75
3109 76
3109 77
3109 78
3109 79
3109 80
3109 81
3109 125
3109 126
3109 127
3109 128
3109 129
3109 130
3109 131
3109 132
3109 133
3109 134
3109 135
3109 136
3109 137
3109 138
3110 68
3110 69
3110 70
3110 71
3110 72
3110 73
3110 74
3110 75
3110 76
3110 77
3110 78
3110 79
3110 80
3110 124
3110 125
3110 126
3110 127
3110 128
3110 129
3110 130
3110 131
3110 132
3110 133
3110 134
3110 135
3110 136
3110 137
3111 67
3111 68
3111 69
3111 70
3111 71
3111 72
3111 73
3111 74
3111 75
3111 76
3111 77
3111 78
3111 79
3111 122
3111 123
3111 124
3111 125
3111 126
3111 127
3111 128
3111 129
3111 130
3111 131
3111 132
3111 133
3111 134
3111 135
3112 66
3112 67
3112 68
3112 69
3112 70
3112 71
3112 72
3112 73
3112 74
3112 75
3112 76
3112 77
3112 121
3112 122
3112 123
3112 124
3112 125
3112 126
3112 127
3112 128
3112 129
3112 130
3112 131
3112 132
3112 133
3112 134
3113 64
3113 65
3113 66
3113 67
3113 68
3113 69
3113 70
3113 71
3113 72
3113 73
3113 74
3113 75
3113 76
3113 120
3113 121
3113 122
3113 123
3113 124
3113 125
3113 126
3113 127
3113 128
3113 129
3113 130
3113 131
3113 132
3113 133
3114 63
3114 64
3114 65
3114 66
3114 67
3114 68
3114 69
3114 70
3114 71
3114 72
3114 73
3114 74
3114 118
3114 119
3114 120
3114 121
3114 122
3114 123
3114 124
3114 125
3114 126
3114 127
3114 128
3114 129
3114 130
3114 131
3114 132
3115 62
3115 63
3115 64
3115 65
3115 66
3115 67
3115 68
3115 69
3115 70
3115 71
3115 72
3115 73
3115 117
3115 118
3115 119
3115 120
3115 121
3115 122
3115 123
3115 124
3115 125
3115 126
3115 127
3115 128
3115 129
3115 130
3116 61
3116 62
3116 63
3116 64
3116 65
3116 66
3116 67
3116 68
3116 69
3116 70
3116 71
3116 72
3116 116
3116 117
3116 118
3116 119
3116 120
3116 121
3116 122
3116 123
3116 124
3116 125
3116 126
3116 127
3116 128
3116 129
3117 59
3117 60
3117 61
3117 62
3117 63
3117 64
3117 65
3117 66
3117 67
3117 68
3117 69
3117 70
3117 114
3117 115
3117 116
3117 117
3117 118
3117 119
3117 120
3117 121
3117 122
3117 123
3117 124
3117 125
3117 126
3117 127
3117 128
3118 58
3118 59
3118 60
3118 61
3118 62
3118 63
3118 64
3118 65
3118 66
3118 67
3118 68
3118 69
3118 113
3118 114
3118 115
3118 116
3118 117
3118 118
3118 119
3118 120
3118 121
3118 122
3118 123
3118 124
3118 125
3118 126
3118 127
3119 57
3119 58
3119 59
3119 60
3119 61
3119 62
3119 63
3119 64
3119 65
3119 66
3119 67
3119 112
3119 113
3119 114
3119 115
3119 116
3119 117
3119 118
3119 119
3119 120
3119 121
3119 122
3119 123
3119 124
3119 125
3119 126
3120 56
3120 57
3120 58
3120 59
3120 60
3120 61
3120 62
3120 63
3120 64
3120 65
3120 66
3120 111
3120 112
3120 113
3120 114
3120 115
3120 116
3120 117
3120 118
3120 119
3120 120
3120 121
3120 122
3120 123
3120 124
3121 55
3121 56
3121 57
3121 58
3121 59
3121 60
3121 61
3121 62
3121 63
3121 64
3121 109
3121 110
3121 111
3121 112
3121 113
3121 114
3121 115
3121 116
3121 117
3121 118
3121 119
3121 120
3121 121
3121 122
3121 123
3122 53
3122 54
3122 55
3122 56
3122 57
3122 58
3122 59
3122 60
3122 61
3122 62
3122 63
3122 108
3122 109
3122 110
3122 111
3122 112
3122 113
3122 114
3122 115
3122 116
3122 117
3122 118
3122 119
3122 120
3122 121
3122 122
3123 52
3123 53
3123 54
3123 55
3123 56
3123 57
3123 58
3123 59
3123 60
3123 61
3123 107
3123 108
3123 109
3123 110
3123 111
3123 112
3123 113
3123 114
3123 115
3123 116
3123 117
3123 118
3123 119
3123 120
3123 121
3124 51
3124 52
3124 53
3124 54
3124 55
3124 56
3124 57
3124 58
3124 59
3124 60
3124 105
3124 106
3124 107
3124 108
3124 109
3124 110
3124 111
3124 112
3124 113
3124 114
3124 115
3124 116
3124 117
3124 118
3124 119
3125 50
3125 51
3125 52
3125 53
3125 54
3125 55
3125 56
3125 57
3125 58
3125 104
3125 105
3125 106
3125 107
3125 108
3125 109
3125 110
3125 111
3125 112
3125 113
3125 114
3125 115
3125 116
3125 117
3125 118
3126 48
3126 49
3126 50
3126 51
3126 52
3126 53
3126 54
3126 55
3126 56
3126 57
3126 103
3126 104
3126 105
3126 106
3126 107
3126 108
3126 109
3126 110
3126 111
3126 112
3126 113
3126 114
3126 115
3126 116
3126 117
3126 166
3127 47
3127 48
3127 49
3127 50
3127 51
3127 52
3127 53
3127 54
3127 55
3127 102
3127 103
3127 104
3127 105
3127 106
3127 107
3127 108
3127 109
3127 110
3127 111
3127 112
3127 113
3127 114
3127 115
3127 163
3127 164
3127 165
3127 166
3128 46
3128 47
3128 48
3128 49
3128 50
3128 51
3128 52
3128 53
3128 100
3128 101
3128 102
3128 103
3128 104
3128 105
3128 106
3128 107
3128 108
3128 109
3128 110
3128 111
3128 112
3128 113
3128 114
3128 161
3128 162
3128 163
3128 164
3128 165
3129 45
3129 46
3129 47
3129 48
3129 49
3129 50
3129 51
3129 52
3129 99
3129 100
3129 101
3129 102
3129 103
3129 104
3129 105
3129 106
3129 107
3129 108
3129 109
3129 110
3129 111
3129 112
3129 113
3129 159
3129 160
3129 161
3129 162
3129 163
3129 164
3129 165
3130 44
3130 45
3130 46
3130 47
3130 48
3130 49
3130 50
3130 98
3130 99
3130 100
3130 101
3130 102
3130 103
3130 104
3130 105
3130 106
3130 107
3130 108
3130 109
3130 110
3130 111
3130 112
3130 158
3130 159
3130 160
3130 161
3130 162
3130 163
3130 164
3131 43
3131 44
3131 45
3131 46
3131 47
3131 48
3131 96
3131 97
3131 98
3131 99
3131 100
3131 101
3131 102
3131 103
3131 104
3131 105
3131 106
3131 107
3131 108
3131 109
3131 110
3131 156
3131 157
3131 158
3131 159
3131 160
3131 161
3131 162
3131 163
3132 41
3132 42
3132 43
3132 44
3132 45
3132 46
3132 47
3132 95
3132 96
3132 97
3132 98
3132 99
3132 100
3132 101
3132 102
3132 103
3132 104
3132 105
3132 106
3132 107
3132 108
3132 109
3132 154
3132 155
3132 156
3132 157
3132 158
3132 159
3132 160
3132 161
3132 162
3133 40
3133 41
3133 42
3133 43
3133 44
3133 45
3133 94
3133 95
3133 96
3133 97
3133 98
3133 99
3133 100
3133 101
3133 102
3133 103
3133 104
3133 105
3133 106
3133 107
3133 108
3133 153
3133 154
3133 155
3133 156
3133 157
3133 158
3133 159
3133 160
3133 161
3134 39
3134 40
3134 41
3134 42
3134 43
3134 93
3134 94
3134 95
3134 96
3134 97
3134 98
3134 99
3134 100
3134 101
3134 102
3134 103
3134 104
3134 105
3134 106
3134 151
3134 152
3134 153
3134 154
3134 155
3134 156
3134 157
3134 158
3134 159
3134 160
3135 38
3135 39
3135 40
3135 41
3135 91
3135 92
3135 93
3135 94
3135 95
3135 96
3135 97
3135 98
3135 99
3135 100
3135 101
3135 102
3135 103
3135 104
3135 105
3135 150
3135 151
3135 152
3135 153
3135 154
3135 155
3135 156
3135 157
3135 158
3135 159
3136 37
3136 38
3136 39
3136 90
3136 91
3136 92
3136 93
3136 94
3136 95
3136 96
3136 97
3136 98
3136 99
3136 100
3136 101
3136 102
3136 103
3136 104
3136 148
3136 149
3136 150
3136 151
3136 152
3136 153
3136 154
3136 155
3136 156
3136 157
3136 158
3137 37
3137 89
3137 90
3137 91
3137 92
3137 93
3137 94
3137 95
3137 96
3137 97
3137 98
3137 99
3137 100
3137 101
3137 102
3137 103
3137 147
3137 148
3137 149
3137 150
3137 151
3137 152
3137 153
3137 154
3137 155
3137 156
3137 157
3138 88
3138 89
3138 90
3138 91
3138 92
3138 93
3138 94
3138 95
3138 96
3138 97
3138 98
3138 99
3138 100
3138 101
3138 145
3138 146
3138 147
3138 148
3138 149
3138 150
3138 151
3138 152
3138 153
3138 154
3138 155
3139 86
3139 87
3139 88
3139 89
3139 90
3139 91
3139 92
3139 93
3139 94
3139 95
3139 96
3139 97
3139 98
3139 99
3139 100
3139 144
3139 145
3139 146
3139 147
3139 148
3139 149
3139 150
3139 151
3139 152
3139 153
3139 154
3140 85
3140 86
3140 87
3140 88
3140 89
3140 90
3140 91
3140 92
3140 93
3140 94
3140 95
3140 96
3140 97
3140 98
3140 99
3140 142
3140 143
3140 144
3140 145
3140 146
3140 147
3140 148
3140 149
3140 150
3140 151
3140 152
3140 153
3141 84
3141 85
3141 86
3141 87
3141 88
3141 89
3141 90
3141 91
3141 92
3141 93
3141 94
3141 95
3141 96
3141 97
3141 141
3141 142
3141 143
3141 144
3141 145
3141 146
3141 147
3141 148
3141 149
3141 150
3141 151
3141 152
3142 83
3142 84
3142 85
3142 86
3142 87
3142 88
3142 89
3142 90
3142 91
3142 92
3142 93
3142 94
3142 95
3142 96
3142 139
3142 140
3142 141
3142 142
3142 143
3142 144
3142 145
3142 146
3142 147
3142 148
3142 149
3142 150
3142 151
3143 81
3143 82
3143 83
3143 84
3143 85
3143 86
3143 87
3143 88
3143 89
3143 90
3143 91
3143 92
3143 93
3143 94
3143 95
3143 138
3143 139
3143 140
3143 141
3143 142
3143 143
3143 144
3143 145
3143 146
3143 147
3143 148
3143 149
3143 150
3144 80
3144 81
3144 82
3144 83
3144 84
3144 85
3144 86
3144 87
3144 88
3144 89
3144 90
3144 91
3144 92
3144 93
3144 137
3144 138
3144 139
3144 140
3144 141
3144 142
3144 143
3144 144
3144 145
3144 146
3144 147
3144 148
3144 149
3145 79
3145 80
3145 81
3145 82
3145 83
3145 84
3145 85
3145 86
3145 87
3145 88
3145 89
3145 90
3145 91
3145 92
3145 135
3145 136
3145 137
3145 138
3145 139
3145 140
3145 141
3145 142
3145 143
3145 144
3145 145
3145 146
3145 147
3146 77
3146 78
3146 79
3146 80
3146 81
3146 82
3146 83
3146 84
3146 85
3146 86
3146 87
3146 88
3146 89
3146 90
3146 91
3146 134
3146 135
3146 136
3146 137
3146 138
3146 139
3146 140
3146 141
3146 142
3146 143
3146 144
3146 145
3146 146
3147 76
3147 77
3147 78
3147 79
3147 80
3147 81
3147 82
3147 83
3147 84
3147 85
3147 86
3147 87
3147 88
3147 89
3147 133
3147 134
3147 135
3147 136
3147 137
3147 138
3147 139
3147 140
3147 141
3147 142
3147 143
3147 144
3147 145
3148 75
3148 76
3148 77
3148 78
3148 79
3148 80
3148 81
3148 82
3148 83
3148 84
3148 85
3148 86
3148 87
3148 88
3148 131
3148 132
3148 133
3148 134
3148 135
3148 136
3148 137
3148 138
3148 139
3148 140
3148 141
3148 142
3148 143
3148 144
3149 74
3149 75
3149 76
3149 77
3149 78
3149 79
3149 80
3149 81
3149 82
3149 83
3149 84
3149 85
3149 86
3149 87
3149 130
3149 131
3149 132
3149 133
3149 134
3149 135
3149 136
3149 137
3149 138
3149 139
3149 140
3149 141
3149 142
3149 143
3150 72
3150 73
3150 74
3150 75
3150 76
3150 77
3150 78
3150 79
3150 80
3150 81
3150 82
3150 83
3150 84
3150 85
3150 129
3150 130
3150 131
3150 132
3150 133
3150 134
3150 135
3150 136
3150 137
3150 138
3150 139
3150 140
3150 141
3151 71
3151 72
3151 73
3151 74
3151 75
3151 76
3151 77
3151 78
3151 79
3151 80
3151 81
3151 82
3151 83
3151 84
3151 127
3151 128
3151 129
3151 130
3151 131
3151 132
3151 133
3151 134
3151 135
3151 136
3151 137
3151 138
3151 139
3151 140
3152 70
3152 71
3152 72
3152 73
3152 74
3152 75
3152 76
3152 77
3152 78
3152 79
3152 80
3152 81
3152 82
3152 83
3152 126
3152 127
3152 128
3152 129
3152 130
3152 131
3152 132
3152 133
3152 134
3152 135
3152 136
3152 137
3152 138
3152 139
3153 69
3153 70
3153 71
3153 72
3153 73
3153 74
3153 75
3153 76
3153 77
3153 78
3153 79
3153 80
3153 81
3153 124
3153 125
3153 126
3153 127
3153 128
3153 129
3153 130
3153 131
3153 132
3153 133
3153 134
3153 135
3153 136
3153 137
3153 138
3154 68
3154 69
3154 70
3154 71
3154 72
3154 73
3154 74
3154 75
3154 76
3154 77
3154 78
3154 79
3154 80
3154 123
3154 124
3154 125
3154 126
3154 127
3154 128
3154 129
3154 130
3154 131
3154 132
3154 133
3154 134
3154 135
3154 136
3154 137
3155 66
3155 67
3155 68
3155 69
3155 70
3155 71
3155 72
3155 73
3155 74
3155 75
3155 76
3155 77
3155 78
3155 122
3155 123
3155 124
3155 125
3155 126
3155 127
3155 128
3155 129
3155 130
3155 131
3155 132
3155 133
3155 134
3155 135
3156 65
3156 66
3156 67
3156 68
3156 69
3156 70
3156 71
3156 72
3156 73
3156 74
3156 75
3156 76
3156 77
3156 121
3156 122
3156 123
3156 124
3156 125
3156 126
3156 127
3156 128
3156 129
3156 130
3156 131
3156 132
3156 133
3156 134
3157 64
3157 65
3157 66
3157 67
3157 68
3157 69
3157 70
3157 71
3157 72
3157 73
3157 74
3157 75
3157 119
3157 120
3157 121
3157 122
3157 123
3157 124
3157 125
3157 126
3157 127
3157 128
3157 129
3157 130
3157 131
3157 132
3157 133
3158 63
3158 64
3158 65
3158 66
3158 67
3158 68
3158 69
3158 70
3158 71
3158 72
3158 73
3158 74
3158 118
3158 119
3158 120
3158 121
3158 122
3158 123
3158 124
3158 125
3158 126
3158 127
3158 128
3158 129
3158 130
3158 131
3158 132
3159 61
3159 62
3159 63
3159 64
3159 65
3159 66
3159 67
3159 68
3159 69
3159 70
3159 71
3159 72
3159 73
3159 117
3159 118
3159 119
3159 120
3159 121
3159 122
3159 123
3159 124
3159 125
3159 126
3159 127
3159 128
3159 129
3159 130
3160 60
3160 61
3160 62
3160 63
3160 64
3160 65
3160 66
3160 67
3160 68
3160 69
3160 70
3160 71
3160 115
3160 116
3160 117
3160 118
3160 119
3160 120
3160 121
3160 122
3160 123
3160 124
3160 125
3160 126
3160 127
3160 128
3160 129
3161 59
3161 60
3161 61
3161 62
3161 63
3161 64
3161 65
3161 66
3161 67
3161 68
3161 69
3161 70
3161 114
3161 115
3161 116
3161 117
3161 118
3161 119
3161 120
3161 121
3161 122
3161 123
3161 124
3161 125
3161 126
3161 127
3161 128
3162 58
3162 59
3162 60
3162 61
3162 62
3162 63
3162 64
3162 65
3162 66
3162 67
3162 68
3162 113
3162 114
3162 115
3162 116
3162 117
3162 118
3162 119
3162 120
3162 121
3162 122
3162 123
3162 124
3162 125
3162 126
3162 127
3163 56
3163 57
3163 58
3163 59
3163 60
3163 61
3163 62
3163 63
3163 64
3163 65
3163 66
3163 67
3163 111
3163 112
3163 113
3163 114
3163 115
3163 116
3163 117
3163 118
3163 119
3163 120
3163 121
3163 122
3163 123
3163 124
3163 125
3164 55
3164 56
3164 57
3164 58
3164 59
3164 60
3164 61
3164 62
3164 63
3164 64
3164 65
3164 110
3164 111
3164 112
3164 113
3164 114
3164 115
3164 116
3164 117
3164 118
3164 119
3164 120
3164 121
3164 122
3164 123
3164 124
3165 54
3165 55
3165 56
3165 57
3165 58
3165 59
3165 60
3165 61
3165 62
3165 63
3165 64
3165 109
3165 110
3165 111
3165 112
3165 113
3165 114
3165 115
3165 116
3165 117
3165 118
3165 119
3165 120
3165 121
3165 122
3165 123
3166 53
3166 54
3166 55
3166 56
3166 57
3166 58
3166 59
3166 60
3166 61
3166 62
3166 107
3166 108
3166 109
3166 110
3166 111
3166 112
3166 113
3166 114
3166 115
3166 116
3166 117
3166 118
3166 119
3166 120
3166 121
3166 122
3167 52
3167 53
3167 54
3167 55
3167 56
3167 57
3167 58
3167 59
3167 60
3167 61
3167 106
3167 107
3167 108
3167 109
3167 110
3167 111
3167 112
3167 113
3167 114
3167 115
3167 116
3167 117
3167 118
3167 119
3167 120
3168 50
3168 51
3168 52
3168 53
3168 54
3168 55
3168 56
3168 57
3168 58
3168 59
3168 105
3168 106
3168 107
3168 108
3168 109
3168 110
3168 111
3168 112
3168 113
3168 114
3168 115
3168 116
3168 117
3168 118
3168 119
3169 49
3169 50
3169 51
3169 52
3169 53
3169 54
3169 55
3169 56
3169 57
3169 58
3169 104
3169 105
3169 106
3169 107
3169 108
3169 109
3169 110
3169 111
3169 112
3169 113
3169 114
3169 115
3169 116
3169 117
3169 118
3169 166
3169 167
3169 168
3170 48
3170 49
3170 50
3170 51
3170 52
3170 53
3170 54
3170 55
3170 56
3170 102
3170 103
3170 104
3170 105
3170 106
3170 107
3170 108
3170 109
3170 110
3170 111
3170 112
3170 113
3170 114
3170 115
3170 116
3170 117
3170 164
3170 165
3170 166
3170 167
3170 168
3171 47
3171 48
3171 49
3171 50
3171 51
3171 52
3171 53
3171 54
3171 101
3171 102
3171 103
3171 104
3171 105
3171 106
3171 107
3171 108
3171 109
3171 110
3171 111
3171 112
3171 113
3171 114
3171 115
3171 162
3171 163
3171 164
3171 165
3171 166
3171 167
3172 45
3172 46
3172 47
3172 48
3172 49
3172 50
3172 51
3172 52
3172 53
3172 100
3172 101
3172 102
3172 103
3172 104
3172 105
3172 106
3172 107
3172 108
3172 109
3172 110
3172 111
3172 112
3172 113
3172 114
3172 160
3172 161
3172 162
3172 163
3172 164
3172 165
3172 166
3173 44
3173 45
3173 46
3173 47
3173 48
3173 49
3173 50
3173 51
3173 99
3173 100
3173 101
3173 102
3173 103
3173 104
3173 105
3173 106
3173 107
3173 108
3173 109
3173 110
3173 111
3173 112
3173 113
3173 158
3173 159
3173 160
3173 161
3173 162
3173 163
3173 164
3173 165
3174 43
3174 44
3174 45
3174 46
3174 47
3174 48
3174 49
3174 50
3174 97
3174 98
3174 99
3174 100
3174 101
3174 102
3174 103
3174 104
3174 105
3174 106
3174 107
3174 108
3174 109
3174 110
3174 111
3174 157
3174 158
3174 159
3174 160
3174 161
3174 162
3174 163
3174 164
3175 42
3175 43
3175 44
3175 45
3175 46
3175 47
3175 48
3175 96
3175 97
3175 98
3175 99
3175 100
3175 101
3175 102
3175 103
3175 104
3175 105
3175 106
3175 107
3175 108
3175 109
3175 110
3175 155
3175 156
3175 157
3175 158
3175 159
3175 160
3175 161
3175 162
3175 163
3176 41
3176 42
3176 43
3176 44
3176 45
3176 46
3176 95
3176 96
3176 97
3176 98
3176 99
3176 100
3176 101
3176 102
3176 103
3176 104
3176 105
3176 106
3176 107
3176 108
3176 109
3176 153
3176 154
3176 155
3176 156
3176 157
3176 158
3176 159
3176 160
3176 161
3176 162
3177 40
3177 41
3177 42
3177 43
3177 44
3177 93
3177 94
3177 95
3177 96
3177 97
3177 98
3177 99
3177 100
3177 101
3177 102
3177 103
3177 104
3177 105
3177 106
3177 107
3177 108
3177 152
3177 153
3177 154
3177 155
3177 156
3177 157
3177 158
3177 159
3177 160
3177 161
3178 39
3178 40
3178 41
3178 42
3178 43
3178 92
3178 93
3178 94
3178 95
3178 96
3178 97
3178 98
3178 99
3178 100
3178 101
3178 102
3178 103
3178 104
3178 105
3178 106
3178 150
3178 151
3178 152
3178 153
3178 154
3178 155
3178 156
3178 157
3178 158
3178 159
3178 160
3179 38
3179 39
3179 40
3179 41
3179 91
3179 92
3179 93
3179 94
3179 95
3179 96
3179 97
3179 98
3179 99
3179 100
3179 101
3179 102
3179 103
3179 104
3179 105
3179 149
3179 150
3179 151
3179 152
3179 153
3179 154
3179 155
3179 156
3179 157
3179 158
3179 159
3180 37
3180 38
3180 39
3180 90
3180 91
3180 92
3180 93
3180 94
3180 95
3180 96
3180 97
3180 98
3180 99
3180 100
3180 101
3180 102
3180 103
3180 104
3180 147
3180 148
3180 149
3180 150
3180 151
3180 152
3180 153
3180 154
3180 155
3180 156
3180 157
3180 158
3181 36
3181 37
3181 88
3181 89
3181 90
3181 91
3181 92
3181 93
3181 94
3181 95
3181 96
3181 97
3181 98
3181 99
3181 100
3181 101
3181 102
3181 146
3181 147
3181 148
3181 149
3181 150
3181 151
3181 152
3181 153
3181 154
3181 155
3181 156
3181 157
3182 87
3182 88
3182 89
3182 90
3182 91
3182 92
3182 93
3182 94
3182 95
3182 96
3182 97
3182 98
3182 99
3182 100
3182 101
3182 145
3182 146
3182 147
3182 148
3182 149
3182 150
3182 151
3182 152
3182 153
3182 154
3182 155
3183 86
3183 87
3183 88
3183 89
3183 90
3183 91
3183 92
3183 93
3183 94
3183 95
3183 96
3183 97
3183 98
3183 99
3183 100
3183 143
3183 144
3183 145
3183 146
3183 147
3183 148
3183 149
3183 150
3183 151
3183 152
3183 153
3183 154
3184 85
3184 86
3184 87
3184 88
3184 89
3184 90
3184 91
3184 92
3184 93
3184 94
3184 95
3184 96
3184 97
3184 98
3184 142
3184 143
3184 144
3184 145
3184 146
3184 147
3184 148
3184 149
3184 150
3184 151
3184 152
3184 153
3185 83
3185 84
3185 85
3185 86
3185 87
3185 88
3185 89
3185 90
3185 91
3185 92
3185 93
3185 94
3185 95
3185 96
3185 97
3185 140
3185 141
3185 142
3185 143
3185 144
3185 145
3185 146
3185 147
3185 148
3185 149
3185 150
3185 151
3185 152
3186 82
3186 83
3186 84
3186 85
3186 86
3186 87
3186 88
3186 89
3186 90
3186 91
3186 92
3186 93
3186 94
3186 95
3186 96
3186 139
3186 140
3186 141
3186 142
3186 143
3186 144
3186 145
3186 146
3186 147
3186 148
3186 149
3186 150
3186 151
3187 81
3187 82
3187 83
3187 84
3187 85
3187 86
3187 87
3187 88
3187 89
3187 90
3187 91
3187 92
3187 93
3187 94
3187 138
3187 139
3187 140
3187 141
3187 142
3187 143
3187 144
3187 145
3187 146
3187 147
3187 148
3187 149
3187 150
3188 80
3188 81
3188 82
3188 83
3188 84
3188 85
3188 86
3188 87
3188 88
3188 89
3188 90
3188 91
3188 92
3188 93
3188 136
3188 137
3188 138
3188 139
3188 140
3188 141
3188 142
3188 143
3188 144
3188 145
3188 146
3188 147
3188 148
3189 78
3189 79
3189 80
3189 81
3189 82
3189 83
3189 84
3189 85
3189 86
3189 87
3189 88
3189 89
3189 90
3189 91
3189 92
3189 135
3189 136
3189 137
3189 138
3189 139
3189 140
3189 141
3189 142
3189 143
3189 144
3189 145
3189 146
3189 147
3190 77
3190 78
3190 79
3190 80
3190 81
3190 82
3190 83
3190 84
3190 85
3190 86
3190 87
3190 88
3190 89
3190 90
3190 133
3190 134
3190 135
3190 136
3190 137
3190 138
3190 139
3190 140
3190 141
3190 142
3190 143
3190 144
3190 145
3190 146
3191 76
3191 77
3191 78
3191 79
3191 80
3191 81
3191 82
3191 83
3191 84
3191 85
3191 86
3191 87
3191 88
3191 89
3191 132
3191 133
3191 134
3191 135
3191 136
3191 137
3191 138
3191 139
3191 140
3191 141
3191 142
3191 143
3191 144
3191 145
3192 75
3192 76
3192 77
3192 78
3192 79
3192 80
3192 81
3192 82
3192 83
3192 84
3192 85
3192 86
3192 87
3192 88
3192 131
3192 132
3192 133
3192 134
3192 135
3192 136
3192 137
3192 138
3192 139
3192 140
3192 141
3192 142
3192 143
3192 144
3193 73
3193 74
3193 75
3193 76
3193 77
3193 78
3193 79
3193 80
3193 81
3193 82
3193 83
3193 84
3193 85
3193 86
3193 129
3193 130
3193 131
3193 132
3193 133
3193 134
3193 135
3193 136
3193 137
3193 138
3193 139
3193 140
3193 141
3193 142
3194 72
3194 73
3194 74
3194 75
3194 76
3194 77
3194 78
3194 79
3194 80
3194 81
3194 82
3194 83
3194 84
3194 85
3194 128
3194 129
3194 130
3194 131
3194 132
3194 133
3194 134
3194 135
3194 136
3194 137
3194 138
3194 139
3194 140
3194 141
3195 71
3195 72
3195 73
3195 74
3195 75
3195 76
3195 77
3195 78
3195 79
3195 80
3195 81
3195 82
3195 83
3195 84
3195 127
3195 128
3195 129
3195 130
3195 131
3195 132
3195 133
3195 134
3195 135
3195 136
3195 137
3195 138
3195 139
3195 140
3196 70
3196 71
3196 72
3196 73
3196 74
3196 75
3196 76
3196 77
3196 78
3196 79
3196 80
3196 81
3196 82
3196 125
3196 126
3196 127
3196 128
3196 129
3196 130
3196 131
3196 132
3196 133
3196 134
3196 135
3196 136
3196 137
3196 138
3196 139
3197 68
3197 69
3197 70
3197 71
3197 72
3197 73
3197 74
3197 75
3197 76
3197 77
3197 78
3197 79
3197 80
3197 81
3197 124
3197 125
3197 126
3197 127
3197 128
3197 129
3197 130
3197 131
3197 132
3197 133
3197 134
3197 135
3197 136
3197 137
3197 138
3198 67
3198 68
3198 69
3198 70
3198 71
3198 72
3198 73
3198 74
3198 75
3198 76
3198 77
3198 78
3198 79
3198 123
3198 124
3198 125
3198 126
3198 127
3198 128
3198 129
3198 130
3198 131
3198 132
3198 133
3198 134
3198 135
3198 136
3199 66
3199 67
3199 68
3199 69
3199 70
3199 71
3199 72
3199 73
3199 74
3199 75
3199 76
3199 77
3199 78
3199 121
3199 122
3199 123
3199 124
3199 125
3199 126
3199 127
3199 128
3199 129
3199 130
3199 131
3199 132
3199 133
3199 134
3199 135
3200 65
3200 66
3200 67
3200 68
3200 69
3200 70
3200 71
3200 72
3200 73
3200 74
3200 75
3200 76
3200 77
3200 120
3200 121
3200 122
3200 123
3200 124
3200 125
3200 126
3200 127
3200 128
3200 129
3200 130
3200 131
3200 132
3200 133
3200 134
3201 63
3201 64
3201 65
3201 66
3201 67
3201 68
3201 69
3201 70
3201 71
3201 72
3201 73
3201 74
3201 75
3201 119
3201 120
3201 121
3201 122
3201 123
3201 124
3201 125
3201 126
3201 127
3201 128
3201 129
3201 130
3201 131
3201 132
3201 133
3202 62
3202 63
3202 64
3202 65
3202 66
3202 67
3202 68
3202 69
3202 70
3202 71
3202 72
3202 73
3202 74
3202 117
3202 118
3202 119
3202 120
3202 121
3202 122
3202 123
3202 124
3202 125
3202 126
3202 127
3202 128
3202 129
3202 130
3202 131
3203 61
3203 62
3203 63
3203 64
3203 65
3203 66
3203 67
3203 68
3203 69
3203 70
3203 71
3203 72
3203 116
3203 117
3203 118
3203 119
3203 120
3203 121
3203 122
3203 123
3203 124
3203 125
3203 126
3203 127
3203 128
3203 129
3203 130
3204 60
3204 61
3204 62
3204 63
3204 64
3204 65
3204 66
3204 67
3204 68
3204 69
3204 70
3204 71
3204 115
3204 116
3204 117
3204 118
3204 119
3204 120
3204 121
3204 122
3204 123
3204 124
3204 125
3204 126
3204 127
3204 128
3204 129
3205 58
3205 59
3205 60
3205 61
3205 62
3205 63
3205 64
3205 65
3205 66
3205 67
3205 68
3205 69
3205 114
3205 115
3205 116
3205 117
3205 118
3205 119
3205 120
3205 121
3205 122
3205 123
3205 124
3205 125
3205 126
3205 127
3205 128
3206 57
3206 58
3206 59
3206 60
3206 61
3206 62
3206 63
3206 64
3206 65
3206 66
3206 67
3206 68
3206 112
3206 113
3206 114
3206 115
3206 116
3206 117
3206 118
3206 119
3206 120
3206 121
3206 122
3206 123
3206 124
3206 125
3206 126
3207 56
3207 57
3207 58
3207 59
3207 60
3207 61
3207 62
3207 63
3207 64
3207 65
3207 66
3207 111
3207 112
3207 113
3207 114
3207 115
3207 116
3207 117
3207 118
3207 119
3207 120
3207 121
3207 122
3207 123
3207 124
3207 125
3208 55
3208 56
3208 57
3208 58
3208 59
3208 60
3208 61
3208 62
3208 63
3208 64
3208 65
3208 110
3208 111
3208 112
3208 113
3208 114
3208 115
3208 116
3208 117
3208 118
3208 119
3208 120
3208 121
3208 122
3208 123
3208 124
3209 54
3209 55
3209 56
3209 57
3209 58
3209 59
3209 60
3209 61
3209 62
3209 63
3209 108
3209 109
3209 110
3209 111
3209 112
3209 113
3209 114
3209 115
3209 116
3209 117
3209 118
3209 119
3209 120
3209 121
3209 122
3209 123
3210 52
3210 53
3210 54
3210 55
3210 56
3210 57
3210 58
3210 59
3210 60
3210 61
3210 62
3210 107
3210 108
3210 109
3210 110
3210 111
3210 112
3210 113
3210 114
3210 115
3210 116
3210 117
3210 118
3210 119
3210 120
3210 121
3211 51
3211 52
3211 53
3211 54
3211 55
3211 56
3211 57
3211 58
3211 59
3211 60
3211 106
3211 107
3211 108
3211 109
3211 110
3211 111
3211 112
3211 113
3211 114
3211 115
3211 116
3211 117
3211 118
3211 119
3211 120
3211 169
3211 170
3212 50
3212 51
3212 52
3212 53
3212 54
3212 55
3212 56
3212 57
3212 58
3212 59
3212 105
3212 106
3212 107
3212 108
3212 109
3212 110
3212 111
3212 112
3212 113
3212 114
3212 115
3212 116
3212 117
3212 118
3212 119
3212 166
3212 167
3212 168
3212 169
3212 170
3213 49
3213 50
3213 51
3213 52
3213 53
3213 54
3213 55
3213 56
3213 57
3213 103
3213 104
3213 105
3213 106
3213 107
3213 108
3213 109
3213 110
3213 111
3213 112
3213 113
3213 114
3213 115
3213 116
3213 117
3213 118
3213 164
3213 165
3213 166
3213 167
3213 168
3213 169
3214 47
3214 48
3214 49
3214 50
3214 51
3214 52
3214 53
3214 54
3214 55
3214 102
3214 103
3214 104
3214 105
3214 106
3214 107
3214 108
3214 109
3214 110
3214 111
3214 112
3214 113
3214 114
3214 115
3214 116
3214 163
3214 164
3214 165
3214 166
3214 167
3214 168
3215 46
3215 47
3215 48
3215 49
3215 50
3215 51
3215 52
3215 53
3215 54
3215 101
3215 102
3215 103
3215 104
3215 105
3215 106
3215 107
3215 108
3215 109
3215 110
3215 111
3215 112
3215 113
3215 114
3215 115
3215 161
3215 162
3215 163
3215 164
3215 165
3215 166
3215 167
3216 45
3216 46
3216 47
3216 48
3216 49
3216 50
3216 51
3216 52
3216 99
3216 100
3216 101
3216 102
3216 103
3216 104
3216 105
3216 106
3216 107
3216 108
3216 109
3216 110
3216 111
3216 112
3216 113
3216 114
3216 159
3216 160
3216 161
3216 162
3216 163
3216 164
3216 165
3216 166
3217 44
3217 45
3217 46
3217 47
3217 48
3217 49
3217 50
3217 51
3217 98
3217 99
3217 100
3217 101
3217 102
3217 103
3217 104
3217 105
3217 106
3217 107
3217 108
3217 109
3217 110
3217 111
3217 112
3217 158
3217 159
3217 160
3217 161
3217 162
3217 163
3217 164
3217 165
3218 43
3218 44
3218 45
3218 46
3218 47
3218 48
3218 49
3218 97
3218 98
3218 99
3218 100
3218 101
3218 102
3218 103
3218 104
3218 105
3218 106
3218 107
3218 108
3218 109
3218 110
3218 111
3218 156
3218 157
3218 158
3218 159
3218 160
3218 161
3218 162
3218 163
3218 164
3219 42
3219 43
3219 44
3219 45
3219 46
3219 47
3219 96
3219 97
3219 98
3219 99
3219 100
3219 101
3219 102
3219 103
3219 104
3219 105
3219 106
3219 107
3219 108
3219 109
3219 110
3219 154
3219 155
3219 156
3219 157
3219 158
3219 159
3219 160
3219 161
3219 162
3219 163
3220 40
3220 41
3220 42
3220 43
3220 44
3220 45
3220 94
3220 95
3220 96
3220 97
3220 98
3220 99
3220 100
3220 101
3220 102
3220 103
3220 104
3220 105
3220 106
3220 107
3220 108
3220 109
3220 153
3220 154
3220 155
3220 156
3220 157
3220 158
3220 159
3220 160
3220 161
3220 162
3221 39
3221 40
3221 41
3221 42
3221 43
3221 44
3221 93
3221 94
3221 95
3221 96
3221 97
3221 98
3221 99
3221 100
3221 101
3221 102
3221 103
3221 104
3221 105
3221 106
3221 107
3221 151
3221 152
3221 153
3221 154
3221 155
3221 156
3221 157
3221 158
3221 159
3221 160
3221 161
3222 38
3222 39
3222 40
3222 41
3222 42
3222 92
3222 93
3222 94
3222 95
3222 96
3222 97
3222 98
3222 99
3222 100
3222 101
3222 102
3222 103
3222 104
3222 105
3222 106
3222 150
3222 151
3222 152
3222 153
3222 154
3222 155
3222 156
3222 157
3222 158
3222 159
3222 160
3223 37
3223 38
3223 39
3223 40
3223 91
3223 92
3223 93
3223 94
3223 95
3223 96
3223 97
3223 98
3223 99
3223 100
3223 101
3223 102
3223 103
3223 104
3223 105
3223 148
3223 149
3223 150
3223 151
3223 152
3223 153
3223 154
3223 155
3223 156
3223 157
3223 158
3223 159
3224 36
3224 37
3224 38
3224 89
3224 90
3224 91
3224 92
3224 93
3224 94
3224 95
3224 96
3224 97
3224 98
3224 99
3224 100
3224 101
3224 102
3224 103
3224 147
3224 148
3224 149
3224 150
3224 151
3224 152
3224 153
3224 154
3224 155
3224 156
3224 157
3224 158
3225 88
3225 89
3225 90
3225 91
3225 92
3225 93
3225 94
3225 95
3225 96
3225 97
3225 98
3225 99
3225 100
3225 101
3225 102
3225 145
3225 146
3225 147
3225 148
3225 149
3225 150
3225 151
3225 152
3225 153
3225 154
3225 155
3225 156
3225 157
3226 87
3226 88
3226 89
3226 90
3226 91
3226 92
3226 93
3226 94
3226 95
3226 96
3226 97
3226 98
3226 99
3226 100
3226 101
3226 144
3226 145
3226 146
3226 147
3226 148
3226 149
3226 150
3226 151
3226 152
3226 153
3226 154
3226 155
3227 85
3227 86
3227 87
3227 88
3227 89
3227 90
3227 91
3227 92
3227 93
3227 94
3227 95
3227 96
3227 97
3227 98
3227 99
3227 143
3227 144
3227 145
3227 146
3227 147
3227 148
3227 149
3227 150
3227 151
3227 152
3227 153
3227 154
3228 84
3228 85
3228 86
3228 87
3228 88
3228 89
3228 90
3228 91
3228 92
3228 93
3228 94
3228 95
3228 96
3228 97
3228 98
3228 141
3228 142
3228 143
3228 144
3228 145
3228 146
3228 147
3228 148
3228 149
3228 150
3228 151
3228 152
3228 153
3229 83
3229 84
3229 85
3229 86
3229 87
3229 88
3229 89
3229 90
3229 91
3229 92
3229 93
3229 94
3229 95
3229 96
3229 97
3229 140
3229 141
3229 142
3229 143
3229 144
3229 145
3229 146
3229 147
3229 148
3229 149
3229 150
3229 151
3229 152
3230 82
3230 83
3230 84
3230 85
3230 86
3230 87
3230 88
3230 89
3230 90
3230 91
3230 92
3230 93
3230 94
3230 95
3230 138
3230 139
3230 140
3230 141
3230 142
3230 143
3230 144
3230 145
3230 146
3230 147
3230 148
3230 149
3230 150
3230 151
3231 80
3231 81
3231 82
3231 83
3231 84
3231 85
3231 86
3231 87
3231 88
3231 89
3231 90
3231 91
3231 92
3231 93
3231 94
3231 137
3231 138
3231 139
3231 140
3231 141
3231 142
3231 143
3231 144
3231 145
3231 146
3231 147
3231 148
3231 149
3231 150
3232 79
3232 80
3232 81
3232 82
3232 83
3232 84
3232 85
3232 86
3232 87
3232 88
3232 89
3232 90
3232 91
3232 92
3232 93
3232 136
3232 137
3232 138
3232 139
3232 140
3232 141
3232 142
3232 143
3232 144
3232 145
3232 146
3232 147
3232 148
3233 78
3233 79
3233 80
3233 81
3233 82
3233 83
3233 84
3233 85
3233 86
3233 87
3233 88
3233 89
3233 90
3233 91
3233 134
3233 135
3233 136
3233 137
3233 138
3233 139
3233 140
3233 141
3233 142
3233 143
3233 144
3233 145
3233 146
3233 147
3234 77
3234 78
3234 79
3234 80
3234 81
3234 82
3234 83
3234 84
3234 85
3234 86
3234 87
3234 88
3234 89
3234 90
3234 133
3234 134
3234 135
3234 136
3234 137
3234 138
3234 139
3234 140
3234 141
3234 142
3234 143
3234 144
3234 145
3234 146
3235 75
3235 76
3235 77
3235 78
3235 79
3235 80
3235 81
3235 82
3235 83
3235 84
3235 85
3235 86
3235 87
3235 88
3235 89
3235 132
3235 133
3235 134
3235 135
3235 136
3235 137
3235 138
3235 139
3235 140
3235 141
3235 142
3235 143
3235 144
3235 145
3236 74
3236 75
3236 76
3236 77
3236 78
3236 79
3236 80
3236 81
3236 82
3236 83
3236 84
3236 85
3236 86
3236 87
3236 130
3236 131
3236 132
3236 133
3236 134
3236 135
3236 136
3236 137
3236 138
3236 139
3236 140
3236 141
3236 142
3236 143
3236 144
3237 73
3237 74
3237 75
3237 76
3237 77
3237 78
3237 79
3237 80
3237 81
3237 82
3237 83
3237 84
3237 85
3237 86
3237 129
3237 130
3237 131
3237 132
3237 133
3237 134
3237 135
3237 136
3237 137
3237 138
3237 139
3237 140
3237 141
3237 142
3238 72
3238 73
3238 74
3238 75
3238 76
3238 77
3238 78
3238 79
3238 80
3238 81
3238 82
3238 83
3238 84
3238 85
3238 128
3238 129
3238 130
3238 131
3238 132
3238 133
3238 134
3238 135
3238 136
3238 137
3238 138
3238 139
3238 140
3238 141
3239 70
3239 71
3239 72
3239 73
3239 74
3239 75
3239 76
3239 77
3239 78
3239 79
3239 80
3239 81
3239 82
3239 83
3239 126
3239 127
3239 128
3239 129
3239 130
3239 131
3239 132
3239 133
3239 134
3239 135
3239 136
3239 137
3239 138
3239 139
3239 140
3240 69
3240 70
3240 71
3240 72
3240 73
3240 74
3240 75
3240 76
3240 77
3240 78
3240 79
3240 80
3240 81
3240 82
3240 125
3240 126
3240 127
3240 128
3240 129
3240 130
3240 131
3240 132
3240 133
3240 134
3240 135
3240 136
3240 137
3240 138
3240 139
3241 68
3241 69
3241 70
3241 71
3241 72
3241 73
3241 74
3241 75
3241 76
3241 77
3241 78
3241 79
3241 80
3241 124
3241 125
3241 126
3241 127
3241 128
3241 129
3241 130
3241 131
3241 132
3241 133
3241 134
3241 135
3241 136
3241 137
3242 67
3242 68
3242 69
3242 70
3242 71
3242 72
3242 73
3242 74
3242 75
3242 76
3242 77
3242 78
3242 79
3242 122
3242 123
3242 124
3242 125
3242 126
3242 127
3242 128
3242 129
3242 130
3242 131
3242 132
3242 133
3242 134
3242 135
3242 136
3243 65
3243 66
3243 67
3243 68
3243 69
3243 70
3243 71
3243 72
3243 73
3243 74
3243 75
3243 76
3243 77
3243 121
3243 122
3243 123
3243 124
3243 125
3243 126
3243 127
3243 128
3243 129
3243 130
3243 131
3243 132
3243 133
3243 134
3243 135
3244 64
3244 65
3244 66
3244 67
3244 68
3244 69
3244 70
3244 71
3244 72
3244 73
3244 74
3244 75
3244 76
3244 120
3244 121
3244 122
3244 123
3244 124
3244 125
3244 126
3244 127
3244 128
3244 129
3244 130
3244 131
3244 132
3244 133
3244 134
3245 63
3245 64
3245 65
3245 66
3245 67
3245 68
3245 69
3245 70
3245 71
3245 72
3245 73
3245 74
3245 75
3245 118
3245 119
3245 120
3245 121
3245 122
3245 123
3245 124
3245 125
3245 126
3245 127
3245 128
3245 129
3245 130
3245 131
3245 132
3246 62
3246 63
3246 64
3246 65
3246 66
3246 67
3246 68
3246 69
3246 70
3246 71
3246 72
3246 73
3246 117
3246 118
3246 119
3246 120
3246 121
3246 122
3246 123
3246 124
3246 125
3246 126
3246 127
3246 128
3246 129
3246 130
3246 131
3247 61
3247 62
3247 63
3247 64
3247 65
3247 66
3247 67
3247 68
3247 69
3247 70
3247 71
3247 72
3247 116
3247 117
3247 118
3247 119
3247 120
3247 121
3247 122
3247 123
3247 124
3247 125
3247 126
3247 127
3247 128
3247 129
3247 130
3248 59
3248 60
3248 61
3248 62
3248 63
3248 64
3248 65
3248 66
3248 67
3248 68
3248 69
3248 70
3248 114
3248 115
3248 116
3248 117
3248 118
3248 119
3248 120
3248 121
3248 122
3248 123
3248 124
3248 125
3248 126
3248 127
3248 128
3248 129
3249 58
3249 59
3249 60
3249 61
3249 62
3249 63
3249 64
3249 65
3249 66
3249 67
3249 68
3249 69
3249 113
3249 114
3249 115
3249 116
3249 117
3249 118
3249 119
3249 120
3249 121
3249 122
3249 123
3249 124
3249 125
3249 126
3249 127
3250 57
3250 58
3250 59
3250 60
3250 61
3250 62
3250 63
3250 64
3250 65
3250 66
3250 67
3250 112
3250 113
3250 114
3250 115
3250 116
3250 117
3250 118
3250 119
3250 120
3250 121
3250 122
3250 123
3250 124
3250 125
3250 126
3251 56
3251 57
3251 58
3251 59
3251 60
3251 61
3251 62
3251 63
3251 64
3251 65
3251 66
3251 111
3251 112
3251 113
3251 114
3251 115
3251 116
3251 117
3251 118
3251 119
3251 120
3251 121
3251 122
3251 123
3251 124
3251 125
3252 54
3252 55
3252 56
3252 57
3252 58
3252 59
3252 60
3252 61
3252 62
3252 63
3252 64
3252 109
3252 110
3252 111
3252 112
3252 113
3252 114
3252 115
3252 116
3252 117
3252 118
3252 119
3252 120
3252 121
3252 122
3252 123
3252 124
3253 53
3253 54
3253 55
3253 56
3253 57
3253 58
3253 59
3253 60
3253 61
3253 62
3253 63
3253 108
3253 109
3253 110
3253 111
3253 112
3253 113
3253 114
3253 115
3253 116
3253 117
3253 118
3253 119
3253 120
3253 121
3253 122
3254 52
3254 53
3254 54
3254 55
3254 56
3254 57
3254 58
3254 59
3254 60
3254 61
3254 107
3254 108
3254 109
3254 110
3254 111
3254 112
3254 113
3254 114
3254 115
3254 116
3254 117
3254 118
3254 119
3254 120
3254 121
3254 170
3254 171
3255 51
3255 52
3255 53
3255 54
3255 55
3255 56
3255 57
3255 58
3255 59
3255 105
3255 106
3255 107
3255 108
3255 109
3255 110
3255 111
3255 112
3255 113
3255 114
3255 115
3255 116
3255 117
3255 118
3255 119
3255 120
3255 167
3255 168
3255 169
3255 170
3255 171
3256 50
3256 51
3256 52
3256 53
3256 54
3256 55
3256 56
3256 57
3256 58
3256 104
3256 105
3256 106
3256 107
3256 108
3256 109
3256 110
3256 111
3256 112
3256 113
3256 114
3256 115
3256 116
3256 117
3256 118
3256 119
3256 165
3256 166
3256 167
3256 168
3256 169
3256 170
3257 48
3257 49
3257 50
3257 51
3257 52
3257 53
3257 54
3257 55
3257 56
3257 103
3257 104
3257 105
3257 106
3257 107
3257 108
3257 109
3257 110
3257 111
3257 112
3257 113
3257 114
3257 115
3257 116
3257 117
3257 164
3257 165
3257 166
3257 167
3257 168
3257 169
3258 47
3258 48
3258 49
3258 50
3258 51
3258 52
3258 53
3258 54
3258 55
3258 102
3258 103
3258 104
3258 105
3258 106
3258 107
3258 108
3258 109
3258 110
3258 111
3258 112
3258 113
3258 114
3258 115
3258 116
3258 162
3258 163
3258 164
3258 165
3258 166
3258 167
3258 168
3259 46
3259 47
3259 48
3259 49
3259 50
3259 51
3259 52
3259 53
3259 100
3259 101
3259 102
3259 103
3259 104
3259 105
3259 106
3259 107
3259 108
3259 109
3259 110
3259 111
3259 112
3259 113
3259 114
3259 115
3259 160
3259 161
3259 162
3259 163
3259 164
3259 165
3259 166
3259 167
3260 45
3260 46
3260 47
3260 48
3260 49
3260 50
3260 51
3260 99
3260 100
3260 101
3260 102
3260 103
3260 104
3260 105
3260 106
3260 107
3260 108
3260 109
3260 110
3260 111
3260 112
3260 113
3260 158
3260 159
3260 160
3260 161
3260 162
3260 163
3260 164
3260 165
3260 166
3261 44
3261 45
3261 46
3261 47
3261 48
3261 49
3261 50
3261 98
3261 99
3261 100
3261 101
3261 102
3261 103
3261 104
3261 105
3261 106
3261 107
3261 108
3261 109
3261 110
3261 111
3261 112
3261 157
3261 158
3261 159
3261 160
3261 161
3261 162
3261 163
3261 164
3261 165
3262 43
3262 44
3262 45
3262 46
3262 47
3262 48
3262 97
3262 98
3262 99
3262 100
3262 101
3262 102
3262 103
3262 104
3262 105
3262 106
3262 107
3262 108
3262 109
3262 110
3262 111
3262 155
3262 156
3262 157
3262 158
3262 159
3262 160
3262 161
3262 162
3262 163
3262 164
3263 41
3263 42
3263 43
3263 44
3263 45
3263 46
3263 95
3263 96
3263 97
3263 98
3263 99
3263 100
3263 101
3263 102
3263 103
3263 104
3263 105
3263 106
3263 107
3263 108
3263 109
3263 110
3263 154
3263 155
3263 156
3263 157
3263 158
3263 159
3263 160
3263 161
3263 162
3263 163
3264 40
3264 41
3264 42
3264 43
3264 44
3264 94
3264 95
3264 96
3264 97
3264 98
3264 99
3264 100
3264 101
3264 102
3264 103
3264 104
3264 105
3264 106
3264 107
3264 108
3264 152
3264 153
3264 154
3264 155
3264 156
3264 157
3264 158
3264 159
3264 160
3264 161
3264 162
3265 39
3265 40
3265 41
3265 42
3265 93
3265 94
3265 95
3265 96
3265 97
3265 98
3265 99
3265 100
3265 101
3265 102
3265 103
3265 104
3265 105
3265 106
3265 107
3265 151
3265 152
3265 153
3265 154
3265 155
3265 156
3265 157
3265 158
3265 159
3265 160
3265 161
3266 39
3266 40
3266 91
3266 92
3266 93
3266 94
3266 95
3266 96
3266 97
3266 98
3266 99
3266 100
3266 101
3266 102
3266 103
3266 104
3266 105
3266 106
3266 149
3266 150
3266 151
3266 152
3266 153
3266 154
3266 155
3266 156
3266 157
3266 158
3266 159
3266 160
3267 90
3267 91
3267 92
3267 93
3267 94
3267 95
3267 96
3267 97
3267 98
3267 99
3267 100
3267 101
3267 102
3267 103
3267 104
3267 148
3267 149
3267 150
3267 151
3267 152
3267 153
3267 154
3267 155
3267 156
3267 157
3267 158
3267 159
3268 89
3268 90
3268 91
3268 92
3268 93
3268 94
3268 95
3268 96
3268 97
3268 98
3268 99
3268 100
3268 101
3268 102
3268 103
3268 146
3268 147
3268 148
3268 149
3268 150
3268 151
3268 152
3268 153
3268 154
3268 155
3268 156
3268 157
3269 88
3269 89
3269 90
3269 91
3269 92
3269 93
3269 94
3269 95
3269 96
3269 97
3269 98
3269 99
3269 100
3269 101
3269 102
3269 145
3269 146
3269 147
3269 148
3269 149
3269 150
3269 151
3269 152
3269 153
3269 154
3269 155
3269 156
3270 86
3270 87
3270 88
3270 89
3270 90
3270 91
3270 92
3270 93
3270 94
3270 95
3270 96
3270 97
3270 98
3270 99
3270 100
3270 144
3270 145
3270 146
3270 147
3270 148
3270 149
3270 150
3270 151
3270 152
3270 153
3270 154
3270 155
3271 85
3271 86
3271 87
3271 88
3271 89
3271 90
3271 91
3271 92
3271 93
3271 94
3271 95
3271 96
3271 97
3271 98
3271 99
3271 142
3271 143
3271 144
3271 145
3271 146
3271 147
3271 148
3271 149
3271 150
3271 151
3271 152
3271 153
3271 154
3271 274
3272 84
3272 85
3272 86
3272 87
3272 88
3272 89
3272 90
3272 91
3272 92
3272 93
3272 94
3272 95
3272 96
3272 97
3272 98
3272 141
3272 142
3272 143
3272 144
3272 145
3272 146
3272 147
3272 148
3272 149
3272 150
3272 151
3272 152
3272 153
3272 272
3272 273
3273 83
3273 84
3273 85
3273 86
3273 87
3273 88
3273 89
3273 90
3273 91
3273 92
3273 93
3273 94
3273 95
3273 96
3273 139
3273 140
3273 141
3273 142
3273 143
3273 144
3273 145
3273 146
3273 147
3273 148
3273 149
3273 150
3273 151
3273 152
3273 271
3273 272
3274 81
3274 82
3274 83
3274 84
3274 85
3274 86
3274 87
3274 88
3274 89
3274 90
3274 91
3274 92
3274 93
3274 94
3274 95
3274 138
3274 139
3274 140
3274 141
3274 142
3274 143
3274 144
3274 145
3274 146
3274 147
3274 148
3274 149
3274 150
3274 270
3274 271
3275 80
3275 81
3275 82
3275 83
3275 84
3275 85
3275 86
3275 87
3275 88
3275 89
3275 90
3275 91
3275 92
3275 93
3275 94
3275 137
3275 138
3275 139
3275 140
3275 141
3275 142
3275 143
3275 144
3275 145
3275 146
3275 147
3275 148
3275 149
3275 268
3275 269
3275 270
3276 79
3276 80
3276 81
3276 82
3276 83
3276 84
3276 85
3276 86
3276 87
3276 88
3276 89
3276 90
3276 91
3276 92
3276 135
3276 136
3276 137
3276 138
3276 139
3276 140
3276 141
3276 142
3276 143
3276 144
3276 145
3276 146
3276 147
3276 148
3276 267
3276 268
3276 269
3277 78
3277 79
3277 80
3277 81
3277 82
3277 83
3277 84
3277 85
3277 86
3277 87
3277 88
3277 89
3277 90
3277 91
3277 134
3277 135
3277 136
3277 137
3277 138
3277 139
3277 140
3277 141
3277 142
3277 143
3277 144
3277 145
3277 146
3277 147
3277 266
3277 267
3278 76
3278 77
3278 78
3278 79
3278 80
3278 81
3278 82
3278 83
3278 84
3278 85
3278 86
3278 87
3278 88
3278 89
3278 90
3278 133
3278 134
3278 135
3278 136
3278 137
3278 138
3278 139
3278 140
3278 141
3278 142
3278 143
3278 144
3278 145
3278 146
3278 265
3278 266
3279 75
3279 76
3279 77
3279 78
3279 79
3279 80
3279 81
3279 82
3279 83
3279 84
3279 85
3279 86
3279 87
3279 88
3279 131
3279 132
3279 133
3279 134
3279 135
3279 136
3279 137
3279 138
3279 139
3279 140
3279 141
3279 142
3279 143
3279 144
3279 264
3279 265
3280 74
3280 75
3280 76
3280 77
3280 78
3280 79
3280 80
3280 81
3280 82
3280 83
3280 84
3280 85
3280 86
3280 87
3280 130
3280 131
3280 132
3280 133
3280 134
3280 135
3280 136
3280 137
3280 138
3280 139
3280 140
3280 141
3280 142
3280 143
3280 262
3280 263
3281 73
3281 74
3281 75
3281 76
3281 77
3281 78
3281 79
3281 80
3281 81
3281 82
3281 83
3281 84
3281 85
3281 129
3281 130
3281 131
3281 132
3281 133
3281 134
3281 135
3281 136
3281 137
3281 138
3281 139
3281 140
3281 141
3281 142
3281 261
3281 262
3282 71
3282 72
3282 73
3282 74
3282 75
3282 76
3282 77
3282 78
3282 79
3282 80
3282 81
3282 82
3282 83
3282 84
3282 127
3282 128
3282 129
3282 130
3282 131
3282 132
3282 133
3282 134
3282 135
3282 136
3282 137
3282 138
3282 139
3282 140
3282 141
3283 70
3283 71
3283 72
3283 73
3283 74
3283 75
3283 76
3283 77
3283 78
3283 79
3283 80
3283 81
3283 82
3283 83
3283 126
3283 127
3283 128
3283 129
3283 130
3283 131
3283 132
3283 133
3283 134
3283 135
3283 136
3283 137
3283 138
3283 139
3283 140
3284 69
3284 70
3284 71
3284 72
3284 73
3284 74
3284 75
3284 76
3284 77
3284 78
3284 79
3284 80
3284 81
3284 125
3284 126
3284 127
3284 128
3284 129
3284 130
3284 131
3284 132
3284 133
3284 134
3284 135
3284 136
3284 137
3284 138
3285 68
3285 69
3285 70
3285 71
3285 72
3285 73
3285 74
3285 75
3285 76
3285 77
3285 78
3285 79
3285 80
3285 123
3285 124
3285 125
3285 126
3285 127
3285 128
3285 129
3285 130
3285 131
3285 132
3285 133
3285 134
3285 135
3285 136
3285 137
3286 66
3286 67
3286 68
3286 69
3286 70
3286 71
3286 72
3286 73
3286 74
3286 75
3286 76
3286 77
3286 78
3286 122
3286 123
3286 124
3286 125
3286 126
3286 127
3286 128
3286 129
3286 130
3286 131
3286 132
3286 133
3286 134
3286 135
3286 136
3287 65
3287 66
3287 67
3287 68
3287 69
3287 70
3287 71
3287 72
3287 73
3287 74
3287 75
3287 76
3287 77
3287 121
3287 122
3287 123
3287 124
3287 125
3287 126
3287 127
3287 128
3287 129
3287 130
3287 131
3287 132
3287 133
3287 134
3287 135
3288 64
3288 65
3288 66
3288 67
3288 68
3288 69
3288 70
3288 71
3288 72
3288 73
3288 74
3288 75
3288 119
3288 120
3288 121
3288 122
3288 123
3288 124
3288 125
3288 126
3288 127
3288 128
3288 129
3288 130
3288 131
3288 132
3288 133
3289 63
3289 64
3289 65
3289 66
3289 67
3289 68
3289 69
3289 70
3289 71
3289 72
3289 73
3289 74
3289 118
3289 119
3289 120
3289 121
3289 122
3289 123
3289 124
3289 125
3289 126
3289 127
3289 128
3289 129
3289 130
3289 131
3289 132
3290 62
3290 63
3290 64
3290 65
3290 66
3290 67
3290 68
3290 69
3290 70
3290 71
3290 72
3290 73
3290 117
3290 118
3290 119
3290 120
3290 121
3290 122
3290 123
3290 124
3290 125
3290 126
3290 127
3290 128
3290 129
3290 130
3290 131
3291 60
3291 61
3291 62
3291 63
3291 64
3291 65
3291 66
3291 67
3291 68
3291 69
3291 70
3291 71
3291 115
3291 116
3291 117
3291 118
3291 119
3291 120
3291 121
3291 122
3291 123
3291 124
3291 125
3291 126
3291 127
3291 128
3291 129
3291 130
3292 59
3292 60
3292 61
3292 62
3292 63
3292 64
3292 65
3292 66
3292 67
3292 68
3292 69
3292 70
3292 114
3292 115
3292 116
3292 117
3292 118
3292 119
3292 120
3292 121
3292 122
3292 123
3292 124
3292 125
3292 126
3292 127
3292 128
3293 58
3293 59
3293 60
3293 61
3293 62
3293 63
3293 64
3293 65
3293 66
3293 67
3293 68
3293 113
3293 114
3293 115
3293 116
3293 117
3293 118
3293 119
3293 120
3293 121
3293 122
3293 123
3293 124
3293 125
3293 126
3293 127
3294 57
3294 58
3294 59
3294 60
3294 61
3294 62
3294 63
3294 64
3294 65
3294 66
3294 112
3294 113
3294 114
3294 115
3294 116
3294 117
3294 118
3294 119
3294 120
3294 121
3294 122
3294 123
3294 124
3294 125
3294 126
3295 55
3295 56
3295 57
3295 58
3295 59
3295 60
3295 61
3295 62
3295 63
3295 64
3295 65
3295 110
3295 111
3295 112
3295 113
3295 114
3295 115
3295 116
3295 117
3295 118
3295 119
3295 120
3295 121
3295 122
3295 123
3295 124
3295 125
3296 54
3296 55
3296 56
3296 57
3296 58
3296 59
3296 60
3296 61
3296 62
3296 63
3296 109
3296 110
3296 111
3296 112
3296 113
3296 114
3296 115
3296 116
3296 117
3296 118
3296 119
3296 120
3296 121
3296 122
3296 123
3297 53
3297 54
3297 55
3297 56
3297 57
3297 58
3297 59
3297 60
3297 61
3297 62
3297 108
3297 109
3297 110
3297 111
3297 112
3297 113
3297 114
3297 115
3297 116
3297 117
3297 118
3297 119
3297 120
3297 121
3297 122
3298 52
3298 53
3298 54
3298 55
3298 56
3298 57
3298 58
3298 59
3298 60
3298 106
3298 107
3298 108
3298 109
3298 110
3298 111
3298 112
3298 113
3298 114
3298 115
3298 116
3298 117
3298 118
3298 119
3298 120
3298 121
3298 169
3298 170
3298 171
3299 51
3299 52
3299 53
3299 54
3299 55
3299 56
3299 57
3299 58
3299 59
3299 105
3299 106
3299 107
3299 108
3299 109
3299 110
3299 111
3299 112
3299 113
3299 114
3299 115
3299 116
3299 117
3299 118
3299 119
3299 120
3299 167
3299 168
3299 169
3299 170
3299 171
3300 50
3300 51
3300 52
3300 53
3300 54
3300 55
3300 56
3300 57
3300 104
3300 105
3300 106
3300 107
3300 108
3300 109
3300 110
3300 111
3300 112
3300 113
3300 114
3300 115
3300 116
3300 117
3300 118
3300 165
3300 166
3300 167
3300 168
3300 169
3300 170
3301 48
3301 49
3301 50
3301 51
3301 52
3301 53
3301 54
3301 55
3301 103
3301 104
3301 105
3301 106
3301 107
3301 108
3301 109
3301 110
3301 111
3301 112
3301 113
3301 114
3301 115
3301 116
3301 117
3301 163
3301 164
3301 165
3301 166
3301 167
3301 168
3301 169
3302 47
3302 48
3302 49
3302 50
3302 51
3302 52
3302 53
3302 54
3302 101
3302 102
3302 103
3302 104
3302 105
3302 106
3302 107
3302 108
3302 109
3302 110
3302 111
3302 112
3302 113
3302 114
3302 115
3302 116
3302 161
3302 162
3302 163
3302 164
3302 165
3302 166
3302 167
3302 168
3303 46
3303 47
3303 48
3303 49
3303 50
3303 51
3303 52
3303 100
3303 101
3303 102
3303 103
3303 104
3303 105
3303 106
3303 107
3303 108
3303 109
3303 110
3303 111
3303 112
3303 113
3303 114
3303 159
3303 160
3303 161
3303 162
3303 163
3303 164
3303 165
3303 166
3303 167
3304 45
3304 46
3304 47
3304 48
3304 49
3304 50
3304 99
3304 100
3304 101
3304 102
3304 103
3304 104
3304 105
3304 106
3304 107
3304 108
3304 109
3304 110
3304 111
3304 112
3304 113
3304 158
3304 159
3304 160
3304 161
3304 162
3304 163
3304 164
3304 165
3304 166
3305 44
3305 45
3305 46
3305 47
3305 48
3305 97
3305 98
3305 99
3305 100
3305 101
3305 102
3305 103
3305 104
3305 105
3305 106
3305 107
3305 108
3305 109
3305 110
3305 111
3305 112
3305 156
3305 157
3305 158
3305 159
3305 160
3305 161
3305 162
3305 163
3305 164
3305 165
3306 43
3306 44
3306 45
3306 46
3306 96
3306 97
3306 98
3306 99
3306 100
3306 101
3306 102
3306 103
3306 104
3306 105
3306 106
3306 107
3306 108
3306 109
3306 110
3306 155
3306 156
3306 157
3306 158
3306 159
3306 160
3306 161
3306 162
3306 163
3306 164
3307 42
3307 43
3307 44
3307 95
3307 96
3307 97
3307 98
3307 99
3307 100
3307 101
3307 102
3307 103
3307 104
3307 105
3307 106
3307 107
3307 108
3307 109
3307 153
3307 154
3307 155
3307 156
3307 157
3307 158
3307 159
3307 160
3307 161
3307 162
3307 163
3308 41
3308 42
3308 94
3308 95
3308 96
3308 97
3308 98
3308 99
3308 100
3308 101
3308 102
3308 103
3308 104
3308 105
3308 106
3308 107
3308 108
3308 152
3308 153
3308 154
3308 155
3308 156
3308 157
3308 158
3308 159
3308 160
3308 161
3308 162
3309 92
3309 93
3309 94
3309 95
3309 96
3309 97
3309 98
3309 99
3309 100
3309 101
3309 102
3309 103
3309 104
3309 105
3309 106
3309 107
3309 150
3309 151
3309 152
3309 153
3309 154
3309 155
3309 156
3309 157
3309 158
3309 159
3309 160
3309 161
3310 91
3310 92
3310 93
3310 94
3310 95
3310 96
3310 97
3310 98
3310 99
3310 100
3310 101
3310 102
3310 103
3310 104
3310 105
3310 149
3310 150
3310 151
3310 152
3310 153
3310 154
3310 155
3310 156
3310 157
3310 158
3310 159
3311 90
3311 91
3311 92
3311 93
3311 94
3311 95
3311 96
3311 97
3311 98
3311 99
3311 100
3311 101
3311 102
3311 103
3311 104
3311 147
3311 148
3311 149
3311 150
3311 151
3311 152
3311 153
3311 154
3311 155
3311 156
3311 157
3311 158
3312 89
3312 90
3312 91
3312 92
3312 93
3312 94
3312 95
3312 96
3312 97
3312 98
3312 99
3312 100
3312 101
3312 102
3312 103
3312 146
3312 147
3312 148
3312 149
3312 150
3312 151
3312 152
3312 153
3312 154
3312 155
3312 156
3312 157
3313 87
3313 88
3313 89
3313 90
3313 91
3313 92
3313 93
3313 94
3313 95
3313 96
3313 97
3313 98
3313 99
3313 100
3313 101
3313 145
3313 146
3313 147
3313 148
3313 149
3313 150
3313 151
3313 152
3313 153
3313 154
3313 155
3313 156
3313 276
3313 277
3314 86
3314 87
3314 88
3314 89
3314 90
3314 91
3314 92
3314 93
3314 94
3314 95
3314 96
3314 97
3314 98
3314 99
3314 100
3314 143
3314 144
3314 145
3314 146
3314 147
3314 148
3314 149
3314 150
3314 151
3314 152
3314 153
3314 154
3314 155
3314 275
3314 276
3315 85
3315 86
3315 87
3315 88
3315 89
3315 90
3315 91
3315 92
3315 93
3315 94
3315 95
3315 96
3315 97
3315 98
3315 99
3315 142
3315 143
3315 144
3315 145
3315 146
3315 147
3315 148
3315 149
3315 150
3315 151
3315 152
3315 153
3315 154
3315 273
3315 274
3315 275
3316 84
3316 85
3316 86
3316 87
3316 88
3316 89
3316 90
3316 91
3316 92
3316 93
3316 94
3316 95
3316 96
3316 97
3316 140
3316 141
3316 142
3316 143
3316 144
3316 145
3316 146
3316 147
3316 148
3316 149
3316 150
3316 151
3316 152
3316 153
3316 272
3316 273
3317 82
3317 83
3317 84
3317 85
3317 86
3317 87
3317 88
3317 89
3317 90
3317 91
3317 92
3317 93
3317 94
3317 95
3317 96
3317 139
3317 140
3317 141
3317 142
3317 143
3317 144
3317 145
3317 146
3317 147
3317 148
3317 149
3317 150
3317 151
3317 271
3317 272
3318 81
3318 82
3318 83
3318 84
3318 85
3318 86
3318 87
3318 88
3318 89
3318 90
3318 91
3318 92
3318 93
3318 94
3318 95
3318 138
3318 139
3318 140
3318 141
3318 142
3318 143
3318 144
3318 145
3318 146
3318 147
3318 148
3318 149
3318 150
3318 269
3318 270
3318 271
3319 80
3319 81
3319 82
3319 83
3319 84
3319 85
3319 86
3319 87
3319 88
3319 89
3319 90
3319 91
3319 92
3319 93
3319 136
3319 137
3319 138
3319 139
3319 140
3319 141
3319 142
3319 143
3319 144
3319 145
3319 146
3319 147
3319 148
3319 149
3319 268
3319 269
3319 270
3320 79
3320 80
3320 81
3320 82
3320 83
3320 84
3320 85
3320 86
3320 87
3320 88
3320 89
3320 90
3320 91
3320 92
3320 135
3320 136
3320 137
3320 138
3320 139
3320 140
3320 141
3320 142
3320 143
3320 144
3320 145
3320 146
3320 147
3320 148
3320 267
3320 268
3320 269
3321 77
3321 78
3321 79
3321 80
3321 81
3321 82
3321 83
3321 84
3321 85
3321 86
3321 87
3321 88
3321 89
3321 90
3321 134
3321 135
3321 136
3321 137
3321 138
3321 139
3321 140
3321 141
3321 142
3321 143
3321 144
3321 145
3321 146
3321 147
3321 266
3321 267
3322 76
3322 77
3322 78
3322 79
3322 80
3322 81
3322 82
3322 83
3322 84
3322 85
3322 86
3322 87
3322 88
3322 89
3322 132
3322 133
3322 134
3322 135
3322 136
3322 137
3322 138
3322 139
3322 140
3322 141
3322 142
3322 143
3322 144
3322 145
3322 264
3322 265
3322 266
3323 75
3323 76
3323 77
3323 78
3323 79
3323 80
3323 81
3323 82
3323 83
3323 84
3323 85
3323 86
3323 87
3323 88
3323 131
3323 132
3323 133
3323 134
3323 135
3323 136
3323 137
3323 138
3323 139
3323 140
3323 141
3323 142
3323 143
3323 144
3323 263
3323 264
3323 265
3324 74
3324 75
3324 76
3324 77
3324 78
3324 79
3324 80
3324 81
3324 82
3324 83
3324 84
3324 85
3324 86
3324 130
3324 131
3324 132
3324 133
3324 134
3324 135
3324 136
3324 137
3324 138
3324 139
3324 140
3324 141
3324 142
3324 143
3324 262
3324 263
3325 73
3325 74
3325 75
3325 76
3325 77
3325 78
3325 79
3325 80
3325 81
3325 82
3325 83
3325 84
3325 85
3325 128
3325 129
3325 130
3325 131
3325 132
3325 133
3325 134
3325 135
3325 136
3325 137
3325 138
3325 139
3325 140
3325 141
3325 142
3325 261
3325 262
3326 71
3326 72
3326 73
3326 74
3326 75
3326 76
3326 77
3326 78
3326 79
3326 80
3326 81
3326 82
3326 83
3326 127
3326 128
3326 129
3326 130
3326 131
3326 132
3326 133
3326 134
3326 135
3326 136
3326 137
3326 138
3326 139
3326 140
3327 70
3327 71
3327 72
3327 73
3327 74
3327 75
3327 76
3327 77
3327 78
3327 79
3327 80
3327 81
3327 82
3327 126
3327 127
3327 128
3327 129
3327 130
3327 131
3327 132
3327 133
3327 134
3327 135
3327 136
3327 137
3327 138
3327 139
3328 69
3328 70
3328 71
3328 72
3328 73
3328 74
3328 75
3328 76
3328 77
3328 78
3328 79
3328 80
3328 81
3328 124
3328 125
3328 126
3328 127
3328 128
3328 129
3328 130
3328 131
3328 132
3328 133
3328 134
3328 135
3328 136
3328 137
3328 138
3329 68
3329 69
3329 70
3329 71
3329 72
3329 73
3329 74
3329 75
3329 76
3329 77
3329 78
3329 79
3329 123
3329 124
3329 125
3329 126
3329 127
3329 128
3329 129
3329 130
3329 131
3329 132
3329 133
3329 134
3329 135
3329 136
3329 137
3330 66
3330 67
3330 68
3330 69
3330 70
3330 71
3330 72
3330 73
3330 74
3330 75
3330 76
3330 77
3330 78
3330 122
3330 123
3330 124
3330 125
3330 126
3330 127
3330 128
3330 129
3330 130
3330 131
3330 132
3330 133
3330 134
3330 135
3331 65
3331 66
3331 67
3331 68
3331 69
3331 70
3331 71
3331 72
3331 73
3331 74
3331 75
3331 76
3331 120
3331 121
3331 122
3331 123
3331 124
3331 125
3331 126
3331 127
3331 128
3331 129
3331 130
3331 131
3331 132
3331 133
3331 134
3332 64
3332 65
3332 66
3332 67
3332 68
3332 69
3332 70
3332 71
3332 72
3332 73
3332 74
3332 75
3332 119
3332 120
3332 121
3332 122
3332 123
3332 124
3332 125
3332 126
3332 127
3332 128
3332 129
3332 130
3332 131
3332 132
3332 133
3333 63
3333 64
3333 65
3333 66
3333 67
3333 68
3333 69
3333 70
3333 71
3333 72
3333 73
3333 118
3333 119
3333 120
3333 121
3333 122
3333 123
3333 124
3333 125
3333 126
3333 127
3333 128
3333 129
3333 130
3333 131
3333 132
3334 62
3334 63
3334 64
3334 65
3334 66
3334 67
3334 68
3334 69
3334 70
3334 71
3334 72
3334 116
3334 117
3334 118
3334 119
3334 120
3334 121
3334 122
3334 123
3334 124
3334 125
3334 126
3334 127
3334 128
3334 129
3334 130
3334 131
3335 60
3335 61
3335 62
3335 63
3335 64
3335 65
3335 66
3335 67
3335 68
3335 69
3335 70
3335 115
3335 116
3335 117
3335 118
3335 119
3335 120
3335 121
3335 122
3335 123
3335 124
3335 125
3335 126
3335 127
3335 128
3335 129
3336 59
3336 60
3336 61
3336 62
3336 63
3336 64
3336 65
3336 66
3336 67
3336 68
3336 69
3336 114
3336 115
3336 116
3336 117
3336 118
3336 119
3336 120
3336 121
3336 122
3336 123
3336 124
3336 125
3336 126
3336 127
3336 128
3337 58
3337 59
3337 60
3337 61
3337 62
3337 63
3337 64
3337 65
3337 66
3337 67
3337 113
3337 114
3337 115
3337 116
3337 117
3337 118
3337 119
3337 120
3337 121
3337 122
3337 123
3337 124
3337 125
3337 126
3337 127
3338 57
3338 58
3338 59
3338 60
3338 61
3338 62
3338 63
3338 64
3338 65
3338 66
3338 111
3338 112
3338 113
3338 114
3338 115
3338 116
3338 117
3338 118
3338 119
3338 120
3338 121
3338 122
3338 123
3338 124
3338 125
3339 56
3339 57
3339 58
3339 59
3339 60
3339 61
3339 62
3339 63
3339 64
3339 110
3339 111
3339 112
3339 113
3339 114
3339 115
3339 116
3339 117
3339 118
3339 119
3339 120
3339 121
3339 122
3339 123
3339 124
3340 54
3340 55
3340 56
3340 57
3340 58
3340 59
3340 60
3340 61
3340 62
3340 109
3340 110
3340 111
3340 112
3340 113
3340 114
3340 115
3340 116
3340 117
3340 118
3340 119
3340 120
3340 121
3340 122
3340 123
3341 53
3341 54
3341 55
3341 56
3341 57
3341 58
3341 59
3341 60
3341 61
3341 107
3341 108
3341 109
3341 110
3341 111
3341 112
3341 113
3341 114
3341 115
3341 116
3341 117
3341 118
3341 119
3341 120
3341 121
3341 122
3342 52
3342 53
3342 54
3342 55
3342 56
3342 57
3342 58
3342 59
3342 106
3342 107
3342 108
3342 109
3342 110
3342 111
3342 112
3342 113
3342 114
3342 115
3342 116
3342 117
3342 118
3342 119
3342 120
3342 168
3342 169
3342 170
3342 171
3343 51
3343 52
3343 53
3343 54
3343 55
3343 56
3343 57
3343 105
3343 106
3343 107
3343 108
3343 109
3343 110
3343 111
3343 112
3343 113
3343 114
3343 115
3343 116
3343 117
3343 118
3343 119
3343 166
3343 167
3343 168
3343 169
3343 170
3344 50
3344 51
3344 52
3344 53
3344 54
3344 55
3344 56
3344 104
3344 105
3344 106
3344 107
3344 108
3344 109
3344 110
3344 111
3344 112
3344 113
3344 114
3344 115
3344 116
3344 117
3344 118
3344 164
3344 165
3344 166
3344 167
3344 168
3344 169
3345 49
3345 50
3345 51
3345 52
3345 53
3345 54
3345 102
3345 103
3345 104
3345 105
3345 106
3345 107
3345 108
3345 109
3345 110
3345 111
3345 112
3345 113
3345 114
3345 115
3345 116
3345 117
3345 162
3345 163
3345 164
3345 165
3345 166
3345 167
3345 168
3345 169
3346 48
3346 49
3346 50
3346 51
3346 52
3346 101
3346 102
3346 103
3346 104
3346 105
3346 106
3346 107
3346 108
3346 109
3346 110
3346 111
3346 112
3346 113
3346 114
3346 115
3346 161
3346 162
3346 163
3346 164
3346 165
3346 166
3346 167
3346 168
3347 47
3347 48
3347 49
3347 50
3347 100
3347 101
3347 102
3347 103
3347 104
3347 105
3347 106
3347 107
3347 108
3347 109
3347 110
3347 111
3347 112
3347 113
3347 114
3347 159
3347 160
3347 161
3347 162
3347 163
3347 164
3347 165
3347 166
3347 167
3348 46
3348 47
3348 48
3348 99
3348 100
3348 101
3348 102
3348 103
3348 104
3348 105
3348 106
3348 107
3348 108
3348 109
3348 110
3348 111
3348 112
3348 113
3348 157
3348 158
3348 159
3348 160
3348 161
3348 162
3348 163
3348 164
3348 165
3348 166
3349 97
3349 98
3349 99
3349 100
3349 101
3349 102
3349 103
3349 104
3349 105
3349 106
3349 107
3349 108
3349 109
3349 110
3349 111
3349 156
3349 157
3349 158
3349 159
3349 160
3349 161
3349 162
3349 163
3349 164
3349 165
3350 96
3350 97
3350 98
3350 99
3350 100
3350 101
3350 102
3350 103
3350 104
3350 105
3350 106
3350 107
3350 108
3350 109
3350 110
3350 154
3350 155
3350 156
3350 157
3350 158
3350 159
3350 160
3350 161
3350 162
3350 163
3351 95
3351 96
3351 97
3351 98
3351 99
3351 100
3351 101
3351 102
3351 103
3351 104
3351 105
3351 106
3351 107
3351 108
3351 109
3351 153
3351 154
3351 155
3351 156
3351 157
3351 158
3351 159
3351 160
3351 161
3351 162
3352 94
3352 95
3352 96
3352 97
3352 98
3352 99
3352 100
3352 101
3352 102
3352 103
3352 104
3352 105
3352 106
3352 107
3352 151
3352 152
3352 153
3352 154
3352 155
3352 156
3352 157
3352 158
3352 159
3352 160
3352 161
3353 92
3353 93
3353 94
3353 95
3353 96
3353 97
3353 98
3353 99
3353 100
3353 101
3353 102
3353 103
3353 104
3353 105
3353 106
3353 150
3353 151
3353 152
3353 153
3353 154
3353 155
3353 156
3353 157
3353 158
3353 159
3353 160
3354 91
3354 92
3354 93
3354 94
3354 95
3354 96
3354 97
3354 98
3354 99
3354 100
3354 101
3354 102
3354 103
3354 104
3354 105
3354 148
3354 149
3354 150
3354 151
3354 152
3354 153
3354 154
3354 155
3354 156
3354 157
3354 158
3354 159
3355 90
3355 91
3355 92
3355 93
3355 94
3355 95
3355 96
3355 97
3355 98
3355 99
3355 100
3355 101
3355 102
3355 103
3355 147
3355 148
3355 149
3355 150
3355 151
3355 152
3355 153
3355 154
3355 155
3355 156
3355 157
3355 158
3356 89
3356 90
3356 91
3356 92
3356 93
3356 94
3356 95
3356 96
3356 97
3356 98
3356 99
3356 100
3356 101
3356 102
3356 146
3356 147
3356 148
3356 149
3356 150
3356 151
3356 152
3356 153
3356 154
3356 155
3356 156
3356 157
3357 87
3357 88
3357 89
3357 90
3357 91
3357 92
3357 93
3357 94
3357 95
3357 96
3357 97
3357 98
3357 99
3357 100
3357 101
3357 144
3357 145
3357 146
3357 147
3357 148
3357 149
3357 150
3357 151
3357 152
3357 153
3357 154
3357 155
3357 156
3357 276
3358 86
3358 87
3358 88
3358 89
3358 90
3358 91
3358 92
3358 93
3358 94
3358 95
3358 96
3358 97
3358 98
3358 99
3358 143
3358 144
3358 145
3358 146
3358 147
3358 148
3358 149
3358 150
3358 151
3358 152
3358 153
3358 154
3358 275
3359 85
3359 86
3359 87
3359 88
3359 89
3359 90
3359 91
3359 92
3359 93
3359 94
3359 95
3359 96
3359 97
3359 98
3359 141
3359 142
3359 143
3359 144
3359 145
3359 146
3359 147
3359 148
3359 149
3359 150
3359 151
3359 152
3359 153
3359 273
3359 274
3360 84
3360 85
3360 86
3360 87
3360 88
3360 89
3360 90
3360 91
3360 92
3360 93
3360 94
3360 95
3360 96
3360 97
3360 140
3360 141
3360 142
3360 143
3360 144
3360 145
3360 146
3360 147
3360 148
3360 149
3360 150
3360 151
3360 152
3360 272
3360 273
3361 82
3361 83
3361 84
3361 85
3361 86
3361 87
3361 88
3361 89
3361 90
3361 91
3361 92
3361 93
3361 94
3361 95
3361 139
3361 140
3361 141
3361 142
3361 143
3361 144
3361 145
3361 146
3361 147
3361 148
3361 149
3361 150
3361 151
3361 271
3361 272
3362 81
3362 82
3362 83
3362 84
3362 85
3362 86
3362 87
3362 88
3362 89
3362 90
3362 91
3362 92
3362 93
3362 94
3362 137
3362 138
3362 139
3362 140
3362 141
3362 142
3362 143
3362 144
3362 145
3362 146
3362 147
3362 148
3362 149
3362 150
3362 270
3362 271
3363 80
3363 81
3363 82
3363 83
3363 84
3363 85
3363 86
3363 87
3363 88
3363 89
3363 90
3363 91
3363 92
3363 93
3363 136
3363 137
3363 138
3363 139
3363 140
3363 141
3363 142
3363 143
3363 144
3363 145
3363 146
3363 147
3363 148
3363 268
3363 269
3364 79
3364 80
3364 81
3364 82
3364 83
3364 84
3364 85
3364 86
3364 87
3364 88
3364 89
3364 90
3364 91
3364 135
3364 136
3364 137
3364 138
3364 139
3364 140
3364 141
3364 142
3364 143
3364 144
3364 145
3364 146
3364 147
3364 267
3364 268
3365 77
3365 78
3365 79
3365 80
3365 81
3365 82
3365 83
3365 84
3365 85
3365 86
3365 87
3365 88
3365 89
3365 90
3365 133
3365 134
3365 135
3365 136
3365 137
3365 138
3365 139
3365 140
3365 141
3365 142
3365 143
3365 144
3365 145
3365 146
3365 266
3365 267
3366 76
3366 77
3366 78
3366 79
3366 80
3366 81
3366 82
3366 83
3366 84
3366 85
3366 86
3366 87
3366 88
3366 132
3366 133
3366 134
3366 135
3366 136
3366 137
3366 138
3366 139
3366 140
3366 141
3366 142
3366 143
3366 144
3366 145
3366 265
3367 75
3367 76
3367 77
3367 78
3367 79
3367 80
3367 81
3367 82
3367 83
3367 84
3367 85
3367 86
3367 87
3367 131
3367 132
3367 133
3367 134
3367 135
3367 136
3367 137
3367 138
3367 139
3367 140
3367 141
3367 142
3367 143
3367 144
3368 74
3368 75
3368 76
3368 77
3368 78
3368 79
3368 80
3368 81
3368 82
3368 83
3368 84
3368 85
3368 86
3368 129
3368 130
3368 131
3368 132
3368 133
3368 134
3368 135
3368 136
3368 137
3368 138
3368 139
3368 140
3368 141
3368 142
3369 72
3369 73
3369 74
3369 75
3369 76
3369 77
3369 78
3369 79
3369 80
3369 81
3369 82
3369 83
3369 84
3369 128
3369 129
3369 130
3369 131
3369 132
3369 133
3369 134
3369 135
3369 136
3369 137
3369 138
3369 139
3369 140
3369 141
3370 71
3370 72
3370 73
3370 74
3370 75
3370 76
3370 77
3370 78
3370 79
3370 80
3370 81
3370 82
3370 83
3370 127
3370 128
3370 129
3370 130
3370 131
3370 132
3370 133
3370 134
3370 135
3370 136
3370 137
3370 138
3370 139
3370 140
3371 70
3371 71
3371 72
3371 73
3371 74
3371 75
3371 76
3371 77
3371 78
3371 79
3371 80
3371 81
3371 125
3371 126
3371 127
3371 128
3371 129
3371 130
3371 131
3371 132
3371 133
3371 134
3371 135
3371 136
3371 137
3371 138
3371 139
3372 69
3372 70
3372 71
3372 72
3372 73
3372 74
3372 75
3372 76
3372 77
3372 78
3372 79
3372 80
3372 124
3372 125
3372 126
3372 127
3372 128
3372 129
3372 130
3372 131
3372 132
3372 133
3372 134
3372 135
3372 136
3372 137
3372 138
3373 68
3373 69
3373 70
3373 71
3373 72
3373 73
3373 74
3373 75
3373 76
3373 77
3373 78
3373 123
3373 124
3373 125
3373 126
3373 127
3373 128
3373 129
3373 130
3373 131
3373 132
3373 133
3373 134
3373 135
3373 136
3374 66
3374 67
3374 68
3374 69
3374 70
3374 71
3374 72
3374 73
3374 74
3374 75
3374 76
3374 77
3374 121
3374 122
3374 123
3374 124
3374 125
3374 126
3374 127
3374 128
3374 129
3374 130
3374 131
3374 132
3374 133
3374 134
3374 135
3375 65
3375 66
3375 67
3375 68
3375 69
3375 70
3375 71
3375 72
3375 73
3375 74
3375 75
3375 120
3375 121
3375 122
3375 123
3375 124
3375 125
3375 126
3375 127
3375 128
3375 129
3375 130
3375 131
3375 132
3375 133
3375 134
3376 64
3376 65
3376 66
3376 67
3376 68
3376 69
3376 70
3376 71
3376 72
3376 73
3376 74
3376 119
3376 120
3376 121
3376 122
3376 123
3376 124
3376 125
3376 126
3376 127
3376 128
3376 129
3376 130
3376 131
3376 132
3376 133
3377 63
3377 64
3377 65
3377 66
3377 67
3377 68
3377 69
3377 70
3377 71
3377 72
3377 117
3377 118
3377 119
3377 120
3377 121
3377 122
3377 123
3377 124
3377 125
3377 126
3377 127
3377 128
3377 129
3377 130
3377 131
3378 62
3378 63
3378 64
3378 65
3378 66
3378 67
3378 68
3378 69
3378 70
3378 71
3378 116
3378 117
3378 118
3378 119
3378 120
3378 121
3378 122
3378 123
3378 124
3378 125
3378 126
3378 127
3378 128
3378 129
3378 130
3379 60
3379 61
3379 62
3379 63
3379 64
3379 65
3379 66
3379 67
3379 68
3379 69
3379 115
3379 116
3379 117
3379 118
3379 119
3379 120
3379 121
3379 122
3379 123
3379 124
3379 125
3379 126
3379 127
3379 128
3379 129
3380 59
3380 60
3380 61
3380 62
3380 63
3380 64
3380 65
3380 66
3380 67
3380 68
3380 114
3380 115
3380 116
3380 117
3380 118
3380 119
3380 120
3380 121
3380 122
3380 123
3380 124
3380 125
3380 126
3380 127
3380 128
3381 58
3381 59
3381 60
3381 61
3381 62
3381 63
3381 64
3381 65
3381 66
3381 112
3381 113
3381 114
3381 115
3381 116
3381 117
3381 118
3381 119
3381 120
3381 121
3381 122
3381 123
3381 124
3381 125
3381 126
3382 57
3382 58
3382 59
3382 60
3382 61
3382 62
3382 63
3382 64
3382 111
3382 112
3382 113
3382 114
3382 115
3382 116
3382 117
3382 118
3382 119
3382 120
3382 121
3382 122
3382 123
3382 124
3382 125
3383 56
3383 57
3383 58
3383 59
3383 60
3383 61
3383 62
3383 63
3383 110
3383 111
3383 112
3383 113
3383 114
3383 115
3383 116
3383 117
3383 118
3383 119
3383 120
3383 121
3383 122
3383 123
3383 124
3384 55
3384 56
3384 57
3384 58
3384 59
3384 60
3384 61
3384 109
3384 110
3384 111
3384 112
3384 113
3384 114
3384 115
3384 116
3384 117
3384 118
3384 119
3384 120
3384 121
3384 122
3385 54
3385 55
3385 56
3385 57
3385 58
3385 59
3385 107
3385 108
3385 109
3385 110
3385 111
3385 112
3385 113
3385 114
3385 115
3385 116
3385 117
3385 118
3385 119
3385 120
3385 121
3386 53
3386 54
3386 55
3386 56
3386 57
3386 106
3386 107
3386 108
3386 109
3386 110
3386 111
3386 112
3386 113
3386 114
3386 115
3386 116
3386 117
3386 118
3386 119
3386 120
3386 168
3386 169
3386 170
3387 52
3387 53
3387 54
3387 55
3387 56
3387 105
3387 106
3387 107
3387 108
3387 109
3387 110
3387 111
3387 112
3387 113
3387 114
3387 115
3387 116
3387 117
3387 118
3387 119
3387 165
3387 166
3387 167
3387 168
3387 169
3387 170
3388 51
3388 52
3388 53
3388 54
3388 103
3388 104
3388 105
3388 106
3388 107
3388 108
3388 109
3388 110
3388 111
3388 112
3388 113
3388 114
3388 115
3388 116
3388 117
3388 164
3388 165
3388 166
3388 167
3388 168
3388 169
3389 50
3389 51
3389 102
3389 103
3389 104
3389 105
3389 106
3389 107
3389 108
3389 109
3389 110
3389 111
3389 112
3389 113
3389 114
3389 115
3389 116
3389 162
3389 163
3389 164
3389 165
3389 166
3389 167
3389 168
3390 101
3390 102
3390 103
3390 104
3390 105
3390 106
3390 107
3390 108
3390 109
3390 110
3390 111
3390 112
3390 113
3390 114
3390 115
3390 160
3390 161
3390 162
3390 163
3390 164
3390 165
3390 166
3390 167
3391 100
3391 101
3391 102
3391 103
3391 104
3391 105
3391 106
3391 107
3391 108
3391 109
3391 110
3391 111
3391 112
3391 113
3391 159
3391 160
3391 161
3391 162
3391 163
3391 164
3391 165
3391 166
3392 98
3392 99
3392 100
3392 101
3392 102
3392 103
3392 104
3392 105
3392 106
3392 107
3392 108
3392 109
3392 110
3392 111
3392 112
3392 157
3392 158
3392 159
3392 160
3392 161
3392 162
3392 163
3392 164
3392 165
3393 97
3393 98
3393 99
3393 100
3393 101
3393 102
3393 103
3393 104
3393 105
3393 106
3393 107
3393 108
3393 109
3393 110
3393 111
3393 155
3393 156
3393 157
3393 158
3393 159
3393 160
3393 161
3393 162
3393 163
3393 164
3394 96
3394 97
3394 98
3394 99
3394 100
3394 101
3394 102
3394 103
3394 104
3394 105
3394 106
3394 107
3394 108
3394 109
3394 154
3394 155
3394 156
3394 157
3394 158
3394 159
3394 160
3394 161
3394 162
3394 163
3395 95
3395 96
3395 97
3395 98
3395 99
3395 100
3395 101
3395 102
3395 103
3395 104
3395 105
3395 106
3395 107
3395 108
3395 152
3395 153
3395 154
3395 155
3395 156
3395 157
3395 158
3395 159
3395 160
3395 161
3395 162
3396 93
3396 94
3396 95
3396 96
3396 97
3396 98
3396 99
3396 100
3396 101
3396 102
3396 103
3396 104
3396 105
3396 106
3396 107
3396 151
3396 152
3396 153
3396 154
3396 155
3396 156
3396 157
3396 158
3396 159
3396 160
3396 161
3397 92
3397 93
3397 94
3397 95
3397 96
3397 97
3397 98
3397 99
3397 100
3397 101
3397 102
3397 103
3397 104
3397 105
3397 106
3397 150
3397 151
3397 152
3397 153
3397 154
3397 155
3397 156
3397 157
3397 158
3397 159
3397 160
3398 91
3398 92
3398 93
3398 94
3398 95
3398 96
3398 97
3398 98
3398 99
3398 100
3398 101
3398 102
3398 103
3398 104
3398 148
3398 149
3398 150
3398 151
3398 152
3398 153
3398 154
3398 155
3398 156
3398 157
3398 158
3399 90
3399 91
3399 92
3399 93
3399 94
3399 95
3399 96
3399 97
3399 98
3399 99
3399 100
3399 101
3399 102
3399 103
3399 147
3399 148
3399 149
3399 150
3399 151
3399 152
3399 153
3399 154
3399 155
3399 156
3399 157
3400 88
3400 89
3400 90
3400 91
3400 92
3400 93
3400 94
3400 95
3400 96
3400 97
3400 98
3400 99
3400 100
3400 101
3400 102
3400 145
3400 146
3400 147
3400 148
3400 149
3400 150
3400 151
3400 152
3400 153
3400 154
3400 155
3400 156
3401 87
3401 88
3401 89
3401 90
3401 91
3401 92
3401 93
3401 94
3401 95
3401 96
3401 97
3401 98
3401 99
3401 100
3401 144
3401 145
3401 146
3401 147
3401 148
3401 149
3401 150
3401 151
3401 152
3401 153
3401 154
3401 155
3402 86
3402 87
3402 88
3402 89
3402 90
3402 91
3402 92
3402 93
3402 94
3402 95
3402 96
3402 97
3402 98
3402 99
3402 142
3402 143
3402 144
3402 145
3402 146
3402 147
3402 148
3402 149
3402 150
3402 151
3402 152
3402 153
3402 154
3403 85
3403 86
3403 87
3403 88
3403 89
3403 90
3403 91
3403 92
3403 93
3403 94
3403 95
3403 96
3403 97
3403 141
3403 142
3403 143
3403 144
3403 145
3403 146
3403 147
3403 148
3403 149
3403 150
3403 151
3403 152
3403 153
3404 83
3404 84
3404 85
3404 86
3404 87
3404 88
3404 89
3404 90
3404 91
3404 92
3404 93
3404 94
3404 95
3404 96
3404 140
3404 141
3404 142
3404 143
3404 144
3404 145
3404 146
3404 147
3404 148
3404 149
3404 150
3404 151
3404 152
3405 82
3405 83
3405 84
3405 85
3405 86
3405 87
3405 88
3405 89
3405 90
3405 91
3405 92
3405 93
3405 94
3405 95
3405 138
3405 139
3405 140
3405 141
3405 142
3405 143
3405 144
3405 145
3405 146
3405 147
3405 148
3405 149
3405 150
3406 81
3406 82
3406 83
3406 84
3406 85
3406 86
3406 87
3406 88
3406 89
3406 90
3406 91
3406 92
3406 93
3406 137
3406 138
3406 139
3406 140
3406 141
3406 142
3406 143
3406 144
3406 145
3406 146
3406 147
3406 148
3406 149
3407 80
3407 81
3407 82
3407 83
3407 84
3407 85
3407 86
3407 87
3407 88
3407 89
3407 90
3407 91
3407 92
3407 136
3407 137
3407 138
3407 139
3407 140
3407 141
3407 142
3407 143
3407 144
3407 145
3407 146
3407 147
3407 148
3408 79
3408 80
3408 81
3408 82
3408 83
3408 84
3408 85
3408 86
3408 87
3408 88
3408 89
3408 90
3408 91
3408 134
3408 135
3408 136
3408 137
3408 138
3408 139
3408 140
3408 141
3408 142
3408 143
3408 144
3408 145
3408 146
3408 147
3409 77
3409 78
3409 79
3409 80
3409 81
3409 82
3409 83
3409 84
3409 85
3409 86
3409 87
3409 88
3409 89
3409 133
3409 134
3409 135
3409 136
3409 137
3409 138
3409 139
3409 140
3409 141
3409 142
3409 143
3409 144
3409 145
3409 146
3410 76
3410 77
3410 78
3410 79
3410 80
3410 81
3410 82
3410 83
3410 84
3410 85
3410 86
3410 87
3410 88
3410 132
3410 133
3410 134
3410 135
3410 136
3410 137
3410 138
3410 139
3410 140
3410 141
3410 142
3410 143
3410 144
3411 75
3411 76
3411 77
3411 78
3411 79
3411 80
3411 81
3411 82
3411 83
3411 84
3411 85
3411 86
3411 130
3411 131
3411 132
3411 133
3411 134
3411 135
3411 136
3411 137
3411 138
3411 139
3411 140
3411 141
3411 142
3411 143
3412 74
3412 75
3412 76
3412 77
3412 78
3412 79
3412 80
3412 81
3412 82
3412 83
3412 84
3412 85
3412 129
3412 130
3412 131
3412 132
3412 133
3412 134
3412 135
3412 136
3412 137
3412 138
3412 139
3412 140
3412 141
3412 142
3413 73
3413 74
3413 75
3413 76
3413 77
3413 78
3413 79
3413 80
3413 81
3413 82
3413 83
3413 128
3413 129
3413 130
3413 131
3413 132
3413 133
3413 134
3413 135
3413 136
3413 137
3413 138
3413 139
3413 140
3413 141
3414 71
3414 72
3414 73
3414 74
3414 75
3414 76
3414 77
3414 78
3414 79
3414 80
3414 81
3414 82
3414 126
3414 127
3414 128
3414 129
3414 130
3414 131
3414 132
3414 133
3414 134
3414 135
3414 136
3414 137
3414 138
3414 139
3415 70
3415 71
3415 72
3415 73
3415 74
3415 75
3415 76
3415 77
3415 78
3415 79
3415 80
3415 125
3415 126
3415 127
3415 128
3415 129
3415 130
3415 131
3415 132
3415 133
3415 134
3415 135
3415 136
3415 137
3415 138
3416 69
3416 70
3416 71
3416 72
3416 73
3416 74
3416 75
3416 76
3416 77
3416 78
3416 79
3416 124
3416 125
3416 126
3416 127
3416 128
3416 129
3416 130
3416 131
3416 132
3416 133
3416 134
3416 135
3416 136
3416 137
3417 68
3417 69
3417 70
3417 71
3417 72
3417 73
3417 74
3417 75
3417 76
3417 77
3417 122
3417 123
3417 124
3417 125
3417 126
3417 127
3417 128
3417 129
3417 130
3417 131
3417 132
3417 133
3417 134
3417 135
3417 136
3418 67
3418 68
3418 69
3418 70
3418 71
3418 72
3418 73
3418 74
3418 75
3418 76
3418 121
3418 122
3418 123
3418 124
3418 125
3418 126
3418 127
3418 128
3418 129
3418 130
3418 131
3418 132
3418 133
3418 134
3419 66
3419 67
3419 68
3419 69
3419 70
3419 71
3419 72
3419 73
3419 74
3419 120
3419 121
3419 122
3419 123
3419 124
3419 125
3419 126
3419 127
3419 128
3419 129
3419 130
3419 131
3419 132
3419 133
3420 64
3420 65
3420 66
3420 67
3420 68
3420 69
3420 70
3420 71
3420 72
3420 73
3420 119
3420 120
3420 121
3420 122
3420 123
3420 124
3420 125
3420 126
3420 127
3420 128
3420 129
3420 130
3420 131
3420 132
3421 63
3421 64
3421 65
3421 66
3421 67
3421 68
3421 69
3421 70
3421 71
3421 117
3421 118
3421 119
3421 120
3421 121
3421 122
3421 123
3421 124
3421 125
3421 126
3421 127
3421 128
3421 129
3421 130
3421 131
3422 62
3422 63
3422 64
3422 65
3422 66
3422 67
3422 68
3422 69
3422 70
3422 116
3422 117
3422 118
3422 119
3422 120
3422 121
3422 122
3422 123
3422 124
3422 125
3422 126
3422 127
3422 128
3422 129
3423 61
3423 62
3423 63
3423 64
3423 65
3423 66
3423 67
3423 68
3423 115
3423 116
3423 117
3423 118
3423 119
3423 120
3423 121
3423 122
3423 123
3423 124
3423 125
3423 126
3423 127
3423 128
3424 60
3424 61
3424 62
3424 63
3424 64
3424 65
3424 66
3424 113
3424 114
3424 115
3424 116
3424 117
3424 118
3424 119
3424 120
3424 121
3424 122
3424 123
3424 124
3424 125
3424 126
3424 127
3425 59
3425 60
3425 61
3425 62
3425 63
3425 64
3425 65
3425 112
3425 113
3425 114
3425 115
3425 116
3425 117
3425 118
3425 119
3425 120
3425 121
3425 122
3425 123
3425 124
3425 125
3425 126
3426 58
3426 59
3426 60
3426 61
3426 62
3426 63
3426 111
3426 112
3426 113
3426 114
3426 115
3426 116
3426 117
3426 118
3426 119
3426 120
3426 121
3426 122
3426 123
3426 124
3427 57
3427 58
3427 59
3427 60
3427 61
3427 110
3427 111
3427 112
3427 113
3427 114
3427 115
3427 116
3427 117
3427 118
3427 119
3427 120
3427 121
3427 122
3427 123
3428 56
3428 57
3428 58
3428 59
3428 108
3428 109
3428 110
3428 111
3428 112
3428 113
3428 114
3428 115
3428 116
3428 117
3428 118
3428 119
3428 120
3428 121
3428 122
3429 56
3429 107
3429 108
3429 109
3429 110
3429 111
3429 112
3429 113
3429 114
3429 115
3429 116
3429 117
3429 118
3429 119
3429 120
3429 121
3430 106
3430 107
3430 108
3430 109
3430 110
3430 111
3430 112
3430 113
3430 114
3430 115
3430 116
3430 117
3430 118
3430 119
3430 167
3430 168
3430 169
3431 105
3431 106
3431 107
3431 108
3431 109
3431 110
3431 111
3431 112
3431 113
3431 114
3431 115
3431 116
3431 117
3431 118
3431 165
3431 166
3431 167
3431 168
3431 169
3432 103
3432 104
3432 105
3432 106
3432 107
3432 108
3432 109
3432 110
3432 111
3432 112
3432 113
3432 114
3432 115
3432 116
3432 117
3432 163
3432 164
3432 165
3432 166
3432 167
3432 168
3433 102
3433 103
3433 104
3433 105
3433 106
3433 107
3433 108
3433 109
3433 110
3433 111
3433 112
3433 113
3433 114
3433 115
3433 162
3433 163
3433 164
3433 165
3433 166
3433 167
3434 101
3434 102
3434 103
3434 104
3434 105
3434 106
3434 107
3434 108
3434 109
3434 110
3434 111
3434 112
3434 113
3434 114
3434 160
3434 161
3434 162
3434 163
3434 164
3434 165
3434 166
3435 100
3435 101
3435 102
3435 103
3435 104
3435 105
3435 106
3435 107
3435 108
3435 109
3435 110
3435 111
3435 112
3435 113
3435 158
3435 159
3435 160
3435 161
3435 162
3435 163
3435 164
3435 165
3436 98
3436 99
3436 100
3436 101
3436 102
3436 103
3436 104
3436 105
3436 106
3436 107
3436 108
3436 109
3436 110
3436 111
3436 157
3436 158
3436 159
3436 160
3436 161
3436 162
3436 163
3436 164
3437 97
3437 98
3437 99
3437 100
3437 101
3437 102
3437 103
3437 104
3437 105
3437 106
3437 107
3437 108
3437 109
3437 110
3437 155
3437 156
3437 157
3437 158
3437 159
3437 160
3437 161
3437 162
3437 163
3438 96
3438 97
3438 98
3438 99
3438 100
3438 101
3438 102
3438 103
3438 104
3438 105
3438 106
3438 107
3438 108
3438 109
3438 154
3438 155
3438 156
3438 157
3438 158
3438 159
3438 160
3438 161
3438 162
3439 95
3439 96
3439 97
3439 98
3439 99
3439 100
3439 101
3439 102
3439 103
3439 104
3439 105
3439 106
3439 107
3439 108
3439 152
3439 153
3439 154
3439 155
3439 156
3439 157
3439 158
3439 159
3439 160
3439 161
3440 93
3440 94
3440 95
3440 96
3440 97
3440 98
3440 99
3440 100
3440 101
3440 102
3440 103
3440 104
3440 105
3440 106
3440 151
3440 152
3440 153
3440 154
3440 155
3440 156
3440 157
3440 158
3440 159
3440 160
3441 92
3441 93
3441 94
3441 95
3441 96
3441 97
3441 98
3441 99
3441 100
3441 101
3441 102
3441 103
3441 104
3441 105
3441 149
3441 150
3441 151
3441 152
3441 153
3441 154
3441 155
3441 156
3441 157
3441 158
3441 159
3442 91
3442 92
3442 93
3442 94
3442 95
3442 96
3442 97
3442 98
3442 99
3442 100
3442 101
3442 102
3442 103
3442 104
3442 148
3442 149
3442 150
3442 151
3442 152
3442 153
3442 154
3442 155
3442 156
3442 157
3442 158
3443 90
3443 91
3443 92
3443 93
3443 94
3443 95
3443 96
3443 97
3443 98
3443 99
3443 100
3443 101
3443 102
3443 146
3443 147
3443 148
3443 149
3443 150
3443 151
3443 152
3443 153
3443 154
3443 155
3443 156
3443 157
3444 88
3444 89
3444 90
3444 91
3444 92
3444 93
3444 94
3444 95
3444 96
3444 97
3444 98
3444 99
3444 100
3444 101
3444 145
3444 146
3444 147
3444 148
3444 149
3444 150
3444 151
3444 152
3444 153
3444 154
3444 155
3444 156
3445 87
3445 88
3445 89
3445 90
3445 91
3445 92
3445 93
3445 94
3445 95
3445 96
3445 97
3445 98
3445 99
3445 144
3445 145
3445 146
3445 147
3445 148
3445 149
3445 150
3445 151
3445 152
3445 153
3445 154
3446 86
3446 87
3446 88
3446 89
3446 90
3446 91
3446 92
3446 93
3446 94
3446 95
3446 96
3446 97
3446 98
3446 142
3446 143
3446 144
3446 145
3446 146
3446 147
3446 148
3446 149
3446 150
3446 151
3446 152
3446 153
3447 85
3447 86
3447 87
3447 88
3447 89
3447 90
3447 91
3447 92
3447 93
3447 94
3447 95
3447 96
3447 97
3447 141
3447 142
3447 143
3447 144
3447 145
3447 146
3447 147
3447 148
3447 149
3447 150
3447 151
3447 152
3448 84
3448 85
3448 86
3448 87
3448 88
3448 89
3448 90
3448 91
3448 92
3448 93
3448 94
3448 95
3448 140
3448 141
3448 142
3448 143
3448 144
3448 145
3448 146
3448 147
3448 148
3448 149
3448 150
3448 151
3449 82
3449 83
3449 84
3449 85
3449 86
3449 87
3449 88
3449 89
3449 90
3449 91
3449 92
3449 93
3449 94
3449 138
3449 139
3449 140
3449 141
3449 142
3449 143
3449 144
3449 145
3449 146
3449 147
3449 148
3449 149
3449 150
3450 81
3450 82
3450 83
3450 84
3450 85
3450 86
3450 87
3450 88
3450 89
3450 90
3450 91
3450 92
3450 93
3450 137
3450 138
3450 139
3450 140
3450 141
3450 142
3450 143
3450 144
3450 145
3450 146
3450 147
3450 148
3450 149
3451 80
3451 81
3451 82
3451 83
3451 84
3451 85
3451 86
3451 87
3451 88
3451 89
3451 90
3451 91
3451 135
3451 136
3451 137
3451 138
3451 139
3451 140
3451 141
3451 142
3451 143
3451 144
3451 145
3451 146
3451 147
3452 79
3452 80
3452 81
3452 82
3452 83
3452 84
3452 85
3452 86
3452 87
3452 88
3452 89
3452 90
3452 134
3452 135
3452 136
3452 137
3452 138
3452 139
3452 140
3452 141
3452 142
3452 143
3452 144
3452 145
3452 146
3453 78
3453 79
3453 80
3453 81
3453 82
3453 83
3453 84
3453 85
3453 86
3453 87
3453 88
3453 133
3453 134
3453 135
3453 136
3453 137
3453 138
3453 139
3453 140
3453 141
3453 142
3453 143
3453 144
3453 145
3454 76
3454 77
3454 78
3454 79
3454 80
3454 81
3454 82
3454 83
3454 84
3454 85
3454 86
3454 87
3454 131
3454 132
3454 133
3454 134
3454 135
3454 136
3454 137
3454 138
3454 139
3454 140
3454 141
3454 142
3454 143
3454 144
3455 75
3455 76
3455 77
3455 78
3455 79
3455 80
3455 81
3455 82
3455 83
3455 84
3455 85
3455 130
3455 131
3455 132
3455 133
3455 134
3455 135
3455 136
3455 137
3455 138
3455 139
3455 140
3455 141
3455 142
3456 74
3456 75
3456 76
3456 77
3456 78
3456 79
3456 80
3456 81
3456 82
3456 83
3456 84
3456 129
3456 130
3456 131
3456 132
3456 133
3456 134
3456 135
3456 136
3456 137
3456 138
3456 139
3456 140
3456 141
3457 73
3457 74
3457 75
3457 76
3457 77
3457 78
3457 79
3457 80
3457 81
3457 82
3457 128
3457 129
3457 130
3457 131
3457 132
3457 133
3457 134
3457 135
3457 136
3457 137
3457 138
3457 139
3457 140
3458 72
3458 73
3458 74
3458 75
3458 76
3458 77
3458 78
3458 79
3458 80
3458 81
3458 126
3458 127
3458 128
3458 129
3458 130
3458 131
3458 132
3458 133
3458 134
3458 135
3458 136
3458 137
3458 138
3458 139
3459 71
3459 72
3459 73
3459 74
3459 75
3459 76
3459 77
3459 78
3459 79
3459 125
3459 126
3459 127
3459 128
3459 129
3459 130
3459 131
3459 132
3459 133
3459 134
3459 135
3459 136
3459 137
3459 138
3460 69
3460 70
3460 71
3460 72
3460 73
3460 74
3460 75
3460 76
3460 77
3460 78
3460 124
3460 125
3460 126
3460 127
3460 128
3460 129
3460 130
3460 131
3460 132
3460 133
3460 134
3460 135
3460 136
3461 68
3461 69
3461 70
3461 71
3461 72
3461 73
3461 74
3461 75
3461 76
3461 122
3461 123
3461 124
3461 125
3461 126
3461 127
3461 128
3461 129
3461 130
3461 131
3461 132
3461 133
3461 134
3461 135
3462 67
3462 68
3462 69
3462 70
3462 71
3462 72
3462 73
3462 74
3462 75
3462 121
3462 122
3462 123
3462 124
3462 125
3462 126
3462 127
3462 128
3462 129
3462 130
3462 131
3462 132
3462 133
3462 134
3463 66
3463 67
3463 68
3463 69
3463 70
3463 71
3463 72
3463 73
3463 120
3463 121
3463 122
3463 123
3463 124
3463 125
3463 126
3463 127
3463 128
3463 129
3463 130
3463 131
3463 132
3463 133
3464 65
3464 66
3464 67
3464 68
3464 69
3464 70
3464 71
3464 118
3464 119
3464 120
3464 121
3464 122
3464 123
3464 124
3464 125
3464 126
3464 127
3464 128
3464 129
3464 130
3464 131
3465 64
3465 65
3465 66
3465 67
3465 68
3465 69
3465 70
3465 117
3465 118
3465 119
3465 120
3465 121
3465 122
3465 123
3465 124
3465 125
3465 126
3465 127
3465 128
3465 129
3465 130
3466 63
3466 64
3466 65
3466 66
3466 67
3466 68
3466 116
3466 117
3466 118
3466 119
3466 120
3466 121
3466 122
3466 123
3466 124
3466 125
3466 126
3466 127
3466 128
3466 129
3467 62
3467 63
3467 64
3467 65
3467 66
3467 115
3467 116
3467 117
3467 118
3467 119
3467 120
3467 121
3467 122
3467 123
3467 124
3467 125
3467 126
3467 127
3467 128
3468 62
3468 63
3468 64
3468 113
3468 114
3468 115
3468 116
3468 117
3468 118
3468 119
3468 120
3468 121
3468 122
3468 123
3468 124
3468 125
3468 126
3469 112
3469 113
3469 114
3469 115
3469 116
3469 117
3469 118
3469 119
3469 120
3469 121
3469 122
3469 123
3469 124
3469 125
3470 111
3470 112
3470 113
3470 114
3470 115
3470 116
3470 117
3470 118
3470 119
3470 120
3470 121
3470 122
3470 123
3470 124
3471 110
3471 111
3471 112
3471 113
3471 114
3471 115
3471 116
3471 117
3471 118
3471 119
3471 120
3471 121
3471 122
3472 108
3472 109
3472 110
3472 111
3472 112
3472 113
3472 114
3472 115
3472 116
3472 117
3472 118
3472 119
3472 120
3472 121
3473 107
3473 108
3473 109
3473 110
3473 111
3473 112
3473 113
3473 114
3473 115
3473 116
3473 117
3473 118
3473 119
3473 120
3474 106
3474 107
3474 108
3474 109
3474 110
3474 111
3474 112
3474 113
3474 114
3474 115
3474 116
3474 117
3474 118
3474 119
3475 105
3475 106
3475 107
3475 108
3475 109
3475 110
3475 111
3475 112
3475 113
3475 114
3475 115
3475 116
3475 117
3475 165
3475 166
3475 167
3475 168
3476 103
3476 104
3476 105
3476 106
3476 107
3476 108
3476 109
3476 110
3476 111
3476 112
3476 113
3476 114
3476 115
3476 116
3476 163
3476 164
3476 165
3476 166
3476 167
3477 102
3477 103
3477 104
3477 105
3477 106
3477 107
3477 108
3477 109
3477 110
3477 111
3477 112
3477 113
3477 114
3477 115
3477 161
3477 162
3477 163
3477 164
3477 165
3477 166
3478 101
3478 102
3478 103
3478 104
3478 105
3478 106
3478 107
3478 108
3478 109
3478 110
3478 111
3478 112
3478 113
3478 160
3478 161
3478 162
3478 163
3478 164
3478 165
3479 100
3479 101
3479 102
3479 103
3479 104
3479 105
3479 106
3479 107
3479 108
3479 109
3479 110
3479 111
3479 112
3479 158
3479 159
3479 160
3479 161
3479 162
3479 163
3479 164
3480 98
3480 99
3480 100
3480 101
3480 102
3480 103
3480 104
3480 105
3480 106
3480 107
3480 108
3480 109
3480 110
3480 111
3480 157
3480 158
3480 159
3480 160
3480 161
3480 162
3480 163
3481 97
3481 98
3481 99
3481 100
3481 101
3481 102
3481 103
3481 104
3481 105
3481 106
3481 107
3481 108
3481 109
3481 155
3481 156
3481 157
3481 158
3481 159
3481 160
3481 161
3481 162
3482 96
3482 97
3482 98
3482 99
3482 100
3482 101
3482 102
3482 103
3482 104
3482 105
3482 106
3482 107
3482 108
3482 153
3482 154
3482 155
3482 156
3482 157
3482 158
3482 159
3482 160
3482 161
3483 95
3483 96
3483 97
3483 98
3483 99
3483 100
3483 101
3483 102
3483 103
3483 104
3483 105
3483 106
3483 107
3483 152
3483 153
3483 154
3483 155
3483 156
3483 157
3483 158
3483 159
3483 160
3484 94
3484 95
3484 96
3484 97
3484 98
3484 99
3484 100
3484 101
3484 102
3484 103
3484 104
3484 105
3484 151
3484 152
3484 153
3484 154
3484 155
3484 156
3484 157
3484 158
3484 159
3485 92
3485 93
3485 94
3485 95
3485 96
3485 97
3485 98
3485 99
3485 100
3485 101
3485 102
3485 103
3485 104
3485 149
3485 150
3485 151
3485 152
3485 153
3485 154
3485 155
3485 156
3485 157
3485 158
3486 91
3486 92
3486 93
3486 94
3486 95
3486 96
3486 97
3486 98
3486 99
3486 100
3486 101
3486 102
3486 103
3486 148
3486 149
3486 150
3486 151
3486 152
3486 153
3486 154
3486 155
3486 156
3486 157
3487 90
3487 91
3487 92
3487 93
3487 94
3487 95
3487 96
3487 97
3487 98
3487 99
3487 100
3487 101
3487 146
3487 147
3487 148
3487 149
3487 150
3487 151
3487 152
3487 153
3487 154
3487 155
3487 156
3488 89
3488 90
3488 91
3488 92
3488 93
3488 94
3488 95
3488 96
3488 97
3488 98
3488 99
3488 100
3488 145
3488 146
3488 147
3488 148
3488 149
3488 150
3488 151
3488 152
3488 153
3488 154
3488 155
3489 87
3489 88
3489 89
3489 90
3489 91
3489 92
3489 93
3489 94
3489 95
3489 96
3489 97
3489 98
3489 99
3489 143
3489 144
3489 145
3489 146
3489 147
3489 148
3489 149
3489 150
3489 151
3489 152
3489 153
3489 154
3490 86
3490 87
3490 88
3490 89
3490 90
3490 91
3490 92
3490 93
3490 94
3490 95
3490 96
3490 97
3490 142
3490 143
3490 144
3490 145
3490 146
3490 147
3490 148
3490 149
3490 150
3490 151
3490 152
3491 85
3491 86
3491 87
3491 88
3491 89
3491 90
3491 91
3491 92
3491 93
3491 94
3491 95
3491 96
3491 141
3491 142
3491 143
3491 144
3491 145
3491 146
3491 147
3491 148
3491 149
3491 150
3491 151
3492 84
3492 85
3492 86
3492 87
3492 88
3492 89
3492 90
3492 91
3492 92
3492 93
3492 94
3492 139
3492 140
3492 141
3492 142
3492 143
3492 144
3492 145
3492 146
3492 147
3492 148
3492 149
3492 150
3493 83
3493 84
3493 85
3493 86
3493 87
3493 88
3493 89
3493 90
3493 91
3493 92
3493 93
3493 138
3493 139
3493 140
3493 141
3493 142
3493 143
3493 144
3493 145
3493 146
3493 147
3493 148
3493 149
3494 82
3494 83
3494 84
3494 85
3494 86
3494 87
3494 88
3494 89
3494 90
3494 91
3494 92
3494 137
3494 138
3494 139
3494 140
3494 141
3494 142
3494 143
3494 144
3494 145
3494 146
3494 147
3494 148
3495 80
3495 81
3495 82
3495 83
3495 84
3495 85
3495 86
3495 87
3495 88
3495 89
3495 90
3495 135
3495 136
3495 137
3495 138
3495 139
3495 140
3495 141
3495 142
3495 143
3495 144
3495 145
3495 146
3495 147
3496 79
3496 80
3496 81
3496 82
3496 83
3496 84
3496 85
3496 86
3496 87
3496 88
3496 89
3496 134
3496 135
3496 136
3496 137
3496 138
3496 139
3496 140
3496 141
3496 142
3496 143
3496 144
3496 145
3497 78
3497 79
3497 80
3497 81
3497 82
3497 83
3497 84
3497 85
3497 86
3497 87
3497 133
3497 134
3497 135
3497 136
3497 137
3497 138
3497 139
3497 140
3497 141
3497 142
3497 143
3497 144
3498 77
3498 78
3498 79
3498 80
3498 81
3498 82
3498 83
3498 84
3498 85
3498 86
3498 131
3498 132
3498 133
3498 134
3498 135
3498 136
3498 137
3498 138
3498 139
3498 140
3498 141
3498 142
3498 143
3499 76
3499 77
3499 78
3499 79
3499 80
3499 81
3499 82
3499 83
3499 84
3499 130
3499 131
3499 132
3499 133
3499 134
3499 135
3499 136
3499 137
3499 138
3499 139
3499 140
3499 141
3499 142
3500 75
3500 76
3500 77
3500 78
3500 79
3500 80
3500 81
3500 82
3500 83
3500 129
3500 130
3500 131
3500 132
3500 133
3500 134
3500 135
3500 136
3500 137
3500 138
3500 139
3500 140
3500 141
3501 74
3501 75
3501 76
3501 77
3501 78
3501 79
3501 80
3501 81
3501 127
3501 128
3501 129
3501 130
3501 131
3501 132
3501 133
3501 134
3501 135
3501 136
3501 137
3501 138
3501 139
3502 73
3502 74
3502 75
3502 76
3502 77
3502 78
3502 79
3502 126
3502 127
3502 128
3502 129
3502 130
3502 131
3502 132
3502 133
3502 134
3502 135
3502 136
3502 137
3502 138
3503 72
3503 73
3503 74
3503 75
3503 76
3503 77
3503 78
3503 125
3503 126
3503 127
3503 128
3503 129
3503 130
3503 131
3503 132
3503 133
3503 134
3503 135
3503 136
3503 137
3504 71
3504 72
3504 73
3504 74
3504 75
3504 76
3504 124
3504 125
3504 126
3504 127
3504 128
3504 129
3504 130
3504 131
3504 132
3504 133
3504 134
3504 135
3504 136
3505 70
3505 71
3505 72
3505 73
3505 74
3505 122
3505 123
3505 124
3505 125
3505 126
3505 127
3505 128
3505 129
3505 130
3505 131
3505 132
3505 133
3505 134
3506 69
3506 70
3506 71
3506 72
3506 121
3506 122
3506 123
3506 124
3506 125
3506 126
3506 127
3506 128
3506 129
3506 130
3506 131
3506 132
3506 133
3507 68
3507 69
3507 70
3507 120
3507 121
3507 122
3507 123
3507 124
3507 125
3507 126
3507 127
3507 128
3507 129
3507 130
3507 131
3507 132
3508 118
3508 119
3508 120
3508 121
3508 122
3508 123
3508 124
3508 125
3508 126
3508 127
3508 128
3508 129
3508 130
3508 131
3509 117
3509 118
3509 119
3509 120
3509 121
3509 122
3509 123
3509 124
3509 125
3509 126
3509 127
3509 128
3509 129
3510 116
3510 117
3510 118
3510 119
3510 120
3510 121
3510 122
3510 123
3510 124
3510 125
3510 126
3510 127
3510 128
3511 115
3511 116
3511 117
3511 118
3511 119
3511 120
3511 121
3511 122
3511 123
3511 124
3511 125
3511 126
3511 127
3512 113
3512 114
3512 115
3512 116
3512 117
3512 118
3512 119
3512 120
3512 121
3512 122
3512 123
3512 124
3512 125
3512 126
3513 112
3513 113
3513 114
3513 115
3513 116
3513 117
3513 118
3513 119
3513 120
3513 121
3513 122
3513 123
3513 124
3514 111
3514 112
3514 113
3514 114
3514 115
3514 116
3514 117
3514 118
3514 119
3514 120
3514 121
3514 122
3514 123
3515 110
3515 111
3515 112
3515 113
3515 114
3515 115
3515 116
3515 117
3515 118
3515 119
3515 120
3515 121
3515 122
3516 108
3516 109
3516 110
3516 111
3516 112
3516 113
3516 114
3516 115
3516 116
3516 117
3516 118
3516 119
3516 120
3517 107
3517 108
3517 109
3517 110
3517 111
3517 112
3517 113
3517 114
3517 115
3517 116
3517 117
3517 118
3517 119
3518 106
3518 107
3518 108
3518 109
3518 110
3518 111
3518 112
3518 113
3518 114
3518 115
3518 116
3518 117
3518 118
3519 105
3519 106
3519 107
3519 108
3519 109
3519 110
3519 111
3519 112
3519 113
3519 114
3519 115
3519 116
3519 117
3520 103
3520 104
3520 105
3520 106
3520 107
3520 108
3520 109
3520 110
3520 111
3520 112
3520 113
3520 114
3520 115
3520 163
3520 164
3520 165
3521 102
3521 103
3521 104
3521 105
3521 106
3521 107
3521 108
3521 109
3521 110
3521 111
3521 112
3521 113
3521 114
3521 162
3521 163
3521 164
3521 165
3522 101
3522 102
3522 103
3522 104
3522 105
3522 106
3522 107
3522 108
3522 109
3522 110
3522 111
3522 112
3522 113
3522 160
3522 161
3522 162
3522 163
3522 164
3523 100
3523 101
3523 102
3523 103
3523 104
3523 105
3523 106
3523 107
3523 108
3523 109
3523 110
3523 111
3523 158
3523 159
3523 160
3523 161
3523 162
3523 163
3524 99
3524 100
3524 101
3524 102
3524 103
3524 104
3524 105
3524 106
3524 107
3524 108
3524 109
3524 110
3524 156
3524 157
3524 158
3524 159
3524 160
3524 161
3524 162
3525 97
3525 98
3525 99
3525 100
3525 101
3525 102
3525 103
3525 104
3525 105
3525 106
3525 107
3525 108
3525 109
3525 155
3525 156
3525 157
3525 158
3525 159
3525 160
3525 161
3526 96
3526 97
3526 98
3526 99
3526 100
3526 101
3526 102
3526 103
3526 104
3526 105
3526 106
3526 107
3526 153
3526 154
3526 155
3526 156
3526 157
3526 158
3526 159
3526 160
3527 95
3527 96
3527 97
3527 98
3527 99
3527 100
3527 101
3527 102
3527 103
3527 104
3527 105
3527 106
3527 152
3527 153
3527 154
3527 155
3527 156
3527 157
3527 158
3527 159
3528 94
3528 95
3528 96
3528 97
3528 98
3528 99
3528 100
3528 101
3528 102
3528 103
3528 104
3528 150
3528 151
3528 152
3528 153
3528 154
3528 155
3528 156
3528 157
3528 158
3529 93
3529 94
3529 95
3529 96
3529 97
3529 98
3529 99
3529 100
3529 101
3529 102
3529 103
3529 149
3529 150
3529 151
3529 152
3529 153
3529 154
3529 155
3529 156
3529 157
3530 91
3530 92
3530 93
3530 94
3530 95
3530 96
3530 97
3530 98
3530 99
3530 100
3530 101
3530 102
3530 148
3530 149
3530 150
3530 151
3530 152
3530 153
3530 154
3530 155
3530 156
3531 90
3531 91
3531 92
3531 93
3531 94
3531 95
3531 96
3531 97
3531 98
3531 99
3531 100
3531 146
3531 147
3531 148
3531 149
3531 150
3531 151
3531 152
3531 153
3531 154
3531 155
3532 89
3532 90
3532 91
3532 92
3532 93
3532 94
3532 95
3532 96
3532 97
3532 98
3532 99
3532 145
3532 146
3532 147
3532 148
3532 149
3532 150
3532 151
3532 152
3532 153
3532 154
3533 88
3533 89
3533 90
3533 91
3533 92
3533 93
3533 94
3533 95
3533 96
3533 97
3533 98
3533 143
3533 144
3533 145
3533 146
3533 147
3533 148
3533 149
3533 150
3533 151
3533 152
3533 153
3534 87
3534 88
3534 89
3534 90
3534 91
3534 92
3534 93
3534 94
3534 95
3534 96
3534 142
3534 143
3534 144
3534 145
3534 146
3534 147
3534 148
3534 149
3534 150
3534 151
3534 152
3535 86
3535 87
3535 88
3535 89
3535 90
3535 91
3535 92
3535 93
3535 94
3535 95
3535 141
3535 142
3535 143
3535 144
3535 145
3535 146
3535 147
3535 148
3535 149
3535 150
3536 84
3536 85
3536 86
3536 87
3536 88
3536 89
3536 90
3536 91
3536 92
3536 93
3536 139
3536 140
3536 141
3536 142
3536 143
3536 144
3536 145
3536 146
3536 147
3536 148
3536 149
3537 83
3537 84
3537 85
3537 86
3537 87
3537 88
3537 89
3537 90
3537 91
3537 92
3537 138
3537 139
3537 140
3537 141
3537 142
3537 143
3537 144
3537 145
3537 146
3537 147
3537 148
3538 82
3538 83
3538 84
3538 85
3538 86
3538 87
3538 88
3538 89
3538 90
3538 137
3538 138
3538 139
3538 140
3538 141
3538 142
3538 143
3538 144
3538 145
3538 146
3538 147
3539 81
3539 82
3539 83
3539 84
3539 85
3539 86
3539 87
3539 88
3539 89
3539 135
3539 136
3539 137
3539 138
3539 139
3539 140
3539 141
3539 142
3539 143
3539 144
3539 145
3539 146
3540 80
3540 81
3540 82
3540 83
3540 84
3540 85
3540 86
3540 87
3540 134
3540 135
3540 136
3540 137
3540 138
3540 139
3540 140
3540 141
3540 142
3540 143
3540 144
3540 145
3541 79
3541 80
3541 81
3541 82
3541 83
3541 84
3541 85
3541 86
3541 133
3541 134
3541 135
3541 136
3541 137
3541 138
3541 139
3541 140
3541 141
3541 142
3541 143
3542 78
3542 79
3542 80
3542 81
3542 82
3542 83
3542 84
3542 131
3542 132
3542 133
3542 134
3542 135
3542 136
3542 137
3542 138
3542 139
3542 140
3542 141
3542 142
3543 77
3543 78
3543 79
3543 80
3543 81
3543 82
3543 130
3543 131
3543 132
3543 133
3543 134
3543 135
3543 136
3543 137
3543 138
3543 139
3543 140
3543 141
3544 76
3544 77
3544 78
3544 79
3544 80
3544 81
3544 129
3544 130
3544 131
3544 132
3544 133
3544 134
3544 135
3544 136
3544 137
3544 138
3544 139
3544 140
3545 75
3545 76
3545 77
3545 78
3545 79
3545 127
3545 128
3545 129
3545 130
3545 131
3545 132
3545 133
3545 134
3545 135
3545 136
3545 137
3545 138
3546 75
3546 76
3546 77
3546 126
3546 127
3546 128
3546 129
3546 130
3546 131
3546 132
3546 133
3546 134
3546 135
3546 136
3546 137
3547 125
3547 126
3547 127
3547 128
3547 129
3547 130
3547 131
3547 132
3547 133
3547 134
3547 135
3547 136
3548 124
3548 125
3548 126
3548 127
3548 128
3548 129
3548 130
3548 131
3548 132
3548 133
3548 134
3548 135
3549 122
3549 123
3549 124
3549 125
3549 126
3549 127
3549 128
3549 129
3549 130
3549 131
3549 132
3549 133
3549 134
3550 121
3550 122
3550 123
3550 124
3550 125
3550 126
3550 127
3550 128
3550 129
3550 130
3550 131
3550 132
3551 120
3551 121
3551 122
3551 123
3551 124
3551 125
3551 126
3551 127
3551 128
3551 129
3551 130
3551 131
3552 119
3552 120
3552 121
3552 122
3552 123
3552 124
3552 125
3552 126
3552 127
3552 128
3552 129
3552 130
3553 117
3553 118
3553 119
3553 120
3553 121
3553 122
3553 123
3553 124
3553 125
3553 126
3553 127
3553 128
3554 116
3554 117
3554 118
3554 119
3554 120
3554 121
3554 122
3554 123
3554 124
3554 125
3554 126
3554 127
3555 115
3555 116
3555 117
3555 118
3555 119
3555 120
3555 121
3555 122
3555 123
3555 124
3555 125
3555 126
3556 114
3556 115
3556 116
3556 117
3556 118
3556 119
3556 120
3556 121
3556 122
3556 123
3556 124
3556 125
3557 112
3557 113
3557 114
3557 115
3557 116
3557 117
3557 118
3557 119
3557 120
3557 121
3557 122
3557 123
3558 111
3558 112
3558 113
3558 114
3558 115
3558 116
3558 117
3558 118
3558 119
3558 120
3558 121
3558 122
3559 110
3559 111
3559 112
3559 113
3559 114
3559 115
3559 116
3559 117
3559 118
3559 119
3559 120
3559 121
3560 109
3560 110
3560 111
3560 112
3560 113
3560 114
3560 115
3560 116
3560 117
3560 118
3560 119
3560 120
3561 107
3561 108
3561 109
3561 110
3561 111
3561 112
3561 113
3561 114
3561 115
3561 116
3561 117
3561 118
3562 106
3562 107
3562 108
3562 109
3562 110
3562 111
3562 112
3562 113
3562 114
3562 115
3562 116
3562 117
3563 105
3563 106
3563 107
3563 108
3563 109
3563 110
3563 111
3563 112
3563 113
3563 114
3563 115
3563 116
3564 104
3564 105
3564 106
3564 107
3564 108
3564 109
3564 110
3564 111
3564 112
3564 113
3564 114
3565 103
3565 104
3565 105
3565 106
3565 107
3565 108
3565 109
3565 110
3565 111
3565 112
3565 113
3565 162
3565 163
3566 101
3566 102
3566 103
3566 104
3566 105
3566 106
3566 107
3566 108
3566 109
3566 110
3566 111
3566 112
3566 160
3566 161
3566 162
3566 163
3567 100
3567 101
3567 102
3567 103
3567 104
3567 105
3567 106
3567 107
3567 108
3567 109
3567 110
3567 158
3567 159
3567 160
3567 161
3567 162
3568 99
3568 100
3568 101
3568 102
3568 103
3568 104
3568 105
3568 106
3568 107
3568 108
3568 109
3568 157
3568 158
3568 159
3568 160
3568 161
3569 98
3569 99
3569 100
3569 101
3569 102
3569 103
3569 104
3569 105
3569 106
3569 107
3569 155
3569 156
3569 157
3569 158
3569 159
3569 160
3570 97
3570 98
3570 99
3570 100
3570 101
3570 102
3570 103
3570 104
3570 105
3570 106
3570 153
3570 154
3570 155
3570 156
3570 157
3570 158
3570 159
3571 96
3571 97
3571 98
3571 99
3571 100
3571 101
3571 102
3571 103
3571 104
3571 105
3571 152
3571 153
3571 154
3571 155
3571 156
3571 157
3571 158
3572 94
3572 95
3572 96
3572 97
3572 98
3572 99
3572 100
3572 101
3572 102
3572 103
3572 150
3572 151
3572 152
3572 153
3572 154
3572 155
3572 156
3572 157
3573 93
3573 94
3573 95
3573 96
3573 97
3573 98
3573 99
3573 100
3573 101
3573 102
3573 149
3573 150
3573 151
3573 152
3573 153
3573 154
3573 155
3573 156
3574 92
3574 93
3574 94
3574 95
3574 96
3574 97
3574 98
3574 99
3574 100
3574 148
3574 149
3574 150
3574 151
3574 152
3574 153
3574 154
3574 155
3575 91
3575 92
3575 93
3575 94
3575 95
3575 96
3575 97
3575 98
3575 99
3575 146
3575 147
3575 148
3575 149
3575 150
3575 151
3575 152
3575 153
3575 154
3576 90
3576 91
3576 92
3576 93
3576 94
3576 95
3576 96
3576 97
3576 98
3576 145
3576 146
3576 147
3576 148
3576 149
3576 150
3576 151
3576 152
3576 153
3577 89
3577 90
3577 91
3577 92
3577 93
3577 94
3577 95
3577 96
3577 143
3577 144
3577 145
3577 146
3577 147
3577 148
3577 149
3577 150
3577 151
3577 152
3578 88
3578 89
3578 90
3578 91
3578 92
3578 93
3578 94
3578 95
3578 142
3578 143
3578 144
3578 145
3578 146
3578 147
3578 148
3578 149
3578 150
3578 151
3579 87
3579 88
3579 89
3579 90
3579 91
3579 92
3579 93
3579 141
3579 142
3579 143
3579 144
3579 145
3579 146
3579 147
3579 148
3579 149
3580 86
3580 87
3580 88
3580 89
3580 90
3580 91
3580 139
3580 140
3580 141
3580 142
3580 143
3580 144
3580 145
3580 146
3580 147
3580 148
3581 85
3581 86
3581 87
3581 88
3581 89
3581 90
3581 138
3581 139
3581 140
3581 141
3581 142
3581 143
3581 144
3581 145
3581 146
3581 147
3582 84
3582 85
3582 86
3582 87
3582 88
3582 137
3582 138
3582 139
3582 140
3582 141
3582 142
3582 143
3582 144
3582 145
3582 146
3583 83
3583 84
3583 85
3583 86
3583 135
3583 136
3583 137
3583 138
3583 139
3583 140
3583 141
3583 142
3583 143
3583 144
3583 145
3584 82
3584 83
3584 84
3584 134
3584 135
3584 136
3584 137
3584 138
3584 139
3584 140
3584 141
3584 142
3584 143
3584 144
3585 133
3585 134
3585 135
3585 136
3585 137
3585 138
3585 139
3585 140
3585 141
3585 142
3586 131
3586 132
3586 133
3586 134
3586 135
3586 136
3586 137
3586 138
3586 139
3586 140
3586 141
3587 130
3587 131
3587 132
3587 133
3587 134
3587 135
3587 136
3587 137
3587 138
3587 139
3587 140
3588 129
3588 130
3588 131
3588 132
3588 133
3588 134
3588 135
3588 136
3588 137
3588 138
3588 139
3589 128
3589 129
3589 130
3589 131
3589 132
3589 133
3589 134
3589 135
3589 136
3589 137
3590 126
3590 127
3590 128
3590 129
3590 130
3590 131
3590 132
3590 133
3590 134
3590 135
3590 136
3591 125
3591 126
3591 127
3591 128
3591 129
3591 130
3591 131
3591 132
3591 133
3591 134
3591 135
3592 124
3592 125
3592 126
3592 127
3592 128
3592 129
3592 130
3592 131
3592 132
3592 133
3592 134
3593 123
3593 124
3593 125
3593 126
3593 127
3593 128
3593 129
3593 130
3593 131
3593 132
3593 133
3594 121
3594 122
3594 123
3594 124
3594 125
3594 126
3594 127
3594 128
3594 129
3594 130
3594 131
3595 120
3595 121
3595 122
3595 123
3595 124
3595 125
3595 126
3595 127
3595 128
3595 129
3595 130
3596 119
3596 120
3596 121
3596 122
3596 123
3596 124
3596 125
3596 126
3596 127
3596 128
3596 129
3597 118
3597 119
3597 120
3597 121
3597 122
3597 123
3597 124
3597 125
3597 126
3597 127
3598 116
3598 117
3598 118
3598 119
3598 120
3598 121
3598 122
3598 123
3598 124
3598 125
3598 126
3599 115
3599 116
3599 117
3599 118
3599 119
3599 120
3599 121
3599 122
3599 123
3599 124
3599 125
3600 114
3600 115
3600 116
3600 117
3600 118
3600 119
3600 120
3600 121
3600 122
3600 123
3600 124
3601 113
3601 114
3601 115
3601 116
3601 117
3601 118
3601 119
3601 120
3601 121
3601 122
3602 112
3602 113
3602 114
3602 115
3602 116
3602 117
3602 118
3602 119
3602 120
3602 121
3603 110
3603 111
3603 112
3603 113
3603 114
3603 115
3603 116
3603 117
3603 118
3603 119
3603 120
3604 109
3604 110
3604 111
3604 112
3604 113
3604 114
3604 115
3604 116
3604 117
3604 118
3605 108
3605 109
3605 110
3605 111
3605 112
3605 113
3605 114
3605 115
3605 116
3605 117
3606 107
3606 108
3606 109
3606 110
3606 111
3606 112
3606 113
3606 114
3606 115
3606 116
3607 106
3607 107
3607 108
3607 109
3607 110
3607 111
3607 112
3607 113
3607 114
3608 104
3608 105
3608 106
3608 107
3608 108
3608 109
3608 110
3608 111
3608 112
3608 113
3609 103
3609 104
3609 105
3609 106
3609 107
3609 108
3609 109
3609 110
3609 111
3609 112
3610 102
3610 103
3610 104
3610 105
3610 106
3610 107
3610 108
3610 109
3610 110
3611 101
3611 102
3611 103
3611 104
3611 105
3611 106
3611 107
3611 108
3611 109
3612 100
3612 101
3612 102
3612 103
3612 104
3612 105
3612 106
3612 107
3612 157
3612 158
3612 159
3613 99
3613 100
3613 101
3613 102
3613 103
3613 104
3613 105
3613 106
3613 156
3613 157
3613 158
3614 98
3614 99
3614 100
3614 101
3614 102
3614 103
3614 104
3614 105
3614 154
3614 155
3614 156
3614 157
3614 158
3615 97
3615 98
3615 99
3615 100
3615 101
3615 102
3615 103
3615 152
3615 153
3615 154
3615 155
3615 156
3615 157
3616 95
3616 96
3616 97
3616 98
3616 99
3616 100
3616 101
3616 102
3616 151
3616 152
3616 153
3616 154
3616 155
3616 156
3617 94
3617 95
3617 96
3617 97
3617 98
3617 99
3617 100
3617 149
3617 150
3617 151
3617 152
3617 153
3617 154
3617 155
3618 93
3618 94
3618 95
3618 96
3618 97
3618 98
3618 99
3618 148
3618 149
3618 150
3618 151
3618 152
3618 153
3618 154
3619 93
3619 94
3619 95
3619 96
3619 97
3619 146
3619 147
3619 148
3619 149
3619 150
3619 151
3619 152
3619 153
3620 92
3620 93
3620 94
3620 95
3620 145
3620 146
3620 147
3620 148
3620 149
3620 150
3620 151
3621 91
3621 92
3621 93
3621 144
3621 145
3621 146
3621 147
3621 148
3621 149
3621 150
3622 90
3622 91
3622 142
3622 143
3622 144
3622 145
3622 146
3622 147
3622 148
3622 149
3623 141
3623 142
3623 143
3623 144
3623 145
3623 146
3623 147
3623 148
3624 140
3624 141
3624 142
3624 143
3624 144
3624 145
3624 146
3624 147
3625 138
3625 139
3625 140
3625 141
3625 142
3625 143
3625 144
3625 145
3625 146
3626 137
3626 138
3626 139
3626 140
3626 141
3626 142
3626 143
3626 144
3626 145
3627 136
3627 137
3627 138
3627 139
3627 140
3627 141
3627 142
3627 143
3628 134
3628 135
3628 136
3628 137
3628 138
3628 139
3628 140
3628 141
3628 142
3629 133
3629 134
3629 135
3629 136
3629 137
3629 138
3629 139
3629 140
3629 141
3630 132
3630 133
3630 134
3630 135
3630 136
3630 137
3630 138
3630 139
3630 140
3631 131
3631 132
3631 133
3631 134
3631 135
3631 136
3631 137
3631 138
3631 139
3632 129
3632 130
3632 131
3632 132
3632 133
3632 134
3632 135
3632 136
3632 137
3633 128
3633 129
3633 130
3633 131
3633 132
3633 133
3633 134
3633 135
3633 136
3634 127
3634 128
3634 129
3634 130
3634 131
3634 132
3634 133
3634 134
3634 135
3635 126
3635 127
3635 128
3635 129
3635 130
3635 131
3635 132
3635 133
3635 134
3636 124
3636 125
3636 126
3636 127
3636 128
3636 129
3636 130
3636 131
3636 132
3637 123
3637 124
3637 125
3637 126
3637 127
3637 128
3637 129
3637 130
3637 131
3638 122
3638 123
3638 124
3638 125
3638 126
3638 127
3638 128
3638 129
3638 130
3639 121
3639 122
3639 123
3639 124
3639 125
3639 126
3639 127
3639 128
3639 129
3640 119
3640 120
3640 121
3640 122
3640 123
3640 124
3640 125
3640 126
3640 127
3641 118
3641 119
3641 120
3641 121
3641 122
3641 123
3641 124
3641 125
3641 126
3642 117
3642 118
3642 119
3642 120
3642 121
3642 122
3642 123
3642 124
3642 125
3643 116
3643 117
3643 118
3643 119
3643 120
3643 121
3643 122
3643 123
3644 115
3644 116
3644 117
3644 118
3644 119
3644 120
3644 121
3644 122
3645 113
3645 114
3645 115
3645 116
3645 117
3645 118
3645 119
3645 120
3645 121
3646 112
3646 113
3646 114
3646 115
3646 116
3646 117
3646 118
3646 119
3646 120
3647 111
3647 112
3647 113
3647 114
3647 115
3647 116
3647 117
3647 118
3648 110
3648 111
3648 112
3648 113
3648 114
3648 115
3648 116
3648 117
3649 109
3649 110
3649 111
3649 112
3649 113
3649 114
3649 115
3650 108
3650 109
3650 110
3650 111
3650 112
3650 113
3650 114
3651 107
3651 108
3651 109
3651 110
3651 111
3651 112
3651 113
3652 106
3652 107
3652 108
3652 109
3652 110
3652 111
3653 105
3653 106
3653 107
3653 108
3653 109
3653 110
3654 104
3654 105
3654 106
3654 107
3654 108
3655 103
3655 104
3655 105
3655 106
3655 107
3656 102
3656 103
3656 104
3656 105
3657 101
3657 102
3657 103
3658 100
3658 101
3658 102
3659 154
3660 152
3660 153
3661 150
3661 151
3661 152
3661 153
3662 149
3662 150
3662 151
3662 152
3663 147
3663 148
3663 149
3663 150
3663 151
3664 146
3664 147
3664 148
3664 149
3664 150
3665 144
3665 145
3665 146
3665 147
3665 148
3665 149
3666 143
3666 144
3666 145
3666 146
3666 147
3666 148
3667 142
3667 143
3667 144
3667 145
3667 146
3668 140
3668 141
3668 142
3668 143
3668 144
3668 145
3669 139
3669 140
3669 141
3669 142
3669 143
3669 144
3670 138
3670 139
3670 140
3670 141
3670 142
3670 143
3671 136
3671 137
3671 138
3671 139
3671 140
3671 141
3671 142
3672 135
3672 136
3672 137
3672 138
3672 139
3672 140
3672 141
3673 134
3673 135
3673 136
3673 137
3673 138
3673 139
3674 133
3674 134
3674 135
3674 136
3674 137
3674 138
3675 131
3675 132
3675 133
3675 134
3675 135
3675 136
3675 137
3676 130
3676 131
3676 132
3676 133
3676 134
3676 135
3676 136
3677 129
3677 130
3677 131
3677 132
3677 133
3677 134
3677 135
3678 128
3678 129
3678 130
3678 131
3678 132
3678 133
3679 126
3679 127
3679 128
3679 129
3679 130
3679 131
3679 132
3680 125
3680 126
3680 127
3680 128
3680 129
3680 130
3680 131
3681 124
3681 125
3681 126
3681 127
3681 128
3681 129
3682 123
3682 124
3682 125
3682 126
3682 127
3682 128
3683 122
3683 123
3683 124
3683 125
3683 126
3683 127
3684 121
3684 122
3684 123
3684 124
3684 125
3685 119
3685 120
3685 121
3685 122
3685 123
3685 124
3686 118
3686 119
3686 120
3686 121
3686 122
3686 123
3687 117
3687 118
3687 119
3687 120
3687 121
3688 116
3688 117
3688 118
3688 119
3688 120
3689 115
3689 116
3689 117
3689 118
3689 119
3690 114
3690 115
3690 116
3690 117
3691 113
3691 114
3691 115
3692 112
3692 113
3692 114
3693 112
