4 38
4 39
4 40
4 41
4 42
4 43
4 44
4 45
4 46
4 47
4 48
4 49
4 50
4 51
4 52
5 15
5 16
5 17
5 18
5 19
5 20
5 21
5 22
5 23
5 24
5 25
5 26
5 27
5 28
5 29
5 30
5 31
5 32
5 33
5 34
5 35
5 36
5 37
6 0
6 1
6 2
6 3
6 4
6 5
6 6
6 7
6 8
6 9
6 10
6 11
6 12
6 13
6 14
6 15
6 16
6 17
6 18
6 19
6 573
6 574
6 575
7 558
7 559
7 560
7 561
7 562
7 563
7 564
7 565
7 566
7 567
7 568
7 569
7 570
7 571
7 572
7 573
7 574
13 32
13 33
13 34
13 35
13 36
13 37
13 38
13 39
13 40
13 41
13 42
13 43
13 44
13 45
13 46
13 47
13 48
13 49
14 11
14 12
14 13
14 14
14 15
14 16
14 17
14 18
14 19
14 20
14 21
14 22
14 23
14 24
14 25
14 26
14 27
14 28
14 29
14 30
14 31
14 32
14 33
15 0
15 1
15 2
15 3
15 4
15 5
15 6
15 7
15 8
15 9
15 10
15 11
15 12
15 13
15 14
15 569
15 570
15 571
15 572
15 573
15 574
15 575
16 555
16 556
16 557
16 558
16 559
16 560
16 561
16 562
16 563
16 564
16 565
16 566
16 567
22 27
22 28
22 29
22 30
22 31
22 32
22 33
22 34
22 35
22 36
22 37
22 38
22 39
22 40
22 41
22 42
22 43
22 44
22 45
23 6
23 7
23 8
23 9
23 10
23 11
23 12
23 13
23 14
23 15
23 16
23 17
23 18
23 19
23 20
23 21
23 22
23 23
23 24
23 25
23 26
23 27
23 28
24 0
24 1
24 2
24 3
24 4
24 5
24 6
24 7
24 8
24 566
24 567
24 568
24 569
24 570
24 571
24 572
24 573
24 574
24 575
25 555
25 556
25 557
25 558
25 559
30 48
30 49
30 50
30 51
31 21
31 22
31 23
31 24
31 25
31 26
31 27
31 28
31 29
31 30
31 31
31 32
31 33
31 34
31 35
31 36
31 37
31 38
31 39
31 40
31 41
32 2
32 3
32 4
32 5
32 6
32 7
32 8
32 9
32 10
32 11
32 12
32 13
32 14
32 15
32 16
32 17
32 18
32 19
32 20
32 21
32 22
32 23
33 0
33 1
33 2
33 562
33 563
33 564
33 565
33 566
33 567
33 568
33 569
33 570
33 571
33 572
33 573
33 574
33 575
39 40
39 41
39 42
39 43
39 44
39 45
39 46
39 47
39 48
39 49
39 50
40 16
40 17
40 18
40 19
40 20
40 21
40 22
40 23
40 24
40 25
40 26
40 27
40 28
40 29
40 30
40 31
40 32
40 33
40 34
40 35
40 36
40 37
41 0
41 1
41 2
41 3
41 4
41 5
41 6
41 7
41 8
41 9
41 10
41 11
41 12
41 13
41 14
41 15
41 16
41 17
41 18
41 574
41 575
42 560
42 561
42 562
42 563
42 564
42 565
42 566
42 567
42 568
42 569
42 570
42 571
42 572
48 34
48 35
48 36
48 37
48 38
48 39
48 40
48 41
48 42
48 43
48 44
48 45
48 46
48 47
49 12
49 13
49 14
49 15
49 16
49 17
49 18
49 19
49 20
49 21
49 22
49 23
49 24
49 25
49 26
49 27
49 28
49 29
49 30
49 31
49 32
50 0
50 1
50 2
50 3
50 4
50 5
50 6
50 7
50 8
50 9
50 10
50 11
50 12
50 571
50 572
50 573
50 574
50 575
51 560
51 561
51 562
51 563
57 28
57 29
57 30
57 31
57 32
57 33
57 34
57 35
57 36
57 37
57 38
57 39
57 40
57 41
57 42
57 43
57 44
58 8
58 9
58 10
58 11
58 12
58 13
58 14
58 15
58 16
58 17
58 18
58 19
58 20
58 21
58 22
58 23
58 24
58 25
58 26
58 27
59 0
59 1
59 2
59 3
59 4
59 5
59 6
59 567
59 568
59 569
59 570
59 571
59 572
59 573
59 574
59 575
66 23
66 24
66 25
66 26
66 27
66 28
66 29
66 30
66 31
66 32
66 33
66 34
66 35
66 36
66 37
66 38
66 39
66 40
67 3
67 4
67 5
67 6
67 7
67 8
67 9
67 10
67 11
67 12
67 13
67 14
67 15
67 16
67 17
67 18
67 19
67 20
67 21
67 22
68 0
68 565
68 566
68 567
68 568
68 569
68 570
68 571
68 572
68 573
68 574
68 575
74 44
74 45
74 46
74 47
75 18
75 19
75 20
75 21
75 22
75 23
75 24
75 25
75 26
75 27
75 28
75 29
75 30
75 31
75 32
75 33
75 34
75 35
76 0
76 1
76 2
76 3
76 4
76 5
76 6
76 7
76 8
76 9
76 10
76 11
76 12
76 13
76 14
76 15
76 16
83 36
83 37
83 38
83 39
83 40
83 41
83 42
83 43
83 44
83 45
84 13
84 14
84 15
84 16
84 17
84 18
84 19
84 20
84 21
84 22
84 23
84 24
84 25
84 26
84 27
84 28
84 29
84 30
85 0
85 1
85 2
85 3
85 4
85 5
85 6
85 7
85 8
85 9
85 10
85 573
85 574
85 575
92 30
92 31
92 32
92 33
92 34
92 35
92 36
92 37
92 38
92 39
92 40
92 41
92 42
93 9
93 10
93 11
93 12
93 13
93 14
93 15
93 16
93 17
93 18
93 19
93 20
93 21
93 22
93 23
93 24
93 25
94 0
94 1
94 2
94 3
94 570
94 571
94 572
94 573
94 574
94 575
101 25
101 26
101 27
101 28
101 29
101 30
101 31
101 32
101 33
101 34
101 35
101 36
101 37
101 38
102 5
102 6
102 7
102 8
102 9
102 10
102 11
102 12
102 13
102 14
102 15
102 16
102 17
102 18
102 19
102 20
110 20
110 21
110 22
110 23
110 24
110 25
110 26
110 27
110 28
110 29
110 30
110 31
110 32
110 33
111 2
111 3
111 4
111 5
111 6
111 7
111 8
111 9
111 10
111 11
111 12
111 13
111 14
119 15
119 16
119 17
119 18
119 19
119 20
119 21
119 22
119 23
119 24
119 25
119 26
119 27
119 28
120 0
120 1
120 2
120 3
120 4
120 5
120 6
127 33
127 34
127 35
127 36
127 37
127 38
128 11
128 12
128 13
128 14
128 15
128 16
128 17
128 18
128 19
128 20
128 21
128 22
128 23
136 28
136 29
136 30
136 31
136 32
136 33
136 34
137 8
137 9
137 10
137 11
137 12
137 13
137 14
137 15
137 16
145 23
145 24
145 25
145 26
145 27
145 28
145 29
145 30
154 19
154 20
154 21
154 22
154 23
154 24
543 191
543 192
543 193
543 194
543 195
543 196
543 197
551 205
551 206
551 207
551 208
551 209
551 210
551 211
551 212
551 213
551 214
551 215
552 187
552 188
552 189
552 190
552 191
560 197
560 198
560 199
560 200
560 201
560 202
560 203
560 204
560 205
560 206
560 207
560 208
560 209
560 210
560 211
560 212
560 213
569 190
569 191
569 192
569 193
569 194
569 195
569 196
569 197
569 198
569 199
569 200
569 201
569 202
569 203
569 204
569 205
569 206
569 207
569 208
569 209
577 209
577 210
577 211
577 212
577 213
577 214
577 215
577 216
577 217
577 218
577 219
577 220
577 221
577 222
577 223
577 224
578 185
578 186
578 187
578 188
578 189
578 190
578 191
578 192
578 193
578 194
578 195
578 196
578 197
578 198
578 199
578 200
578 201
578 202
578 203
578 204
578 205
586 201
586 202
586 203
586 204
586 205
586 206
586 207
586 208
586 209
586 210
586 211
586 212
586 213
586 214
586 215
586 216
586 217
586 218
586 219
586 220
586 221
587 180
587 181
587 182
587 183
587 184
587 185
587 186
587 187
587 188
587 189
587 190
587 191
587 192
587 193
587 194
587 195
587 196
587 197
587 198
587 199
595 194
595 195
595 196
595 197
595 198
595 199
595 200
595 201
595 202
595 203
595 204
595 205
595 206
595 207
595 208
595 209
595 210
595 211
595 212
595 213
595 214
595 215
595 216
595 217
595 218
596 175
596 176
596 177
596 178
596 179
596 180
596 181
596 182
596 183
596 184
596 185
596 186
596 187
596 188
596 189
596 190
596 191
596 192
596 193
603 215
603 216
603 217
603 218
603 219
603 220
603 221
603 222
603 223
603 224
603 225
603 226
603 227
603 228
603 229
603 230
604 188
604 189
604 190
604 191
604 192
604 193
604 194
604 195
604 196
604 197
604 198
604 199
604 200
604 201
604 202
604 203
604 204
604 205
604 206
604 207
604 208
604 209
604 210
604 211
604 212
604 213
604 214
605 172
605 173
605 174
605 175
605 176
605 177
605 178
605 179
605 180
605 181
605 182
605 183
605 184
605 185
605 186
612 206
612 207
612 208
612 209
612 210
612 211
612 212
612 213
612 214
612 215
612 216
612 217
612 218
612 219
612 220
612 221
612 222
612 223
612 224
612 225
612 226
612 227
612 228
613 182
613 183
613 184
613 185
613 186
613 187
613 188
613 189
613 190
613 191
613 192
613 193
613 194
613 195
613 196
613 197
613 198
613 199
613 200
613 201
613 202
613 203
613 204
613 205
613 206
613 207
613 208
613 209
614 172
614 173
614 174
614 175
614 176
614 177
621 199
621 200
621 201
621 202
621 203
621 204
621 205
621 206
621 207
621 208
621 209
621 210
621 211
621 212
621 213
621 214
621 215
621 216
621 217
621 218
621 219
621 220
621 221
621 222
621 223
621 224
621 225
622 177
622 178
622 179
622 180
622 181
622 182
622 183
622 184
622 185
622 186
622 187
622 188
622 189
622 190
622 191
622 192
622 193
622 194
622 195
622 196
622 197
622 198
622 199
622 200
622 201
622 202
622 203
622 204
629 224
629 225
629 226
629 227
629 228
629 229
629 230
629 231
629 232
629 233
630 192
630 193
630 194
630 195
630 196
630 197
630 198
630 199
630 200
630 201
630 202
630 203
630 204
630 205
630 206
630 207
630 208
630 209
630 210
630 211
630 212
630 213
630 214
630 215
630 216
630 217
630 218
630 219
630 220
630 221
631 172
631 173
631 174
631 175
631 176
631 177
631 178
631 179
631 180
631 181
631 182
631 183
631 184
631 185
631 186
631 187
631 188
631 189
631 190
631 191
631 192
631 193
631 194
631 195
631 196
631 197
631 198
638 213
638 214
638 215
638 216
638 217
638 218
638 219
638 220
638 221
638 222
638 223
638 224
638 225
638 226
638 227
638 228
638 229
638 230
638 231
638 232
638 233
638 234
639 186
639 187
639 188
639 189
639 190
639 191
639 192
639 193
639 194
639 195
639 196
639 197
639 198
639 199
639 200
639 201
639 202
639 203
639 204
639 205
639 206
639 207
639 208
639 209
639 210
639 211
639 212
639 213
639 214
639 215
639 216
639 217
640 168
640 169
640 170
640 171
640 172
640 173
640 174
640 175
640 176
640 177
640 178
640 179
640 180
640 181
640 182
640 183
640 184
640 185
640 186
640 187
640 188
640 189
640 190
640 191
647 205
647 206
647 207
647 208
647 209
647 210
647 211
647 212
647 213
647 214
647 215
647 216
647 217
647 218
647 219
647 220
647 221
647 222
647 223
647 224
647 225
647 226
647 227
647 228
647 229
647 230
647 231
648 180
648 181
648 182
648 183
648 184
648 185
648 186
648 187
648 188
648 189
648 190
648 191
648 192
648 193
648 194
648 195
648 196
648 197
648 198
648 199
648 200
648 201
648 202
648 203
648 204
648 205
648 206
648 207
648 208
648 209
648 210
648 211
648 212
649 165
649 166
649 167
649 168
649 169
649 170
649 171
649 172
649 173
649 174
649 175
649 176
649 177
649 178
649 179
649 180
649 181
649 182
649 183
649 184
656 198
656 199
656 200
656 201
656 202
656 203
656 204
656 205
656 206
656 207
656 208
656 209
656 210
656 211
656 212
656 213
656 214
656 215
656 216
656 217
656 218
656 219
656 220
656 221
656 222
656 223
656 224
656 225
656 226
656 227
656 228
657 175
657 176
657 177
657 178
657 179
657 180
657 181
657 182
657 183
657 184
657 185
657 186
657 187
657 188
657 189
657 190
657 191
657 192
657 193
657 194
657 195
657 196
657 197
657 198
657 199
657 200
657 201
657 202
657 203
657 204
657 205
657 206
657 207
658 164
658 165
658 166
658 167
658 168
658 169
658 170
658 171
658 172
658 173
658 174
658 175
664 222
664 223
664 224
664 225
664 226
664 227
664 228
664 229
664 230
664 231
664 232
664 233
664 234
664 235
664 236
664 237
665 191
665 192
665 193
665 194
665 195
665 196
665 197
665 198
665 199
665 200
665 201
665 202
665 203
665 204
665 205
665 206
665 207
665 208
665 209
665 210
665 211
665 212
665 213
665 214
665 215
665 216
665 217
665 218
665 219
665 220
665 221
665 222
665 223
665 224
666 170
666 171
666 172
666 173
666 174
666 175
666 176
666 177
666 178
666 179
666 180
666 181
666 182
666 183
666 184
666 185
666 186
666 187
666 188
666 189
666 190
666 191
666 192
666 193
666 194
666 195
666 196
666 197
666 198
666 199
666 200
666 201
673 212
673 213
673 214
673 215
673 216
673 217
673 218
673 219
673 220
673 221
673 222
673 223
673 224
673 225
673 226
673 227
673 228
673 229
673 230
673 231
673 232
673 233
673 234
673 235
673 236
674 185
674 186
674 187
674 188
674 189
674 190
674 191
674 192
674 193
674 194
674 195
674 196
674 197
674 198
674 199
674 200
674 201
674 202
674 203
674 204
674 205
674 206
674 207
674 208
674 209
674 210
674 211
674 212
674 213
674 214
674 215
674 216
674 217
674 218
674 219
675 165
675 166
675 167
675 168
675 169
675 170
675 171
675 172
675 173
675 174
675 175
675 176
675 177
675 178
675 179
675 180
675 181
675 182
675 183
675 184
675 185
675 186
675 187
675 188
675 189
675 190
675 191
675 192
675 193
675 194
675 195
682 204
682 205
682 206
682 207
682 208
682 209
682 210
682 211
682 212
682 213
682 214
682 215
682 216
682 217
682 218
682 219
682 220
682 221
682 222
682 223
682 224
682 225
682 226
682 227
682 228
682 229
682 230
682 231
682 232
682 233
682 234
683 179
683 180
683 181
683 182
683 183
683 184
683 185
683 186
683 187
683 188
683 189
683 190
683 191
683 192
683 193
683 194
683 195
683 196
683 197
683 198
683 199
683 200
683 201
683 202
683 203
683 204
683 205
683 206
683 207
683 208
683 209
683 210
683 211
683 212
683 213
683 214
684 162
684 163
684 164
684 165
684 166
684 167
684 168
684 169
684 170
684 171
684 172
684 173
684 174
684 175
684 176
684 177
684 178
684 179
684 180
684 181
684 182
684 183
684 184
684 185
684 186
684 187
684 188
691 197
691 198
691 199
691 200
691 201
691 202
691 203
691 204
691 205
691 206
691 207
691 208
691 209
691 210
691 211
691 212
691 213
691 214
691 215
691 216
691 217
691 218
691 219
691 220
691 221
691 222
691 223
691 224
691 225
691 226
691 227
691 228
691 229
691 230
692 173
692 174
692 175
692 176
692 177
692 178
692 179
692 180
692 181
692 182
692 183
692 184
692 185
692 186
692 187
692 188
692 189
692 190
692 191
692 192
692 193
692 194
692 195
692 196
692 197
692 198
692 199
692 200
692 201
692 202
692 203
692 204
692 205
692 206
692 207
692 208
692 209
693 159
693 160
693 161
693 162
693 163
693 164
693 165
693 166
693 167
693 168
693 169
693 170
693 171
693 172
693 173
693 174
693 175
693 176
693 177
693 178
693 179
693 180
699 221
699 222
699 223
699 224
699 225
699 226
699 227
699 228
699 229
699 230
699 231
699 232
699 233
699 234
699 235
699 236
699 237
699 238
699 239
699 240
700 190
700 191
700 192
700 193
700 194
700 195
700 196
700 197
700 198
700 199
700 200
700 201
700 202
700 203
700 204
700 205
700 206
700 207
700 208
700 209
700 210
700 211
700 212
700 213
700 214
700 215
700 216
700 217
700 218
700 219
700 220
700 221
700 222
700 223
700 224
700 225
700 226
701 168
701 169
701 170
701 171
701 172
701 173
701 174
701 175
701 176
701 177
701 178
701 179
701 180
701 181
701 182
701 183
701 184
701 185
701 186
701 187
701 188
701 189
701 190
701 191
701 192
701 193
701 194
701 195
701 196
701 197
701 198
701 199
701 200
701 201
701 202
701 203
702 158
702 159
702 160
702 161
702 162
702 163
702 164
702 165
702 166
702 167
702 168
702 169
702 170
702 171
708 212
708 213
708 214
708 215
708 216
708 217
708 218
708 219
708 220
708 221
708 222
708 223
708 224
708 225
708 226
708 227
708 228
708 229
708 230
708 231
708 232
708 233
708 234
708 235
708 236
708 237
708 238
709 184
709 185
709 186
709 187
709 188
709 189
709 190
709 191
709 192
709 193
709 194
709 195
709 196
709 197
709 198
709 199
709 200
709 201
709 202
709 203
709 204
709 205
709 206
709 207
709 208
709 209
709 210
709 211
709 212
709 213
709 214
709 215
709 216
709 217
709 218
709 219
709 220
709 221
710 164
710 165
710 166
710 167
710 168
710 169
710 170
710 171
710 172
710 173
710 174
710 175
710 176
710 177
710 178
710 179
710 180
710 181
710 182
710 183
710 184
710 185
710 186
710 187
710 188
710 189
710 190
710 191
710 192
710 193
710 194
710 195
710 196
710 197
717 204
717 205
717 206
717 207
717 208
717 209
717 210
717 211
717 212
717 213
717 214
717 215
717 216
717 217
717 218
717 219
717 220
717 221
717 222
717 223
717 224
717 225
717 226
717 227
717 228
717 229
717 230
717 231
717 232
717 233
717 234
717 235
717 236
718 178
718 179
718 180
718 181
718 182
718 183
718 184
718 185
718 186
718 187
718 188
718 189
718 190
718 191
718 192
718 193
718 194
718 195
718 196
718 197
718 198
718 199
718 200
718 201
718 202
718 203
718 204
718 205
718 206
718 207
718 208
718 209
718 210
718 211
718 212
718 213
718 214
718 215
718 216
719 160
719 161
719 162
719 163
719 164
719 165
719 166
719 167
719 168
719 169
719 170
719 171
719 172
719 173
719 174
719 175
719 176
719 177
719 178
719 179
719 180
719 181
719 182
719 183
719 184
719 185
719 186
719 187
719 188
719 189
719 190
719 191
726 197
726 198
726 199
726 200
726 201
726 202
726 203
726 204
726 205
726 206
726 207
726 208
726 209
726 210
726 211
726 212
726 213
726 214
726 215
726 216
726 217
726 218
726 219
726 220
726 221
726 222
726 223
726 224
726 225
726 226
726 227
726 228
726 229
726 230
726 231
726 232
727 172
727 173
727 174
727 175
727 176
727 177
727 178
727 179
727 180
727 181
727 182
727 183
727 184
727 185
727 186
727 187
727 188
727 189
727 190
727 191
727 192
727 193
727 194
727 195
727 196
727 197
727 198
727 199
727 200
727 201
727 202
727 203
727 204
727 205
727 206
727 207
727 208
727 209
727 210
727 211
728 157
728 158
728 159
728 160
728 161
728 162
728 163
728 164
728 165
728 166
728 167
728 168
728 169
728 170
728 171
728 172
728 173
728 174
728 175
728 176
728 177
728 178
728 179
728 180
728 181
728 182
728 183
728 184
734 222
734 223
734 224
734 225
734 226
734 227
734 228
734 229
734 230
734 231
734 232
734 233
734 234
734 235
734 236
734 237
734 238
734 239
734 240
734 241
735 190
735 191
735 192
735 193
735 194
735 195
735 196
735 197
735 198
735 199
735 200
735 201
735 202
735 203
735 204
735 205
735 206
735 207
735 208
735 209
735 210
735 211
735 212
735 213
735 214
735 215
735 216
735 217
735 218
735 219
735 220
735 221
735 222
735 223
735 224
735 225
735 226
735 227
735 228
736 167
736 168
736 169
736 170
736 171
736 172
736 173
736 174
736 175
736 176
736 177
736 178
736 179
736 180
736 181
736 182
736 183
736 184
736 185
736 186
736 187
736 188
736 189
736 190
736 191
736 192
736 193
736 194
736 195
736 196
736 197
736 198
736 199
736 200
736 201
736 202
736 203
736 204
736 205
737 154
737 155
737 156
737 157
737 158
737 159
737 160
737 161
737 162
737 163
737 164
737 165
737 166
737 167
737 168
737 169
737 170
737 171
737 172
737 173
737 174
737 175
737 176
743 212
743 213
743 214
743 215
743 216
743 217
743 218
743 219
743 220
743 221
743 222
743 223
743 224
743 225
743 226
743 227
743 228
743 229
743 230
743 231
743 232
743 233
743 234
743 235
743 236
743 237
743 238
743 239
743 240
744 183
744 184
744 185
744 186
744 187
744 188
744 189
744 190
744 191
744 192
744 193
744 194
744 195
744 196
744 197
744 198
744 199
744 200
744 201
744 202
744 203
744 204
744 205
744 206
744 207
744 208
744 209
744 210
744 211
744 212
744 213
744 214
744 215
744 216
744 217
744 218
744 219
744 220
744 221
744 222
744 223
745 163
745 164
745 165
745 166
745 167
745 168
745 169
745 170
745 171
745 172
745 173
745 174
745 175
745 176
745 177
745 178
745 179
745 180
745 181
745 182
745 183
745 184
745 185
745 186
745 187
745 188
745 189
745 190
745 191
745 192
745 193
745 194
745 195
745 196
745 197
745 198
745 199
746 155
746 156
746 157
746 158
746 159
746 160
746 161
746 162
746 163
746 164
746 165
752 204
752 205
752 206
752 207
752 208
752 209
752 210
752 211
752 212
752 213
752 214
752 215
752 216
752 217
752 218
752 219
752 220
752 221
752 222
752 223
752 224
752 225
752 226
752 227
752 228
752 229
752 230
752 231
752 232
752 233
752 234
752 235
752 236
752 237
753 177
753 178
753 179
753 180
753 181
753 182
753 183
753 184
753 185
753 186
753 187
753 188
753 189
753 190
753 191
753 192
753 193
753 194
753 195
753 196
753 197
753 198
753 199
753 200
753 201
753 202
753 203
753 204
753 205
753 206
753 207
753 208
753 209
753 210
753 211
753 212
753 213
753 214
753 215
753 216
753 217
753 218
754 158
754 159
754 160
754 161
754 162
754 163
754 164
754 165
754 166
754 167
754 168
754 169
754 170
754 171
754 172
754 173
754 174
754 175
754 176
754 177
754 178
754 179
754 180
754 181
754 182
754 183
754 184
754 185
754 186
754 187
754 188
754 189
754 190
754 191
754 192
754 193
761 197
761 198
761 199
761 200
761 201
761 202
761 203
761 204
761 205
761 206
761 207
761 208
761 209
761 210
761 211
761 212
761 213
761 214
761 215
761 216
761 217
761 218
761 219
761 220
761 221
761 222
761 223
761 224
761 225
761 226
761 227
761 228
761 229
761 230
761 231
761 232
761 233
762 172
762 173
762 174
762 175
762 176
762 177
762 178
762 179
762 180
762 181
762 182
762 183
762 184
762 185
762 186
762 187
762 188
762 189
762 190
762 191
762 192
762 193
762 194
762 195
762 196
762 197
762 198
762 199
762 200
762 201
762 202
762 203
762 204
762 205
762 206
762 207
762 208
762 209
762 210
762 211
762 212
763 155
763 156
763 157
763 158
763 159
763 160
763 161
763 162
763 163
763 164
763 165
763 166
763 167
763 168
763 169
763 170
763 171
763 172
763 173
763 174
763 175
763 176
763 177
763 178
763 179
763 180
763 181
763 182
763 183
763 184
763 185
763 186
769 223
769 224
769 225
769 226
769 227
769 228
769 229
769 230
769 231
769 232
769 233
769 234
769 235
769 236
769 237
769 238
769 239
769 240
769 241
770 190
770 191
770 192
770 193
770 194
770 195
770 196
770 197
770 198
770 199
770 200
770 201
770 202
770 203
770 204
770 205
770 206
770 207
770 208
770 209
770 210
770 211
770 212
770 213
770 214
770 215
770 216
770 217
770 218
770 219
770 220
770 221
770 222
770 223
770 224
770 225
770 226
770 227
770 228
770 229
771 167
771 168
771 169
771 170
771 171
771 172
771 173
771 174
771 175
771 176
771 177
771 178
771 179
771 180
771 181
771 182
771 183
771 184
771 185
771 186
771 187
771 188
771 189
771 190
771 191
771 192
771 193
771 194
771 195
771 196
771 197
771 198
771 199
771 200
771 201
771 202
771 203
771 204
771 205
771 206
771 207
772 152
772 153
772 154
772 155
772 156
772 157
772 158
772 159
772 160
772 161
772 162
772 163
772 164
772 165
772 166
772 167
772 168
772 169
772 170
772 171
772 172
772 173
772 174
772 175
772 176
772 177
772 178
778 213
778 214
778 215
778 216
778 217
778 218
778 219
778 220
778 221
778 222
778 223
778 224
778 225
778 226
778 227
778 228
778 229
778 230
778 231
778 232
778 233
778 234
778 235
778 236
778 237
778 238
778 239
778 240
779 183
779 184
779 185
779 186
779 187
779 188
779 189
779 190
779 191
779 192
779 193
779 194
779 195
779 196
779 197
779 198
779 199
779 200
779 201
779 202
779 203
779 204
779 205
779 206
779 207
779 208
779 209
779 210
779 211
779 212
779 213
779 214
779 215
779 216
779 217
779 218
779 219
779 220
779 221
779 222
779 223
779 224
780 162
780 163
780 164
780 165
780 166
780 167
780 168
780 169
780 170
780 171
780 172
780 173
780 174
780 175
780 176
780 177
780 178
780 179
780 180
780 181
780 182
780 183
780 184
780 185
780 186
780 187
780 188
780 189
780 190
780 191
780 192
780 193
780 194
780 195
780 196
780 197
780 198
780 199
780 200
780 201
781 151
781 152
781 153
781 154
781 155
781 156
781 157
781 158
781 159
781 160
781 161
781 162
781 163
781 164
781 165
781 166
781 167
781 168
781 169
781 170
787 204
787 205
787 206
787 207
787 208
787 209
787 210
787 211
787 212
787 213
787 214
787 215
787 216
787 217
787 218
787 219
787 220
787 221
787 222
787 223
787 224
787 225
787 226
787 227
787 228
787 229
787 230
787 231
787 232
787 233
787 234
787 235
787 236
787 237
788 177
788 178
788 179
788 180
788 181
788 182
788 183
788 184
788 185
788 186
788 187
788 188
788 189
788 190
788 191
788 192
788 193
788 194
788 195
788 196
788 197
788 198
788 199
788 200
788 201
788 202
788 203
788 204
788 205
788 206
788 207
788 208
788 209
788 210
788 211
788 212
788 213
788 214
788 215
788 216
788 217
788 218
788 219
789 158
789 159
789 160
789 161
789 162
789 163
789 164
789 165
789 166
789 167
789 168
789 169
789 170
789 171
789 172
789 173
789 174
789 175
789 176
789 177
789 178
789 179
789 180
789 181
789 182
789 183
789 184
789 185
789 186
789 187
789 188
789 189
789 190
789 191
789 192
789 193
789 194
790 155
790 156
790 157
796 197
796 198
796 199
796 200
796 201
796 202
796 203
796 204
796 205
796 206
796 207
796 208
796 209
796 210
796 211
796 212
796 213
796 214
796 215
796 216
796 217
796 218
796 219
796 220
796 221
796 222
796 223
796 224
796 225
796 226
796 227
796 228
796 229
796 230
796 231
796 232
796 233
796 234
797 172
797 173
797 174
797 175
797 176
797 177
797 178
797 179
797 180
797 181
797 182
797 183
797 184
797 185
797 186
797 187
797 188
797 189
797 190
797 191
797 192
797 193
797 194
797 195
797 196
797 197
797 198
797 199
797 200
797 201
797 202
797 203
797 204
797 205
797 206
797 207
797 208
797 209
797 210
797 211
797 212
797 213
797 214
798 154
798 155
798 156
798 157
798 158
798 159
798 160
798 161
798 162
798 163
798 164
798 165
798 166
798 167
798 168
798 169
798 170
798 171
798 172
798 173
798 174
798 175
798 176
798 177
798 178
798 179
798 180
798 181
798 182
798 183
798 184
798 185
798 186
798 187
798 188
804 225
804 226
804 227
804 228
804 229
804 230
804 231
804 232
804 233
804 234
804 235
804 236
804 237
804 238
804 239
805 190
805 191
805 192
805 193
805 194
805 195
805 196
805 197
805 198
805 199
805 200
805 201
805 202
805 203
805 204
805 205
805 206
805 207
805 208
805 209
805 210
805 211
805 212
805 213
805 214
805 215
805 216
805 217
805 218
805 219
805 220
805 221
805 222
805 223
805 224
805 225
805 226
805 227
805 228
805 229
806 166
806 167
806 168
806 169
806 170
806 171
806 172
806 173
806 174
806 175
806 176
806 177
806 178
806 179
806 180
806 181
806 182
806 183
806 184
806 185
806 186
806 187
806 188
806 189
806 190
806 191
806 192
806 193
806 194
806 195
806 196
806 197
806 198
806 199
806 200
806 201
806 202
806 203
806 204
806 205
806 206
806 207
806 208
807 151
807 152
807 153
807 154
807 155
807 156
807 157
807 158
807 159
807 160
807 161
807 162
807 163
807 164
807 165
807 166
807 167
807 168
807 169
807 170
807 171
807 172
807 173
807 174
807 175
807 176
807 177
807 178
807 179
807 180
813 214
813 215
813 216
813 217
813 218
813 219
813 220
813 221
813 222
813 223
813 224
813 225
813 226
813 227
813 228
813 229
813 230
813 231
813 232
813 233
813 234
813 235
813 236
813 237
813 238
813 239
813 240
814 183
814 184
814 185
814 186
814 187
814 188
814 189
814 190
814 191
814 192
814 193
814 194
814 195
814 196
814 197
814 198
814 199
814 200
814 201
814 202
814 203
814 204
814 205
814 206
814 207
814 208
814 209
814 210
814 211
814 212
814 213
814 214
814 215
814 216
814 217
814 218
814 219
814 220
814 221
814 222
814 223
814 224
814 225
815 161
815 162
815 163
815 164
815 165
815 166
815 167
815 168
815 169
815 170
815 171
815 172
815 173
815 174
815 175
815 176
815 177
815 178
815 179
815 180
815 181
815 182
815 183
815 184
815 185
815 186
815 187
815 188
815 189
815 190
815 191
815 192
815 193
815 194
815 195
815 196
815 197
815 198
815 199
815 200
815 201
815 202
816 149
816 150
816 151
816 152
816 153
816 154
816 155
816 156
816 157
816 158
816 159
816 160
816 161
816 162
816 163
816 164
816 165
816 166
816 167
816 168
816 169
816 170
816 171
816 172
816 173
822 205
822 206
822 207
822 208
822 209
822 210
822 211
822 212
822 213
822 214
822 215
822 216
822 217
822 218
822 219
822 220
822 221
822 222
822 223
822 224
822 225
822 226
822 227
822 228
822 229
822 230
822 231
822 232
822 233
822 234
822 235
822 236
822 237
823 177
823 178
823 179
823 180
823 181
823 182
823 183
823 184
823 185
823 186
823 187
823 188
823 189
823 190
823 191
823 192
823 193
823 194
823 195
823 196
823 197
823 198
823 199
823 200
823 201
823 202
823 203
823 204
823 205
823 206
823 207
823 208
823 209
823 210
823 211
823 212
823 213
823 214
823 215
823 216
823 217
823 218
823 219
823 220
824 157
824 158
824 159
824 160
824 161
824 162
824 163
824 164
824 165
824 166
824 167
824 168
824 169
824 170
824 171
824 172
824 173
824 174
824 175
824 176
824 177
824 178
824 179
824 180
824 181
824 182
824 183
824 184
824 185
824 186
824 187
824 188
824 189
824 190
824 191
824 192
824 193
824 194
824 195
824 196
825 148
825 149
825 150
825 151
825 152
825 153
825 154
825 155
825 156
825 157
825 158
825 159
825 160
825 161
825 162
825 163
831 197
831 198
831 199
831 200
831 201
831 202
831 203
831 204
831 205
831 206
831 207
831 208
831 209
831 210
831 211
831 212
831 213
831 214
831 215
831 216
831 217
831 218
831 219
831 220
831 221
831 222
831 223
831 224
831 225
831 226
831 227
831 228
831 229
831 230
831 231
831 232
831 233
831 234
832 171
832 172
832 173
832 174
832 175
832 176
832 177
832 178
832 179
832 180
832 181
832 182
832 183
832 184
832 185
832 186
832 187
832 188
832 189
832 190
832 191
832 192
832 193
832 194
832 195
832 196
832 197
832 198
832 199
832 200
832 201
832 202
832 203
832 204
832 205
832 206
832 207
832 208
832 209
832 210
832 211
832 212
832 213
832 214
833 153
833 154
833 155
833 156
833 157
833 158
833 159
833 160
833 161
833 162
833 163
833 164
833 165
833 166
833 167
833 168
833 169
833 170
833 171
833 172
833 173
833 174
833 175
833 176
833 177
833 178
833 179
833 180
833 181
833 182
833 183
833 184
833 185
833 186
833 187
833 188
833 189
839 230
839 231
839 232
839 233
839 234
839 235
840 190
840 191
840 192
840 193
840 194
840 195
840 196
840 197
840 198
840 199
840 200
840 201
840 202
840 203
840 204
840 205
840 206
840 207
840 208
840 209
840 210
840 211
840 212
840 213
840 214
840 215
840 216
840 217
840 218
840 219
840 220
840 221
840 222
840 223
840 224
840 225
840 226
840 227
840 228
840 229
840 230
841 166
841 167
841 168
841 169
841 170
841 171
841 172
841 173
841 174
841 175
841 176
841 177
841 178
841 179
841 180
841 181
841 182
841 183
841 184
841 185
841 186
841 187
841 188
841 189
841 190
841 191
841 192
841 193
841 194
841 195
841 196
841 197
841 198
841 199
841 200
841 201
841 202
841 203
841 204
841 205
841 206
841 207
841 208
841 209
842 150
842 151
842 152
842 153
842 154
842 155
842 156
842 157
842 158
842 159
842 160
842 161
842 162
842 163
842 164
842 165
842 166
842 167
842 168
842 169
842 170
842 171
842 172
842 173
842 174
842 175
842 176
842 177
842 178
842 179
842 180
842 181
842 182
848 216
848 217
848 218
848 219
848 220
848 221
848 222
848 223
848 224
848 225
848 226
848 227
848 228
848 229
848 230
848 231
848 232
848 233
848 234
848 235
848 236
848 237
848 238
849 184
849 185
849 186
849 187
849 188
849 189
849 190
849 191
849 192
849 193
849 194
849 195
849 196
849 197
849 198
849 199
849 200
849 201
849 202
849 203
849 204
849 205
849 206
849 207
849 208
849 209
849 210
849 211
849 212
849 213
849 214
849 215
849 216
849 217
849 218
849 219
849 220
849 221
849 222
849 223
849 224
849 225
850 161
850 162
850 163
850 164
850 165
850 166
850 167
850 168
850 169
850 170
850 171
850 172
850 173
850 174
850 175
850 176
850 177
850 178
850 179
850 180
850 181
850 182
850 183
850 184
850 185
850 186
850 187
850 188
850 189
850 190
850 191
850 192
850 193
850 194
850 195
850 196
850 197
850 198
850 199
850 200
850 201
850 202
850 203
851 147
851 148
851 149
851 150
851 151
851 152
851 153
851 154
851 155
851 156
851 157
851 158
851 159
851 160
851 161
851 162
851 163
851 164
851 165
851 166
851 167
851 168
851 169
851 170
851 171
851 172
851 173
851 174
851 175
857 206
857 207
857 208
857 209
857 210
857 211
857 212
857 213
857 214
857 215
857 216
857 217
857 218
857 219
857 220
857 221
857 222
857 223
857 224
857 225
857 226
857 227
857 228
857 229
857 230
857 231
857 232
857 233
857 234
857 235
857 236
858 177
858 178
858 179
858 180
858 181
858 182
858 183
858 184
858 185
858 186
858 187
858 188
858 189
858 190
858 191
858 192
858 193
858 194
858 195
858 196
858 197
858 198
858 199
858 200
858 201
858 202
858 203
858 204
858 205
858 206
858 207
858 208
858 209
858 210
858 211
858 212
858 213
858 214
858 215
858 216
858 217
858 218
858 219
858 220
859 157
859 158
859 159
859 160
859 161
859 162
859 163
859 164
859 165
859 166
859 167
859 168
859 169
859 170
859 171
859 172
859 173
859 174
859 175
859 176
859 177
859 178
859 179
859 180
859 181
859 182
859 183
859 184
859 185
859 186
859 187
859 188
859 189
859 190
859 191
859 192
859 193
859 194
859 195
859 196
860 146
860 147
860 148
860 149
860 150
860 151
860 152
860 153
860 154
860 155
860 156
860 157
860 158
860 159
860 160
860 161
860 162
860 163
860 164
860 165
860 166
866 198
866 199
866 200
866 201
866 202
866 203
866 204
866 205
866 206
866 207
866 208
866 209
866 210
866 211
866 212
866 213
866 214
866 215
866 216
866 217
866 218
866 219
866 220
866 221
866 222
866 223
866 224
866 225
866 226
866 227
866 228
866 229
866 230
866 231
866 232
866 233
867 172
867 173
867 174
867 175
867 176
867 177
867 178
867 179
867 180
867 181
867 182
867 183
867 184
867 185
867 186
867 187
867 188
867 189
867 190
867 191
867 192
867 193
867 194
867 195
867 196
867 197
867 198
867 199
867 200
867 201
867 202
867 203
867 204
867 205
867 206
867 207
867 208
867 209
867 210
867 211
867 212
867 213
867 214
867 215
868 153
868 154
868 155
868 156
868 157
868 158
868 159
868 160
868 161
868 162
868 163
868 164
868 165
868 166
868 167
868 168
868 169
868 170
868 171
868 172
868 173
868 174
868 175
868 176
868 177
868 178
868 179
868 180
868 181
868 182
868 183
868 184
868 185
868 186
868 187
868 188
868 189
868 190
869 149
869 150
869 151
869 152
869 153
869 154
875 191
875 192
875 193
875 194
875 195
875 196
875 197
875 198
875 199
875 200
875 201
875 202
875 203
875 204
875 205
875 206
875 207
875 208
875 209
875 210
875 211
875 212
875 213
875 214
875 215
875 216
875 217
875 218
875 219
875 220
875 221
875 222
875 223
875 224
875 225
875 226
875 227
875 228
875 229
876 166
876 167
876 168
876 169
876 170
876 171
876 172
876 173
876 174
876 175
876 176
876 177
876 178
876 179
876 180
876 181
876 182
876 183
876 184
876 185
876 186
876 187
876 188
876 189
876 190
876 191
876 192
876 193
876 194
876 195
876 196
876 197
876 198
876 199
876 200
876 201
876 202
876 203
876 204
876 205
876 206
876 207
876 208
876 209
877 149
877 150
877 151
877 152
877 153
877 154
877 155
877 156
877 157
877 158
877 159
877 160
877 161
877 162
877 163
877 164
877 165
877 166
877 167
877 168
877 169
877 170
877 171
877 172
877 173
877 174
877 175
877 176
877 177
877 178
877 179
877 180
877 181
877 182
877 183
883 218
883 219
883 220
883 221
883 222
883 223
883 224
883 225
883 226
883 227
883 228
883 229
883 230
883 231
883 232
883 233
883 234
883 235
884 184
884 185
884 186
884 187
884 188
884 189
884 190
884 191
884 192
884 193
884 194
884 195
884 196
884 197
884 198
884 199
884 200
884 201
884 202
884 203
884 204
884 205
884 206
884 207
884 208
884 209
884 210
884 211
884 212
884 213
884 214
884 215
884 216
884 217
884 218
884 219
884 220
884 221
884 222
884 223
884 224
884 225
885 161
885 162
885 163
885 164
885 165
885 166
885 167
885 168
885 169
885 170
885 171
885 172
885 173
885 174
885 175
885 176
885 177
885 178
885 179
885 180
885 181
885 182
885 183
885 184
885 185
885 186
885 187
885 188
885 189
885 190
885 191
885 192
885 193
885 194
885 195
885 196
885 197
885 198
885 199
885 200
885 201
885 202
885 203
886 146
886 147
886 148
886 149
886 150
886 151
886 152
886 153
886 154
886 155
886 156
886 157
886 158
886 159
886 160
886 161
886 162
886 163
886 164
886 165
886 166
886 167
886 168
886 169
886 170
886 171
886 172
886 173
886 174
886 175
886 176
892 208
892 209
892 210
892 211
892 212
892 213
892 214
892 215
892 216
892 217
892 218
892 219
892 220
892 221
892 222
892 223
892 224
892 225
892 226
892 227
892 228
892 229
892 230
892 231
892 232
892 233
892 234
892 235
893 178
893 179
893 180
893 181
893 182
893 183
893 184
893 185
893 186
893 187
893 188
893 189
893 190
893 191
893 192
893 193
893 194
893 195
893 196
893 197
893 198
893 199
893 200
893 201
893 202
893 203
893 204
893 205
893 206
893 207
893 208
893 209
893 210
893 211
893 212
893 213
893 214
893 215
893 216
893 217
893 218
893 219
893 220
894 157
894 158
894 159
894 160
894 161
894 162
894 163
894 164
894 165
894 166
894 167
894 168
894 169
894 170
894 171
894 172
894 173
894 174
894 175
894 176
894 177
894 178
894 179
894 180
894 181
894 182
894 183
894 184
894 185
894 186
894 187
894 188
894 189
894 190
894 191
894 192
894 193
894 194
894 195
894 196
894 197
895 145
895 146
895 147
895 148
895 149
895 150
895 151
895 152
895 153
895 154
895 155
895 156
895 157
895 158
895 159
895 160
895 161
895 162
895 163
895 164
895 165
895 166
895 167
895 168
901 199
901 200
901 201
901 202
901 203
901 204
901 205
901 206
901 207
901 208
901 209
901 210
901 211
901 212
901 213
901 214
901 215
901 216
901 217
901 218
901 219
901 220
901 221
901 222
901 223
901 224
901 225
901 226
901 227
901 228
901 229
901 230
901 231
901 232
902 172
902 173
902 174
902 175
902 176
902 177
902 178
902 179
902 180
902 181
902 182
902 183
902 184
902 185
902 186
902 187
902 188
902 189
902 190
902 191
902 192
902 193
902 194
902 195
902 196
902 197
902 198
902 199
902 200
902 201
902 202
902 203
902 204
902 205
902 206
902 207
902 208
902 209
902 210
902 211
902 212
902 213
902 214
902 215
903 153
903 154
903 155
903 156
903 157
903 158
903 159
903 160
903 161
903 162
903 163
903 164
903 165
903 166
903 167
903 168
903 169
903 170
903 171
903 172
903 173
903 174
903 175
903 176
903 177
903 178
903 179
903 180
903 181
903 182
903 183
903 184
903 185
903 186
903 187
903 188
903 189
903 190
903 191
904 145
904 146
904 147
904 148
904 149
904 150
904 151
904 152
904 153
904 154
904 155
904 156
904 157
904 158
904 159
910 192
910 193
910 194
910 195
910 196
910 197
910 198
910 199
910 200
910 201
910 202
910 203
910 204
910 205
910 206
910 207
910 208
910 209
910 210
910 211
910 212
910 213
910 214
910 215
910 216
910 217
910 218
910 219
910 220
910 221
910 222
910 223
910 224
910 225
910 226
910 227
910 228
911 166
911 167
911 168
911 169
911 170
911 171
911 172
911 173
911 174
911 175
911 176
911 177
911 178
911 179
911 180
911 181
911 182
911 183
911 184
911 185
911 186
911 187
911 188
911 189
911 190
911 191
911 192
911 193
911 194
911 195
911 196
911 197
911 198
911 199
911 200
911 201
911 202
911 203
911 204
911 205
911 206
911 207
911 208
911 209
912 149
912 150
912 151
912 152
912 153
912 154
912 155
912 156
912 157
912 158
912 159
912 160
912 161
912 162
912 163
912 164
912 165
912 166
912 167
912 168
912 169
912 170
912 171
912 172
912 173
912 174
912 175
912 176
912 177
912 178
912 179
912 180
912 181
912 182
912 183
912 184
918 224
918 225
918 226
918 227
918 228
919 185
919 186
919 187
919 188
919 189
919 190
919 191
919 192
919 193
919 194
919 195
919 196
919 197
919 198
919 199
919 200
919 201
919 202
919 203
919 204
919 205
919 206
919 207
919 208
919 209
919 210
919 211
919 212
919 213
919 214
919 215
919 216
919 217
919 218
919 219
919 220
919 221
919 222
919 223
919 224
920 161
920 162
920 163
920 164
920 165
920 166
920 167
920 168
920 169
920 170
920 171
920 172
920 173
920 174
920 175
920 176
920 177
920 178
920 179
920 180
920 181
920 182
920 183
920 184
920 185
920 186
920 187
920 188
920 189
920 190
920 191
920 192
920 193
920 194
920 195
920 196
920 197
920 198
920 199
920 200
920 201
920 202
920 203
921 146
921 147
921 148
921 149
921 150
921 151
921 152
921 153
921 154
921 155
921 156
921 157
921 158
921 159
921 160
921 161
921 162
921 163
921 164
921 165
921 166
921 167
921 168
921 169
921 170
921 171
921 172
921 173
921 174
921 175
921 176
921 177
927 210
927 211
927 212
927 213
927 214
927 215
927 216
927 217
927 218
927 219
927 220
927 221
927 222
927 223
927 224
927 225
927 226
927 227
927 228
927 229
927 230
927 231
927 232
928 178
928 179
928 180
928 181
928 182
928 183
928 184
928 185
928 186
928 187
928 188
928 189
928 190
928 191
928 192
928 193
928 194
928 195
928 196
928 197
928 198
928 199
928 200
928 201
928 202
928 203
928 204
928 205
928 206
928 207
928 208
928 209
928 210
928 211
928 212
928 213
928 214
928 215
928 216
928 217
928 218
928 219
929 157
929 158
929 159
929 160
929 161
929 162
929 163
929 164
929 165
929 166
929 167
929 168
929 169
929 170
929 171
929 172
929 173
929 174
929 175
929 176
929 177
929 178
929 179
929 180
929 181
929 182
929 183
929 184
929 185
929 186
929 187
929 188
929 189
929 190
929 191
929 192
929 193
929 194
929 195
929 196
929 197
930 144
930 145
930 146
930 147
930 148
930 149
930 150
930 151
930 152
930 153
930 154
930 155
930 156
930 157
930 158
930 159
930 160
930 161
930 162
930 163
930 164
930 165
930 166
930 167
930 168
930 169
930 170
936 200
936 201
936 202
936 203
936 204
936 205
936 206
936 207
936 208
936 209
936 210
936 211
936 212
936 213
936 214
936 215
936 216
936 217
936 218
936 219
936 220
936 221
936 222
936 223
936 224
936 225
936 226
936 227
936 228
936 229
936 230
937 172
937 173
937 174
937 175
937 176
937 177
937 178
937 179
937 180
937 181
937 182
937 183
937 184
937 185
937 186
937 187
937 188
937 189
937 190
937 191
937 192
937 193
937 194
937 195
937 196
937 197
937 198
937 199
937 200
937 201
937 202
937 203
937 204
937 205
937 206
937 207
937 208
937 209
937 210
937 211
937 212
937 213
937 214
938 153
938 154
938 155
938 156
938 157
938 158
938 159
938 160
938 161
938 162
938 163
938 164
938 165
938 166
938 167
938 168
938 169
938 170
938 171
938 172
938 173
938 174
938 175
938 176
938 177
938 178
938 179
938 180
938 181
938 182
938 183
938 184
938 185
938 186
938 187
938 188
938 189
938 190
938 191
939 143
939 144
939 145
939 146
939 147
939 148
939 149
939 150
939 151
939 152
939 153
939 154
939 155
939 156
939 157
939 158
939 159
939 160
939 161
945 192
945 193
945 194
945 195
945 196
945 197
945 198
945 199
945 200
945 201
945 202
945 203
945 204
945 205
945 206
945 207
945 208
945 209
945 210
945 211
945 212
945 213
945 214
945 215
945 216
945 217
945 218
945 219
945 220
945 221
945 222
945 223
945 224
945 225
945 226
945 227
946 167
946 168
946 169
946 170
946 171
946 172
946 173
946 174
946 175
946 176
946 177
946 178
946 179
946 180
946 181
946 182
946 183
946 184
946 185
946 186
946 187
946 188
946 189
946 190
946 191
946 192
946 193
946 194
946 195
946 196
946 197
946 198
946 199
946 200
946 201
946 202
946 203
946 204
946 205
946 206
946 207
946 208
946 209
947 149
947 150
947 151
947 152
947 153
947 154
947 155
947 156
947 157
947 158
947 159
947 160
947 161
947 162
947 163
947 164
947 165
947 166
947 167
947 168
947 169
947 170
947 171
947 172
947 173
947 174
947 175
947 176
947 177
947 178
947 179
947 180
947 181
947 182
947 183
947 184
947 185
954 185
954 186
954 187
954 188
954 189
954 190
954 191
954 192
954 193
954 194
954 195
954 196
954 197
954 198
954 199
954 200
954 201
954 202
954 203
954 204
954 205
954 206
954 207
954 208
954 209
954 210
954 211
954 212
954 213
954 214
954 215
954 216
954 217
954 218
954 219
954 220
954 221
954 222
954 223
955 162
955 163
955 164
955 165
955 166
955 167
955 168
955 169
955 170
955 171
955 172
955 173
955 174
955 175
955 176
955 177
955 178
955 179
955 180
955 181
955 182
955 183
955 184
955 185
955 186
955 187
955 188
955 189
955 190
955 191
955 192
955 193
955 194
955 195
955 196
955 197
955 198
955 199
955 200
955 201
955 202
955 203
956 146
956 147
956 148
956 149
956 150
956 151
956 152
956 153
956 154
956 155
956 156
956 157
956 158
956 159
956 160
956 161
956 162
956 163
956 164
956 165
956 166
956 167
956 168
956 169
956 170
956 171
956 172
956 173
956 174
956 175
956 176
956 177
956 178
962 213
962 214
962 215
962 216
962 217
962 218
962 219
962 220
962 221
962 222
962 223
962 224
962 225
962 226
962 227
963 179
963 180
963 181
963 182
963 183
963 184
963 185
963 186
963 187
963 188
963 189
963 190
963 191
963 192
963 193
963 194
963 195
963 196
963 197
963 198
963 199
963 200
963 201
963 202
963 203
963 204
963 205
963 206
963 207
963 208
963 209
963 210
963 211
963 212
963 213
963 214
963 215
963 216
963 217
963 218
964 157
964 158
964 159
964 160
964 161
964 162
964 163
964 164
964 165
964 166
964 167
964 168
964 169
964 170
964 171
964 172
964 173
964 174
964 175
964 176
964 177
964 178
964 179
964 180
964 181
964 182
964 183
964 184
964 185
964 186
964 187
964 188
964 189
964 190
964 191
964 192
964 193
964 194
964 195
964 196
964 197
965 144
965 145
965 146
965 147
965 148
965 149
965 150
965 151
965 152
965 153
965 154
965 155
965 156
965 157
965 158
965 159
965 160
965 161
965 162
965 163
965 164
965 165
965 166
965 167
965 168
965 169
965 170
965 171
971 202
971 203
971 204
971 205
971 206
971 207
971 208
971 209
971 210
971 211
971 212
971 213
971 214
971 215
971 216
971 217
971 218
971 219
971 220
971 221
971 222
971 223
971 224
971 225
971 226
971 227
972 173
972 174
972 175
972 176
972 177
972 178
972 179
972 180
972 181
972 182
972 183
972 184
972 185
972 186
972 187
972 188
972 189
972 190
972 191
972 192
972 193
972 194
972 195
972 196
972 197
972 198
972 199
972 200
972 201
972 202
972 203
972 204
972 205
972 206
972 207
972 208
972 209
972 210
972 211
972 212
972 213
973 153
973 154
973 155
973 156
973 157
973 158
973 159
973 160
973 161
973 162
973 163
973 164
973 165
973 166
973 167
973 168
973 169
973 170
973 171
973 172
973 173
973 174
973 175
973 176
973 177
973 178
973 179
973 180
973 181
973 182
973 183
973 184
973 185
973 186
973 187
973 188
973 189
973 190
973 191
974 143
974 144
974 145
974 146
974 147
974 148
974 149
974 150
974 151
974 152
974 153
974 154
974 155
974 156
974 157
974 158
974 159
974 160
974 161
974 162
974 163
980 194
980 195
980 196
980 197
980 198
980 199
980 200
980 201
980 202
980 203
980 204
980 205
980 206
980 207
980 208
980 209
980 210
980 211
980 212
980 213
980 214
980 215
980 216
980 217
980 218
980 219
980 220
980 221
980 222
980 223
980 224
981 168
981 169
981 170
981 171
981 172
981 173
981 174
981 175
981 176
981 177
981 178
981 179
981 180
981 181
981 182
981 183
981 184
981 185
981 186
981 187
981 188
981 189
981 190
981 191
981 192
981 193
981 194
981 195
981 196
981 197
981 198
981 199
981 200
981 201
981 202
981 203
981 204
981 205
981 206
981 207
981 208
982 149
982 150
982 151
982 152
982 153
982 154
982 155
982 156
982 157
982 158
982 159
982 160
982 161
982 162
982 163
982 164
982 165
982 166
982 167
982 168
982 169
982 170
982 171
982 172
982 173
982 174
982 175
982 176
982 177
982 178
982 179
982 180
982 181
982 182
982 183
982 184
982 185
983 145
983 146
983 147
983 148
983 149
983 150
983 151
983 152
989 186
989 187
989 188
989 189
989 190
989 191
989 192
989 193
989 194
989 195
989 196
989 197
989 198
989 199
989 200
989 201
989 202
989 203
989 204
989 205
989 206
989 207
989 208
989 209
989 210
989 211
989 212
989 213
989 214
989 215
989 216
989 217
989 218
989 219
989 220
989 221
990 162
990 163
990 164
990 165
990 166
990 167
990 168
990 169
990 170
990 171
990 172
990 173
990 174
990 175
990 176
990 177
990 178
990 179
990 180
990 181
990 182
990 183
990 184
990 185
990 186
990 187
990 188
990 189
990 190
990 191
990 192
990 193
990 194
990 195
990 196
990 197
990 198
990 199
990 200
990 201
990 202
990 203
991 146
991 147
991 148
991 149
991 150
991 151
991 152
991 153
991 154
991 155
991 156
991 157
991 158
991 159
991 160
991 161
991 162
991 163
991 164
991 165
991 166
991 167
991 168
991 169
991 170
991 171
991 172
991 173
991 174
991 175
991 176
991 177
991 178
998 180
998 181
998 182
998 183
998 184
998 185
998 186
998 187
998 188
998 189
998 190
998 191
998 192
998 193
998 194
998 195
998 196
998 197
998 198
998 199
998 200
998 201
998 202
998 203
998 204
998 205
998 206
998 207
998 208
998 209
998 210
998 211
998 212
998 213
998 214
998 215
998 216
998 217
999 158
999 159
999 160
999 161
999 162
999 163
999 164
999 165
999 166
999 167
999 168
999 169
999 170
999 171
999 172
999 173
999 174
999 175
999 176
999 177
999 178
999 179
999 180
999 181
999 182
999 183
999 184
999 185
999 186
999 187
999 188
999 189
999 190
999 191
999 192
999 193
999 194
999 195
999 196
999 197
1000 144
1000 145
1000 146
1000 147
1000 148
1000 149
1000 150
1000 151
1000 152
1000 153
1000 154
1000 155
1000 156
1000 157
1000 158
1000 159
1000 160
1000 161
1000 162
1000 163
1000 164
1000 165
1000 166
1000 167
1000 168
1000 169
1000 170
1000 171
1006 205
1006 206
1006 207
1006 208
1006 209
1006 210
1006 211
1006 212
1006 213
1006 214
1006 215
1006 216
1006 217
1006 218
1006 219
1006 220
1006 221
1006 222
1006 223
1007 174
1007 175
1007 176
1007 177
1007 178
1007 179
1007 180
1007 181
1007 182
1007 183
1007 184
1007 185
1007 186
1007 187
1007 188
1007 189
1007 190
1007 191
1007 192
1007 193
1007 194
1007 195
1007 196
1007 197
1007 198
1007 199
1007 200
1007 201
1007 202
1007 203
1007 204
1007 205
1007 206
1007 207
1007 208
1007 209
1007 210
1007 211
1007 212
1008 154
1008 155
1008 156
1008 157
1008 158
1008 159
1008 160
1008 161
1008 162
1008 163
1008 164
1008 165
1008 166
1008 167
1008 168
1008 169
1008 170
1008 171
1008 172
1008 173
1008 174
1008 175
1008 176
1008 177
1008 178
1008 179
1008 180
1008 181
1008 182
1008 183
1008 184
1008 185
1008 186
1008 187
1008 188
1008 189
1008 190
1008 191
1009 142
1009 143
1009 144
1009 145
1009 146
1009 147
1009 148
1009 149
1009 150
1009 151
1009 152
1009 153
1009 154
1009 155
1009 156
1009 157
1009 158
1009 159
1009 160
1009 161
1009 162
1009 163
1009 164
1015 195
1015 196
1015 197
1015 198
1015 199
1015 200
1015 201
1015 202
1015 203
1015 204
1015 205
1015 206
1015 207
1015 208
1015 209
1015 210
1015 211
1015 212
1015 213
1015 214
1015 215
1015 216
1015 217
1015 218
1015 219
1015 220
1015 221
1015 222
1016 168
1016 169
1016 170
1016 171
1016 172
1016 173
1016 174
1016 175
1016 176
1016 177
1016 178
1016 179
1016 180
1016 181
1016 182
1016 183
1016 184
1016 185
1016 186
1016 187
1016 188
1016 189
1016 190
1016 191
1016 192
1016 193
1016 194
1016 195
1016 196
1016 197
1016 198
1016 199
1016 200
1016 201
1016 202
1016 203
1016 204
1016 205
1016 206
1016 207
1017 150
1017 151
1017 152
1017 153
1017 154
1017 155
1017 156
1017 157
1017 158
1017 159
1017 160
1017 161
1017 162
1017 163
1017 164
1017 165
1017 166
1017 167
1017 168
1017 169
1017 170
1017 171
1017 172
1017 173
1017 174
1017 175
1017 176
1017 177
1017 178
1017 179
1017 180
1017 181
1017 182
1017 183
1017 184
1017 185
1018 143
1018 144
1018 145
1018 146
1018 147
1018 148
1018 149
1018 150
1018 151
1018 152
1018 153
1018 154
1024 188
1024 189
1024 190
1024 191
1024 192
1024 193
1024 194
1024 195
1024 196
1024 197
1024 198
1024 199
1024 200
1024 201
1024 202
1024 203
1024 204
1024 205
1024 206
1024 207
1024 208
1024 209
1024 210
1024 211
1024 212
1024 213
1024 214
1024 215
1024 216
1024 217
1024 218
1024 219
1025 163
1025 164
1025 165
1025 166
1025 167
1025 168
1025 169
1025 170
1025 171
1025 172
1025 173
1025 174
1025 175
1025 176
1025 177
1025 178
1025 179
1025 180
1025 181
1025 182
1025 183
1025 184
1025 185
1025 186
1025 187
1025 188
1025 189
1025 190
1025 191
1025 192
1025 193
1025 194
1025 195
1025 196
1025 197
1025 198
1025 199
1025 200
1025 201
1025 202
1026 147
1026 148
1026 149
1026 150
1026 151
1026 152
1026 153
1026 154
1026 155
1026 156
1026 157
1026 158
1026 159
1026 160
1026 161
1026 162
1026 163
1026 164
1026 165
1026 166
1026 167
1026 168
1026 169
1026 170
1026 171
1026 172
1026 173
1026 174
1026 175
1026 176
1026 177
1026 178
1026 179
1033 181
1033 182
1033 183
1033 184
1033 185
1033 186
1033 187
1033 188
1033 189
1033 190
1033 191
1033 192
1033 193
1033 194
1033 195
1033 196
1033 197
1033 198
1033 199
1033 200
1033 201
1033 202
1033 203
1033 204
1033 205
1033 206
1033 207
1033 208
1033 209
1033 210
1033 211
1033 212
1033 213
1033 214
1033 215
1034 159
1034 160
1034 161
1034 162
1034 163
1034 164
1034 165
1034 166
1034 167
1034 168
1034 169
1034 170
1034 171
1034 172
1034 173
1034 174
1034 175
1034 176
1034 177
1034 178
1034 179
1034 180
1034 181
1034 182
1034 183
1034 184
1034 185
1034 186
1034 187
1034 188
1034 189
1034 190
1034 191
1034 192
1034 193
1034 194
1034 195
1034 196
1035 144
1035 145
1035 146
1035 147
1035 148
1035 149
1035 150
1035 151
1035 152
1035 153
1035 154
1035 155
1035 156
1035 157
1035 158
1035 159
1035 160
1035 161
1035 162
1035 163
1035 164
1035 165
1035 166
1035 167
1035 168
1035 169
1035 170
1035 171
1035 172
1041 209
1041 210
1041 211
1041 212
1041 213
1041 214
1041 215
1041 216
1042 175
1042 176
1042 177
1042 178
1042 179
1042 180
1042 181
1042 182
1042 183
1042 184
1042 185
1042 186
1042 187
1042 188
1042 189
1042 190
1042 191
1042 192
1042 193
1042 194
1042 195
1042 196
1042 197
1042 198
1042 199
1042 200
1042 201
1042 202
1042 203
1042 204
1042 205
1042 206
1042 207
1042 208
1042 209
1042 210
1042 211
1043 154
1043 155
1043 156
1043 157
1043 158
1043 159
1043 160
1043 161
1043 162
1043 163
1043 164
1043 165
1043 166
1043 167
1043 168
1043 169
1043 170
1043 171
1043 172
1043 173
1043 174
1043 175
1043 176
1043 177
1043 178
1043 179
1043 180
1043 181
1043 182
1043 183
1043 184
1043 185
1043 186
1043 187
1043 188
1043 189
1043 190
1043 191
1044 142
1044 143
1044 144
1044 145
1044 146
1044 147
1044 148
1044 149
1044 150
1044 151
1044 152
1044 153
1044 154
1044 155
1044 156
1044 157
1044 158
1044 159
1044 160
1044 161
1044 162
1044 163
1044 164
1050 198
1050 199
1050 200
1050 201
1050 202
1050 203
1050 204
1050 205
1050 206
1050 207
1050 208
1050 209
1050 210
1050 211
1050 212
1050 213
1050 214
1050 215
1050 216
1050 217
1050 218
1051 169
1051 170
1051 171
1051 172
1051 173
1051 174
1051 175
1051 176
1051 177
1051 178
1051 179
1051 180
1051 181
1051 182
1051 183
1051 184
1051 185
1051 186
1051 187
1051 188
1051 189
1051 190
1051 191
1051 192
1051 193
1051 194
1051 195
1051 196
1051 197
1051 198
1051 199
1051 200
1051 201
1051 202
1051 203
1051 204
1051 205
1051 206
1052 151
1052 152
1052 153
1052 154
1052 155
1052 156
1052 157
1052 158
1052 159
1052 160
1052 161
1052 162
1052 163
1052 164
1052 165
1052 166
1052 167
1052 168
1052 169
1052 170
1052 171
1052 172
1052 173
1052 174
1052 175
1052 176
1052 177
1052 178
1052 179
1052 180
1052 181
1052 182
1052 183
1052 184
1052 185
1053 142
1053 143
1053 144
1053 145
1053 146
1053 147
1053 148
1053 149
1053 150
1053 151
1053 152
1053 153
1053 154
1053 155
1053 156
1059 189
1059 190
1059 191
1059 192
1059 193
1059 194
1059 195
1059 196
1059 197
1059 198
1059 199
1059 200
1059 201
1059 202
1059 203
1059 204
1059 205
1059 206
1059 207
1059 208
1059 209
1059 210
1059 211
1059 212
1059 213
1059 214
1059 215
1059 216
1060 164
1060 165
1060 166
1060 167
1060 168
1060 169
1060 170
1060 171
1060 172
1060 173
1060 174
1060 175
1060 176
1060 177
1060 178
1060 179
1060 180
1060 181
1060 182
1060 183
1060 184
1060 185
1060 186
1060 187
1060 188
1060 189
1060 190
1060 191
1060 192
1060 193
1060 194
1060 195
1060 196
1060 197
1060 198
1060 199
1060 200
1060 201
1061 147
1061 148
1061 149
1061 150
1061 151
1061 152
1061 153
1061 154
1061 155
1061 156
1061 157
1061 158
1061 159
1061 160
1061 161
1061 162
1061 163
1061 164
1061 165
1061 166
1061 167
1061 168
1061 169
1061 170
1061 171
1061 172
1061 173
1061 174
1061 175
1061 176
1061 177
1061 178
1061 179
1068 182
1068 183
1068 184
1068 185
1068 186
1068 187
1068 188
1068 189
1068 190
1068 191
1068 192
1068 193
1068 194
1068 195
1068 196
1068 197
1068 198
1068 199
1068 200
1068 201
1068 202
1068 203
1068 204
1068 205
1068 206
1068 207
1068 208
1068 209
1068 210
1068 211
1068 212
1068 213
1069 160
1069 161
1069 162
1069 163
1069 164
1069 165
1069 166
1069 167
1069 168
1069 169
1069 170
1069 171
1069 172
1069 173
1069 174
1069 175
1069 176
1069 177
1069 178
1069 179
1069 180
1069 181
1069 182
1069 183
1069 184
1069 185
1069 186
1069 187
1069 188
1069 189
1069 190
1069 191
1069 192
1069 193
1069 194
1069 195
1069 196
1070 145
1070 146
1070 147
1070 148
1070 149
1070 150
1070 151
1070 152
1070 153
1070 154
1070 155
1070 156
1070 157
1070 158
1070 159
1070 160
1070 161
1070 162
1070 163
1070 164
1070 165
1070 166
1070 167
1070 168
1070 169
1070 170
1070 171
1070 172
1077 176
1077 177
1077 178
1077 179
1077 180
1077 181
1077 182
1077 183
1077 184
1077 185
1077 186
1077 187
1077 188
1077 189
1077 190
1077 191
1077 192
1077 193
1077 194
1077 195
1077 196
1077 197
1077 198
1077 199
1077 200
1077 201
1077 202
1077 203
1077 204
1077 205
1077 206
1077 207
1077 208
1077 209
1078 155
1078 156
1078 157
1078 158
1078 159
1078 160
1078 161
1078 162
1078 163
1078 164
1078 165
1078 166
1078 167
1078 168
1078 169
1078 170
1078 171
1078 172
1078 173
1078 174
1078 175
1078 176
1078 177
1078 178
1078 179
1078 180
1078 181
1078 182
1078 183
1078 184
1078 185
1078 186
1078 187
1078 188
1078 189
1078 190
1079 143
1079 144
1079 145
1079 146
1079 147
1079 148
1079 149
1079 150
1079 151
1079 152
1079 153
1079 154
1079 155
1079 156
1079 157
1079 158
1079 159
1079 160
1079 161
1079 162
1079 163
1079 164
1079 165
1085 201
1085 202
1085 203
1085 204
1085 205
1085 206
1085 207
1085 208
1085 209
1085 210
1085 211
1085 212
1085 213
1086 171
1086 172
1086 173
1086 174
1086 175
1086 176
1086 177
1086 178
1086 179
1086 180
1086 181
1086 182
1086 183
1086 184
1086 185
1086 186
1086 187
1086 188
1086 189
1086 190
1086 191
1086 192
1086 193
1086 194
1086 195
1086 196
1086 197
1086 198
1086 199
1086 200
1086 201
1086 202
1086 203
1086 204
1087 151
1087 152
1087 153
1087 154
1087 155
1087 156
1087 157
1087 158
1087 159
1087 160
1087 161
1087 162
1087 163
1087 164
1087 165
1087 166
1087 167
1087 168
1087 169
1087 170
1087 171
1087 172
1087 173
1087 174
1087 175
1087 176
1087 177
1087 178
1087 179
1087 180
1087 181
1087 182
1087 183
1087 184
1088 143
1088 144
1088 145
1088 146
1088 147
1088 148
1088 149
1088 150
1088 151
1088 152
1088 153
1088 154
1088 155
1088 156
1094 191
1094 192
1094 193
1094 194
1094 195
1094 196
1094 197
1094 198
1094 199
1094 200
1094 201
1094 202
1094 203
1094 204
1094 205
1094 206
1094 207
1094 208
1094 209
1094 210
1094 211
1094 212
1095 165
1095 166
1095 167
1095 168
1095 169
1095 170
1095 171
1095 172
1095 173
1095 174
1095 175
1095 176
1095 177
1095 178
1095 179
1095 180
1095 181
1095 182
1095 183
1095 184
1095 185
1095 186
1095 187
1095 188
1095 189
1095 190
1095 191
1095 192
1095 193
1095 194
1095 195
1095 196
1095 197
1095 198
1095 199
1095 200
1096 148
1096 149
1096 150
1096 151
1096 152
1096 153
1096 154
1096 155
1096 156
1096 157
1096 158
1096 159
1096 160
1096 161
1096 162
1096 163
1096 164
1096 165
1096 166
1096 167
1096 168
1096 169
1096 170
1096 171
1096 172
1096 173
1096 174
1096 175
1096 176
1096 177
1096 178
1103 184
1103 185
1103 186
1103 187
1103 188
1103 189
1103 190
1103 191
1103 192
1103 193
1103 194
1103 195
1103 196
1103 197
1103 198
1103 199
1103 200
1103 201
1103 202
1103 203
1103 204
1103 205
1103 206
1103 207
1103 208
1103 209
1103 210
1104 161
1104 162
1104 163
1104 164
1104 165
1104 166
1104 167
1104 168
1104 169
1104 170
1104 171
1104 172
1104 173
1104 174
1104 175
1104 176
1104 177
1104 178
1104 179
1104 180
1104 181
1104 182
1104 183
1104 184
1104 185
1104 186
1104 187
1104 188
1104 189
1104 190
1104 191
1104 192
1104 193
1104 194
1104 195
1105 146
1105 147
1105 148
1105 149
1105 150
1105 151
1105 152
1105 153
1105 154
1105 155
1105 156
1105 157
1105 158
1105 159
1105 160
1105 161
1105 162
1105 163
1105 164
1105 165
1105 166
1105 167
1105 168
1105 169
1105 170
1105 171
1105 172
1112 178
1112 179
1112 180
1112 181
1112 182
1112 183
1112 184
1112 185
1112 186
1112 187
1112 188
1112 189
1112 190
1112 191
1112 192
1112 193
1112 194
1112 195
1112 196
1112 197
1112 198
1112 199
1112 200
1112 201
1112 202
1112 203
1112 204
1112 205
1112 206
1112 207
1113 156
1113 157
1113 158
1113 159
1113 160
1113 161
1113 162
1113 163
1113 164
1113 165
1113 166
1113 167
1113 168
1113 169
1113 170
1113 171
1113 172
1113 173
1113 174
1113 175
1113 176
1113 177
1113 178
1113 179
1113 180
1113 181
1113 182
1113 183
1113 184
1113 185
1113 186
1113 187
1113 188
1113 189
1114 144
1114 145
1114 146
1114 147
1114 148
1114 149
1114 150
1114 151
1114 152
1114 153
1114 154
1114 155
1114 156
1114 157
1114 158
1114 159
1114 160
1114 161
1114 162
1114 163
1114 164
1114 165
1121 172
1121 173
1121 174
1121 175
1121 176
1121 177
1121 178
1121 179
1121 180
1121 181
1121 182
1121 183
1121 184
1121 185
1121 186
1121 187
1121 188
1121 189
1121 190
1121 191
1121 192
1121 193
1121 194
1121 195
1121 196
1121 197
1121 198
1121 199
1121 200
1121 201
1121 202
1122 153
1122 154
1122 155
1122 156
1122 157
1122 158
1122 159
1122 160
1122 161
1122 162
1122 163
1122 164
1122 165
1122 166
1122 167
1122 168
1122 169
1122 170
1122 171
1122 172
1122 173
1122 174
1122 175
1122 176
1122 177
1122 178
1122 179
1122 180
1122 181
1122 182
1122 183
1122 184
1123 143
1123 144
1123 145
1123 146
1123 147
1123 148
1123 149
1123 150
1123 151
1123 152
1123 153
1123 154
1123 155
1123 156
1129 195
1129 196
1129 197
1129 198
1129 199
1129 200
1129 201
1129 202
1129 203
1129 204
1129 205
1129 206
1129 207
1129 208
1130 167
1130 168
1130 169
1130 170
1130 171
1130 172
1130 173
1130 174
1130 175
1130 176
1130 177
1130 178
1130 179
1130 180
1130 181
1130 182
1130 183
1130 184
1130 185
1130 186
1130 187
1130 188
1130 189
1130 190
1130 191
1130 192
1130 193
1130 194
1130 195
1130 196
1130 197
1130 198
1131 149
1131 150
1131 151
1131 152
1131 153
1131 154
1131 155
1131 156
1131 157
1131 158
1131 159
1131 160
1131 161
1131 162
1131 163
1131 164
1131 165
1131 166
1131 167
1131 168
1131 169
1131 170
1131 171
1131 172
1131 173
1131 174
1131 175
1131 176
1131 177
1131 178
1138 186
1138 187
1138 188
1138 189
1138 190
1138 191
1138 192
1138 193
1138 194
1138 195
1138 196
1138 197
1138 198
1138 199
1138 200
1138 201
1138 202
1138 203
1138 204
1138 205
1138 206
1138 207
1139 162
1139 163
1139 164
1139 165
1139 166
1139 167
1139 168
1139 169
1139 170
1139 171
1139 172
1139 173
1139 174
1139 175
1139 176
1139 177
1139 178
1139 179
1139 180
1139 181
1139 182
1139 183
1139 184
1139 185
1139 186
1139 187
1139 188
1139 189
1139 190
1139 191
1139 192
1139 193
1140 147
1140 148
1140 149
1140 150
1140 151
1140 152
1140 153
1140 154
1140 155
1140 156
1140 157
1140 158
1140 159
1140 160
1140 161
1140 162
1140 163
1140 164
1140 165
1140 166
1140 167
1140 168
1140 169
1140 170
1140 171
1147 180
1147 181
1147 182
1147 183
1147 184
1147 185
1147 186
1147 187
1147 188
1147 189
1147 190
1147 191
1147 192
1147 193
1147 194
1147 195
1147 196
1147 197
1147 198
1147 199
1147 200
1147 201
1147 202
1147 203
1147 204
1148 158
1148 159
1148 160
1148 161
1148 162
1148 163
1148 164
1148 165
1148 166
1148 167
1148 168
1148 169
1148 170
1148 171
1148 172
1148 173
1148 174
1148 175
1148 176
1148 177
1148 178
1148 179
1148 180
1148 181
1148 182
1148 183
1148 184
1148 185
1148 186
1148 187
1148 188
1149 145
1149 146
1149 147
1149 148
1149 149
1149 150
1149 151
1149 152
1149 153
1149 154
1149 155
1149 156
1149 157
1149 158
1149 159
1149 160
1149 161
1149 162
1149 163
1149 164
1156 174
1156 175
1156 176
1156 177
1156 178
1156 179
1156 180
1156 181
1156 182
1156 183
1156 184
1156 185
1156 186
1156 187
1156 188
1156 189
1156 190
1156 191
1156 192
1156 193
1156 194
1156 195
1156 196
1156 197
1156 198
1156 199
1156 200
1157 154
1157 155
1157 156
1157 157
1157 158
1157 159
1157 160
1157 161
1157 162
1157 163
1157 164
1157 165
1157 166
1157 167
1157 168
1157 169
1157 170
1157 171
1157 172
1157 173
1157 174
1157 175
1157 176
1157 177
1157 178
1157 179
1157 180
1157 181
1157 182
1158 145
1158 146
1158 147
1158 148
1158 149
1158 150
1158 151
1158 152
1158 153
1158 154
1158 155
1158 156
1165 169
1165 170
1165 171
1165 172
1165 173
1165 174
1165 175
1165 176
1165 177
1165 178
1165 179
1165 180
1165 181
1165 182
1165 183
1165 184
1165 185
1165 186
1165 187
1165 188
1165 189
1165 190
1165 191
1165 192
1165 193
1165 194
1165 195
1165 196
1166 151
1166 152
1166 153
1166 154
1166 155
1166 156
1166 157
1166 158
1166 159
1166 160
1166 161
1166 162
1166 163
1166 164
1166 165
1166 166
1166 167
1166 168
1166 169
1166 170
1166 171
1166 172
1166 173
1166 174
1166 175
1166 176
1166 177
1173 190
1173 191
1173 192
1173 193
1173 194
1173 195
1173 196
1173 197
1173 198
1173 199
1173 200
1173 201
1173 202
1174 164
1174 165
1174 166
1174 167
1174 168
1174 169
1174 170
1174 171
1174 172
1174 173
1174 174
1174 175
1174 176
1174 177
1174 178
1174 179
1174 180
1174 181
1174 182
1174 183
1174 184
1174 185
1174 186
1174 187
1174 188
1174 189
1174 190
1174 191
1175 148
1175 149
1175 150
1175 151
1175 152
1175 153
1175 154
1175 155
1175 156
1175 157
1175 158
1175 159
1175 160
1175 161
1175 162
1175 163
1175 164
1175 165
1175 166
1175 167
1175 168
1175 169
1175 170
1182 182
1182 183
1182 184
1182 185
1182 186
1182 187
1182 188
1182 189
1182 190
1182 191
1182 192
1182 193
1182 194
1182 195
1182 196
1182 197
1182 198
1182 199
1182 200
1183 160
1183 161
1183 162
1183 163
1183 164
1183 165
1183 166
1183 167
1183 168
1183 169
1183 170
1183 171
1183 172
1183 173
1183 174
1183 175
1183 176
1183 177
1183 178
1183 179
1183 180
1183 181
1183 182
1183 183
1183 184
1183 185
1183 186
1184 147
1184 148
1184 149
1184 150
1184 151
1184 152
1184 153
1184 154
1184 155
1184 156
1184 157
1184 158
1184 159
1184 160
1184 161
1184 162
1184 163
1191 176
1191 177
1191 178
1191 179
1191 180
1191 181
1191 182
1191 183
1191 184
1191 185
1191 186
1191 187
1191 188
1191 189
1191 190
1191 191
1191 192
1191 193
1191 194
1191 195
1191 196
1191 197
1192 156
1192 157
1192 158
1192 159
1192 160
1192 161
1192 162
1192 163
1192 164
1192 165
1192 166
1192 167
1192 168
1192 169
1192 170
1192 171
1192 172
1192 173
1192 174
1192 175
1192 176
1192 177
1192 178
1192 179
1192 180
1192 181
1193 147
1193 148
1193 149
1193 150
1193 151
1193 152
1193 153
1193 154
1193 155
1200 171
1200 172
1200 173
1200 174
1200 175
1200 176
1200 177
1200 178
1200 179
1200 180
1200 181
1200 182
1200 183
1200 184
1200 185
1200 186
1200 187
1200 188
1200 189
1200 190
1200 191
1200 192
1200 193
1200 194
1201 153
1201 154
1201 155
1201 156
1201 157
1201 158
1201 159
1201 160
1201 161
1201 162
1201 163
1201 164
1201 165
1201 166
1201 167
1201 168
1201 169
1201 170
1201 171
1201 172
1201 173
1201 174
1201 175
1209 166
1209 167
1209 168
1209 169
1209 170
1209 171
1209 172
1209 173
1209 174
1209 175
1209 176
1209 177
1209 178
1209 179
1209 180
1209 181
1209 182
1209 183
1209 184
1209 185
1209 186
1209 187
1209 188
1209 189
1210 150
1210 151
1210 152
1210 153
1210 154
1210 155
1210 156
1210 157
1210 158
1210 159
1210 160
1210 161
1210 162
1210 163
1210 164
1210 165
1210 166
1210 167
1210 168
1210 169
1217 186
1217 187
1217 188
1217 189
1217 190
1217 191
1217 192
1217 193
1217 194
1217 195
1217 196
1218 162
1218 163
1218 164
1218 165
1218 166
1218 167
1218 168
1218 169
1218 170
1218 171
1218 172
1218 173
1218 174
1218 175
1218 176
1218 177
1218 178
1218 179
1218 180
1218 181
1218 182
1218 183
1218 184
1219 149
1219 150
1219 151
1219 152
1219 153
1219 154
1219 155
1219 156
1219 157
1219 158
1219 159
1219 160
1219 161
1219 162
1226 179
1226 180
1226 181
1226 182
1226 183
1226 184
1226 185
1226 186
1226 187
1226 188
1226 189
1226 190
1226 191
1226 192
1226 193
1226 194
1227 158
1227 159
1227 160
1227 161
1227 162
1227 163
1227 164
1227 165
1227 166
1227 167
1227 168
1227 169
1227 170
1227 171
1227 172
1227 173
1227 174
1227 175
1227 176
1227 177
1227 178
1227 179
1235 174
1235 175
1235 176
1235 177
1235 178
1235 179
1235 180
1235 181
1235 182
1235 183
1235 184
1235 185
1235 186
1235 187
1235 188
1235 189
1235 190
1236 155
1236 156
1236 157
1236 158
1236 159
1236 160
1236 161
1236 162
1236 163
1236 164
1236 165
1236 166
1236 167
1236 168
1236 169
1236 170
1236 171
1236 172
1236 173
1244 169
1244 170
1244 171
1244 172
1244 173
1244 174
1244 175
1244 176
1244 177
1244 178
1244 179
1244 180
1244 181
1244 182
1244 183
1244 184
1244 185
1244 186
1245 153
1245 154
1245 155
1245 156
1245 157
1245 158
1245 159
1245 160
1245 161
1245 162
1245 163
1245 164
1245 165
1245 166
1245 167
1253 165
1253 166
1253 167
1253 168
1253 169
1253 170
1253 171
1253 172
1253 173
1253 174
1253 175
1253 176
1253 177
1253 178
1253 179
1253 180
1253 181
1253 182
1254 153
1254 154
1254 155
1254 156
1254 157
1254 158
1254 159
1262 161
1262 162
1262 163
1262 164
1262 165
1262 166
1262 167
1262 168
1262 169
1262 170
1262 171
1262 172
1262 173
1262 174
1262 175
1262 176
1270 179
1270 180
1270 181
1270 182
1270 183
1270 184
1270 185
1271 159
1271 160
1271 161
1271 162
1271 163
1271 164
1271 165
1271 166
1271 167
1271 168
1271 169
1271 170
1279 173
1279 174
1279 175
1279 176
1279 177
1279 178
1279 179
1279 180
1279 181
1279 182
1280 158
1280 159
1280 160
1280 161
1280 162
1280 163
1288 169
1288 170
1288 171
1288 172
1288 173
1288 174
1288 175
1288 176
1288 177
1297 167
1297 168
1297 169
1297 170
1297 171
1856 47
1856 48
1856 49
1865 40
1865 41
1865 42
1865 43
1865 44
1865 45
1865 46
1873 57
1873 58
1873 59
1873 60
1874 34
1874 35
1874 36
1874 37
1874 38
1874 39
1874 40
1874 41
1882 48
1882 49
1882 50
1882 51
1882 52
1882 53
1882 54
1882 55
1882 56
1882 57
1882 58
1882 59
1883 30
1883 31
1883 32
1883 33
1883 34
1883 35
1891 41
1891 42
1891 43
1891 44
1891 45
1891 46
1891 47
1891 48
1891 49
1891 50
1891 51
1891 52
1891 53
1891 54
1891 55
1899 62
1899 63
1899 64
1899 65
1899 66
1900 35
1900 36
1900 37
1900 38
1900 39
1900 40
1900 41
1900 42
1900 43
1900 44
1900 45
1900 46
1900 47
1900 48
1900 49
1900 50
1900 51
1908 52
1908 53
1908 54
1908 55
1908 56
1908 57
1908 58
1908 59
1908 60
1908 61
1908 62
1908 63
1908 64
1908 65
1909 30
1909 31
1909 32
1909 33
1909 34
1909 35
1909 36
1909 37
1909 38
1909 39
1909 40
1909 41
1909 42
1909 43
1909 44
1909 45
1909 46
1917 45
1917 46
1917 47
1917 48
1917 49
1917 50
1917 51
1917 52
1917 53
1917 54
1917 55
1917 56
1917 57
1917 58
1917 59
1917 60
1917 61
1917 62
1918 26
1918 27
1918 28
1918 29
1918 30
1918 31
1918 32
1918 33
1918 34
1918 35
1918 36
1918 37
1918 38
1918 39
1918 40
1926 39
1926 40
1926 41
1926 42
1926 43
1926 44
1926 45
1926 46
1926 47
1926 48
1926 49
1926 50
1926 51
1926 52
1926 53
1926 54
1926 55
1926 56
1926 57
1926 58
1927 22
1927 23
1927 24
1927 25
1927 26
1927 27
1927 28
1927 29
1927 30
1927 31
1927 32
1927 33
1934 58
1934 59
1934 60
1934 61
1934 62
1934 63
1934 64
1934 65
1934 66
1934 67
1934 68
1934 69
1934 70
1935 33
1935 34
1935 35
1935 36
1935 37
1935 38
1935 39
1935 40
1935 41
1935 42
1935 43
1935 44
1935 45
1935 46
1935 47
1935 48
1935 49
1935 50
1935 51
1935 52
1935 53
1935 54
1936 22
1936 23
1943 50
1943 51
1943 52
1943 53
1943 54
1943 55
1943 56
1943 57
1943 58
1943 59
1943 60
1943 61
1943 62
1943 63
1943 64
1943 65
1943 66
1943 67
1943 68
1944 28
1944 29
1944 30
1944 31
1944 32
1944 33
1944 34
1944 35
1944 36
1944 37
1944 38
1944 39
1944 40
1944 41
1944 42
1944 43
1944 44
1944 45
1944 46
1944 47
1944 48
1952 43
1952 44
1952 45
1952 46
1952 47
1952 48
1952 49
1952 50
1952 51
1952 52
1952 53
1952 54
1952 55
1952 56
1952 57
1952 58
1952 59
1952 60
1952 61
1952 62
1952 63
1952 64
1952 65
1953 24
1953 25
1953 26
1953 27
1953 28
1953 29
1953 30
1953 31
1953 32
1953 33
1953 34
1953 35
1953 36
1953 37
1953 38
1953 39
1953 40
1953 41
1953 42
1953 43
1960 67
1960 68
1960 69
1960 70
1960 71
1960 72
1961 37
1961 38
1961 39
1961 40
1961 41
1961 42
1961 43
1961 44
1961 45
1961 46
1961 47
1961 48
1961 49
1961 50
1961 51
1961 52
1961 53
1961 54
1961 55
1961 56
1961 57
1961 58
1961 59
1961 60
1962 20
1962 21
1962 22
1962 23
1962 24
1962 25
1962 26
1962 27
1962 28
1962 29
1962 30
1962 31
1962 32
1962 33
1962 34
1962 35
1962 36
1969 57
1969 58
1969 59
1969 60
1969 61
1969 62
1969 63
1969 64
1969 65
1969 66
1969 67
1969 68
1969 69
1969 70
1969 71
1969 72
1970 32
1970 33
1970 34
1970 35
1970 36
1970 37
1970 38
1970 39
1970 40
1970 41
1970 42
1970 43
1970 44
1970 45
1970 46
1970 47
1970 48
1970 49
1970 50
1970 51
1970 52
1970 53
1970 54
1970 55
1970 56
1971 18
1971 19
1971 20
1971 21
1971 22
1971 23
1971 24
1971 25
1971 26
1971 27
1971 28
1978 49
1978 50
1978 51
1978 52
1978 53
1978 54
1978 55
1978 56
1978 57
1978 58
1978 59
1978 60
1978 61
1978 62
1978 63
1978 64
1978 65
1978 66
1978 67
1978 68
1978 69
1978 70
1979 27
1979 28
1979 29
1979 30
1979 31
1979 32
1979 33
1979 34
1979 35
1979 36
1979 37
1979 38
1979 39
1979 40
1979 41
1979 42
1979 43
1979 44
1979 45
1979 46
1979 47
1979 48
1979 49
1979 50
1987 43
1987 44
1987 45
1987 46
1987 47
1987 48
1987 49
1987 50
1987 51
1987 52
1987 53
1987 54
1987 55
1987 56
1987 57
1987 58
1987 59
1987 60
1987 61
1987 62
1987 63
1987 64
1987 65
1987 66
1988 23
1988 24
1988 25
1988 26
1988 27
1988 28
1988 29
1988 30
1988 31
1988 32
1988 33
1988 34
1988 35
1988 36
1988 37
1988 38
1988 39
1988 40
1988 41
1988 42
1988 43
1988 44
1995 66
1995 67
1995 68
1995 69
1995 70
1995 71
1995 72
1995 73
1995 74
1996 37
1996 38
1996 39
1996 40
1996 41
1996 42
1996 43
1996 44
1996 45
1996 46
1996 47
1996 48
1996 49
1996 50
1996 51
1996 52
1996 53
1996 54
1996 55
1996 56
1996 57
1996 58
1996 59
1996 60
1996 61
1996 62
1997 19
1997 20
1997 21
1997 22
1997 23
1997 24
1997 25
1997 26
1997 27
1997 28
1997 29
1997 30
1997 31
1997 32
1997 33
1997 34
1997 35
1997 36
1997 37
1997 38
2004 56
2004 57
2004 58
2004 59
2004 60
2004 61
2004 62
2004 63
2004 64
2004 65
2004 66
2004 67
2004 68
2004 69
2004 70
2004 71
2004 72
2004 73
2004 74
2005 31
2005 32
2005 33
2005 34
2005 35
2005 36
2005 37
2005 38
2005 39
2005 40
2005 41
2005 42
2005 43
2005 44
2005 45
2005 46
2005 47
2005 48
2005 49
2005 50
2005 51
2005 52
2005 53
2005 54
2005 55
2005 56
2005 57
2006 16
2006 17
2006 18
2006 19
2006 20
2006 21
2006 22
2006 23
2006 24
2006 25
2006 26
2006 27
2006 28
2006 29
2006 30
2006 31
2013 49
2013 50
2013 51
2013 52
2013 53
2013 54
2013 55
2013 56
2013 57
2013 58
2013 59
2013 60
2013 61
2013 62
2013 63
2013 64
2013 65
2013 66
2013 67
2013 68
2013 69
2013 70
2013 71
2014 26
2014 27
2014 28
2014 29
2014 30
2014 31
2014 32
2014 33
2014 34
2014 35
2014 36
2014 37
2014 38
2014 39
2014 40
2014 41
2014 42
2014 43
2014 44
2014 45
2014 46
2014 47
2014 48
2014 49
2014 50
2014 51
2014 52
2015 17
2015 18
2015 19
2015 20
2022 42
2022 43
2022 44
2022 45
2022 46
2022 47
2022 48
2022 49
2022 50
2022 51
2022 52
2022 53
2022 54
2022 55
2022 56
2022 57
2022 58
2022 59
2022 60
2022 61
2022 62
2022 63
2022 64
2022 65
2022 66
2022 67
2023 22
2023 23
2023 24
2023 25
2023 26
2023 27
2023 28
2023 29
2023 30
2023 31
2023 32
2023 33
2023 34
2023 35
2023 36
2023 37
2023 38
2023 39
2023 40
2023 41
2023 42
2023 43
2023 44
2023 45
2023 46
2030 65
2030 66
2030 67
2030 68
2030 69
2030 70
2030 71
2030 72
2030 73
2030 74
2030 75
2031 36
2031 37
2031 38
2031 39
2031 40
2031 41
2031 42
2031 43
2031 44
2031 45
2031 46
2031 47
2031 48
2031 49
2031 50
2031 51
2031 52
2031 53
2031 54
2031 55
2031 56
2031 57
2031 58
2031 59
2031 60
2031 61
2031 62
2031 63
2032 18
2032 19
2032 20
2032 21
2032 22
2032 23
2032 24
2032 25
2032 26
2032 27
2032 28
2032 29
2032 30
2032 31
2032 32
2032 33
2032 34
2032 35
2032 36
2032 37
2032 38
2032 39
2039 56
2039 57
2039 58
2039 59
2039 60
2039 61
2039 62
2039 63
2039 64
2039 65
2039 66
2039 67
2039 68
2039 69
2039 70
2039 71
2039 72
2039 73
2039 74
2039 75
2040 31
2040 32
2040 33
2040 34
2040 35
2040 36
2040 37
2040 38
2040 39
2040 40
2040 41
2040 42
2040 43
2040 44
2040 45
2040 46
2040 47
2040 48
2040 49
2040 50
2040 51
2040 52
2040 53
2040 54
2040 55
2040 56
2040 57
2040 58
2041 16
2041 17
2041 18
2041 19
2041 20
2041 21
2041 22
2041 23
2041 24
2041 25
2041 26
2041 27
2041 28
2041 29
2041 30
2041 31
2041 32
2048 48
2048 49
2048 50
2048 51
2048 52
2048 53
2048 54
2048 55
2048 56
2048 57
2048 58
2048 59
2048 60
2048 61
2048 62
2048 63
2048 64
2048 65
2048 66
2048 67
2048 68
2048 69
2048 70
2048 71
2048 72
2049 26
2049 27
2049 28
2049 29
2049 30
2049 31
2049 32
2049 33
2049 34
2049 35
2049 36
2049 37
2049 38
2049 39
2049 40
2049 41
2049 42
2049 43
2049 44
2049 45
2049 46
2049 47
2049 48
2049 49
2049 50
2049 51
2049 52
2049 53
2050 16
2050 17
2050 18
2050 19
2050 20
2050 21
2050 22
2057 42
2057 43
2057 44
2057 45
2057 46
2057 47
2057 48
2057 49
2057 50
2057 51
2057 52
2057 53
2057 54
2057 55
2057 56
2057 57
2057 58
2057 59
2057 60
2057 61
2057 62
2057 63
2057 64
2057 65
2057 66
2057 67
2057 68
2058 22
2058 23
2058 24
2058 25
2058 26
2058 27
2058 28
2058 29
2058 30
2058 31
2058 32
2058 33
2058 34
2058 35
2058 36
2058 37
2058 38
2058 39
2058 40
2058 41
2058 42
2058 43
2058 44
2058 45
2058 46
2058 47
2065 66
2065 67
2065 68
2065 69
2065 70
2065 71
2065 72
2065 73
2065 74
2065 75
2066 36
2066 37
2066 38
2066 39
2066 40
2066 41
2066 42
2066 43
2066 44
2066 45
2066 46
2066 47
2066 48
2066 49
2066 50
2066 51
2066 52
2066 53
2066 54
2066 55
2066 56
2066 57
2066 58
2066 59
2066 60
2066 61
2066 62
2066 63
2066 64
2067 18
2067 19
2067 20
2067 21
2067 22
2067 23
2067 24
2067 25
2067 26
2067 27
2067 28
2067 29
2067 30
2067 31
2067 32
2067 33
2067 34
2067 35
2067 36
2067 37
2067 38
2067 39
2067 40
2074 56
2074 57
2074 58
2074 59
2074 60
2074 61
2074 62
2074 63
2074 64
2074 65
2074 66
2074 67
2074 68
2074 69
2074 70
2074 71
2074 72
2074 73
2074 74
2074 75
2075 31
2075 32
2075 33
2075 34
2075 35
2075 36
2075 37
2075 38
2075 39
2075 40
2075 41
2075 42
2075 43
2075 44
2075 45
2075 46
2075 47
2075 48
2075 49
2075 50
2075 51
2075 52
2075 53
2075 54
2075 55
2075 56
2075 57
2075 58
2075 59
2076 16
2076 17
2076 18
2076 19
2076 20
2076 21
2076 22
2076 23
2076 24
2076 25
2076 26
2076 27
2076 28
2076 29
2076 30
2076 31
2076 32
2076 33
2083 49
2083 50
2083 51
2083 52
2083 53
2083 54
2083 55
2083 56
2083 57
2083 58
2083 59
2083 60
2083 61
2083 62
2083 63
2083 64
2083 65
2083 66
2083 67
2083 68
2083 69
2083 70
2083 71
2083 72
2084 26
2084 27
2084 28
2084 29
2084 30
2084 31
2084 32
2084 33
2084 34
2084 35
2084 36
2084 37
2084 38
2084 39
2084 40
2084 41
2084 42
2084 43
2084 44
2084 45
2084 46
2084 47
2084 48
2084 49
2084 50
2084 51
2084 52
2084 53
2084 54
2085 16
2085 17
2085 18
2085 19
2085 20
2085 21
2085 22
2085 23
2092 42
2092 43
2092 44
2092 45
2092 46
2092 47
2092 48
2092 49
2092 50
2092 51
2092 52
2092 53
2092 54
2092 55
2092 56
2092 57
2092 58
2092 59
2092 60
2092 61
2092 62
2092 63
2092 64
2092 65
2092 66
2092 67
2092 68
2092 69
2093 22
2093 23
2093 24
2093 25
2093 26
2093 27
2093 28
2093 29
2093 30
2093 31
2093 32
2093 33
2093 34
2093 35
2093 36
2093 37
2093 38
2093 39
2093 40
2093 41
2093 42
2093 43
2093 44
2093 45
2093 46
2093 47
2093 48
2100 68
2100 69
2100 70
2100 71
2100 72
2100 73
2100 74
2101 36
2101 37
2101 38
2101 39
2101 40
2101 41
2101 42
2101 43
2101 44
2101 45
2101 46
2101 47
2101 48
2101 49
2101 50
2101 51
2101 52
2101 53
2101 54
2101 55
2101 56
2101 57
2101 58
2101 59
2101 60
2101 61
2101 62
2101 63
2101 64
2101 65
2102 19
2102 20
2102 21
2102 22
2102 23
2102 24
2102 25
2102 26
2102 27
2102 28
2102 29
2102 30
2102 31
2102 32
2102 33
2102 34
2102 35
2102 36
2102 37
2102 38
2102 39
2102 40
2102 41
2109 57
2109 58
2109 59
2109 60
2109 61
2109 62
2109 63
2109 64
2109 65
2109 66
2109 67
2109 68
2109 69
2109 70
2109 71
2109 72
2109 73
2109 74
2109 75
2110 31
2110 32
2110 33
2110 34
2110 35
2110 36
2110 37
2110 38
2110 39
2110 40
2110 41
2110 42
2110 43
2110 44
2110 45
2110 46
2110 47
2110 48
2110 49
2110 50
2110 51
2110 52
2110 53
2110 54
2110 55
2110 56
2110 57
2110 58
2110 59
2110 60
2111 17
2111 18
2111 19
2111 20
2111 21
2111 22
2111 23
2111 24
2111 25
2111 26
2111 27
2111 28
2111 29
2111 30
2111 31
2111 32
2111 33
2111 34
2118 49
2118 50
2118 51
2118 52
2118 53
2118 54
2118 55
2118 56
2118 57
2118 58
2118 59
2118 60
2118 61
2118 62
2118 63
2118 64
2118 65
2118 66
2118 67
2118 68
2118 69
2118 70
2118 71
2118 72
2118 73
2119 27
2119 28
2119 29
2119 30
2119 31
2119 32
2119 33
2119 34
2119 35
2119 36
2119 37
2119 38
2119 39
2119 40
2119 41
2119 42
2119 43
2119 44
2119 45
2119 46
2119 47
2119 48
2119 49
2119 50
2119 51
2119 52
2119 53
2119 54
2120 18
2120 19
2120 20
2120 21
2120 22
2120 23
2127 43
2127 44
2127 45
2127 46
2127 47
2127 48
2127 49
2127 50
2127 51
2127 52
2127 53
2127 54
2127 55
2127 56
2127 57
2127 58
2127 59
2127 60
2127 61
2127 62
2127 63
2127 64
2127 65
2127 66
2127 67
2127 68
2127 69
2128 23
2128 24
2128 25
2128 26
2128 27
2128 28
2128 29
2128 30
2128 31
2128 32
2128 33
2128 34
2128 35
2128 36
2128 37
2128 38
2128 39
2128 40
2128 41
2128 42
2128 43
2128 44
2128 45
2128 46
2128 47
2128 48
2136 37
2136 38
2136 39
2136 40
2136 41
2136 42
2136 43
2136 44
2136 45
2136 46
2136 47
2136 48
2136 49
2136 50
2136 51
2136 52
2136 53
2136 54
2136 55
2136 56
2136 57
2136 58
2136 59
2136 60
2136 61
2136 62
2136 63
2136 64
2136 65
2137 20
2137 21
2137 22
2137 23
2137 24
2137 25
2137 26
2137 27
2137 28
2137 29
2137 30
2137 31
2137 32
2137 33
2137 34
2137 35
2137 36
2137 37
2137 38
2137 39
2137 40
2137 41
2144 59
2144 60
2144 61
2144 62
2144 63
2144 64
2144 65
2144 66
2144 67
2144 68
2144 69
2144 70
2144 71
2144 72
2144 73
2144 74
2145 32
2145 33
2145 34
2145 35
2145 36
2145 37
2145 38
2145 39
2145 40
2145 41
2145 42
2145 43
2145 44
2145 45
2145 46
2145 47
2145 48
2145 49
2145 50
2145 51
2145 52
2145 53
2145 54
2145 55
2145 56
2145 57
2145 58
2145 59
2145 60
2146 18
2146 19
2146 20
2146 21
2146 22
2146 23
2146 24
2146 25
2146 26
2146 27
2146 28
2146 29
2146 30
2146 31
2146 32
2146 33
2146 34
2153 50
2153 51
2153 52
2153 53
2153 54
2153 55
2153 56
2153 57
2153 58
2153 59
2153 60
2153 61
2153 62
2153 63
2153 64
2153 65
2153 66
2153 67
2153 68
2153 69
2153 70
2153 71
2153 72
2154 28
2154 29
2154 30
2154 31
2154 32
2154 33
2154 34
2154 35
2154 36
2154 37
2154 38
2154 39
2154 40
2154 41
2154 42
2154 43
2154 44
2154 45
2154 46
2154 47
2154 48
2154 49
2154 50
2154 51
2154 52
2154 53
2154 54
2162 44
2162 45
2162 46
2162 47
2162 48
2162 49
2162 50
2162 51
2162 52
2162 53
2162 54
2162 55
2162 56
2162 57
2162 58
2162 59
2162 60
2162 61
2162 62
2162 63
2162 64
2162 65
2162 66
2162 67
2162 68
2162 69
2163 24
2163 25
2163 26
2163 27
2163 28
2163 29
2163 30
2163 31
2163 32
2163 33
2163 34
2163 35
2163 36
2163 37
2163 38
2163 39
2163 40
2163 41
2163 42
2163 43
2163 44
2163 45
2163 46
2163 47
2163 48
2171 38
2171 39
2171 40
2171 41
2171 42
2171 43
2171 44
2171 45
2171 46
2171 47
2171 48
2171 49
2171 50
2171 51
2171 52
2171 53
2171 54
2171 55
2171 56
2171 57
2171 58
2171 59
2171 60
2171 61
2171 62
2171 63
2171 64
2171 65
2172 21
2172 22
2172 23
2172 24
2172 25
2172 26
2172 27
2172 28
2172 29
2172 30
2172 31
2172 32
2172 33
2172 34
2172 35
2172 36
2172 37
2172 38
2172 39
2172 40
2172 41
2179 61
2179 62
2179 63
2179 64
2179 65
2179 66
2179 67
2179 68
2179 69
2179 70
2179 71
2179 72
2180 33
2180 34
2180 35
2180 36
2180 37
2180 38
2180 39
2180 40
2180 41
2180 42
2180 43
2180 44
2180 45
2180 46
2180 47
2180 48
2180 49
2180 50
2180 51
2180 52
2180 53
2180 54
2180 55
2180 56
2180 57
2180 58
2180 59
2180 60
2181 20
2181 21
2181 22
2181 23
2181 24
2181 25
2181 26
2181 27
2181 28
2181 29
2181 30
2181 31
2181 32
2181 33
2188 52
2188 53
2188 54
2188 55
2188 56
2188 57
2188 58
2188 59
2188 60
2188 61
2188 62
2188 63
2188 64
2188 65
2188 66
2188 67
2188 68
2188 69
2188 70
2188 71
2189 29
2189 30
2189 31
2189 32
2189 33
2189 34
2189 35
2189 36
2189 37
2189 38
2189 39
2189 40
2189 41
2189 42
2189 43
2189 44
2189 45
2189 46
2189 47
2189 48
2189 49
2189 50
2189 51
2189 52
2189 53
2189 54
2197 45
2197 46
2197 47
2197 48
2197 49
2197 50
2197 51
2197 52
2197 53
2197 54
2197 55
2197 56
2197 57
2197 58
2197 59
2197 60
2197 61
2197 62
2197 63
2197 64
2197 65
2197 66
2197 67
2197 68
2198 25
2198 26
2198 27
2198 28
2198 29
2198 30
2198 31
2198 32
2198 33
2198 34
2198 35
2198 36
2198 37
2198 38
2198 39
2198 40
2198 41
2198 42
2198 43
2198 44
2198 45
2198 46
2198 47
2198 48
2206 39
2206 40
2206 41
2206 42
2206 43
2206 44
2206 45
2206 46
2206 47
2206 48
2206 49
2206 50
2206 51
2206 52
2206 53
2206 54
2206 55
2206 56
2206 57
2206 58
2206 59
2206 60
2206 61
2206 62
2206 63
2206 64
2207 23
2207 24
2207 25
2207 26
2207 27
2207 28
2207 29
2207 30
2207 31
2207 32
2207 33
2207 34
2207 35
2207 36
2207 37
2207 38
2207 39
2207 40
2207 41
2214 67
2215 34
2215 35
2215 36
2215 37
2215 38
2215 39
2215 40
2215 41
2215 42
2215 43
2215 44
2215 45
2215 46
2215 47
2215 48
2215 49
2215 50
2215 51
2215 52
2215 53
2215 54
2215 55
2215 56
2215 57
2215 58
2215 59
2216 22
2216 23
2216 24
2216 25
2216 26
2216 27
2216 28
2216 29
2216 30
2216 31
2216 32
2223 54
2223 55
2223 56
2223 57
2223 58
2223 59
2223 60
2223 61
2223 62
2223 63
2223 64
2223 65
2223 66
2223 67
2223 68
2223 69
2223 70
2224 30
2224 31
2224 32
2224 33
2224 34
2224 35
2224 36
2224 37
2224 38
2224 39
2224 40
2224 41
2224 42
2224 43
2224 44
2224 45
2224 46
2224 47
2224 48
2224 49
2224 50
2224 51
2224 52
2224 53
2224 54
2232 47
2232 48
2232 49
2232 50
2232 51
2232 52
2232 53
2232 54
2232 55
2232 56
2232 57
2232 58
2232 59
2232 60
2232 61
2232 62
2232 63
2232 64
2232 65
2232 66
2232 67
2233 27
2233 28
2233 29
2233 30
2233 31
2233 32
2233 33
2233 34
2233 35
2233 36
2233 37
2233 38
2233 39
2233 40
2233 41
2233 42
2233 43
2233 44
2233 45
2233 46
2233 47
2241 41
2241 42
2241 43
2241 44
2241 45
2241 46
2241 47
2241 48
2241 49
2241 50
2241 51
2241 52
2241 53
2241 54
2241 55
2241 56
2241 57
2241 58
2241 59
2241 60
2241 61
2241 62
2241 63
2242 25
2242 26
2242 27
2242 28
2242 29
2242 30
2242 31
2242 32
2242 33
2242 34
2242 35
2242 36
2242 37
2242 38
2242 39
2242 40
2250 36
2250 37
2250 38
2250 39
2250 40
2250 41
2250 42
2250 43
2250 44
2250 45
2250 46
2250 47
2250 48
2250 49
2250 50
2250 51
2250 52
2250 53
2250 54
2250 55
2250 56
2250 57
2250 58
2258 58
2258 59
2258 60
2258 61
2258 62
2258 63
2258 64
2258 65
2258 66
2259 32
2259 33
2259 34
2259 35
2259 36
2259 37
2259 38
2259 39
2259 40
2259 41
2259 42
2259 43
2259 44
2259 45
2259 46
2259 47
2259 48
2259 49
2259 50
2259 51
2259 52
2259 53
2267 49
2267 50
2267 51
2267 52
2267 53
2267 54
2267 55
2267 56
2267 57
2267 58
2267 59
2267 60
2267 61
2267 62
2267 63
2267 64
2267 65
2268 29
2268 30
2268 31
2268 32
2268 33
2268 34
2268 35
2268 36
2268 37
2268 38
2268 39
2268 40
2268 41
2268 42
2268 43
2268 44
2268 45
2268 46
2276 43
2276 44
2276 45
2276 46
2276 47
2276 48
2276 49
2276 50
2276 51
2276 52
2276 53
2276 54
2276 55
2276 56
2276 57
2276 58
2276 59
2276 60
2276 61
2276 62
2277 28
2277 29
2277 30
2277 31
2277 32
2277 33
2277 34
2277 35
2277 36
2277 37
2277 38
2285 38
2285 39
2285 40
2285 41
2285 42
2285 43
2285 44
2285 45
2285 46
2285 47
2285 48
2285 49
2285 50
2285 51
2285 52
2285 53
2285 54
2285 55
2285 56
2285 57
2294 35
2294 36
2294 37
2294 38
2294 39
2294 40
2294 41
2294 42
2294 43
2294 44
2294 45
2294 46
2294 47
2294 48
2294 49
2294 50
2294 51
2302 54
2302 55
2302 56
2302 57
2302 58
2302 59
2302 60
2302 61
2302 62
2303 33
2303 34
2303 35
2303 36
2303 37
2303 38
2303 39
2303 40
2303 41
2303 42
2303 43
2303 44
2311 47
2311 48
2311 49
2311 50
2311 51
2311 52
2311 53
2311 54
2311 55
2311 56
2311 57
2311 58
2311 59
2320 42
2320 43
2320 44
2320 45
2320 46
2320 47
2320 48
2320 49
2320 50
2320 51
2320 52
2320 53
2320 54
2329 39
2329 40
2329 41
2329 42
2329 43
2329 44
2329 45
2329 46
2329 47
2329 48
2480 472
2480 473
2480 474
2480 475
2480 476
2480 477
2489 466
2489 467
2489 468
2489 469
2489 470
2489 471
2489 472
2489 473
2489 474
2489 475
2489 476
2498 461
2498 462
2498 463
2498 464
2498 465
2498 466
2498 467
2498 468
2498 469
2498 470
2498 471
2498 472
2498 473
2506 475
2506 476
2506 477
2506 478
2506 479
2506 480
2506 481
2506 482
2506 483
2506 484
2506 485
2507 458
2507 459
2507 460
2507 461
2507 462
2507 463
2507 464
2507 465
2507 466
2507 467
2507 468
2507 469
2515 469
2515 470
2515 471
2515 472
2515 473
2515 474
2515 475
2515 476
2515 477
2515 478
2515 479
2515 480
2515 481
2515 482
2515 483
2515 484
2516 456
2516 457
2516 458
2516 459
2516 460
2516 461
2516 462
2516 463
2516 464
2524 464
2524 465
2524 466
2524 467
2524 468
2524 469
2524 470
2524 471
2524 472
2524 473
2524 474
2524 475
2524 476
2524 477
2524 478
2524 479
2524 480
2524 481
2532 480
2532 481
2532 482
2532 483
2532 484
2532 485
2532 486
2532 487
2532 488
2532 489
2532 490
2532 491
2533 460
2533 461
2533 462
2533 463
2533 464
2533 465
2533 466
2533 467
2533 468
2533 469
2533 470
2533 471
2533 472
2533 473
2533 474
2533 475
2533 476
2533 477
2533 478
2541 473
2541 474
2541 475
2541 476
2541 477
2541 478
2541 479
2541 480
2541 481
2541 482
2541 483
2541 484
2541 485
2541 486
2541 487
2541 488
2541 489
2541 490
2542 456
2542 457
2542 458
2542 459
2542 460
2542 461
2542 462
2542 463
2542 464
2542 465
2542 466
2542 467
2542 468
2542 469
2542 470
2542 471
2542 472
2542 473
2542 474
2550 468
2550 469
2550 470
2550 471
2550 472
2550 473
2550 474
2550 475
2550 476
2550 477
2550 478
2550 479
2550 480
2550 481
2550 482
2550 483
2550 484
2550 485
2550 486
2550 487
2550 488
2551 454
2551 455
2551 456
2551 457
2551 458
2551 459
2551 460
2551 461
2551 462
2551 463
2551 464
2551 465
2551 466
2551 467
2551 468
2551 469
2558 486
2558 487
2558 488
2558 489
2558 490
2558 491
2558 492
2558 493
2558 494
2558 495
2559 463
2559 464
2559 465
2559 466
2559 467
2559 468
2559 469
2559 470
2559 471
2559 472
2559 473
2559 474
2559 475
2559 476
2559 477
2559 478
2559 479
2559 480
2559 481
2559 482
2559 483
2559 484
2559 485
2560 452
2560 453
2560 454
2560 455
2560 456
2560 457
2560 458
2560 459
2560 460
2560 461
2560 462
2560 463
2567 479
2567 480
2567 481
2567 482
2567 483
2567 484
2567 485
2567 486
2567 487
2567 488
2567 489
2567 490
2567 491
2567 492
2567 493
2567 494
2567 495
2568 459
2568 460
2568 461
2568 462
2568 463
2568 464
2568 465
2568 466
2568 467
2568 468
2568 469
2568 470
2568 471
2568 472
2568 473
2568 474
2568 475
2568 476
2568 477
2568 478
2568 479
2568 480
2568 481
2569 453
2569 454
2569 455
2576 473
2576 474
2576 475
2576 476
2576 477
2576 478
2576 479
2576 480
2576 481
2576 482
2576 483
2576 484
2576 485
2576 486
2576 487
2576 488
2576 489
2576 490
2576 491
2576 492
2576 493
2576 494
2577 456
2577 457
2577 458
2577 459
2577 460
2577 461
2577 462
2577 463
2577 464
2577 465
2577 466
2577 467
2577 468
2577 469
2577 470
2577 471
2577 472
2577 473
2577 474
2577 475
2577 476
2577 477
2585 468
2585 469
2585 470
2585 471
2585 472
2585 473
2585 474
2585 475
2585 476
2585 477
2585 478
2585 479
2585 480
2585 481
2585 482
2585 483
2585 484
2585 485
2585 486
2585 487
2585 488
2585 489
2585 490
2585 491
2586 453
2586 454
2586 455
2586 456
2586 457
2586 458
2586 459
2586 460
2586 461
2586 462
2586 463
2586 464
2586 465
2586 466
2586 467
2586 468
2586 469
2586 470
2586 471
2586 472
2593 485
2593 486
2593 487
2593 488
2593 489
2593 490
2593 491
2593 492
2593 493
2593 494
2593 495
2593 496
2593 497
2593 498
2593 499
2594 464
2594 465
2594 466
2594 467
2594 468
2594 469
2594 470
2594 471
2594 472
2594 473
2594 474
2594 475
2594 476
2594 477
2594 478
2594 479
2594 480
2594 481
2594 482
2594 483
2594 484
2594 485
2594 486
2594 487
2594 488
2595 451
2595 452
2595 453
2595 454
2595 455
2595 456
2595 457
2595 458
2595 459
2595 460
2595 461
2595 462
2595 463
2595 464
2595 465
2595 466
2595 467
2602 479
2602 480
2602 481
2602 482
2602 483
2602 484
2602 485
2602 486
2602 487
2602 488
2602 489
2602 490
2602 491
2602 492
2602 493
2602 494
2602 495
2602 496
2602 497
2602 498
2602 499
2603 460
2603 461
2603 462
2603 463
2603 464
2603 465
2603 466
2603 467
2603 468
2603 469
2603 470
2603 471
2603 472
2603 473
2603 474
2603 475
2603 476
2603 477
2603 478
2603 479
2603 480
2603 481
2603 482
2603 483
2603 484
2604 450
2604 451
2604 452
2604 453
2604 454
2604 455
2604 456
2604 457
2604 458
2604 459
2604 460
2604 461
2611 473
2611 474
2611 475
2611 476
2611 477
2611 478
2611 479
2611 480
2611 481
2611 482
2611 483
2611 484
2611 485
2611 486
2611 487
2611 488
2611 489
2611 490
2611 491
2611 492
2611 493
2611 494
2611 495
2611 496
2611 497
2612 456
2612 457
2612 458
2612 459
2612 460
2612 461
2612 462
2612 463
2612 464
2612 465
2612 466
2612 467
2612 468
2612 469
2612 470
2612 471
2612 472
2612 473
2612 474
2612 475
2612 476
2612 477
2612 478
2612 479
2612 480
2619 494
2619 495
2619 496
2619 497
2619 498
2619 499
2619 500
2619 501
2620 469
2620 470
2620 471
2620 472
2620 473
2620 474
2620 475
2620 476
2620 477
2620 478
2620 479
2620 480
2620 481
2620 482
2620 483
2620 484
2620 485
2620 486
2620 487
2620 488
2620 489
2620 490
2620 491
2620 492
2620 493
2620 494
2621 453
2621 454
2621 455
2621 456
2621 457
2621 458
2621 459
2621 460
2621 461
2621 462
2621 463
2621 464
2621 465
2621 466
2621 467
2621 468
2621 469
2621 470
2621 471
2621 472
2621 473
2621 474
2621 475
2628 486
2628 487
2628 488
2628 489
2628 490
2628 491
2628 492
2628 493
2628 494
2628 495
2628 496
2628 497
2628 498
2628 499
2628 500
2628 501
2628 502
2629 464
2629 465
2629 466
2629 467
2629 468
2629 469
2629 470
2629 471
2629 472
2629 473
2629 474
2629 475
2629 476
2629 477
2629 478
2629 479
2629 480
2629 481
2629 482
2629 483
2629 484
2629 485
2629 486
2629 487
2629 488
2629 489
2629 490
2630 451
2630 452
2630 453
2630 454
2630 455
2630 456
2630 457
2630 458
2630 459
2630 460
2630 461
2630 462
2630 463
2630 464
2630 465
2630 466
2630 467
2630 468
2630 469
2630 470
2637 479
2637 480
2637 481
2637 482
2637 483
2637 484
2637 485
2637 486
2637 487
2637 488
2637 489
2637 490
2637 491
2637 492
2637 493
2637 494
2637 495
2637 496
2637 497
2637 498
2637 499
2637 500
2637 501
2638 461
2638 462
2638 463
2638 464
2638 465
2638 466
2638 467
2638 468
2638 469
2638 470
2638 471
2638 472
2638 473
2638 474
2638 475
2638 476
2638 477
2638 478
2638 479
2638 480
2638 481
2638 482
2638 483
2638 484
2638 485
2638 486
2639 450
2639 451
2639 452
2639 453
2639 454
2639 455
2639 456
2639 457
2639 458
2639 459
2639 460
2639 461
2639 462
2639 463
2639 464
2646 474
2646 475
2646 476
2646 477
2646 478
2646 479
2646 480
2646 481
2646 482
2646 483
2646 484
2646 485
2646 486
2646 487
2646 488
2646 489
2646 490
2646 491
2646 492
2646 493
2646 494
2646 495
2646 496
2646 497
2646 498
2646 499
2647 457
2647 458
2647 459
2647 460
2647 461
2647 462
2647 463
2647 464
2647 465
2647 466
2647 467
2647 468
2647 469
2647 470
2647 471
2647 472
2647 473
2647 474
2647 475
2647 476
2647 477
2647 478
2647 479
2647 480
2647 481
2647 482
2648 450
2648 451
2648 452
2648 453
2648 454
2648 455
2648 456
2654 494
2654 495
2654 496
2654 497
2654 498
2654 499
2654 500
2654 501
2654 502
2654 503
2654 504
2655 470
2655 471
2655 472
2655 473
2655 474
2655 475
2655 476
2655 477
2655 478
2655 479
2655 480
2655 481
2655 482
2655 483
2655 484
2655 485
2655 486
2655 487
2655 488
2655 489
2655 490
2655 491
2655 492
2655 493
2655 494
2655 495
2655 496
2656 454
2656 455
2656 456
2656 457
2656 458
2656 459
2656 460
2656 461
2656 462
2656 463
2656 464
2656 465
2656 466
2656 467
2656 468
2656 469
2656 470
2656 471
2656 472
2656 473
2656 474
2656 475
2656 476
2656 477
2663 486
2663 487
2663 488
2663 489
2663 490
2663 491
2663 492
2663 493
2663 494
2663 495
2663 496
2663 497
2663 498
2663 499
2663 500
2663 501
2663 502
2663 503
2663 504
2663 505
2664 465
2664 466
2664 467
2664 468
2664 469
2664 470
2664 471
2664 472
2664 473
2664 474
2664 475
2664 476
2664 477
2664 478
2664 479
2664 480
2664 481
2664 482
2664 483
2664 484
2664 485
2664 486
2664 487
2664 488
2664 489
2664 490
2664 491
2664 492
2665 452
2665 453
2665 454
2665 455
2665 456
2665 457
2665 458
2665 459
2665 460
2665 461
2665 462
2665 463
2665 464
2665 465
2665 466
2665 467
2665 468
2665 469
2665 470
2665 471
2665 472
2672 480
2672 481
2672 482
2672 483
2672 484
2672 485
2672 486
2672 487
2672 488
2672 489
2672 490
2672 491
2672 492
2672 493
2672 494
2672 495
2672 496
2672 497
2672 498
2672 499
2672 500
2672 501
2672 502
2672 503
2673 462
2673 463
2673 464
2673 465
2673 466
2673 467
2673 468
2673 469
2673 470
2673 471
2673 472
2673 473
2673 474
2673 475
2673 476
2673 477
2673 478
2673 479
2673 480
2673 481
2673 482
2673 483
2673 484
2673 485
2673 486
2673 487
2673 488
2674 450
2674 451
2674 452
2674 453
2674 454
2674 455
2674 456
2674 457
2674 458
2674 459
2674 460
2674 461
2674 462
2674 463
2674 464
2674 465
2674 466
2681 475
2681 476
2681 477
2681 478
2681 479
2681 480
2681 481
2681 482
2681 483
2681 484
2681 485
2681 486
2681 487
2681 488
2681 489
2681 490
2681 491
2681 492
2681 493
2681 494
2681 495
2681 496
2681 497
2681 498
2681 499
2681 500
2682 458
2682 459
2682 460
2682 461
2682 462
2682 463
2682 464
2682 465
2682 466
2682 467
2682 468
2682 469
2682 470
2682 471
2682 472
2682 473
2682 474
2682 475
2682 476
2682 477
2682 478
2682 479
2682 480
2682 481
2682 482
2682 483
2682 484
2683 450
2683 451
2683 452
2683 453
2683 454
2683 455
2683 456
2683 457
2683 458
2683 459
2689 495
2689 496
2689 497
2689 498
2689 499
2689 500
2689 501
2689 502
2689 503
2689 504
2689 505
2689 506
2690 471
2690 472
2690 473
2690 474
2690 475
2690 476
2690 477
2690 478
2690 479
2690 480
2690 481
2690 482
2690 483
2690 484
2690 485
2690 486
2690 487
2690 488
2690 489
2690 490
2690 491
2690 492
2690 493
2690 494
2690 495
2690 496
2690 497
2691 455
2691 456
2691 457
2691 458
2691 459
2691 460
2691 461
2691 462
2691 463
2691 464
2691 465
2691 466
2691 467
2691 468
2691 469
2691 470
2691 471
2691 472
2691 473
2691 474
2691 475
2691 476
2691 477
2691 478
2691 479
2698 488
2698 489
2698 490
2698 491
2698 492
2698 493
2698 494
2698 495
2698 496
2698 497
2698 498
2698 499
2698 500
2698 501
2698 502
2698 503
2698 504
2698 505
2698 506
2699 467
2699 468
2699 469
2699 470
2699 471
2699 472
2699 473
2699 474
2699 475
2699 476
2699 477
2699 478
2699 479
2699 480
2699 481
2699 482
2699 483
2699 484
2699 485
2699 486
2699 487
2699 488
2699 489
2699 490
2699 491
2699 492
2699 493
2699 494
2700 453
2700 454
2700 455
2700 456
2700 457
2700 458
2700 459
2700 460
2700 461
2700 462
2700 463
2700 464
2700 465
2700 466
2700 467
2700 468
2700 469
2700 470
2700 471
2700 472
2700 473
2707 482
2707 483
2707 484
2707 485
2707 486
2707 487
2707 488
2707 489
2707 490
2707 491
2707 492
2707 493
2707 494
2707 495
2707 496
2707 497
2707 498
2707 499
2707 500
2707 501
2707 502
2707 503
2707 504
2708 463
2708 464
2708 465
2708 466
2708 467
2708 468
2708 469
2708 470
2708 471
2708 472
2708 473
2708 474
2708 475
2708 476
2708 477
2708 478
2708 479
2708 480
2708 481
2708 482
2708 483
2708 484
2708 485
2708 486
2708 487
2708 488
2708 489
2709 452
2709 453
2709 454
2709 455
2709 456
2709 457
2709 458
2709 459
2709 460
2709 461
2709 462
2709 463
2709 464
2709 465
2709 466
2709 467
2709 468
2716 477
2716 478
2716 479
2716 480
2716 481
2716 482
2716 483
2716 484
2716 485
2716 486
2716 487
2716 488
2716 489
2716 490
2716 491
2716 492
2716 493
2716 494
2716 495
2716 496
2716 497
2716 498
2716 499
2716 500
2716 501
2716 502
2717 460
2717 461
2717 462
2717 463
2717 464
2717 465
2717 466
2717 467
2717 468
2717 469
2717 470
2717 471
2717 472
2717 473
2717 474
2717 475
2717 476
2717 477
2717 478
2717 479
2717 480
2717 481
2717 482
2717 483
2717 484
2717 485
2718 452
2718 453
2718 454
2718 455
2718 456
2718 457
2718 458
2718 459
2718 460
2724 496
2724 497
2724 498
2724 499
2724 500
2724 501
2724 502
2724 503
2724 504
2724 505
2724 506
2724 507
2724 508
2725 472
2725 473
2725 474
2725 475
2725 476
2725 477
2725 478
2725 479
2725 480
2725 481
2725 482
2725 483
2725 484
2725 485
2725 486
2725 487
2725 488
2725 489
2725 490
2725 491
2725 492
2725 493
2725 494
2725 495
2725 496
2725 497
2725 498
2726 457
2726 458
2726 459
2726 460
2726 461
2726 462
2726 463
2726 464
2726 465
2726 466
2726 467
2726 468
2726 469
2726 470
2726 471
2726 472
2726 473
2726 474
2726 475
2726 476
2726 477
2726 478
2726 479
2726 480
2733 489
2733 490
2733 491
2733 492
2733 493
2733 494
2733 495
2733 496
2733 497
2733 498
2733 499
2733 500
2733 501
2733 502
2733 503
2733 504
2733 505
2733 506
2733 507
2734 468
2734 469
2734 470
2734 471
2734 472
2734 473
2734 474
2734 475
2734 476
2734 477
2734 478
2734 479
2734 480
2734 481
2734 482
2734 483
2734 484
2734 485
2734 486
2734 487
2734 488
2734 489
2734 490
2734 491
2734 492
2734 493
2734 494
2734 495
2735 455
2735 456
2735 457
2735 458
2735 459
2735 460
2735 461
2735 462
2735 463
2735 464
2735 465
2735 466
2735 467
2735 468
2735 469
2735 470
2735 471
2735 472
2735 473
2735 474
2735 475
2742 484
2742 485
2742 486
2742 487
2742 488
2742 489
2742 490
2742 491
2742 492
2742 493
2742 494
2742 495
2742 496
2742 497
2742 498
2742 499
2742 500
2742 501
2742 502
2742 503
2742 504
2742 505
2743 465
2743 466
2743 467
2743 468
2743 469
2743 470
2743 471
2743 472
2743 473
2743 474
2743 475
2743 476
2743 477
2743 478
2743 479
2743 480
2743 481
2743 482
2743 483
2743 484
2743 485
2743 486
2743 487
2743 488
2743 489
2743 490
2744 453
2744 454
2744 455
2744 456
2744 457
2744 458
2744 459
2744 460
2744 461
2744 462
2744 463
2744 464
2744 465
2744 466
2744 467
2744 468
2744 469
2751 479
2751 480
2751 481
2751 482
2751 483
2751 484
2751 485
2751 486
2751 487
2751 488
2751 489
2751 490
2751 491
2751 492
2751 493
2751 494
2751 495
2751 496
2751 497
2751 498
2751 499
2751 500
2751 501
2751 502
2751 503
2752 462
2752 463
2752 464
2752 465
2752 466
2752 467
2752 468
2752 469
2752 470
2752 471
2752 472
2752 473
2752 474
2752 475
2752 476
2752 477
2752 478
2752 479
2752 480
2752 481
2752 482
2752 483
2752 484
2752 485
2752 486
2753 454
2753 455
2753 456
2753 457
2753 458
2753 459
2753 460
2753 461
2759 499
2759 500
2759 501
2759 502
2759 503
2759 504
2759 505
2759 506
2759 507
2759 508
2760 474
2760 475
2760 476
2760 477
2760 478
2760 479
2760 480
2760 481
2760 482
2760 483
2760 484
2760 485
2760 486
2760 487
2760 488
2760 489
2760 490
2760 491
2760 492
2760 493
2760 494
2760 495
2760 496
2760 497
2760 498
2760 499
2761 459
2761 460
2761 461
2761 462
2761 463
2761 464
2761 465
2761 466
2761 467
2761 468
2761 469
2761 470
2761 471
2761 472
2761 473
2761 474
2761 475
2761 476
2761 477
2761 478
2761 479
2761 480
2761 481
2768 491
2768 492
2768 493
2768 494
2768 495
2768 496
2768 497
2768 498
2768 499
2768 500
2768 501
2768 502
2768 503
2768 504
2768 505
2768 506
2768 507
2768 508
2769 470
2769 471
2769 472
2769 473
2769 474
2769 475
2769 476
2769 477
2769 478
2769 479
2769 480
2769 481
2769 482
2769 483
2769 484
2769 485
2769 486
2769 487
2769 488
2769 489
2769 490
2769 491
2769 492
2769 493
2769 494
2769 495
2770 457
2770 458
2770 459
2770 460
2770 461
2770 462
2770 463
2770 464
2770 465
2770 466
2770 467
2770 468
2770 469
2770 470
2770 471
2770 472
2770 473
2770 474
2770 475
2777 486
2777 487
2777 488
2777 489
2777 490
2777 491
2777 492
2777 493
2777 494
2777 495
2777 496
2777 497
2777 498
2777 499
2777 500
2777 501
2777 502
2777 503
2777 504
2777 505
2777 506
2778 467
2778 468
2778 469
2778 470
2778 471
2778 472
2778 473
2778 474
2778 475
2778 476
2778 477
2778 478
2778 479
2778 480
2778 481
2778 482
2778 483
2778 484
2778 485
2778 486
2778 487
2778 488
2778 489
2778 490
2778 491
2779 456
2779 457
2779 458
2779 459
2779 460
2779 461
2779 462
2779 463
2779 464
2779 465
2779 466
2779 467
2779 468
2779 469
2786 481
2786 482
2786 483
2786 484
2786 485
2786 486
2786 487
2786 488
2786 489
2786 490
2786 491
2786 492
2786 493
2786 494
2786 495
2786 496
2786 497
2786 498
2786 499
2786 500
2786 501
2786 502
2786 503
2787 464
2787 465
2787 466
2787 467
2787 468
2787 469
2787 470
2787 471
2787 472
2787 473
2787 474
2787 475
2787 476
2787 477
2787 478
2787 479
2787 480
2787 481
2787 482
2787 483
2787 484
2787 485
2787 486
2794 502
2794 503
2794 504
2794 505
2794 506
2794 507
2795 477
2795 478
2795 479
2795 480
2795 481
2795 482
2795 483
2795 484
2795 485
2795 486
2795 487
2795 488
2795 489
2795 490
2795 491
2795 492
2795 493
2795 494
2795 495
2795 496
2795 497
2795 498
2795 499
2795 500
2796 461
2796 462
2796 463
2796 464
2796 465
2796 466
2796 467
2796 468
2796 469
2796 470
2796 471
2796 472
2796 473
2796 474
2796 475
2796 476
2796 477
2796 478
2796 479
2796 480
2796 481
2803 494
2803 495
2803 496
2803 497
2803 498
2803 499
2803 500
2803 501
2803 502
2803 503
2803 504
2803 505
2803 506
2803 507
2803 508
2804 473
2804 474
2804 475
2804 476
2804 477
2804 478
2804 479
2804 480
2804 481
2804 482
2804 483
2804 484
2804 485
2804 486
2804 487
2804 488
2804 489
2804 490
2804 491
2804 492
2804 493
2804 494
2804 495
2804 496
2805 460
2805 461
2805 462
2805 463
2805 464
2805 465
2805 466
2805 467
2805 468
2805 469
2805 470
2805 471
2805 472
2805 473
2805 474
2805 475
2812 488
2812 489
2812 490
2812 491
2812 492
2812 493
2812 494
2812 495
2812 496
2812 497
2812 498
2812 499
2812 500
2812 501
2812 502
2812 503
2812 504
2812 505
2812 506
2813 469
2813 470
2813 471
2813 472
2813 473
2813 474
2813 475
2813 476
2813 477
2813 478
2813 479
2813 480
2813 481
2813 482
2813 483
2813 484
2813 485
2813 486
2813 487
2813 488
2813 489
2813 490
2813 491
2814 460
2814 461
2814 462
2814 463
2814 464
2814 465
2814 466
2814 467
2814 468
2821 484
2821 485
2821 486
2821 487
2821 488
2821 489
2821 490
2821 491
2821 492
2821 493
2821 494
2821 495
2821 496
2821 497
2821 498
2821 499
2821 500
2821 501
2821 502
2821 503
2822 467
2822 468
2822 469
2822 470
2822 471
2822 472
2822 473
2822 474
2822 475
2822 476
2822 477
2822 478
2822 479
2822 480
2822 481
2822 482
2822 483
2822 484
2822 485
2822 486
2830 479
2830 480
2830 481
2830 482
2830 483
2830 484
2830 485
2830 486
2830 487
2830 488
2830 489
2830 490
2830 491
2830 492
2830 493
2830 494
2830 495
2830 496
2830 497
2830 498
2830 499
2831 465
2831 466
2831 467
2831 468
2831 469
2831 470
2831 471
2831 472
2831 473
2831 474
2831 475
2831 476
2831 477
2831 478
2831 479
2831 480
2831 481
2838 498
2838 499
2838 500
2838 501
2838 502
2838 503
2838 504
2838 505
2838 506
2839 476
2839 477
2839 478
2839 479
2839 480
2839 481
2839 482
2839 483
2839 484
2839 485
2839 486
2839 487
2839 488
2839 489
2839 490
2839 491
2839 492
2839 493
2839 494
2839 495
2840 464
2840 465
2840 466
2840 467
2840 468
2840 469
2840 470
2840 471
2840 472
2840 473
2840 474
2847 492
2847 493
2847 494
2847 495
2847 496
2847 497
2847 498
2847 499
2847 500
2847 501
2847 502
2847 503
2847 504
2847 505
2848 473
2848 474
2848 475
2848 476
2848 477
2848 478
2848 479
2848 480
2848 481
2848 482
2848 483
2848 484
2848 485
2848 486
2848 487
2848 488
2848 489
2848 490
2848 491
2856 487
2856 488
2856 489
2856 490
2856 491
2856 492
2856 493
2856 494
2856 495
2856 496
2856 497
2856 498
2856 499
2856 500
2856 501
2856 502
2857 470
2857 471
2857 472
2857 473
2857 474
2857 475
2857 476
2857 477
2857 478
2857 479
2857 480
2857 481
2857 482
2857 483
2857 484
2857 485
2865 483
2865 484
2865 485
2865 486
2865 487
2865 488
2865 489
2865 490
2865 491
2865 492
2865 493
2865 494
2865 495
2865 496
2865 497
2865 498
2866 469
2866 470
2866 471
2866 472
2866 473
2866 474
2866 475
2866 476
2866 477
2866 478
2866 479
2874 480
2874 481
2874 482
2874 483
2874 484
2874 485
2874 486
2874 487
2874 488
2874 489
2874 490
2874 491
2874 492
2874 493
2874 494
2882 498
2882 499
2882 500
2882 501
2883 477
2883 478
2883 479
2883 480
2883 481
2883 482
2883 483
2883 484
2883 485
2883 486
2883 487
2883 488
2883 489
2891 492
2891 493
2891 494
2891 495
2891 496
2891 497
2891 498
2891 499
2892 476
2892 477
2892 478
2892 479
2892 480
2892 481
2892 482
2900 489
2900 490
2900 491
2900 492
2900 493
2900 494
2900 495
2909 487
2909 488
2909 489
3817 471
3817 472
3817 473
3817 474
3817 475
3817 476
3817 477
3825 487
3825 488
3825 489
3825 490
3826 465
3826 466
3826 467
3826 468
3826 469
3826 470
3826 471
3826 472
3826 473
3826 474
3834 480
3834 481
3834 482
3834 483
3834 484
3834 485
3834 486
3834 487
3834 488
3835 461
3835 462
3835 463
3835 464
3835 465
3835 466
3835 467
3835 468
3835 469
3835 470
3842 497
3842 498
3842 499
3843 474
3843 475
3843 476
3843 477
3843 478
3843 479
3843 480
3843 481
3843 482
3843 483
3843 484
3843 485
3844 456
3844 457
3844 458
3844 459
3844 460
3844 461
3844 462
3844 463
3844 464
3844 465
3851 490
3851 491
3851 492
3851 493
3851 494
3851 495
3851 496
3851 497
3851 498
3852 469
3852 470
3852 471
3852 472
3852 473
3852 474
3852 475
3852 476
3852 477
3852 478
3852 479
3852 480
3852 481
3853 453
3853 454
3853 455
3853 456
3853 457
3853 458
3853 459
3853 460
3860 484
3860 485
3860 486
3860 487
3860 488
3860 489
3860 490
3860 491
3860 492
3860 493
3860 494
3860 495
3861 465
3861 466
3861 467
3861 468
3861 469
3861 470
3861 471
3861 472
3861 473
3861 474
3861 475
3861 476
3861 477
3862 451
3862 452
3862 453
3868 500
3868 501
3868 502
3868 503
3868 504
3868 505
3868 506
3868 507
3869 479
3869 480
3869 481
3869 482
3869 483
3869 484
3869 485
3869 486
3869 487
3869 488
3869 489
3869 490
3869 491
3870 460
3870 461
3870 462
3870 463
3870 464
3870 465
3870 466
3870 467
3870 468
3870 469
3870 470
3870 471
3870 472
3870 473
3877 494
3877 495
3877 496
3877 497
3877 498
3877 499
3877 500
3877 501
3877 502
3877 503
3877 504
3877 505
3878 474
3878 475
3878 476
3878 477
3878 478
3878 479
3878 480
3878 481
3878 482
3878 483
3878 484
3878 485
3878 486
3878 487
3878 488
3879 456
3879 457
3879 458
3879 459
3879 460
3879 461
3879 462
3879 463
3879 464
3879 465
3879 466
3879 467
3879 468
3885 510
3885 511
3885 512
3885 513
3885 514
3885 515
3885 516
3885 517
3886 488
3886 489
3886 490
3886 491
3886 492
3886 493
3886 494
3886 495
3886 496
3886 497
3886 498
3886 499
3886 500
3886 501
3887 469
3887 470
3887 471
3887 472
3887 473
3887 474
3887 475
3887 476
3887 477
3887 478
3887 479
3887 480
3887 481
3887 482
3887 483
3888 453
3888 454
3888 455
3888 456
3888 457
3888 458
3888 459
3888 460
3888 461
3888 462
3894 504
3894 505
3894 506
3894 507
3894 508
3894 509
3894 510
3894 511
3894 512
3894 513
3894 514
3895 483
3895 484
3895 485
3895 486
3895 487
3895 488
3895 489
3895 490
3895 491
3895 492
3895 493
3895 494
3895 495
3895 496
3895 497
3895 498
3896 465
3896 466
3896 467
3896 468
3896 469
3896 470
3896 471
3896 472
3896 473
3896 474
3896 475
3896 476
3896 477
3896 478
3896 479
3897 451
3897 452
3897 453
3897 454
3897 455
3897 456
3902 520
3902 521
3902 522
3902 523
3902 524
3902 525
3902 526
3903 498
3903 499
3903 500
3903 501
3903 502
3903 503
3903 504
3903 505
3903 506
3903 507
3903 508
3903 509
3903 510
3903 511
3904 479
3904 480
3904 481
3904 482
3904 483
3904 484
3904 485
3904 486
3904 487
3904 488
3904 489
3904 490
3904 491
3904 492
3904 493
3904 494
3905 461
3905 462
3905 463
3905 464
3905 465
3905 466
3905 467
3905 468
3905 469
3905 470
3905 471
3905 472
3905 473
3905 474
3911 513
3911 514
3911 515
3911 516
3911 517
3911 518
3911 519
3911 520
3911 521
3911 522
3911 523
3912 493
3912 494
3912 495
3912 496
3912 497
3912 498
3912 499
3912 500
3912 501
3912 502
3912 503
3912 504
3912 505
3912 506
3912 507
3913 474
3913 475
3913 476
3913 477
3913 478
3913 479
3913 480
3913 481
3913 482
3913 483
3913 484
3913 485
3913 486
3913 487
3913 488
3913 489
3913 490
3914 457
3914 458
3914 459
3914 460
3914 461
3914 462
3914 463
3914 464
3914 465
3914 466
3914 467
3914 468
3914 469
3919 529
3919 530
3919 531
3919 532
3919 533
3919 534
3919 535
3919 536
3920 508
3920 509
3920 510
3920 511
3920 512
3920 513
3920 514
3920 515
3920 516
3920 517
3920 518
3920 519
3920 520
3921 488
3921 489
3921 490
3921 491
3921 492
3921 493
3921 494
3921 495
3921 496
3921 497
3921 498
3921 499
3921 500
3921 501
3921 502
3921 503
3922 470
3922 471
3922 472
3922 473
3922 474
3922 475
3922 476
3922 477
3922 478
3922 479
3922 480
3922 481
3922 482
3922 483
3922 484
3922 485
3923 455
3923 456
3923 457
3923 458
3923 459
3923 460
3923 461
3923 462
3923 463
3923 464
3927 544
3927 545
3927 546
3927 547
3927 548
3928 523
3928 524
3928 525
3928 526
3928 527
3928 528
3928 529
3928 530
3928 531
3928 532
3928 533
3929 503
3929 504
3929 505
3929 506
3929 507
3929 508
3929 509
3929 510
3929 511
3929 512
3929 513
3929 514
3929 515
3929 516
3929 517
3930 484
3930 485
3930 486
3930 487
3930 488
3930 489
3930 490
3930 491
3930 492
3930 493
3930 494
3930 495
3930 496
3930 497
3930 498
3930 499
3931 466
3931 467
3931 468
3931 469
3931 470
3931 471
3931 472
3931 473
3931 474
3931 475
3931 476
3931 477
3931 478
3931 479
3931 480
3932 453
3932 454
3932 455
3932 456
3932 457
3935 558
3935 559
3935 560
3935 561
3936 537
3936 538
3936 539
3936 540
3936 541
3936 542
3936 543
3936 544
3936 545
3936 546
3937 517
3937 518
3937 519
3937 520
3937 521
3937 522
3937 523
3937 524
3937 525
3937 526
3937 527
3937 528
3937 529
3937 530
3938 498
3938 499
3938 500
3938 501
3938 502
3938 503
3938 504
3938 505
3938 506
3938 507
3938 508
3938 509
3938 510
3938 511
3938 512
3938 513
3939 479
3939 480
3939 481
3939 482
3939 483
3939 484
3939 485
3939 486
3939 487
3939 488
3939 489
3939 490
3939 491
3939 492
3939 493
3939 494
3939 495
3940 462
3940 463
3940 464
3940 465
3940 466
3940 467
3940 468
3940 469
3940 470
3940 471
3940 472
3940 473
3940 474
3940 475
3940 476
3941 34
3942 14
3942 15
3942 16
3942 17
3943 0
3943 571
3943 572
3943 573
3943 574
3943 575
3944 551
3944 552
3944 553
3944 554
3944 555
3944 556
3944 557
3944 558
3944 559
3945 532
3945 533
3945 534
3945 535
3945 536
3945 537
3945 538
3945 539
3945 540
3945 541
3945 542
3945 543
3946 512
3946 513
3946 514
3946 515
3946 516
3946 517
3946 518
3946 519
3946 520
3946 521
3946 522
3946 523
3946 524
3946 525
3946 526
3947 493
3947 494
3947 495
3947 496
3947 497
3947 498
3947 499
3947 500
3947 501
3947 502
3947 503
3947 504
3947 505
3947 506
3947 507
3947 508
3947 509
3948 475
3948 476
3948 477
3948 478
3948 479
3948 480
3948 481
3948 482
3948 483
3948 484
3948 485
3948 486
3948 487
3948 488
3948 489
3948 490
3948 491
3949 459
3949 460
3949 461
3949 462
3949 463
3949 464
3949 465
3949 466
3949 467
3949 468
3949 469
3949 470
3950 26
3950 27
3950 28
3950 29
3950 30
3950 31
3950 32
3951 8
3951 9
3951 10
3951 11
3951 12
3951 13
3951 14
3951 15
3952 565
3952 566
3952 567
3952 568
3952 569
3952 570
3952 571
3952 572
3952 573
3953 546
3953 547
3953 548
3953 549
3953 550
3953 551
3953 552
3953 553
3953 554
3953 555
3953 556
3954 527
3954 528
3954 529
3954 530
3954 531
3954 532
3954 533
3954 534
3954 535
3954 536
3954 537
3954 538
3954 539
3955 507
3955 508
3955 509
3955 510
3955 511
3955 512
3955 513
3955 514
3955 515
3955 516
3955 517
3955 518
3955 519
3955 520
3955 521
3955 522
3955 523
3956 489
3956 490
3956 491
3956 492
3956 493
3956 494
3956 495
3956 496
3956 497
3956 498
3956 499
3956 500
3956 501
3956 502
3956 503
3956 504
3956 505
3957 471
3957 472
3957 473
3957 474
3957 475
3957 476
3957 477
3957 478
3957 479
3957 480
3957 481
3957 482
3957 483
3957 484
3957 485
3957 486
3958 41
3958 42
3958 43
3958 44
3958 45
3958 46
3958 457
3958 458
3958 459
3958 460
3958 461
3958 462
3958 463
3958 464
3959 21
3959 22
3959 23
3959 24
3959 25
3959 26
3959 27
3959 28
3959 29
3960 2
3960 3
3960 4
3960 5
3960 6
3960 7
3960 8
3960 9
3960 10
3960 11
3960 12
3961 559
3961 560
3961 561
3961 562
3961 563
3961 564
3961 565
3961 566
3961 567
3961 568
3961 569
3961 570
3962 540
3962 541
3962 542
3962 543
3962 544
3962 545
3962 546
3962 547
3962 548
3962 549
3962 550
3962 551
3962 552
3962 553
3963 521
3963 522
3963 523
3963 524
3963 525
3963 526
3963 527
3963 528
3963 529
3963 530
3963 531
3963 532
3963 533
3963 534
3963 535
3963 536
3964 503
3964 504
3964 505
3964 506
3964 507
3964 508
3964 509
3964 510
3964 511
3964 512
3964 513
3964 514
3964 515
3964 516
3964 517
3964 518
3964 519
3965 484
3965 485
3965 486
3965 487
3965 488
3965 489
3965 490
3965 491
3965 492
3965 493
3965 494
3965 495
3965 496
3965 497
3965 498
3965 499
3965 500
3965 501
3966 467
3966 468
3966 469
3966 470
3966 471
3966 472
3966 473
3966 474
3966 475
3966 476
3966 477
3966 478
3966 479
3966 480
3966 481
3967 35
3967 36
3967 37
3967 38
3967 39
3967 40
3967 41
3967 42
3967 43
3968 15
3968 16
3968 17
3968 18
3968 19
3968 20
3968 21
3968 22
3968 23
3968 24
3968 25
3968 26
3969 0
3969 1
3969 2
3969 3
3969 4
3969 5
3969 6
3969 7
3969 8
3969 573
3969 574
3969 575
3970 554
3970 555
3970 556
3970 557
3970 558
3970 559
3970 560
3970 561
3970 562
3970 563
3970 564
3970 565
3970 566
3970 567
3971 535
3971 536
3971 537
3971 538
3971 539
3971 540
3971 541
3971 542
3971 543
3971 544
3971 545
3971 546
3971 547
3971 548
3971 549
3972 517
3972 518
3972 519
3972 520
3972 521
3972 522
3972 523
3972 524
3972 525
3972 526
3972 527
3972 528
3972 529
3972 530
3972 531
3972 532
3973 498
3973 499
3973 500
3973 501
3973 502
3973 503
3973 504
3973 505
3973 506
3973 507
3973 508
3973 509
3973 510
3973 511
3973 512
3973 513
3973 514
3973 515
3974 480
3974 481
3974 482
3974 483
3974 484
3974 485
3974 486
3974 487
3974 488
3974 489
3974 490
3974 491
3974 492
3974 493
3974 494
3974 495
3974 496
3975 51
3975 52
3975 53
3975 54
3975 55
3975 464
3975 465
3975 466
3975 467
3975 468
3975 469
3975 470
3975 471
3975 472
3975 473
3975 474
3975 475
3975 476
3976 29
3976 30
3976 31
3976 32
3976 33
3976 34
3976 35
3976 36
3976 37
3976 38
3976 39
3976 40
3977 10
3977 11
3977 12
3977 13
3977 14
3977 15
3977 16
3977 17
3977 18
3977 19
3977 20
3977 21
3977 22
3977 23
3978 0
3978 1
3978 2
3978 3
3978 4
3978 5
3978 567
3978 568
3978 569
3978 570
3978 571
3978 572
3978 573
3978 574
3978 575
3979 549
3979 550
3979 551
3979 552
3979 553
3979 554
3979 555
3979 556
3979 557
3979 558
3979 559
3979 560
3979 561
3979 562
3979 563
3980 530
3980 531
3980 532
3980 533
3980 534
3980 535
3980 536
3980 537
3980 538
3980 539
3980 540
3980 541
3980 542
3980 543
3980 544
3980 545
3980 546
3981 512
3981 513
3981 514
3981 515
3981 516
3981 517
3981 518
3981 519
3981 520
3981 521
3981 522
3981 523
3981 524
3981 525
3981 526
3981 527
3981 528
3982 494
3982 495
3982 496
3982 497
3982 498
3982 499
3982 500
3982 501
3982 502
3982 503
3982 504
3982 505
3982 506
3982 507
3982 508
3982 509
3982 510
3983 476
3983 477
3983 478
3983 479
3983 480
3983 481
3983 482
3983 483
3983 484
3983 485
3983 486
3983 487
3983 488
3983 489
3983 490
3983 491
3983 492
3984 44
3984 45
3984 46
3984 47
3984 48
3984 49
3984 50
3984 51
3984 52
3984 53
3984 462
3984 463
3984 464
3984 465
3984 466
3984 467
3984 468
3984 469
3984 470
3985 24
3985 25
3985 26
3985 27
3985 28
3985 29
3985 30
3985 31
3985 32
3985 33
3985 34
3985 35
3985 36
3985 37
3986 5
3986 6
3986 7
3986 8
3986 9
3986 10
3986 11
3986 12
3986 13
3986 14
3986 15
3986 16
3986 17
3986 18
3986 19
3987 0
3987 1
3987 562
3987 563
3987 564
3987 565
3987 566
3987 567
3987 568
3987 569
3987 570
3987 571
3987 572
3987 573
3987 574
3987 575
3988 544
3988 545
3988 546
3988 547
3988 548
3988 549
3988 550
3988 551
3988 552
3988 553
3988 554
3988 555
3988 556
3988 557
3988 558
3988 559
3989 526
3989 527
3989 528
3989 529
3989 530
3989 531
3989 532
3989 533
3989 534
3989 535
3989 536
3989 537
3989 538
3989 539
3989 540
3989 541
3989 542
3990 507
3990 508
3990 509
3990 510
3990 511
3990 512
3990 513
3990 514
3990 515
3990 516
3990 517
3990 518
3990 519
3990 520
3990 521
3990 522
3990 523
3990 524
3991 490
3991 491
3991 492
3991 493
3991 494
3991 495
3991 496
3991 497
3991 498
3991 499
3991 500
3991 501
3991 502
3991 503
3991 504
3991 505
3991 506
3992 473
3992 474
3992 475
3992 476
3992 477
3992 478
3992 479
3992 480
3992 481
3992 482
3992 483
3992 484
3992 485
3992 486
3992 487
3993 39
3993 40
3993 41
3993 42
3993 43
3993 44
3993 45
3993 46
3993 47
3993 48
3993 49
3993 50
3993 461
3993 462
3994 18
3994 19
3994 20
3994 21
3994 22
3994 23
3994 24
3994 25
3994 26
3994 27
3994 28
3994 29
3994 30
3994 31
3994 32
3994 33
3995 0
3995 1
3995 2
3995 3
3995 4
3995 5
3995 6
3995 7
3995 8
3995 9
3995 10
3995 11
3995 12
3995 13
3995 14
3995 15
3996 557
3996 558
3996 559
3996 560
3996 561
3996 562
3996 563
3996 564
3996 565
3996 566
3996 567
3996 568
3996 569
3996 570
3996 571
3996 572
3996 573
3997 539
3997 540
3997 541
3997 542
3997 543
3997 544
3997 545
3997 546
3997 547
3997 548
3997 549
3997 550
3997 551
3997 552
3997 553
3997 554
3997 555
3997 556
3998 521
3998 522
3998 523
3998 524
3998 525
3998 526
3998 527
3998 528
3998 529
3998 530
3998 531
3998 532
3998 533
3998 534
3998 535
3998 536
3998 537
3998 538
3999 503
3999 504
3999 505
3999 506
3999 507
3999 508
3999 509
3999 510
3999 511
3999 512
3999 513
3999 514
3999 515
3999 516
3999 517
3999 518
3999 519
3999 520
4000 486
4000 487
4000 488
4000 489
4000 490
4000 491
4000 492
4000 493
4000 494
4000 495
4000 496
4000 497
4000 498
4000 499
4000 500
4000 501
4001 56
4001 57
4001 58
4001 59
4001 60
4001 470
4001 471
4001 472
4001 473
4001 474
4001 475
4001 476
4001 477
4001 478
4001 479
4001 480
4001 481
4002 33
4002 34
4002 35
4002 36
4002 37
4002 38
4002 39
4002 40
4002 41
4002 42
4002 43
4002 44
4002 45
4002 46
4003 13
4003 14
4003 15
4003 16
4003 17
4003 18
4003 19
4003 20
4003 21
4003 22
4003 23
4003 24
4003 25
4003 26
4003 27
4003 28
4003 29
4004 0
4004 1
4004 2
4004 3
4004 4
4004 5
4004 6
4004 7
4004 8
4004 9
4004 10
4004 11
4004 12
4004 571
4004 572
4004 573
4004 574
4004 575
4005 552
4005 553
4005 554
4005 555
4005 556
4005 557
4005 558
4005 559
4005 560
4005 561
4005 562
4005 563
4005 564
4005 565
4005 566
4005 567
4005 568
4005 569
4005 570
4006 534
4006 535
4006 536
4006 537
4006 538
4006 539
4006 540
4006 541
4006 542
4006 543
4006 544
4006 545
4006 546
4006 547
4006 548
4006 549
4006 550
4006 551
4006 552
4007 517
4007 518
4007 519
4007 520
4007 521
4007 522
4007 523
4007 524
4007 525
4007 526
4007 527
4007 528
4007 529
4007 530
4007 531
4007 532
4007 533
4007 534
4008 499
4008 500
4008 501
4008 502
4008 503
4008 504
4008 505
4008 506
4008 507
4008 508
4008 509
4008 510
4008 511
4008 512
4008 513
4008 514
4008 515
4008 516
4009 482
4009 483
4009 484
4009 485
4009 486
4009 487
4009 488
4009 489
4009 490
4009 491
4009 492
4009 493
4009 494
4009 495
4009 496
4009 497
4010 49
4010 50
4010 51
4010 52
4010 53
4010 54
4010 55
4010 56
4010 57
4010 58
4010 467
4010 468
4010 469
4010 470
4010 471
4010 472
4010 473
4010 474
4010 475
4010 476
4011 28
4011 29
4011 30
4011 31
4011 32
4011 33
4011 34
4011 35
4011 36
4011 37
4011 38
4011 39
4011 40
4011 41
4011 42
4011 43
4012 8
4012 9
4012 10
4012 11
4012 12
4012 13
4012 14
4012 15
4012 16
4012 17
4012 18
4012 19
4012 20
4012 21
4012 22
4012 23
4012 24
4012 25
4012 26
4013 0
4013 1
4013 2
4013 3
4013 4
4013 5
4013 6
4013 7
4013 8
4013 566
4013 567
4013 568
4013 569
4013 570
4013 571
4013 572
4013 573
4013 574
4013 575
4014 548
4014 549
4014 550
4014 551
4014 552
4014 553
4014 554
4014 555
4014 556
4014 557
4014 558
4014 559
4014 560
4014 561
4014 562
4014 563
4014 564
4014 565
4014 566
4015 530
4015 531
4015 532
4015 533
4015 534
4015 535
4015 536
4015 537
4015 538
4015 539
4015 540
4015 541
4015 542
4015 543
4015 544
4015 545
4015 546
4015 547
4015 548
4016 512
4016 513
4016 514
4016 515
4016 516
4016 517
4016 518
4016 519
4016 520
4016 521
4016 522
4016 523
4016 524
4016 525
4016 526
4016 527
4016 528
4016 529
4016 530
4017 495
4017 496
4017 497
4017 498
4017 499
4017 500
4017 501
4017 502
4017 503
4017 504
4017 505
4017 506
4017 507
4017 508
4017 509
4017 510
4017 511
4018 478
4018 479
4018 480
4018 481
4018 482
4018 483
4018 484
4018 485
4018 486
4018 487
4018 488
4018 489
4018 490
4018 491
4018 492
4019 43
4019 44
4019 45
4019 46
4019 47
4019 48
4019 49
4019 50
4019 51
4019 52
4019 53
4019 54
4019 55
4019 466
4019 467
4019 468
4020 23
4020 24
4020 25
4020 26
4020 27
4020 28
4020 29
4020 30
4020 31
4020 32
4020 33
4020 34
4020 35
4020 36
4020 37
4020 38
4020 39
4021 3
4021 4
4021 5
4021 6
4021 7
4021 8
4021 9
4021 10
4021 11
4021 12
4021 13
4021 14
4021 15
4021 16
4021 17
4021 18
4021 19
4021 20
4021 21
4021 22
4022 0
4022 1
4022 2
4022 3
4022 4
4022 561
4022 562
4022 563
4022 564
4022 565
4022 566
4022 567
4022 568
4022 569
4022 570
4022 571
4022 572
4022 573
4022 574
4022 575
4023 543
4023 544
4023 545
4023 546
4023 547
4023 548
4023 549
4023 550
4023 551
4023 552
4023 553
4023 554
4023 555
4023 556
4023 557
4023 558
4023 559
4023 560
4023 561
4023 562
4024 525
4024 526
4024 527
4024 528
4024 529
4024 530
4024 531
4024 532
4024 533
4024 534
4024 535
4024 536
4024 537
4024 538
4024 539
4024 540
4024 541
4024 542
4024 543
4025 508
4025 509
4025 510
4025 511
4025 512
4025 513
4025 514
4025 515
4025 516
4025 517
4025 518
4025 519
4025 520
4025 521
4025 522
4025 523
4025 524
4025 525
4026 491
4026 492
4026 493
4026 494
4026 495
4026 496
4026 497
4026 498
4026 499
4026 500
4026 501
4026 502
4026 503
4026 504
4026 505
4026 506
4027 475
4027 476
4027 477
4027 478
4027 479
4027 480
4027 481
4027 482
4027 483
4027 484
4027 485
4027 486
4028 38
4028 39
4028 40
4028 41
4028 42
4028 43
4028 44
4028 45
4028 46
4028 47
4028 48
4028 49
4028 50
4028 51
4028 52
4029 17
4029 18
4029 19
4029 20
4029 21
4029 22
4029 23
4029 24
4029 25
4029 26
4029 27
4029 28
4029 29
4029 30
4029 31
4029 32
4029 33
4029 34
4029 35
4030 0
4030 1
4030 2
4030 3
4030 4
4030 5
4030 6
4030 7
4030 8
4030 9
4030 10
4030 11
4030 12
4030 13
4030 14
4030 15
4030 16
4030 17
4030 18
4030 574
4030 575
4031 0
4031 556
4031 557
4031 558
4031 559
4031 560
4031 561
4031 562
4031 563
4031 564
4031 565
4031 566
4031 567
4031 568
4031 569
4031 570
4031 571
4031 572
4031 573
4031 574
4031 575
4032 539
4032 540
4032 541
4032 542
4032 543
4032 544
4032 545
4032 546
4032 547
4032 548
4032 549
4032 550
4032 551
4032 552
4032 553
4032 554
4032 555
4032 556
4032 557
4032 558
4033 521
4033 522
4033 523
4033 524
4033 525
4033 526
4033 527
4033 528
4033 529
4033 530
4033 531
4033 532
4033 533
4033 534
4033 535
4033 536
4033 537
4033 538
4033 539
4034 504
4034 505
4034 506
4034 507
4034 508
4034 509
4034 510
4034 511
4034 512
4034 513
4034 514
4034 515
4034 516
4034 517
4034 518
4034 519
4034 520
4034 521
4035 487
4035 488
4035 489
4035 490
4035 491
4035 492
4035 493
4035 494
4035 495
4035 496
4035 497
4035 498
4035 499
4035 500
4035 501
4035 502
4036 55
4036 56
4036 57
4036 58
4036 59
4036 60
4036 61
4036 62
4036 473
4036 474
4036 475
4036 476
4036 477
4036 478
4036 479
4036 480
4037 32
4037 33
4037 34
4037 35
4037 36
4037 37
4037 38
4037 39
4037 40
4037 41
4037 42
4037 43
4037 44
4037 45
4037 46
4037 47
4037 48
4038 12
4038 13
4038 14
4038 15
4038 16
4038 17
4038 18
4038 19
4038 20
4038 21
4038 22
4038 23
4038 24
4038 25
4038 26
4038 27
4038 28
4038 29
4038 30
4038 31
4038 32
4039 0
4039 1
4039 2
4039 3
4039 4
4039 5
4039 6
4039 7
4039 8
4039 9
4039 10
4039 11
4039 12
4039 13
4039 14
4039 570
4039 571
4039 572
4039 573
4039 574
4039 575
4040 552
4040 553
4040 554
4040 555
4040 556
4040 557
4040 558
4040 559
4040 560
4040 561
4040 562
4040 563
4040 564
4040 565
4040 566
4040 567
4040 568
4040 569
4040 570
4040 571
4040 572
4041 534
4041 535
4041 536
4041 537
4041 538
4041 539
4041 540
4041 541
4041 542
4041 543
4041 544
4041 545
4041 546
4041 547
4041 548
4041 549
4041 550
4041 551
4041 552
4041 553
4042 517
4042 518
4042 519
4042 520
4042 521
4042 522
4042 523
4042 524
4042 525
4042 526
4042 527
4042 528
4042 529
4042 530
4042 531
4042 532
4042 533
4042 534
4042 535
4043 500
4043 501
4043 502
4043 503
4043 504
4043 505
4043 506
4043 507
4043 508
4043 509
4043 510
4043 511
4043 512
4043 513
4043 514
4043 515
4043 516
4044 484
4044 485
4044 486
4044 487
4044 488
4044 489
4044 490
4044 491
4044 492
4044 493
4044 494
4044 495
4044 496
4044 497
4045 49
4045 50
4045 51
4045 52
4045 53
4045 54
4045 55
4045 56
4045 57
4045 58
4045 59
4045 60
4046 27
4046 28
4046 29
4046 30
4046 31
4046 32
4046 33
4046 34
4046 35
4046 36
4046 37
4046 38
4046 39
4046 40
4046 41
4046 42
4046 43
4046 44
4046 45
4047 7
4047 8
4047 9
4047 10
4047 11
4047 12
4047 13
4047 14
4047 15
4047 16
4047 17
4047 18
4047 19
4047 20
4047 21
4047 22
4047 23
4047 24
4047 25
4047 26
4047 27
4047 28
4048 0
4048 1
4048 2
4048 3
4048 4
4048 5
4048 6
4048 7
4048 8
4048 9
4048 10
4048 565
4048 566
4048 567
4048 568
4048 569
4048 570
4048 571
4048 572
4048 573
4048 574
4048 575
4049 547
4049 548
4049 549
4049 550
4049 551
4049 552
4049 553
4049 554
4049 555
4049 556
4049 557
4049 558
4049 559
4049 560
4049 561
4049 562
4049 563
4049 564
4049 565
4049 566
4049 567
4049 568
4050 530
4050 531
4050 532
4050 533
4050 534
4050 535
4050 536
4050 537
4050 538
4050 539
4050 540
4050 541
4050 542
4050 543
4050 544
4050 545
4050 546
4050 547
4050 548
4050 549
4051 513
4051 514
4051 515
4051 516
4051 517
4051 518
4051 519
4051 520
4051 521
4051 522
4051 523
4051 524
4051 525
4051 526
4051 527
4051 528
4051 529
4051 530
4052 496
4052 497
4052 498
4052 499
4052 500
4052 501
4052 502
4052 503
4052 504
4052 505
4052 506
4052 507
4052 508
4052 509
4052 510
4052 511
4053 481
4053 482
4053 483
4053 484
4053 485
4053 486
4053 487
4053 488
4053 489
4053 490
4053 491
4054 43
4054 44
4054 45
4054 46
4054 47
4054 48
4054 49
4054 50
4054 51
4054 52
4054 53
4054 54
4054 55
4054 56
4054 57
4055 22
4055 23
4055 24
4055 25
4055 26
4055 27
4055 28
4055 29
4055 30
4055 31
4055 32
4055 33
4055 34
4055 35
4055 36
4055 37
4055 38
4055 39
4055 40
4055 41
4056 3
4056 4
4056 5
4056 6
4056 7
4056 8
4056 9
4056 10
4056 11
4056 12
4056 13
4056 14
4056 15
4056 16
4056 17
4056 18
4056 19
4056 20
4056 21
4056 22
4056 23
4056 24
4057 0
4057 1
4057 2
4057 3
4057 4
4057 5
4057 6
4057 560
4057 561
4057 562
4057 563
4057 564
4057 565
4057 566
4057 567
4057 568
4057 569
4057 570
4057 571
4057 572
4057 573
4057 574
4057 575
4058 543
4058 544
4058 545
4058 546
4058 547
4058 548
4058 549
4058 550
4058 551
4058 552
4058 553
4058 554
4058 555
4058 556
4058 557
4058 558
4058 559
4058 560
4058 561
4058 562
4058 563
4059 526
4059 527
4059 528
4059 529
4059 530
4059 531
4059 532
4059 533
4059 534
4059 535
4059 536
4059 537
4059 538
4059 539
4059 540
4059 541
4059 542
4059 543
4059 544
4059 545
4060 509
4060 510
4060 511
4060 512
4060 513
4060 514
4060 515
4060 516
4060 517
4060 518
4060 519
4060 520
4060 521
4060 522
4060 523
4060 524
4060 525
4060 526
4061 493
4061 494
4061 495
4061 496
4061 497
4061 498
4061 499
4061 500
4061 501
4061 502
4061 503
4061 504
4061 505
4061 506
4062 479
4062 480
4062 481
4062 482
4062 483
4062 484
4062 485
4063 37
4063 38
4063 39
4063 40
4063 41
4063 42
4063 43
4063 44
4063 45
4063 46
4063 47
4063 48
4063 49
4063 50
4063 51
4063 52
4063 53
4063 54
4064 17
4064 18
4064 19
4064 20
4064 21
4064 22
4064 23
4064 24
4064 25
4064 26
4064 27
4064 28
4064 29
4064 30
4064 31
4064 32
4064 33
4064 34
4064 35
4064 36
4064 37
4065 0
4065 1
4065 2
4065 3
4065 4
4065 5
4065 6
4065 7
4065 8
4065 9
4065 10
4065 11
4065 12
4065 13
4065 14
4065 15
4065 16
4065 17
4065 18
4065 19
4065 20
4065 574
4065 575
4066 0
4066 1
4066 2
4066 556
4066 557
4066 558
4066 559
4066 560
4066 561
4066 562
4066 563
4066 564
4066 565
4066 566
4066 567
4066 568
4066 569
4066 570
4066 571
4066 572
4066 573
4066 574
4066 575
4067 538
4067 539
4067 540
4067 541
4067 542
4067 543
4067 544
4067 545
4067 546
4067 547
4067 548
4067 549
4067 550
4067 551
4067 552
4067 553
4067 554
4067 555
4067 556
4067 557
4067 558
4067 559
4068 521
4068 522
4068 523
4068 524
4068 525
4068 526
4068 527
4068 528
4068 529
4068 530
4068 531
4068 532
4068 533
4068 534
4068 535
4068 536
4068 537
4068 538
4068 539
4068 540
4069 505
4069 506
4069 507
4069 508
4069 509
4069 510
4069 511
4069 512
4069 513
4069 514
4069 515
4069 516
4069 517
4069 518
4069 519
4069 520
4069 521
4070 489
4070 490
4070 491
4070 492
4070 493
4070 494
4070 495
4070 496
4070 497
4070 498
4070 499
4070 500
4070 501
4071 56
4071 57
4071 58
4071 59
4071 60
4071 61
4071 62
4071 63
4071 64
4072 32
4072 33
4072 34
4072 35
4072 36
4072 37
4072 38
4072 39
4072 40
4072 41
4072 42
4072 43
4072 44
4072 45
4072 46
4072 47
4072 48
4072 49
4072 50
4073 12
4073 13
4073 14
4073 15
4073 16
4073 17
4073 18
4073 19
4073 20
4073 21
4073 22
4073 23
4073 24
4073 25
4073 26
4073 27
4073 28
4073 29
4073 30
4073 31
4073 32
4073 33
4074 0
4074 1
4074 2
4074 3
4074 4
4074 5
4074 6
4074 7
4074 8
4074 9
4074 10
4074 11
4074 12
4074 13
4074 14
4074 15
4074 16
4074 569
4074 570
4074 571
4074 572
4074 573
4074 574
4074 575
4075 551
4075 552
4075 553
4075 554
4075 555
4075 556
4075 557
4075 558
4075 559
4075 560
4075 561
4075 562
4075 563
4075 564
4075 565
4075 566
4075 567
4075 568
4075 569
4075 570
4075 571
4075 572
4075 573
4076 534
4076 535
4076 536
4076 537
4076 538
4076 539
4076 540
4076 541
4076 542
4076 543
4076 544
4076 545
4076 546
4076 547
4076 548
4076 549
4076 550
4076 551
4076 552
4076 553
4076 554
4076 555
4077 517
4077 518
4077 519
4077 520
4077 521
4077 522
4077 523
4077 524
4077 525
4077 526
4077 527
4077 528
4077 529
4077 530
4077 531
4077 532
4077 533
4077 534
4077 535
4077 536
4078 501
4078 502
4078 503
4078 504
4078 505
4078 506
4078 507
4078 508
4078 509
4078 510
4078 511
4078 512
4078 513
4078 514
4078 515
4078 516
4079 487
4079 488
4079 489
4079 490
4079 491
4079 492
4079 493
4079 494
4079 495
4079 496
4080 49
4080 50
4080 51
4080 52
4080 53
4080 54
4080 55
4080 56
4080 57
4080 58
4080 59
4080 60
4080 61
4081 27
4081 28
4081 29
4081 30
4081 31
4081 32
4081 33
4081 34
4081 35
4081 36
4081 37
4081 38
4081 39
4081 40
4081 41
4081 42
4081 43
4081 44
4081 45
4081 46
4082 7
4082 8
4082 9
4082 10
4082 11
4082 12
4082 13
4082 14
4082 15
4082 16
4082 17
4082 18
4082 19
4082 20
4082 21
4082 22
4082 23
4082 24
4082 25
4082 26
4082 27
4082 28
4082 29
4082 30
4083 0
4083 1
4083 2
4083 3
4083 4
4083 5
4083 6
4083 7
4083 8
4083 9
4083 10
4083 11
4083 12
4083 565
4083 566
4083 567
4083 568
4083 569
4083 570
4083 571
4083 572
4083 573
4083 574
4083 575
4084 547
4084 548
4084 549
4084 550
4084 551
4084 552
4084 553
4084 554
4084 555
4084 556
4084 557
4084 558
4084 559
4084 560
4084 561
4084 562
4084 563
4084 564
4084 565
4084 566
4084 567
4084 568
4084 569
4085 530
4085 531
4085 532
4085 533
4085 534
4085 535
4085 536
4085 537
4085 538
4085 539
4085 540
4085 541
4085 542
4085 543
4085 544
4085 545
4085 546
4085 547
4085 548
4085 549
4085 550
4086 514
4086 515
4086 516
4086 517
4086 518
4086 519
4086 520
4086 521
4086 522
4086 523
4086 524
4086 525
4086 526
4086 527
4086 528
4086 529
4086 530
4086 531
4087 498
4087 499
4087 500
4087 501
4087 502
4087 503
4087 504
4087 505
4087 506
4087 507
4087 508
4087 509
4087 510
4087 511
4088 485
4088 486
4088 487
4088 488
4089 43
4089 44
4089 45
4089 46
4089 47
4089 48
4089 49
4089 50
4089 51
4089 52
4089 53
4089 54
4089 55
4089 56
4089 57
4089 58
4090 22
4090 23
4090 24
4090 25
4090 26
4090 27
4090 28
4090 29
4090 30
4090 31
4090 32
4090 33
4090 34
4090 35
4090 36
4090 37
4090 38
4090 39
4090 40
4090 41
4090 42
4090 43
4091 2
4091 3
4091 4
4091 5
4091 6
4091 7
4091 8
4091 9
4091 10
4091 11
4091 12
4091 13
4091 14
4091 15
4091 16
4091 17
4091 18
4091 19
4091 20
4091 21
4091 22
4091 23
4091 24
4091 25
4092 0
4092 1
4092 2
4092 3
4092 4
4092 5
4092 6
4092 7
4092 560
4092 561
4092 562
4092 563
4092 564
4092 565
4092 566
4092 567
4092 568
4092 569
4092 570
4092 571
4092 572
4092 573
4092 574
4092 575
4093 543
4093 544
4093 545
4093 546
4093 547
4093 548
4093 549
4093 550
4093 551
4093 552
4093 553
4093 554
4093 555
4093 556
4093 557
4093 558
4093 559
4093 560
4093 561
4093 562
4093 563
4093 564
4093 565
4094 526
4094 527
4094 528
4094 529
4094 530
4094 531
4094 532
4094 533
4094 534
4094 535
4094 536
4094 537
4094 538
4094 539
4094 540
4094 541
4094 542
4094 543
4094 544
4094 545
4094 546
4095 510
4095 511
4095 512
4095 513
4095 514
4095 515
4095 516
4095 517
4095 518
4095 519
4095 520
4095 521
4095 522
4095 523
4095 524
4095 525
4095 526
4096 495
4096 496
4096 497
4096 498
4096 499
4096 500
4096 501
4096 502
4096 503
4096 504
4096 505
4096 506
4098 37
4098 38
4098 39
4098 40
4098 41
4098 42
4098 43
4098 44
4098 45
4098 46
4098 47
4098 48
4098 49
4098 50
4098 51
4098 52
4098 53
4098 54
4098 55
4099 17
4099 18
4099 19
4099 20
4099 21
4099 22
4099 23
4099 24
4099 25
4099 26
4099 27
4099 28
4099 29
4099 30
4099 31
4099 32
4099 33
4099 34
4099 35
4099 36
4099 37
4099 38
4099 39
4100 0
4100 1
4100 2
4100 3
4100 4
4100 5
4100 6
4100 7
4100 8
4100 9
4100 10
4100 11
4100 12
4100 13
4100 14
4100 15
4100 16
4100 17
4100 18
4100 19
4100 20
4100 21
4100 573
4100 574
4100 575
4101 0
4101 1
4101 2
4101 3
4101 556
4101 557
4101 558
4101 559
4101 560
4101 561
4101 562
4101 563
4101 564
4101 565
4101 566
4101 567
4101 568
4101 569
4101 570
4101 571
4101 572
4101 573
4101 574
4101 575
4102 538
4102 539
4102 540
4102 541
4102 542
4102 543
4102 544
4102 545
4102 546
4102 547
4102 548
4102 549
4102 550
4102 551
4102 552
4102 553
4102 554
4102 555
4102 556
4102 557
4102 558
4102 559
4102 560
4103 522
4103 523
4103 524
4103 525
4103 526
4103 527
4103 528
4103 529
4103 530
4103 531
4103 532
4103 533
4103 534
4103 535
4103 536
4103 537
4103 538
4103 539
4103 540
4103 541
4104 506
4104 507
4104 508
4104 509
4104 510
4104 511
4104 512
4104 513
4104 514
4104 515
4104 516
4104 517
4104 518
4104 519
4104 520
4104 521
4105 493
4105 494
4105 495
4105 496
4105 497
4105 498
4105 499
4105 500
4106 56
4106 57
4106 58
4106 59
4106 60
4106 61
4106 62
4106 63
4106 64
4107 32
4107 33
4107 34
4107 35
4107 36
4107 37
4107 38
4107 39
4107 40
4107 41
4107 42
4107 43
4107 44
4107 45
4107 46
4107 47
4107 48
4107 49
4107 50
4107 51
4108 12
4108 13
4108 14
4108 15
4108 16
4108 17
4108 18
4108 19
4108 20
4108 21
4108 22
4108 23
4108 24
4108 25
4108 26
4108 27
4108 28
4108 29
4108 30
4108 31
4108 32
4108 33
4108 34
4108 35
4109 0
4109 1
4109 2
4109 3
4109 4
4109 5
4109 6
4109 7
4109 8
4109 9
4109 10
4109 11
4109 12
4109 13
4109 14
4109 15
4109 16
4109 17
4109 569
4109 570
4109 571
4109 572
4109 573
4109 574
4109 575
4110 551
4110 552
4110 553
4110 554
4110 555
4110 556
4110 557
4110 558
4110 559
4110 560
4110 561
4110 562
4110 563
4110 564
4110 565
4110 566
4110 567
4110 568
4110 569
4110 570
4110 571
4110 572
4110 573
4110 574
4110 575
4111 534
4111 535
4111 536
4111 537
4111 538
4111 539
4111 540
4111 541
4111 542
4111 543
4111 544
4111 545
4111 546
4111 547
4111 548
4111 549
4111 550
4111 551
4111 552
4111 553
4111 554
4111 555
4111 556
4112 518
4112 519
4112 520
4112 521
4112 522
4112 523
4112 524
4112 525
4112 526
4112 527
4112 528
4112 529
4112 530
4112 531
4112 532
4112 533
4112 534
4112 535
4112 536
4113 503
4113 504
4113 505
4113 506
4113 507
4113 508
4113 509
4113 510
4113 511
4113 512
4113 513
4113 514
4113 515
4113 516
4115 49
4115 50
4115 51
4115 52
4115 53
4115 54
4115 55
4115 56
4115 57
4115 58
4115 59
4115 60
4115 61
4115 62
4116 27
4116 28
4116 29
4116 30
4116 31
4116 32
4116 33
4116 34
4116 35
4116 36
4116 37
4116 38
4116 39
4116 40
4116 41
4116 42
4116 43
4116 44
4116 45
4116 46
4116 47
4116 48
4117 7
4117 8
4117 9
4117 10
4117 11
4117 12
4117 13
4117 14
4117 15
4117 16
4117 17
4117 18
4117 19
4117 20
4117 21
4117 22
4117 23
4117 24
4117 25
4117 26
4117 27
4117 28
4117 29
4117 30
4117 31
4118 0
4118 1
4118 2
4118 3
4118 4
4118 5
4118 6
4118 7
4118 8
4118 9
4118 10
4118 11
4118 12
4118 13
4118 564
4118 565
4118 566
4118 567
4118 568
4118 569
4118 570
4118 571
4118 572
4118 573
4118 574
4118 575
4119 547
4119 548
4119 549
4119 550
4119 551
4119 552
4119 553
4119 554
4119 555
4119 556
4119 557
4119 558
4119 559
4119 560
4119 561
4119 562
4119 563
4119 564
4119 565
4119 566
4119 567
4119 568
4119 569
4119 570
4120 530
4120 531
4120 532
4120 533
4120 534
4120 535
4120 536
4120 537
4120 538
4120 539
4120 540
4120 541
4120 542
4120 543
4120 544
4120 545
4120 546
4120 547
4120 548
4120 549
4120 550
4120 551
4121 515
4121 516
4121 517
4121 518
4121 519
4121 520
4121 521
4121 522
4121 523
4121 524
4121 525
4121 526
4121 527
4121 528
4121 529
4121 530
4121 531
4122 501
4122 502
4122 503
4122 504
4122 505
4122 506
4122 507
4122 508
4122 509
4122 510
4124 43
4124 44
4124 45
4124 46
4124 47
4124 48
4124 49
4124 50
4124 51
4124 52
4124 53
4124 54
4124 55
4124 56
4124 57
4124 58
4124 59
4125 22
4125 23
4125 24
4125 25
4125 26
4125 27
4125 28
4125 29
4125 30
4125 31
4125 32
4125 33
4125 34
4125 35
4125 36
4125 37
4125 38
4125 39
4125 40
4125 41
4125 42
4125 43
4125 44
4126 2
4126 3
4126 4
4126 5
4126 6
4126 7
4126 8
4126 9
4126 10
4126 11
4126 12
4126 13
4126 14
4126 15
4126 16
4126 17
4126 18
4126 19
4126 20
4126 21
4126 22
4126 23
4126 24
4126 25
4126 26
4126 27
4127 0
4127 1
4127 2
4127 3
4127 4
4127 5
4127 6
4127 7
4127 8
4127 560
4127 561
4127 562
4127 563
4127 564
4127 565
4127 566
4127 567
4127 568
4127 569
4127 570
4127 571
4127 572
4127 573
4127 574
4127 575
4128 543
4128 544
4128 545
4128 546
4128 547
4128 548
4128 549
4128 550
4128 551
4128 552
4128 553
4128 554
4128 555
4128 556
4128 557
4128 558
4128 559
4128 560
4128 561
4128 562
4128 563
4128 564
4128 565
4128 566
4129 527
4129 528
4129 529
4129 530
4129 531
4129 532
4129 533
4129 534
4129 535
4129 536
4129 537
4129 538
4129 539
4129 540
4129 541
4129 542
4129 543
4129 544
4129 545
4129 546
4130 512
4130 513
4130 514
4130 515
4130 516
4130 517
4130 518
4130 519
4130 520
4130 521
4130 522
4130 523
4130 524
4130 525
4130 526
4131 499
4131 500
4131 501
4131 502
4131 503
4133 38
4133 39
4133 40
4133 41
4133 42
4133 43
4133 44
4133 45
4133 46
4133 47
4133 48
4133 49
4133 50
4133 51
4133 52
4133 53
4133 54
4133 55
4133 56
4134 16
4134 17
4134 18
4134 19
4134 20
4134 21
4134 22
4134 23
4134 24
4134 25
4134 26
4134 27
4134 28
4134 29
4134 30
4134 31
4134 32
4134 33
4134 34
4134 35
4134 36
4134 37
4134 38
4134 39
4134 40
4135 0
4135 1
4135 2
4135 3
4135 4
4135 5
4135 6
4135 7
4135 8
4135 9
4135 10
4135 11
4135 12
4135 13
4135 14
4135 15
4135 16
4135 17
4135 18
4135 19
4135 20
4135 21
4135 22
4135 23
4135 573
4135 574
4135 575
4136 0
4136 1
4136 2
4136 3
4136 4
4136 556
4136 557
4136 558
4136 559
4136 560
4136 561
4136 562
4136 563
4136 564
4136 565
4136 566
4136 567
4136 568
4136 569
4136 570
4136 571
4136 572
4136 573
4136 574
4136 575
4137 539
4137 540
4137 541
4137 542
4137 543
4137 544
4137 545
4137 546
4137 547
4137 548
4137 549
4137 550
4137 551
4137 552
4137 553
4137 554
4137 555
4137 556
4137 557
4137 558
4137 559
4137 560
4137 561
4138 523
4138 524
4138 525
4138 526
4138 527
4138 528
4138 529
4138 530
4138 531
4138 532
4138 533
4138 534
4138 535
4138 536
4138 537
4138 538
4138 539
4138 540
4138 541
4139 509
4139 510
4139 511
4139 512
4139 513
4139 514
4139 515
4139 516
4139 517
4139 518
4139 519
4139 520
4141 57
4141 58
4141 59
4141 60
4141 61
4141 62
4141 63
4141 64
4141 65
4142 32
4142 33
4142 34
4142 35
4142 36
4142 37
4142 38
4142 39
4142 40
4142 41
4142 42
4142 43
4142 44
4142 45
4142 46
4142 47
4142 48
4142 49
4142 50
4142 51
4142 52
4143 12
4143 13
4143 14
4143 15
4143 16
4143 17
4143 18
4143 19
4143 20
4143 21
4143 22
4143 23
4143 24
4143 25
4143 26
4143 27
4143 28
4143 29
4143 30
4143 31
4143 32
4143 33
4143 34
4143 35
4143 36
4144 0
4144 1
4144 2
4144 3
4144 4
4144 5
4144 6
4144 7
4144 8
4144 9
4144 10
4144 11
4144 12
4144 13
4144 14
4144 15
4144 16
4144 17
4144 18
4144 569
4144 570
4144 571
4144 572
4144 573
4144 574
4144 575
4145 0
4145 551
4145 552
4145 553
4145 554
4145 555
4145 556
4145 557
4145 558
4145 559
4145 560
4145 561
4145 562
4145 563
4145 564
4145 565
4145 566
4145 567
4145 568
4145 569
4145 570
4145 571
4145 572
4145 573
4145 574
4145 575
4146 535
4146 536
4146 537
4146 538
4146 539
4146 540
4146 541
4146 542
4146 543
4146 544
4146 545
4146 546
4146 547
4146 548
4146 549
4146 550
4146 551
4146 552
4146 553
4146 554
4146 555
4146 556
4147 520
4147 521
4147 522
4147 523
4147 524
4147 525
4147 526
4147 527
4147 528
4147 529
4147 530
4147 531
4147 532
4147 533
4147 534
4147 535
4147 536
4148 506
4148 507
4148 508
4148 509
4148 510
4148 511
4148 512
4148 513
4148 514
4150 50
4150 51
4150 52
4150 53
4150 54
4150 55
4150 56
4150 57
4150 58
4150 59
4150 60
4150 61
4150 62
4150 63
4151 27
4151 28
4151 29
4151 30
4151 31
4151 32
4151 33
4151 34
4151 35
4151 36
4151 37
4151 38
4151 39
4151 40
4151 41
4151 42
4151 43
4151 44
4151 45
4151 46
4151 47
4151 48
4151 49
4152 7
4152 8
4152 9
4152 10
4152 11
4152 12
4152 13
4152 14
4152 15
4152 16
4152 17
4152 18
4152 19
4152 20
4152 21
4152 22
4152 23
4152 24
4152 25
4152 26
4152 27
4152 28
4152 29
4152 30
4152 31
4152 32
4153 0
4153 1
4153 2
4153 3
4153 4
4153 5
4153 6
4153 7
4153 8
4153 9
4153 10
4153 11
4153 12
4153 13
4153 14
4153 564
4153 565
4153 566
4153 567
4153 568
4153 569
4153 570
4153 571
4153 572
4153 573
4153 574
4153 575
4154 547
4154 548
4154 549
4154 550
4154 551
4154 552
4154 553
4154 554
4154 555
4154 556
4154 557
4154 558
4154 559
4154 560
4154 561
4154 562
4154 563
4154 564
4154 565
4154 566
4154 567
4154 568
4154 569
4154 570
4154 571
4155 531
4155 532
4155 533
4155 534
4155 535
4155 536
4155 537
4155 538
4155 539
4155 540
4155 541
4155 542
4155 543
4155 544
4155 545
4155 546
4155 547
4155 548
4155 549
4155 550
4155 551
4156 516
4156 517
4156 518
4156 519
4156 520
4156 521
4156 522
4156 523
4156 524
4156 525
4156 526
4156 527
4156 528
4156 529
4156 530
4156 531
4159 44
4159 45
4159 46
4159 47
4159 48
4159 49
4159 50
4159 51
4159 52
4159 53
4159 54
4159 55
4159 56
4159 57
4159 58
4159 59
4159 60
4160 22
4160 23
4160 24
4160 25
4160 26
4160 27
4160 28
4160 29
4160 30
4160 31
4160 32
4160 33
4160 34
4160 35
4160 36
4160 37
4160 38
4160 39
4160 40
4160 41
4160 42
4160 43
4160 44
4160 45
4161 2
4161 3
4161 4
4161 5
4161 6
4161 7
4161 8
4161 9
4161 10
4161 11
4161 12
4161 13
4161 14
4161 15
4161 16
4161 17
4161 18
4161 19
4161 20
4161 21
4161 22
4161 23
4161 24
4161 25
4161 26
4161 27
4161 28
4162 0
4162 1
4162 2
4162 3
4162 4
4162 5
4162 6
4162 7
4162 8
4162 9
4162 560
4162 561
4162 562
4162 563
4162 564
4162 565
4162 566
4162 567
4162 568
4162 569
4162 570
4162 571
4162 572
4162 573
4162 574
4162 575
4163 543
4163 544
4163 545
4163 546
4163 547
4163 548
4163 549
4163 550
4163 551
4163 552
4163 553
4163 554
4163 555
4163 556
4163 557
4163 558
4163 559
4163 560
4163 561
4163 562
4163 563
4163 564
4163 565
4163 566
4164 528
4164 529
4164 530
4164 531
4164 532
4164 533
4164 534
4164 535
4164 536
4164 537
4164 538
4164 539
4164 540
4164 541
4164 542
4164 543
4164 544
4164 545
4164 546
4165 514
4165 515
4165 516
4165 517
4165 518
4165 519
4165 520
4165 521
4165 522
4165 523
4165 524
4165 525
4168 38
4168 39
4168 40
4168 41
4168 42
4168 43
4168 44
4168 45
4168 46
4168 47
4168 48
4168 49
4168 50
4168 51
4168 52
4168 53
4168 54
4168 55
4168 56
4168 57
4169 17
4169 18
4169 19
4169 20
4169 21
4169 22
4169 23
4169 24
4169 25
4169 26
4169 27
4169 28
4169 29
4169 30
4169 31
4169 32
4169 33
4169 34
4169 35
4169 36
4169 37
4169 38
4169 39
4169 40
4169 41
4170 0
4170 1
4170 2
4170 3
4170 4
4170 5
4170 6
4170 7
4170 8
4170 9
4170 10
4170 11
4170 12
4170 13
4170 14
4170 15
4170 16
4170 17
4170 18
4170 19
4170 20
4170 21
4170 22
4170 23
4170 573
4170 574
4170 575
4171 0
4171 1
4171 2
4171 3
4171 4
4171 5
4171 556
4171 557
4171 558
4171 559
4171 560
4171 561
4171 562
4171 563
4171 564
4171 565
4171 566
4171 567
4171 568
4171 569
4171 570
4171 571
4171 572
4171 573
4171 574
4171 575
4172 539
4172 540
4172 541
4172 542
4172 543
4172 544
4172 545
4172 546
4172 547
4172 548
4172 549
4172 550
4172 551
4172 552
4172 553
4172 554
4172 555
4172 556
4172 557
4172 558
4172 559
4172 560
4172 561
4173 524
4173 525
4173 526
4173 527
4173 528
4173 529
4173 530
4173 531
4173 532
4173 533
4173 534
4173 535
4173 536
4173 537
4173 538
4173 539
4173 540
4173 541
4174 512
4174 513
4174 514
4174 515
4174 516
4174 517
4174 518
4174 519
4176 59
4176 60
4176 61
4176 62
4176 63
4176 64
4177 32
4177 33
4177 34
4177 35
4177 36
4177 37
4177 38
4177 39
4177 40
4177 41
4177 42
4177 43
4177 44
4177 45
4177 46
4177 47
4177 48
4177 49
4177 50
4177 51
4177 52
4177 53
4178 12
4178 13
4178 14
4178 15
4178 16
4178 17
4178 18
4178 19
4178 20
4178 21
4178 22
4178 23
4178 24
4178 25
4178 26
4178 27
4178 28
4178 29
4178 30
4178 31
4178 32
4178 33
4178 34
4178 35
4178 36
4178 37
4179 0
4179 1
4179 2
4179 3
4179 4
4179 5
4179 6
4179 7
4179 8
4179 9
4179 10
4179 11
4179 12
4179 13
4179 14
4179 15
4179 16
4179 17
4179 18
4179 19
4179 569
4179 570
4179 571
4179 572
4179 573
4179 574
4179 575
4180 0
4180 552
4180 553
4180 554
4180 555
4180 556
4180 557
4180 558
4180 559
4180 560
4180 561
4180 562
4180 563
4180 564
4180 565
4180 566
4180 567
4180 568
4180 569
4180 570
4180 571
4180 572
4180 573
4180 574
4180 575
4181 536
4181 537
4181 538
4181 539
4181 540
4181 541
4181 542
4181 543
4181 544
4181 545
4181 546
4181 547
4181 548
4181 549
4181 550
4181 551
4181 552
4181 553
4181 554
4181 555
4181 556
4182 521
4182 522
4182 523
4182 524
4182 525
4182 526
4182 527
4182 528
4182 529
4182 530
4182 531
4182 532
4182 533
4182 534
4182 535
4182 536
4185 51
4185 52
4185 53
4185 54
4185 55
4185 56
4185 57
4185 58
4185 59
4185 60
4185 61
4185 62
4185 63
4186 27
4186 28
4186 29
4186 30
4186 31
4186 32
4186 33
4186 34
4186 35
4186 36
4186 37
4186 38
4186 39
4186 40
4186 41
4186 42
4186 43
4186 44
4186 45
4186 46
4186 47
4186 48
4186 49
4186 50
4187 7
4187 8
4187 9
4187 10
4187 11
4187 12
4187 13
4187 14
4187 15
4187 16
4187 17
4187 18
4187 19
4187 20
4187 21
4187 22
4187 23
4187 24
4187 25
4187 26
4187 27
4187 28
4187 29
4187 30
4187 31
4187 32
4187 33
4188 0
4188 1
4188 2
4188 3
4188 4
4188 5
4188 6
4188 7
4188 8
4188 9
4188 10
4188 11
4188 12
4188 13
4188 14
4188 15
4188 565
4188 566
4188 567
4188 568
4188 569
4188 570
4188 571
4188 572
4188 573
4188 574
4188 575
4189 548
4189 549
4189 550
4189 551
4189 552
4189 553
4189 554
4189 555
4189 556
4189 557
4189 558
4189 559
4189 560
4189 561
4189 562
4189 563
4189 564
4189 565
4189 566
4189 567
4189 568
4189 569
4189 570
4189 571
4190 532
4190 533
4190 534
4190 535
4190 536
4190 537
4190 538
4190 539
4190 540
4190 541
4190 542
4190 543
4190 544
4190 545
4190 546
4190 547
4190 548
4190 549
4190 550
4190 551
4191 519
4191 520
4191 521
4191 522
4191 523
4191 524
4191 525
4191 526
4191 527
4191 528
4191 529
4191 530
4194 45
4194 46
4194 47
4194 48
4194 49
4194 50
4194 51
4194 52
4194 53
4194 54
4194 55
4194 56
4194 57
4194 58
4194 59
4194 60
4195 22
4195 23
4195 24
4195 25
4195 26
4195 27
4195 28
4195 29
4195 30
4195 31
4195 32
4195 33
4195 34
4195 35
4195 36
4195 37
4195 38
4195 39
4195 40
4195 41
4195 42
4195 43
4195 44
4195 45
4195 46
4196 2
4196 3
4196 4
4196 5
4196 6
4196 7
4196 8
4196 9
4196 10
4196 11
4196 12
4196 13
4196 14
4196 15
4196 16
4196 17
4196 18
4196 19
4196 20
4196 21
4196 22
4196 23
4196 24
4196 25
4196 26
4196 27
4196 28
4196 29
4197 0
4197 1
4197 2
4197 3
4197 4
4197 5
4197 6
4197 7
4197 8
4197 9
4197 10
4197 560
4197 561
4197 562
4197 563
4197 564
4197 565
4197 566
4197 567
4197 568
4197 569
4197 570
4197 571
4197 572
4197 573
4197 574
4197 575
4198 544
4198 545
4198 546
4198 547
4198 548
4198 549
4198 550
4198 551
4198 552
4198 553
4198 554
4198 555
4198 556
4198 557
4198 558
4198 559
4198 560
4198 561
4198 562
4198 563
4198 564
4198 565
4198 566
4198 567
4199 529
4199 530
4199 531
4199 532
4199 533
4199 534
4199 535
4199 536
4199 537
4199 538
4199 539
4199 540
4199 541
4199 542
4199 543
4199 544
4199 545
4199 546
4200 517
4200 518
4200 519
4200 520
4200 521
4200 522
4200 523
4203 39
4203 40
4203 41
4203 42
4203 43
4203 44
4203 45
4203 46
4203 47
4203 48
4203 49
4203 50
4203 51
4203 52
4203 53
4203 54
4203 55
4203 56
4203 57
4204 17
4204 18
4204 19
4204 20
4204 21
4204 22
4204 23
4204 24
4204 25
4204 26
4204 27
4204 28
4204 29
4204 30
4204 31
4204 32
4204 33
4204 34
4204 35
4204 36
4204 37
4204 38
4204 39
4204 40
4204 41
4204 42
4205 0
4205 1
4205 2
4205 3
4205 4
4205 5
4205 6
4205 7
4205 8
4205 9
4205 10
4205 11
4205 12
4205 13
4205 14
4205 15
4205 16
4205 17
4205 18
4205 19
4205 20
4205 21
4205 22
4205 23
4205 24
4205 574
4205 575
4206 0
4206 1
4206 2
4206 3
4206 4
4206 5
4206 556
4206 557
4206 558
4206 559
4206 560
4206 561
4206 562
4206 563
4206 564
4206 565
4206 566
4206 567
4206 568
4206 569
4206 570
4206 571
4206 572
4206 573
4206 574
4206 575
4207 540
4207 541
4207 542
4207 543
4207 544
4207 545
4207 546
4207 547
4207 548
4207 549
4207 550
4207 551
4207 552
4207 553
4207 554
4207 555
4207 556
4207 557
4207 558
4207 559
4207 560
4207 561
4207 562
4208 526
4208 527
4208 528
4208 529
4208 530
4208 531
4208 532
4208 533
4208 534
4208 535
4208 536
4208 537
4208 538
4208 539
4208 540
4208 541
4212 33
4212 34
4212 35
4212 36
4212 37
4212 38
4212 39
4212 40
4212 41
4212 42
4212 43
4212 44
4212 45
4212 46
4212 47
4212 48
4212 49
4212 50
4212 51
4212 52
4212 53
4212 54
4213 12
4213 13
4213 14
4213 15
4213 16
4213 17
4213 18
4213 19
4213 20
4213 21
4213 22
4213 23
4213 24
4213 25
4213 26
4213 27
4213 28
4213 29
4213 30
4213 31
4213 32
4213 33
4213 34
4213 35
4213 36
4213 37
4213 38
4214 0
4214 1
4214 2
4214 3
4214 4
4214 5
4214 6
4214 7
4214 8
4214 9
4214 10
4214 11
4214 12
4214 13
4214 14
4214 15
4214 16
4214 17
4214 18
4214 19
4214 20
4214 569
4214 570
4214 571
4214 572
4214 573
4214 574
4214 575
4215 0
4215 1
4215 552
4215 553
4215 554
4215 555
4215 556
4215 557
4215 558
4215 559
4215 560
4215 561
4215 562
4215 563
4215 564
4215 565
4215 566
4215 567
4215 568
4215 569
4215 570
4215 571
4215 572
4215 573
4215 574
4215 575
4216 537
4216 538
4216 539
4216 540
4216 541
4216 542
4216 543
4216 544
4216 545
4216 546
4216 547
4216 548
4216 549
4216 550
4216 551
4216 552
4216 553
4216 554
4216 555
4216 556
4217 523
4217 524
4217 525
4217 526
4217 527
4217 528
4217 529
4217 530
4217 531
4217 532
4217 533
4217 534
4217 535
4220 52
4220 53
4220 54
4220 55
4220 56
4220 57
4220 58
4220 59
4220 60
4220 61
4220 62
4220 63
4221 28
4221 29
4221 30
4221 31
4221 32
4221 33
4221 34
4221 35
4221 36
4221 37
4221 38
4221 39
4221 40
4221 41
4221 42
4221 43
4221 44
4221 45
4221 46
4221 47
4221 48
4221 49
4221 50
4222 7
4222 8
4222 9
4222 10
4222 11
4222 12
4222 13
4222 14
4222 15
4222 16
4222 17
4222 18
4222 19
4222 20
4222 21
4222 22
4222 23
4222 24
4222 25
4222 26
4222 27
4222 28
4222 29
4222 30
4222 31
4222 32
4222 33
4223 0
4223 1
4223 2
4223 3
4223 4
4223 5
4223 6
4223 7
4223 8
4223 9
4223 10
4223 11
4223 12
4223 13
4223 14
4223 15
4223 565
4223 566
4223 567
4223 568
4223 569
4223 570
4223 571
4223 572
4223 573
4223 574
4223 575
4224 548
4224 549
4224 550
4224 551
4224 552
4224 553
4224 554
4224 555
4224 556
4224 557
4224 558
4224 559
4224 560
4224 561
4224 562
4224 563
4224 564
4224 565
4224 566
4224 567
4224 568
4224 569
4224 570
4224 571
4224 572
4225 533
4225 534
4225 535
4225 536
4225 537
4225 538
4225 539
4225 540
4225 541
4225 542
4225 543
4225 544
4225 545
4225 546
4225 547
4225 548
4225 549
4225 550
4225 551
4226 522
4226 523
4226 524
4226 525
4226 526
4226 527
4229 45
4229 46
4229 47
4229 48
4229 49
4229 50
4229 51
4229 52
4229 53
4229 54
4229 55
4229 56
4229 57
4229 58
4229 59
4229 60
4230 22
4230 23
4230 24
4230 25
4230 26
4230 27
4230 28
4230 29
4230 30
4230 31
4230 32
4230 33
4230 34
4230 35
4230 36
4230 37
4230 38
4230 39
4230 40
4230 41
4230 42
4230 43
4230 44
4230 45
4230 46
4231 3
4231 4
4231 5
4231 6
4231 7
4231 8
4231 9
4231 10
4231 11
4231 12
4231 13
4231 14
4231 15
4231 16
4231 17
4231 18
4231 19
4231 20
4231 21
4231 22
4231 23
4231 24
4231 25
4231 26
4231 27
4231 28
4231 29
4232 0
4232 1
4232 2
4232 3
4232 4
4232 5
4232 6
4232 7
4232 8
4232 9
4232 10
4232 561
4232 562
4232 563
4232 564
4232 565
4232 566
4232 567
4232 568
4232 569
4232 570
4232 571
4232 572
4232 573
4232 574
4232 575
4233 545
4233 546
4233 547
4233 548
4233 549
4233 550
4233 551
4233 552
4233 553
4233 554
4233 555
4233 556
4233 557
4233 558
4233 559
4233 560
4233 561
4233 562
4233 563
4233 564
4233 565
4233 566
4233 567
4234 530
4234 531
4234 532
4234 533
4234 534
4234 535
4234 536
4234 537
4234 538
4234 539
4234 540
4234 541
4234 542
4234 543
4234 544
4234 545
4238 39
4238 40
4238 41
4238 42
4238 43
4238 44
4238 45
4238 46
4238 47
4238 48
4238 49
4238 50
4238 51
4238 52
4238 53
4238 54
4238 55
4238 56
4238 57
4239 17
4239 18
4239 19
4239 20
4239 21
4239 22
4239 23
4239 24
4239 25
4239 26
4239 27
4239 28
4239 29
4239 30
4239 31
4239 32
4239 33
4239 34
4239 35
4239 36
4239 37
4239 38
4239 39
4239 40
4239 41
4239 42
4240 0
4240 1
4240 2
4240 3
4240 4
4240 5
4240 6
4240 7
4240 8
4240 9
4240 10
4240 11
4240 12
4240 13
4240 14
4240 15
4240 16
4240 17
4240 18
4240 19
4240 20
4240 21
4240 22
4240 23
4240 24
4240 25
4240 574
4240 575
4241 0
4241 1
4241 2
4241 3
4241 4
4241 5
4241 6
4241 557
4241 558
4241 559
4241 560
4241 561
4241 562
4241 563
4241 564
4241 565
4241 566
4241 567
4241 568
4241 569
4241 570
4241 571
4241 572
4241 573
4241 574
4241 575
4242 541
4242 542
4242 543
4242 544
4242 545
4242 546
4242 547
4242 548
4242 549
4242 550
4242 551
4242 552
4242 553
4242 554
4242 555
4242 556
4242 557
4242 558
4242 559
4242 560
4242 561
4243 528
4243 529
4243 530
4243 531
4243 532
4243 533
4243 534
4243 535
4243 536
4243 537
4243 538
4243 539
4247 34
4247 35
4247 36
4247 37
4247 38
4247 39
4247 40
4247 41
4247 42
4247 43
4247 44
4247 45
4247 46
4247 47
4247 48
4247 49
4247 50
4247 51
4247 52
4247 53
4247 54
4248 12
4248 13
4248 14
4248 15
4248 16
4248 17
4248 18
4248 19
4248 20
4248 21
4248 22
4248 23
4248 24
4248 25
4248 26
4248 27
4248 28
4248 29
4248 30
4248 31
4248 32
4248 33
4248 34
4248 35
4248 36
4248 37
4248 38
4249 0
4249 1
4249 2
4249 3
4249 4
4249 5
4249 6
4249 7
4249 8
4249 9
4249 10
4249 11
4249 12
4249 13
4249 14
4249 15
4249 16
4249 17
4249 18
4249 19
4249 20
4249 570
4249 571
4249 572
4249 573
4249 574
4249 575
4250 0
4250 1
4250 553
4250 554
4250 555
4250 556
4250 557
4250 558
4250 559
4250 560
4250 561
4250 562
4250 563
4250 564
4250 565
4250 566
4250 567
4250 568
4250 569
4250 570
4250 571
4250 572
4250 573
4250 574
4250 575
4251 538
4251 539
4251 540
4251 541
4251 542
4251 543
4251 544
4251 545
4251 546
4251 547
4251 548
4251 549
4251 550
4251 551
4251 552
4251 553
4251 554
4251 555
4251 556
4252 527
4252 528
4252 529
4252 530
4252 531
4252 532
4255 54
4255 55
4255 56
4255 57
4255 58
4255 59
4255 60
4255 61
4255 62
4256 28
4256 29
4256 30
4256 31
4256 32
4256 33
4256 34
4256 35
4256 36
4256 37
4256 38
4256 39
4256 40
4256 41
4256 42
4256 43
4256 44
4256 45
4256 46
4256 47
4256 48
4256 49
4256 50
4257 8
4257 9
4257 10
4257 11
4257 12
4257 13
4257 14
4257 15
4257 16
4257 17
4257 18
4257 19
4257 20
4257 21
4257 22
4257 23
4257 24
4257 25
4257 26
4257 27
4257 28
4257 29
4257 30
4257 31
4257 32
4257 33
4257 34
4258 0
4258 1
4258 2
4258 3
4258 4
4258 5
4258 6
4258 7
4258 8
4258 9
4258 10
4258 11
4258 12
4258 13
4258 14
4258 15
4258 565
4258 566
4258 567
4258 568
4258 569
4258 570
4258 571
4258 572
4258 573
4258 574
4258 575
4259 549
4259 550
4259 551
4259 552
4259 553
4259 554
4259 555
4259 556
4259 557
4259 558
4259 559
4259 560
4259 561
4259 562
4259 563
4259 564
4259 565
4259 566
4259 567
4259 568
4259 569
4259 570
4259 571
4259 572
4260 535
4260 536
4260 537
4260 538
4260 539
4260 540
4260 541
4260 542
4260 543
4260 544
4260 545
4260 546
4260 547
4260 548
4260 549
4260 550
4264 47
4264 48
4264 49
4264 50
4264 51
4264 52
4264 53
4264 54
4264 55
4264 56
4264 57
4264 58
4264 59
4264 60
4265 23
4265 24
4265 25
4265 26
4265 27
4265 28
4265 29
4265 30
4265 31
4265 32
4265 33
4265 34
4265 35
4265 36
4265 37
4265 38
4265 39
4265 40
4265 41
4265 42
4265 43
4265 44
4265 45
4265 46
4265 47
4266 3
4266 4
4266 5
4266 6
4266 7
4266 8
4266 9
4266 10
4266 11
4266 12
4266 13
4266 14
4266 15
4266 16
4266 17
4266 18
4266 19
4266 20
4266 21
4266 22
4266 23
4266 24
4266 25
4266 26
4266 27
4266 28
4266 29
4267 0
4267 1
4267 2
4267 3
4267 4
4267 5
4267 6
4267 7
4267 8
4267 9
4267 10
4267 11
4267 561
4267 562
4267 563
4267 564
4267 565
4267 566
4267 567
4267 568
4267 569
4267 570
4267 571
4267 572
4267 573
4267 574
4267 575
4268 546
4268 547
4268 548
4268 549
4268 550
4268 551
4268 552
4268 553
4268 554
4268 555
4268 556
4268 557
4268 558
4268 559
4268 560
4268 561
4268 562
4268 563
4268 564
4268 565
4268 566
4269 533
4269 534
4269 535
4269 536
4269 537
4269 538
4269 539
4269 540
4269 541
4269 542
4269 543
4269 544
4273 40
4273 41
4273 42
4273 43
4273 44
4273 45
4273 46
4273 47
4273 48
4273 49
4273 50
4273 51
4273 52
4273 53
4273 54
4273 55
4273 56
4273 57
4274 18
4274 19
4274 20
4274 21
4274 22
4274 23
4274 24
4274 25
4274 26
4274 27
4274 28
4274 29
4274 30
4274 31
4274 32
4274 33
4274 34
4274 35
4274 36
4274 37
4274 38
4274 39
4274 40
4274 41
4274 42
4274 43
4275 0
4275 1
4275 2
4275 3
4275 4
4275 5
4275 6
4275 7
4275 8
4275 9
4275 10
4275 11
4275 12
4275 13
4275 14
4275 15
4275 16
4275 17
4275 18
4275 19
4275 20
4275 21
4275 22
4275 23
4275 24
4275 25
4275 575
4276 0
4276 1
4276 2
4276 3
4276 4
4276 5
4276 6
4276 557
4276 558
4276 559
4276 560
4276 561
4276 562
4276 563
4276 564
4276 565
4276 566
4276 567
4276 568
4276 569
4276 570
4276 571
4276 572
4276 573
4276 574
4276 575
4277 542
4277 543
4277 544
4277 545
4277 546
4277 547
4277 548
4277 549
4277 550
4277 551
4277 552
4277 553
4277 554
4277 555
4277 556
4277 557
4277 558
4277 559
4277 560
4277 561
4278 532
4278 533
4278 534
4278 535
4278 536
4282 34
4282 35
4282 36
4282 37
4282 38
4282 39
4282 40
4282 41
4282 42
4282 43
4282 44
4282 45
4282 46
4282 47
4282 48
4282 49
4282 50
4282 51
4282 52
4282 53
4282 54
4283 13
4283 14
4283 15
4283 16
4283 17
4283 18
4283 19
4283 20
4283 21
4283 22
4283 23
4283 24
4283 25
4283 26
4283 27
4283 28
4283 29
4283 30
4283 31
4283 32
4283 33
4283 34
4283 35
4283 36
4283 37
4283 38
4284 0
4284 1
4284 2
4284 3
4284 4
4284 5
4284 6
4284 7
4284 8
4284 9
4284 10
4284 11
4284 12
4284 13
4284 14
4284 15
4284 16
4284 17
4284 18
4284 19
4284 20
4284 570
4284 571
4284 572
4284 573
4284 574
4284 575
4285 0
4285 1
4285 554
4285 555
4285 556
4285 557
4285 558
4285 559
4285 560
4285 561
4285 562
4285 563
4285 564
4285 565
4285 566
4285 567
4285 568
4285 569
4285 570
4285 571
4285 572
4285 573
4285 574
4285 575
4286 539
4286 540
4286 541
4286 542
4286 543
4286 544
4286 545
4286 546
4286 547
4286 548
4286 549
4286 550
4286 551
4286 552
4286 553
4286 554
4286 555
4290 57
4290 58
4290 59
4291 29
4291 30
4291 31
4291 32
4291 33
4291 34
4291 35
4291 36
4291 37
4291 38
4291 39
4291 40
4291 41
4291 42
4291 43
4291 44
4291 45
4291 46
4291 47
4291 48
4291 49
4291 50
4292 8
4292 9
4292 10
4292 11
4292 12
4292 13
4292 14
4292 15
4292 16
4292 17
4292 18
4292 19
4292 20
4292 21
4292 22
4292 23
4292 24
4292 25
4292 26
4292 27
4292 28
4292 29
4292 30
4292 31
4292 32
4292 33
4292 34
4293 0
4293 1
4293 2
4293 3
4293 4
4293 5
4293 6
4293 7
4293 8
4293 9
4293 10
4293 11
4293 12
4293 13
4293 14
4293 15
4293 566
4293 567
4293 568
4293 569
4293 570
4293 571
4293 572
4293 573
4293 574
4293 575
4294 550
4294 551
4294 552
4294 553
4294 554
4294 555
4294 556
4294 557
4294 558
4294 559
4294 560
4294 561
4294 562
4294 563
4294 564
4294 565
4294 566
4294 567
4294 568
4294 569
4294 570
4294 571
4295 537
4295 538
4295 539
4295 540
4295 541
4295 542
4295 543
4295 544
4295 545
4295 546
4295 547
4295 548
4295 549
4299 48
4299 49
4299 50
4299 51
4299 52
4299 53
4299 54
4299 55
4299 56
4299 57
4299 58
4299 59
4300 24
4300 25
4300 26
4300 27
4300 28
4300 29
4300 30
4300 31
4300 32
4300 33
4300 34
4300 35
4300 36
4300 37
4300 38
4300 39
4300 40
4300 41
4300 42
4300 43
4300 44
4300 45
4300 46
4300 47
4301 4
4301 5
4301 6
4301 7
4301 8
4301 9
4301 10
4301 11
4301 12
4301 13
4301 14
4301 15
4301 16
4301 17
4301 18
4301 19
4301 20
4301 21
4301 22
4301 23
4301 24
4301 25
4301 26
4301 27
4301 28
4301 29
4301 30
4302 0
4302 1
4302 2
4302 3
4302 4
4302 5
4302 6
4302 7
4302 8
4302 9
4302 10
4302 562
4302 563
4302 564
4302 565
4302 566
4302 567
4302 568
4302 569
4302 570
4302 571
4302 572
4302 573
4302 574
4302 575
4303 547
4303 548
4303 549
4303 550
4303 551
4303 552
4303 553
4303 554
4303 555
4303 556
4303 557
4303 558
4303 559
4303 560
4303 561
4303 562
4303 563
4303 564
4303 565
4303 566
4304 536
4304 537
4304 538
4304 539
4304 540
4304 541
4308 41
4308 42
4308 43
4308 44
4308 45
4308 46
4308 47
4308 48
4308 49
4308 50
4308 51
4308 52
4308 53
4308 54
4308 55
4308 56
4308 57
4309 19
4309 20
4309 21
4309 22
4309 23
4309 24
4309 25
4309 26
4309 27
4309 28
4309 29
4309 30
4309 31
4309 32
4309 33
4309 34
4309 35
4309 36
4309 37
4309 38
4309 39
4309 40
4309 41
4309 42
4309 43
4310 0
4310 1
4310 2
4310 3
4310 4
4310 5
4310 6
4310 7
4310 8
4310 9
4310 10
4310 11
4310 12
4310 13
4310 14
4310 15
4310 16
4310 17
4310 18
4310 19
4310 20
4310 21
4310 22
4310 23
4310 24
4310 25
4310 575
4311 0
4311 1
4311 2
4311 3
4311 4
4311 5
4311 558
4311 559
4311 560
4311 561
4311 562
4311 563
4311 564
4311 565
4311 566
4311 567
4311 568
4311 569
4311 570
4311 571
4311 572
4311 573
4311 574
4311 575
4312 544
4312 545
4312 546
4312 547
4312 548
4312 549
4312 550
4312 551
4312 552
4312 553
4312 554
4312 555
4312 556
4312 557
4312 558
4312 559
4312 560
4317 35
4317 36
4317 37
4317 38
4317 39
4317 40
4317 41
4317 42
4317 43
4317 44
4317 45
4317 46
4317 47
4317 48
4317 49
4317 50
4317 51
4317 52
4317 53
4317 54
4318 14
4318 15
4318 16
4318 17
4318 18
4318 19
4318 20
4318 21
4318 22
4318 23
4318 24
4318 25
4318 26
4318 27
4318 28
4318 29
4318 30
4318 31
4318 32
4318 33
4318 34
4318 35
4318 36
4318 37
4318 38
4319 0
4319 1
4319 2
4319 3
4319 4
4319 5
4319 6
4319 7
4319 8
4319 9
4319 10
4319 11
4319 12
4319 13
4319 14
4319 15
4319 16
4319 17
4319 18
4319 19
4319 20
4319 571
4319 572
4319 573
4319 574
4319 575
4320 0
4320 555
4320 556
4320 557
4320 558
4320 559
4320 560
4320 561
4320 562
4320 563
4320 564
4320 565
4320 566
4320 567
4320 568
4320 569
4320 570
4320 571
4320 572
4320 573
4320 574
4320 575
4321 542
4321 543
4321 544
4321 545
4321 546
4321 547
4321 548
4321 549
4321 550
4321 551
4321 552
4321 553
4321 554
4326 30
4326 31
4326 32
4326 33
4326 34
4326 35
4326 36
4326 37
4326 38
4326 39
4326 40
4326 41
4326 42
4326 43
4326 44
4326 45
4326 46
4326 47
4326 48
4326 49
4326 50
4327 9
4327 10
4327 11
4327 12
4327 13
4327 14
4327 15
4327 16
4327 17
4327 18
4327 19
4327 20
4327 21
4327 22
4327 23
4327 24
4327 25
4327 26
4327 27
4327 28
4327 29
4327 30
4327 31
4327 32
4327 33
4327 34
4328 0
4328 1
4328 2
4328 3
4328 4
4328 5
4328 6
4328 7
4328 8
4328 9
4328 10
4328 11
4328 12
4328 13
4328 14
4328 15
4328 567
4328 568
4328 569
4328 570
4328 571
4328 572
4328 573
4328 574
4328 575
4329 551
4329 552
4329 553
4329 554
4329 555
4329 556
4329 557
4329 558
4329 559
4329 560
4329 561
4329 562
4329 563
4329 564
4329 565
4329 566
4329 567
4329 568
4329 569
4329 570
4329 571
4330 541
4330 542
4330 543
4330 544
4330 545
4330 546
4334 50
4334 51
4334 52
4334 53
4334 54
4334 55
4334 56
4334 57
4334 58
4335 24
4335 25
4335 26
4335 27
4335 28
4335 29
4335 30
4335 31
4335 32
4335 33
4335 34
4335 35
4335 36
4335 37
4335 38
4335 39
4335 40
4335 41
4335 42
4335 43
4335 44
4335 45
4335 46
4336 4
4336 5
4336 6
4336 7
4336 8
4336 9
4336 10
4336 11
4336 12
4336 13
4336 14
4336 15
4336 16
4336 17
4336 18
4336 19
4336 20
4336 21
4336 22
4336 23
4336 24
4336 25
4336 26
4336 27
4336 28
4336 29
4337 0
4337 1
4337 2
4337 3
4337 4
4337 5
4337 6
4337 7
4337 8
4337 9
4337 10
4337 563
4337 564
4337 565
4337 566
4337 567
4337 568
4337 569
4337 570
4337 571
4337 572
4337 573
4337 574
4337 575
4338 548
4338 549
4338 550
4338 551
4338 552
4338 553
4338 554
4338 555
4338 556
4338 557
4338 558
4338 559
4338 560
4338 561
4338 562
4338 563
4338 564
4338 565
4343 43
4343 44
4343 45
4343 46
4343 47
4343 48
4343 49
4343 50
4343 51
4343 52
4343 53
4343 54
4343 55
4343 56
4344 19
4344 20
4344 21
4344 22
4344 23
4344 24
4344 25
4344 26
4344 27
4344 28
4344 29
4344 30
4344 31
4344 32
4344 33
4344 34
4344 35
4344 36
4344 37
4344 38
4344 39
4344 40
4344 41
4344 42
4345 0
4345 1
4345 2
4345 3
4345 4
4345 5
4345 6
4345 7
4345 8
4345 9
4345 10
4345 11
4345 12
4345 13
4345 14
4345 15
4345 16
4345 17
4345 18
4345 19
4345 20
4345 21
4345 22
4345 23
4345 24
4345 25
4346 0
4346 1
4346 2
4346 3
4346 4
4346 5
4346 559
4346 560
4346 561
4346 562
4346 563
4346 564
4346 565
4346 566
4346 567
4346 568
4346 569
4346 570
4346 571
4346 572
4346 573
4346 574
4346 575
4347 546
4347 547
4347 548
4347 549
4347 550
4347 551
4347 552
4347 553
4347 554
4347 555
4347 556
4347 557
4347 558
4352 37
4352 38
4352 39
4352 40
4352 41
4352 42
4352 43
4352 44
4352 45
4352 46
4352 47
4352 48
4352 49
4352 50
4352 51
4352 52
4352 53
4353 14
4353 15
4353 16
4353 17
4353 18
4353 19
4353 20
4353 21
4353 22
4353 23
4353 24
4353 25
4353 26
4353 27
4353 28
4353 29
4353 30
4353 31
4353 32
4353 33
4353 34
4353 35
4353 36
4353 37
4353 38
4354 0
4354 1
4354 2
4354 3
4354 4
4354 5
4354 6
4354 7
4354 8
4354 9
4354 10
4354 11
4354 12
4354 13
4354 14
4354 15
4354 16
4354 17
4354 18
4354 19
4354 20
4354 572
4354 573
4354 574
4354 575
4355 556
4355 557
4355 558
4355 559
4355 560
4355 561
4355 562
4355 563
4355 564
4355 565
4355 566
4355 567
4355 568
4355 569
4355 570
4355 571
4355 572
4355 573
4355 574
4355 575
4356 545
4356 546
4356 547
4356 548
4356 549
4356 550
4361 31
4361 32
4361 33
4361 34
4361 35
4361 36
4361 37
4361 38
4361 39
4361 40
4361 41
4361 42
4361 43
4361 44
4361 45
4361 46
4361 47
4361 48
4361 49
4361 50
4362 10
4362 11
4362 12
4362 13
4362 14
4362 15
4362 16
4362 17
4362 18
4362 19
4362 20
4362 21
4362 22
4362 23
4362 24
4362 25
4362 26
4362 27
4362 28
4362 29
4362 30
4362 31
4362 32
4362 33
4362 34
4363 0
4363 1
4363 2
4363 3
4363 4
4363 5
4363 6
4363 7
4363 8
4363 9
4363 10
4363 11
4363 12
4363 13
4363 14
4363 15
4363 568
4363 569
4363 570
4363 571
4363 572
4363 573
4363 574
4363 575
4364 553
4364 554
4364 555
4364 556
4364 557
4364 558
4364 559
4364 560
4364 561
4364 562
4364 563
4364 564
4364 565
4364 566
4364 567
4364 568
4364 569
4370 25
4370 26
4370 27
4370 28
4370 29
4370 30
4370 31
4370 32
4370 33
4370 34
4370 35
4370 36
4370 37
4370 38
4370 39
4370 40
4370 41
4370 42
4370 43
4370 44
4370 45
4370 46
4371 5
4371 6
4371 7
4371 8
4371 9
4371 10
4371 11
4371 12
4371 13
4371 14
4371 15
4371 16
4371 17
4371 18
4371 19
4371 20
4371 21
4371 22
4371 23
4371 24
4371 25
4371 26
4371 27
4371 28
4371 29
4372 0
4372 1
4372 2
4372 3
4372 4
4372 5
4372 6
4372 7
4372 8
4372 9
4372 564
4372 565
4372 566
4372 567
4372 568
4372 569
4372 570
4372 571
4372 572
4372 573
4372 574
4372 575
4373 551
4373 552
4373 553
4373 554
4373 555
4373 556
4373 557
4373 558
4373 559
4373 560
4373 561
4373 562
4373 563
4378 45
4378 46
4378 47
4378 48
4378 49
4378 50
4378 51
4378 52
4378 53
4378 54
4378 55
4379 20
4379 21
4379 22
4379 23
4379 24
4379 25
4379 26
4379 27
4379 28
4379 29
4379 30
4379 31
4379 32
4379 33
4379 34
4379 35
4379 36
4379 37
4379 38
4379 39
4379 40
4379 41
4379 42
4380 1
4380 2
4380 3
4380 4
4380 5
4380 6
4380 7
4380 8
4380 9
4380 10
4380 11
4380 12
4380 13
4380 14
4380 15
4380 16
4380 17
4380 18
4380 19
4380 20
4380 21
4380 22
4380 23
4380 24
4381 0
4381 1
4381 2
4381 3
4381 4
4381 561
4381 562
4381 563
4381 564
4381 565
4381 566
4381 567
4381 568
4381 569
4381 570
4381 571
4381 572
4381 573
4381 574
4381 575
4382 550
4382 551
4382 552
4382 553
4382 554
4382 555
