0 202
0 203
0 204
0 205
0 206
0 207
0 208
0 209
0 210
0 211
0 212
0 213
0 214
0 215
0 216
0 217
0 218
0 219
0 220
0 221
0 222
0 223
0 224
0 225
0 226
0 227
0 228
0 229
0 230
0 231
0 232
0 233
0 234
0 235
0 236
0 237
0 238
0 239
0 240
0 241
0 242
0 243
1 193
1 194
1 195
1 196
1 197
1 198
1 199
1 200
1 201
1 202
1 203
1 204
1 205
1 206
1 207
1 208
1 209
1 210
1 211
1 212
1 213
1 214
1 215
1 216
1 217
1 218
1 219
1 220
1 221
1 222
1 223
1 224
1 225
1 226
1 227
1 228
1 229
1 230
1 231
2 185
2 186
2 187
2 188
2 189
2 190
2 191
2 192
2 193
2 194
2 195
2 196
2 197
2 198
2 199
2 200
2 201
2 202
2 203
2 204
2 205
2 206
2 207
2 208
2 209
2 210
2 211
2 212
2 213
2 214
2 215
2 216
2 217
3 179
3 180
3 181
3 182
3 183
3 184
3 185
3 186
3 187
3 188
3 189
3 190
3 191
3 192
3 193
3 194
3 195
3 196
3 197
3 198
3 199
3 200
3 201
3 202
4 178
4 179
4 180
4 181
4 182
4 183
9 277
9 278
9 279
9 280
9 281
9 282
9 283
9 284
9 285
9 286
9 287
9 288
9 289
9 290
9 291
9 292
10 259
10 260
10 261
10 262
10 263
10 264
10 265
10 266
10 267
10 268
10 269
10 270
10 271
10 272
10 273
10 274
10 275
10 276
10 277
10 278
10 279
10 280
10 281
10 282
10 283
10 284
10 285
10 286
10 287
10 288
10 289
11 244
11 245
11 246
11 247
11 248
11 249
11 250
11 251
11 252
11 253
11 254
11 255
11 256
11 257
11 258
11 259
11 260
11 261
11 262
11 263
11 264
11 265
11 266
11 267
11 268
11 269
11 270
11 271
11 272
11 273
11 274
11 275
11 276
11 277
11 278
11 279
11 280
11 281
11 282
12 231
12 232
12 233
12 234
12 235
12 236
12 237
12 238
12 239
12 240
12 241
12 242
12 243
12 244
12 245
12 246
12 247
12 248
12 249
12 250
12 251
12 252
12 253
12 254
12 255
12 256
12 257
12 258
12 259
12 260
12 261
12 262
12 263
12 264
12 265
12 266
12 267
12 268
12 269
12 270
12 271
12 272
12 273
13 219
13 220
13 221
13 222
13 223
13 224
13 225
13 226
13 227
13 228
13 229
13 230
13 231
13 232
13 233
13 234
13 235
13 236
13 237
13 238
13 239
13 240
13 241
13 242
13 243
13 244
13 245
13 246
13 247
13 248
13 249
13 250
13 251
13 252
13 253
13 254
13 255
13 256
13 257
13 258
13 259
13 260
13 261
13 262
13 263
14 208
14 209
14 210
14 211
14 212
14 213
14 214
14 215
14 216
14 217
14 218
14 219
14 220
14 221
14 222
14 223
14 224
14 225
14 226
14 227
14 228
14 229
14 230
14 231
14 232
14 233
14 234
14 235
14 236
14 237
14 238
14 239
14 240
14 241
14 242
14 243
14 244
14 245
14 246
14 247
14 248
14 249
14 250
14 251
15 198
15 199
15 200
15 201
15 202
15 203
15 204
15 205
15 206
15 207
15 208
15 209
15 210
15 211
15 212
15 213
15 214
15 215
15 216
15 217
15 218
15 219
15 220
15 221
15 222
15 223
15 224
15 225
15 226
15 227
15 228
15 229
15 230
15 231
15 232
15 233
15 234
15 235
15 236
15 237
15 238
15 239
16 190
16 191
16 192
16 193
16 194
16 195
16 196
16 197
16 198
16 199
16 200
16 201
16 202
16 203
16 204
16 205
16 206
16 207
16 208
16 209
16 210
16 211
16 212
16 213
16 214
16 215
16 216
16 217
16 218
16 219
16 220
16 221
16 222
16 223
16 224
16 225
16 226
17 182
17 183
17 184
17 185
17 186
17 187
17 188
17 189
17 190
17 191
17 192
17 193
17 194
17 195
17 196
17 197
17 198
17 199
17 200
17 201
17 202
17 203
17 204
17 205
17 206
17 207
17 208
17 209
17 210
17 211
17 212
18 177
18 178
18 179
18 180
18 181
18 182
18 183
18 184
18 185
18 186
18 187
18 188
18 189
18 190
18 191
18 192
18 193
18 194
18 195
18 196
18 197
24 270
24 271
24 272
24 273
24 274
24 275
24 276
24 277
24 278
24 279
24 280
24 281
24 282
24 283
24 284
24 285
24 286
24 287
24 288
24 289
24 290
24 291
24 292
25 254
25 255
25 256
25 257
25 258
25 259
25 260
25 261
25 262
25 263
25 264
25 265
25 266
25 267
25 268
25 269
25 270
25 271
25 272
25 273
25 274
25 275
25 276
25 277
25 278
25 279
25 280
25 281
25 282
25 283
25 284
25 285
25 286
25 287
26 240
26 241
26 242
26 243
26 244
26 245
26 246
26 247
26 248
26 249
26 250
26 251
26 252
26 253
26 254
26 255
26 256
26 257
26 258
26 259
26 260
26 261
26 262
26 263
26 264
26 265
26 266
26 267
26 268
26 269
26 270
26 271
26 272
26 273
26 274
26 275
26 276
26 277
26 278
26 279
27 227
27 228
27 229
27 230
27 231
27 232
27 233
27 234
27 235
27 236
27 237
27 238
27 239
27 240
27 241
27 242
27 243
27 244
27 245
27 246
27 247
27 248
27 249
27 250
27 251
27 252
27 253
27 254
27 255
27 256
27 257
27 258
27 259
27 260
27 261
27 262
27 263
27 264
27 265
27 266
27 267
27 268
27 269
27 270
28 215
28 216
28 217
28 218
28 219
28 220
28 221
28 222
28 223
28 224
28 225
28 226
28 227
28 228
28 229
28 230
28 231
28 232
28 233
28 234
28 235
28 236
28 237
28 238
28 239
28 240
28 241
28 242
28 243
28 244
28 245
28 246
28 247
28 248
28 249
28 250
28 251
28 252
28 253
28 254
28 255
28 256
28 257
28 258
28 259
29 204
29 205
29 206
29 207
29 208
29 209
29 210
29 211
29 212
29 213
29 214
29 215
29 216
29 217
29 218
29 219
29 220
29 221
29 222
29 223
29 224
29 225
29 226
29 227
29 228
29 229
29 230
29 231
29 232
29 233
29 234
29 235
29 236
29 237
29 238
29 239
29 240
29 241
29 242
29 243
29 244
29 245
29 246
29 247
30 195
30 196
30 197
30 198
30 199
30 200
30 201
30 202
30 203
30 204
30 205
30 206
30 207
30 208
30 209
30 210
30 211
30 212
30 213
30 214
30 215
30 216
30 217
30 218
30 219
30 220
30 221
30 222
30 223
30 224
30 225
30 226
30 227
30 228
30 229
30 230
30 231
30 232
30 233
30 234
30 235
31 186
31 187
31 188
31 189
31 190
31 191
31 192
31 193
31 194
31 195
31 196
31 197
31 198
31 199
31 200
31 201
31 202
31 203
31 204
31 205
31 206
31 207
31 208
31 209
31 210
31 211
31 212
31 213
31 214
31 215
31 216
31 217
31 218
31 219
31 220
31 221
32 179
32 180
32 181
32 182
32 183
32 184
32 185
32 186
32 187
32 188
32 189
32 190
32 191
32 192
32 193
32 194
32 195
32 196
32 197
32 198
32 199
32 200
32 201
32 202
32 203
32 204
32 205
32 206
32 207
33 175
33 176
33 177
33 178
33 179
33 180
33 181
33 182
33 183
33 184
33 185
33 186
33 187
33 188
33 189
33 190
33 191
38 286
38 287
38 288
38 289
38 290
39 264
39 265
39 266
39 267
39 268
39 269
39 270
39 271
39 272
39 273
39 274
39 275
39 276
39 277
39 278
39 279
39 280
39 281
39 282
39 283
39 284
39 285
39 286
39 287
39 288
39 289
39 290
39 291
40 249
40 250
40 251
40 252
40 253
40 254
40 255
40 256
40 257
40 258
40 259
40 260
40 261
40 262
40 263
40 264
40 265
40 266
40 267
40 268
40 269
40 270
40 271
40 272
40 273
40 274
40 275
40 276
40 277
40 278
40 279
40 280
40 281
40 282
40 283
40 284
40 285
41 235
41 236
41 237
41 238
41 239
41 240
41 241
41 242
41 243
41 244
41 245
41 246
41 247
41 248
41 249
41 250
41 251
41 252
41 253
41 254
41 255
41 256
41 257
41 258
41 259
41 260
41 261
41 262
41 263
41 264
41 265
41 266
41 267
41 268
41 269
41 270
41 271
41 272
41 273
41 274
41 275
41 276
42 222
42 223
42 224
42 225
42 226
42 227
42 228
42 229
42 230
42 231
42 232
42 233
42 234
42 235
42 236
42 237
42 238
42 239
42 240
42 241
42 242
42 243
42 244
42 245
42 246
42 247
42 248
42 249
42 250
42 251
42 252
42 253
42 254
42 255
42 256
42 257
42 258
42 259
42 260
42 261
42 262
42 263
42 264
42 265
42 266
43 211
43 212
43 213
43 214
43 215
43 216
43 217
43 218
43 219
43 220
43 221
43 222
43 223
43 224
43 225
43 226
43 227
43 228
43 229
43 230
43 231
43 232
43 233
43 234
43 235
43 236
43 237
43 238
43 239
43 240
43 241
43 242
43 243
43 244
43 245
43 246
43 247
43 248
43 249
43 250
43 251
43 252
43 253
43 254
43 255
44 201
44 202
44 203
44 204
44 205
44 206
44 207
44 208
44 209
44 210
44 211
44 212
44 213
44 214
44 215
44 216
44 217
44 218
44 219
44 220
44 221
44 222
44 223
44 224
44 225
44 226
44 227
44 228
44 229
44 230
44 231
44 232
44 233
44 234
44 235
44 236
44 237
44 238
44 239
44 240
44 241
44 242
44 243
45 191
45 192
45 193
45 194
45 195
45 196
45 197
45 198
45 199
45 200
45 201
45 202
45 203
45 204
45 205
45 206
45 207
45 208
45 209
45 210
45 211
45 212
45 213
45 214
45 215
45 216
45 217
45 218
45 219
45 220
45 221
45 222
45 223
45 224
45 225
45 226
45 227
45 228
45 229
45 230
46 183
46 184
46 185
46 186
46 187
46 188
46 189
46 190
46 191
46 192
46 193
46 194
46 195
46 196
46 197
46 198
46 199
46 200
46 201
46 202
46 203
46 204
46 205
46 206
46 207
46 208
46 209
46 210
46 211
46 212
46 213
46 214
46 215
46 216
46 217
47 177
47 178
47 179
47 180
47 181
47 182
47 183
47 184
47 185
47 186
47 187
47 188
47 189
47 190
47 191
47 192
47 193
47 194
47 195
47 196
47 197
47 198
47 199
47 200
47 201
47 202
48 174
48 175
48 176
48 177
48 178
48 179
48 180
48 181
48 182
48 183
48 184
48 185
53 276
53 277
53 278
53 279
53 280
53 281
53 282
53 283
53 284
53 285
53 286
53 287
53 288
53 289
53 290
53 291
53 292
53 293
54 258
54 259
54 260
54 261
54 262
54 263
54 264
54 265
54 266
54 267
54 268
54 269
54 270
54 271
54 272
54 273
54 274
54 275
54 276
54 277
54 278
54 279
54 280
54 281
54 282
54 283
54 284
54 285
54 286
54 287
54 288
54 289
55 244
55 245
55 246
55 247
55 248
55 249
55 250
55 251
55 252
55 253
55 254
55 255
55 256
55 257
55 258
55 259
55 260
55 261
55 262
55 263
55 264
55 265
55 266
55 267
55 268
55 269
55 270
55 271
55 272
55 273
55 274
55 275
55 276
55 277
55 278
55 279
55 280
55 281
55 282
56 230
56 231
56 232
56 233
56 234
56 235
56 236
56 237
56 238
56 239
56 240
56 241
56 242
56 243
56 244
56 245
56 246
56 247
56 248
56 249
56 250
56 251
56 252
56 253
56 254
56 255
56 256
56 257
56 258
56 259
56 260
56 261
56 262
56 263
56 264
56 265
56 266
56 267
56 268
56 269
56 270
56 271
56 272
56 273
57 218
57 219
57 220
57 221
57 222
57 223
57 224
57 225
57 226
57 227
57 228
57 229
57 230
57 231
57 232
57 233
57 234
57 235
57 236
57 237
57 238
57 239
57 240
57 241
57 242
57 243
57 244
57 245
57 246
57 247
57 248
57 249
57 250
57 251
57 252
57 253
57 254
57 255
57 256
57 257
57 258
57 259
57 260
57 261
57 262
58 207
58 208
58 209
58 210
58 211
58 212
58 213
58 214
58 215
58 216
58 217
58 218
58 219
58 220
58 221
58 222
58 223
58 224
58 225
58 226
58 227
58 228
58 229
58 230
58 231
58 232
58 233
58 234
58 235
58 236
58 237
58 238
58 239
58 240
58 241
58 242
58 243
58 244
58 245
58 246
58 247
58 248
58 249
58 250
58 251
59 197
59 198
59 199
59 200
59 201
59 202
59 203
59 204
59 205
59 206
59 207
59 208
59 209
59 210
59 211
59 212
59 213
59 214
59 215
59 216
59 217
59 218
59 219
59 220
59 221
59 222
59 223
59 224
59 225
59 226
59 227
59 228
59 229
59 230
59 231
59 232
59 233
59 234
59 235
59 236
59 237
59 238
59 239
60 188
60 189
60 190
60 191
60 192
60 193
60 194
60 195
60 196
60 197
60 198
60 199
60 200
60 201
60 202
60 203
60 204
60 205
60 206
60 207
60 208
60 209
60 210
60 211
60 212
60 213
60 214
60 215
60 216
60 217
60 218
60 219
60 220
60 221
60 222
60 223
60 224
60 225
60 226
61 180
61 181
61 182
61 183
61 184
61 185
61 186
61 187
61 188
61 189
61 190
61 191
61 192
61 193
61 194
61 195
61 196
61 197
61 198
61 199
61 200
61 201
61 202
61 203
61 204
61 205
61 206
61 207
61 208
61 209
61 210
61 211
61 212
62 174
62 175
62 176
62 177
62 178
62 179
62 180
62 181
62 182
62 183
62 184
62 185
62 186
62 187
62 188
62 189
62 190
62 191
62 192
62 193
62 194
62 195
62 196
62 197
68 270
68 271
68 272
68 273
68 274
68 275
68 276
68 277
68 278
68 279
68 280
68 281
68 282
68 283
68 284
68 285
68 286
68 287
68 288
68 289
68 290
68 291
68 292
69 253
69 254
69 255
69 256
69 257
69 258
69 259
69 260
69 261
69 262
69 263
69 264
69 265
69 266
69 267
69 268
69 269
69 270
69 271
69 272
69 273
69 274
69 275
69 276
69 277
69 278
69 279
69 280
69 281
69 282
69 283
69 284
69 285
69 286
69 287
70 239
70 240
70 241
70 242
70 243
70 244
70 245
70 246
70 247
70 248
70 249
70 250
70 251
70 252
70 253
70 254
70 255
70 256
70 257
70 258
70 259
70 260
70 261
70 262
70 263
70 264
70 265
70 266
70 267
70 268
70 269
70 270
70 271
70 272
70 273
70 274
70 275
70 276
70 277
70 278
70 279
71 226
71 227
71 228
71 229
71 230
71 231
71 232
71 233
71 234
71 235
71 236
71 237
71 238
71 239
71 240
71 241
71 242
71 243
71 244
71 245
71 246
71 247
71 248
71 249
71 250
71 251
71 252
71 253
71 254
71 255
71 256
71 257
71 258
71 259
71 260
71 261
71 262
71 263
71 264
71 265
71 266
71 267
71 268
71 269
71 270
72 214
72 215
72 216
72 217
72 218
72 219
72 220
72 221
72 222
72 223
72 224
72 225
72 226
72 227
72 228
72 229
72 230
72 231
72 232
72 233
72 234
72 235
72 236
72 237
72 238
72 239
72 240
72 241
72 242
72 243
72 244
72 245
72 246
72 247
72 248
72 249
72 250
72 251
72 252
72 253
72 254
72 255
72 256
72 257
72 258
72 259
73 203
73 204
73 205
73 206
73 207
73 208
73 209
73 210
73 211
73 212
73 213
73 214
73 215
73 216
73 217
73 218
73 219
73 220
73 221
73 222
73 223
73 224
73 225
73 226
73 227
73 228
73 229
73 230
73 231
73 232
73 233
73 234
73 235
73 236
73 237
73 238
73 239
73 240
73 241
73 242
73 243
73 244
73 245
73 246
73 247
74 193
74 194
74 195
74 196
74 197
74 198
74 199
74 200
74 201
74 202
74 203
74 204
74 205
74 206
74 207
74 208
74 209
74 210
74 211
74 212
74 213
74 214
74 215
74 216
74 217
74 218
74 219
74 220
74 221
74 222
74 223
74 224
74 225
74 226
74 227
74 228
74 229
74 230
74 231
74 232
74 233
74 234
75 185
75 186
75 187
75 188
75 189
75 190
75 191
75 192
75 193
75 194
75 195
75 196
75 197
75 198
75 199
75 200
75 201
75 202
75 203
75 204
75 205
75 206
75 207
75 208
75 209
75 210
75 211
75 212
75 213
75 214
75 215
75 216
75 217
75 218
75 219
75 220
75 221
76 177
76 178
76 179
76 180
76 181
76 182
76 183
76 184
76 185
76 186
76 187
76 188
76 189
76 190
76 191
76 192
76 193
76 194
76 195
76 196
76 197
76 198
76 199
76 200
76 201
76 202
76 203
76 204
76 205
76 206
76 207
77 172
77 173
77 174
77 175
77 176
77 177
77 178
77 179
77 180
77 181
77 182
77 183
77 184
77 185
77 186
77 187
77 188
77 189
77 190
77 191
82 286
82 287
82 288
82 289
82 290
83 264
83 265
83 266
83 267
83 268
83 269
83 270
83 271
83 272
83 273
83 274
83 275
83 276
83 277
83 278
83 279
83 280
83 281
83 282
83 283
83 284
83 285
83 286
83 287
83 288
83 289
83 290
83 291
84 248
84 249
84 250
84 251
84 252
84 253
84 254
84 255
84 256
84 257
84 258
84 259
84 260
84 261
84 262
84 263
84 264
84 265
84 266
84 267
84 268
84 269
84 270
84 271
84 272
84 273
84 274
84 275
84 276
84 277
84 278
84 279
84 280
84 281
84 282
84 283
84 284
84 285
85 234
85 235
85 236
85 237
85 238
85 239
85 240
85 241
85 242
85 243
85 244
85 245
85 246
85 247
85 248
85 249
85 250
85 251
85 252
85 253
85 254
85 255
85 256
85 257
85 258
85 259
85 260
85 261
85 262
85 263
85 264
85 265
85 266
85 267
85 268
85 269
85 270
85 271
85 272
85 273
85 274
85 275
85 276
86 222
86 223
86 224
86 225
86 226
86 227
86 228
86 229
86 230
86 231
86 232
86 233
86 234
86 235
86 236
86 237
86 238
86 239
86 240
86 241
86 242
86 243
86 244
86 245
86 246
86 247
86 248
86 249
86 250
86 251
86 252
86 253
86 254
86 255
86 256
86 257
86 258
86 259
86 260
86 261
86 262
86 263
86 264
86 265
86 266
87 210
87 211
87 212
87 213
87 214
87 215
87 216
87 217
87 218
87 219
87 220
87 221
87 222
87 223
87 224
87 225
87 226
87 227
87 228
87 229
87 230
87 231
87 232
87 233
87 234
87 235
87 236
87 237
87 238
87 239
87 240
87 241
87 242
87 243
87 244
87 245
87 246
87 247
87 248
87 249
87 250
87 251
87 252
87 253
87 254
87 255
88 199
88 200
88 201
88 202
88 203
88 204
88 205
88 206
88 207
88 208
88 209
88 210
88 211
88 212
88 213
88 214
88 215
88 216
88 217
88 218
88 219
88 220
88 221
88 222
88 223
88 224
88 225
88 226
88 227
88 228
88 229
88 230
88 231
88 232
88 233
88 234
88 235
88 236
88 237
88 238
88 239
88 240
88 241
88 242
88 243
89 190
89 191
89 192
89 193
89 194
89 195
89 196
89 197
89 198
89 199
89 200
89 201
89 202
89 203
89 204
89 205
89 206
89 207
89 208
89 209
89 210
89 211
89 212
89 213
89 214
89 215
89 216
89 217
89 218
89 219
89 220
89 221
89 222
89 223
89 224
89 225
89 226
89 227
89 228
89 229
89 230
90 181
90 182
90 183
90 184
90 185
90 186
90 187
90 188
90 189
90 190
90 191
90 192
90 193
90 194
90 195
90 196
90 197
90 198
90 199
90 200
90 201
90 202
90 203
90 204
90 205
90 206
90 207
90 208
90 209
90 210
90 211
90 212
90 213
90 214
90 215
90 216
91 175
91 176
91 177
91 178
91 179
91 180
91 181
91 182
91 183
91 184
91 185
91 186
91 187
91 188
91 189
91 190
91 191
91 192
91 193
91 194
91 195
91 196
91 197
91 198
91 199
91 200
91 201
92 170
92 171
92 172
92 173
92 174
92 175
92 176
92 177
92 178
92 179
92 180
92 181
92 182
92 183
92 184
92 185
97 277
97 278
97 279
97 280
97 281
97 282
97 283
97 284
97 285
97 286
97 287
97 288
97 289
97 290
97 291
97 292
97 293
98 258
98 259
98 260
98 261
98 262
98 263
98 264
98 265
98 266
98 267
98 268
98 269
98 270
98 271
98 272
98 273
98 274
98 275
98 276
98 277
98 278
98 279
98 280
98 281
98 282
98 283
98 284
98 285
98 286
98 287
98 288
98 289
99 243
99 244
99 245
99 246
99 247
99 248
99 249
99 250
99 251
99 252
99 253
99 254
99 255
99 256
99 257
99 258
99 259
99 260
99 261
99 262
99 263
99 264
99 265
99 266
99 267
99 268
99 269
99 270
99 271
99 272
99 273
99 274
99 275
99 276
99 277
99 278
99 279
99 280
99 281
99 282
100 230
100 231
100 232
100 233
100 234
100 235
100 236
100 237
100 238
100 239
100 240
100 241
100 242
100 243
100 244
100 245
100 246
100 247
100 248
100 249
100 250
100 251
100 252
100 253
100 254
100 255
100 256
100 257
100 258
100 259
100 260
100 261
100 262
100 263
100 264
100 265
100 266
100 267
100 268
100 269
100 270
100 271
100 272
100 273
101 217
101 218
101 219
101 220
101 221
101 222
101 223
101 224
101 225
101 226
101 227
101 228
101 229
101 230
101 231
101 232
101 233
101 234
101 235
101 236
101 237
101 238
101 239
101 240
101 241
101 242
101 243
101 244
101 245
101 246
101 247
101 248
101 249
101 250
101 251
101 252
101 253
101 254
101 255
101 256
101 257
101 258
101 259
101 260
101 261
101 262
102 206
102 207
102 208
102 209
102 210
102 211
102 212
102 213
102 214
102 215
102 216
102 217
102 218
102 219
102 220
102 221
102 222
102 223
102 224
102 225
102 226
102 227
102 228
102 229
102 230
102 231
102 232
102 233
102 234
102 235
102 236
102 237
102 238
102 239
102 240
102 241
102 242
102 243
102 244
102 245
102 246
102 247
102 248
102 249
102 250
102 251
103 196
103 197
103 198
103 199
103 200
103 201
103 202
103 203
103 204
103 205
103 206
103 207
103 208
103 209
103 210
103 211
103 212
103 213
103 214
103 215
103 216
103 217
103 218
103 219
103 220
103 221
103 222
103 223
103 224
103 225
103 226
103 227
103 228
103 229
103 230
103 231
103 232
103 233
103 234
103 235
103 236
103 237
103 238
104 186
104 187
104 188
104 189
104 190
104 191
104 192
104 193
104 194
104 195
104 196
104 197
104 198
104 199
104 200
104 201
104 202
104 203
104 204
104 205
104 206
104 207
104 208
104 209
104 210
104 211
104 212
104 213
104 214
104 215
104 216
104 217
104 218
104 219
104 220
104 221
104 222
104 223
104 224
104 225
105 178
105 179
105 180
105 181
105 182
105 183
105 184
105 185
105 186
105 187
105 188
105 189
105 190
105 191
105 192
105 193
105 194
105 195
105 196
105 197
105 198
105 199
105 200
105 201
105 202
105 203
105 204
105 205
105 206
105 207
105 208
105 209
105 210
105 211
106 172
106 173
106 174
106 175
106 176
106 177
106 178
106 179
106 180
106 181
106 182
106 183
106 184
106 185
106 186
106 187
106 188
106 189
106 190
106 191
106 192
106 193
106 194
106 195
106 196
107 170
107 171
107 172
107 173
107 174
107 175
107 176
107 177
112 270
112 271
112 272
112 273
112 274
112 275
112 276
112 277
112 278
112 279
112 280
112 281
112 282
112 283
112 284
112 285
112 286
112 287
112 288
112 289
112 290
112 291
112 292
113 253
113 254
113 255
113 256
113 257
113 258
113 259
113 260
113 261
113 262
113 263
113 264
113 265
113 266
113 267
113 268
113 269
113 270
113 271
113 272
113 273
113 274
113 275
113 276
113 277
113 278
113 279
113 280
113 281
113 282
113 283
113 284
113 285
113 286
113 287
114 239
114 240
114 241
114 242
114 243
114 244
114 245
114 246
114 247
114 248
114 249
114 250
114 251
114 252
114 253
114 254
114 255
114 256
114 257
114 258
114 259
114 260
114 261
114 262
114 263
114 264
114 265
114 266
114 267
114 268
114 269
114 270
114 271
114 272
114 273
114 274
114 275
114 276
114 277
114 278
114 279
115 226
115 227
115 228
115 229
115 230
115 231
115 232
115 233
115 234
115 235
115 236
115 237
115 238
115 239
115 240
115 241
115 242
115 243
115 244
115 245
115 246
115 247
115 248
115 249
115 250
115 251
115 252
115 253
115 254
115 255
115 256
115 257
115 258
115 259
115 260
115 261
115 262
115 263
115 264
115 265
115 266
115 267
115 268
115 269
116 213
116 214
116 215
116 216
116 217
116 218
116 219
116 220
116 221
116 222
116 223
116 224
116 225
116 226
116 227
116 228
116 229
116 230
116 231
116 232
116 233
116 234
116 235
116 236
116 237
116 238
116 239
116 240
116 241
116 242
116 243
116 244
116 245
116 246
116 247
116 248
116 249
116 250
116 251
116 252
116 253
116 254
116 255
116 256
116 257
116 258
117 202
117 203
117 204
117 205
117 206
117 207
117 208
117 209
117 210
117 211
117 212
117 213
117 214
117 215
117 216
117 217
117 218
117 219
117 220
117 221
117 222
117 223
117 224
117 225
117 226
117 227
117 228
117 229
117 230
117 231
117 232
117 233
117 234
117 235
117 236
117 237
117 238
117 239
117 240
117 241
117 242
117 243
117 244
117 245
117 246
118 192
118 193
118 194
118 195
118 196
118 197
118 198
118 199
118 200
118 201
118 202
118 203
118 204
118 205
118 206
118 207
118 208
118 209
118 210
118 211
118 212
118 213
118 214
118 215
118 216
118 217
118 218
118 219
118 220
118 221
118 222
118 223
118 224
118 225
118 226
118 227
118 228
118 229
118 230
118 231
118 232
118 233
119 183
119 184
119 185
119 186
119 187
119 188
119 189
119 190
119 191
119 192
119 193
119 194
119 195
119 196
119 197
119 198
119 199
119 200
119 201
119 202
119 203
119 204
119 205
119 206
119 207
119 208
119 209
119 210
119 211
119 212
119 213
119 214
119 215
119 216
119 217
119 218
119 219
119 220
120 175
120 176
120 177
120 178
120 179
120 180
120 181
120 182
120 183
120 184
120 185
120 186
120 187
120 188
120 189
120 190
120 191
120 192
120 193
120 194
120 195
120 196
120 197
120 198
120 199
120 200
120 201
120 202
120 203
120 204
120 205
120 206
121 170
121 171
121 172
121 173
121 174
121 175
121 176
121 177
121 178
121 179
121 180
121 181
121 182
121 183
121 184
121 185
121 186
121 187
121 188
121 189
121 190
127 264
127 265
127 266
127 267
127 268
127 269
127 270
127 271
127 272
127 273
127 274
127 275
127 276
127 277
127 278
127 279
127 280
127 281
127 282
127 283
127 284
127 285
127 286
127 287
127 288
127 289
127 290
127 291
128 248
128 249
128 250
128 251
128 252
128 253
128 254
128 255
128 256
128 257
128 258
128 259
128 260
128 261
128 262
128 263
128 264
128 265
128 266
128 267
128 268
128 269
128 270
128 271
128 272
128 273
128 274
128 275
128 276
128 277
128 278
128 279
128 280
128 281
128 282
128 283
128 284
128 285
129 234
129 235
129 236
129 237
129 238
129 239
129 240
129 241
129 242
129 243
129 244
129 245
129 246
129 247
129 248
129 249
129 250
129 251
129 252
129 253
129 254
129 255
129 256
129 257
129 258
129 259
129 260
129 261
129 262
129 263
129 264
129 265
129 266
129 267
129 268
129 269
129 270
129 271
129 272
129 273
129 274
129 275
129 276
130 221
130 222
130 223
130 224
130 225
130 226
130 227
130 228
130 229
130 230
130 231
130 232
130 233
130 234
130 235
130 236
130 237
130 238
130 239
130 240
130 241
130 242
130 243
130 244
130 245
130 246
130 247
130 248
130 249
130 250
130 251
130 252
130 253
130 254
130 255
130 256
130 257
130 258
130 259
130 260
130 261
130 262
130 263
130 264
130 265
131 209
131 210
131 211
131 212
131 213
131 214
131 215
131 216
131 217
131 218
131 219
131 220
131 221
131 222
131 223
131 224
131 225
131 226
131 227
131 228
131 229
131 230
131 231
131 232
131 233
131 234
131 235
131 236
131 237
131 238
131 239
131 240
131 241
131 242
131 243
131 244
131 245
131 246
131 247
131 248
131 249
131 250
131 251
131 252
131 253
131 254
132 198
132 199
132 200
132 201
132 202
132 203
132 204
132 205
132 206
132 207
132 208
132 209
132 210
132 211
132 212
132 213
132 214
132 215
132 216
132 217
132 218
132 219
132 220
132 221
132 222
132 223
132 224
132 225
132 226
132 227
132 228
132 229
132 230
132 231
132 232
132 233
132 234
132 235
132 236
132 237
132 238
132 239
132 240
132 241
132 242
133 189
133 190
133 191
133 192
133 193
133 194
133 195
133 196
133 197
133 198
133 199
133 200
133 201
133 202
133 203
133 204
133 205
133 206
133 207
133 208
133 209
133 210
133 211
133 212
133 213
133 214
133 215
133 216
133 217
133 218
133 219
133 220
133 221
133 222
133 223
133 224
133 225
133 226
133 227
133 228
133 229
134 180
134 181
134 182
134 183
134 184
134 185
134 186
134 187
134 188
134 189
134 190
134 191
134 192
134 193
134 194
134 195
134 196
134 197
134 198
134 199
134 200
134 201
134 202
134 203
134 204
134 205
134 206
134 207
134 208
134 209
134 210
134 211
134 212
134 213
134 214
134 215
135 173
135 174
135 175
135 176
135 177
135 178
135 179
135 180
135 181
135 182
135 183
135 184
135 185
135 186
135 187
135 188
135 189
135 190
135 191
135 192
135 193
135 194
135 195
135 196
135 197
135 198
135 199
135 200
136 168
136 169
136 170
136 171
136 172
136 173
136 174
136 175
136 176
136 177
136 178
136 179
136 180
136 181
136 182
136 183
136 184
141 278
141 279
141 280
141 281
141 282
141 283
141 284
141 285
141 286
141 287
141 288
141 289
141 290
141 291
141 292
142 259
142 260
142 261
142 262
142 263
142 264
142 265
142 266
142 267
142 268
142 269
142 270
142 271
142 272
142 273
142 274
142 275
142 276
142 277
142 278
142 279
142 280
142 281
142 282
142 283
142 284
142 285
142 286
142 287
142 288
142 289
143 243
143 244
143 245
143 246
143 247
143 248
143 249
143 250
143 251
143 252
143 253
143 254
143 255
143 256
143 257
143 258
143 259
143 260
143 261
143 262
143 263
143 264
143 265
143 266
143 267
143 268
143 269
143 270
143 271
143 272
143 273
143 274
143 275
143 276
143 277
143 278
143 279
143 280
143 281
143 282
144 230
144 231
144 232
144 233
144 234
144 235
144 236
144 237
144 238
144 239
144 240
144 241
144 242
144 243
144 244
144 245
144 246
144 247
144 248
144 249
144 250
144 251
144 252
144 253
144 254
144 255
144 256
144 257
144 258
144 259
144 260
144 261
144 262
144 263
144 264
144 265
144 266
144 267
144 268
144 269
144 270
144 271
144 272
145 217
145 218
145 219
145 220
145 221
145 222
145 223
145 224
145 225
145 226
145 227
145 228
145 229
145 230
145 231
145 232
145 233
145 234
145 235
145 236
145 237
145 238
145 239
145 240
145 241
145 242
145 243
145 244
145 245
145 246
145 247
145 248
145 249
145 250
145 251
145 252
145 253
145 254
145 255
145 256
145 257
145 258
145 259
145 260
145 261
145 262
146 205
146 206
146 207
146 208
146 209
146 210
146 211
146 212
146 213
146 214
146 215
146 216
146 217
146 218
146 219
146 220
146 221
146 222
146 223
146 224
146 225
146 226
146 227
146 228
146 229
146 230
146 231
146 232
146 233
146 234
146 235
146 236
146 237
146 238
146 239
146 240
146 241
146 242
146 243
146 244
146 245
146 246
146 247
146 248
146 249
146 250
147 195
147 196
147 197
147 198
147 199
147 200
147 201
147 202
147 203
147 204
147 205
147 206
147 207
147 208
147 209
147 210
147 211
147 212
147 213
147 214
147 215
147 216
147 217
147 218
147 219
147 220
147 221
147 222
147 223
147 224
147 225
147 226
147 227
147 228
147 229
147 230
147 231
147 232
147 233
147 234
147 235
147 236
147 237
148 185
148 186
148 187
148 188
148 189
148 190
148 191
148 192
148 193
148 194
148 195
148 196
148 197
148 198
148 199
148 200
148 201
148 202
148 203
148 204
148 205
148 206
148 207
148 208
148 209
148 210
148 211
148 212
148 213
148 214
148 215
148 216
148 217
148 218
148 219
148 220
148 221
148 222
148 223
148 224
149 177
149 178
149 179
149 180
149 181
149 182
149 183
149 184
149 185
149 186
149 187
149 188
149 189
149 190
149 191
149 192
149 193
149 194
149 195
149 196
149 197
149 198
149 199
149 200
149 201
149 202
149 203
149 204
149 205
149 206
149 207
149 208
149 209
149 210
150 170
150 171
150 172
150 173
150 174
150 175
150 176
150 177
150 178
150 179
150 180
150 181
150 182
150 183
150 184
150 185
150 186
150 187
150 188
150 189
150 190
150 191
150 192
150 193
150 194
151 167
151 168
151 169
151 170
151 171
151 172
151 173
151 174
151 175
151 176
156 271
156 272
156 273
156 274
156 275
156 276
156 277
156 278
156 279
156 280
156 281
156 282
156 283
156 284
156 285
156 286
156 287
156 288
156 289
156 290
156 291
156 292
157 254
157 255
157 256
157 257
157 258
157 259
157 260
157 261
157 262
157 263
157 264
157 265
157 266
157 267
157 268
157 269
157 270
157 271
157 272
157 273
157 274
157 275
157 276
157 277
157 278
157 279
157 280
157 281
157 282
157 283
157 284
157 285
157 286
157 287
158 239
158 240
158 241
158 242
158 243
158 244
158 245
158 246
158 247
158 248
158 249
158 250
158 251
158 252
158 253
158 254
158 255
158 256
158 257
158 258
158 259
158 260
158 261
158 262
158 263
158 264
158 265
158 266
158 267
158 268
158 269
158 270
158 271
158 272
158 273
158 274
158 275
158 276
158 277
158 278
158 279
159 225
159 226
159 227
159 228
159 229
159 230
159 231
159 232
159 233
159 234
159 235
159 236
159 237
159 238
159 239
159 240
159 241
159 242
159 243
159 244
159 245
159 246
159 247
159 248
159 249
159 250
159 251
159 252
159 253
159 254
159 255
159 256
159 257
159 258
159 259
159 260
159 261
159 262
159 263
159 264
159 265
159 266
159 267
159 268
159 269
160 213
160 214
160 215
160 216
160 217
160 218
160 219
160 220
160 221
160 222
160 223
160 224
160 225
160 226
160 227
160 228
160 229
160 230
160 231
160 232
160 233
160 234
160 235
160 236
160 237
160 238
160 239
160 240
160 241
160 242
160 243
160 244
160 245
160 246
160 247
160 248
160 249
160 250
160 251
160 252
160 253
160 254
160 255
160 256
160 257
160 258
161 202
161 203
161 204
161 205
161 206
161 207
161 208
161 209
161 210
161 211
161 212
161 213
161 214
161 215
161 216
161 217
161 218
161 219
161 220
161 221
161 222
161 223
161 224
161 225
161 226
161 227
161 228
161 229
161 230
161 231
161 232
161 233
161 234
161 235
161 236
161 237
161 238
161 239
161 240
161 241
161 242
161 243
161 244
161 245
162 191
162 192
162 193
162 194
162 195
162 196
162 197
162 198
162 199
162 200
162 201
162 202
162 203
162 204
162 205
162 206
162 207
162 208
162 209
162 210
162 211
162 212
162 213
162 214
162 215
162 216
162 217
162 218
162 219
162 220
162 221
162 222
162 223
162 224
162 225
162 226
162 227
162 228
162 229
162 230
162 231
162 232
163 182
163 183
163 184
163 185
163 186
163 187
163 188
163 189
163 190
163 191
163 192
163 193
163 194
163 195
163 196
163 197
163 198
163 199
163 200
163 201
163 202
163 203
163 204
163 205
163 206
163 207
163 208
163 209
163 210
163 211
163 212
163 213
163 214
163 215
163 216
163 217
163 218
163 219
164 174
164 175
164 176
164 177
164 178
164 179
164 180
164 181
164 182
164 183
164 184
164 185
164 186
164 187
164 188
164 189
164 190
164 191
164 192
164 193
164 194
164 195
164 196
164 197
164 198
164 199
164 200
164 201
164 202
164 203
164 204
165 168
165 169
165 170
165 171
165 172
165 173
165 174
165 175
165 176
165 177
165 178
165 179
165 180
165 181
165 182
165 183
165 184
165 185
165 186
165 187
165 188
171 265
171 266
171 267
171 268
171 269
171 270
171 271
171 272
171 273
171 274
171 275
171 276
171 277
171 278
171 279
171 280
171 281
171 282
171 283
171 284
171 285
171 286
171 287
171 288
171 289
171 290
172 249
172 250
172 251
172 252
172 253
172 254
172 255
172 256
172 257
172 258
172 259
172 260
172 261
172 262
172 263
172 264
172 265
172 266
172 267
172 268
172 269
172 270
172 271
172 272
172 273
172 274
172 275
172 276
172 277
172 278
172 279
172 280
172 281
172 282
172 283
172 284
173 234
173 235
173 236
173 237
173 238
173 239
173 240
173 241
173 242
173 243
173 244
173 245
173 246
173 247
173 248
173 249
173 250
173 251
173 252
173 253
173 254
173 255
173 256
173 257
173 258
173 259
173 260
173 261
173 262
173 263
173 264
173 265
173 266
173 267
173 268
173 269
173 270
173 271
173 272
173 273
173 274
173 275
174 221
174 222
174 223
174 224
174 225
174 226
174 227
174 228
174 229
174 230
174 231
174 232
174 233
174 234
174 235
174 236
174 237
174 238
174 239
174 240
174 241
174 242
174 243
174 244
174 245
174 246
174 247
174 248
174 249
174 250
174 251
174 252
174 253
174 254
174 255
174 256
174 257
174 258
174 259
174 260
174 261
174 262
174 263
174 264
174 265
175 209
175 210
175 211
175 212
175 213
175 214
175 215
175 216
175 217
175 218
175 219
175 220
175 221
175 222
175 223
175 224
175 225
175 226
175 227
175 228
175 229
175 230
175 231
175 232
175 233
175 234
175 235
175 236
175 237
175 238
175 239
175 240
175 241
175 242
175 243
175 244
175 245
175 246
175 247
175 248
175 249
175 250
175 251
175 252
175 253
176 198
176 199
176 200
176 201
176 202
176 203
176 204
176 205
176 206
176 207
176 208
176 209
176 210
176 211
176 212
176 213
176 214
176 215
176 216
176 217
176 218
176 219
176 220
176 221
176 222
176 223
176 224
176 225
176 226
176 227
176 228
176 229
176 230
176 231
176 232
176 233
176 234
176 235
176 236
176 237
176 238
176 239
176 240
176 241
177 188
177 189
177 190
177 191
177 192
177 193
177 194
177 195
177 196
177 197
177 198
177 199
177 200
177 201
177 202
177 203
177 204
177 205
177 206
177 207
177 208
177 209
177 210
177 211
177 212
177 213
177 214
177 215
177 216
177 217
177 218
177 219
177 220
177 221
177 222
177 223
177 224
177 225
177 226
177 227
177 228
178 179
178 180
178 181
178 182
178 183
178 184
178 185
178 186
178 187
178 188
178 189
178 190
178 191
178 192
178 193
178 194
178 195
178 196
178 197
178 198
178 199
178 200
178 201
178 202
178 203
178 204
178 205
178 206
178 207
178 208
178 209
178 210
178 211
178 212
178 213
178 214
179 171
179 172
179 173
179 174
179 175
179 176
179 177
179 178
179 179
179 180
179 181
179 182
179 183
179 184
179 185
179 186
179 187
179 188
179 189
179 190
179 191
179 192
179 193
179 194
179 195
179 196
179 197
179 198
179 199
180 166
180 167
180 168
180 169
180 170
180 171
180 172
180 173
180 174
180 175
180 176
180 177
180 178
180 179
180 180
180 181
180 182
185 280
185 281
185 282
185 283
185 284
185 285
185 286
185 287
185 288
185 289
185 290
185 291
186 260
186 261
186 262
186 263
186 264
186 265
186 266
186 267
186 268
186 269
186 270
186 271
186 272
186 273
186 274
186 275
186 276
186 277
186 278
186 279
186 280
186 281
186 282
186 283
186 284
186 285
186 286
186 287
186 288
186 289
187 244
187 245
187 246
187 247
187 248
187 249
187 250
187 251
187 252
187 253
187 254
187 255
187 256
187 257
187 258
187 259
187 260
187 261
187 262
187 263
187 264
187 265
187 266
187 267
187 268
187 269
187 270
187 271
187 272
187 273
187 274
187 275
187 276
187 277
187 278
187 279
187 280
187 281
188 230
188 231
188 232
188 233
188 234
188 235
188 236
188 237
188 238
188 239
188 240
188 241
188 242
188 243
188 244
188 245
188 246
188 247
188 248
188 249
188 250
188 251
188 252
188 253
188 254
188 255
188 256
188 257
188 258
188 259
188 260
188 261
188 262
188 263
188 264
188 265
188 266
188 267
188 268
188 269
188 270
188 271
188 272
189 217
189 218
189 219
189 220
189 221
189 222
189 223
189 224
189 225
189 226
189 227
189 228
189 229
189 230
189 231
189 232
189 233
189 234
189 235
189 236
189 237
189 238
189 239
189 240
189 241
189 242
189 243
189 244
189 245
189 246
189 247
189 248
189 249
189 250
189 251
189 252
189 253
189 254
189 255
189 256
189 257
189 258
189 259
189 260
189 261
190 205
190 206
190 207
190 208
190 209
190 210
190 211
190 212
190 213
190 214
190 215
190 216
190 217
190 218
190 219
190 220
190 221
190 222
190 223
190 224
190 225
190 226
190 227
190 228
190 229
190 230
190 231
190 232
190 233
190 234
190 235
190 236
190 237
190 238
190 239
190 240
190 241
190 242
190 243
190 244
190 245
190 246
190 247
190 248
190 249
191 194
191 195
191 196
191 197
191 198
191 199
191 200
191 201
191 202
191 203
191 204
191 205
191 206
191 207
191 208
191 209
191 210
191 211
191 212
191 213
191 214
191 215
191 216
191 217
191 218
191 219
191 220
191 221
191 222
191 223
191 224
191 225
191 226
191 227
191 228
191 229
191 230
191 231
191 232
191 233
191 234
191 235
191 236
192 184
192 185
192 186
192 187
192 188
192 189
192 190
192 191
192 192
192 193
192 194
192 195
192 196
192 197
192 198
192 199
192 200
192 201
192 202
192 203
192 204
192 205
192 206
192 207
192 208
192 209
192 210
192 211
192 212
192 213
192 214
192 215
192 216
192 217
192 218
192 219
192 220
192 221
192 222
193 175
193 176
193 177
193 178
193 179
193 180
193 181
193 182
193 183
193 184
193 185
193 186
193 187
193 188
193 189
193 190
193 191
193 192
193 193
193 194
193 195
193 196
193 197
193 198
193 199
193 200
193 201
193 202
193 203
193 204
193 205
193 206
193 207
193 208
194 168
194 169
194 170
194 171
194 172
194 173
194 174
194 175
194 176
194 177
194 178
194 179
194 180
194 181
194 182
194 183
194 184
194 185
194 186
194 187
194 188
194 189
194 190
194 191
194 192
194 193
195 165
195 166
195 167
195 168
195 169
195 170
195 171
195 172
195 173
195 174
200 273
200 274
200 275
200 276
200 277
200 278
200 279
200 280
200 281
200 282
200 283
200 284
200 285
200 286
200 287
200 288
200 289
200 290
200 291
201 255
201 256
201 257
201 258
201 259
201 260
201 261
201 262
201 263
201 264
201 265
201 266
201 267
201 268
201 269
201 270
201 271
201 272
201 273
201 274
201 275
201 276
201 277
201 278
201 279
201 280
201 281
201 282
201 283
201 284
201 285
201 286
202 239
202 240
202 241
202 242
202 243
202 244
202 245
202 246
202 247
202 248
202 249
202 250
202 251
202 252
202 253
202 254
202 255
202 256
202 257
202 258
202 259
202 260
202 261
202 262
202 263
202 264
202 265
202 266
202 267
202 268
202 269
202 270
202 271
202 272
202 273
202 274
202 275
202 276
202 277
202 278
203 226
203 227
203 228
203 229
203 230
203 231
203 232
203 233
203 234
203 235
203 236
203 237
203 238
203 239
203 240
203 241
203 242
203 243
203 244
203 245
203 246
203 247
203 248
203 249
203 250
203 251
203 252
203 253
203 254
203 255
203 256
203 257
203 258
203 259
203 260
203 261
203 262
203 263
203 264
203 265
203 266
203 267
203 268
204 213
204 214
204 215
204 216
204 217
204 218
204 219
204 220
204 221
204 222
204 223
204 224
204 225
204 226
204 227
204 228
204 229
204 230
204 231
204 232
204 233
204 234
204 235
204 236
204 237
204 238
204 239
204 240
204 241
204 242
204 243
204 244
204 245
204 246
204 247
204 248
204 249
204 250
204 251
204 252
204 253
204 254
204 255
204 256
204 257
205 201
205 202
205 203
205 204
205 205
205 206
205 207
205 208
205 209
205 210
205 211
205 212
205 213
205 214
205 215
205 216
205 217
205 218
205 219
205 220
205 221
205 222
205 223
205 224
205 225
205 226
205 227
205 228
205 229
205 230
205 231
205 232
205 233
205 234
205 235
205 236
205 237
205 238
205 239
205 240
205 241
205 242
205 243
205 244
206 190
206 191
206 192
206 193
206 194
206 195
206 196
206 197
206 198
206 199
206 200
206 201
206 202
206 203
206 204
206 205
206 206
206 207
206 208
206 209
206 210
206 211
206 212
206 213
206 214
206 215
206 216
206 217
206 218
206 219
206 220
206 221
206 222
206 223
206 224
206 225
206 226
206 227
206 228
206 229
206 230
206 231
207 181
207 182
207 183
207 184
207 185
207 186
207 187
207 188
207 189
207 190
207 191
207 192
207 193
207 194
207 195
207 196
207 197
207 198
207 199
207 200
207 201
207 202
207 203
207 204
207 205
207 206
207 207
207 208
207 209
207 210
207 211
207 212
207 213
207 214
207 215
207 216
207 217
208 172
208 173
208 174
208 175
208 176
208 177
208 178
208 179
208 180
208 181
208 182
208 183
208 184
208 185
208 186
208 187
208 188
208 189
208 190
208 191
208 192
208 193
208 194
208 195
208 196
208 197
208 198
208 199
208 200
208 201
208 202
209 166
209 167
209 168
209 169
209 170
209 171
209 172
209 173
209 174
209 175
209 176
209 177
209 178
209 179
209 180
209 181
209 182
209 183
209 184
209 185
209 186
215 267
215 268
215 269
215 270
215 271
215 272
215 273
215 274
215 275
215 276
215 277
215 278
215 279
215 280
215 281
215 282
215 283
215 284
215 285
215 286
215 287
215 288
215 289
215 290
216 250
216 251
216 252
216 253
216 254
216 255
216 256
216 257
216 258
216 259
216 260
216 261
216 262
216 263
216 264
216 265
216 266
216 267
216 268
216 269
216 270
216 271
216 272
216 273
216 274
216 275
216 276
216 277
216 278
216 279
216 280
216 281
216 282
216 283
217 235
217 236
217 237
217 238
217 239
217 240
217 241
217 242
217 243
217 244
217 245
217 246
217 247
217 248
217 249
217 250
217 251
217 252
217 253
217 254
217 255
217 256
217 257
217 258
217 259
217 260
217 261
217 262
217 263
217 264
217 265
217 266
217 267
217 268
217 269
217 270
217 271
217 272
217 273
217 274
217 275
218 221
218 222
218 223
218 224
218 225
218 226
218 227
218 228
218 229
218 230
218 231
218 232
218 233
218 234
218 235
218 236
218 237
218 238
218 239
218 240
218 241
218 242
218 243
218 244
218 245
218 246
218 247
218 248
218 249
218 250
218 251
218 252
218 253
218 254
218 255
218 256
218 257
218 258
218 259
218 260
218 261
218 262
218 263
218 264
219 209
219 210
219 211
219 212
219 213
219 214
219 215
219 216
219 217
219 218
219 219
219 220
219 221
219 222
219 223
219 224
219 225
219 226
219 227
219 228
219 229
219 230
219 231
219 232
219 233
219 234
219 235
219 236
219 237
219 238
219 239
219 240
219 241
219 242
219 243
219 244
219 245
219 246
219 247
219 248
219 249
219 250
219 251
219 252
220 197
220 198
220 199
220 200
220 201
220 202
220 203
220 204
220 205
220 206
220 207
220 208
220 209
220 210
220 211
220 212
220 213
220 214
220 215
220 216
220 217
220 218
220 219
220 220
220 221
220 222
220 223
220 224
220 225
220 226
220 227
220 228
220 229
220 230
220 231
220 232
220 233
220 234
220 235
220 236
220 237
220 238
220 239
221 187
221 188
221 189
221 190
221 191
221 192
221 193
221 194
221 195
221 196
221 197
221 198
221 199
221 200
221 201
221 202
221 203
221 204
221 205
221 206
221 207
221 208
221 209
221 210
221 211
221 212
221 213
221 214
221 215
221 216
221 217
221 218
221 219
221 220
221 221
221 222
221 223
221 224
221 225
221 226
222 177
222 178
222 179
222 180
222 181
222 182
222 183
222 184
222 185
222 186
222 187
222 188
222 189
222 190
222 191
222 192
222 193
222 194
222 195
222 196
222 197
222 198
222 199
222 200
222 201
222 202
222 203
222 204
222 205
222 206
222 207
222 208
222 209
222 210
222 211
222 212
223 170
223 171
223 172
223 173
223 174
223 175
223 176
223 177
223 178
223 179
223 180
223 181
223 182
223 183
223 184
223 185
223 186
223 187
223 188
223 189
223 190
223 191
223 192
223 193
223 194
223 195
223 196
224 164
224 165
224 166
224 167
224 168
224 169
224 170
224 171
224 172
224 173
224 174
224 175
224 176
224 177
224 178
224 179
230 261
230 262
230 263
230 264
230 265
230 266
230 267
230 268
230 269
230 270
230 271
230 272
230 273
230 274
230 275
230 276
230 277
230 278
230 279
230 280
230 281
230 282
230 283
230 284
230 285
230 286
230 287
230 288
231 245
231 246
231 247
231 248
231 249
231 250
231 251
231 252
231 253
231 254
231 255
231 256
231 257
231 258
231 259
231 260
231 261
231 262
231 263
231 264
231 265
231 266
231 267
231 268
231 269
231 270
231 271
231 272
231 273
231 274
231 275
231 276
231 277
231 278
231 279
231 280
232 231
232 232
232 233
232 234
232 235
232 236
232 237
232 238
232 239
232 240
232 241
232 242
232 243
232 244
232 245
232 246
232 247
232 248
232 249
232 250
232 251
232 252
232 253
232 254
232 255
232 256
232 257
232 258
232 259
232 260
232 261
232 262
232 263
232 264
232 265
232 266
232 267
232 268
232 269
232 270
232 271
233 217
233 218
233 219
233 220
233 221
233 222
233 223
233 224
233 225
233 226
233 227
233 228
233 229
233 230
233 231
233 232
233 233
233 234
233 235
233 236
233 237
233 238
233 239
233 240
233 241
233 242
233 243
233 244
233 245
233 246
233 247
233 248
233 249
233 250
233 251
233 252
233 253
233 254
233 255
233 256
233 257
233 258
233 259
233 260
234 205
234 206
234 207
234 208
234 209
234 210
234 211
234 212
234 213
234 214
234 215
234 216
234 217
234 218
234 219
234 220
234 221
234 222
234 223
234 224
234 225
234 226
234 227
234 228
234 229
234 230
234 231
234 232
234 233
234 234
234 235
234 236
234 237
234 238
234 239
234 240
234 241
234 242
234 243
234 244
234 245
234 246
234 247
234 248
235 194
235 195
235 196
235 197
235 198
235 199
235 200
235 201
235 202
235 203
235 204
235 205
235 206
235 207
235 208
235 209
235 210
235 211
235 212
235 213
235 214
235 215
235 216
235 217
235 218
235 219
235 220
235 221
235 222
235 223
235 224
235 225
235 226
235 227
235 228
235 229
235 230
235 231
235 232
235 233
235 234
235 235
236 183
236 184
236 185
236 186
236 187
236 188
236 189
236 190
236 191
236 192
236 193
236 194
236 195
236 196
236 197
236 198
236 199
236 200
236 201
236 202
236 203
236 204
236 205
236 206
236 207
236 208
236 209
236 210
236 211
236 212
236 213
236 214
236 215
236 216
236 217
236 218
236 219
236 220
236 221
237 174
237 175
237 176
237 177
237 178
237 179
237 180
237 181
237 182
237 183
237 184
237 185
237 186
237 187
237 188
237 189
237 190
237 191
237 192
237 193
237 194
237 195
237 196
237 197
237 198
237 199
237 200
237 201
237 202
237 203
237 204
237 205
237 206
238 167
238 168
238 169
238 170
238 171
238 172
238 173
238 174
238 175
238 176
238 177
238 178
238 179
238 180
238 181
238 182
238 183
238 184
238 185
238 186
238 187
238 188
238 189
238 190
239 165
239 166
239 167
239 168
239 169
244 276
244 277
244 278
244 279
244 280
244 281
244 282
244 283
244 284
244 285
244 286
244 287
244 288
244 289
245 256
245 257
245 258
245 259
245 260
245 261
245 262
245 263
245 264
245 265
245 266
245 267
245 268
245 269
245 270
245 271
245 272
245 273
245 274
245 275
245 276
245 277
245 278
245 279
245 280
245 281
245 282
245 283
245 284
245 285
246 241
246 242
246 243
246 244
246 245
246 246
246 247
246 248
246 249
246 250
246 251
246 252
246 253
246 254
246 255
246 256
246 257
246 258
246 259
246 260
246 261
246 262
246 263
246 264
246 265
246 266
246 267
246 268
246 269
246 270
246 271
246 272
246 273
246 274
246 275
246 276
246 277
247 226
247 227
247 228
247 229
247 230
247 231
247 232
247 233
247 234
247 235
247 236
247 237
247 238
247 239
247 240
247 241
247 242
247 243
247 244
247 245
247 246
247 247
247 248
247 249
247 250
247 251
247 252
247 253
247 254
247 255
247 256
247 257
247 258
247 259
247 260
247 261
247 262
247 263
247 264
247 265
247 266
247 267
248 213
248 214
248 215
248 216
248 217
248 218
248 219
248 220
248 221
248 222
248 223
248 224
248 225
248 226
248 227
248 228
248 229
248 230
248 231
248 232
248 233
248 234
248 235
248 236
248 237
248 238
248 239
248 240
248 241
248 242
248 243
248 244
248 245
248 246
248 247
248 248
248 249
248 250
248 251
248 252
248 253
248 254
248 255
249 201
249 202
249 203
249 204
249 205
249 206
249 207
249 208
249 209
249 210
249 211
249 212
249 213
249 214
249 215
249 216
249 217
249 218
249 219
249 220
249 221
249 222
249 223
249 224
249 225
249 226
249 227
249 228
249 229
249 230
249 231
249 232
249 233
249 234
249 235
249 236
249 237
249 238
249 239
249 240
249 241
249 242
249 243
250 190
250 191
250 192
250 193
250 194
250 195
250 196
250 197
250 198
250 199
250 200
250 201
250 202
250 203
250 204
250 205
250 206
250 207
250 208
250 209
250 210
250 211
250 212
250 213
250 214
250 215
250 216
250 217
250 218
250 219
250 220
250 221
250 222
250 223
250 224
250 225
250 226
250 227
250 228
250 229
251 180
251 181
251 182
251 183
251 184
251 185
251 186
251 187
251 188
251 189
251 190
251 191
251 192
251 193
251 194
251 195
251 196
251 197
251 198
251 199
251 200
251 201
251 202
251 203
251 204
251 205
251 206
251 207
251 208
251 209
251 210
251 211
251 212
251 213
251 214
251 215
252 171
252 172
252 173
252 174
252 175
252 176
252 177
252 178
252 179
252 180
252 181
252 182
252 183
252 184
252 185
252 186
252 187
252 188
252 189
252 190
252 191
252 192
252 193
252 194
252 195
252 196
252 197
252 198
252 199
252 200
253 165
253 166
253 167
253 168
253 169
253 170
253 171
253 172
253 173
253 174
253 175
253 176
253 177
253 178
253 179
253 180
253 181
253 182
253 183
259 270
259 271
259 272
259 273
259 274
259 275
259 276
259 277
259 278
259 279
259 280
259 281
259 282
259 283
259 284
259 285
259 286
259 287
259 288
260 252
260 253
260 254
260 255
260 256
260 257
260 258
260 259
260 260
260 261
260 262
260 263
260 264
260 265
260 266
260 267
260 268
260 269
260 270
260 271
260 272
260 273
260 274
260 275
260 276
260 277
260 278
260 279
260 280
260 281
260 282
261 236
261 237
261 238
261 239
261 240
261 241
261 242
261 243
261 244
261 245
261 246
261 247
261 248
261 249
261 250
261 251
261 252
261 253
261 254
261 255
261 256
261 257
261 258
261 259
261 260
261 261
261 262
261 263
261 264
261 265
261 266
261 267
261 268
261 269
261 270
261 271
261 272
261 273
262 222
262 223
262 224
262 225
262 226
262 227
262 228
262 229
262 230
262 231
262 232
262 233
262 234
262 235
262 236
262 237
262 238
262 239
262 240
262 241
262 242
262 243
262 244
262 245
262 246
262 247
262 248
262 249
262 250
262 251
262 252
262 253
262 254
262 255
262 256
262 257
262 258
262 259
262 260
262 261
262 262
262 263
263 209
263 210
263 211
263 212
263 213
263 214
263 215
263 216
263 217
263 218
263 219
263 220
263 221
263 222
263 223
263 224
263 225
263 226
263 227
263 228
263 229
263 230
263 231
263 232
263 233
263 234
263 235
263 236
263 237
263 238
263 239
263 240
263 241
263 242
263 243
263 244
263 245
263 246
263 247
263 248
263 249
263 250
263 251
264 197
264 198
264 199
264 200
264 201
264 202
264 203
264 204
264 205
264 206
264 207
264 208
264 209
264 210
264 211
264 212
264 213
264 214
264 215
264 216
264 217
264 218
264 219
264 220
264 221
264 222
264 223
264 224
264 225
264 226
264 227
264 228
264 229
264 230
264 231
264 232
264 233
264 234
264 235
264 236
264 237
264 238
265 186
265 187
265 188
265 189
265 190
265 191
265 192
265 193
265 194
265 195
265 196
265 197
265 198
265 199
265 200
265 201
265 202
265 203
265 204
265 205
265 206
265 207
265 208
265 209
265 210
265 211
265 212
265 213
265 214
265 215
265 216
265 217
265 218
265 219
265 220
265 221
265 222
265 223
265 224
266 177
266 178
266 179
266 180
266 181
266 182
266 183
266 184
266 185
266 186
266 187
266 188
266 189
266 190
266 191
266 192
266 193
266 194
266 195
266 196
266 197
266 198
266 199
266 200
266 201
266 202
266 203
266 204
266 205
266 206
266 207
266 208
266 209
267 168
267 169
267 170
267 171
267 172
267 173
267 174
267 175
267 176
267 177
267 178
267 179
267 180
267 181
267 182
267 183
267 184
267 185
267 186
267 187
267 188
267 189
267 190
267 191
267 192
267 193
268 164
268 165
268 166
268 167
268 168
268 169
268 170
268 171
268 172
268 173
268 174
268 175
274 264
274 265
274 266
274 267
274 268
274 269
274 270
274 271
274 272
274 273
274 274
274 275
274 276
274 277
274 278
274 279
274 280
274 281
274 282
274 283
274 284
274 285
274 286
275 247
275 248
275 249
275 250
275 251
275 252
275 253
275 254
275 255
275 256
275 257
275 258
275 259
275 260
275 261
275 262
275 263
275 264
275 265
275 266
275 267
275 268
275 269
275 270
275 271
275 272
275 273
275 274
275 275
275 276
275 277
275 278
275 279
276 232
276 233
276 234
276 235
276 236
276 237
276 238
276 239
276 240
276 241
276 242
276 243
276 244
276 245
276 246
276 247
276 248
276 249
276 250
276 251
276 252
276 253
276 254
276 255
276 256
276 257
276 258
276 259
276 260
276 261
276 262
276 263
276 264
276 265
276 266
276 267
276 268
276 269
276 270
277 218
277 219
277 220
277 221
277 222
277 223
277 224
277 225
277 226
277 227
277 228
277 229
277 230
277 231
277 232
277 233
277 234
277 235
277 236
277 237
277 238
277 239
277 240
277 241
277 242
277 243
277 244
277 245
277 246
277 247
277 248
277 249
277 250
277 251
277 252
277 253
277 254
277 255
277 256
277 257
277 258
278 206
278 207
278 208
278 209
278 210
278 211
278 212
278 213
278 214
278 215
278 216
278 217
278 218
278 219
278 220
278 221
278 222
278 223
278 224
278 225
278 226
278 227
278 228
278 229
278 230
278 231
278 232
278 233
278 234
278 235
278 236
278 237
278 238
278 239
278 240
278 241
278 242
278 243
278 244
278 245
278 246
279 194
279 195
279 196
279 197
279 198
279 199
279 200
279 201
279 202
279 203
279 204
279 205
279 206
279 207
279 208
279 209
279 210
279 211
279 212
279 213
279 214
279 215
279 216
279 217
279 218
279 219
279 220
279 221
279 222
279 223
279 224
279 225
279 226
279 227
279 228
279 229
279 230
279 231
279 232
279 233
280 183
280 184
280 185
280 186
280 187
280 188
280 189
280 190
280 191
280 192
280 193
280 194
280 195
280 196
280 197
280 198
280 199
280 200
280 201
280 202
280 203
280 204
280 205
280 206
280 207
280 208
280 209
280 210
280 211
280 212
280 213
280 214
280 215
280 216
280 217
280 218
281 174
281 175
281 176
281 177
281 178
281 179
281 180
281 181
281 182
281 183
281 184
281 185
281 186
281 187
281 188
281 189
281 190
281 191
281 192
281 193
281 194
281 195
281 196
281 197
281 198
281 199
281 200
281 201
281 202
281 203
282 166
282 167
282 168
282 169
282 170
282 171
282 172
282 173
282 174
282 175
282 176
282 177
282 178
282 179
282 180
282 181
282 182
282 183
282 184
282 185
282 186
289 259
289 260
289 261
289 262
289 263
289 264
289 265
289 266
289 267
289 268
289 269
289 270
289 271
289 272
289 273
289 274
289 275
289 276
289 277
289 278
289 279
289 280
289 281
289 282
289 283
289 284
290 243
290 244
290 245
290 246
290 247
290 248
290 249
290 250
290 251
290 252
290 253
290 254
290 255
290 256
290 257
290 258
290 259
290 260
290 261
290 262
290 263
290 264
290 265
290 266
290 267
290 268
290 269
290 270
290 271
290 272
290 273
290 274
290 275
290 276
291 228
291 229
291 230
291 231
291 232
291 233
291 234
291 235
291 236
291 237
291 238
291 239
291 240
291 241
291 242
291 243
291 244
291 245
291 246
291 247
291 248
291 249
291 250
291 251
291 252
291 253
291 254
291 255
291 256
291 257
291 258
291 259
291 260
291 261
291 262
291 263
291 264
291 265
291 266
292 214
292 215
292 216
292 217
292 218
292 219
292 220
292 221
292 222
292 223
292 224
292 225
292 226
292 227
292 228
292 229
292 230
292 231
292 232
292 233
292 234
292 235
292 236
292 237
292 238
292 239
292 240
292 241
292 242
292 243
292 244
292 245
292 246
292 247
292 248
292 249
292 250
292 251
292 252
292 253
292 254
293 202
293 203
293 204
293 205
293 206
293 207
293 208
293 209
293 210
293 211
293 212
293 213
293 214
293 215
293 216
293 217
293 218
293 219
293 220
293 221
293 222
293 223
293 224
293 225
293 226
293 227
293 228
293 229
293 230
293 231
293 232
293 233
293 234
293 235
293 236
293 237
293 238
293 239
293 240
293 241
294 190
294 191
294 192
294 193
294 194
294 195
294 196
294 197
294 198
294 199
294 200
294 201
294 202
294 203
294 204
294 205
294 206
294 207
294 208
294 209
294 210
294 211
294 212
294 213
294 214
294 215
294 216
294 217
294 218
294 219
294 220
294 221
294 222
294 223
294 224
294 225
294 226
294 227
295 180
295 181
295 182
295 183
295 184
295 185
295 186
295 187
295 188
295 189
295 190
295 191
295 192
295 193
295 194
295 195
295 196
295 197
295 198
295 199
295 200
295 201
295 202
295 203
295 204
295 205
295 206
295 207
295 208
295 209
295 210
295 211
295 212
296 171
296 172
296 173
296 174
296 175
296 176
296 177
296 178
296 179
296 180
296 181
296 182
296 183
296 184
296 185
296 186
296 187
296 188
296 189
296 190
296 191
296 192
296 193
296 194
296 195
296 196
297 164
297 165
297 166
297 167
297 168
297 169
297 170
297 171
297 172
297 173
297 174
297 175
297 176
297 177
297 178
303 275
303 276
303 277
303 278
303 279
303 280
303 281
303 282
303 283
303 284
304 255
304 256
304 257
304 258
304 259
304 260
304 261
304 262
304 263
304 264
304 265
304 266
304 267
304 268
304 269
304 270
304 271
304 272
304 273
304 274
304 275
304 276
304 277
304 278
304 279
304 280
304 281
305 239
305 240
305 241
305 242
305 243
305 244
305 245
305 246
305 247
305 248
305 249
305 250
305 251
305 252
305 253
305 254
305 255
305 256
305 257
305 258
305 259
305 260
305 261
305 262
305 263
305 264
305 265
305 266
305 267
305 268
305 269
305 270
305 271
305 272
306 224
306 225
306 226
306 227
306 228
306 229
306 230
306 231
306 232
306 233
306 234
306 235
306 236
306 237
306 238
306 239
306 240
306 241
306 242
306 243
306 244
306 245
306 246
306 247
306 248
306 249
306 250
306 251
306 252
306 253
306 254
306 255
306 256
306 257
306 258
306 259
306 260
306 261
307 211
307 212
307 213
307 214
307 215
307 216
307 217
307 218
307 219
307 220
307 221
307 222
307 223
307 224
307 225
307 226
307 227
307 228
307 229
307 230
307 231
307 232
307 233
307 234
307 235
307 236
307 237
307 238
307 239
307 240
307 241
307 242
307 243
307 244
307 245
307 246
307 247
307 248
307 249
308 198
308 199
308 200
308 201
308 202
308 203
308 204
308 205
308 206
308 207
308 208
308 209
308 210
308 211
308 212
308 213
308 214
308 215
308 216
308 217
308 218
308 219
308 220
308 221
308 222
308 223
308 224
308 225
308 226
308 227
308 228
308 229
308 230
308 231
308 232
308 233
308 234
308 235
308 236
309 187
309 188
309 189
309 190
309 191
309 192
309 193
309 194
309 195
309 196
309 197
309 198
309 199
309 200
309 201
309 202
309 203
309 204
309 205
309 206
309 207
309 208
309 209
309 210
309 211
309 212
309 213
309 214
309 215
309 216
309 217
309 218
309 219
309 220
309 221
310 176
310 177
310 178
310 179
310 180
310 181
310 182
310 183
310 184
310 185
310 186
310 187
310 188
310 189
310 190
310 191
310 192
310 193
310 194
310 195
310 196
310 197
310 198
310 199
310 200
310 201
310 202
310 203
310 204
310 205
310 206
311 168
311 169
311 170
311 171
311 172
311 173
311 174
311 175
311 176
311 177
311 178
311 179
311 180
311 181
311 182
311 183
311 184
311 185
311 186
311 187
311 188
311 189
318 269
318 270
318 271
318 272
318 273
318 274
318 275
318 276
318 277
318 278
318 279
318 280
318 281
318 282
318 283
319 251
319 252
319 253
319 254
319 255
319 256
319 257
319 258
319 259
319 260
319 261
319 262
319 263
319 264
319 265
319 266
319 267
319 268
319 269
319 270
319 271
319 272
319 273
319 274
319 275
319 276
319 277
320 235
320 236
320 237
320 238
320 239
320 240
320 241
320 242
320 243
320 244
320 245
320 246
320 247
320 248
320 249
320 250
320 251
320 252
320 253
320 254
320 255
320 256
320 257
320 258
320 259
320 260
320 261
320 262
320 263
320 264
320 265
320 266
320 267
320 268
321 220
321 221
321 222
321 223
321 224
321 225
321 226
321 227
321 228
321 229
321 230
321 231
321 232
321 233
321 234
321 235
321 236
321 237
321 238
321 239
321 240
321 241
321 242
321 243
321 244
321 245
321 246
321 247
321 248
321 249
321 250
321 251
321 252
321 253
321 254
321 255
321 256
321 257
322 207
322 208
322 209
322 210
322 211
322 212
322 213
322 214
322 215
322 216
322 217
322 218
322 219
322 220
322 221
322 222
322 223
322 224
322 225
322 226
322 227
322 228
322 229
322 230
322 231
322 232
322 233
322 234
322 235
322 236
322 237
322 238
322 239
322 240
322 241
322 242
322 243
322 244
323 195
323 196
323 197
323 198
323 199
323 200
323 201
323 202
323 203
323 204
323 205
323 206
323 207
323 208
323 209
323 210
323 211
323 212
323 213
323 214
323 215
323 216
323 217
323 218
323 219
323 220
323 221
323 222
323 223
323 224
323 225
323 226
323 227
323 228
323 229
323 230
324 183
324 184
324 185
324 186
324 187
324 188
324 189
324 190
324 191
324 192
324 193
324 194
324 195
324 196
324 197
324 198
324 199
324 200
324 201
324 202
324 203
324 204
324 205
324 206
324 207
324 208
324 209
324 210
324 211
324 212
324 213
324 214
324 215
325 173
325 174
325 175
325 176
325 177
325 178
325 179
325 180
325 181
325 182
325 183
325 184
325 185
325 186
325 187
325 188
325 189
325 190
325 191
325 192
325 193
325 194
325 195
325 196
325 197
325 198
325 199
326 166
326 167
326 168
326 169
326 170
326 171
326 172
326 173
326 174
326 175
326 176
326 177
326 178
326 179
326 180
326 181
333 264
333 265
333 266
333 267
333 268
333 269
333 270
333 271
333 272
333 273
333 274
333 275
333 276
333 277
333 278
333 279
333 280
333 281
334 247
334 248
334 249
334 250
334 251
334 252
334 253
334 254
334 255
334 256
334 257
334 258
334 259
334 260
334 261
334 262
334 263
334 264
334 265
334 266
334 267
334 268
334 269
334 270
334 271
334 272
334 273
334 274
335 231
335 232
335 233
335 234
335 235
335 236
335 237
335 238
335 239
335 240
335 241
335 242
335 243
335 244
335 245
335 246
335 247
335 248
335 249
335 250
335 251
335 252
335 253
335 254
335 255
335 256
335 257
335 258
335 259
335 260
335 261
335 262
335 263
335 264
336 217
336 218
336 219
336 220
336 221
336 222
336 223
336 224
336 225
336 226
336 227
336 228
336 229
336 230
336 231
336 232
336 233
336 234
336 235
336 236
336 237
336 238
336 239
336 240
336 241
336 242
336 243
336 244
336 245
336 246
336 247
336 248
336 249
336 250
336 251
336 252
337 203
337 204
337 205
337 206
337 207
337 208
337 209
337 210
337 211
337 212
337 213
337 214
337 215
337 216
337 217
337 218
337 219
337 220
337 221
337 222
337 223
337 224
337 225
337 226
337 227
337 228
337 229
337 230
337 231
337 232
337 233
337 234
337 235
337 236
337 237
337 238
338 191
338 192
338 193
338 194
338 195
338 196
338 197
338 198
338 199
338 200
338 201
338 202
338 203
338 204
338 205
338 206
338 207
338 208
338 209
338 210
338 211
338 212
338 213
338 214
338 215
338 216
338 217
338 218
338 219
338 220
338 221
338 222
338 223
338 224
339 180
339 181
339 182
339 183
339 184
339 185
339 186
339 187
339 188
339 189
339 190
339 191
339 192
339 193
339 194
339 195
339 196
339 197
339 198
339 199
339 200
339 201
339 202
339 203
339 204
339 205
339 206
339 207
339 208
340 171
340 172
340 173
340 174
340 175
340 176
340 177
340 178
340 179
340 180
340 181
340 182
340 183
340 184
340 185
340 186
340 187
340 188
340 189
340 190
340 191
340 192
341 167
341 168
341 169
348 260
348 261
348 262
348 263
348 264
348 265
348 266
348 267
348 268
348 269
348 270
348 271
348 272
348 273
348 274
348 275
348 276
348 277
348 278
349 243
349 244
349 245
349 246
349 247
349 248
349 249
349 250
349 251
349 252
349 253
349 254
349 255
349 256
349 257
349 258
349 259
349 260
349 261
349 262
349 263
349 264
349 265
349 266
349 267
349 268
349 269
349 270
350 228
350 229
350 230
350 231
350 232
350 233
350 234
350 235
350 236
350 237
350 238
350 239
350 240
350 241
350 242
350 243
350 244
350 245
350 246
350 247
350 248
350 249
350 250
350 251
350 252
350 253
350 254
350 255
350 256
350 257
350 258
350 259
351 213
351 214
351 215
351 216
351 217
351 218
351 219
351 220
351 221
351 222
351 223
351 224
351 225
351 226
351 227
351 228
351 229
351 230
351 231
351 232
351 233
351 234
351 235
351 236
351 237
351 238
351 239
351 240
351 241
351 242
351 243
351 244
351 245
351 246
352 200
352 201
352 202
352 203
352 204
352 205
352 206
352 207
352 208
352 209
352 210
352 211
352 212
352 213
352 214
352 215
352 216
352 217
352 218
352 219
352 220
352 221
352 222
352 223
352 224
352 225
352 226
352 227
352 228
352 229
352 230
352 231
352 232
352 233
353 188
353 189
353 190
353 191
353 192
353 193
353 194
353 195
353 196
353 197
353 198
353 199
353 200
353 201
353 202
353 203
353 204
353 205
353 206
353 207
353 208
353 209
353 210
353 211
353 212
353 213
353 214
353 215
353 216
353 217
353 218
354 177
354 178
354 179
354 180
354 181
354 182
354 183
354 184
354 185
354 186
354 187
354 188
354 189
354 190
354 191
354 192
354 193
354 194
354 195
354 196
354 197
354 198
354 199
354 200
354 201
355 169
355 170
355 171
355 172
355 173
355 174
355 175
355 176
355 177
355 178
355 179
355 180
355 181
355 182
355 183
363 256
363 257
363 258
363 259
363 260
363 261
363 262
363 263
363 264
363 265
363 266
363 267
363 268
363 269
363 270
363 271
363 272
363 273
363 274
364 239
364 240
364 241
364 242
364 243
364 244
364 245
364 246
364 247
364 248
364 249
364 250
364 251
364 252
364 253
364 254
364 255
364 256
364 257
364 258
364 259
364 260
364 261
364 262
364 263
364 264
364 265
365 224
365 225
365 226
365 227
365 228
365 229
365 230
365 231
365 232
365 233
365 234
365 235
365 236
365 237
365 238
365 239
365 240
365 241
365 242
365 243
365 244
365 245
365 246
365 247
365 248
365 249
365 250
365 251
365 252
365 253
365 254
366 210
366 211
366 212
366 213
366 214
366 215
366 216
366 217
366 218
366 219
366 220
366 221
366 222
366 223
366 224
366 225
366 226
366 227
366 228
366 229
366 230
366 231
366 232
366 233
366 234
366 235
366 236
366 237
366 238
366 239
366 240
366 241
367 197
367 198
367 199
367 200
367 201
367 202
367 203
367 204
367 205
367 206
367 207
367 208
367 209
367 210
367 211
367 212
367 213
367 214
367 215
367 216
367 217
367 218
367 219
367 220
367 221
367 222
367 223
367 224
367 225
367 226
368 185
368 186
368 187
368 188
368 189
368 190
368 191
368 192
368 193
368 194
368 195
368 196
368 197
368 198
368 199
368 200
368 201
368 202
368 203
368 204
368 205
368 206
368 207
368 208
368 209
368 210
369 175
369 176
369 177
369 178
369 179
369 180
369 181
369 182
369 183
369 184
369 185
369 186
369 187
369 188
369 189
369 190
369 191
369 192
369 193
378 253
378 254
378 255
378 256
378 257
378 258
378 259
378 260
378 261
378 262
378 263
378 264
378 265
378 266
378 267
378 268
378 269
378 270
379 236
379 237
379 238
379 239
379 240
379 241
379 242
379 243
379 244
379 245
379 246
379 247
379 248
379 249
379 250
379 251
379 252
379 253
379 254
379 255
379 256
379 257
379 258
379 259
379 260
379 261
380 221
380 222
380 223
380 224
380 225
380 226
380 227
380 228
380 229
380 230
380 231
380 232
380 233
380 234
380 235
380 236
380 237
380 238
380 239
380 240
380 241
380 242
380 243
380 244
380 245
380 246
380 247
380 248
380 249
381 207
381 208
381 209
381 210
381 211
381 212
381 213
381 214
381 215
381 216
381 217
381 218
381 219
381 220
381 221
381 222
381 223
381 224
381 225
381 226
381 227
381 228
381 229
381 230
381 231
381 232
381 233
381 234
381 235
382 194
382 195
382 196
382 197
382 198
382 199
382 200
382 201
382 202
382 203
382 204
382 205
382 206
382 207
382 208
382 209
382 210
382 211
382 212
382 213
382 214
382 215
382 216
382 217
382 218
382 219
383 183
383 184
383 185
383 186
383 187
383 188
383 189
383 190
383 191
383 192
383 193
383 194
383 195
383 196
383 197
383 198
383 199
383 200
383 201
383 202
384 174
384 175
384 176
384 177
384 178
384 179
384 180
384 181
384 182
393 250
393 251
393 252
393 253
393 254
393 255
393 256
393 257
393 258
393 259
393 260
393 261
393 262
393 263
393 264
393 265
393 266
394 234
394 235
394 236
394 237
394 238
394 239
394 240
394 241
394 242
394 243
394 244
394 245
394 246
394 247
394 248
394 249
394 250
394 251
394 252
394 253
394 254
394 255
395 219
395 220
395 221
395 222
395 223
395 224
395 225
395 226
395 227
395 228
395 229
395 230
395 231
395 232
395 233
395 234
395 235
395 236
395 237
395 238
395 239
395 240
395 241
395 242
396 205
396 206
396 207
396 208
396 209
396 210
396 211
396 212
396 213
396 214
396 215
396 216
396 217
396 218
396 219
396 220
396 221
396 222
396 223
396 224
396 225
396 226
396 227
397 192
397 193
397 194
397 195
397 196
397 197
397 198
397 199
397 200
397 201
397 202
397 203
397 204
397 205
397 206
397 207
397 208
397 209
397 210
397 211
398 182
398 183
398 184
398 185
398 186
398 187
398 188
398 189
398 190
398 191
398 192
408 248
408 249
408 250
408 251
408 252
408 253
408 254
408 255
408 256
408 257
408 258
408 259
408 260
409 232
409 233
409 234
409 235
409 236
409 237
409 238
409 239
409 240
409 241
409 242
409 243
409 244
409 245
409 246
409 247
409 248
409 249
410 217
410 218
410 219
410 220
410 221
410 222
410 223
410 224
410 225
410 226
410 227
410 228
410 229
410 230
410 231
410 232
410 233
410 234
410 235
411 204
411 205
411 206
411 207
411 208
411 209
411 210
411 211
411 212
411 213
411 214
411 215
411 216
411 217
411 218
411 219
412 193
412 194
412 195
412 196
412 197
412 198
412 199
423 248
423 249
423 250
423 251
423 252
423 253
424 232
424 233
424 234
424 235
424 236
424 237
424 238
424 239
424 240
424 241
425 219
425 220
425 221
425 222
425 223
425 224
622 105
622 106
636 108
636 109
636 110
636 111
636 112
636 113
636 114
636 115
637 96
637 97
637 98
637 99
637 100
637 101
637 102
637 103
637 104
637 105
650 117
650 118
651 100
651 101
651 102
651 103
651 104
651 105
651 106
651 107
651 108
651 109
651 110
651 111
651 112
651 113
652 90
652 91
652 92
652 93
652 94
652 95
652 96
652 97
652 98
652 99
652 100
652 101
652 102
665 106
665 107
665 108
665 109
665 110
665 111
665 112
665 113
665 114
665 115
665 116
665 117
665 118
665 119
666 93
666 94
666 95
666 96
666 97
666 98
666 99
666 100
666 101
666 102
666 103
666 104
666 105
666 106
666 107
666 108
666 109
666 110
667 84
667 85
667 86
667 87
667 88
667 89
667 90
667 91
667 92
667 93
667 94
667 95
667 96
667 97
667 98
679 115
679 116
679 117
679 118
679 119
679 120
679 121
679 122
680 99
680 100
680 101
680 102
680 103
680 104
680 105
680 106
680 107
680 108
680 109
680 110
680 111
680 112
680 113
680 114
680 115
680 116
681 88
681 89
681 90
681 91
681 92
681 93
681 94
681 95
681 96
681 97
681 98
681 99
681 100
681 101
681 102
681 103
681 104
681 105
681 106
682 80
682 81
682 82
682 83
682 84
682 85
682 86
682 87
682 88
682 89
682 90
682 91
682 92
682 93
694 106
694 107
694 108
694 109
694 110
694 111
694 112
694 113
694 114
694 115
694 116
694 117
694 118
694 119
694 120
694 121
695 92
695 93
695 94
695 95
695 96
695 97
695 98
695 99
695 100
695 101
695 102
695 103
695 104
695 105
695 106
695 107
695 108
695 109
695 110
695 111
695 112
695 113
696 82
696 83
696 84
696 85
696 86
696 87
696 88
696 89
696 90
696 91
696 92
696 93
696 94
696 95
696 96
696 97
696 98
696 99
696 100
696 101
696 102
697 75
697 76
697 77
697 78
697 79
697 80
697 81
697 82
697 83
697 84
697 85
697 86
697 87
697 88
708 115
708 116
708 117
708 118
708 119
708 120
708 121
708 122
708 123
709 99
709 100
709 101
709 102
709 103
709 104
709 105
709 106
709 107
709 108
709 109
709 110
709 111
709 112
709 113
709 114
709 115
709 116
709 117
709 118
709 119
710 87
710 88
710 89
710 90
710 91
710 92
710 93
710 94
710 95
710 96
710 97
710 98
710 99
710 100
710 101
710 102
710 103
710 104
710 105
710 106
710 107
710 108
710 109
711 78
711 79
711 80
711 81
711 82
711 83
711 84
711 85
711 86
711 87
711 88
711 89
711 90
711 91
711 92
711 93
711 94
711 95
711 96
711 97
711 98
712 72
712 73
712 74
712 75
712 76
712 77
712 78
712 79
712 80
712 81
712 82
712 83
723 106
723 107
723 108
723 109
723 110
723 111
723 112
723 113
723 114
723 115
723 116
723 117
723 118
723 119
723 120
723 121
723 122
723 123
724 92
724 93
724 94
724 95
724 96
724 97
724 98
724 99
724 100
724 101
724 102
724 103
724 104
724 105
724 106
724 107
724 108
724 109
724 110
724 111
724 112
724 113
724 114
724 115
724 116
725 82
725 83
725 84
725 85
725 86
725 87
725 88
725 89
725 90
725 91
725 92
725 93
725 94
725 95
725 96
725 97
725 98
725 99
725 100
725 101
725 102
725 103
725 104
725 105
726 73
726 74
726 75
726 76
726 77
726 78
726 79
726 80
726 81
726 82
726 83
726 84
726 85
726 86
726 87
726 88
726 89
726 90
726 91
726 92
726 93
727 70
727 71
727 72
727 73
727 74
727 75
727 76
737 116
737 117
737 118
737 119
737 120
737 121
737 122
737 123
738 99
738 100
738 101
738 102
738 103
738 104
738 105
738 106
738 107
738 108
738 109
738 110
738 111
738 112
738 113
738 114
738 115
738 116
738 117
738 118
738 119
738 120
739 87
739 88
739 89
739 90
739 91
739 92
739 93
739 94
739 95
739 96
739 97
739 98
739 99
739 100
739 101
739 102
739 103
739 104
739 105
739 106
739 107
739 108
739 109
739 110
739 111
739 112
740 77
740 78
740 79
740 80
740 81
740 82
740 83
740 84
740 85
740 86
740 87
740 88
740 89
740 90
740 91
740 92
740 93
740 94
740 95
740 96
740 97
740 98
740 99
740 100
740 101
741 69
741 70
741 71
741 72
741 73
741 74
741 75
741 76
741 77
741 78
741 79
741 80
741 81
741 82
741 83
741 84
741 85
741 86
741 87
741 88
752 107
752 108
752 109
752 110
752 111
752 112
752 113
752 114
752 115
752 116
752 117
752 118
752 119
752 120
752 121
752 122
752 123
752 124
753 93
753 94
753 95
753 96
753 97
753 98
753 99
753 100
753 101
753 102
753 103
753 104
753 105
753 106
753 107
753 108
753 109
753 110
753 111
753 112
753 113
753 114
753 115
753 116
753 117
754 82
754 83
754 84
754 85
754 86
754 87
754 88
754 89
754 90
754 91
754 92
754 93
754 94
754 95
754 96
754 97
754 98
754 99
754 100
754 101
754 102
754 103
754 104
754 105
754 106
754 107
754 108
755 72
755 73
755 74
755 75
755 76
755 77
755 78
755 79
755 80
755 81
755 82
755 83
755 84
755 85
755 86
755 87
755 88
755 89
755 90
755 91
755 92
755 93
755 94
755 95
755 96
755 97
756 66
756 67
756 68
756 69
756 70
756 71
756 72
756 73
756 74
756 75
756 76
756 77
756 78
756 79
756 80
756 81
756 82
756 83
766 120
766 121
767 100
767 101
767 102
767 103
767 104
767 105
767 106
767 107
767 108
767 109
767 110
767 111
767 112
767 113
767 114
767 115
767 116
767 117
767 118
767 119
767 120
767 121
767 122
768 87
768 88
768 89
768 90
768 91
768 92
768 93
768 94
768 95
768 96
768 97
768 98
768 99
768 100
768 101
768 102
768 103
768 104
768 105
768 106
768 107
768 108
768 109
768 110
768 111
768 112
768 113
768 114
769 77
769 78
769 79
769 80
769 81
769 82
769 83
769 84
769 85
769 86
769 87
769 88
769 89
769 90
769 91
769 92
769 93
769 94
769 95
769 96
769 97
769 98
769 99
769 100
769 101
769 102
769 103
769 104
770 68
770 69
770 70
770 71
770 72
770 73
770 74
770 75
770 76
770 77
770 78
770 79
770 80
770 81
770 82
770 83
770 84
770 85
770 86
770 87
770 88
770 89
770 90
770 91
770 92
771 63
771 64
771 65
771 66
771 67
771 68
771 69
771 70
771 71
771 72
771 73
771 74
771 75
771 76
771 77
781 109
781 110
781 111
781 112
781 113
781 114
781 115
781 116
781 117
781 118
781 119
781 120
781 121
781 122
781 123
781 124
782 94
782 95
782 96
782 97
782 98
782 99
782 100
782 101
782 102
782 103
782 104
782 105
782 106
782 107
782 108
782 109
782 110
782 111
782 112
782 113
782 114
782 115
782 116
782 117
782 118
782 119
783 82
783 83
783 84
783 85
783 86
783 87
783 88
783 89
783 90
783 91
783 92
783 93
783 94
783 95
783 96
783 97
783 98
783 99
783 100
783 101
783 102
783 103
783 104
783 105
783 106
783 107
783 108
783 109
783 110
784 72
784 73
784 74
784 75
784 76
784 77
784 78
784 79
784 80
784 81
784 82
784 83
784 84
784 85
784 86
784 87
784 88
784 89
784 90
784 91
784 92
784 93
784 94
784 95
784 96
784 97
784 98
784 99
784 100
785 65
785 66
785 67
785 68
785 69
785 70
785 71
785 72
785 73
785 74
785 75
785 76
785 77
785 78
785 79
785 80
785 81
785 82
785 83
785 84
785 85
785 86
785 87
786 62
786 63
786 64
786 65
786 66
786 67
786 68
786 69
796 102
796 103
796 104
796 105
796 106
796 107
796 108
796 109
796 110
796 111
796 112
796 113
796 114
796 115
796 116
796 117
796 118
796 119
796 120
796 121
796 122
796 123
797 88
797 89
797 90
797 91
797 92
797 93
797 94
797 95
797 96
797 97
797 98
797 99
797 100
797 101
797 102
797 103
797 104
797 105
797 106
797 107
797 108
797 109
797 110
797 111
797 112
797 113
797 114
797 115
797 116
798 77
798 78
798 79
798 80
798 81
798 82
798 83
798 84
798 85
798 86
798 87
798 88
798 89
798 90
798 91
798 92
798 93
798 94
798 95
798 96
798 97
798 98
798 99
798 100
798 101
798 102
798 103
798 104
798 105
798 106
799 68
799 69
799 70
799 71
799 72
799 73
799 74
799 75
799 76
799 77
799 78
799 79
799 80
799 81
799 82
799 83
799 84
799 85
799 86
799 87
799 88
799 89
799 90
799 91
799 92
799 93
799 94
799 95
800 62
800 63
800 64
800 65
800 66
800 67
800 68
800 69
800 70
800 71
800 72
800 73
800 74
800 75
800 76
800 77
800 78
800 79
800 80
800 81
810 111
810 112
810 113
810 114
810 115
810 116
810 117
810 118
810 119
810 120
810 121
810 122
810 123
810 124
811 95
811 96
811 97
811 98
811 99
811 100
811 101
811 102
811 103
811 104
811 105
811 106
811 107
811 108
811 109
811 110
811 111
811 112
811 113
811 114
811 115
811 116
811 117
811 118
811 119
811 120
812 83
812 84
812 85
812 86
812 87
812 88
812 89
812 90
812 91
812 92
812 93
812 94
812 95
812 96
812 97
812 98
812 99
812 100
812 101
812 102
812 103
812 104
812 105
812 106
812 107
812 108
812 109
812 110
812 111
812 112
813 73
813 74
813 75
813 76
813 77
813 78
813 79
813 80
813 81
813 82
813 83
813 84
813 85
813 86
813 87
813 88
813 89
813 90
813 91
813 92
813 93
813 94
813 95
813 96
813 97
813 98
813 99
813 100
813 101
813 102
814 64
814 65
814 66
814 67
814 68
814 69
814 70
814 71
814 72
814 73
814 74
814 75
814 76
814 77
814 78
814 79
814 80
814 81
814 82
814 83
814 84
814 85
814 86
814 87
814 88
814 89
814 90
815 59
815 60
815 61
815 62
815 63
815 64
815 65
815 66
815 67
815 68
815 69
815 70
815 71
815 72
815 73
815 74
815 75
825 104
825 105
825 106
825 107
825 108
825 109
825 110
825 111
825 112
825 113
825 114
825 115
825 116
825 117
825 118
825 119
825 120
825 121
825 122
825 123
826 90
826 91
826 92
826 93
826 94
826 95
826 96
826 97
826 98
826 99
826 100
826 101
826 102
826 103
826 104
826 105
826 106
826 107
826 108
826 109
826 110
826 111
826 112
826 113
826 114
826 115
826 116
826 117
827 78
827 79
827 80
827 81
827 82
827 83
827 84
827 85
827 86
827 87
827 88
827 89
827 90
827 91
827 92
827 93
827 94
827 95
827 96
827 97
827 98
827 99
827 100
827 101
827 102
827 103
827 104
827 105
827 106
827 107
827 108
828 69
828 70
828 71
828 72
828 73
828 74
828 75
828 76
828 77
828 78
828 79
828 80
828 81
828 82
828 83
828 84
828 85
828 86
828 87
828 88
828 89
828 90
828 91
828 92
828 93
828 94
828 95
828 96
828 97
828 98
829 61
829 62
829 63
829 64
829 65
829 66
829 67
829 68
829 69
829 70
829 71
829 72
829 73
829 74
829 75
829 76
829 77
829 78
829 79
829 80
829 81
829 82
829 83
829 84
829 85
830 58
830 59
830 60
830 61
830 62
830 63
830 64
830 65
830 66
830 67
830 68
830 69
839 115
839 116
839 117
839 118
839 119
839 120
839 121
839 122
839 123
840 97
840 98
840 99
840 100
840 101
840 102
840 103
840 104
840 105
840 106
840 107
840 108
840 109
840 110
840 111
840 112
840 113
840 114
840 115
840 116
840 117
840 118
840 119
840 120
840 121
841 85
841 86
841 87
841 88
841 89
841 90
841 91
841 92
841 93
841 94
841 95
841 96
841 97
841 98
841 99
841 100
841 101
841 102
841 103
841 104
841 105
841 106
841 107
841 108
841 109
841 110
841 111
841 112
841 113
841 114
842 74
842 75
842 76
842 77
842 78
842 79
842 80
842 81
842 82
842 83
842 84
842 85
842 86
842 87
842 88
842 89
842 90
842 91
842 92
842 93
842 94
842 95
842 96
842 97
842 98
842 99
842 100
842 101
842 102
842 103
842 104
843 65
843 66
843 67
843 68
843 69
843 70
843 71
843 72
843 73
843 74
843 75
843 76
843 77
843 78
843 79
843 80
843 81
843 82
843 83
843 84
843 85
843 86
843 87
843 88
843 89
843 90
843 91
843 92
843 93
844 58
844 59
844 60
844 61
844 62
844 63
844 64
844 65
844 66
844 67
844 68
844 69
844 70
844 71
844 72
844 73
844 74
844 75
844 76
844 77
844 78
844 79
854 106
854 107
854 108
854 109
854 110
854 111
854 112
854 113
854 114
854 115
854 116
854 117
854 118
854 119
854 120
854 121
854 122
854 123
855 92
855 93
855 94
855 95
855 96
855 97
855 98
855 99
855 100
855 101
855 102
855 103
855 104
855 105
855 106
855 107
855 108
855 109
855 110
855 111
855 112
855 113
855 114
855 115
855 116
855 117
855 118
856 80
856 81
856 82
856 83
856 84
856 85
856 86
856 87
856 88
856 89
856 90
856 91
856 92
856 93
856 94
856 95
856 96
856 97
856 98
856 99
856 100
856 101
856 102
856 103
856 104
856 105
856 106
856 107
856 108
856 109
856 110
857 70
857 71
857 72
857 73
857 74
857 75
857 76
857 77
857 78
857 79
857 80
857 81
857 82
857 83
857 84
857 85
857 86
857 87
857 88
857 89
857 90
857 91
857 92
857 93
857 94
857 95
857 96
857 97
857 98
857 99
857 100
858 61
858 62
858 63
858 64
858 65
858 66
858 67
858 68
858 69
858 70
858 71
858 72
858 73
858 74
858 75
858 76
858 77
858 78
858 79
858 80
858 81
858 82
858 83
858 84
858 85
858 86
858 87
858 88
859 56
859 57
859 58
859 59
859 60
859 61
859 62
859 63
859 64
859 65
859 66
859 67
859 68
859 69
859 70
859 71
859 72
859 73
869 100
869 101
869 102
869 103
869 104
869 105
869 106
869 107
869 108
869 109
869 110
869 111
869 112
869 113
869 114
869 115
869 116
869 117
869 118
869 119
869 120
869 121
870 86
870 87
870 88
870 89
870 90
870 91
870 92
870 93
870 94
870 95
870 96
870 97
870 98
870 99
870 100
870 101
870 102
870 103
870 104
870 105
870 106
870 107
870 108
870 109
870 110
870 111
870 112
870 113
870 114
870 115
871 75
871 76
871 77
871 78
871 79
871 80
871 81
871 82
871 83
871 84
871 85
871 86
871 87
871 88
871 89
871 90
871 91
871 92
871 93
871 94
871 95
871 96
871 97
871 98
871 99
871 100
871 101
871 102
871 103
871 104
871 105
871 106
872 66
872 67
872 68
872 69
872 70
872 71
872 72
872 73
872 74
872 75
872 76
872 77
872 78
872 79
872 80
872 81
872 82
872 83
872 84
872 85
872 86
872 87
872 88
872 89
872 90
872 91
872 92
872 93
872 94
872 95
873 58
873 59
873 60
873 61
873 62
873 63
873 64
873 65
873 66
873 67
873 68
873 69
873 70
873 71
873 72
873 73
873 74
873 75
873 76
873 77
873 78
873 79
873 80
873 81
873 82
873 83
874 55
874 56
874 57
874 58
874 59
874 60
874 61
874 62
874 63
874 64
874 65
874 66
883 110
883 111
883 112
883 113
883 114
883 115
883 116
883 117
883 118
883 119
883 120
883 121
883 122
884 94
884 95
884 96
884 97
884 98
884 99
884 100
884 101
884 102
884 103
884 104
884 105
884 106
884 107
884 108
884 109
884 110
884 111
884 112
884 113
884 114
884 115
884 116
884 117
884 118
884 119
885 81
885 82
885 83
885 84
885 85
885 86
885 87
885 88
885 89
885 90
885 91
885 92
885 93
885 94
885 95
885 96
885 97
885 98
885 99
885 100
885 101
885 102
885 103
885 104
885 105
885 106
885 107
885 108
885 109
885 110
885 111
886 71
886 72
886 73
886 74
886 75
886 76
886 77
886 78
886 79
886 80
886 81
886 82
886 83
886 84
886 85
886 86
886 87
886 88
886 89
886 90
886 91
886 92
886 93
886 94
886 95
886 96
886 97
886 98
886 99
886 100
886 101
886 102
887 62
887 63
887 64
887 65
887 66
887 67
887 68
887 69
887 70
887 71
887 72
887 73
887 74
887 75
887 76
887 77
887 78
887 79
887 80
887 81
887 82
887 83
887 84
887 85
887 86
887 87
887 88
887 89
887 90
887 91
888 56
888 57
888 58
888 59
888 60
888 61
888 62
888 63
888 64
888 65
888 66
888 67
888 68
888 69
888 70
888 71
888 72
888 73
888 74
888 75
888 76
888 77
898 102
898 103
898 104
898 105
898 106
898 107
898 108
898 109
898 110
898 111
898 112
898 113
898 114
898 115
898 116
898 117
898 118
898 119
898 120
898 121
899 89
899 90
899 91
899 92
899 93
899 94
899 95
899 96
899 97
899 98
899 99
899 100
899 101
899 102
899 103
899 104
899 105
899 106
899 107
899 108
899 109
899 110
899 111
899 112
899 113
899 114
899 115
899 116
900 77
900 78
900 79
900 80
900 81
900 82
900 83
900 84
900 85
900 86
900 87
900 88
900 89
900 90
900 91
900 92
900 93
900 94
900 95
900 96
900 97
900 98
900 99
900 100
900 101
900 102
900 103
900 104
900 105
900 106
900 107
900 108
901 67
901 68
901 69
901 70
901 71
901 72
901 73
901 74
901 75
901 76
901 77
901 78
901 79
901 80
901 81
901 82
901 83
901 84
901 85
901 86
901 87
901 88
901 89
901 90
901 91
901 92
901 93
901 94
901 95
901 96
901 97
901 98
902 59
902 60
902 61
902 62
902 63
902 64
902 65
902 66
902 67
902 68
902 69
902 70
902 71
902 72
902 73
902 74
902 75
902 76
902 77
902 78
902 79
902 80
902 81
902 82
902 83
902 84
902 85
902 86
903 54
903 55
903 56
903 57
903 58
903 59
903 60
903 61
903 62
903 63
903 64
903 65
903 66
903 67
903 68
903 69
903 70
903 71
909 252
909 253
909 254
909 255
909 256
909 257
909 258
909 259
909 260
909 261
910 244
910 245
910 246
910 247
910 248
910 249
910 250
910 251
912 115
912 116
912 117
912 118
912 119
912 120
913 96
913 97
913 98
913 99
913 100
913 101
913 102
913 103
913 104
913 105
913 106
913 107
913 108
913 109
913 110
913 111
913 112
913 113
913 114
913 115
913 116
913 117
913 118
913 119
914 84
914 85
914 86
914 87
914 88
914 89
914 90
914 91
914 92
914 93
914 94
914 95
914 96
914 97
914 98
914 99
914 100
914 101
914 102
914 103
914 104
914 105
914 106
914 107
914 108
914 109
914 110
914 111
914 112
914 113
915 73
915 74
915 75
915 76
915 77
915 78
915 79
915 80
915 81
915 82
915 83
915 84
915 85
915 86
915 87
915 88
915 89
915 90
915 91
915 92
915 93
915 94
915 95
915 96
915 97
915 98
915 99
915 100
915 101
915 102
915 103
915 104
916 63
916 64
916 65
916 66
916 67
916 68
916 69
916 70
916 71
916 72
916 73
916 74
916 75
916 76
916 77
916 78
916 79
916 80
916 81
916 82
916 83
916 84
916 85
916 86
916 87
916 88
916 89
916 90
916 91
916 92
916 93
917 56
917 57
917 58
917 59
917 60
917 61
917 62
917 63
917 64
917 65
917 66
917 67
917 68
917 69
917 70
917 71
917 72
917 73
917 74
917 75
917 76
917 77
917 78
917 79
917 80
918 54
918 55
918 56
918 57
918 58
918 59
918 60
918 61
918 62
918 63
923 259
923 260
923 261
923 262
923 263
923 264
923 265
923 266
923 267
923 268
924 247
924 248
924 249
924 250
924 251
924 252
924 253
924 254
924 255
924 256
924 257
924 258
924 259
924 260
924 261
925 239
925 240
925 241
925 242
925 243
925 244
925 245
925 246
925 247
925 248
925 249
925 250
927 106
927 107
927 108
927 109
927 110
927 111
927 112
927 113
927 114
927 115
927 116
927 117
927 118
927 119
927 120
928 91
928 92
928 93
928 94
928 95
928 96
928 97
928 98
928 99
928 100
928 101
928 102
928 103
928 104
928 105
928 106
928 107
928 108
928 109
928 110
928 111
928 112
928 113
928 114
928 115
928 116
929 79
929 80
929 81
929 82
929 83
929 84
929 85
929 86
929 87
929 88
929 89
929 90
929 91
929 92
929 93
929 94
929 95
929 96
929 97
929 98
929 99
929 100
929 101
929 102
929 103
929 104
929 105
929 106
929 107
929 108
929 109
930 69
930 70
930 71
930 72
930 73
930 74
930 75
930 76
930 77
930 78
930 79
930 80
930 81
930 82
930 83
930 84
930 85
930 86
930 87
930 88
930 89
930 90
930 91
930 92
930 93
930 94
930 95
930 96
930 97
930 98
930 99
931 60
931 61
931 62
931 63
931 64
931 65
931 66
931 67
931 68
931 69
931 70
931 71
931 72
931 73
931 74
931 75
931 76
931 77
931 78
931 79
931 80
931 81
931 82
931 83
931 84
931 85
931 86
931 87
931 88
932 54
932 55
932 56
932 57
932 58
932 59
932 60
932 61
932 62
932 63
932 64
932 65
932 66
932 67
932 68
932 69
932 70
932 71
932 72
932 73
932 74
938 253
938 254
938 255
938 256
938 257
938 258
938 259
938 260
938 261
938 262
938 263
938 264
938 265
938 266
938 267
938 268
939 243
939 244
939 245
939 246
939 247
939 248
939 249
939 250
939 251
939 252
939 253
939 254
939 255
939 256
939 257
939 258
939 259
940 235
940 236
940 237
940 238
940 239
940 240
940 241
940 242
940 243
940 244
940 245
940 246
940 247
940 248
942 100
942 101
942 102
942 103
942 104
942 105
942 106
942 107
942 108
942 109
942 110
942 111
942 112
942 113
942 114
942 115
942 116
942 117
942 118
942 119
943 86
943 87
943 88
943 89
943 90
943 91
943 92
943 93
943 94
943 95
943 96
943 97
943 98
943 99
943 100
943 101
943 102
943 103
943 104
943 105
943 106
943 107
943 108
943 109
943 110
943 111
943 112
943 113
944 75
944 76
944 77
944 78
944 79
944 80
944 81
944 82
944 83
944 84
944 85
944 86
944 87
944 88
944 89
944 90
944 91
944 92
944 93
944 94
944 95
944 96
944 97
944 98
944 99
944 100
944 101
944 102
944 103
944 104
944 105
945 65
945 66
945 67
945 68
945 69
945 70
945 71
945 72
945 73
945 74
945 75
945 76
945 77
945 78
945 79
945 80
945 81
945 82
945 83
945 84
945 85
945 86
945 87
945 88
945 89
945 90
945 91
945 92
945 93
945 94
945 95
946 57
946 58
946 59
946 60
946 61
946 62
946 63
946 64
946 65
946 66
946 67
946 68
946 69
946 70
946 71
946 72
946 73
946 74
946 75
946 76
946 77
946 78
946 79
946 80
946 81
946 82
946 83
947 53
947 54
947 55
947 56
947 57
947 58
947 59
947 60
947 61
947 62
947 63
947 64
947 65
947 66
947 67
947 68
952 261
952 262
952 263
952 264
952 265
952 266
952 267
952 268
952 269
952 270
952 271
952 272
952 273
953 248
953 249
953 250
953 251
953 252
953 253
953 254
953 255
953 256
953 257
953 258
953 259
953 260
953 261
953 262
953 263
953 264
953 265
953 266
954 239
954 240
954 241
954 242
954 243
954 244
954 245
954 246
954 247
954 248
954 249
954 250
954 251
954 252
954 253
954 254
954 255
954 256
954 257
955 232
955 233
955 234
955 235
955 236
955 237
955 238
955 239
955 240
955 241
955 242
955 243
955 244
955 245
956 111
956 112
956 113
956 114
956 115
956 116
956 117
956 118
957 94
957 95
957 96
957 97
957 98
957 99
957 100
957 101
957 102
957 103
957 104
957 105
957 106
957 107
957 108
957 109
957 110
957 111
957 112
957 113
957 114
957 115
957 116
957 117
958 81
958 82
958 83
958 84
958 85
958 86
958 87
958 88
958 89
958 90
958 91
958 92
958 93
958 94
958 95
958 96
958 97
958 98
958 99
958 100
958 101
958 102
958 103
958 104
958 105
958 106
958 107
958 108
958 109
958 110
959 71
959 72
959 73
959 74
959 75
959 76
959 77
959 78
959 79
959 80
959 81
959 82
959 83
959 84
959 85
959 86
959 87
959 88
959 89
959 90
959 91
959 92
959 93
959 94
959 95
959 96
959 97
959 98
959 99
959 100
959 101
960 62
960 63
960 64
960 65
960 66
960 67
960 68
960 69
960 70
960 71
960 72
960 73
960 74
960 75
960 76
960 77
960 78
960 79
960 80
960 81
960 82
960 83
960 84
960 85
960 86
960 87
960 88
960 89
960 90
961 55
961 56
961 57
961 58
961 59
961 60
961 61
961 62
961 63
961 64
961 65
961 66
961 67
961 68
961 69
961 70
961 71
961 72
961 73
961 74
961 75
961 76
961 77
962 56
962 57
967 255
967 256
967 257
967 258
967 259
967 260
967 261
967 262
967 263
967 264
967 265
967 266
967 267
967 268
967 269
967 270
967 271
967 272
968 244
968 245
968 246
968 247
968 248
968 249
968 250
968 251
968 252
968 253
968 254
968 255
968 256
968 257
968 258
968 259
968 260
968 261
968 262
968 263
968 264
968 265
969 235
969 236
969 237
969 238
969 239
969 240
969 241
969 242
969 243
969 244
969 245
969 246
969 247
969 248
969 249
969 250
969 251
969 252
969 253
969 254
969 255
970 229
970 230
970 231
970 232
970 233
970 234
970 235
970 236
970 237
970 238
970 239
970 240
970 241
970 242
971 103
971 104
971 105
971 106
971 107
971 108
971 109
971 110
971 111
971 112
971 113
971 114
971 115
971 116
971 117
971 118
972 89
972 90
972 91
972 92
972 93
972 94
972 95
972 96
972 97
972 98
972 99
972 100
972 101
972 102
972 103
972 104
972 105
972 106
972 107
972 108
972 109
972 110
972 111
972 112
972 113
972 114
973 77
973 78
973 79
973 80
973 81
973 82
973 83
973 84
973 85
973 86
973 87
973 88
973 89
973 90
973 91
973 92
973 93
973 94
973 95
973 96
973 97
973 98
973 99
973 100
973 101
973 102
973 103
973 104
973 105
973 106
974 67
974 68
974 69
974 70
974 71
974 72
974 73
974 74
974 75
974 76
974 77
974 78
974 79
974 80
974 81
974 82
974 83
974 84
974 85
974 86
974 87
974 88
974 89
974 90
974 91
974 92
974 93
974 94
974 95
974 96
974 97
975 59
975 60
975 61
975 62
975 63
975 64
975 65
975 66
975 67
975 68
975 69
975 70
975 71
975 72
975 73
975 74
975 75
975 76
975 77
975 78
975 79
975 80
975 81
975 82
975 83
975 84
975 85
976 53
976 54
976 55
976 56
976 57
976 58
976 59
976 60
976 61
976 62
976 63
976 64
976 65
976 66
976 67
976 68
976 69
976 70
976 71
981 264
981 265
981 266
981 267
981 268
981 269
981 270
981 271
981 272
981 273
981 274
981 275
981 276
982 250
982 251
982 252
982 253
982 254
982 255
982 256
982 257
982 258
982 259
982 260
982 261
982 262
982 263
982 264
982 265
982 266
982 267
982 268
982 269
982 270
982 271
983 240
983 241
983 242
983 243
983 244
983 245
983 246
983 247
983 248
983 249
983 250
983 251
983 252
983 253
983 254
983 255
983 256
983 257
983 258
983 259
983 260
983 261
983 262
984 231
984 232
984 233
984 234
984 235
984 236
984 237
984 238
984 239
984 240
984 241
984 242
984 243
984 244
984 245
984 246
984 247
984 248
984 249
984 250
984 251
984 252
985 226
985 227
985 228
985 229
985 230
985 231
985 232
985 233
985 234
985 235
985 236
985 237
985 238
985 239
986 97
986 98
986 99
986 100
986 101
986 102
986 103
986 104
986 105
986 106
986 107
986 108
986 109
986 110
986 111
986 112
986 113
986 114
986 115
986 116
987 84
987 85
987 86
987 87
987 88
987 89
987 90
987 91
987 92
987 93
987 94
987 95
987 96
987 97
987 98
987 99
987 100
987 101
987 102
987 103
987 104
987 105
987 106
987 107
987 108
987 109
987 110
987 111
988 73
988 74
988 75
988 76
988 77
988 78
988 79
988 80
988 81
988 82
988 83
988 84
988 85
988 86
988 87
988 88
988 89
988 90
988 91
988 92
988 93
988 94
988 95
988 96
988 97
988 98
988 99
988 100
988 101
988 102
989 63
989 64
989 65
989 66
989 67
989 68
989 69
989 70
989 71
989 72
989 73
989 74
989 75
989 76
989 77
989 78
989 79
989 80
989 81
989 82
989 83
989 84
989 85
989 86
989 87
989 88
989 89
989 90
989 91
989 92
990 56
990 57
990 58
990 59
990 60
990 61
990 62
990 63
990 64
990 65
990 66
990 67
990 68
990 69
990 70
990 71
990 72
990 73
990 74
990 75
990 76
990 77
990 78
990 79
990 80
991 53
991 54
991 55
991 56
991 57
991 58
991 59
991 60
991 61
991 62
991 63
996 258
996 259
996 260
996 261
996 262
996 263
996 264
996 265
996 266
996 267
996 268
996 269
996 270
996 271
996 272
996 273
996 274
996 275
996 276
997 246
997 247
997 248
997 249
997 250
997 251
997 252
997 253
997 254
997 255
997 256
997 257
997 258
997 259
997 260
997 261
997 262
997 263
997 264
997 265
997 266
997 267
997 268
997 269
998 236
998 237
998 238
998 239
998 240
998 241
998 242
998 243
998 244
998 245
998 246
998 247
998 248
998 249
998 250
998 251
998 252
998 253
998 254
998 255
998 256
998 257
998 258
998 259
998 260
999 228
999 229
999 230
999 231
999 232
999 233
999 234
999 235
999 236
999 237
999 238
999 239
999 240
999 241
999 242
999 243
999 244
999 245
999 246
999 247
999 248
999 249
1000 109
1000 110
1000 111
1000 112
1000 113
1000 114
1000 115
1000 116
1000 223
1000 224
1000 225
1000 226
1000 227
1000 228
1000 229
1000 230
1000 231
1000 232
1000 233
1000 234
1000 235
1001 92
1001 93
1001 94
1001 95
1001 96
1001 97
1001 98
1001 99
1001 100
1001 101
1001 102
1001 103
1001 104
1001 105
1001 106
1001 107
1001 108
1001 109
1001 110
1001 111
1001 112
1001 113
1001 114
1002 80
1002 81
1002 82
1002 83
1002 84
1002 85
1002 86
1002 87
1002 88
1002 89
1002 90
1002 91
1002 92
1002 93
1002 94
1002 95
1002 96
1002 97
1002 98
1002 99
1002 100
1002 101
1002 102
1002 103
1002 104
1002 105
1002 106
1002 107
1003 69
1003 70
1003 71
1003 72
1003 73
1003 74
1003 75
1003 76
1003 77
1003 78
1003 79
1003 80
1003 81
1003 82
1003 83
1003 84
1003 85
1003 86
1003 87
1003 88
1003 89
1003 90
1003 91
1003 92
1003 93
1003 94
1003 95
1003 96
1003 97
1003 98
1004 60
1004 61
1004 62
1004 63
1004 64
1004 65
1004 66
1004 67
1004 68
1004 69
1004 70
1004 71
1004 72
1004 73
1004 74
1004 75
1004 76
1004 77
1004 78
1004 79
1004 80
1004 81
1004 82
1004 83
1004 84
1004 85
1004 86
1004 87
1005 54
1005 55
1005 56
1005 57
1005 58
1005 59
1005 60
1005 61
1005 62
1005 63
1005 64
1005 65
1005 66
1005 67
1005 68
1005 69
1005 70
1005 71
1005 72
1005 73
1005 74
1010 268
1010 269
1010 270
1010 271
1010 272
1010 273
1010 274
1010 275
1010 276
1010 277
1010 278
1010 279
1011 253
1011 254
1011 255
1011 256
1011 257
1011 258
1011 259
1011 260
1011 261
1011 262
1011 263
1011 264
1011 265
1011 266
1011 267
1011 268
1011 269
1011 270
1011 271
1011 272
1011 273
1011 274
1011 275
1012 242
1012 243
1012 244
1012 245
1012 246
1012 247
1012 248
1012 249
1012 250
1012 251
1012 252
1012 253
1012 254
1012 255
1012 256
1012 257
1012 258
1012 259
1012 260
1012 261
1012 262
1012 263
1012 264
1012 265
1012 266
1012 267
1013 232
1013 233
1013 234
1013 235
1013 236
1013 237
1013 238
1013 239
1013 240
1013 241
1013 242
1013 243
1013 244
1013 245
1013 246
1013 247
1013 248
1013 249
1013 250
1013 251
1013 252
1013 253
1013 254
1013 255
1013 256
1013 257
1014 225
1014 226
1014 227
1014 228
1014 229
1014 230
1014 231
1014 232
1014 233
1014 234
1014 235
1014 236
1014 237
1014 238
1014 239
1014 240
1014 241
1014 242
1014 243
1014 244
1014 245
1014 246
1015 102
1015 103
1015 104
1015 105
1015 106
1015 107
1015 108
1015 109
1015 110
1015 111
1015 112
1015 113
1015 114
1015 115
1015 221
1015 222
1015 223
1015 224
1015 225
1015 226
1015 227
1015 228
1015 229
1015 230
1015 231
1016 87
1016 88
1016 89
1016 90
1016 91
1016 92
1016 93
1016 94
1016 95
1016 96
1016 97
1016 98
1016 99
1016 100
1016 101
1016 102
1016 103
1016 104
1016 105
1016 106
1016 107
1016 108
1016 109
1016 110
1016 111
1017 76
1017 77
1017 78
1017 79
1017 80
1017 81
1017 82
1017 83
1017 84
1017 85
1017 86
1017 87
1017 88
1017 89
1017 90
1017 91
1017 92
1017 93
1017 94
1017 95
1017 96
1017 97
1017 98
1017 99
1017 100
1017 101
1017 102
1017 103
1018 66
1018 67
1018 68
1018 69
1018 70
1018 71
1018 72
1018 73
1018 74
1018 75
1018 76
1018 77
1018 78
1018 79
1018 80
1018 81
1018 82
1018 83
1018 84
1018 85
1018 86
1018 87
1018 88
1018 89
1018 90
1018 91
1018 92
1018 93
1019 58
1019 59
1019 60
1019 61
1019 62
1019 63
1019 64
1019 65
1019 66
1019 67
1019 68
1019 69
1019 70
1019 71
1019 72
1019 73
1019 74
1019 75
1019 76
1019 77
1019 78
1019 79
1019 80
1019 81
1019 82
1020 54
1020 55
1020 56
1020 57
1020 58
1020 59
1020 60
1020 61
1020 62
1020 63
1020 64
1020 65
1020 66
1020 67
1025 262
1025 263
1025 264
1025 265
1025 266
1025 267
1025 268
1025 269
1025 270
1025 271
1025 272
1025 273
1025 274
1025 275
1025 276
1025 277
1025 278
1025 279
1026 249
1026 250
1026 251
1026 252
1026 253
1026 254
1026 255
1026 256
1026 257
1026 258
1026 259
1026 260
1026 261
1026 262
1026 263
1026 264
1026 265
1026 266
1026 267
1026 268
1026 269
1026 270
1026 271
1026 272
1026 273
1027 238
1027 239
1027 240
1027 241
1027 242
1027 243
1027 244
1027 245
1027 246
1027 247
1027 248
1027 249
1027 250
1027 251
1027 252
1027 253
1027 254
1027 255
1027 256
1027 257
1027 258
1027 259
1027 260
1027 261
1027 262
1027 263
1027 264
1027 265
1028 229
1028 230
1028 231
1028 232
1028 233
1028 234
1028 235
1028 236
1028 237
1028 238
1028 239
1028 240
1028 241
1028 242
1028 243
1028 244
1028 245
1028 246
1028 247
1028 248
1028 249
1028 250
1028 251
1028 252
1028 253
1028 254
1029 222
1029 223
1029 224
1029 225
1029 226
1029 227
1029 228
1029 229
1029 230
1029 231
1029 232
1029 233
1029 234
1029 235
1029 236
1029 237
1029 238
1029 239
1029 240
1029 241
1029 242
1030 96
1030 97
1030 98
1030 99
1030 100
1030 101
1030 102
1030 103
1030 104
1030 105
1030 106
1030 107
1030 108
1030 109
1030 110
1030 111
1030 112
1030 113
1030 219
1030 220
1030 221
1030 222
1030 223
1030 224
1030 225
1030 226
1030 227
1031 83
1031 84
1031 85
1031 86
1031 87
1031 88
1031 89
1031 90
1031 91
1031 92
1031 93
1031 94
1031 95
1031 96
1031 97
1031 98
1031 99
1031 100
1031 101
1031 102
1031 103
1031 104
1031 105
1031 106
1031 107
1032 72
1032 73
1032 74
1032 75
1032 76
1032 77
1032 78
1032 79
1032 80
1032 81
1032 82
1032 83
1032 84
1032 85
1032 86
1032 87
1032 88
1032 89
1032 90
1032 91
1032 92
1032 93
1032 94
1032 95
1032 96
1032 97
1032 98
1032 99
1033 63
1033 64
1033 65
1033 66
1033 67
1033 68
1033 69
1033 70
1033 71
1033 72
1033 73
1033 74
1033 75
1033 76
1033 77
1033 78
1033 79
1033 80
1033 81
1033 82
1033 83
1033 84
1033 85
1033 86
1033 87
1033 88
1033 89
1034 56
1034 57
1034 58
1034 59
1034 60
1034 61
1034 62
1034 63
1034 64
1034 65
1034 66
1034 67
1034 68
1034 69
1034 70
1034 71
1034 72
1034 73
1034 74
1034 75
1034 76
1039 273
1039 274
1039 275
1039 276
1039 277
1039 278
1039 279
1039 280
1040 256
1040 257
1040 258
1040 259
1040 260
1040 261
1040 262
1040 263
1040 264
1040 265
1040 266
1040 267
1040 268
1040 269
1040 270
1040 271
1040 272
1040 273
1040 274
1040 275
1040 276
1040 277
1040 278
1041 244
1041 245
1041 246
1041 247
1041 248
1041 249
1041 250
1041 251
1041 252
1041 253
1041 254
1041 255
1041 256
1041 257
1041 258
1041 259
1041 260
1041 261
1041 262
1041 263
1041 264
1041 265
1041 266
1041 267
1041 268
1041 269
1041 270
1041 271
1042 234
1042 235
1042 236
1042 237
1042 238
1042 239
1042 240
1042 241
1042 242
1042 243
1042 244
1042 245
1042 246
1042 247
1042 248
1042 249
1042 250
1042 251
1042 252
1042 253
1042 254
1042 255
1042 256
1042 257
1042 258
1042 259
1042 260
1042 261
1042 262
1043 225
1043 226
1043 227
1043 228
1043 229
1043 230
1043 231
1043 232
1043 233
1043 234
1043 235
1043 236
1043 237
1043 238
1043 239
1043 240
1043 241
1043 242
1043 243
1043 244
1043 245
1043 246
1043 247
1043 248
1043 249
1043 250
1043 251
1044 110
1044 219
1044 220
1044 221
1044 222
1044 223
1044 224
1044 225
1044 226
1044 227
1044 228
1044 229
1044 230
1044 231
1044 232
1044 233
1044 234
1044 235
1044 236
1044 237
1044 238
1044 239
1045 91
1045 92
1045 93
1045 94
1045 95
1045 96
1045 97
1045 98
1045 99
1045 100
1045 101
1045 102
1045 103
1045 104
1045 105
1045 106
1045 107
1045 108
1045 109
1045 110
1046 79
1046 80
1046 81
1046 82
1046 83
1046 84
1046 85
1046 86
1046 87
1046 88
1046 89
1046 90
1046 91
1046 92
1046 93
1046 94
1046 95
1046 96
1046 97
1046 98
1046 99
1046 100
1046 101
1046 102
1046 103
1046 104
1047 68
1047 69
1047 70
1047 71
1047 72
1047 73
1047 74
1047 75
1047 76
1047 77
1047 78
1047 79
1047 80
1047 81
1047 82
1047 83
1047 84
1047 85
1047 86
1047 87
1047 88
1047 89
1047 90
1047 91
1047 92
1047 93
1047 94
1047 95
1048 60
1048 61
1048 62
1048 63
1048 64
1048 65
1048 66
1048 67
1048 68
1048 69
1048 70
1048 71
1048 72
1048 73
1048 74
1048 75
1048 76
1048 77
1048 78
1048 79
1048 80
1048 81
1048 82
1048 83
1048 84
1049 55
1049 56
1049 57
1049 58
1049 59
1049 60
1049 61
1049 62
1049 63
1049 64
1049 65
1049 66
1049 67
1049 68
1049 69
1054 266
1054 267
1054 268
1054 269
1054 270
1054 271
1054 272
1054 273
1054 274
1054 275
1054 276
1054 277
1054 278
1054 279
1054 280
1054 281
1055 252
1055 253
1055 254
1055 255
1055 256
1055 257
1055 258
1055 259
1055 260
1055 261
1055 262
1055 263
1055 264
1055 265
1055 266
1055 267
1055 268
1055 269
1055 270
1055 271
1055 272
1055 273
1055 274
1055 275
1055 276
1055 277
1056 240
1056 241
1056 242
1056 243
1056 244
1056 245
1056 246
1056 247
1056 248
1056 249
1056 250
1056 251
1056 252
1056 253
1056 254
1056 255
1056 256
1056 257
1056 258
1056 259
1056 260
1056 261
1056 262
1056 263
1056 264
1056 265
1056 266
1056 267
1056 268
1056 269
1057 230
1057 231
1057 232
1057 233
1057 234
1057 235
1057 236
1057 237
1057 238
1057 239
1057 240
1057 241
1057 242
1057 243
1057 244
1057 245
1057 246
1057 247
1057 248
1057 249
1057 250
1057 251
1057 252
1057 253
1057 254
1057 255
1057 256
1057 257
1057 258
1057 259
1058 222
1058 223
1058 224
1058 225
1058 226
1058 227
1058 228
1058 229
1058 230
1058 231
1058 232
1058 233
1058 234
1058 235
1058 236
1058 237
1058 238
1058 239
1058 240
1058 241
1058 242
1058 243
1058 244
1058 245
1058 246
1058 247
1058 248
1059 101
1059 102
1059 103
1059 104
1059 105
1059 106
1059 107
1059 108
1059 109
1059 110
1059 111
1059 216
1059 217
1059 218
1059 219
1059 220
1059 221
1059 222
1059 223
1059 224
1059 225
1059 226
1059 227
1059 228
1059 229
1059 230
1059 231
1059 232
1059 233
1059 234
1059 235
1060 86
1060 87
1060 88
1060 89
1060 90
1060 91
1060 92
1060 93
1060 94
1060 95
1060 96
1060 97
1060 98
1060 99
1060 100
1060 101
1060 102
1060 103
1060 104
1060 105
1060 106
1060 107
1061 75
1061 76
1061 77
1061 78
1061 79
1061 80
1061 81
1061 82
1061 83
1061 84
1061 85
1061 86
1061 87
1061 88
1061 89
1061 90
1061 91
1061 92
1061 93
1061 94
1061 95
1061 96
1061 97
1061 98
1061 99
1061 100
1062 65
1062 66
1062 67
1062 68
1062 69
1062 70
1062 71
1062 72
1062 73
1062 74
1062 75
1062 76
1062 77
1062 78
1062 79
1062 80
1062 81
1062 82
1062 83
1062 84
1062 85
1062 86
1062 87
1062 88
1062 89
1062 90
1063 58
1063 59
1063 60
1063 61
1063 62
1063 63
1063 64
1063 65
1063 66
1063 67
1063 68
1063 69
1063 70
1063 71
1063 72
1063 73
1063 74
1063 75
1063 76
1063 77
1063 78
1069 260
1069 261
1069 262
1069 263
1069 264
1069 265
1069 266
1069 267
1069 268
1069 269
1069 270
1069 271
1069 272
1069 273
1069 274
1069 275
1069 276
1069 277
1069 278
1069 279
1069 280
1069 281
1070 247
1070 248
1070 249
1070 250
1070 251
1070 252
1070 253
1070 254
1070 255
1070 256
1070 257
1070 258
1070 259
1070 260
1070 261
1070 262
1070 263
1070 264
1070 265
1070 266
1070 267
1070 268
1070 269
1070 270
1070 271
1070 272
1070 273
1070 274
1070 275
1071 236
1071 237
1071 238
1071 239
1071 240
1071 241
1071 242
1071 243
1071 244
1071 245
1071 246
1071 247
1071 248
1071 249
1071 250
1071 251
1071 252
1071 253
1071 254
1071 255
1071 256
1071 257
1071 258
1071 259
1071 260
1071 261
1071 262
1071 263
1071 264
1071 265
1071 266
1072 227
1072 228
1072 229
1072 230
1072 231
1072 232
1072 233
1072 234
1072 235
1072 236
1072 237
1072 238
1072 239
1072 240
1072 241
1072 242
1072 243
1072 244
1072 245
1072 246
1072 247
1072 248
1072 249
1072 250
1072 251
1072 252
1072 253
1072 254
1072 255
1072 256
1073 219
1073 220
1073 221
1073 222
1073 223
1073 224
1073 225
1073 226
1073 227
1073 228
1073 229
1073 230
1073 231
1073 232
1073 233
1073 234
1073 235
1073 236
1073 237
1073 238
1073 239
1073 240
1073 241
1073 242
1073 243
1073 244
1074 96
1074 97
1074 98
1074 99
1074 100
1074 101
1074 102
1074 103
1074 104
1074 105
1074 106
1074 107
1074 108
1074 109
1074 214
1074 215
1074 216
1074 217
1074 218
1074 219
1074 220
1074 221
1074 222
1074 223
1074 224
1074 225
1074 226
1074 227
1074 228
1074 229
1074 230
1074 231
1075 82
1075 83
1075 84
1075 85
1075 86
1075 87
1075 88
1075 89
1075 90
1075 91
1075 92
1075 93
1075 94
1075 95
1075 96
1075 97
1075 98
1075 99
1075 100
1075 101
1075 102
1075 103
1075 104
1076 71
1076 72
1076 73
1076 74
1076 75
1076 76
1076 77
1076 78
1076 79
1076 80
1076 81
1076 82
1076 83
1076 84
1076 85
1076 86
1076 87
1076 88
1076 89
1076 90
1076 91
1076 92
1076 93
1076 94
1076 95
1077 63
1077 64
1077 65
1077 66
1077 67
1077 68
1077 69
1077 70
1077 71
1077 72
1077 73
1077 74
1077 75
1077 76
1077 77
1077 78
1077 79
1077 80
1077 81
1077 82
1077 83
1077 84
1077 85
1078 57
1078 58
1078 59
1078 60
1078 61
1078 62
1078 63
1078 64
1078 65
1078 66
1078 67
1078 68
1078 69
1078 70
1078 71
1083 271
1083 272
1083 273
1083 274
1083 275
1083 276
1083 277
1083 278
1083 279
1083 280
1083 281
1083 282
1083 283
1084 255
1084 256
1084 257
1084 258
1084 259
1084 260
1084 261
1084 262
1084 263
1084 264
1084 265
1084 266
1084 267
1084 268
1084 269
1084 270
1084 271
1084 272
1084 273
1084 274
1084 275
1084 276
1084 277
1084 278
1084 279
1084 280
1085 243
1085 244
1085 245
1085 246
1085 247
1085 248
1085 249
1085 250
1085 251
1085 252
1085 253
1085 254
1085 255
1085 256
1085 257
1085 258
1085 259
1085 260
1085 261
1085 262
1085 263
1085 264
1085 265
1085 266
1085 267
1085 268
1085 269
1085 270
1085 271
1085 272
1086 232
1086 233
1086 234
1086 235
1086 236
1086 237
1086 238
1086 239
1086 240
1086 241
1086 242
1086 243
1086 244
1086 245
1086 246
1086 247
1086 248
1086 249
1086 250
1086 251
1086 252
1086 253
1086 254
1086 255
1086 256
1086 257
1086 258
1086 259
1086 260
1086 261
1086 262
1086 263
1087 223
1087 224
1087 225
1087 226
1087 227
1087 228
1087 229
1087 230
1087 231
1087 232
1087 233
1087 234
1087 235
1087 236
1087 237
1087 238
1087 239
1087 240
1087 241
1087 242
1087 243
1087 244
1087 245
1087 246
1087 247
1087 248
1087 249
1087 250
1087 251
1087 252
1087 253
1088 216
1088 217
1088 218
1088 219
1088 220
1088 221
1088 222
1088 223
1088 224
1088 225
1088 226
1088 227
1088 228
1088 229
1088 230
1088 231
1088 232
1088 233
1088 234
1088 235
1088 236
1088 237
1088 238
1088 239
1088 240
1088 241
1089 91
1089 92
1089 93
1089 94
1089 95
1089 96
1089 97
1089 98
1089 99
1089 100
1089 101
1089 102
1089 103
1089 104
1089 105
1089 106
1089 212
1089 213
1089 214
1089 215
1089 216
1089 217
1089 218
1089 219
1089 220
1089 221
1089 222
1089 223
1089 224
1089 225
1089 226
1090 78
1090 79
1090 80
1090 81
1090 82
1090 83
1090 84
1090 85
1090 86
1090 87
1090 88
1090 89
1090 90
1090 91
1090 92
1090 93
1090 94
1090 95
1090 96
1090 97
1090 98
1090 99
1090 100
1091 68
1091 69
1091 70
1091 71
1091 72
1091 73
1091 74
1091 75
1091 76
1091 77
1091 78
1091 79
1091 80
1091 81
1091 82
1091 83
1091 84
1091 85
1091 86
1091 87
1091 88
1091 89
1091 90
1091 91
1092 61
1092 62
1092 63
1092 64
1092 65
1092 66
1092 67
1092 68
1092 69
1092 70
1092 71
1092 72
1092 73
1092 74
1092 75
1092 76
1092 77
1092 78
1092 79
1098 265
1098 266
1098 267
1098 268
1098 269
1098 270
1098 271
1098 272
1098 273
1098 274
1098 275
1098 276
1098 277
1098 278
1098 279
1098 280
1098 281
1098 282
1098 283
1099 250
1099 251
1099 252
1099 253
1099 254
1099 255
1099 256
1099 257
1099 258
1099 259
1099 260
1099 261
1099 262
1099 263
1099 264
1099 265
1099 266
1099 267
1099 268
1099 269
1099 270
1099 271
1099 272
1099 273
1099 274
1099 275
1099 276
1099 277
1099 278
1100 239
1100 240
1100 241
1100 242
1100 243
1100 244
1100 245
1100 246
1100 247
1100 248
1100 249
1100 250
1100 251
1100 252
1100 253
1100 254
1100 255
1100 256
1100 257
1100 258
1100 259
1100 260
1100 261
1100 262
1100 263
1100 264
1100 265
1100 266
1100 267
1100 268
1100 269
1100 270
1101 229
1101 230
1101 231
1101 232
1101 233
1101 234
1101 235
1101 236
1101 237
1101 238
1101 239
1101 240
1101 241
1101 242
1101 243
1101 244
1101 245
1101 246
1101 247
1101 248
1101 249
1101 250
1101 251
1101 252
1101 253
1101 254
1101 255
1101 256
1101 257
1101 258
1101 259
1101 260
1102 220
1102 221
1102 222
1102 223
1102 224
1102 225
1102 226
1102 227
1102 228
1102 229
1102 230
1102 231
1102 232
1102 233
1102 234
1102 235
1102 236
1102 237
1102 238
1102 239
1102 240
1102 241
1102 242
1102 243
1102 244
1102 245
1102 246
1102 247
1102 248
1102 249
1103 214
1103 215
1103 216
1103 217
1103 218
1103 219
1103 220
1103 221
1103 222
1103 223
1103 224
1103 225
1103 226
1103 227
1103 228
1103 229
1103 230
1103 231
1103 232
1103 233
1103 234
1103 235
1103 236
1103 237
1104 87
1104 88
1104 89
1104 90
1104 91
1104 92
1104 93
1104 94
1104 95
1104 96
1104 97
1104 98
1104 99
1104 100
1104 101
1104 102
1104 103
1104 211
1104 212
1104 213
1104 214
1104 215
1104 216
1104 217
1104 218
1104 219
1104 220
1104 221
1105 75
1105 76
1105 77
1105 78
1105 79
1105 80
1105 81
1105 82
1105 83
1105 84
1105 85
1105 86
1105 87
1105 88
1105 89
1105 90
1105 91
1105 92
1105 93
1105 94
1105 95
1105 96
1106 66
1106 67
1106 68
1106 69
1106 70
1106 71
1106 72
1106 73
1106 74
1106 75
1106 76
1106 77
1106 78
1106 79
1106 80
1106 81
1106 82
1106 83
1106 84
1106 85
1106 86
1107 60
1107 61
1107 62
1107 63
1107 64
1107 65
1107 66
1107 67
1107 68
1107 69
1107 70
1107 71
1107 72
1107 73
1112 278
1112 279
1112 280
1112 281
1112 282
1113 259
1113 260
1113 261
1113 262
1113 263
1113 264
1113 265
1113 266
1113 267
1113 268
1113 269
1113 270
1113 271
1113 272
1113 273
1113 274
1113 275
1113 276
1113 277
1113 278
1113 279
1113 280
1113 281
1113 282
1114 246
1114 247
1114 248
1114 249
1114 250
1114 251
1114 252
1114 253
1114 254
1114 255
1114 256
1114 257
1114 258
1114 259
1114 260
1114 261
1114 262
1114 263
1114 264
1114 265
1114 266
1114 267
1114 268
1114 269
1114 270
1114 271
1114 272
1114 273
1114 274
1114 275
1114 276
1115 235
1115 236
1115 237
1115 238
1115 239
1115 240
1115 241
1115 242
1115 243
1115 244
1115 245
1115 246
1115 247
1115 248
1115 249
1115 250
1115 251
1115 252
1115 253
1115 254
1115 255
1115 256
1115 257
1115 258
1115 259
1115 260
1115 261
1115 262
1115 263
1115 264
1115 265
1115 266
1115 267
1116 225
1116 226
1116 227
1116 228
1116 229
1116 230
1116 231
1116 232
1116 233
1116 234
1116 235
1116 236
1116 237
1116 238
1116 239
1116 240
1116 241
1116 242
1116 243
1116 244
1116 245
1116 246
1116 247
1116 248
1116 249
1116 250
1116 251
1116 252
1116 253
1116 254
1116 255
1116 256
1116 257
1117 217
1117 218
1117 219
1117 220
1117 221
1117 222
1117 223
1117 224
1117 225
1117 226
1117 227
1117 228
1117 229
1117 230
1117 231
1117 232
1117 233
1117 234
1117 235
1117 236
1117 237
1117 238
1117 239
1117 240
1117 241
1117 242
1117 243
1117 244
1117 245
1118 98
1118 99
1118 100
1118 101
1118 102
1118 211
1118 212
1118 213
1118 214
1118 215
1118 216
1118 217
1118 218
1118 219
1118 220
1118 221
1118 222
1118 223
1118 224
1118 225
1118 226
1118 227
1118 228
1118 229
1118 230
1118 231
1118 232
1119 83
1119 84
1119 85
1119 86
1119 87
1119 88
1119 89
1119 90
1119 91
1119 92
1119 93
1119 94
1119 95
1119 96
1119 97
1119 98
1119 99
1120 72
1120 73
1120 74
1120 75
1120 76
1120 77
1120 78
1120 79
1120 80
1120 81
1120 82
1120 83
1120 84
1120 85
1120 86
1120 87
1120 88
1120 89
1120 90
1120 91
1121 64
1121 65
1121 66
1121 67
1121 68
1121 69
1121 70
1121 71
1121 72
1121 73
1121 74
1121 75
1121 76
1121 77
1121 78
1121 79
1121 80
1127 270
1127 271
1127 272
1127 273
1127 274
1127 275
1127 276
1127 277
1127 278
1127 279
1127 280
1127 281
1127 282
1127 283
1127 284
1128 254
1128 255
1128 256
1128 257
1128 258
1128 259
1128 260
1128 261
1128 262
1128 263
1128 264
1128 265
1128 266
1128 267
1128 268
1128 269
1128 270
1128 271
1128 272
1128 273
1128 274
1128 275
1128 276
1128 277
1128 278
1128 279
1128 280
1128 281
1129 242
1129 243
1129 244
1129 245
1129 246
1129 247
1129 248
1129 249
1129 250
1129 251
1129 252
1129 253
1129 254
1129 255
1129 256
1129 257
1129 258
1129 259
1129 260
1129 261
1129 262
1129 263
1129 264
1129 265
1129 266
1129 267
1129 268
1129 269
1129 270
1129 271
1129 272
1129 273
1130 231
1130 232
1130 233
1130 234
1130 235
1130 236
1130 237
1130 238
1130 239
1130 240
1130 241
1130 242
1130 243
1130 244
1130 245
1130 246
1130 247
1130 248
1130 249
1130 250
1130 251
1130 252
1130 253
1130 254
1130 255
1130 256
1130 257
1130 258
1130 259
1130 260
1130 261
1130 262
1130 263
1130 264
1131 222
1131 223
1131 224
1131 225
1131 226
1131 227
1131 228
1131 229
1131 230
1131 231
1131 232
1131 233
1131 234
1131 235
1131 236
1131 237
1131 238
1131 239
1131 240
1131 241
1131 242
1131 243
1131 244
1131 245
1131 246
1131 247
1131 248
1131 249
1131 250
1131 251
1131 252
1131 253
1132 214
1132 215
1132 216
1132 217
1132 218
1132 219
1132 220
1132 221
1132 222
1132 223
1132 224
1132 225
1132 226
1132 227
1132 228
1132 229
1132 230
1132 231
1132 232
1132 233
1132 234
1132 235
1132 236
1132 237
1132 238
1132 239
1132 240
1132 241
1132 242
1133 93
1133 94
1133 95
1133 96
1133 97
1133 98
1133 99
1133 100
1133 209
1133 210
1133 211
1133 212
1133 213
1133 214
1133 215
1133 216
1133 217
1133 218
1133 219
1133 220
1133 221
1133 222
1133 223
1133 224
1133 225
1133 226
1133 227
1133 228
1134 80
1134 81
1134 82
1134 83
1134 84
1134 85
1134 86
1134 87
1134 88
1134 89
1134 90
1134 91
1134 92
1134 93
1134 94
1134 95
1135 70
1135 71
1135 72
1135 73
1135 74
1135 75
1135 76
1135 77
1135 78
1135 79
1135 80
1135 81
1135 82
1135 83
1135 84
1135 85
1135 86
1136 64
1136 65
1136 66
1136 67
1136 68
1136 69
1136 70
1136 71
1136 72
1136 73
1142 264
1142 265
1142 266
1142 267
1142 268
1142 269
1142 270
1142 271
1142 272
1142 273
1142 274
1142 275
1142 276
1142 277
1142 278
1142 279
1142 280
1142 281
1142 282
1142 283
1142 284
1143 250
1143 251
1143 252
1143 253
1143 254
1143 255
1143 256
1143 257
1143 258
1143 259
1143 260
1143 261
1143 262
1143 263
1143 264
1143 265
1143 266
1143 267
1143 268
1143 269
1143 270
1143 271
1143 272
1143 273
1143 274
1143 275
1143 276
1143 277
1143 278
1143 279
1144 238
1144 239
1144 240
1144 241
1144 242
1144 243
1144 244
1144 245
1144 246
1144 247
1144 248
1144 249
1144 250
1144 251
1144 252
1144 253
1144 254
1144 255
1144 256
1144 257
1144 258
1144 259
1144 260
1144 261
1144 262
1144 263
1144 264
1144 265
1144 266
1144 267
1144 268
1144 269
1144 270
1144 271
1145 227
1145 228
1145 229
1145 230
1145 231
1145 232
1145 233
1145 234
1145 235
1145 236
1145 237
1145 238
1145 239
1145 240
1145 241
1145 242
1145 243
1145 244
1145 245
1145 246
1145 247
1145 248
1145 249
1145 250
1145 251
1145 252
1145 253
1145 254
1145 255
1145 256
1145 257
1145 258
1145 259
1145 260
1145 261
1146 219
1146 220
1146 221
1146 222
1146 223
1146 224
1146 225
1146 226
1146 227
1146 228
1146 229
1146 230
1146 231
1146 232
1146 233
1146 234
1146 235
1146 236
1146 237
1146 238
1146 239
1146 240
1146 241
1146 242
1146 243
1146 244
1146 245
1146 246
1146 247
1146 248
1146 249
1146 250
1147 212
1147 213
1147 214
1147 215
1147 216
1147 217
1147 218
1147 219
1147 220
1147 221
1147 222
1147 223
1147 224
1147 225
1147 226
1147 227
1147 228
1147 229
1147 230
1147 231
1147 232
1147 233
1147 234
1147 235
1147 236
1147 237
1148 90
1148 91
1148 92
1148 93
1148 94
1148 95
1148 96
1148 207
1148 208
1148 209
1148 210
1148 211
1148 212
1148 213
1148 214
1148 215
1148 216
1148 217
1148 218
1148 219
1148 220
1148 221
1148 222
1148 223
1149 77
1149 78
1149 79
1149 80
1149 81
1149 82
1149 83
1149 84
1149 85
1149 86
1149 87
1149 88
1149 89
1149 90
1150 69
1150 70
1150 71
1150 72
1150 73
1150 74
1150 75
1150 76
1150 77
1150 78
1150 79
1156 277
1156 278
1156 279
1156 280
1156 281
1156 282
1156 283
1156 284
1157 259
1157 260
1157 261
1157 262
1157 263
1157 264
1157 265
1157 266
1157 267
1157 268
1157 269
1157 270
1157 271
1157 272
1157 273
1157 274
1157 275
1157 276
1157 277
1157 278
1157 279
1157 280
1157 281
1157 282
1157 283
1158 245
1158 246
1158 247
1158 248
1158 249
1158 250
1158 251
1158 252
1158 253
1158 254
1158 255
1158 256
1158 257
1158 258
1158 259
1158 260
1158 261
1158 262
1158 263
1158 264
1158 265
1158 266
1158 267
1158 268
1158 269
1158 270
1158 271
1158 272
1158 273
1158 274
1158 275
1158 276
1159 234
1159 235
1159 236
1159 237
1159 238
1159 239
1159 240
1159 241
1159 242
1159 243
1159 244
1159 245
1159 246
1159 247
1159 248
1159 249
1159 250
1159 251
1159 252
1159 253
1159 254
1159 255
1159 256
1159 257
1159 258
1159 259
1159 260
1159 261
1159 262
1159 263
1159 264
1159 265
1159 266
1159 267
1159 268
1160 224
1160 225
1160 226
1160 227
1160 228
1160 229
1160 230
1160 231
1160 232
1160 233
1160 234
1160 235
1160 236
1160 237
1160 238
1160 239
1160 240
1160 241
1160 242
1160 243
1160 244
1160 245
1160 246
1160 247
1160 248
1160 249
1160 250
1160 251
1160 252
1160 253
1160 254
1160 255
1160 256
1160 257
1161 216
1161 217
1161 218
1161 219
1161 220
1161 221
1161 222
1161 223
1161 224
1161 225
1161 226
1161 227
1161 228
1161 229
1161 230
1161 231
1161 232
1161 233
1161 234
1161 235
1161 236
1161 237
1161 238
1161 239
1161 240
1161 241
1161 242
1161 243
1161 244
1161 245
1161 246
1162 209
1162 210
1162 211
1162 212
1162 213
1162 214
1162 215
1162 216
1162 217
1162 218
1162 219
1162 220
1162 221
1162 222
1162 223
1162 224
1162 225
1162 226
1162 227
1162 228
1162 229
1162 230
1162 231
1162 232
1162 233
1163 88
1163 89
1163 90
1163 91
1163 206
1163 207
1163 208
1163 209
1163 210
1163 211
1163 212
1163 213
1163 214
1163 215
1163 216
1163 217
1164 76
1164 77
1164 78
1164 79
1164 80
1164 81
1164 82
1164 83
1164 84
1171 269
1171 270
1171 271
1171 272
1171 273
1171 274
1171 275
1171 276
1171 277
1171 278
1171 279
1171 280
1171 281
1171 282
1171 283
1171 284
1171 285
1172 254
1172 255
1172 256
1172 257
1172 258
1172 259
1172 260
1172 261
1172 262
1172 263
1172 264
1172 265
1172 266
1172 267
1172 268
1172 269
1172 270
1172 271
1172 272
1172 273
1172 274
1172 275
1172 276
1172 277
1172 278
1172 279
1172 280
1172 281
1173 241
1173 242
1173 243
1173 244
1173 245
1173 246
1173 247
1173 248
1173 249
1173 250
1173 251
1173 252
1173 253
1173 254
1173 255
1173 256
1173 257
1173 258
1173 259
1173 260
1173 261
1173 262
1173 263
1173 264
1173 265
1173 266
1173 267
1173 268
1173 269
1173 270
1173 271
1173 272
1173 273
1173 274
1174 230
1174 231
1174 232
1174 233
1174 234
1174 235
1174 236
1174 237
1174 238
1174 239
1174 240
1174 241
1174 242
1174 243
1174 244
1174 245
1174 246
1174 247
1174 248
1174 249
1174 250
1174 251
1174 252
1174 253
1174 254
1174 255
1174 256
1174 257
1174 258
1174 259
1174 260
1174 261
1174 262
1174 263
1174 264
1175 221
1175 222
1175 223
1175 224
1175 225
1175 226
1175 227
1175 228
1175 229
1175 230
1175 231
1175 232
1175 233
1175 234
1175 235
1175 236
1175 237
1175 238
1175 239
1175 240
1175 241
1175 242
1175 243
1175 244
1175 245
1175 246
1175 247
1175 248
1175 249
1175 250
1175 251
1175 252
1175 253
1175 254
1176 213
1176 214
1176 215
1176 216
1176 217
1176 218
1176 219
1176 220
1176 221
1176 222
1176 223
1176 224
1176 225
1176 226
1176 227
1176 228
1176 229
1176 230
1176 231
1176 232
1176 233
1176 234
1176 235
1176 236
1176 237
1176 238
1176 239
1176 240
1176 241
1176 242
1177 207
1177 208
1177 209
1177 210
1177 211
1177 212
1177 213
1177 214
1177 215
1177 216
1177 217
1177 218
1177 219
1177 220
1177 221
1177 222
1177 223
1177 224
1177 225
1177 226
1177 227
1177 228
1186 263
1186 264
1186 265
1186 266
1186 267
1186 268
1186 269
1186 270
1186 271
1186 272
1186 273
1186 274
1186 275
1186 276
1186 277
1186 278
1186 279
1186 280
1186 281
1186 282
1186 283
1186 284
1186 285
1187 249
1187 250
1187 251
1187 252
1187 253
1187 254
1187 255
1187 256
1187 257
1187 258
1187 259
1187 260
1187 261
1187 262
1187 263
1187 264
1187 265
1187 266
1187 267
1187 268
1187 269
1187 270
1187 271
1187 272
1187 273
1187 274
1187 275
1187 276
1187 277
1187 278
1187 279
1188 237
1188 238
1188 239
1188 240
1188 241
1188 242
1188 243
1188 244
1188 245
1188 246
1188 247
1188 248
1188 249
1188 250
1188 251
1188 252
1188 253
1188 254
1188 255
1188 256
1188 257
1188 258
1188 259
1188 260
1188 261
1188 262
1188 263
1188 264
1188 265
1188 266
1188 267
1188 268
1188 269
1188 270
1188 271
1189 227
1189 228
1189 229
1189 230
1189 231
1189 232
1189 233
1189 234
1189 235
1189 236
1189 237
1189 238
1189 239
1189 240
1189 241
1189 242
1189 243
1189 244
1189 245
1189 246
1189 247
1189 248
1189 249
1189 250
1189 251
1189 252
1189 253
1189 254
1189 255
1189 256
1189 257
1189 258
1189 259
1189 260
1189 261
1190 217
1190 218
1190 219
1190 220
1190 221
1190 222
1190 223
1190 224
1190 225
1190 226
1190 227
1190 228
1190 229
1190 230
1190 231
1190 232
1190 233
1190 234
1190 235
1190 236
1190 237
1190 238
1190 239
1190 240
1190 241
1190 242
1190 243
1190 244
1190 245
1190 246
1190 247
1190 248
1190 249
1190 250
1191 210
1191 211
1191 212
1191 213
1191 214
1191 215
1191 216
1191 217
1191 218
1191 219
1191 220
1191 221
1191 222
1191 223
1191 224
1191 225
1191 226
1191 227
1191 228
1191 229
1191 230
1191 231
1191 232
1191 233
1191 234
1191 235
1191 236
1191 237
1191 238
1192 205
1192 206
1192 207
1192 208
1192 209
1192 210
1192 211
1192 212
1192 213
1192 214
1192 215
1192 216
1192 217
1192 218
1192 219
1192 220
1192 221
1192 222
1192 223
1200 276
1200 277
1200 278
1200 279
1200 280
1200 281
1200 282
1200 283
1200 284
1200 285
1201 258
1201 259
1201 260
1201 261
1201 262
1201 263
1201 264
1201 265
1201 266
1201 267
1201 268
1201 269
1201 270
1201 271
1201 272
1201 273
1201 274
1201 275
1201 276
1201 277
1201 278
1201 279
1201 280
1201 281
1201 282
1201 283
1202 245
1202 246
1202 247
1202 248
1202 249
1202 250
1202 251
1202 252
1202 253
1202 254
1202 255
1202 256
1202 257
1202 258
1202 259
1202 260
1202 261
1202 262
1202 263
1202 264
1202 265
1202 266
1202 267
1202 268
1202 269
1202 270
1202 271
1202 272
1202 273
1202 274
1202 275
1202 276
1202 277
1203 233
1203 234
1203 235
1203 236
1203 237
1203 238
1203 239
1203 240
1203 241
1203 242
1203 243
1203 244
1203 245
1203 246
1203 247
1203 248
1203 249
1203 250
1203 251
1203 252
1203 253
1203 254
1203 255
1203 256
1203 257
1203 258
1203 259
1203 260
1203 261
1203 262
1203 263
1203 264
1203 265
1203 266
1203 267
1203 268
1204 223
1204 224
1204 225
1204 226
1204 227
1204 228
1204 229
1204 230
1204 231
1204 232
1204 233
1204 234
1204 235
1204 236
1204 237
1204 238
1204 239
1204 240
1204 241
1204 242
1204 243
1204 244
1204 245
1204 246
1204 247
1204 248
1204 249
1204 250
1204 251
1204 252
1204 253
1204 254
1204 255
1204 256
1204 257
1204 258
1205 214
1205 215
1205 216
1205 217
1205 218
1205 219
1205 220
1205 221
1205 222
1205 223
1205 224
1205 225
1205 226
1205 227
1205 228
1205 229
1205 230
1205 231
1205 232
1205 233
1205 234
1205 235
1205 236
1205 237
1205 238
1205 239
1205 240
1205 241
1205 242
1205 243
1205 244
1205 245
1205 246
1206 208
1206 209
1206 210
1206 211
1206 212
1206 213
1206 214
1206 215
1206 216
1206 217
1206 218
1206 219
1206 220
1206 221
1206 222
1206 223
1206 224
1206 225
1206 226
1206 227
1206 228
1206 229
1206 230
1206 231
1206 232
1206 233
1207 204
1207 205
1207 206
1207 207
1207 208
1207 209
1207 210
1207 211
1207 212
1207 213
1207 214
1207 215
1207 216
1207 217
1207 218
1215 269
1215 270
1215 271
1215 272
1215 273
1215 274
1215 275
1215 276
1215 277
1215 278
1215 279
1215 280
1215 281
1215 282
1215 283
1215 284
1215 285
1215 286
1216 254
1216 255
1216 256
1216 257
1216 258
1216 259
1216 260
1216 261
1216 262
1216 263
1216 264
1216 265
1216 266
1216 267
1216 268
1216 269
1216 270
1216 271
1216 272
1216 273
1216 274
1216 275
1216 276
1216 277
1216 278
1216 279
1216 280
1216 281
1216 282
1217 241
1217 242
1217 243
1217 244
1217 245
1217 246
1217 247
1217 248
1217 249
1217 250
1217 251
1217 252
1217 253
1217 254
1217 255
1217 256
1217 257
1217 258
1217 259
1217 260
1217 261
1217 262
1217 263
1217 264
1217 265
1217 266
1217 267
1217 268
1217 269
1217 270
1217 271
1217 272
1217 273
1217 274
1218 230
1218 231
1218 232
1218 233
1218 234
1218 235
1218 236
1218 237
1218 238
1218 239
1218 240
1218 241
1218 242
1218 243
1218 244
1218 245
1218 246
1218 247
1218 248
1218 249
1218 250
1218 251
1218 252
1218 253
1218 254
1218 255
1218 256
1218 257
1218 258
1218 259
1218 260
1218 261
1218 262
1218 263
1218 264
1218 265
1219 220
1219 221
1219 222
1219 223
1219 224
1219 225
1219 226
1219 227
1219 228
1219 229
1219 230
1219 231
1219 232
1219 233
1219 234
1219 235
1219 236
1219 237
1219 238
1219 239
1219 240
1219 241
1219 242
1219 243
1219 244
1219 245
1219 246
1219 247
1219 248
1219 249
1219 250
1219 251
1219 252
1219 253
1219 254
1220 212
1220 213
1220 214
1220 215
1220 216
1220 217
1220 218
1220 219
1220 220
1220 221
1220 222
1220 223
1220 224
1220 225
1220 226
1220 227
1220 228
1220 229
1220 230
1220 231
1220 232
1220 233
1220 234
1220 235
1220 236
1220 237
1220 238
1220 239
1220 240
1220 241
1220 242
1221 206
1221 207
1221 208
1221 209
1221 210
1221 211
1221 212
1221 213
1221 214
1221 215
1221 216
1221 217
1221 218
1221 219
1221 220
1221 221
1221 222
1221 223
1221 224
1221 225
1221 226
1221 227
1221 228
1222 204
1222 205
1222 206
1222 207
1222 208
1222 209
1222 210
1222 211
1230 264
1230 265
1230 266
1230 267
1230 268
1230 269
1230 270
1230 271
1230 272
1230 273
1230 274
1230 275
1230 276
1230 277
1230 278
1230 279
1230 280
1230 281
1230 282
1230 283
1230 284
1230 285
1231 249
1231 250
1231 251
1231 252
1231 253
1231 254
1231 255
1231 256
1231 257
1231 258
1231 259
1231 260
1231 261
1231 262
1231 263
1231 264
1231 265
1231 266
1231 267
1231 268
1231 269
1231 270
1231 271
1231 272
1231 273
1231 274
1231 275
1231 276
1231 277
1231 278
1231 279
1232 237
1232 238
1232 239
1232 240
1232 241
1232 242
1232 243
1232 244
1232 245
1232 246
1232 247
1232 248
1232 249
1232 250
1232 251
1232 252
1232 253
1232 254
1232 255
1232 256
1232 257
1232 258
1232 259
1232 260
1232 261
1232 262
1232 263
1232 264
1232 265
1232 266
1232 267
1232 268
1232 269
1232 270
1232 271
1233 226
1233 227
1233 228
1233 229
1233 230
1233 231
1233 232
1233 233
1233 234
1233 235
1233 236
1233 237
1233 238
1233 239
1233 240
1233 241
1233 242
1233 243
1233 244
1233 245
1233 246
1233 247
1233 248
1233 249
1233 250
1233 251
1233 252
1233 253
1233 254
1233 255
1233 256
1233 257
1233 258
1233 259
1233 260
1233 261
1234 217
1234 218
1234 219
1234 220
1234 221
1234 222
1234 223
1234 224
1234 225
1234 226
1234 227
1234 228
1234 229
1234 230
1234 231
1234 232
1234 233
1234 234
1234 235
1234 236
1234 237
1234 238
1234 239
1234 240
1234 241
1234 242
1234 243
1234 244
1234 245
1234 246
1234 247
1234 248
1234 249
1234 250
1235 209
1235 210
1235 211
1235 212
1235 213
1235 214
1235 215
1235 216
1235 217
1235 218
1235 219
1235 220
1235 221
1235 222
1235 223
1235 224
1235 225
1235 226
1235 227
1235 228
1235 229
1235 230
1235 231
1235 232
1235 233
1235 234
1235 235
1235 236
1235 237
1236 204
1236 205
1236 206
1236 207
1236 208
1236 209
1236 210
1236 211
1236 212
1236 213
1236 214
1236 215
1236 216
1236 217
1236 218
1236 219
1236 220
1236 221
1236 222
1236 223
1244 277
1244 278
1244 279
1244 280
1244 281
1244 282
1244 283
1244 284
1245 258
1245 259
1245 260
1245 261
1245 262
1245 263
1245 264
1245 265
1245 266
1245 267
1245 268
1245 269
1245 270
1245 271
1245 272
1245 273
1245 274
1245 275
1245 276
1245 277
1245 278
1245 279
1245 280
1245 281
1245 282
1245 283
1246 245
1246 246
1246 247
1246 248
1246 249
1246 250
1246 251
1246 252
1246 253
1246 254
1246 255
1246 256
1246 257
1246 258
1246 259
1246 260
1246 261
1246 262
1246 263
1246 264
1246 265
1246 266
1246 267
1246 268
1246 269
1246 270
1246 271
1246 272
1246 273
1246 274
1246 275
1246 276
1246 277
1247 233
1247 234
1247 235
1247 236
1247 237
1247 238
1247 239
1247 240
1247 241
1247 242
1247 243
1247 244
1247 245
1247 246
1247 247
1247 248
1247 249
1247 250
1247 251
1247 252
1247 253
1247 254
1247 255
1247 256
1247 257
1247 258
1247 259
1247 260
1247 261
1247 262
1247 263
1247 264
1247 265
1247 266
1247 267
1247 268
1248 223
1248 224
1248 225
1248 226
1248 227
1248 228
1248 229
1248 230
1248 231
1248 232
1248 233
1248 234
1248 235
1248 236
1248 237
1248 238
1248 239
1248 240
1248 241
1248 242
1248 243
1248 244
1248 245
1248 246
1248 247
1248 248
1248 249
1248 250
1248 251
1248 252
1248 253
1248 254
1248 255
1248 256
1248 257
1249 214
1249 215
1249 216
1249 217
1249 218
1249 219
1249 220
1249 221
1249 222
1249 223
1249 224
1249 225
1249 226
1249 227
1249 228
1249 229
1249 230
1249 231
1249 232
1249 233
1249 234
1249 235
1249 236
1249 237
1249 238
1249 239
1249 240
1249 241
1249 242
1249 243
1249 244
1249 245
1249 246
1250 207
1250 208
1250 209
1250 210
1250 211
1250 212
1250 213
1250 214
1250 215
1250 216
1250 217
1250 218
1250 219
1250 220
1250 221
1250 222
1250 223
1250 224
1250 225
1250 226
1250 227
1250 228
1250 229
1250 230
1250 231
1250 232
1250 233
1251 203
1251 204
1251 205
1251 206
1251 207
1251 208
1251 209
1251 210
1251 211
1251 212
1251 213
1251 214
1251 215
1251 216
1251 217
1251 218
1259 270
1259 271
1259 272
1259 273
1259 274
1259 275
1259 276
1259 277
1259 278
1259 279
1259 280
1259 281
1259 282
1259 283
1259 284
1259 285
1260 254
1260 255
1260 256
1260 257
1260 258
1260 259
1260 260
1260 261
1260 262
1260 263
1260 264
1260 265
1260 266
1260 267
1260 268
1260 269
1260 270
1260 271
1260 272
1260 273
1260 274
1260 275
1260 276
1260 277
1260 278
1260 279
1260 280
1260 281
1261 241
1261 242
1261 243
1261 244
1261 245
1261 246
1261 247
1261 248
1261 249
1261 250
1261 251
1261 252
1261 253
1261 254
1261 255
1261 256
1261 257
1261 258
1261 259
1261 260
1261 261
1261 262
1261 263
1261 264
1261 265
1261 266
1261 267
1261 268
1261 269
1261 270
1261 271
1261 272
1261 273
1261 274
1262 229
1262 230
1262 231
1262 232
1262 233
1262 234
1262 235
1262 236
1262 237
1262 238
1262 239
1262 240
1262 241
1262 242
1262 243
1262 244
1262 245
1262 246
1262 247
1262 248
1262 249
1262 250
1262 251
1262 252
1262 253
1262 254
1262 255
1262 256
1262 257
1262 258
1262 259
1262 260
1262 261
1262 262
1262 263
1262 264
1263 219
1263 220
1263 221
1263 222
1263 223
1263 224
1263 225
1263 226
1263 227
1263 228
1263 229
1263 230
1263 231
1263 232
1263 233
1263 234
1263 235
1263 236
1263 237
1263 238
1263 239
1263 240
1263 241
1263 242
1263 243
1263 244
1263 245
1263 246
1263 247
1263 248
1263 249
1263 250
1263 251
1263 252
1263 253
1264 211
1264 212
1264 213
1264 214
1264 215
1264 216
1264 217
1264 218
1264 219
1264 220
1264 221
1264 222
1264 223
1264 224
1264 225
1264 226
1264 227
1264 228
1264 229
1264 230
1264 231
1264 232
1264 233
1264 234
1264 235
1264 236
1264 237
1264 238
1264 239
1264 240
1264 241
1265 205
1265 206
1265 207
1265 208
1265 209
1265 210
1265 211
1265 212
1265 213
1265 214
1265 215
1265 216
1265 217
1265 218
1265 219
1265 220
1265 221
1265 222
1265 223
1265 224
1265 225
1265 226
1265 227
1265 228
1266 203
1266 204
1266 205
1266 206
1266 207
1266 208
1266 209
1266 210
1266 211
1274 264
1274 265
1274 266
1274 267
1274 268
1274 269
1274 270
1274 271
1274 272
1274 273
1274 274
1274 275
1274 276
1274 277
1274 278
1274 279
1274 280
1274 281
1274 282
1274 283
1274 284
1274 285
1275 249
1275 250
1275 251
1275 252
1275 253
1275 254
1275 255
1275 256
1275 257
1275 258
1275 259
1275 260
1275 261
1275 262
1275 263
1275 264
1275 265
1275 266
1275 267
1275 268
1275 269
1275 270
1275 271
1275 272
1275 273
1275 274
1275 275
1275 276
1275 277
1275 278
1275 279
1276 237
1276 238
1276 239
1276 240
1276 241
1276 242
1276 243
1276 244
1276 245
1276 246
1276 247
1276 248
1276 249
1276 250
1276 251
1276 252
1276 253
1276 254
1276 255
1276 256
1276 257
1276 258
1276 259
1276 260
1276 261
1276 262
1276 263
1276 264
1276 265
1276 266
1276 267
1276 268
1276 269
1276 270
1276 271
1277 226
1277 227
1277 228
1277 229
1277 230
1277 231
1277 232
1277 233
1277 234
1277 235
1277 236
1277 237
1277 238
1277 239
1277 240
1277 241
1277 242
1277 243
1277 244
1277 245
1277 246
1277 247
1277 248
1277 249
1277 250
1277 251
1277 252
1277 253
1277 254
1277 255
1277 256
1277 257
1277 258
1277 259
1277 260
1277 261
1278 216
1278 217
1278 218
1278 219
1278 220
1278 221
1278 222
1278 223
1278 224
1278 225
1278 226
1278 227
1278 228
1278 229
1278 230
1278 231
1278 232
1278 233
1278 234
1278 235
1278 236
1278 237
1278 238
1278 239
1278 240
1278 241
1278 242
1278 243
1278 244
1278 245
1278 246
1278 247
1278 248
1278 249
1279 209
1279 210
1279 211
1279 212
1279 213
1279 214
1279 215
1279 216
1279 217
1279 218
1279 219
1279 220
1279 221
1279 222
1279 223
1279 224
1279 225
1279 226
1279 227
1279 228
1279 229
1279 230
1279 231
1279 232
1279 233
1279 234
1279 235
1279 236
1279 237
1280 203
1280 204
1280 205
1280 206
1280 207
1280 208
1280 209
1280 210
1280 211
1280 212
1280 213
1280 214
1280 215
1280 216
1280 217
1280 218
1280 219
1280 220
1280 221
1280 222
1289 259
1289 260
1289 261
1289 262
1289 263
1289 264
1289 265
1289 266
1289 267
1289 268
1289 269
1289 270
1289 271
1289 272
1289 273
1289 274
1289 275
1289 276
1289 277
1289 278
1289 279
1289 280
1289 281
1289 282
1289 283
1290 245
1290 246
1290 247
1290 248
1290 249
1290 250
1290 251
1290 252
1290 253
1290 254
1290 255
1290 256
1290 257
1290 258
1290 259
1290 260
1290 261
1290 262
1290 263
1290 264
1290 265
1290 266
1290 267
1290 268
1290 269
1290 270
1290 271
1290 272
1290 273
1290 274
1290 275
1290 276
1291 233
1291 234
1291 235
1291 236
1291 237
1291 238
1291 239
1291 240
1291 241
1291 242
1291 243
1291 244
1291 245
1291 246
1291 247
1291 248
1291 249
1291 250
1291 251
1291 252
1291 253
1291 254
1291 255
1291 256
1291 257
1291 258
1291 259
1291 260
1291 261
1291 262
1291 263
1291 264
1291 265
1291 266
1291 267
1292 223
1292 224
1292 225
1292 226
1292 227
1292 228
1292 229
1292 230
1292 231
1292 232
1292 233
1292 234
1292 235
1292 236
1292 237
1292 238
1292 239
1292 240
1292 241
1292 242
1292 243
1292 244
1292 245
1292 246
1292 247
1292 248
1292 249
1292 250
1292 251
1292 252
1292 253
1292 254
1292 255
1292 256
1292 257
1293 214
1293 215
1293 216
1293 217
1293 218
1293 219
1293 220
1293 221
1293 222
1293 223
1293 224
1293 225
1293 226
1293 227
1293 228
1293 229
1293 230
1293 231
1293 232
1293 233
1293 234
1293 235
1293 236
1293 237
1293 238
1293 239
1293 240
1293 241
1293 242
1293 243
1293 244
1293 245
1294 206
1294 207
1294 208
1294 209
1294 210
1294 211
1294 212
1294 213
1294 214
1294 215
1294 216
1294 217
1294 218
1294 219
1294 220
1294 221
1294 222
1294 223
1294 224
1294 225
1294 226
1294 227
1294 228
1294 229
1294 230
1294 231
1294 232
1295 202
1295 203
1295 204
1295 205
1295 206
1295 207
1295 208
1295 209
1295 210
1295 211
1295 212
1295 213
1295 214
1295 215
1295 216
1303 272
1303 273
1303 274
1303 275
1303 276
1303 277
1303 278
1303 279
1303 280
1303 281
1303 282
1303 283
1303 284
1304 255
1304 256
1304 257
1304 258
1304 259
1304 260
1304 261
1304 262
1304 263
1304 264
1304 265
1304 266
1304 267
1304 268
1304 269
1304 270
1304 271
1304 272
1304 273
1304 274
1304 275
1304 276
1304 277
1304 278
1304 279
1304 280
1304 281
1305 241
1305 242
1305 243
1305 244
1305 245
1305 246
1305 247
1305 248
1305 249
1305 250
1305 251
1305 252
1305 253
1305 254
1305 255
1305 256
1305 257
1305 258
1305 259
1305 260
1305 261
1305 262
1305 263
1305 264
1305 265
1305 266
1305 267
1305 268
1305 269
1305 270
1305 271
1305 272
1305 273
1306 230
1306 231
1306 232
1306 233
1306 234
1306 235
1306 236
1306 237
1306 238
1306 239
1306 240
1306 241
1306 242
1306 243
1306 244
1306 245
1306 246
1306 247
1306 248
1306 249
1306 250
1306 251
1306 252
1306 253
1306 254
1306 255
1306 256
1306 257
1306 258
1306 259
1306 260
1306 261
1306 262
1306 263
1306 264
1307 219
1307 220
1307 221
1307 222
1307 223
1307 224
1307 225
1307 226
1307 227
1307 228
1307 229
1307 230
1307 231
1307 232
1307 233
1307 234
1307 235
1307 236
1307 237
1307 238
1307 239
1307 240
1307 241
1307 242
1307 243
1307 244
1307 245
1307 246
1307 247
1307 248
1307 249
1307 250
1307 251
1307 252
1307 253
1308 211
1308 212
1308 213
1308 214
1308 215
1308 216
1308 217
1308 218
1308 219
1308 220
1308 221
1308 222
1308 223
1308 224
1308 225
1308 226
1308 227
1308 228
1308 229
1308 230
1308 231
1308 232
1308 233
1308 234
1308 235
1308 236
1308 237
1308 238
1308 239
1308 240
1309 204
1309 205
1309 206
1309 207
1309 208
1309 209
1309 210
1309 211
1309 212
1309 213
1309 214
1309 215
1309 216
1309 217
1309 218
1309 219
1309 220
1309 221
1309 222
1309 223
1309 224
1309 225
1309 226
1309 227
1310 203
1310 204
1310 205
1310 206
1310 207
1310 208
1318 266
1318 267
1318 268
1318 269
1318 270
1318 271
1318 272
1318 273
1318 274
1318 275
1318 276
1318 277
1318 278
1318 279
1318 280
1318 281
1318 282
1318 283
1318 284
1319 250
1319 251
1319 252
1319 253
1319 254
1319 255
1319 256
1319 257
1319 258
1319 259
1319 260
1319 261
1319 262
1319 263
1319 264
1319 265
1319 266
1319 267
1319 268
1319 269
1319 270
1319 271
1319 272
1319 273
1319 274
1319 275
1319 276
1319 277
1319 278
1319 279
1320 237
1320 238
1320 239
1320 240
1320 241
1320 242
1320 243
1320 244
1320 245
1320 246
1320 247
1320 248
1320 249
1320 250
1320 251
1320 252
1320 253
1320 254
1320 255
1320 256
1320 257
1320 258
1320 259
1320 260
1320 261
1320 262
1320 263
1320 264
1320 265
1320 266
1320 267
1320 268
1320 269
1320 270
1321 226
1321 227
1321 228
1321 229
1321 230
1321 231
1321 232
1321 233
1321 234
1321 235
1321 236
1321 237
1321 238
1321 239
1321 240
1321 241
1321 242
1321 243
1321 244
1321 245
1321 246
1321 247
1321 248
1321 249
1321 250
1321 251
1321 252
1321 253
1321 254
1321 255
1321 256
1321 257
1321 258
1321 259
1321 260
1322 217
1322 218
1322 219
1322 220
1322 221
1322 222
1322 223
1322 224
1322 225
1322 226
1322 227
1322 228
1322 229
1322 230
1322 231
1322 232
1322 233
1322 234
1322 235
1322 236
1322 237
1322 238
1322 239
1322 240
1322 241
1322 242
1322 243
1322 244
1322 245
1322 246
1322 247
1322 248
1323 209
1323 210
1323 211
1323 212
1323 213
1323 214
1323 215
1323 216
1323 217
1323 218
1323 219
1323 220
1323 221
1323 222
1323 223
1323 224
1323 225
1323 226
1323 227
1323 228
1323 229
1323 230
1323 231
1323 232
1323 233
1323 234
1323 235
1323 236
1324 203
1324 204
1324 205
1324 206
1324 207
1324 208
1324 209
1324 210
1324 211
1324 212
1324 213
1324 214
1324 215
1324 216
1324 217
1324 218
1324 219
1324 220
1324 221
1333 261
1333 262
1333 263
1333 264
1333 265
1333 266
1333 267
1333 268
1333 269
1333 270
1333 271
1333 272
1333 273
1333 274
1333 275
1333 276
1333 277
1333 278
1333 279
1333 280
1333 281
1333 282
1334 246
1334 247
1334 248
1334 249
1334 250
1334 251
1334 252
1334 253
1334 254
1334 255
1334 256
1334 257
1334 258
1334 259
1334 260
1334 261
1334 262
1334 263
1334 264
1334 265
1334 266
1334 267
1334 268
1334 269
1334 270
1334 271
1334 272
1334 273
1334 274
1334 275
1334 276
1335 234
1335 235
1335 236
1335 237
1335 238
1335 239
1335 240
1335 241
1335 242
1335 243
1335 244
1335 245
1335 246
1335 247
1335 248
1335 249
1335 250
1335 251
1335 252
1335 253
1335 254
1335 255
1335 256
1335 257
1335 258
1335 259
1335 260
1335 261
1335 262
1335 263
1335 264
1335 265
1335 266
1335 267
1336 223
1336 224
1336 225
1336 226
1336 227
1336 228
1336 229
1336 230
1336 231
1336 232
1336 233
1336 234
1336 235
1336 236
1336 237
1336 238
1336 239
1336 240
1336 241
1336 242
1336 243
1336 244
1336 245
1336 246
1336 247
1336 248
1336 249
1336 250
1336 251
1336 252
1336 253
1336 254
1336 255
1336 256
1337 214
1337 215
1337 216
1337 217
1337 218
1337 219
1337 220
1337 221
1337 222
1337 223
1337 224
1337 225
1337 226
1337 227
1337 228
1337 229
1337 230
1337 231
1337 232
1337 233
1337 234
1337 235
1337 236
1337 237
1337 238
1337 239
1337 240
1337 241
1337 242
1337 243
1337 244
1338 207
1338 208
1338 209
1338 210
1338 211
1338 212
1338 213
1338 214
1338 215
1338 216
1338 217
1338 218
1338 219
1338 220
1338 221
1338 222
1338 223
1338 224
1338 225
1338 226
1338 227
1338 228
1338 229
1338 230
1339 203
1339 204
1339 205
1339 206
1339 207
1339 208
1339 209
1339 210
1339 211
1339 212
1339 213
1339 214
1347 275
1347 276
1347 277
1347 278
1347 279
1347 280
1347 281
1347 282
1348 256
1348 257
1348 258
1348 259
1348 260
1348 261
1348 262
1348 263
1348 264
1348 265
1348 266
1348 267
1348 268
1348 269
1348 270
1348 271
1348 272
1348 273
1348 274
1348 275
1348 276
1348 277
1348 278
1348 279
1348 280
1349 242
1349 243
1349 244
1349 245
1349 246
1349 247
1349 248
1349 249
1349 250
1349 251
1349 252
1349 253
1349 254
1349 255
1349 256
1349 257
1349 258
1349 259
1349 260
1349 261
1349 262
1349 263
1349 264
1349 265
1349 266
1349 267
1349 268
1349 269
1349 270
1349 271
1349 272
1350 230
1350 231
1350 232
1350 233
1350 234
1350 235
1350 236
1350 237
1350 238
1350 239
1350 240
1350 241
1350 242
1350 243
1350 244
1350 245
1350 246
1350 247
1350 248
1350 249
1350 250
1350 251
1350 252
1350 253
1350 254
1350 255
1350 256
1350 257
1350 258
1350 259
1350 260
1350 261
1350 262
1350 263
1351 220
1351 221
1351 222
1351 223
1351 224
1351 225
1351 226
1351 227
1351 228
1351 229
1351 230
1351 231
1351 232
1351 233
1351 234
1351 235
1351 236
1351 237
1351 238
1351 239
1351 240
1351 241
1351 242
1351 243
1351 244
1351 245
1351 246
1351 247
1351 248
1351 249
1351 250
1351 251
1351 252
1352 211
1352 212
1352 213
1352 214
1352 215
1352 216
1352 217
1352 218
1352 219
1352 220
1352 221
1352 222
1352 223
1352 224
1352 225
1352 226
1352 227
1352 228
1352 229
1352 230
1352 231
1352 232
1352 233
1352 234
1352 235
1352 236
1352 237
1352 238
1352 239
1353 205
1353 206
1353 207
1353 208
1353 209
1353 210
1353 211
1353 212
1353 213
1353 214
1353 215
1353 216
1353 217
1353 218
1353 219
1353 220
1353 221
1353 222
1353 223
1353 224
1353 225
1362 268
1362 269
1362 270
1362 271
1362 272
1362 273
1362 274
1362 275
1362 276
1362 277
1362 278
1362 279
1362 280
1362 281
1362 282
1363 252
1363 253
1363 254
1363 255
1363 256
1363 257
1363 258
1363 259
1363 260
1363 261
1363 262
1363 263
1363 264
1363 265
1363 266
1363 267
1363 268
1363 269
1363 270
1363 271
1363 272
1363 273
1363 274
1363 275
1363 276
1363 277
1364 239
1364 240
1364 241
1364 242
1364 243
1364 244
1364 245
1364 246
1364 247
1364 248
1364 249
1364 250
1364 251
1364 252
1364 253
1364 254
1364 255
1364 256
1364 257
1364 258
1364 259
1364 260
1364 261
1364 262
1364 263
1364 264
1364 265
1364 266
1364 267
1364 268
1364 269
1365 227
1365 228
1365 229
1365 230
1365 231
1365 232
1365 233
1365 234
1365 235
1365 236
1365 237
1365 238
1365 239
1365 240
1365 241
1365 242
1365 243
1365 244
1365 245
1365 246
1365 247
1365 248
1365 249
1365 250
1365 251
1365 252
1365 253
1365 254
1365 255
1365 256
1365 257
1365 258
1365 259
1366 217
1366 218
1366 219
1366 220
1366 221
1366 222
1366 223
1366 224
1366 225
1366 226
1366 227
1366 228
1366 229
1366 230
1366 231
1366 232
1366 233
1366 234
1366 235
1366 236
1366 237
1366 238
1366 239
1366 240
1366 241
1366 242
1366 243
1366 244
1366 245
1366 246
1366 247
1367 209
1367 210
1367 211
1367 212
1367 213
1367 214
1367 215
1367 216
1367 217
1367 218
1367 219
1367 220
1367 221
1367 222
1367 223
1367 224
1367 225
1367 226
1367 227
1367 228
1367 229
1367 230
1367 231
1367 232
1367 233
1367 234
1368 205
1368 206
1368 207
1368 208
1368 209
1368 210
1368 211
1368 212
1368 213
1368 214
1368 215
1368 216
1368 217
1368 218
1377 263
1377 264
1377 265
1377 266
1377 267
1377 268
1377 269
1377 270
1377 271
1377 272
1377 273
1377 274
1377 275
1377 276
1377 277
1377 278
1377 279
1377 280
1378 248
1378 249
1378 250
1378 251
1378 252
1378 253
1378 254
1378 255
1378 256
1378 257
1378 258
1378 259
1378 260
1378 261
1378 262
1378 263
1378 264
1378 265
1378 266
1378 267
1378 268
1378 269
1378 270
1378 271
1378 272
1378 273
1378 274
1379 235
1379 236
1379 237
1379 238
1379 239
1379 240
1379 241
1379 242
1379 243
1379 244
1379 245
1379 246
1379 247
1379 248
1379 249
1379 250
1379 251
1379 252
1379 253
1379 254
1379 255
1379 256
1379 257
1379 258
1379 259
1379 260
1379 261
1379 262
1379 263
1379 264
1379 265
1380 224
1380 225
1380 226
1380 227
1380 228
1380 229
1380 230
1380 231
1380 232
1380 233
1380 234
1380 235
1380 236
1380 237
1380 238
1380 239
1380 240
1380 241
1380 242
1380 243
1380 244
1380 245
1380 246
1380 247
1380 248
1380 249
1380 250
1380 251
1380 252
1380 253
1380 254
1381 215
1381 216
1381 217
1381 218
1381 219
1381 220
1381 221
1381 222
1381 223
1381 224
1381 225
1381 226
1381 227
1381 228
1381 229
1381 230
1381 231
1381 232
1381 233
1381 234
1381 235
1381 236
1381 237
1381 238
1381 239
1381 240
1381 241
1381 242
1382 208
1382 209
1382 210
1382 211
1382 212
1382 213
1382 214
1382 215
1382 216
1382 217
1382 218
1382 219
1382 220
1382 221
1382 222
1382 223
1382 224
1382 225
1382 226
1382 227
1382 228
1392 259
1392 260
1392 261
1392 262
1392 263
1392 264
1392 265
1392 266
1392 267
1392 268
1392 269
1392 270
1392 271
1392 272
1392 273
1392 274
1392 275
1392 276
1392 277
1392 278
1393 244
1393 245
1393 246
1393 247
1393 248
1393 249
1393 250
1393 251
1393 252
1393 253
1393 254
1393 255
1393 256
1393 257
1393 258
1393 259
1393 260
1393 261
1393 262
1393 263
1393 264
1393 265
1393 266
1393 267
1393 268
1393 269
1393 270
1393 271
1394 232
1394 233
1394 234
1394 235
1394 236
1394 237
1394 238
1394 239
1394 240
1394 241
1394 242
1394 243
1394 244
1394 245
1394 246
1394 247
1394 248
1394 249
1394 250
1394 251
1394 252
1394 253
1394 254
1394 255
1394 256
1394 257
1394 258
1394 259
1394 260
1394 261
1395 221
1395 222
1395 223
1395 224
1395 225
1395 226
1395 227
1395 228
1395 229
1395 230
1395 231
1395 232
1395 233
1395 234
1395 235
1395 236
1395 237
1395 238
1395 239
1395 240
1395 241
1395 242
1395 243
1395 244
1395 245
1395 246
1395 247
1395 248
1395 249
1395 250
1396 213
1396 214
1396 215
1396 216
1396 217
1396 218
1396 219
1396 220
1396 221
1396 222
1396 223
1396 224
1396 225
1396 226
1396 227
1396 228
1396 229
1396 230
1396 231
1396 232
1396 233
1396 234
1396 235
1396 236
1396 237
1397 207
1397 208
1397 209
1397 210
1397 211
1397 212
1397 213
1397 214
1397 215
1397 216
1397 217
1397 218
1397 219
1397 220
1397 221
1397 222
1407 254
1407 255
1407 256
1407 257
1407 258
1407 259
1407 260
1407 261
1407 262
1407 263
1407 264
1407 265
1407 266
1407 267
1407 268
1407 269
1407 270
1407 271
1407 272
1407 273
1407 274
1407 275
1407 276
1408 241
1408 242
1408 243
1408 244
1408 245
1408 246
1408 247
1408 248
1408 249
1408 250
1408 251
1408 252
1408 253
1408 254
1408 255
1408 256
1408 257
1408 258
1408 259
1408 260
1408 261
1408 262
1408 263
1408 264
1408 265
1408 266
1408 267
1409 229
1409 230
1409 231
1409 232
1409 233
1409 234
1409 235
1409 236
1409 237
1409 238
1409 239
1409 240
1409 241
1409 242
1409 243
1409 244
1409 245
1409 246
1409 247
1409 248
1409 249
1409 250
1409 251
1409 252
1409 253
1409 254
1409 255
1409 256
1409 257
1410 219
1410 220
1410 221
1410 222
1410 223
1410 224
1410 225
1410 226
1410 227
1410 228
1410 229
1410 230
1410 231
1410 232
1410 233
1410 234
1410 235
1410 236
1410 237
1410 238
1410 239
1410 240
1410 241
1410 242
1410 243
1410 244
1410 245
1411 211
1411 212
1411 213
1411 214
1411 215
1411 216
1411 217
1411 218
1411 219
1411 220
1411 221
1411 222
1411 223
1411 224
1411 225
1411 226
1411 227
1411 228
1411 229
1411 230
1411 231
1421 268
1421 269
1421 270
1421 271
1421 272
1421 273
1421 274
1421 275
1421 276
1421 277
1422 251
1422 252
1422 253
1422 254
1422 255
1422 256
1422 257
1422 258
1422 259
1422 260
1422 261
1422 262
1422 263
1422 264
1422 265
1422 266
1422 267
1422 268
1422 269
1422 270
1422 271
1422 272
1423 237
1423 238
1423 239
1423 240
1423 241
1423 242
1423 243
1423 244
1423 245
1423 246
1423 247
1423 248
1423 249
1423 250
1423 251
1423 252
1423 253
1423 254
1423 255
1423 256
1423 257
1423 258
1423 259
1423 260
1423 261
1423 262
1423 263
1424 226
1424 227
1424 228
1424 229
1424 230
1424 231
1424 232
1424 233
1424 234
1424 235
1424 236
1424 237
1424 238
1424 239
1424 240
1424 241
1424 242
1424 243
1424 244
1424 245
1424 246
1424 247
1424 248
1424 249
1424 250
1424 251
1424 252
1425 217
1425 218
1425 219
1425 220
1425 221
1425 222
1425 223
1425 224
1425 225
1425 226
1425 227
1425 228
1425 229
1425 230
1425 231
1425 232
1425 233
1425 234
1425 235
1425 236
1425 237
1425 238
1425 239
1425 240
1426 211
1426 212
1426 213
1426 214
1426 215
1426 216
1426 217
1426 218
1426 219
1426 220
1426 221
1426 222
1426 223
1426 224
1426 225
1436 264
1436 265
1436 266
1436 267
1436 268
1436 269
1436 270
1436 271
1436 272
1436 273
1436 274
1436 275
1437 247
1437 248
1437 249
1437 250
1437 251
1437 252
1437 253
1437 254
1437 255
1437 256
1437 257
1437 258
1437 259
1437 260
1437 261
1437 262
1437 263
1437 264
1437 265
1437 266
1437 267
1437 268
1437 269
1438 235
1438 236
1438 237
1438 238
1438 239
1438 240
1438 241
1438 242
1438 243
1438 244
1438 245
1438 246
1438 247
1438 248
1438 249
1438 250
1438 251
1438 252
1438 253
1438 254
1438 255
1438 256
1438 257
1438 258
1438 259
1439 224
1439 225
1439 226
1439 227
1439 228
1439 229
1439 230
1439 231
1439 232
1439 233
1439 234
1439 235
1439 236
1439 237
1439 238
1439 239
1439 240
1439 241
1439 242
1439 243
1439 244
1439 245
1439 246
1439 247
1439 248
1440 216
1440 217
1440 218
1440 219
1440 220
1440 221
1440 222
1440 223
1440 224
1440 225
1440 226
1440 227
1440 228
1440 229
1440 230
1440 231
1440 232
1440 233
1440 234
1451 259
1451 260
1451 261
1451 262
1451 263
1451 264
1451 265
1451 266
1451 267
1451 268
1451 269
1451 270
1451 271
1451 272
1452 244
1452 245
1452 246
1452 247
1452 248
1452 249
1452 250
1452 251
1452 252
1452 253
1452 254
1452 255
1452 256
1452 257
1452 258
1452 259
1452 260
1452 261
1452 262
1452 263
1452 264
1452 265
1453 232
1453 233
1453 234
1453 235
1453 236
1453 237
1453 238
1453 239
1453 240
1453 241
1453 242
1453 243
1453 244
1453 245
1453 246
1453 247
1453 248
1453 249
1453 250
1453 251
1453 252
1453 253
1453 254
1454 222
1454 223
1454 224
1454 225
1454 226
1454 227
1454 228
1454 229
1454 230
1454 231
1454 232
1454 233
1454 234
1454 235
1454 236
1454 237
1454 238
1454 239
1454 240
1454 241
1454 242
1455 216
1455 217
1455 218
1455 219
1455 220
1455 221
1455 222
1455 223
1455 224
1455 225
1455 226
1466 256
1466 257
1466 258
1466 259
1466 260
1466 261
1466 262
1466 263
1466 264
1466 265
1466 266
1466 267
1466 268
1467 242
1467 243
1467 244
1467 245
1467 246
1467 247
1467 248
1467 249
1467 250
1467 251
1467 252
1467 253
1467 254
1467 255
1467 256
1467 257
1467 258
1467 259
1467 260
1468 230
1468 231
1468 232
1468 233
1468 234
1468 235
1468 236
1468 237
1468 238
1468 239
1468 240
1468 241
1468 242
1468 243
1468 244
1468 245
1468 246
1468 247
1468 248
1468 249
1469 222
1469 223
1469 224
1469 225
1469 226
1469 227
1469 228
1469 229
1469 230
1469 231
1469 232
1469 233
1469 234
1469 235
1469 236
1481 254
1481 255
1481 256
1481 257
1481 258
1481 259
1481 260
1481 261
1481 262
1481 263
1481 264
1482 240
1482 241
1482 242
1482 243
1482 244
1482 245
1482 246
1482 247
1482 248
1482 249
1482 250
1482 251
1482 252
1482 253
1482 254
1482 255
1483 229
1483 230
1483 231
1483 232
1483 233
1483 234
1483 235
1483 236
1483 237
1483 238
1483 239
1483 240
1483 241
1483 242
1483 243
1496 252
1496 253
1496 254
1496 255
1496 256
1496 257
1496 258
1496 259
1497 239
1497 240
1497 241
1497 242
1497 243
1497 244
1497 245
1497 246
1497 247
1497 248
1497 249
1498 232
1498 233
1498 234
2071 252
2071 253
2071 254
2071 255
2071 256
2072 243
2072 244
2072 245
2072 246
2072 247
2085 258
2085 259
2085 260
2085 261
2085 262
2085 263
2086 246
2086 247
2086 248
2086 249
2086 250
2086 251
2086 252
2086 253
2086 254
2086 255
2086 256
2087 237
2087 238
2087 239
2087 240
2087 241
2087 242
2087 243
2087 244
2087 245
2087 246
2100 252
2100 253
2100 254
2100 255
2100 256
2100 257
2100 258
2100 259
2100 260
2100 261
2100 262
2100 263
2100 264
2101 241
2101 242
2101 243
2101 244
2101 245
2101 246
2101 247
2101 248
2101 249
2101 250
2101 251
2101 252
2101 253
2101 254
2101 255
2102 232
2102 233
2102 234
2102 235
2102 236
2102 237
2102 238
2102 239
2102 240
2102 241
2102 242
2102 243
2102 244
2102 245
2103 227
2103 228
2103 229
2103 230
2103 231
2114 259
2114 260
2114 261
2114 262
2114 263
2114 264
2114 265
2114 266
2114 267
2114 268
2114 269
2115 246
2115 247
2115 248
2115 249
2115 250
2115 251
2115 252
2115 253
2115 254
2115 255
2115 256
2115 257
2115 258
2115 259
2115 260
2115 261
2115 262
2116 236
2116 237
2116 238
2116 239
2116 240
2116 241
2116 242
2116 243
2116 244
2116 245
2116 246
2116 247
2116 248
2116 249
2116 250
2116 251
2116 252
2116 253
2117 228
2117 229
2117 230
2117 231
2117 232
2117 233
2117 234
2117 235
2117 236
2117 237
2117 238
2117 239
2117 240
2117 241
2117 242
2118 222
2118 223
2118 224
2118 225
2118 226
2118 227
2118 228
2118 229
2128 268
2128 269
2128 270
2128 271
2128 272
2128 273
2129 253
2129 254
2129 255
2129 256
2129 257
2129 258
2129 259
2129 260
2129 261
2129 262
2129 263
2129 264
2129 265
2129 266
2129 267
2129 268
2129 269
2130 242
2130 243
2130 244
2130 245
2130 246
2130 247
2130 248
2130 249
2130 250
2130 251
2130 252
2130 253
2130 254
2130 255
2130 256
2130 257
2130 258
2130 259
2130 260
2130 261
2131 232
2131 233
2131 234
2131 235
2131 236
2131 237
2131 238
2131 239
2131 240
2131 241
2131 242
2131 243
2131 244
2131 245
2131 246
2131 247
2131 248
2131 249
2131 250
2131 251
2132 224
2132 225
2132 226
2132 227
2132 228
2132 229
2132 230
2132 231
2132 232
2132 233
2132 234
2132 235
2132 236
2132 237
2132 238
2132 239
2132 240
2133 218
2133 219
2133 220
2133 221
2133 222
2133 223
2133 224
2133 225
2133 226
2143 261
2143 262
2143 263
2143 264
2143 265
2143 266
2143 267
2143 268
2143 269
2143 270
2143 271
2143 272
2143 273
2143 274
2144 248
2144 249
2144 250
2144 251
2144 252
2144 253
2144 254
2144 255
2144 256
2144 257
2144 258
2144 259
2144 260
2144 261
2144 262
2144 263
2144 264
2144 265
2144 266
2144 267
2145 237
2145 238
2145 239
2145 240
2145 241
2145 242
2145 243
2145 244
2145 245
2145 246
2145 247
2145 248
2145 249
2145 250
2145 251
2145 252
2145 253
2145 254
2145 255
2145 256
2145 257
2145 258
2146 228
2146 229
2146 230
2146 231
2146 232
2146 233
2146 234
2146 235
2146 236
2146 237
2146 238
2146 239
2146 240
2146 241
2146 242
2146 243
2146 244
2146 245
2146 246
2146 247
2146 248
2147 220
2147 221
2147 222
2147 223
2147 224
2147 225
2147 226
2147 227
2147 228
2147 229
2147 230
2147 231
2147 232
2147 233
2147 234
2147 235
2147 236
2147 237
2148 214
2148 215
2148 216
2148 217
2148 218
2148 219
2148 220
2148 221
2148 222
2148 223
2148 224
2157 271
2157 272
2157 273
2157 274
2157 275
2157 276
2157 277
2158 255
2158 256
2158 257
2158 258
2158 259
2158 260
2158 261
2158 262
2158 263
2158 264
2158 265
2158 266
2158 267
2158 268
2158 269
2158 270
2158 271
2158 272
2158 273
2159 244
2159 245
2159 246
2159 247
2159 248
2159 249
2159 250
2159 251
2159 252
2159 253
2159 254
2159 255
2159 256
2159 257
2159 258
2159 259
2159 260
2159 261
2159 262
2159 263
2159 264
2159 265
2160 233
2160 234
2160 235
2160 236
2160 237
2160 238
2160 239
2160 240
2160 241
2160 242
2160 243
2160 244
2160 245
2160 246
2160 247
2160 248
2160 249
2160 250
2160 251
2160 252
2160 253
2160 254
2160 255
2160 256
2161 224
2161 225
2161 226
2161 227
2161 228
2161 229
2161 230
2161 231
2161 232
2161 233
2161 234
2161 235
2161 236
2161 237
2161 238
2161 239
2161 240
2161 241
2161 242
2161 243
2161 244
2161 245
2161 246
2162 216
2162 217
2162 218
2162 219
2162 220
2162 221
2162 222
2162 223
2162 224
2162 225
2162 226
2162 227
2162 228
2162 229
2162 230
2162 231
2162 232
2162 233
2162 234
2163 211
2163 212
2163 213
2163 214
2163 215
2163 216
2163 217
2163 218
2163 219
2163 220
2172 264
2172 265
2172 266
2172 267
2172 268
2172 269
2172 270
2172 271
2172 272
2172 273
2172 274
2172 275
2172 276
2172 277
2173 251
2173 252
2173 253
2173 254
2173 255
2173 256
2173 257
2173 258
2173 259
2173 260
2173 261
2173 262
2173 263
2173 264
2173 265
2173 266
2173 267
2173 268
2173 269
2173 270
2173 271
2174 239
2174 240
2174 241
2174 242
2174 243
2174 244
2174 245
2174 246
2174 247
2174 248
2174 249
2174 250
2174 251
2174 252
2174 253
2174 254
2174 255
2174 256
2174 257
2174 258
2174 259
2174 260
2174 261
2174 262
2174 263
2175 229
2175 230
2175 231
2175 232
2175 233
2175 234
2175 235
2175 236
2175 237
2175 238
2175 239
2175 240
2175 241
2175 242
2175 243
2175 244
2175 245
2175 246
2175 247
2175 248
2175 249
2175 250
2175 251
2175 252
2175 253
2176 220
2176 221
2176 222
2176 223
2176 224
2176 225
2176 226
2176 227
2176 228
2176 229
2176 230
2176 231
2176 232
2176 233
2176 234
2176 235
2176 236
2176 237
2176 238
2176 239
2176 240
2176 241
2176 242
2176 243
2177 213
2177 214
2177 215
2177 216
2177 217
2177 218
2177 219
2177 220
2177 221
2177 222
2177 223
2177 224
2177 225
2177 226
2177 227
2177 228
2177 229
2177 230
2177 231
2178 208
2178 209
2178 210
2178 211
2178 212
2178 213
2178 214
2178 215
2178 216
2178 217
2186 275
2186 276
2186 277
2186 278
2186 279
2187 258
2187 259
2187 260
2187 261
2187 262
2187 263
2187 264
2187 265
2187 266
2187 267
2187 268
2187 269
2187 270
2187 271
2187 272
2187 273
2187 274
2187 275
2187 276
2188 246
2188 247
2188 248
2188 249
2188 250
2188 251
2188 252
2188 253
2188 254
2188 255
2188 256
2188 257
2188 258
2188 259
2188 260
2188 261
2188 262
2188 263
2188 264
2188 265
2188 266
2188 267
2188 268
2188 269
2189 235
2189 236
2189 237
2189 238
2189 239
2189 240
2189 241
2189 242
2189 243
2189 244
2189 245
2189 246
2189 247
2189 248
2189 249
2189 250
2189 251
2189 252
2189 253
2189 254
2189 255
2189 256
2189 257
2189 258
2189 259
2189 260
2190 225
2190 226
2190 227
2190 228
2190 229
2190 230
2190 231
2190 232
2190 233
2190 234
2190 235
2190 236
2190 237
2190 238
2190 239
2190 240
2190 241
2190 242
2190 243
2190 244
2190 245
2190 246
2190 247
2190 248
2190 249
2190 250
2190 251
2191 217
2191 218
2191 219
2191 220
2191 221
2191 222
2191 223
2191 224
2191 225
2191 226
2191 227
2191 228
2191 229
2191 230
2191 231
2191 232
2191 233
2191 234
2191 235
2191 236
2191 237
2191 238
2191 239
2191 240
2192 209
2192 210
2192 211
2192 212
2192 213
2192 214
2192 215
2192 216
2192 217
2192 218
2192 219
2192 220
2192 221
2192 222
2192 223
2192 224
2192 225
2192 226
2192 227
2192 228
2193 205
2193 206
2193 207
2193 208
2193 209
2193 210
2193 211
2193 212
2193 213
2201 267
2201 268
2201 269
2201 270
2201 271
2201 272
2201 273
2201 274
2201 275
2201 276
2201 277
2201 278
2201 279
2201 280
2202 253
2202 254
2202 255
2202 256
2202 257
2202 258
2202 259
2202 260
2202 261
2202 262
2202 263
2202 264
2202 265
2202 266
2202 267
2202 268
2202 269
2202 270
2202 271
2202 272
2202 273
2202 274
2202 275
2203 242
2203 243
2203 244
2203 245
2203 246
2203 247
2203 248
2203 249
2203 250
2203 251
2203 252
2203 253
2203 254
2203 255
2203 256
2203 257
2203 258
2203 259
2203 260
2203 261
2203 262
2203 263
2203 264
2203 265
2203 266
2203 267
2204 231
2204 232
2204 233
2204 234
2204 235
2204 236
2204 237
2204 238
2204 239
2204 240
2204 241
2204 242
2204 243
2204 244
2204 245
2204 246
2204 247
2204 248
2204 249
2204 250
2204 251
2204 252
2204 253
2204 254
2204 255
2204 256
2204 257
2204 258
2205 222
2205 223
2205 224
2205 225
2205 226
2205 227
2205 228
2205 229
2205 230
2205 231
2205 232
2205 233
2205 234
2205 235
2205 236
2205 237
2205 238
2205 239
2205 240
2205 241
2205 242
2205 243
2205 244
2205 245
2205 246
2205 247
2205 248
2206 213
2206 214
2206 215
2206 216
2206 217
2206 218
2206 219
2206 220
2206 221
2206 222
2206 223
2206 224
2206 225
2206 226
2206 227
2206 228
2206 229
2206 230
2206 231
2206 232
2206 233
2206 234
2206 235
2206 236
2207 206
2207 207
2207 208
2207 209
2207 210
2207 211
2207 212
2207 213
2207 214
2207 215
2207 216
2207 217
2207 218
2207 219
2207 220
2207 221
2207 222
2207 223
2207 224
2208 202
2208 203
2208 204
2208 205
2208 206
2208 207
2208 208
2208 209
2216 262
2216 263
2216 264
2216 265
2216 266
2216 267
2216 268
2216 269
2216 270
2216 271
2216 272
2216 273
2216 274
2216 275
2216 276
2216 277
2216 278
2216 279
2217 249
2217 250
2217 251
2217 252
2217 253
2217 254
2217 255
2217 256
2217 257
2217 258
2217 259
2217 260
2217 261
2217 262
2217 263
2217 264
2217 265
2217 266
2217 267
2217 268
2217 269
2217 270
2217 271
2217 272
2217 273
2218 237
2218 238
2218 239
2218 240
2218 241
2218 242
2218 243
2218 244
2218 245
2218 246
2218 247
2218 248
2218 249
2218 250
2218 251
2218 252
2218 253
2218 254
2218 255
2218 256
2218 257
2218 258
2218 259
2218 260
2218 261
2218 262
2218 263
2218 264
2219 227
2219 228
2219 229
2219 230
2219 231
2219 232
2219 233
2219 234
2219 235
2219 236
2219 237
2219 238
2219 239
2219 240
2219 241
2219 242
2219 243
2219 244
2219 245
2219 246
2219 247
2219 248
2219 249
2219 250
2219 251
2219 252
2219 253
2219 254
2219 255
2220 218
2220 219
2220 220
2220 221
2220 222
2220 223
2220 224
2220 225
2220 226
2220 227
2220 228
2220 229
2220 230
2220 231
2220 232
2220 233
2220 234
2220 235
2220 236
2220 237
2220 238
2220 239
2220 240
2220 241
2220 242
2220 243
2220 244
2221 210
2221 211
2221 212
2221 213
2221 214
2221 215
2221 216
2221 217
2221 218
2221 219
2221 220
2221 221
2221 222
2221 223
2221 224
2221 225
2221 226
2221 227
2221 228
2221 229
2221 230
2221 231
2221 232
2221 233
2222 203
2222 204
2222 205
2222 206
2222 207
2222 208
2222 209
2222 210
2222 211
2222 212
2222 213
2222 214
2222 215
2222 216
2222 217
2222 218
2222 219
2222 220
2222 221
2223 199
2223 200
2223 201
2223 202
2223 203
2223 204
2223 205
2230 271
2230 272
2230 273
2230 274
2230 275
2230 276
2230 277
2230 278
2230 279
2230 280
2230 281
2230 282
2231 257
2231 258
2231 259
2231 260
2231 261
2231 262
2231 263
2231 264
2231 265
2231 266
2231 267
2231 268
2231 269
2231 270
2231 271
2231 272
2231 273
2231 274
2231 275
2231 276
2231 277
2231 278
2232 244
2232 245
2232 246
2232 247
2232 248
2232 249
2232 250
2232 251
2232 252
2232 253
2232 254
2232 255
2232 256
2232 257
2232 258
2232 259
2232 260
2232 261
2232 262
2232 263
2232 264
2232 265
2232 266
2232 267
2232 268
2232 269
2232 270
2233 233
2233 234
2233 235
2233 236
2233 237
2233 238
2233 239
2233 240
2233 241
2233 242
2233 243
2233 244
2233 245
2233 246
2233 247
2233 248
2233 249
2233 250
2233 251
2233 252
2233 253
2233 254
2233 255
2233 256
2233 257
2233 258
2233 259
2233 260
2233 261
2233 262
2234 223
2234 224
2234 225
2234 226
2234 227
2234 228
2234 229
2234 230
2234 231
2234 232
2234 233
2234 234
2234 235
2234 236
2234 237
2234 238
2234 239
2234 240
2234 241
2234 242
2234 243
2234 244
2234 245
2234 246
2234 247
2234 248
2234 249
2234 250
2234 251
2234 252
2235 214
2235 215
2235 216
2235 217
2235 218
2235 219
2235 220
2235 221
2235 222
2235 223
2235 224
2235 225
2235 226
2235 227
2235 228
2235 229
2235 230
2235 231
2235 232
2235 233
2235 234
2235 235
2235 236
2235 237
2235 238
2235 239
2235 240
2235 241
2236 206
2236 207
2236 208
2236 209
2236 210
2236 211
2236 212
2236 213
2236 214
2236 215
2236 216
2236 217
2236 218
2236 219
2236 220
2236 221
2236 222
2236 223
2236 224
2236 225
2236 226
2236 227
2236 228
2236 229
2236 230
2237 200
2237 201
2237 202
2237 203
2237 204
2237 205
2237 206
2237 207
2237 208
2237 209
2237 210
2237 211
2237 212
2237 213
2237 214
2237 215
2237 216
2237 217
2238 197
2238 198
2238 199
2238 200
2245 266
2245 267
2245 268
2245 269
2245 270
2245 271
2245 272
2245 273
2245 274
2245 275
2245 276
2245 277
2245 278
2245 279
2245 280
2245 281
2245 282
2246 252
2246 253
2246 254
2246 255
2246 256
2246 257
2246 258
2246 259
2246 260
2246 261
2246 262
2246 263
2246 264
2246 265
2246 266
2246 267
2246 268
2246 269
2246 270
2246 271
2246 272
2246 273
2246 274
2246 275
2246 276
2247 240
2247 241
2247 242
2247 243
2247 244
2247 245
2247 246
2247 247
2247 248
2247 249
2247 250
2247 251
2247 252
2247 253
2247 254
2247 255
2247 256
2247 257
2247 258
2247 259
2247 260
2247 261
2247 262
2247 263
2247 264
2247 265
2247 266
2247 267
2247 268
2248 229
2248 230
2248 231
2248 232
2248 233
2248 234
2248 235
2248 236
2248 237
2248 238
2248 239
2248 240
2248 241
2248 242
2248 243
2248 244
2248 245
2248 246
2248 247
2248 248
2248 249
2248 250
2248 251
2248 252
2248 253
2248 254
2248 255
2248 256
2248 257
2248 258
2248 259
2249 220
2249 221
2249 222
2249 223
2249 224
2249 225
2249 226
2249 227
2249 228
2249 229
2249 230
2249 231
2249 232
2249 233
2249 234
2249 235
2249 236
2249 237
2249 238
2249 239
2249 240
2249 241
2249 242
2249 243
2249 244
2249 245
2249 246
2249 247
2249 248
2249 249
2250 211
2250 212
2250 213
2250 214
2250 215
2250 216
2250 217
2250 218
2250 219
2250 220
2250 221
2250 222
2250 223
2250 224
2250 225
2250 226
2250 227
2250 228
2250 229
2250 230
2250 231
2250 232
2250 233
2250 234
2250 235
2250 236
2250 237
2250 238
2251 203
2251 204
2251 205
2251 206
2251 207
2251 208
2251 209
2251 210
2251 211
2251 212
2251 213
2251 214
2251 215
2251 216
2251 217
2251 218
2251 219
2251 220
2251 221
2251 222
2251 223
2251 224
2251 225
2251 226
2252 197
2252 198
2252 199
2252 200
2252 201
2252 202
2252 203
2252 204
2252 205
2252 206
2252 207
2252 208
2252 209
2252 210
2252 211
2252 212
2252 213
2259 277
2259 278
2259 279
2259 280
2259 281
2259 282
2259 283
2259 284
2260 260
2260 261
2260 262
2260 263
2260 264
2260 265
2260 266
2260 267
2260 268
2260 269
2260 270
2260 271
2260 272
2260 273
2260 274
2260 275
2260 276
2260 277
2260 278
2260 279
2260 280
2260 281
2261 248
2261 249
2261 250
2261 251
2261 252
2261 253
2261 254
2261 255
2261 256
2261 257
2261 258
2261 259
2261 260
2261 261
2261 262
2261 263
2261 264
2261 265
2261 266
2261 267
2261 268
2261 269
2261 270
2261 271
2261 272
2261 273
2261 274
2262 236
2262 237
2262 238
2262 239
2262 240
2262 241
2262 242
2262 243
2262 244
2262 245
2262 246
2262 247
2262 248
2262 249
2262 250
2262 251
2262 252
2262 253
2262 254
2262 255
2262 256
2262 257
2262 258
2262 259
2262 260
2262 261
2262 262
2262 263
2262 264
2262 265
2263 226
2263 227
2263 228
2263 229
2263 230
2263 231
2263 232
2263 233
2263 234
2263 235
2263 236
2263 237
2263 238
2263 239
2263 240
2263 241
2263 242
2263 243
2263 244
2263 245
2263 246
2263 247
2263 248
2263 249
2263 250
2263 251
2263 252
2263 253
2263 254
2263 255
2263 256
2264 216
2264 217
2264 218
2264 219
2264 220
2264 221
2264 222
2264 223
2264 224
2264 225
2264 226
2264 227
2264 228
2264 229
2264 230
2264 231
2264 232
2264 233
2264 234
2264 235
2264 236
2264 237
2264 238
2264 239
2264 240
2264 241
2264 242
2264 243
2264 244
2264 245
2265 207
2265 208
2265 209
2265 210
2265 211
2265 212
2265 213
2265 214
2265 215
2265 216
2265 217
2265 218
2265 219
2265 220
2265 221
2265 222
2265 223
2265 224
2265 225
2265 226
2265 227
2265 228
2265 229
2265 230
2265 231
2265 232
2265 233
2265 234
2266 200
2266 201
2266 202
2266 203
2266 204
2266 205
2266 206
2266 207
2266 208
2266 209
2266 210
2266 211
2266 212
2266 213
2266 214
2266 215
2266 216
2266 217
2266 218
2266 219
2266 220
2266 221
2266 222
2267 194
2267 195
2267 196
2267 197
2267 198
2267 199
2267 200
2267 201
2267 202
2267 203
2267 204
2267 205
2267 206
2267 207
2267 208
2267 209
2274 270
2274 271
2274 272
2274 273
2274 274
2274 275
2274 276
2274 277
2274 278
2274 279
2274 280
2274 281
2274 282
2274 283
2274 284
2275 256
2275 257
2275 258
2275 259
2275 260
2275 261
2275 262
2275 263
2275 264
2275 265
2275 266
2275 267
2275 268
2275 269
2275 270
2275 271
2275 272
2275 273
2275 274
2275 275
2275 276
2275 277
2275 278
2275 279
2276 243
2276 244
2276 245
2276 246
2276 247
2276 248
2276 249
2276 250
2276 251
2276 252
2276 253
2276 254
2276 255
2276 256
2276 257
2276 258
2276 259
2276 260
2276 261
2276 262
2276 263
2276 264
2276 265
2276 266
2276 267
2276 268
2276 269
2276 270
2276 271
2277 232
2277 233
2277 234
2277 235
2277 236
2277 237
2277 238
2277 239
2277 240
2277 241
2277 242
2277 243
2277 244
2277 245
2277 246
2277 247
2277 248
2277 249
2277 250
2277 251
2277 252
2277 253
2277 254
2277 255
2277 256
2277 257
2277 258
2277 259
2277 260
2277 261
2277 262
2278 222
2278 223
2278 224
2278 225
2278 226
2278 227
2278 228
2278 229
2278 230
2278 231
2278 232
2278 233
2278 234
2278 235
2278 236
2278 237
2278 238
2278 239
2278 240
2278 241
2278 242
2278 243
2278 244
2278 245
2278 246
2278 247
2278 248
2278 249
2278 250
2278 251
2278 252
2278 253
2279 212
2279 213
2279 214
2279 215
2279 216
2279 217
2279 218
2279 219
2279 220
2279 221
2279 222
2279 223
2279 224
2279 225
2279 226
2279 227
2279 228
2279 229
2279 230
2279 231
2279 232
2279 233
2279 234
2279 235
2279 236
2279 237
2279 238
2279 239
2279 240
2279 241
2279 242
2280 204
2280 205
2280 206
2280 207
2280 208
2280 209
2280 210
2280 211
2280 212
2280 213
2280 214
2280 215
2280 216
2280 217
2280 218
2280 219
2280 220
2280 221
2280 222
2280 223
2280 224
2280 225
2280 226
2280 227
2280 228
2280 229
2280 230
2281 197
2281 198
2281 199
2281 200
2281 201
2281 202
2281 203
2281 204
2281 205
2281 206
2281 207
2281 208
2281 209
2281 210
2281 211
2281 212
2281 213
2281 214
2281 215
2281 216
2281 217
2281 218
2282 191
2282 192
2282 193
2282 194
2282 195
2282 196
2282 197
2282 198
2282 199
2282 200
2282 201
2282 202
2282 203
2282 204
2289 264
2289 265
2289 266
2289 267
2289 268
2289 269
2289 270
2289 271
2289 272
2289 273
2289 274
2289 275
2289 276
2289 277
2289 278
2289 279
2289 280
2289 281
2289 282
2289 283
2290 251
2290 252
2290 253
2290 254
2290 255
2290 256
2290 257
2290 258
2290 259
2290 260
2290 261
2290 262
2290 263
2290 264
2290 265
2290 266
2290 267
2290 268
2290 269
2290 270
2290 271
2290 272
2290 273
2290 274
2290 275
2290 276
2290 277
2291 239
2291 240
2291 241
2291 242
2291 243
2291 244
2291 245
2291 246
2291 247
2291 248
2291 249
2291 250
2291 251
2291 252
2291 253
2291 254
2291 255
2291 256
2291 257
2291 258
2291 259
2291 260
2291 261
2291 262
2291 263
2291 264
2291 265
2291 266
2291 267
2291 268
2292 228
2292 229
2292 230
2292 231
2292 232
2292 233
2292 234
2292 235
2292 236
2292 237
2292 238
2292 239
2292 240
2292 241
2292 242
2292 243
2292 244
2292 245
2292 246
2292 247
2292 248
2292 249
2292 250
2292 251
2292 252
2292 253
2292 254
2292 255
2292 256
2292 257
2292 258
2292 259
2293 218
2293 219
2293 220
2293 221
2293 222
2293 223
2293 224
2293 225
2293 226
2293 227
2293 228
2293 229
2293 230
2293 231
2293 232
2293 233
2293 234
2293 235
2293 236
2293 237
2293 238
2293 239
2293 240
2293 241
2293 242
2293 243
2293 244
2293 245
2293 246
2293 247
2293 248
2293 249
2294 209
2294 210
2294 211
2294 212
2294 213
2294 214
2294 215
2294 216
2294 217
2294 218
2294 219
2294 220
2294 221
2294 222
2294 223
2294 224
2294 225
2294 226
2294 227
2294 228
2294 229
2294 230
2294 231
2294 232
2294 233
2294 234
2294 235
2294 236
2294 237
2294 238
2295 201
2295 202
2295 203
2295 204
2295 205
2295 206
2295 207
2295 208
2295 209
2295 210
2295 211
2295 212
2295 213
2295 214
2295 215
2295 216
2295 217
2295 218
2295 219
2295 220
2295 221
2295 222
2295 223
2295 224
2295 225
2295 226
2295 227
2296 193
2296 194
2296 195
2296 196
2296 197
2296 198
2296 199
2296 200
2296 201
2296 202
2296 203
2296 204
2296 205
2296 206
2296 207
2296 208
2296 209
2296 210
2296 211
2296 212
2296 213
2296 214
2297 188
2297 189
2297 190
2297 191
2297 192
2297 193
2297 194
2297 195
2297 196
2297 197
2297 198
2297 199
2297 200
2303 275
2303 276
2303 277
2303 278
2303 279
2303 280
2303 281
2303 282
2303 283
2303 284
2303 285
2304 259
2304 260
2304 261
2304 262
2304 263
2304 264
2304 265
2304 266
2304 267
2304 268
2304 269
2304 270
2304 271
2304 272
2304 273
2304 274
2304 275
2304 276
2304 277
2304 278
2304 279
2304 280
2304 281
2305 247
2305 248
2305 249
2305 250
2305 251
2305 252
2305 253
2305 254
2305 255
2305 256
2305 257
2305 258
2305 259
2305 260
2305 261
2305 262
2305 263
2305 264
2305 265
2305 266
2305 267
2305 268
2305 269
2305 270
2305 271
2305 272
2305 273
2305 274
2306 235
2306 236
2306 237
2306 238
2306 239
2306 240
2306 241
2306 242
2306 243
2306 244
2306 245
2306 246
2306 247
2306 248
2306 249
2306 250
2306 251
2306 252
2306 253
2306 254
2306 255
2306 256
2306 257
2306 258
2306 259
2306 260
2306 261
2306 262
2306 263
2306 264
2306 265
2306 266
2307 224
2307 225
2307 226
2307 227
2307 228
2307 229
2307 230
2307 231
2307 232
2307 233
2307 234
2307 235
2307 236
2307 237
2307 238
2307 239
2307 240
2307 241
2307 242
2307 243
2307 244
2307 245
2307 246
2307 247
2307 248
2307 249
2307 250
2307 251
2307 252
2307 253
2307 254
2307 255
2307 256
2308 214
2308 215
2308 216
2308 217
2308 218
2308 219
2308 220
2308 221
2308 222
2308 223
2308 224
2308 225
2308 226
2308 227
2308 228
2308 229
2308 230
2308 231
2308 232
2308 233
2308 234
2308 235
2308 236
2308 237
2308 238
2308 239
2308 240
2308 241
2308 242
2308 243
2308 244
2308 245
2308 246
2309 205
2309 206
2309 207
2309 208
2309 209
2309 210
2309 211
2309 212
2309 213
2309 214
2309 215
2309 216
2309 217
2309 218
2309 219
2309 220
2309 221
2309 222
2309 223
2309 224
2309 225
2309 226
2309 227
2309 228
2309 229
2309 230
2309 231
2309 232
2309 233
2309 234
2309 235
2310 197
2310 198
2310 199
2310 200
2310 201
2310 202
2310 203
2310 204
2310 205
2310 206
2310 207
2310 208
2310 209
2310 210
2310 211
2310 212
2310 213
2310 214
2310 215
2310 216
2310 217
2310 218
2310 219
2310 220
2310 221
2310 222
2310 223
2311 190
2311 191
2311 192
2311 193
2311 194
2311 195
2311 196
2311 197
2311 198
2311 199
2311 200
2311 201
2311 202
2311 203
2311 204
2311 205
2311 206
2311 207
2311 208
2311 209
2311 210
2312 186
2312 187
2312 188
2312 189
2312 190
2312 191
2312 192
2312 193
2312 194
2312 195
2318 269
2318 270
2318 271
2318 272
2318 273
2318 274
2318 275
2318 276
2318 277
2318 278
2318 279
2318 280
2318 281
2318 282
2318 283
2318 284
2318 285
2319 255
2319 256
2319 257
2319 258
2319 259
2319 260
2319 261
2319 262
2319 263
2319 264
2319 265
2319 266
2319 267
2319 268
2319 269
2319 270
2319 271
2319 272
2319 273
2319 274
2319 275
2319 276
2319 277
2319 278
2319 279
2320 242
2320 243
2320 244
2320 245
2320 246
2320 247
2320 248
2320 249
2320 250
2320 251
2320 252
2320 253
2320 254
2320 255
2320 256
2320 257
2320 258
2320 259
2320 260
2320 261
2320 262
2320 263
2320 264
2320 265
2320 266
2320 267
2320 268
2320 269
2320 270
2320 271
2321 231
2321 232
2321 233
2321 234
2321 235
2321 236
2321 237
2321 238
2321 239
2321 240
2321 241
2321 242
2321 243
2321 244
2321 245
2321 246
2321 247
2321 248
2321 249
2321 250
2321 251
2321 252
2321 253
2321 254
2321 255
2321 256
2321 257
2321 258
2321 259
2321 260
2321 261
2321 262
2321 263
2322 221
2322 222
2322 223
2322 224
2322 225
2322 226
2322 227
2322 228
2322 229
2322 230
2322 231
2322 232
2322 233
2322 234
2322 235
2322 236
2322 237
2322 238
2322 239
2322 240
2322 241
2322 242
2322 243
2322 244
2322 245
2322 246
2322 247
2322 248
2322 249
2322 250
2322 251
2322 252
2322 253
2323 211
2323 212
2323 213
2323 214
2323 215
2323 216
2323 217
2323 218
2323 219
2323 220
2323 221
2323 222
2323 223
2323 224
2323 225
2323 226
2323 227
2323 228
2323 229
2323 230
2323 231
2323 232
2323 233
2323 234
2323 235
2323 236
2323 237
2323 238
2323 239
2323 240
2323 241
2323 242
2324 202
2324 203
2324 204
2324 205
2324 206
2324 207
2324 208
2324 209
2324 210
2324 211
2324 212
2324 213
2324 214
2324 215
2324 216
2324 217
2324 218
2324 219
2324 220
2324 221
2324 222
2324 223
2324 224
2324 225
2324 226
2324 227
2324 228
2324 229
2324 230
2324 231
2325 194
2325 195
2325 196
2325 197
2325 198
2325 199
2325 200
2325 201
2325 202
2325 203
2325 204
2325 205
2325 206
2325 207
2325 208
2325 209
2325 210
2325 211
2325 212
2325 213
2325 214
2325 215
2325 216
2325 217
2325 218
2325 219
2326 188
2326 189
2326 190
2326 191
2326 192
2326 193
2326 194
2326 195
2326 196
2326 197
2326 198
2326 199
2326 200
2326 201
2326 202
2326 203
2326 204
2326 205
2326 206
2327 184
2327 185
2327 186
2327 187
2327 188
2327 189
2333 264
2333 265
2333 266
2333 267
2333 268
2333 269
2333 270
2333 271
2333 272
2333 273
2333 274
2333 275
2333 276
2333 277
2333 278
2333 279
2333 280
2333 281
2333 282
2333 283
2334 250
2334 251
2334 252
2334 253
2334 254
2334 255
2334 256
2334 257
2334 258
2334 259
2334 260
2334 261
2334 262
2334 263
2334 264
2334 265
2334 266
2334 267
2334 268
2334 269
2334 270
2334 271
2334 272
2334 273
2334 274
2334 275
2334 276
2334 277
2335 238
2335 239
2335 240
2335 241
2335 242
2335 243
2335 244
2335 245
2335 246
2335 247
2335 248
2335 249
2335 250
2335 251
2335 252
2335 253
2335 254
2335 255
2335 256
2335 257
2335 258
2335 259
2335 260
2335 261
2335 262
2335 263
2335 264
2335 265
2335 266
2335 267
2335 268
2335 269
2336 227
2336 228
2336 229
2336 230
2336 231
2336 232
2336 233
2336 234
2336 235
2336 236
2336 237
2336 238
2336 239
2336 240
2336 241
2336 242
2336 243
2336 244
2336 245
2336 246
2336 247
2336 248
2336 249
2336 250
2336 251
2336 252
2336 253
2336 254
2336 255
2336 256
2336 257
2336 258
2336 259
2337 217
2337 218
2337 219
2337 220
2337 221
2337 222
2337 223
2337 224
2337 225
2337 226
2337 227
2337 228
2337 229
2337 230
2337 231
2337 232
2337 233
2337 234
2337 235
2337 236
2337 237
2337 238
2337 239
2337 240
2337 241
2337 242
2337 243
2337 244
2337 245
2337 246
2337 247
2337 248
2337 249
2338 207
2338 208
2338 209
2338 210
2338 211
2338 212
2338 213
2338 214
2338 215
2338 216
2338 217
2338 218
2338 219
2338 220
2338 221
2338 222
2338 223
2338 224
2338 225
2338 226
2338 227
2338 228
2338 229
2338 230
2338 231
2338 232
2338 233
2338 234
2338 235
2338 236
2338 237
2338 238
2339 199
2339 200
2339 201
2339 202
2339 203
2339 204
2339 205
2339 206
2339 207
2339 208
2339 209
2339 210
2339 211
2339 212
2339 213
2339 214
2339 215
2339 216
2339 217
2339 218
2339 219
2339 220
2339 221
2339 222
2339 223
2339 224
2339 225
2339 226
2339 227
2340 191
2340 192
2340 193
2340 194
2340 195
2340 196
2340 197
2340 198
2340 199
2340 200
2340 201
2340 202
2340 203
2340 204
2340 205
2340 206
2340 207
2340 208
2340 209
2340 210
2340 211
2340 212
2340 213
2340 214
2340 215
2341 185
2341 186
2341 187
2341 188
2341 189
2341 190
2341 191
2341 192
2341 193
2341 194
2341 195
2341 196
2341 197
2341 198
2341 199
2341 200
2341 201
2347 274
2347 275
2347 276
2347 277
2347 278
2347 279
2347 280
2347 281
2347 282
2347 283
2347 284
2347 285
2347 286
2348 259
2348 260
2348 261
2348 262
2348 263
2348 264
2348 265
2348 266
2348 267
2348 268
2348 269
2348 270
2348 271
2348 272
2348 273
2348 274
2348 275
2348 276
2348 277
2348 278
2348 279
2348 280
2348 281
2349 246
2349 247
2349 248
2349 249
2349 250
2349 251
2349 252
2349 253
2349 254
2349 255
2349 256
2349 257
2349 258
2349 259
2349 260
2349 261
2349 262
2349 263
2349 264
2349 265
2349 266
2349 267
2349 268
2349 269
2349 270
2349 271
2349 272
2349 273
2349 274
2350 234
2350 235
2350 236
2350 237
2350 238
2350 239
2350 240
2350 241
2350 242
2350 243
2350 244
2350 245
2350 246
2350 247
2350 248
2350 249
2350 250
2350 251
2350 252
2350 253
2350 254
2350 255
2350 256
2350 257
2350 258
2350 259
2350 260
2350 261
2350 262
2350 263
2350 264
2350 265
2350 266
2351 223
2351 224
2351 225
2351 226
2351 227
2351 228
2351 229
2351 230
2351 231
2351 232
2351 233
2351 234
2351 235
2351 236
2351 237
2351 238
2351 239
2351 240
2351 241
2351 242
2351 243
2351 244
2351 245
2351 246
2351 247
2351 248
2351 249
2351 250
2351 251
2351 252
2351 253
2351 254
2351 255
2351 256
2352 213
2352 214
2352 215
2352 216
2352 217
2352 218
2352 219
2352 220
2352 221
2352 222
2352 223
2352 224
2352 225
2352 226
2352 227
2352 228
2352 229
2352 230
2352 231
2352 232
2352 233
2352 234
2352 235
2352 236
2352 237
2352 238
2352 239
2352 240
2352 241
2352 242
2352 243
2352 244
2352 245
2352 246
2353 204
2353 205
2353 206
2353 207
2353 208
2353 209
2353 210
2353 211
2353 212
2353 213
2353 214
2353 215
2353 216
2353 217
2353 218
2353 219
2353 220
2353 221
2353 222
2353 223
2353 224
2353 225
2353 226
2353 227
2353 228
2353 229
2353 230
2353 231
2353 232
2353 233
2353 234
2353 235
2354 195
2354 196
2354 197
2354 198
2354 199
2354 200
2354 201
2354 202
2354 203
2354 204
2354 205
2354 206
2354 207
2354 208
2354 209
2354 210
2354 211
2354 212
2354 213
2354 214
2354 215
2354 216
2354 217
2354 218
2354 219
2354 220
2354 221
2354 222
2354 223
2355 188
2355 189
2355 190
2355 191
2355 192
2355 193
2355 194
2355 195
2355 196
2355 197
2355 198
2355 199
2355 200
2355 201
2355 202
2355 203
2355 204
2355 205
2355 206
2355 207
2355 208
2355 209
2355 210
2356 182
2356 183
2356 184
2356 185
2356 186
2356 187
2356 188
2356 189
2356 190
2356 191
2356 192
2356 193
2356 194
2356 195
2356 196
2362 269
2362 270
2362 271
2362 272
2362 273
2362 274
2362 275
2362 276
2362 277
2362 278
2362 279
2362 280
2362 281
2362 282
2362 283
2362 284
2362 285
2363 254
2363 255
2363 256
2363 257
2363 258
2363 259
2363 260
2363 261
2363 262
2363 263
2363 264
2363 265
2363 266
2363 267
2363 268
2363 269
2363 270
2363 271
2363 272
2363 273
2363 274
2363 275
2363 276
2363 277
2363 278
2363 279
2364 242
2364 243
2364 244
2364 245
2364 246
2364 247
2364 248
2364 249
2364 250
2364 251
2364 252
2364 253
2364 254
2364 255
2364 256
2364 257
2364 258
2364 259
2364 260
2364 261
2364 262
2364 263
2364 264
2364 265
2364 266
2364 267
2364 268
2364 269
2364 270
2364 271
2365 230
2365 231
2365 232
2365 233
2365 234
2365 235
2365 236
2365 237
2365 238
2365 239
2365 240
2365 241
2365 242
2365 243
2365 244
2365 245
2365 246
2365 247
2365 248
2365 249
2365 250
2365 251
2365 252
2365 253
2365 254
2365 255
2365 256
2365 257
2365 258
2365 259
2365 260
2365 261
2365 262
2366 220
2366 221
2366 222
2366 223
2366 224
2366 225
2366 226
2366 227
2366 228
2366 229
2366 230
2366 231
2366 232
2366 233
2366 234
2366 235
2366 236
2366 237
2366 238
2366 239
2366 240
2366 241
2366 242
2366 243
2366 244
2366 245
2366 246
2366 247
2366 248
2366 249
2366 250
2366 251
2366 252
2366 253
2367 210
2367 211
2367 212
2367 213
2367 214
2367 215
2367 216
2367 217
2367 218
2367 219
2367 220
2367 221
2367 222
2367 223
2367 224
2367 225
2367 226
2367 227
2367 228
2367 229
2367 230
2367 231
2367 232
2367 233
2367 234
2367 235
2367 236
2367 237
2367 238
2367 239
2367 240
2367 241
2367 242
2368 201
2368 202
2368 203
2368 204
2368 205
2368 206
2368 207
2368 208
2368 209
2368 210
2368 211
2368 212
2368 213
2368 214
2368 215
2368 216
2368 217
2368 218
2368 219
2368 220
2368 221
2368 222
2368 223
2368 224
2368 225
2368 226
2368 227
2368 228
2368 229
2368 230
2368 231
2369 192
2369 193
2369 194
2369 195
2369 196
2369 197
2369 198
2369 199
2369 200
2369 201
2369 202
2369 203
2369 204
2369 205
2369 206
2369 207
2369 208
2369 209
2369 210
2369 211
2369 212
2369 213
2369 214
2369 215
2369 216
2369 217
2369 218
2369 219
2370 185
2370 186
2370 187
2370 188
2370 189
2370 190
2370 191
2370 192
2370 193
2370 194
2370 195
2370 196
2370 197
2370 198
2370 199
2370 200
2370 201
2370 202
2370 203
2370 204
2370 205
2370 206
2371 180
2371 181
2371 182
2371 183
2371 184
2371 185
2371 186
2371 187
2371 188
2371 189
2371 190
2371 191
2377 264
2377 265
2377 266
2377 267
2377 268
2377 269
2377 270
2377 271
2377 272
2377 273
2377 274
2377 275
2377 276
2377 277
2377 278
2377 279
2377 280
2377 281
2377 282
2377 283
2378 250
2378 251
2378 252
2378 253
2378 254
2378 255
2378 256
2378 257
2378 258
2378 259
2378 260
2378 261
2378 262
2378 263
2378 264
2378 265
2378 266
2378 267
2378 268
2378 269
2378 270
2378 271
2378 272
2378 273
2378 274
2378 275
2378 276
2379 238
2379 239
2379 240
2379 241
2379 242
2379 243
2379 244
2379 245
2379 246
2379 247
2379 248
2379 249
2379 250
2379 251
2379 252
2379 253
2379 254
2379 255
2379 256
2379 257
2379 258
2379 259
2379 260
2379 261
2379 262
2379 263
2379 264
2379 265
2379 266
2379 267
2379 268
2380 227
2380 228
2380 229
2380 230
2380 231
2380 232
2380 233
2380 234
2380 235
2380 236
2380 237
2380 238
2380 239
2380 240
2380 241
2380 242
2380 243
2380 244
2380 245
2380 246
2380 247
2380 248
2380 249
2380 250
2380 251
2380 252
2380 253
2380 254
2380 255
2380 256
2380 257
2380 258
2380 259
2381 216
2381 217
2381 218
2381 219
2381 220
2381 221
2381 222
2381 223
2381 224
2381 225
2381 226
2381 227
2381 228
2381 229
2381 230
2381 231
2381 232
2381 233
2381 234
2381 235
2381 236
2381 237
2381 238
2381 239
2381 240
2381 241
2381 242
2381 243
2381 244
2381 245
2381 246
2381 247
2381 248
2381 249
2382 206
2382 207
2382 208
2382 209
2382 210
2382 211
2382 212
2382 213
2382 214
2382 215
2382 216
2382 217
2382 218
2382 219
2382 220
2382 221
2382 222
2382 223
2382 224
2382 225
2382 226
2382 227
2382 228
2382 229
2382 230
2382 231
2382 232
2382 233
2382 234
2382 235
2382 236
2382 237
2382 238
2383 197
2383 198
2383 199
2383 200
2383 201
2383 202
2383 203
2383 204
2383 205
2383 206
2383 207
2383 208
2383 209
2383 210
2383 211
2383 212
2383 213
2383 214
2383 215
2383 216
2383 217
2383 218
2383 219
2383 220
2383 221
2383 222
2383 223
2383 224
2383 225
2383 226
2383 227
2384 189
2384 190
2384 191
2384 192
2384 193
2384 194
2384 195
2384 196
2384 197
2384 198
2384 199
2384 200
2384 201
2384 202
2384 203
2384 204
2384 205
2384 206
2384 207
2384 208
2384 209
2384 210
2384 211
2384 212
2384 213
2384 214
2385 182
2385 183
2385 184
2385 185
2385 186
2385 187
2385 188
2385 189
2385 190
2385 191
2385 192
2385 193
2385 194
2385 195
2385 196
2385 197
2385 198
2385 199
2385 200
2385 201
2386 179
2386 180
2386 181
2386 182
2386 183
2386 184
2386 185
2391 275
2391 276
2391 277
2391 278
2391 279
2391 280
2391 281
2391 282
2391 283
2391 284
2391 285
2392 259
2392 260
2392 261
2392 262
2392 263
2392 264
2392 265
2392 266
2392 267
2392 268
2392 269
2392 270
2392 271
2392 272
2392 273
2392 274
2392 275
2392 276
2392 277
2392 278
2392 279
2392 280
2392 281
2393 246
2393 247
2393 248
2393 249
2393 250
2393 251
2393 252
2393 253
2393 254
2393 255
2393 256
2393 257
2393 258
2393 259
2393 260
2393 261
2393 262
2393 263
2393 264
2393 265
2393 266
2393 267
2393 268
2393 269
2393 270
2393 271
2393 272
2393 273
2393 274
2394 234
2394 235
2394 236
2394 237
2394 238
2394 239
2394 240
2394 241
2394 242
2394 243
2394 244
2394 245
2394 246
2394 247
2394 248
2394 249
2394 250
2394 251
2394 252
2394 253
2394 254
2394 255
2394 256
2394 257
2394 258
2394 259
2394 260
2394 261
2394 262
2394 263
2394 264
2394 265
2395 223
2395 224
2395 225
2395 226
2395 227
2395 228
2395 229
2395 230
2395 231
2395 232
2395 233
2395 234
2395 235
2395 236
2395 237
2395 238
2395 239
2395 240
2395 241
2395 242
2395 243
2395 244
2395 245
2395 246
2395 247
2395 248
2395 249
2395 250
2395 251
2395 252
2395 253
2395 254
2395 255
2395 256
2396 212
2396 213
2396 214
2396 215
2396 216
2396 217
2396 218
2396 219
2396 220
2396 221
2396 222
2396 223
2396 224
2396 225
2396 226
2396 227
2396 228
2396 229
2396 230
2396 231
2396 232
2396 233
2396 234
2396 235
2396 236
2396 237
2396 238
2396 239
2396 240
2396 241
2396 242
2396 243
2396 244
2396 245
2397 203
2397 204
2397 205
2397 206
2397 207
2397 208
2397 209
2397 210
2397 211
2397 212
2397 213
2397 214
2397 215
2397 216
2397 217
2397 218
2397 219
2397 220
2397 221
2397 222
2397 223
2397 224
2397 225
2397 226
2397 227
2397 228
2397 229
2397 230
2397 231
2397 232
2397 233
2397 234
2398 194
2398 195
2398 196
2398 197
2398 198
2398 199
2398 200
2398 201
2398 202
2398 203
2398 204
2398 205
2398 206
2398 207
2398 208
2398 209
2398 210
2398 211
2398 212
2398 213
2398 214
2398 215
2398 216
2398 217
2398 218
2398 219
2398 220
2398 221
2398 222
2398 223
2399 186
2399 187
2399 188
2399 189
2399 190
2399 191
2399 192
2399 193
2399 194
2399 195
2399 196
2399 197
2399 198
2399 199
2399 200
2399 201
2399 202
2399 203
2399 204
2399 205
2399 206
2399 207
2399 208
2399 209
2399 210
2400 180
2400 181
2400 182
2400 183
2400 184
2400 185
2400 186
2400 187
2400 188
2400 189
2400 190
2400 191
2400 192
2400 193
2400 194
2400 195
2400 196
2406 269
2406 270
2406 271
2406 272
2406 273
2406 274
2406 275
2406 276
2406 277
2406 278
2406 279
2406 280
2406 281
2406 282
2406 283
2406 284
2407 254
2407 255
2407 256
2407 257
2407 258
2407 259
2407 260
2407 261
2407 262
2407 263
2407 264
2407 265
2407 266
2407 267
2407 268
2407 269
2407 270
2407 271
2407 272
2407 273
2407 274
2407 275
2407 276
2407 277
2407 278
2408 242
2408 243
2408 244
2408 245
2408 246
2408 247
2408 248
2408 249
2408 250
2408 251
2408 252
2408 253
2408 254
2408 255
2408 256
2408 257
2408 258
2408 259
2408 260
2408 261
2408 262
2408 263
2408 264
2408 265
2408 266
2408 267
2408 268
2408 269
2408 270
2408 271
2409 230
2409 231
2409 232
2409 233
2409 234
2409 235
2409 236
2409 237
2409 238
2409 239
2409 240
2409 241
2409 242
2409 243
2409 244
2409 245
2409 246
2409 247
2409 248
2409 249
2409 250
2409 251
2409 252
2409 253
2409 254
2409 255
2409 256
2409 257
2409 258
2409 259
2409 260
2409 261
2409 262
2410 219
2410 220
2410 221
2410 222
2410 223
2410 224
2410 225
2410 226
2410 227
2410 228
2410 229
2410 230
2410 231
2410 232
2410 233
2410 234
2410 235
2410 236
2410 237
2410 238
2410 239
2410 240
2410 241
2410 242
2410 243
2410 244
2410 245
2410 246
2410 247
2410 248
2410 249
2410 250
2410 251
2410 252
2411 209
2411 210
2411 211
2411 212
2411 213
2411 214
2411 215
2411 216
2411 217
2411 218
2411 219
2411 220
2411 221
2411 222
2411 223
2411 224
2411 225
2411 226
2411 227
2411 228
2411 229
2411 230
2411 231
2411 232
2411 233
2411 234
2411 235
2411 236
2411 237
2411 238
2411 239
2411 240
2411 241
2412 199
2412 200
2412 201
2412 202
2412 203
2412 204
2412 205
2412 206
2412 207
2412 208
2412 209
2412 210
2412 211
2412 212
2412 213
2412 214
2412 215
2412 216
2412 217
2412 218
2412 219
2412 220
2412 221
2412 222
2412 223
2412 224
2412 225
2412 226
2412 227
2412 228
2412 229
2412 230
2413 191
2413 192
2413 193
2413 194
2413 195
2413 196
2413 197
2413 198
2413 199
2413 200
2413 201
2413 202
2413 203
2413 204
2413 205
2413 206
2413 207
2413 208
2413 209
2413 210
2413 211
2413 212
2413 213
2413 214
2413 215
2413 216
2413 217
2413 218
2414 183
2414 184
2414 185
2414 186
2414 187
2414 188
2414 189
2414 190
2414 191
2414 192
2414 193
2414 194
2414 195
2414 196
2414 197
2414 198
2414 199
2414 200
2414 201
2414 202
2414 203
2414 204
2414 205
2414 206
2415 178
2415 179
2415 180
2415 181
2415 182
2415 183
2415 184
2415 185
2415 186
2415 187
2415 188
2415 189
2415 190
2415 191
2421 264
2421 265
2421 266
2421 267
2421 268
2421 269
2421 270
2421 271
2421 272
2421 273
2421 274
2421 275
2421 276
2421 277
2421 278
2421 279
2421 280
2421 281
2421 282
2422 250
2422 251
2422 252
2422 253
2422 254
2422 255
2422 256
2422 257
2422 258
2422 259
2422 260
2422 261
2422 262
2422 263
2422 264
2422 265
2422 266
2422 267
2422 268
2422 269
2422 270
2422 271
2422 272
2422 273
2422 274
2422 275
2422 276
2423 238
2423 239
2423 240
2423 241
2423 242
2423 243
2423 244
2423 245
2423 246
2423 247
2423 248
2423 249
2423 250
2423 251
2423 252
2423 253
2423 254
2423 255
2423 256
2423 257
2423 258
2423 259
2423 260
2423 261
2423 262
2423 263
2423 264
2423 265
2423 266
2423 267
2423 268
2424 226
2424 227
2424 228
2424 229
2424 230
2424 231
2424 232
2424 233
2424 234
2424 235
2424 236
2424 237
2424 238
2424 239
2424 240
2424 241
2424 242
2424 243
2424 244
2424 245
2424 246
2424 247
2424 248
2424 249
2424 250
2424 251
2424 252
2424 253
2424 254
2424 255
2424 256
2424 257
2424 258
2425 215
2425 216
2425 217
2425 218
2425 219
2425 220
2425 221
2425 222
2425 223
2425 224
2425 225
2425 226
2425 227
2425 228
2425 229
2425 230
2425 231
2425 232
2425 233
2425 234
2425 235
2425 236
2425 237
2425 238
2425 239
2425 240
2425 241
2425 242
2425 243
2425 244
2425 245
2425 246
2425 247
2425 248
2426 205
2426 206
2426 207
2426 208
2426 209
2426 210
2426 211
2426 212
2426 213
2426 214
2426 215
2426 216
2426 217
2426 218
2426 219
2426 220
2426 221
2426 222
2426 223
2426 224
2426 225
2426 226
2426 227
2426 228
2426 229
2426 230
2426 231
2426 232
2426 233
2426 234
2426 235
2426 236
2426 237
2426 238
2427 196
2427 197
2427 198
2427 199
2427 200
2427 201
2427 202
2427 203
2427 204
2427 205
2427 206
2427 207
2427 208
2427 209
2427 210
2427 211
2427 212
2427 213
2427 214
2427 215
2427 216
2427 217
2427 218
2427 219
2427 220
2427 221
2427 222
2427 223
2427 224
2427 225
2427 226
2428 188
2428 189
2428 190
2428 191
2428 192
2428 193
2428 194
2428 195
2428 196
2428 197
2428 198
2428 199
2428 200
2428 201
2428 202
2428 203
2428 204
2428 205
2428 206
2428 207
2428 208
2428 209
2428 210
2428 211
2428 212
2428 213
2428 214
2429 180
2429 181
2429 182
2429 183
2429 184
2429 185
2429 186
2429 187
2429 188
2429 189
2429 190
2429 191
2429 192
2429 193
2429 194
2429 195
2429 196
2429 197
2429 198
2429 199
2429 200
2429 201
2430 176
2430 177
2430 178
2430 179
2430 180
2430 181
2430 182
2430 183
2430 184
2430 185
2435 276
2435 277
2435 278
2435 279
2435 280
2435 281
2435 282
2435 283
2435 284
2436 259
2436 260
2436 261
2436 262
2436 263
2436 264
2436 265
2436 266
2436 267
2436 268
2436 269
2436 270
2436 271
2436 272
2436 273
2436 274
2436 275
2436 276
2436 277
2436 278
2436 279
2436 280
2437 246
2437 247
2437 248
2437 249
2437 250
2437 251
2437 252
2437 253
2437 254
2437 255
2437 256
2437 257
2437 258
2437 259
2437 260
2437 261
2437 262
2437 263
2437 264
2437 265
2437 266
2437 267
2437 268
2437 269
2437 270
2437 271
2437 272
2437 273
2438 234
2438 235
2438 236
2438 237
2438 238
2438 239
2438 240
2438 241
2438 242
2438 243
2438 244
2438 245
2438 246
2438 247
2438 248
2438 249
2438 250
2438 251
2438 252
2438 253
2438 254
2438 255
2438 256
2438 257
2438 258
2438 259
2438 260
2438 261
2438 262
2438 263
2438 264
2439 222
2439 223
2439 224
2439 225
2439 226
2439 227
2439 228
2439 229
2439 230
2439 231
2439 232
2439 233
2439 234
2439 235
2439 236
2439 237
2439 238
2439 239
2439 240
2439 241
2439 242
2439 243
2439 244
2439 245
2439 246
2439 247
2439 248
2439 249
2439 250
2439 251
2439 252
2439 253
2439 254
2439 255
2440 212
2440 213
2440 214
2440 215
2440 216
2440 217
2440 218
2440 219
2440 220
2440 221
2440 222
2440 223
2440 224
2440 225
2440 226
2440 227
2440 228
2440 229
2440 230
2440 231
2440 232
2440 233
2440 234
2440 235
2440 236
2440 237
2440 238
2440 239
2440 240
2440 241
2440 242
2440 243
2440 244
2440 245
2441 202
2441 203
2441 204
2441 205
2441 206
2441 207
2441 208
2441 209
2441 210
2441 211
2441 212
2441 213
2441 214
2441 215
2441 216
2441 217
2441 218
2441 219
2441 220
2441 221
2441 222
2441 223
2441 224
2441 225
2441 226
2441 227
2441 228
2441 229
2441 230
2441 231
2441 232
2441 233
2441 234
2442 193
2442 194
2442 195
2442 196
2442 197
2442 198
2442 199
2442 200
2442 201
2442 202
2442 203
2442 204
2442 205
2442 206
2442 207
2442 208
2442 209
2442 210
2442 211
2442 212
2442 213
2442 214
2442 215
2442 216
2442 217
2442 218
2442 219
2442 220
2442 221
2442 222
2443 185
2443 186
2443 187
2443 188
2443 189
2443 190
2443 191
2443 192
2443 193
2443 194
2443 195
2443 196
2443 197
2443 198
2443 199
2443 200
2443 201
2443 202
2443 203
2443 204
2443 205
2443 206
2443 207
2443 208
2443 209
2444 178
2444 179
2444 180
2444 181
2444 182
2444 183
2444 184
2444 185
2444 186
2444 187
2444 188
2444 189
2444 190
2444 191
2444 192
2444 193
2444 194
2444 195
2444 196
2450 270
2450 271
2450 272
2450 273
2450 274
2450 275
2450 276
2450 277
2450 278
2450 279
2450 280
2450 281
2450 282
2450 283
2451 255
2451 256
2451 257
2451 258
2451 259
2451 260
2451 261
2451 262
2451 263
2451 264
2451 265
2451 266
2451 267
2451 268
2451 269
2451 270
2451 271
2451 272
2451 273
2451 274
2451 275
2451 276
2451 277
2452 242
2452 243
2452 244
2452 245
2452 246
2452 247
2452 248
2452 249
2452 250
2452 251
2452 252
2452 253
2452 254
2452 255
2452 256
2452 257
2452 258
2452 259
2452 260
2452 261
2452 262
2452 263
2452 264
2452 265
2452 266
2452 267
2452 268
2452 269
2452 270
2453 230
2453 231
2453 232
2453 233
2453 234
2453 235
2453 236
2453 237
2453 238
2453 239
2453 240
2453 241
2453 242
2453 243
2453 244
2453 245
2453 246
2453 247
2453 248
2453 249
2453 250
2453 251
2453 252
2453 253
2453 254
2453 255
2453 256
2453 257
2453 258
2453 259
2453 260
2453 261
2454 219
2454 220
2454 221
2454 222
2454 223
2454 224
2454 225
2454 226
2454 227
2454 228
2454 229
2454 230
2454 231
2454 232
2454 233
2454 234
2454 235
2454 236
2454 237
2454 238
2454 239
2454 240
2454 241
2454 242
2454 243
2454 244
2454 245
2454 246
2454 247
2454 248
2454 249
2454 250
2454 251
2455 208
2455 209
2455 210
2455 211
2455 212
2455 213
2455 214
2455 215
2455 216
2455 217
2455 218
2455 219
2455 220
2455 221
2455 222
2455 223
2455 224
2455 225
2455 226
2455 227
2455 228
2455 229
2455 230
2455 231
2455 232
2455 233
2455 234
2455 235
2455 236
2455 237
2455 238
2455 239
2455 240
2455 241
2456 199
2456 200
2456 201
2456 202
2456 203
2456 204
2456 205
2456 206
2456 207
2456 208
2456 209
2456 210
2456 211
2456 212
2456 213
2456 214
2456 215
2456 216
2456 217
2456 218
2456 219
2456 220
2456 221
2456 222
2456 223
2456 224
2456 225
2456 226
2456 227
2456 228
2456 229
2457 190
2457 191
2457 192
2457 193
2457 194
2457 195
2457 196
2457 197
2457 198
2457 199
2457 200
2457 201
2457 202
2457 203
2457 204
2457 205
2457 206
2457 207
2457 208
2457 209
2457 210
2457 211
2457 212
2457 213
2457 214
2457 215
2457 216
2457 217
2458 182
2458 183
2458 184
2458 185
2458 186
2458 187
2458 188
2458 189
2458 190
2458 191
2458 192
2458 193
2458 194
2458 195
2458 196
2458 197
2458 198
2458 199
2458 200
2458 201
2458 202
2458 203
2458 204
2458 205
2459 176
2459 177
2459 178
2459 179
2459 180
2459 181
2459 182
2459 183
2459 184
2459 185
2459 186
2459 187
2459 188
2459 189
2459 190
2465 265
2465 266
2465 267
2465 268
2465 269
2465 270
2465 271
2465 272
2465 273
2465 274
2465 275
2465 276
2465 277
2465 278
2465 279
2465 280
2465 281
2466 251
2466 252
2466 253
2466 254
2466 255
2466 256
2466 257
2466 258
2466 259
2466 260
2466 261
2466 262
2466 263
2466 264
2466 265
2466 266
2466 267
2466 268
2466 269
2466 270
2466 271
2466 272
2466 273
2466 274
2466 275
2467 238
2467 239
2467 240
2467 241
2467 242
2467 243
2467 244
2467 245
2467 246
2467 247
2467 248
2467 249
2467 250
2467 251
2467 252
2467 253
2467 254
2467 255
2467 256
2467 257
2467 258
2467 259
2467 260
2467 261
2467 262
2467 263
2467 264
2467 265
2467 266
2467 267
2468 226
2468 227
2468 228
2468 229
2468 230
2468 231
2468 232
2468 233
2468 234
2468 235
2468 236
2468 237
2468 238
2468 239
2468 240
2468 241
2468 242
2468 243
2468 244
2468 245
2468 246
2468 247
2468 248
2468 249
2468 250
2468 251
2468 252
2468 253
2468 254
2468 255
2468 256
2468 257
2469 215
2469 216
2469 217
2469 218
2469 219
2469 220
2469 221
2469 222
2469 223
2469 224
2469 225
2469 226
2469 227
2469 228
2469 229
2469 230
2469 231
2469 232
2469 233
2469 234
2469 235
2469 236
2469 237
2469 238
2469 239
2469 240
2469 241
2469 242
2469 243
2469 244
2469 245
2469 246
2469 247
2470 205
2470 206
2470 207
2470 208
2470 209
2470 210
2470 211
2470 212
2470 213
2470 214
2470 215
2470 216
2470 217
2470 218
2470 219
2470 220
2470 221
2470 222
2470 223
2470 224
2470 225
2470 226
2470 227
2470 228
2470 229
2470 230
2470 231
2470 232
2470 233
2470 234
2470 235
2470 236
2470 237
2471 195
2471 196
2471 197
2471 198
2471 199
2471 200
2471 201
2471 202
2471 203
2471 204
2471 205
2471 206
2471 207
2471 208
2471 209
2471 210
2471 211
2471 212
2471 213
2471 214
2471 215
2471 216
2471 217
2471 218
2471 219
2471 220
2471 221
2471 222
2471 223
2471 224
2471 225
2472 187
2472 188
2472 189
2472 190
2472 191
2472 192
2472 193
2472 194
2472 195
2472 196
2472 197
2472 198
2472 199
2472 200
2472 201
2472 202
2472 203
2472 204
2472 205
2472 206
2472 207
2472 208
2472 209
2472 210
2472 211
2472 212
2472 213
2473 179
2473 180
2473 181
2473 182
2473 183
2473 184
2473 185
2473 186
2473 187
2473 188
2473 189
2473 190
2473 191
2473 192
2473 193
2473 194
2473 195
2473 196
2473 197
2473 198
2473 199
2473 200
2474 174
2474 175
2474 176
2474 177
2474 178
2474 179
2474 180
2474 181
2474 182
2474 183
2474 184
2480 260
2480 261
2480 262
2480 263
2480 264
2480 265
2480 266
2480 267
2480 268
2480 269
2480 270
2480 271
2480 272
2480 273
2480 274
2480 275
2480 276
2480 277
2480 278
2481 247
2481 248
2481 249
2481 250
2481 251
2481 252
2481 253
2481 254
2481 255
2481 256
2481 257
2481 258
2481 259
2481 260
2481 261
2481 262
2481 263
2481 264
2481 265
2481 266
2481 267
2481 268
2481 269
2481 270
2481 271
2481 272
2482 234
2482 235
2482 236
2482 237
2482 238
2482 239
2482 240
2482 241
2482 242
2482 243
2482 244
2482 245
2482 246
2482 247
2482 248
2482 249
2482 250
2482 251
2482 252
2482 253
2482 254
2482 255
2482 256
2482 257
2482 258
2482 259
2482 260
2482 261
2482 262
2482 263
2483 223
2483 224
2483 225
2483 226
2483 227
2483 228
2483 229
2483 230
2483 231
2483 232
2483 233
2483 234
2483 235
2483 236
2483 237
2483 238
2483 239
2483 240
2483 241
2483 242
2483 243
2483 244
2483 245
2483 246
2483 247
2483 248
2483 249
2483 250
2483 251
2483 252
2483 253
2483 254
2484 212
2484 213
2484 214
2484 215
2484 216
2484 217
2484 218
2484 219
2484 220
2484 221
2484 222
2484 223
2484 224
2484 225
2484 226
2484 227
2484 228
2484 229
2484 230
2484 231
2484 232
2484 233
2484 234
2484 235
2484 236
2484 237
2484 238
2484 239
2484 240
2484 241
2484 242
2484 243
2484 244
2485 201
2485 202
2485 203
2485 204
2485 205
2485 206
2485 207
2485 208
2485 209
2485 210
2485 211
2485 212
2485 213
2485 214
2485 215
2485 216
2485 217
2485 218
2485 219
2485 220
2485 221
2485 222
2485 223
2485 224
2485 225
2485 226
2485 227
2485 228
2485 229
2485 230
2485 231
2485 232
2485 233
2486 192
2486 193
2486 194
2486 195
2486 196
2486 197
2486 198
2486 199
2486 200
2486 201
2486 202
2486 203
2486 204
2486 205
2486 206
2486 207
2486 208
2486 209
2486 210
2486 211
2486 212
2486 213
2486 214
2486 215
2486 216
2486 217
2486 218
2486 219
2486 220
2486 221
2487 184
2487 185
2487 186
2487 187
2487 188
2487 189
2487 190
2487 191
2487 192
2487 193
2487 194
2487 195
2487 196
2487 197
2487 198
2487 199
2487 200
2487 201
2487 202
2487 203
2487 204
2487 205
2487 206
2487 207
2487 208
2488 177
2488 178
2488 179
2488 180
2488 181
2488 182
2488 183
2488 184
2488 185
2488 186
2488 187
2488 188
2488 189
2488 190
2488 191
2488 192
2488 193
2488 194
2494 273
2494 274
2494 275
2494 276
2494 277
2494 278
2494 279
2494 280
2495 256
2495 257
2495 258
2495 259
2495 260
2495 261
2495 262
2495 263
2495 264
2495 265
2495 266
2495 267
2495 268
2495 269
2495 270
2495 271
2495 272
2495 273
2495 274
2495 275
2495 276
2496 243
2496 244
2496 245
2496 246
2496 247
2496 248
2496 249
2496 250
2496 251
2496 252
2496 253
2496 254
2496 255
2496 256
2496 257
2496 258
2496 259
2496 260
2496 261
2496 262
2496 263
2496 264
2496 265
2496 266
2496 267
2496 268
2497 230
2497 231
2497 232
2497 233
2497 234
2497 235
2497 236
2497 237
2497 238
2497 239
2497 240
2497 241
2497 242
2497 243
2497 244
2497 245
2497 246
2497 247
2497 248
2497 249
2497 250
2497 251
2497 252
2497 253
2497 254
2497 255
2497 256
2497 257
2497 258
2497 259
2497 260
2498 219
2498 220
2498 221
2498 222
2498 223
2498 224
2498 225
2498 226
2498 227
2498 228
2498 229
2498 230
2498 231
2498 232
2498 233
2498 234
2498 235
2498 236
2498 237
2498 238
2498 239
2498 240
2498 241
2498 242
2498 243
2498 244
2498 245
2498 246
2498 247
2498 248
2498 249
2498 250
2499 208
2499 209
2499 210
2499 211
2499 212
2499 213
2499 214
2499 215
2499 216
2499 217
2499 218
2499 219
2499 220
2499 221
2499 222
2499 223
2499 224
2499 225
2499 226
2499 227
2499 228
2499 229
2499 230
2499 231
2499 232
2499 233
2499 234
2499 235
2499 236
2499 237
2499 238
2499 239
2500 198
2500 199
2500 200
2500 201
2500 202
2500 203
2500 204
2500 205
2500 206
2500 207
2500 208
2500 209
2500 210
2500 211
2500 212
2500 213
2500 214
2500 215
2500 216
2500 217
2500 218
2500 219
2500 220
2500 221
2500 222
2500 223
2500 224
2500 225
2500 226
2500 227
2500 228
2501 189
2501 190
2501 191
2501 192
2501 193
2501 194
2501 195
2501 196
2501 197
2501 198
2501 199
2501 200
2501 201
2501 202
2501 203
2501 204
2501 205
2501 206
2501 207
2501 208
2501 209
2501 210
2501 211
2501 212
2501 213
2501 214
2501 215
2501 216
2502 181
2502 182
2502 183
2502 184
2502 185
2502 186
2502 187
2502 188
2502 189
2502 190
2502 191
2502 192
2502 193
2502 194
2502 195
2502 196
2502 197
2502 198
2502 199
2502 200
2502 201
2502 202
2502 203
2503 175
2503 176
2503 177
2503 178
2503 179
2503 180
2503 181
2503 182
2503 183
2503 184
2503 185
2503 186
2503 187
2503 188
2509 267
2509 268
2509 269
2509 270
2509 271
2509 272
2509 273
2509 274
2509 275
2509 276
2509 277
2509 278
2510 252
2510 253
2510 254
2510 255
2510 256
2510 257
2510 258
2510 259
2510 260
2510 261
2510 262
2510 263
2510 264
2510 265
2510 266
2510 267
2510 268
2510 269
2510 270
2510 271
2510 272
2510 273
2511 239
2511 240
2511 241
2511 242
2511 243
2511 244
2511 245
2511 246
2511 247
2511 248
2511 249
2511 250
2511 251
2511 252
2511 253
2511 254
2511 255
2511 256
2511 257
2511 258
2511 259
2511 260
2511 261
2511 262
2511 263
2511 264
2511 265
2512 227
2512 228
2512 229
2512 230
2512 231
2512 232
2512 233
2512 234
2512 235
2512 236
2512 237
2512 238
2512 239
2512 240
2512 241
2512 242
2512 243
2512 244
2512 245
2512 246
2512 247
2512 248
2512 249
2512 250
2512 251
2512 252
2512 253
2512 254
2512 255
2512 256
2513 215
2513 216
2513 217
2513 218
2513 219
2513 220
2513 221
2513 222
2513 223
2513 224
2513 225
2513 226
2513 227
2513 228
2513 229
2513 230
2513 231
2513 232
2513 233
2513 234
2513 235
2513 236
2513 237
2513 238
2513 239
2513 240
2513 241
2513 242
2513 243
2513 244
2513 245
2513 246
2514 205
2514 206
2514 207
2514 208
2514 209
2514 210
2514 211
2514 212
2514 213
2514 214
2514 215
2514 216
2514 217
2514 218
2514 219
2514 220
2514 221
2514 222
2514 223
2514 224
2514 225
2514 226
2514 227
2514 228
2514 229
2514 230
2514 231
2514 232
2514 233
2514 234
2514 235
2515 195
2515 196
2515 197
2515 198
2515 199
2515 200
2515 201
2515 202
2515 203
2515 204
2515 205
2515 206
2515 207
2515 208
2515 209
2515 210
2515 211
2515 212
2515 213
2515 214
2515 215
2515 216
2515 217
2515 218
2515 219
2515 220
2515 221
2515 222
2515 223
2515 224
2516 186
2516 187
2516 188
2516 189
2516 190
2516 191
2516 192
2516 193
2516 194
2516 195
2516 196
2516 197
2516 198
2516 199
2516 200
2516 201
2516 202
2516 203
2516 204
2516 205
2516 206
2516 207
2516 208
2516 209
2516 210
2516 211
2516 212
2517 178
2517 179
2517 180
2517 181
2517 182
2517 183
2517 184
2517 185
2517 186
2517 187
2517 188
2517 189
2517 190
2517 191
2517 192
2517 193
2517 194
2517 195
2517 196
2517 197
2517 198
2518 174
2518 175
2518 176
2518 177
2518 178
2518 179
2518 180
2518 181
2524 263
2524 264
2524 265
2524 266
2524 267
2524 268
2524 269
2524 270
2524 271
2524 272
2524 273
2524 274
2524 275
2524 276
2525 248
2525 249
2525 250
2525 251
2525 252
2525 253
2525 254
2525 255
2525 256
2525 257
2525 258
2525 259
2525 260
2525 261
2525 262
2525 263
2525 264
2525 265
2525 266
2525 267
2525 268
2525 269
2525 270
2526 235
2526 236
2526 237
2526 238
2526 239
2526 240
2526 241
2526 242
2526 243
2526 244
2526 245
2526 246
2526 247
2526 248
2526 249
2526 250
2526 251
2526 252
2526 253
2526 254
2526 255
2526 256
2526 257
2526 258
2526 259
2526 260
2526 261
2526 262
2527 223
2527 224
2527 225
2527 226
2527 227
2527 228
2527 229
2527 230
2527 231
2527 232
2527 233
2527 234
2527 235
2527 236
2527 237
2527 238
2527 239
2527 240
2527 241
2527 242
2527 243
2527 244
2527 245
2527 246
2527 247
2527 248
2527 249
2527 250
2527 251
2527 252
2528 212
2528 213
2528 214
2528 215
2528 216
2528 217
2528 218
2528 219
2528 220
2528 221
2528 222
2528 223
2528 224
2528 225
2528 226
2528 227
2528 228
2528 229
2528 230
2528 231
2528 232
2528 233
2528 234
2528 235
2528 236
2528 237
2528 238
2528 239
2528 240
2528 241
2528 242
2529 201
2529 202
2529 203
2529 204
2529 205
2529 206
2529 207
2529 208
2529 209
2529 210
2529 211
2529 212
2529 213
2529 214
2529 215
2529 216
2529 217
2529 218
2529 219
2529 220
2529 221
2529 222
2529 223
2529 224
2529 225
2529 226
2529 227
2529 228
2529 229
2529 230
2529 231
2530 192
2530 193
2530 194
2530 195
2530 196
2530 197
2530 198
2530 199
2530 200
2530 201
2530 202
2530 203
2530 204
2530 205
2530 206
2530 207
2530 208
2530 209
2530 210
2530 211
2530 212
2530 213
2530 214
2530 215
2530 216
2530 217
2530 218
2530 219
2531 183
2531 184
2531 185
2531 186
2531 187
2531 188
2531 189
2531 190
2531 191
2531 192
2531 193
2531 194
2531 195
2531 196
2531 197
2531 198
2531 199
2531 200
2531 201
2531 202
2531 203
2531 204
2531 205
2531 206
2531 207
2532 176
2532 177
2532 178
2532 179
2532 180
2532 181
2532 182
2532 183
2532 184
2532 185
2532 186
2532 187
2532 188
2532 189
2532 190
2532 191
2532 192
2539 258
2539 259
2539 260
2539 261
2539 262
2539 263
2539 264
2539 265
2539 266
2539 267
2539 268
2539 269
2539 270
2539 271
2539 272
2539 273
2540 244
2540 245
2540 246
2540 247
2540 248
2540 249
2540 250
2540 251
2540 252
2540 253
2540 254
2540 255
2540 256
2540 257
2540 258
2540 259
2540 260
2540 261
2540 262
2540 263
2540 264
2540 265
2540 266
2541 231
2541 232
2541 233
2541 234
2541 235
2541 236
2541 237
2541 238
2541 239
2541 240
2541 241
2541 242
2541 243
2541 244
2541 245
2541 246
2541 247
2541 248
2541 249
2541 250
2541 251
2541 252
2541 253
2541 254
2541 255
2541 256
2541 257
2541 258
2542 220
2542 221
2542 222
2542 223
2542 224
2542 225
2542 226
2542 227
2542 228
2542 229
2542 230
2542 231
2542 232
2542 233
2542 234
2542 235
2542 236
2542 237
2542 238
2542 239
2542 240
2542 241
2542 242
2542 243
2542 244
2542 245
2542 246
2542 247
2542 248
2543 208
2543 209
2543 210
2543 211
2543 212
2543 213
2543 214
2543 215
2543 216
2543 217
2543 218
2543 219
2543 220
2543 221
2543 222
2543 223
2543 224
2543 225
2543 226
2543 227
2543 228
2543 229
2543 230
2543 231
2543 232
2543 233
2543 234
2543 235
2543 236
2543 237
2543 238
2544 198
2544 199
2544 200
2544 201
2544 202
2544 203
2544 204
2544 205
2544 206
2544 207
2544 208
2544 209
2544 210
2544 211
2544 212
2544 213
2544 214
2544 215
2544 216
2544 217
2544 218
2544 219
2544 220
2544 221
2544 222
2544 223
2544 224
2544 225
2544 226
2544 227
2545 189
2545 190
2545 191
2545 192
2545 193
2545 194
2545 195
2545 196
2545 197
2545 198
2545 199
2545 200
2545 201
2545 202
2545 203
2545 204
2545 205
2545 206
2545 207
2545 208
2545 209
2545 210
2545 211
2545 212
2545 213
2545 214
2545 215
2546 181
2546 182
2546 183
2546 184
2546 185
2546 186
2546 187
2546 188
2546 189
2546 190
2546 191
2546 192
2546 193
2546 194
2546 195
2546 196
2546 197
2546 198
2546 199
2546 200
2546 201
2547 175
2547 176
2547 177
2547 178
2547 179
2547 180
2547 181
2547 182
2547 183
2547 184
2547 185
2554 254
2554 255
2554 256
2554 257
2554 258
2554 259
2554 260
2554 261
2554 262
2554 263
2554 264
2554 265
2554 266
2554 267
2554 268
2554 269
2554 270
2555 240
2555 241
2555 242
2555 243
2555 244
2555 245
2555 246
2555 247
2555 248
2555 249
2555 250
2555 251
2555 252
2555 253
2555 254
2555 255
2555 256
2555 257
2555 258
2555 259
2555 260
2555 261
2555 262
2555 263
2556 228
2556 229
2556 230
2556 231
2556 232
2556 233
2556 234
2556 235
2556 236
2556 237
2556 238
2556 239
2556 240
2556 241
2556 242
2556 243
2556 244
2556 245
2556 246
2556 247
2556 248
2556 249
2556 250
2556 251
2556 252
2556 253
2556 254
2557 216
2557 217
2557 218
2557 219
2557 220
2557 221
2557 222
2557 223
2557 224
2557 225
2557 226
2557 227
2557 228
2557 229
2557 230
2557 231
2557 232
2557 233
2557 234
2557 235
2557 236
2557 237
2557 238
2557 239
2557 240
2557 241
2557 242
2557 243
2557 244
2558 205
2558 206
2558 207
2558 208
2558 209
2558 210
2558 211
2558 212
2558 213
2558 214
2558 215
2558 216
2558 217
2558 218
2558 219
2558 220
2558 221
2558 222
2558 223
2558 224
2558 225
2558 226
2558 227
2558 228
2558 229
2558 230
2558 231
2558 232
2558 233
2558 234
2559 195
2559 196
2559 197
2559 198
2559 199
2559 200
2559 201
2559 202
2559 203
2559 204
2559 205
2559 206
2559 207
2559 208
2559 209
2559 210
2559 211
2559 212
2559 213
2559 214
2559 215
2559 216
2559 217
2559 218
2559 219
2559 220
2559 221
2559 222
2560 186
2560 187
2560 188
2560 189
2560 190
2560 191
2560 192
2560 193
2560 194
2560 195
2560 196
2560 197
2560 198
2560 199
2560 200
2560 201
2560 202
2560 203
2560 204
2560 205
2560 206
2560 207
2560 208
2560 209
2560 210
2561 178
2561 179
2561 180
2561 181
2561 182
2561 183
2561 184
2561 185
2561 186
2561 187
2561 188
2561 189
2561 190
2561 191
2561 192
2561 193
2561 194
2561 195
2569 251
2569 252
2569 253
2569 254
2569 255
2569 256
2569 257
2569 258
2569 259
2569 260
2569 261
2569 262
2569 263
2569 264
2569 265
2569 266
2569 267
2570 237
2570 238
2570 239
2570 240
2570 241
2570 242
2570 243
2570 244
2570 245
2570 246
2570 247
2570 248
2570 249
2570 250
2570 251
2570 252
2570 253
2570 254
2570 255
2570 256
2570 257
2570 258
2570 259
2571 224
2571 225
2571 226
2571 227
2571 228
2571 229
2571 230
2571 231
2571 232
2571 233
2571 234
2571 235
2571 236
2571 237
2571 238
2571 239
2571 240
2571 241
2571 242
2571 243
2571 244
2571 245
2571 246
2571 247
2571 248
2571 249
2571 250
2572 213
2572 214
2572 215
2572 216
2572 217
2572 218
2572 219
2572 220
2572 221
2572 222
2572 223
2572 224
2572 225
2572 226
2572 227
2572 228
2572 229
2572 230
2572 231
2572 232
2572 233
2572 234
2572 235
2572 236
2572 237
2572 238
2572 239
2572 240
2573 202
2573 203
2573 204
2573 205
2573 206
2573 207
2573 208
2573 209
2573 210
2573 211
2573 212
2573 213
2573 214
2573 215
2573 216
2573 217
2573 218
2573 219
2573 220
2573 221
2573 222
2573 223
2573 224
2573 225
2573 226
2573 227
2573 228
2573 229
2574 192
2574 193
2574 194
2574 195
2574 196
2574 197
2574 198
2574 199
2574 200
2574 201
2574 202
2574 203
2574 204
2574 205
2574 206
2574 207
2574 208
2574 209
2574 210
2574 211
2574 212
2574 213
2574 214
2574 215
2574 216
2574 217
2575 183
2575 184
2575 185
2575 186
2575 187
2575 188
2575 189
2575 190
2575 191
2575 192
2575 193
2575 194
2575 195
2575 196
2575 197
2575 198
2575 199
2575 200
2575 201
2575 202
2575 203
2575 204
2576 177
2576 178
2576 179
2576 180
2576 181
2576 182
2576 183
2576 184
2576 185
2576 186
2576 187
2576 188
2576 189
2583 265
2583 266
2584 247
2584 248
2584 249
2584 250
2584 251
2584 252
2584 253
2584 254
2584 255
2584 256
2584 257
2584 258
2584 259
2584 260
2584 261
2584 262
2584 263
2585 233
2585 234
2585 235
2585 236
2585 237
2585 238
2585 239
2585 240
2585 241
2585 242
2585 243
2585 244
2585 245
2585 246
2585 247
2585 248
2585 249
2585 250
2585 251
2585 252
2585 253
2585 254
2585 255
2586 221
2586 222
2586 223
2586 224
2586 225
2586 226
2586 227
2586 228
2586 229
2586 230
2586 231
2586 232
2586 233
2586 234
2586 235
2586 236
2586 237
2586 238
2586 239
2586 240
2586 241
2586 242
2586 243
2586 244
2586 245
2586 246
2587 210
2587 211
2587 212
2587 213
2587 214
2587 215
2587 216
2587 217
2587 218
2587 219
2587 220
2587 221
2587 222
2587 223
2587 224
2587 225
2587 226
2587 227
2587 228
2587 229
2587 230
2587 231
2587 232
2587 233
2587 234
2587 235
2587 236
2588 199
2588 200
2588 201
2588 202
2588 203
2588 204
2588 205
2588 206
2588 207
2588 208
2588 209
2588 210
2588 211
2588 212
2588 213
2588 214
2588 215
2588 216
2588 217
2588 218
2588 219
2588 220
2588 221
2588 222
2588 223
2588 224
2588 225
2589 189
2589 190
2589 191
2589 192
2589 193
2589 194
2589 195
2589 196
2589 197
2589 198
2589 199
2589 200
2589 201
2589 202
2589 203
2589 204
2589 205
2589 206
2589 207
2589 208
2589 209
2589 210
2589 211
2589 212
2590 181
2590 182
2590 183
2590 184
2590 185
2590 186
2590 187
2590 188
2590 189
2590 190
2590 191
2590 192
2590 193
2590 194
2590 195
2590 196
2590 197
2590 198
2598 261
2598 262
2598 263
2599 243
2599 244
2599 245
2599 246
2599 247
2599 248
2599 249
2599 250
2599 251
2599 252
2599 253
2599 254
2599 255
2599 256
2599 257
2599 258
2599 259
2600 230
2600 231
2600 232
2600 233
2600 234
2600 235
2600 236
2600 237
2600 238
2600 239
2600 240
2600 241
2600 242
2600 243
2600 244
2600 245
2600 246
2600 247
2600 248
2600 249
2600 250
2600 251
2601 218
2601 219
2601 220
2601 221
2601 222
2601 223
2601 224
2601 225
2601 226
2601 227
2601 228
2601 229
2601 230
2601 231
2601 232
2601 233
2601 234
2601 235
2601 236
2601 237
2601 238
2601 239
2601 240
2601 241
2601 242
2602 206
2602 207
2602 208
2602 209
2602 210
2602 211
2602 212
2602 213
2602 214
2602 215
2602 216
2602 217
2602 218
2602 219
2602 220
2602 221
2602 222
2602 223
2602 224
2602 225
2602 226
2602 227
2602 228
2602 229
2602 230
2602 231
2603 196
2603 197
2603 198
2603 199
2603 200
2603 201
2603 202
2603 203
2603 204
2603 205
2603 206
2603 207
2603 208
2603 209
2603 210
2603 211
2603 212
2603 213
2603 214
2603 215
2603 216
2603 217
2603 218
2603 219
2603 220
2604 187
2604 188
2604 189
2604 190
2604 191
2604 192
2604 193
2604 194
2604 195
2604 196
2604 197
2604 198
2604 199
2604 200
2604 201
2604 202
2604 203
2604 204
2604 205
2604 206
2604 207
2605 180
2605 181
2605 182
2605 183
2605 184
2605 185
2605 186
2605 187
2605 188
2605 189
2605 190
2605 191
2613 258
2613 259
2613 260
2614 240
2614 241
2614 242
2614 243
2614 244
2614 245
2614 246
2614 247
2614 248
2614 249
2614 250
2614 251
2614 252
2614 253
2614 254
2614 255
2614 256
2615 227
2615 228
2615 229
2615 230
2615 231
2615 232
2615 233
2615 234
2615 235
2615 236
2615 237
2615 238
2615 239
2615 240
2615 241
2615 242
2615 243
2615 244
2615 245
2615 246
2615 247
2616 215
2616 216
2616 217
2616 218
2616 219
2616 220
2616 221
2616 222
2616 223
2616 224
2616 225
2616 226
2616 227
2616 228
2616 229
2616 230
2616 231
2616 232
2616 233
2616 234
2616 235
2616 236
2616 237
2616 238
2617 203
2617 204
2617 205
2617 206
2617 207
2617 208
2617 209
2617 210
2617 211
2617 212
2617 213
2617 214
2617 215
2617 216
2617 217
2617 218
2617 219
2617 220
2617 221
2617 222
2617 223
2617 224
2617 225
2617 226
2617 227
2618 193
2618 194
2618 195
2618 196
2618 197
2618 198
2618 199
2618 200
2618 201
2618 202
2618 203
2618 204
2618 205
2618 206
2618 207
2618 208
2618 209
2618 210
2618 211
2618 212
2618 213
2618 214
2618 215
2619 185
2619 186
2619 187
2619 188
2619 189
2619 190
2619 191
2619 192
2619 193
2619 194
2619 195
2619 196
2619 197
2619 198
2619 199
2619 200
2619 201
2629 237
2629 238
2629 239
2629 240
2629 241
2629 242
2629 243
2629 244
2629 245
2629 246
2629 247
2629 248
2629 249
2629 250
2629 251
2630 224
2630 225
2630 226
2630 227
2630 228
2630 229
2630 230
2630 231
2630 232
2630 233
2630 234
2630 235
2630 236
2630 237
2630 238
2630 239
2630 240
2630 241
2630 242
2630 243
2631 212
2631 213
2631 214
2631 215
2631 216
2631 217
2631 218
2631 219
2631 220
2631 221
2631 222
2631 223
2631 224
2631 225
2631 226
2631 227
2631 228
2631 229
2631 230
2631 231
2631 232
2631 233
2632 201
2632 202
2632 203
2632 204
2632 205
2632 206
2632 207
2632 208
2632 209
2632 210
2632 211
2632 212
2632 213
2632 214
2632 215
2632 216
2632 217
2632 218
2632 219
2632 220
2632 221
2632 222
2633 191
2633 192
2633 193
2633 194
2633 195
2633 196
2633 197
2633 198
2633 199
2633 200
2633 201
2633 202
2633 203
2633 204
2633 205
2633 206
2633 207
2633 208
2633 209
2634 184
2634 185
2634 186
2634 187
2634 188
2634 189
2634 190
2634 191
2634 192
2634 193
2644 234
2644 235
2644 236
2644 237
2644 238
2644 239
2644 240
2644 241
2644 242
2644 243
2644 244
2644 245
2644 246
2644 247
2645 221
2645 222
2645 223
2645 224
2645 225
2645 226
2645 227
2645 228
2645 229
2645 230
2645 231
2645 232
2645 233
2645 234
2645 235
2645 236
2645 237
2645 238
2646 209
2646 210
2646 211
2646 212
2646 213
2646 214
2646 215
2646 216
2646 217
2646 218
2646 219
2646 220
2646 221
2646 222
2646 223
2646 224
2646 225
2646 226
2646 227
2646 228
2647 198
2647 199
2647 200
2647 201
2647 202
2647 203
2647 204
2647 205
2647 206
2647 207
2647 208
2647 209
2647 210
2647 211
2647 212
2647 213
2647 214
2647 215
2647 216
2648 190
2648 191
2648 192
2648 193
2648 194
2648 195
2648 196
2648 197
2648 198
2648 199
2648 200
2648 201
2648 202
2659 232
2659 233
2659 234
2659 235
2659 236
2659 237
2659 238
2659 239
2659 240
2659 241
2659 242
2660 218
2660 219
2660 220
2660 221
2660 222
2660 223
2660 224
2660 225
2660 226
2660 227
2660 228
2660 229
2660 230
2660 231
2660 232
2660 233
2661 207
2661 208
2661 209
2661 210
2661 211
2661 212
2661 213
2661 214
2661 215
2661 216
2661 217
2661 218
2661 219
2661 220
2661 221
2661 222
2661 223
2662 197
2662 198
2662 199
2662 200
2662 201
2662 202
2662 203
2662 204
2662 205
2662 206
2662 207
2662 208
2662 209
2662 210
2674 230
2674 231
2674 232
2674 233
2674 234
2674 235
2674 236
2675 216
2675 217
2675 218
2675 219
2675 220
2675 221
2675 222
2675 223
2675 224
2675 225
2675 226
2675 227
2675 228
2676 205
2676 206
2676 207
2676 208
2676 209
2676 210
2676 211
2676 212
2676 213
2676 214
2676 215
2676 216
2676 217
2677 197
2677 198
2677 199
2677 200
2677 201
2677 202
2690 216
2690 217
2690 218
2690 219
2690 220
2690 221
2691 207
4058 249
4058 250
4058 251
4072 253
4072 254
4072 255
4072 256
4072 257
4072 258
4072 259
4072 260
4072 261
4073 241
4073 242
4073 243
4073 244
4073 245
4073 246
4073 247
4073 248
4073 249
4073 250
4073 251
4073 252
4074 233
4074 234
4074 235
4074 236
4074 237
4074 238
4074 239
4074 240
4086 260
4086 261
4086 262
4086 263
4086 264
4086 265
4086 266
4086 267
4086 268
4087 246
4087 247
4087 248
4087 249
4087 250
4087 251
4087 252
4087 253
4087 254
4087 255
4087 256
4087 257
4087 258
4087 259
4087 260
4087 261
4088 236
4088 237
4088 238
4088 239
4088 240
4088 241
4088 242
4088 243
4088 244
4088 245
4088 246
4088 247
4088 248
4088 249
4088 250
4088 251
4089 227
4089 228
4089 229
4089 230
4089 231
4089 232
4089 233
4089 234
4089 235
4089 236
4089 237
4089 238
4089 239
4101 253
4101 254
4101 255
4101 256
4101 257
4101 258
4101 259
4101 260
4101 261
4101 262
4101 263
4101 264
4101 265
4101 266
4101 267
4101 268
4102 241
4102 242
4102 243
4102 244
4102 245
4102 246
4102 247
4102 248
4102 249
4102 250
4102 251
4102 252
4102 253
4102 254
4102 255
4102 256
4102 257
4102 258
4102 259
4102 260
4103 231
4103 232
4103 233
4103 234
4103 235
4103 236
4103 237
4103 238
4103 239
4103 240
4103 241
4103 242
4103 243
4103 244
4103 245
4103 246
4103 247
4103 248
4103 249
4104 223
4104 224
4104 225
4104 226
4104 227
4104 228
4104 229
4104 230
4104 231
4104 232
4104 233
4104 234
4104 235
4104 236
4104 237
4115 261
4115 262
4115 263
4115 264
4115 265
4115 266
4115 267
4115 268
4115 269
4115 270
4115 271
4115 272
4115 273
4115 274
4116 247
4116 248
4116 249
4116 250
4116 251
4116 252
4116 253
4116 254
4116 255
4116 256
4116 257
4116 258
4116 259
4116 260
4116 261
4116 262
4116 263
4116 264
4116 265
4116 266
4116 267
4117 236
4117 237
4117 238
4117 239
4117 240
4117 241
4117 242
4117 243
4117 244
4117 245
4117 246
4117 247
4117 248
4117 249
4117 250
4117 251
4117 252
4117 253
4117 254
4117 255
4117 256
4117 257
4117 258
4118 226
4118 227
4118 228
4118 229
4118 230
4118 231
4118 232
4118 233
4118 234
4118 235
4118 236
4118 237
4118 238
4118 239
4118 240
4118 241
4118 242
4118 243
4118 244
4118 245
4118 246
4118 247
4119 218
4119 219
4119 220
4119 221
4119 222
4119 223
4119 224
4119 225
4119 226
4119 227
4119 228
4119 229
4119 230
4119 231
4119 232
4119 233
4119 234
4129 273
4129 274
4129 275
4129 276
4130 255
4130 256
4130 257
4130 258
4130 259
4130 260
4130 261
4130 262
4130 263
4130 264
4130 265
4130 266
4130 267
4130 268
4130 269
4130 270
4130 271
4130 272
4130 273
4131 242
4131 243
4131 244
4131 245
4131 246
4131 247
4131 248
4131 249
4131 250
4131 251
4131 252
4131 253
4131 254
4131 255
4131 256
4131 257
4131 258
4131 259
4131 260
4131 261
4131 262
4131 263
4131 264
4131 265
4132 231
4132 232
4132 233
4132 234
4132 235
4132 236
4132 237
4132 238
4132 239
4132 240
4132 241
4132 242
4132 243
4132 244
4132 245
4132 246
4132 247
4132 248
4132 249
4132 250
4132 251
4132 252
4132 253
4132 254
4132 255
4132 256
4133 222
4133 223
4133 224
4133 225
4133 226
4133 227
4133 228
4133 229
4133 230
4133 231
4133 232
4133 233
4133 234
4133 235
4133 236
4133 237
4133 238
4133 239
4133 240
4133 241
4133 242
4133 243
4133 244
4134 214
4134 215
4134 216
4134 217
4134 218
4134 219
4134 220
4134 221
4134 222
4134 223
4134 224
4134 225
4134 226
4134 227
4134 228
4134 229
4134 230
4134 231
4144 264
4144 265
4144 266
4144 267
4144 268
4144 269
4144 270
4144 271
4144 272
4144 273
4144 274
4144 275
4144 276
4144 277
4144 278
4145 249
4145 250
4145 251
4145 252
4145 253
4145 254
4145 255
4145 256
4145 257
4145 258
4145 259
4145 260
4145 261
4145 262
4145 263
4145 264
4145 265
4145 266
4145 267
4145 268
4145 269
4145 270
4145 271
4145 272
4146 237
4146 238
4146 239
4146 240
4146 241
4146 242
4146 243
4146 244
4146 245
4146 246
4146 247
4146 248
4146 249
4146 250
4146 251
4146 252
4146 253
4146 254
4146 255
4146 256
4146 257
4146 258
4146 259
4146 260
4146 261
4146 262
4146 263
4147 226
4147 227
4147 228
4147 229
4147 230
4147 231
4147 232
4147 233
4147 234
4147 235
4147 236
4147 237
4147 238
4147 239
4147 240
4147 241
4147 242
4147 243
4147 244
4147 245
4147 246
4147 247
4147 248
4147 249
4147 250
4147 251
4147 252
4147 253
4148 217
4148 218
4148 219
4148 220
4148 221
4148 222
4148 223
4148 224
4148 225
4148 226
4148 227
4148 228
4148 229
4148 230
4148 231
4148 232
4148 233
4148 234
4148 235
4148 236
4148 237
4148 238
4148 239
4148 240
4148 241
4149 211
4149 212
4149 213
4149 214
4149 215
4149 216
4149 217
4149 218
4149 219
4149 220
4149 221
4149 222
4149 223
4149 224
4149 225
4149 226
4149 227
4149 228
4158 277
4158 278
4158 279
4159 257
4159 258
4159 259
4159 260
4159 261
4159 262
4159 263
4159 264
4159 265
4159 266
4159 267
4159 268
4159 269
4159 270
4159 271
4159 272
4159 273
4159 274
4159 275
4159 276
4159 277
4159 278
4160 244
4160 245
4160 246
4160 247
4160 248
4160 249
4160 250
4160 251
4160 252
4160 253
4160 254
4160 255
4160 256
4160 257
4160 258
4160 259
4160 260
4160 261
4160 262
4160 263
4160 264
4160 265
4160 266
4160 267
4160 268
4160 269
4160 270
4161 232
4161 233
4161 234
4161 235
4161 236
4161 237
4161 238
4161 239
4161 240
4161 241
4161 242
4161 243
4161 244
4161 245
4161 246
4161 247
4161 248
4161 249
4161 250
4161 251
4161 252
4161 253
4161 254
4161 255
4161 256
4161 257
4161 258
4161 259
4161 260
4161 261
4162 222
4162 223
4162 224
4162 225
4162 226
4162 227
4162 228
4162 229
4162 230
4162 231
4162 232
4162 233
4162 234
4162 235
4162 236
4162 237
4162 238
4162 239
4162 240
4162 241
4162 242
4162 243
4162 244
4162 245
4162 246
4162 247
4162 248
4162 249
4162 250
4163 214
4163 215
4163 216
4163 217
4163 218
4163 219
4163 220
4163 221
4163 222
4163 223
4163 224
4163 225
4163 226
4163 227
4163 228
4163 229
4163 230
4163 231
4163 232
4163 233
4163 234
4163 235
4163 236
4163 237
4163 238
4164 207
4164 208
4164 209
4164 210
4164 211
4164 212
4164 213
4164 214
4164 215
4164 216
4164 217
4164 218
4164 219
4164 220
4164 221
4164 222
4164 223
4164 224
4173 267
4173 268
4173 269
4173 270
4173 271
4173 272
4173 273
4173 274
4173 275
4173 276
4173 277
4173 278
4173 279
4173 280
4173 281
4173 282
4174 252
4174 253
4174 254
4174 255
4174 256
4174 257
4174 258
4174 259
4174 260
4174 261
4174 262
4174 263
4174 264
4174 265
4174 266
4174 267
4174 268
4174 269
4174 270
4174 271
4174 272
4174 273
4174 274
4174 275
4174 276
4175 239
4175 240
4175 241
4175 242
4175 243
4175 244
4175 245
4175 246
4175 247
4175 248
4175 249
4175 250
4175 251
4175 252
4175 253
4175 254
4175 255
4175 256
4175 257
4175 258
4175 259
4175 260
4175 261
4175 262
4175 263
4175 264
4175 265
4175 266
4175 267
4175 268
4176 228
4176 229
4176 230
4176 231
4176 232
4176 233
4176 234
4176 235
4176 236
4176 237
4176 238
4176 239
4176 240
4176 241
4176 242
4176 243
4176 244
4176 245
4176 246
4176 247
4176 248
4176 249
4176 250
4176 251
4176 252
4176 253
4176 254
4176 255
4176 256
4176 257
4176 258
4177 218
4177 219
4177 220
4177 221
4177 222
4177 223
4177 224
4177 225
4177 226
4177 227
4177 228
4177 229
4177 230
4177 231
4177 232
4177 233
4177 234
4177 235
4177 236
4177 237
4177 238
4177 239
4177 240
4177 241
4177 242
4177 243
4177 244
4177 245
4177 246
4177 247
4178 210
4178 211
4178 212
4178 213
4178 214
4178 215
4178 216
4178 217
4178 218
4178 219
4178 220
4178 221
4178 222
4178 223
4178 224
4178 225
4178 226
4178 227
4178 228
4178 229
4178 230
4178 231
4178 232
4178 233
4178 234
4178 235
4179 204
4179 205
4179 206
4179 207
4179 208
4179 209
4179 210
4179 211
4179 212
4179 213
4179 214
4179 215
4179 216
4179 217
4179 218
4179 219
4179 220
4188 261
4188 262
4188 263
4188 264
4188 265
4188 266
4188 267
4188 268
4188 269
4188 270
4188 271
4188 272
4188 273
4188 274
4188 275
4188 276
4188 277
4188 278
4188 279
4188 280
4188 281
4189 247
4189 248
4189 249
4189 250
4189 251
4189 252
4189 253
4189 254
4189 255
4189 256
4189 257
4189 258
4189 259
4189 260
4189 261
4189 262
4189 263
4189 264
4189 265
4189 266
4189 267
4189 268
4189 269
4189 270
4189 271
4189 272
4189 273
4189 274
4190 234
4190 235
4190 236
4190 237
4190 238
4190 239
4190 240
4190 241
4190 242
4190 243
4190 244
4190 245
4190 246
4190 247
4190 248
4190 249
4190 250
4190 251
4190 252
4190 253
4190 254
4190 255
4190 256
4190 257
4190 258
4190 259
4190 260
4190 261
4190 262
4190 263
4190 264
4190 265
4190 266
4191 224
4191 225
4191 226
4191 227
4191 228
4191 229
4191 230
4191 231
4191 232
4191 233
4191 234
4191 235
4191 236
4191 237
4191 238
4191 239
4191 240
4191 241
4191 242
4191 243
4191 244
4191 245
4191 246
4191 247
4191 248
4191 249
4191 250
4191 251
4191 252
4191 253
4191 254
4191 255
4192 214
4192 215
4192 216
4192 217
4192 218
4192 219
4192 220
4192 221
4192 222
4192 223
4192 224
4192 225
4192 226
4192 227
4192 228
4192 229
4192 230
4192 231
4192 232
4192 233
4192 234
4192 235
4192 236
4192 237
4192 238
4192 239
4192 240
4192 241
4192 242
4192 243
4192 244
4193 206
4193 207
4193 208
4193 209
4193 210
4193 211
4193 212
4193 213
4193 214
4193 215
4193 216
4193 217
4193 218
4193 219
4193 220
4193 221
4193 222
4193 223
4193 224
4193 225
4193 226
4193 227
4193 228
4193 229
4193 230
4193 231
4194 201
4194 202
4194 203
4194 204
4194 205
4194 206
4194 207
4194 208
4194 209
4194 210
4194 211
4194 212
4194 213
4194 214
4194 215
4194 216
4202 271
4202 272
4202 273
4202 274
4202 275
4202 276
4202 277
4202 278
4202 279
4202 280
4202 281
4202 282
4202 283
4202 284
4203 255
4203 256
4203 257
4203 258
4203 259
4203 260
4203 261
4203 262
4203 263
4203 264
4203 265
4203 266
4203 267
4203 268
4203 269
4203 270
4203 271
4203 272
4203 273
4203 274
4203 275
4203 276
4203 277
4203 278
4203 279
4203 280
4204 242
4204 243
4204 244
4204 245
4204 246
4204 247
4204 248
4204 249
4204 250
4204 251
4204 252
4204 253
4204 254
4204 255
4204 256
4204 257
4204 258
4204 259
4204 260
4204 261
4204 262
4204 263
4204 264
4204 265
4204 266
4204 267
4204 268
4204 269
4204 270
4204 271
4204 272
4205 230
4205 231
4205 232
4205 233
4205 234
4205 235
4205 236
4205 237
4205 238
4205 239
4205 240
4205 241
4205 242
4205 243
4205 244
4205 245
4205 246
4205 247
4205 248
4205 249
4205 250
4205 251
4205 252
4205 253
4205 254
4205 255
4205 256
4205 257
4205 258
4205 259
4205 260
4205 261
4205 262
4205 263
4206 219
4206 220
4206 221
4206 222
4206 223
4206 224
4206 225
4206 226
4206 227
4206 228
4206 229
4206 230
4206 231
4206 232
4206 233
4206 234
4206 235
4206 236
4206 237
4206 238
4206 239
4206 240
4206 241
4206 242
4206 243
4206 244
4206 245
4206 246
4206 247
4206 248
4206 249
4206 250
4206 251
4206 252
4207 210
4207 211
4207 212
4207 213
4207 214
4207 215
4207 216
4207 217
4207 218
4207 219
4207 220
4207 221
4207 222
4207 223
4207 224
4207 225
4207 226
4207 227
4207 228
4207 229
4207 230
4207 231
4207 232
4207 233
4207 234
4207 235
4207 236
4207 237
4207 238
4207 239
4207 240
4208 203
4208 204
4208 205
4208 206
4208 207
4208 208
4208 209
4208 210
4208 211
4208 212
4208 213
4208 214
4208 215
4208 216
4208 217
4208 218
4208 219
4208 220
4208 221
4208 222
4208 223
4208 224
4208 225
4208 226
4208 227
4209 198
4209 199
4209 200
4209 201
4209 202
4209 203
4209 204
4209 205
4209 206
4209 207
4209 208
4209 209
4209 210
4209 211
4209 212
4217 264
4217 265
4217 266
4217 267
4217 268
4217 269
4217 270
4217 271
4217 272
4217 273
4217 274
4217 275
4217 276
4217 277
4217 278
4217 279
4217 280
4217 281
4217 282
4217 283
4217 284
4218 250
4218 251
4218 252
4218 253
4218 254
4218 255
4218 256
4218 257
4218 258
4218 259
4218 260
4218 261
4218 262
4218 263
4218 264
4218 265
4218 266
4218 267
4218 268
4218 269
4218 270
4218 271
4218 272
4218 273
4218 274
4218 275
4218 276
4218 277
4218 278
4219 237
4219 238
4219 239
4219 240
4219 241
4219 242
4219 243
4219 244
4219 245
4219 246
4219 247
4219 248
4219 249
4219 250
4219 251
4219 252
4219 253
4219 254
4219 255
4219 256
4219 257
4219 258
4219 259
4219 260
4219 261
4219 262
4219 263
4219 264
4219 265
4219 266
4219 267
4219 268
4219 269
4219 270
4220 225
4220 226
4220 227
4220 228
4220 229
4220 230
4220 231
4220 232
4220 233
4220 234
4220 235
4220 236
4220 237
4220 238
4220 239
4220 240
4220 241
4220 242
4220 243
4220 244
4220 245
4220 246
4220 247
4220 248
4220 249
4220 250
4220 251
4220 252
4220 253
4220 254
4220 255
4220 256
4220 257
4220 258
4220 259
4220 260
4221 215
4221 216
4221 217
4221 218
4221 219
4221 220
4221 221
4221 222
4221 223
4221 224
4221 225
4221 226
4221 227
4221 228
4221 229
4221 230
4221 231
4221 232
4221 233
4221 234
4221 235
4221 236
4221 237
4221 238
4221 239
4221 240
4221 241
4221 242
4221 243
4221 244
4221 245
4221 246
4221 247
4221 248
4221 249
4222 207
4222 208
4222 209
4222 210
4222 211
4222 212
4222 213
4222 214
4222 215
4222 216
4222 217
4222 218
4222 219
4222 220
4222 221
4222 222
4222 223
4222 224
4222 225
4222 226
4222 227
4222 228
4222 229
4222 230
4222 231
4222 232
4222 233
4222 234
4222 235
4222 236
4222 237
4223 200
4223 201
4223 202
4223 203
4223 204
4223 205
4223 206
4223 207
4223 208
4223 209
4223 210
4223 211
4223 212
4223 213
4223 214
4223 215
4223 216
4223 217
4223 218
4223 219
4223 220
4223 221
4223 222
4223 223
4224 196
4224 197
4224 198
4224 199
4224 200
4224 201
4224 202
4224 203
4224 204
4224 205
4224 206
4224 207
4231 276
4231 277
4231 278
4231 279
4231 280
4231 281
4231 282
4231 283
4231 284
4231 285
4231 286
4232 258
4232 259
4232 260
4232 261
4232 262
4232 263
4232 264
4232 265
4232 266
4232 267
4232 268
4232 269
4232 270
4232 271
4232 272
4232 273
4232 274
4232 275
4232 276
4232 277
4232 278
4232 279
4232 280
4232 281
4232 282
4232 283
4233 245
4233 246
4233 247
4233 248
4233 249
4233 250
4233 251
4233 252
4233 253
4233 254
4233 255
4233 256
4233 257
4233 258
4233 259
4233 260
4233 261
4233 262
4233 263
4233 264
4233 265
4233 266
4233 267
4233 268
4233 269
4233 270
4233 271
4233 272
4233 273
4233 274
4233 275
4233 276
4234 232
4234 233
4234 234
4234 235
4234 236
4234 237
4234 238
4234 239
4234 240
4234 241
4234 242
4234 243
4234 244
4234 245
4234 246
4234 247
4234 248
4234 249
4234 250
4234 251
4234 252
4234 253
4234 254
4234 255
4234 256
4234 257
4234 258
4234 259
4234 260
4234 261
4234 262
4234 263
4234 264
4234 265
4234 266
4234 267
4235 221
4235 222
4235 223
4235 224
4235 225
4235 226
4235 227
4235 228
4235 229
4235 230
4235 231
4235 232
4235 233
4235 234
4235 235
4235 236
4235 237
4235 238
4235 239
4235 240
4235 241
4235 242
4235 243
4235 244
4235 245
4235 246
4235 247
4235 248
4235 249
4235 250
4235 251
4235 252
4235 253
4235 254
4235 255
4235 256
4235 257
4236 211
4236 212
4236 213
4236 214
4236 215
4236 216
4236 217
4236 218
4236 219
4236 220
4236 221
4236 222
4236 223
4236 224
4236 225
4236 226
4236 227
4236 228
4236 229
4236 230
4236 231
4236 232
4236 233
4236 234
4236 235
4236 236
4236 237
4236 238
4236 239
4236 240
4236 241
4236 242
4236 243
4236 244
4236 245
4237 203
4237 204
4237 205
4237 206
4237 207
4237 208
4237 209
4237 210
4237 211
4237 212
4237 213
4237 214
4237 215
4237 216
4237 217
4237 218
4237 219
4237 220
4237 221
4237 222
4237 223
4237 224
4237 225
4237 226
4237 227
4237 228
4237 229
4237 230
4237 231
4237 232
4237 233
4238 196
4238 197
4238 198
4238 199
4238 200
4238 201
4238 202
4238 203
4238 204
4238 205
4238 206
4238 207
4238 208
4238 209
4238 210
4238 211
4238 212
4238 213
4238 214
4238 215
4238 216
4238 217
4238 218
4238 219
4239 194
4239 195
4239 196
4239 197
4239 198
4239 199
4239 200
4239 201
4239 202
4246 268
4246 269
4246 270
4246 271
4246 272
4246 273
4246 274
4246 275
4246 276
4246 277
4246 278
4246 279
4246 280
4246 281
4246 282
4246 283
4246 284
4246 285
4246 286
4246 287
4247 253
4247 254
4247 255
4247 256
4247 257
4247 258
4247 259
4247 260
4247 261
4247 262
4247 263
4247 264
4247 265
4247 266
4247 267
4247 268
4247 269
4247 270
4247 271
4247 272
4247 273
4247 274
4247 275
4247 276
4247 277
4247 278
4247 279
4247 280
4247 281
4247 282
4248 240
4248 241
4248 242
4248 243
4248 244
4248 245
4248 246
4248 247
4248 248
4248 249
4248 250
4248 251
4248 252
4248 253
4248 254
4248 255
4248 256
4248 257
4248 258
4248 259
4248 260
4248 261
4248 262
4248 263
4248 264
4248 265
4248 266
4248 267
4248 268
4248 269
4248 270
4248 271
4248 272
4248 273
4248 274
4249 228
4249 229
4249 230
4249 231
4249 232
4249 233
4249 234
4249 235
4249 236
4249 237
4249 238
4249 239
4249 240
4249 241
4249 242
4249 243
4249 244
4249 245
4249 246
4249 247
4249 248
4249 249
4249 250
4249 251
4249 252
4249 253
4249 254
4249 255
4249 256
4249 257
4249 258
4249 259
4249 260
4249 261
4249 262
4249 263
4249 264
4250 217
4250 218
4250 219
4250 220
4250 221
4250 222
4250 223
4250 224
4250 225
4250 226
4250 227
4250 228
4250 229
4250 230
4250 231
4250 232
4250 233
4250 234
4250 235
4250 236
4250 237
4250 238
4250 239
4250 240
4250 241
4250 242
4250 243
4250 244
4250 245
4250 246
4250 247
4250 248
4250 249
4250 250
4250 251
4250 252
4250 253
4250 254
4251 208
4251 209
4251 210
4251 211
4251 212
4251 213
4251 214
4251 215
4251 216
4251 217
4251 218
4251 219
4251 220
4251 221
4251 222
4251 223
4251 224
4251 225
4251 226
4251 227
4251 228
4251 229
4251 230
4251 231
4251 232
4251 233
4251 234
4251 235
4251 236
4251 237
4251 238
4251 239
4251 240
4251 241
4251 242
4252 200
4252 201
4252 202
4252 203
4252 204
4252 205
4252 206
4252 207
4252 208
4252 209
4252 210
4252 211
4252 212
4252 213
4252 214
4252 215
4252 216
4252 217
4252 218
4252 219
4252 220
4252 221
4252 222
4252 223
4252 224
4252 225
4252 226
4252 227
4252 228
4252 229
4253 194
4253 195
4253 196
4253 197
4253 198
4253 199
4253 200
4253 201
4253 202
4253 203
4253 204
4253 205
4253 206
4253 207
4253 208
4253 209
4253 210
4253 211
4253 212
4253 213
4253 214
4253 215
4260 283
4260 284
4260 285
4260 286
4261 262
4261 263
4261 264
4261 265
4261 266
4261 267
4261 268
4261 269
4261 270
4261 271
4261 272
4261 273
4261 274
4261 275
4261 276
4261 277
4261 278
4261 279
4261 280
4261 281
4261 282
4261 283
4261 284
4261 285
4261 286
4262 248
4262 249
4262 250
4262 251
4262 252
4262 253
4262 254
4262 255
4262 256
4262 257
4262 258
4262 259
4262 260
4262 261
4262 262
4262 263
4262 264
4262 265
4262 266
4262 267
4262 268
4262 269
4262 270
4262 271
4262 272
4262 273
4262 274
4262 275
4262 276
4262 277
4262 278
4262 279
4262 280
4263 235
4263 236
4263 237
4263 238
4263 239
4263 240
4263 241
4263 242
4263 243
4263 244
4263 245
4263 246
4263 247
4263 248
4263 249
4263 250
4263 251
4263 252
4263 253
4263 254
4263 255
4263 256
4263 257
4263 258
4263 259
4263 260
4263 261
4263 262
4263 263
4263 264
4263 265
4263 266
4263 267
4263 268
4263 269
4263 270
4263 271
4264 223
4264 224
4264 225
4264 226
4264 227
4264 228
4264 229
4264 230
4264 231
4264 232
4264 233
4264 234
4264 235
4264 236
4264 237
4264 238
4264 239
4264 240
4264 241
4264 242
4264 243
4264 244
4264 245
4264 246
4264 247
4264 248
4264 249
4264 250
4264 251
4264 252
4264 253
4264 254
4264 255
4264 256
4264 257
4264 258
4264 259
4264 260
4264 261
4265 213
4265 214
4265 215
4265 216
4265 217
4265 218
4265 219
4265 220
4265 221
4265 222
4265 223
4265 224
4265 225
4265 226
4265 227
4265 228
4265 229
4265 230
4265 231
4265 232
4265 233
4265 234
4265 235
4265 236
4265 237
4265 238
4265 239
4265 240
4265 241
4265 242
4265 243
4265 244
4265 245
4265 246
4265 247
4265 248
4265 249
4265 250
4266 204
4266 205
4266 206
4266 207
4266 208
4266 209
4266 210
4266 211
4266 212
4266 213
4266 214
4266 215
4266 216
4266 217
4266 218
4266 219
4266 220
4266 221
4266 222
4266 223
4266 224
4266 225
4266 226
4266 227
4266 228
4266 229
4266 230
4266 231
4266 232
4266 233
4266 234
4266 235
4266 236
4266 237
4266 238
4267 196
4267 197
4267 198
4267 199
4267 200
4267 201
4267 202
4267 203
4267 204
4267 205
4267 206
4267 207
4267 208
4267 209
4267 210
4267 211
4267 212
4267 213
4267 214
4267 215
4267 216
4267 217
4267 218
4267 219
4267 220
4267 221
4267 222
4267 223
4267 224
4267 225
4268 191
4268 192
4268 193
4268 194
4268 195
4268 196
4268 197
4268 198
4268 199
4268 200
4268 201
4268 202
4268 203
4268 204
4268 205
4268 206
4268 207
4268 208
4268 209
4268 210
4275 273
4275 274
4275 275
4275 276
4275 277
4275 278
4275 279
4275 280
4275 281
4275 282
4275 283
4275 284
4275 285
4275 286
4275 287
4275 288
4275 289
4276 257
4276 258
4276 259
4276 260
4276 261
4276 262
4276 263
4276 264
4276 265
4276 266
4276 267
4276 268
4276 269
4276 270
4276 271
4276 272
4276 273
4276 274
4276 275
4276 276
4276 277
4276 278
4276 279
4276 280
4276 281
4276 282
4276 283
4276 284
4276 285
4277 243
4277 244
4277 245
4277 246
4277 247
4277 248
4277 249
4277 250
4277 251
4277 252
4277 253
4277 254
4277 255
4277 256
4277 257
4277 258
4277 259
4277 260
4277 261
4277 262
4277 263
4277 264
4277 265
4277 266
4277 267
4277 268
4277 269
4277 270
4277 271
4277 272
4277 273
4277 274
4277 275
4277 276
4277 277
4278 230
4278 231
4278 232
4278 233
4278 234
4278 235
4278 236
4278 237
4278 238
4278 239
4278 240
4278 241
4278 242
4278 243
4278 244
4278 245
4278 246
4278 247
4278 248
4278 249
4278 250
4278 251
4278 252
4278 253
4278 254
4278 255
4278 256
4278 257
4278 258
4278 259
4278 260
4278 261
4278 262
4278 263
4278 264
4278 265
4278 266
4278 267
4278 268
4279 219
4279 220
4279 221
4279 222
4279 223
4279 224
4279 225
4279 226
4279 227
4279 228
4279 229
4279 230
4279 231
4279 232
4279 233
4279 234
4279 235
4279 236
4279 237
4279 238
4279 239
4279 240
4279 241
4279 242
4279 243
4279 244
4279 245
4279 246
4279 247
4279 248
4279 249
4279 250
4279 251
4279 252
4279 253
4279 254
4279 255
4279 256
4279 257
4279 258
4280 209
4280 210
4280 211
4280 212
4280 213
4280 214
4280 215
4280 216
4280 217
4280 218
4280 219
4280 220
4280 221
4280 222
4280 223
4280 224
4280 225
4280 226
4280 227
4280 228
4280 229
4280 230
4280 231
4280 232
4280 233
4280 234
4280 235
4280 236
4280 237
4280 238
4280 239
4280 240
4280 241
4280 242
4280 243
4280 244
4280 245
4280 246
4281 200
4281 201
4281 202
4281 203
4281 204
4281 205
4281 206
4281 207
4281 208
4281 209
4281 210
4281 211
4281 212
4281 213
4281 214
4281 215
4281 216
4281 217
4281 218
4281 219
4281 220
4281 221
4281 222
4281 223
4281 224
4281 225
4281 226
4281 227
4281 228
4281 229
4281 230
4281 231
4281 232
4281 233
4281 234
4282 193
4282 194
4282 195
4282 196
4282 197
4282 198
4282 199
4282 200
4282 201
4282 202
4282 203
4282 204
4282 205
4282 206
4282 207
4282 208
4282 209
4282 210
4282 211
4282 212
4282 213
4282 214
4282 215
4282 216
4282 217
4282 218
4282 219
4282 220
4282 221
4283 188
4283 189
4283 190
4283 191
4283 192
4283 193
4283 194
4283 195
4283 196
4283 197
4283 198
4283 199
4283 200
4283 201
4283 202
4283 203
4283 204
4283 205
4283 206
4290 267
4290 268
4290 269
4290 270
4290 271
4290 272
4290 273
4290 274
4290 275
4290 276
4290 277
4290 278
4290 279
4290 280
4290 281
4290 282
4290 283
4290 284
4290 285
4290 286
4290 287
4290 288
4291 251
4291 252
4291 253
4291 254
4291 255
4291 256
4291 257
4291 258
4291 259
4291 260
4291 261
4291 262
4291 263
4291 264
4291 265
4291 266
4291 267
4291 268
4291 269
4291 270
4291 271
4291 272
4291 273
4291 274
4291 275
4291 276
4291 277
4291 278
4291 279
4291 280
4291 281
4291 282
4291 283
4292 238
4292 239
4292 240
4292 241
4292 242
4292 243
4292 244
4292 245
4292 246
4292 247
4292 248
4292 249
4292 250
4292 251
4292 252
4292 253
4292 254
4292 255
4292 256
4292 257
4292 258
4292 259
4292 260
4292 261
4292 262
4292 263
4292 264
4292 265
4292 266
4292 267
4292 268
4292 269
4292 270
4292 271
4292 272
4292 273
4292 274
4292 275
4293 226
4293 227
4293 228
4293 229
4293 230
4293 231
4293 232
4293 233
4293 234
4293 235
4293 236
4293 237
4293 238
4293 239
4293 240
4293 241
4293 242
4293 243
4293 244
4293 245
4293 246
4293 247
4293 248
4293 249
4293 250
4293 251
4293 252
4293 253
4293 254
4293 255
4293 256
4293 257
4293 258
4293 259
4293 260
4293 261
4293 262
4293 263
4293 264
4293 265
4294 215
4294 216
4294 217
4294 218
4294 219
4294 220
4294 221
4294 222
4294 223
4294 224
4294 225
4294 226
4294 227
4294 228
4294 229
4294 230
4294 231
4294 232
4294 233
4294 234
4294 235
4294 236
4294 237
4294 238
4294 239
4294 240
4294 241
4294 242
4294 243
4294 244
4294 245
4294 246
4294 247
4294 248
4294 249
4294 250
4294 251
4294 252
4294 253
4294 254
4295 205
4295 206
4295 207
4295 208
4295 209
4295 210
4295 211
4295 212
4295 213
4295 214
4295 215
4295 216
4295 217
4295 218
4295 219
4295 220
4295 221
4295 222
4295 223
4295 224
4295 225
4295 226
4295 227
4295 228
4295 229
4295 230
4295 231
4295 232
4295 233
4295 234
4295 235
4295 236
4295 237
4295 238
4295 239
4295 240
4295 241
4295 242
4295 243
4296 197
4296 198
4296 199
4296 200
4296 201
4296 202
4296 203
4296 204
4296 205
4296 206
4296 207
4296 208
4296 209
4296 210
4296 211
4296 212
4296 213
4296 214
4296 215
4296 216
4296 217
4296 218
4296 219
4296 220
4296 221
4296 222
4296 223
4296 224
4296 225
4296 226
4296 227
4296 228
4296 229
4296 230
4297 190
4297 191
4297 192
4297 193
4297 194
4297 195
4297 196
4297 197
4297 198
4297 199
4297 200
4297 201
4297 202
4297 203
4297 204
4297 205
4297 206
4297 207
4297 208
4297 209
4297 210
4297 211
4297 212
4297 213
4297 214
4297 215
4297 216
4298 186
4298 187
4298 188
4298 189
4298 190
4298 191
4298 192
4298 193
4298 194
4298 195
4298 196
4298 197
4298 198
4298 199
4298 200
4304 279
4304 280
4304 281
4304 282
4304 283
4304 284
4304 285
4304 286
4304 287
4304 288
4304 289
4305 261
4305 262
4305 263
4305 264
4305 265
4305 266
4305 267
4305 268
4305 269
4305 270
4305 271
4305 272
4305 273
4305 274
4305 275
4305 276
4305 277
4305 278
4305 279
4305 280
4305 281
4305 282
4305 283
4305 284
4305 285
4305 286
4305 287
4306 246
4306 247
4306 248
4306 249
4306 250
4306 251
4306 252
4306 253
4306 254
4306 255
4306 256
4306 257
4306 258
4306 259
4306 260
4306 261
4306 262
4306 263
4306 264
4306 265
4306 266
4306 267
4306 268
4306 269
4306 270
4306 271
4306 272
4306 273
4306 274
4306 275
4306 276
4306 277
4306 278
4306 279
4306 280
4306 281
4307 233
4307 234
4307 235
4307 236
4307 237
4307 238
4307 239
4307 240
4307 241
4307 242
4307 243
4307 244
4307 245
4307 246
4307 247
4307 248
4307 249
4307 250
4307 251
4307 252
4307 253
4307 254
4307 255
4307 256
4307 257
4307 258
4307 259
4307 260
4307 261
4307 262
4307 263
4307 264
4307 265
4307 266
4307 267
4307 268
4307 269
4307 270
4307 271
4307 272
4308 222
4308 223
4308 224
4308 225
4308 226
4308 227
4308 228
4308 229
4308 230
4308 231
4308 232
4308 233
4308 234
4308 235
4308 236
4308 237
4308 238
4308 239
4308 240
4308 241
4308 242
4308 243
4308 244
4308 245
4308 246
4308 247
4308 248
4308 249
4308 250
4308 251
4308 252
4308 253
4308 254
4308 255
4308 256
4308 257
4308 258
4308 259
4308 260
4308 261
4308 262
4309 211
4309 212
4309 213
4309 214
4309 215
4309 216
4309 217
4309 218
4309 219
4309 220
4309 221
4309 222
4309 223
4309 224
4309 225
4309 226
4309 227
4309 228
4309 229
4309 230
4309 231
4309 232
4309 233
4309 234
4309 235
4309 236
4309 237
4309 238
4309 239
4309 240
4309 241
4309 242
4309 243
4309 244
4309 245
4309 246
4309 247
4309 248
4309 249
4309 250
4309 251
4310 202
4310 203
4310 204
4310 205
4310 206
4310 207
4310 208
4310 209
4310 210
4310 211
4310 212
4310 213
4310 214
4310 215
4310 216
4310 217
4310 218
4310 219
4310 220
4310 221
4310 222
4310 223
4310 224
4310 225
4310 226
4310 227
4310 228
4310 229
4310 230
4310 231
4310 232
4310 233
4310 234
4310 235
4310 236
4310 237
4310 238
4310 239
4311 194
4311 195
4311 196
4311 197
4311 198
4311 199
4311 200
4311 201
4311 202
4311 203
4311 204
4311 205
4311 206
4311 207
4311 208
4311 209
4311 210
4311 211
4311 212
4311 213
4311 214
4311 215
4311 216
4311 217
4311 218
4311 219
4311 220
4311 221
4311 222
4311 223
4311 224
4311 225
4311 226
4312 187
4312 188
4312 189
4312 190
4312 191
4312 192
4312 193
4312 194
4312 195
4312 196
4312 197
4312 198
4312 199
4312 200
4312 201
4312 202
4312 203
4312 204
4312 205
4312 206
4312 207
4312 208
4312 209
4312 210
4312 211
4312 212
4313 185
4313 186
4313 187
4313 188
4313 189
4313 190
4313 191
4313 192
4313 193
4313 194
4313 195
4319 272
4319 273
4319 274
4319 275
4319 276
4319 277
4319 278
4319 279
4319 280
4319 281
4319 282
4319 283
4319 284
4319 285
4319 286
4319 287
4319 288
4319 289
4319 290
4320 255
4320 256
4320 257
4320 258
4320 259
4320 260
4320 261
4320 262
4320 263
4320 264
4320 265
4320 266
4320 267
4320 268
4320 269
4320 270
4320 271
4320 272
4320 273
4320 274
4320 275
4320 276
4320 277
4320 278
4320 279
4320 280
4320 281
4320 282
4320 283
4320 284
4320 285
4320 286
4321 241
4321 242
4321 243
4321 244
4321 245
4321 246
4321 247
4321 248
4321 249
4321 250
4321 251
4321 252
4321 253
4321 254
4321 255
4321 256
4321 257
4321 258
4321 259
4321 260
4321 261
4321 262
4321 263
4321 264
4321 265
4321 266
4321 267
4321 268
4321 269
4321 270
4321 271
4321 272
4321 273
4321 274
4321 275
4321 276
4321 277
4321 278
4322 229
4322 230
4322 231
4322 232
4322 233
4322 234
4322 235
4322 236
4322 237
4322 238
4322 239
4322 240
4322 241
4322 242
4322 243
4322 244
4322 245
4322 246
4322 247
4322 248
4322 249
4322 250
4322 251
4322 252
4322 253
4322 254
4322 255
4322 256
4322 257
4322 258
4322 259
4322 260
4322 261
4322 262
4322 263
4322 264
4322 265
4322 266
4322 267
4322 268
4322 269
4323 218
4323 219
4323 220
4323 221
4323 222
4323 223
4323 224
4323 225
4323 226
4323 227
4323 228
4323 229
4323 230
4323 231
4323 232
4323 233
4323 234
4323 235
4323 236
4323 237
4323 238
4323 239
4323 240
4323 241
4323 242
4323 243
4323 244
4323 245
4323 246
4323 247
4323 248
4323 249
4323 250
4323 251
4323 252
4323 253
4323 254
4323 255
4323 256
4323 257
4323 258
4323 259
4324 207
4324 208
4324 209
4324 210
4324 211
4324 212
4324 213
4324 214
4324 215
4324 216
4324 217
4324 218
4324 219
4324 220
4324 221
4324 222
4324 223
4324 224
4324 225
4324 226
4324 227
4324 228
4324 229
4324 230
4324 231
4324 232
4324 233
4324 234
4324 235
4324 236
4324 237
4324 238
4324 239
4324 240
4324 241
4324 242
4324 243
4324 244
4324 245
4324 246
4324 247
4325 198
4325 199
4325 200
4325 201
4325 202
4325 203
4325 204
4325 205
4325 206
4325 207
4325 208
4325 209
4325 210
4325 211
4325 212
4325 213
4325 214
4325 215
4325 216
4325 217
4325 218
4325 219
4325 220
4325 221
4325 222
4325 223
4325 224
4325 225
4325 226
4325 227
4325 228
4325 229
4325 230
4325 231
4325 232
4325 233
4325 234
4325 235
4326 191
4326 192
4326 193
4326 194
4326 195
4326 196
4326 197
4326 198
4326 199
4326 200
4326 201
4326 202
4326 203
4326 204
4326 205
4326 206
4326 207
4326 208
4326 209
4326 210
4326 211
4326 212
4326 213
4326 214
4326 215
4326 216
4326 217
4326 218
4326 219
4326 220
4326 221
4326 222
4327 185
4327 186
4327 187
4327 188
4327 189
4327 190
4327 191
4327 192
4327 193
4327 194
4327 195
4327 196
4327 197
4327 198
4327 199
4327 200
4327 201
4327 202
4327 203
4327 204
4327 205
4327 206
4327 207
4334 265
4334 266
4334 267
4334 268
4334 269
4334 270
4334 271
4334 272
4334 273
4334 274
4334 275
4334 276
4334 277
4334 278
4334 279
4334 280
4334 281
4334 282
4334 283
4334 284
4334 285
4334 286
4334 287
4334 288
4334 289
4334 290
4335 250
4335 251
4335 252
4335 253
4335 254
4335 255
4335 256
4335 257
4335 258
4335 259
4335 260
4335 261
4335 262
4335 263
4335 264
4335 265
4335 266
4335 267
4335 268
4335 269
4335 270
4335 271
4335 272
4335 273
4335 274
4335 275
4335 276
4335 277
4335 278
4335 279
4335 280
4335 281
4335 282
4335 283
4335 284
4336 237
4336 238
4336 239
4336 240
4336 241
4336 242
4336 243
4336 244
4336 245
4336 246
4336 247
4336 248
4336 249
4336 250
4336 251
4336 252
4336 253
4336 254
4336 255
4336 256
4336 257
4336 258
4336 259
4336 260
4336 261
4336 262
4336 263
4336 264
4336 265
4336 266
4336 267
4336 268
4336 269
4336 270
4336 271
4336 272
4336 273
4336 274
4336 275
4337 225
4337 226
4337 227
4337 228
4337 229
4337 230
4337 231
4337 232
4337 233
4337 234
4337 235
4337 236
4337 237
4337 238
4337 239
4337 240
4337 241
4337 242
4337 243
4337 244
4337 245
4337 246
4337 247
4337 248
4337 249
4337 250
4337 251
4337 252
4337 253
4337 254
4337 255
4337 256
4337 257
4337 258
4337 259
4337 260
4337 261
4337 262
4337 263
4337 264
4337 265
4337 266
4338 214
4338 215
4338 216
4338 217
4338 218
4338 219
4338 220
4338 221
4338 222
4338 223
4338 224
4338 225
4338 226
4338 227
4338 228
4338 229
4338 230
4338 231
4338 232
4338 233
4338 234
4338 235
4338 236
4338 237
4338 238
4338 239
4338 240
4338 241
4338 242
4338 243
4338 244
4338 245
4338 246
4338 247
4338 248
4338 249
4338 250
4338 251
4338 252
4338 253
4338 254
4338 255
4339 204
4339 205
4339 206
4339 207
4339 208
4339 209
4339 210
4339 211
4339 212
4339 213
4339 214
4339 215
4339 216
4339 217
4339 218
4339 219
4339 220
4339 221
4339 222
4339 223
4339 224
4339 225
4339 226
4339 227
4339 228
4339 229
4339 230
4339 231
4339 232
4339 233
4339 234
4339 235
4339 236
4339 237
4339 238
4339 239
4339 240
4339 241
4339 242
4339 243
4340 195
4340 196
4340 197
4340 198
4340 199
4340 200
4340 201
4340 202
4340 203
4340 204
4340 205
4340 206
4340 207
4340 208
4340 209
4340 210
4340 211
4340 212
4340 213
4340 214
4340 215
4340 216
4340 217
4340 218
4340 219
4340 220
4340 221
4340 222
4340 223
4340 224
4340 225
4340 226
4340 227
4340 228
4340 229
4340 230
4340 231
4341 188
4341 189
4341 190
4341 191
4341 192
4341 193
4341 194
4341 195
4341 196
4341 197
4341 198
4341 199
4341 200
4341 201
4341 202
4341 203
4341 204
4341 205
4341 206
4341 207
4341 208
4341 209
4341 210
4341 211
4341 212
4341 213
4341 214
4341 215
4341 216
4341 217
4342 182
4342 183
4342 184
4342 185
4342 186
4342 187
4342 188
4342 189
4342 190
4342 191
4342 192
4342 193
4342 194
4342 195
4342 196
4342 197
4342 198
4342 199
4342 200
4342 201
4342 202
4348 278
4348 279
4348 280
4348 281
4348 282
4348 283
4348 284
4348 285
4348 286
4348 287
4348 288
4348 289
4348 290
4348 291
4349 260
4349 261
4349 262
4349 263
4349 264
4349 265
4349 266
4349 267
4349 268
4349 269
4349 270
4349 271
4349 272
4349 273
4349 274
4349 275
4349 276
4349 277
4349 278
4349 279
4349 280
4349 281
4349 282
4349 283
4349 284
4349 285
4349 286
4349 287
4349 288
4350 245
4350 246
4350 247
4350 248
4350 249
4350 250
4350 251
4350 252
4350 253
4350 254
4350 255
4350 256
4350 257
4350 258
4350 259
4350 260
4350 261
4350 262
4350 263
4350 264
4350 265
4350 266
4350 267
4350 268
4350 269
4350 270
4350 271
4350 272
4350 273
4350 274
4350 275
4350 276
4350 277
4350 278
4350 279
4350 280
4350 281
4351 232
4351 233
4351 234
4351 235
4351 236
4351 237
4351 238
4351 239
4351 240
4351 241
4351 242
4351 243
4351 244
4351 245
4351 246
4351 247
4351 248
4351 249
4351 250
4351 251
4351 252
4351 253
4351 254
4351 255
4351 256
4351 257
4351 258
4351 259
4351 260
4351 261
4351 262
4351 263
4351 264
4351 265
4351 266
4351 267
4351 268
4351 269
4351 270
4351 271
4351 272
4351 273
4352 220
4352 221
4352 222
4352 223
4352 224
4352 225
4352 226
4352 227
4352 228
4352 229
4352 230
4352 231
4352 232
4352 233
4352 234
4352 235
4352 236
4352 237
4352 238
4352 239
4352 240
4352 241
4352 242
4352 243
4352 244
4352 245
4352 246
4352 247
4352 248
4352 249
4352 250
4352 251
4352 252
4352 253
4352 254
4352 255
4352 256
4352 257
4352 258
4352 259
4352 260
4352 261
4352 262
4353 210
4353 211
4353 212
4353 213
4353 214
4353 215
4353 216
4353 217
4353 218
4353 219
4353 220
4353 221
4353 222
4353 223
4353 224
4353 225
4353 226
4353 227
4353 228
4353 229
4353 230
4353 231
4353 232
4353 233
4353 234
4353 235
4353 236
4353 237
4353 238
4353 239
4353 240
4353 241
4353 242
4353 243
4353 244
4353 245
4353 246
4353 247
4353 248
4353 249
4353 250
4353 251
4354 200
4354 201
4354 202
4354 203
4354 204
4354 205
4354 206
4354 207
4354 208
4354 209
4354 210
4354 211
4354 212
4354 213
4354 214
4354 215
4354 216
4354 217
4354 218
4354 219
4354 220
4354 221
4354 222
4354 223
4354 224
4354 225
4354 226
4354 227
4354 228
4354 229
4354 230
4354 231
4354 232
4354 233
4354 234
4354 235
4354 236
4354 237
4354 238
4354 239
4355 192
4355 193
4355 194
4355 195
4355 196
4355 197
4355 198
4355 199
4355 200
4355 201
4355 202
4355 203
4355 204
4355 205
4355 206
4355 207
4355 208
4355 209
4355 210
4355 211
4355 212
4355 213
4355 214
4355 215
4355 216
4355 217
4355 218
4355 219
4355 220
4355 221
4355 222
4355 223
4355 224
4355 225
4355 226
4356 185
4356 186
4356 187
4356 188
4356 189
4356 190
4356 191
4356 192
4356 193
4356 194
4356 195
4356 196
4356 197
4356 198
4356 199
4356 200
4356 201
4356 202
4356 203
4356 204
4356 205
4356 206
4356 207
4356 208
4356 209
4356 210
4356 211
4356 212
4357 180
4357 181
4357 182
4357 183
4357 184
4357 185
4357 186
4357 187
4357 188
4357 189
4357 190
4357 191
4357 192
4357 193
4357 194
4357 195
4357 196
4357 197
4363 271
4363 272
4363 273
4363 274
4363 275
4363 276
4363 277
4363 278
4363 279
4363 280
4363 281
4363 282
4363 283
4363 284
4363 285
4363 286
4363 287
4363 288
4363 289
4363 290
4363 291
4364 254
4364 255
4364 256
4364 257
4364 258
4364 259
4364 260
4364 261
4364 262
4364 263
4364 264
4364 265
4364 266
4364 267
4364 268
4364 269
4364 270
4364 271
4364 272
4364 273
4364 274
4364 275
4364 276
4364 277
4364 278
4364 279
4364 280
4364 281
4364 282
4364 283
4364 284
4364 285
4364 286
4365 240
4365 241
4365 242
4365 243
4365 244
4365 245
4365 246
4365 247
4365 248
4365 249
4365 250
4365 251
4365 252
4365 253
4365 254
4365 255
4365 256
4365 257
4365 258
4365 259
4365 260
4365 261
4365 262
4365 263
4365 264
4365 265
4365 266
4365 267
4365 268
4365 269
4365 270
4365 271
4365 272
4365 273
4365 274
4365 275
4365 276
4365 277
4365 278
4365 279
4366 228
4366 229
4366 230
4366 231
4366 232
4366 233
4366 234
4366 235
4366 236
4366 237
4366 238
4366 239
4366 240
4366 241
4366 242
4366 243
4366 244
4366 245
4366 246
4366 247
4366 248
4366 249
4366 250
4366 251
4366 252
4366 253
4366 254
4366 255
4366 256
4366 257
4366 258
4366 259
4366 260
4366 261
4366 262
4366 263
4366 264
4366 265
4366 266
4366 267
4366 268
4366 269
4367 216
4367 217
4367 218
4367 219
4367 220
4367 221
4367 222
4367 223
4367 224
4367 225
4367 226
4367 227
4367 228
4367 229
4367 230
4367 231
4367 232
4367 233
4367 234
4367 235
4367 236
4367 237
4367 238
4367 239
4367 240
4367 241
4367 242
4367 243
4367 244
4367 245
4367 246
4367 247
4367 248
4367 249
4367 250
4367 251
4367 252
4367 253
4367 254
4367 255
4367 256
4367 257
4367 258
4367 259
4368 206
4368 207
4368 208
4368 209
4368 210
4368 211
4368 212
4368 213
4368 214
4368 215
4368 216
4368 217
4368 218
4368 219
4368 220
4368 221
4368 222
4368 223
4368 224
4368 225
4368 226
4368 227
4368 228
4368 229
4368 230
4368 231
4368 232
4368 233
4368 234
4368 235
4368 236
4368 237
4368 238
4368 239
4368 240
4368 241
4368 242
4368 243
4368 244
4368 245
4368 246
4368 247
4369 196
4369 197
4369 198
4369 199
4369 200
4369 201
4369 202
4369 203
4369 204
4369 205
4369 206
4369 207
4369 208
4369 209
4369 210
4369 211
4369 212
4369 213
4369 214
4369 215
4369 216
4369 217
4369 218
4369 219
4369 220
4369 221
4369 222
4369 223
4369 224
4369 225
4369 226
4369 227
4369 228
4369 229
4369 230
4369 231
4369 232
4369 233
4369 234
4369 235
4370 188
4370 189
4370 190
4370 191
4370 192
4370 193
4370 194
4370 195
4370 196
4370 197
4370 198
4370 199
4370 200
4370 201
4370 202
4370 203
4370 204
4370 205
4370 206
4370 207
4370 208
4370 209
4370 210
4370 211
4370 212
4370 213
4370 214
4370 215
4370 216
4370 217
4370 218
4370 219
4370 220
4370 221
4370 222
4371 182
4371 183
4371 184
4371 185
4371 186
4371 187
4371 188
4371 189
4371 190
4371 191
4371 192
4371 193
4371 194
4371 195
4371 196
4371 197
4371 198
4371 199
4371 200
4371 201
4371 202
4371 203
4371 204
4371 205
4371 206
4371 207
4372 179
4372 180
4372 181
4372 182
4372 183
4372 184
4372 185
4372 186
4372 187
4372 188
4372 189
4372 190
4372 191
4378 264
4378 265
4378 266
4378 267
4378 268
4378 269
4378 270
4378 271
4378 272
4378 273
4378 274
4378 275
4378 276
4378 277
4378 278
4378 279
4378 280
4378 281
4378 282
4378 283
4378 284
4378 285
4378 286
4378 287
4378 288
4378 289
4378 290
4379 249
4379 250
4379 251
4379 252
4379 253
4379 254
4379 255
4379 256
4379 257
4379 258
4379 259
4379 260
4379 261
4379 262
4379 263
4379 264
4379 265
4379 266
4379 267
4379 268
4379 269
4379 270
4379 271
4379 272
4379 273
4379 274
4379 275
4379 276
4379 277
4379 278
4379 279
4379 280
4379 281
4379 282
4379 283
4379 284
4380 236
4380 237
4380 238
4380 239
4380 240
4380 241
4380 242
4380 243
4380 244
4380 245
4380 246
4380 247
4380 248
4380 249
4380 250
4380 251
4380 252
4380 253
4380 254
4380 255
4380 256
4380 257
4380 258
4380 259
4380 260
4380 261
4380 262
4380 263
4380 264
4380 265
4380 266
4380 267
4380 268
4380 269
4380 270
4380 271
4380 272
4380 273
4380 274
4380 275
4380 276
4381 223
4381 224
4381 225
4381 226
4381 227
4381 228
4381 229
4381 230
4381 231
4381 232
4381 233
4381 234
4381 235
4381 236
4381 237
4381 238
4381 239
4381 240
4381 241
4381 242
4381 243
4381 244
4381 245
4381 246
4381 247
4381 248
4381 249
4381 250
4381 251
4381 252
4381 253
4381 254
4381 255
4381 256
4381 257
4381 258
4381 259
4381 260
4381 261
4381 262
4381 263
4381 264
4381 265
4381 266
4382 212
4382 213
4382 214
4382 215
4382 216
4382 217
4382 218
4382 219
4382 220
4382 221
4382 222
4382 223
4382 224
4382 225
4382 226
4382 227
4382 228
4382 229
4382 230
4382 231
4382 232
4382 233
4382 234
4382 235
4382 236
4382 237
4382 238
4382 239
4382 240
4382 241
4382 242
4382 243
4382 244
4382 245
4382 246
4382 247
4382 248
4382 249
4382 250
4382 251
4382 252
4382 253
4382 254
4382 255
