296 126
296 127
296 128
296 129
296 130
296 131
298 128
298 129
298 130
298 131
298 132
298 133
298 134
298 135
298 136
298 137
298 138
298 139
298 140
300 133
300 134
300 135
300 136
300 137
300 138
300 139
300 140
300 141
300 142
300 143
300 144
300 145
300 146
300 147
302 140
302 141
302 142
302 143
302 144
302 145
302 146
302 147
302 148
302 149
302 150
302 151
319 122
319 123
319 124
319 125
319 126
319 127
319 128
319 129
319 130
319 131
319 132
321 124
321 125
321 126
321 127
321 128
321 129
321 130
321 131
321 132
321 133
321 134
321 135
321 136
321 137
321 138
321 139
321 140
321 141
323 129
323 130
323 131
323 132
323 133
323 134
323 135
323 136
323 137
323 138
323 139
323 140
323 141
323 142
323 143
323 144
323 145
323 146
323 147
323 148
323 149
325 134
325 135
325 136
325 137
325 138
325 139
325 140
325 141
325 142
325 143
325 144
325 145
325 146
325 147
325 148
325 149
325 150
325 151
325 152
325 153
325 154
327 141
327 142
327 143
327 144
327 145
327 146
327 147
327 148
327 149
327 150
327 151
327 152
327 153
327 154
327 155
327 156
327 157
327 158
327 159
329 152
329 153
329 154
329 155
329 156
329 157
329 158
329 159
342 120
342 121
342 122
342 123
342 124
342 125
342 126
342 127
342 128
342 129
342 130
342 131
344 122
344 123
344 124
344 125
344 126
344 127
344 128
344 129
344 130
344 131
344 132
344 133
344 134
344 135
344 136
344 137
344 138
344 139
344 140
344 141
346 125
346 126
346 127
346 128
346 129
346 130
346 131
346 132
346 133
346 134
346 135
346 136
346 137
346 138
346 139
346 140
346 141
346 142
346 143
346 144
346 145
346 146
346 147
346 148
346 149
348 130
348 131
348 132
348 133
348 134
348 135
348 136
348 137
348 138
348 139
348 140
348 141
348 142
348 143
348 144
348 145
348 146
348 147
348 148
348 149
348 150
348 151
348 152
348 153
348 154
348 155
348 156
350 136
350 137
350 138
350 139
350 140
350 141
350 142
350 143
350 144
350 145
350 146
350 147
350 148
350 149
350 150
350 151
350 152
350 153
350 154
350 155
350 156
350 157
350 158
350 159
350 160
350 161
352 144
352 145
352 146
352 147
352 148
352 149
352 150
352 151
352 152
352 153
352 154
352 155
352 156
352 157
352 158
352 159
352 160
352 161
352 162
352 163
352 164
352 165
354 154
354 155
354 156
354 157
354 158
354 159
354 160
354 161
354 162
354 163
354 164
354 165
354 166
365 118
365 119
365 120
365 121
365 122
365 123
365 124
365 125
365 126
365 127
365 128
365 129
365 130
367 119
367 120
367 121
367 122
367 123
367 124
367 125
367 126
367 127
367 128
367 129
367 130
367 131
367 132
367 133
367 134
367 135
367 136
367 137
367 138
367 139
367 140
369 123
369 124
369 125
369 126
369 127
369 128
369 129
369 130
369 131
369 132
369 133
369 134
369 135
369 136
369 137
369 138
369 139
369 140
369 141
369 142
369 143
369 144
369 145
369 146
369 147
369 148
371 127
371 128
371 129
371 130
371 131
371 132
371 133
371 134
371 135
371 136
371 137
371 138
371 139
371 140
371 141
371 142
371 143
371 144
371 145
371 146
371 147
371 148
371 149
371 150
371 151
371 152
371 153
371 154
371 155
373 133
373 134
373 135
373 136
373 137
373 138
373 139
373 140
373 141
373 142
373 143
373 144
373 145
373 146
373 147
373 148
373 149
373 150
373 151
373 152
373 153
373 154
373 155
373 156
373 157
373 158
373 159
373 160
373 161
375 139
375 140
375 141
375 142
375 143
375 144
375 145
375 146
375 147
375 148
375 149
375 150
375 151
375 152
375 153
375 154
375 155
375 156
375 157
375 158
375 159
375 160
375 161
375 162
375 163
375 164
375 165
375 166
377 147
377 148
377 149
377 150
377 151
377 152
377 153
377 154
377 155
377 156
377 157
377 158
377 159
377 160
377 161
377 162
377 163
377 164
377 165
377 166
377 167
377 168
377 169
377 170
379 157
379 158
379 159
379 160
379 161
379 162
379 163
379 164
379 165
379 166
379 167
379 168
379 169
379 170
379 171
388 117
388 118
388 119
388 120
388 121
388 122
388 123
388 124
388 125
388 126
388 127
388 128
390 118
390 119
390 120
390 121
390 122
390 123
390 124
390 125
390 126
390 127
390 128
390 129
390 130
390 131
390 132
390 133
390 134
390 135
390 136
390 137
390 138
392 120
392 121
392 122
392 123
392 124
392 125
392 126
392 127
392 128
392 129
392 130
392 131
392 132
392 133
392 134
392 135
392 136
392 137
392 138
392 139
392 140
392 141
392 142
392 143
392 144
392 145
392 146
392 147
394 125
394 126
394 127
394 128
394 129
394 130
394 131
394 132
394 133
394 134
394 135
394 136
394 137
394 138
394 139
394 140
394 141
394 142
394 143
394 144
394 145
394 146
394 147
394 148
394 149
394 150
394 151
394 152
394 153
394 154
396 130
396 131
396 132
396 133
396 134
396 135
396 136
396 137
396 138
396 139
396 140
396 141
396 142
396 143
396 144
396 145
396 146
396 147
396 148
396 149
396 150
396 151
396 152
396 153
396 154
396 155
396 156
396 157
396 158
396 159
396 160
396 161
398 135
398 136
398 137
398 138
398 139
398 140
398 141
398 142
398 143
398 144
398 145
398 146
398 147
398 148
398 149
398 150
398 151
398 152
398 153
398 154
398 155
398 156
398 157
398 158
398 159
398 160
398 161
398 162
398 163
398 164
398 165
398 166
398 167
400 142
400 143
400 144
400 145
400 146
400 147
400 148
400 149
400 150
400 151
400 152
400 153
400 154
400 155
400 156
400 157
400 158
400 159
400 160
400 161
400 162
400 163
400 164
400 165
400 166
400 167
400 168
400 169
400 170
400 171
402 150
402 151
402 152
402 153
402 154
402 155
402 156
402 157
402 158
402 159
402 160
402 161
402 162
402 163
402 164
402 165
402 166
402 167
402 168
402 169
402 170
402 171
402 172
402 173
402 174
404 160
404 161
404 162
404 163
404 164
404 165
404 166
404 167
404 168
404 169
404 170
404 171
404 172
404 173
404 174
404 175
411 117
411 118
411 119
411 120
411 121
411 122
411 123
411 124
413 116
413 117
413 118
413 119
413 120
413 121
413 122
413 123
413 124
413 125
413 126
413 127
413 128
413 129
413 130
413 131
413 132
413 133
413 134
413 135
413 136
415 119
415 120
415 121
415 122
415 123
415 124
415 125
415 126
415 127
415 128
415 129
415 130
415 131
415 132
415 133
415 134
415 135
415 136
415 137
415 138
415 139
415 140
415 141
415 142
415 143
415 144
415 145
417 122
417 123
417 124
417 125
417 126
417 127
417 128
417 129
417 130
417 131
417 132
417 133
417 134
417 135
417 136
417 137
417 138
417 139
417 140
417 141
417 142
417 143
417 144
417 145
417 146
417 147
417 148
417 149
417 150
417 151
417 152
417 153
419 127
419 128
419 129
419 130
419 131
419 132
419 133
419 134
419 135
419 136
419 137
419 138
419 139
419 140
419 141
419 142
419 143
419 144
419 145
419 146
419 147
419 148
419 149
419 150
419 151
419 152
419 153
419 154
419 155
419 156
419 157
419 158
419 159
419 160
421 132
421 133
421 134
421 135
421 136
421 137
421 138
421 139
421 140
421 141
421 142
421 143
421 144
421 145
421 146
421 147
421 148
421 149
421 150
421 151
421 152
421 153
421 154
421 155
421 156
421 157
421 158
421 159
421 160
421 161
421 162
421 163
421 164
421 165
421 166
423 138
423 139
423 140
423 141
423 142
423 143
423 144
423 145
423 146
423 147
423 148
423 149
423 150
423 151
423 152
423 153
423 154
423 155
423 156
423 157
423 158
423 159
423 160
423 161
423 162
423 163
423 164
423 165
423 166
423 167
423 168
423 169
423 170
423 171
425 145
425 146
425 147
425 148
425 149
425 150
425 151
425 152
425 153
425 154
425 155
425 156
425 157
425 158
425 159
425 160
425 161
425 162
425 163
425 164
425 165
425 166
425 167
425 168
425 169
425 170
425 171
425 172
425 173
425 174
425 175
427 153
427 154
427 155
427 156
427 157
427 158
427 159
427 160
427 161
427 162
427 163
427 164
427 165
427 166
427 167
427 168
427 169
427 170
427 171
427 172
427 173
427 174
427 175
427 176
427 177
427 178
429 163
429 164
429 165
429 166
429 167
429 168
429 169
429 170
429 171
429 172
429 173
429 174
429 175
429 176
429 177
429 178
429 179
436 115
436 116
436 117
436 118
436 119
436 120
436 121
436 122
436 123
436 124
436 125
436 126
436 127
436 128
436 129
436 130
436 131
436 132
436 133
438 117
438 118
438 119
438 120
438 121
438 122
438 123
438 124
438 125
438 126
438 127
438 128
438 129
438 130
438 131
438 132
438 133
438 134
438 135
438 136
438 137
438 138
438 139
438 140
438 141
438 142
438 143
440 120
440 121
440 122
440 123
440 124
440 125
440 126
440 127
440 128
440 129
440 130
440 131
440 132
440 133
440 134
440 135
440 136
440 137
440 138
440 139
440 140
440 141
440 142
440 143
440 144
440 145
440 146
440 147
440 148
440 149
440 150
440 151
442 124
442 125
442 126
442 127
442 128
442 129
442 130
442 131
442 132
442 133
442 134
442 135
442 136
442 137
442 138
442 139
442 140
442 141
442 142
442 143
442 144
442 145
442 146
442 147
442 148
442 149
442 150
442 151
442 152
442 153
442 154
442 155
442 156
442 157
442 158
444 129
444 130
444 131
444 132
444 133
444 134
444 135
444 136
444 137
444 138
444 139
444 140
444 141
444 142
444 143
444 144
444 145
444 146
444 147
444 148
444 149
444 150
444 151
444 152
444 153
444 154
444 155
444 156
444 157
444 158
444 159
444 160
444 161
444 162
444 163
444 164
446 135
446 136
446 137
446 138
446 139
446 140
446 141
446 142
446 143
446 144
446 145
446 146
446 147
446 148
446 149
446 150
446 151
446 152
446 153
446 154
446 155
446 156
446 157
446 158
446 159
446 160
446 161
446 162
446 163
446 164
446 165
446 166
446 167
446 168
446 169
446 170
448 141
448 142
448 143
448 144
448 145
448 146
448 147
448 148
448 149
448 150
448 151
448 152
448 153
448 154
448 155
448 156
448 157
448 158
448 159
448 160
448 161
448 162
448 163
448 164
448 165
448 166
448 167
448 168
448 169
448 170
448 171
448 172
448 173
448 174
448 175
450 148
450 149
450 150
450 151
450 152
450 153
450 154
450 155
450 156
450 157
450 158
450 159
450 160
450 161
450 162
450 163
450 164
450 165
450 166
450 167
450 168
450 169
450 170
450 171
450 172
450 173
450 174
450 175
450 176
450 177
450 178
450 179
452 157
452 158
452 159
452 160
452 161
452 162
452 163
452 164
452 165
452 166
452 167
452 168
452 169
452 170
452 171
452 172
452 173
452 174
452 175
452 176
452 177
452 178
452 179
452 180
452 181
454 166
454 167
454 168
454 169
454 170
454 171
454 172
454 173
454 174
454 175
454 176
454 177
454 178
454 179
454 180
454 181
454 182
459 114
459 115
459 116
459 117
459 118
459 119
459 120
459 121
459 122
459 123
459 124
459 125
459 126
459 127
459 128
459 129
459 130
461 116
461 117
461 118
461 119
461 120
461 121
461 122
461 123
461 124
461 125
461 126
461 127
461 128
461 129
461 130
461 131
461 132
461 133
461 134
461 135
461 136
461 137
461 138
461 139
461 140
463 118
463 119
463 120
463 121
463 122
463 123
463 124
463 125
463 126
463 127
463 128
463 129
463 130
463 131
463 132
463 133
463 134
463 135
463 136
463 137
463 138
463 139
463 140
463 141
463 142
463 143
463 144
463 145
463 146
463 147
463 148
465 122
465 123
465 124
465 125
465 126
465 127
465 128
465 129
465 130
465 131
465 132
465 133
465 134
465 135
465 136
465 137
465 138
465 139
465 140
465 141
465 142
465 143
465 144
465 145
465 146
465 147
465 148
465 149
465 150
465 151
465 152
465 153
465 154
465 155
465 156
467 127
467 128
467 129
467 130
467 131
467 132
467 133
467 134
467 135
467 136
467 137
467 138
467 139
467 140
467 141
467 142
467 143
467 144
467 145
467 146
467 147
467 148
467 149
467 150
467 151
467 152
467 153
467 154
467 155
467 156
467 157
467 158
467 159
467 160
467 161
467 162
467 163
469 132
469 133
469 134
469 135
469 136
469 137
469 138
469 139
469 140
469 141
469 142
469 143
469 144
469 145
469 146
469 147
469 148
469 149
469 150
469 151
469 152
469 153
469 154
469 155
469 156
469 157
469 158
469 159
469 160
469 161
469 162
469 163
469 164
469 165
469 166
469 167
469 168
469 169
471 138
471 139
471 140
471 141
471 142
471 143
471 144
471 145
471 146
471 147
471 148
471 149
471 150
471 151
471 152
471 153
471 154
471 155
471 156
471 157
471 158
471 159
471 160
471 161
471 162
471 163
471 164
471 165
471 166
471 167
471 168
471 169
471 170
471 171
471 172
471 173
471 174
473 144
473 145
473 146
473 147
473 148
473 149
473 150
473 151
473 152
473 153
473 154
473 155
473 156
473 157
473 158
473 159
473 160
473 161
473 162
473 163
473 164
473 165
473 166
473 167
473 168
473 169
473 170
473 171
473 172
473 173
473 174
473 175
473 176
473 177
473 178
475 152
475 153
475 154
475 155
475 156
475 157
475 158
475 159
475 160
475 161
475 162
475 163
475 164
475 165
475 166
475 167
475 168
475 169
475 170
475 171
475 172
475 173
475 174
475 175
475 176
475 177
475 178
475 179
475 180
475 181
475 182
477 160
477 161
477 162
477 163
477 164
477 165
477 166
477 167
477 168
477 169
477 170
477 171
477 172
477 173
477 174
477 175
477 176
477 177
477 178
477 179
477 180
477 181
477 182
477 183
477 184
479 170
479 171
479 172
479 173
479 174
479 175
479 176
479 177
479 178
479 179
479 180
479 181
479 182
479 183
479 184
479 185
482 114
482 115
482 116
482 117
482 118
482 119
482 120
482 121
482 122
482 123
482 124
482 125
482 126
484 115
484 116
484 117
484 118
484 119
484 120
484 121
484 122
484 123
484 124
484 125
484 126
484 127
484 128
484 129
484 130
484 131
484 132
484 133
484 134
484 135
484 136
484 137
486 117
486 118
486 119
486 120
486 121
486 122
486 123
486 124
486 125
486 126
486 127
486 128
486 129
486 130
486 131
486 132
486 133
486 134
486 135
486 136
486 137
486 138
486 139
486 140
486 141
486 142
486 143
486 144
486 145
488 120
488 121
488 122
488 123
488 124
488 125
488 126
488 127
488 128
488 129
488 130
488 131
488 132
488 133
488 134
488 135
488 136
488 137
488 138
488 139
488 140
488 141
488 142
488 143
488 144
488 145
488 146
488 147
488 148
488 149
488 150
488 151
488 152
488 153
490 124
490 125
490 126
490 127
490 128
490 129
490 130
490 131
490 132
490 133
490 134
490 135
490 136
490 137
490 138
490 139
490 140
490 141
490 142
490 143
490 144
490 145
490 146
490 147
490 148
490 149
490 150
490 151
490 152
490 153
490 154
490 155
490 156
490 157
490 158
490 159
490 160
492 129
492 130
492 131
492 132
492 133
492 134
492 135
492 136
492 137
492 138
492 139
492 140
492 141
492 142
492 143
492 144
492 145
492 146
492 147
492 148
492 149
492 150
492 151
492 152
492 153
492 154
492 155
492 156
492 157
492 158
492 159
492 160
492 161
492 162
492 163
492 164
492 165
492 166
492 167
494 135
494 136
494 137
494 138
494 139
494 140
494 141
494 142
494 143
494 144
494 145
494 146
494 147
494 148
494 149
494 150
494 151
494 152
494 153
494 154
494 155
494 156
494 157
494 158
494 159
494 160
494 161
494 162
494 163
494 164
494 165
494 166
494 167
494 168
494 169
494 170
494 171
494 172
496 141
496 142
496 143
496 144
496 145
496 146
496 147
496 148
496 149
496 150
496 151
496 152
496 153
496 154
496 155
496 156
496 157
496 158
496 159
496 160
496 161
496 162
496 163
496 164
496 165
496 166
496 167
496 168
496 169
496 170
496 171
496 172
496 173
496 174
496 175
496 176
496 177
498 148
498 149
498 150
498 151
498 152
498 153
498 154
498 155
498 156
498 157
498 158
498 159
498 160
498 161
498 162
498 163
498 164
498 165
498 166
498 167
498 168
498 169
498 170
498 171
498 172
498 173
498 174
498 175
498 176
498 177
498 178
498 179
498 180
498 181
500 155
500 156
500 157
500 158
500 159
500 160
500 161
500 162
500 163
500 164
500 165
500 166
500 167
500 168
500 169
500 170
500 171
500 172
500 173
500 174
500 175
500 176
500 177
500 178
500 179
500 180
500 181
500 182
500 183
500 184
500 185
502 163
502 164
502 165
502 166
502 167
502 168
502 169
502 170
502 171
502 172
502 173
502 174
502 175
502 176
502 177
502 178
502 179
502 180
502 181
502 182
502 183
502 184
502 185
502 186
502 187
504 173
504 174
504 175
504 176
504 177
504 178
504 179
504 180
504 181
504 182
504 183
504 184
504 185
504 186
504 187
505 118
507 114
507 115
507 116
507 117
507 118
507 119
507 120
507 121
507 122
507 123
507 124
507 125
507 126
507 127
507 128
507 129
507 130
507 131
507 132
507 133
509 116
509 117
509 118
509 119
509 120
509 121
509 122
509 123
509 124
509 125
509 126
509 127
509 128
509 129
509 130
509 131
509 132
509 133
509 134
509 135
509 136
509 137
509 138
509 139
509 140
509 141
509 142
511 119
511 120
511 121
511 122
511 123
511 124
511 125
511 126
511 127
511 128
511 129
511 130
511 131
511 132
511 133
511 134
511 135
511 136
511 137
511 138
511 139
511 140
511 141
511 142
511 143
511 144
511 145
511 146
511 147
511 148
511 149
511 150
513 122
513 123
513 124
513 125
513 126
513 127
513 128
513 129
513 130
513 131
513 132
513 133
513 134
513 135
513 136
513 137
513 138
513 139
513 140
513 141
513 142
513 143
513 144
513 145
513 146
513 147
513 148
513 149
513 150
513 151
513 152
513 153
513 154
513 155
513 156
513 157
515 127
515 128
515 129
515 130
515 131
515 132
515 133
515 134
515 135
515 136
515 137
515 138
515 139
515 140
515 141
515 142
515 143
515 144
515 145
515 146
515 147
515 148
515 149
515 150
515 151
515 152
515 153
515 154
515 155
515 156
515 157
515 158
515 159
515 160
515 161
515 162
515 163
515 164
517 132
517 133
517 134
517 135
517 136
517 137
517 138
517 139
517 140
517 141
517 142
517 143
517 144
517 145
517 146
517 147
517 148
517 149
517 150
517 151
517 152
517 153
517 154
517 155
517 156
517 157
517 158
517 159
517 160
517 161
517 162
517 163
517 164
517 165
517 166
517 167
517 168
517 169
517 170
519 138
519 139
519 140
519 141
519 142
519 143
519 144
519 145
519 146
519 147
519 148
519 149
519 150
519 151
519 152
519 153
519 154
519 155
519 156
519 157
519 158
519 159
519 160
519 161
519 162
519 163
519 164
519 165
519 166
519 167
519 168
519 169
519 170
519 171
519 172
519 173
519 174
519 175
521 144
521 145
521 146
521 147
521 148
521 149
521 150
521 151
521 152
521 153
521 154
521 155
521 156
521 157
521 158
521 159
521 160
521 161
521 162
521 163
521 164
521 165
521 166
521 167
521 168
521 169
521 170
521 171
521 172
521 173
521 174
521 175
521 176
521 177
521 178
521 179
521 180
523 151
523 152
523 153
523 154
523 155
523 156
523 157
523 158
523 159
523 160
523 161
523 162
523 163
523 164
523 165
523 166
523 167
523 168
523 169
523 170
523 171
523 172
523 173
523 174
523 175
523 176
523 177
523 178
523 179
523 180
523 181
523 182
523 183
523 184
525 158
525 159
525 160
525 161
525 162
525 163
525 164
525 165
525 166
525 167
525 168
525 169
525 170
525 171
525 172
525 173
525 174
525 175
525 176
525 177
525 178
525 179
525 180
525 181
525 182
525 183
525 184
525 185
525 186
525 187
527 166
527 167
527 168
527 169
527 170
527 171
527 172
527 173
527 174
527 175
527 176
527 177
527 178
527 179
527 180
527 181
527 182
527 183
527 184
527 185
527 186
527 187
527 188
527 189
529 176
529 177
529 178
529 179
529 180
529 181
529 182
529 183
529 184
529 185
529 186
529 187
529 188
529 189
530 114
530 115
530 116
530 117
530 118
530 119
530 120
530 121
530 122
530 123
530 124
530 125
530 126
530 127
530 128
532 115
532 116
532 117
532 118
532 119
532 120
532 121
532 122
532 123
532 124
532 125
532 126
532 127
532 128
532 129
532 130
532 131
532 132
532 133
532 134
532 135
532 136
532 137
532 138
534 117
534 118
534 119
534 120
534 121
534 122
534 123
534 124
534 125
534 126
534 127
534 128
534 129
534 130
534 131
534 132
534 133
534 134
534 135
534 136
534 137
534 138
534 139
534 140
534 141
534 142
534 143
534 144
534 145
534 146
534 147
536 121
536 122
536 123
536 124
536 125
536 126
536 127
536 128
536 129
536 130
536 131
536 132
536 133
536 134
536 135
536 136
536 137
536 138
536 139
536 140
536 141
536 142
536 143
536 144
536 145
536 146
536 147
536 148
536 149
536 150
536 151
536 152
536 153
536 154
538 125
538 126
538 127
538 128
538 129
538 130
538 131
538 132
538 133
538 134
538 135
538 136
538 137
538 138
538 139
538 140
538 141
538 142
538 143
538 144
538 145
538 146
538 147
538 148
538 149
538 150
538 151
538 152
538 153
538 154
538 155
538 156
538 157
538 158
538 159
538 160
538 161
540 130
540 131
540 132
540 133
540 134
540 135
540 136
540 137
540 138
540 139
540 140
540 141
540 142
540 143
540 144
540 145
540 146
540 147
540 148
540 149
540 150
540 151
540 152
540 153
540 154
540 155
540 156
540 157
540 158
540 159
540 160
540 161
540 162
540 163
540 164
540 165
540 166
540 167
542 135
542 136
542 137
542 138
542 139
542 140
542 141
542 142
542 143
542 144
542 145
542 146
542 147
542 148
542 149
542 150
542 151
542 152
542 153
542 154
542 155
542 156
542 157
542 158
542 159
542 160
542 161
542 162
542 163
542 164
542 165
542 166
542 167
542 168
542 169
542 170
542 171
542 172
542 173
544 141
544 142
544 143
544 144
544 145
544 146
544 147
544 148
544 149
544 150
544 151
544 152
544 153
544 154
544 155
544 156
544 157
544 158
544 159
544 160
544 161
544 162
544 163
544 164
544 165
544 166
544 167
544 168
544 169
544 170
544 171
544 172
544 173
544 174
544 175
544 176
544 177
544 178
546 147
546 148
546 149
546 150
546 151
546 152
546 153
546 154
546 155
546 156
546 157
546 158
546 159
546 160
546 161
546 162
546 163
546 164
546 165
546 166
546 167
546 168
546 169
546 170
546 171
546 172
546 173
546 174
546 175
546 176
546 177
546 178
546 179
546 180
546 181
546 182
546 183
548 154
548 155
548 156
548 157
548 158
548 159
548 160
548 161
548 162
548 163
548 164
548 165
548 166
548 167
548 168
548 169
548 170
548 171
548 172
548 173
548 174
548 175
548 176
548 177
548 178
548 179
548 180
548 181
548 182
548 183
548 184
548 185
548 186
548 187
550 161
550 162
550 163
550 164
550 165
550 166
550 167
550 168
550 169
550 170
550 171
550 172
550 173
550 174
550 175
550 176
550 177
550 178
550 179
550 180
550 181
550 182
550 183
550 184
550 185
550 186
550 187
550 188
550 189
552 169
552 170
552 171
552 172
552 173
552 174
552 175
552 176
552 177
552 178
552 179
552 180
552 181
552 182
552 183
552 184
552 185
552 186
552 187
552 188
552 189
552 190
552 191
553 115
553 116
553 117
553 118
553 119
553 120
553 121
553 122
554 179
554 180
554 181
554 182
554 183
554 184
554 185
554 186
554 187
554 188
554 189
554 190
554 191
555 114
555 115
555 116
555 117
555 118
555 119
555 120
555 121
555 122
555 123
555 124
555 125
555 126
555 127
555 128
555 129
555 130
555 131
555 132
555 133
555 134
557 116
557 117
557 118
557 119
557 120
557 121
557 122
557 123
557 124
557 125
557 126
557 127
557 128
557 129
557 130
557 131
557 132
557 133
557 134
557 135
557 136
557 137
557 138
557 139
557 140
557 141
557 142
557 143
559 119
559 120
559 121
559 122
559 123
559 124
559 125
559 126
559 127
559 128
559 129
559 130
559 131
559 132
559 133
559 134
559 135
559 136
559 137
559 138
559 139
559 140
559 141
559 142
559 143
559 144
559 145
559 146
559 147
559 148
559 149
559 150
559 151
561 123
561 124
561 125
561 126
561 127
561 128
561 129
561 130
561 131
561 132
561 133
561 134
561 135
561 136
561 137
561 138
561 139
561 140
561 141
561 142
561 143
561 144
561 145
561 146
561 147
561 148
561 149
561 150
561 151
561 152
561 153
561 154
561 155
561 156
561 157
561 158
563 127
563 128
563 129
563 130
563 131
563 132
563 133
563 134
563 135
563 136
563 137
563 138
563 139
563 140
563 141
563 142
563 143
563 144
563 145
563 146
563 147
563 148
563 149
563 150
563 151
563 152
563 153
563 154
563 155
563 156
563 157
563 158
563 159
563 160
563 161
563 162
563 163
563 164
563 165
565 132
565 133
565 134
565 135
565 136
565 137
565 138
565 139
565 140
565 141
565 142
565 143
565 144
565 145
565 146
565 147
565 148
565 149
565 150
565 151
565 152
565 153
565 154
565 155
565 156
565 157
565 158
565 159
565 160
565 161
565 162
565 163
565 164
565 165
565 166
565 167
565 168
565 169
565 170
565 171
567 138
567 139
567 140
567 141
567 142
567 143
567 144
567 145
567 146
567 147
567 148
567 149
567 150
567 151
567 152
567 153
567 154
567 155
567 156
567 157
567 158
567 159
567 160
567 161
567 162
567 163
567 164
567 165
567 166
567 167
567 168
567 169
567 170
567 171
567 172
567 173
567 174
567 175
567 176
569 143
569 144
569 145
569 146
569 147
569 148
569 149
569 150
569 151
569 152
569 153
569 154
569 155
569 156
569 157
569 158
569 159
569 160
569 161
569 162
569 163
569 164
569 165
569 166
569 167
569 168
569 169
569 170
569 171
569 172
569 173
569 174
569 175
569 176
569 177
569 178
569 179
569 180
569 181
571 150
571 151
571 152
571 153
571 154
571 155
571 156
571 157
571 158
571 159
571 160
571 161
571 162
571 163
571 164
571 165
571 166
571 167
571 168
571 169
571 170
571 171
571 172
571 173
571 174
571 175
571 176
571 177
571 178
571 179
571 180
571 181
571 182
571 183
571 184
571 185
573 157
573 158
573 159
573 160
573 161
573 162
573 163
573 164
573 165
573 166
573 167
573 168
573 169
573 170
573 171
573 172
573 173
573 174
573 175
573 176
573 177
573 178
573 179
573 180
573 181
573 182
573 183
573 184
573 185
573 186
573 187
573 188
573 189
575 164
575 165
575 166
575 167
575 168
575 169
575 170
575 171
575 172
575 173
575 174
575 175
575 176
575 177
575 178
575 179
575 180
575 181
575 182
575 183
575 184
575 185
575 186
575 187
575 188
575 189
575 190
575 191
575 192
577 172
577 173
577 174
577 175
577 176
577 177
577 178
577 179
577 180
577 181
577 182
577 183
577 184
577 185
577 186
577 187
577 188
577 189
577 190
577 191
577 192
577 193
578 114
578 115
578 116
578 117
578 118
578 119
578 120
578 121
578 122
578 123
578 124
578 125
578 126
578 127
578 128
578 129
579 182
579 183
579 184
579 185
579 186
579 187
579 188
579 189
579 190
579 191
579 192
579 193
580 115
580 116
580 117
580 118
580 119
580 120
580 121
580 122
580 123
580 124
580 125
580 126
580 127
580 128
580 129
580 130
580 131
580 132
580 133
580 134
580 135
580 136
580 137
580 138
580 139
582 118
582 119
582 120
582 121
582 122
582 123
582 124
582 125
582 126
582 127
582 128
582 129
582 130
582 131
582 132
582 133
582 134
582 135
582 136
582 137
582 138
582 139
582 140
582 141
582 142
582 143
582 144
582 145
582 146
582 147
584 121
584 122
584 123
584 124
584 125
584 126
584 127
584 128
584 129
584 130
584 131
584 132
584 133
584 134
584 135
584 136
584 137
584 138
584 139
584 140
584 141
584 142
584 143
584 144
584 145
584 146
584 147
584 148
584 149
584 150
584 151
584 152
584 153
584 154
586 125
586 126
586 127
586 128
586 129
586 130
586 131
586 132
586 133
586 134
586 135
586 136
586 137
586 138
586 139
586 140
586 141
586 142
586 143
586 144
586 145
586 146
586 147
586 148
586 149
586 150
586 151
586 152
586 153
586 154
586 155
586 156
586 157
586 158
586 159
586 160
586 161
588 130
588 131
588 132
588 133
588 134
588 135
588 136
588 137
588 138
588 139
588 140
588 141
588 142
588 143
588 144
588 145
588 146
588 147
588 148
588 149
588 150
588 151
588 152
588 153
588 154
588 155
588 156
588 157
588 158
588 159
588 160
588 161
588 162
588 163
588 164
588 165
588 166
588 167
588 168
590 135
590 136
590 137
590 138
590 139
590 140
590 141
590 142
590 143
590 144
590 145
590 146
590 147
590 148
590 149
590 150
590 151
590 152
590 153
590 154
590 155
590 156
590 157
590 158
590 159
590 160
590 161
590 162
590 163
590 164
590 165
590 166
590 167
590 168
590 169
590 170
590 171
590 172
590 173
592 140
592 141
592 142
592 143
592 144
592 145
592 146
592 147
592 148
592 149
592 150
592 151
592 152
592 153
592 154
592 155
592 156
592 157
592 158
592 159
592 160
592 161
592 162
592 163
592 164
592 165
592 166
592 167
592 168
592 169
592 170
592 171
592 172
592 173
592 174
592 175
592 176
592 177
592 178
592 179
594 146
594 147
594 148
594 149
594 150
594 151
594 152
594 153
594 154
594 155
594 156
594 157
594 158
594 159
594 160
594 161
594 162
594 163
594 164
594 165
594 166
594 167
594 168
594 169
594 170
594 171
594 172
594 173
594 174
594 175
594 176
594 177
594 178
594 179
594 180
594 181
594 182
594 183
596 153
596 154
596 155
596 156
596 157
596 158
596 159
596 160
596 161
596 162
596 163
596 164
596 165
596 166
596 167
596 168
596 169
596 170
596 171
596 172
596 173
596 174
596 175
596 176
596 177
596 178
596 179
596 180
596 181
596 182
596 183
596 184
596 185
596 186
596 187
598 160
598 161
598 162
598 163
598 164
598 165
598 166
598 167
598 168
598 169
598 170
598 171
598 172
598 173
598 174
598 175
598 176
598 177
598 178
598 179
598 180
598 181
598 182
598 183
598 184
598 185
598 186
598 187
598 188
598 189
598 190
598 191
600 167
600 168
600 169
600 170
600 171
600 172
600 173
600 174
600 175
600 176
600 177
600 178
600 179
600 180
600 181
600 182
600 183
600 184
600 185
600 186
600 187
600 188
600 189
600 190
600 191
600 192
600 193
600 194
601 117
601 118
601 119
601 120
601 121
601 122
602 175
602 176
602 177
602 178
602 179
602 180
602 181
602 182
602 183
602 184
602 185
602 186
602 187
602 188
602 189
602 190
602 191
602 192
602 193
602 194
602 195
603 115
603 116
603 117
603 118
603 119
603 120
603 121
603 122
603 123
603 124
603 125
603 126
603 127
603 128
603 129
603 130
603 131
603 132
603 133
603 134
604 185
604 186
604 187
604 188
604 189
604 190
604 191
604 192
604 193
604 194
604 195
605 117
605 118
605 119
605 120
605 121
605 122
605 123
605 124
605 125
605 126
605 127
605 128
605 129
605 130
605 131
605 132
605 133
605 134
605 135
605 136
605 137
605 138
605 139
605 140
605 141
605 142
605 143
607 120
607 121
607 122
607 123
607 124
607 125
607 126
607 127
607 128
607 129
607 130
607 131
607 132
607 133
607 134
607 135
607 136
607 137
607 138
607 139
607 140
607 141
607 142
607 143
607 144
607 145
607 146
607 147
607 148
607 149
607 150
607 151
609 123
609 124
609 125
609 126
609 127
609 128
609 129
609 130
609 131
609 132
609 133
609 134
609 135
609 136
609 137
609 138
609 139
609 140
609 141
609 142
609 143
609 144
609 145
609 146
609 147
609 148
609 149
609 150
609 151
609 152
609 153
609 154
609 155
609 156
609 157
609 158
611 128
611 129
611 130
611 131
611 132
611 133
611 134
611 135
611 136
611 137
611 138
611 139
611 140
611 141
611 142
611 143
611 144
611 145
611 146
611 147
611 148
611 149
611 150
611 151
611 152
611 153
611 154
611 155
611 156
611 157
611 158
611 159
611 160
611 161
611 162
611 163
611 164
613 132
613 133
613 134
613 135
613 136
613 137
613 138
613 139
613 140
613 141
613 142
613 143
613 144
613 145
613 146
613 147
613 148
613 149
613 150
613 151
613 152
613 153
613 154
613 155
613 156
613 157
613 158
613 159
613 160
613 161
613 162
613 163
613 164
613 165
613 166
613 167
613 168
613 169
613 170
615 137
615 138
615 139
615 140
615 141
615 142
615 143
615 144
615 145
615 146
615 147
615 148
615 149
615 150
615 151
615 152
615 153
615 154
615 155
615 156
615 157
615 158
615 159
615 160
615 161
615 162
615 163
615 164
615 165
615 166
615 167
615 168
615 169
615 170
615 171
615 172
615 173
615 174
615 175
615 176
617 143
617 144
617 145
617 146
617 147
617 148
617 149
617 150
617 151
617 152
617 153
617 154
617 155
617 156
617 157
617 158
617 159
617 160
617 161
617 162
617 163
617 164
617 165
617 166
617 167
617 168
617 169
617 170
617 171
617 172
617 173
617 174
617 175
617 176
617 177
617 178
617 179
617 180
617 181
619 149
619 150
619 151
619 152
619 153
619 154
619 155
619 156
619 157
619 158
619 159
619 160
619 161
619 162
619 163
619 164
619 165
619 166
619 167
619 168
619 169
619 170
619 171
619 172
619 173
619 174
619 175
619 176
619 177
619 178
619 179
619 180
619 181
619 182
619 183
619 184
619 185
619 186
621 155
621 156
621 157
621 158
621 159
621 160
621 161
621 162
621 163
621 164
621 165
621 166
621 167
621 168
621 169
621 170
621 171
621 172
621 173
621 174
621 175
621 176
621 177
621 178
621 179
621 180
621 181
621 182
621 183
621 184
621 185
621 186
621 187
621 188
621 189
621 190
623 162
623 163
623 164
623 165
623 166
623 167
623 168
623 169
623 170
623 171
623 172
623 173
623 174
623 175
623 176
623 177
623 178
623 179
623 180
623 181
623 182
623 183
623 184
623 185
623 186
623 187
623 188
623 189
623 190
623 191
623 192
623 193
625 170
625 171
625 172
625 173
625 174
625 175
625 176
625 177
625 178
625 179
625 180
625 181
625 182
625 183
625 184
625 185
625 186
625 187
625 188
625 189
625 190
625 191
625 192
625 193
625 194
625 195
625 196
626 116
626 117
626 118
626 119
626 120
626 121
626 122
626 123
626 124
626 125
626 126
626 127
626 128
627 178
627 179
627 180
627 181
627 182
627 183
627 184
627 185
627 186
627 187
627 188
627 189
627 190
627 191
627 192
627 193
627 194
627 195
627 196
627 197
628 117
628 118
628 119
628 120
628 121
628 122
628 123
628 124
628 125
628 126
628 127
628 128
628 129
628 130
628 131
628 132
628 133
628 134
628 135
628 136
628 137
628 138
629 188
629 189
629 190
629 191
629 192
629 193
629 194
629 195
629 196
629 197
630 119
630 120
630 121
630 122
630 123
630 124
630 125
630 126
630 127
630 128
630 129
630 130
630 131
630 132
630 133
630 134
630 135
630 136
630 137
630 138
630 139
630 140
630 141
630 142
630 143
630 144
630 145
630 146
632 122
632 123
632 124
632 125
632 126
632 127
632 128
632 129
632 130
632 131
632 132
632 133
632 134
632 135
632 136
632 137
632 138
632 139
632 140
632 141
632 142
632 143
632 144
632 145
632 146
632 147
632 148
632 149
632 150
632 151
632 152
632 153
632 154
634 126
634 127
634 128
634 129
634 130
634 131
634 132
634 133
634 134
634 135
634 136
634 137
634 138
634 139
634 140
634 141
634 142
634 143
634 144
634 145
634 146
634 147
634 148
634 149
634 150
634 151
634 152
634 153
634 154
634 155
634 156
634 157
634 158
634 159
634 160
634 161
636 130
636 131
636 132
636 133
636 134
636 135
636 136
636 137
636 138
636 139
636 140
636 141
636 142
636 143
636 144
636 145
636 146
636 147
636 148
636 149
636 150
636 151
636 152
636 153
636 154
636 155
636 156
636 157
636 158
636 159
636 160
636 161
636 162
636 163
636 164
636 165
636 166
636 167
638 135
638 136
638 137
638 138
638 139
638 140
638 141
638 142
638 143
638 144
638 145
638 146
638 147
638 148
638 149
638 150
638 151
638 152
638 153
638 154
638 155
638 156
638 157
638 158
638 159
638 160
638 161
638 162
638 163
638 164
638 165
638 166
638 167
638 168
638 169
638 170
638 171
638 172
638 173
640 140
640 141
640 142
640 143
640 144
640 145
640 146
640 147
640 148
640 149
640 150
640 151
640 152
640 153
640 154
640 155
640 156
640 157
640 158
640 159
640 160
640 161
640 162
640 163
640 164
640 165
640 166
640 167
640 168
640 169
640 170
640 171
640 172
640 173
640 174
640 175
640 176
640 177
640 178
642 146
642 147
642 148
642 149
642 150
642 151
642 152
642 153
642 154
642 155
642 156
642 157
642 158
642 159
642 160
642 161
642 162
642 163
642 164
642 165
642 166
642 167
642 168
642 169
642 170
642 171
642 172
642 173
642 174
642 175
642 176
642 177
642 178
642 179
642 180
642 181
642 182
642 183
644 152
644 153
644 154
644 155
644 156
644 157
644 158
644 159
644 160
644 161
644 162
644 163
644 164
644 165
644 166
644 167
644 168
644 169
644 170
644 171
644 172
644 173
644 174
644 175
644 176
644 177
644 178
644 179
644 180
644 181
644 182
644 183
644 184
644 185
644 186
644 187
644 188
646 158
646 159
646 160
646 161
646 162
646 163
646 164
646 165
646 166
646 167
646 168
646 169
646 170
646 171
646 172
646 173
646 174
646 175
646 176
646 177
646 178
646 179
646 180
646 181
646 182
646 183
646 184
646 185
646 186
646 187
646 188
646 189
646 190
646 191
646 192
648 165
648 166
648 167
648 168
648 169
648 170
648 171
648 172
648 173
648 174
648 175
648 176
648 177
648 178
648 179
648 180
648 181
648 182
648 183
648 184
648 185
648 186
648 187
648 188
648 189
648 190
648 191
648 192
648 193
648 194
648 195
650 172
650 173
650 174
650 175
650 176
650 177
650 178
650 179
650 180
650 181
650 182
650 183
650 184
650 185
650 186
650 187
650 188
650 189
650 190
650 191
650 192
650 193
650 194
650 195
650 196
650 197
650 198
651 117
651 118
651 119
651 120
651 121
651 122
651 123
651 124
651 125
651 126
651 127
651 128
651 129
651 130
651 131
651 132
652 180
652 181
652 182
652 183
652 184
652 185
652 186
652 187
652 188
652 189
652 190
652 191
652 192
652 193
652 194
652 195
652 196
652 197
652 198
652 199
653 118
653 119
653 120
653 121
653 122
653 123
653 124
653 125
653 126
653 127
653 128
653 129
653 130
653 131
653 132
653 133
653 134
653 135
653 136
653 137
653 138
653 139
653 140
653 141
653 142
654 191
654 192
654 193
654 194
654 195
654 196
654 197
654 198
654 199
655 121
655 122
655 123
655 124
655 125
655 126
655 127
655 128
655 129
655 130
655 131
655 132
655 133
655 134
655 135
655 136
655 137
655 138
655 139
655 140
655 141
655 142
655 143
655 144
655 145
655 146
655 147
655 148
655 149
657 124
657 125
657 126
657 127
657 128
657 129
657 130
657 131
657 132
657 133
657 134
657 135
657 136
657 137
657 138
657 139
657 140
657 141
657 142
657 143
657 144
657 145
657 146
657 147
657 148
657 149
657 150
657 151
657 152
657 153
657 154
657 155
657 156
657 157
659 128
659 129
659 130
659 131
659 132
659 133
659 134
659 135
659 136
659 137
659 138
659 139
659 140
659 141
659 142
659 143
659 144
659 145
659 146
659 147
659 148
659 149
659 150
659 151
659 152
659 153
659 154
659 155
659 156
659 157
659 158
659 159
659 160
659 161
659 162
659 163
661 133
661 134
661 135
661 136
661 137
661 138
661 139
661 140
661 141
661 142
661 143
661 144
661 145
661 146
661 147
661 148
661 149
661 150
661 151
661 152
661 153
661 154
661 155
661 156
661 157
661 158
661 159
661 160
661 161
661 162
661 163
661 164
661 165
661 166
661 167
661 168
661 169
661 170
663 137
663 138
663 139
663 140
663 141
663 142
663 143
663 144
663 145
663 146
663 147
663 148
663 149
663 150
663 151
663 152
663 153
663 154
663 155
663 156
663 157
663 158
663 159
663 160
663 161
663 162
663 163
663 164
663 165
663 166
663 167
663 168
663 169
663 170
663 171
663 172
663 173
663 174
663 175
665 143
665 144
665 145
665 146
665 147
665 148
665 149
665 150
665 151
665 152
665 153
665 154
665 155
665 156
665 157
665 158
665 159
665 160
665 161
665 162
665 163
665 164
665 165
665 166
665 167
665 168
665 169
665 170
665 171
665 172
665 173
665 174
665 175
665 176
665 177
665 178
665 179
665 180
665 181
667 148
667 149
667 150
667 151
667 152
667 153
667 154
667 155
667 156
667 157
667 158
667 159
667 160
667 161
667 162
667 163
667 164
667 165
667 166
667 167
667 168
667 169
667 170
667 171
667 172
667 173
667 174
667 175
667 176
667 177
667 178
667 179
667 180
667 181
667 182
667 183
667 184
667 185
669 154
669 155
669 156
669 157
669 158
669 159
669 160
669 161
669 162
669 163
669 164
669 165
669 166
669 167
669 168
669 169
669 170
669 171
669 172
669 173
669 174
669 175
669 176
669 177
669 178
669 179
669 180
669 181
669 182
669 183
669 184
669 185
669 186
669 187
669 188
669 189
669 190
671 161
671 162
671 163
671 164
671 165
671 166
671 167
671 168
671 169
671 170
671 171
671 172
671 173
671 174
671 175
671 176
671 177
671 178
671 179
671 180
671 181
671 182
671 183
671 184
671 185
671 186
671 187
671 188
671 189
671 190
671 191
671 192
671 193
671 194
673 168
673 169
673 170
673 171
673 172
673 173
673 174
673 175
673 176
673 177
673 178
673 179
673 180
673 181
673 182
673 183
673 184
673 185
673 186
673 187
673 188
673 189
673 190
673 191
673 192
673 193
673 194
673 195
673 196
673 197
674 120
674 121
674 122
674 123
674 124
675 175
675 176
675 177
675 178
675 179
675 180
675 181
675 182
675 183
675 184
675 185
675 186
675 187
675 188
675 189
675 190
675 191
675 192
675 193
675 194
675 195
675 196
675 197
675 198
675 199
676 118
676 119
676 120
676 121
676 122
676 123
676 124
676 125
676 126
676 127
676 128
676 129
676 130
676 131
676 132
676 133
676 134
676 135
676 136
677 183
677 184
677 185
677 186
677 187
677 188
677 189
677 190
677 191
677 192
677 193
677 194
677 195
677 196
677 197
677 198
677 199
677 200
677 201
678 120
678 121
678 122
678 123
678 124
678 125
678 126
678 127
678 128
678 129
678 130
678 131
678 132
678 133
678 134
678 135
678 136
678 137
678 138
678 139
678 140
678 141
678 142
678 143
678 144
678 145
679 193
679 194
679 195
679 196
679 197
679 198
679 199
679 200
679 201
680 123
680 124
680 125
680 126
680 127
680 128
680 129
680 130
680 131
680 132
680 133
680 134
680 135
680 136
680 137
680 138
680 139
680 140
680 141
680 142
680 143
680 144
680 145
680 146
680 147
680 148
680 149
680 150
680 151
680 152
682 126
682 127
682 128
682 129
682 130
682 131
682 132
682 133
682 134
682 135
682 136
682 137
682 138
682 139
682 140
682 141
682 142
682 143
682 144
682 145
682 146
682 147
682 148
682 149
682 150
682 151
682 152
682 153
682 154
682 155
682 156
682 157
682 158
682 159
684 130
684 131
684 132
684 133
684 134
684 135
684 136
684 137
684 138
684 139
684 140
684 141
684 142
684 143
684 144
684 145
684 146
684 147
684 148
684 149
684 150
684 151
684 152
684 153
684 154
684 155
684 156
684 157
684 158
684 159
684 160
684 161
684 162
684 163
684 164
684 165
684 166
686 135
686 136
686 137
686 138
686 139
686 140
686 141
686 142
686 143
686 144
686 145
686 146
686 147
686 148
686 149
686 150
686 151
686 152
686 153
686 154
686 155
686 156
686 157
686 158
686 159
686 160
686 161
686 162
686 163
686 164
686 165
686 166
686 167
686 168
686 169
686 170
686 171
686 172
688 140
688 141
688 142
688 143
688 144
688 145
688 146
688 147
688 148
688 149
688 150
688 151
688 152
688 153
688 154
688 155
688 156
688 157
688 158
688 159
688 160
688 161
688 162
688 163
688 164
688 165
688 166
688 167
688 168
688 169
688 170
688 171
688 172
688 173
688 174
688 175
688 176
688 177
688 178
690 145
690 146
690 147
690 148
690 149
690 150
690 151
690 152
690 153
690 154
690 155
690 156
690 157
690 158
690 159
690 160
690 161
690 162
690 163
690 164
690 165
690 166
690 167
690 168
690 169
690 170
690 171
690 172
690 173
690 174
690 175
690 176
690 177
690 178
690 179
690 180
690 181
690 182
690 183
692 151
692 152
692 153
692 154
692 155
692 156
692 157
692 158
692 159
692 160
692 161
692 162
692 163
692 164
692 165
692 166
692 167
692 168
692 169
692 170
692 171
692 172
692 173
692 174
692 175
692 176
692 177
692 178
692 179
692 180
692 181
692 182
692 183
692 184
692 185
692 186
692 187
694 157
694 158
694 159
694 160
694 161
694 162
694 163
694 164
694 165
694 166
694 167
694 168
694 169
694 170
694 171
694 172
694 173
694 174
694 175
694 176
694 177
694 178
694 179
694 180
694 181
694 182
694 183
694 184
694 185
694 186
694 187
694 188
694 189
694 190
694 191
694 192
696 163
696 164
696 165
696 166
696 167
696 168
696 169
696 170
696 171
696 172
696 173
696 174
696 175
696 176
696 177
696 178
696 179
696 180
696 181
696 182
696 183
696 184
696 185
696 186
696 187
696 188
696 189
696 190
696 191
696 192
696 193
696 194
696 195
696 196
698 170
698 171
698 172
698 173
698 174
698 175
698 176
698 177
698 178
698 179
698 180
698 181
698 182
698 183
698 184
698 185
698 186
698 187
698 188
698 189
698 190
698 191
698 192
698 193
698 194
698 195
698 196
698 197
698 198
698 199
699 120
699 121
699 122
699 123
699 124
699 125
699 126
699 127
699 128
699 129
700 177
700 178
700 179
700 180
700 181
700 182
700 183
700 184
700 185
700 186
700 187
700 188
700 189
700 190
700 191
700 192
700 193
700 194
700 195
700 196
700 197
700 198
700 199
700 200
700 201
701 120
701 121
701 122
701 123
701 124
701 125
701 126
701 127
701 128
701 129
701 130
701 131
701 132
701 133
701 134
701 135
701 136
701 137
701 138
701 139
702 185
702 186
702 187
702 188
702 189
702 190
702 191
702 192
702 193
702 194
702 195
702 196
702 197
702 198
702 199
702 200
702 201
702 202
702 203
703 122
703 123
703 124
703 125
703 126
703 127
703 128
703 129
703 130
703 131
703 132
703 133
703 134
703 135
703 136
703 137
703 138
703 139
703 140
703 141
703 142
703 143
703 144
703 145
703 146
703 147
704 195
704 196
704 197
704 198
704 199
704 200
704 201
704 202
704 203
705 125
705 126
705 127
705 128
705 129
705 130
705 131
705 132
705 133
705 134
705 135
705 136
705 137
705 138
705 139
705 140
705 141
705 142
705 143
705 144
705 145
705 146
705 147
705 148
705 149
705 150
705 151
705 152
705 153
705 154
705 155
707 129
707 130
707 131
707 132
707 133
707 134
707 135
707 136
707 137
707 138
707 139
707 140
707 141
707 142
707 143
707 144
707 145
707 146
707 147
707 148
707 149
707 150
707 151
707 152
707 153
707 154
707 155
707 156
707 157
707 158
707 159
707 160
707 161
707 162
709 133
709 134
709 135
709 136
709 137
709 138
709 139
709 140
709 141
709 142
709 143
709 144
709 145
709 146
709 147
709 148
709 149
709 150
709 151
709 152
709 153
709 154
709 155
709 156
709 157
709 158
709 159
709 160
709 161
709 162
709 163
709 164
709 165
709 166
709 167
709 168
711 137
711 138
711 139
711 140
711 141
711 142
711 143
711 144
711 145
711 146
711 147
711 148
711 149
711 150
711 151
711 152
711 153
711 154
711 155
711 156
711 157
711 158
711 159
711 160
711 161
711 162
711 163
711 164
711 165
711 166
711 167
711 168
711 169
711 170
711 171
711 172
711 173
711 174
713 142
713 143
713 144
713 145
713 146
713 147
713 148
713 149
713 150
713 151
713 152
713 153
713 154
713 155
713 156
713 157
713 158
713 159
713 160
713 161
713 162
713 163
713 164
713 165
713 166
713 167
713 168
713 169
713 170
713 171
713 172
713 173
713 174
713 175
713 176
713 177
713 178
713 179
713 180
715 148
715 149
715 150
715 151
715 152
715 153
715 154
715 155
715 156
715 157
715 158
715 159
715 160
715 161
715 162
715 163
715 164
715 165
715 166
715 167
715 168
715 169
715 170
715 171
715 172
715 173
715 174
715 175
715 176
715 177
715 178
715 179
715 180
715 181
715 182
715 183
715 184
715 185
717 153
717 154
717 155
717 156
717 157
717 158
717 159
717 160
717 161
717 162
717 163
717 164
717 165
717 166
717 167
717 168
717 169
717 170
717 171
717 172
717 173
717 174
717 175
717 176
717 177
717 178
717 179
717 180
717 181
717 182
717 183
717 184
717 185
717 186
717 187
717 188
717 189
719 159
719 160
719 161
719 162
719 163
719 164
719 165
719 166
719 167
719 168
719 169
719 170
719 171
719 172
719 173
719 174
719 175
719 176
719 177
719 178
719 179
719 180
719 181
719 182
719 183
719 184
719 185
719 186
719 187
719 188
719 189
719 190
719 191
719 192
719 193
719 194
721 166
721 167
721 168
721 169
721 170
721 171
721 172
721 173
721 174
721 175
721 176
721 177
721 178
721 179
721 180
721 181
721 182
721 183
721 184
721 185
721 186
721 187
721 188
721 189
721 190
721 191
721 192
721 193
721 194
721 195
721 196
721 197
723 172
723 173
723 174
723 175
723 176
723 177
723 178
723 179
723 180
723 181
723 182
723 183
723 184
723 185
723 186
723 187
723 188
723 189
723 190
723 191
723 192
723 193
723 194
723 195
723 196
723 197
723 198
723 199
723 200
723 201
724 122
724 123
724 124
724 125
724 126
724 127
724 128
724 129
724 130
724 131
724 132
725 180
725 181
725 182
725 183
725 184
725 185
725 186
725 187
725 188
725 189
725 190
725 191
725 192
725 193
725 194
725 195
725 196
725 197
725 198
725 199
725 200
725 201
725 202
725 203
726 122
726 123
726 124
726 125
726 126
726 127
726 128
726 129
726 130
726 131
726 132
726 133
726 134
726 135
726 136
726 137
726 138
726 139
726 140
726 141
726 142
727 187
727 188
727 189
727 190
727 191
727 192
727 193
727 194
727 195
727 196
727 197
727 198
727 199
727 200
727 201
727 202
727 203
727 204
727 205
728 124
728 125
728 126
728 127
728 128
728 129
728 130
728 131
728 132
728 133
728 134
728 135
728 136
728 137
728 138
728 139
728 140
728 141
728 142
728 143
728 144
728 145
728 146
728 147
728 148
728 149
728 150
729 197
729 198
729 199
729 200
729 201
729 202
729 203
729 204
729 205
730 127
730 128
730 129
730 130
730 131
730 132
730 133
730 134
730 135
730 136
730 137
730 138
730 139
730 140
730 141
730 142
730 143
730 144
730 145
730 146
730 147
730 148
730 149
730 150
730 151
730 152
730 153
730 154
730 155
730 156
730 157
732 131
732 132
732 133
732 134
732 135
732 136
732 137
732 138
732 139
732 140
732 141
732 142
732 143
732 144
732 145
732 146
732 147
732 148
732 149
732 150
732 151
732 152
732 153
732 154
732 155
732 156
732 157
732 158
732 159
732 160
732 161
732 162
732 163
732 164
734 135
734 136
734 137
734 138
734 139
734 140
734 141
734 142
734 143
734 144
734 145
734 146
734 147
734 148
734 149
734 150
734 151
734 152
734 153
734 154
734 155
734 156
734 157
734 158
734 159
734 160
734 161
734 162
734 163
734 164
734 165
734 166
734 167
734 168
734 169
734 170
736 140
736 141
736 142
736 143
736 144
736 145
736 146
736 147
736 148
736 149
736 150
736 151
736 152
736 153
736 154
736 155
736 156
736 157
736 158
736 159
736 160
736 161
736 162
736 163
736 164
736 165
736 166
736 167
736 168
736 169
736 170
736 171
736 172
736 173
736 174
736 175
736 176
738 144
738 145
738 146
738 147
738 148
738 149
738 150
738 151
738 152
738 153
738 154
738 155
738 156
738 157
738 158
738 159
738 160
738 161
738 162
738 163
738 164
738 165
738 166
738 167
738 168
738 169
738 170
738 171
738 172
738 173
738 174
738 175
738 176
738 177
738 178
738 179
738 180
738 181
738 182
740 150
740 151
740 152
740 153
740 154
740 155
740 156
740 157
740 158
740 159
740 160
740 161
740 162
740 163
740 164
740 165
740 166
740 167
740 168
740 169
740 170
740 171
740 172
740 173
740 174
740 175
740 176
740 177
740 178
740 179
740 180
740 181
740 182
740 183
740 184
740 185
740 186
740 187
742 155
742 156
742 157
742 158
742 159
742 160
742 161
742 162
742 163
742 164
742 165
742 166
742 167
742 168
742 169
742 170
742 171
742 172
742 173
742 174
742 175
742 176
742 177
742 178
742 179
742 180
742 181
742 182
742 183
742 184
742 185
742 186
742 187
742 188
742 189
742 190
742 191
744 161
744 162
744 163
744 164
744 165
744 166
744 167
744 168
744 169
744 170
744 171
744 172
744 173
744 174
744 175
744 176
744 177
744 178
744 179
744 180
744 181
744 182
744 183
744 184
744 185
744 186
744 187
744 188
744 189
744 190
744 191
744 192
744 193
744 194
744 195
744 196
746 168
746 169
746 170
746 171
746 172
746 173
746 174
746 175
746 176
746 177
746 178
746 179
746 180
746 181
746 182
746 183
746 184
746 185
746 186
746 187
746 188
746 189
746 190
746 191
746 192
746 193
746 194
746 195
746 196
746 197
746 198
746 199
748 175
748 176
748 177
748 178
748 179
748 180
748 181
748 182
748 183
748 184
748 185
748 186
748 187
748 188
748 189
748 190
748 191
748 192
748 193
748 194
748 195
748 196
748 197
748 198
748 199
748 200
748 201
748 202
748 203
749 124
749 125
749 126
749 127
749 128
749 129
749 130
749 131
749 132
749 133
749 134
749 135
750 182
750 183
750 184
750 185
750 186
750 187
750 188
750 189
750 190
750 191
750 192
750 193
750 194
750 195
750 196
750 197
750 198
750 199
750 200
750 201
750 202
750 203
750 204
750 205
751 124
751 125
751 126
751 127
751 128
751 129
751 130
751 131
751 132
751 133
751 134
751 135
751 136
751 137
751 138
751 139
751 140
751 141
751 142
751 143
751 144
752 190
752 191
752 192
752 193
752 194
752 195
752 196
752 197
752 198
752 199
752 200
752 201
752 202
752 203
752 204
752 205
752 206
752 207
753 126
753 127
753 128
753 129
753 130
753 131
753 132
753 133
753 134
753 135
753 136
753 137
753 138
753 139
753 140
753 141
753 142
753 143
753 144
753 145
753 146
753 147
753 148
753 149
753 150
753 151
753 152
754 199
754 200
754 201
754 202
754 203
754 204
754 205
754 206
754 207
755 129
755 130
755 131
755 132
755 133
755 134
755 135
755 136
755 137
755 138
755 139
755 140
755 141
755 142
755 143
755 144
755 145
755 146
755 147
755 148
755 149
755 150
755 151
755 152
755 153
755 154
755 155
755 156
755 157
755 158
755 159
757 133
757 134
757 135
757 136
757 137
757 138
757 139
757 140
757 141
757 142
757 143
757 144
757 145
757 146
757 147
757 148
757 149
757 150
757 151
757 152
757 153
757 154
757 155
757 156
757 157
757 158
757 159
757 160
757 161
757 162
757 163
757 164
757 165
757 166
759 137
759 138
759 139
759 140
759 141
759 142
759 143
759 144
759 145
759 146
759 147
759 148
759 149
759 150
759 151
759 152
759 153
759 154
759 155
759 156
759 157
759 158
759 159
759 160
759 161
759 162
759 163
759 164
759 165
759 166
759 167
759 168
759 169
759 170
759 171
759 172
761 142
761 143
761 144
761 145
761 146
761 147
761 148
761 149
761 150
761 151
761 152
761 153
761 154
761 155
761 156
761 157
761 158
761 159
761 160
761 161
761 162
761 163
761 164
761 165
761 166
761 167
761 168
761 169
761 170
761 171
761 172
761 173
761 174
761 175
761 176
761 177
761 178
763 147
763 148
763 149
763 150
763 151
763 152
763 153
763 154
763 155
763 156
763 157
763 158
763 159
763 160
763 161
763 162
763 163
763 164
763 165
763 166
763 167
763 168
763 169
763 170
763 171
763 172
763 173
763 174
763 175
763 176
763 177
763 178
763 179
763 180
763 181
763 182
763 183
763 184
765 152
765 153
765 154
765 155
765 156
765 157
765 158
765 159
765 160
765 161
765 162
765 163
765 164
765 165
765 166
765 167
765 168
765 169
765 170
765 171
765 172
765 173
765 174
765 175
765 176
765 177
765 178
765 179
765 180
765 181
765 182
765 183
765 184
765 185
765 186
765 187
765 188
765 189
767 158
767 159
767 160
767 161
767 162
767 163
767 164
767 165
767 166
767 167
767 168
767 169
767 170
767 171
767 172
767 173
767 174
767 175
767 176
767 177
767 178
767 179
767 180
767 181
767 182
767 183
767 184
767 185
767 186
767 187
767 188
767 189
767 190
767 191
767 192
767 193
769 164
769 165
769 166
769 167
769 168
769 169
769 170
769 171
769 172
769 173
769 174
769 175
769 176
769 177
769 178
769 179
769 180
769 181
769 182
769 183
769 184
769 185
769 186
769 187
769 188
769 189
769 190
769 191
769 192
769 193
769 194
769 195
769 196
769 197
771 170
771 171
771 172
771 173
771 174
771 175
771 176
771 177
771 178
771 179
771 180
771 181
771 182
771 183
771 184
771 185
771 186
771 187
771 188
771 189
771 190
771 191
771 192
771 193
771 194
771 195
771 196
771 197
771 198
771 199
771 200
771 201
773 177
773 178
773 179
773 180
773 181
773 182
773 183
773 184
773 185
773 186
773 187
773 188
773 189
773 190
773 191
773 192
773 193
773 194
773 195
773 196
773 197
773 198
773 199
773 200
773 201
773 202
773 203
773 204
774 126
774 127
774 128
774 129
774 130
774 131
774 132
774 133
774 134
774 135
774 136
774 137
775 184
775 185
775 186
775 187
775 188
775 189
775 190
775 191
775 192
775 193
775 194
775 195
775 196
775 197
775 198
775 199
775 200
775 201
775 202
775 203
775 204
775 205
775 206
775 207
776 126
776 127
776 128
776 129
776 130
776 131
776 132
776 133
776 134
776 135
776 136
776 137
776 138
776 139
776 140
776 141
776 142
776 143
776 144
776 145
776 146
777 192
777 193
777 194
777 195
777 196
777 197
777 198
777 199
777 200
777 201
777 202
777 203
777 204
777 205
777 206
777 207
777 208
777 209
778 129
778 130
778 131
778 132
778 133
778 134
778 135
778 136
778 137
778 138
778 139
778 140
778 141
778 142
778 143
778 144
778 145
778 146
778 147
778 148
778 149
778 150
778 151
778 152
778 153
778 154
779 201
779 202
779 203
779 204
779 205
779 206
779 207
779 208
779 209
780 132
780 133
780 134
780 135
780 136
780 137
780 138
780 139
780 140
780 141
780 142
780 143
780 144
780 145
780 146
780 147
780 148
780 149
780 150
780 151
780 152
780 153
780 154
780 155
780 156
780 157
780 158
780 159
780 160
780 161
782 135
782 136
782 137
782 138
782 139
782 140
782 141
782 142
782 143
782 144
782 145
782 146
782 147
782 148
782 149
782 150
782 151
782 152
782 153
782 154
782 155
782 156
782 157
782 158
782 159
782 160
782 161
782 162
782 163
782 164
782 165
782 166
782 167
782 168
784 139
784 140
784 141
784 142
784 143
784 144
784 145
784 146
784 147
784 148
784 149
784 150
784 151
784 152
784 153
784 154
784 155
784 156
784 157
784 158
784 159
784 160
784 161
784 162
784 163
784 164
784 165
784 166
784 167
784 168
784 169
784 170
784 171
784 172
784 173
784 174
786 144
786 145
786 146
786 147
786 148
786 149
786 150
786 151
786 152
786 153
786 154
786 155
786 156
786 157
786 158
786 159
786 160
786 161
786 162
786 163
786 164
786 165
786 166
786 167
786 168
786 169
786 170
786 171
786 172
786 173
786 174
786 175
786 176
786 177
786 178
786 179
786 180
788 149
788 150
788 151
788 152
788 153
788 154
788 155
788 156
788 157
788 158
788 159
788 160
788 161
788 162
788 163
788 164
788 165
788 166
788 167
788 168
788 169
788 170
788 171
788 172
788 173
788 174
788 175
788 176
788 177
788 178
788 179
788 180
788 181
788 182
788 183
788 184
788 185
788 186
790 154
790 155
790 156
790 157
790 158
790 159
790 160
790 161
790 162
790 163
790 164
790 165
790 166
790 167
790 168
790 169
790 170
790 171
790 172
790 173
790 174
790 175
790 176
790 177
790 178
790 179
790 180
790 181
790 182
790 183
790 184
790 185
790 186
790 187
790 188
790 189
790 190
790 191
792 160
792 161
792 162
792 163
792 164
792 165
792 166
792 167
792 168
792 169
792 170
792 171
792 172
792 173
792 174
792 175
792 176
792 177
792 178
792 179
792 180
792 181
792 182
792 183
792 184
792 185
792 186
792 187
792 188
792 189
792 190
792 191
792 192
792 193
792 194
792 195
794 166
794 167
794 168
794 169
794 170
794 171
794 172
794 173
794 174
794 175
794 176
794 177
794 178
794 179
794 180
794 181
794 182
794 183
794 184
794 185
794 186
794 187
794 188
794 189
794 190
794 191
794 192
794 193
794 194
794 195
794 196
794 197
794 198
794 199
796 172
796 173
796 174
796 175
796 176
796 177
796 178
796 179
796 180
796 181
796 182
796 183
796 184
796 185
796 186
796 187
796 188
796 189
796 190
796 191
796 192
796 193
796 194
796 195
796 196
796 197
796 198
796 199
796 200
796 201
796 202
796 203
798 179
798 180
798 181
798 182
798 183
798 184
798 185
798 186
798 187
798 188
798 189
798 190
798 191
798 192
798 193
798 194
798 195
798 196
798 197
798 198
798 199
798 200
798 201
798 202
798 203
798 204
798 205
798 206
799 128
799 129
799 130
799 131
799 132
799 133
799 134
799 135
799 136
799 137
799 138
799 139
800 186
800 187
800 188
800 189
800 190
800 191
800 192
800 193
800 194
800 195
800 196
800 197
800 198
800 199
800 200
800 201
800 202
800 203
800 204
800 205
800 206
800 207
800 208
800 209
801 128
801 129
801 130
801 131
801 132
801 133
801 134
801 135
801 136
801 137
801 138
801 139
801 140
801 141
801 142
801 143
801 144
801 145
801 146
801 147
801 148
802 194
802 195
802 196
802 197
802 198
802 199
802 200
802 201
802 202
802 203
802 204
802 205
802 206
802 207
802 208
802 209
802 210
802 211
803 130
803 131
803 132
803 133
803 134
803 135
803 136
803 137
803 138
803 139
803 140
803 141
803 142
803 143
803 144
803 145
803 146
803 147
803 148
803 149
803 150
803 151
803 152
803 153
803 154
803 155
803 156
804 203
804 204
804 205
804 206
804 207
804 208
804 209
804 210
804 211
805 133
805 134
805 135
805 136
805 137
805 138
805 139
805 140
805 141
805 142
805 143
805 144
805 145
805 146
805 147
805 148
805 149
805 150
805 151
805 152
805 153
805 154
805 155
805 156
805 157
805 158
805 159
805 160
805 161
805 162
805 163
807 137
807 138
807 139
807 140
807 141
807 142
807 143
807 144
807 145
807 146
807 147
807 148
807 149
807 150
807 151
807 152
807 153
807 154
807 155
807 156
807 157
807 158
807 159
807 160
807 161
807 162
807 163
807 164
807 165
807 166
807 167
807 168
807 169
807 170
809 141
809 142
809 143
809 144
809 145
809 146
809 147
809 148
809 149
809 150
809 151
809 152
809 153
809 154
809 155
809 156
809 157
809 158
809 159
809 160
809 161
809 162
809 163
809 164
809 165
809 166
809 167
809 168
809 169
809 170
809 171
809 172
809 173
809 174
809 175
809 176
811 146
811 147
811 148
811 149
811 150
811 151
811 152
811 153
811 154
811 155
811 156
811 157
811 158
811 159
811 160
811 161
811 162
811 163
811 164
811 165
811 166
811 167
811 168
811 169
811 170
811 171
811 172
811 173
811 174
811 175
811 176
811 177
811 178
811 179
811 180
811 181
811 182
813 151
813 152
813 153
813 154
813 155
813 156
813 157
813 158
813 159
813 160
813 161
813 162
813 163
813 164
813 165
813 166
813 167
813 168
813 169
813 170
813 171
813 172
813 173
813 174
813 175
813 176
813 177
813 178
813 179
813 180
813 181
813 182
813 183
813 184
813 185
813 186
813 187
813 188
815 156
815 157
815 158
815 159
815 160
815 161
815 162
815 163
815 164
815 165
815 166
815 167
815 168
815 169
815 170
815 171
815 172
815 173
815 174
815 175
815 176
815 177
815 178
815 179
815 180
815 181
815 182
815 183
815 184
815 185
815 186
815 187
815 188
815 189
815 190
815 191
815 192
817 162
817 163
817 164
817 165
817 166
817 167
817 168
817 169
817 170
817 171
817 172
817 173
817 174
817 175
817 176
817 177
817 178
817 179
817 180
817 181
817 182
817 183
817 184
817 185
817 186
817 187
817 188
817 189
817 190
817 191
817 192
817 193
817 194
817 195
817 196
817 197
819 168
819 169
819 170
819 171
819 172
819 173
819 174
819 175
819 176
819 177
819 178
819 179
819 180
819 181
819 182
819 183
819 184
819 185
819 186
819 187
819 188
819 189
819 190
819 191
819 192
819 193
819 194
819 195
819 196
819 197
819 198
819 199
819 200
819 201
821 174
821 175
821 176
821 177
821 178
821 179
821 180
821 181
821 182
821 183
821 184
821 185
821 186
821 187
821 188
821 189
821 190
821 191
821 192
821 193
821 194
821 195
821 196
821 197
821 198
821 199
821 200
821 201
821 202
821 203
821 204
821 205
823 181
823 182
823 183
823 184
823 185
823 186
823 187
823 188
823 189
823 190
823 191
823 192
823 193
823 194
823 195
823 196
823 197
823 198
823 199
823 200
823 201
823 202
823 203
823 204
823 205
823 206
823 207
823 208
824 130
824 131
824 132
824 133
824 134
824 135
824 136
824 137
824 138
824 139
824 140
824 141
825 188
825 189
825 190
825 191
825 192
825 193
825 194
825 195
825 196
825 197
825 198
825 199
825 200
825 201
825 202
825 203
825 204
825 205
825 206
825 207
825 208
825 209
825 210
825 211
826 130
826 131
826 132
826 133
826 134
826 135
826 136
826 137
826 138
826 139
826 140
826 141
826 142
826 143
826 144
826 145
826 146
826 147
826 148
826 149
826 150
827 196
827 197
827 198
827 199
827 200
827 201
827 202
827 203
827 204
827 205
827 206
827 207
827 208
827 209
827 210
827 211
827 212
827 213
828 132
828 133
828 134
828 135
828 136
828 137
828 138
828 139
828 140
828 141
828 142
828 143
828 144
828 145
828 146
828 147
828 148
828 149
828 150
828 151
828 152
828 153
828 154
828 155
828 156
828 157
828 158
829 206
829 207
829 208
829 209
829 210
829 211
829 212
829 213
830 135
830 136
830 137
830 138
830 139
830 140
830 141
830 142
830 143
830 144
830 145
830 146
830 147
830 148
830 149
830 150
830 151
830 152
830 153
830 154
830 155
830 156
830 157
830 158
830 159
830 160
830 161
830 162
830 163
830 164
830 165
832 139
832 140
832 141
832 142
832 143
832 144
832 145
832 146
832 147
832 148
832 149
832 150
832 151
832 152
832 153
832 154
832 155
832 156
832 157
832 158
832 159
832 160
832 161
832 162
832 163
832 164
832 165
832 166
832 167
832 168
832 169
832 170
832 171
832 172
834 143
834 144
834 145
834 146
834 147
834 148
834 149
834 150
834 151
834 152
834 153
834 154
834 155
834 156
834 157
834 158
834 159
834 160
834 161
834 162
834 163
834 164
834 165
834 166
834 167
834 168
834 169
834 170
834 171
834 172
834 173
834 174
834 175
834 176
834 177
834 178
836 147
836 148
836 149
836 150
836 151
836 152
836 153
836 154
836 155
836 156
836 157
836 158
836 159
836 160
836 161
836 162
836 163
836 164
836 165
836 166
836 167
836 168
836 169
836 170
836 171
836 172
836 173
836 174
836 175
836 176
836 177
836 178
836 179
836 180
836 181
836 182
836 183
836 184
838 152
838 153
838 154
838 155
838 156
838 157
838 158
838 159
838 160
838 161
838 162
838 163
838 164
838 165
838 166
838 167
838 168
838 169
838 170
838 171
838 172
838 173
838 174
838 175
838 176
838 177
838 178
838 179
838 180
838 181
838 182
838 183
838 184
838 185
838 186
838 187
838 188
838 189
840 158
840 159
840 160
840 161
840 162
840 163
840 164
840 165
840 166
840 167
840 168
840 169
840 170
840 171
840 172
840 173
840 174
840 175
840 176
840 177
840 178
840 179
840 180
840 181
840 182
840 183
840 184
840 185
840 186
840 187
840 188
840 189
840 190
840 191
840 192
840 193
840 194
842 163
842 164
842 165
842 166
842 167
842 168
842 169
842 170
842 171
842 172
842 173
842 174
842 175
842 176
842 177
842 178
842 179
842 180
842 181
842 182
842 183
842 184
842 185
842 186
842 187
842 188
842 189
842 190
842 191
842 192
842 193
842 194
842 195
842 196
842 197
842 198
842 199
844 169
844 170
844 171
844 172
844 173
844 174
844 175
844 176
844 177
844 178
844 179
844 180
844 181
844 182
844 183
844 184
844 185
844 186
844 187
844 188
844 189
844 190
844 191
844 192
844 193
844 194
844 195
844 196
844 197
844 198
844 199
844 200
844 201
844 202
844 203
846 176
846 177
846 178
846 179
846 180
846 181
846 182
846 183
846 184
846 185
846 186
846 187
846 188
846 189
846 190
846 191
846 192
846 193
846 194
846 195
846 196
846 197
846 198
846 199
846 200
846 201
846 202
846 203
846 204
846 205
846 206
846 207
848 183
848 184
848 185
848 186
848 187
848 188
848 189
848 190
848 191
848 192
848 193
848 194
848 195
848 196
848 197
848 198
848 199
848 200
848 201
848 202
848 203
848 204
848 205
848 206
848 207
848 208
848 209
848 210
849 132
849 133
849 134
849 135
849 136
849 137
849 138
849 139
849 140
849 141
849 142
850 190
850 191
850 192
850 193
850 194
850 195
850 196
850 197
850 198
850 199
850 200
850 201
850 202
850 203
850 204
850 205
850 206
850 207
850 208
850 209
850 210
850 211
850 212
850 213
851 132
851 133
851 134
851 135
851 136
851 137
851 138
851 139
851 140
851 141
851 142
851 143
851 144
851 145
851 146
851 147
851 148
851 149
851 150
851 151
851 152
852 198
852 199
852 200
852 201
852 202
852 203
852 204
852 205
852 206
852 207
852 208
852 209
852 210
852 211
852 212
852 213
852 214
853 134
853 135
853 136
853 137
853 138
853 139
853 140
853 141
853 142
853 143
853 144
853 145
853 146
853 147
853 148
853 149
853 150
853 151
853 152
853 153
853 154
853 155
853 156
853 157
853 158
853 159
853 160
854 209
854 210
854 211
854 212
854 213
855 137
855 138
855 139
855 140
855 141
855 142
855 143
855 144
855 145
855 146
855 147
855 148
855 149
855 150
855 151
855 152
855 153
855 154
855 155
855 156
855 157
855 158
855 159
855 160
855 161
855 162
855 163
855 164
855 165
855 166
855 167
857 140
857 141
857 142
857 143
857 144
857 145
857 146
857 147
857 148
857 149
857 150
857 151
857 152
857 153
857 154
857 155
857 156
857 157
857 158
857 159
857 160
857 161
857 162
857 163
857 164
857 165
857 166
857 167
857 168
857 169
857 170
857 171
857 172
857 173
857 174
859 144
859 145
859 146
859 147
859 148
859 149
859 150
859 151
859 152
859 153
859 154
859 155
859 156
859 157
859 158
859 159
859 160
859 161
859 162
859 163
859 164
859 165
859 166
859 167
859 168
859 169
859 170
859 171
859 172
859 173
859 174
859 175
859 176
859 177
859 178
859 179
859 180
861 149
861 150
861 151
861 152
861 153
861 154
861 155
861 156
861 157
861 158
861 159
861 160
861 161
861 162
861 163
861 164
861 165
861 166
861 167
861 168
861 169
861 170
861 171
861 172
861 173
861 174
861 175
861 176
861 177
861 178
861 179
861 180
861 181
861 182
861 183
861 184
861 185
861 186
863 154
863 155
863 156
863 157
863 158
863 159
863 160
863 161
863 162
863 163
863 164
863 165
863 166
863 167
863 168
863 169
863 170
863 171
863 172
863 173
863 174
863 175
863 176
863 177
863 178
863 179
863 180
863 181
863 182
863 183
863 184
863 185
863 186
863 187
863 188
863 189
863 190
863 191
865 159
865 160
865 161
865 162
865 163
865 164
865 165
865 166
865 167
865 168
865 169
865 170
865 171
865 172
865 173
865 174
865 175
865 176
865 177
865 178
865 179
865 180
865 181
865 182
865 183
865 184
865 185
865 186
865 187
865 188
865 189
865 190
865 191
865 192
865 193
865 194
865 195
865 196
867 165
867 166
867 167
867 168
867 169
867 170
867 171
867 172
867 173
867 174
867 175
867 176
867 177
867 178
867 179
867 180
867 181
867 182
867 183
867 184
867 185
867 186
867 187
867 188
867 189
867 190
867 191
867 192
867 193
867 194
867 195
867 196
867 197
867 198
867 199
867 200
867 201
869 171
869 172
869 173
869 174
869 175
869 176
869 177
869 178
869 179
869 180
869 181
869 182
869 183
869 184
869 185
869 186
869 187
869 188
869 189
869 190
869 191
869 192
869 193
869 194
869 195
869 196
869 197
869 198
869 199
869 200
869 201
869 202
869 203
869 204
869 205
871 178
871 179
871 180
871 181
871 182
871 183
871 184
871 185
871 186
871 187
871 188
871 189
871 190
871 191
871 192
871 193
871 194
871 195
871 196
871 197
871 198
871 199
871 200
871 201
871 202
871 203
871 204
871 205
871 206
871 207
871 208
873 185
873 186
873 187
873 188
873 189
873 190
873 191
873 192
873 193
873 194
873 195
873 196
873 197
873 198
873 199
873 200
873 201
873 202
873 203
873 204
873 205
873 206
873 207
873 208
873 209
873 210
873 211
873 212
874 133
874 134
874 135
874 136
874 137
874 138
874 139
874 140
874 141
874 142
874 143
874 144
875 192
875 193
875 194
875 195
875 196
875 197
875 198
875 199
875 200
875 201
875 202
875 203
875 204
875 205
875 206
875 207
875 208
875 209
875 210
875 211
875 212
875 213
875 214
876 133
876 134
876 135
876 136
876 137
876 138
876 139
876 140
876 141
876 142
876 143
876 144
876 145
876 146
876 147
876 148
876 149
876 150
876 151
876 152
876 153
876 154
877 201
877 202
877 203
877 204
877 205
877 206
877 207
877 208
877 209
877 210
877 211
877 212
877 213
877 214
877 215
877 216
878 135
878 136
878 137
878 138
878 139
878 140
878 141
878 142
878 143
878 144
878 145
878 146
878 147
878 148
878 149
878 150
878 151
878 152
878 153
878 154
878 155
878 156
878 157
878 158
878 159
878 160
878 161
878 162
880 138
880 139
880 140
880 141
880 142
880 143
880 144
880 145
880 146
880 147
880 148
880 149
880 150
880 151
880 152
880 153
880 154
880 155
880 156
880 157
880 158
880 159
880 160
880 161
880 162
880 163
880 164
880 165
880 166
880 167
880 168
880 169
882 142
882 143
882 144
882 145
882 146
882 147
882 148
882 149
882 150
882 151
882 152
882 153
882 154
882 155
882 156
882 157
882 158
882 159
882 160
882 161
882 162
882 163
882 164
882 165
882 166
882 167
882 168
882 169
882 170
882 171
882 172
882 173
882 174
882 175
882 176
884 146
884 147
884 148
884 149
884 150
884 151
884 152
884 153
884 154
884 155
884 156
884 157
884 158
884 159
884 160
884 161
884 162
884 163
884 164
884 165
884 166
884 167
884 168
884 169
884 170
884 171
884 172
884 173
884 174
884 175
884 176
884 177
884 178
884 179
884 180
884 181
884 182
886 151
886 152
886 153
886 154
886 155
886 156
886 157
886 158
886 159
886 160
886 161
886 162
886 163
886 164
886 165
886 166
886 167
886 168
886 169
886 170
886 171
886 172
886 173
886 174
886 175
886 176
886 177
886 178
886 179
886 180
886 181
886 182
886 183
886 184
886 185
886 186
886 187
886 188
888 156
888 157
888 158
888 159
888 160
888 161
888 162
888 163
888 164
888 165
888 166
888 167
888 168
888 169
888 170
888 171
888 172
888 173
888 174
888 175
888 176
888 177
888 178
888 179
888 180
888 181
888 182
888 183
888 184
888 185
888 186
888 187
888 188
888 189
888 190
888 191
888 192
888 193
890 161
890 162
890 163
890 164
890 165
890 166
890 167
890 168
890 169
890 170
890 171
890 172
890 173
890 174
890 175
890 176
890 177
890 178
890 179
890 180
890 181
890 182
890 183
890 184
890 185
890 186
890 187
890 188
890 189
890 190
890 191
890 192
890 193
890 194
890 195
890 196
890 197
890 198
892 167
892 168
892 169
892 170
892 171
892 172
892 173
892 174
892 175
892 176
892 177
892 178
892 179
892 180
892 181
892 182
892 183
892 184
892 185
892 186
892 187
892 188
892 189
892 190
892 191
892 192
892 193
892 194
892 195
892 196
892 197
892 198
892 199
892 200
892 201
892 202
892 203
894 173
894 174
894 175
894 176
894 177
894 178
894 179
894 180
894 181
894 182
894 183
894 184
894 185
894 186
894 187
894 188
894 189
894 190
894 191
894 192
894 193
894 194
894 195
894 196
894 197
894 198
894 199
894 200
894 201
894 202
894 203
894 204
894 205
894 206
894 207
896 180
896 181
896 182
896 183
896 184
896 185
896 186
896 187
896 188
896 189
896 190
896 191
896 192
896 193
896 194
896 195
896 196
896 197
896 198
896 199
896 200
896 201
896 202
896 203
896 204
896 205
896 206
896 207
896 208
896 209
896 210
898 187
898 188
898 189
898 190
898 191
898 192
898 193
898 194
898 195
898 196
898 197
898 198
898 199
898 200
898 201
898 202
898 203
898 204
898 205
898 206
898 207
898 208
898 209
898 210
898 211
898 212
898 213
899 135
899 136
899 137
899 138
899 139
899 140
899 141
899 142
899 143
899 144
899 145
899 146
900 195
900 196
900 197
900 198
900 199
900 200
900 201
900 202
900 203
900 204
900 205
900 206
900 207
900 208
900 209
900 210
900 211
900 212
900 213
900 214
900 215
900 216
901 135
901 136
901 137
901 138
901 139
901 140
901 141
901 142
901 143
901 144
901 145
901 146
901 147
901 148
901 149
901 150
901 151
901 152
901 153
901 154
901 155
901 156
902 203
902 204
902 205
902 206
902 207
902 208
902 209
902 210
902 211
902 212
902 213
902 214
902 215
902 216
902 217
903 137
903 138
903 139
903 140
903 141
903 142
903 143
903 144
903 145
903 146
903 147
903 148
903 149
903 150
903 151
903 152
903 153
903 154
903 155
903 156
903 157
903 158
903 159
903 160
903 161
903 162
903 163
903 164
905 140
905 141
905 142
905 143
905 144
905 145
905 146
905 147
905 148
905 149
905 150
905 151
905 152
905 153
905 154
905 155
905 156
905 157
905 158
905 159
905 160
905 161
905 162
905 163
905 164
905 165
905 166
905 167
905 168
905 169
905 170
905 171
907 143
907 144
907 145
907 146
907 147
907 148
907 149
907 150
907 151
907 152
907 153
907 154
907 155
907 156
907 157
907 158
907 159
907 160
907 161
907 162
907 163
907 164
907 165
907 166
907 167
907 168
907 169
907 170
907 171
907 172
907 173
907 174
907 175
907 176
907 177
907 178
909 147
909 148
909 149
909 150
909 151
909 152
909 153
909 154
909 155
909 156
909 157
909 158
909 159
909 160
909 161
909 162
909 163
909 164
909 165
909 166
909 167
909 168
909 169
909 170
909 171
909 172
909 173
909 174
909 175
909 176
909 177
909 178
909 179
909 180
909 181
909 182
909 183
909 184
911 152
911 153
911 154
911 155
911 156
911 157
911 158
911 159
911 160
911 161
911 162
911 163
911 164
911 165
911 166
911 167
911 168
911 169
911 170
911 171
911 172
911 173
911 174
911 175
911 176
911 177
911 178
911 179
911 180
911 181
911 182
911 183
911 184
911 185
911 186
911 187
911 188
911 189
911 190
913 157
913 158
913 159
913 160
913 161
913 162
913 163
913 164
913 165
913 166
913 167
913 168
913 169
913 170
913 171
913 172
913 173
913 174
913 175
913 176
913 177
913 178
913 179
913 180
913 181
913 182
913 183
913 184
913 185
913 186
913 187
913 188
913 189
913 190
913 191
913 192
913 193
913 194
913 195
915 163
915 164
915 165
915 166
915 167
915 168
915 169
915 170
915 171
915 172
915 173
915 174
915 175
915 176
915 177
915 178
915 179
915 180
915 181
915 182
915 183
915 184
915 185
915 186
915 187
915 188
915 189
915 190
915 191
915 192
915 193
915 194
915 195
915 196
915 197
915 198
915 199
915 200
917 169
917 170
917 171
917 172
917 173
917 174
917 175
917 176
917 177
917 178
917 179
917 180
917 181
917 182
917 183
917 184
917 185
917 186
917 187
917 188
917 189
917 190
917 191
917 192
917 193
917 194
917 195
917 196
917 197
917 198
917 199
917 200
917 201
917 202
917 203
917 204
919 175
919 176
919 177
919 178
919 179
919 180
919 181
919 182
919 183
919 184
919 185
919 186
919 187
919 188
919 189
919 190
919 191
919 192
919 193
919 194
919 195
919 196
919 197
919 198
919 199
919 200
919 201
919 202
919 203
919 204
919 205
919 206
919 207
919 208
921 182
921 183
921 184
921 185
921 186
921 187
921 188
921 189
921 190
921 191
921 192
921 193
921 194
921 195
921 196
921 197
921 198
921 199
921 200
921 201
921 202
921 203
921 204
921 205
921 206
921 207
921 208
921 209
921 210
921 211
921 212
923 189
923 190
923 191
923 192
923 193
923 194
923 195
923 196
923 197
923 198
923 199
923 200
923 201
923 202
923 203
923 204
923 205
923 206
923 207
923 208
923 209
923 210
923 211
923 212
923 213
923 214
923 215
924 136
924 137
924 138
924 139
924 140
924 141
924 142
924 143
924 144
924 145
924 146
924 147
924 148
925 197
925 198
925 199
925 200
925 201
925 202
925 203
925 204
925 205
925 206
925 207
925 208
925 209
925 210
925 211
925 212
925 213
925 214
925 215
925 216
925 217
926 136
926 137
926 138
926 139
926 140
926 141
926 142
926 143
926 144
926 145
926 146
926 147
926 148
926 149
926 150
926 151
926 152
926 153
926 154
926 155
926 156
926 157
926 158
927 206
927 207
927 208
927 209
927 210
927 211
927 212
927 213
927 214
927 215
927 216
927 217
928 138
928 139
928 140
928 141
928 142
928 143
928 144
928 145
928 146
928 147
928 148
928 149
928 150
928 151
928 152
928 153
928 154
928 155
928 156
928 157
928 158
928 159
928 160
928 161
928 162
928 163
928 164
928 165
928 166
930 141
930 142
930 143
930 144
930 145
930 146
930 147
930 148
930 149
930 150
930 151
930 152
930 153
930 154
930 155
930 156
930 157
930 158
930 159
930 160
930 161
930 162
930 163
930 164
930 165
930 166
930 167
930 168
930 169
930 170
930 171
930 172
930 173
932 144
932 145
932 146
932 147
932 148
932 149
932 150
932 151
932 152
932 153
932 154
932 155
932 156
932 157
932 158
932 159
932 160
932 161
932 162
932 163
932 164
932 165
932 166
932 167
932 168
932 169
932 170
932 171
932 172
932 173
932 174
932 175
932 176
932 177
932 178
932 179
932 180
934 149
934 150
934 151
934 152
934 153
934 154
934 155
934 156
934 157
934 158
934 159
934 160
934 161
934 162
934 163
934 164
934 165
934 166
934 167
934 168
934 169
934 170
934 171
934 172
934 173
934 174
934 175
934 176
934 177
934 178
934 179
934 180
934 181
934 182
934 183
934 184
934 185
934 186
936 153
936 154
936 155
936 156
936 157
936 158
936 159
936 160
936 161
936 162
936 163
936 164
936 165
936 166
936 167
936 168
936 169
936 170
936 171
936 172
936 173
936 174
936 175
936 176
936 177
936 178
936 179
936 180
936 181
936 182
936 183
936 184
936 185
936 186
936 187
936 188
936 189
936 190
936 191
936 192
938 159
938 160
938 161
938 162
938 163
938 164
938 165
938 166
938 167
938 168
938 169
938 170
938 171
938 172
938 173
938 174
938 175
938 176
938 177
938 178
938 179
938 180
938 181
938 182
938 183
938 184
938 185
938 186
938 187
938 188
938 189
938 190
938 191
938 192
938 193
938 194
938 195
938 196
938 197
940 164
940 165
940 166
940 167
940 168
940 169
940 170
940 171
940 172
940 173
940 174
940 175
940 176
940 177
940 178
940 179
940 180
940 181
940 182
940 183
940 184
940 185
940 186
940 187
940 188
940 189
940 190
940 191
940 192
940 193
940 194
940 195
940 196
940 197
940 198
940 199
940 200
940 201
940 202
942 171
942 172
942 173
942 174
942 175
942 176
942 177
942 178
942 179
942 180
942 181
942 182
942 183
942 184
942 185
942 186
942 187
942 188
942 189
942 190
942 191
942 192
942 193
942 194
942 195
942 196
942 197
942 198
942 199
942 200
942 201
942 202
942 203
942 204
942 205
942 206
944 177
944 178
944 179
944 180
944 181
944 182
944 183
944 184
944 185
944 186
944 187
944 188
944 189
944 190
944 191
944 192
944 193
944 194
944 195
944 196
944 197
944 198
944 199
944 200
944 201
944 202
944 203
944 204
944 205
944 206
944 207
944 208
944 209
944 210
946 184
946 185
946 186
946 187
946 188
946 189
946 190
946 191
946 192
946 193
946 194
946 195
946 196
946 197
946 198
946 199
946 200
946 201
946 202
946 203
946 204
946 205
946 206
946 207
946 208
946 209
946 210
946 211
946 212
946 213
948 192
948 193
948 194
948 195
948 196
948 197
948 198
948 199
948 200
948 201
948 202
948 203
948 204
948 205
948 206
948 207
948 208
948 209
948 210
948 211
948 212
948 213
948 214
948 215
948 216
949 136
949 137
949 138
949 139
949 140
949 141
949 142
949 143
949 144
949 145
949 146
949 147
949 148
949 149
949 150
950 200
950 201
950 202
950 203
950 204
950 205
950 206
950 207
950 208
950 209
950 210
950 211
950 212
950 213
950 214
950 215
950 216
950 217
950 218
951 137
951 138
951 139
951 140
951 141
951 142
951 143
951 144
951 145
951 146
951 147
951 148
951 149
951 150
951 151
951 152
951 153
951 154
951 155
951 156
951 157
951 158
951 159
951 160
952 211
952 212
952 213
952 214
952 215
952 216
952 217
953 139
953 140
953 141
953 142
953 143
953 144
953 145
953 146
953 147
953 148
953 149
953 150
953 151
953 152
953 153
953 154
953 155
953 156
953 157
953 158
953 159
953 160
953 161
953 162
953 163
953 164
953 165
953 166
953 167
953 168
955 142
955 143
955 144
955 145
955 146
955 147
955 148
955 149
955 150
955 151
955 152
955 153
955 154
955 155
955 156
955 157
955 158
955 159
955 160
955 161
955 162
955 163
955 164
955 165
955 166
955 167
955 168
955 169
955 170
955 171
955 172
955 173
955 174
955 175
957 146
957 147
957 148
957 149
957 150
957 151
957 152
957 153
957 154
957 155
957 156
957 157
957 158
957 159
957 160
957 161
957 162
957 163
957 164
957 165
957 166
957 167
957 168
957 169
957 170
957 171
957 172
957 173
957 174
957 175
957 176
957 177
957 178
957 179
957 180
957 181
957 182
959 150
959 151
959 152
959 153
959 154
959 155
959 156
959 157
959 158
959 159
959 160
959 161
959 162
959 163
959 164
959 165
959 166
959 167
959 168
959 169
959 170
959 171
959 172
959 173
959 174
959 175
959 176
959 177
959 178
959 179
959 180
959 181
959 182
959 183
959 184
959 185
959 186
959 187
959 188
961 155
961 156
961 157
961 158
961 159
961 160
961 161
961 162
961 163
961 164
961 165
961 166
961 167
961 168
961 169
961 170
961 171
961 172
961 173
961 174
961 175
961 176
961 177
961 178
961 179
961 180
961 181
961 182
961 183
961 184
961 185
961 186
961 187
961 188
961 189
961 190
961 191
961 192
961 193
961 194
963 160
963 161
963 162
963 163
963 164
963 165
963 166
963 167
963 168
963 169
963 170
963 171
963 172
963 173
963 174
963 175
963 176
963 177
963 178
963 179
963 180
963 181
963 182
963 183
963 184
963 185
963 186
963 187
963 188
963 189
963 190
963 191
963 192
963 193
963 194
963 195
963 196
963 197
963 198
963 199
965 166
965 167
965 168
965 169
965 170
965 171
965 172
965 173
965 174
965 175
965 176
965 177
965 178
965 179
965 180
965 181
965 182
965 183
965 184
965 185
965 186
965 187
965 188
965 189
965 190
965 191
965 192
965 193
965 194
965 195
965 196
965 197
965 198
965 199
965 200
965 201
965 202
965 203
967 172
967 173
967 174
967 175
967 176
967 177
967 178
967 179
967 180
967 181
967 182
967 183
967 184
967 185
967 186
967 187
967 188
967 189
967 190
967 191
967 192
967 193
967 194
967 195
967 196
967 197
967 198
967 199
967 200
967 201
967 202
967 203
967 204
967 205
967 206
967 207
967 208
969 179
969 180
969 181
969 182
969 183
969 184
969 185
969 186
969 187
969 188
969 189
969 190
969 191
969 192
969 193
969 194
969 195
969 196
969 197
969 198
969 199
969 200
969 201
969 202
969 203
969 204
969 205
969 206
969 207
969 208
969 209
969 210
969 211
971 186
971 187
971 188
971 189
971 190
971 191
971 192
971 193
971 194
971 195
971 196
971 197
971 198
971 199
971 200
971 201
971 202
971 203
971 204
971 205
971 206
971 207
971 208
971 209
971 210
971 211
971 212
971 213
971 214
973 194
973 195
973 196
973 197
973 198
973 199
973 200
973 201
973 202
973 203
973 204
973 205
973 206
973 207
973 208
973 209
973 210
973 211
973 212
973 213
973 214
973 215
973 216
973 217
974 137
974 138
974 139
974 140
974 141
974 142
974 143
974 144
974 145
974 146
974 147
974 148
974 149
974 150
974 151
974 152
974 153
975 203
975 204
975 205
975 206
975 207
975 208
975 209
975 210
975 211
975 212
975 213
975 214
975 215
975 216
975 217
975 218
976 137
976 138
976 139
976 140
976 141
976 142
976 143
976 144
976 145
976 146
976 147
976 148
976 149
976 150
976 151
976 152
976 153
976 154
976 155
976 156
976 157
976 158
976 159
976 160
976 161
976 162
978 140
978 141
978 142
978 143
978 144
978 145
978 146
978 147
978 148
978 149
978 150
978 151
978 152
978 153
978 154
978 155
978 156
978 157
978 158
978 159
978 160
978 161
978 162
978 163
978 164
978 165
978 166
978 167
978 168
978 169
978 170
980 143
980 144
980 145
980 146
980 147
980 148
980 149
980 150
980 151
980 152
980 153
980 154
980 155
980 156
980 157
980 158
980 159
980 160
980 161
980 162
980 163
980 164
980 165
980 166
980 167
980 168
980 169
980 170
980 171
980 172
980 173
980 174
980 175
980 176
980 177
982 147
982 148
982 149
982 150
982 151
982 152
982 153
982 154
982 155
982 156
982 157
982 158
982 159
982 160
982 161
982 162
982 163
982 164
982 165
982 166
982 167
982 168
982 169
982 170
982 171
982 172
982 173
982 174
982 175
982 176
982 177
982 178
982 179
982 180
982 181
982 182
982 183
982 184
984 151
984 152
984 153
984 154
984 155
984 156
984 157
984 158
984 159
984 160
984 161
984 162
984 163
984 164
984 165
984 166
984 167
984 168
984 169
984 170
984 171
984 172
984 173
984 174
984 175
984 176
984 177
984 178
984 179
984 180
984 181
984 182
984 183
984 184
984 185
984 186
984 187
984 188
984 189
984 190
986 156
986 157
986 158
986 159
986 160
986 161
986 162
986 163
986 164
986 165
986 166
986 167
986 168
986 169
986 170
986 171
986 172
986 173
986 174
986 175
986 176
986 177
986 178
986 179
986 180
986 181
986 182
986 183
986 184
986 185
986 186
986 187
986 188
986 189
986 190
986 191
986 192
986 193
986 194
986 195
988 162
988 163
988 164
988 165
988 166
988 167
988 168
988 169
988 170
988 171
988 172
988 173
988 174
988 175
988 176
988 177
988 178
988 179
988 180
988 181
988 182
988 183
988 184
988 185
988 186
988 187
988 188
988 189
988 190
988 191
988 192
988 193
988 194
988 195
988 196
988 197
988 198
988 199
988 200
990 168
990 169
990 170
990 171
990 172
990 173
990 174
990 175
990 176
990 177
990 178
990 179
990 180
990 181
990 182
990 183
990 184
990 185
990 186
990 187
990 188
990 189
990 190
990 191
990 192
990 193
990 194
990 195
990 196
990 197
990 198
990 199
990 200
990 201
990 202
990 203
990 204
990 205
992 175
992 176
992 177
992 178
992 179
992 180
992 181
992 182
992 183
992 184
992 185
992 186
992 187
992 188
992 189
992 190
992 191
992 192
992 193
992 194
992 195
992 196
992 197
992 198
992 199
992 200
992 201
992 202
992 203
992 204
992 205
992 206
992 207
992 208
992 209
994 182
994 183
994 184
994 185
994 186
994 187
994 188
994 189
994 190
994 191
994 192
994 193
994 194
994 195
994 196
994 197
994 198
994 199
994 200
994 201
994 202
994 203
994 204
994 205
994 206
994 207
994 208
994 209
994 210
994 211
994 212
996 189
996 190
996 191
996 192
996 193
996 194
996 195
996 196
996 197
996 198
996 199
996 200
996 201
996 202
996 203
996 204
996 205
996 206
996 207
996 208
996 209
996 210
996 211
996 212
996 213
996 214
996 215
998 197
998 198
998 199
998 200
998 201
998 202
998 203
998 204
998 205
998 206
998 207
998 208
998 209
998 210
998 211
998 212
998 213
998 214
998 215
998 216
998 217
999 137
999 138
999 139
999 140
999 141
999 142
999 143
999 144
999 145
999 146
999 147
999 148
999 149
999 150
999 151
999 152
999 153
999 154
999 155
1000 207
1000 208
1000 209
1000 210
1000 211
1000 212
1000 213
1000 214
1000 215
1000 216
1000 217
1001 138
1001 139
1001 140
1001 141
1001 142
1001 143
1001 144
1001 145
1001 146
1001 147
1001 148
1001 149
1001 150
1001 151
1001 152
1001 153
1001 154
1001 155
1001 156
1001 157
1001 158
1001 159
1001 160
1001 161
1001 162
1001 163
1001 164
1003 140
1003 141
1003 142
1003 143
1003 144
1003 145
1003 146
1003 147
1003 148
1003 149
1003 150
1003 151
1003 152
1003 153
1003 154
1003 155
1003 156
1003 157
1003 158
1003 159
1003 160
1003 161
1003 162
1003 163
1003 164
1003 165
1003 166
1003 167
1003 168
1003 169
1003 170
1003 171
1003 172
1005 144
1005 145
1005 146
1005 147
1005 148
1005 149
1005 150
1005 151
1005 152
1005 153
1005 154
1005 155
1005 156
1005 157
1005 158
1005 159
1005 160
1005 161
1005 162
1005 163
1005 164
1005 165
1005 166
1005 167
1005 168
1005 169
1005 170
1005 171
1005 172
1005 173
1005 174
1005 175
1005 176
1005 177
1005 178
1005 179
1007 148
1007 149
1007 150
1007 151
1007 152
1007 153
1007 154
1007 155
1007 156
1007 157
1007 158
1007 159
1007 160
1007 161
1007 162
1007 163
1007 164
1007 165
1007 166
1007 167
1007 168
1007 169
1007 170
1007 171
1007 172
1007 173
1007 174
1007 175
1007 176
1007 177
1007 178
1007 179
1007 180
1007 181
1007 182
1007 183
1007 184
1007 185
1007 186
1009 153
1009 154
1009 155
1009 156
1009 157
1009 158
1009 159
1009 160
1009 161
1009 162
1009 163
1009 164
1009 165
1009 166
1009 167
1009 168
1009 169
1009 170
1009 171
1009 172
1009 173
1009 174
1009 175
1009 176
1009 177
1009 178
1009 179
1009 180
1009 181
1009 182
1009 183
1009 184
1009 185
1009 186
1009 187
1009 188
1009 189
1009 190
1009 191
1009 192
1011 158
1011 159
1011 160
1011 161
1011 162
1011 163
1011 164
1011 165
1011 166
1011 167
1011 168
1011 169
1011 170
1011 171
1011 172
1011 173
1011 174
1011 175
1011 176
1011 177
1011 178
1011 179
1011 180
1011 181
1011 182
1011 183
1011 184
1011 185
1011 186
1011 187
1011 188
1011 189
1011 190
1011 191
1011 192
1011 193
1011 194
1011 195
1011 196
1011 197
1013 164
1013 165
1013 166
1013 167
1013 168
1013 169
1013 170
1013 171
1013 172
1013 173
1013 174
1013 175
1013 176
1013 177
1013 178
1013 179
1013 180
1013 181
1013 182
1013 183
1013 184
1013 185
1013 186
1013 187
1013 188
1013 189
1013 190
1013 191
1013 192
1013 193
1013 194
1013 195
1013 196
1013 197
1013 198
1013 199
1013 200
1013 201
1013 202
1015 170
1015 171
1015 172
1015 173
1015 174
1015 175
1015 176
1015 177
1015 178
1015 179
1015 180
1015 181
1015 182
1015 183
1015 184
1015 185
1015 186
1015 187
1015 188
1015 189
1015 190
1015 191
1015 192
1015 193
1015 194
1015 195
1015 196
1015 197
1015 198
1015 199
1015 200
1015 201
1015 202
1015 203
1015 204
1015 205
1015 206
1017 177
1017 178
1017 179
1017 180
1017 181
1017 182
1017 183
1017 184
1017 185
1017 186
1017 187
1017 188
1017 189
1017 190
1017 191
1017 192
1017 193
1017 194
1017 195
1017 196
1017 197
1017 198
1017 199
1017 200
1017 201
1017 202
1017 203
1017 204
1017 205
1017 206
1017 207
1017 208
1017 209
1017 210
1019 184
1019 185
1019 186
1019 187
1019 188
1019 189
1019 190
1019 191
1019 192
1019 193
1019 194
1019 195
1019 196
1019 197
1019 198
1019 199
1019 200
1019 201
1019 202
1019 203
1019 204
1019 205
1019 206
1019 207
1019 208
1019 209
1019 210
1019 211
1019 212
1019 213
1021 192
1021 193
1021 194
1021 195
1021 196
1021 197
1021 198
1021 199
1021 200
1021 201
1021 202
1021 203
1021 204
1021 205
1021 206
1021 207
1021 208
1021 209
1021 210
1021 211
1021 212
1021 213
1021 214
1021 215
1021 216
1022 140
1022 141
1022 142
1022 143
1022 144
1022 145
1023 201
1023 202
1023 203
1023 204
1023 205
1023 206
1023 207
1023 208
1023 209
1023 210
1023 211
1023 212
1023 213
1023 214
1023 215
1023 216
1023 217
1024 137
1024 138
1024 139
1024 140
1024 141
1024 142
1024 143
1024 144
1024 145
1024 146
1024 147
1024 148
1024 149
1024 150
1024 151
1024 152
1024 153
1024 154
1024 155
1024 156
1024 157
1024 158
1026 139
1026 140
1026 141
1026 142
1026 143
1026 144
1026 145
1026 146
1026 147
1026 148
1026 149
1026 150
1026 151
1026 152
1026 153
1026 154
1026 155
1026 156
1026 157
1026 158
1026 159
1026 160
1026 161
1026 162
1026 163
1026 164
1026 165
1026 166
1026 167
1028 141
1028 142
1028 143
1028 144
1028 145
1028 146
1028 147
1028 148
1028 149
1028 150
1028 151
1028 152
1028 153
1028 154
1028 155
1028 156
1028 157
1028 158
1028 159
1028 160
1028 161
1028 162
1028 163
1028 164
1028 165
1028 166
1028 167
1028 168
1028 169
1028 170
1028 171
1028 172
1028 173
1028 174
1030 145
1030 146
1030 147
1030 148
1030 149
1030 150
1030 151
1030 152
1030 153
1030 154
1030 155
1030 156
1030 157
1030 158
1030 159
1030 160
1030 161
1030 162
1030 163
1030 164
1030 165
1030 166
1030 167
1030 168
1030 169
1030 170
1030 171
1030 172
1030 173
1030 174
1030 175
1030 176
1030 177
1030 178
1030 179
1030 180
1030 181
1032 149
1032 150
1032 151
1032 152
1032 153
1032 154
1032 155
1032 156
1032 157
1032 158
1032 159
1032 160
1032 161
1032 162
1032 163
1032 164
1032 165
1032 166
1032 167
1032 168
1032 169
1032 170
1032 171
1032 172
1032 173
1032 174
1032 175
1032 176
1032 177
1032 178
1032 179
1032 180
1032 181
1032 182
1032 183
1032 184
1032 185
1032 186
1032 187
1032 188
1034 154
1034 155
1034 156
1034 157
1034 158
1034 159
1034 160
1034 161
1034 162
1034 163
1034 164
1034 165
1034 166
1034 167
1034 168
1034 169
1034 170
1034 171
1034 172
1034 173
1034 174
1034 175
1034 176
1034 177
1034 178
1034 179
1034 180
1034 181
1034 182
1034 183
1034 184
1034 185
1034 186
1034 187
1034 188
1034 189
1034 190
1034 191
1034 192
1034 193
1036 160
1036 161
1036 162
1036 163
1036 164
1036 165
1036 166
1036 167
1036 168
1036 169
1036 170
1036 171
1036 172
1036 173
1036 174
1036 175
1036 176
1036 177
1036 178
1036 179
1036 180
1036 181
1036 182
1036 183
1036 184
1036 185
1036 186
1036 187
1036 188
1036 189
1036 190
1036 191
1036 192
1036 193
1036 194
1036 195
1036 196
1036 197
1036 198
1036 199
1038 166
1038 167
1038 168
1038 169
1038 170
1038 171
1038 172
1038 173
1038 174
1038 175
1038 176
1038 177
1038 178
1038 179
1038 180
1038 181
1038 182
1038 183
1038 184
1038 185
1038 186
1038 187
1038 188
1038 189
1038 190
1038 191
1038 192
1038 193
1038 194
1038 195
1038 196
1038 197
1038 198
1038 199
1038 200
1038 201
1038 202
1038 203
1040 172
1040 173
1040 174
1040 175
1040 176
1040 177
1040 178
1040 179
1040 180
1040 181
1040 182
1040 183
1040 184
1040 185
1040 186
1040 187
1040 188
1040 189
1040 190
1040 191
1040 192
1040 193
1040 194
1040 195
1040 196
1040 197
1040 198
1040 199
1040 200
1040 201
1040 202
1040 203
1040 204
1040 205
1040 206
1040 207
1040 208
1042 179
1042 180
1042 181
1042 182
1042 183
1042 184
1042 185
1042 186
1042 187
1042 188
1042 189
1042 190
1042 191
1042 192
1042 193
1042 194
1042 195
1042 196
1042 197
1042 198
1042 199
1042 200
1042 201
1042 202
1042 203
1042 204
1042 205
1042 206
1042 207
1042 208
1042 209
1042 210
1042 211
1044 187
1044 188
1044 189
1044 190
1044 191
1044 192
1044 193
1044 194
1044 195
1044 196
1044 197
1044 198
1044 199
1044 200
1044 201
1044 202
1044 203
1044 204
1044 205
1044 206
1044 207
1044 208
1044 209
1044 210
1044 211
1044 212
1044 213
1044 214
1046 195
1046 196
1046 197
1046 198
1046 199
1046 200
1046 201
1046 202
1046 203
1046 204
1046 205
1046 206
1046 207
1046 208
1046 209
1046 210
1046 211
1046 212
1046 213
1046 214
1046 215
1046 216
1047 139
1047 140
1047 141
1047 142
1047 143
1047 144
1047 145
1047 146
1047 147
1047 148
1047 149
1048 205
1048 206
1048 207
1048 208
1048 209
1048 210
1048 211
1048 212
1048 213
1048 214
1048 215
1048 216
1049 138
1049 139
1049 140
1049 141
1049 142
1049 143
1049 144
1049 145
1049 146
1049 147
1049 148
1049 149
1049 150
1049 151
1049 152
1049 153
1049 154
1049 155
1049 156
1049 157
1049 158
1049 159
1049 160
1051 139
1051 140
1051 141
1051 142
1051 143
1051 144
1051 145
1051 146
1051 147
1051 148
1051 149
1051 150
1051 151
1051 152
1051 153
1051 154
1051 155
1051 156
1051 157
1051 158
1051 159
1051 160
1051 161
1051 162
1051 163
1051 164
1051 165
1051 166
1051 167
1051 168
1051 169
1053 142
1053 143
1053 144
1053 145
1053 146
1053 147
1053 148
1053 149
1053 150
1053 151
1053 152
1053 153
1053 154
1053 155
1053 156
1053 157
1053 158
1053 159
1053 160
1053 161
1053 162
1053 163
1053 164
1053 165
1053 166
1053 167
1053 168
1053 169
1053 170
1053 171
1053 172
1053 173
1053 174
1053 175
1053 176
1055 146
1055 147
1055 148
1055 149
1055 150
1055 151
1055 152
1055 153
1055 154
1055 155
1055 156
1055 157
1055 158
1055 159
1055 160
1055 161
1055 162
1055 163
1055 164
1055 165
1055 166
1055 167
1055 168
1055 169
1055 170
1055 171
1055 172
1055 173
1055 174
1055 175
1055 176
1055 177
1055 178
1055 179
1055 180
1055 181
1055 182
1055 183
1057 150
1057 151
1057 152
1057 153
1057 154
1057 155
1057 156
1057 157
1057 158
1057 159
1057 160
1057 161
1057 162
1057 163
1057 164
1057 165
1057 166
1057 167
1057 168
1057 169
1057 170
1057 171
1057 172
1057 173
1057 174
1057 175
1057 176
1057 177
1057 178
1057 179
1057 180
1057 181
1057 182
1057 183
1057 184
1057 185
1057 186
1057 187
1057 188
1057 189
1059 156
1059 157
1059 158
1059 159
1059 160
1059 161
1059 162
1059 163
1059 164
1059 165
1059 166
1059 167
1059 168
1059 169
1059 170
1059 171
1059 172
1059 173
1059 174
1059 175
1059 176
1059 177
1059 178
1059 179
1059 180
1059 181
1059 182
1059 183
1059 184
1059 185
1059 186
1059 187
1059 188
1059 189
1059 190
1059 191
1059 192
1059 193
1059 194
1059 195
1061 161
1061 162
1061 163
1061 164
1061 165
1061 166
1061 167
1061 168
1061 169
1061 170
1061 171
1061 172
1061 173
1061 174
1061 175
1061 176
1061 177
1061 178
1061 179
1061 180
1061 181
1061 182
1061 183
1061 184
1061 185
1061 186
1061 187
1061 188
1061 189
1061 190
1061 191
1061 192
1061 193
1061 194
1061 195
1061 196
1061 197
1061 198
1061 199
1061 200
1063 168
1063 169
1063 170
1063 171
1063 172
1063 173
1063 174
1063 175
1063 176
1063 177
1063 178
1063 179
1063 180
1063 181
1063 182
1063 183
1063 184
1063 185
1063 186
1063 187
1063 188
1063 189
1063 190
1063 191
1063 192
1063 193
1063 194
1063 195
1063 196
1063 197
1063 198
1063 199
1063 200
1063 201
1063 202
1063 203
1063 204
1063 205
1065 174
1065 175
1065 176
1065 177
1065 178
1065 179
1065 180
1065 181
1065 182
1065 183
1065 184
1065 185
1065 186
1065 187
1065 188
1065 189
1065 190
1065 191
1065 192
1065 193
1065 194
1065 195
1065 196
1065 197
1065 198
1065 199
1065 200
1065 201
1065 202
1065 203
1065 204
1065 205
1065 206
1065 207
1065 208
1065 209
1067 182
1067 183
1067 184
1067 185
1067 186
1067 187
1067 188
1067 189
1067 190
1067 191
1067 192
1067 193
1067 194
1067 195
1067 196
1067 197
1067 198
1067 199
1067 200
1067 201
1067 202
1067 203
1067 204
1067 205
1067 206
1067 207
1067 208
1067 209
1067 210
1067 211
1067 212
1069 190
1069 191
1069 192
1069 193
1069 194
1069 195
1069 196
1069 197
1069 198
1069 199
1069 200
1069 201
1069 202
1069 203
1069 204
1069 205
1069 206
1069 207
1069 208
1069 209
1069 210
1069 211
1069 212
1069 213
1069 214
1071 199
1071 200
1071 201
1071 202
1071 203
1071 204
1071 205
1071 206
1071 207
1071 208
1071 209
1071 210
1071 211
1071 212
1071 213
1071 214
1071 215
1071 216
1072 138
1072 139
1072 140
1072 141
1072 142
1072 143
1072 144
1072 145
1072 146
1072 147
1072 148
1072 149
1072 150
1072 151
1072 152
1074 138
1074 139
1074 140
1074 141
1074 142
1074 143
1074 144
1074 145
1074 146
1074 147
1074 148
1074 149
1074 150
1074 151
1074 152
1074 153
1074 154
1074 155
1074 156
1074 157
1074 158
1074 159
1074 160
1074 161
1074 162
1076 140
1076 141
1076 142
1076 143
1076 144
1076 145
1076 146
1076 147
1076 148
1076 149
1076 150
1076 151
1076 152
1076 153
1076 154
1076 155
1076 156
1076 157
1076 158
1076 159
1076 160
1076 161
1076 162
1076 163
1076 164
1076 165
1076 166
1076 167
1076 168
1076 169
1076 170
1076 171
1078 143
1078 144
1078 145
1078 146
1078 147
1078 148
1078 149
1078 150
1078 151
1078 152
1078 153
1078 154
1078 155
1078 156
1078 157
1078 158
1078 159
1078 160
1078 161
1078 162
1078 163
1078 164
1078 165
1078 166
1078 167
1078 168
1078 169
1078 170
1078 171
1078 172
1078 173
1078 174
1078 175
1078 176
1078 177
1078 178
1080 147
1080 148
1080 149
1080 150
1080 151
1080 152
1080 153
1080 154
1080 155
1080 156
1080 157
1080 158
1080 159
1080 160
1080 161
1080 162
1080 163
1080 164
1080 165
1080 166
1080 167
1080 168
1080 169
1080 170
1080 171
1080 172
1080 173
1080 174
1080 175
1080 176
1080 177
1080 178
1080 179
1080 180
1080 181
1080 182
1080 183
1080 184
1080 185
1082 152
1082 153
1082 154
1082 155
1082 156
1082 157
1082 158
1082 159
1082 160
1082 161
1082 162
1082 163
1082 164
1082 165
1082 166
1082 167
1082 168
1082 169
1082 170
1082 171
1082 172
1082 173
1082 174
1082 175
1082 176
1082 177
1082 178
1082 179
1082 180
1082 181
1082 182
1082 183
1082 184
1082 185
1082 186
1082 187
1082 188
1082 189
1082 190
1082 191
1084 157
1084 158
1084 159
1084 160
1084 161
1084 162
1084 163
1084 164
1084 165
1084 166
1084 167
1084 168
1084 169
1084 170
1084 171
1084 172
1084 173
1084 174
1084 175
1084 176
1084 177
1084 178
1084 179
1084 180
1084 181
1084 182
1084 183
1084 184
1084 185
1084 186
1084 187
1084 188
1084 189
1084 190
1084 191
1084 192
1084 193
1084 194
1084 195
1084 196
1086 163
1086 164
1086 165
1086 166
1086 167
1086 168
1086 169
1086 170
1086 171
1086 172
1086 173
1086 174
1086 175
1086 176
1086 177
1086 178
1086 179
1086 180
1086 181
1086 182
1086 183
1086 184
1086 185
1086 186
1086 187
1086 188
1086 189
1086 190
1086 191
1086 192
1086 193
1086 194
1086 195
1086 196
1086 197
1086 198
1086 199
1086 200
1086 201
1088 170
1088 171
1088 172
1088 173
1088 174
1088 175
1088 176
1088 177
1088 178
1088 179
1088 180
1088 181
1088 182
1088 183
1088 184
1088 185
1088 186
1088 187
1088 188
1088 189
1088 190
1088 191
1088 192
1088 193
1088 194
1088 195
1088 196
1088 197
1088 198
1088 199
1088 200
1088 201
1088 202
1088 203
1088 204
1088 205
1088 206
1090 177
1090 178
1090 179
1090 180
1090 181
1090 182
1090 183
1090 184
1090 185
1090 186
1090 187
1090 188
1090 189
1090 190
1090 191
1090 192
1090 193
1090 194
1090 195
1090 196
1090 197
1090 198
1090 199
1090 200
1090 201
1090 202
1090 203
1090 204
1090 205
1090 206
1090 207
1090 208
1090 209
1092 185
1092 186
1092 187
1092 188
1092 189
1092 190
1092 191
1092 192
1092 193
1092 194
1092 195
1092 196
1092 197
1092 198
1092 199
1092 200
1092 201
1092 202
1092 203
1092 204
1092 205
1092 206
1092 207
1092 208
1092 209
1092 210
1092 211
1092 212
1094 193
1094 194
1094 195
1094 196
1094 197
1094 198
1094 199
1094 200
1094 201
1094 202
1094 203
1094 204
1094 205
1094 206
1094 207
1094 208
1094 209
1094 210
1094 211
1094 212
1094 213
1094 214
1096 204
1096 205
1096 206
1096 207
1096 208
1096 209
1096 210
1096 211
1096 212
1096 213
1096 214
1097 137
1097 138
1097 139
1097 140
1097 141
1097 142
1097 143
1097 144
1097 145
1097 146
1097 147
1097 148
1097 149
1097 150
1097 151
1097 152
1097 153
1097 154
1097 155
1099 138
1099 139
1099 140
1099 141
1099 142
1099 143
1099 144
1099 145
1099 146
1099 147
1099 148
1099 149
1099 150
1099 151
1099 152
1099 153
1099 154
1099 155
1099 156
1099 157
1099 158
1099 159
1099 160
1099 161
1099 162
1099 163
1099 164
1099 165
1101 141
1101 142
1101 143
1101 144
1101 145
1101 146
1101 147
1101 148
1101 149
1101 150
1101 151
1101 152
1101 153
1101 154
1101 155
1101 156
1101 157
1101 158
1101 159
1101 160
1101 161
1101 162
1101 163
1101 164
1101 165
1101 166
1101 167
1101 168
1101 169
1101 170
1101 171
1101 172
1101 173
1103 144
1103 145
1103 146
1103 147
1103 148
1103 149
1103 150
1103 151
1103 152
1103 153
1103 154
1103 155
1103 156
1103 157
1103 158
1103 159
1103 160
1103 161
1103 162
1103 163
1103 164
1103 165
1103 166
1103 167
1103 168
1103 169
1103 170
1103 171
1103 172
1103 173
1103 174
1103 175
1103 176
1103 177
1103 178
1103 179
1103 180
1105 149
1105 150
1105 151
1105 152
1105 153
1105 154
1105 155
1105 156
1105 157
1105 158
1105 159
1105 160
1105 161
1105 162
1105 163
1105 164
1105 165
1105 166
1105 167
1105 168
1105 169
1105 170
1105 171
1105 172
1105 173
1105 174
1105 175
1105 176
1105 177
1105 178
1105 179
1105 180
1105 181
1105 182
1105 183
1105 184
1105 185
1105 186
1107 154
1107 155
1107 156
1107 157
1107 158
1107 159
1107 160
1107 161
1107 162
1107 163
1107 164
1107 165
1107 166
1107 167
1107 168
1107 169
1107 170
1107 171
1107 172
1107 173
1107 174
1107 175
1107 176
1107 177
1107 178
1107 179
1107 180
1107 181
1107 182
1107 183
1107 184
1107 185
1107 186
1107 187
1107 188
1107 189
1107 190
1107 191
1107 192
1109 159
1109 160
1109 161
1109 162
1109 163
1109 164
1109 165
1109 166
1109 167
1109 168
1109 169
1109 170
1109 171
1109 172
1109 173
1109 174
1109 175
1109 176
1109 177
1109 178
1109 179
1109 180
1109 181
1109 182
1109 183
1109 184
1109 185
1109 186
1109 187
1109 188
1109 189
1109 190
1109 191
1109 192
1109 193
1109 194
1109 195
1109 196
1109 197
1109 198
1111 166
1111 167
1111 168
1111 169
1111 170
1111 171
1111 172
1111 173
1111 174
1111 175
1111 176
1111 177
1111 178
1111 179
1111 180
1111 181
1111 182
1111 183
1111 184
1111 185
1111 186
1111 187
1111 188
1111 189
1111 190
1111 191
1111 192
1111 193
1111 194
1111 195
1111 196
1111 197
1111 198
1111 199
1111 200
1111 201
1111 202
1113 172
1113 173
1113 174
1113 175
1113 176
1113 177
1113 178
1113 179
1113 180
1113 181
1113 182
1113 183
1113 184
1113 185
1113 186
1113 187
1113 188
1113 189
1113 190
1113 191
1113 192
1113 193
1113 194
1113 195
1113 196
1113 197
1113 198
1113 199
1113 200
1113 201
1113 202
1113 203
1113 204
1113 205
1113 206
1115 180
1115 181
1115 182
1115 183
1115 184
1115 185
1115 186
1115 187
1115 188
1115 189
1115 190
1115 191
1115 192
1115 193
1115 194
1115 195
1115 196
1115 197
1115 198
1115 199
1115 200
1115 201
1115 202
1115 203
1115 204
1115 205
1115 206
1115 207
1115 208
1115 209
1115 210
1117 188
1117 189
1117 190
1117 191
1117 192
1117 193
1117 194
1117 195
1117 196
1117 197
1117 198
1117 199
1117 200
1117 201
1117 202
1117 203
1117 204
1117 205
1117 206
1117 207
1117 208
1117 209
1117 210
1117 211
1117 212
1119 198
1119 199
1119 200
1119 201
1119 202
1119 203
1119 204
1119 205
1119 206
1119 207
1119 208
1119 209
1119 210
1119 211
1119 212
1119 213
1120 142
1120 143
1122 137
1122 138
1122 139
1122 140
1122 141
1122 142
1122 143
1122 144
1122 145
1122 146
1122 147
1122 148
1122 149
1122 150
1122 151
1122 152
1122 153
1122 154
1122 155
1122 156
1122 157
1122 158
1124 139
1124 140
1124 141
1124 142
1124 143
1124 144
1124 145
1124 146
1124 147
1124 148
1124 149
1124 150
1124 151
1124 152
1124 153
1124 154
1124 155
1124 156
1124 157
1124 158
1124 159
1124 160
1124 161
1124 162
1124 163
1124 164
1124 165
1124 166
1124 167
1126 142
1126 143
1126 144
1126 145
1126 146
1126 147
1126 148
1126 149
1126 150
1126 151
1126 152
1126 153
1126 154
1126 155
1126 156
1126 157
1126 158
1126 159
1126 160
1126 161
1126 162
1126 163
1126 164
1126 165
1126 166
1126 167
1126 168
1126 169
1126 170
1126 171
1126 172
1126 173
1126 174
1126 175
1128 145
1128 146
1128 147
1128 148
1128 149
1128 150
1128 151
1128 152
1128 153
1128 154
1128 155
1128 156
1128 157
1128 158
1128 159
1128 160
1128 161
1128 162
1128 163
1128 164
1128 165
1128 166
1128 167
1128 168
1128 169
1128 170
1128 171
1128 172
1128 173
1128 174
1128 175
1128 176
1128 177
1128 178
1128 179
1128 180
1128 181
1128 182
1130 150
1130 151
1130 152
1130 153
1130 154
1130 155
1130 156
1130 157
1130 158
1130 159
1130 160
1130 161
1130 162
1130 163
1130 164
1130 165
1130 166
1130 167
1130 168
1130 169
1130 170
1130 171
1130 172
1130 173
1130 174
1130 175
1130 176
1130 177
1130 178
1130 179
1130 180
1130 181
1130 182
1130 183
1130 184
1130 185
1130 186
1130 187
1130 188
1132 156
1132 157
1132 158
1132 159
1132 160
1132 161
1132 162
1132 163
1132 164
1132 165
1132 166
1132 167
1132 168
1132 169
1132 170
1132 171
1132 172
1132 173
1132 174
1132 175
1132 176
1132 177
1132 178
1132 179
1132 180
1132 181
1132 182
1132 183
1132 184
1132 185
1132 186
1132 187
1132 188
1132 189
1132 190
1132 191
1132 192
1132 193
1132 194
1134 162
1134 163
1134 164
1134 165
1134 166
1134 167
1134 168
1134 169
1134 170
1134 171
1134 172
1134 173
1134 174
1134 175
1134 176
1134 177
1134 178
1134 179
1134 180
1134 181
1134 182
1134 183
1134 184
1134 185
1134 186
1134 187
1134 188
1134 189
1134 190
1134 191
1134 192
1134 193
1134 194
1134 195
1134 196
1134 197
1134 198
1134 199
1136 168
1136 169
1136 170
1136 171
1136 172
1136 173
1136 174
1136 175
1136 176
1136 177
1136 178
1136 179
1136 180
1136 181
1136 182
1136 183
1136 184
1136 185
1136 186
1136 187
1136 188
1136 189
1136 190
1136 191
1136 192
1136 193
1136 194
1136 195
1136 196
1136 197
1136 198
1136 199
1136 200
1136 201
1136 202
1136 203
1138 175
1138 176
1138 177
1138 178
1138 179
1138 180
1138 181
1138 182
1138 183
1138 184
1138 185
1138 186
1138 187
1138 188
1138 189
1138 190
1138 191
1138 192
1138 193
1138 194
1138 195
1138 196
1138 197
1138 198
1138 199
1138 200
1138 201
1138 202
1138 203
1138 204
1138 205
1138 206
1138 207
1140 183
1140 184
1140 185
1140 186
1140 187
1140 188
1140 189
1140 190
1140 191
1140 192
1140 193
1140 194
1140 195
1140 196
1140 197
1140 198
1140 199
1140 200
1140 201
1140 202
1140 203
1140 204
1140 205
1140 206
1140 207
1140 208
1140 209
1140 210
1142 192
1142 193
1142 194
1142 195
1142 196
1142 197
1142 198
1142 199
1142 200
1142 201
1142 202
1142 203
1142 204
1142 205
1142 206
1142 207
1142 208
1142 209
1142 210
1142 211
1144 204
1144 205
1144 206
1144 207
1144 208
1144 209
1145 139
1145 140
1145 141
1145 142
1145 143
1145 144
1145 145
1145 146
1145 147
1145 148
1145 149
1147 138
1147 139
1147 140
1147 141
1147 142
1147 143
1147 144
1147 145
1147 146
1147 147
1147 148
1147 149
1147 150
1147 151
1147 152
1147 153
1147 154
1147 155
1147 156
1147 157
1147 158
1147 159
1147 160
1149 140
1149 141
1149 142
1149 143
1149 144
1149 145
1149 146
1149 147
1149 148
1149 149
1149 150
1149 151
1149 152
1149 153
1149 154
1149 155
1149 156
1149 157
1149 158
1149 159
1149 160
1149 161
1149 162
1149 163
1149 164
1149 165
1149 166
1149 167
1149 168
1149 169
1151 143
1151 144
1151 145
1151 146
1151 147
1151 148
1151 149
1151 150
1151 151
1151 152
1151 153
1151 154
1151 155
1151 156
1151 157
1151 158
1151 159
1151 160
1151 161
1151 162
1151 163
1151 164
1151 165
1151 166
1151 167
1151 168
1151 169
1151 170
1151 171
1151 172
1151 173
1151 174
1151 175
1151 176
1153 147
1153 148
1153 149
1153 150
1153 151
1153 152
1153 153
1153 154
1153 155
1153 156
1153 157
1153 158
1153 159
1153 160
1153 161
1153 162
1153 163
1153 164
1153 165
1153 166
1153 167
1153 168
1153 169
1153 170
1153 171
1153 172
1153 173
1153 174
1153 175
1153 176
1153 177
1153 178
1153 179
1153 180
1153 181
1153 182
1153 183
1155 152
1155 153
1155 154
1155 155
1155 156
1155 157
1155 158
1155 159
1155 160
1155 161
1155 162
1155 163
1155 164
1155 165
1155 166
1155 167
1155 168
1155 169
1155 170
1155 171
1155 172
1155 173
1155 174
1155 175
1155 176
1155 177
1155 178
1155 179
1155 180
1155 181
1155 182
1155 183
1155 184
1155 185
1155 186
1155 187
1155 188
1155 189
1157 158
1157 159
1157 160
1157 161
1157 162
1157 163
1157 164
1157 165
1157 166
1157 167
1157 168
1157 169
1157 170
1157 171
1157 172
1157 173
1157 174
1157 175
1157 176
1157 177
1157 178
1157 179
1157 180
1157 181
1157 182
1157 183
1157 184
1157 185
1157 186
1157 187
1157 188
1157 189
1157 190
1157 191
1157 192
1157 193
1157 194
1157 195
1159 164
1159 165
1159 166
1159 167
1159 168
1159 169
1159 170
1159 171
1159 172
1159 173
1159 174
1159 175
1159 176
1159 177
1159 178
1159 179
1159 180
1159 181
1159 182
1159 183
1159 184
1159 185
1159 186
1159 187
1159 188
1159 189
1159 190
1159 191
1159 192
1159 193
1159 194
1159 195
1159 196
1159 197
1159 198
1159 199
1161 171
1161 172
1161 173
1161 174
1161 175
1161 176
1161 177
1161 178
1161 179
1161 180
1161 181
1161 182
1161 183
1161 184
1161 185
1161 186
1161 187
1161 188
1161 189
1161 190
1161 191
1161 192
1161 193
1161 194
1161 195
1161 196
1161 197
1161 198
1161 199
1161 200
1161 201
1161 202
1161 203
1161 204
1163 179
1163 180
1163 181
1163 182
1163 183
1163 184
1163 185
1163 186
1163 187
1163 188
1163 189
1163 190
1163 191
1163 192
1163 193
1163 194
1163 195
1163 196
1163 197
1163 198
1163 199
1163 200
1163 201
1163 202
1163 203
1163 204
1163 205
1163 206
1163 207
1165 187
1165 188
1165 189
1165 190
1165 191
1165 192
1165 193
1165 194
1165 195
1165 196
1165 197
1165 198
1165 199
1165 200
1165 201
1165 202
1165 203
1165 204
1165 205
1165 206
1165 207
1165 208
1165 209
1167 197
1167 198
1167 199
1167 200
1167 201
1167 202
1167 203
1167 204
1167 205
1167 206
1167 207
1167 208
1167 209
1170 138
1170 139
1170 140
1170 141
1170 142
1170 143
1170 144
1170 145
1170 146
1170 147
1170 148
1170 149
1170 150
1170 151
1170 152
1172 138
1172 139
1172 140
1172 141
1172 142
1172 143
1172 144
1172 145
1172 146
1172 147
1172 148
1172 149
1172 150
1172 151
1172 152
1172 153
1172 154
1172 155
1172 156
1172 157
1172 158
1172 159
1172 160
1172 161
1172 162
1174 141
1174 142
1174 143
1174 144
1174 145
1174 146
1174 147
1174 148
1174 149
1174 150
1174 151
1174 152
1174 153
1174 154
1174 155
1174 156
1174 157
1174 158
1174 159
1174 160
1174 161
1174 162
1174 163
1174 164
1174 165
1174 166
1174 167
1174 168
1174 169
1174 170
1174 171
1176 144
1176 145
1176 146
1176 147
1176 148
1176 149
1176 150
1176 151
1176 152
1176 153
1176 154
1176 155
1176 156
1176 157
1176 158
1176 159
1176 160
1176 161
1176 162
1176 163
1176 164
1176 165
1176 166
1176 167
1176 168
1176 169
1176 170
1176 171
1176 172
1176 173
1176 174
1176 175
1176 176
1176 177
1176 178
1178 149
1178 150
1178 151
1178 152
1178 153
1178 154
1178 155
1178 156
1178 157
1178 158
1178 159
1178 160
1178 161
1178 162
1178 163
1178 164
1178 165
1178 166
1178 167
1178 168
1178 169
1178 170
1178 171
1178 172
1178 173
1178 174
1178 175
1178 176
1178 177
1178 178
1178 179
1178 180
1178 181
1178 182
1178 183
1178 184
1180 154
1180 155
1180 156
1180 157
1180 158
1180 159
1180 160
1180 161
1180 162
1180 163
1180 164
1180 165
1180 166
1180 167
1180 168
1180 169
1180 170
1180 171
1180 172
1180 173
1180 174
1180 175
1180 176
1180 177
1180 178
1180 179
1180 180
1180 181
1180 182
1180 183
1180 184
1180 185
1180 186
1180 187
1180 188
1180 189
1180 190
1182 160
1182 161
1182 162
1182 163
1182 164
1182 165
1182 166
1182 167
1182 168
1182 169
1182 170
1182 171
1182 172
1182 173
1182 174
1182 175
1182 176
1182 177
1182 178
1182 179
1182 180
1182 181
1182 182
1182 183
1182 184
1182 185
1182 186
1182 187
1182 188
1182 189
1182 190
1182 191
1182 192
1182 193
1182 194
1182 195
1184 167
1184 168
1184 169
1184 170
1184 171
1184 172
1184 173
1184 174
1184 175
1184 176
1184 177
1184 178
1184 179
1184 180
1184 181
1184 182
1184 183
1184 184
1184 185
1184 186
1184 187
1184 188
1184 189
1184 190
1184 191
1184 192
1184 193
1184 194
1184 195
1184 196
1184 197
1184 198
1184 199
1184 200
1186 174
1186 175
1186 176
1186 177
1186 178
1186 179
1186 180
1186 181
1186 182
1186 183
1186 184
1186 185
1186 186
1186 187
1186 188
1186 189
1186 190
1186 191
1186 192
1186 193
1186 194
1186 195
1186 196
1186 197
1186 198
1186 199
1186 200
1186 201
1186 202
1186 203
1186 204
1188 182
1188 183
1188 184
1188 185
1188 186
1188 187
1188 188
1188 189
1188 190
1188 191
1188 192
1188 193
1188 194
1188 195
1188 196
1188 197
1188 198
1188 199
1188 200
1188 201
1188 202
1188 203
1188 204
1188 205
1188 206
1190 192
1190 193
1190 194
1190 195
1190 196
1190 197
1190 198
1190 199
1190 200
1190 201
1190 202
1190 203
1190 204
1190 205
1190 206
1190 207
1195 138
1195 139
1195 140
1195 141
1195 142
1195 143
1195 144
1195 145
1195 146
1195 147
1195 148
1195 149
1195 150
1195 151
1195 152
1195 153
1195 154
1195 155
1197 139
1197 140
1197 141
1197 142
1197 143
1197 144
1197 145
1197 146
1197 147
1197 148
1197 149
1197 150
1197 151
1197 152
1197 153
1197 154
1197 155
1197 156
1197 157
1197 158
1197 159
1197 160
1197 161
1197 162
1197 163
1197 164
1199 142
1199 143
1199 144
1199 145
1199 146
1199 147
1199 148
1199 149
1199 150
1199 151
1199 152
1199 153
1199 154
1199 155
1199 156
1199 157
1199 158
1199 159
1199 160
1199 161
1199 162
1199 163
1199 164
1199 165
1199 166
1199 167
1199 168
1199 169
1199 170
1199 171
1199 172
1201 146
1201 147
1201 148
1201 149
1201 150
1201 151
1201 152
1201 153
1201 154
1201 155
1201 156
1201 157
1201 158
1201 159
1201 160
1201 161
1201 162
1201 163
1201 164
1201 165
1201 166
1201 167
1201 168
1201 169
1201 170
1201 171
1201 172
1201 173
1201 174
1201 175
1201 176
1201 177
1201 178
1201 179
1203 151
1203 152
1203 153
1203 154
1203 155
1203 156
1203 157
1203 158
1203 159
1203 160
1203 161
1203 162
1203 163
1203 164
1203 165
1203 166
1203 167
1203 168
1203 169
1203 170
1203 171
1203 172
1203 173
1203 174
1203 175
1203 176
1203 177
1203 178
1203 179
1203 180
1203 181
1203 182
1203 183
1203 184
1203 185
1205 157
1205 158
1205 159
1205 160
1205 161
1205 162
1205 163
1205 164
1205 165
1205 166
1205 167
1205 168
1205 169
1205 170
1205 171
1205 172
1205 173
1205 174
1205 175
1205 176
1205 177
1205 178
1205 179
1205 180
1205 181
1205 182
1205 183
1205 184
1205 185
1205 186
1205 187
1205 188
1205 189
1205 190
1205 191
1207 163
1207 164
1207 165
1207 166
1207 167
1207 168
1207 169
1207 170
1207 171
1207 172
1207 173
1207 174
1207 175
1207 176
1207 177
1207 178
1207 179
1207 180
1207 181
1207 182
1207 183
1207 184
1207 185
1207 186
1207 187
1207 188
1207 189
1207 190
1207 191
1207 192
1207 193
1207 194
1207 195
1207 196
1209 170
1209 171
1209 172
1209 173
1209 174
1209 175
1209 176
1209 177
1209 178
1209 179
1209 180
1209 181
1209 182
1209 183
1209 184
1209 185
1209 186
1209 187
1209 188
1209 189
1209 190
1209 191
1209 192
1209 193
1209 194
1209 195
1209 196
1209 197
1209 198
1209 199
1209 200
1211 178
1211 179
1211 180
1211 181
1211 182
1211 183
1211 184
1211 185
1211 186
1211 187
1211 188
1211 189
1211 190
1211 191
1211 192
1211 193
1211 194
1211 195
1211 196
1211 197
1211 198
1211 199
1211 200
1211 201
1211 202
1211 203
1213 187
1213 188
1213 189
1213 190
1213 191
1213 192
1213 193
1213 194
1213 195
1213 196
1213 197
1213 198
1213 199
1213 200
1213 201
1213 202
1213 203
1213 204
1213 205
1220 139
1220 140
1220 141
1220 142
1220 143
1220 144
1220 145
1220 146
1220 147
1220 148
1220 149
1220 150
1220 151
1220 152
1220 153
1220 154
1220 155
1220 156
1220 157
1222 141
1222 142
1222 143
1222 144
1222 145
1222 146
1222 147
1222 148
1222 149
1222 150
1222 151
1222 152
1222 153
1222 154
1222 155
1222 156
1222 157
1222 158
1222 159
1222 160
1222 161
1222 162
1222 163
1222 164
1222 165
1222 166
1224 144
1224 145
1224 146
1224 147
1224 148
1224 149
1224 150
1224 151
1224 152
1224 153
1224 154
1224 155
1224 156
1224 157
1224 158
1224 159
1224 160
1224 161
1224 162
1224 163
1224 164
1224 165
1224 166
1224 167
1224 168
1224 169
1224 170
1224 171
1224 172
1224 173
1226 149
1226 150
1226 151
1226 152
1226 153
1226 154
1226 155
1226 156
1226 157
1226 158
1226 159
1226 160
1226 161
1226 162
1226 163
1226 164
1226 165
1226 166
1226 167
1226 168
1226 169
1226 170
1226 171
1226 172
1226 173
1226 174
1226 175
1226 176
1226 177
1226 178
1226 179
1226 180
1228 154
1228 155
1228 156
1228 157
1228 158
1228 159
1228 160
1228 161
1228 162
1228 163
1228 164
1228 165
1228 166
1228 167
1228 168
1228 169
1228 170
1228 171
1228 172
1228 173
1228 174
1228 175
1228 176
1228 177
1228 178
1228 179
1228 180
1228 181
1228 182
1228 183
1228 184
1228 185
1228 186
1230 160
1230 161
1230 162
1230 163
1230 164
1230 165
1230 166
1230 167
1230 168
1230 169
1230 170
1230 171
1230 172
1230 173
1230 174
1230 175
1230 176
1230 177
1230 178
1230 179
1230 180
1230 181
1230 182
1230 183
1230 184
1230 185
1230 186
1230 187
1230 188
1230 189
1230 190
1230 191
1232 166
1232 167
1232 168
1232 169
1232 170
1232 171
1232 172
1232 173
1232 174
1232 175
1232 176
1232 177
1232 178
1232 179
1232 180
1232 181
1232 182
1232 183
1232 184
1232 185
1232 186
1232 187
1232 188
1232 189
1232 190
1232 191
1232 192
1232 193
1232 194
1232 195
1232 196
1234 174
1234 175
1234 176
1234 177
1234 178
1234 179
1234 180
1234 181
1234 182
1234 183
1234 184
1234 185
1234 186
1234 187
1234 188
1234 189
1234 190
1234 191
1234 192
1234 193
1234 194
1234 195
1234 196
1234 197
1234 198
1234 199
1236 182
1236 183
1236 184
1236 185
1236 186
1236 187
1236 188
1236 189
1236 190
1236 191
1236 192
1236 193
1236 194
1236 195
1236 196
1236 197
1236 198
1236 199
1236 200
1236 201
1238 194
1238 195
1238 196
1238 197
1238 198
1238 199
1238 200
1245 141
1245 142
1245 143
1245 144
1245 145
1245 146
1245 147
1245 148
1245 149
1245 150
1245 151
1245 152
1245 153
1245 154
1245 155
1245 156
1245 157
1245 158
1247 143
1247 144
1247 145
1247 146
1247 147
1247 148
1247 149
1247 150
1247 151
1247 152
1247 153
1247 154
1247 155
1247 156
1247 157
1247 158
1247 159
1247 160
1247 161
1247 162
1247 163
1247 164
1247 165
1247 166
1247 167
1249 147
1249 148
1249 149
1249 150
1249 151
1249 152
1249 153
1249 154
1249 155
1249 156
1249 157
1249 158
1249 159
1249 160
1249 161
1249 162
1249 163
1249 164
1249 165
1249 166
1249 167
1249 168
1249 169
1249 170
1249 171
1249 172
1249 173
1249 174
1251 151
1251 152
1251 153
1251 154
1251 155
1251 156
1251 157
1251 158
1251 159
1251 160
1251 161
1251 162
1251 163
1251 164
1251 165
1251 166
1251 167
1251 168
1251 169
1251 170
1251 171
1251 172
1251 173
1251 174
1251 175
1251 176
1251 177
1251 178
1251 179
1251 180
1251 181
1253 157
1253 158
1253 159
1253 160
1253 161
1253 162
1253 163
1253 164
1253 165
1253 166
1253 167
1253 168
1253 169
1253 170
1253 171
1253 172
1253 173
1253 174
1253 175
1253 176
1253 177
1253 178
1253 179
1253 180
1253 181
1253 182
1253 183
1253 184
1253 185
1253 186
1255 163
1255 164
1255 165
1255 166
1255 167
1255 168
1255 169
1255 170
1255 171
1255 172
1255 173
1255 174
1255 175
1255 176
1255 177
1255 178
1255 179
1255 180
1255 181
1255 182
1255 183
1255 184
1255 185
1255 186
1255 187
1255 188
1255 189
1255 190
1255 191
1257 170
1257 171
1257 172
1257 173
1257 174
1257 175
1257 176
1257 177
1257 178
1257 179
1257 180
1257 181
1257 182
1257 183
1257 184
1257 185
1257 186
1257 187
1257 188
1257 189
1257 190
1257 191
1257 192
1257 193
1257 194
1257 195
1259 178
1259 179
1259 180
1259 181
1259 182
1259 183
1259 184
1259 185
1259 186
1259 187
1259 188
1259 189
1259 190
1259 191
1259 192
1259 193
1259 194
1259 195
1259 196
1259 197
1259 198
1261 189
1261 190
1261 191
1261 192
1261 193
1261 194
1261 195
1261 196
1261 197
1261 198
1270 143
1270 144
1270 145
1270 146
1270 147
1270 148
1270 149
1270 150
1270 151
1270 152
1270 153
1270 154
1270 155
1270 156
1270 157
1270 158
1270 159
1272 145
1272 146
1272 147
1272 148
1272 149
1272 150
1272 151
1272 152
1272 153
1272 154
1272 155
1272 156
1272 157
1272 158
1272 159
1272 160
1272 161
1272 162
1272 163
1272 164
1272 165
1272 166
1272 167
1272 168
1274 149
1274 150
1274 151
1274 152
1274 153
1274 154
1274 155
1274 156
1274 157
1274 158
1274 159
1274 160
1274 161
1274 162
1274 163
1274 164
1274 165
1274 166
1274 167
1274 168
1274 169
1274 170
1274 171
1274 172
1274 173
1274 174
1274 175
1276 154
1276 155
1276 156
1276 157
1276 158
1276 159
1276 160
1276 161
1276 162
1276 163
1276 164
1276 165
1276 166
1276 167
1276 168
1276 169
1276 170
1276 171
1276 172
1276 173
1276 174
1276 175
1276 176
1276 177
1276 178
1276 179
1276 180
1276 181
1278 160
1278 161
1278 162
1278 163
1278 164
1278 165
1278 166
1278 167
1278 168
1278 169
1278 170
1278 171
1278 172
1278 173
1278 174
1278 175
1278 176
1278 177
1278 178
1278 179
1278 180
1278 181
1278 182
1278 183
1278 184
1278 185
1278 186
1280 167
1280 168
1280 169
1280 170
1280 171
1280 172
1280 173
1280 174
1280 175
1280 176
1280 177
1280 178
1280 179
1280 180
1280 181
1280 182
1280 183
1280 184
1280 185
1280 186
1280 187
1280 188
1280 189
1280 190
1282 175
1282 176
1282 177
1282 178
1282 179
1282 180
1282 181
1282 182
1282 183
1282 184
1282 185
1282 186
1282 187
1282 188
1282 189
1282 190
1282 191
1282 192
1282 193
1284 185
1284 186
1284 187
1284 188
1284 189
1284 190
1284 191
1284 192
1284 193
1284 194
1295 146
1295 147
1295 148
1295 149
1295 150
1295 151
1295 152
1295 153
1295 154
1295 155
1295 156
1295 157
1295 158
1295 159
1295 160
1297 149
1297 150
1297 151
1297 152
1297 153
1297 154
1297 155
1297 156
1297 157
1297 158
1297 159
1297 160
1297 161
1297 162
1297 163
1297 164
1297 165
1297 166
1297 167
1297 168
1299 153
1299 154
1299 155
1299 156
1299 157
1299 158
1299 159
1299 160
1299 161
1299 162
1299 163
1299 164
1299 165
1299 166
1299 167
1299 168
1299 169
1299 170
1299 171
1299 172
1299 173
1299 174
1299 175
1301 158
1301 159
1301 160
1301 161
1301 162
1301 163
1301 164
1301 165
1301 166
1301 167
1301 168
1301 169
1301 170
1301 171
1301 172
1301 173
1301 174
1301 175
1301 176
1301 177
1301 178
1301 179
1301 180
1303 165
1303 166
1303 167
1303 168
1303 169
1303 170
1303 171
1303 172
1303 173
1303 174
1303 175
1303 176
1303 177
1303 178
1303 179
1303 180
1303 181
1303 182
1303 183
1303 184
1303 185
1305 172
1305 173
1305 174
1305 175
1305 176
1305 177
1305 178
1305 179
1305 180
1305 181
1305 182
1305 183
1305 184
1305 185
1305 186
1305 187
1305 188
1307 182
1307 183
1307 184
1307 185
1307 186
1307 187
1307 188
1320 150
1320 151
1320 152
1320 153
1320 154
1320 155
1320 156
1320 157
1320 158
1320 159
1322 153
1322 154
1322 155
1322 156
1322 157
1322 158
1322 159
1322 160
1322 161
1322 162
1322 163
1322 164
1322 165
1322 166
1322 167
1324 157
1324 158
1324 159
1324 160
1324 161
1324 162
1324 163
1324 164
1324 165
1324 166
1324 167
1324 168
1324 169
1324 170
1324 171
1324 172
1324 173
1326 163
1326 164
1326 165
1326 166
1326 167
1326 168
1326 169
1326 170
1326 171
1326 172
1326 173
1326 174
1326 175
1326 176
1326 177
1326 178
1328 171
1328 172
1328 173
1328 174
1328 175
1328 176
1328 177
1328 178
1328 179
1328 180
1328 181
1328 182
1349 166
1349 167
1349 168
