0 447
0 448
0 449
0 450
0 451
0 452
0 453
0 454
1 14
1 15
1 16
1 17
1 18
1 19
1 415
1 416
1 417
1 418
1 419
1 420
1 421
1 422
1 423
1 424
1 425
1 426
1 427
1 428
1 429
1 430
1 431
4 434
4 435
4 436
4 437
4 438
4 439
4 440
4 441
4 442
4 443
4 444
4 445
4 446
4 447
4 448
5 5
5 6
5 7
5 8
5 9
5 406
5 407
5 408
5 409
5 410
5 411
5 412
5 413
5 414
5 415
5 416
5 417
5 418
5 419
5 420
5 421
8 423
8 424
8 425
8 426
8 427
8 428
8 429
8 430
8 431
8 432
8 433
8 434
8 435
8 436
8 437
8 438
8 439
9 399
9 400
9 401
9 402
9 403
9 404
9 405
9 406
9 407
9 408
11 445
11 446
11 447
11 448
11 449
11 450
11 451
11 452
11 453
12 12
12 13
12 14
12 15
12 16
12 17
12 18
12 414
12 415
12 416
12 417
12 418
12 419
12 420
12 421
12 422
12 423
12 424
12 425
12 426
12 427
12 428
12 429
12 430
15 433
15 434
15 435
15 436
15 437
15 438
15 439
15 440
15 441
15 442
15 443
15 444
15 445
15 446
16 4
16 5
16 6
16 7
16 8
16 405
16 406
16 407
16 408
16 409
16 410
16 411
16 412
16 413
16 414
16 415
16 416
16 417
16 418
16 419
19 422
19 423
19 424
19 425
19 426
19 427
19 428
19 429
19 430
19 431
19 432
19 433
19 434
19 435
19 436
19 437
19 438
20 399
20 400
20 401
20 402
20 403
20 404
20 405
20 406
22 444
22 445
22 446
22 447
22 448
22 449
22 450
22 451
22 452
23 11
23 12
23 13
23 14
23 15
23 16
23 17
23 413
23 414
23 415
23 416
23 417
23 418
23 419
23 420
23 421
23 422
23 423
23 424
23 425
23 426
23 427
23 428
26 432
26 433
26 434
26 435
26 436
26 437
26 438
26 439
26 440
26 441
26 442
26 443
26 444
26 445
27 3
27 4
27 5
27 6
27 405
27 406
27 407
27 408
27 409
27 410
27 411
27 412
27 413
27 414
27 415
27 416
27 417
30 21
30 22
30 23
30 24
30 421
30 422
30 423
30 424
30 425
30 426
30 427
30 428
30 429
30 430
30 431
30 432
30 433
30 434
30 435
30 436
31 400
31 401
31 402
33 442
33 443
33 444
33 445
33 446
33 447
33 448
33 449
33 450
34 10
34 11
34 12
34 13
34 14
34 15
34 16
34 412
34 413
34 414
34 415
34 416
34 417
34 418
34 419
34 420
34 421
34 422
34 423
34 424
34 425
34 426
37 430
37 431
37 432
37 433
37 434
37 435
37 436
37 437
37 438
37 439
37 440
37 441
37 442
37 443
38 404
38 405
38 406
38 407
38 408
38 409
38 410
38 411
38 412
38 413
38 414
41 19
41 20
41 21
41 22
41 23
41 420
41 421
41 422
41 423
41 424
41 425
41 426
41 427
41 428
41 429
41 430
41 431
41 432
41 433
41 434
44 441
44 442
44 443
44 444
44 445
44 446
44 447
44 448
44 449
45 8
45 9
45 10
45 11
45 12
45 13
45 14
45 411
45 412
45 413
45 414
45 415
45 416
45 417
45 418
45 419
45 420
45 421
45 422
45 423
45 424
48 429
48 430
48 431
48 432
48 433
48 434
48 435
48 436
48 437
48 438
48 439
48 440
48 441
48 442
49 404
49 405
49 406
49 407
49 408
49 409
49 410
49 411
49 412
52 17
52 18
52 19
52 20
52 21
52 22
52 419
52 420
52 421
52 422
52 423
52 424
52 425
52 426
52 427
52 428
52 429
52 430
52 431
52 432
52 433
55 440
55 441
55 442
55 443
55 444
55 445
55 446
55 447
55 448
56 7
56 8
56 9
56 10
56 11
56 12
56 13
56 410
56 411
56 412
56 413
56 414
56 415
56 416
56 417
56 418
56 419
56 420
56 421
56 422
59 428
59 429
59 430
59 431
59 432
59 433
59 434
59 435
59 436
59 437
59 438
59 439
59 440
60 404
60 405
60 406
60 407
60 408
60 409
63 16
63 17
63 18
63 19
63 20
63 21
63 418
63 419
63 420
63 421
63 422
63 423
63 424
63 425
63 426
63 427
63 428
63 429
63 430
63 431
66 439
66 440
66 441
66 442
66 443
66 444
66 445
66 446
67 6
67 7
67 8
67 9
67 10
67 11
67 12
67 410
67 411
67 412
67 413
67 414
67 415
67 416
67 417
67 418
67 419
67 420
70 427
70 428
70 429
70 430
70 431
70 432
70 433
70 434
70 435
70 436
70 437
70 438
74 14
74 15
74 16
74 17
74 18
74 19
74 20
74 418
74 419
74 420
74 421
74 422
74 423
74 424
74 425
74 426
74 427
74 428
74 429
77 437
77 438
77 439
77 440
77 441
77 442
77 443
77 444
78 5
78 6
78 7
78 8
78 9
78 10
78 410
78 411
78 412
78 413
78 414
78 415
78 416
78 417
78 418
81 426
81 427
81 428
81 429
81 430
81 431
81 432
81 433
81 434
81 435
81 436
81 437
85 13
85 14
85 15
85 16
85 17
85 18
85 19
85 417
85 418
85 419
85 420
85 421
85 422
85 423
85 424
85 425
85 426
85 427
88 436
88 437
88 438
88 439
88 440
88 441
88 442
88 443
89 5
89 6
89 7
89 8
89 410
89 411
89 412
89 413
89 414
89 415
92 24
92 25
92 425
92 426
92 427
92 428
92 429
92 430
92 431
92 432
92 433
92 434
92 435
96 12
96 13
96 14
96 15
96 16
96 17
96 18
96 416
96 417
96 418
96 419
96 420
96 421
96 422
96 423
96 424
96 425
99 436
99 437
99 438
99 439
99 440
99 441
100 4
100 5
100 6
103 22
103 23
103 24
103 25
103 425
103 426
103 427
103 428
103 429
103 430
103 431
103 432
103 433
107 11
107 12
107 13
107 14
107 15
107 16
107 17
107 416
107 417
107 418
107 419
107 420
107 421
107 422
110 435
110 436
110 437
110 438
110 439
114 20
114 21
114 22
114 23
114 24
114 424
114 425
114 426
114 427
114 428
114 429
114 430
114 431
118 9
118 10
118 11
118 12
118 13
118 14
118 15
118 417
118 418
118 419
121 435
121 436
125 18
125 19
125 20
125 21
125 22
125 23
125 424
125 425
125 426
125 427
125 428
129 8
129 9
129 10
129 11
129 12
129 13
129 14
136 17
136 18
136 19
136 20
136 21
136 22
140 7
140 8
140 9
140 10
140 11
140 12
147 15
147 16
147 17
147 18
147 19
147 20
147 21
151 7
151 8
151 9
151 10
151 11
158 14
158 15
158 16
158 17
158 18
158 19
158 20
162 6
162 7
162 8
162 9
165 24
165 25
165 26
169 13
169 14
169 15
169 16
169 17
169 18
169 19
173 6
173 7
176 22
176 23
176 24
176 25
176 26
180 12
180 13
180 14
180 15
180 16
180 17
187 21
187 22
187 23
187 24
187 25
191 11
191 12
191 13
191 14
191 15
191 16
198 19
198 20
198 21
198 22
198 23
198 24
202 10
202 11
202 12
202 13
202 14
202 15
209 18
209 19
209 20
209 21
209 22
209 23
213 9
213 10
213 11
213 12
213 13
220 16
220 17
220 18
220 19
220 20
220 21
220 22
224 8
224 9
224 10
224 11
231 15
231 16
231 17
231 18
231 19
231 20
231 21
235 7
235 8
235 9
235 10
238 25
238 26
238 27
238 28
242 14
242 15
242 16
242 17
242 18
242 19
242 20
249 23
249 24
249 25
249 26
249 27
253 13
253 14
253 15
253 16
253 17
253 18
260 22
260 23
260 24
260 25
260 26
264 12
264 13
264 14
264 15
264 16
264 17
271 20
271 21
271 22
271 23
271 24
271 25
275 11
275 12
275 13
275 14
275 15
275 16
282 19
282 20
282 21
282 22
282 23
282 24
286 10
286 11
286 12
286 13
286 14
293 18
293 19
293 20
293 21
293 22
293 23
297 9
297 10
297 11
297 12
300 28
300 29
304 16
304 17
304 18
304 19
304 20
304 21
304 22
308 9
308 10
308 11
311 26
311 27
311 28
311 29
315 15
315 16
315 17
315 18
315 19
315 20
315 21
322 24
322 25
322 26
322 27
322 28
326 14
326 15
326 16
326 17
326 18
326 19
333 23
333 24
333 25
333 26
333 27
337 13
337 14
337 15
337 16
337 17
337 18
344 22
344 23
344 24
344 25
344 26
348 12
348 13
348 14
348 15
348 16
348 17
355 20
355 21
355 22
355 23
355 24
355 25
359 11
359 12
359 13
359 14
359 15
366 19
366 20
366 21
366 22
366 23
366 24
370 11
370 12
370 13
370 14
373 29
373 30
373 31
377 18
377 19
377 20
377 21
377 22
377 23
381 10
381 11
381 12
384 27
384 28
384 29
384 30
384 31
388 17
388 18
388 19
388 20
388 21
388 22
395 26
395 27
395 28
395 29
395 30
399 16
399 17
399 18
399 19
399 20
399 21
406 24
406 25
406 26
406 27
406 28
406 29
410 15
410 16
410 17
410 18
410 19
417 23
417 24
417 25
417 26
417 27
417 28
421 14
421 15
421 16
421 17
421 18
428 22
428 23
428 24
428 25
428 26
428 27
432 13
432 14
432 15
432 16
435 32
435 33
439 20
439 21
439 22
439 23
439 24
439 25
439 26
443 12
443 13
443 14
443 15
446 30
446 31
446 32
446 33
450 19
450 20
450 21
450 22
450 23
450 24
450 25
454 11
454 12
454 13
457 28
457 29
457 30
457 31
457 32
461 18
461 19
461 20
461 21
461 22
461 23
468 27
468 28
468 29
468 30
468 31
472 17
472 18
472 19
472 20
472 21
472 22
479 25
479 26
479 27
479 28
479 29
479 30
479 31
483 16
483 17
483 18
483 19
483 20
483 21
490 24
490 25
490 26
490 27
490 28
490 29
490 30
494 15
494 16
494 17
494 18
494 19
494 20
497 35
497 36
501 23
501 24
501 25
501 26
501 27
501 28
505 14
505 15
505 16
505 17
505 18
508 33
508 34
508 35
508 36
512 22
512 23
512 24
512 25
512 26
512 27
516 13
516 14
516 15
516 16
516 17
519 31
519 32
519 33
519 34
519 35
523 20
523 21
523 22
523 23
523 24
523 25
523 26
527 13
527 14
527 15
530 29
530 30
530 31
530 32
530 33
530 34
534 19
534 20
534 21
534 22
534 23
534 24
534 25
538 12
538 13
541 28
541 29
541 30
541 31
541 32
541 33
545 18
545 19
545 20
545 21
545 22
545 23
545 24
552 27
552 28
552 29
552 30
552 31
552 32
556 17
556 18
556 19
556 20
556 21
556 22
556 23
559 37
559 38
563 25
563 26
563 27
563 28
563 29
563 30
563 31
567 16
567 17
567 18
567 19
567 20
567 21
570 35
570 36
570 37
570 38
574 24
574 25
574 26
574 27
574 28
574 29
574 30
578 15
578 16
578 17
578 18
578 19
578 20
581 34
581 35
581 36
581 37
581 38
585 23
585 24
585 25
585 26
585 27
585 28
585 29
589 14
589 15
589 16
589 17
589 18
589 19
592 32
592 33
592 34
592 35
592 36
592 37
596 22
596 23
596 24
596 25
596 26
596 27
596 28
600 13
600 14
600 15
600 16
600 17
603 31
603 32
603 33
603 34
603 35
603 36
607 21
607 22
607 23
607 24
607 25
607 26
607 27
611 13
611 14
611 15
614 29
614 30
614 31
614 32
614 33
614 34
614 35
618 19
618 20
618 21
618 22
618 23
618 24
618 25
618 26
621 40
621 41
622 12
622 13
622 14
625 28
625 29
625 30
625 31
625 32
625 33
625 34
629 18
629 19
629 20
629 21
629 22
629 23
629 24
632 38
632 39
632 40
632 41
636 27
636 28
636 29
636 30
636 31
636 32
636 33
640 17
640 18
640 19
640 20
640 21
640 22
640 23
643 36
643 37
643 38
643 39
643 40
643 41
647 25
647 26
647 27
647 28
647 29
647 30
647 31
647 32
651 16
651 17
651 18
651 19
651 20
651 21
651 22
654 35
654 36
654 37
654 38
654 39
654 40
658 24
658 25
658 26
658 27
658 28
658 29
658 30
658 31
662 15
662 16
662 17
662 18
662 19
662 20
662 21
665 33
665 34
665 35
665 36
665 37
665 38
665 39
669 23
669 24
669 25
669 26
669 27
669 28
669 29
669 30
673 14
673 15
673 16
673 17
673 18
673 19
676 32
676 33
676 34
676 35
676 36
676 37
676 38
680 22
680 23
680 24
680 25
680 26
680 27
680 28
680 29
683 43
683 44
684 14
684 15
684 16
684 17
684 18
687 30
687 31
687 32
687 33
687 34
687 35
687 36
687 37
691 21
691 22
691 23
691 24
691 25
691 26
691 27
691 28
694 41
694 42
694 43
694 44
695 13
695 14
695 15
695 16
698 29
698 30
698 31
698 32
698 33
698 34
698 35
698 36
702 20
702 21
702 22
702 23
702 24
702 25
702 26
702 27
705 39
705 40
705 41
705 42
705 43
706 12
706 13
706 14
706 15
709 28
709 29
709 30
709 31
709 32
709 33
709 34
709 35
713 18
713 19
713 20
713 21
713 22
713 23
713 24
713 25
716 37
716 38
716 39
716 40
716 41
716 42
716 43
717 12
720 27
720 28
720 29
720 30
720 31
720 32
720 33
720 34
724 17
724 18
724 19
724 20
724 21
724 22
724 23
724 24
727 36
727 37
727 38
727 39
727 40
727 41
727 42
731 25
731 26
731 27
731 28
731 29
731 30
731 31
731 32
731 33
735 16
735 17
735 18
735 19
735 20
735 21
735 22
735 23
738 34
738 35
738 36
738 37
738 38
738 39
738 40
738 41
742 24
742 25
742 26
742 27
742 28
742 29
742 30
742 31
742 32
745 46
745 47
746 15
746 16
746 17
746 18
746 19
746 20
746 21
749 33
749 34
749 35
749 36
749 37
749 38
749 39
749 40
753 23
753 24
753 25
753 26
753 27
753 28
753 29
753 30
753 31
756 44
756 45
756 46
756 47
757 15
757 16
757 17
757 18
757 19
757 20
760 32
760 33
760 34
760 35
760 36
760 37
760 38
760 39
764 22
764 23
764 24
764 25
764 26
764 27
764 28
764 29
764 30
767 42
767 43
767 44
767 45
767 46
768 14
768 15
768 16
768 17
768 18
768 19
771 30
771 31
771 32
771 33
771 34
771 35
771 36
771 37
771 38
775 21
775 22
775 23
775 24
775 25
775 26
775 27
775 28
775 29
778 40
778 41
778 42
778 43
778 44
778 45
778 46
779 13
779 14
779 15
779 16
779 17
782 29
782 30
782 31
782 32
782 33
782 34
782 35
782 36
782 37
786 20
786 21
786 22
786 23
786 24
786 25
786 26
786 27
789 39
789 40
789 41
789 42
789 43
789 44
789 45
790 12
790 13
790 14
790 15
790 16
793 28
793 29
793 30
793 31
793 32
793 33
793 34
793 35
793 36
797 19
797 20
797 21
797 22
797 23
797 24
797 25
797 26
800 37
800 38
800 39
800 40
800 41
800 42
800 43
800 44
801 12
801 13
801 14
804 27
804 28
804 29
804 30
804 31
804 32
804 33
804 34
804 35
808 17
808 18
808 19
808 20
808 21
808 22
808 23
808 24
808 25
811 36
811 37
811 38
811 39
811 40
811 41
811 42
811 43
815 25
815 26
815 27
815 28
815 29
815 30
815 31
815 32
815 33
815 34
818 47
818 48
818 49
819 16
819 17
819 18
819 19
819 20
819 21
819 22
819 23
819 24
822 34
822 35
822 36
822 37
822 38
822 39
822 40
822 41
822 42
826 24
826 25
826 26
826 27
826 28
826 29
826 30
826 31
826 32
826 33
829 45
829 46
829 47
829 48
829 49
830 16
830 17
830 18
830 19
830 20
830 21
830 22
833 33
833 34
833 35
833 36
833 37
833 38
833 39
833 40
833 41
837 23
837 24
837 25
837 26
837 27
837 28
837 29
837 30
837 31
837 32
840 43
840 44
840 45
840 46
840 47
840 48
841 15
841 16
841 17
841 18
841 19
841 20
841 21
844 32
844 33
844 34
844 35
844 36
844 37
844 38
844 39
844 40
848 22
848 23
848 24
848 25
848 26
848 27
848 28
848 29
848 30
848 31
851 41
851 42
851 43
851 44
851 45
851 46
851 47
852 14
852 15
852 16
852 17
852 18
852 19
855 30
855 31
855 32
855 33
855 34
855 35
855 36
855 37
855 38
855 39
859 21
859 22
859 23
859 24
859 25
859 26
859 27
859 28
859 29
862 40
862 41
862 42
862 43
862 44
862 45
862 46
862 47
863 13
863 14
863 15
863 16
863 17
863 18
866 29
866 30
866 31
866 32
866 33
866 34
866 35
866 36
866 37
866 38
870 20
870 21
870 22
870 23
870 24
870 25
870 26
870 27
870 28
873 38
873 39
873 40
873 41
873 42
873 43
873 44
873 45
873 46
874 12
874 13
874 14
874 15
874 16
877 28
877 29
877 30
877 31
877 32
877 33
877 34
877 35
877 36
877 37
881 19
881 20
881 21
881 22
881 23
881 24
881 25
881 26
881 27
884 37
884 38
884 39
884 40
884 41
884 42
884 43
884 44
884 45
885 11
885 12
885 13
885 14
885 15
888 27
888 28
888 29
888 30
888 31
888 32
888 33
888 34
888 35
888 36
891 48
891 49
891 50
891 51
892 18
892 19
892 20
892 21
892 22
892 23
892 24
892 25
892 26
895 36
895 37
895 38
895 39
895 40
895 41
895 42
895 43
895 44
896 11
896 12
896 13
899 26
899 27
899 28
899 29
899 30
899 31
899 32
899 33
899 34
899 35
902 46
902 47
902 48
902 49
902 50
903 17
903 18
903 19
903 20
903 21
903 22
903 23
903 24
906 34
906 35
906 36
906 37
906 38
906 39
906 40
906 41
906 42
906 43
910 24
910 25
910 26
910 27
910 28
910 29
910 30
910 31
910 32
910 33
910 34
913 45
913 46
913 47
913 48
913 49
913 50
914 16
914 17
914 18
914 19
914 20
914 21
914 22
914 23
917 33
917 34
917 35
917 36
917 37
917 38
917 39
917 40
917 41
917 42
921 23
921 24
921 25
921 26
921 27
921 28
921 29
921 30
921 31
921 32
924 43
924 44
924 45
924 46
924 47
924 48
924 49
925 15
925 16
925 17
925 18
925 19
925 20
925 21
925 22
928 32
928 33
928 34
928 35
928 36
928 37
928 38
928 39
928 40
928 41
932 22
932 23
932 24
932 25
932 26
932 27
932 28
932 29
932 30
932 31
935 42
935 43
935 44
935 45
935 46
935 47
935 48
936 14
936 15
936 16
936 17
936 18
936 19
936 20
939 31
939 32
939 33
939 34
939 35
939 36
939 37
939 38
939 39
939 40
943 21
943 22
943 23
943 24
943 25
943 26
943 27
943 28
943 29
943 30
946 40
946 41
946 42
946 43
946 44
946 45
946 46
946 47
947 13
947 14
947 15
947 16
947 17
947 18
947 19
950 29
950 30
950 31
950 32
950 33
950 34
950 35
950 36
950 37
950 38
950 39
954 20
954 21
954 22
954 23
954 24
954 25
954 26
954 27
954 28
954 29
957 39
957 40
957 41
957 42
957 43
957 44
957 45
957 46
958 12
958 13
958 14
958 15
958 16
958 17
961 28
961 29
961 30
961 31
961 32
961 33
961 34
961 35
961 36
961 37
961 38
964 50
964 51
964 52
965 19
965 20
965 21
965 22
965 23
965 24
965 25
965 26
965 27
965 28
968 37
968 38
968 39
968 40
968 41
968 42
968 43
968 44
968 45
969 11
969 12
969 13
969 14
969 15
972 27
972 28
972 29
972 30
972 31
972 32
972 33
972 34
972 35
972 36
972 37
975 48
975 49
975 50
975 51
976 18
976 19
976 20
976 21
976 22
976 23
976 24
976 25
976 26
979 36
979 37
979 38
979 39
979 40
979 41
979 42
979 43
979 44
980 11
980 12
980 13
980 14
983 26
983 27
983 28
983 29
983 30
983 31
983 32
983 33
983 34
983 35
986 46
986 47
986 48
986 49
986 50
986 51
987 17
987 18
987 19
987 20
987 21
987 22
987 23
987 24
987 25
990 35
990 36
990 37
990 38
990 39
990 40
990 41
990 42
990 43
994 25
994 26
994 27
994 28
994 29
994 30
994 31
994 32
994 33
994 34
997 45
997 46
997 47
997 48
997 49
997 50
998 16
998 17
998 18
998 19
998 20
998 21
998 22
998 23
1001 33
1001 34
1001 35
1001 36
1001 37
1001 38
1001 39
1001 40
1001 41
1001 42
1005 23
1005 24
1005 25
1005 26
1005 27
1005 28
1005 29
1005 30
1005 31
1005 32
1005 33
1008 43
1008 44
1008 45
1008 46
1008 47
1008 48
1008 49
1009 15
1009 16
1009 17
1009 18
1009 19
1009 20
1009 21
1009 22
1012 32
1012 33
1012 34
1012 35
1012 36
1012 37
1012 38
1012 39
1012 40
1012 41
1016 22
1016 23
1016 24
1016 25
1016 26
1016 27
1016 28
1016 29
1016 30
1016 31
1016 32
1019 42
1019 43
1019 44
1019 45
1019 46
1019 47
1019 48
1019 49
1020 14
1020 15
1020 16
1020 17
1020 18
1020 19
1020 20
1020 21
1023 31
1023 32
1023 33
1023 34
1023 35
1023 36
1023 37
1023 38
1023 39
1023 40
1027 21
1027 22
1027 23
1027 24
1027 25
1027 26
1027 27
1027 28
1027 29
1027 30
1030 41
1030 42
1030 43
1030 44
1030 45
1030 46
1030 47
1030 48
1031 13
1031 14
1031 15
1031 16
1031 17
1031 18
1031 19
1034 30
1034 31
1034 32
1034 33
1034 34
1034 35
1034 36
1034 37
1034 38
1034 39
1038 20
1038 21
1038 22
1038 23
1038 24
1038 25
1038 26
1038 27
1038 28
1038 29
1041 39
1041 40
1041 41
1041 42
1041 43
1041 44
1041 45
1041 46
1041 47
1042 12
1042 13
1042 14
1042 15
1042 16
1042 17
1045 29
1045 30
1045 31
1045 32
1045 33
1045 34
1045 35
1045 36
1045 37
1045 38
1049 19
1049 20
1049 21
1049 22
1049 23
1049 24
1049 25
1049 26
1049 27
1049 28
1052 38
1052 39
1052 40
1052 41
1052 42
1052 43
1052 44
1052 45
1052 46
1053 12
1053 13
1053 14
1053 15
1053 16
1056 27
1056 28
1056 29
1056 30
1056 31
1056 32
1056 33
1056 34
1056 35
1056 36
1056 37
1059 49
1059 50
1059 51
1060 18
1060 19
1060 20
1060 21
1060 22
1060 23
1060 24
1060 25
1060 26
1060 27
1063 37
1063 38
1063 39
1063 40
1063 41
1063 42
1063 43
1063 44
1063 45
1064 12
1064 13
1064 14
1067 26
1067 27
1067 28
1067 29
1067 30
1067 31
1067 32
1067 33
1067 34
1067 35
1067 36
1070 47
1070 48
1070 49
1070 50
1070 51
1071 17
1071 18
1071 19
1071 20
1071 21
1071 22
1071 23
1071 24
1071 25
1074 35
1074 36
1074 37
1074 38
1074 39
1074 40
1074 41
1074 42
1074 43
1074 44
1078 25
1078 26
1078 27
1078 28
1078 29
1078 30
1078 31
1078 32
1078 33
1078 34
1081 46
1081 47
1081 48
1081 49
1081 50
1082 16
1082 17
1082 18
1082 19
1082 20
1082 21
1082 22
1082 23
1082 24
1085 34
1085 35
1085 36
1085 37
1085 38
1085 39
1085 40
1085 41
1085 42
1085 43
1089 24
1089 25
1089 26
1089 27
1089 28
1089 29
1089 30
1089 31
1089 32
1089 33
1092 44
1092 45
1092 46
1092 47
1092 48
1092 49
1093 15
1093 16
1093 17
1093 18
1093 19
1093 20
1093 21
1093 22
1096 33
1096 34
1096 35
1096 36
1096 37
1096 38
1096 39
1096 40
1096 41
1100 23
1100 24
1100 25
1100 26
1100 27
1100 28
1100 29
1100 30
1100 31
1100 32
1103 43
1103 44
1103 45
1103 46
1103 47
1103 48
1104 15
1104 16
1104 17
1104 18
1104 19
1104 20
1104 21
1107 32
1107 33
1107 34
1107 35
1107 36
1107 37
1107 38
1107 39
1107 40
1111 22
1111 23
1111 24
1111 25
1111 26
1111 27
1111 28
1111 29
1111 30
1111 31
1114 41
1114 42
1114 43
1114 44
1114 45
1114 46
1114 47
1115 14
1115 15
1115 16
1115 17
1115 18
1115 19
1118 30
1118 31
1118 32
1118 33
1118 34
1118 35
1118 36
1118 37
1118 38
1118 39
1122 21
1122 22
1122 23
1122 24
1122 25
1122 26
1122 27
1122 28
1122 29
1125 40
1125 41
1125 42
1125 43
1125 44
1125 45
1125 46
1126 13
1126 14
1126 15
1126 16
1126 17
1129 29
1129 30
1129 31
1129 32
1129 33
1129 34
1129 35
1129 36
1129 37
1129 38
1133 20
1133 21
1133 22
1133 23
1133 24
1133 25
1133 26
1133 27
1133 28
1136 39
1136 40
1136 41
1136 42
1136 43
1136 44
1136 45
1137 13
1137 14
1137 15
1140 28
1140 29
1140 30
1140 31
1140 32
1140 33
1140 34
1140 35
1140 36
1140 37
1144 19
1144 20
1144 21
1144 22
1144 23
1144 24
1144 25
1144 26
1147 37
1147 38
1147 39
1147 40
1147 41
1147 42
1147 43
1147 44
1151 27
1151 28
1151 29
1151 30
1151 31
1151 32
1151 33
1151 34
1151 35
1151 36
1155 18
1155 19
1155 20
1155 21
1155 22
1155 23
1155 24
1155 25
1158 36
1158 37
1158 38
1158 39
1158 40
1158 41
1158 42
1158 43
1162 26
1162 27
1162 28
1162 29
1162 30
1162 31
1162 32
1162 33
1162 34
1166 17
1166 18
1166 19
1166 20
1166 21
1166 22
1166 23
1169 35
1169 36
1169 37
1169 38
1169 39
1169 40
1169 41
1169 42
1173 25
1173 26
1173 27
1173 28
1173 29
1173 30
1173 31
1173 32
1173 33
1176 47
1176 48
1177 16
1177 17
1177 18
1177 19
1177 20
1177 21
1177 22
1180 34
1180 35
1180 36
1180 37
1180 38
1180 39
1180 40
1180 41
1184 24
1184 25
1184 26
1184 27
1184 28
1184 29
1184 30
1184 31
1184 32
1187 45
1187 46
1187 47
1188 16
1188 17
1188 18
1188 19
1188 20
1191 33
1191 34
1191 35
1191 36
1191 37
1191 38
1191 39
1191 40
1195 23
1195 24
1195 25
1195 26
1195 27
1195 28
1195 29
1195 30
1198 43
1198 44
1198 45
1198 46
1199 16
1199 17
1199 18
1202 31
1202 32
1202 33
1202 34
1202 35
1202 36
1202 37
1202 38
1202 39
1206 22
1206 23
1206 24
1206 25
1206 26
1206 27
1206 28
1206 29
1209 42
1209 43
1209 44
1209 45
1213 30
1213 31
1213 32
1213 33
1213 34
1213 35
1213 36
1213 37
1217 21
1217 22
1217 23
1217 24
1217 25
1217 26
1217 27
1220 41
1220 42
1220 43
1220 44
1224 29
1224 30
1224 31
1224 32
1224 33
1224 34
1224 35
1224 36
1228 20
1228 21
1228 22
1228 23
1228 24
1228 25
1228 26
1231 39
1231 40
1231 41
1231 42
1231 43
1235 28
1235 29
1235 30
1235 31
1235 32
1235 33
1235 34
1235 35
1239 20
1239 21
1239 22
1239 23
1239 24
1242 38
1242 39
1242 40
1242 41
1242 42
1246 27
1246 28
1246 29
1246 30
1246 31
1246 32
1246 33
1250 19
1250 20
1250 21
1250 22
1253 37
1253 38
1253 39
1253 40
1253 41
1257 26
1257 27
1257 28
1257 29
1257 30
1257 31
1257 32
1264 36
1264 37
1264 38
1264 39
1264 40
1268 25
1268 26
1268 27
1268 28
1268 29
1268 30
1275 35
1275 36
1275 37
1275 38
1279 25
1279 26
1279 27
1279 28
1279 29
1286 34
1286 35
1286 36
1286 37
1290 24
1290 25
1290 26
1290 27
1297 33
1297 34
1297 35
1308 32
1308 33
2747 72
2747 73
2747 74
2751 62
2751 63
2758 69
2758 70
2758 71
2758 72
2758 73
2758 74
2762 59
2762 60
2762 61
2762 62
2762 63
2769 67
2769 68
2769 69
2769 70
2769 71
2769 72
2769 73
2773 57
2773 58
2773 59
2773 60
2773 61
2773 62
2776 78
2776 79
2776 80
2776 81
2780 65
2780 66
2780 67
2780 68
2780 69
2780 70
2780 71
2780 72
2784 55
2784 56
2784 57
2784 58
2784 59
2784 60
2784 61
2787 75
2787 76
2787 77
2787 78
2787 79
2787 80
2791 64
2791 65
2791 66
2791 67
2791 68
2791 69
2791 70
2791 71
2795 54
2795 55
2795 56
2795 57
2795 58
2795 59
2795 60
2798 73
2798 74
2798 75
2798 76
2798 77
2798 78
2798 79
2798 80
2802 62
2802 63
2802 64
2802 65
2802 66
2802 67
2802 68
2802 69
2802 70
2802 71
2806 52
2806 53
2806 54
2806 55
2806 56
2806 57
2806 58
2806 59
2809 71
2809 72
2809 73
2809 74
2809 75
2809 76
2809 77
2809 78
2809 79
2813 60
2813 61
2813 62
2813 63
2813 64
2813 65
2813 66
2813 67
2813 68
2813 69
2813 70
2817 50
2817 51
2817 52
2817 53
2817 54
2817 55
2817 56
2817 57
2817 58
2820 70
2820 71
2820 72
2820 73
2820 74
2820 75
2820 76
2820 77
2820 78
2824 58
2824 59
2824 60
2824 61
2824 62
2824 63
2824 64
2824 65
2824 66
2824 67
2824 68
2824 69
2827 81
2827 82
2827 83
2827 84
2827 85
2828 49
2828 50
2828 51
2828 52
2828 53
2828 54
2828 55
2828 56
2828 57
2831 68
2831 69
2831 70
2831 71
2831 72
2831 73
2831 74
2831 75
2831 76
2831 77
2835 57
2835 58
2835 59
2835 60
2835 61
2835 62
2835 63
2835 64
2835 65
2835 66
2835 67
2838 79
2838 80
2838 81
2838 82
2838 83
2838 84
2838 85
2839 47
2839 48
2839 49
2839 50
2839 51
2839 52
2839 53
2839 54
2839 55
2839 56
2842 66
2842 67
2842 68
2842 69
2842 70
2842 71
2842 72
2842 73
2842 74
2842 75
2842 76
2846 55
2846 56
2846 57
2846 58
2846 59
2846 60
2846 61
2846 62
2846 63
2846 64
2846 65
2846 66
2849 77
2849 78
2849 79
2849 80
2849 81
2849 82
2849 83
2849 84
2850 45
2850 46
2850 47
2850 48
2850 49
2850 50
2850 51
2850 52
2850 53
2850 54
2850 55
2853 64
2853 65
2853 66
2853 67
2853 68
2853 69
2853 70
2853 71
2853 72
2853 73
2853 74
2853 75
2857 53
2857 54
2857 55
2857 56
2857 57
2857 58
2857 59
2857 60
2857 61
2857 62
2857 63
2857 64
2857 65
2860 75
2860 76
2860 77
2860 78
2860 79
2860 80
2860 81
2860 82
2860 83
2861 44
2861 45
2861 46
2861 47
2861 48
2861 49
2861 50
2861 51
2861 52
2861 53
2861 54
2864 63
2864 64
2864 65
2864 66
2864 67
2864 68
2864 69
2864 70
2864 71
2864 72
2864 73
2864 74
2868 52
2868 53
2868 54
2868 55
2868 56
2868 57
2868 58
2868 59
2868 60
2868 61
2868 62
2868 63
2868 64
2871 73
2871 74
2871 75
2871 76
2871 77
2871 78
2871 79
2871 80
2871 81
2871 82
2872 42
2872 43
2872 44
2872 45
2872 46
2872 47
2872 48
2872 49
2872 50
2872 51
2872 52
2875 61
2875 62
2875 63
2875 64
2875 65
2875 66
2875 67
2875 68
2875 69
2875 70
2875 71
2875 72
2875 73
2879 50
2879 51
2879 52
2879 53
2879 54
2879 55
2879 56
2879 57
2879 58
2879 59
2879 60
2879 61
2879 62
2879 63
2882 71
2882 72
2882 73
2882 74
2882 75
2882 76
2882 77
2882 78
2882 79
2882 80
2882 81
2882 82
2883 41
2883 42
2883 43
2883 44
2883 45
2883 46
2883 47
2883 48
2883 49
2883 50
2883 51
2886 59
2886 60
2886 61
2886 62
2886 63
2886 64
2886 65
2886 66
2886 67
2886 68
2886 69
2886 70
2886 71
2886 72
2889 85
2889 86
2890 49
2890 50
2890 51
2890 52
2890 53
2890 54
2890 55
2890 56
2890 57
2890 58
2890 59
2890 60
2890 61
2890 62
2893 70
2893 71
2893 72
2893 73
2893 74
2893 75
2893 76
2893 77
2893 78
2893 79
2893 80
2893 81
2894 39
2894 40
2894 41
2894 42
2894 43
2894 44
2894 45
2894 46
2894 47
2894 48
2894 49
2894 50
2897 58
2897 59
2897 60
2897 61
2897 62
2897 63
2897 64
2897 65
2897 66
2897 67
2897 68
2897 69
2897 70
2897 71
2900 82
2900 83
2900 84
2900 85
2900 86
2900 87
2901 47
2901 48
2901 49
2901 50
2901 51
2901 52
2901 53
2901 54
2901 55
2901 56
2901 57
2901 58
2901 59
2901 60
2904 68
2904 69
2904 70
2904 71
2904 72
2904 73
2904 74
2904 75
2904 76
2904 77
2904 78
2904 79
2904 80
2905 38
2905 39
2905 40
2905 41
2905 42
2905 43
2905 44
2905 45
2905 46
2905 47
2905 48
2908 56
2908 57
2908 58
2908 59
2908 60
2908 61
2908 62
2908 63
2908 64
2908 65
2908 66
2908 67
2908 68
2908 69
2908 70
2911 80
2911 81
2911 82
2911 83
2911 84
2911 85
2911 86
2912 46
2912 47
2912 48
2912 49
2912 50
2912 51
2912 52
2912 53
2912 54
2912 55
2912 56
2912 57
2912 58
2912 59
2915 66
2915 67
2915 68
2915 69
2915 70
2915 71
2915 72
2915 73
2915 74
2915 75
2915 76
2915 77
2915 78
2915 79
2916 36
2916 37
2916 38
2916 39
2916 40
2916 41
2916 42
2916 43
2916 44
2916 45
2916 46
2916 47
2919 54
2919 55
2919 56
2919 57
2919 58
2919 59
2919 60
2919 61
2919 62
2919 63
2919 64
2919 65
2919 66
2919 67
2919 68
2919 69
2922 78
2922 79
2922 80
2922 81
2922 82
2922 83
2922 84
2922 85
2922 86
2923 44
2923 45
2923 46
2923 47
2923 48
2923 49
2923 50
2923 51
2923 52
2923 53
2923 54
2923 55
2923 56
2923 57
2923 58
2926 64
2926 65
2926 66
2926 67
2926 68
2926 69
2926 70
2926 71
2926 72
2926 73
2926 74
2926 75
2926 76
2926 77
2926 78
2927 35
2927 36
2927 37
2927 38
2927 39
2927 40
2927 41
2927 42
2927 43
2927 44
2927 45
2927 46
2930 53
2930 54
2930 55
2930 56
2930 57
2930 58
2930 59
2930 60
2930 61
2930 62
2930 63
2930 64
2930 65
2930 66
2930 67
2930 68
2933 76
2933 77
2933 78
2933 79
2933 80
2933 81
2933 82
2933 83
2933 84
2933 85
2934 42
2934 43
2934 44
2934 45
2934 46
2934 47
2934 48
2934 49
2934 50
2934 51
2934 52
2934 53
2934 54
2934 55
2934 56
2934 57
2937 63
2937 64
2937 65
2937 66
2937 67
2937 68
2937 69
2937 70
2937 71
2937 72
2937 73
2937 74
2937 75
2937 76
2938 34
2938 35
2938 36
2938 37
2938 38
2938 39
2938 40
2938 41
2938 42
2938 43
2938 44
2941 51
2941 52
2941 53
2941 54
2941 55
2941 56
2941 57
2941 58
2941 59
2941 60
2941 61
2941 62
2941 63
2941 64
2941 65
2941 66
2944 74
2944 75
2944 76
2944 77
2944 78
2944 79
2944 80
2944 81
2944 82
2944 83
2944 84
2945 41
2945 42
2945 43
2945 44
2945 45
2945 46
2945 47
2945 48
2945 49
2945 50
2945 51
2945 52
2945 53
2945 54
2945 55
2948 61
2948 62
2948 63
2948 64
2948 65
2948 66
2948 67
2948 68
2948 69
2948 70
2948 71
2948 72
2948 73
2948 74
2948 75
2949 32
2949 33
2949 34
2949 35
2949 36
2949 37
2949 38
2949 39
2949 40
2949 41
2949 42
2949 43
2952 50
2952 51
2952 52
2952 53
2952 54
2952 55
2952 56
2952 57
2952 58
2952 59
2952 60
2952 61
2952 62
2952 63
2952 64
2952 65
2955 72
2955 73
2955 74
2955 75
2955 76
2955 77
2955 78
2955 79
2955 80
2955 81
2955 82
2955 83
2956 39
2956 40
2956 41
2956 42
2956 43
2956 44
2956 45
2956 46
2956 47
2956 48
2956 49
2956 50
2956 51
2956 52
2956 53
2956 54
2959 59
2959 60
2959 61
2959 62
2959 63
2959 64
2959 65
2959 66
2959 67
2959 68
2959 69
2959 70
2959 71
2959 72
2959 73
2959 74
2960 31
2960 32
2960 33
2960 34
2960 35
2960 36
2960 37
2960 38
2960 39
2960 40
2960 41
2963 48
2963 49
2963 50
2963 51
2963 52
2963 53
2963 54
2963 55
2963 56
2963 57
2963 58
2963 59
2963 60
2963 61
2963 62
2963 63
2963 64
2966 70
2966 71
2966 72
2966 73
2966 74
2966 75
2966 76
2966 77
2966 78
2966 79
2966 80
2966 81
2966 82
2967 38
2967 39
2967 40
2967 41
2967 42
2967 43
2967 44
2967 45
2967 46
2967 47
2967 48
2967 49
2967 50
2967 51
2967 52
2970 58
2970 59
2970 60
2970 61
2970 62
2970 63
2970 64
2970 65
2970 66
2970 67
2970 68
2970 69
2970 70
2970 71
2970 72
2970 73
2971 30
2971 31
2971 32
2971 33
2971 34
2971 35
2971 36
2971 37
2971 38
2971 39
2973 85
2973 86
2974 47
2974 48
2974 49
2974 50
2974 51
2974 52
2974 53
2974 54
2974 55
2974 56
2974 57
2974 58
2974 59
2974 60
2974 61
2974 62
2974 63
2977 69
2977 70
2977 71
2977 72
2977 73
2977 74
2977 75
2977 76
2977 77
2977 78
2977 79
2977 80
2977 81
2978 37
2978 38
2978 39
2978 40
2978 41
2978 42
2978 43
2978 44
2978 45
2978 46
2978 47
2978 48
2978 49
2978 50
2978 51
2981 56
2981 57
2981 58
2981 59
2981 60
2981 61
2981 62
2981 63
2981 64
2981 65
2981 66
2981 67
2981 68
2981 69
2981 70
2981 71
2981 72
2982 28
2982 29
2982 30
2982 31
2982 32
2982 33
2982 34
2982 35
2982 36
2982 37
2982 38
2984 82
2984 83
2984 84
2984 85
2984 86
2985 45
2985 46
2985 47
2985 48
2985 49
2985 50
2985 51
2985 52
2985 53
2985 54
2985 55
2985 56
2985 57
2985 58
2985 59
2985 60
2985 61
2988 67
2988 68
2988 69
2988 70
2988 71
2988 72
2988 73
2988 74
2988 75
2988 76
2988 77
2988 78
2988 79
2988 80
2989 35
2989 36
2989 37
2989 38
2989 39
2989 40
2989 41
2989 42
2989 43
2989 44
2989 45
2989 46
2989 47
2989 48
2989 49
2992 54
2992 55
2992 56
2992 57
2992 58
2992 59
2992 60
2992 61
2992 62
2992 63
2992 64
2992 65
2992 66
2992 67
2992 68
2992 69
2992 70
2992 71
2993 27
2993 28
2993 29
2993 30
2993 31
2993 32
2993 33
2993 34
2993 35
2993 36
2995 80
2995 81
2995 82
2995 83
2995 84
2995 85
2995 86
2996 43
2996 44
2996 45
2996 46
2996 47
2996 48
2996 49
2996 50
2996 51
2996 52
2996 53
2996 54
2996 55
2996 56
2996 57
2996 58
2996 59
2996 60
2999 65
2999 66
2999 67
2999 68
2999 69
2999 70
2999 71
2999 72
2999 73
2999 74
2999 75
2999 76
2999 77
2999 78
2999 79
3000 34
3000 35
3000 36
3000 37
3000 38
3000 39
3000 40
3000 41
3000 42
3000 43
3000 44
3000 45
3000 46
3000 47
3000 48
3003 53
3003 54
3003 55
3003 56
3003 57
3003 58
3003 59
3003 60
3003 61
3003 62
3003 63
3003 64
3003 65
3003 66
3003 67
3003 68
3003 69
3004 26
3004 27
3004 28
3004 29
3004 30
3004 31
3004 32
3004 33
3004 34
3006 78
3006 79
3006 80
3006 81
3006 82
3006 83
3006 84
3006 85
3007 42
3007 43
3007 44
3007 45
3007 46
3007 47
3007 48
3007 49
3007 50
3007 51
3007 52
3007 53
3007 54
3007 55
3007 56
3007 57
3007 58
3010 63
3010 64
3010 65
3010 66
3010 67
3010 68
3010 69
3010 70
3010 71
3010 72
3010 73
3010 74
3010 75
3010 76
3010 77
3010 78
3011 32
3011 33
3011 34
3011 35
3011 36
3011 37
3011 38
3011 39
3011 40
3011 41
3011 42
3011 43
3011 44
3011 45
3011 46
3014 51
3014 52
3014 53
3014 54
3014 55
3014 56
3014 57
3014 58
3014 59
3014 60
3014 61
3014 62
3014 63
3014 64
3014 65
3014 66
3014 67
3014 68
3015 25
3015 26
3015 27
3015 28
3015 29
3015 30
3015 31
3015 32
3017 76
3017 77
3017 78
3017 79
3017 80
3017 81
3017 82
3017 83
3017 84
3017 85
3018 40
3018 41
3018 42
3018 43
3018 44
3018 45
3018 46
3018 47
3018 48
3018 49
3018 50
3018 51
3018 52
3018 53
3018 54
3018 55
3018 56
3018 57
3021 62
3021 63
3021 64
3021 65
3021 66
3021 67
3021 68
3021 69
3021 70
3021 71
3021 72
3021 73
3021 74
3021 75
3021 76
3021 77
3022 31
3022 32
3022 33
3022 34
3022 35
3022 36
3022 37
3022 38
3022 39
3022 40
3022 41
3022 42
3022 43
3022 44
3022 45
3025 50
3025 51
3025 52
3025 53
3025 54
3025 55
3025 56
3025 57
3025 58
3025 59
3025 60
3025 61
3025 62
3025 63
3025 64
3025 65
3025 66
3025 67
3026 24
3026 25
3026 26
3026 27
3026 28
3026 29
3026 30
3028 74
3028 75
3028 76
3028 77
3028 78
3028 79
3028 80
3028 81
3028 82
3028 83
3028 84
3029 39
3029 40
3029 41
3029 42
3029 43
3029 44
3029 45
3029 46
3029 47
3029 48
3029 49
3029 50
3029 51
3029 52
3029 53
3029 54
3029 55
3029 56
3032 60
3032 61
3032 62
3032 63
3032 64
3032 65
3032 66
3032 67
3032 68
3032 69
3032 70
3032 71
3032 72
3032 73
3032 74
3032 75
3033 30
3033 31
3033 32
3033 33
3033 34
3033 35
3033 36
3033 37
3033 38
3033 39
3033 40
3033 41
3033 42
3033 43
3036 48
3036 49
3036 50
3036 51
3036 52
3036 53
3036 54
3036 55
3036 56
3036 57
3036 58
3036 59
3036 60
3036 61
3036 62
3036 63
3036 64
3036 65
3037 23
3037 24
3037 25
3037 26
3037 27
3037 28
3039 72
3039 73
3039 74
3039 75
3039 76
3039 77
3039 78
3039 79
3039 80
3039 81
3039 82
3039 83
3040 37
3040 38
3040 39
3040 40
3040 41
3040 42
3040 43
3040 44
3040 45
3040 46
3040 47
3040 48
3040 49
3040 50
3040 51
3040 52
3040 53
3040 54
3043 58
3043 59
3043 60
3043 61
3043 62
3043 63
3043 64
3043 65
3043 66
3043 67
3043 68
3043 69
3043 70
3043 71
3043 72
3043 73
3043 74
3044 28
3044 29
3044 30
3044 31
3044 32
3044 33
3044 34
3044 35
3044 36
3044 37
3044 38
3044 39
3044 40
3044 41
3044 42
3047 47
3047 48
3047 49
3047 50
3047 51
3047 52
3047 53
3047 54
3047 55
3047 56
3047 57
3047 58
3047 59
3047 60
3047 61
3047 62
3047 63
3047 64
3048 23
3048 24
3048 25
3048 26
3050 70
3050 71
3050 72
3050 73
3050 74
3050 75
3050 76
3050 77
3050 78
3050 79
3050 80
3050 81
3050 82
3051 36
3051 37
3051 38
3051 39
3051 40
3051 41
3051 42
3051 43
3051 44
3051 45
3051 46
3051 47
3051 48
3051 49
3051 50
3051 51
3051 52
3051 53
3054 57
3054 58
3054 59
3054 60
3054 61
3054 62
3054 63
3054 64
3054 65
3054 66
3054 67
3054 68
3054 69
3054 70
3054 71
3054 72
3054 73
3055 27
3055 28
3055 29
3055 30
3055 31
3055 32
3055 33
3055 34
3055 35
3055 36
3055 37
3055 38
3055 39
3055 40
3058 45
3058 46
3058 47
3058 48
3058 49
3058 50
3058 51
3058 52
3058 53
3058 54
3058 55
3058 56
3058 57
3058 58
3058 59
3058 60
3058 61
3058 62
3058 63
3061 68
3061 69
3061 70
3061 71
3061 72
3061 73
3061 74
3061 75
3061 76
3061 77
3061 78
3061 79
3061 80
3061 81
3062 35
3062 36
3062 37
3062 38
3062 39
3062 40
3062 41
3062 42
3062 43
3062 44
3062 45
3062 46
3062 47
3062 48
3062 49
3062 50
3062 51
3065 55
3065 56
3065 57
3065 58
3065 59
3065 60
3065 61
3065 62
3065 63
3065 64
3065 65
3065 66
3065 67
3065 68
3065 69
3065 70
3065 71
3065 72
3066 26
3066 27
3066 28
3066 29
3066 30
3066 31
3066 32
3066 33
3066 34
3066 35
3066 36
3066 37
3066 38
3069 43
3069 44
3069 45
3069 46
3069 47
3069 48
3069 49
3069 50
3069 51
3069 52
3069 53
3069 54
3069 55
3069 56
3069 57
3069 58
3069 59
3069 60
3069 61
3072 66
3072 67
3072 68
3072 69
3072 70
3072 71
3072 72
3072 73
3072 74
3072 75
3072 76
3072 77
3072 78
3072 79
3072 80
3073 33
3073 34
3073 35
3073 36
3073 37
3073 38
3073 39
3073 40
3073 41
3073 42
3073 43
3073 44
3073 45
3073 46
3073 47
3073 48
3073 49
3073 50
3076 53
3076 54
3076 55
3076 56
3076 57
3076 58
3076 59
3076 60
3076 61
3076 62
3076 63
3076 64
3076 65
3076 66
3076 67
3076 68
3076 69
3076 70
3077 24
3077 25
3077 26
3077 27
3077 28
3077 29
3077 30
3077 31
3077 32
3077 33
3077 34
3077 35
3077 36
3077 37
3079 81
3079 82
3079 83
3079 84
3080 42
3080 43
3080 44
3080 45
3080 46
3080 47
3080 48
3080 49
3080 50
3080 51
3080 52
3080 53
3080 54
3080 55
3080 56
3080 57
3080 58
3080 59
3080 60
3083 65
3083 66
3083 67
3083 68
3083 69
3083 70
3083 71
3083 72
3083 73
3083 74
3083 75
3083 76
3083 77
3083 78
3083 79
3084 32
3084 33
3084 34
3084 35
3084 36
3084 37
3084 38
3084 39
3084 40
3084 41
3084 42
3084 43
3084 44
3084 45
3084 46
3084 47
3084 48
3087 52
3087 53
3087 54
3087 55
3087 56
3087 57
3087 58
3087 59
3087 60
3087 61
3087 62
3087 63
3087 64
3087 65
3087 66
3087 67
3087 68
3087 69
3088 23
3088 24
3088 25
3088 26
3088 27
3088 28
3088 29
3088 30
3088 31
3088 32
3088 33
3088 34
3088 35
3090 78
3090 79
3090 80
3090 81
3090 82
3090 83
3090 84
3091 40
3091 41
3091 42
3091 43
3091 44
3091 45
3091 46
3091 47
3091 48
3091 49
3091 50
3091 51
3091 52
3091 53
3091 54
3091 55
3091 56
3091 57
3091 58
3094 63
3094 64
3094 65
3094 66
3094 67
3094 68
3094 69
3094 70
3094 71
3094 72
3094 73
3094 74
3094 75
3094 76
3094 77
3095 30
3095 31
3095 32
3095 33
3095 34
3095 35
3095 36
3095 37
3095 38
3095 39
3095 40
3095 41
3095 42
3095 43
3095 44
3095 45
3095 46
3098 50
3098 51
3098 52
3098 53
3098 54
3098 55
3098 56
3098 57
3098 58
3098 59
3098 60
3098 61
3098 62
3098 63
3098 64
3098 65
3098 66
3098 67
3098 68
3099 22
3099 23
3099 24
3099 25
3099 26
3099 27
3099 28
3099 29
3099 30
3099 31
3099 32
3099 33
3101 76
3101 77
3101 78
3101 79
3101 80
3101 81
3101 82
3101 83
3102 39
3102 40
3102 41
3102 42
3102 43
3102 44
3102 45
3102 46
3102 47
3102 48
3102 49
3102 50
3102 51
3102 52
3102 53
3102 54
3102 55
3102 56
3102 57
3105 61
3105 62
3105 63
3105 64
3105 65
3105 66
3105 67
3105 68
3105 69
3105 70
3105 71
3105 72
3105 73
3105 74
3105 75
3105 76
3106 29
3106 30
3106 31
3106 32
3106 33
3106 34
3106 35
3106 36
3106 37
3106 38
3106 39
3106 40
3106 41
3106 42
3106 43
3106 44
3106 45
3109 49
3109 50
3109 51
3109 52
3109 53
3109 54
3109 55
3109 56
3109 57
3109 58
3109 59
3109 60
3109 61
3109 62
3109 63
3109 64
3109 65
3109 66
3110 21
3110 22
3110 23
3110 24
3110 25
3110 26
3110 27
3110 28
3110 29
3110 30
3110 31
3112 74
3112 75
3112 76
3112 77
3112 78
3112 79
3112 80
3112 81
3112 82
3112 83
3113 37
3113 38
3113 39
3113 40
3113 41
3113 42
3113 43
3113 44
3113 45
3113 46
3113 47
3113 48
3113 49
3113 50
3113 51
3113 52
3113 53
3113 54
3113 55
3116 59
3116 60
3116 61
3116 62
3116 63
3116 64
3116 65
3116 66
3116 67
3116 68
3116 69
3116 70
3116 71
3116 72
3116 73
3116 74
3116 75
3117 28
3117 29
3117 30
3117 31
3117 32
3117 33
3117 34
3117 35
3117 36
3117 37
3117 38
3117 39
3117 40
3117 41
3117 42
3117 43
3120 47
3120 48
3120 49
3120 50
3120 51
3120 52
3120 53
3120 54
3120 55
3120 56
3120 57
3120 58
3120 59
3120 60
3120 61
3120 62
3120 63
3120 64
3120 65
3121 20
3121 21
3121 22
3121 23
3121 24
3121 25
3121 26
3121 27
3121 28
3121 29
3123 72
3123 73
3123 74
3123 75
3123 76
3123 77
3123 78
3123 79
3123 80
3123 81
3123 82
3124 36
3124 37
3124 38
3124 39
3124 40
3124 41
3124 42
3124 43
3124 44
3124 45
3124 46
3124 47
3124 48
3124 49
3124 50
3124 51
3124 52
3124 53
3124 54
3127 58
3127 59
3127 60
3127 61
3127 62
3127 63
3127 64
3127 65
3127 66
3127 67
3127 68
3127 69
3127 70
3127 71
3127 72
3127 73
3127 74
3128 26
3128 27
3128 28
3128 29
3128 30
3128 31
3128 32
3128 33
3128 34
3128 35
3128 36
3128 37
3128 38
3128 39
3128 40
3128 41
3131 45
3131 46
3131 47
3131 48
3131 49
3131 50
3131 51
3131 52
3131 53
3131 54
3131 55
3131 56
3131 57
3131 58
3131 59
3131 60
3131 61
3131 62
3131 63
3132 19
3132 20
3132 21
3132 22
3132 23
3132 24
3132 25
3132 26
3132 27
3134 70
3134 71
3134 72
3134 73
3134 74
3134 75
3134 76
3134 77
3134 78
3134 79
3134 80
3134 81
3135 34
3135 35
3135 36
3135 37
3135 38
3135 39
3135 40
3135 41
3135 42
3135 43
3135 44
3135 45
3135 46
3135 47
3135 48
3135 49
3135 50
3135 51
3135 52
3138 56
3138 57
3138 58
3138 59
3138 60
3138 61
3138 62
3138 63
3138 64
3138 65
3138 66
3138 67
3138 68
3138 69
3138 70
3138 71
3138 72
3139 25
3139 26
3139 27
3139 28
3139 29
3139 30
3139 31
3139 32
3139 33
3139 34
3139 35
3139 36
3139 37
3139 38
3139 39
3139 40
3142 44
3142 45
3142 46
3142 47
3142 48
3142 49
3142 50
3142 51
3142 52
3142 53
3142 54
3142 55
3142 56
3142 57
3142 58
3142 59
3142 60
3142 61
3142 62
3143 18
3143 19
3143 20
3143 21
3143 22
3143 23
3143 24
3145 68
3145 69
3145 70
3145 71
3145 72
3145 73
3145 74
3145 75
3145 76
3145 77
3145 78
3145 79
3145 80
3146 33
3146 34
3146 35
3146 36
3146 37
3146 38
3146 39
3146 40
3146 41
3146 42
3146 43
3146 44
3146 45
3146 46
3146 47
3146 48
3146 49
3146 50
3149 54
3149 55
3149 56
3149 57
3149 58
3149 59
3149 60
3149 61
3149 62
3149 63
3149 64
3149 65
3149 66
3149 67
3149 68
3149 69
3149 70
3149 71
3150 24
3150 25
3150 26
3150 27
3150 28
3150 29
3150 30
3150 31
3150 32
3150 33
3150 34
3150 35
3150 36
3150 37
3150 38
3153 42
3153 43
3153 44
3153 45
3153 46
3153 47
3153 48
3153 49
3153 50
3153 51
3153 52
3153 53
3153 54
3153 55
3153 56
3153 57
3153 58
3153 59
3153 60
3154 18
3154 19
3154 20
3154 21
3154 22
3156 66
3156 67
3156 68
3156 69
3156 70
3156 71
3156 72
3156 73
3156 74
3156 75
3156 76
3156 77
3156 78
3156 79
3157 32
3157 33
3157 34
3157 35
3157 36
3157 37
3157 38
3157 39
3157 40
3157 41
3157 42
3157 43
3157 44
3157 45
3157 46
3157 47
3157 48
3157 49
3160 53
3160 54
3160 55
3160 56
3160 57
3160 58
3160 59
3160 60
3160 61
3160 62
3160 63
3160 64
3160 65
3160 66
3160 67
3160 68
3160 69
3160 70
3161 22
3161 23
3161 24
3161 25
3161 26
3161 27
3161 28
3161 29
3161 30
3161 31
3161 32
3161 33
3161 34
3161 35
3161 36
3164 41
3164 42
3164 43
3164 44
3164 45
3164 46
3164 47
3164 48
3164 49
3164 50
3164 51
3164 52
3164 53
3164 54
3164 55
3164 56
3164 57
3164 58
3164 59
3167 65
3167 66
3167 67
3167 68
3167 69
3167 70
3167 71
3167 72
3167 73
3167 74
3167 75
3167 76
3167 77
3168 30
3168 31
3168 32
3168 33
3168 34
3168 35
3168 36
3168 37
3168 38
3168 39
3168 40
3168 41
3168 42
3168 43
3168 44
3168 45
3168 46
3168 47
3171 51
3171 52
3171 53
3171 54
3171 55
3171 56
3171 57
3171 58
3171 59
3171 60
3171 61
3171 62
3171 63
3171 64
3171 65
3171 66
3171 67
3171 68
3172 21
3172 22
3172 23
3172 24
3172 25
3172 26
3172 27
3172 28
3172 29
3172 30
3172 31
3172 32
3172 33
3172 34
3175 39
3175 40
3175 41
3175 42
3175 43
3175 44
3175 45
3175 46
3175 47
3175 48
3175 49
3175 50
3175 51
3175 52
3175 53
3175 54
3175 55
3175 56
3175 57
3178 63
3178 64
3178 65
3178 66
3178 67
3178 68
3178 69
3178 70
3178 71
3178 72
3178 73
3178 74
3178 75
3178 76
3179 29
3179 30
3179 31
3179 32
3179 33
3179 34
3179 35
3179 36
3179 37
3179 38
3179 39
3179 40
3179 41
3179 42
3179 43
3179 44
3179 45
3179 46
3182 49
3182 50
3182 51
3182 52
3182 53
3182 54
3182 55
3182 56
3182 57
3182 58
3182 59
3182 60
3182 61
3182 62
3182 63
3182 64
3182 65
3182 66
3182 67
3183 20
3183 21
3183 22
3183 23
3183 24
3183 25
3183 26
3183 27
3183 28
3183 29
3183 30
3183 31
3183 32
3186 38
3186 39
3186 40
3186 41
3186 42
3186 43
3186 44
3186 45
3186 46
3186 47
3186 48
3186 49
3186 50
3186 51
3186 52
3186 53
3186 54
3186 55
3186 56
3189 61
3189 62
3189 63
3189 64
3189 65
3189 66
3189 67
3189 68
3189 69
3189 70
3189 71
3189 72
3189 73
3189 74
3189 75
3190 27
3190 28
3190 29
3190 30
3190 31
3190 32
3190 33
3190 34
3190 35
3190 36
3190 37
3190 38
3190 39
3190 40
3190 41
3190 42
3190 43
3190 44
3193 48
3193 49
3193 50
3193 51
3193 52
3193 53
3193 54
3193 55
3193 56
3193 57
3193 58
3193 59
3193 60
3193 61
3193 62
3193 63
3193 64
3193 65
3194 19
3194 20
3194 21
3194 22
3194 23
3194 24
3194 25
3194 26
3194 27
3194 28
3194 29
3194 30
3196 77
3196 78
3196 79
3197 36
3197 37
3197 38
3197 39
3197 40
3197 41
3197 42
3197 43
3197 44
3197 45
3197 46
3197 47
3197 48
3197 49
3197 50
3197 51
3197 52
3197 53
3197 54
3200 59
3200 60
3200 61
3200 62
3200 63
3200 64
3200 65
3200 66
3200 67
3200 68
3200 69
3200 70
3200 71
3200 72
3200 73
3200 74
3201 26
3201 27
3201 28
3201 29
3201 30
3201 31
3201 32
3201 33
3201 34
3201 35
3201 36
3201 37
3201 38
3201 39
3201 40
3201 41
3201 42
3204 46
3204 47
3204 48
3204 49
3204 50
3204 51
3204 52
3204 53
3204 54
3204 55
3204 56
3204 57
3204 58
3204 59
3204 60
3204 61
3204 62
3204 63
3204 64
3205 18
3205 19
3205 20
3205 21
3205 22
3205 23
3205 24
3205 25
3205 26
3205 27
3205 28
3207 74
3207 75
3207 76
3207 77
3207 78
3207 79
3208 35
3208 36
3208 37
3208 38
3208 39
3208 40
3208 41
3208 42
3208 43
3208 44
3208 45
3208 46
3208 47
3208 48
3208 49
3208 50
3208 51
3208 52
3208 53
3211 57
3211 58
3211 59
3211 60
3211 61
3211 62
3211 63
3211 64
3211 65
3211 66
3211 67
3211 68
3211 69
3211 70
3211 71
3211 72
3212 24
3212 25
3212 26
3212 27
3212 28
3212 29
3212 30
3212 31
3212 32
3212 33
3212 34
3212 35
3212 36
3212 37
3212 38
3212 39
3212 40
3215 45
3215 46
3215 47
3215 48
3215 49
3215 50
3215 51
3215 52
3215 53
3215 54
3215 55
3215 56
3215 57
3215 58
3215 59
3215 60
3215 61
3215 62
3216 17
3216 18
3216 19
3216 20
3216 21
3216 22
3216 23
3216 24
3216 25
3216 26
3218 72
3218 73
3218 74
3218 75
3218 76
3218 77
3218 78
3219 33
3219 34
3219 35
3219 36
3219 37
3219 38
3219 39
3219 40
3219 41
3219 42
3219 43
3219 44
3219 45
3219 46
3219 47
3219 48
3219 49
3219 50
3219 51
3222 56
3222 57
3222 58
3222 59
3222 60
3222 61
3222 62
3222 63
3222 64
3222 65
3222 66
3222 67
3222 68
3222 69
3222 70
3222 71
3223 23
3223 24
3223 25
3223 26
3223 27
3223 28
3223 29
3223 30
3223 31
3223 32
3223 33
3223 34
3223 35
3223 36
3223 37
3223 38
3226 43
3226 44
3226 45
3226 46
3226 47
3226 48
3226 49
3226 50
3226 51
3226 52
3226 53
3226 54
3226 55
3226 56
3226 57
3226 58
3226 59
3226 60
3226 61
3227 16
3227 17
3227 18
3227 19
3227 20
3227 21
3227 22
3227 23
3229 70
3229 71
3229 72
3229 73
3229 74
3229 75
3229 76
3229 77
3230 32
3230 33
3230 34
3230 35
3230 36
3230 37
3230 38
3230 39
3230 40
3230 41
3230 42
3230 43
3230 44
3230 45
3230 46
3230 47
3230 48
3230 49
3233 54
3233 55
3233 56
3233 57
3233 58
3233 59
3233 60
3233 61
3233 62
3233 63
3233 64
3233 65
3233 66
3233 67
3233 68
3233 69
3233 70
3234 22
3234 23
3234 24
3234 25
3234 26
3234 27
3234 28
3234 29
3234 30
3234 31
3234 32
3234 33
3234 34
3234 35
3234 36
3234 37
3237 41
3237 42
3237 43
3237 44
3237 45
3237 46
3237 47
3237 48
3237 49
3237 50
3237 51
3237 52
3237 53
3237 54
3237 55
3237 56
3237 57
3237 58
3237 59
3238 16
3238 17
3238 18
3238 19
3238 20
3238 21
3240 67
3240 68
3240 69
3240 70
3240 71
3240 72
3240 73
3240 74
3240 75
3240 76
3241 30
3241 31
3241 32
3241 33
3241 34
3241 35
3241 36
3241 37
3241 38
3241 39
3241 40
3241 41
3241 42
3241 43
3241 44
3241 45
3241 46
3241 47
3241 48
3244 52
3244 53
3244 54
3244 55
3244 56
3244 57
3244 58
3244 59
3244 60
3244 61
3244 62
3244 63
3244 64
3244 65
3244 66
3244 67
3244 68
3245 21
3245 22
3245 23
3245 24
3245 25
3245 26
3245 27
3245 28
3245 29
3245 30
3245 31
3245 32
3245 33
3245 34
3245 35
3248 40
3248 41
3248 42
3248 43
3248 44
3248 45
3248 46
3248 47
3248 48
3248 49
3248 50
3248 51
3248 52
3248 53
3248 54
3248 55
3248 56
3248 57
3248 58
3249 16
3249 17
3251 65
3251 66
3251 67
3251 68
3251 69
3251 70
3251 71
3251 72
3251 73
3251 74
3251 75
3252 29
3252 30
3252 31
3252 32
3252 33
3252 34
3252 35
3252 36
3252 37
3252 38
3252 39
3252 40
3252 41
3252 42
3252 43
3252 44
3252 45
3252 46
3255 51
3255 52
3255 53
3255 54
3255 55
3255 56
3255 57
3255 58
3255 59
3255 60
3255 61
3255 62
3255 63
3255 64
3255 65
3255 66
3255 67
3256 19
3256 20
3256 21
3256 22
3256 23
3256 24
3256 25
3256 26
3256 27
3256 28
3256 29
3256 30
3256 31
3256 32
3256 33
3259 38
3259 39
3259 40
3259 41
3259 42
3259 43
3259 44
3259 45
3259 46
3259 47
3259 48
3259 49
3259 50
3259 51
3259 52
3259 53
3259 54
3259 55
3259 56
3262 64
3262 65
3262 66
3262 67
3262 68
3262 69
3262 70
3262 71
3262 72
3262 73
3262 74
3263 27
3263 28
3263 29
3263 30
3263 31
3263 32
3263 33
3263 34
3263 35
3263 36
3263 37
3263 38
3263 39
3263 40
3263 41
3263 42
3263 43
3263 44
3266 49
3266 50
3266 51
3266 52
3266 53
3266 54
3266 55
3266 56
3266 57
3266 58
3266 59
3266 60
3266 61
3266 62
3266 63
3266 64
3266 65
3267 18
3267 19
3267 20
3267 21
3267 22
3267 23
3267 24
3267 25
3267 26
3267 27
3267 28
3267 29
3267 30
3267 31
3270 37
3270 38
3270 39
3270 40
3270 41
3270 42
3270 43
3270 44
3270 45
3270 46
3270 47
3270 48
3270 49
3270 50
3270 51
3270 52
3270 53
3270 54
3273 62
3273 63
3273 64
3273 65
3273 66
3273 67
3273 68
3273 69
3273 70
3273 71
3273 72
3273 73
3274 26
3274 27
3274 28
3274 29
3274 30
3274 31
3274 32
3274 33
3274 34
3274 35
3274 36
3274 37
3274 38
3274 39
3274 40
3274 41
3274 42
3277 47
3277 48
3277 49
3277 50
3277 51
3277 52
3277 53
3277 54
3277 55
3277 56
3277 57
3277 58
3277 59
3277 60
3277 61
3277 62
3277 63
3277 64
3278 17
3278 18
3278 19
3278 20
3278 21
3278 22
3278 23
3278 24
3278 25
3278 26
3278 27
3278 28
3281 35
3281 36
3281 37
3281 38
3281 39
3281 40
3281 41
3281 42
3281 43
3281 44
3281 45
3281 46
3281 47
3281 48
3281 49
3281 50
3281 51
3281 52
3281 53
3284 60
3284 61
3284 62
3284 63
3284 64
3284 65
3284 66
3284 67
3284 68
3284 69
3284 70
3284 71
3285 24
3285 25
3285 26
3285 27
3285 28
3285 29
3285 30
3285 31
3285 32
3285 33
3285 34
3285 35
3285 36
3285 37
3285 38
3285 39
3285 40
3288 46
3288 47
3288 48
3288 49
3288 50
3288 51
3288 52
3288 53
3288 54
3288 55
3288 56
3288 57
3288 58
3288 59
3288 60
3288 61
3288 62
3289 16
3289 17
3289 18
3289 19
3289 20
3289 21
3289 22
3289 23
3289 24
3289 25
3289 26
3292 33
3292 34
3292 35
3292 36
3292 37
3292 38
3292 39
3292 40
3292 41
3292 42
3292 43
3292 44
3292 45
3292 46
3292 47
3292 48
3292 49
3292 50
3292 51
3295 58
3295 59
3295 60
3295 61
3295 62
3295 63
3295 64
3295 65
3295 66
3295 67
3295 68
3295 69
3295 70
3296 23
3296 24
3296 25
3296 26
3296 27
3296 28
3296 29
3296 30
3296 31
3296 32
3296 33
3296 34
3296 35
3296 36
3296 37
3296 38
3299 44
3299 45
3299 46
3299 47
3299 48
3299 49
3299 50
3299 51
3299 52
3299 53
3299 54
3299 55
3299 56
3299 57
3299 58
3299 59
3299 60
3300 15
3300 16
3300 17
3300 18
3300 19
3300 20
3300 21
3300 22
3300 23
3300 24
3303 32
3303 33
3303 34
3303 35
3303 36
3303 37
3303 38
3303 39
3303 40
3303 41
3303 42
3303 43
3303 44
3303 45
3303 46
3303 47
3303 48
3303 49
3306 56
3306 57
3306 58
3306 59
3306 60
3306 61
3306 62
3306 63
3306 64
3306 65
3306 66
3306 67
3306 68
3307 22
3307 23
3307 24
3307 25
3307 26
3307 27
3307 28
3307 29
3307 30
3307 31
3307 32
3307 33
3307 34
3307 35
3307 36
3307 37
3310 42
3310 43
3310 44
3310 45
3310 46
3310 47
3310 48
3310 49
3310 50
3310 51
3310 52
3310 53
3310 54
3310 55
3310 56
3310 57
3310 58
3310 59
3311 14
3311 15
3311 16
3311 17
3311 18
3311 19
3311 20
3311 21
3314 30
3314 31
3314 32
3314 33
3314 34
3314 35
3314 36
3314 37
3314 38
3314 39
3314 40
3314 41
3314 42
3314 43
3314 44
3314 45
3314 46
3314 47
3317 54
3317 55
3317 56
3317 57
3317 58
3317 59
3317 60
3317 61
3317 62
3317 63
3317 64
3317 65
3317 66
3317 67
3318 20
3318 21
3318 22
3318 23
3318 24
3318 25
3318 26
3318 27
3318 28
3318 29
3318 30
3318 31
3318 32
3318 33
3318 34
3318 35
3321 41
3321 42
3321 43
3321 44
3321 45
3321 46
3321 47
3321 48
3321 49
3321 50
3321 51
3321 52
3321 53
3321 54
3321 55
3321 56
3321 57
3322 14
3322 15
3322 16
3322 17
3322 18
3325 29
3325 30
3325 31
3325 32
3325 33
3325 34
3325 35
3325 36
3325 37
3325 38
3325 39
3325 40
3325 41
3325 42
3325 43
3325 44
3325 45
3328 52
3328 53
3328 54
3328 55
3328 56
3328 57
3328 58
3328 59
3328 60
3328 61
3328 62
3328 63
3328 64
3328 65
3329 19
3329 20
3329 21
3329 22
3329 23
3329 24
3329 25
3329 26
3329 27
3329 28
3329 29
3329 30
3329 31
3329 32
3329 33
3332 39
3332 40
3332 41
3332 42
3332 43
3332 44
3332 45
3332 46
3332 47
3332 48
3332 49
3332 50
3332 51
3332 52
3332 53
3332 54
3332 55
3336 27
3336 28
3336 29
3336 30
3336 31
3336 32
3336 33
3336 34
3336 35
3336 36
3336 37
3336 38
3336 39
3336 40
3336 41
3336 42
3336 43
3336 44
3339 51
3339 52
3339 53
3339 54
3339 55
3339 56
3339 57
3339 58
3339 59
3339 60
3339 61
3339 62
3339 63
3339 64
3340 18
3340 19
3340 20
3340 21
3340 22
3340 23
3340 24
3340 25
3340 26
3340 27
3340 28
3340 29
3340 30
3343 37
3343 38
3343 39
3343 40
3343 41
3343 42
3343 43
3343 44
3343 45
3343 46
3343 47
3343 48
3343 49
3343 50
3343 51
3343 52
3343 53
3343 54
3347 26
3347 27
3347 28
3347 29
3347 30
3347 31
3347 32
3347 33
3347 34
3347 35
3347 36
3347 37
3347 38
3347 39
3347 40
3347 41
3347 42
3350 49
3350 50
3350 51
3350 52
3350 53
3350 54
3350 55
3350 56
3350 57
3350 58
3350 59
3350 60
3350 61
3350 62
3351 17
3351 18
3351 19
3351 20
3351 21
3351 22
3351 23
3351 24
3351 25
3351 26
3351 27
3351 28
3354 36
3354 37
3354 38
3354 39
3354 40
3354 41
3354 42
3354 43
3354 44
3354 45
3354 46
3354 47
3354 48
3354 49
3354 50
3354 51
3354 52
3357 65
3357 66
3357 67
3358 24
3358 25
3358 26
3358 27
3358 28
3358 29
3358 30
3358 31
3358 32
3358 33
3358 34
3358 35
3358 36
3358 37
3358 38
3358 39
3358 40
3361 47
3361 48
3361 49
3361 50
3361 51
3361 52
3361 53
3361 54
3361 55
3361 56
3361 57
3361 58
3361 59
3361 60
3361 61
3362 15
3362 16
3362 17
3362 18
3362 19
3362 20
3362 21
3362 22
3362 23
3362 24
3362 25
3362 26
3365 34
3365 35
3365 36
3365 37
3365 38
3365 39
3365 40
3365 41
3365 42
3365 43
3365 44
3365 45
3365 46
3365 47
3365 48
3365 49
3365 50
3368 62
3368 63
3368 64
3368 65
3368 66
3369 23
3369 24
3369 25
3369 26
3369 27
3369 28
3369 29
3369 30
3369 31
3369 32
3369 33
3369 34
3369 35
3369 36
3369 37
3369 38
3372 45
3372 46
3372 47
3372 48
3372 49
3372 50
3372 51
3372 52
3372 53
3372 54
3372 55
3372 56
3372 57
3372 58
3372 59
3373 14
3373 15
3373 16
3373 17
3373 18
3373 19
3373 20
3373 21
3373 22
3373 23
3373 24
3376 33
3376 34
3376 35
3376 36
3376 37
3376 38
3376 39
3376 40
3376 41
3376 42
3376 43
3376 44
3376 45
3376 46
3376 47
3376 48
3379 60
3379 61
3379 62
3379 63
3379 64
3379 65
3380 22
3380 23
3380 24
3380 25
3380 26
3380 27
3380 28
3380 29
3380 30
3380 31
3380 32
3380 33
3380 34
3380 35
3380 36
3383 44
3383 45
3383 46
3383 47
3383 48
3383 49
3383 50
3383 51
3383 52
3383 53
3383 54
3383 55
3383 56
3383 57
3384 14
3384 15
3384 16
3384 17
3384 18
3384 19
3384 20
3384 21
3387 31
3387 32
3387 33
3387 34
3387 35
3387 36
3387 37
3387 38
3387 39
3387 40
3387 41
3387 42
3387 43
3387 44
3387 45
3387 46
3390 58
3390 59
3390 60
3390 61
3390 62
3390 63
3390 64
3391 20
3391 21
3391 22
3391 23
3391 24
3391 25
3391 26
3391 27
3391 28
3391 29
3391 30
3391 31
3391 32
3391 33
3391 34
3394 42
3394 43
3394 44
3394 45
3394 46
3394 47
3394 48
3394 49
3394 50
3394 51
3394 52
3394 53
3394 54
3394 55
3394 56
3395 13
3395 14
3395 15
3395 16
3395 17
3395 18
3398 29
3398 30
3398 31
3398 32
3398 33
3398 34
3398 35
3398 36
3398 37
3398 38
3398 39
3398 40
3398 41
3398 42
3398 43
3398 44
3398 45
3401 56
3401 57
3401 58
3401 59
3401 60
3401 61
3401 62
3402 19
3402 20
3402 21
3402 22
3402 23
3402 24
3402 25
3402 26
3402 27
3402 28
3402 29
3402 30
3402 31
3402 32
3405 40
3405 41
3405 42
3405 43
3405 44
3405 45
3405 46
3405 47
3405 48
3405 49
3405 50
3405 51
3405 52
3405 53
3405 54
3406 13
3406 14
3406 15
3409 28
3409 29
3409 30
3409 31
3409 32
3409 33
3409 34
3409 35
3409 36
3409 37
3409 38
3409 39
3409 40
3409 41
3409 42
3409 43
3412 54
3412 55
3412 56
3412 57
3412 58
3412 59
3412 60
3412 61
3413 18
3413 19
3413 20
3413 21
3413 22
3413 23
3413 24
3413 25
3413 26
3413 27
3413 28
3413 29
3413 30
3416 38
3416 39
3416 40
3416 41
3416 42
3416 43
3416 44
3416 45
3416 46
3416 47
3416 48
3416 49
3416 50
3416 51
3416 52
3420 26
3420 27
3420 28
3420 29
3420 30
3420 31
3420 32
3420 33
3420 34
3420 35
3420 36
3420 37
3420 38
3420 39
3420 40
3420 41
3423 52
3423 53
3423 54
3423 55
3423 56
3423 57
3423 58
3423 59
3424 16
3424 17
3424 18
3424 19
3424 20
3424 21
3424 22
3424 23
3424 24
3424 25
3424 26
3424 27
3424 28
3427 37
3427 38
3427 39
3427 40
3427 41
3427 42
3427 43
3427 44
3427 45
3427 46
3427 47
3427 48
3427 49
3427 50
3431 25
3431 26
3431 27
3431 28
3431 29
3431 30
3431 31
3431 32
3431 33
3431 34
3431 35
3431 36
3431 37
3431 38
3431 39
3434 50
3434 51
3434 52
3434 53
3434 54
3434 55
3434 56
3434 57
3434 58
3435 15
3435 16
3435 17
3435 18
3435 19
3435 20
3435 21
3435 22
3435 23
3435 24
3435 25
3438 35
3438 36
3438 37
3438 38
3438 39
3438 40
3438 41
3438 42
3438 43
3438 44
3438 45
3438 46
3438 47
3438 48
3438 49
3442 23
3442 24
3442 25
3442 26
3442 27
3442 28
3442 29
3442 30
3442 31
3442 32
3442 33
3442 34
3442 35
3442 36
3442 37
3445 48
3445 49
3445 50
3445 51
3445 52
3445 53
3445 54
3445 55
3445 56
3446 14
3446 15
3446 16
3446 17
3446 18
3446 19
3446 20
3446 21
3446 22
3446 23
3449 33
3449 34
3449 35
3449 36
3449 37
3449 38
3449 39
3449 40
3449 41
3449 42
3449 43
3449 44
3449 45
3449 46
3449 47
3453 22
3453 23
3453 24
3453 25
3453 26
3453 27
3453 28
3453 29
3453 30
3453 31
3453 32
3453 33
3453 34
3453 35
3456 46
3456 47
3456 48
3456 49
3456 50
3456 51
3456 52
3456 53
3456 54
3456 55
3457 13
3457 14
3457 15
3457 16
3457 17
3457 18
3457 19
3457 20
3457 21
3460 32
3460 33
3460 34
3460 35
3460 36
3460 37
3460 38
3460 39
3460 40
3460 41
3460 42
3460 43
3460 44
3460 45
3464 20
3464 21
3464 22
3464 23
3464 24
3464 25
3464 26
3464 27
3464 28
3464 29
3464 30
3464 31
3464 32
3464 33
3467 44
3467 45
3467 46
3467 47
3467 48
3467 49
3467 50
3467 51
3467 52
3467 53
3468 12
3468 13
3468 14
3468 15
3468 16
3468 17
3468 18
3471 30
3471 31
3471 32
3471 33
3471 34
3471 35
3471 36
3471 37
3471 38
3471 39
3471 40
3471 41
3471 42
3471 43
3475 19
3475 20
3475 21
3475 22
3475 23
3475 24
3475 25
3475 26
3475 27
3475 28
3475 29
3475 30
3475 31
3478 42
3478 43
3478 44
3478 45
3478 46
3478 47
3478 48
3478 49
3478 50
3478 51
3479 12
3479 13
3479 14
3482 28
3482 29
3482 30
3482 31
3482 32
3482 33
3482 34
3482 35
3482 36
3482 37
3482 38
3482 39
3482 40
3482 41
3482 439
3482 440
3486 18
3486 19
3486 20
3486 21
3486 22
3486 23
3486 24
3486 25
3486 26
3486 27
3486 28
3486 29
3489 40
3489 41
3489 42
3489 43
3489 44
3489 45
3489 46
3489 47
3489 48
3489 49
3489 447
3489 448
3489 449
3489 450
3489 451
3493 27
3493 28
3493 29
3493 30
3493 31
3493 32
3493 33
3493 34
3493 35
3493 36
3493 37
3493 38
3493 39
3493 436
3493 437
3493 438
3493 439
3493 440
3497 16
3497 17
3497 18
3497 19
3497 20
3497 21
3497 22
3497 23
3497 24
3497 25
3497 26
3500 38
3500 39
3500 40
3500 41
3500 42
3500 43
3500 44
3500 45
3500 46
3500 47
3500 48
3500 444
3500 445
3500 446
3500 447
3500 448
3500 449
3500 450
3504 25
3504 26
3504 27
3504 28
3504 29
3504 30
3504 31
3504 32
3504 33
3504 34
3504 35
3504 36
3504 37
3504 433
3504 434
3504 435
3504 436
3504 437
3504 438
3504 439
3508 15
3508 16
3508 17
3508 18
3508 19
3508 20
3508 21
3508 22
3508 23
3508 24
3511 37
3511 38
3511 39
3511 40
3511 41
3511 42
3511 43
3511 44
3511 45
3511 46
3511 441
3511 442
3511 443
3511 444
3511 445
3511 446
3511 447
3511 448
3511 449
3515 24
3515 25
3515 26
3515 27
3515 28
3515 29
3515 30
3515 31
3515 32
3515 33
3515 34
3515 35
3515 431
3515 432
3515 433
3515 434
3515 435
3515 436
3515 437
3515 438
3518 452
3518 453
3518 454
3518 455
3518 456
3518 457
3519 14
3519 15
3519 16
3519 17
3519 18
3519 19
3519 20
3519 21
3519 22
3522 35
3522 36
3522 37
3522 38
3522 39
3522 40
3522 41
3522 42
3522 43
3522 44
3522 439
3522 440
3522 441
3522 442
3522 443
3522 444
3522 445
3522 446
3522 447
3522 448
3526 22
3526 23
3526 24
3526 25
3526 26
3526 27
3526 28
3526 29
3526 30
3526 31
3526 32
3526 33
3526 429
3526 430
3526 431
3526 432
3526 433
3526 434
3526 435
3526 436
3526 437
3529 449
3529 450
3529 451
3529 452
3529 453
3529 454
3529 455
3529 456
3529 457
3530 13
3530 14
3530 15
3530 16
3530 17
3530 18
3530 19
3533 33
3533 34
3533 35
3533 36
3533 37
3533 38
3533 39
3533 40
3533 41
3533 42
3533 436
3533 437
3533 438
3533 439
3533 440
3533 441
3533 442
3533 443
3533 444
3533 445
3533 446
3533 447
3537 21
3537 22
3537 23
3537 24
3537 25
3537 26
3537 27
3537 28
3537 29
3537 30
3537 31
3537 427
3537 428
3537 429
3537 430
3537 431
3537 432
3537 433
3537 434
3537 435
3540 446
3540 447
3540 448
3540 449
3540 450
3540 451
3540 452
3540 453
3540 454
3540 455
3540 456
3541 12
3541 13
3541 14
3541 15
3541 16
3541 17
3544 31
3544 32
3544 33
3544 34
3544 35
3544 36
3544 37
3544 38
3544 39
3544 40
3544 41
3544 434
3544 435
3544 436
3544 437
3544 438
3544 439
3544 440
3544 441
3544 442
3544 443
3544 444
3544 445
3544 446
3548 19
3548 20
3548 21
3548 22
3548 23
3548 24
3548 25
3548 26
3548 27
3548 28
3548 29
3548 425
3548 426
3548 427
3548 428
3548 429
3548 430
3548 431
3548 432
3548 433
3548 434
3551 444
3551 445
3551 446
3551 447
3551 448
3551 449
3551 450
3551 451
3551 452
3551 453
3551 454
3551 455
3552 12
3552 13
3555 29
3555 30
3555 31
3555 32
3555 33
3555 34
3555 35
3555 36
3555 37
3555 38
3555 39
3555 432
3555 433
3555 434
3555 435
3555 436
3555 437
3555 438
3555 439
3555 440
3555 441
3555 442
3555 443
3555 444
3555 445
3558 456
3558 457
3558 458
3558 459
3558 460
3558 461
3559 18
3559 19
3559 20
3559 21
3559 22
3559 23
3559 24
3559 25
3559 26
3559 27
3559 423
3559 424
3559 425
3559 426
3559 427
3559 428
3559 429
3559 430
3559 431
3559 432
3559 433
3562 441
3562 442
3562 443
3562 444
3562 445
3562 446
3562 447
3562 448
3562 449
3562 450
3562 451
3562 452
3562 453
3562 454
3566 28
3566 29
3566 30
3566 31
3566 32
3566 33
3566 34
3566 35
3566 36
3566 37
3566 430
3566 431
3566 432
3566 433
3566 434
3566 435
3566 436
3566 437
3566 438
3566 439
3566 440
3566 441
3566 442
3566 443
3566 444
3569 453
3569 454
3569 455
3569 456
3569 457
3569 458
3569 459
3569 460
3569 461
3570 16
3570 17
3570 18
3570 19
3570 20
3570 21
3570 22
3570 23
3570 24
3570 25
3570 421
3570 422
3570 423
3570 424
3570 425
3570 426
3570 427
3570 428
3570 429
3570 430
3570 431
3573 439
3573 440
3573 441
3573 442
3573 443
3573 444
3573 445
3573 446
3573 447
3573 448
3573 449
3573 450
3573 451
3573 452
3573 453
3577 26
3577 27
3577 28
3577 29
3577 30
3577 31
3577 32
3577 33
3577 34
3577 35
3577 428
3577 429
3577 430
3577 431
3577 432
3577 433
3577 434
3577 435
3577 436
3577 437
3577 438
3577 439
3577 440
3577 441
3577 442
3580 450
3580 451
3580 452
3580 453
3580 454
3580 455
3580 456
3580 457
3580 458
3580 459
3580 460
3580 461
3581 15
3581 16
3581 17
3581 18
3581 19
3581 20
3581 21
3581 22
3581 23
3581 419
3581 420
3581 421
3581 422
3581 423
3581 424
3581 425
3581 426
3581 427
3581 428
3581 429
3581 430
3584 437
3584 438
3584 439
3584 440
3584 441
3584 442
3584 443
3584 444
3584 445
3584 446
3584 447
3584 448
3584 449
3584 450
3584 451
3584 452
3588 24
3588 25
3588 26
3588 27
3588 28
3588 29
3588 30
3588 31
3588 32
3588 33
3588 426
3588 427
3588 428
3588 429
3588 430
3588 431
3588 432
3588 433
3588 434
3588 435
3588 436
3588 437
3588 438
3588 439
3588 440
3588 441
3591 448
3591 449
3591 450
3591 451
3591 452
3591 453
3591 454
3591 455
3591 456
3591 457
3591 458
3591 459
3591 460
3592 14
3592 15
3592 16
3592 17
3592 18
3592 19
3592 20
3592 21
3592 417
3592 418
3592 419
3592 420
3592 421
3592 422
3592 423
3592 424
3592 425
3592 426
3592 427
3592 428
3595 435
3595 436
3595 437
3595 438
3595 439
3595 440
3595 441
3595 442
3595 443
3595 444
3595 445
3595 446
3595 447
3595 448
3595 449
3595 450
3595 451
3599 23
3599 24
3599 25
3599 26
3599 27
3599 28
3599 29
3599 30
3599 31
3599 424
3599 425
3599 426
3599 427
3599 428
3599 429
3599 430
3599 431
3599 432
3599 433
3599 434
3599 435
3599 436
3599 437
3599 438
3599 439
3602 445
3602 446
3602 447
3602 448
3602 449
3602 450
3602 451
3602 452
3602 453
3602 454
3602 455
3602 456
3602 457
3602 458
3602 459
3603 13
3603 14
3603 15
3603 16
3603 17
3603 18
3603 415
3603 416
3603 417
3603 418
3603 419
3603 420
3603 421
3603 422
3603 423
3603 424
3603 425
3603 426
3603 427
3606 37
3606 433
3606 434
3606 435
3606 436
3606 437
3606 438
3606 439
3606 440
3606 441
3606 442
3606 443
3606 444
3606 445
3606 446
3606 447
3606 448
3606 449
3609 458
3609 459
3609 460
3609 461
3609 462
3609 463
3609 464
3610 21
3610 22
3610 23
3610 24
3610 25
3610 26
3610 27
3610 28
3610 29
3610 422
3610 423
3610 424
3610 425
3610 426
3610 427
3610 428
3610 429
3610 430
3610 431
3610 432
3610 433
3610 434
3610 435
3610 436
3610 437
3610 438
3613 443
3613 444
3613 445
3613 446
3613 447
3613 448
3613 449
3613 450
3613 451
3613 452
3613 453
3613 454
3613 455
3613 456
3613 457
3613 458
3614 12
3614 13
3614 14
3614 15
3614 16
3614 167
3614 168
3614 169
3614 414
3614 415
3614 416
3614 417
3614 418
3614 419
3614 420
3614 421
3614 422
3614 423
3614 424
3614 425
3617 34
3617 35
3617 36
3617 431
3617 432
3617 433
3617 434
3617 435
3617 436
3617 437
3617 438
3617 439
3617 440
3617 441
3617 442
3617 443
3617 444
3617 445
3617 446
3617 447
3617 448
3620 455
3620 456
3620 457
3620 458
3620 459
3620 460
3620 461
3620 462
3620 463
3620 464
3621 19
3621 20
3621 21
3621 22
3621 23
3621 24
3621 25
3621 26
3621 27
3621 420
3621 421
3621 422
3621 423
3621 424
3621 425
3621 426
3621 427
3621 428
3621 429
3621 430
3621 431
3621 432
3621 433
3621 434
3621 435
3621 436
3621 437
3624 441
3624 442
3624 443
3624 444
3624 445
3624 446
3624 447
3624 448
3624 449
3624 450
3624 451
3624 452
3624 453
3624 454
3624 455
3624 456
3624 457
3625 12
3625 164
3625 165
3625 166
3625 167
3625 168
3625 169
3625 412
3625 413
3625 414
3625 415
3625 416
3625 417
3625 418
3625 419
3625 420
3625 421
3625 422
3625 423
3628 32
3628 33
3628 34
3628 35
3628 429
3628 430
3628 431
3628 432
3628 433
3628 434
3628 435
3628 436
3628 437
3628 438
3628 439
3628 440
3628 441
3628 442
3628 443
3628 444
3628 445
3628 446
3628 447
3631 452
3631 453
3631 454
3631 455
3631 456
3631 457
3631 458
3631 459
3631 460
3631 461
3631 462
3631 463
3631 464
3632 18
3632 19
3632 20
3632 21
3632 22
3632 23
3632 24
3632 25
3632 174
3632 175
3632 176
3632 177
3632 419
3632 420
3632 421
3632 422
3632 423
3632 424
3632 425
3632 426
3632 427
3632 428
3632 429
3632 430
3632 431
3632 432
3632 433
3632 434
3632 435
3635 439
3635 440
3635 441
3635 442
3635 443
3635 444
3635 445
3635 446
3635 447
3635 448
3635 449
3635 450
3635 451
3635 452
3635 453
3635 454
3635 455
3636 162
3636 163
3636 164
3636 165
3636 166
3636 167
3636 168
3636 411
3636 412
3636 413
3636 414
3636 415
3636 416
3636 417
3636 418
3636 419
3636 420
3636 421
3636 422
3639 30
3639 31
3639 32
3639 33
3639 427
3639 428
3639 429
3639 430
3639 431
3639 432
3639 433
3639 434
3639 435
3639 436
3639 437
3639 438
3639 439
3639 440
3639 441
3639 442
3639 443
3639 444
3639 445
3642 450
3642 451
3642 452
3642 453
3642 454
3642 455
3642 456
3642 457
3642 458
3642 459
3642 460
3642 461
3642 462
3642 463
3643 16
3643 17
3643 18
3643 19
3643 20
3643 21
3643 22
3643 23
3643 172
3643 173
3643 174
3643 175
3643 176
3643 177
3643 417
3643 418
3643 419
3643 420
3643 421
3643 422
3643 423
3643 424
3643 425
3643 426
3643 427
3643 428
3643 429
3643 430
3643 431
3643 432
3643 433
3643 434
3646 436
3646 437
3646 438
3646 439
3646 440
3646 441
3646 442
3646 443
3646 444
3646 445
3646 446
3646 447
3646 448
3646 449
3646 450
3646 451
3646 452
3646 453
3646 454
3647 161
3647 162
3647 163
3647 164
3647 165
3647 166
3647 167
3647 409
3647 410
3647 411
3647 412
3647 413
3647 414
3647 415
3647 416
3647 417
3647 418
3647 419
3647 420
3650 27
3650 28
3650 29
3650 30
3650 31
3650 32
3650 425
3650 426
3650 427
3650 428
3650 429
3650 430
3650 431
3650 432
3650 433
3650 434
3650 435
3650 436
3650 437
3650 438
3650 439
3650 440
3650 441
3650 442
3650 443
3650 444
3653 447
3653 448
3653 449
3653 450
3653 451
3653 452
3653 453
3653 454
3653 455
3653 456
3653 457
3653 458
3653 459
3653 460
3653 461
3653 462
3654 15
3654 16
3654 17
3654 18
3654 19
3654 20
3654 21
3654 170
3654 171
3654 172
3654 173
3654 174
3654 175
3654 176
3654 415
3654 416
3654 417
3654 418
3654 419
3654 420
3654 421
3654 422
3654 423
3654 424
3654 425
3654 426
3654 427
3654 428
3654 429
3654 430
3654 431
3654 432
3657 434
3657 435
3657 436
3657 437
3657 438
3657 439
3657 440
3657 441
3657 442
3657 443
3657 444
3657 445
3657 446
3657 447
3657 448
3657 449
3657 450
3657 451
3657 452
3657 453
3658 159
3658 160
3658 161
3658 162
3658 163
3658 164
3658 165
3658 166
3658 407
3658 408
3658 409
3658 410
3658 411
3658 412
3658 413
3658 414
3658 415
3658 416
3658 417
3658 418
3660 461
3660 462
3660 463
3660 464
3660 465
3660 466
3661 25
3661 26
3661 27
3661 28
3661 29
3661 30
3661 180
3661 181
3661 182
3661 423
3661 424
3661 425
3661 426
3661 427
3661 428
3661 429
3661 430
3661 431
3661 432
3661 433
3661 434
3661 435
3661 436
3661 437
3661 438
3661 439
3661 440
3661 441
3661 442
3664 445
3664 446
3664 447
3664 448
3664 449
3664 450
3664 451
3664 452
3664 453
3664 454
3664 455
3664 456
3664 457
3664 458
3664 459
3664 460
3664 461
3665 14
3665 15
3665 16
3665 17
3665 18
3665 19
3665 168
3665 169
3665 170
3665 171
3665 172
3665 173
3665 174
3665 175
3665 413
3665 414
3665 415
3665 416
3665 417
3665 418
3665 419
3665 420
3665 421
3665 422
3665 423
3665 424
3665 425
3665 426
3665 427
3665 428
3665 429
3665 430
3668 432
3668 433
3668 434
3668 435
3668 436
3668 437
3668 438
3668 439
3668 440
3668 441
3668 442
3668 443
3668 444
3668 445
3668 446
3668 447
3668 448
3668 449
3668 450
3668 451
3668 452
3669 157
3669 158
3669 159
3669 160
3669 161
3669 162
3669 163
3669 164
3669 406
3669 407
3669 408
3669 409
3669 410
3669 411
3669 412
3669 413
3669 414
3669 415
3669 416
3671 458
3671 459
3671 460
3671 461
3671 462
3671 463
3671 464
3671 465
3671 466
3672 24
3672 25
3672 26
3672 27
3672 28
3672 178
3672 179
3672 180
3672 181
3672 182
3672 421
3672 422
3672 423
3672 424
3672 425
3672 426
3672 427
3672 428
3672 429
3672 430
3672 431
3672 432
3672 433
3672 434
3672 435
3672 436
3672 437
3672 438
3672 439
3672 440
3672 441
3675 443
3675 444
3675 445
3675 446
3675 447
3675 448
3675 449
3675 450
3675 451
3675 452
3675 453
3675 454
3675 455
3675 456
3675 457
3675 458
3675 459
3675 460
3676 13
3676 14
3676 15
3676 16
3676 17
3676 166
3676 167
3676 168
3676 169
3676 170
3676 171
3676 172
3676 173
3676 174
3676 412
3676 413
3676 414
3676 415
3676 416
3676 417
3676 418
3676 419
3676 420
3676 421
3676 422
3676 423
3676 424
3676 425
3676 426
3676 427
3676 428
3676 429
3679 431
3679 432
3679 433
3679 434
3679 435
3679 436
3679 437
3679 438
3679 439
3679 440
3679 441
3679 442
3679 443
3679 444
3679 445
3679 446
3679 447
3679 448
3679 449
3679 450
3680 156
3680 157
3680 158
3680 159
3680 160
3680 161
3680 162
3680 163
3680 405
3680 406
3680 407
3680 408
3680 409
3680 410
3680 411
3680 412
3680 413
3680 414
3680 415
3682 455
3682 456
3682 457
3682 458
3682 459
3682 460
3682 461
3682 462
3682 463
3682 464
3682 465
3682 466
3683 22
3683 23
3683 24
3683 25
3683 26
3683 27
3683 176
3683 177
3683 178
3683 179
3683 180
3683 181
3683 182
3683 420
3683 421
3683 422
3683 423
3683 424
3683 425
3683 426
3683 427
3683 428
3683 429
3683 430
3683 431
3683 432
3683 433
3683 434
3683 435
3683 436
3683 437
3683 438
3683 439
3686 441
3686 442
3686 443
3686 444
3686 445
3686 446
3686 447
3686 448
3686 449
3686 450
3686 451
3686 452
3686 453
3686 454
3686 455
3686 456
3686 457
3686 458
3686 459
3687 12
3687 13
3687 14
3687 164
3687 165
3687 166
3687 167
3687 168
3687 169
3687 170
3687 171
3687 172
3687 173
3687 410
3687 411
3687 412
3687 413
3687 414
3687 415
3687 416
3687 417
3687 418
3687 419
3687 420
3687 421
3687 422
3687 423
3687 424
3687 425
3687 426
3687 427
3690 429
3690 430
3690 431
3690 432
3690 433
3690 434
3690 435
3690 436
3690 437
3690 438
3690 439
3690 440
3690 441
3690 442
3690 443
3690 444
3690 445
3690 446
3690 447
3690 448
3690 449
3691 154
3691 155
3691 156
3691 157
3691 158
3691 159
3691 160
3691 161
3691 162
3691 403
3691 404
3691 405
3691 406
3691 407
3691 408
3691 409
3691 410
3691 411
3691 412
3691 413
3693 452
3693 453
3693 454
3693 455
3693 456
3693 457
3693 458
3693 459
3693 460
3693 461
3693 462
3693 463
3693 464
3693 465
3694 20
3694 21
3694 22
3694 23
3694 24
3694 25
3694 174
3694 175
3694 176
3694 177
3694 178
3694 179
3694 180
3694 181
3694 418
3694 419
3694 420
3694 421
3694 422
3694 423
3694 424
3694 425
3694 426
3694 427
3694 428
3694 429
3694 430
3694 431
3694 432
3694 433
3694 434
3694 435
3694 436
3694 437
3694 438
3697 439
3697 440
3697 441
3697 442
3697 443
3697 444
3697 445
3697 446
3697 447
3697 448
3697 449
3697 450
3697 451
3697 452
3697 453
3697 454
3697 455
3697 456
3697 457
3698 163
3698 164
3698 165
3698 166
3698 167
3698 168
3698 169
3698 170
3698 171
3698 172
3698 409
3698 410
3698 411
3698 412
3698 413
3698 414
3698 415
3698 416
3698 417
3698 418
3698 419
3698 420
3698 421
3698 422
3698 423
3698 424
3698 425
3698 426
3701 427
3701 428
3701 429
3701 430
3701 431
3701 432
3701 433
3701 434
3701 435
3701 436
3701 437
3701 438
3701 439
3701 440
3701 441
3701 442
3701 443
3701 444
3701 445
3701 446
3701 447
3701 448
3702 153
3702 154
3702 155
3702 156
3702 157
3702 158
3702 159
3702 160
3702 402
3702 403
3702 404
3702 405
3702 406
3702 407
3702 408
3702 409
3702 410
3702 411
3704 450
3704 451
3704 452
3704 453
3704 454
3704 455
3704 456
3704 457
3704 458
3704 459
3704 460
3704 461
3704 462
3704 463
3704 464
3705 18
3705 19
3705 20
3705 21
3705 22
3705 23
3705 172
3705 173
3705 174
3705 175
3705 176
3705 177
3705 178
3705 179
3705 180
3705 416
3705 417
3705 418
3705 419
3705 420
3705 421
3705 422
3705 423
3705 424
3705 425
3705 426
3705 427
3705 428
3705 429
3705 430
3705 431
3705 432
3705 433
3705 434
3705 435
3705 436
3708 437
3708 438
3708 439
3708 440
3708 441
3708 442
3708 443
3708 444
3708 445
3708 446
3708 447
3708 448
3708 449
3708 450
3708 451
3708 452
3708 453
3708 454
3708 455
3708 456
3709 161
3709 162
3709 163
3709 164
3709 165
3709 166
3709 167
3709 168
3709 169
3709 170
3709 407
3709 408
3709 409
3709 410
3709 411
3709 412
3709 413
3709 414
3709 415
3709 416
3709 417
3709 418
3709 419
3709 420
3709 421
3709 422
3709 423
3709 424
3712 183
3712 184
3712 185
3712 186
3712 425
3712 426
3712 427
3712 428
3712 429
3712 430
3712 431
3712 432
3712 433
3712 434
3712 435
3712 436
3712 437
3712 438
3712 439
3712 440
3712 441
3712 442
3712 443
3712 444
3712 445
3712 446
3713 152
3713 153
3713 154
3713 155
3713 156
3713 157
3713 158
3713 159
3713 401
3713 402
3713 403
3713 404
3713 405
3713 406
3713 407
3713 408
3713 409
3715 448
3715 449
3715 450
3715 451
3715 452
3715 453
3715 454
3715 455
3715 456
3715 457
3715 458
3715 459
3715 460
3715 461
3715 462
3715 463
3715 464
3716 17
3716 18
3716 19
3716 20
3716 21
3716 170
3716 171
3716 172
3716 173
3716 174
3716 175
3716 176
3716 177
3716 178
3716 179
3716 414
3716 415
3716 416
3716 417
3716 418
3716 419
3716 420
3716 421
3716 422
3716 423
3716 424
3716 425
3716 426
3716 427
3716 428
3716 429
3716 430
3716 431
3716 432
3716 433
3716 434
3716 435
3719 435
3719 436
3719 437
3719 438
3719 439
3719 440
3719 441
3719 442
3719 443
3719 444
3719 445
3719 446
3719 447
3719 448
3719 449
3719 450
3719 451
3719 452
3719 453
3719 454
3719 455
3720 159
3720 160
3720 161
3720 162
3720 163
3720 164
3720 165
3720 166
3720 167
3720 168
3720 169
3720 405
3720 406
3720 407
3720 408
3720 409
3720 410
3720 411
3720 412
3720 413
3720 414
3720 415
3720 416
3720 417
3720 418
3720 419
3720 420
3720 421
3720 422
3722 462
3722 463
3722 464
3722 465
3722 466
3722 467
3723 181
3723 182
3723 183
3723 184
3723 185
3723 423
3723 424
3723 425
3723 426
3723 427
3723 428
3723 429
3723 430
3723 431
3723 432
3723 433
3723 434
3723 435
3723 436
3723 437
3723 438
3723 439
3723 440
3723 441
3723 442
3723 443
3723 444
3723 445
3724 150
3724 151
3724 152
3724 153
3724 154
3724 155
3724 156
3724 157
3724 400
3724 401
3724 402
3724 403
3724 404
3724 405
3724 406
3724 407
3726 445
3726 446
3726 447
3726 448
3726 449
3726 450
3726 451
3726 452
3726 453
3726 454
3726 455
3726 456
3726 457
3726 458
3726 459
3726 460
3726 461
3726 462
3726 463
3727 15
3727 16
3727 17
3727 18
3727 19
3727 20
3727 169
3727 170
3727 171
3727 172
3727 173
3727 174
3727 175
3727 176
3727 177
3727 178
3727 413
3727 414
3727 415
3727 416
3727 417
3727 418
3727 419
3727 420
3727 421
3727 422
3727 423
3727 424
3727 425
3727 426
3727 427
3727 428
3727 429
3727 430
3727 431
3727 432
3727 433
3730 433
3730 434
3730 435
3730 436
3730 437
3730 438
3730 439
3730 440
3730 441
3730 442
3730 443
3730 444
3730 445
3730 446
3730 447
3730 448
3730 449
3730 450
3730 451
3730 452
3730 453
3730 454
3731 158
3731 159
3731 160
3731 161
3731 162
3731 163
3731 164
3731 165
3731 166
3731 167
3731 168
3731 404
3731 405
3731 406
3731 407
3731 408
3731 409
3731 410
3731 411
3731 412
3731 413
3731 414
3731 415
3731 416
3731 417
3731 418
3731 419
3731 420
3731 421
3733 458
3733 459
3733 460
3733 461
3733 462
3733 463
3733 464
3733 465
3733 466
3733 467
3733 468
3734 179
3734 180
3734 181
3734 182
3734 183
3734 184
3734 185
3734 421
3734 422
3734 423
3734 424
3734 425
3734 426
3734 427
3734 428
3734 429
3734 430
3734 431
3734 432
3734 433
3734 434
3734 435
3734 436
3734 437
3734 438
3734 439
3734 440
3734 441
3734 442
3734 443
3735 149
3735 150
3735 151
3735 152
3735 153
3735 154
3735 155
3735 156
3735 399
3735 400
3735 401
3735 402
3735 403
3735 404
3737 443
3737 444
3737 445
3737 446
3737 447
3737 448
3737 449
3737 450
3737 451
3737 452
3737 453
3737 454
3737 455
3737 456
3737 457
3737 458
3737 459
3737 460
3737 461
3738 14
3738 15
3738 16
3738 17
3738 18
3738 167
3738 168
3738 169
3738 170
3738 171
3738 172
3738 173
3738 174
3738 175
3738 176
3738 177
3738 411
3738 412
3738 413
3738 414
3738 415
3738 416
3738 417
3738 418
3738 419
3738 420
3738 421
3738 422
3738 423
3738 424
3738 425
3738 426
3738 427
3738 428
3738 429
3738 430
3738 431
3738 432
3741 431
3741 432
3741 433
3741 434
3741 435
3741 436
3741 437
3741 438
3741 439
3741 440
3741 441
3741 442
3741 443
3741 444
3741 445
3741 446
3741 447
3741 448
3741 449
3741 450
3741 451
3741 452
3742 157
3742 158
3742 159
3742 160
3742 161
3742 162
3742 163
3742 164
3742 165
3742 166
3742 167
3742 402
3742 403
3742 404
3742 405
3742 406
3742 407
3742 408
3742 409
3742 410
3742 411
3742 412
3742 413
3742 414
3742 415
3742 416
3742 417
3742 418
3742 419
3744 455
3744 456
3744 457
3744 458
3744 459
3744 460
3744 461
3744 462
3744 463
3744 464
3744 465
3744 466
3744 467
3745 177
3745 178
3745 179
3745 180
3745 181
3745 182
3745 183
3745 184
3745 420
3745 421
3745 422
3745 423
3745 424
3745 425
3745 426
3745 427
3745 428
3745 429
3745 430
3745 431
3745 432
3745 433
3745 434
3745 435
3745 436
3745 437
3745 438
3745 439
3745 440
3745 441
3745 442
3746 148
3746 149
3746 150
3746 151
3746 152
3746 153
3746 154
3746 398
3746 399
3746 400
3746 401
3746 402
3748 441
3748 442
3748 443
3748 444
3748 445
3748 446
3748 447
3748 448
3748 449
3748 450
3748 451
3748 452
3748 453
3748 454
3748 455
3748 456
3748 457
3748 458
3748 459
3748 460
3749 12
3749 13
3749 14
3749 15
3749 16
3749 165
3749 166
3749 167
3749 168
3749 169
3749 170
3749 171
3749 172
3749 173
3749 174
3749 175
3749 410
3749 411
3749 412
3749 413
3749 414
3749 415
3749 416
3749 417
3749 418
3749 419
3749 420
3749 421
3749 422
3749 423
3749 424
3749 425
3749 426
3749 427
3749 428
3749 429
3749 430
3752 429
3752 430
3752 431
3752 432
3752 433
3752 434
3752 435
3752 436
3752 437
3752 438
3752 439
3752 440
3752 441
3752 442
3752 443
3752 444
3752 445
3752 446
3752 447
3752 448
3752 449
3752 450
3752 451
3753 155
3753 156
3753 157
3753 158
3753 159
3753 160
3753 161
3753 162
3753 163
3753 164
3753 165
3753 401
3753 402
3753 403
3753 404
3753 405
3753 406
3753 407
3753 408
3753 409
3753 410
3753 411
3753 412
3753 413
3753 414
3753 415
3753 416
3753 417
3755 453
3755 454
3755 455
3755 456
3755 457
3755 458
3755 459
3755 460
3755 461
3755 462
3755 463
3755 464
3755 465
3755 466
3755 467
3756 175
3756 176
3756 177
3756 178
3756 179
3756 180
3756 181
3756 182
3756 183
3756 418
3756 419
3756 420
3756 421
3756 422
3756 423
3756 424
3756 425
3756 426
3756 427
3756 428
3756 429
3756 430
3756 431
3756 432
3756 433
3756 434
3756 435
3756 436
3756 437
3756 438
3756 439
3756 440
3757 147
3757 148
3757 149
3757 150
3757 151
3757 152
3759 439
3759 440
3759 441
3759 442
3759 443
3759 444
3759 445
3759 446
3759 447
3759 448
3759 449
3759 450
3759 451
3759 452
3759 453
3759 454
3759 455
3759 456
3759 457
3759 458
3759 459
3760 11
3760 12
3760 13
3760 164
3760 165
3760 166
3760 167
3760 168
3760 169
3760 170
3760 171
3760 172
3760 173
3760 174
3760 408
3760 409
3760 410
3760 411
3760 412
3760 413
3760 414
3760 415
3760 416
3760 417
3760 418
3760 419
3760 420
3760 421
3760 422
3760 423
3760 424
3760 425
3760 426
3760 427
3760 428
3763 187
3763 188
3763 427
3763 428
3763 429
3763 430
3763 431
3763 432
3763 433
3763 434
3763 435
3763 436
3763 437
3763 438
3763 439
3763 440
3763 441
3763 442
3763 443
3763 444
3763 445
3763 446
3763 447
3763 448
3763 449
3764 154
3764 155
3764 156
3764 157
3764 158
3764 159
3764 160
3764 161
3764 162
3764 163
3764 164
3764 400
3764 401
3764 402
3764 403
3764 404
3764 405
3764 406
3764 407
3764 408
3764 409
3764 410
3764 411
3764 412
3764 413
3764 414
3764 415
3766 450
3766 451
3766 452
3766 453
3766 454
3766 455
3766 456
3766 457
3766 458
3766 459
3766 460
3766 461
3766 462
3766 463
3766 464
3766 465
3766 466
3767 21
3767 22
3767 173
3767 174
3767 175
3767 176
3767 177
3767 178
3767 179
3767 180
3767 181
3767 182
3767 416
3767 417
3767 418
3767 419
3767 420
3767 421
3767 422
3767 423
3767 424
3767 425
3767 426
3767 427
3767 428
3767 429
3767 430
3767 431
3767 432
3767 433
3767 434
3767 435
3767 436
3767 437
3767 438
3767 439
3768 147
3768 148
3768 149
3768 150
3770 437
3770 438
3770 439
3770 440
3770 441
3770 442
3770 443
3770 444
3770 445
3770 446
3770 447
3770 448
3770 449
3770 450
3770 451
3770 452
3770 453
3770 454
3770 455
3770 456
3770 457
3770 458
3771 162
3771 163
3771 164
3771 165
3771 166
3771 167
3771 168
3771 169
3771 170
3771 171
3771 172
3771 173
3771 406
3771 407
3771 408
3771 409
3771 410
3771 411
3771 412
3771 413
3771 414
3771 415
3771 416
3771 417
3771 418
3771 419
3771 420
3771 421
3771 422
3771 423
3771 424
3771 425
3771 426
3771 427
3774 184
3774 185
3774 186
3774 187
3774 188
3774 425
3774 426
3774 427
3774 428
3774 429
3774 430
3774 431
3774 432
3774 433
3774 434
3774 435
3774 436
3774 437
3774 438
3774 439
3774 440
3774 441
3774 442
3774 443
3774 444
3774 445
3774 446
3774 447
3774 448
3775 153
3775 154
3775 155
3775 156
3775 157
3775 158
3775 159
3775 160
3775 161
3775 162
3775 398
3775 399
3775 400
3775 401
3775 402
3775 403
3775 404
3775 405
3775 406
3775 407
3775 408
3775 409
3775 410
3775 411
3775 412
3775 413
3775 414
3777 448
3777 449
3777 450
3777 451
3777 452
3777 453
3777 454
3777 455
3777 456
3777 457
3777 458
3777 459
3777 460
3777 461
3777 462
3777 463
3777 464
3777 465
3778 19
3778 20
3778 21
3778 172
3778 173
3778 174
3778 175
3778 176
3778 177
3778 178
3778 179
3778 180
3778 181
3778 415
3778 416
3778 417
3778 418
3778 419
3778 420
3778 421
3778 422
3778 423
3778 424
3778 425
3778 426
3778 427
3778 428
3778 429
3778 430
3778 431
3778 432
3778 433
3778 434
3778 435
3778 436
3778 437
3779 146
3779 147
3779 148
3781 435
3781 436
3781 437
3781 438
3781 439
3781 440
3781 441
3781 442
3781 443
3781 444
3781 445
3781 446
3781 447
3781 448
3781 449
3781 450
3781 451
3781 452
3781 453
3781 454
3781 455
3781 456
3781 457
3782 161
3782 162
3782 163
3782 164
3782 165
3782 166
3782 167
3782 168
3782 169
3782 170
3782 171
3782 172
3782 405
3782 406
3782 407
3782 408
3782 409
3782 410
3782 411
3782 412
3782 413
3782 414
3782 415
3782 416
3782 417
3782 418
3782 419
3782 420
3782 421
3782 422
3782 423
3782 424
3782 425
3784 463
3784 464
3784 465
3784 466
3784 467
3784 468
3785 182
3785 183
3785 184
3785 185
3785 186
3785 187
3785 423
3785 424
3785 425
3785 426
3785 427
3785 428
3785 429
3785 430
3785 431
3785 432
3785 433
3785 434
3785 435
3785 436
3785 437
3785 438
3785 439
3785 440
3785 441
3785 442
3785 443
3785 444
3785 445
3785 446
3785 447
3786 151
3786 152
3786 153
3786 154
3786 155
3786 156
3786 157
3786 158
3786 159
3786 160
3786 161
3786 397
3786 398
3786 399
3786 400
3786 401
3786 402
3786 403
3786 404
3786 405
3786 406
3786 407
3786 408
3786 409
3786 410
3786 411
3786 412
3788 446
3788 447
3788 448
3788 449
3788 450
3788 451
3788 452
3788 453
3788 454
3788 455
3788 456
3788 457
3788 458
3788 459
3788 460
3788 461
3788 462
3788 463
3788 464
3789 17
3789 18
3789 19
3789 20
3789 170
3789 171
3789 172
3789 173
3789 174
3789 175
3789 176
3789 177
3789 178
3789 179
3789 180
3789 413
3789 414
3789 415
3789 416
3789 417
3789 418
3789 419
3789 420
3789 421
3789 422
3789 423
3789 424
3789 425
3789 426
3789 427
3789 428
3789 429
3789 430
3789 431
3789 432
3789 433
3789 434
3789 435
3789 436
3792 433
3792 434
3792 435
3792 436
3792 437
3792 438
3792 439
3792 440
3792 441
3792 442
3792 443
3792 444
3792 445
3792 446
3792 447
3792 448
3792 449
3792 450
3792 451
3792 452
3792 453
3792 454
3792 455
3793 159
3793 160
3793 161
3793 162
3793 163
3793 164
3793 165
3793 166
3793 167
3793 168
3793 169
3793 170
3793 403
3793 404
3793 405
3793 406
3793 407
3793 408
3793 409
3793 410
3793 411
3793 412
3793 413
3793 414
3793 415
3793 416
3793 417
3793 418
3793 419
3793 420
3793 421
3793 422
3793 423
3795 459
3795 460
3795 461
3795 462
3795 463
3795 464
3795 465
3795 466
3795 467
3795 468
3796 180
3796 181
3796 182
3796 183
3796 184
3796 185
3796 186
3796 422
3796 423
3796 424
3796 425
3796 426
3796 427
3796 428
3796 429
3796 430
3796 431
3796 432
3796 433
3796 434
3796 435
3796 436
3796 437
3796 438
3796 439
3796 440
3796 441
3796 442
3796 443
3796 444
3796 445
3797 150
3797 151
3797 152
3797 153
3797 154
3797 155
3797 156
3797 157
3797 158
3797 159
3797 396
3797 397
3797 398
3797 399
3797 400
3797 401
3797 402
3797 403
3797 404
3797 405
3797 406
3797 407
3797 408
3797 409
3797 410
3799 444
3799 445
3799 446
3799 447
3799 448
3799 449
3799 450
3799 451
3799 452
3799 453
3799 454
3799 455
3799 456
3799 457
3799 458
3799 459
3799 460
3799 461
3799 462
3799 463
3800 15
3800 16
3800 17
3800 18
3800 168
3800 169
3800 170
3800 171
3800 172
3800 173
3800 174
3800 175
3800 176
3800 177
3800 178
3800 179
3800 411
3800 412
3800 413
3800 414
3800 415
3800 416
3800 417
3800 418
3800 419
3800 420
3800 421
3800 422
3800 423
3800 424
3800 425
3800 426
3800 427
3800 428
3800 429
3800 430
3800 431
3800 432
3800 433
3800 434
3803 431
3803 432
3803 433
3803 434
3803 435
3803 436
3803 437
3803 438
3803 439
3803 440
3803 441
3803 442
3803 443
3803 444
3803 445
3803 446
3803 447
3803 448
3803 449
3803 450
3803 451
3803 452
3803 453
3803 454
3804 158
3804 159
3804 160
3804 161
3804 162
3804 163
3804 164
3804 165
3804 166
3804 167
3804 168
3804 169
3804 402
3804 403
3804 404
3804 405
3804 406
3804 407
3804 408
3804 409
3804 410
3804 411
3804 412
3804 413
3804 414
3804 415
3804 416
3804 417
3804 418
3804 419
3804 420
3804 421
3804 422
3806 456
3806 457
3806 458
3806 459
3806 460
3806 461
3806 462
3806 463
3806 464
3806 465
3806 466
3806 467
3806 468
3807 178
3807 179
3807 180
3807 181
3807 182
3807 183
3807 184
3807 185
3807 186
3807 420
3807 421
3807 422
3807 423
3807 424
3807 425
3807 426
3807 427
3807 428
3807 429
3807 430
3807 431
3807 432
3807 433
3807 434
3807 435
3807 436
3807 437
3807 438
3807 439
3807 440
3807 441
3807 442
3807 443
3807 444
3808 149
3808 150
3808 151
3808 152
3808 153
3808 154
3808 155
3808 156
3808 157
3808 158
3808 395
3808 396
3808 397
3808 398
3808 399
3808 400
3808 401
3808 402
3808 403
3808 404
3808 405
3808 406
3808 407
3808 408
3810 442
3810 443
3810 444
3810 445
3810 446
3810 447
3810 448
3810 449
3810 450
3810 451
3810 452
3810 453
3810 454
3810 455
3810 456
3810 457
3810 458
3810 459
3810 460
3810 461
3810 462
3811 13
3811 14
3811 15
3811 16
3811 167
3811 168
3811 169
3811 170
3811 171
3811 172
3811 173
3811 174
3811 175
3811 176
3811 177
3811 410
3811 411
3811 412
3811 413
3811 414
3811 415
3811 416
3811 417
3811 418
3811 419
3811 420
3811 421
3811 422
3811 423
3811 424
3811 425
3811 426
3811 427
3811 428
3811 429
3811 430
3811 431
3811 432
3814 430
3814 431
3814 432
3814 433
3814 434
3814 435
3814 436
3814 437
3814 438
3814 439
3814 440
3814 441
3814 442
3814 443
3814 444
3814 445
3814 446
3814 447
3814 448
3814 449
3814 450
3814 451
3814 452
3815 157
3815 158
3815 159
3815 160
3815 161
3815 162
3815 163
3815 164
3815 165
3815 166
3815 167
3815 168
3815 401
3815 402
3815 403
3815 404
3815 405
3815 406
3815 407
3815 408
3815 409
3815 410
3815 411
3815 412
3815 413
3815 414
3815 415
3815 416
3815 417
3815 418
3815 419
3815 420
3817 454
3817 455
3817 456
3817 457
3817 458
3817 459
3817 460
3817 461
3817 462
3817 463
3817 464
3817 465
3817 466
3817 467
3818 177
3818 178
3818 179
3818 180
3818 181
3818 182
3818 183
3818 184
3818 185
3818 418
3818 419
3818 420
3818 421
3818 422
3818 423
3818 424
3818 425
3818 426
3818 427
3818 428
3818 429
3818 430
3818 431
3818 432
3818 433
3818 434
3818 435
3818 436
3818 437
3818 438
3818 439
3818 440
3818 441
3818 442
3819 148
3819 149
3819 150
3819 151
3819 152
3819 153
3819 154
3819 155
3819 156
3819 394
3819 395
3819 396
3819 397
3819 398
3819 399
3819 400
3819 401
3819 402
3819 403
3819 404
3819 405
3819 406
3821 440
3821 441
3821 442
3821 443
3821 444
3821 445
3821 446
3821 447
3821 448
3821 449
3821 450
3821 451
3821 452
3821 453
3821 454
3821 455
3821 456
3821 457
3821 458
3821 459
3821 460
3822 12
3822 13
3822 14
3822 15
3822 165
3822 166
3822 167
3822 168
3822 169
3822 170
3822 171
3822 172
3822 173
3822 174
3822 175
3822 176
3822 408
3822 409
3822 410
3822 411
3822 412
3822 413
3822 414
3822 415
3822 416
3822 417
3822 418
3822 419
3822 420
3822 421
3822 422
3822 423
3822 424
3822 425
3822 426
3822 427
3822 428
3822 429
3822 430
3822 431
3825 428
3825 429
3825 430
3825 431
3825 432
3825 433
3825 434
3825 435
3825 436
3825 437
3825 438
3825 439
3825 440
3825 441
3825 442
3825 443
3825 444
3825 445
3825 446
3825 447
3825 448
3825 449
3825 450
3825 451
3826 155
3826 156
3826 157
3826 158
3826 159
3826 160
3826 161
3826 162
3826 163
3826 164
3826 165
3826 166
3826 399
3826 400
3826 401
3826 402
3826 403
3826 404
3826 405
3826 406
3826 407
3826 408
3826 409
3826 410
3826 411
3826 412
3826 413
3826 414
3826 415
3826 416
3826 417
3826 418
3828 451
3828 452
3828 453
3828 454
3828 455
3828 456
3828 457
3828 458
3828 459
3828 460
3828 461
3828 462
3828 463
3828 464
3828 465
3828 466
3828 467
3829 175
3829 176
3829 177
3829 178
3829 179
3829 180
3829 181
3829 182
3829 183
3829 417
3829 418
3829 419
3829 420
3829 421
3829 422
3829 423
3829 424
3829 425
3829 426
3829 427
3829 428
3829 429
3829 430
3829 431
3829 432
3829 433
3829 434
3829 435
3829 436
3829 437
3829 438
3829 439
3829 440
3829 441
3830 147
3830 148
3830 149
3830 150
3830 151
3830 152
3830 153
3830 154
3830 393
3830 394
3830 395
3830 396
3830 397
3830 398
3830 399
3830 400
3830 401
3830 402
3830 403
3830 404
3832 438
3832 439
3832 440
3832 441
3832 442
3832 443
3832 444
3832 445
3832 446
3832 447
3832 448
3832 449
3832 450
3832 451
3832 452
3832 453
3832 454
3832 455
3832 456
3832 457
3832 458
3832 459
3833 10
3833 11
3833 12
3833 13
3833 164
3833 165
3833 166
3833 167
3833 168
3833 169
3833 170
3833 171
3833 172
3833 173
3833 174
3833 175
3833 407
3833 408
3833 409
3833 410
3833 411
3833 412
3833 413
3833 414
3833 415
3833 416
3833 417
3833 418
3833 419
3833 420
3833 421
3833 422
3833 423
3833 424
3833 425
3833 426
3833 427
3833 428
3833 429
3836 187
3836 188
3836 426
3836 427
3836 428
3836 429
3836 430
3836 431
3836 432
3836 433
3836 434
3836 435
3836 436
3836 437
3836 438
3836 439
3836 440
3836 441
3836 442
3836 443
3836 444
3836 445
3836 446
3836 447
3836 448
3836 449
3836 450
3837 154
3837 155
3837 156
3837 157
3837 158
3837 159
3837 160
3837 161
3837 162
3837 163
3837 164
3837 165
3837 398
3837 399
3837 400
3837 401
3837 402
3837 403
3837 404
3837 405
3837 406
3837 407
3837 408
3837 409
3837 410
3837 411
3837 412
3837 413
3837 414
3837 415
3837 416
3837 417
3839 449
3839 450
3839 451
3839 452
3839 453
3839 454
3839 455
3839 456
3839 457
3839 458
3839 459
3839 460
3839 461
3839 462
3839 463
3839 464
3839 465
3839 466
3840 174
3840 175
3840 176
3840 177
3840 178
3840 179
3840 180
3840 181
3840 182
3840 415
3840 416
3840 417
3840 418
3840 419
3840 420
3840 421
3840 422
3840 423
3840 424
3840 425
3840 426
3840 427
3840 428
3840 429
3840 430
3840 431
3840 432
3840 433
3840 434
3840 435
3840 436
3840 437
3840 438
3840 439
3841 146
3841 147
3841 148
3841 149
3841 150
3841 151
3841 152
3841 392
3841 393
3841 394
3841 395
3841 396
3841 397
3841 398
3841 399
3841 400
3841 401
3841 402
3843 436
3843 437
3843 438
3843 439
3843 440
3843 441
3843 442
3843 443
3843 444
3843 445
3843 446
3843 447
3843 448
3843 449
3843 450
3843 451
3843 452
3843 453
3843 454
3843 455
3843 456
3843 457
3843 458
3844 9
3844 10
3844 11
3844 163
3844 164
3844 165
3844 166
3844 167
3844 168
3844 169
3844 170
3844 171
3844 172
3844 173
3844 174
3844 405
3844 406
3844 407
3844 408
3844 409
3844 410
3844 411
3844 412
3844 413
3844 414
3844 415
3844 416
3844 417
3844 418
3844 419
3844 420
3844 421
3844 422
3844 423
3844 424
3844 425
3844 426
3844 427
3844 428
3846 465
3846 466
3846 467
3847 185
3847 186
3847 187
3847 188
3847 424
3847 425
3847 426
3847 427
3847 428
3847 429
3847 430
3847 431
3847 432
3847 433
3847 434
3847 435
3847 436
3847 437
3847 438
3847 439
3847 440
3847 441
3847 442
3847 443
3847 444
3847 445
3847 446
3847 447
3847 448
3848 153
3848 154
3848 155
3848 156
3848 157
3848 158
3848 159
3848 160
3848 161
3848 162
3848 163
3848 396
3848 397
3848 398
3848 399
3848 400
3848 401
3848 402
3848 403
3848 404
3848 405
3848 406
3848 407
3848 408
3848 409
3848 410
3848 411
3848 412
3848 413
3848 414
3848 415
3850 447
3850 448
3850 449
3850 450
3850 451
3850 452
3850 453
3850 454
3850 455
3850 456
3850 457
3850 458
3850 459
3850 460
3850 461
3850 462
3850 463
3850 464
3850 465
3851 172
3851 173
3851 174
3851 175
3851 176
3851 177
3851 178
3851 179
3851 180
3851 181
3851 413
3851 414
3851 415
3851 416
3851 417
3851 418
3851 419
3851 420
3851 421
3851 422
3851 423
3851 424
3851 425
3851 426
3851 427
3851 428
3851 429
3851 430
3851 431
3851 432
3851 433
3851 434
3851 435
3851 436
3851 437
3851 438
3852 146
3852 147
3852 148
3852 149
3852 150
3852 391
3852 392
3852 393
3852 394
3852 395
3852 396
3852 397
3852 398
3852 399
3852 400
3854 434
3854 435
3854 436
3854 437
3854 438
3854 439
3854 440
3854 441
3854 442
3854 443
3854 444
3854 445
3854 446
3854 447
3854 448
3854 449
3854 450
3854 451
3854 452
3854 453
3854 454
3854 455
3854 456
3854 457
3855 161
3855 162
3855 163
3855 164
3855 165
3855 166
3855 167
3855 168
3855 169
3855 170
3855 171
3855 172
3855 404
3855 405
3855 406
3855 407
3855 408
3855 409
3855 410
3855 411
3855 412
3855 413
3855 414
3855 415
3855 416
3855 417
3855 418
3855 419
3855 420
3855 421
3855 422
3855 423
3855 424
3855 425
3855 426
3857 461
3857 462
3857 463
3857 464
3857 465
3857 466
3857 467
3857 468
3858 183
3858 184
3858 185
3858 186
3858 187
3858 423
3858 424
3858 425
3858 426
3858 427
3858 428
3858 429
3858 430
3858 431
3858 432
3858 433
3858 434
3858 435
3858 436
3858 437
3858 438
3858 439
3858 440
3858 441
3858 442
3858 443
3858 444
3858 445
3858 446
3858 447
3859 152
3859 153
3859 154
3859 155
3859 156
3859 157
3859 158
3859 159
3859 160
3859 161
3859 162
3859 395
3859 396
3859 397
3859 398
3859 399
3859 400
3859 401
3859 402
3859 403
3859 404
3859 405
3859 406
3859 407
3859 408
3859 409
3859 410
3859 411
3859 412
3859 413
3861 445
3861 446
3861 447
3861 448
3861 449
3861 450
3861 451
3861 452
3861 453
3861 454
3861 455
3861 456
3861 457
3861 458
3861 459
3861 460
3861 461
3861 462
3861 463
3861 464
3862 17
3862 18
3862 171
3862 172
3862 173
3862 174
3862 175
3862 176
3862 177
3862 178
3862 179
3862 180
3862 412
3862 413
3862 414
3862 415
3862 416
3862 417
3862 418
3862 419
3862 420
3862 421
3862 422
3862 423
3862 424
3862 425
3862 426
3862 427
3862 428
3862 429
3862 430
3862 431
3862 432
3862 433
3862 434
3862 435
3862 436
3863 146
3863 147
3863 390
3863 391
3863 392
3863 393
3863 394
3863 395
3863 396
3863 397
3865 432
3865 433
3865 434
3865 435
3865 436
3865 437
3865 438
3865 439
3865 440
3865 441
3865 442
3865 443
3865 444
3865 445
3865 446
3865 447
3865 448
3865 449
3865 450
3865 451
3865 452
3865 453
3865 454
3865 455
3866 160
3866 161
3866 162
3866 163
3866 164
3866 165
3866 166
3866 167
3866 168
3866 169
3866 170
3866 171
3866 402
3866 403
3866 404
3866 405
3866 406
3866 407
3866 408
3866 409
3866 410
3866 411
3866 412
3866 413
3866 414
3866 415
3866 416
3866 417
3866 418
3866 419
3866 420
3866 421
3866 422
3866 423
3866 424
3868 458
3868 459
3868 460
3868 461
3868 462
3868 463
3868 464
3868 465
3868 466
3868 467
3868 468
3869 181
3869 182
3869 183
3869 184
3869 185
3869 186
3869 421
3869 422
3869 423
3869 424
3869 425
3869 426
3869 427
3869 428
3869 429
3869 430
3869 431
3869 432
3869 433
3869 434
3869 435
3869 436
3869 437
3869 438
3869 439
3869 440
3869 441
3869 442
3869 443
3869 444
3869 445
3870 151
3870 152
3870 153
3870 154
3870 155
3870 156
3870 157
3870 158
3870 159
3870 160
3870 394
3870 395
3870 396
3870 397
3870 398
3870 399
3870 400
3870 401
3870 402
3870 403
3870 404
3870 405
3870 406
3870 407
3870 408
3870 409
3870 410
3870 411
3872 443
3872 444
3872 445
3872 446
3872 447
3872 448
3872 449
3872 450
3872 451
3872 452
3872 453
3872 454
3872 455
3872 456
3872 457
3872 458
3872 459
3872 460
3872 461
3872 462
3872 463
3873 15
3873 16
3873 17
3873 169
3873 170
3873 171
3873 172
3873 173
3873 174
3873 175
3873 176
3873 177
3873 178
3873 179
3873 410
3873 411
3873 412
3873 413
3873 414
3873 415
3873 416
3873 417
3873 418
3873 419
3873 420
3873 421
3873 422
3873 423
3873 424
3873 425
3873 426
3873 427
3873 428
3873 429
3873 430
3873 431
3873 432
3873 433
3873 434
3874 390
3874 391
3874 392
3874 393
3874 394
3874 395
3876 431
3876 432
3876 433
3876 434
3876 435
3876 436
3876 437
3876 438
3876 439
3876 440
3876 441
3876 442
3876 443
3876 444
3876 445
3876 446
3876 447
3876 448
3876 449
3876 450
3876 451
3876 452
3876 453
3876 454
3877 159
3877 160
3877 161
3877 162
3877 163
3877 164
3877 165
3877 166
3877 167
3877 168
3877 169
3877 401
3877 402
3877 403
3877 404
3877 405
3877 406
3877 407
3877 408
3877 409
3877 410
3877 411
3877 412
3877 413
3877 414
3877 415
3877 416
3877 417
3877 418
3877 419
3877 420
3877 421
3877 422
3877 423
3879 455
3879 456
3879 457
3879 458
3879 459
3879 460
3879 461
3879 462
3879 463
3879 464
3879 465
3879 466
3879 467
3879 468
3880 179
3880 180
3880 181
3880 182
3880 183
3880 184
3880 185
3880 419
3880 420
3880 421
3880 422
3880 423
3880 424
3880 425
3880 426
3880 427
3880 428
3880 429
3880 430
3880 431
3880 432
3880 433
3880 434
3880 435
3880 436
3880 437
3880 438
3880 439
3880 440
3880 441
3880 442
3880 443
3880 444
3881 150
3881 151
3881 152
3881 153
3881 154
3881 155
3881 156
3881 157
3881 158
3881 393
3881 394
3881 395
3881 396
3881 397
3881 398
3881 399
3881 400
3881 401
3881 402
3881 403
3881 404
3881 405
3881 406
3881 407
3881 408
3881 409
3881 410
3883 441
3883 442
3883 443
3883 444
3883 445
3883 446
3883 447
3883 448
3883 449
3883 450
3883 451
3883 452
3883 453
3883 454
3883 455
3883 456
3883 457
3883 458
3883 459
3883 460
3883 461
3884 13
3884 14
3884 15
3884 16
3884 168
3884 169
3884 170
3884 171
3884 172
3884 173
3884 174
3884 175
3884 176
3884 177
3884 178
3884 409
3884 410
3884 411
3884 412
3884 413
3884 414
3884 415
3884 416
3884 417
3884 418
3884 419
3884 420
3884 421
3884 422
3884 423
3884 424
3884 425
3884 426
3884 427
3884 428
3884 429
3884 430
3884 431
3884 432
3884 433
3887 429
3887 430
3887 431
3887 432
3887 433
3887 434
3887 435
3887 436
3887 437
3887 438
3887 439
3887 440
3887 441
3887 442
3887 443
3887 444
3887 445
3887 446
3887 447
3887 448
3887 449
3887 450
3887 451
3887 452
3888 157
3888 158
3888 159
3888 160
3888 161
3888 162
3888 163
3888 164
3888 165
3888 166
3888 167
3888 168
3888 399
3888 400
3888 401
3888 402
3888 403
3888 404
3888 405
3888 406
3888 407
3888 408
3888 409
3888 410
3888 411
3888 412
3888 413
3888 414
3888 415
3888 416
3888 417
3888 418
3888 419
3888 420
3888 421
3890 453
3890 454
3890 455
3890 456
3890 457
3890 458
3890 459
3890 460
3890 461
3890 462
3890 463
3890 464
3890 465
3890 466
3890 467
3891 178
3891 179
3891 180
3891 181
3891 182
3891 183
3891 184
3891 418
3891 419
3891 420
3891 421
3891 422
3891 423
3891 424
3891 425
3891 426
3891 427
3891 428
3891 429
3891 430
3891 431
3891 432
3891 433
3891 434
3891 435
3891 436
3891 437
3891 438
3891 439
3891 440
3891 441
3891 442
3892 149
3892 150
3892 151
3892 152
3892 153
3892 154
3892 155
3892 156
3892 157
3892 392
3892 393
3892 394
3892 395
3892 396
3892 397
3892 398
3892 399
3892 400
3892 401
3892 402
3892 403
3892 404
3892 405
3892 406
3892 407
3892 408
3894 439
3894 440
3894 441
3894 442
3894 443
3894 444
3894 445
3894 446
3894 447
3894 448
3894 449
3894 450
3894 451
3894 452
3894 453
3894 454
3894 455
3894 456
3894 457
3894 458
3894 459
3894 460
3895 11
3895 12
3895 13
3895 14
3895 166
3895 167
3895 168
3895 169
3895 170
3895 171
3895 172
3895 173
3895 174
3895 175
3895 176
3895 407
3895 408
3895 409
3895 410
3895 411
3895 412
3895 413
3895 414
3895 415
3895 416
3895 417
3895 418
3895 419
3895 420
3895 421
3895 422
3895 423
3895 424
3895 425
3895 426
3895 427
3895 428
3895 429
3895 430
3895 431
3898 427
3898 428
3898 429
3898 430
3898 431
3898 432
3898 433
3898 434
3898 435
3898 436
3898 437
3898 438
3898 439
3898 440
3898 441
3898 442
3898 443
3898 444
3898 445
3898 446
3898 447
3898 448
3898 449
3898 450
3898 451
3899 156
3899 157
3899 158
3899 159
3899 160
3899 161
3899 162
3899 163
3899 164
3899 165
3899 166
3899 398
3899 399
3899 400
3899 401
3899 402
3899 403
3899 404
3899 405
3899 406
3899 407
3899 408
3899 409
3899 410
3899 411
3899 412
3899 413
3899 414
3899 415
3899 416
3899 417
3899 418
3899 419
3901 451
3901 452
3901 453
3901 454
3901 455
3901 456
3901 457
3901 458
3901 459
3901 460
3901 461
3901 462
3901 463
3901 464
3901 465
3901 466
3902 176
3902 177
3902 178
3902 179
3902 180
3902 181
3902 182
3902 183
3902 416
3902 417
3902 418
3902 419
3902 420
3902 421
3902 422
3902 423
3902 424
3902 425
3902 426
3902 427
3902 428
3902 429
3902 430
3902 431
3902 432
3902 433
3902 434
3902 435
3902 436
3902 437
3902 438
3902 439
3902 440
3902 441
3903 148
3903 149
3903 150
3903 151
3903 152
3903 153
3903 154
3903 155
3903 391
3903 392
3903 393
3903 394
3903 395
3903 396
3903 397
3903 398
3903 399
3903 400
3903 401
3903 402
3903 403
3903 404
3903 405
3903 406
3905 437
3905 438
3905 439
3905 440
3905 441
3905 442
3905 443
3905 444
3905 445
3905 446
3905 447
3905 448
3905 449
3905 450
3905 451
3905 452
3905 453
3905 454
3905 455
3905 456
3905 457
3905 458
3905 459
3906 10
3906 11
3906 12
3906 13
3906 165
3906 166
3906 167
3906 168
3906 169
3906 170
3906 171
3906 172
3906 173
3906 174
3906 175
3906 406
3906 407
3906 408
3906 409
3906 410
3906 411
3906 412
3906 413
3906 414
3906 415
3906 416
3906 417
3906 418
3906 419
3906 420
3906 421
3906 422
3906 423
3906 424
3906 425
3906 426
3906 427
3906 428
3906 429
3906 430
3909 425
3909 426
3909 427
3909 428
3909 429
3909 430
3909 431
3909 432
3909 433
3909 434
3909 435
3909 436
3909 437
3909 438
3909 439
3909 440
3909 441
3909 442
3909 443
3909 444
3909 445
3909 446
3909 447
3909 448
3909 449
3909 450
3910 155
3910 156
3910 157
3910 158
3910 159
3910 160
3910 161
3910 162
3910 163
3910 164
3910 165
3910 397
3910 398
3910 399
3910 400
3910 401
3910 402
3910 403
3910 404
3910 405
3910 406
3910 407
3910 408
3910 409
3910 410
3910 411
3910 412
3910 413
3910 414
3910 415
3910 416
3910 417
3910 418
3912 448
3912 449
3912 450
3912 451
3912 452
3912 453
3912 454
3912 455
3912 456
3912 457
3912 458
3912 459
3912 460
3912 461
3912 462
3912 463
3912 464
3912 465
3913 175
3913 176
3913 177
3913 178
3913 179
3913 180
3913 181
3913 182
3913 414
3913 415
3913 416
3913 417
3913 418
3913 419
3913 420
3913 421
3913 422
3913 423
3913 424
3913 425
3913 426
3913 427
3913 428
3913 429
3913 430
3913 431
3913 432
3913 433
3913 434
3913 435
3913 436
3913 437
3913 438
3913 439
3914 148
3914 149
3914 150
3914 151
3914 152
3914 153
3914 390
3914 391
3914 392
3914 393
3914 394
3914 395
3914 396
3914 397
3914 398
3914 399
3914 400
3914 401
3914 402
3914 403
3914 404
3916 435
3916 436
3916 437
3916 438
3916 439
3916 440
3916 441
3916 442
3916 443
3916 444
3916 445
3916 446
3916 447
3916 448
3916 449
3916 450
3916 451
3916 452
3916 453
3916 454
3916 455
3916 456
3916 457
3916 458
3917 8
3917 9
3917 10
3917 11
3917 164
3917 165
3917 166
3917 167
3917 168
3917 169
3917 170
3917 171
3917 172
3917 173
3917 174
3917 404
3917 405
3917 406
3917 407
3917 408
3917 409
3917 410
3917 411
3917 412
3917 413
3917 414
3917 415
3917 416
3917 417
3917 418
3917 419
3917 420
3917 421
3917 422
3917 423
3917 424
3917 425
3917 426
3917 427
3917 428
3919 463
3919 464
3919 465
3919 466
3919 467
3920 424
3920 425
3920 426
3920 427
3920 428
3920 429
3920 430
3920 431
3920 432
3920 433
3920 434
3920 435
3920 436
3920 437
3920 438
3920 439
3920 440
3920 441
3920 442
3920 443
3920 444
3920 445
3920 446
3920 447
3920 448
3921 154
3921 155
3921 156
3921 157
3921 158
3921 159
3921 160
3921 161
3921 162
3921 163
3921 395
3921 396
3921 397
3921 398
3921 399
3921 400
3921 401
3921 402
3921 403
3921 404
3921 405
3921 406
3921 407
3921 408
3921 409
3921 410
3921 411
3921 412
3921 413
3921 414
3921 415
3921 416
3923 446
3923 447
3923 448
3923 449
3923 450
3923 451
3923 452
3923 453
3923 454
3923 455
3923 456
3923 457
3923 458
3923 459
3923 460
3923 461
3923 462
3923 463
3923 464
3924 173
3924 174
3924 175
3924 176
3924 177
3924 178
3924 179
3924 180
3924 181
3924 413
3924 414
3924 415
3924 416
3924 417
3924 418
3924 419
3924 420
3924 421
3924 422
3924 423
3924 424
3924 425
3924 426
3924 427
3924 428
3924 429
3924 430
3924 431
3924 432
3924 433
3924 434
3924 435
3924 436
3924 437
3924 438
3925 148
3925 149
3925 150
3925 389
3925 390
3925 391
3925 392
3925 393
3925 394
3925 395
3925 396
3925 397
3925 398
3925 399
3925 400
3925 401
3925 402
3927 434
3927 435
3927 436
3927 437
3927 438
3927 439
3927 440
3927 441
3927 442
3927 443
3927 444
3927 445
3927 446
3927 447
3927 448
3927 449
3927 450
3927 451
3927 452
3927 453
3927 454
3927 455
3927 456
3928 7
3928 8
3928 9
3928 162
3928 163
3928 164
3928 165
3928 166
3928 167
3928 168
3928 169
3928 170
3928 171
3928 172
3928 403
3928 404
3928 405
3928 406
3928 407
3928 408
3928 409
3928 410
3928 411
3928 412
3928 413
3928 414
3928 415
3928 416
3928 417
3928 418
3928 419
3928 420
3928 421
3928 422
3928 423
3928 424
3928 425
3928 426
3930 460
3930 461
3930 462
3930 463
3930 464
3930 465
3930 466
3930 467
3930 468
3931 185
3931 186
3931 422
3931 423
3931 424
3931 425
3931 426
3931 427
3931 428
3931 429
3931 430
3931 431
3931 432
3931 433
3931 434
3931 435
3931 436
3931 437
3931 438
3931 439
3931 440
3931 441
3931 442
3931 443
3931 444
3931 445
3931 446
3931 447
3932 153
3932 154
3932 155
3932 156
3932 157
3932 158
3932 159
3932 160
3932 161
3932 162
3932 394
3932 395
3932 396
3932 397
3932 398
3932 399
3932 400
3932 401
3932 402
3932 403
3932 404
3932 405
3932 406
3932 407
3932 408
3932 409
3932 410
3932 411
3932 412
3932 413
3932 414
3934 444
3934 445
3934 446
3934 447
3934 448
3934 449
3934 450
3934 451
3934 452
3934 453
3934 454
3934 455
3934 456
3934 457
3934 458
3934 459
3934 460
3934 461
3934 462
3934 463
3935 17
3935 18
3935 172
3935 173
3935 174
3935 175
3935 176
3935 177
3935 178
3935 179
3935 180
3935 411
3935 412
3935 413
3935 414
3935 415
3935 416
3935 417
3935 418
3935 419
3935 420
3935 421
3935 422
3935 423
3935 424
3935 425
3935 426
3935 427
3935 428
3935 429
3935 430
3935 431
3935 432
3935 433
3935 434
3935 435
3935 436
3936 388
3936 389
3936 390
3936 391
3936 392
3936 393
3936 394
3936 395
3936 396
3936 397
3936 398
3936 399
3936 400
3938 432
3938 433
3938 434
3938 435
3938 436
3938 437
3938 438
3938 439
3938 440
3938 441
3938 442
3938 443
3938 444
3938 445
3938 446
3938 447
3938 448
3938 449
3938 450
3938 451
3938 452
3938 453
3938 454
3938 455
3939 6
3939 7
3939 161
3939 162
3939 163
3939 164
3939 165
3939 166
3939 167
3939 168
3939 169
3939 170
3939 171
3939 402
3939 403
3939 404
3939 405
3939 406
3939 407
3939 408
3939 409
3939 410
3939 411
3939 412
3939 413
3939 414
3939 415
3939 416
3939 417
3939 418
3939 419
3939 420
3939 421
3939 422
3939 423
3939 424
3939 425
3941 457
3941 458
3941 459
3941 460
3941 461
3941 462
3941 463
3941 464
3941 465
3941 466
3941 467
3941 468
3942 183
3942 184
3942 185
3942 420
3942 421
3942 422
3942 423
3942 424
3942 425
3942 426
3942 427
3942 428
3942 429
3942 430
3942 431
3942 432
3942 433
3942 434
3942 435
3942 436
3942 437
3942 438
3942 439
3942 440
3942 441
3942 442
3942 443
3942 444
3942 445
3943 152
3943 153
3943 154
3943 155
3943 156
3943 157
3943 158
3943 159
3943 160
3943 393
3943 394
3943 395
3943 396
3943 397
3943 398
3943 399
3943 400
3943 401
3943 402
3943 403
3943 404
3943 405
3943 406
3943 407
3943 408
3943 409
3943 410
3943 411
3943 412
3945 442
3945 443
3945 444
3945 445
3945 446
3945 447
3945 448
3945 449
3945 450
3945 451
3945 452
3945 453
3945 454
3945 455
3945 456
3945 457
3945 458
3945 459
3945 460
3945 461
3945 462
3946 14
3946 15
3946 16
3946 17
3946 170
3946 171
3946 172
3946 173
3946 174
3946 175
3946 176
3946 177
3946 178
3946 410
3946 411
3946 412
3946 413
3946 414
3946 415
3946 416
3946 417
3946 418
3946 419
3946 420
3946 421
3946 422
3946 423
3946 424
3946 425
3946 426
3946 427
3946 428
3946 429
3946 430
3946 431
3946 432
3946 433
3946 434
3946 435
3947 387
3947 388
3947 389
3947 390
3947 391
3947 392
3947 393
3947 394
3947 395
3947 396
3947 397
3947 398
3949 430
3949 431
3949 432
3949 433
3949 434
3949 435
3949 436
3949 437
3949 438
3949 439
3949 440
3949 441
3949 442
3949 443
3949 444
3949 445
3949 446
3949 447
3949 448
3949 449
3949 450
3949 451
3949 452
3949 453
3949 454
3950 160
3950 161
3950 162
3950 163
3950 164
3950 165
3950 166
3950 167
3950 168
3950 169
3950 400
3950 401
3950 402
3950 403
3950 404
3950 405
3950 406
3950 407
3950 408
3950 409
3950 410
3950 411
3950 412
3950 413
3950 414
3950 415
3950 416
3950 417
3950 418
3950 419
3950 420
3950 421
3950 422
3950 423
3952 455
3952 456
3952 457
3952 458
3952 459
3952 460
3952 461
3952 462
3952 463
3952 464
3952 465
3952 466
3952 467
3953 181
3953 182
3953 183
3953 184
3953 419
3953 420
3953 421
3953 422
3953 423
3953 424
3953 425
3953 426
3953 427
3953 428
3953 429
3953 430
3953 431
3953 432
3953 433
3953 434
3953 435
3953 436
3953 437
3953 438
3953 439
3953 440
3953 441
3953 442
3953 443
3953 444
3954 152
3954 153
3954 154
3954 155
3954 156
3954 157
3954 158
3954 392
3954 393
3954 394
3954 395
3954 396
3954 397
3954 398
3954 399
3954 400
3954 401
3954 402
3954 403
3954 404
3954 405
3954 406
3954 407
3954 408
3954 409
3954 410
3954 411
3956 440
3956 441
3956 442
3956 443
3956 444
3956 445
3956 446
3956 447
3956 448
3956 449
3956 450
3956 451
3956 452
3956 453
3956 454
3956 455
3956 456
3956 457
3956 458
3956 459
3956 460
3956 461
3957 12
3957 13
3957 14
3957 15
3957 16
3957 169
3957 170
3957 171
3957 172
3957 173
3957 174
3957 175
3957 176
3957 177
3957 408
3957 409
3957 410
3957 411
3957 412
3957 413
3957 414
3957 415
3957 416
3957 417
3957 418
3957 419
3957 420
3957 421
3957 422
3957 423
3957 424
3957 425
3957 426
3957 427
3957 428
3957 429
3957 430
3957 431
3957 432
3957 433
3958 386
3958 387
3958 388
3958 389
3958 390
3958 391
3958 392
3958 393
3958 394
3958 395
3958 396
3960 428
3960 429
3960 430
3960 431
3960 432
3960 433
3960 434
3960 435
3960 436
3960 437
3960 438
3960 439
3960 440
3960 441
3960 442
3960 443
3960 444
3960 445
3960 446
3960 447
3960 448
3960 449
3960 450
3960 451
3960 452
3961 159
3961 160
3961 161
3961 162
3961 163
3961 164
3961 165
3961 166
3961 167
3961 168
3961 399
3961 400
3961 401
3961 402
3961 403
3961 404
3961 405
3961 406
3961 407
3961 408
3961 409
3961 410
3961 411
3961 412
3961 413
3961 414
3961 415
3961 416
3961 417
3961 418
3961 419
3961 420
3961 421
3961 422
3963 452
3963 453
3963 454
3963 455
3963 456
3963 457
3963 458
3963 459
3963 460
3963 461
3963 462
3963 463
3963 464
3963 465
3963 466
3963 467
3964 180
3964 181
3964 182
3964 183
3964 417
3964 418
3964 419
3964 420
3964 421
3964 422
3964 423
3964 424
3964 425
3964 426
3964 427
3964 428
3964 429
3964 430
3964 431
3964 432
3964 433
3964 434
3964 435
3964 436
3964 437
3964 438
3964 439
3964 440
3964 441
3964 442
3965 151
3965 152
3965 153
3965 154
3965 155
3965 156
3965 391
3965 392
3965 393
3965 394
3965 395
3965 396
3965 397
3965 398
3965 399
3965 400
3965 401
3965 402
3965 403
3965 404
3965 405
3965 406
3965 407
3965 408
3965 409
3967 439
3967 440
3967 441
3967 442
3967 443
3967 444
3967 445
3967 446
3967 447
3967 448
3967 449
3967 450
3967 451
3967 452
3967 453
3967 454
3967 455
3967 456
3967 457
3967 458
3967 459
3967 460
3968 11
3968 12
3968 13
3968 14
3968 168
3968 169
3968 170
3968 171
3968 172
3968 173
3968 174
3968 175
3968 176
3968 407
3968 408
3968 409
3968 410
3968 411
3968 412
3968 413
3968 414
3968 415
3968 416
3968 417
3968 418
3968 419
3968 420
3968 421
3968 422
3968 423
3968 424
3968 425
3968 426
3968 427
3968 428
3968 429
3968 430
3968 431
3968 432
3969 386
3969 387
3969 388
3969 389
3969 390
3969 391
3969 392
3969 393
3971 427
3971 428
3971 429
3971 430
3971 431
3971 432
3971 433
3971 434
3971 435
3971 436
3971 437
3971 438
3971 439
3971 440
3971 441
3971 442
3971 443
3971 444
3971 445
3971 446
3971 447
3971 448
3971 449
3971 450
3971 451
3972 158
3972 159
3972 160
3972 161
3972 162
3972 163
3972 164
3972 165
3972 166
3972 398
3972 399
3972 400
3972 401
3972 402
3972 403
3972 404
3972 405
3972 406
3972 407
3972 408
3972 409
3972 410
3972 411
3972 412
3972 413
3972 414
3972 415
3972 416
3972 417
3972 418
3972 419
3972 420
3974 450
3974 451
3974 452
3974 453
3974 454
3974 455
3974 456
3974 457
3974 458
3974 459
3974 460
3974 461
3974 462
3974 463
3974 464
3974 465
3974 466
3975 178
3975 179
3975 180
3975 181
3975 182
3975 416
3975 417
3975 418
3975 419
3975 420
3975 421
3975 422
3975 423
3975 424
3975 425
3975 426
3975 427
3975 428
3975 429
3975 430
3975 431
3975 432
3975 433
3975 434
3975 435
3975 436
3975 437
3975 438
3975 439
3975 440
3975 441
3976 151
3976 152
3976 153
3976 154
3976 390
3976 391
3976 392
3976 393
3976 394
3976 395
3976 396
3976 397
3976 398
3976 399
3976 400
3976 401
3976 402
3976 403
3976 404
3976 405
3976 406
3976 407
3978 437
3978 438
3978 439
3978 440
3978 441
3978 442
3978 443
3978 444
3978 445
3978 446
3978 447
3978 448
3978 449
3978 450
3978 451
3978 452
3978 453
3978 454
3978 455
3978 456
3978 457
3978 458
3978 459
3979 9
3979 10
3979 11
3979 12
3979 13
3979 167
3979 168
3979 169
3979 170
3979 171
3979 172
3979 173
3979 174
3979 405
3979 406
3979 407
3979 408
3979 409
3979 410
3979 411
3979 412
3979 413
3979 414
3979 415
3979 416
3979 417
3979 418
3979 419
3979 420
3979 421
3979 422
3979 423
3979 424
3979 425
3979 426
3979 427
3979 428
3979 429
3979 430
3980 387
3980 388
3980 389
3980 390
3982 425
3982 426
3982 427
3982 428
3982 429
3982 430
3982 431
3982 432
3982 433
3982 434
3982 435
3982 436
3982 437
3982 438
3982 439
3982 440
3982 441
3982 442
3982 443
3982 444
3982 445
3982 446
3982 447
3982 448
3982 449
3982 450
3983 157
3983 158
3983 159
3983 160
3983 161
3983 162
3983 163
3983 164
3983 396
3983 397
3983 398
3983 399
3983 400
3983 401
3983 402
3983 403
3983 404
3983 405
3983 406
3983 407
3983 408
3983 409
3983 410
3983 411
3983 412
3983 413
3983 414
3983 415
3983 416
3983 417
3983 418
3985 448
3985 449
3985 450
3985 451
3985 452
3985 453
3985 454
3985 455
3985 456
3985 457
3985 458
3985 459
3985 460
3985 461
3985 462
3985 463
3985 464
3985 465
3986 177
3986 178
3986 179
3986 180
3986 181
3986 414
3986 415
3986 416
3986 417
3986 418
3986 419
3986 420
3986 421
3986 422
3986 423
3986 424
3986 425
3986 426
3986 427
3986 428
3986 429
3986 430
3986 431
3986 432
3986 433
3986 434
3986 435
3986 436
3986 437
3986 438
3986 439
3987 389
3987 390
3987 391
3987 392
3987 393
3987 394
3987 395
3987 396
3987 397
3987 398
3987 399
3987 400
3987 401
3987 402
3987 403
3987 404
3987 405
3989 435
3989 436
3989 437
3989 438
3989 439
3989 440
3989 441
3989 442
3989 443
3989 444
3989 445
3989 446
3989 447
3989 448
3989 449
3989 450
3989 451
3989 452
3989 453
3989 454
3989 455
3989 456
3989 457
3990 7
3990 8
3990 9
3990 10
3990 11
3990 165
3990 166
3990 167
3990 168
3990 169
3990 170
3990 171
3990 172
3990 173
3990 404
3990 405
3990 406
3990 407
3990 408
3990 409
3990 410
3990 411
3990 412
3990 413
3990 414
3990 415
3990 416
3990 417
3990 418
3990 419
3990 420
3990 421
3990 422
3990 423
3990 424
3990 425
3990 426
3990 427
3990 428
3992 463
3992 464
3992 465
3992 466
3992 467
3993 423
3993 424
3993 425
3993 426
3993 427
3993 428
3993 429
3993 430
3993 431
3993 432
3993 433
3993 434
3993 435
3993 436
3993 437
3993 438
3993 439
3993 440
3993 441
3993 442
3993 443
3993 444
3993 445
3993 446
3993 447
3993 448
3994 156
3994 157
3994 158
3994 159
3994 160
3994 161
3994 162
3994 163
3994 395
3994 396
3994 397
3994 398
3994 399
3994 400
3994 401
3994 402
3994 403
3994 404
3994 405
3994 406
3994 407
3994 408
3994 409
3994 410
3994 411
3994 412
3994 413
3994 414
3994 415
3994 416
3996 446
3996 447
3996 448
3996 449
3996 450
3996 451
3996 452
3996 453
3996 454
3996 455
3996 456
3996 457
3996 458
3996 459
3996 460
3996 461
3996 462
3996 463
3996 464
3997 175
3997 176
3997 177
3997 178
3997 179
3997 180
3997 413
3997 414
3997 415
3997 416
3997 417
3997 418
3997 419
3997 420
3997 421
3997 422
3997 423
3997 424
3997 425
3997 426
3997 427
3997 428
3997 429
3997 430
3997 431
3997 432
3997 433
3997 434
3997 435
3997 436
3997 437
3997 438
3998 388
3998 389
3998 390
3998 391
3998 392
3998 393
3998 394
3998 395
3998 396
3998 397
3998 398
3998 399
3998 400
3998 401
3998 402
3998 403
4000 433
4000 434
4000 435
4000 436
4000 437
4000 438
4000 439
4000 440
4000 441
4000 442
4000 443
4000 444
4000 445
4000 446
4000 447
4000 448
4000 449
4000 450
4000 451
4000 452
4000 453
4000 454
4000 455
4000 456
4001 6
4001 7
4001 8
4001 9
4001 10
4001 164
4001 165
4001 166
4001 167
4001 168
4001 169
4001 170
4001 171
4001 403
4001 404
4001 405
4001 406
4001 407
4001 408
4001 409
4001 410
4001 411
4001 412
4001 413
4001 414
4001 415
4001 416
4001 417
4001 418
4001 419
4001 420
4001 421
4001 422
4001 423
4001 424
4001 425
4001 426
4001 427
4003 459
4003 460
4003 461
4003 462
4003 463
4003 464
4003 465
4003 466
4003 467
4004 422
4004 423
4004 424
4004 425
4004 426
4004 427
4004 428
4004 429
4004 430
4004 431
4004 432
4004 433
4004 434
4004 435
4004 436
4004 437
4004 438
4004 439
4004 440
4004 441
4004 442
4004 443
4004 444
4004 445
4004 446
4004 447
4005 156
4005 157
4005 158
4005 159
4005 160
4005 161
4005 394
4005 395
4005 396
4005 397
4005 398
4005 399
4005 400
4005 401
4005 402
4005 403
4005 404
4005 405
4005 406
4005 407
4005 408
4005 409
4005 410
4005 411
4005 412
4005 413
4005 414
4005 415
4007 444
4007 445
4007 446
4007 447
4007 448
4007 449
4007 450
4007 451
4007 452
4007 453
4007 454
4007 455
4007 456
4007 457
4007 458
4007 459
4007 460
4007 461
4007 462
4007 463
4008 16
4008 17
4008 18
4008 174
4008 175
4008 176
4008 177
4008 178
4008 411
4008 412
4008 413
4008 414
4008 415
4008 416
4008 417
4008 418
4008 419
4008 420
4008 421
4008 422
4008 423
4008 424
4008 425
4008 426
4008 427
4008 428
4008 429
4008 430
4008 431
4008 432
4008 433
4008 434
4008 435
4008 436
4009 387
4009 388
4009 389
4009 390
4009 391
4009 392
4009 393
4009 394
4009 395
4009 396
4009 397
4009 398
4009 399
4009 400
4009 401
4011 432
4011 433
4011 434
4011 435
4011 436
4011 437
4011 438
4011 439
4011 440
4011 441
4011 442
4011 443
4011 444
4011 445
4011 446
4011 447
4011 448
4011 449
4011 450
4011 451
4011 452
4011 453
4011 454
4011 455
4012 5
4012 6
4012 7
4012 8
4012 163
4012 164
4012 165
4012 166
4012 167
4012 168
4012 169
4012 170
4012 401
4012 402
4012 403
4012 404
4012 405
4012 406
4012 407
4012 408
4012 409
4012 410
4012 411
4012 412
4012 413
4012 414
4012 415
4012 416
4012 417
4012 418
4012 419
4012 420
4012 421
4012 422
4012 423
4012 424
4012 425
4014 457
4014 458
4014 459
4014 460
4014 461
4014 462
4014 463
4014 464
4014 465
4014 466
4014 467
4015 420
4015 421
4015 422
4015 423
4015 424
4015 425
4015 426
4015 427
4015 428
4015 429
4015 430
4015 431
4015 432
4015 433
4015 434
4015 435
4015 436
4015 437
4015 438
4015 439
4015 440
4015 441
4015 442
4015 443
4015 444
4015 445
4016 155
4016 156
4016 157
4016 158
4016 159
4016 393
4016 394
4016 395
4016 396
4016 397
4016 398
4016 399
4016 400
4016 401
4016 402
4016 403
4016 404
4016 405
4016 406
4016 407
4016 408
4016 409
4016 410
4016 411
4016 412
4016 413
4018 442
4018 443
4018 444
4018 445
4018 446
4018 447
4018 448
4018 449
4018 450
4018 451
4018 452
4018 453
4018 454
4018 455
4018 456
4018 457
4018 458
4018 459
4018 460
4018 461
4018 462
4019 14
4019 15
4019 16
4019 17
4019 173
4019 174
4019 175
4019 176
4019 177
4019 410
4019 411
4019 412
4019 413
4019 414
4019 415
4019 416
4019 417
4019 418
4019 419
4019 420
4019 421
4019 422
4019 423
4019 424
4019 425
4019 426
4019 427
4019 428
4019 429
4019 430
4019 431
4019 432
4019 433
4019 434
4019 435
4020 386
4020 387
4020 388
4020 389
4020 390
4020 391
4020 392
4020 393
4020 394
4020 395
4020 396
4020 397
4020 398
4020 399
4022 430
4022 431
4022 432
4022 433
4022 434
4022 435
4022 436
4022 437
4022 438
4022 439
4022 440
4022 441
4022 442
4022 443
4022 444
4022 445
4022 446
4022 447
4022 448
4022 449
4022 450
4022 451
4022 452
4022 453
4023 4
4023 5
4023 6
4023 162
4023 163
4023 164
4023 165
4023 166
4023 167
4023 168
4023 400
4023 401
4023 402
4023 403
4023 404
4023 405
4023 406
4023 407
4023 408
4023 409
4023 410
4023 411
4023 412
4023 413
4023 414
4023 415
4023 416
4023 417
4023 418
4023 419
4023 420
4023 421
4023 422
4023 423
4025 454
4025 455
4025 456
4025 457
4025 458
4025 459
4025 460
4025 461
4025 462
4025 463
4025 464
4025 465
4025 466
4025 467
4026 419
4026 420
4026 421
4026 422
4026 423
4026 424
4026 425
4026 426
4026 427
4026 428
4026 429
4026 430
4026 431
4026 432
4026 433
4026 434
4026 435
4026 436
4026 437
4026 438
4026 439
4026 440
4026 441
4026 442
4026 443
4026 444
4027 392
4027 393
4027 394
4027 395
4027 396
4027 397
4027 398
4027 399
4027 400
4027 401
4027 402
4027 403
4027 404
4027 405
4027 406
4027 407
4027 408
4027 409
4027 410
4027 411
4029 440
4029 441
4029 442
4029 443
4029 444
4029 445
4029 446
4029 447
4029 448
4029 449
4029 450
4029 451
4029 452
4029 453
4029 454
4029 455
4029 456
4029 457
4029 458
4029 459
4029 460
4029 461
4030 12
4030 13
4030 14
4030 15
4030 16
4030 172
4030 173
4030 174
4030 175
4030 408
4030 409
4030 410
4030 411
4030 412
4030 413
4030 414
4030 415
4030 416
4030 417
4030 418
4030 419
4030 420
4030 421
4030 422
4030 423
4030 424
4030 425
4030 426
4030 427
4030 428
4030 429
4030 430
4030 431
4030 432
4030 433
4031 385
4031 386
4031 387
4031 388
4031 389
4031 390
4031 391
4031 392
4031 393
4031 394
4031 395
4031 396
4031 397
4033 428
4033 429
4033 430
4033 431
4033 432
4033 433
4033 434
4033 435
4033 436
4033 437
4033 438
4033 439
4033 440
4033 441
4033 442
4033 443
4033 444
4033 445
4033 446
4033 447
4033 448
4033 449
4033 450
4033 451
4033 452
4034 162
4034 163
4034 164
4034 165
4034 166
4034 399
4034 400
4034 401
4034 402
4034 403
4034 404
4034 405
4034 406
4034 407
4034 408
4034 409
4034 410
4034 411
4034 412
4034 413
4034 414
4034 415
4034 416
4034 417
4034 418
4034 419
4034 420
4034 421
4034 422
4036 452
4036 453
4036 454
4036 455
4036 456
4036 457
4036 458
4036 459
4036 460
4036 461
4036 462
4036 463
4036 464
4036 465
4036 466
4037 417
4037 418
4037 419
4037 420
4037 421
4037 422
4037 423
4037 424
4037 425
4037 426
4037 427
4037 428
4037 429
4037 430
4037 431
4037 432
4037 433
4037 434
4037 435
4037 436
4037 437
4037 438
4037 439
4037 440
4037 441
4037 442
4038 390
4038 391
4038 392
4038 393
4038 394
4038 395
4038 396
4038 397
4038 398
4038 399
4038 400
4038 401
4038 402
4038 403
4038 404
4038 405
4038 406
4038 407
4038 408
4038 409
4040 438
4040 439
4040 440
4040 441
4040 442
4040 443
4040 444
4040 445
4040 446
4040 447
4040 448
4040 449
4040 450
4040 451
4040 452
4040 453
4040 454
4040 455
4040 456
4040 457
4040 458
4040 459
4041 10
4041 11
4041 12
4041 13
4041 14
4041 15
4041 171
4041 172
4041 173
4041 174
4041 407
4041 408
4041 409
4041 410
4041 411
4041 412
4041 413
4041 414
4041 415
4041 416
4041 417
4041 418
4041 419
4041 420
4041 421
4041 422
4041 423
4041 424
4041 425
4041 426
4041 427
4041 428
4041 429
4041 430
4041 431
4041 432
4042 385
4042 386
4042 387
4042 388
4042 389
4042 390
4042 391
4042 392
4042 393
4042 394
4042 395
4044 427
4044 428
4044 429
4044 430
4044 431
4044 432
4044 433
4044 434
4044 435
4044 436
4044 437
4044 438
4044 439
4044 440
4044 441
4044 442
4044 443
4044 444
4044 445
4044 446
4044 447
4044 448
4044 449
4044 450
4044 451
4045 161
4045 162
4045 163
4045 164
4045 397
4045 398
4045 399
4045 400
4045 401
4045 402
4045 403
4045 404
4045 405
4045 406
4045 407
4045 408
4045 409
4045 410
4045 411
4045 412
4045 413
4045 414
4045 415
4045 416
4045 417
4045 418
4045 419
4045 420
4047 450
4047 451
4047 452
4047 453
4047 454
4047 455
4047 456
4047 457
4047 458
4047 459
4047 460
4047 461
4047 462
4047 463
4047 464
4047 465
4048 416
4048 417
4048 418
4048 419
4048 420
4048 421
4048 422
4048 423
4048 424
4048 425
4048 426
4048 427
4048 428
4048 429
4048 430
4048 431
4048 432
4048 433
4048 434
4048 435
4048 436
4048 437
4048 438
4048 439
4048 440
4048 441
4049 389
4049 390
4049 391
4049 392
4049 393
4049 394
4049 395
4049 396
4049 397
4049 398
4049 399
4049 400
4049 401
4049 402
4049 403
4049 404
4049 405
4049 406
4049 407
4049 408
4051 437
4051 438
4051 439
4051 440
4051 441
4051 442
4051 443
4051 444
4051 445
4051 446
4051 447
4051 448
4051 449
4051 450
4051 451
4051 452
4051 453
4051 454
4051 455
4051 456
4051 457
4051 458
4052 8
4052 9
4052 10
4052 11
4052 12
4052 13
4052 170
4052 171
4052 172
4052 405
4052 406
4052 407
4052 408
4052 409
4052 410
4052 411
4052 412
4052 413
4052 414
4052 415
4052 416
4052 417
4052 418
4052 419
4052 420
4052 421
4052 422
4052 423
4052 424
4052 425
4052 426
4052 427
4052 428
4052 429
4052 430
4053 385
4053 386
4053 387
4053 388
4053 389
4053 390
4053 391
4053 392
4055 425
4055 426
4055 427
4055 428
4055 429
4055 430
4055 431
4055 432
4055 433
4055 434
4055 435
4055 436
4055 437
4055 438
4055 439
4055 440
4055 441
4055 442
4055 443
4055 444
4055 445
4055 446
4055 447
4055 448
4055 449
4056 396
4056 397
4056 398
4056 399
4056 400
4056 401
4056 402
4056 403
4056 404
4056 405
4056 406
4056 407
4056 408
4056 409
4056 410
4056 411
4056 412
4056 413
4056 414
4056 415
4056 416
4056 417
4056 418
4058 448
4058 449
4058 450
4058 451
4058 452
4058 453
4058 454
4058 455
4058 456
4058 457
4058 458
4058 459
4058 460
4058 461
4058 462
4058 463
4058 464
4059 414
4059 415
4059 416
4059 417
4059 418
4059 419
4059 420
4059 421
4059 422
4059 423
4059 424
4059 425
4059 426
4059 427
4059 428
4059 429
4059 430
4059 431
4059 432
4059 433
4059 434
4059 435
4059 436
4059 437
4059 438
4059 439
4060 389
4060 390
4060 391
4060 392
4060 393
4060 394
4060 395
4060 396
4060 397
4060 398
4060 399
4060 400
4060 401
4060 402
4060 403
4060 404
4060 405
4060 406
4062 435
4062 436
4062 437
4062 438
4062 439
4062 440
4062 441
4062 442
4062 443
4062 444
4062 445
4062 446
4062 447
4062 448
4062 449
4062 450
4062 451
4062 452
4062 453
4062 454
4062 455
4062 456
4062 457
4063 7
4063 8
4063 9
4063 10
4063 11
4063 12
4063 404
4063 405
4063 406
4063 407
4063 408
4063 409
4063 410
4063 411
4063 412
4063 413
4063 414
4063 415
4063 416
4063 417
4063 418
4063 419
4063 420
4063 421
4063 422
4063 423
4063 424
4063 425
4063 426
4063 427
4063 428
4064 385
4064 386
4064 387
4064 388
4064 389
4065 464
4065 465
4066 423
4066 424
4066 425
4066 426
4066 427
4066 428
4066 429
4066 430
4066 431
4066 432
4066 433
4066 434
4066 435
4066 436
4066 437
4066 438
4066 439
4066 440
4066 441
4066 442
4066 443
4066 444
4066 445
4066 446
4066 447
4066 448
4067 395
4067 396
4067 397
4067 398
4067 399
4067 400
4067 401
4067 402
4067 403
4067 404
4067 405
4067 406
4067 407
4067 408
4067 409
4067 410
4067 411
4067 412
4067 413
4067 414
4067 415
4067 416
4067 417
4069 446
4069 447
4069 448
4069 449
4069 450
4069 451
4069 452
4069 453
4069 454
4069 455
4069 456
4069 457
4069 458
4069 459
4069 460
4069 461
4069 462
4069 463
4070 18
4070 413
4070 414
4070 415
4070 416
4070 417
4070 418
4070 419
4070 420
4070 421
4070 422
4070 423
4070 424
4070 425
4070 426
4070 427
4070 428
4070 429
4070 430
4070 431
4070 432
4070 433
4070 434
4070 435
4070 436
4070 437
4070 438
4071 388
4071 389
4071 390
4071 391
4071 392
4071 393
4071 394
4071 395
4071 396
4071 397
4071 398
4071 399
4071 400
4071 401
4071 402
4071 403
4071 404
4073 433
4073 434
4073 435
4073 436
4073 437
4073 438
4073 439
4073 440
4073 441
4073 442
4073 443
4073 444
4073 445
4073 446
4073 447
4073 448
4073 449
4073 450
4073 451
4073 452
4073 453
4073 454
4073 455
4074 6
4074 7
4074 8
4074 9
4074 10
4074 403
4074 404
4074 405
4074 406
4074 407
4074 408
4074 409
4074 410
4074 411
4074 412
4074 413
4074 414
4074 415
4074 416
4074 417
4074 418
4074 419
4074 420
4074 421
4074 422
4074 423
4074 424
4074 425
4074 426
4074 427
4076 460
4076 461
4076 462
4076 463
4076 464
4076 465
4076 466
4077 422
4077 423
4077 424
4077 425
4077 426
4077 427
4077 428
4077 429
4077 430
4077 431
4077 432
4077 433
4077 434
4077 435
4077 436
4077 437
4077 438
4077 439
4077 440
4077 441
4077 442
4077 443
4077 444
4077 445
4077 446
4078 394
4078 395
4078 396
4078 397
4078 398
4078 399
4078 400
4078 401
4078 402
4078 403
4078 404
4078 405
4078 406
4078 407
4078 408
4078 409
4078 410
4078 411
4078 412
4078 413
4078 414
4078 415
4080 444
4080 445
4080 446
4080 447
4080 448
4080 449
4080 450
4080 451
4080 452
4080 453
4080 454
4080 455
4080 456
4080 457
4080 458
4080 459
4080 460
4080 461
4080 462
4081 15
4081 16
4081 17
4081 18
4081 411
4081 412
4081 413
4081 414
4081 415
4081 416
4081 417
4081 418
4081 419
4081 420
4081 421
4081 422
4081 423
4081 424
4081 425
4081 426
4081 427
4081 428
4081 429
4081 430
4081 431
4081 432
4081 433
4081 434
4081 435
4081 436
4082 387
4082 388
4082 389
4082 390
4082 391
4082 392
4082 393
4082 394
4082 395
4082 396
4082 397
4082 398
4082 399
4082 400
4082 401
4082 402
4084 432
4084 433
4084 434
4084 435
4084 436
4084 437
4084 438
4084 439
4084 440
4084 441
4084 442
4084 443
4084 444
4084 445
4084 446
4084 447
4084 448
4084 449
4084 450
4084 451
4084 452
4084 453
4084 454
4085 4
4085 5
4085 6
4085 7
4085 8
4085 9
4085 402
4085 403
4085 404
4085 405
4085 406
4085 407
4085 408
4085 409
4085 410
4085 411
4085 412
4085 413
4085 414
4085 415
4085 416
4085 417
4085 418
4085 419
4085 420
4085 421
4085 422
4085 423
4085 424
4085 425
4087 457
4087 458
4087 459
4087 460
4087 461
4087 462
4087 463
4087 464
4087 465
4087 466
4088 420
4088 421
4088 422
4088 423
4088 424
4088 425
4088 426
4088 427
4088 428
4088 429
4088 430
4088 431
4088 432
4088 433
4088 434
4088 435
4088 436
4088 437
4088 438
4088 439
4088 440
4088 441
4088 442
4088 443
4088 444
4088 445
4089 393
4089 394
4089 395
4089 396
4089 397
4089 398
4089 399
4089 400
4089 401
4089 402
4089 403
4089 404
4089 405
4089 406
4089 407
4089 408
4089 409
4089 410
4089 411
4089 412
4089 413
4091 442
4091 443
4091 444
4091 445
4091 446
4091 447
4091 448
4091 449
4091 450
4091 451
4091 452
4091 453
4091 454
4091 455
4091 456
4091 457
4091 458
4091 459
4091 460
4091 461
4092 13
4092 14
4092 15
4092 16
4092 17
4092 410
4092 411
4092 412
4092 413
4092 414
4092 415
4092 416
4092 417
4092 418
4092 419
4092 420
4092 421
4092 422
4092 423
4092 424
4092 425
4092 426
4092 427
4092 428
4092 429
4092 430
4092 431
4092 432
4092 433
4092 434
4092 435
4093 386
4093 387
4093 388
4093 389
4093 390
4093 391
4093 392
4093 393
4093 394
4093 395
4093 396
4093 397
4093 398
4093 399
4093 400
4095 430
4095 431
4095 432
4095 433
4095 434
4095 435
4095 436
4095 437
4095 438
4095 439
4095 440
4095 441
4095 442
4095 443
4095 444
4095 445
4095 446
4095 447
4095 448
4095 449
4095 450
4095 451
4095 452
4095 453
4096 3
4096 4
4096 5
4096 6
4096 7
4096 400
4096 401
4096 402
4096 403
4096 404
4096 405
4096 406
4096 407
4096 408
4096 409
4096 410
4096 411
4096 412
4096 413
4096 414
4096 415
4096 416
4096 417
4096 418
4096 419
4096 420
4096 421
4096 422
4096 423
4098 454
4098 455
4098 456
4098 457
4098 458
4098 459
4098 460
4098 461
4098 462
4098 463
4098 464
4098 465
4099 419
4099 420
4099 421
4099 422
4099 423
4099 424
4099 425
4099 426
4099 427
4099 428
4099 429
4099 430
4099 431
4099 432
4099 433
4099 434
4099 435
4099 436
4099 437
4099 438
4099 439
4099 440
4099 441
4099 442
4099 443
4100 392
4100 393
4100 394
4100 395
4100 396
4100 397
4100 398
4100 399
4100 400
4100 401
4100 402
4100 403
4100 404
4100 405
4100 406
4100 407
4100 408
4100 409
4100 410
4100 411
4100 412
4102 440
4102 441
4102 442
4102 443
4102 444
4102 445
4102 446
4102 447
4102 448
4102 449
4102 450
4102 451
4102 452
4102 453
4102 454
4102 455
4102 456
4102 457
4102 458
4102 459
4102 460
4103 11
4103 12
4103 13
4103 14
4103 15
4103 16
4103 409
4103 410
4103 411
4103 412
4103 413
4103 414
4103 415
4103 416
4103 417
4103 418
4103 419
4103 420
4103 421
4103 422
4103 423
4103 424
4103 425
4103 426
4103 427
4103 428
4103 429
4103 430
4103 431
4103 432
4103 433
4104 386
4104 387
4104 388
4104 389
4104 390
4104 391
4104 392
4104 393
4104 394
4104 395
4104 396
4104 397
4104 398
4106 428
4106 429
4106 430
4106 431
4106 432
4106 433
4106 434
4106 435
4106 436
4106 437
4106 438
4106 439
4106 440
4106 441
4106 442
4106 443
4106 444
4106 445
4106 446
4106 447
4106 448
4106 449
4106 450
4106 451
4107 3
4107 4
4107 5
4107 399
4107 400
4107 401
4107 402
4107 403
4107 404
4107 405
4107 406
4107 407
4107 408
4107 409
4107 410
4107 411
4107 412
4107 413
4107 414
4107 415
4107 416
4107 417
4107 418
4107 419
4107 420
4107 421
4107 422
4109 452
4109 453
4109 454
4109 455
4109 456
4109 457
4109 458
4109 459
4109 460
4109 461
4109 462
4109 463
4109 464
4109 465
4110 417
4110 418
4110 419
4110 420
4110 421
4110 422
4110 423
4110 424
4110 425
4110 426
4110 427
4110 428
4110 429
4110 430
4110 431
4110 432
4110 433
4110 434
4110 435
4110 436
4110 437
4110 438
4110 439
4110 440
4110 441
4110 442
4111 391
4111 392
4111 393
4111 394
4111 395
4111 396
4111 397
4111 398
4111 399
4111 400
4111 401
4111 402
4111 403
4111 404
4111 405
4111 406
4111 407
4111 408
4111 409
4111 410
4113 439
4113 440
4113 441
4113 442
4113 443
4113 444
4113 445
4113 446
4113 447
4113 448
4113 449
4113 450
4113 451
4113 452
4113 453
4113 454
4113 455
4113 456
4113 457
4113 458
4113 459
4114 10
4114 11
4114 12
4114 13
4114 14
4114 15
4114 407
4114 408
4114 409
4114 410
4114 411
4114 412
4114 413
4114 414
4114 415
4114 416
4114 417
4114 418
4114 419
4114 420
4114 421
4114 422
4114 423
4114 424
4114 425
4114 426
4114 427
4114 428
4114 429
4114 430
4114 431
4115 385
4115 386
4115 387
4115 388
4115 389
4115 390
4115 391
4115 392
4115 393
4115 394
4115 395
4115 396
4117 427
4117 428
4117 429
4117 430
4117 431
4117 432
4117 433
4117 434
4117 435
4117 436
4117 437
4117 438
4117 439
4117 440
4117 441
4117 442
4117 443
4117 444
4117 445
4117 446
4117 447
4117 448
4117 449
4117 450
4118 398
4118 399
4118 400
4118 401
4118 402
4118 403
4118 404
4118 405
4118 406
4118 407
4118 408
4118 409
4118 410
4118 411
4118 412
4118 413
4118 414
4118 415
4118 416
4118 417
4118 418
4118 419
4118 420
4120 450
4120 451
4120 452
4120 453
4120 454
4120 455
4120 456
4120 457
4120 458
4120 459
4120 460
4120 461
4120 462
4120 463
4120 464
4121 416
4121 417
4121 418
4121 419
4121 420
4121 421
4121 422
4121 423
4121 424
4121 425
4121 426
4121 427
4121 428
4121 429
4121 430
4121 431
4121 432
4121 433
4121 434
4121 435
4121 436
4121 437
4121 438
4121 439
4121 440
4122 390
4122 391
4122 392
4122 393
4122 394
4122 395
4122 396
4122 397
4122 398
4122 399
4122 400
4122 401
4122 402
4122 403
4122 404
4122 405
4122 406
4122 407
4122 408
4124 437
4124 438
4124 439
4124 440
4124 441
4124 442
4124 443
4124 444
4124 445
4124 446
4124 447
4124 448
4124 449
4124 450
4124 451
4124 452
4124 453
4124 454
4124 455
4124 456
4124 457
4125 8
4125 9
4125 10
4125 11
4125 12
4125 13
4125 14
4125 406
4125 407
4125 408
4125 409
4125 410
4125 411
4125 412
4125 413
4125 414
4125 415
4125 416
4125 417
4125 418
4125 419
4125 420
4125 421
4125 422
4125 423
4125 424
4125 425
4125 426
4125 427
4125 428
4125 429
4125 430
4126 385
4126 386
4126 387
4126 388
4126 389
4126 390
4126 391
4126 392
4126 393
4128 425
4128 426
4128 427
4128 428
4128 429
4128 430
4128 431
4128 432
4128 433
4128 434
4128 435
4128 436
4128 437
4128 438
4128 439
4128 440
4128 441
4128 442
4128 443
4128 444
4128 445
4128 446
4128 447
4128 448
4128 449
4129 397
4129 398
4129 399
4129 400
4129 401
4129 402
4129 403
4129 404
4129 405
4129 406
4129 407
4129 408
4129 409
4129 410
4129 411
4129 412
4129 413
4129 414
4129 415
4129 416
4129 417
4129 418
4131 448
4131 449
4131 450
4131 451
4131 452
4131 453
4131 454
4131 455
4131 456
4131 457
4131 458
4131 459
4131 460
4131 461
4131 462
4131 463
4132 415
4132 416
4132 417
4132 418
4132 419
4132 420
4132 421
4132 422
4132 423
4132 424
4132 425
4132 426
4132 427
4132 428
4132 429
4132 430
4132 431
4132 432
4132 433
4132 434
4132 435
4132 436
4132 437
4132 438
4132 439
4133 389
4133 390
4133 391
4133 392
4133 393
4133 394
4133 395
4133 396
4133 397
4133 398
4133 399
4133 400
4133 401
4133 402
4133 403
4133 404
4133 405
4133 406
4135 435
4135 436
4135 437
4135 438
4135 439
4135 440
4135 441
4135 442
4135 443
4135 444
4135 445
4135 446
4135 447
4135 448
4135 449
4135 450
4135 451
4135 452
4135 453
4135 454
4135 455
4135 456
4136 7
4136 8
4136 9
4136 10
4136 11
4136 12
4136 405
4136 406
4136 407
4136 408
4136 409
4136 410
4136 411
4136 412
4136 413
4136 414
4136 415
4136 416
4136 417
4136 418
4136 419
4136 420
4136 421
4136 422
4136 423
4136 424
4136 425
4136 426
4136 427
4136 428
4137 385
4137 386
4137 387
4137 388
4137 389
4137 390
4139 424
4139 425
4139 426
4139 427
4139 428
4139 429
4139 430
4139 431
4139 432
4139 433
4139 434
4139 435
4139 436
4139 437
4139 438
4139 439
4139 440
4139 441
4139 442
4139 443
4139 444
4139 445
4139 446
4139 447
4140 396
4140 397
4140 398
4140 399
4140 400
4140 401
4140 402
4140 403
4140 404
4140 405
4140 406
4140 407
4140 408
4140 409
4140 410
4140 411
4140 412
4140 413
4140 414
4140 415
4140 416
4140 417
4142 446
4142 447
4142 448
4142 449
4142 450
4142 451
4142 452
4142 453
4142 454
4142 455
4142 456
4142 457
4142 458
4142 459
4142 460
4142 461
4142 462
4143 17
4143 18
4143 19
4143 413
4143 414
4143 415
4143 416
4143 417
4143 418
4143 419
4143 420
4143 421
4143 422
4143 423
4143 424
4143 425
4143 426
4143 427
4143 428
4143 429
4143 430
4143 431
4143 432
4143 433
4143 434
4143 435
4143 436
4143 437
4144 388
4144 389
4144 390
4144 391
4144 392
4144 393
4144 394
4144 395
4144 396
4144 397
4144 398
4144 399
4144 400
4144 401
4144 402
4144 403
4144 404
4146 434
4146 435
4146 436
4146 437
4146 438
4146 439
4146 440
4146 441
4146 442
4146 443
4146 444
4146 445
4146 446
4146 447
4146 448
4146 449
4146 450
4146 451
4146 452
4146 453
4146 454
4146 455
4147 5
4147 6
4147 7
4147 8
4147 9
4147 10
4147 11
4147 403
4147 404
4147 405
4147 406
4147 407
4147 408
4147 409
4147 410
4147 411
4147 412
4147 413
4147 414
4147 415
4147 416
4147 417
4147 418
4147 419
4147 420
4147 421
4147 422
4147 423
4147 424
4147 425
4147 426
4147 427
4149 461
4149 462
4149 463
4149 464
4150 422
4150 423
4150 424
4150 425
4150 426
4150 427
4150 428
4150 429
4150 430
4150 431
4150 432
4150 433
4150 434
4150 435
4150 436
4150 437
4150 438
4150 439
4150 440
4150 441
4150 442
4150 443
4150 444
4150 445
4150 446
4151 395
4151 396
4151 397
4151 398
4151 399
4151 400
4151 401
4151 402
4151 403
4151 404
4151 405
4151 406
4151 407
4151 408
4151 409
4151 410
4151 411
4151 412
4151 413
4151 414
4151 415
4153 444
4153 445
4153 446
4153 447
4153 448
4153 449
4153 450
4153 451
4153 452
4153 453
4153 454
4153 455
4153 456
4153 457
4153 458
4153 459
4153 460
4153 461
4154 15
4154 16
4154 17
4154 18
4154 19
4154 412
4154 413
4154 414
4154 415
4154 416
4154 417
4154 418
4154 419
4154 420
4154 421
4154 422
4154 423
4154 424
4154 425
4154 426
4154 427
4154 428
4154 429
4154 430
4154 431
4154 432
4154 433
4154 434
4154 435
4154 436
4155 387
4155 388
4155 389
4155 390
4155 391
4155 392
4155 393
4155 394
4155 395
4155 396
4155 397
4155 398
4155 399
4155 400
4155 401
4155 402
4157 432
4157 433
4157 434
4157 435
4157 436
4157 437
4157 438
4157 439
4157 440
4157 441
4157 442
4157 443
4157 444
4157 445
4157 446
4157 447
4157 448
4157 449
4157 450
4157 451
4157 452
4157 453
4158 4
4158 5
4158 6
4158 7
4158 8
4158 9
4158 402
4158 403
4158 404
4158 405
4158 406
4158 407
4158 408
4158 409
4158 410
4158 411
4158 412
4158 413
4158 414
4158 415
4158 416
4158 417
4158 418
4158 419
4158 420
4158 421
4158 422
4158 423
4158 424
4158 425
4160 458
4160 459
4160 460
4160 461
4160 462
4160 463
4160 464
4161 421
4161 422
4161 423
4161 424
4161 425
4161 426
4161 427
4161 428
4161 429
4161 430
4161 431
4161 432
4161 433
4161 434
4161 435
4161 436
4161 437
4161 438
4161 439
4161 440
4161 441
4161 442
4161 443
4161 444
4162 394
4162 395
4162 396
4162 397
4162 398
4162 399
4162 400
4162 401
4162 402
4162 403
4162 404
4162 405
4162 406
4162 407
4162 408
4162 409
4162 410
4162 411
4162 412
4162 413
4164 442
4164 443
4164 444
4164 445
4164 446
4164 447
4164 448
4164 449
4164 450
4164 451
4164 452
4164 453
4164 454
4164 455
4164 456
4164 457
4164 458
4164 459
4164 460
4165 13
4165 14
4165 15
4165 16
4165 17
4165 18
4165 410
4165 411
4165 412
4165 413
4165 414
4165 415
4165 416
4165 417
4165 418
4165 419
4165 420
4165 421
4165 422
4165 423
4165 424
4165 425
4165 426
4165 427
4165 428
4165 429
4165 430
4165 431
4165 432
4165 433
4165 434
4166 387
4166 388
4166 389
4166 390
4166 391
4166 392
4166 393
4166 394
4166 395
4166 396
4166 397
4166 398
4166 399
4166 400
4168 430
4168 431
4168 432
4168 433
4168 434
4168 435
4168 436
4168 437
4168 438
4168 439
4168 440
4168 441
4168 442
4168 443
4168 444
4168 445
4168 446
4168 447
4168 448
4168 449
4168 450
4168 451
4168 452
4169 3
4169 4
4169 5
4169 6
4169 7
4169 401
4169 402
4169 403
4169 404
4169 405
4169 406
4169 407
4169 408
4169 409
4169 410
4169 411
4169 412
4169 413
4169 414
4169 415
4169 416
4169 417
4169 418
4169 419
4169 420
4169 421
4169 422
4169 423
4171 455
4171 456
4171 457
4171 458
4171 459
4171 460
4171 461
4171 462
4171 463
4171 464
4172 419
4172 420
4172 421
4172 422
4172 423
4172 424
4172 425
4172 426
4172 427
4172 428
4172 429
4172 430
4172 431
4172 432
4172 433
4172 434
4172 435
4172 436
4172 437
4172 438
4172 439
4172 440
4172 441
4172 442
4172 443
4173 393
4173 394
4173 395
4173 396
4173 397
4173 398
4173 399
4173 400
4173 401
4173 402
4173 403
4173 404
4173 405
4173 406
4173 407
4173 408
4173 409
4173 410
4173 411
4175 441
4175 442
4175 443
4175 444
4175 445
4175 446
4175 447
4175 448
4175 449
4175 450
4175 451
4175 452
4175 453
4175 454
4175 455
4175 456
4175 457
4175 458
4175 459
4176 11
4176 12
4176 13
4176 14
4176 15
4176 16
4176 17
4176 409
4176 410
4176 411
4176 412
4176 413
4176 414
4176 415
4176 416
4176 417
4176 418
4176 419
4176 420
4176 421
4176 422
4176 423
4176 424
4176 425
4176 426
4176 427
4176 428
4176 429
4176 430
4176 431
4176 432
4176 433
4177 386
4177 387
4177 388
4177 389
4177 390
4177 391
4177 392
4177 393
4177 394
4177 395
4177 396
4177 397
4177 398
4179 429
4179 430
4179 431
4179 432
4179 433
4179 434
4179 435
4179 436
4179 437
4179 438
4179 439
4179 440
4179 441
4179 442
4179 443
4179 444
4179 445
4179 446
4179 447
4179 448
4179 449
4179 450
4179 451
4180 2
4180 3
4180 4
4180 5
4180 6
4180 400
4180 401
4180 402
4180 403
4180 404
4180 405
4180 406
4180 407
4180 408
4180 409
4180 410
4180 411
4180 412
4180 413
4180 414
4180 415
4180 416
4180 417
4180 418
4180 419
4180 420
4180 421
4180 422
4182 453
4182 454
4182 455
4182 456
4182 457
4182 458
4182 459
4182 460
4182 461
4182 462
4182 463
4183 418
4183 419
4183 420
4183 421
4183 422
4183 423
4183 424
4183 425
4183 426
4183 427
4183 428
4183 429
4183 430
4183 431
4183 432
4183 433
4183 434
4183 435
4183 436
4183 437
4183 438
4183 439
4183 440
4183 441
4184 392
4184 393
4184 394
4184 395
4184 396
4184 397
4184 398
4184 399
4184 400
4184 401
4184 402
4184 403
4184 404
4184 405
4184 406
4184 407
4184 408
4184 409
4184 410
4186 439
4186 440
4186 441
4186 442
4186 443
4186 444
4186 445
4186 446
4186 447
4186 448
4186 449
4186 450
4186 451
4186 452
4186 453
4186 454
4186 455
4186 456
4186 457
4186 458
4187 10
4187 11
4187 12
4187 13
4187 14
4187 15
4187 408
4187 409
4187 410
4187 411
4187 412
4187 413
4187 414
4187 415
4187 416
4187 417
4187 418
4187 419
4187 420
4187 421
4187 422
4187 423
4187 424
4187 425
4187 426
4187 427
4187 428
4187 429
4187 430
4187 431
4188 386
4188 387
4188 388
4188 389
4188 390
4188 391
4188 392
4188 393
4188 394
4188 395
4188 396
4190 427
4190 428
4190 429
4190 430
4190 431
4190 432
4190 433
4190 434
4190 435
4190 436
4190 437
4190 438
4190 439
4190 440
4190 441
4190 442
4190 443
4190 444
4190 445
4190 446
4190 447
4190 448
4190 449
4191 2
4191 3
4191 399
4191 400
4191 401
4191 402
4191 403
4191 404
4191 405
4191 406
4191 407
4191 408
4191 409
4191 410
4191 411
4191 412
4191 413
4191 414
4191 415
4191 416
4191 417
4191 418
4191 419
4191 420
4193 451
4193 452
4193 453
4193 454
4193 455
4193 456
4193 457
4193 458
4193 459
4193 460
4193 461
4193 462
4193 463
4194 417
4194 418
4194 419
4194 420
4194 421
4194 422
4194 423
4194 424
4194 425
4194 426
4194 427
4194 428
4194 429
4194 430
4194 431
4194 432
4194 433
4194 434
4194 435
4194 436
4194 437
4194 438
4194 439
4194 440
4195 391
4195 392
4195 393
4195 394
4195 395
4195 396
4195 397
4195 398
4195 399
4195 400
4195 401
4195 402
4195 403
4195 404
4195 405
4195 406
4195 407
4195 408
4197 437
4197 438
4197 439
4197 440
4197 441
4197 442
4197 443
4197 444
4197 445
4197 446
4197 447
4197 448
4197 449
4197 450
4197 451
4197 452
4197 453
4197 454
4197 455
4197 456
4198 8
4198 9
4198 10
4198 11
4198 12
4198 13
4198 14
4198 407
4198 408
4198 409
4198 410
4198 411
4198 412
4198 413
4198 414
4198 415
4198 416
4198 417
4198 418
4198 419
4198 420
4198 421
4198 422
4198 423
4198 424
4198 425
4198 426
4198 427
4198 428
4198 429
4199 386
4199 387
4199 388
4199 389
4199 390
4199 391
4199 392
4199 393
4201 426
4201 427
4201 428
4201 429
4201 430
4201 431
4201 432
4201 433
4201 434
4201 435
4201 436
4201 437
4201 438
4201 439
4201 440
4201 441
4201 442
4201 443
4201 444
4201 445
4201 446
4201 447
4201 448
4202 398
4202 399
4202 400
4202 401
4202 402
4202 403
4202 404
4202 405
4202 406
4202 407
4202 408
4202 409
4202 410
4202 411
4202 412
4202 413
4202 414
4202 415
4202 416
4202 417
4202 418
4204 449
4204 450
4204 451
4204 452
4204 453
4204 454
4204 455
4204 456
4204 457
4204 458
4204 459
4204 460
4204 461
4204 462
4205 19
4205 20
4205 415
4205 416
4205 417
4205 418
4205 419
4205 420
4205 421
4205 422
4205 423
4205 424
4205 425
4205 426
4205 427
4205 428
4205 429
4205 430
4205 431
4205 432
4205 433
4205 434
4205 435
4205 436
4205 437
4205 438
4206 390
4206 391
4206 392
4206 393
4206 394
4206 395
4206 396
4206 397
4206 398
4206 399
4206 400
4206 401
4206 402
4206 403
4206 404
4206 405
4206 406
4208 436
4208 437
4208 438
4208 439
4208 440
4208 441
4208 442
4208 443
4208 444
4208 445
4208 446
4208 447
4208 448
4208 449
4208 450
4208 451
4208 452
4208 453
4208 454
4208 455
4209 7
4209 8
4209 9
4209 10
4209 11
4209 12
4209 13
4209 405
4209 406
4209 407
4209 408
4209 409
4209 410
4209 411
4209 412
4209 413
4209 414
4209 415
4209 416
4209 417
4209 418
4209 419
4209 420
4209 421
4209 422
4209 423
4209 424
4209 425
4209 426
4209 427
4209 428
4210 387
4210 388
4210 389
4210 390
4212 424
4212 425
4212 426
4212 427
4212 428
4212 429
4212 430
4212 431
4212 432
4212 433
4212 434
4212 435
4212 436
4212 437
4212 438
4212 439
4212 440
4212 441
4212 442
4212 443
4212 444
4212 445
4212 446
4213 397
4213 398
4213 399
4213 400
4213 401
4213 402
4213 403
4213 404
4213 405
4213 406
4213 407
4213 408
4213 409
4213 410
4213 411
4213 412
4213 413
4213 414
4213 415
4213 416
4215 447
4215 448
4215 449
4215 450
4215 451
4215 452
4215 453
4215 454
4215 455
4215 456
4215 457
4215 458
4215 459
4215 460
4215 461
4216 17
4216 18
4216 19
4216 20
4216 414
4216 415
4216 416
4216 417
4216 418
4216 419
4216 420
4216 421
4216 422
4216 423
4216 424
4216 425
4216 426
4216 427
4216 428
4216 429
4216 430
4216 431
4216 432
4216 433
4216 434
4216 435
4216 436
4216 437
4217 389
4217 390
4217 391
4217 392
4217 393
4217 394
4217 395
4217 396
4217 397
4217 398
4217 399
4217 400
4217 401
4217 402
4217 403
4217 404
4219 434
4219 435
4219 436
4219 437
4219 438
4219 439
4219 440
4219 441
4219 442
4219 443
4219 444
4219 445
4219 446
4219 447
4219 448
4219 449
4219 450
4219 451
4219 452
4219 453
4219 454
4220 6
4220 7
4220 8
4220 9
4220 10
4220 11
4220 404
4220 405
4220 406
4220 407
4220 408
4220 409
4220 410
4220 411
4220 412
4220 413
4220 414
4220 415
4220 416
4220 417
4220 418
4220 419
4220 420
4220 421
4220 422
4220 423
4220 424
4220 425
4220 426
4223 423
4223 424
4223 425
4223 426
4223 427
4223 428
4223 429
4223 430
4223 431
4223 432
4223 433
4223 434
4223 435
4223 436
4223 437
4223 438
4223 439
4223 440
4223 441
4223 442
4223 443
4223 444
4223 445
4224 396
4224 397
4224 398
4224 399
4224 400
4224 401
4224 402
4224 403
4224 404
4224 405
4224 406
4224 407
4224 408
4224 409
4224 410
4224 411
4224 412
4224 413
4224 414
4224 415
4226 445
4226 446
4226 447
4226 448
4226 449
4226 450
4226 451
4226 452
4226 453
4226 454
4226 455
4226 456
4226 457
4226 458
4226 459
4226 460
4227 15
4227 16
4227 17
4227 18
4227 19
4227 413
4227 414
4227 415
4227 416
4227 417
4227 418
4227 419
4227 420
4227 421
4227 422
4227 423
4227 424
4227 425
4227 426
4227 427
4227 428
4227 429
4227 430
4227 431
4227 432
4227 433
4227 434
4227 435
4228 389
4228 390
4228 391
4228 392
4228 393
4228 394
4228 395
4228 396
4228 397
4228 398
4228 399
4228 400
4228 401
4228 402
4230 433
4230 434
4230 435
4230 436
4230 437
4230 438
4230 439
4230 440
4230 441
4230 442
4230 443
4230 444
4230 445
4230 446
4230 447
4230 448
4230 449
4230 450
4230 451
4230 452
4231 4
4231 5
4231 6
4231 7
4231 8
4231 9
4231 10
4231 403
4231 404
4231 405
4231 406
4231 407
4231 408
4231 409
4231 410
4231 411
4231 412
4231 413
4231 414
4231 415
4231 416
4231 417
4231 418
4231 419
4231 420
4231 421
4231 422
4231 423
4231 424
4234 422
4234 423
4234 424
4234 425
4234 426
4234 427
4234 428
4234 429
4234 430
4234 431
4234 432
4234 433
4234 434
4234 435
4234 436
4234 437
4234 438
4234 439
4234 440
4234 441
4234 442
4234 443
4235 395
4235 396
4235 397
4235 398
4235 399
4235 400
4235 401
4235 402
4235 403
4235 404
4235 405
4235 406
4235 407
4235 408
4235 409
4235 410
4235 411
4235 412
4235 413
4237 443
4237 444
4237 445
4237 446
4237 447
4237 448
4237 449
4237 450
4237 451
4237 452
4237 453
4237 454
4237 455
4237 456
4237 457
4237 458
4237 459
4238 13
4238 14
4238 15
4238 16
4238 17
4238 18
4238 411
4238 412
4238 413
4238 414
4238 415
4238 416
4238 417
4238 418
4238 419
4238 420
4238 421
4238 422
4238 423
4238 424
4238 425
4238 426
4238 427
4238 428
4238 429
4238 430
4238 431
4238 432
4238 433
4238 434
4239 388
4239 389
4239 390
4239 391
4239 392
4239 393
4239 394
4239 395
4239 396
4239 397
4239 398
4239 399
4239 400
4241 431
4241 432
4241 433
4241 434
4241 435
4241 436
4241 437
4241 438
4241 439
4241 440
4241 441
4241 442
4241 443
4241 444
4241 445
4241 446
4241 447
4241 448
4241 449
4241 450
4241 451
4242 3
4242 4
4242 5
4242 6
4242 7
4242 8
4242 402
4242 403
4242 404
4242 405
4242 406
4242 407
4242 408
4242 409
4242 410
4242 411
4242 412
4242 413
4242 414
4242 415
4242 416
4242 417
4242 418
4242 419
4242 420
4242 421
4242 422
4242 423
4244 457
4244 458
4244 459
4244 460
4244 461
4245 420
4245 421
4245 422
4245 423
4245 424
4245 425
4245 426
4245 427
4245 428
4245 429
4245 430
4245 431
4245 432
4245 433
4245 434
4245 435
4245 436
4245 437
4245 438
4245 439
4245 440
4245 441
4245 442
4246 394
4246 395
4246 396
4246 397
4246 398
4246 399
4246 400
4246 401
4246 402
4246 403
4246 404
4246 405
4246 406
4246 407
4246 408
4246 409
4246 410
4246 411
4248 442
4248 443
4248 444
4248 445
4248 446
4248 447
4248 448
4248 449
4248 450
4248 451
4248 452
4248 453
4248 454
4248 455
4248 456
4248 457
4249 11
4249 12
4249 13
4249 14
4249 15
4249 16
4249 17
4249 410
4249 411
4249 412
4249 413
4249 414
4249 415
4249 416
4249 417
4249 418
4249 419
4249 420
4249 421
4249 422
4249 423
4249 424
4249 425
4249 426
4249 427
4249 428
4249 429
4249 430
4249 431
4249 432
4250 388
4250 389
4250 390
4250 391
4250 392
4250 393
4250 394
4250 395
4250 396
4250 397
4252 430
4252 431
4252 432
4252 433
4252 434
4252 435
4252 436
4252 437
4252 438
4252 439
4252 440
4252 441
4252 442
4252 443
4252 444
4252 445
4252 446
4252 447
4252 448
4252 449
4252 450
4253 3
4253 4
4253 5
4253 6
4253 401
4253 402
4253 403
4253 404
4253 405
4253 406
4253 407
4253 408
4253 409
4253 410
4253 411
4253 412
4253 413
4253 414
4253 415
4253 416
4253 417
4253 418
4253 419
4253 420
4253 421
4255 454
4255 455
4255 456
4255 457
4255 458
4255 459
4255 460
4255 461
4256 419
4256 420
4256 421
4256 422
4256 423
4256 424
4256 425
4256 426
4256 427
4256 428
4256 429
4256 430
4256 431
4256 432
4256 433
4256 434
4256 435
4256 436
4256 437
4256 438
4256 439
4256 440
4257 393
4257 394
4257 395
4257 396
4257 397
4257 398
4257 399
4257 400
4257 401
4257 402
4257 403
4257 404
4257 405
4257 406
4257 407
4257 408
4257 409
4259 440
4259 441
4259 442
4259 443
4259 444
4259 445
4259 446
4259 447
4259 448
4259 449
4259 450
4259 451
4259 452
4259 453
4259 454
4259 455
4259 456
4260 10
4260 11
4260 12
4260 13
4260 14
4260 15
4260 16
4260 409
4260 410
4260 411
4260 412
4260 413
4260 414
4260 415
4260 416
4260 417
4260 418
4260 419
4260 420
4260 421
4260 422
4260 423
4260 424
4260 425
4260 426
4260 427
4260 428
4260 429
4260 430
4261 388
4261 389
4261 390
4261 391
4261 392
4261 393
4261 394
4261 395
4263 428
4263 429
4263 430
4263 431
4263 432
4263 433
4263 434
4263 435
4263 436
4263 437
4263 438
4263 439
4263 440
4263 441
4263 442
4263 443
4263 444
4263 445
4263 446
4263 447
4263 448
4264 2
4264 3
4264 4
4264 400
4264 401
4264 402
4264 403
4264 404
4264 405
4264 406
4264 407
4264 408
4264 409
4264 410
4264 411
4264 412
4264 413
4264 414
4264 415
4264 416
4264 417
4264 418
4264 419
4266 452
4266 453
4266 454
4266 455
4266 456
4266 457
4266 458
4266 459
4266 460
4267 418
4267 419
4267 420
4267 421
4267 422
4267 423
4267 424
4267 425
4267 426
4267 427
4267 428
4267 429
4267 430
4267 431
4267 432
4267 433
4267 434
4267 435
4267 436
4267 437
4267 438
4267 439
4268 392
4268 393
4268 394
4268 395
4268 396
4268 397
4268 398
4268 399
4268 400
4268 401
4268 402
4268 403
4268 404
4268 405
4268 406
4268 407
4270 438
4270 439
4270 440
4270 441
4270 442
4270 443
4270 444
4270 445
4270 446
4270 447
4270 448
4270 449
4270 450
4270 451
4270 452
4270 453
4270 454
4270 455
4271 8
4271 9
4271 10
4271 11
4271 12
4271 13
4271 14
4271 15
4271 408
4271 409
4271 410
4271 411
4271 412
4271 413
4271 414
4271 415
4271 416
4271 417
4271 418
4271 419
4271 420
4271 421
4271 422
4271 423
4271 424
4271 425
4271 426
4271 427
4271 428
4271 429
4272 390
4272 391
4274 427
4274 428
4274 429
4274 430
4274 431
4274 432
4274 433
4274 434
4274 435
4274 436
4274 437
4274 438
4274 439
4274 440
4274 441
4274 442
4274 443
4274 444
4274 445
4274 446
4274 447
4275 399
4275 400
4275 401
4275 402
4275 403
4275 404
4275 405
4275 406
4275 407
4275 408
4275 409
4275 410
4275 411
4275 412
4275 413
4275 414
4275 415
4275 416
4275 417
4275 418
4277 450
4277 451
4277 452
4277 453
4277 454
4277 455
4277 456
4277 457
4277 458
4277 459
4277 460
4278 19
4278 20
4278 21
4278 416
4278 417
4278 418
4278 419
4278 420
4278 421
4278 422
4278 423
4278 424
4278 425
4278 426
4278 427
4278 428
4278 429
4278 430
4278 431
4278 432
4278 433
4278 434
4278 435
4278 436
4278 437
4279 392
4279 393
4279 394
4279 395
4279 396
4279 397
4279 398
4279 399
4279 400
4279 401
4279 402
4279 403
4279 404
4279 405
4281 437
4281 438
4281 439
4281 440
4281 441
4281 442
4281 443
4281 444
4281 445
4281 446
4281 447
4281 448
4281 449
4281 450
4281 451
4281 452
4281 453
4281 454
4282 7
4282 8
4282 9
4282 10
4282 11
4282 12
4282 13
4282 407
4282 408
4282 409
4282 410
4282 411
4282 412
4282 413
4282 414
4282 415
4282 416
4282 417
4282 418
4282 419
4282 420
4282 421
4282 422
4282 423
4282 424
4282 425
4282 426
4282 427
4285 425
4285 426
4285 427
4285 428
4285 429
4285 430
4285 431
4285 432
4285 433
4285 434
4285 435
4285 436
4285 437
4285 438
4285 439
4285 440
4285 441
4285 442
4285 443
4285 444
4285 445
4286 398
4286 399
4286 400
4286 401
4286 402
4286 403
4286 404
4286 405
4286 406
4286 407
4286 408
4286 409
4286 410
4286 411
4286 412
4286 413
4286 414
4286 415
4286 416
4288 448
4288 449
4288 450
4288 451
4288 452
4288 453
4288 454
4288 455
4288 456
4288 457
4288 458
4288 459
4289 17
4289 18
4289 19
4289 20
4289 21
4289 415
4289 416
4289 417
4289 418
4289 419
4289 420
4289 421
4289 422
4289 423
4289 424
4289 425
4289 426
4289 427
4289 428
4289 429
4289 430
4289 431
4289 432
4289 433
4289 434
4289 435
4289 436
4290 391
4290 392
4290 393
4290 394
4290 395
4290 396
4290 397
4290 398
4290 399
4290 400
4290 401
4290 402
4290 403
4292 435
4292 436
4292 437
4292 438
4292 439
4292 440
4292 441
4292 442
4292 443
4292 444
4292 445
4292 446
4292 447
4292 448
4292 449
4292 450
4292 451
4292 452
4293 6
4293 7
4293 8
4293 9
4293 10
4293 11
4293 12
4293 406
4293 407
4293 408
4293 409
4293 410
4293 411
4293 412
4293 413
4293 414
4293 415
4293 416
4293 417
4293 418
4293 419
4293 420
4293 421
4293 422
4293 423
4293 424
4293 425
4296 424
4296 425
4296 426
4296 427
4296 428
4296 429
4296 430
4296 431
4296 432
4296 433
4296 434
4296 435
4296 436
4296 437
4296 438
4296 439
4296 440
4296 441
4296 442
4296 443
4296 444
4297 397
4297 398
4297 399
4297 400
4297 401
4297 402
4297 403
4297 404
4297 405
4297 406
4297 407
4297 408
4297 409
4297 410
4297 411
4297 412
4297 413
4297 414
4299 446
4299 447
4299 448
4299 449
4299 450
4299 451
4299 452
4299 453
4299 454
4299 455
4299 456
4299 457
4299 458
4300 15
4300 16
4300 17
4300 18
4300 19
4300 20
4300 414
4300 415
4300 416
4300 417
4300 418
4300 419
4300 420
4300 421
4300 422
4300 423
4300 424
4300 425
4300 426
4300 427
4300 428
4300 429
4300 430
4300 431
4300 432
4300 433
4300 434
4301 391
4301 392
4301 393
4301 394
4301 395
4301 396
4301 397
4301 398
4301 399
4301 400
4301 401
4303 434
4303 435
4303 436
4303 437
4303 438
4303 439
4303 440
4303 441
4303 442
4303 443
4303 444
4303 445
4303 446
4303 447
4303 448
4303 449
4303 450
4303 451
4304 5
4304 6
4304 7
4304 8
4304 9
4304 10
4304 405
4304 406
4304 407
4304 408
4304 409
4304 410
4304 411
4304 412
4304 413
4304 414
4304 415
4304 416
4304 417
4304 418
4304 419
4304 420
4304 421
4304 422
4304 423
4304 424
4307 423
4307 424
4307 425
4307 426
4307 427
4307 428
4307 429
4307 430
4307 431
4307 432
4307 433
4307 434
4307 435
4307 436
4307 437
4307 438
4307 439
4307 440
4307 441
4307 442
4308 397
4308 398
4308 399
4308 400
4308 401
4308 402
4308 403
4308 404
4308 405
4308 406
4308 407
4308 408
4308 409
4308 410
4308 411
4308 412
4310 445
4310 446
4310 447
4310 448
4310 449
4310 450
4310 451
4310 452
4310 453
4310 454
4310 455
4310 456
4310 457
4311 13
4311 14
4311 15
4311 16
4311 17
4311 18
4311 19
4311 413
4311 414
4311 415
4311 416
4311 417
4311 418
4311 419
4311 420
4311 421
4311 422
4311 423
4311 424
4311 425
4311 426
4311 427
4311 428
4311 429
4311 430
4311 431
4311 432
4311 433
4312 391
4312 392
4312 393
4312 394
4312 395
4312 396
4312 397
4312 398
4314 432
4314 433
4314 434
4314 435
4314 436
4314 437
4314 438
4314 439
4314 440
4314 441
4314 442
4314 443
4314 444
4314 445
4314 446
4314 447
4314 448
4314 449
4314 450
4315 4
4315 5
4315 6
4315 7
4315 8
4315 9
4315 404
4315 405
4315 406
4315 407
4315 408
4315 409
4315 410
4315 411
4315 412
4315 413
4315 414
4315 415
4315 416
4315 417
4315 418
4315 419
4315 420
4315 421
4315 422
4318 421
4318 422
4318 423
4318 424
4318 425
4318 426
4318 427
4318 428
4318 429
4318 430
4318 431
4318 432
4318 433
4318 434
4318 435
4318 436
4318 437
4318 438
4318 439
4318 440
4318 441
4319 396
4319 397
4319 398
4319 399
4319 400
4319 401
4319 402
4319 403
4319 404
4319 405
4319 406
4319 407
4319 408
4319 409
4319 410
4321 443
4321 444
4321 445
4321 446
4321 447
4321 448
4321 449
4321 450
4321 451
4321 452
4321 453
4321 454
4321 455
4321 456
4322 12
4322 13
4322 14
4322 15
4322 16
4322 17
4322 18
4322 412
4322 413
4322 414
4322 415
4322 416
4322 417
4322 418
4322 419
4322 420
4322 421
4322 422
4322 423
4322 424
4322 425
4322 426
4322 427
4322 428
4322 429
4322 430
4322 431
4323 392
4323 393
4323 394
4323 395
4325 431
4325 432
4325 433
4325 434
4325 435
4325 436
4325 437
4325 438
4325 439
4325 440
4325 441
4325 442
4325 443
4325 444
4325 445
4325 446
4325 447
4325 448
4326 3
4326 4
4326 5
4326 6
4326 7
4326 403
4326 404
4326 405
4326 406
4326 407
4326 408
4326 409
4326 410
4326 411
4326 412
4326 413
4326 414
4326 415
4326 416
4326 417
4326 418
4326 419
4326 420
4329 420
4329 421
4329 422
4329 423
4329 424
4329 425
4329 426
4329 427
4329 428
4329 429
4329 430
4329 431
4329 432
4329 433
4329 434
4329 435
4329 436
4329 437
4329 438
4329 439
4330 395
4330 396
4330 397
4330 398
4330 399
4330 400
4330 401
4330 402
4330 403
4330 404
4330 405
4330 406
4330 407
4330 408
4332 441
4332 442
4332 443
4332 444
4332 445
4332 446
4332 447
4332 448
4332 449
4332 450
4332 451
4332 452
4332 453
4332 454
4333 10
4333 11
4333 12
4333 13
4333 14
4333 15
4333 16
4333 410
4333 411
4333 412
4333 413
4333 414
4333 415
4333 416
4333 417
4333 418
4333 419
4333 420
4333 421
4333 422
4333 423
4333 424
4333 425
4333 426
4333 427
4333 428
4333 429
4336 430
4336 431
4336 432
4336 433
4336 434
4336 435
4336 436
4336 437
4336 438
4336 439
4336 440
4336 441
4336 442
4336 443
4336 444
4336 445
4336 446
4336 447
4337 2
4337 3
4337 4
4337 5
4337 402
4337 403
4337 404
4337 405
4337 406
4337 407
4337 408
4337 409
4337 410
4337 411
4337 412
4337 413
4337 414
4337 415
4337 416
4337 417
4337 418
4340 21
4340 22
4340 419
4340 420
4340 421
4340 422
4340 423
4340 424
4340 425
4340 426
4340 427
4340 428
4340 429
4340 430
4340 431
4340 432
4340 433
4340 434
4340 435
4340 436
4340 437
4340 438
4341 395
4341 396
4341 397
4341 398
4341 399
4341 400
4341 401
4341 402
4341 403
4341 404
4341 405
4341 406
4343 440
4343 441
4343 442
4343 443
4343 444
4343 445
4343 446
4343 447
4343 448
4343 449
4343 450
4343 451
4343 452
4343 453
4344 9
4344 10
4344 11
4344 12
4344 13
4344 14
4344 15
4344 409
4344 410
4344 411
4344 412
4344 413
4344 414
4344 415
4344 416
4344 417
4344 418
4344 419
4344 420
4344 421
4344 422
4344 423
4344 424
4344 425
4344 426
4344 427
4344 428
4347 428
4347 429
4347 430
4347 431
4347 432
4347 433
4347 434
4347 435
4347 436
4347 437
4347 438
4347 439
4347 440
4347 441
4347 442
4347 443
4347 444
4347 445
4348 401
4348 402
4348 403
4348 404
4348 405
4348 406
4348 407
4348 408
4348 409
4348 410
4348 411
4348 412
4348 413
4348 414
4348 415
4348 416
4348 417
4350 453
4350 454
4350 455
4350 456
4351 19
4351 20
4351 21
4351 22
4351 418
4351 419
4351 420
4351 421
4351 422
4351 423
4351 424
4351 425
4351 426
4351 427
4351 428
4351 429
4351 430
4351 431
4351 432
4351 433
4351 434
4351 435
4351 436
4352 395
4352 396
4352 397
4352 398
4352 399
4352 400
4352 401
4352 402
4352 403
4352 404
4354 438
4354 439
4354 440
4354 441
4354 442
4354 443
4354 444
4354 445
4354 446
4354 447
4354 448
4354 449
4354 450
4354 451
4354 452
4355 8
4355 9
4355 10
4355 11
4355 12
4355 13
4355 14
4355 408
4355 409
4355 410
4355 411
4355 412
4355 413
4355 414
4355 415
4355 416
4355 417
4355 418
4355 419
4355 420
4355 421
4355 422
4355 423
4355 424
4355 425
4355 426
4358 427
4358 428
4358 429
4358 430
4358 431
4358 432
4358 433
4358 434
4358 435
4358 436
4358 437
4358 438
4358 439
4358 440
4358 441
4358 442
4358 443
4358 444
4359 400
4359 401
4359 402
4359 403
4359 404
4359 405
4359 406
4359 407
4359 408
4359 409
4359 410
4359 411
4359 412
4359 413
4359 414
4359 415
4361 451
4361 452
4361 453
4361 454
4361 455
4361 456
4362 17
4362 18
4362 19
4362 20
4362 21
4362 417
4362 418
4362 419
4362 420
4362 421
4362 422
4362 423
4362 424
4362 425
4362 426
4362 427
4362 428
4362 429
4362 430
4362 431
4362 432
4362 433
4362 434
4362 435
4363 395
4363 396
4363 397
4363 398
4363 399
4363 400
4363 401
4365 437
4365 438
4365 439
4365 440
4365 441
4365 442
4365 443
4365 444
4365 445
4365 446
4365 447
4365 448
4365 449
4365 450
4365 451
4366 7
4366 8
4366 9
4366 10
4366 11
4366 12
4366 408
4366 409
4366 410
4366 411
4366 412
4366 413
4366 414
4366 415
4366 416
4366 417
4366 418
4366 419
4366 420
4366 421
4366 422
4366 423
4366 424
4369 426
4369 427
4369 428
4369 429
4369 430
4369 431
4369 432
4369 433
4369 434
4369 435
4369 436
4369 437
4369 438
4369 439
4369 440
4369 441
4369 442
4370 400
4370 401
4370 402
4370 403
4370 404
4370 405
4370 406
4370 407
4370 408
4370 409
4370 410
4370 411
4370 412
4370 413
4372 449
4372 450
4372 451
4372 452
4372 453
4372 454
4372 455
4373 15
4373 16
4373 17
4373 18
4373 19
4373 20
4373 416
4373 417
4373 418
4373 419
4373 420
4373 421
4373 422
4373 423
4373 424
4373 425
4373 426
4373 427
4373 428
4373 429
4373 430
4373 431
4373 432
4373 433
4374 396
4374 397
4376 435
4376 436
4376 437
4376 438
4376 439
4376 440
4376 441
4376 442
4376 443
4376 444
4376 445
4376 446
4376 447
4376 448
4376 449
4377 5
4377 6
4377 7
4377 8
4377 9
4377 10
4377 11
4377 407
4377 408
4377 409
4377 410
4377 411
4377 412
4377 413
4377 414
4377 415
4377 416
4377 417
4377 418
4377 419
4377 420
4377 421
4377 422
4380 424
4380 425
4380 426
4380 427
4380 428
4380 429
4380 430
4380 431
4380 432
4380 433
4380 434
4380 435
4380 436
4380 437
4380 438
4380 439
4380 440
4380 441
4381 399
4381 400
4381 401
4381 402
4381 403
4381 404
4381 405
4381 406
4381 407
4381 408
4381 409
4381 410
4381 411
