2 190
2 191
2 192
2 193
2 194
2 195
2 196
2 197
2 198
2 199
2 200
2 201
3 179
3 180
3 181
3 182
3 183
3 184
3 185
3 186
3 187
3 188
3 189
3 190
3 191
3 192
3 193
3 194
3 195
4 169
4 170
4 171
4 172
4 173
4 174
4 175
4 176
4 177
4 178
4 179
4 180
4 181
4 182
4 183
4 184
4 185
4 186
4 187
4 188
5 160
5 161
5 162
5 163
5 164
5 165
5 166
5 167
5 168
5 169
5 170
5 171
5 172
5 173
5 174
5 175
5 176
5 177
5 178
5 179
5 180
6 152
6 153
6 154
6 155
6 156
6 157
6 158
6 159
6 160
6 161
6 162
6 163
6 164
6 165
6 166
6 167
6 168
6 169
6 170
6 171
6 172
7 145
7 146
7 147
7 148
7 149
7 150
7 151
7 152
7 153
7 154
7 155
7 156
7 157
7 158
7 159
7 160
7 161
7 162
7 163
7 164
8 138
8 139
8 140
8 141
8 142
8 143
8 144
8 145
8 146
8 147
8 148
8 149
8 150
8 151
8 152
8 153
8 154
8 155
8 156
9 132
9 133
9 134
9 135
9 136
9 137
9 138
9 139
9 140
9 141
9 142
9 143
9 144
9 145
9 146
9 147
10 126
10 127
10 128
10 129
10 130
10 131
10 132
10 133
10 134
10 135
10 136
10 137
10 138
11 123
11 124
11 125
11 126
17 186
17 187
17 188
17 189
17 190
17 191
17 192
17 193
17 194
17 195
17 196
17 197
17 198
18 175
18 176
18 177
18 178
18 179
18 180
18 181
18 182
18 183
18 184
18 185
18 186
18 187
18 188
18 189
18 190
18 191
18 192
19 166
19 167
19 168
19 169
19 170
19 171
19 172
19 173
19 174
19 175
19 176
19 177
19 178
19 179
19 180
19 181
19 182
19 183
19 184
20 157
20 158
20 159
20 160
20 161
20 162
20 163
20 164
20 165
20 166
20 167
20 168
20 169
20 170
20 171
20 172
20 173
20 174
20 175
20 176
20 177
21 149
21 150
21 151
21 152
21 153
21 154
21 155
21 156
21 157
21 158
21 159
21 160
21 161
21 162
21 163
21 164
21 165
21 166
21 167
21 168
21 169
22 142
22 143
22 144
22 145
22 146
22 147
22 148
22 149
22 150
22 151
22 152
22 153
22 154
22 155
22 156
22 157
22 158
22 159
22 160
22 161
23 135
23 136
23 137
23 138
23 139
23 140
23 141
23 142
23 143
23 144
23 145
23 146
23 147
23 148
23 149
23 150
23 151
23 152
24 129
24 130
24 131
24 132
24 133
24 134
24 135
24 136
24 137
24 138
24 139
24 140
24 141
24 142
24 143
25 124
25 125
25 126
25 127
25 128
25 129
25 130
25 131
25 132
25 133
31 195
31 196
31 197
31 198
31 199
32 182
32 183
32 184
32 185
32 186
32 187
32 188
32 189
32 190
32 191
32 192
32 193
32 194
32 195
33 171
33 172
33 173
33 174
33 175
33 176
33 177
33 178
33 179
33 180
33 181
33 182
33 183
33 184
33 185
33 186
33 187
33 188
33 189
34 162
34 163
34 164
34 165
34 166
34 167
34 168
34 169
34 170
34 171
34 172
34 173
34 174
34 175
34 176
34 177
34 178
34 179
34 180
34 181
35 154
35 155
35 156
35 157
35 158
35 159
35 160
35 161
35 162
35 163
35 164
35 165
35 166
35 167
35 168
35 169
35 170
35 171
35 172
35 173
36 146
36 147
36 148
36 149
36 150
36 151
36 152
36 153
36 154
36 155
36 156
36 157
36 158
36 159
36 160
36 161
36 162
36 163
36 164
36 165
37 139
37 140
37 141
37 142
37 143
37 144
37 145
37 146
37 147
37 148
37 149
37 150
37 151
37 152
37 153
37 154
37 155
37 156
37 157
38 133
38 134
38 135
38 136
38 137
38 138
38 139
38 140
38 141
38 142
38 143
38 144
38 145
38 146
38 147
38 148
39 127
39 128
39 129
39 130
39 131
39 132
39 133
39 134
39 135
39 136
39 137
39 138
39 139
40 124
40 125
40 126
40 127
40 128
46 190
46 191
46 192
46 193
46 194
46 195
46 196
46 197
47 178
47 179
47 180
47 181
47 182
47 183
47 184
47 185
47 186
47 187
47 188
47 189
47 190
47 191
47 192
48 168
48 169
48 170
48 171
48 172
48 173
48 174
48 175
48 176
48 177
48 178
48 179
48 180
48 181
48 182
48 183
48 184
48 185
49 159
49 160
49 161
49 162
49 163
49 164
49 165
49 166
49 167
49 168
49 169
49 170
49 171
49 172
49 173
49 174
49 175
49 176
49 177
49 178
50 151
50 152
50 153
50 154
50 155
50 156
50 157
50 158
50 159
50 160
50 161
50 162
50 163
50 164
50 165
50 166
50 167
50 168
50 169
50 170
51 143
51 144
51 145
51 146
51 147
51 148
51 149
51 150
51 151
51 152
51 153
51 154
51 155
51 156
51 157
51 158
51 159
51 160
51 161
51 162
52 136
52 137
52 138
52 139
52 140
52 141
52 142
52 143
52 144
52 145
52 146
52 147
52 148
52 149
52 150
52 151
52 152
52 153
53 130
53 131
53 132
53 133
53 134
53 135
53 136
53 137
53 138
53 139
53 140
53 141
53 142
53 143
53 144
54 125
54 126
54 127
54 128
54 129
54 130
54 131
54 132
54 133
54 134
54 135
61 186
61 187
61 188
61 189
61 190
61 191
61 192
61 193
61 194
61 195
62 174
62 175
62 176
62 177
62 178
62 179
62 180
62 181
62 182
62 183
62 184
62 185
62 186
62 187
62 188
62 189
63 164
63 165
63 166
63 167
63 168
63 169
63 170
63 171
63 172
63 173
63 174
63 175
63 176
63 177
63 178
63 179
63 180
63 181
63 182
64 156
64 157
64 158
64 159
64 160
64 161
64 162
64 163
64 164
64 165
64 166
64 167
64 168
64 169
64 170
64 171
64 172
64 173
64 174
64 175
65 148
65 149
65 150
65 151
65 152
65 153
65 154
65 155
65 156
65 157
65 158
65 159
65 160
65 161
65 162
65 163
65 164
65 165
65 166
65 167
66 141
66 142
66 143
66 144
66 145
66 146
66 147
66 148
66 149
66 150
66 151
66 152
66 153
66 154
66 155
66 156
66 157
66 158
67 134
67 135
67 136
67 137
67 138
67 139
67 140
67 141
67 142
67 143
67 144
67 145
67 146
67 147
67 148
67 149
67 150
68 128
68 129
68 130
68 131
68 132
68 133
68 134
68 135
68 136
68 137
68 138
68 139
68 140
69 125
69 126
69 127
69 128
69 129
76 181
76 182
76 183
76 184
76 185
76 186
76 187
76 188
76 189
76 190
76 191
76 192
77 170
77 171
77 172
77 173
77 174
77 175
77 176
77 177
77 178
77 179
77 180
77 181
77 182
77 183
77 184
77 185
77 186
78 161
78 162
78 163
78 164
78 165
78 166
78 167
78 168
78 169
78 170
78 171
78 172
78 173
78 174
78 175
78 176
78 177
78 178
78 179
79 153
79 154
79 155
79 156
79 157
79 158
79 159
79 160
79 161
79 162
79 163
79 164
79 165
79 166
79 167
79 168
79 169
79 170
79 171
80 145
80 146
80 147
80 148
80 149
80 150
80 151
80 152
80 153
80 154
80 155
80 156
80 157
80 158
80 159
80 160
80 161
80 162
80 163
80 304
81 138
81 139
81 140
81 141
81 142
81 143
81 144
81 145
81 146
81 147
81 148
81 149
81 150
81 151
81 152
81 153
81 154
81 155
81 296
82 132
82 133
82 134
82 135
82 136
82 137
82 138
82 139
82 140
82 141
82 142
82 143
82 144
82 145
82 146
83 127
83 128
83 129
83 130
83 131
83 132
83 133
83 134
83 135
83 136
91 177
91 178
91 179
91 180
91 181
91 182
91 183
91 184
91 185
91 186
91 187
91 188
91 189
92 167
92 168
92 169
92 170
92 171
92 172
92 173
92 174
92 175
92 176
92 177
92 178
92 179
92 180
92 181
92 182
93 158
93 159
93 160
93 161
93 162
93 163
93 164
93 165
93 166
93 167
93 168
93 169
93 170
93 171
93 172
93 173
93 174
93 175
94 150
94 151
94 152
94 153
94 154
94 155
94 156
94 157
94 158
94 159
94 160
94 161
94 162
94 163
94 164
94 165
94 166
94 167
95 142
95 143
95 144
95 145
95 146
95 147
95 148
95 149
95 150
95 151
95 152
95 153
95 154
95 155
95 156
95 157
95 158
95 159
95 300
95 301
95 302
95 303
95 304
96 135
96 136
96 137
96 138
96 139
96 140
96 141
96 142
96 143
96 144
96 145
96 146
96 147
96 148
96 149
96 150
96 151
96 293
96 294
97 130
97 131
97 132
97 133
97 134
97 135
97 136
97 137
97 138
97 139
97 140
97 141
98 126
98 127
98 128
98 129
98 130
106 174
106 175
106 176
106 177
106 178
106 179
106 180
106 181
106 182
106 183
106 184
106 185
107 164
107 165
107 166
107 167
107 168
107 169
107 170
107 171
107 172
107 173
107 174
107 175
107 176
107 177
107 178
107 179
108 155
108 156
108 157
108 158
108 159
108 160
108 161
108 162
108 163
108 164
108 165
108 166
108 167
108 168
108 169
108 170
108 171
108 172
109 147
109 148
109 149
109 150
109 151
109 152
109 153
109 154
109 155
109 156
109 157
109 158
109 159
109 160
109 161
109 162
109 163
109 164
109 305
109 306
109 307
109 308
109 309
110 140
110 141
110 142
110 143
110 144
110 145
110 146
110 147
110 148
110 149
110 150
110 151
110 152
110 153
110 154
110 155
110 296
110 297
110 298
110 299
110 300
110 301
110 302
111 133
111 134
111 135
111 136
111 137
111 138
111 139
111 140
111 141
111 142
111 143
111 144
111 145
111 146
111 290
111 291
112 128
112 129
112 130
112 131
112 132
112 133
112 134
112 135
112 136
120 184
120 185
121 170
121 171
121 172
121 173
121 174
121 175
121 176
121 177
121 178
121 179
121 180
121 181
121 182
122 160
122 161
122 162
122 163
122 164
122 165
122 166
122 167
122 168
122 169
122 170
122 171
122 172
122 173
122 174
122 175
123 152
123 153
123 154
123 155
123 156
123 157
123 158
123 159
123 160
123 161
123 162
123 163
123 164
123 165
123 166
123 167
123 168
123 311
123 312
123 313
123 314
124 144
124 145
124 146
124 147
124 148
124 149
124 150
124 151
124 152
124 153
124 154
124 155
124 156
124 157
124 158
124 159
124 160
124 301
124 302
124 303
124 304
124 305
124 306
124 307
124 308
125 137
125 138
125 139
125 140
125 141
125 142
125 143
125 144
125 145
125 146
125 147
125 148
125 149
125 150
125 151
125 293
125 294
125 295
125 296
125 297
125 298
125 299
125 300
126 131
126 132
126 133
126 134
126 135
126 136
126 137
126 138
126 139
126 140
126 141
126 142
127 129
135 179
135 180
135 181
135 182
135 183
136 167
136 168
136 169
136 170
136 171
136 172
136 173
136 174
136 175
136 176
136 177
136 178
137 157
137 158
137 159
137 160
137 161
137 162
137 163
137 164
137 165
137 166
137 167
137 168
137 169
137 170
137 171
137 172
138 149
138 150
138 151
138 152
138 153
138 154
138 155
138 156
138 157
138 158
138 159
138 160
138 161
138 162
138 163
138 164
138 307
138 308
138 309
138 310
138 311
138 312
138 313
139 141
139 142
139 143
139 144
139 145
139 146
139 147
139 148
139 149
139 150
139 151
139 152
139 153
139 154
139 155
139 156
139 298
139 299
139 300
139 301
139 302
139 303
139 304
139 305
139 306
140 135
140 136
140 137
140 138
140 139
140 140
140 141
140 142
140 143
140 144
140 145
140 146
140 147
140 290
140 291
140 292
140 293
140 294
140 295
140 296
140 297
141 130
141 131
141 132
141 133
141 134
141 135
141 136
141 137
150 175
150 176
150 177
150 178
150 179
151 163
151 164
151 165
151 166
151 167
151 168
151 169
151 170
151 171
151 172
151 173
151 174
151 175
152 154
152 155
152 156
152 157
152 158
152 159
152 160
152 161
152 162
152 163
152 164
152 165
152 166
152 167
152 168
152 313
152 314
152 315
152 316
152 317
153 146
153 147
153 148
153 149
153 150
153 151
153 152
153 153
153 154
153 155
153 156
153 157
153 158
153 159
153 160
153 303
153 304
153 305
153 306
153 307
153 308
153 309
153 310
153 311
154 139
154 140
154 141
154 142
154 143
154 144
154 145
154 146
154 147
154 148
154 149
154 150
154 151
154 295
154 296
154 297
154 298
154 299
154 300
154 301
154 302
154 303
154 304
155 133
155 134
155 135
155 136
155 137
155 138
155 139
155 140
155 141
155 142
155 288
155 289
155 290
155 291
155 292
155 293
155 294
165 172
165 173
165 174
165 175
165 176
166 160
166 161
166 162
166 163
166 164
166 165
166 166
166 167
166 168
166 169
166 170
166 171
167 151
167 152
167 153
167 154
167 155
167 156
167 157
167 158
167 159
167 160
167 161
167 162
167 163
167 164
167 309
167 310
167 311
167 312
167 313
167 314
167 315
167 316
168 144
168 145
168 146
168 147
168 148
168 149
168 150
168 151
168 152
168 153
168 154
168 155
168 156
168 300
168 301
168 302
168 303
168 304
168 305
168 306
168 307
168 308
168 309
169 137
169 138
169 139
169 140
169 141
169 142
169 143
169 144
169 145
169 146
169 147
169 292
169 293
169 294
169 295
169 296
169 297
169 298
169 299
169 300
169 301
170 133
170 134
170 135
170 136
170 286
170 287
170 288
170 289
170 290
170 291
180 169
180 170
180 171
180 172
181 157
181 158
181 159
181 160
181 161
181 162
181 163
181 164
181 165
181 166
181 167
181 316
181 317
181 318
181 319
181 320
182 149
182 150
182 151
182 152
182 153
182 154
182 155
182 156
182 157
182 158
182 159
182 305
182 306
182 307
182 308
182 309
182 310
182 311
182 312
182 313
182 314
182 315
183 141
183 142
183 143
183 144
183 145
183 146
183 147
183 148
183 149
183 150
183 151
183 297
183 298
183 299
183 300
183 301
183 302
183 303
183 304
183 305
183 306
183 307
184 136
184 137
184 138
184 139
184 140
184 141
184 289
184 290
184 291
184 292
184 293
184 294
184 295
184 296
184 297
184 298
184 299
185 285
185 286
185 287
195 166
195 167
196 155
196 156
196 157
196 158
196 159
196 160
196 161
196 162
196 311
196 312
196 313
196 314
196 315
196 316
196 317
196 318
196 319
197 146
197 147
197 148
197 149
197 150
197 151
197 152
197 153
197 154
197 155
197 302
197 303
197 304
197 305
197 306
197 307
197 308
197 309
197 310
197 311
197 312
197 313
198 140
198 141
198 142
198 143
198 144
198 145
198 146
198 294
198 295
198 296
198 297
198 298
198 299
198 300
198 301
198 302
198 303
198 304
198 305
199 287
199 288
199 289
199 290
199 291
199 292
199 293
199 294
199 295
199 296
210 318
210 319
210 320
210 321
210 322
211 153
211 154
211 155
211 156
211 157
211 308
211 309
211 310
211 311
211 312
211 313
211 314
211 315
211 316
211 317
212 145
212 146
212 147
212 148
212 149
212 299
212 300
212 301
212 302
212 303
212 304
212 305
212 306
212 307
212 308
212 309
212 310
213 291
213 292
213 293
213 294
213 295
213 296
213 297
213 298
213 299
213 300
213 301
213 302
214 285
214 286
214 287
214 288
214 289
214 290
214 291
214 292
214 293
225 314
225 315
225 316
225 317
225 318
225 319
225 320
225 321
226 304
226 305
226 306
226 307
226 308
226 309
226 310
226 311
226 312
226 313
226 314
226 315
227 296
227 297
227 298
227 299
227 300
227 301
227 302
227 303
227 304
227 305
227 306
227 307
227 308
228 289
228 290
228 291
228 292
228 293
228 294
228 295
228 296
228 297
228 298
228 299
228 300
229 284
229 285
229 286
229 287
229 288
229 289
239 321
239 322
239 323
239 324
240 310
240 311
240 312
240 313
240 314
240 315
240 316
240 317
240 318
240 319
240 320
241 301
241 302
241 303
241 304
241 305
241 306
241 307
241 308
241 309
241 310
241 311
241 312
241 313
242 293
242 294
242 295
242 296
242 297
242 298
242 299
242 300
242 301
242 302
242 303
242 304
242 305
242 306
243 287
243 288
243 289
243 290
243 291
243 292
243 293
243 294
243 295
243 296
243 297
254 316
254 317
254 318
254 319
254 320
254 321
254 322
254 323
254 324
255 307
255 308
255 309
255 310
255 311
255 312
255 313
255 314
255 315
255 316
255 317
255 318
256 298
256 299
256 300
256 301
256 302
256 303
256 304
256 305
256 306
256 307
256 308
256 309
256 310
256 311
257 291
257 292
257 293
257 294
257 295
257 296
257 297
257 298
257 299
257 300
257 301
257 302
257 303
258 285
258 286
258 287
258 288
258 289
258 290
258 291
258 292
258 293
258 294
269 313
269 314
269 315
269 316
269 317
269 318
269 319
269 320
269 321
269 322
270 304
270 305
270 306
270 307
270 308
270 309
270 310
270 311
270 312
270 313
270 314
270 315
270 316
271 296
271 297
271 298
271 299
271 300
271 301
271 302
271 303
271 304
271 305
271 306
271 307
271 308
271 309
272 289
272 290
272 291
272 292
272 293
272 294
272 295
272 296
272 297
272 298
272 299
272 300
273 283
273 284
273 285
273 286
273 287
273 288
273 289
273 290
283 319
283 320
283 321
283 322
283 323
283 324
283 325
283 326
284 309
284 310
284 311
284 312
284 313
284 314
284 315
284 316
284 317
284 318
284 319
284 320
284 321
285 301
285 302
285 303
285 304
285 305
285 306
285 307
285 308
285 309
285 310
285 311
285 312
285 313
285 314
286 293
286 294
286 295
286 296
286 297
286 298
286 299
286 300
286 301
286 302
286 303
286 304
286 305
286 306
287 287
287 288
287 289
287 290
287 291
287 292
287 293
287 294
287 295
287 296
287 297
288 283
288 284
288 285
288 286
298 315
298 316
298 317
298 318
298 319
298 320
298 321
298 322
298 323
298 324
298 325
299 306
299 307
299 308
299 309
299 310
299 311
299 312
299 313
299 314
299 315
299 316
299 317
299 318
299 319
300 298
300 299
300 300
300 301
300 302
300 303
300 304
300 305
300 306
300 307
300 308
300 309
300 310
300 311
300 312
301 291
301 292
301 293
301 294
301 295
301 296
301 297
301 298
301 299
301 300
301 301
301 302
301 303
301 304
302 285
302 286
302 287
302 288
302 289
302 290
302 291
302 292
302 293
302 294
312 323
312 324
312 325
312 326
312 327
313 312
313 313
313 314
313 315
313 316
313 317
313 318
313 319
313 320
313 321
313 322
313 323
314 303
314 304
314 305
314 306
314 307
314 308
314 309
314 310
314 311
314 312
314 313
314 314
314 315
314 316
314 317
315 295
315 296
315 297
315 298
315 299
315 300
315 301
315 302
315 303
315 304
315 305
315 306
315 307
315 308
315 309
316 289
316 290
316 291
316 292
316 293
316 294
316 295
316 296
316 297
316 298
316 299
316 300
316 301
317 283
317 284
317 285
317 286
317 287
317 288
317 289
317 290
317 291
327 318
327 319
327 320
327 321
327 322
327 323
327 324
327 325
327 326
328 309
328 310
328 311
328 312
328 313
328 314
328 315
328 316
328 317
328 318
328 319
328 320
328 321
329 300
329 301
329 302
329 303
329 304
329 305
329 306
329 307
329 308
329 309
329 310
329 311
329 312
329 313
329 314
330 293
330 294
330 295
330 296
330 297
330 298
330 299
330 300
330 301
330 302
330 303
330 304
330 305
330 306
330 307
331 286
331 287
331 288
331 289
331 290
331 291
331 292
331 293
331 294
331 295
331 296
331 297
331 298
332 282
332 283
332 284
332 285
332 286
332 287
341 327
342 315
342 316
342 317
342 318
342 319
342 320
342 321
342 322
342 323
342 324
342 325
343 306
343 307
343 308
343 309
343 310
343 311
343 312
343 313
343 314
343 315
343 316
343 317
343 318
343 319
344 298
344 299
344 300
344 301
344 302
344 303
344 304
344 305
344 306
344 307
344 308
344 309
344 310
344 311
344 312
345 291
345 292
345 293
345 294
345 295
345 296
345 297
345 298
345 299
345 300
345 301
345 302
345 303
345 304
346 285
346 286
346 287
346 288
346 289
346 290
346 291
346 292
346 293
346 294
346 295
356 321
356 322
356 323
356 324
356 325
356 326
356 327
356 328
357 311
357 312
357 313
357 314
357 315
357 316
357 317
357 318
357 319
357 320
357 321
357 322
357 323
358 303
358 304
358 305
358 306
358 307
358 308
358 309
358 310
358 311
358 312
358 313
358 314
358 315
358 316
358 317
359 295
359 296
359 297
359 298
359 299
359 300
359 301
359 302
359 303
359 304
359 305
359 306
359 307
359 308
359 309
360 288
360 289
360 290
360 291
360 292
360 293
360 294
360 295
360 296
360 297
360 298
360 299
360 300
360 301
361 283
361 284
361 285
361 286
361 287
361 288
361 289
361 290
361 291
361 292
371 318
371 319
371 320
371 321
371 322
371 323
371 324
371 325
371 326
371 327
372 308
372 309
372 310
372 311
372 312
372 313
372 314
372 315
372 316
372 317
372 318
372 319
372 320
372 321
373 300
373 301
373 302
373 303
373 304
373 305
373 306
373 307
373 308
373 309
373 310
373 311
373 312
373 313
373 314
374 293
374 294
374 295
374 296
374 297
374 298
374 299
374 300
374 301
374 302
374 303
374 304
374 305
374 306
374 307
375 286
375 287
375 288
375 289
375 290
375 291
375 292
375 293
375 294
375 295
375 296
375 297
375 298
376 282
376 283
376 284
376 285
376 286
376 287
376 288
385 325
385 326
385 327
385 328
385 329
386 314
386 315
386 316
386 317
386 318
386 319
386 320
386 321
386 322
386 323
386 324
386 325
387 305
387 306
387 307
387 308
387 309
387 310
387 311
387 312
387 313
387 314
387 315
387 316
387 317
387 318
387 319
388 298
388 299
388 300
388 301
388 302
388 303
388 304
388 305
388 306
388 307
388 308
388 309
388 310
388 311
388 312
389 291
389 292
389 293
389 294
389 295
389 296
389 297
389 298
389 299
389 300
389 301
389 302
389 303
389 304
390 285
390 286
390 287
390 288
390 289
390 290
390 291
390 292
390 293
390 294
390 295
391 281
391 282
391 283
391 284
400 321
400 322
400 323
400 324
400 325
400 326
400 327
400 328
401 311
401 312
401 313
401 314
401 315
401 316
401 317
401 318
401 319
401 320
401 321
401 322
401 323
402 303
402 304
402 305
402 306
402 307
402 308
402 309
402 310
402 311
402 312
402 313
402 314
402 315
402 316
402 317
403 295
403 296
403 297
403 298
403 299
403 300
403 301
403 302
403 303
403 304
403 305
403 306
403 307
403 308
403 309
404 288
404 289
404 290
404 291
404 292
404 293
404 294
404 295
404 296
404 297
404 298
404 299
404 300
404 301
405 283
405 284
405 285
405 286
405 287
405 288
405 289
405 290
405 291
405 292
415 317
415 318
415 319
415 320
415 321
415 322
415 323
415 324
415 325
415 326
415 327
416 308
416 309
416 310
416 311
416 312
416 313
416 314
416 315
416 316
416 317
416 318
416 319
416 320
416 321
417 300
417 301
417 302
417 303
417 304
417 305
417 306
417 307
417 308
417 309
417 310
417 311
417 312
417 313
417 314
418 293
418 294
418 295
418 296
418 297
418 298
418 299
418 300
418 301
418 302
418 303
418 304
418 305
418 306
418 307
419 286
419 287
419 288
419 289
419 290
419 291
419 292
419 293
419 294
419 295
419 296
419 297
419 298
419 299
420 282
420 283
420 284
420 285
420 286
420 287
420 288
420 289
429 324
429 325
429 326
429 327
429 328
429 329
430 314
430 315
430 316
430 317
430 318
430 319
430 320
430 321
430 322
430 323
430 324
430 325
431 305
431 306
431 307
431 308
431 309
431 310
431 311
431 312
431 313
431 314
431 315
431 316
431 317
431 318
431 319
432 298
432 299
432 300
432 301
432 302
432 303
432 304
432 305
432 306
432 307
432 308
432 309
432 310
432 311
432 312
433 291
433 292
433 293
433 294
433 295
433 296
433 297
433 298
433 299
433 300
433 301
433 302
433 303
433 304
434 285
434 286
434 287
434 288
434 289
434 290
434 291
434 292
434 293
434 294
434 295
434 296
435 281
435 282
435 283
435 284
435 285
444 320
444 321
444 322
444 323
444 324
444 325
444 326
444 327
444 328
445 311
445 312
445 313
445 314
445 315
445 316
445 317
445 318
445 319
445 320
445 321
445 322
445 323
446 303
446 304
446 305
446 306
446 307
446 308
446 309
446 310
446 311
446 312
446 313
446 314
446 315
446 316
447 295
447 296
447 297
447 298
447 299
447 300
447 301
447 302
447 303
447 304
447 305
447 306
447 307
447 308
447 309
448 289
448 290
448 291
448 292
448 293
448 294
448 295
448 296
448 297
448 298
448 299
448 300
448 301
449 283
449 284
449 285
449 286
449 287
449 288
449 289
449 290
449 291
449 292
449 293
459 317
459 318
459 319
459 320
459 321
459 322
459 323
459 324
459 325
459 326
460 308
460 309
460 310
460 311
460 312
460 313
460 314
460 315
460 316
460 317
460 318
460 319
460 320
460 321
461 300
461 301
461 302
461 303
461 304
461 305
461 306
461 307
461 308
461 309
461 310
461 311
461 312
461 313
461 314
462 293
462 294
462 295
462 296
462 297
462 298
462 299
462 300
462 301
462 302
462 303
462 304
462 305
462 306
462 307
463 287
463 288
463 289
463 290
463 291
463 292
463 293
463 294
463 295
463 296
463 297
463 298
463 299
464 281
464 282
464 283
464 284
464 285
464 286
464 287
464 288
464 289
473 324
473 325
473 326
473 327
473 328
474 314
474 315
474 316
474 317
474 318
474 319
474 320
474 321
474 322
474 323
474 324
475 305
475 306
475 307
475 308
475 309
475 310
475 311
475 312
475 313
475 314
475 315
475 316
475 317
475 318
476 298
476 299
476 300
476 301
476 302
476 303
476 304
476 305
476 306
476 307
476 308
476 309
476 310
476 311
477 291
477 292
477 293
477 294
477 295
477 296
477 297
477 298
477 299
477 300
477 301
477 302
477 303
477 304
478 285
478 286
478 287
478 288
478 289
478 290
478 291
478 292
478 293
478 294
478 295
478 296
479 280
479 281
479 282
479 283
479 284
479 285
479 286
488 320
488 321
488 322
488 323
488 324
488 325
488 326
488 327
489 311
489 312
489 313
489 314
489 315
489 316
489 317
489 318
489 319
489 320
489 321
489 322
490 303
490 304
490 305
490 306
490 307
490 308
490 309
490 310
490 311
490 312
490 313
490 314
490 315
490 316
491 295
491 296
491 297
491 298
491 299
491 300
491 301
491 302
491 303
491 304
491 305
491 306
491 307
491 308
491 309
492 289
492 290
492 291
492 292
492 293
492 294
492 295
492 296
492 297
492 298
492 299
492 300
492 301
493 283
493 284
493 285
493 286
493 287
493 288
493 289
493 290
493 291
493 292
493 293
494 280
494 281
494 282
503 317
503 318
503 319
503 320
503 321
503 322
503 323
503 324
503 325
504 308
504 309
504 310
504 311
504 312
504 313
504 314
504 315
504 316
504 317
504 318
504 319
504 320
505 300
505 301
505 302
505 303
505 304
505 305
505 306
505 307
505 308
505 309
505 310
505 311
505 312
505 313
506 293
506 294
506 295
506 296
506 297
506 298
506 299
506 300
506 301
506 302
506 303
506 304
506 305
506 306
507 287
507 288
507 289
507 290
507 291
507 292
507 293
507 294
507 295
507 296
507 297
507 298
508 281
508 282
508 283
508 284
508 285
508 286
508 287
508 288
508 289
508 290
517 325
517 326
518 314
518 315
518 316
518 317
518 318
518 319
518 320
518 321
518 322
518 323
519 305
519 306
519 307
519 308
519 309
519 310
519 311
519 312
519 313
519 314
519 315
519 316
519 317
520 298
520 299
520 300
520 301
520 302
520 303
520 304
520 305
520 306
520 307
520 308
520 309
520 310
520 311
521 291
521 292
521 293
521 294
521 295
521 296
521 297
521 298
521 299
521 300
521 301
521 302
521 303
521 304
522 285
522 286
522 287
522 288
522 289
522 290
522 291
522 292
522 293
522 294
522 295
522 296
523 280
523 281
523 282
523 283
523 284
523 285
523 286
523 287
532 321
532 322
532 323
532 324
532 325
532 326
533 311
533 312
533 313
533 314
533 315
533 316
533 317
533 318
533 319
533 320
533 321
534 303
534 304
534 305
534 306
534 307
534 308
534 309
534 310
534 311
534 312
534 313
534 314
534 315
535 295
535 296
535 297
535 298
535 299
535 300
535 301
535 302
535 303
535 304
535 305
535 306
535 307
535 308
536 289
536 290
536 291
536 292
536 293
536 294
536 295
536 296
536 297
536 298
536 299
536 300
536 301
537 283
537 284
537 285
537 286
537 287
537 288
537 289
537 290
537 291
537 292
537 293
538 279
538 280
538 281
538 282
538 283
547 317
547 318
547 319
547 320
547 321
547 322
547 323
547 324
548 308
548 309
548 310
548 311
548 312
548 313
548 314
548 315
548 316
548 317
548 318
548 319
549 300
549 301
549 302
549 303
549 304
549 305
549 306
549 307
549 308
549 309
549 310
549 311
549 312
549 313
550 293
550 294
550 295
550 296
550 297
550 298
550 299
550 300
550 301
550 302
550 303
550 304
550 305
550 306
551 287
551 288
551 289
551 290
551 291
551 292
551 293
551 294
551 295
551 296
551 297
551 298
552 281
552 282
552 283
552 284
552 285
552 286
552 287
552 288
552 289
552 290
562 314
562 315
562 316
562 317
562 318
562 319
562 320
562 321
562 322
563 306
563 307
563 308
563 309
563 310
563 311
563 312
563 313
563 314
563 315
563 316
564 298
564 299
564 300
564 301
564 302
564 303
564 304
564 305
564 306
564 307
564 308
564 309
564 310
565 291
565 292
565 293
565 294
565 295
565 296
565 297
565 298
565 299
565 300
565 301
565 302
565 303
566 285
566 286
566 287
566 288
566 289
566 290
566 291
566 292
566 293
566 294
566 295
567 280
567 281
567 282
567 283
567 284
567 285
567 286
567 287
577 311
577 312
577 313
577 314
577 315
577 316
577 317
577 318
577 319
577 320
578 303
578 304
578 305
578 306
578 307
578 308
578 309
578 310
578 311
578 312
578 313
578 314
579 296
579 297
579 298
579 299
579 300
579 301
579 302
579 303
579 304
579 305
579 306
579 307
579 308
580 289
580 290
580 291
580 292
580 293
580 294
580 295
580 296
580 297
580 298
580 299
580 300
581 283
581 284
581 285
581 286
581 287
581 288
581 289
581 290
581 291
581 292
581 293
582 278
582 279
582 280
582 281
582 282
582 283
582 284
591 319
591 320
591 321
592 309
592 310
592 311
592 312
592 313
592 314
592 315
592 316
592 317
593 301
593 302
593 303
593 304
593 305
593 306
593 307
593 308
593 309
593 310
593 311
593 312
594 294
594 295
594 296
594 297
594 298
594 299
594 300
594 301
594 302
594 303
594 304
594 305
595 287
595 288
595 289
595 290
595 291
595 292
595 293
595 294
595 295
595 296
595 297
595 298
596 281
596 282
596 283
596 284
596 285
596 286
596 287
596 288
596 289
596 290
597 277
597 278
597 279
597 280
606 315
606 316
606 317
606 318
606 319
606 320
607 306
607 307
607 308
607 309
607 310
607 311
607 312
607 313
607 314
607 315
608 299
608 300
608 301
608 302
608 303
608 304
608 305
608 306
608 307
608 308
608 309
609 291
609 292
609 293
609 294
609 295
609 296
609 297
609 298
609 299
609 300
609 301
609 302
610 285
610 286
610 287
610 288
610 289
610 290
610 291
610 292
610 293
610 294
610 295
611 279
611 280
611 281
611 282
611 283
611 284
611 285
611 286
611 287
612 276
621 313
621 314
621 315
621 316
621 317
621 318
622 304
622 305
622 306
622 307
622 308
622 309
622 310
622 311
622 312
622 313
623 296
623 297
623 298
623 299
623 300
623 301
623 302
623 303
623 304
623 305
623 306
624 289
624 290
624 291
624 292
624 293
624 294
624 295
624 296
624 297
624 298
624 299
624 300
625 283
625 284
625 285
625 286
625 287
625 288
625 289
625 290
625 291
625 292
626 278
626 279
626 280
626 281
626 282
626 283
626 284
636 310
636 311
636 312
636 313
636 314
636 315
637 302
637 303
637 304
637 305
637 306
637 307
637 308
637 309
637 310
638 294
638 295
638 296
638 297
638 298
638 299
638 300
638 301
638 302
638 303
638 304
639 287
639 288
639 289
639 290
639 291
639 292
639 293
639 294
639 295
639 296
639 297
640 281
640 282
640 283
640 284
640 285
640 286
640 287
640 288
640 289
641 276
641 277
641 278
641 279
641 280
641 281
651 308
651 309
651 310
651 311
651 312
651 313
652 299
652 300
652 301
652 302
652 303
652 304
652 305
652 306
652 307
652 308
653 292
653 293
653 294
653 295
653 296
653 297
653 298
653 299
653 300
653 301
654 285
654 286
654 287
654 288
654 289
654 290
654 291
654 292
654 293
654 294
655 279
655 280
655 281
655 282
655 283
655 284
655 285
655 286
655 287
656 274
656 275
656 276
656 277
656 278
666 305
666 306
666 307
666 308
666 309
666 310
666 311
667 297
667 298
667 299
667 300
667 301
667 302
667 303
667 304
667 305
668 290
668 291
668 292
668 293
668 294
668 295
668 296
668 297
668 298
668 299
669 283
669 284
669 285
669 286
669 287
669 288
669 289
669 290
669 291
669 292
670 277
670 278
670 279
670 280
670 281
670 282
670 283
670 284
671 273
671 274
671 275
681 303
681 304
681 305
681 306
681 307
681 308
682 295
682 296
682 297
682 298
682 299
682 300
682 301
682 302
683 288
683 289
683 290
683 291
683 292
683 293
683 294
683 295
683 296
684 281
684 282
684 283
684 284
684 285
684 286
684 287
684 288
684 289
685 275
685 276
685 277
685 278
685 279
685 280
685 281
686 271
686 272
686 273
696 301
696 302
696 303
696 304
696 305
697 293
697 294
697 295
697 296
697 297
697 298
697 299
697 300
698 286
698 287
698 288
698 289
698 290
698 291
698 292
698 293
699 279
699 280
699 281
699 282
699 283
699 284
699 285
699 286
700 273
700 274
700 275
700 276
700 277
700 278
700 279
701 269
701 270
711 299
711 300
711 301
711 302
711 303
712 291
712 292
712 293
712 294
712 295
712 296
712 297
713 284
713 285
713 286
713 287
713 288
713 289
713 290
713 291
714 277
714 278
714 279
714 280
714 281
714 282
714 283
714 284
715 271
715 272
715 273
715 274
715 275
715 276
715 277
716 266
716 267
716 268
726 296
726 297
726 298
726 299
726 300
727 289
727 290
727 291
727 292
727 293
727 294
727 295
728 281
728 282
728 283
728 284
728 285
728 286
728 287
728 288
729 275
729 276
729 277
729 278
729 279
729 280
729 281
730 269
730 270
730 271
730 272
730 273
730 274
731 264
731 265
731 266
741 294
741 295
741 296
741 297
742 286
742 287
742 288
742 289
742 290
742 291
742 292
743 279
743 280
743 281
743 282
743 283
743 284
743 285
743 286
744 273
744 274
744 275
744 276
744 277
744 278
744 279
745 266
745 267
745 268
745 269
745 270
745 271
745 272
746 261
746 262
746 263
746 264
746 265
756 292
756 293
756 294
756 295
757 284
757 285
757 286
757 287
757 288
757 289
757 290
758 277
758 278
758 279
758 280
758 281
758 282
758 283
758 284
759 270
759 271
759 272
759 273
759 274
759 275
759 276
759 277
760 264
760 265
760 266
760 267
760 268
760 269
760 270
761 258
761 259
761 260
761 261
761 262
761 263
762 252
762 253
762 254
762 255
762 256
771 290
771 291
771 292
772 282
772 283
772 284
772 285
772 286
772 287
773 275
773 276
773 277
773 278
773 279
773 280
773 281
774 268
774 269
774 270
774 271
774 272
774 273
774 274
774 275
775 261
775 262
775 263
775 264
775 265
775 266
775 267
775 268
776 255
776 256
776 257
776 258
776 259
776 260
776 261
776 262
777 249
777 250
777 251
777 252
777 253
777 254
777 255
778 243
778 244
778 245
778 246
778 247
779 237
779 238
779 239
779 240
780 232
786 288
786 289
786 290
787 280
787 281
787 282
787 283
787 284
787 285
788 272
788 273
788 274
788 275
788 276
788 277
788 278
788 279
789 265
789 266
789 267
789 268
789 269
789 270
789 271
789 272
789 273
790 258
790 259
790 260
790 261
790 262
790 263
790 264
790 265
790 266
790 267
791 252
791 253
791 254
791 255
791 256
791 257
791 258
791 259
791 260
792 245
792 246
792 247
792 248
792 249
792 250
792 251
792 252
792 253
793 239
793 240
793 241
793 242
793 243
793 244
793 245
793 246
794 233
794 234
794 235
794 236
794 237
794 238
794 239
794 240
795 226
795 227
795 228
795 229
795 230
795 231
795 232
795 233
796 220
796 221
796 222
796 223
796 224
796 225
796 226
797 214
797 215
797 216
797 217
797 218
797 219
798 207
798 208
798 209
798 210
798 211
798 212
799 201
799 202
799 203
799 204
799 205
800 195
800 196
800 197
800 198
801 189
801 190
801 286
801 287
801 288
802 277
802 278
802 279
802 280
802 281
802 282
802 283
803 269
803 270
803 271
803 272
803 273
803 274
803 275
803 276
803 277
804 262
804 263
804 264
804 265
804 266
804 267
804 268
804 269
804 270
804 271
805 255
805 256
805 257
805 258
805 259
805 260
805 261
805 262
805 263
805 264
805 265
806 249
806 250
806 251
806 252
806 253
806 254
806 255
806 256
806 257
806 258
807 242
807 243
807 244
807 245
807 246
807 247
807 248
807 249
807 250
807 251
807 252
808 235
808 236
808 237
808 238
808 239
808 240
808 241
808 242
808 243
808 244
808 245
809 229
809 230
809 231
809 232
809 233
809 234
809 235
809 236
809 237
809 238
810 222
810 223
810 224
810 225
810 226
810 227
810 228
810 229
810 230
810 231
810 232
811 216
811 217
811 218
811 219
811 220
811 221
811 222
811 223
811 224
811 225
812 209
812 210
812 211
812 212
812 213
812 214
812 215
812 216
812 217
812 218
813 203
813 204
813 205
813 206
813 207
813 208
813 209
813 210
813 211
814 196
814 197
814 198
814 199
814 200
814 201
814 202
814 203
814 204
814 205
815 190
815 191
815 192
815 193
815 194
815 195
815 196
815 197
815 198
816 183
816 184
816 185
816 186
816 187
816 188
816 189
816 190
816 283
816 284
816 285
816 286
817 177
817 178
817 179
817 180
817 181
817 182
817 183
817 274
817 275
817 276
817 277
817 278
817 279
817 280
817 281
818 171
818 172
818 173
818 174
818 175
818 267
818 268
818 269
818 270
818 271
818 272
818 273
818 274
818 275
819 166
819 260
819 261
819 262
819 263
819 264
819 265
819 266
819 267
819 268
819 269
820 253
820 254
820 255
820 256
820 257
820 258
820 259
820 260
820 261
820 262
820 263
821 246
821 247
821 248
821 249
821 250
821 251
821 252
821 253
821 254
821 255
821 256
821 257
822 239
822 240
822 241
822 242
822 243
822 244
822 245
822 246
822 247
822 248
822 249
822 250
823 232
823 233
823 234
823 235
823 236
823 237
823 238
823 239
823 240
823 241
823 242
823 243
823 244
824 225
824 226
824 227
824 228
824 229
824 230
824 231
824 232
824 233
824 234
824 235
824 236
824 237
825 219
825 220
825 221
825 222
825 223
825 224
825 225
825 226
825 227
825 228
825 229
825 230
826 212
826 213
826 214
826 215
826 216
826 217
826 218
826 219
826 220
826 221
826 222
826 223
826 224
827 205
827 206
827 207
827 208
827 209
827 210
827 211
827 212
827 213
827 214
827 215
827 216
827 217
828 199
828 200
828 201
828 202
828 203
828 204
828 205
828 206
828 207
828 208
828 209
828 210
829 192
829 193
829 194
829 195
829 196
829 197
829 198
829 199
829 200
829 201
829 202
829 203
830 186
830 187
830 188
830 189
830 190
830 191
830 192
830 193
830 194
830 195
830 196
831 179
831 180
831 181
831 182
831 183
831 184
831 185
831 186
831 187
831 188
831 189
831 280
831 281
831 282
831 283
831 284
832 173
832 174
832 175
832 176
832 177
832 178
832 179
832 180
832 181
832 182
832 272
832 273
832 274
832 275
832 276
832 277
832 278
832 279
833 166
833 167
833 168
833 169
833 170
833 171
833 172
833 173
833 174
833 264
833 265
833 266
833 267
833 268
833 269
833 270
833 271
833 272
833 273
834 161
834 162
834 163
834 164
834 165
834 166
834 257
834 258
834 259
834 260
834 261
834 262
834 263
834 264
834 265
834 266
834 267
835 250
835 251
835 252
835 253
835 254
835 255
835 256
835 257
835 258
835 259
835 260
835 261
836 243
836 244
836 245
836 246
836 247
836 248
836 249
836 250
836 251
836 252
836 253
836 254
836 255
837 236
837 237
837 238
837 239
837 240
837 241
837 242
837 243
837 244
837 245
837 246
837 247
837 248
837 249
838 229
838 230
838 231
838 232
838 233
838 234
838 235
838 236
838 237
838 238
838 239
838 240
838 241
838 242
839 222
839 223
839 224
839 225
839 226
839 227
839 228
839 229
839 230
839 231
839 232
839 233
839 234
839 235
839 236
840 215
840 216
840 217
840 218
840 219
840 220
840 221
840 222
840 223
840 224
840 225
840 226
840 227
840 228
840 229
841 208
841 209
841 210
841 211
841 212
841 213
841 214
841 215
841 216
841 217
841 218
841 219
841 220
841 221
841 222
842 202
842 203
842 204
842 205
842 206
842 207
842 208
842 209
842 210
842 211
842 212
842 213
842 214
842 215
843 195
843 196
843 197
843 198
843 199
843 200
843 201
843 202
843 203
843 204
843 205
843 206
843 207
843 208
843 209
844 188
844 189
844 190
844 191
844 192
844 193
844 194
844 195
844 196
844 197
844 198
844 199
844 200
844 201
844 202
845 182
845 183
845 184
845 185
845 186
845 187
845 188
845 189
845 190
845 191
845 192
845 193
845 194
845 195
846 175
846 176
846 177
846 178
846 179
846 180
846 181
846 182
846 183
846 184
846 185
846 186
846 187
846 277
846 278
846 279
846 280
846 281
846 282
847 169
847 170
847 171
847 172
847 173
847 174
847 175
847 176
847 177
847 178
847 179
847 180
847 269
847 270
847 271
847 272
847 273
847 274
847 275
847 276
847 277
848 163
848 164
848 165
848 166
848 167
848 168
848 169
848 170
848 171
848 172
848 261
848 262
848 263
848 264
848 265
848 266
848 267
848 268
848 269
848 270
848 271
849 157
849 158
849 159
849 160
849 161
849 162
849 163
849 164
849 254
849 255
849 256
849 257
849 258
849 259
849 260
849 261
849 262
849 263
849 264
849 265
849 266
850 152
850 153
850 154
850 247
850 248
850 249
850 250
850 251
850 252
850 253
850 254
850 255
850 256
850 257
850 258
850 259
851 240
851 241
851 242
851 243
851 244
851 245
851 246
851 247
851 248
851 249
851 250
851 251
851 252
851 253
852 232
852 233
852 234
852 235
852 236
852 237
852 238
852 239
852 240
852 241
852 242
852 243
852 244
852 245
852 246
852 247
853 226
853 227
853 228
853 229
853 230
853 231
853 232
853 233
853 234
853 235
853 236
853 237
853 238
853 239
853 240
854 219
854 220
854 221
854 222
854 223
854 224
854 225
854 226
854 227
854 228
854 229
854 230
854 231
854 232
854 233
854 234
855 212
855 213
855 214
855 215
855 216
855 217
855 218
855 219
855 220
855 221
855 222
855 223
855 224
855 225
855 226
855 227
856 205
856 206
856 207
856 208
856 209
856 210
856 211
856 212
856 213
856 214
856 215
856 216
856 217
856 218
856 219
856 220
856 221
857 198
857 199
857 200
857 201
857 202
857 203
857 204
857 205
857 206
857 207
857 208
857 209
857 210
857 211
857 212
857 213
857 214
858 191
858 192
858 193
858 194
858 195
858 196
858 197
858 198
858 199
858 200
858 201
858 202
858 203
858 204
858 205
858 206
858 207
859 185
859 186
859 187
859 188
859 189
859 190
859 191
859 192
859 193
859 194
859 195
859 196
859 197
859 198
859 199
859 200
860 178
860 179
860 180
860 181
860 182
860 183
860 184
860 185
860 186
860 187
860 188
860 189
860 190
860 191
860 192
860 193
861 171
861 172
861 173
861 174
861 175
861 176
861 177
861 178
861 179
861 180
861 181
861 182
861 183
861 184
861 185
861 274
861 275
861 276
861 277
861 278
861 279
861 280
862 165
862 166
862 167
862 168
862 169
862 170
862 171
862 172
862 173
862 174
862 175
862 176
862 177
862 178
862 266
862 267
862 268
862 269
862 270
862 271
862 272
862 273
862 274
862 275
863 159
863 160
863 161
863 162
863 163
863 164
863 165
863 166
863 167
863 168
863 169
863 170
863 258
863 259
863 260
863 261
863 262
863 263
863 264
863 265
863 266
863 267
863 268
863 269
863 270
864 153
864 154
864 155
864 156
864 157
864 158
864 159
864 160
864 161
864 162
864 251
864 252
864 253
864 254
864 255
864 256
864 257
864 258
864 259
864 260
864 261
864 262
864 263
864 264
865 148
865 149
865 150
865 151
865 152
865 244
865 245
865 246
865 247
865 248
865 249
865 250
865 251
865 252
865 253
865 254
865 255
865 256
865 257
865 258
866 236
866 237
866 238
866 239
866 240
866 241
866 242
866 243
866 244
866 245
866 246
866 247
866 248
866 249
866 250
866 251
867 229
867 230
867 231
867 232
867 233
867 234
867 235
867 236
867 237
867 238
867 239
867 240
867 241
867 242
867 243
867 244
867 245
868 222
868 223
868 224
868 225
868 226
868 227
868 228
868 229
868 230
868 231
868 232
868 233
868 234
868 235
868 236
868 237
868 238
868 239
869 215
869 216
869 217
869 218
869 219
869 220
869 221
869 222
869 223
869 224
869 225
869 226
869 227
869 228
869 229
869 230
869 231
869 232
870 208
870 209
870 210
870 211
870 212
870 213
870 214
870 215
870 216
870 217
870 218
870 219
870 220
870 221
870 222
870 223
870 224
870 225
871 202
871 203
871 204
871 205
871 206
871 207
871 208
871 209
871 210
871 211
871 212
871 213
871 214
871 215
871 216
871 217
871 218
871 219
872 195
872 196
872 197
872 198
872 199
872 200
872 201
872 202
872 203
872 204
872 205
872 206
872 207
872 208
872 209
872 210
872 211
872 212
873 188
873 189
873 190
873 191
873 192
873 193
873 194
873 195
873 196
873 197
873 198
873 199
873 200
873 201
873 202
873 203
873 204
873 205
874 181
874 182
874 183
874 184
874 185
874 186
874 187
874 188
874 189
874 190
874 191
874 192
874 193
874 194
874 195
874 196
874 197
874 198
875 175
875 176
875 177
875 178
875 179
875 180
875 181
875 182
875 183
875 184
875 185
875 186
875 187
875 188
875 189
875 190
875 191
876 168
876 169
876 170
876 171
876 172
876 173
876 174
876 175
876 176
876 177
876 178
876 179
876 180
876 181
876 182
876 183
876 271
876 272
876 273
876 274
876 275
876 276
876 277
876 278
877 162
877 163
877 164
877 165
877 166
877 167
877 168
877 169
877 170
877 171
877 172
877 173
877 174
877 175
877 263
877 264
877 265
877 266
877 267
877 268
877 269
877 270
877 271
877 272
877 273
878 156
878 157
878 158
878 159
878 160
878 161
878 162
878 163
878 164
878 165
878 166
878 167
878 168
878 255
878 256
878 257
878 258
878 259
878 260
878 261
878 262
878 263
878 264
878 265
878 266
878 267
878 268
879 150
879 151
879 152
879 153
879 154
879 155
879 156
879 157
879 158
879 159
879 248
879 249
879 250
879 251
879 252
879 253
879 254
879 255
879 256
879 257
879 258
879 259
879 260
879 261
879 262
880 145
880 146
880 147
880 148
880 149
880 241
880 242
880 243
880 244
880 245
880 246
880 247
880 248
880 249
880 250
880 251
880 252
880 253
880 254
880 255
880 256
881 233
881 234
881 235
881 236
881 237
881 238
881 239
881 240
881 241
881 242
881 243
881 244
881 245
881 246
881 247
881 248
881 249
881 250
882 226
882 227
882 228
882 229
882 230
882 231
882 232
882 233
882 234
882 235
882 236
882 237
882 238
882 239
882 240
882 241
882 242
882 243
883 219
883 220
883 221
883 222
883 223
883 224
883 225
883 226
883 227
883 228
883 229
883 230
883 231
883 232
883 233
883 234
883 235
883 236
883 237
884 212
884 213
884 214
884 215
884 216
884 217
884 218
884 219
884 220
884 221
884 222
884 223
884 224
884 225
884 226
884 227
884 228
884 229
884 230
885 205
885 206
885 207
885 208
885 209
885 210
885 211
885 212
885 213
885 214
885 215
885 216
885 217
885 218
885 219
885 220
885 221
885 222
885 223
885 224
886 198
886 199
886 200
886 201
886 202
886 203
886 204
886 205
886 206
886 207
886 208
886 209
886 210
886 211
886 212
886 213
886 214
886 215
886 216
886 217
887 191
887 192
887 193
887 194
887 195
887 196
887 197
887 198
887 199
887 200
887 201
887 202
887 203
887 204
887 205
887 206
887 207
887 208
887 209
887 210
888 185
888 186
888 187
888 188
888 189
888 190
888 191
888 192
888 193
888 194
888 195
888 196
888 197
888 198
888 199
888 200
888 201
888 202
888 203
889 178
889 179
889 180
889 181
889 182
889 183
889 184
889 185
889 186
889 187
889 188
889 189
889 190
889 191
889 192
889 193
889 194
889 195
889 196
890 171
890 172
890 173
890 174
890 175
890 176
890 177
890 178
890 179
890 180
890 181
890 182
890 183
890 184
890 185
890 186
890 187
890 188
890 278
890 279
890 280
891 165
891 166
891 167
891 168
891 169
891 170
891 171
891 172
891 173
891 174
891 175
891 176
891 177
891 178
891 179
891 180
891 181
891 268
891 269
891 270
891 271
891 272
891 273
891 274
891 275
891 276
891 277
892 158
892 159
892 160
892 161
892 162
892 163
892 164
892 165
892 166
892 167
892 168
892 169
892 170
892 171
892 172
892 173
892 260
892 261
892 262
892 263
892 264
892 265
892 266
892 267
892 268
892 269
892 270
892 271
892 272
893 152
893 153
893 154
893 155
893 156
893 157
893 158
893 159
893 160
893 161
893 162
893 163
893 164
893 165
893 253
893 254
893 255
893 256
893 257
893 258
893 259
893 260
893 261
893 262
893 263
893 264
893 265
893 266
894 147
894 148
894 149
894 150
894 151
894 152
894 153
894 154
894 155
894 156
894 245
894 246
894 247
894 248
894 249
894 250
894 251
894 252
894 253
894 254
894 255
894 256
894 257
894 258
894 259
894 260
895 143
895 144
895 145
895 146
895 238
895 239
895 240
895 241
895 242
895 243
895 244
895 245
895 246
895 247
895 248
895 249
895 250
895 251
895 252
895 253
895 254
896 230
896 231
896 232
896 233
896 234
896 235
896 236
896 237
896 238
896 239
896 240
896 241
896 242
896 243
896 244
896 245
896 246
896 247
896 248
897 223
897 224
897 225
897 226
897 227
897 228
897 229
897 230
897 231
897 232
897 233
897 234
897 235
897 236
897 237
897 238
897 239
897 240
897 241
898 216
898 217
898 218
898 219
898 220
898 221
898 222
898 223
898 224
898 225
898 226
898 227
898 228
898 229
898 230
898 231
898 232
898 233
898 234
898 235
899 209
899 210
899 211
899 212
899 213
899 214
899 215
899 216
899 217
899 218
899 219
899 220
899 221
899 222
899 223
899 224
899 225
899 226
899 227
899 228
900 202
900 203
900 204
900 205
900 206
900 207
900 208
900 209
900 210
900 211
900 212
900 213
900 214
900 215
900 216
900 217
900 218
900 219
900 220
900 221
900 222
901 195
901 196
901 197
901 198
901 199
901 200
901 201
901 202
901 203
901 204
901 205
901 206
901 207
901 208
901 209
901 210
901 211
901 212
901 213
901 214
901 215
902 188
902 189
902 190
902 191
902 192
902 193
902 194
902 195
902 196
902 197
902 198
902 199
902 200
902 201
902 202
902 203
902 204
902 205
902 206
902 207
902 208
903 181
903 182
903 183
903 184
903 185
903 186
903 187
903 188
903 189
903 190
903 191
903 192
903 193
903 194
903 195
903 196
903 197
903 198
903 199
903 200
903 201
904 175
904 176
904 177
904 178
904 179
904 180
904 181
904 182
904 183
904 184
904 185
904 186
904 187
904 188
904 189
904 190
904 191
904 192
904 193
905 168
905 169
905 170
905 171
905 172
905 173
905 174
905 175
905 176
905 177
905 178
905 179
905 180
905 181
905 182
905 183
905 184
905 185
905 186
905 275
905 276
905 277
905 278
905 279
906 161
906 162
906 163
906 164
906 165
906 166
906 167
906 168
906 169
906 170
906 171
906 172
906 173
906 174
906 175
906 176
906 177
906 178
906 266
906 267
906 268
906 269
906 270
906 271
906 272
906 273
906 274
906 275
907 155
907 156
907 157
907 158
907 159
907 160
907 161
907 162
907 163
907 164
907 165
907 166
907 167
907 168
907 169
907 170
907 257
907 258
907 259
907 260
907 261
907 262
907 263
907 264
907 265
907 266
907 267
907 268
907 269
907 270
908 149
908 150
908 151
908 152
908 153
908 154
908 155
908 156
908 157
908 158
908 159
908 160
908 161
908 162
908 250
908 251
908 252
908 253
908 254
908 255
908 256
908 257
908 258
908 259
908 260
908 261
908 262
908 263
908 264
909 144
909 145
909 146
909 147
909 148
909 149
909 150
909 151
909 152
909 153
909 242
909 243
909 244
909 245
909 246
909 247
909 248
909 249
909 250
909 251
909 252
909 253
909 254
909 255
909 256
909 257
909 258
910 235
910 236
910 237
910 238
910 239
910 240
910 241
910 242
910 243
910 244
910 245
910 246
910 247
910 248
910 249
910 250
910 251
910 252
911 227
911 228
911 229
911 230
911 231
911 232
911 233
911 234
911 235
911 236
911 237
911 238
911 239
911 240
911 241
911 242
911 243
911 244
911 245
911 246
912 220
912 221
912 222
912 223
912 224
912 225
912 226
912 227
912 228
912 229
912 230
912 231
912 232
912 233
912 234
912 235
912 236
912 237
912 238
912 239
913 213
913 214
913 215
913 216
913 217
913 218
913 219
913 220
913 221
913 222
913 223
913 224
913 225
913 226
913 227
913 228
913 229
913 230
913 231
913 232
913 233
914 206
914 207
914 208
914 209
914 210
914 211
914 212
914 213
914 214
914 215
914 216
914 217
914 218
914 219
914 220
914 221
914 222
914 223
914 224
914 225
914 226
915 199
915 200
915 201
915 202
915 203
915 204
915 205
915 206
915 207
915 208
915 209
915 210
915 211
915 212
915 213
915 214
915 215
915 216
915 217
915 218
915 219
916 192
916 193
916 194
916 195
916 196
916 197
916 198
916 199
916 200
916 201
916 202
916 203
916 204
916 205
916 206
916 207
916 208
916 209
916 210
916 211
916 212
917 185
917 186
917 187
917 188
917 189
917 190
917 191
917 192
917 193
917 194
917 195
917 196
917 197
917 198
917 199
917 200
917 201
917 202
917 203
917 204
917 205
918 178
918 179
918 180
918 181
918 182
918 183
918 184
918 185
918 186
918 187
918 188
918 189
918 190
918 191
918 192
918 193
918 194
918 195
918 196
918 197
918 198
919 171
919 172
919 173
919 174
919 175
919 176
919 177
919 178
919 179
919 180
919 181
919 182
919 183
919 184
919 185
919 186
919 187
919 188
919 189
919 190
919 191
920 165
920 166
920 167
920 168
920 169
920 170
920 171
920 172
920 173
920 174
920 175
920 176
920 177
920 178
920 179
920 180
920 181
920 182
920 183
920 271
920 272
920 273
920 274
920 275
920 276
920 277
921 158
921 159
921 160
921 161
921 162
921 163
921 164
921 165
921 166
921 167
921 168
921 169
921 170
921 171
921 172
921 173
921 174
921 175
921 176
921 263
921 264
921 265
921 266
921 267
921 268
921 269
921 270
921 271
921 272
921 273
922 152
922 153
922 154
922 155
922 156
922 157
922 158
922 159
922 160
922 161
922 162
922 163
922 164
922 165
922 166
922 167
922 168
922 254
922 255
922 256
922 257
922 258
922 259
922 260
922 261
922 262
922 263
922 264
922 265
922 266
922 267
922 268
923 146
923 147
923 148
923 149
923 150
923 151
923 152
923 153
923 154
923 155
923 156
923 157
923 158
923 159
923 247
923 248
923 249
923 250
923 251
923 252
923 253
923 254
923 255
923 256
923 257
923 258
923 259
923 260
923 261
923 262
924 141
924 142
924 143
924 144
924 145
924 146
924 147
924 148
924 149
924 150
924 239
924 240
924 241
924 242
924 243
924 244
924 245
924 246
924 247
924 248
924 249
924 250
924 251
924 252
924 253
924 254
924 255
924 256
925 232
925 233
925 234
925 235
925 236
925 237
925 238
925 239
925 240
925 241
925 242
925 243
925 244
925 245
925 246
925 247
925 248
925 249
925 250
926 224
926 225
926 226
926 227
926 228
926 229
926 230
926 231
926 232
926 233
926 234
926 235
926 236
926 237
926 238
926 239
926 240
926 241
926 242
926 243
926 244
927 217
927 218
927 219
927 220
927 221
927 222
927 223
927 224
927 225
927 226
927 227
927 228
927 229
927 230
927 231
927 232
927 233
927 234
927 235
927 236
927 237
928 210
928 211
928 212
928 213
928 214
928 215
928 216
928 217
928 218
928 219
928 220
928 221
928 222
928 223
928 224
928 225
928 226
928 227
928 228
928 229
928 230
928 231
929 203
929 204
929 205
929 206
929 207
929 208
929 209
929 210
929 211
929 212
929 213
929 214
929 215
929 216
929 217
929 218
929 219
929 220
929 221
929 222
929 223
929 224
930 196
930 197
930 198
930 199
930 200
930 201
930 202
930 203
930 204
930 205
930 206
930 207
930 208
930 209
930 210
930 211
930 212
930 213
930 214
930 215
930 216
930 217
931 189
931 190
931 191
931 192
931 193
931 194
931 195
931 196
931 197
931 198
931 199
931 200
931 201
931 202
931 203
931 204
931 205
931 206
931 207
931 208
931 209
931 210
932 182
932 183
932 184
932 185
932 186
932 187
932 188
932 189
932 190
932 191
932 192
932 193
932 194
932 195
932 196
932 197
932 198
932 199
932 200
932 201
932 202
932 203
933 175
933 176
933 177
933 178
933 179
933 180
933 181
933 182
933 183
933 184
933 185
933 186
933 187
933 188
933 189
933 190
933 191
933 192
933 193
933 194
933 195
933 196
934 168
934 169
934 170
934 171
934 172
934 173
934 174
934 175
934 176
934 177
934 178
934 179
934 180
934 181
934 182
934 183
934 184
934 185
934 186
934 187
934 188
935 162
935 163
935 164
935 165
935 166
935 167
935 168
935 169
935 170
935 171
935 172
935 173
935 174
935 175
935 176
935 177
935 178
935 179
935 180
935 181
935 268
935 269
935 270
935 271
935 272
935 273
935 274
935 275
935 276
936 155
936 156
936 157
936 158
936 159
936 160
936 161
936 162
936 163
936 164
936 165
936 166
936 167
936 168
936 169
936 170
936 171
936 172
936 173
936 260
936 261
936 262
936 263
936 264
936 265
936 266
936 267
936 268
936 269
936 270
936 271
937 149
937 150
937 151
937 152
937 153
937 154
937 155
937 156
937 157
937 158
937 159
937 160
937 161
937 162
937 163
937 164
937 165
937 251
937 252
937 253
937 254
937 255
937 256
937 257
937 258
937 259
937 260
937 261
937 262
937 263
937 264
937 265
937 266
938 144
938 145
938 146
938 147
938 148
938 149
938 150
938 151
938 152
938 153
938 154
938 155
938 156
938 244
938 245
938 246
938 247
938 248
938 249
938 250
938 251
938 252
938 253
938 254
938 255
938 256
938 257
938 258
938 259
938 260
939 139
939 140
939 141
939 142
939 143
939 144
939 145
939 146
939 236
939 237
939 238
939 239
939 240
939 241
939 242
939 243
939 244
939 245
939 246
939 247
939 248
939 249
939 250
939 251
939 252
939 253
939 254
940 229
940 230
940 231
940 232
940 233
940 234
940 235
940 236
940 237
940 238
940 239
940 240
940 241
940 242
940 243
940 244
940 245
940 246
940 247
940 248
941 221
941 222
941 223
941 224
941 225
941 226
941 227
941 228
941 229
941 230
941 231
941 232
941 233
941 234
941 235
941 236
941 237
941 238
941 239
941 240
941 241
941 242
942 214
942 215
942 216
942 217
942 218
942 219
942 220
942 221
942 222
942 223
942 224
942 225
942 226
942 227
942 228
942 229
942 230
942 231
942 232
942 233
942 234
942 235
943 207
943 208
943 209
943 210
943 211
943 212
943 213
943 214
943 215
943 216
943 217
943 218
943 219
943 220
943 221
943 222
943 223
943 224
943 225
943 226
943 227
943 228
943 229
944 200
944 201
944 202
944 203
944 204
944 205
944 206
944 207
944 208
944 209
944 210
944 211
944 212
944 213
944 214
944 215
944 216
944 217
944 218
944 219
944 220
944 221
944 222
945 192
945 193
945 194
945 195
945 196
945 197
945 198
945 199
945 200
945 201
945 202
945 203
945 204
945 205
945 206
945 207
945 208
945 209
945 210
945 211
945 212
945 213
945 214
945 215
946 185
946 186
946 187
946 188
946 189
946 190
946 191
946 192
946 193
946 194
946 195
946 196
946 197
946 198
946 199
946 200
946 201
946 202
946 203
946 204
946 205
946 206
946 207
946 208
947 179
947 180
947 181
947 182
947 183
947 184
947 185
947 186
947 187
947 188
947 189
947 190
947 191
947 192
947 193
947 194
947 195
947 196
947 197
947 198
947 199
947 200
947 201
948 172
948 173
948 174
948 175
948 176
948 177
948 178
948 179
948 180
948 181
948 182
948 183
948 184
948 185
948 186
948 187
948 188
948 189
948 190
948 191
948 192
948 193
949 165
949 166
949 167
949 168
949 169
949 170
949 171
949 172
949 173
949 174
949 175
949 176
949 177
949 178
949 179
949 180
949 181
949 182
949 183
949 184
949 185
949 186
950 159
950 160
950 161
950 162
950 163
950 164
950 165
950 166
950 167
950 168
950 169
950 170
950 171
950 172
950 173
950 174
950 175
950 176
950 177
950 178
950 265
950 266
950 267
950 268
950 269
950 270
950 271
950 272
950 273
950 274
951 152
951 153
951 154
951 155
951 156
951 157
951 158
951 159
951 160
951 161
951 162
951 163
951 164
951 165
951 166
951 167
951 168
951 169
951 170
951 257
951 258
951 259
951 260
951 261
951 262
951 263
951 264
951 265
951 266
951 267
951 268
951 269
951 270
952 146
952 147
952 148
952 149
952 150
952 151
952 152
952 153
952 154
952 155
952 156
952 157
952 158
952 159
952 160
952 161
952 162
952 248
952 249
952 250
952 251
952 252
952 253
952 254
952 255
952 256
952 257
952 258
952 259
952 260
952 261
952 262
952 263
952 264
953 141
953 142
953 143
953 144
953 145
953 146
953 147
953 148
953 149
953 150
953 151
953 152
953 153
953 241
953 242
953 243
953 244
953 245
953 246
953 247
953 248
953 249
953 250
953 251
953 252
953 253
953 254
953 255
953 256
953 257
953 258
953 259
954 137
954 138
954 139
954 140
954 141
954 142
954 233
954 234
954 235
954 236
954 237
954 238
954 239
954 240
954 241
954 242
954 243
954 244
954 245
954 246
954 247
954 248
954 249
954 250
954 251
954 252
954 253
955 225
955 226
955 227
955 228
955 229
955 230
955 231
955 232
955 233
955 234
955 235
955 236
955 237
955 238
955 239
955 240
955 241
955 242
955 243
955 244
955 245
955 246
956 218
956 219
956 220
956 221
956 222
956 223
956 224
956 225
956 226
956 227
956 228
956 229
956 230
956 231
956 232
956 233
956 234
956 235
956 236
956 237
956 238
956 239
956 240
957 211
957 212
957 213
957 214
957 215
957 216
957 217
957 218
957 219
957 220
957 221
957 222
957 223
957 224
957 225
957 226
957 227
957 228
957 229
957 230
957 231
957 232
957 233
958 204
958 205
958 206
958 207
958 208
958 209
958 210
958 211
958 212
958 213
958 214
958 215
958 216
958 217
958 218
958 219
958 220
958 221
958 222
958 223
958 224
958 225
958 226
959 196
959 197
959 198
959 199
959 200
959 201
959 202
959 203
959 204
959 205
959 206
959 207
959 208
959 209
959 210
959 211
959 212
959 213
959 214
959 215
959 216
959 217
959 218
959 219
959 220
960 189
960 190
960 191
960 192
960 193
960 194
960 195
960 196
960 197
960 198
960 199
960 200
960 201
960 202
960 203
960 204
960 205
960 206
960 207
960 208
960 209
960 210
960 211
960 212
960 213
961 182
961 183
961 184
961 185
961 186
961 187
961 188
961 189
961 190
961 191
961 192
961 193
961 194
961 195
961 196
961 197
961 198
961 199
961 200
961 201
961 202
961 203
961 204
961 205
962 175
962 176
962 177
962 178
962 179
962 180
962 181
962 182
962 183
962 184
962 185
962 186
962 187
962 188
962 189
962 190
962 191
962 192
962 193
962 194
962 195
962 196
962 197
962 198
963 169
963 170
963 171
963 172
963 173
963 174
963 175
963 176
963 177
963 178
963 179
963 180
963 181
963 182
963 183
963 184
963 185
963 186
963 187
963 188
963 189
963 190
963 191
964 162
964 163
964 164
964 165
964 166
964 167
964 168
964 169
964 170
964 171
964 172
964 173
964 174
964 175
964 176
964 177
964 178
964 179
964 180
964 181
964 182
964 183
964 272
964 273
964 274
964 275
964 276
965 156
965 157
965 158
965 159
965 160
965 161
965 162
965 163
965 164
965 165
965 166
965 167
965 168
965 169
965 170
965 171
965 172
965 173
965 174
965 175
965 262
965 263
965 264
965 265
965 266
965 267
965 268
965 269
965 270
965 271
965 272
965 273
966 149
966 150
966 151
966 152
966 153
966 154
966 155
966 156
966 157
966 158
966 159
966 160
966 161
966 162
966 163
966 164
966 165
966 166
966 167
966 254
966 255
966 256
966 257
966 258
966 259
966 260
966 261
966 262
966 263
966 264
966 265
966 266
966 267
966 268
967 144
967 145
967 146
967 147
967 148
967 149
967 150
967 151
967 152
967 153
967 154
967 155
967 156
967 157
967 158
967 245
967 246
967 247
967 248
967 249
967 250
967 251
967 252
967 253
967 254
967 255
967 256
967 257
967 258
967 259
967 260
967 261
967 262
968 139
968 140
968 141
968 142
968 143
968 144
968 145
968 146
968 147
968 148
968 149
968 238
968 239
968 240
968 241
968 242
968 243
968 244
968 245
968 246
968 247
968 248
968 249
968 250
968 251
968 252
968 253
968 254
968 255
968 256
968 257
969 230
969 231
969 232
969 233
969 234
969 235
969 236
969 237
969 238
969 239
969 240
969 241
969 242
969 243
969 244
969 245
969 246
969 247
969 248
969 249
969 250
970 222
970 223
970 224
970 225
970 226
970 227
970 228
970 229
970 230
970 231
970 232
970 233
970 234
970 235
970 236
970 237
970 238
970 239
970 240
970 241
970 242
970 243
970 244
971 215
971 216
971 217
971 218
971 219
971 220
971 221
971 222
971 223
971 224
971 225
971 226
971 227
971 228
971 229
971 230
971 231
971 232
971 233
971 234
971 235
971 236
971 237
971 238
972 208
972 209
972 210
972 211
972 212
972 213
972 214
972 215
972 216
972 217
972 218
972 219
972 220
972 221
972 222
972 223
972 224
972 225
972 226
972 227
972 228
972 229
972 230
972 231
973 201
973 202
973 203
973 204
973 205
973 206
973 207
973 208
973 209
973 210
973 211
973 212
973 213
973 214
973 215
973 216
973 217
973 218
973 219
973 220
973 221
973 222
973 223
973 224
974 193
974 194
974 195
974 196
974 197
974 198
974 199
974 200
974 201
974 202
974 203
974 204
974 205
974 206
974 207
974 208
974 209
974 210
974 211
974 212
974 213
974 214
974 215
974 216
974 217
975 186
975 187
975 188
975 189
975 190
975 191
975 192
975 193
975 194
975 195
975 196
975 197
975 198
975 199
975 200
975 201
975 202
975 203
975 204
975 205
975 206
975 207
975 208
975 209
975 210
976 179
976 180
976 181
976 182
976 183
976 184
976 185
976 186
976 187
976 188
976 189
976 190
976 191
976 192
976 193
976 194
976 195
976 196
976 197
976 198
976 199
976 200
976 201
976 202
976 203
977 172
977 173
977 174
977 175
977 176
977 177
977 178
977 179
977 180
977 181
977 182
977 183
977 184
977 185
977 186
977 187
977 188
977 189
977 190
977 191
977 192
977 193
977 194
977 195
978 166
978 167
978 168
978 169
978 170
978 171
978 172
978 173
978 174
978 175
978 176
978 177
978 178
978 179
978 180
978 181
978 182
978 183
978 184
978 185
978 186
978 187
978 188
979 159
979 160
979 161
979 162
979 163
979 164
979 165
979 166
979 167
979 168
979 169
979 170
979 171
979 172
979 173
979 174
979 175
979 176
979 177
979 178
979 179
979 180
979 268
979 269
979 270
979 271
979 272
979 273
979 274
979 275
980 153
980 154
980 155
980 156
980 157
980 158
980 159
980 160
980 161
980 162
980 163
980 164
980 165
980 166
980 167
980 168
980 169
980 170
980 171
980 172
980 259
980 260
980 261
980 262
980 263
980 264
980 265
980 266
980 267
980 268
980 269
980 270
980 271
981 147
981 148
981 149
981 150
981 151
981 152
981 153
981 154
981 155
981 156
981 157
981 158
981 159
981 160
981 161
981 162
981 163
981 164
981 250
981 251
981 252
981 253
981 254
981 255
981 256
981 257
981 258
981 259
981 260
981 261
981 262
981 263
981 264
981 265
981 266
982 141
982 142
982 143
982 144
982 145
982 146
982 147
982 148
982 149
982 150
982 151
982 152
982 153
982 154
982 155
982 242
982 243
982 244
982 245
982 246
982 247
982 248
982 249
982 250
982 251
982 252
982 253
982 254
982 255
982 256
982 257
982 258
982 259
982 260
983 137
983 138
983 139
983 140
983 141
983 142
983 143
983 144
983 145
983 235
983 236
983 237
983 238
983 239
983 240
983 241
983 242
983 243
983 244
983 245
983 246
983 247
983 248
983 249
983 250
983 251
983 252
983 253
983 254
983 255
984 227
984 228
984 229
984 230
984 231
984 232
984 233
984 234
984 235
984 236
984 237
984 238
984 239
984 240
984 241
984 242
984 243
984 244
984 245
984 246
984 247
984 248
985 219
985 220
985 221
985 222
985 223
985 224
985 225
985 226
985 227
985 228
985 229
985 230
985 231
985 232
985 233
985 234
985 235
985 236
985 237
985 238
985 239
985 240
985 241
985 242
986 212
986 213
986 214
986 215
986 216
986 217
986 218
986 219
986 220
986 221
986 222
986 223
986 224
986 225
986 226
986 227
986 228
986 229
986 230
986 231
986 232
986 233
986 234
986 235
987 205
987 206
987 207
987 208
987 209
987 210
987 211
987 212
987 213
987 214
987 215
987 216
987 217
987 218
987 219
987 220
987 221
987 222
987 223
987 224
987 225
987 226
987 227
987 228
987 229
988 197
988 198
988 199
988 200
988 201
988 202
988 203
988 204
988 205
988 206
988 207
988 208
988 209
988 210
988 211
988 212
988 213
988 214
988 215
988 216
988 217
988 218
988 219
988 220
988 221
988 222
989 190
989 191
989 192
989 193
989 194
989 195
989 196
989 197
989 198
989 199
989 200
989 201
989 202
989 203
989 204
989 205
989 206
989 207
989 208
989 209
989 210
989 211
989 212
989 213
989 214
989 215
990 183
990 184
990 185
990 186
990 187
990 188
990 189
990 190
990 191
990 192
990 193
990 194
990 195
990 196
990 197
990 198
990 199
990 200
990 201
990 202
990 203
990 204
990 205
990 206
990 207
990 208
991 176
991 177
991 178
991 179
991 180
991 181
991 182
991 183
991 184
991 185
991 186
991 187
991 188
991 189
991 190
991 191
991 192
991 193
991 194
991 195
991 196
991 197
991 198
991 199
991 200
992 169
992 170
992 171
992 172
992 173
992 174
992 175
992 176
992 177
992 178
992 179
992 180
992 181
992 182
992 183
992 184
992 185
992 186
992 187
992 188
992 189
992 190
992 191
992 192
992 193
993 163
993 164
993 165
993 166
993 167
993 168
993 169
993 170
993 171
993 172
993 173
993 174
993 175
993 176
993 177
993 178
993 179
993 180
993 181
993 182
993 183
993 184
993 185
994 156
994 157
994 158
994 159
994 160
994 161
994 162
994 163
994 164
994 165
994 166
994 167
994 168
994 169
994 170
994 171
994 172
994 173
994 174
994 175
994 176
994 177
994 265
994 266
994 267
994 268
994 269
994 270
994 271
994 272
994 273
995 150
995 151
995 152
995 153
995 154
995 155
995 156
995 157
995 158
995 159
995 160
995 161
995 162
995 163
995 164
995 165
995 166
995 167
995 168
995 169
995 256
995 257
995 258
995 259
995 260
995 261
995 262
995 263
995 264
995 265
995 266
995 267
995 268
995 269
996 144
996 145
996 146
996 147
996 148
996 149
996 150
996 151
996 152
996 153
996 154
996 155
996 156
996 157
996 158
996 159
996 160
996 161
996 247
996 248
996 249
996 250
996 251
996 252
996 253
996 254
996 255
996 256
996 257
996 258
996 259
996 260
996 261
996 262
996 263
996 264
997 139
997 140
997 141
997 142
997 143
997 144
997 145
997 146
997 147
997 148
997 149
997 150
997 151
997 239
997 240
997 241
997 242
997 243
997 244
997 245
997 246
997 247
997 248
997 249
997 250
997 251
997 252
997 253
997 254
997 255
997 256
997 257
997 258
998 135
998 136
998 137
998 138
998 139
998 140
998 232
998 233
998 234
998 235
998 236
998 237
998 238
998 239
998 240
998 241
998 242
998 243
998 244
998 245
998 246
998 247
998 248
998 249
998 250
998 251
998 252
998 253
999 224
999 225
999 226
999 227
999 228
999 229
999 230
999 231
999 232
999 233
999 234
999 235
999 236
999 237
999 238
999 239
999 240
999 241
999 242
999 243
999 244
999 245
999 246
1000 216
1000 217
1000 218
1000 219
1000 220
1000 221
1000 222
1000 223
1000 224
1000 225
1000 226
1000 227
1000 228
1000 229
1000 230
1000 231
1000 232
1000 233
1000 234
1000 235
1000 236
1000 237
1000 238
1000 239
1000 240
1001 209
1001 210
1001 211
1001 212
1001 213
1001 214
1001 215
1001 216
1001 217
1001 218
1001 219
1001 220
1001 221
1001 222
1001 223
1001 224
1001 225
1001 226
1001 227
1001 228
1001 229
1001 230
1001 231
1001 232
1001 233
1002 202
1002 203
1002 204
1002 205
1002 206
1002 207
1002 208
1002 209
1002 210
1002 211
1002 212
1002 213
1002 214
1002 215
1002 216
1002 217
1002 218
1002 219
1002 220
1002 221
1002 222
1002 223
1002 224
1002 225
1002 226
1003 194
1003 195
1003 196
1003 197
1003 198
1003 199
1003 200
1003 201
1003 202
1003 203
1003 204
1003 205
1003 206
1003 207
1003 208
1003 209
1003 210
1003 211
1003 212
1003 213
1003 214
1003 215
1003 216
1003 217
1003 218
1003 219
1004 187
1004 188
1004 189
1004 190
1004 191
1004 192
1004 193
1004 194
1004 195
1004 196
1004 197
1004 198
1004 199
1004 200
1004 201
1004 202
1004 203
1004 204
1004 205
1004 206
1004 207
1004 208
1004 209
1004 210
1004 211
1004 212
1005 180
1005 181
1005 182
1005 183
1005 184
1005 185
1005 186
1005 187
1005 188
1005 189
1005 190
1005 191
1005 192
1005 193
1005 194
1005 195
1005 196
1005 197
1005 198
1005 199
1005 200
1005 201
1005 202
1005 203
1005 204
1005 205
1006 173
1006 174
1006 175
1006 176
1006 177
1006 178
1006 179
1006 180
1006 181
1006 182
1006 183
1006 184
1006 185
1006 186
1006 187
1006 188
1006 189
1006 190
1006 191
1006 192
1006 193
1006 194
1006 195
1006 196
1006 197
1006 198
1007 167
1007 168
1007 169
1007 170
1007 171
1007 172
1007 173
1007 174
1007 175
1007 176
1007 177
1007 178
1007 179
1007 180
1007 181
1007 182
1007 183
1007 184
1007 185
1007 186
1007 187
1007 188
1007 189
1007 190
1008 160
1008 161
1008 162
1008 163
1008 164
1008 165
1008 166
1008 167
1008 168
1008 169
1008 170
1008 171
1008 172
1008 173
1008 174
1008 175
1008 176
1008 177
1008 178
1008 179
1008 180
1008 181
1008 182
1009 154
1009 155
1009 156
1009 157
1009 158
1009 159
1009 160
1009 161
1009 162
1009 163
1009 164
1009 165
1009 166
1009 167
1009 168
1009 169
1009 170
1009 171
1009 172
1009 173
1009 174
1009 262
1009 263
1009 264
1009 265
1009 266
1009 267
1009 268
1009 269
1009 270
1009 271
1009 272
1010 147
1010 148
1010 149
1010 150
1010 151
1010 152
1010 153
1010 154
1010 155
1010 156
1010 157
1010 158
1010 159
1010 160
1010 161
1010 162
1010 163
1010 164
1010 165
1010 166
1010 253
1010 254
1010 255
1010 256
1010 257
1010 258
1010 259
1010 260
1010 261
1010 262
1010 263
1010 264
1010 265
1010 266
1010 267
1011 142
1011 143
1011 144
1011 145
1011 146
1011 147
1011 148
1011 149
1011 150
1011 151
1011 152
1011 153
1011 154
1011 155
1011 156
1011 157
1011 244
1011 245
1011 246
1011 247
1011 248
1011 249
1011 250
1011 251
1011 252
1011 253
1011 254
1011 255
1011 256
1011 257
1011 258
1011 259
1011 260
1011 261
1011 262
1012 137
1012 138
1012 139
1012 140
1012 141
1012 142
1012 143
1012 144
1012 145
1012 146
1012 147
1012 148
1012 236
1012 237
1012 238
1012 239
1012 240
1012 241
1012 242
1012 243
1012 244
1012 245
1012 246
1012 247
1012 248
1012 249
1012 250
1012 251
1012 252
1012 253
1012 254
1012 255
1012 256
1013 229
1013 230
1013 231
1013 232
1013 233
1013 234
1013 235
1013 236
1013 237
1013 238
1013 239
1013 240
1013 241
1013 242
1013 243
1013 244
1013 245
1013 246
1013 247
1013 248
1013 249
1013 250
1014 221
1014 222
1014 223
1014 224
1014 225
1014 226
1014 227
1014 228
1014 229
1014 230
1014 231
1014 232
1014 233
1014 234
1014 235
1014 236
1014 237
1014 238
1014 239
1014 240
1014 241
1014 242
1014 243
1014 244
1015 213
1015 214
1015 215
1015 216
1015 217
1015 218
1015 219
1015 220
1015 221
1015 222
1015 223
1015 224
1015 225
1015 226
1015 227
1015 228
1015 229
1015 230
1015 231
1015 232
1015 233
1015 234
1015 235
1015 236
1015 237
1015 238
1016 206
1016 207
1016 208
1016 209
1016 210
1016 211
1016 212
1016 213
1016 214
1016 215
1016 216
1016 217
1016 218
1016 219
1016 220
1016 221
1016 222
1016 223
1016 224
1016 225
1016 226
1016 227
1016 228
1016 229
1016 230
1016 231
1017 199
1017 200
1017 201
1017 202
1017 203
1017 204
1017 205
1017 206
1017 207
1017 208
1017 209
1017 210
1017 211
1017 212
1017 213
1017 214
1017 215
1017 216
1017 217
1017 218
1017 219
1017 220
1017 221
1017 222
1017 223
1017 224
1018 191
1018 192
1018 193
1018 194
1018 195
1018 196
1018 197
1018 198
1018 199
1018 200
1018 201
1018 202
1018 203
1018 204
1018 205
1018 206
1018 207
1018 208
1018 209
1018 210
1018 211
1018 212
1018 213
1018 214
1018 215
1018 216
1018 217
1019 184
1019 185
1019 186
1019 187
1019 188
1019 189
1019 190
1019 191
1019 192
1019 193
1019 194
1019 195
1019 196
1019 197
1019 198
1019 199
1019 200
1019 201
1019 202
1019 203
1019 204
1019 205
1019 206
1019 207
1019 208
1019 209
1019 210
1020 177
1020 178
1020 179
1020 180
1020 181
1020 182
1020 183
1020 184
1020 185
1020 186
1020 187
1020 188
1020 189
1020 190
1020 191
1020 192
1020 193
1020 194
1020 195
1020 196
1020 197
1020 198
1020 199
1020 200
1020 201
1020 202
1021 170
1021 171
1021 172
1021 173
1021 174
1021 175
1021 176
1021 177
1021 178
1021 179
1021 180
1021 181
1021 182
1021 183
1021 184
1021 185
1021 186
1021 187
1021 188
1021 189
1021 190
1021 191
1021 192
1021 193
1021 194
1021 195
1022 164
1022 165
1022 166
1022 167
1022 168
1022 169
1022 170
1022 171
1022 172
1022 173
1022 174
1022 175
1022 176
1022 177
1022 178
1022 179
1022 180
1022 181
1022 182
1022 183
1022 184
1022 185
1022 186
1022 187
1023 157
1023 158
1023 159
1023 160
1023 161
1023 162
1023 163
1023 164
1023 165
1023 166
1023 167
1023 168
1023 169
1023 170
1023 171
1023 172
1023 173
1023 174
1023 175
1023 176
1023 177
1023 178
1023 179
1023 269
1023 270
1023 271
1023 272
1023 273
1024 151
1024 152
1024 153
1024 154
1024 155
1024 156
1024 157
1024 158
1024 159
1024 160
1024 161
1024 162
1024 163
1024 164
1024 165
1024 166
1024 167
1024 168
1024 169
1024 170
1024 171
1024 259
1024 260
1024 261
1024 262
1024 263
1024 264
1024 265
1024 266
1024 267
1024 268
1024 269
1024 270
1025 145
1025 146
1025 147
1025 148
1025 149
1025 150
1025 151
1025 152
1025 153
1025 154
1025 155
1025 156
1025 157
1025 158
1025 159
1025 160
1025 161
1025 162
1025 163
1025 250
1025 251
1025 252
1025 253
1025 254
1025 255
1025 256
1025 257
1025 258
1025 259
1025 260
1025 261
1025 262
1025 263
1025 264
1025 265
1025 266
1026 139
1026 140
1026 141
1026 142
1026 143
1026 144
1026 145
1026 146
1026 147
1026 148
1026 149
1026 150
1026 151
1026 152
1026 153
1026 154
1026 241
1026 242
1026 243
1026 244
1026 245
1026 246
1026 247
1026 248
1026 249
1026 250
1026 251
1026 252
1026 253
1026 254
1026 255
1026 256
1026 257
1026 258
1026 259
1026 260
1027 135
1027 136
1027 137
1027 138
1027 139
1027 140
1027 141
1027 142
1027 143
1027 233
1027 234
1027 235
1027 236
1027 237
1027 238
1027 239
1027 240
1027 241
1027 242
1027 243
1027 244
1027 245
1027 246
1027 247
1027 248
1027 249
1027 250
1027 251
1027 252
1027 253
1027 254
1028 226
1028 227
1028 228
1028 229
1028 230
1028 231
1028 232
1028 233
1028 234
1028 235
1028 236
1028 237
1028 238
1028 239
1028 240
1028 241
1028 242
1028 243
1028 244
1028 245
1028 246
1028 247
1028 248
1029 218
1029 219
1029 220
1029 221
1029 222
1029 223
1029 224
1029 225
1029 226
1029 227
1029 228
1029 229
1029 230
1029 231
1029 232
1029 233
1029 234
1029 235
1029 236
1029 237
1029 238
1029 239
1029 240
1029 241
1029 242
1030 210
1030 211
1030 212
1030 213
1030 214
1030 215
1030 216
1030 217
1030 218
1030 219
1030 220
1030 221
1030 222
1030 223
1030 224
1030 225
1030 226
1030 227
1030 228
1030 229
1030 230
1030 231
1030 232
1030 233
1030 234
1030 235
1031 203
1031 204
1031 205
1031 206
1031 207
1031 208
1031 209
1031 210
1031 211
1031 212
1031 213
1031 214
1031 215
1031 216
1031 217
1031 218
1031 219
1031 220
1031 221
1031 222
1031 223
1031 224
1031 225
1031 226
1031 227
1031 228
1031 229
1032 196
1032 197
1032 198
1032 199
1032 200
1032 201
1032 202
1032 203
1032 204
1032 205
1032 206
1032 207
1032 208
1032 209
1032 210
1032 211
1032 212
1032 213
1032 214
1032 215
1032 216
1032 217
1032 218
1032 219
1032 220
1032 221
1032 222
1033 188
1033 189
1033 190
1033 191
1033 192
1033 193
1033 194
1033 195
1033 196
1033 197
1033 198
1033 199
1033 200
1033 201
1033 202
1033 203
1033 204
1033 205
1033 206
1033 207
1033 208
1033 209
1033 210
1033 211
1033 212
1033 213
1033 214
1034 181
1034 182
1034 183
1034 184
1034 185
1034 186
1034 187
1034 188
1034 189
1034 190
1034 191
1034 192
1034 193
1034 194
1034 195
1034 196
1034 197
1034 198
1034 199
1034 200
1034 201
1034 202
1034 203
1034 204
1034 205
1034 206
1034 207
1035 174
1035 175
1035 176
1035 177
1035 178
1035 179
1035 180
1035 181
1035 182
1035 183
1035 184
1035 185
1035 186
1035 187
1035 188
1035 189
1035 190
1035 191
1035 192
1035 193
1035 194
1035 195
1035 196
1035 197
1035 198
1035 199
1035 200
1036 168
1036 169
1036 170
1036 171
1036 172
1036 173
1036 174
1036 175
1036 176
1036 177
1036 178
1036 179
1036 180
1036 181
1036 182
1036 183
1036 184
1036 185
1036 186
1036 187
1036 188
1036 189
1036 190
1036 191
1036 192
1037 161
1037 162
1037 163
1037 164
1037 165
1037 166
1037 167
1037 168
1037 169
1037 170
1037 171
1037 172
1037 173
1037 174
1037 175
1037 176
1037 177
1037 178
1037 179
1037 180
1037 181
1037 182
1037 183
1037 184
1038 154
1038 155
1038 156
1038 157
1038 158
1038 159
1038 160
1038 161
1038 162
1038 163
1038 164
1038 165
1038 166
1038 167
1038 168
1038 169
1038 170
1038 171
1038 172
1038 173
1038 174
1038 175
1038 176
1038 265
1038 266
1038 267
1038 268
1038 269
1038 270
1038 271
1038 272
1039 148
1039 149
1039 150
1039 151
1039 152
1039 153
1039 154
1039 155
1039 156
1039 157
1039 158
1039 159
1039 160
1039 161
1039 162
1039 163
1039 164
1039 165
1039 166
1039 167
1039 168
1039 255
1039 256
1039 257
1039 258
1039 259
1039 260
1039 261
1039 262
1039 263
1039 264
1039 265
1039 266
1039 267
1039 268
1039 269
1040 142
1040 143
1040 144
1040 145
1040 146
1040 147
1040 148
1040 149
1040 150
1040 151
1040 152
1040 153
1040 154
1040 155
1040 156
1040 157
1040 158
1040 159
1040 247
1040 248
1040 249
1040 250
1040 251
1040 252
1040 253
1040 254
1040 255
1040 256
1040 257
1040 258
1040 259
1040 260
1040 261
1040 262
1040 263
1040 264
1041 138
1041 139
1041 140
1041 141
1041 142
1041 143
1041 144
1041 145
1041 146
1041 147
1041 148
1041 149
1041 150
1041 238
1041 239
1041 240
1041 241
1041 242
1041 243
1041 244
1041 245
1041 246
1041 247
1041 248
1041 249
1041 250
1041 251
1041 252
1041 253
1041 254
1041 255
1041 256
1041 257
1041 258
1042 135
1042 136
1042 137
1042 138
1042 230
1042 231
1042 232
1042 233
1042 234
1042 235
1042 236
1042 237
1042 238
1042 239
1042 240
1042 241
1042 242
1042 243
1042 244
1042 245
1042 246
1042 247
1042 248
1042 249
1042 250
1042 251
1042 252
1043 223
1043 224
1043 225
1043 226
1043 227
1043 228
1043 229
1043 230
1043 231
1043 232
1043 233
1043 234
1043 235
1043 236
1043 237
1043 238
1043 239
1043 240
1043 241
1043 242
1043 243
1043 244
1043 245
1043 246
1044 215
1044 216
1044 217
1044 218
1044 219
1044 220
1044 221
1044 222
1044 223
1044 224
1044 225
1044 226
1044 227
1044 228
1044 229
1044 230
1044 231
1044 232
1044 233
1044 234
1044 235
1044 236
1044 237
1044 238
1044 239
1044 240
1045 207
1045 208
1045 209
1045 210
1045 211
1045 212
1045 213
1045 214
1045 215
1045 216
1045 217
1045 218
1045 219
1045 220
1045 221
1045 222
1045 223
1045 224
1045 225
1045 226
1045 227
1045 228
1045 229
1045 230
1045 231
1045 232
1045 233
1046 200
1046 201
1046 202
1046 203
1046 204
1046 205
1046 206
1046 207
1046 208
1046 209
1046 210
1046 211
1046 212
1046 213
1046 214
1046 215
1046 216
1046 217
1046 218
1046 219
1046 220
1046 221
1046 222
1046 223
1046 224
1046 225
1046 226
1047 193
1047 194
1047 195
1047 196
1047 197
1047 198
1047 199
1047 200
1047 201
1047 202
1047 203
1047 204
1047 205
1047 206
1047 207
1047 208
1047 209
1047 210
1047 211
1047 212
1047 213
1047 214
1047 215
1047 216
1047 217
1047 218
1047 219
1048 186
1048 187
1048 188
1048 189
1048 190
1048 191
1048 192
1048 193
1048 194
1048 195
1048 196
1048 197
1048 198
1048 199
1048 200
1048 201
1048 202
1048 203
1048 204
1048 205
1048 206
1048 207
1048 208
1048 209
1048 210
1048 211
1048 212
1049 178
1049 179
1049 180
1049 181
1049 182
1049 183
1049 184
1049 185
1049 186
1049 187
1049 188
1049 189
1049 190
1049 191
1049 192
1049 193
1049 194
1049 195
1049 196
1049 197
1049 198
1049 199
1049 200
1049 201
1049 202
1049 203
1049 204
1050 172
1050 173
1050 174
1050 175
1050 176
1050 177
1050 178
1050 179
1050 180
1050 181
1050 182
1050 183
1050 184
1050 185
1050 186
1050 187
1050 188
1050 189
1050 190
1050 191
1050 192
1050 193
1050 194
1050 195
1050 196
1050 197
1051 165
1051 166
1051 167
1051 168
1051 169
1051 170
1051 171
1051 172
1051 173
1051 174
1051 175
1051 176
1051 177
1051 178
1051 179
1051 180
1051 181
1051 182
1051 183
1051 184
1051 185
1051 186
1051 187
1051 188
1051 189
1052 158
1052 159
1052 160
1052 161
1052 162
1052 163
1052 164
1052 165
1052 166
1052 167
1052 168
1052 169
1052 170
1052 171
1052 172
1052 173
1052 174
1052 175
1052 176
1052 177
1052 178
1052 179
1052 180
1052 181
1053 152
1053 153
1053 154
1053 155
1053 156
1053 157
1053 158
1053 159
1053 160
1053 161
1053 162
1053 163
1053 164
1053 165
1053 166
1053 167
1053 168
1053 169
1053 170
1053 171
1053 172
1053 173
1053 262
1053 263
1053 264
1053 265
1053 266
1053 267
1053 268
1053 269
1053 270
1053 271
1054 146
1054 147
1054 148
1054 149
1054 150
1054 151
1054 152
1054 153
1054 154
1054 155
1054 156
1054 157
1054 158
1054 159
1054 160
1054 161
1054 162
1054 163
1054 164
1054 165
1054 252
1054 253
1054 254
1054 255
1054 256
1054 257
1054 258
1054 259
1054 260
1054 261
1054 262
1054 263
1054 264
1054 265
1054 266
1054 267
1055 140
1055 141
1055 142
1055 143
1055 144
1055 145
1055 146
1055 147
1055 148
1055 149
1055 150
1055 151
1055 152
1055 153
1055 154
1055 155
1055 156
1055 244
1055 245
1055 246
1055 247
1055 248
1055 249
1055 250
1055 251
1055 252
1055 253
1055 254
1055 255
1055 256
1055 257
1055 258
1055 259
1055 260
1055 261
1055 262
1056 136
1056 137
1056 138
1056 139
1056 140
1056 141
1056 142
1056 143
1056 144
1056 145
1056 146
1056 235
1056 236
1056 237
1056 238
1056 239
1056 240
1056 241
1056 242
1056 243
1056 244
1056 245
1056 246
1056 247
1056 248
1056 249
1056 250
1056 251
1056 252
1056 253
1056 254
1056 255
1056 256
1057 227
1057 228
1057 229
1057 230
1057 231
1057 232
1057 233
1057 234
1057 235
1057 236
1057 237
1057 238
1057 239
1057 240
1057 241
1057 242
1057 243
1057 244
1057 245
1057 246
1057 247
1057 248
1057 249
1057 250
1058 220
1058 221
1058 222
1058 223
1058 224
1058 225
1058 226
1058 227
1058 228
1058 229
1058 230
1058 231
1058 232
1058 233
1058 234
1058 235
1058 236
1058 237
1058 238
1058 239
1058 240
1058 241
1058 242
1058 243
1058 244
1059 212
1059 213
1059 214
1059 215
1059 216
1059 217
1059 218
1059 219
1059 220
1059 221
1059 222
1059 223
1059 224
1059 225
1059 226
1059 227
1059 228
1059 229
1059 230
1059 231
1059 232
1059 233
1059 234
1059 235
1059 236
1059 237
1060 204
1060 205
1060 206
1060 207
1060 208
1060 209
1060 210
1060 211
1060 212
1060 213
1060 214
1060 215
1060 216
1060 217
1060 218
1060 219
1060 220
1060 221
1060 222
1060 223
1060 224
1060 225
1060 226
1060 227
1060 228
1060 229
1060 230
1060 231
1061 197
1061 198
1061 199
1061 200
1061 201
1061 202
1061 203
1061 204
1061 205
1061 206
1061 207
1061 208
1061 209
1061 210
1061 211
1061 212
1061 213
1061 214
1061 215
1061 216
1061 217
1061 218
1061 219
1061 220
1061 221
1061 222
1061 223
1061 224
1062 190
1062 191
1062 192
1062 193
1062 194
1062 195
1062 196
1062 197
1062 198
1062 199
1062 200
1062 201
1062 202
1062 203
1062 204
1062 205
1062 206
1062 207
1062 208
1062 209
1062 210
1062 211
1062 212
1062 213
1062 214
1062 215
1062 216
1063 183
1063 184
1063 185
1063 186
1063 187
1063 188
1063 189
1063 190
1063 191
1063 192
1063 193
1063 194
1063 195
1063 196
1063 197
1063 198
1063 199
1063 200
1063 201
1063 202
1063 203
1063 204
1063 205
1063 206
1063 207
1063 208
1063 209
1064 176
1064 177
1064 178
1064 179
1064 180
1064 181
1064 182
1064 183
1064 184
1064 185
1064 186
1064 187
1064 188
1064 189
1064 190
1064 191
1064 192
1064 193
1064 194
1064 195
1064 196
1064 197
1064 198
1064 199
1064 200
1064 201
1064 202
1065 169
1065 170
1065 171
1065 172
1065 173
1065 174
1065 175
1065 176
1065 177
1065 178
1065 179
1065 180
1065 181
1065 182
1065 183
1065 184
1065 185
1065 186
1065 187
1065 188
1065 189
1065 190
1065 191
1065 192
1065 193
1065 194
1066 162
1066 163
1066 164
1066 165
1066 166
1066 167
1066 168
1066 169
1066 170
1066 171
1066 172
1066 173
1066 174
1066 175
1066 176
1066 177
1066 178
1066 179
1066 180
1066 181
1066 182
1066 183
1066 184
1066 185
1066 186
1067 155
1067 156
1067 157
1067 158
1067 159
1067 160
1067 161
1067 162
1067 163
1067 164
1067 165
1067 166
1067 167
1067 168
1067 169
1067 170
1067 171
1067 172
1067 173
1067 174
1067 175
1067 176
1067 177
1067 178
1068 149
1068 150
1068 151
1068 152
1068 153
1068 154
1068 155
1068 156
1068 157
1068 158
1068 159
1068 160
1068 161
1068 162
1068 163
1068 164
1068 165
1068 166
1068 167
1068 168
1068 169
1068 170
1068 258
1068 259
1068 260
1068 261
1068 262
1068 263
1068 264
1068 265
1068 266
1068 267
1068 268
1068 269
1069 143
1069 144
1069 145
1069 146
1069 147
1069 148
1069 149
1069 150
1069 151
1069 152
1069 153
1069 154
1069 155
1069 156
1069 157
1069 158
1069 159
1069 160
1069 161
1069 249
1069 250
1069 251
1069 252
1069 253
1069 254
1069 255
1069 256
1069 257
1069 258
1069 259
1069 260
1069 261
1069 262
1069 263
1069 264
1069 265
1070 138
1070 139
1070 140
1070 141
1070 142
1070 143
1070 144
1070 145
1070 146
1070 147
1070 148
1070 149
1070 150
1070 151
1070 152
1070 241
1070 242
1070 243
1070 244
1070 245
1070 246
1070 247
1070 248
1070 249
1070 250
1070 251
1070 252
1070 253
1070 254
1070 255
1070 256
1070 257
1070 258
1070 259
1070 260
1071 135
1071 136
1071 137
1071 138
1071 139
1071 140
1071 141
1071 232
1071 233
1071 234
1071 235
1071 236
1071 237
1071 238
1071 239
1071 240
1071 241
1071 242
1071 243
1071 244
1071 245
1071 246
1071 247
1071 248
1071 249
1071 250
1071 251
1071 252
1071 253
1071 254
1072 224
1072 225
1072 226
1072 227
1072 228
1072 229
1072 230
1072 231
1072 232
1072 233
1072 234
1072 235
1072 236
1072 237
1072 238
1072 239
1072 240
1072 241
1072 242
1072 243
1072 244
1072 245
1072 246
1072 247
1072 248
1073 217
1073 218
1073 219
1073 220
1073 221
1073 222
1073 223
1073 224
1073 225
1073 226
1073 227
1073 228
1073 229
1073 230
1073 231
1073 232
1073 233
1073 234
1073 235
1073 236
1073 237
1073 238
1073 239
1073 240
1073 241
1073 242
1074 209
1074 210
1074 211
1074 212
1074 213
1074 214
1074 215
1074 216
1074 217
1074 218
1074 219
1074 220
1074 221
1074 222
1074 223
1074 224
1074 225
1074 226
1074 227
1074 228
1074 229
1074 230
1074 231
1074 232
1074 233
1074 234
1074 235
1075 202
1075 203
1075 204
1075 205
1075 206
1075 207
1075 208
1075 209
1075 210
1075 211
1075 212
1075 213
1075 214
1075 215
1075 216
1075 217
1075 218
1075 219
1075 220
1075 221
1075 222
1075 223
1075 224
1075 225
1075 226
1075 227
1075 228
1076 194
1076 195
1076 196
1076 197
1076 198
1076 199
1076 200
1076 201
1076 202
1076 203
1076 204
1076 205
1076 206
1076 207
1076 208
1076 209
1076 210
1076 211
1076 212
1076 213
1076 214
1076 215
1076 216
1076 217
1076 218
1076 219
1076 220
1076 221
1077 187
1077 188
1077 189
1077 190
1077 191
1077 192
1077 193
1077 194
1077 195
1077 196
1077 197
1077 198
1077 199
1077 200
1077 201
1077 202
1077 203
1077 204
1077 205
1077 206
1077 207
1077 208
1077 209
1077 210
1077 211
1077 212
1077 213
1077 214
1078 180
1078 181
1078 182
1078 183
1078 184
1078 185
1078 186
1078 187
1078 188
1078 189
1078 190
1078 191
1078 192
1078 193
1078 194
1078 195
1078 196
1078 197
1078 198
1078 199
1078 200
1078 201
1078 202
1078 203
1078 204
1078 205
1078 206
1079 173
1079 174
1079 175
1079 176
1079 177
1079 178
1079 179
1079 180
1079 181
1079 182
1079 183
1079 184
1079 185
1079 186
1079 187
1079 188
1079 189
1079 190
1079 191
1079 192
1079 193
1079 194
1079 195
1079 196
1079 197
1079 198
1079 199
1080 166
1080 167
1080 168
1080 169
1080 170
1080 171
1080 172
1080 173
1080 174
1080 175
1080 176
1080 177
1080 178
1080 179
1080 180
1080 181
1080 182
1080 183
1080 184
1080 185
1080 186
1080 187
1080 188
1080 189
1080 190
1080 191
1081 159
1081 160
1081 161
1081 162
1081 163
1081 164
1081 165
1081 166
1081 167
1081 168
1081 169
1081 170
1081 171
1081 172
1081 173
1081 174
1081 175
1081 176
1081 177
1081 178
1081 179
1081 180
1081 181
1081 182
1081 183
1082 153
1082 154
1082 155
1082 156
1082 157
1082 158
1082 159
1082 160
1082 161
1082 162
1082 163
1082 164
1082 165
1082 166
1082 167
1082 168
1082 169
1082 170
1082 171
1082 172
1082 173
1082 174
1082 175
1082 266
1082 267
1082 268
1082 269
1082 270
1083 147
1083 148
1083 149
1083 150
1083 151
1083 152
1083 153
1083 154
1083 155
1083 156
1083 157
1083 158
1083 159
1083 160
1083 161
1083 162
1083 163
1083 164
1083 165
1083 166
1083 167
1083 255
1083 256
1083 257
1083 258
1083 259
1083 260
1083 261
1083 262
1083 263
1083 264
1083 265
1083 266
1083 267
1083 268
1084 141
1084 142
1084 143
1084 144
1084 145
1084 146
1084 147
1084 148
1084 149
1084 150
1084 151
1084 152
1084 153
1084 154
1084 155
1084 156
1084 157
1084 158
1084 246
1084 247
1084 248
1084 249
1084 250
1084 251
1084 252
1084 253
1084 254
1084 255
1084 256
1084 257
1084 258
1084 259
1084 260
1084 261
1084 262
1084 263
1085 137
1085 138
1085 139
1085 140
1085 141
1085 142
1085 143
1085 144
1085 145
1085 146
1085 147
1085 148
1085 238
1085 239
1085 240
1085 241
1085 242
1085 243
1085 244
1085 245
1085 246
1085 247
1085 248
1085 249
1085 250
1085 251
1085 252
1085 253
1085 254
1085 255
1085 256
1085 257
1085 258
1086 229
1086 230
1086 231
1086 232
1086 233
1086 234
1086 235
1086 236
1086 237
1086 238
1086 239
1086 240
1086 241
1086 242
1086 243
1086 244
1086 245
1086 246
1086 247
1086 248
1086 249
1086 250
1086 251
1086 252
1087 221
1087 222
1087 223
1087 224
1087 225
1087 226
1087 227
1087 228
1087 229
1087 230
1087 231
1087 232
1087 233
1087 234
1087 235
1087 236
1087 237
1087 238
1087 239
1087 240
1087 241
1087 242
1087 243
1087 244
1087 245
1087 246
1088 214
1088 215
1088 216
1088 217
1088 218
1088 219
1088 220
1088 221
1088 222
1088 223
1088 224
1088 225
1088 226
1088 227
1088 228
1088 229
1088 230
1088 231
1088 232
1088 233
1088 234
1088 235
1088 236
1088 237
1088 238
1088 239
1089 206
1089 207
1089 208
1089 209
1089 210
1089 211
1089 212
1089 213
1089 214
1089 215
1089 216
1089 217
1089 218
1089 219
1089 220
1089 221
1089 222
1089 223
1089 224
1089 225
1089 226
1089 227
1089 228
1089 229
1089 230
1089 231
1089 232
1090 199
1090 200
1090 201
1090 202
1090 203
1090 204
1090 205
1090 206
1090 207
1090 208
1090 209
1090 210
1090 211
1090 212
1090 213
1090 214
1090 215
1090 216
1090 217
1090 218
1090 219
1090 220
1090 221
1090 222
1090 223
1090 224
1090 225
1091 191
1091 192
1091 193
1091 194
1091 195
1091 196
1091 197
1091 198
1091 199
1091 200
1091 201
1091 202
1091 203
1091 204
1091 205
1091 206
1091 207
1091 208
1091 209
1091 210
1091 211
1091 212
1091 213
1091 214
1091 215
1091 216
1091 217
1091 218
1092 184
1092 185
1092 186
1092 187
1092 188
1092 189
1092 190
1092 191
1092 192
1092 193
1092 194
1092 195
1092 196
1092 197
1092 198
1092 199
1092 200
1092 201
1092 202
1092 203
1092 204
1092 205
1092 206
1092 207
1092 208
1092 209
1092 210
1092 211
1093 177
1093 178
1093 179
1093 180
1093 181
1093 182
1093 183
1093 184
1093 185
1093 186
1093 187
1093 188
1093 189
1093 190
1093 191
1093 192
1093 193
1093 194
1093 195
1093 196
1093 197
1093 198
1093 199
1093 200
1093 201
1093 202
1093 203
1093 204
1094 170
1094 171
1094 172
1094 173
1094 174
1094 175
1094 176
1094 177
1094 178
1094 179
1094 180
1094 181
1094 182
1094 183
1094 184
1094 185
1094 186
1094 187
1094 188
1094 189
1094 190
1094 191
1094 192
1094 193
1094 194
1094 195
1094 196
1095 163
1095 164
1095 165
1095 166
1095 167
1095 168
1095 169
1095 170
1095 171
1095 172
1095 173
1095 174
1095 175
1095 176
1095 177
1095 178
1095 179
1095 180
1095 181
1095 182
1095 183
1095 184
1095 185
1095 186
1095 187
1095 188
1096 157
1096 158
1096 159
1096 160
1096 161
1096 162
1096 163
1096 164
1096 165
1096 166
1096 167
1096 168
1096 169
1096 170
1096 171
1096 172
1096 173
1096 174
1096 175
1096 176
1096 177
1096 178
1096 179
1096 180
1097 150
1097 151
1097 152
1097 153
1097 154
1097 155
1097 156
1097 157
1097 158
1097 159
1097 160
1097 161
1097 162
1097 163
1097 164
1097 165
1097 166
1097 167
1097 168
1097 169
1097 170
1097 171
1097 172
1097 262
1097 263
1097 264
1097 265
1097 266
1097 267
1097 268
1097 269
1098 145
1098 146
1098 147
1098 148
1098 149
1098 150
1098 151
1098 152
1098 153
1098 154
1098 155
1098 156
1098 157
1098 158
1098 159
1098 160
1098 161
1098 162
1098 163
1098 252
1098 253
1098 254
1098 255
1098 256
1098 257
1098 258
1098 259
1098 260
1098 261
1098 262
1098 263
1098 264
1098 265
1098 266
1099 139
1099 140
1099 141
1099 142
1099 143
1099 144
1099 145
1099 146
1099 147
1099 148
1099 149
1099 150
1099 151
1099 152
1099 153
1099 154
1099 243
1099 244
1099 245
1099 246
1099 247
1099 248
1099 249
1099 250
1099 251
1099 252
1099 253
1099 254
1099 255
1099 256
1099 257
1099 258
1099 259
1099 260
1099 261
1100 136
1100 137
1100 138
1100 139
1100 140
1100 141
1100 142
1100 143
1100 235
1100 236
1100 237
1100 238
1100 239
1100 240
1100 241
1100 242
1100 243
1100 244
1100 245
1100 246
1100 247
1100 248
1100 249
1100 250
1100 251
1100 252
1100 253
1100 254
1100 255
1100 256
1101 226
1101 227
1101 228
1101 229
1101 230
1101 231
1101 232
1101 233
1101 234
1101 235
1101 236
1101 237
1101 238
1101 239
1101 240
1101 241
1101 242
1101 243
1101 244
1101 245
1101 246
1101 247
1101 248
1101 249
1101 250
1102 219
1102 220
1102 221
1102 222
1102 223
1102 224
1102 225
1102 226
1102 227
1102 228
1102 229
1102 230
1102 231
1102 232
1102 233
1102 234
1102 235
1102 236
1102 237
1102 238
1102 239
1102 240
1102 241
1102 242
1102 243
1103 211
1103 212
1103 213
1103 214
1103 215
1103 216
1103 217
1103 218
1103 219
1103 220
1103 221
1103 222
1103 223
1103 224
1103 225
1103 226
1103 227
1103 228
1103 229
1103 230
1103 231
1103 232
1103 233
1103 234
1103 235
1103 236
1103 237
1104 203
1104 204
1104 205
1104 206
1104 207
1104 208
1104 209
1104 210
1104 211
1104 212
1104 213
1104 214
1104 215
1104 216
1104 217
1104 218
1104 219
1104 220
1104 221
1104 222
1104 223
1104 224
1104 225
1104 226
1104 227
1104 228
1104 229
1104 230
1105 196
1105 197
1105 198
1105 199
1105 200
1105 201
1105 202
1105 203
1105 204
1105 205
1105 206
1105 207
1105 208
1105 209
1105 210
1105 211
1105 212
1105 213
1105 214
1105 215
1105 216
1105 217
1105 218
1105 219
1105 220
1105 221
1105 222
1105 223
1106 188
1106 189
1106 190
1106 191
1106 192
1106 193
1106 194
1106 195
1106 196
1106 197
1106 198
1106 199
1106 200
1106 201
1106 202
1106 203
1106 204
1106 205
1106 206
1106 207
1106 208
1106 209
1106 210
1106 211
1106 212
1106 213
1106 214
1106 215
1106 216
1107 181
1107 182
1107 183
1107 184
1107 185
1107 186
1107 187
1107 188
1107 189
1107 190
1107 191
1107 192
1107 193
1107 194
1107 195
1107 196
1107 197
1107 198
1107 199
1107 200
1107 201
1107 202
1107 203
1107 204
1107 205
1107 206
1107 207
1107 208
1108 174
1108 175
1108 176
1108 177
1108 178
1108 179
1108 180
1108 181
1108 182
1108 183
1108 184
1108 185
1108 186
1108 187
1108 188
1108 189
1108 190
1108 191
1108 192
1108 193
1108 194
1108 195
1108 196
1108 197
1108 198
1108 199
1108 200
1108 201
1109 167
1109 168
1109 169
1109 170
1109 171
1109 172
1109 173
1109 174
1109 175
1109 176
1109 177
1109 178
1109 179
1109 180
1109 181
1109 182
1109 183
1109 184
1109 185
1109 186
1109 187
1109 188
1109 189
1109 190
1109 191
1109 192
1109 193
1110 161
1110 162
1110 163
1110 164
1110 165
1110 166
1110 167
1110 168
1110 169
1110 170
1110 171
1110 172
1110 173
1110 174
1110 175
1110 176
1110 177
1110 178
1110 179
1110 180
1110 181
1110 182
1110 183
1110 184
1110 185
1111 154
1111 155
1111 156
1111 157
1111 158
1111 159
1111 160
1111 161
1111 162
1111 163
1111 164
1111 165
1111 166
1111 167
1111 168
1111 169
1111 170
1111 171
1111 172
1111 173
1111 174
1111 175
1111 176
1111 177
1112 148
1112 149
1112 150
1112 151
1112 152
1112 153
1112 154
1112 155
1112 156
1112 157
1112 158
1112 159
1112 160
1112 161
1112 162
1112 163
1112 164
1112 165
1112 166
1112 167
1112 168
1112 169
1112 259
1112 260
1112 261
1112 262
1112 263
1112 264
1112 265
1112 266
1112 267
1112 268
1113 143
1113 144
1113 145
1113 146
1113 147
1113 148
1113 149
1113 150
1113 151
1113 152
1113 153
1113 154
1113 155
1113 156
1113 157
1113 158
1113 159
1113 160
1113 249
1113 250
1113 251
1113 252
1113 253
1113 254
1113 255
1113 256
1113 257
1113 258
1113 259
1113 260
1113 261
1113 262
1113 263
1113 264
1114 138
1114 139
1114 140
1114 141
1114 142
1114 143
1114 144
1114 145
1114 146
1114 147
1114 148
1114 149
1114 150
1114 240
1114 241
1114 242
1114 243
1114 244
1114 245
1114 246
1114 247
1114 248
1114 249
1114 250
1114 251
1114 252
1114 253
1114 254
1114 255
1114 256
1114 257
1114 258
1114 259
1115 232
1115 233
1115 234
1115 235
1115 236
1115 237
1115 238
1115 239
1115 240
1115 241
1115 242
1115 243
1115 244
1115 245
1115 246
1115 247
1115 248
1115 249
1115 250
1115 251
1115 252
1115 253
1116 223
1116 224
1116 225
1116 226
1116 227
1116 228
1116 229
1116 230
1116 231
1116 232
1116 233
1116 234
1116 235
1116 236
1116 237
1116 238
1116 239
1116 240
1116 241
1116 242
1116 243
1116 244
1116 245
1116 246
1116 247
1117 216
1117 217
1117 218
1117 219
1117 220
1117 221
1117 222
1117 223
1117 224
1117 225
1117 226
1117 227
1117 228
1117 229
1117 230
1117 231
1117 232
1117 233
1117 234
1117 235
1117 236
1117 237
1117 238
1117 239
1117 240
1117 241
1118 208
1118 209
1118 210
1118 211
1118 212
1118 213
1118 214
1118 215
1118 216
1118 217
1118 218
1118 219
1118 220
1118 221
1118 222
1118 223
1118 224
1118 225
1118 226
1118 227
1118 228
1118 229
1118 230
1118 231
1118 232
1118 233
1118 234
1119 200
1119 201
1119 202
1119 203
1119 204
1119 205
1119 206
1119 207
1119 208
1119 209
1119 210
1119 211
1119 212
1119 213
1119 214
1119 215
1119 216
1119 217
1119 218
1119 219
1119 220
1119 221
1119 222
1119 223
1119 224
1119 225
1119 226
1119 227
1120 193
1120 194
1120 195
1120 196
1120 197
1120 198
1120 199
1120 200
1120 201
1120 202
1120 203
1120 204
1120 205
1120 206
1120 207
1120 208
1120 209
1120 210
1120 211
1120 212
1120 213
1120 214
1120 215
1120 216
1120 217
1120 218
1120 219
1120 220
1121 186
1121 187
1121 188
1121 189
1121 190
1121 191
1121 192
1121 193
1121 194
1121 195
1121 196
1121 197
1121 198
1121 199
1121 200
1121 201
1121 202
1121 203
1121 204
1121 205
1121 206
1121 207
1121 208
1121 209
1121 210
1121 211
1121 212
1121 213
1122 178
1122 179
1122 180
1122 181
1122 182
1122 183
1122 184
1122 185
1122 186
1122 187
1122 188
1122 189
1122 190
1122 191
1122 192
1122 193
1122 194
1122 195
1122 196
1122 197
1122 198
1122 199
1122 200
1122 201
1122 202
1122 203
1122 204
1122 205
1123 171
1123 172
1123 173
1123 174
1123 175
1123 176
1123 177
1123 178
1123 179
1123 180
1123 181
1123 182
1123 183
1123 184
1123 185
1123 186
1123 187
1123 188
1123 189
1123 190
1123 191
1123 192
1123 193
1123 194
1123 195
1123 196
1123 197
1123 198
1124 165
1124 166
1124 167
1124 168
1124 169
1124 170
1124 171
1124 172
1124 173
1124 174
1124 175
1124 176
1124 177
1124 178
1124 179
1124 180
1124 181
1124 182
1124 183
1124 184
1124 185
1124 186
1124 187
1124 188
1124 189
1124 190
1125 158
1125 159
1125 160
1125 161
1125 162
1125 163
1125 164
1125 165
1125 166
1125 167
1125 168
1125 169
1125 170
1125 171
1125 172
1125 173
1125 174
1125 175
1125 176
1125 177
1125 178
1125 179
1125 180
1125 181
1125 182
1126 152
1126 153
1126 154
1126 155
1126 156
1126 157
1126 158
1126 159
1126 160
1126 161
1126 162
1126 163
1126 164
1126 165
1126 166
1126 167
1126 168
1126 169
1126 170
1126 171
1126 172
1126 173
1126 174
1127 146
1127 147
1127 148
1127 149
1127 150
1127 151
1127 152
1127 153
1127 154
1127 155
1127 156
1127 157
1127 158
1127 159
1127 160
1127 161
1127 162
1127 163
1127 164
1127 165
1127 255
1127 256
1127 257
1127 258
1127 259
1127 260
1127 261
1127 262
1127 263
1127 264
1127 265
1127 266
1128 141
1128 142
1128 143
1128 144
1128 145
1128 146
1128 147
1128 148
1128 149
1128 150
1128 151
1128 152
1128 153
1128 154
1128 155
1128 156
1128 246
1128 247
1128 248
1128 249
1128 250
1128 251
1128 252
1128 253
1128 254
1128 255
1128 256
1128 257
1128 258
1128 259
1128 260
1128 261
1128 262
1129 137
1129 138
1129 139
1129 140
1129 141
1129 142
1129 143
1129 144
1129 145
1129 237
1129 238
1129 239
1129 240
1129 241
1129 242
1129 243
1129 244
1129 245
1129 246
1129 247
1129 248
1129 249
1129 250
1129 251
1129 252
1129 253
1129 254
1129 255
1129 256
1129 257
1130 229
1130 230
1130 231
1130 232
1130 233
1130 234
1130 235
1130 236
1130 237
1130 238
1130 239
1130 240
1130 241
1130 242
1130 243
1130 244
1130 245
1130 246
1130 247
1130 248
1130 249
1130 250
1130 251
1131 220
1131 221
1131 222
1131 223
1131 224
1131 225
1131 226
1131 227
1131 228
1131 229
1131 230
1131 231
1131 232
1131 233
1131 234
1131 235
1131 236
1131 237
1131 238
1131 239
1131 240
1131 241
1131 242
1131 243
1131 244
1131 245
1132 213
1132 214
1132 215
1132 216
1132 217
1132 218
1132 219
1132 220
1132 221
1132 222
1132 223
1132 224
1132 225
1132 226
1132 227
1132 228
1132 229
1132 230
1132 231
1132 232
1132 233
1132 234
1132 235
1132 236
1132 237
1132 238
1133 205
1133 206
1133 207
1133 208
1133 209
1133 210
1133 211
1133 212
1133 213
1133 214
1133 215
1133 216
1133 217
1133 218
1133 219
1133 220
1133 221
1133 222
1133 223
1133 224
1133 225
1133 226
1133 227
1133 228
1133 229
1133 230
1133 231
1133 232
1134 197
1134 198
1134 199
1134 200
1134 201
1134 202
1134 203
1134 204
1134 205
1134 206
1134 207
1134 208
1134 209
1134 210
1134 211
1134 212
1134 213
1134 214
1134 215
1134 216
1134 217
1134 218
1134 219
1134 220
1134 221
1134 222
1134 223
1134 224
1134 225
1135 190
1135 191
1135 192
1135 193
1135 194
1135 195
1135 196
1135 197
1135 198
1135 199
1135 200
1135 201
1135 202
1135 203
1135 204
1135 205
1135 206
1135 207
1135 208
1135 209
1135 210
1135 211
1135 212
1135 213
1135 214
1135 215
1135 216
1135 217
1136 183
1136 184
1136 185
1136 186
1136 187
1136 188
1136 189
1136 190
1136 191
1136 192
1136 193
1136 194
1136 195
1136 196
1136 197
1136 198
1136 199
1136 200
1136 201
1136 202
1136 203
1136 204
1136 205
1136 206
1136 207
1136 208
1136 209
1136 210
1137 176
1137 177
1137 178
1137 179
1137 180
1137 181
1137 182
1137 183
1137 184
1137 185
1137 186
1137 187
1137 188
1137 189
1137 190
1137 191
1137 192
1137 193
1137 194
1137 195
1137 196
1137 197
1137 198
1137 199
1137 200
1137 201
1137 202
1137 203
1138 169
1138 170
1138 171
1138 172
1138 173
1138 174
1138 175
1138 176
1138 177
1138 178
1138 179
1138 180
1138 181
1138 182
1138 183
1138 184
1138 185
1138 186
1138 187
1138 188
1138 189
1138 190
1138 191
1138 192
1138 193
1138 194
1138 195
1139 162
1139 163
1139 164
1139 165
1139 166
1139 167
1139 168
1139 169
1139 170
1139 171
1139 172
1139 173
1139 174
1139 175
1139 176
1139 177
1139 178
1139 179
1139 180
1139 181
1139 182
1139 183
1139 184
1139 185
1139 186
1139 187
1140 156
1140 157
1140 158
1140 159
1140 160
1140 161
1140 162
1140 163
1140 164
1140 165
1140 166
1140 167
1140 168
1140 169
1140 170
1140 171
1140 172
1140 173
1140 174
1140 175
1140 176
1140 177
1140 178
1140 179
1141 150
1141 151
1141 152
1141 153
1141 154
1141 155
1141 156
1141 157
1141 158
1141 159
1141 160
1141 161
1141 162
1141 163
1141 164
1141 165
1141 166
1141 167
1141 168
1141 169
1141 170
1141 264
1141 265
1142 144
1142 145
1142 146
1142 147
1142 148
1142 149
1142 150
1142 151
1142 152
1142 153
1142 154
1142 155
1142 156
1142 157
1142 158
1142 159
1142 160
1142 161
1142 162
1142 252
1142 253
1142 254
1142 255
1142 256
1142 257
1142 258
1142 259
1142 260
1142 261
1142 262
1142 263
1142 264
1143 139
1143 140
1143 141
1143 142
1143 143
1143 144
1143 145
1143 146
1143 147
1143 148
1143 149
1143 150
1143 151
1143 152
1143 242
1143 243
1143 244
1143 245
1143 246
1143 247
1143 248
1143 249
1143 250
1143 251
1143 252
1143 253
1143 254
1143 255
1143 256
1143 257
1143 258
1143 259
1143 260
1144 234
1144 235
1144 236
1144 237
1144 238
1144 239
1144 240
1144 241
1144 242
1144 243
1144 244
1144 245
1144 246
1144 247
1144 248
1144 249
1144 250
1144 251
1144 252
1144 253
1144 254
1144 255
1145 226
1145 227
1145 228
1145 229
1145 230
1145 231
1145 232
1145 233
1145 234
1145 235
1145 236
1145 237
1145 238
1145 239
1145 240
1145 241
1145 242
1145 243
1145 244
1145 245
1145 246
1145 247
1145 248
1145 249
1146 218
1146 219
1146 220
1146 221
1146 222
1146 223
1146 224
1146 225
1146 226
1146 227
1146 228
1146 229
1146 230
1146 231
1146 232
1146 233
1146 234
1146 235
1146 236
1146 237
1146 238
1146 239
1146 240
1146 241
1146 242
1146 243
1147 210
1147 211
1147 212
1147 213
1147 214
1147 215
1147 216
1147 217
1147 218
1147 219
1147 220
1147 221
1147 222
1147 223
1147 224
1147 225
1147 226
1147 227
1147 228
1147 229
1147 230
1147 231
1147 232
1147 233
1147 234
1147 235
1147 236
1148 202
1148 203
1148 204
1148 205
1148 206
1148 207
1148 208
1148 209
1148 210
1148 211
1148 212
1148 213
1148 214
1148 215
1148 216
1148 217
1148 218
1148 219
1148 220
1148 221
1148 222
1148 223
1148 224
1148 225
1148 226
1148 227
1148 228
1148 229
1149 195
1149 196
1149 197
1149 198
1149 199
1149 200
1149 201
1149 202
1149 203
1149 204
1149 205
1149 206
1149 207
1149 208
1149 209
1149 210
1149 211
1149 212
1149 213
1149 214
1149 215
1149 216
1149 217
1149 218
1149 219
1149 220
1149 221
1149 222
1150 187
1150 188
1150 189
1150 190
1150 191
1150 192
1150 193
1150 194
1150 195
1150 196
1150 197
1150 198
1150 199
1150 200
1150 201
1150 202
1150 203
1150 204
1150 205
1150 206
1150 207
1150 208
1150 209
1150 210
1150 211
1150 212
1150 213
1150 214
1150 215
1151 180
1151 181
1151 182
1151 183
1151 184
1151 185
1151 186
1151 187
1151 188
1151 189
1151 190
1151 191
1151 192
1151 193
1151 194
1151 195
1151 196
1151 197
1151 198
1151 199
1151 200
1151 201
1151 202
1151 203
1151 204
1151 205
1151 206
1151 207
1152 173
1152 174
1152 175
1152 176
1152 177
1152 178
1152 179
1152 180
1152 181
1152 182
1152 183
1152 184
1152 185
1152 186
1152 187
1152 188
1152 189
1152 190
1152 191
1152 192
1152 193
1152 194
1152 195
1152 196
1152 197
1152 198
1152 199
1152 200
1153 166
1153 167
1153 168
1153 169
1153 170
1153 171
1153 172
1153 173
1153 174
1153 175
1153 176
1153 177
1153 178
1153 179
1153 180
1153 181
1153 182
1153 183
1153 184
1153 185
1153 186
1153 187
1153 188
1153 189
1153 190
1153 191
1153 192
1154 160
1154 161
1154 162
1154 163
1154 164
1154 165
1154 166
1154 167
1154 168
1154 169
1154 170
1154 171
1154 172
1154 173
1154 174
1154 175
1154 176
1154 177
1154 178
1154 179
1154 180
1154 181
1154 182
1154 183
1154 184
1155 153
1155 154
1155 155
1155 156
1155 157
1155 158
1155 159
1155 160
1155 161
1155 162
1155 163
1155 164
1155 165
1155 166
1155 167
1155 168
1155 169
1155 170
1155 171
1155 172
1155 173
1155 174
1155 175
1155 176
1156 147
1156 148
1156 149
1156 150
1156 151
1156 152
1156 153
1156 154
1156 155
1156 156
1156 157
1156 158
1156 159
1156 160
1156 161
1156 162
1156 163
1156 164
1156 165
1156 166
1156 167
1156 260
1156 261
1156 262
1156 263
1156 264
1156 265
1157 142
1157 143
1157 144
1157 145
1157 146
1157 147
1157 148
1157 149
1157 150
1157 151
1157 152
1157 153
1157 154
1157 155
1157 156
1157 157
1157 158
1157 249
1157 250
1157 251
1157 252
1157 253
1157 254
1157 255
1157 256
1157 257
1157 258
1157 259
1157 260
1157 261
1157 262
1157 263
1158 139
1158 140
1158 141
1158 142
1158 143
1158 144
1158 145
1158 146
1158 147
1158 239
1158 240
1158 241
1158 242
1158 243
1158 244
1158 245
1158 246
1158 247
1158 248
1158 249
1158 250
1158 251
1158 252
1158 253
1158 254
1158 255
1158 256
1158 257
1158 258
1159 231
1159 232
1159 233
1159 234
1159 235
1159 236
1159 237
1159 238
1159 239
1159 240
1159 241
1159 242
1159 243
1159 244
1159 245
1159 246
1159 247
1159 248
1159 249
1159 250
1159 251
1159 252
1160 223
1160 224
1160 225
1160 226
1160 227
1160 228
1160 229
1160 230
1160 231
1160 232
1160 233
1160 234
1160 235
1160 236
1160 237
1160 238
1160 239
1160 240
1160 241
1160 242
1160 243
1160 244
1160 245
1160 246
1161 215
1161 216
1161 217
1161 218
1161 219
1161 220
1161 221
1161 222
1161 223
1161 224
1161 225
1161 226
1161 227
1161 228
1161 229
1161 230
1161 231
1161 232
1161 233
1161 234
1161 235
1161 236
1161 237
1161 238
1161 239
1161 240
1162 207
1162 208
1162 209
1162 210
1162 211
1162 212
1162 213
1162 214
1162 215
1162 216
1162 217
1162 218
1162 219
1162 220
1162 221
1162 222
1162 223
1162 224
1162 225
1162 226
1162 227
1162 228
1162 229
1162 230
1162 231
1162 232
1162 233
1163 199
1163 200
1163 201
1163 202
1163 203
1163 204
1163 205
1163 206
1163 207
1163 208
1163 209
1163 210
1163 211
1163 212
1163 213
1163 214
1163 215
1163 216
1163 217
1163 218
1163 219
1163 220
1163 221
1163 222
1163 223
1163 224
1163 225
1163 226
1164 192
1164 193
1164 194
1164 195
1164 196
1164 197
1164 198
1164 199
1164 200
1164 201
1164 202
1164 203
1164 204
1164 205
1164 206
1164 207
1164 208
1164 209
1164 210
1164 211
1164 212
1164 213
1164 214
1164 215
1164 216
1164 217
1164 218
1164 219
1165 184
1165 185
1165 186
1165 187
1165 188
1165 189
1165 190
1165 191
1165 192
1165 193
1165 194
1165 195
1165 196
1165 197
1165 198
1165 199
1165 200
1165 201
1165 202
1165 203
1165 204
1165 205
1165 206
1165 207
1165 208
1165 209
1165 210
1165 211
1165 212
1166 177
1166 178
1166 179
1166 180
1166 181
1166 182
1166 183
1166 184
1166 185
1166 186
1166 187
1166 188
1166 189
1166 190
1166 191
1166 192
1166 193
1166 194
1166 195
1166 196
1166 197
1166 198
1166 199
1166 200
1166 201
1166 202
1166 203
1166 204
1167 170
1167 171
1167 172
1167 173
1167 174
1167 175
1167 176
1167 177
1167 178
1167 179
1167 180
1167 181
1167 182
1167 183
1167 184
1167 185
1167 186
1167 187
1167 188
1167 189
1167 190
1167 191
1167 192
1167 193
1167 194
1167 195
1167 196
1167 197
1168 164
1168 165
1168 166
1168 167
1168 168
1168 169
1168 170
1168 171
1168 172
1168 173
1168 174
1168 175
1168 176
1168 177
1168 178
1168 179
1168 180
1168 181
1168 182
1168 183
1168 184
1168 185
1168 186
1168 187
1168 188
1168 189
1169 157
1169 158
1169 159
1169 160
1169 161
1169 162
1169 163
1169 164
1169 165
1169 166
1169 167
1169 168
1169 169
1169 170
1169 171
1169 172
1169 173
1169 174
1169 175
1169 176
1169 177
1169 178
1169 179
1169 180
1169 181
1170 151
1170 152
1170 153
1170 154
1170 155
1170 156
1170 157
1170 158
1170 159
1170 160
1170 161
1170 162
1170 163
1170 164
1170 165
1170 166
1170 167
1170 168
1170 169
1170 170
1170 171
1170 172
1171 146
1171 147
1171 148
1171 149
1171 150
1171 151
1171 152
1171 153
1171 154
1171 155
1171 156
1171 157
1171 158
1171 159
1171 160
1171 161
1171 162
1171 163
1171 256
1171 257
1171 258
1171 259
1171 260
1171 261
1171 262
1171 263
1171 264
1172 141
1172 142
1172 143
1172 144
1172 145
1172 146
1172 147
1172 148
1172 149
1172 150
1172 151
1172 152
1172 153
1172 154
1172 245
1172 246
1172 247
1172 248
1172 249
1172 250
1172 251
1172 252
1172 253
1172 254
1172 255
1172 256
1172 257
1172 258
1172 259
1172 260
1172 261
1173 236
1173 237
1173 238
1173 239
1173 240
1173 241
1173 242
1173 243
1173 244
1173 245
1173 246
1173 247
1173 248
1173 249
1173 250
1173 251
1173 252
1173 253
1173 254
1173 255
1173 256
1174 228
1174 229
1174 230
1174 231
1174 232
1174 233
1174 234
1174 235
1174 236
1174 237
1174 238
1174 239
1174 240
1174 241
1174 242
1174 243
1174 244
1174 245
1174 246
1174 247
1174 248
1174 249
1174 250
1175 220
1175 221
1175 222
1175 223
1175 224
1175 225
1175 226
1175 227
1175 228
1175 229
1175 230
1175 231
1175 232
1175 233
1175 234
1175 235
1175 236
1175 237
1175 238
1175 239
1175 240
1175 241
1175 242
1175 243
1175 244
1176 212
1176 213
1176 214
1176 215
1176 216
1176 217
1176 218
1176 219
1176 220
1176 221
1176 222
1176 223
1176 224
1176 225
1176 226
1176 227
1176 228
1176 229
1176 230
1176 231
1176 232
1176 233
1176 234
1176 235
1176 236
1176 237
1177 204
1177 205
1177 206
1177 207
1177 208
1177 209
1177 210
1177 211
1177 212
1177 213
1177 214
1177 215
1177 216
1177 217
1177 218
1177 219
1177 220
1177 221
1177 222
1177 223
1177 224
1177 225
1177 226
1177 227
1177 228
1177 229
1177 230
1177 231
1178 196
1178 197
1178 198
1178 199
1178 200
1178 201
1178 202
1178 203
1178 204
1178 205
1178 206
1178 207
1178 208
1178 209
1178 210
1178 211
1178 212
1178 213
1178 214
1178 215
1178 216
1178 217
1178 218
1178 219
1178 220
1178 221
1178 222
1178 223
1178 224
1179 189
1179 190
1179 191
1179 192
1179 193
1179 194
1179 195
1179 196
1179 197
1179 198
1179 199
1179 200
1179 201
1179 202
1179 203
1179 204
1179 205
1179 206
1179 207
1179 208
1179 209
1179 210
1179 211
1179 212
1179 213
1179 214
1179 215
1179 216
1180 182
1180 183
1180 184
1180 185
1180 186
1180 187
1180 188
1180 189
1180 190
1180 191
1180 192
1180 193
1180 194
1180 195
1180 196
1180 197
1180 198
1180 199
1180 200
1180 201
1180 202
1180 203
1180 204
1180 205
1180 206
1180 207
1180 208
1180 209
1181 175
1181 176
1181 177
1181 178
1181 179
1181 180
1181 181
1181 182
1181 183
1181 184
1181 185
1181 186
1181 187
1181 188
1181 189
1181 190
1181 191
1181 192
1181 193
1181 194
1181 195
1181 196
1181 197
1181 198
1181 199
1181 200
1181 201
1182 168
1182 169
1182 170
1182 171
1182 172
1182 173
1182 174
1182 175
1182 176
1182 177
1182 178
1182 179
1182 180
1182 181
1182 182
1182 183
1182 184
1182 185
1182 186
1182 187
1182 188
1182 189
1182 190
1182 191
1182 192
1182 193
1182 194
1183 161
1183 162
1183 163
1183 164
1183 165
1183 166
1183 167
1183 168
1183 169
1183 170
1183 171
1183 172
1183 173
1183 174
1183 175
1183 176
1183 177
1183 178
1183 179
1183 180
1183 181
1183 182
1183 183
1183 184
1183 185
1183 186
1184 155
1184 156
1184 157
1184 158
1184 159
1184 160
1184 161
1184 162
1184 163
1184 164
1184 165
1184 166
1184 167
1184 168
1184 169
1184 170
1184 171
1184 172
1184 173
1184 174
1184 175
1184 176
1184 177
1185 149
1185 150
1185 151
1185 152
1185 153
1185 154
1185 155
1185 156
1185 157
1185 158
1185 159
1185 160
1185 161
1185 162
1185 163
1185 164
1185 165
1185 166
1185 167
1185 168
1185 169
1186 144
1186 145
1186 146
1186 147
1186 148
1186 149
1186 150
1186 151
1186 152
1186 153
1186 154
1186 155
1186 156
1186 157
1186 158
1186 159
1186 252
1186 253
1186 254
1186 255
1186 256
1186 257
1186 258
1186 259
1186 260
1186 261
1186 262
1186 263
1187 140
1187 141
1187 142
1187 143
1187 144
1187 145
1187 146
1187 147
1187 148
1187 149
1187 242
1187 243
1187 244
1187 245
1187 246
1187 247
1187 248
1187 249
1187 250
1187 251
1187 252
1187 253
1187 254
1187 255
1187 256
1187 257
1187 258
1187 259
1188 233
1188 234
1188 235
1188 236
1188 237
1188 238
1188 239
1188 240
1188 241
1188 242
1188 243
1188 244
1188 245
1188 246
1188 247
1188 248
1188 249
1188 250
1188 251
1188 252
1188 253
1188 254
1189 225
1189 226
1189 227
1189 228
1189 229
1189 230
1189 231
1189 232
1189 233
1189 234
1189 235
1189 236
1189 237
1189 238
1189 239
1189 240
1189 241
1189 242
1189 243
1189 244
1189 245
1189 246
1189 247
1189 248
1190 217
1190 218
1190 219
1190 220
1190 221
1190 222
1190 223
1190 224
1190 225
1190 226
1190 227
1190 228
1190 229
1190 230
1190 231
1190 232
1190 233
1190 234
1190 235
1190 236
1190 237
1190 238
1190 239
1190 240
1190 241
1190 242
1191 209
1191 210
1191 211
1191 212
1191 213
1191 214
1191 215
1191 216
1191 217
1191 218
1191 219
1191 220
1191 221
1191 222
1191 223
1191 224
1191 225
1191 226
1191 227
1191 228
1191 229
1191 230
1191 231
1191 232
1191 233
1191 234
1191 235
1192 201
1192 202
1192 203
1192 204
1192 205
1192 206
1192 207
1192 208
1192 209
1192 210
1192 211
1192 212
1192 213
1192 214
1192 215
1192 216
1192 217
1192 218
1192 219
1192 220
1192 221
1192 222
1192 223
1192 224
1192 225
1192 226
1192 227
1192 228
1193 194
1193 195
1193 196
1193 197
1193 198
1193 199
1193 200
1193 201
1193 202
1193 203
1193 204
1193 205
1193 206
1193 207
1193 208
1193 209
1193 210
1193 211
1193 212
1193 213
1193 214
1193 215
1193 216
1193 217
1193 218
1193 219
1193 220
1193 221
1194 186
1194 187
1194 188
1194 189
1194 190
1194 191
1194 192
1194 193
1194 194
1194 195
1194 196
1194 197
1194 198
1194 199
1194 200
1194 201
1194 202
1194 203
1194 204
1194 205
1194 206
1194 207
1194 208
1194 209
1194 210
1194 211
1194 212
1194 213
1194 214
1195 179
1195 180
1195 181
1195 182
1195 183
1195 184
1195 185
1195 186
1195 187
1195 188
1195 189
1195 190
1195 191
1195 192
1195 193
1195 194
1195 195
1195 196
1195 197
1195 198
1195 199
1195 200
1195 201
1195 202
1195 203
1195 204
1195 205
1195 206
1196 172
1196 173
1196 174
1196 175
1196 176
1196 177
1196 178
1196 179
1196 180
1196 181
1196 182
1196 183
1196 184
1196 185
1196 186
1196 187
1196 188
1196 189
1196 190
1196 191
1196 192
1196 193
1196 194
1196 195
1196 196
1196 197
1196 198
1197 165
1197 166
1197 167
1197 168
1197 169
1197 170
1197 171
1197 172
1197 173
1197 174
1197 175
1197 176
1197 177
1197 178
1197 179
1197 180
1197 181
1197 182
1197 183
1197 184
1197 185
1197 186
1197 187
1197 188
1197 189
1197 190
1198 159
1198 160
1198 161
1198 162
1198 163
1198 164
1198 165
1198 166
1198 167
1198 168
1198 169
1198 170
1198 171
1198 172
1198 173
1198 174
1198 175
1198 176
1198 177
1198 178
1198 179
1198 180
1198 181
1198 182
1199 153
1199 154
1199 155
1199 156
1199 157
1199 158
1199 159
1199 160
1199 161
1199 162
1199 163
1199 164
1199 165
1199 166
1199 167
1199 168
1199 169
1199 170
1199 171
1199 172
1199 173
1199 174
1200 147
1200 148
1200 149
1200 150
1200 151
1200 152
1200 153
1200 154
1200 155
1200 156
1200 157
1200 158
1200 159
1200 160
1200 161
1200 162
1200 163
1200 164
1200 165
1201 143
1201 144
1201 145
1201 146
1201 147
1201 148
1201 149
1201 150
1201 151
1201 152
1201 153
1201 154
1201 155
1201 249
1201 250
1201 251
1201 252
1201 253
1201 254
1201 255
1201 256
1201 257
1201 258
1201 259
1201 260
1201 261
1202 239
1202 240
1202 241
1202 242
1202 243
1202 244
1202 245
1202 246
1202 247
1202 248
1202 249
1202 250
1202 251
1202 252
1202 253
1202 254
1202 255
1202 256
1202 257
1203 230
1203 231
1203 232
1203 233
1203 234
1203 235
1203 236
1203 237
1203 238
1203 239
1203 240
1203 241
1203 242
1203 243
1203 244
1203 245
1203 246
1203 247
1203 248
1203 249
1203 250
1203 251
1204 222
1204 223
1204 224
1204 225
1204 226
1204 227
1204 228
1204 229
1204 230
1204 231
1204 232
1204 233
1204 234
1204 235
1204 236
1204 237
1204 238
1204 239
1204 240
1204 241
1204 242
1204 243
1204 244
1204 245
1205 214
1205 215
1205 216
1205 217
1205 218
1205 219
1205 220
1205 221
1205 222
1205 223
1205 224
1205 225
1205 226
1205 227
1205 228
1205 229
1205 230
1205 231
1205 232
1205 233
1205 234
1205 235
1205 236
1205 237
1205 238
1205 239
1206 206
1206 207
1206 208
1206 209
1206 210
1206 211
1206 212
1206 213
1206 214
1206 215
1206 216
1206 217
1206 218
1206 219
1206 220
1206 221
1206 222
1206 223
1206 224
1206 225
1206 226
1206 227
1206 228
1206 229
1206 230
1206 231
1206 232
1207 198
1207 199
1207 200
1207 201
1207 202
1207 203
1207 204
1207 205
1207 206
1207 207
1207 208
1207 209
1207 210
1207 211
1207 212
1207 213
1207 214
1207 215
1207 216
1207 217
1207 218
1207 219
1207 220
1207 221
1207 222
1207 223
1207 224
1207 225
1208 191
1208 192
1208 193
1208 194
1208 195
1208 196
1208 197
1208 198
1208 199
1208 200
1208 201
1208 202
1208 203
1208 204
1208 205
1208 206
1208 207
1208 208
1208 209
1208 210
1208 211
1208 212
1208 213
1208 214
1208 215
1208 216
1208 217
1208 218
1209 184
1209 185
1209 186
1209 187
1209 188
1209 189
1209 190
1209 191
1209 192
1209 193
1209 194
1209 195
1209 196
1209 197
1209 198
1209 199
1209 200
1209 201
1209 202
1209 203
1209 204
1209 205
1209 206
1209 207
1209 208
1209 209
1209 210
1209 211
1210 177
1210 178
1210 179
1210 180
1210 181
1210 182
1210 183
1210 184
1210 185
1210 186
1210 187
1210 188
1210 189
1210 190
1210 191
1210 192
1210 193
1210 194
1210 195
1210 196
1210 197
1210 198
1210 199
1210 200
1210 201
1210 202
1210 203
1211 170
1211 171
1211 172
1211 173
1211 174
1211 175
1211 176
1211 177
1211 178
1211 179
1211 180
1211 181
1211 182
1211 183
1211 184
1211 185
1211 186
1211 187
1211 188
1211 189
1211 190
1211 191
1211 192
1211 193
1211 194
1211 195
1212 163
1212 164
1212 165
1212 166
1212 167
1212 168
1212 169
1212 170
1212 171
1212 172
1212 173
1212 174
1212 175
1212 176
1212 177
1212 178
1212 179
1212 180
1212 181
1212 182
1212 183
1212 184
1212 185
1212 186
1212 187
1213 157
1213 158
1213 159
1213 160
1213 161
1213 162
1213 163
1213 164
1213 165
1213 166
1213 167
1213 168
1213 169
1213 170
1213 171
1213 172
1213 173
1213 174
1213 175
1213 176
1213 177
1213 178
1213 179
1214 151
1214 152
1214 153
1214 154
1214 155
1214 156
1214 157
1214 158
1214 159
1214 160
1214 161
1214 162
1214 163
1214 164
1214 165
1214 166
1214 167
1214 168
1214 169
1214 170
1215 146
1215 147
1215 148
1215 149
1215 150
1215 151
1215 152
1215 153
1215 154
1215 155
1215 156
1215 157
1215 158
1215 159
1215 160
1215 161
1215 258
1215 259
1215 260
1216 142
1216 143
1216 144
1216 145
1216 146
1216 147
1216 148
1216 149
1216 150
1216 246
1216 247
1216 248
1216 249
1216 250
1216 251
1216 252
1216 253
1216 254
1216 255
1216 256
1216 257
1216 258
1216 259
1217 236
1217 237
1217 238
1217 239
1217 240
1217 241
1217 242
1217 243
1217 244
1217 245
1217 246
1217 247
1217 248
1217 249
1217 250
1217 251
1217 252
1217 253
1217 254
1218 227
1218 228
1218 229
1218 230
1218 231
1218 232
1218 233
1218 234
1218 235
1218 236
1218 237
1218 238
1218 239
1218 240
1218 241
1218 242
1218 243
1218 244
1218 245
1218 246
1218 247
1218 248
1218 249
1219 219
1219 220
1219 221
1219 222
1219 223
1219 224
1219 225
1219 226
1219 227
1219 228
1219 229
1219 230
1219 231
1219 232
1219 233
1219 234
1219 235
1219 236
1219 237
1219 238
1219 239
1219 240
1219 241
1219 242
1219 243
1220 211
1220 212
1220 213
1220 214
1220 215
1220 216
1220 217
1220 218
1220 219
1220 220
1220 221
1220 222
1220 223
1220 224
1220 225
1220 226
1220 227
1220 228
1220 229
1220 230
1220 231
1220 232
1220 233
1220 234
1220 235
1220 236
1221 203
1221 204
1221 205
1221 206
1221 207
1221 208
1221 209
1221 210
1221 211
1221 212
1221 213
1221 214
1221 215
1221 216
1221 217
1221 218
1221 219
1221 220
1221 221
1221 222
1221 223
1221 224
1221 225
1221 226
1221 227
1221 228
1221 229
1221 230
1222 196
1222 197
1222 198
1222 199
1222 200
1222 201
1222 202
1222 203
1222 204
1222 205
1222 206
1222 207
1222 208
1222 209
1222 210
1222 211
1222 212
1222 213
1222 214
1222 215
1222 216
1222 217
1222 218
1222 219
1222 220
1222 221
1222 222
1223 188
1223 189
1223 190
1223 191
1223 192
1223 193
1223 194
1223 195
1223 196
1223 197
1223 198
1223 199
1223 200
1223 201
1223 202
1223 203
1223 204
1223 205
1223 206
1223 207
1223 208
1223 209
1223 210
1223 211
1223 212
1223 213
1223 214
1223 215
1224 181
1224 182
1224 183
1224 184
1224 185
1224 186
1224 187
1224 188
1224 189
1224 190
1224 191
1224 192
1224 193
1224 194
1224 195
1224 196
1224 197
1224 198
1224 199
1224 200
1224 201
1224 202
1224 203
1224 204
1224 205
1224 206
1224 207
1224 208
1225 174
1225 175
1225 176
1225 177
1225 178
1225 179
1225 180
1225 181
1225 182
1225 183
1225 184
1225 185
1225 186
1225 187
1225 188
1225 189
1225 190
1225 191
1225 192
1225 193
1225 194
1225 195
1225 196
1225 197
1225 198
1225 199
1225 200
1226 167
1226 168
1226 169
1226 170
1226 171
1226 172
1226 173
1226 174
1226 175
1226 176
1226 177
1226 178
1226 179
1226 180
1226 181
1226 182
1226 183
1226 184
1226 185
1226 186
1226 187
1226 188
1226 189
1226 190
1226 191
1226 192
1227 161
1227 162
1227 163
1227 164
1227 165
1227 166
1227 167
1227 168
1227 169
1227 170
1227 171
1227 172
1227 173
1227 174
1227 175
1227 176
1227 177
1227 178
1227 179
1227 180
1227 181
1227 182
1227 183
1227 184
1228 155
1228 156
1228 157
1228 158
1228 159
1228 160
1228 161
1228 162
1228 163
1228 164
1228 165
1228 166
1228 167
1228 168
1228 169
1228 170
1228 171
1228 172
1228 173
1228 174
1228 175
1229 149
1229 150
1229 151
1229 152
1229 153
1229 154
1229 155
1229 156
1229 157
1229 158
1229 159
1229 160
1229 161
1229 162
1229 163
1229 164
1229 165
1229 166
1229 167
1230 145
1230 146
1230 147
1230 148
1230 149
1230 150
1230 151
1230 152
1230 153
1230 154
1230 155
1230 156
1230 157
1230 254
1230 255
1230 256
1230 257
1230 258
1230 259
1231 242
1231 243
1231 244
1231 245
1231 246
1231 247
1231 248
1231 249
1231 250
1231 251
1231 252
1231 253
1231 254
1231 255
1231 256
1231 257
1232 233
1232 234
1232 235
1232 236
1232 237
1232 238
1232 239
1232 240
1232 241
1232 242
1232 243
1232 244
1232 245
1232 246
1232 247
1232 248
1232 249
1232 250
1232 251
1232 252
1233 224
1233 225
1233 226
1233 227
1233 228
1233 229
1233 230
1233 231
1233 232
1233 233
1233 234
1233 235
1233 236
1233 237
1233 238
1233 239
1233 240
1233 241
1233 242
1233 243
1233 244
1233 245
1233 246
1234 216
1234 217
1234 218
1234 219
1234 220
1234 221
1234 222
1234 223
1234 224
1234 225
1234 226
1234 227
1234 228
1234 229
1234 230
1234 231
1234 232
1234 233
1234 234
1234 235
1234 236
1234 237
1234 238
1234 239
1234 240
1235 208
1235 209
1235 210
1235 211
1235 212
1235 213
1235 214
1235 215
1235 216
1235 217
1235 218
1235 219
1235 220
1235 221
1235 222
1235 223
1235 224
1235 225
1235 226
1235 227
1235 228
1235 229
1235 230
1235 231
1235 232
1235 233
1235 234
1236 201
1236 202
1236 203
1236 204
1236 205
1236 206
1236 207
1236 208
1236 209
1236 210
1236 211
1236 212
1236 213
1236 214
1236 215
1236 216
1236 217
1236 218
1236 219
1236 220
1236 221
1236 222
1236 223
1236 224
1236 225
1236 226
1236 227
1237 193
1237 194
1237 195
1237 196
1237 197
1237 198
1237 199
1237 200
1237 201
1237 202
1237 203
1237 204
1237 205
1237 206
1237 207
1237 208
1237 209
1237 210
1237 211
1237 212
1237 213
1237 214
1237 215
1237 216
1237 217
1237 218
1237 219
1237 220
1238 186
1238 187
1238 188
1238 189
1238 190
1238 191
1238 192
1238 193
1238 194
1238 195
1238 196
1238 197
1238 198
1238 199
1238 200
1238 201
1238 202
1238 203
1238 204
1238 205
1238 206
1238 207
1238 208
1238 209
1238 210
1238 211
1238 212
1239 179
1239 180
1239 181
1239 182
1239 183
1239 184
1239 185
1239 186
1239 187
1239 188
1239 189
1239 190
1239 191
1239 192
1239 193
1239 194
1239 195
1239 196
1239 197
1239 198
1239 199
1239 200
1239 201
1239 202
1239 203
1239 204
1239 205
1240 172
1240 173
1240 174
1240 175
1240 176
1240 177
1240 178
1240 179
1240 180
1240 181
1240 182
1240 183
1240 184
1240 185
1240 186
1240 187
1240 188
1240 189
1240 190
1240 191
1240 192
1240 193
1240 194
1240 195
1240 196
1240 197
1241 165
1241 166
1241 167
1241 168
1241 169
1241 170
1241 171
1241 172
1241 173
1241 174
1241 175
1241 176
1241 177
1241 178
1241 179
1241 180
1241 181
1241 182
1241 183
1241 184
1241 185
1241 186
1241 187
1241 188
1241 189
1242 159
1242 160
1242 161
1242 162
1242 163
1242 164
1242 165
1242 166
1242 167
1242 168
1242 169
1242 170
1242 171
1242 172
1242 173
1242 174
1242 175
1242 176
1242 177
1242 178
1242 179
1242 180
1242 181
1243 153
1243 154
1243 155
1243 156
1243 157
1243 158
1243 159
1243 160
1243 161
1243 162
1243 163
1243 164
1243 165
1243 166
1243 167
1243 168
1243 169
1243 170
1243 171
1243 172
1244 148
1244 149
1244 150
1244 151
1244 152
1244 153
1244 154
1244 155
1244 156
1244 157
1244 158
1244 159
1244 160
1244 161
1244 162
1244 163
1245 145
1245 146
1245 147
1245 148
1245 149
1245 150
1245 151
1245 152
1245 250
1245 251
1245 252
1245 253
1245 254
1245 255
1245 256
1245 257
1245 258
1246 239
1246 240
1246 241
1246 242
1246 243
1246 244
1246 245
1246 246
1246 247
1246 248
1246 249
1246 250
1246 251
1246 252
1246 253
1246 254
1246 255
1247 230
1247 231
1247 232
1247 233
1247 234
1247 235
1247 236
1247 237
1247 238
1247 239
1247 240
1247 241
1247 242
1247 243
1247 244
1247 245
1247 246
1247 247
1247 248
1247 249
1247 250
1248 222
1248 223
1248 224
1248 225
1248 226
1248 227
1248 228
1248 229
1248 230
1248 231
1248 232
1248 233
1248 234
1248 235
1248 236
1248 237
1248 238
1248 239
1248 240
1248 241
1248 242
1248 243
1248 244
1249 213
1249 214
1249 215
1249 216
1249 217
1249 218
1249 219
1249 220
1249 221
1249 222
1249 223
1249 224
1249 225
1249 226
1249 227
1249 228
1249 229
1249 230
1249 231
1249 232
1249 233
1249 234
1249 235
1249 236
1249 237
1249 238
1250 206
1250 207
1250 208
1250 209
1250 210
1250 211
1250 212
1250 213
1250 214
1250 215
1250 216
1250 217
1250 218
1250 219
1250 220
1250 221
1250 222
1250 223
1250 224
1250 225
1250 226
1250 227
1250 228
1250 229
1250 230
1250 231
1251 198
1251 199
1251 200
1251 201
1251 202
1251 203
1251 204
1251 205
1251 206
1251 207
1251 208
1251 209
1251 210
1251 211
1251 212
1251 213
1251 214
1251 215
1251 216
1251 217
1251 218
1251 219
1251 220
1251 221
1251 222
1251 223
1251 224
1252 190
1252 191
1252 192
1252 193
1252 194
1252 195
1252 196
1252 197
1252 198
1252 199
1252 200
1252 201
1252 202
1252 203
1252 204
1252 205
1252 206
1252 207
1252 208
1252 209
1252 210
1252 211
1252 212
1252 213
1252 214
1252 215
1252 216
1252 217
1253 183
1253 184
1253 185
1253 186
1253 187
1253 188
1253 189
1253 190
1253 191
1253 192
1253 193
1253 194
1253 195
1253 196
1253 197
1253 198
1253 199
1253 200
1253 201
1253 202
1253 203
1253 204
1253 205
1253 206
1253 207
1253 208
1253 209
1254 176
1254 177
1254 178
1254 179
1254 180
1254 181
1254 182
1254 183
1254 184
1254 185
1254 186
1254 187
1254 188
1254 189
1254 190
1254 191
1254 192
1254 193
1254 194
1254 195
1254 196
1254 197
1254 198
1254 199
1254 200
1254 201
1254 202
1255 169
1255 170
1255 171
1255 172
1255 173
1255 174
1255 175
1255 176
1255 177
1255 178
1255 179
1255 180
1255 181
1255 182
1255 183
1255 184
1255 185
1255 186
1255 187
1255 188
1255 189
1255 190
1255 191
1255 192
1255 193
1255 194
1256 163
1256 164
1256 165
1256 166
1256 167
1256 168
1256 169
1256 170
1256 171
1256 172
1256 173
1256 174
1256 175
1256 176
1256 177
1256 178
1256 179
1256 180
1256 181
1256 182
1256 183
1256 184
1256 185
1257 157
1257 158
1257 159
1257 160
1257 161
1257 162
1257 163
1257 164
1257 165
1257 166
1257 167
1257 168
1257 169
1257 170
1257 171
1257 172
1257 173
1257 174
1257 175
1257 176
1257 177
1258 151
1258 152
1258 153
1258 154
1258 155
1258 156
1258 157
1258 158
1258 159
1258 160
1258 161
1258 162
1258 163
1258 164
1258 165
1258 166
1258 167
1258 168
1259 147
1259 148
1259 149
1259 150
1259 151
1259 152
1259 153
1259 154
1259 155
1259 156
1259 157
1259 158
1260 247
1260 248
1260 249
1260 250
1260 251
1260 252
1260 253
1260 254
1260 255
1260 256
1261 236
1261 237
1261 238
1261 239
1261 240
1261 241
1261 242
1261 243
1261 244
1261 245
1261 246
1261 247
1261 248
1261 249
1261 250
1261 251
1261 252
1262 227
1262 228
1262 229
1262 230
1262 231
1262 232
1262 233
1262 234
1262 235
1262 236
1262 237
1262 238
1262 239
1262 240
1262 241
1262 242
1262 243
1262 244
1262 245
1262 246
1262 247
1263 219
1263 220
1263 221
1263 222
1263 223
1263 224
1263 225
1263 226
1263 227
1263 228
1263 229
1263 230
1263 231
1263 232
1263 233
1263 234
1263 235
1263 236
1263 237
1263 238
1263 239
1263 240
1263 241
1264 211
1264 212
1264 213
1264 214
1264 215
1264 216
1264 217
1264 218
1264 219
1264 220
1264 221
1264 222
1264 223
1264 224
1264 225
1264 226
1264 227
1264 228
1264 229
1264 230
1264 231
1264 232
1264 233
1264 234
1264 235
1265 203
1265 204
1265 205
1265 206
1265 207
1265 208
1265 209
1265 210
1265 211
1265 212
1265 213
1265 214
1265 215
1265 216
1265 217
1265 218
1265 219
1265 220
1265 221
1265 222
1265 223
1265 224
1265 225
1265 226
1265 227
1265 228
1266 195
1266 196
1266 197
1266 198
1266 199
1266 200
1266 201
1266 202
1266 203
1266 204
1266 205
1266 206
1266 207
1266 208
1266 209
1266 210
1266 211
1266 212
1266 213
1266 214
1266 215
1266 216
1266 217
1266 218
1266 219
1266 220
1266 221
1267 188
1267 189
1267 190
1267 191
1267 192
1267 193
1267 194
1267 195
1267 196
1267 197
1267 198
1267 199
1267 200
1267 201
1267 202
1267 203
1267 204
1267 205
1267 206
1267 207
1267 208
1267 209
1267 210
1267 211
1267 212
1267 213
1267 214
1268 181
1268 182
1268 183
1268 184
1268 185
1268 186
1268 187
1268 188
1268 189
1268 190
1268 191
1268 192
1268 193
1268 194
1268 195
1268 196
1268 197
1268 198
1268 199
1268 200
1268 201
1268 202
1268 203
1268 204
1268 205
1268 206
1269 174
1269 175
1269 176
1269 177
1269 178
1269 179
1269 180
1269 181
1269 182
1269 183
1269 184
1269 185
1269 186
1269 187
1269 188
1269 189
1269 190
1269 191
1269 192
1269 193
1269 194
1269 195
1269 196
1269 197
1269 198
1270 167
1270 168
1270 169
1270 170
1270 171
1270 172
1270 173
1270 174
1270 175
1270 176
1270 177
1270 178
1270 179
1270 180
1270 181
1270 182
1270 183
1270 184
1270 185
1270 186
1270 187
1270 188
1270 189
1270 190
1271 161
1271 162
1271 163
1271 164
1271 165
1271 166
1271 167
1271 168
1271 169
1271 170
1271 171
1271 172
1271 173
1271 174
1271 175
1271 176
1271 177
1271 178
1271 179
1271 180
1271 181
1271 182
1272 155
1272 156
1272 157
1272 158
1272 159
1272 160
1272 161
1272 162
1272 163
1272 164
1272 165
1272 166
1272 167
1272 168
1272 169
1272 170
1272 171
1272 172
1272 173
1273 150
1273 151
1273 152
1273 153
1273 154
1273 155
1273 156
1273 157
1273 158
1273 159
1273 160
1273 161
1273 162
1273 163
1273 164
1274 148
1274 149
1274 150
1274 151
1274 152
1275 243
1275 244
1275 245
1275 246
1275 247
1275 248
1275 249
1275 250
1275 251
1275 252
1275 253
1275 254
1276 233
1276 234
1276 235
1276 236
1276 237
1276 238
1276 239
1276 240
1276 241
1276 242
1276 243
1276 244
1276 245
1276 246
1276 247
1276 248
1276 249
1276 250
1277 224
1277 225
1277 226
1277 227
1277 228
1277 229
1277 230
1277 231
1277 232
1277 233
1277 234
1277 235
1277 236
1277 237
1277 238
1277 239
1277 240
1277 241
1277 242
1277 243
1277 244
1277 245
1278 216
1278 217
1278 218
1278 219
1278 220
1278 221
1278 222
1278 223
1278 224
1278 225
1278 226
1278 227
1278 228
1278 229
1278 230
1278 231
1278 232
1278 233
1278 234
1278 235
1278 236
1278 237
1278 238
1278 239
1279 208
1279 209
1279 210
1279 211
1279 212
1279 213
1279 214
1279 215
1279 216
1279 217
1279 218
1279 219
1279 220
1279 221
1279 222
1279 223
1279 224
1279 225
1279 226
1279 227
1279 228
1279 229
1279 230
1279 231
1279 232
1280 200
1280 201
1280 202
1280 203
1280 204
1280 205
1280 206
1280 207
1280 208
1280 209
1280 210
1280 211
1280 212
1280 213
1280 214
1280 215
1280 216
1280 217
1280 218
1280 219
1280 220
1280 221
1280 222
1280 223
1280 224
1280 225
1281 193
1281 194
1281 195
1281 196
1281 197
1281 198
1281 199
1281 200
1281 201
1281 202
1281 203
1281 204
1281 205
1281 206
1281 207
1281 208
1281 209
1281 210
1281 211
1281 212
1281 213
1281 214
1281 215
1281 216
1281 217
1281 218
1282 185
1282 186
1282 187
1282 188
1282 189
1282 190
1282 191
1282 192
1282 193
1282 194
1282 195
1282 196
1282 197
1282 198
1282 199
1282 200
1282 201
1282 202
1282 203
1282 204
1282 205
1282 206
1282 207
1282 208
1282 209
1282 210
1282 211
1283 178
1283 179
1283 180
1283 181
1283 182
1283 183
1283 184
1283 185
1283 186
1283 187
1283 188
1283 189
1283 190
1283 191
1283 192
1283 193
1283 194
1283 195
1283 196
1283 197
1283 198
1283 199
1283 200
1283 201
1283 202
1283 203
1284 171
1284 172
1284 173
1284 174
1284 175
1284 176
1284 177
1284 178
1284 179
1284 180
1284 181
1284 182
1284 183
1284 184
1284 185
1284 186
1284 187
1284 188
1284 189
1284 190
1284 191
1284 192
1284 193
1284 194
1284 195
1285 165
1285 166
1285 167
1285 168
1285 169
1285 170
1285 171
1285 172
1285 173
1285 174
1285 175
1285 176
1285 177
1285 178
1285 179
1285 180
1285 181
1285 182
1285 183
1285 184
1285 185
1285 186
1285 187
1286 159
1286 160
1286 161
1286 162
1286 163
1286 164
1286 165
1286 166
1286 167
1286 168
1286 169
1286 170
1286 171
1286 172
1286 173
1286 174
1286 175
1286 176
1286 177
1286 178
1287 154
1287 155
1287 156
1287 157
1287 158
1287 159
1287 160
1287 161
1287 162
1287 163
1287 164
1287 165
1287 166
1287 167
1287 168
1287 169
1288 150
1288 151
1288 152
1288 153
1288 154
1288 155
1288 156
1288 157
1288 158
1288 159
1290 240
1290 241
1290 242
1290 243
1290 244
1290 245
1290 246
1290 247
1290 248
1290 249
1290 250
1290 251
1290 252
1291 230
1291 231
1291 232
1291 233
1291 234
1291 235
1291 236
1291 237
1291 238
1291 239
1291 240
1291 241
1291 242
1291 243
1291 244
1291 245
1291 246
1291 247
1291 248
1292 222
1292 223
1292 224
1292 225
1292 226
1292 227
1292 228
1292 229
1292 230
1292 231
1292 232
1292 233
1292 234
1292 235
1292 236
1292 237
1292 238
1292 239
1292 240
1292 241
1292 242
1293 213
1293 214
1293 215
1293 216
1293 217
1293 218
1293 219
1293 220
1293 221
1293 222
1293 223
1293 224
1293 225
1293 226
1293 227
1293 228
1293 229
1293 230
1293 231
1293 232
1293 233
1293 234
1293 235
1293 236
1294 205
1294 206
1294 207
1294 208
1294 209
1294 210
1294 211
1294 212
1294 213
1294 214
1294 215
1294 216
1294 217
1294 218
1294 219
1294 220
1294 221
1294 222
1294 223
1294 224
1294 225
1294 226
1294 227
1294 228
1294 229
1295 198
1295 199
1295 200
1295 201
1295 202
1295 203
1295 204
1295 205
1295 206
1295 207
1295 208
1295 209
1295 210
1295 211
1295 212
1295 213
1295 214
1295 215
1295 216
1295 217
1295 218
1295 219
1295 220
1295 221
1295 222
1296 190
1296 191
1296 192
1296 193
1296 194
1296 195
1296 196
1296 197
1296 198
1296 199
1296 200
1296 201
1296 202
1296 203
1296 204
1296 205
1296 206
1296 207
1296 208
1296 209
1296 210
1296 211
1296 212
1296 213
1296 214
1296 215
1297 183
1297 184
1297 185
1297 186
1297 187
1297 188
1297 189
1297 190
1297 191
1297 192
1297 193
1297 194
1297 195
1297 196
1297 197
1297 198
1297 199
1297 200
1297 201
1297 202
1297 203
1297 204
1297 205
1297 206
1297 207
1298 176
1298 177
1298 178
1298 179
1298 180
1298 181
1298 182
1298 183
1298 184
1298 185
1298 186
1298 187
1298 188
1298 189
1298 190
1298 191
1298 192
1298 193
1298 194
1298 195
1298 196
1298 197
1298 198
1298 199
1298 200
1299 169
1299 170
1299 171
1299 172
1299 173
1299 174
1299 175
1299 176
1299 177
1299 178
1299 179
1299 180
1299 181
1299 182
1299 183
1299 184
1299 185
1299 186
1299 187
1299 188
1299 189
1299 190
1299 191
1299 192
1300 163
1300 164
1300 165
1300 166
1300 167
1300 168
1300 169
1300 170
1300 171
1300 172
1300 173
1300 174
1300 175
1300 176
1300 177
1300 178
1300 179
1300 180
1300 181
1300 182
1300 183
1301 157
1301 158
1301 159
1301 160
1301 161
1301 162
1301 163
1301 164
1301 165
1301 166
1301 167
1301 168
1301 169
1301 170
1301 171
1301 172
1301 173
1301 174
1301 175
1302 153
1302 154
1302 155
1302 156
1302 157
1302 158
1302 159
1302 160
1302 161
1302 162
1302 163
1302 164
1302 165
1305 237
1305 238
1305 239
1305 240
1305 241
1305 242
1305 243
1305 244
1305 245
1305 246
1305 247
1305 248
1305 249
1305 250
1306 228
1306 229
1306 230
1306 231
1306 232
1306 233
1306 234
1306 235
1306 236
1306 237
1306 238
1306 239
1306 240
1306 241
1306 242
1306 243
1306 244
1306 245
1307 219
1307 220
1307 221
1307 222
1307 223
1307 224
1307 225
1307 226
1307 227
1307 228
1307 229
1307 230
1307 231
1307 232
1307 233
1307 234
1307 235
1307 236
1307 237
1307 238
1307 239
1308 211
1308 212
1308 213
1308 214
1308 215
1308 216
1308 217
1308 218
1308 219
1308 220
1308 221
1308 222
1308 223
1308 224
1308 225
1308 226
1308 227
1308 228
1308 229
1308 230
1308 231
1308 232
1308 233
1309 203
1309 204
1309 205
1309 206
1309 207
1309 208
1309 209
1309 210
1309 211
1309 212
1309 213
1309 214
1309 215
1309 216
1309 217
1309 218
1309 219
1309 220
1309 221
1309 222
1309 223
1309 224
1309 225
1309 226
1310 195
1310 196
1310 197
1310 198
1310 199
1310 200
1310 201
1310 202
1310 203
1310 204
1310 205
1310 206
1310 207
1310 208
1310 209
1310 210
1310 211
1310 212
1310 213
1310 214
1310 215
1310 216
1310 217
1310 218
1310 219
1311 188
1311 189
1311 190
1311 191
1311 192
1311 193
1311 194
1311 195
1311 196
1311 197
1311 198
1311 199
1311 200
1311 201
1311 202
1311 203
1311 204
1311 205
1311 206
1311 207
1311 208
1311 209
1311 210
1311 211
1311 212
1312 181
1312 182
1312 183
1312 184
1312 185
1312 186
1312 187
1312 188
1312 189
1312 190
1312 191
1312 192
1312 193
1312 194
1312 195
1312 196
1312 197
1312 198
1312 199
1312 200
1312 201
1312 202
1312 203
1312 204
1313 174
1313 175
1313 176
1313 177
1313 178
1313 179
1313 180
1313 181
1313 182
1313 183
1313 184
1313 185
1313 186
1313 187
1313 188
1313 189
1313 190
1313 191
1313 192
1313 193
1313 194
1313 195
1313 196
1314 167
1314 168
1314 169
1314 170
1314 171
1314 172
1314 173
1314 174
1314 175
1314 176
1314 177
1314 178
1314 179
1314 180
1314 181
1314 182
1314 183
1314 184
1314 185
1314 186
1314 187
1314 188
1315 161
1315 162
1315 163
1315 164
1315 165
1315 166
1315 167
1315 168
1315 169
1315 170
1315 171
1315 172
1315 173
1315 174
1315 175
1315 176
1315 177
1315 178
1315 179
1315 180
1316 156
1316 157
1316 158
1316 159
1316 160
1316 161
1316 162
1316 163
1316 164
1316 165
1316 166
1316 167
1316 168
1316 169
1316 170
1316 171
1317 153
1317 154
1317 155
1317 156
1317 157
1317 158
1317 159
1317 160
1319 247
1319 248
1319 249
1320 234
1320 235
1320 236
1320 237
1320 238
1320 239
1320 240
1320 241
1320 242
1320 243
1320 244
1320 245
1320 246
1320 247
1321 225
1321 226
1321 227
1321 228
1321 229
1321 230
1321 231
1321 232
1321 233
1321 234
1321 235
1321 236
1321 237
1321 238
1321 239
1321 240
1321 241
1321 242
1322 216
1322 217
1322 218
1322 219
1322 220
1322 221
1322 222
1322 223
1322 224
1322 225
1322 226
1322 227
1322 228
1322 229
1322 230
1322 231
1322 232
1322 233
1322 234
1322 235
1322 236
1322 237
1323 208
1323 209
1323 210
1323 211
1323 212
1323 213
1323 214
1323 215
1323 216
1323 217
1323 218
1323 219
1323 220
1323 221
1323 222
1323 223
1323 224
1323 225
1323 226
1323 227
1323 228
1323 229
1323 230
1324 200
1324 201
1324 202
1324 203
1324 204
1324 205
1324 206
1324 207
1324 208
1324 209
1324 210
1324 211
1324 212
1324 213
1324 214
1324 215
1324 216
1324 217
1324 218
1324 219
1324 220
1324 221
1324 222
1324 223
1325 193
1325 194
1325 195
1325 196
1325 197
1325 198
1325 199
1325 200
1325 201
1325 202
1325 203
1325 204
1325 205
1325 206
1325 207
1325 208
1325 209
1325 210
1325 211
1325 212
1325 213
1325 214
1325 215
1325 216
1326 185
1326 186
1326 187
1326 188
1326 189
1326 190
1326 191
1326 192
1326 193
1326 194
1326 195
1326 196
1326 197
1326 198
1326 199
1326 200
1326 201
1326 202
1326 203
1326 204
1326 205
1326 206
1326 207
1326 208
1326 209
1327 178
1327 179
1327 180
1327 181
1327 182
1327 183
1327 184
1327 185
1327 186
1327 187
1327 188
1327 189
1327 190
1327 191
1327 192
1327 193
1327 194
1327 195
1327 196
1327 197
1327 198
1327 199
1327 200
1327 201
1328 172
1328 173
1328 174
1328 175
1328 176
1328 177
1328 178
1328 179
1328 180
1328 181
1328 182
1328 183
1328 184
1328 185
1328 186
1328 187
1328 188
1328 189
1328 190
1328 191
1328 192
1328 193
1329 166
1329 167
1329 168
1329 169
1329 170
1329 171
1329 172
1329 173
1329 174
1329 175
1329 176
1329 177
1329 178
1329 179
1329 180
1329 181
1329 182
1329 183
1329 184
1329 185
1330 160
1330 161
1330 162
1330 163
1330 164
1330 165
1330 166
1330 167
1330 168
1330 169
1330 170
1330 171
1330 172
1330 173
1330 174
1330 175
1330 176
1331 156
1331 157
1331 158
1331 159
1331 160
1331 161
1331 162
1331 163
1331 164
1331 165
1331 166
1334 243
1334 244
1334 245
1334 246
1334 247
1335 231
1335 232
1335 233
1335 234
1335 235
1335 236
1335 237
1335 238
1335 239
1335 240
1335 241
1335 242
1335 243
1335 244
1335 245
1336 222
1336 223
1336 224
1336 225
1336 226
1336 227
1336 228
1336 229
1336 230
1336 231
1336 232
1336 233
1336 234
1336 235
1336 236
1336 237
1336 238
1336 239
1336 240
1337 214
1337 215
1337 216
1337 217
1337 218
1337 219
1337 220
1337 221
1337 222
1337 223
1337 224
1337 225
1337 226
1337 227
1337 228
1337 229
1337 230
1337 231
1337 232
1337 233
1337 234
1338 206
1338 207
1338 208
1338 209
1338 210
1338 211
1338 212
1338 213
1338 214
1338 215
1338 216
1338 217
1338 218
1338 219
1338 220
1338 221
1338 222
1338 223
1338 224
1338 225
1338 226
1338 227
1339 198
1339 199
1339 200
1339 201
1339 202
1339 203
1339 204
1339 205
1339 206
1339 207
1339 208
1339 209
1339 210
1339 211
1339 212
1339 213
1339 214
1339 215
1339 216
1339 217
1339 218
1339 219
1339 220
1340 190
1340 191
1340 192
1340 193
1340 194
1340 195
1340 196
1340 197
1340 198
1340 199
1340 200
1340 201
1340 202
1340 203
1340 204
1340 205
1340 206
1340 207
1340 208
1340 209
1340 210
1340 211
1340 212
1340 213
1341 183
1341 184
1341 185
1341 186
1341 187
1341 188
1341 189
1341 190
1341 191
1341 192
1341 193
1341 194
1341 195
1341 196
1341 197
1341 198
1341 199
1341 200
1341 201
1341 202
1341 203
1341 204
1341 205
1342 176
1342 177
1342 178
1342 179
1342 180
1342 181
1342 182
1342 183
1342 184
1342 185
1342 186
1342 187
1342 188
1342 189
1342 190
1342 191
1342 192
1342 193
1342 194
1342 195
1342 196
1342 197
1343 170
1343 171
1343 172
1343 173
1343 174
1343 175
1343 176
1343 177
1343 178
1343 179
1343 180
1343 181
1343 182
1343 183
1343 184
1343 185
1343 186
1343 187
1343 188
1343 189
1344 164
1344 165
1344 166
1344 167
1344 168
1344 169
1344 170
1344 171
1344 172
1344 173
1344 174
1344 175
1344 176
1344 177
1344 178
1344 179
1344 180
1344 181
1345 159
1345 160
1345 161
1345 162
1345 163
1345 164
1345 165
1345 166
1345 167
1345 168
1345 169
1345 170
1345 171
1346 158
1346 159
1349 240
1349 241
1349 242
1349 243
1349 244
1349 245
1350 229
1350 230
1350 231
1350 232
1350 233
1350 234
1350 235
1350 236
1350 237
1350 238
1350 239
1350 240
1350 241
1350 242
1351 220
1351 221
1351 222
1351 223
1351 224
1351 225
1351 226
1351 227
1351 228
1351 229
1351 230
1351 231
1351 232
1351 233
1351 234
1351 235
1351 236
1351 237
1352 211
1352 212
1352 213
1352 214
1352 215
1352 216
1352 217
1352 218
1352 219
1352 220
1352 221
1352 222
1352 223
1352 224
1352 225
1352 226
1352 227
1352 228
1352 229
1352 230
1352 231
1353 203
1353 204
1353 205
1353 206
1353 207
1353 208
1353 209
1353 210
1353 211
1353 212
1353 213
1353 214
1353 215
1353 216
1353 217
1353 218
1353 219
1353 220
1353 221
1353 222
1353 223
1353 224
1354 195
1354 196
1354 197
1354 198
1354 199
1354 200
1354 201
1354 202
1354 203
1354 204
1354 205
1354 206
1354 207
1354 208
1354 209
1354 210
1354 211
1354 212
1354 213
1354 214
1354 215
1354 216
1354 217
1355 188
1355 189
1355 190
1355 191
1355 192
1355 193
1355 194
1355 195
1355 196
1355 197
1355 198
1355 199
1355 200
1355 201
1355 202
1355 203
1355 204
1355 205
1355 206
1355 207
1355 208
1355 209
1355 210
1356 181
1356 182
1356 183
1356 184
1356 185
1356 186
1356 187
1356 188
1356 189
1356 190
1356 191
1356 192
1356 193
1356 194
1356 195
1356 196
1356 197
1356 198
1356 199
1356 200
1356 201
1356 202
1357 175
1357 176
1357 177
1357 178
1357 179
1357 180
1357 181
1357 182
1357 183
1357 184
1357 185
1357 186
1357 187
1357 188
1357 189
1357 190
1357 191
1357 192
1357 193
1357 194
1358 169
1358 170
1358 171
1358 172
1358 173
1358 174
1358 175
1358 176
1358 177
1358 178
1358 179
1358 180
1358 181
1358 182
1358 183
1358 184
1358 185
1358 186
1359 163
1359 164
1359 165
1359 166
1359 167
1359 168
1359 169
1359 170
1359 171
1359 172
1359 173
1359 174
1359 175
1359 176
1359 177
1360 160
1360 161
1360 162
1360 163
1360 164
1360 165
1360 166
1364 237
1364 238
1364 239
1364 240
1364 241
1364 242
1365 226
1365 227
1365 228
1365 229
1365 230
1365 231
1365 232
1365 233
1365 234
1365 235
1365 236
1365 237
1365 238
1365 239
1366 217
1366 218
1366 219
1366 220
1366 221
1366 222
1366 223
1366 224
1366 225
1366 226
1366 227
1366 228
1366 229
1366 230
1366 231
1366 232
1366 233
1366 234
1367 209
1367 210
1367 211
1367 212
1367 213
1367 214
1367 215
1367 216
1367 217
1367 218
1367 219
1367 220
1367 221
1367 222
1367 223
1367 224
1367 225
1367 226
1367 227
1367 228
1368 201
1368 202
1368 203
1368 204
1368 205
1368 206
1368 207
1368 208
1368 209
1368 210
1368 211
1368 212
1368 213
1368 214
1368 215
1368 216
1368 217
1368 218
1368 219
1368 220
1368 221
1369 193
1369 194
1369 195
1369 196
1369 197
1369 198
1369 199
1369 200
1369 201
1369 202
1369 203
1369 204
1369 205
1369 206
1369 207
1369 208
1369 209
1369 210
1369 211
1369 212
1369 213
1369 214
1370 186
1370 187
1370 188
1370 189
1370 190
1370 191
1370 192
1370 193
1370 194
1370 195
1370 196
1370 197
1370 198
1370 199
1370 200
1370 201
1370 202
1370 203
1370 204
1370 205
1370 206
1371 179
1371 180
1371 181
1371 182
1371 183
1371 184
1371 185
1371 186
1371 187
1371 188
1371 189
1371 190
1371 191
1371 192
1371 193
1371 194
1371 195
1371 196
1371 197
1371 198
1372 173
1372 174
1372 175
1372 176
1372 177
1372 178
1372 179
1372 180
1372 181
1372 182
1372 183
1372 184
1372 185
1372 186
1372 187
1372 188
1372 189
1372 190
1373 167
1373 168
1373 169
1373 170
1373 171
1373 172
1373 173
1373 174
1373 175
1373 176
1373 177
1373 178
1373 179
1373 180
1373 181
1374 163
1374 164
1374 165
1374 166
1374 167
1374 168
1374 169
1374 170
1374 171
1374 172
1379 235
1379 236
1379 237
1379 238
1379 239
1380 224
1380 225
1380 226
1380 227
1380 228
1380 229
1380 230
1380 231
1380 232
1380 233
1380 234
1380 235
1380 236
1381 215
1381 216
1381 217
1381 218
1381 219
1381 220
1381 221
1381 222
1381 223
1381 224
1381 225
1381 226
1381 227
1381 228
1381 229
1381 230
1381 231
1382 206
1382 207
1382 208
1382 209
1382 210
1382 211
1382 212
1382 213
1382 214
1382 215
1382 216
1382 217
1382 218
1382 219
1382 220
1382 221
1382 222
1382 223
1382 224
1383 199
1383 200
1383 201
1383 202
1383 203
1383 204
1383 205
1383 206
1383 207
1383 208
1383 209
1383 210
1383 211
1383 212
1383 213
1383 214
1383 215
1383 216
1383 217
1383 218
1384 191
1384 192
1384 193
1384 194
1384 195
1384 196
1384 197
1384 198
1384 199
1384 200
1384 201
1384 202
1384 203
1384 204
1384 205
1384 206
1384 207
1384 208
1384 209
1384 210
1385 184
1385 185
1385 186
1385 187
1385 188
1385 189
1385 190
1385 191
1385 192
1385 193
1385 194
1385 195
1385 196
1385 197
1385 198
1385 199
1385 200
1385 201
1385 202
1385 203
1386 178
1386 179
1386 180
1386 181
1386 182
1386 183
1386 184
1386 185
1386 186
1386 187
1386 188
1386 189
1386 190
1386 191
1386 192
1386 193
1386 194
1386 195
1387 172
1387 173
1387 174
1387 175
1387 176
1387 177
1387 178
1387 179
1387 180
1387 181
1387 182
1387 183
1387 184
1387 185
1387 186
1388 167
1388 168
1388 169
1388 170
1388 171
1388 172
1388 173
1388 174
1388 175
1388 176
1388 177
1394 233
1394 234
1394 235
1394 236
1395 221
1395 222
1395 223
1395 224
1395 225
1395 226
1395 227
1395 228
1395 229
1395 230
1395 231
1395 232
1395 233
1396 212
1396 213
1396 214
1396 215
1396 216
1396 217
1396 218
1396 219
1396 220
1396 221
1396 222
1396 223
1396 224
1396 225
1396 226
1396 227
1397 204
1397 205
1397 206
1397 207
1397 208
1397 209
1397 210
1397 211
1397 212
1397 213
1397 214
1397 215
1397 216
1397 217
1397 218
1397 219
1397 220
1397 221
1398 197
1398 198
1398 199
1398 200
1398 201
1398 202
1398 203
1398 204
1398 205
1398 206
1398 207
1398 208
1398 209
1398 210
1398 211
1398 212
1398 213
1398 214
1399 189
1399 190
1399 191
1399 192
1399 193
1399 194
1399 195
1399 196
1399 197
1399 198
1399 199
1399 200
1399 201
1399 202
1399 203
1399 204
1399 205
1399 206
1399 207
1400 183
1400 184
1400 185
1400 186
1400 187
1400 188
1400 189
1400 190
1400 191
1400 192
1400 193
1400 194
1400 195
1400 196
1400 197
1400 198
1400 199
1401 177
1401 178
1401 179
1401 180
1401 181
1401 182
1401 183
1401 184
1401 185
1401 186
1401 187
1401 188
1401 189
1401 190
1401 191
1402 171
1402 172
1402 173
1402 174
1402 175
1402 176
1402 177
1402 178
1402 179
1402 180
1402 181
1402 182
1403 169
1403 170
1410 219
1410 220
1410 221
1410 222
1410 223
1410 224
1410 225
1410 226
1410 227
1410 228
1410 229
1410 230
1411 210
1411 211
1411 212
1411 213
1411 214
1411 215
1411 216
1411 217
1411 218
1411 219
1411 220
1411 221
1411 222
1411 223
1411 224
1412 202
1412 203
1412 204
1412 205
1412 206
1412 207
1412 208
1412 209
1412 210
1412 211
1412 212
1412 213
1412 214
1412 215
1412 216
1412 217
1412 218
1413 195
1413 196
1413 197
1413 198
1413 199
1413 200
1413 201
1413 202
1413 203
1413 204
1413 205
1413 206
1413 207
1413 208
1413 209
1413 210
1414 188
1414 189
1414 190
1414 191
1414 192
1414 193
1414 194
1414 195
1414 196
1414 197
1414 198
1414 199
1414 200
1414 201
1414 202
1414 203
1415 181
1415 182
1415 183
1415 184
1415 185
1415 186
1415 187
1415 188
1415 189
1415 190
1415 191
1415 192
1415 193
1415 194
1415 195
1416 176
1416 177
1416 178
1416 179
1416 180
1416 181
1416 182
1416 183
1416 184
1416 185
1416 186
1417 172
1417 173
1417 174
1417 175
1417 176
1425 218
1425 219
1425 220
1425 221
1425 222
1425 223
1425 224
1425 225
1425 226
1426 209
1426 210
1426 211
1426 212
1426 213
1426 214
1426 215
1426 216
1426 217
1426 218
1426 219
1426 220
1427 201
1427 202
1427 203
1427 204
1427 205
1427 206
1427 207
1427 208
1427 209
1427 210
1427 211
1427 212
1427 213
1427 214
1428 193
1428 194
1428 195
1428 196
1428 197
1428 198
1428 199
1428 200
1428 201
1428 202
1428 203
1428 204
1428 205
1428 206
1428 207
1429 187
1429 188
1429 189
1429 190
1429 191
1429 192
1429 193
1429 194
1429 195
1429 196
1429 197
1429 198
1429 199
1430 181
1430 182
1430 183
1430 184
1430 185
1430 186
1430 187
1430 188
1430 189
1430 190
1431 177
1431 178
1431 179
1431 180
1440 217
1440 218
1440 219
1440 220
1440 221
1441 207
1441 208
1441 209
1441 210
1441 211
1441 212
1441 213
1441 214
1441 215
1441 216
1442 200
1442 201
1442 202
1442 203
1442 204
1442 205
1442 206
1442 207
1442 208
1442 209
1442 210
1443 193
1443 194
1443 195
1443 196
1443 197
1443 198
1443 199
1443 200
1443 201
1443 202
1444 186
1444 187
1444 188
1444 189
1444 190
1444 191
1444 192
1444 193
1444 194
1445 183
1456 207
1456 208
1456 209
1456 210
1456 211
1457 199
1457 200
1457 201
1457 202
1457 203
1457 204
1457 205
1458 193
1458 194
1458 195
1458 196
2082 151
2082 152
2082 153
2082 154
2082 155
2082 156
2083 142
2083 143
2083 144
2083 145
2083 146
2083 147
2083 148
2084 135
2084 136
2084 137
2084 138
2095 167
2095 168
2095 169
2095 170
2096 155
2096 156
2096 157
2096 158
2096 159
2096 160
2096 161
2096 162
2096 163
2097 146
2097 147
2097 148
2097 149
2097 150
2097 151
2097 152
2097 153
2097 154
2097 155
2098 137
2098 138
2098 139
2098 140
2098 141
2098 142
2098 143
2098 144
2098 145
2098 146
2099 130
2099 131
2099 132
2099 133
2099 134
2099 135
2099 136
2109 171
2109 172
2109 173
2109 174
2109 175
2109 176
2109 177
2109 178
2110 160
2110 161
2110 162
2110 163
2110 164
2110 165
2110 166
2110 167
2110 168
2110 169
2110 170
2111 150
2111 151
2111 152
2111 153
2111 154
2111 155
2111 156
2111 157
2111 158
2111 159
2111 160
2111 161
2111 162
2112 142
2112 143
2112 144
2112 145
2112 146
2112 147
2112 148
2112 149
2112 150
2112 151
2112 152
2112 153
2113 134
2113 135
2113 136
2113 137
2113 138
2113 139
2113 140
2113 141
2113 142
2113 143
2113 144
2114 127
2114 128
2114 129
2114 130
2114 131
2114 132
2114 133
2122 189
2122 190
2122 191
2122 192
2122 193
2123 177
2123 178
2123 179
2123 180
2123 181
2123 182
2123 183
2123 184
2123 185
2124 166
2124 167
2124 168
2124 169
2124 170
2124 171
2124 172
2124 173
2124 174
2124 175
2124 176
2124 177
2125 155
2125 156
2125 157
2125 158
2125 159
2125 160
2125 161
2125 162
2125 163
2125 164
2125 165
2125 166
2125 167
2125 168
2126 146
2126 147
2126 148
2126 149
2126 150
2126 151
2126 152
2126 153
2126 154
2126 155
2126 156
2126 157
2126 158
2126 159
2127 138
2127 139
2127 140
2127 141
2127 142
2127 143
2127 144
2127 145
2127 146
2127 147
2127 148
2127 149
2127 150
2128 130
2128 131
2128 132
2128 133
2128 134
2128 135
2128 136
2128 137
2128 138
2128 139
2128 140
2128 141
2129 124
2129 125
2129 126
2129 127
2129 128
2129 129
2129 130
2134 217
2135 205
2135 206
2135 207
2135 208
2135 209
2135 210
2136 193
2136 194
2136 195
2136 196
2136 197
2136 198
2136 199
2136 200
2136 201
2137 182
2137 183
2137 184
2137 185
2137 186
2137 187
2137 188
2137 189
2137 190
2137 191
2137 192
2137 193
2138 171
2138 172
2138 173
2138 174
2138 175
2138 176
2138 177
2138 178
2138 179
2138 180
2138 181
2138 182
2138 183
2138 184
2139 161
2139 162
2139 163
2139 164
2139 165
2139 166
2139 167
2139 168
2139 169
2139 170
2139 171
2139 172
2139 173
2139 174
2139 175
2140 151
2140 152
2140 153
2140 154
2140 155
2140 156
2140 157
2140 158
2140 159
2140 160
2140 161
2140 162
2140 163
2140 164
2140 165
2140 166
2141 142
2141 143
2141 144
2141 145
2141 146
2141 147
2141 148
2141 149
2141 150
2141 151
2141 152
2141 153
2141 154
2141 155
2141 156
2141 157
2142 134
2142 135
2142 136
2142 137
2142 138
2142 139
2142 140
2142 141
2142 142
2142 143
2142 144
2142 145
2142 146
2142 147
2143 127
2143 128
2143 129
2143 130
2143 131
2143 132
2143 133
2143 134
2143 135
2143 136
2143 137
2143 138
2144 122
2144 123
2144 124
2144 125
2144 126
2147 230
2147 231
2147 232
2147 233
2147 234
2147 235
2148 220
2148 221
2148 222
2148 223
2148 224
2148 225
2148 226
2148 227
2149 209
2149 210
2149 211
2149 212
2149 213
2149 214
2149 215
2149 216
2149 217
2149 218
2150 198
2150 199
2150 200
2150 201
2150 202
2150 203
2150 204
2150 205
2150 206
2150 207
2150 208
2150 209
2151 187
2151 188
2151 189
2151 190
2151 191
2151 192
2151 193
2151 194
2151 195
2151 196
2151 197
2151 198
2151 199
2151 200
2152 177
2152 178
2152 179
2152 180
2152 181
2152 182
2152 183
2152 184
2152 185
2152 186
2152 187
2152 188
2152 189
2152 190
2152 191
2153 166
2153 167
2153 168
2153 169
2153 170
2153 171
2153 172
2153 173
2153 174
2153 175
2153 176
2153 177
2153 178
2153 179
2153 180
2153 181
2153 182
2154 156
2154 157
2154 158
2154 159
2154 160
2154 161
2154 162
2154 163
2154 164
2154 165
2154 166
2154 167
2154 168
2154 169
2154 170
2154 171
2154 172
2155 147
2155 148
2155 149
2155 150
2155 151
2155 152
2155 153
2155 154
2155 155
2155 156
2155 157
2155 158
2155 159
2155 160
2155 161
2155 162
2155 163
2156 138
2156 139
2156 140
2156 141
2156 142
2156 143
2156 144
2156 145
2156 146
2156 147
2156 148
2156 149
2156 150
2156 151
2156 152
2156 153
2156 154
2157 130
2157 131
2157 132
2157 133
2157 134
2157 135
2157 136
2157 137
2157 138
2157 139
2157 140
2157 141
2157 142
2157 143
2157 144
2158 124
2158 125
2158 126
2158 127
2158 128
2158 129
2158 130
2158 131
2158 132
2158 133
2158 134
2160 245
2160 246
2160 247
2160 248
2160 249
2161 234
2161 235
2161 236
2161 237
2161 238
2161 239
2161 240
2161 241
2161 242
2162 224
2162 225
2162 226
2162 227
2162 228
2162 229
2162 230
2162 231
2162 232
2162 233
2162 234
2163 214
2163 215
2163 216
2163 217
2163 218
2163 219
2163 220
2163 221
2163 222
2163 223
2163 224
2163 225
2164 204
2164 205
2164 206
2164 207
2164 208
2164 209
2164 210
2164 211
2164 212
2164 213
2164 214
2164 215
2164 216
2165 193
2165 194
2165 195
2165 196
2165 197
2165 198
2165 199
2165 200
2165 201
2165 202
2165 203
2165 204
2165 205
2165 206
2165 207
2166 182
2166 183
2166 184
2166 185
2166 186
2166 187
2166 188
2166 189
2166 190
2166 191
2166 192
2166 193
2166 194
2166 195
2166 196
2166 197
2166 198
2167 172
2167 173
2167 174
2167 175
2167 176
2167 177
2167 178
2167 179
2167 180
2167 181
2167 182
2167 183
2167 184
2167 185
2167 186
2167 187
2167 188
2168 162
2168 163
2168 164
2168 165
2168 166
2168 167
2168 168
2168 169
2168 170
2168 171
2168 172
2168 173
2168 174
2168 175
2168 176
2168 177
2168 178
2168 179
2169 152
2169 153
2169 154
2169 155
2169 156
2169 157
2169 158
2169 159
2169 160
2169 161
2169 162
2169 163
2169 164
2169 165
2169 166
2169 167
2169 168
2169 169
2169 170
2170 143
2170 144
2170 145
2170 146
2170 147
2170 148
2170 149
2170 150
2170 151
2170 152
2170 153
2170 154
2170 155
2170 156
2170 157
2170 158
2170 159
2170 160
2171 135
2171 136
2171 137
2171 138
2171 139
2171 140
2171 141
2171 142
2171 143
2171 144
2171 145
2171 146
2171 147
2171 148
2171 149
2171 150
2171 151
2172 127
2172 128
2172 129
2172 130
2172 131
2172 132
2172 133
2172 134
2172 135
2172 136
2172 137
2172 138
2172 139
2172 140
2172 141
2173 121
2173 122
2173 123
2173 124
2173 125
2173 126
2173 127
2173 128
2173 129
2173 130
2174 250
2174 251
2174 252
2174 253
2174 254
2175 240
2175 241
2175 242
2175 243
2175 244
2175 245
2175 246
2175 247
2175 248
2176 229
2176 230
2176 231
2176 232
2176 233
2176 234
2176 235
2176 236
2176 237
2176 238
2176 239
2176 240
2177 219
2177 220
2177 221
2177 222
2177 223
2177 224
2177 225
2177 226
2177 227
2177 228
2177 229
2177 230
2177 231
2177 232
2178 209
2178 210
2178 211
2178 212
2178 213
2178 214
2178 215
2178 216
2178 217
2178 218
2178 219
2178 220
2178 221
2178 222
2178 223
2179 199
2179 200
2179 201
2179 202
2179 203
2179 204
2179 205
2179 206
2179 207
2179 208
2179 209
2179 210
2179 211
2179 212
2179 213
2179 214
2180 188
2180 189
2180 190
2180 191
2180 192
2180 193
2180 194
2180 195
2180 196
2180 197
2180 198
2180 199
2180 200
2180 201
2180 202
2180 203
2180 204
2180 205
2181 178
2181 179
2181 180
2181 181
2181 182
2181 183
2181 184
2181 185
2181 186
2181 187
2181 188
2181 189
2181 190
2181 191
2181 192
2181 193
2181 194
2181 195
2182 167
2182 168
2182 169
2182 170
2182 171
2182 172
2182 173
2182 174
2182 175
2182 176
2182 177
2182 178
2182 179
2182 180
2182 181
2182 182
2182 183
2182 184
2182 185
2182 186
2183 158
2183 159
2183 160
2183 161
2183 162
2183 163
2183 164
2183 165
2183 166
2183 167
2183 168
2183 169
2183 170
2183 171
2183 172
2183 173
2183 174
2183 175
2183 176
2184 148
2184 149
2184 150
2184 151
2184 152
2184 153
2184 154
2184 155
2184 156
2184 157
2184 158
2184 159
2184 160
2184 161
2184 162
2184 163
2184 164
2184 165
2184 166
2184 167
2185 140
2185 141
2185 142
2185 143
2185 144
2185 145
2185 146
2185 147
2185 148
2185 149
2185 150
2185 151
2185 152
2185 153
2185 154
2185 155
2185 156
2185 157
2186 131
2186 132
2186 133
2186 134
2186 135
2186 136
2186 137
2186 138
2186 139
2186 140
2186 141
2186 142
2186 143
2186 144
2186 145
2186 146
2186 147
2187 124
2187 125
2187 126
2187 127
2187 128
2187 129
2187 130
2187 131
2187 132
2187 133
2187 134
2187 135
2187 136
2187 137
2188 119
2188 120
2188 121
2188 122
2188 123
2188 124
2188 125
2188 126
2188 257
2188 258
2188 259
2189 245
2189 246
2189 247
2189 248
2189 249
2189 250
2189 251
2189 252
2189 253
2189 254
2190 235
2190 236
2190 237
2190 238
2190 239
2190 240
2190 241
2190 242
2190 243
2190 244
2190 245
2190 246
2191 225
2191 226
2191 227
2191 228
2191 229
2191 230
2191 231
2191 232
2191 233
2191 234
2191 235
2191 236
2191 237
2191 238
2192 215
2192 216
2192 217
2192 218
2192 219
2192 220
2192 221
2192 222
2192 223
2192 224
2192 225
2192 226
2192 227
2192 228
2192 229
2192 230
2193 204
2193 205
2193 206
2193 207
2193 208
2193 209
2193 210
2193 211
2193 212
2193 213
2193 214
2193 215
2193 216
2193 217
2193 218
2193 219
2193 220
2193 221
2194 194
2194 195
2194 196
2194 197
2194 198
2194 199
2194 200
2194 201
2194 202
2194 203
2194 204
2194 205
2194 206
2194 207
2194 208
2194 209
2194 210
2194 211
2195 184
2195 185
2195 186
2195 187
2195 188
2195 189
2195 190
2195 191
2195 192
2195 193
2195 194
2195 195
2195 196
2195 197
2195 198
2195 199
2195 200
2195 201
2195 202
2196 173
2196 174
2196 175
2196 176
2196 177
2196 178
2196 179
2196 180
2196 181
2196 182
2196 183
2196 184
2196 185
2196 186
2196 187
2196 188
2196 189
2196 190
2196 191
2196 192
2197 163
2197 164
2197 165
2197 166
2197 167
2197 168
2197 169
2197 170
2197 171
2197 172
2197 173
2197 174
2197 175
2197 176
2197 177
2197 178
2197 179
2197 180
2197 181
2197 182
2197 183
2198 154
2198 155
2198 156
2198 157
2198 158
2198 159
2198 160
2198 161
2198 162
2198 163
2198 164
2198 165
2198 166
2198 167
2198 168
2198 169
2198 170
2198 171
2198 172
2198 173
2199 145
2199 146
2199 147
2199 148
2199 149
2199 150
2199 151
2199 152
2199 153
2199 154
2199 155
2199 156
2199 157
2199 158
2199 159
2199 160
2199 161
2199 162
2199 163
2199 164
2200 136
2200 137
2200 138
2200 139
2200 140
2200 141
2200 142
2200 143
2200 144
2200 145
2200 146
2200 147
2200 148
2200 149
2200 150
2200 151
2200 152
2200 153
2200 154
2201 128
2201 129
2201 130
2201 131
2201 132
2201 133
2201 134
2201 135
2201 136
2201 137
2201 138
2201 139
2201 140
2201 141
2201 142
2201 143
2201 144
2202 122
2202 123
2202 124
2202 125
2202 126
2202 127
2202 128
2202 129
2202 130
2202 131
2202 132
2202 133
2203 251
2203 252
2203 253
2203 254
2203 255
2203 256
2203 257
2203 258
2203 259
2204 240
2204 241
2204 242
2204 243
2204 244
2204 245
2204 246
2204 247
2204 248
2204 249
2204 250
2204 251
2204 252
2205 230
2205 231
2205 232
2205 233
2205 234
2205 235
2205 236
2205 237
2205 238
2205 239
2205 240
2205 241
2205 242
2205 243
2205 244
2206 220
2206 221
2206 222
2206 223
2206 224
2206 225
2206 226
2206 227
2206 228
2206 229
2206 230
2206 231
2206 232
2206 233
2206 234
2206 235
2206 236
2207 210
2207 211
2207 212
2207 213
2207 214
2207 215
2207 216
2207 217
2207 218
2207 219
2207 220
2207 221
2207 222
2207 223
2207 224
2207 225
2207 226
2207 227
2208 200
2208 201
2208 202
2208 203
2208 204
2208 205
2208 206
2208 207
2208 208
2208 209
2208 210
2208 211
2208 212
2208 213
2208 214
2208 215
2208 216
2208 217
2208 218
2209 189
2209 190
2209 191
2209 192
2209 193
2209 194
2209 195
2209 196
2209 197
2209 198
2209 199
2209 200
2209 201
2209 202
2209 203
2209 204
2209 205
2209 206
2209 207
2209 208
2210 179
2210 180
2210 181
2210 182
2210 183
2210 184
2210 185
2210 186
2210 187
2210 188
2210 189
2210 190
2210 191
2210 192
2210 193
2210 194
2210 195
2210 196
2210 197
2210 198
2210 199
2211 169
2211 170
2211 171
2211 172
2211 173
2211 174
2211 175
2211 176
2211 177
2211 178
2211 179
2211 180
2211 181
2211 182
2211 183
2211 184
2211 185
2211 186
2211 187
2211 188
2211 189
2212 159
2212 160
2212 161
2212 162
2212 163
2212 164
2212 165
2212 166
2212 167
2212 168
2212 169
2212 170
2212 171
2212 172
2212 173
2212 174
2212 175
2212 176
2212 177
2212 178
2212 179
2212 180
2213 150
2213 151
2213 152
2213 153
2213 154
2213 155
2213 156
2213 157
2213 158
2213 159
2213 160
2213 161
2213 162
2213 163
2213 164
2213 165
2213 166
2213 167
2213 168
2213 169
2213 170
2214 141
2214 142
2214 143
2214 144
2214 145
2214 146
2214 147
2214 148
2214 149
2214 150
2214 151
2214 152
2214 153
2214 154
2214 155
2214 156
2214 157
2214 158
2214 159
2214 160
2215 133
2215 134
2215 135
2215 136
2215 137
2215 138
2215 139
2215 140
2215 141
2215 142
2215 143
2215 144
2215 145
2215 146
2215 147
2215 148
2215 149
2215 150
2216 125
2216 126
2216 127
2216 128
2216 129
2216 130
2216 131
2216 132
2216 133
2216 134
2216 135
2216 136
2216 137
2216 138
2216 139
2216 140
2217 119
2217 120
2217 121
2217 122
2217 123
2217 124
2217 125
2217 126
2217 127
2217 128
2217 129
2217 257
2217 258
2217 259
2217 260
2217 261
2217 262
2217 263
2218 246
2218 247
2218 248
2218 249
2218 250
2218 251
2218 252
2218 253
2218 254
2218 255
2218 256
2218 257
2219 236
2219 237
2219 238
2219 239
2219 240
2219 241
2219 242
2219 243
2219 244
2219 245
2219 246
2219 247
2219 248
2219 249
2219 250
2220 226
2220 227
2220 228
2220 229
2220 230
2220 231
2220 232
2220 233
2220 234
2220 235
2220 236
2220 237
2220 238
2220 239
2220 240
2220 241
2220 242
2221 216
2221 217
2221 218
2221 219
2221 220
2221 221
2221 222
2221 223
2221 224
2221 225
2221 226
2221 227
2221 228
2221 229
2221 230
2221 231
2221 232
2221 233
2222 206
2222 207
2222 208
2222 209
2222 210
2222 211
2222 212
2222 213
2222 214
2222 215
2222 216
2222 217
2222 218
2222 219
2222 220
2222 221
2222 222
2222 223
2222 224
2223 195
2223 196
2223 197
2223 198
2223 199
2223 200
2223 201
2223 202
2223 203
2223 204
2223 205
2223 206
2223 207
2223 208
2223 209
2223 210
2223 211
2223 212
2223 213
2223 214
2223 215
2224 185
2224 186
2224 187
2224 188
2224 189
2224 190
2224 191
2224 192
2224 193
2224 194
2224 195
2224 196
2224 197
2224 198
2224 199
2224 200
2224 201
2224 202
2224 203
2224 204
2224 205
2225 175
2225 176
2225 177
2225 178
2225 179
2225 180
2225 181
2225 182
2225 183
2225 184
2225 185
2225 186
2225 187
2225 188
2225 189
2225 190
2225 191
2225 192
2225 193
2225 194
2225 195
2225 196
2226 165
2226 166
2226 167
2226 168
2226 169
2226 170
2226 171
2226 172
2226 173
2226 174
2226 175
2226 176
2226 177
2226 178
2226 179
2226 180
2226 181
2226 182
2226 183
2226 184
2226 185
2226 186
2227 155
2227 156
2227 157
2227 158
2227 159
2227 160
2227 161
2227 162
2227 163
2227 164
2227 165
2227 166
2227 167
2227 168
2227 169
2227 170
2227 171
2227 172
2227 173
2227 174
2227 175
2227 176
2228 146
2228 147
2228 148
2228 149
2228 150
2228 151
2228 152
2228 153
2228 154
2228 155
2228 156
2228 157
2228 158
2228 159
2228 160
2228 161
2228 162
2228 163
2228 164
2228 165
2228 166
2229 138
2229 139
2229 140
2229 141
2229 142
2229 143
2229 144
2229 145
2229 146
2229 147
2229 148
2229 149
2229 150
2229 151
2229 152
2229 153
2229 154
2229 155
2229 156
2229 157
2230 130
2230 131
2230 132
2230 133
2230 134
2230 135
2230 136
2230 137
2230 138
2230 139
2230 140
2230 141
2230 142
2230 143
2230 144
2230 145
2230 146
2230 147
2231 123
2231 124
2231 125
2231 126
2231 127
2231 128
2231 129
2231 130
2231 131
2231 132
2231 133
2231 134
2231 135
2231 136
2232 118
2232 119
2232 120
2232 121
2232 122
2232 123
2232 124
2232 252
2232 253
2232 254
2232 255
2232 256
2232 257
2232 258
2232 259
2232 260
2232 261
2232 262
2233 242
2233 243
2233 244
2233 245
2233 246
2233 247
2233 248
2233 249
2233 250
2233 251
2233 252
2233 253
2233 254
2233 255
2234 232
2234 233
2234 234
2234 235
2234 236
2234 237
2234 238
2234 239
2234 240
2234 241
2234 242
2234 243
2234 244
2234 245
2234 246
2234 247
2234 248
2235 222
2235 223
2235 224
2235 225
2235 226
2235 227
2235 228
2235 229
2235 230
2235 231
2235 232
2235 233
2235 234
2235 235
2235 236
2235 237
2235 238
2235 239
2236 212
2236 213
2236 214
2236 215
2236 216
2236 217
2236 218
2236 219
2236 220
2236 221
2236 222
2236 223
2236 224
2236 225
2236 226
2236 227
2236 228
2236 229
2236 230
2236 231
2237 201
2237 202
2237 203
2237 204
2237 205
2237 206
2237 207
2237 208
2237 209
2237 210
2237 211
2237 212
2237 213
2237 214
2237 215
2237 216
2237 217
2237 218
2237 219
2237 220
2237 221
2238 191
2238 192
2238 193
2238 194
2238 195
2238 196
2238 197
2238 198
2238 199
2238 200
2238 201
2238 202
2238 203
2238 204
2238 205
2238 206
2238 207
2238 208
2238 209
2238 210
2238 211
2238 212
2239 181
2239 182
2239 183
2239 184
2239 185
2239 186
2239 187
2239 188
2239 189
2239 190
2239 191
2239 192
2239 193
2239 194
2239 195
2239 196
2239 197
2239 198
2239 199
2239 200
2239 201
2239 202
2240 171
2240 172
2240 173
2240 174
2240 175
2240 176
2240 177
2240 178
2240 179
2240 180
2240 181
2240 182
2240 183
2240 184
2240 185
2240 186
2240 187
2240 188
2240 189
2240 190
2240 191
2240 192
2241 161
2241 162
2241 163
2241 164
2241 165
2241 166
2241 167
2241 168
2241 169
2241 170
2241 171
2241 172
2241 173
2241 174
2241 175
2241 176
2241 177
2241 178
2241 179
2241 180
2241 181
2241 182
2241 183
2242 152
2242 153
2242 154
2242 155
2242 156
2242 157
2242 158
2242 159
2242 160
2242 161
2242 162
2242 163
2242 164
2242 165
2242 166
2242 167
2242 168
2242 169
2242 170
2242 171
2242 172
2242 173
2243 143
2243 144
2243 145
2243 146
2243 147
2243 148
2243 149
2243 150
2243 151
2243 152
2243 153
2243 154
2243 155
2243 156
2243 157
2243 158
2243 159
2243 160
2243 161
2243 162
2243 163
2244 134
2244 135
2244 136
2244 137
2244 138
2244 139
2244 140
2244 141
2244 142
2244 143
2244 144
2244 145
2244 146
2244 147
2244 148
2244 149
2244 150
2244 151
2244 152
2244 153
2245 127
2245 128
2245 129
2245 130
2245 131
2245 132
2245 133
2245 134
2245 135
2245 136
2245 137
2245 138
2245 139
2245 140
2245 141
2245 142
2245 143
2246 120
2246 121
2246 122
2246 123
2246 124
2246 125
2246 126
2246 127
2246 128
2246 129
2246 130
2246 131
2246 259
2246 260
2246 261
2246 262
2246 263
2246 264
2246 265
2247 248
2247 249
2247 250
2247 251
2247 252
2247 253
2247 254
2247 255
2247 256
2247 257
2247 258
2247 259
2247 260
2248 238
2248 239
2248 240
2248 241
2248 242
2248 243
2248 244
2248 245
2248 246
2248 247
2248 248
2248 249
2248 250
2248 251
2248 252
2248 253
2249 228
2249 229
2249 230
2249 231
2249 232
2249 233
2249 234
2249 235
2249 236
2249 237
2249 238
2249 239
2249 240
2249 241
2249 242
2249 243
2249 244
2249 245
2250 218
2250 219
2250 220
2250 221
2250 222
2250 223
2250 224
2250 225
2250 226
2250 227
2250 228
2250 229
2250 230
2250 231
2250 232
2250 233
2250 234
2250 235
2250 236
2250 237
2251 207
2251 208
2251 209
2251 210
2251 211
2251 212
2251 213
2251 214
2251 215
2251 216
2251 217
2251 218
2251 219
2251 220
2251 221
2251 222
2251 223
2251 224
2251 225
2251 226
2251 227
2251 228
2252 197
2252 198
2252 199
2252 200
2252 201
2252 202
2252 203
2252 204
2252 205
2252 206
2252 207
2252 208
2252 209
2252 210
2252 211
2252 212
2252 213
2252 214
2252 215
2252 216
2252 217
2252 218
2253 187
2253 188
2253 189
2253 190
2253 191
2253 192
2253 193
2253 194
2253 195
2253 196
2253 197
2253 198
2253 199
2253 200
2253 201
2253 202
2253 203
2253 204
2253 205
2253 206
2253 207
2253 208
2253 209
2254 177
2254 178
2254 179
2254 180
2254 181
2254 182
2254 183
2254 184
2254 185
2254 186
2254 187
2254 188
2254 189
2254 190
2254 191
2254 192
2254 193
2254 194
2254 195
2254 196
2254 197
2254 198
2254 199
2255 167
2255 168
2255 169
2255 170
2255 171
2255 172
2255 173
2255 174
2255 175
2255 176
2255 177
2255 178
2255 179
2255 180
2255 181
2255 182
2255 183
2255 184
2255 185
2255 186
2255 187
2255 188
2255 189
2256 157
2256 158
2256 159
2256 160
2256 161
2256 162
2256 163
2256 164
2256 165
2256 166
2256 167
2256 168
2256 169
2256 170
2256 171
2256 172
2256 173
2256 174
2256 175
2256 176
2256 177
2256 178
2256 179
2257 148
2257 149
2257 150
2257 151
2257 152
2257 153
2257 154
2257 155
2257 156
2257 157
2257 158
2257 159
2257 160
2257 161
2257 162
2257 163
2257 164
2257 165
2257 166
2257 167
2257 168
2257 169
2258 139
2258 140
2258 141
2258 142
2258 143
2258 144
2258 145
2258 146
2258 147
2258 148
2258 149
2258 150
2258 151
2258 152
2258 153
2258 154
2258 155
2258 156
2258 157
2258 158
2258 159
2259 131
2259 132
2259 133
2259 134
2259 135
2259 136
2259 137
2259 138
2259 139
2259 140
2259 141
2259 142
2259 143
2259 144
2259 145
2259 146
2259 147
2259 148
2259 149
2260 124
2260 125
2260 126
2260 127
2260 128
2260 129
2260 130
2260 131
2260 132
2260 133
2260 134
2260 135
2260 136
2260 137
2260 138
2261 119
2261 120
2261 121
2261 122
2261 123
2261 124
2261 125
2261 126
2261 255
2261 256
2261 257
2261 258
2261 259
2261 260
2261 261
2261 262
2261 263
2261 264
2262 244
2262 245
2262 246
2262 247
2262 248
2262 249
2262 250
2262 251
2262 252
2262 253
2262 254
2262 255
2262 256
2262 257
2262 258
2263 234
2263 235
2263 236
2263 237
2263 238
2263 239
2263 240
2263 241
2263 242
2263 243
2263 244
2263 245
2263 246
2263 247
2263 248
2263 249
2263 250
2264 224
2264 225
2264 226
2264 227
2264 228
2264 229
2264 230
2264 231
2264 232
2264 233
2264 234
2264 235
2264 236
2264 237
2264 238
2264 239
2264 240
2264 241
2264 242
2265 214
2265 215
2265 216
2265 217
2265 218
2265 219
2265 220
2265 221
2265 222
2265 223
2265 224
2265 225
2265 226
2265 227
2265 228
2265 229
2265 230
2265 231
2265 232
2265 233
2265 234
2266 203
2266 204
2266 205
2266 206
2266 207
2266 208
2266 209
2266 210
2266 211
2266 212
2266 213
2266 214
2266 215
2266 216
2266 217
2266 218
2266 219
2266 220
2266 221
2266 222
2266 223
2266 224
2266 225
2267 193
2267 194
2267 195
2267 196
2267 197
2267 198
2267 199
2267 200
2267 201
2267 202
2267 203
2267 204
2267 205
2267 206
2267 207
2267 208
2267 209
2267 210
2267 211
2267 212
2267 213
2267 214
2267 215
2268 183
2268 184
2268 185
2268 186
2268 187
2268 188
2268 189
2268 190
2268 191
2268 192
2268 193
2268 194
2268 195
2268 196
2268 197
2268 198
2268 199
2268 200
2268 201
2268 202
2268 203
2268 204
2268 205
2269 173
2269 174
2269 175
2269 176
2269 177
2269 178
2269 179
2269 180
2269 181
2269 182
2269 183
2269 184
2269 185
2269 186
2269 187
2269 188
2269 189
2269 190
2269 191
2269 192
2269 193
2269 194
2269 195
2270 163
2270 164
2270 165
2270 166
2270 167
2270 168
2270 169
2270 170
2270 171
2270 172
2270 173
2270 174
2270 175
2270 176
2270 177
2270 178
2270 179
2270 180
2270 181
2270 182
2270 183
2270 184
2270 185
2271 154
2271 155
2271 156
2271 157
2271 158
2271 159
2271 160
2271 161
2271 162
2271 163
2271 164
2271 165
2271 166
2271 167
2271 168
2271 169
2271 170
2271 171
2271 172
2271 173
2271 174
2271 175
2271 176
2272 145
2272 146
2272 147
2272 148
2272 149
2272 150
2272 151
2272 152
2272 153
2272 154
2272 155
2272 156
2272 157
2272 158
2272 159
2272 160
2272 161
2272 162
2272 163
2272 164
2272 165
2273 136
2273 137
2273 138
2273 139
2273 140
2273 141
2273 142
2273 143
2273 144
2273 145
2273 146
2273 147
2273 148
2273 149
2273 150
2273 151
2273 152
2273 153
2273 154
2273 155
2274 128
2274 129
2274 130
2274 131
2274 132
2274 133
2274 134
2274 135
2274 136
2274 137
2274 138
2274 139
2274 140
2274 141
2274 142
2274 143
2274 144
2274 145
2275 122
2275 123
2275 124
2275 125
2275 126
2275 127
2275 128
2275 129
2275 130
2275 131
2275 132
2275 133
2275 134
2275 262
2275 263
2275 264
2275 265
2275 266
2275 267
2276 250
2276 251
2276 252
2276 253
2276 254
2276 255
2276 256
2276 257
2276 258
2276 259
2276 260
2276 261
2276 262
2277 240
2277 241
2277 242
2277 243
2277 244
2277 245
2277 246
2277 247
2277 248
2277 249
2277 250
2277 251
2277 252
2277 253
2277 254
2277 255
2278 230
2278 231
2278 232
2278 233
2278 234
2278 235
2278 236
2278 237
2278 238
2278 239
2278 240
2278 241
2278 242
2278 243
2278 244
2278 245
2278 246
2278 247
2278 248
2279 220
2279 221
2279 222
2279 223
2279 224
2279 225
2279 226
2279 227
2279 228
2279 229
2279 230
2279 231
2279 232
2279 233
2279 234
2279 235
2279 236
2279 237
2279 238
2279 239
2280 210
2280 211
2280 212
2280 213
2280 214
2280 215
2280 216
2280 217
2280 218
2280 219
2280 220
2280 221
2280 222
2280 223
2280 224
2280 225
2280 226
2280 227
2280 228
2280 229
2280 230
2280 231
2281 199
2281 200
2281 201
2281 202
2281 203
2281 204
2281 205
2281 206
2281 207
2281 208
2281 209
2281 210
2281 211
2281 212
2281 213
2281 214
2281 215
2281 216
2281 217
2281 218
2281 219
2281 220
2281 221
2282 189
2282 190
2282 191
2282 192
2282 193
2282 194
2282 195
2282 196
2282 197
2282 198
2282 199
2282 200
2282 201
2282 202
2282 203
2282 204
2282 205
2282 206
2282 207
2282 208
2282 209
2282 210
2282 211
2282 212
2283 179
2283 180
2283 181
2283 182
2283 183
2283 184
2283 185
2283 186
2283 187
2283 188
2283 189
2283 190
2283 191
2283 192
2283 193
2283 194
2283 195
2283 196
2283 197
2283 198
2283 199
2283 200
2283 201
2283 202
2284 169
2284 170
2284 171
2284 172
2284 173
2284 174
2284 175
2284 176
2284 177
2284 178
2284 179
2284 180
2284 181
2284 182
2284 183
2284 184
2284 185
2284 186
2284 187
2284 188
2284 189
2284 190
2284 191
2284 192
2285 159
2285 160
2285 161
2285 162
2285 163
2285 164
2285 165
2285 166
2285 167
2285 168
2285 169
2285 170
2285 171
2285 172
2285 173
2285 174
2285 175
2285 176
2285 177
2285 178
2285 179
2285 180
2285 181
2285 182
2286 150
2286 151
2286 152
2286 153
2286 154
2286 155
2286 156
2286 157
2286 158
2286 159
2286 160
2286 161
2286 162
2286 163
2286 164
2286 165
2286 166
2286 167
2286 168
2286 169
2286 170
2286 171
2286 172
2287 141
2287 142
2287 143
2287 144
2287 145
2287 146
2287 147
2287 148
2287 149
2287 150
2287 151
2287 152
2287 153
2287 154
2287 155
2287 156
2287 157
2287 158
2287 159
2287 160
2287 161
2287 162
2288 133
2288 134
2288 135
2288 136
2288 137
2288 138
2288 139
2288 140
2288 141
2288 142
2288 143
2288 144
2288 145
2288 146
2288 147
2288 148
2288 149
2288 150
2288 151
2289 126
2289 127
2289 128
2289 129
2289 130
2289 131
2289 132
2289 133
2289 134
2289 135
2289 136
2289 137
2289 138
2289 139
2289 140
2289 141
2290 120
2290 121
2290 122
2290 123
2290 124
2290 125
2290 126
2290 127
2290 128
2290 129
2290 258
2290 259
2290 260
2290 261
2290 262
2290 263
2290 264
2290 265
2290 266
2291 246
2291 247
2291 248
2291 249
2291 250
2291 251
2291 252
2291 253
2291 254
2291 255
2291 256
2291 257
2291 258
2291 259
2291 260
2292 236
2292 237
2292 238
2292 239
2292 240
2292 241
2292 242
2292 243
2292 244
2292 245
2292 246
2292 247
2292 248
2292 249
2292 250
2292 251
2292 252
2292 253
2293 226
2293 227
2293 228
2293 229
2293 230
2293 231
2293 232
2293 233
2293 234
2293 235
2293 236
2293 237
2293 238
2293 239
2293 240
2293 241
2293 242
2293 243
2293 244
2293 245
2294 216
2294 217
2294 218
2294 219
2294 220
2294 221
2294 222
2294 223
2294 224
2294 225
2294 226
2294 227
2294 228
2294 229
2294 230
2294 231
2294 232
2294 233
2294 234
2294 235
2294 236
2295 206
2295 207
2295 208
2295 209
2295 210
2295 211
2295 212
2295 213
2295 214
2295 215
2295 216
2295 217
2295 218
2295 219
2295 220
2295 221
2295 222
2295 223
2295 224
2295 225
2295 226
2295 227
2296 195
2296 196
2296 197
2296 198
2296 199
2296 200
2296 201
2296 202
2296 203
2296 204
2296 205
2296 206
2296 207
2296 208
2296 209
2296 210
2296 211
2296 212
2296 213
2296 214
2296 215
2296 216
2296 217
2296 218
2297 185
2297 186
2297 187
2297 188
2297 189
2297 190
2297 191
2297 192
2297 193
2297 194
2297 195
2297 196
2297 197
2297 198
2297 199
2297 200
2297 201
2297 202
2297 203
2297 204
2297 205
2297 206
2297 207
2297 208
2298 175
2298 176
2298 177
2298 178
2298 179
2298 180
2298 181
2298 182
2298 183
2298 184
2298 185
2298 186
2298 187
2298 188
2298 189
2298 190
2298 191
2298 192
2298 193
2298 194
2298 195
2298 196
2298 197
2298 198
2299 165
2299 166
2299 167
2299 168
2299 169
2299 170
2299 171
2299 172
2299 173
2299 174
2299 175
2299 176
2299 177
2299 178
2299 179
2299 180
2299 181
2299 182
2299 183
2299 184
2299 185
2299 186
2299 187
2299 188
2300 156
2300 157
2300 158
2300 159
2300 160
2300 161
2300 162
2300 163
2300 164
2300 165
2300 166
2300 167
2300 168
2300 169
2300 170
2300 171
2300 172
2300 173
2300 174
2300 175
2300 176
2300 177
2300 178
2301 147
2301 148
2301 149
2301 150
2301 151
2301 152
2301 153
2301 154
2301 155
2301 156
2301 157
2301 158
2301 159
2301 160
2301 161
2301 162
2301 163
2301 164
2301 165
2301 166
2301 167
2301 168
2302 138
2302 139
2302 140
2302 141
2302 142
2302 143
2302 144
2302 145
2302 146
2302 147
2302 148
2302 149
2302 150
2302 151
2302 152
2302 153
2302 154
2302 155
2302 156
2302 157
2302 158
2303 130
2303 131
2303 132
2303 133
2303 134
2303 135
2303 136
2303 137
2303 138
2303 139
2303 140
2303 141
2303 142
2303 143
2303 144
2303 145
2303 146
2303 147
2304 123
2304 124
2304 125
2304 126
2304 127
2304 128
2304 129
2304 130
2304 131
2304 132
2304 133
2304 134
2304 135
2304 136
2304 267
2305 121
2305 253
2305 254
2305 255
2305 256
2305 257
2305 258
2305 259
2305 260
2305 261
2305 262
2305 263
2305 264
2306 243
2306 244
2306 245
2306 246
2306 247
2306 248
2306 249
2306 250
2306 251
2306 252
2306 253
2306 254
2306 255
2306 256
2306 257
2306 258
2307 232
2307 233
2307 234
2307 235
2307 236
2307 237
2307 238
2307 239
2307 240
2307 241
2307 242
2307 243
2307 244
2307 245
2307 246
2307 247
2307 248
2307 249
2307 250
2308 222
2308 223
2308 224
2308 225
2308 226
2308 227
2308 228
2308 229
2308 230
2308 231
2308 232
2308 233
2308 234
2308 235
2308 236
2308 237
2308 238
2308 239
2308 240
2308 241
2308 242
2309 212
2309 213
2309 214
2309 215
2309 216
2309 217
2309 218
2309 219
2309 220
2309 221
2309 222
2309 223
2309 224
2309 225
2309 226
2309 227
2309 228
2309 229
2309 230
2309 231
2309 232
2309 233
2310 202
2310 203
2310 204
2310 205
2310 206
2310 207
2310 208
2310 209
2310 210
2310 211
2310 212
2310 213
2310 214
2310 215
2310 216
2310 217
2310 218
2310 219
2310 220
2310 221
2310 222
2310 223
2310 224
2311 192
2311 193
2311 194
2311 195
2311 196
2311 197
2311 198
2311 199
2311 200
2311 201
2311 202
2311 203
2311 204
2311 205
2311 206
2311 207
2311 208
2311 209
2311 210
2311 211
2311 212
2311 213
2311 214
2312 181
2312 182
2312 183
2312 184
2312 185
2312 186
2312 187
2312 188
2312 189
2312 190
2312 191
2312 192
2312 193
2312 194
2312 195
2312 196
2312 197
2312 198
2312 199
2312 200
2312 201
2312 202
2312 203
2312 204
2313 171
2313 172
2313 173
2313 174
2313 175
2313 176
2313 177
2313 178
2313 179
2313 180
2313 181
2313 182
2313 183
2313 184
2313 185
2313 186
2313 187
2313 188
2313 189
2313 190
2313 191
2313 192
2313 193
2313 194
2314 162
2314 163
2314 164
2314 165
2314 166
2314 167
2314 168
2314 169
2314 170
2314 171
2314 172
2314 173
2314 174
2314 175
2314 176
2314 177
2314 178
2314 179
2314 180
2314 181
2314 182
2314 183
2314 184
2315 152
2315 153
2315 154
2315 155
2315 156
2315 157
2315 158
2315 159
2315 160
2315 161
2315 162
2315 163
2315 164
2315 165
2315 166
2315 167
2315 168
2315 169
2315 170
2315 171
2315 172
2315 173
2315 174
2316 143
2316 144
2316 145
2316 146
2316 147
2316 148
2316 149
2316 150
2316 151
2316 152
2316 153
2316 154
2316 155
2316 156
2316 157
2316 158
2316 159
2316 160
2316 161
2316 162
2316 163
2316 164
2317 135
2317 136
2317 137
2317 138
2317 139
2317 140
2317 141
2317 142
2317 143
2317 144
2317 145
2317 146
2317 147
2317 148
2317 149
2317 150
2317 151
2317 152
2317 153
2318 127
2318 128
2318 129
2318 130
2318 131
2318 132
2318 133
2318 134
2318 135
2318 136
2318 137
2318 138
2318 139
2318 140
2318 141
2318 142
2319 121
2319 122
2319 123
2319 124
2319 125
2319 126
2319 127
2319 128
2319 129
2319 130
2319 261
2319 262
2319 263
2319 264
2319 265
2319 266
2319 267
2319 268
2320 249
2320 250
2320 251
2320 252
2320 253
2320 254
2320 255
2320 256
2320 257
2320 258
2320 259
2320 260
2320 261
2320 262
2321 239
2321 240
2321 241
2321 242
2321 243
2321 244
2321 245
2321 246
2321 247
2321 248
2321 249
2321 250
2321 251
2321 252
2321 253
2321 254
2321 255
2322 228
2322 229
2322 230
2322 231
2322 232
2322 233
2322 234
2322 235
2322 236
2322 237
2322 238
2322 239
2322 240
2322 241
2322 242
2322 243
2322 244
2322 245
2322 246
2322 247
2323 218
2323 219
2323 220
2323 221
2323 222
2323 223
2323 224
2323 225
2323 226
2323 227
2323 228
2323 229
2323 230
2323 231
2323 232
2323 233
2323 234
2323 235
2323 236
2323 237
2323 238
2323 239
2324 208
2324 209
2324 210
2324 211
2324 212
2324 213
2324 214
2324 215
2324 216
2324 217
2324 218
2324 219
2324 220
2324 221
2324 222
2324 223
2324 224
2324 225
2324 226
2324 227
2324 228
2324 229
2324 230
2325 198
2325 199
2325 200
2325 201
2325 202
2325 203
2325 204
2325 205
2325 206
2325 207
2325 208
2325 209
2325 210
2325 211
2325 212
2325 213
2325 214
2325 215
2325 216
2325 217
2325 218
2325 219
2325 220
2326 188
2326 189
2326 190
2326 191
2326 192
2326 193
2326 194
2326 195
2326 196
2326 197
2326 198
2326 199
2326 200
2326 201
2326 202
2326 203
2326 204
2326 205
2326 206
2326 207
2326 208
2326 209
2326 210
2326 211
2327 178
2327 179
2327 180
2327 181
2327 182
2327 183
2327 184
2327 185
2327 186
2327 187
2327 188
2327 189
2327 190
2327 191
2327 192
2327 193
2327 194
2327 195
2327 196
2327 197
2327 198
2327 199
2327 200
2327 201
2328 168
2328 169
2328 170
2328 171
2328 172
2328 173
2328 174
2328 175
2328 176
2328 177
2328 178
2328 179
2328 180
2328 181
2328 182
2328 183
2328 184
2328 185
2328 186
2328 187
2328 188
2328 189
2328 190
2328 191
2329 158
2329 159
2329 160
2329 161
2329 162
2329 163
2329 164
2329 165
2329 166
2329 167
2329 168
2329 169
2329 170
2329 171
2329 172
2329 173
2329 174
2329 175
2329 176
2329 177
2329 178
2329 179
2329 180
2330 149
2330 150
2330 151
2330 152
2330 153
2330 154
2330 155
2330 156
2330 157
2330 158
2330 159
2330 160
2330 161
2330 162
2330 163
2330 164
2330 165
2330 166
2330 167
2330 168
2330 169
2330 170
2331 140
2331 141
2331 142
2331 143
2331 144
2331 145
2331 146
2331 147
2331 148
2331 149
2331 150
2331 151
2331 152
2331 153
2331 154
2331 155
2331 156
2331 157
2331 158
2331 159
2331 160
2332 132
2332 133
2332 134
2332 135
2332 136
2332 137
2332 138
2332 139
2332 140
2332 141
2332 142
2332 143
2332 144
2332 145
2332 146
2332 147
2332 148
2332 149
2333 125
2333 126
2333 127
2333 128
2333 129
2333 130
2333 131
2333 132
2333 133
2333 134
2333 135
2333 136
2333 137
2334 257
2334 258
2334 259
2334 260
2334 261
2334 262
2334 263
2334 264
2334 265
2334 266
2335 245
2335 246
2335 247
2335 248
2335 249
2335 250
2335 251
2335 252
2335 253
2335 254
2335 255
2335 256
2335 257
2335 258
2335 259
2335 260
2336 235
2336 236
2336 237
2336 238
2336 239
2336 240
2336 241
2336 242
2336 243
2336 244
2336 245
2336 246
2336 247
2336 248
2336 249
2336 250
2336 251
2336 252
2337 225
2337 226
2337 227
2337 228
2337 229
2337 230
2337 231
2337 232
2337 233
2337 234
2337 235
2337 236
2337 237
2337 238
2337 239
2337 240
2337 241
2337 242
2337 243
2337 244
2338 215
2338 216
2338 217
2338 218
2338 219
2338 220
2338 221
2338 222
2338 223
2338 224
2338 225
2338 226
2338 227
2338 228
2338 229
2338 230
2338 231
2338 232
2338 233
2338 234
2338 235
2338 236
2339 204
2339 205
2339 206
2339 207
2339 208
2339 209
2339 210
2339 211
2339 212
2339 213
2339 214
2339 215
2339 216
2339 217
2339 218
2339 219
2339 220
2339 221
2339 222
2339 223
2339 224
2339 225
2339 226
2340 194
2340 195
2340 196
2340 197
2340 198
2340 199
2340 200
2340 201
2340 202
2340 203
2340 204
2340 205
2340 206
2340 207
2340 208
2340 209
2340 210
2340 211
2340 212
2340 213
2340 214
2340 215
2340 216
2340 217
2341 184
2341 185
2341 186
2341 187
2341 188
2341 189
2341 190
2341 191
2341 192
2341 193
2341 194
2341 195
2341 196
2341 197
2341 198
2341 199
2341 200
2341 201
2341 202
2341 203
2341 204
2341 205
2341 206
2341 207
2342 174
2342 175
2342 176
2342 177
2342 178
2342 179
2342 180
2342 181
2342 182
2342 183
2342 184
2342 185
2342 186
2342 187
2342 188
2342 189
2342 190
2342 191
2342 192
2342 193
2342 194
2342 195
2342 196
2342 197
2343 164
2343 165
2343 166
2343 167
2343 168
2343 169
2343 170
2343 171
2343 172
2343 173
2343 174
2343 175
2343 176
2343 177
2343 178
2343 179
2343 180
2343 181
2343 182
2343 183
2343 184
2343 185
2343 186
2344 155
2344 156
2344 157
2344 158
2344 159
2344 160
2344 161
2344 162
2344 163
2344 164
2344 165
2344 166
2344 167
2344 168
2344 169
2344 170
2344 171
2344 172
2344 173
2344 174
2344 175
2344 176
2345 146
2345 147
2345 148
2345 149
2345 150
2345 151
2345 152
2345 153
2345 154
2345 155
2345 156
2345 157
2345 158
2345 159
2345 160
2345 161
2345 162
2345 163
2345 164
2345 165
2345 166
2346 137
2346 138
2346 139
2346 140
2346 141
2346 142
2346 143
2346 144
2346 145
2346 146
2346 147
2346 148
2346 149
2346 150
2346 151
2346 152
2346 153
2346 154
2346 155
2347 130
2347 131
2347 132
2347 133
2347 134
2347 135
2347 136
2347 137
2347 138
2347 139
2347 140
2347 141
2347 142
2347 143
2347 144
2348 124
2348 125
2348 126
2348 127
2348 128
2348 129
2348 130
2348 131
2348 132
2348 267
2349 253
2349 254
2349 255
2349 256
2349 257
2349 258
2349 259
2349 260
2349 261
2349 262
2349 263
2349 264
2350 242
2350 243
2350 244
2350 245
2350 246
2350 247
2350 248
2350 249
2350 250
2350 251
2350 252
2350 253
2350 254
2350 255
2350 256
2350 257
2351 231
2351 232
2351 233
2351 234
2351 235
2351 236
2351 237
2351 238
2351 239
2351 240
2351 241
2351 242
2351 243
2351 244
2351 245
2351 246
2351 247
2351 248
2351 249
2351 250
2352 221
2352 222
2352 223
2352 224
2352 225
2352 226
2352 227
2352 228
2352 229
2352 230
2352 231
2352 232
2352 233
2352 234
2352 235
2352 236
2352 237
2352 238
2352 239
2352 240
2352 241
2353 211
2353 212
2353 213
2353 214
2353 215
2353 216
2353 217
2353 218
2353 219
2353 220
2353 221
2353 222
2353 223
2353 224
2353 225
2353 226
2353 227
2353 228
2353 229
2353 230
2353 231
2353 232
2354 201
2354 202
2354 203
2354 204
2354 205
2354 206
2354 207
2354 208
2354 209
2354 210
2354 211
2354 212
2354 213
2354 214
2354 215
2354 216
2354 217
2354 218
2354 219
2354 220
2354 221
2354 222
2354 223
2355 191
2355 192
2355 193
2355 194
2355 195
2355 196
2355 197
2355 198
2355 199
2355 200
2355 201
2355 202
2355 203
2355 204
2355 205
2355 206
2355 207
2355 208
2355 209
2355 210
2355 211
2355 212
2355 213
2356 180
2356 181
2356 182
2356 183
2356 184
2356 185
2356 186
2356 187
2356 188
2356 189
2356 190
2356 191
2356 192
2356 193
2356 194
2356 195
2356 196
2356 197
2356 198
2356 199
2356 200
2356 201
2356 202
2356 203
2357 170
2357 171
2357 172
2357 173
2357 174
2357 175
2357 176
2357 177
2357 178
2357 179
2357 180
2357 181
2357 182
2357 183
2357 184
2357 185
2357 186
2357 187
2357 188
2357 189
2357 190
2357 191
2357 192
2357 193
2358 161
2358 162
2358 163
2358 164
2358 165
2358 166
2358 167
2358 168
2358 169
2358 170
2358 171
2358 172
2358 173
2358 174
2358 175
2358 176
2358 177
2358 178
2358 179
2358 180
2358 181
2358 182
2359 151
2359 152
2359 153
2359 154
2359 155
2359 156
2359 157
2359 158
2359 159
2359 160
2359 161
2359 162
2359 163
2359 164
2359 165
2359 166
2359 167
2359 168
2359 169
2359 170
2359 171
2359 172
2360 143
2360 144
2360 145
2360 146
2360 147
2360 148
2360 149
2360 150
2360 151
2360 152
2360 153
2360 154
2360 155
2360 156
2360 157
2360 158
2360 159
2360 160
2360 161
2361 134
2361 135
2361 136
2361 137
2361 138
2361 139
2361 140
2361 141
2361 142
2361 143
2361 144
2361 145
2361 146
2361 147
2361 148
2361 149
2361 150
2362 127
2362 128
2362 129
2362 130
2362 131
2362 132
2362 133
2362 134
2362 135
2362 136
2362 137
2362 138
2362 139
2363 261
2363 262
2363 263
2363 264
2363 265
2363 266
2363 267
2364 249
2364 250
2364 251
2364 252
2364 253
2364 254
2364 255
2364 256
2364 257
2364 258
2364 259
2364 260
2364 261
2364 262
2365 238
2365 239
2365 240
2365 241
2365 242
2365 243
2365 244
2365 245
2365 246
2365 247
2365 248
2365 249
2365 250
2365 251
2365 252
2365 253
2365 254
2365 255
2366 228
2366 229
2366 230
2366 231
2366 232
2366 233
2366 234
2366 235
2366 236
2366 237
2366 238
2366 239
2366 240
2366 241
2366 242
2366 243
2366 244
2366 245
2366 246
2367 218
2367 219
2367 220
2367 221
2367 222
2367 223
2367 224
2367 225
2367 226
2367 227
2367 228
2367 229
2367 230
2367 231
2367 232
2367 233
2367 234
2367 235
2367 236
2367 237
2367 238
2368 207
2368 208
2368 209
2368 210
2368 211
2368 212
2368 213
2368 214
2368 215
2368 216
2368 217
2368 218
2368 219
2368 220
2368 221
2368 222
2368 223
2368 224
2368 225
2368 226
2368 227
2368 228
2368 229
2369 197
2369 198
2369 199
2369 200
2369 201
2369 202
2369 203
2369 204
2369 205
2369 206
2369 207
2369 208
2369 209
2369 210
2369 211
2369 212
2369 213
2369 214
2369 215
2369 216
2369 217
2369 218
2369 219
2370 187
2370 188
2370 189
2370 190
2370 191
2370 192
2370 193
2370 194
2370 195
2370 196
2370 197
2370 198
2370 199
2370 200
2370 201
2370 202
2370 203
2370 204
2370 205
2370 206
2370 207
2370 208
2370 209
2371 177
2371 178
2371 179
2371 180
2371 181
2371 182
2371 183
2371 184
2371 185
2371 186
2371 187
2371 188
2371 189
2371 190
2371 191
2371 192
2371 193
2371 194
2371 195
2371 196
2371 197
2371 198
2371 199
2372 167
2372 168
2372 169
2372 170
2372 171
2372 172
2372 173
2372 174
2372 175
2372 176
2372 177
2372 178
2372 179
2372 180
2372 181
2372 182
2372 183
2372 184
2372 185
2372 186
2372 187
2372 188
2373 157
2373 158
2373 159
2373 160
2373 161
2373 162
2373 163
2373 164
2373 165
2373 166
2373 167
2373 168
2373 169
2373 170
2373 171
2373 172
2373 173
2373 174
2373 175
2373 176
2373 177
2373 178
2374 148
2374 149
2374 150
2374 151
2374 152
2374 153
2374 154
2374 155
2374 156
2374 157
2374 158
2374 159
2374 160
2374 161
2374 162
2374 163
2374 164
2374 165
2374 166
2374 167
2375 140
2375 141
2375 142
2375 143
2375 144
2375 145
2375 146
2375 147
2375 148
2375 149
2375 150
2375 151
2375 152
2375 153
2375 154
2375 155
2375 156
2375 157
2376 132
2376 133
2376 134
2376 135
2376 136
2376 137
2376 138
2376 139
2376 140
2376 141
2376 142
2376 143
2376 144
2376 145
2377 126
2377 127
2377 128
2377 129
2377 130
2377 131
2377 132
2378 257
2378 258
2378 259
2378 260
2378 261
2378 262
2378 263
2378 264
2378 265
2379 245
2379 246
2379 247
2379 248
2379 249
2379 250
2379 251
2379 252
2379 253
2379 254
2379 255
2379 256
2379 257
2379 258
2379 259
2380 235
2380 236
2380 237
2380 238
2380 239
2380 240
2380 241
2380 242
2380 243
2380 244
2380 245
2380 246
2380 247
2380 248
2380 249
2380 250
2380 251
2380 252
2381 224
2381 225
2381 226
2381 227
2381 228
2381 229
2381 230
2381 231
2381 232
2381 233
2381 234
2381 235
2381 236
2381 237
2381 238
2381 239
2381 240
2381 241
2381 242
2381 243
2382 214
2382 215
2382 216
2382 217
2382 218
2382 219
2382 220
2382 221
2382 222
2382 223
2382 224
2382 225
2382 226
2382 227
2382 228
2382 229
2382 230
2382 231
2382 232
2382 233
2382 234
2383 204
2383 205
2383 206
2383 207
2383 208
2383 209
2383 210
2383 211
2383 212
2383 213
2383 214
2383 215
2383 216
2383 217
2383 218
2383 219
2383 220
2383 221
2383 222
2383 223
2383 224
2383 225
2384 194
2384 195
2384 196
2384 197
2384 198
2384 199
2384 200
2384 201
2384 202
2384 203
2384 204
2384 205
2384 206
2384 207
2384 208
2384 209
2384 210
2384 211
2384 212
2384 213
2384 214
2384 215
2385 183
2385 184
2385 185
2385 186
2385 187
2385 188
2385 189
2385 190
2385 191
2385 192
2385 193
2385 194
2385 195
2385 196
2385 197
2385 198
2385 199
2385 200
2385 201
2385 202
2385 203
2385 204
2385 205
2386 173
2386 174
2386 175
2386 176
2386 177
2386 178
2386 179
2386 180
2386 181
2386 182
2386 183
2386 184
2386 185
2386 186
2386 187
2386 188
2386 189
2386 190
2386 191
2386 192
2386 193
2386 194
2386 195
2387 164
2387 165
2387 166
2387 167
2387 168
2387 169
2387 170
2387 171
2387 172
2387 173
2387 174
2387 175
2387 176
2387 177
2387 178
2387 179
2387 180
2387 181
2387 182
2387 183
2387 184
2388 154
2388 155
2388 156
2388 157
2388 158
2388 159
2388 160
2388 161
2388 162
2388 163
2388 164
2388 165
2388 166
2388 167
2388 168
2388 169
2388 170
2388 171
2388 172
2388 173
2389 145
2389 146
2389 147
2389 148
2389 149
2389 150
2389 151
2389 152
2389 153
2389 154
2389 155
2389 156
2389 157
2389 158
2389 159
2389 160
2389 161
2389 162
2389 163
2390 137
2390 138
2390 139
2390 140
2390 141
2390 142
2390 143
2390 144
2390 145
2390 146
2390 147
2390 148
2390 149
2390 150
2390 151
2390 152
2391 130
2391 131
2391 132
2391 133
2391 134
2391 135
2391 136
2391 137
2391 138
2391 139
2391 140
2393 253
2393 254
2393 255
2393 256
2393 257
2393 258
2393 259
2393 260
2393 261
2393 262
2393 263
2394 242
2394 243
2394 244
2394 245
2394 246
2394 247
2394 248
2394 249
2394 250
2394 251
2394 252
2394 253
2394 254
2394 255
2394 256
2395 231
2395 232
2395 233
2395 234
2395 235
2395 236
2395 237
2395 238
2395 239
2395 240
2395 241
2395 242
2395 243
2395 244
2395 245
2395 246
2395 247
2395 248
2396 221
2396 222
2396 223
2396 224
2396 225
2396 226
2396 227
2396 228
2396 229
2396 230
2396 231
2396 232
2396 233
2396 234
2396 235
2396 236
2396 237
2396 238
2396 239
2396 240
2397 211
2397 212
2397 213
2397 214
2397 215
2397 216
2397 217
2397 218
2397 219
2397 220
2397 221
2397 222
2397 223
2397 224
2397 225
2397 226
2397 227
2397 228
2397 229
2397 230
2397 231
2398 200
2398 201
2398 202
2398 203
2398 204
2398 205
2398 206
2398 207
2398 208
2398 209
2398 210
2398 211
2398 212
2398 213
2398 214
2398 215
2398 216
2398 217
2398 218
2398 219
2398 220
2398 221
2399 190
2399 191
2399 192
2399 193
2399 194
2399 195
2399 196
2399 197
2399 198
2399 199
2399 200
2399 201
2399 202
2399 203
2399 204
2399 205
2399 206
2399 207
2399 208
2399 209
2399 210
2399 211
2400 180
2400 181
2400 182
2400 183
2400 184
2400 185
2400 186
2400 187
2400 188
2400 189
2400 190
2400 191
2400 192
2400 193
2400 194
2400 195
2400 196
2400 197
2400 198
2400 199
2400 200
2400 201
2401 170
2401 171
2401 172
2401 173
2401 174
2401 175
2401 176
2401 177
2401 178
2401 179
2401 180
2401 181
2401 182
2401 183
2401 184
2401 185
2401 186
2401 187
2401 188
2401 189
2401 190
2402 160
2402 161
2402 162
2402 163
2402 164
2402 165
2402 166
2402 167
2402 168
2402 169
2402 170
2402 171
2402 172
2402 173
2402 174
2402 175
2402 176
2402 177
2402 178
2402 179
2403 151
2403 152
2403 153
2403 154
2403 155
2403 156
2403 157
2403 158
2403 159
2403 160
2403 161
2403 162
2403 163
2403 164
2403 165
2403 166
2403 167
2403 168
2403 169
2404 143
2404 144
2404 145
2404 146
2404 147
2404 148
2404 149
2404 150
2404 151
2404 152
2404 153
2404 154
2404 155
2404 156
2404 157
2404 158
2405 135
2405 136
2405 137
2405 138
2405 139
2405 140
2405 141
2405 142
2405 143
2405 144
2405 145
2405 146
2407 263
2407 264
2408 249
2408 250
2408 251
2408 252
2408 253
2408 254
2408 255
2408 256
2408 257
2408 258
2408 259
2408 260
2409 238
2409 239
2409 240
2409 241
2409 242
2409 243
2409 244
2409 245
2409 246
2409 247
2409 248
2409 249
2409 250
2409 251
2409 252
2409 253
2410 228
2410 229
2410 230
2410 231
2410 232
2410 233
2410 234
2410 235
2410 236
2410 237
2410 238
2410 239
2410 240
2410 241
2410 242
2410 243
2410 244
2410 245
2411 217
2411 218
2411 219
2411 220
2411 221
2411 222
2411 223
2411 224
2411 225
2411 226
2411 227
2411 228
2411 229
2411 230
2411 231
2411 232
2411 233
2411 234
2411 235
2411 236
2412 207
2412 208
2412 209
2412 210
2412 211
2412 212
2412 213
2412 214
2412 215
2412 216
2412 217
2412 218
2412 219
2412 220
2412 221
2412 222
2412 223
2412 224
2412 225
2412 226
2412 227
2413 197
2413 198
2413 199
2413 200
2413 201
2413 202
2413 203
2413 204
2413 205
2413 206
2413 207
2413 208
2413 209
2413 210
2413 211
2413 212
2413 213
2413 214
2413 215
2413 216
2413 217
2414 187
2414 188
2414 189
2414 190
2414 191
2414 192
2414 193
2414 194
2414 195
2414 196
2414 197
2414 198
2414 199
2414 200
2414 201
2414 202
2414 203
2414 204
2414 205
2414 206
2414 207
2415 177
2415 178
2415 179
2415 180
2415 181
2415 182
2415 183
2415 184
2415 185
2415 186
2415 187
2415 188
2415 189
2415 190
2415 191
2415 192
2415 193
2415 194
2415 195
2415 196
2416 167
2416 168
2416 169
2416 170
2416 171
2416 172
2416 173
2416 174
2416 175
2416 176
2416 177
2416 178
2416 179
2416 180
2416 181
2416 182
2416 183
2416 184
2416 185
2417 157
2417 158
2417 159
2417 160
2417 161
2417 162
2417 163
2417 164
2417 165
2417 166
2417 167
2417 168
2417 169
2417 170
2417 171
2417 172
2417 173
2417 174
2417 175
2418 148
2418 149
2418 150
2418 151
2418 152
2418 153
2418 154
2418 155
2418 156
2418 157
2418 158
2418 159
2418 160
2418 161
2418 162
2418 163
2418 164
2419 140
2419 141
2419 142
2419 143
2419 144
2419 145
2419 146
2419 147
2419 148
2419 149
2419 150
2419 151
2419 152
2420 134
2420 135
2420 136
2420 137
2420 138
2420 139
2422 258
2422 259
2422 260
2422 261
2422 262
2422 263
2423 246
2423 247
2423 248
2423 249
2423 250
2423 251
2423 252
2423 253
2423 254
2423 255
2423 256
2423 257
2423 258
2424 235
2424 236
2424 237
2424 238
2424 239
2424 240
2424 241
2424 242
2424 243
2424 244
2424 245
2424 246
2424 247
2424 248
2424 249
2424 250
2425 224
2425 225
2425 226
2425 227
2425 228
2425 229
2425 230
2425 231
2425 232
2425 233
2425 234
2425 235
2425 236
2425 237
2425 238
2425 239
2425 240
2425 241
2426 214
2426 215
2426 216
2426 217
2426 218
2426 219
2426 220
2426 221
2426 222
2426 223
2426 224
2426 225
2426 226
2426 227
2426 228
2426 229
2426 230
2426 231
2426 232
2427 204
2427 205
2427 206
2427 207
2427 208
2427 209
2427 210
2427 211
2427 212
2427 213
2427 214
2427 215
2427 216
2427 217
2427 218
2427 219
2427 220
2427 221
2427 222
2427 223
2428 194
2428 195
2428 196
2428 197
2428 198
2428 199
2428 200
2428 201
2428 202
2428 203
2428 204
2428 205
2428 206
2428 207
2428 208
2428 209
2428 210
2428 211
2428 212
2428 213
2429 184
2429 185
2429 186
2429 187
2429 188
2429 189
2429 190
2429 191
2429 192
2429 193
2429 194
2429 195
2429 196
2429 197
2429 198
2429 199
2429 200
2429 201
2429 202
2430 174
2430 175
2430 176
2430 177
2430 178
2430 179
2430 180
2430 181
2430 182
2430 183
2430 184
2430 185
2430 186
2430 187
2430 188
2430 189
2430 190
2430 191
2431 164
2431 165
2431 166
2431 167
2431 168
2431 169
2431 170
2431 171
2431 172
2431 173
2431 174
2431 175
2431 176
2431 177
2431 178
2431 179
2431 180
2431 181
2432 155
2432 156
2432 157
2432 158
2432 159
2432 160
2432 161
2432 162
2432 163
2432 164
2432 165
2432 166
2432 167
2432 168
2432 169
2432 170
2433 146
2433 147
2433 148
2433 149
2433 150
2433 151
2433 152
2433 153
2433 154
2433 155
2433 156
2433 157
2433 158
2434 139
2434 140
2434 141
2434 142
2434 143
2434 144
2434 145
2434 146
2437 255
2437 256
2437 257
2437 258
2437 259
2437 260
2437 261
2438 243
2438 244
2438 245
2438 246
2438 247
2438 248
2438 249
2438 250
2438 251
2438 252
2438 253
2438 254
2439 232
2439 233
2439 234
2439 235
2439 236
2439 237
2439 238
2439 239
2439 240
2439 241
2439 242
2439 243
2439 244
2439 245
2439 246
2440 221
2440 222
2440 223
2440 224
2440 225
2440 226
2440 227
2440 228
2440 229
2440 230
2440 231
2440 232
2440 233
2440 234
2440 235
2440 236
2440 237
2440 238
2441 211
2441 212
2441 213
2441 214
2441 215
2441 216
2441 217
2441 218
2441 219
2441 220
2441 221
2441 222
2441 223
2441 224
2441 225
2441 226
2441 227
2441 228
2442 201
2442 202
2442 203
2442 204
2442 205
2442 206
2442 207
2442 208
2442 209
2442 210
2442 211
2442 212
2442 213
2442 214
2442 215
2442 216
2442 217
2442 218
2443 191
2443 192
2443 193
2443 194
2443 195
2443 196
2443 197
2443 198
2443 199
2443 200
2443 201
2443 202
2443 203
2443 204
2443 205
2443 206
2443 207
2443 208
2444 181
2444 182
2444 183
2444 184
2444 185
2444 186
2444 187
2444 188
2444 189
2444 190
2444 191
2444 192
2444 193
2444 194
2444 195
2444 196
2444 197
2445 171
2445 172
2445 173
2445 174
2445 175
2445 176
2445 177
2445 178
2445 179
2445 180
2445 181
2445 182
2445 183
2445 184
2445 185
2445 186
2446 161
2446 162
2446 163
2446 164
2446 165
2446 166
2446 167
2446 168
2446 169
2446 170
2446 171
2446 172
2446 173
2446 174
2446 175
2447 152
2447 153
2447 154
2447 155
2447 156
2447 157
2447 158
2447 159
2447 160
2447 161
2447 162
2447 163
2447 164
2448 145
2448 146
2448 147
2448 148
2448 149
2448 150
2448 151
2448 152
2452 251
2452 252
2452 253
2452 254
2452 255
2452 256
2452 257
2452 258
2453 239
2453 240
2453 241
2453 242
2453 243
2453 244
2453 245
2453 246
2453 247
2453 248
2453 249
2453 250
2453 251
2454 229
2454 230
2454 231
2454 232
2454 233
2454 234
2454 235
2454 236
2454 237
2454 238
2454 239
2454 240
2454 241
2454 242
2454 243
2455 218
2455 219
2455 220
2455 221
2455 222
2455 223
2455 224
2455 225
2455 226
2455 227
2455 228
2455 229
2455 230
2455 231
2455 232
2455 233
2455 234
2456 208
2456 209
2456 210
2456 211
2456 212
2456 213
2456 214
2456 215
2456 216
2456 217
2456 218
2456 219
2456 220
2456 221
2456 222
2456 223
2456 224
2457 198
2457 199
2457 200
2457 201
2457 202
2457 203
2457 204
2457 205
2457 206
2457 207
2457 208
2457 209
2457 210
2457 211
2457 212
2457 213
2457 214
2458 188
2458 189
2458 190
2458 191
2458 192
2458 193
2458 194
2458 195
2458 196
2458 197
2458 198
2458 199
2458 200
2458 201
2458 202
2458 203
2459 178
2459 179
2459 180
2459 181
2459 182
2459 183
2459 184
2459 185
2459 186
2459 187
2459 188
2459 189
2459 190
2459 191
2459 192
2460 168
2460 169
2460 170
2460 171
2460 172
2460 173
2460 174
2460 175
2460 176
2460 177
2460 178
2460 179
2460 180
2460 181
2461 159
2461 160
2461 161
2461 162
2461 163
2461 164
2461 165
2461 166
2461 167
2461 168
2461 169
2462 151
2462 152
2462 153
2462 154
2462 155
2462 156
2462 157
2467 248
2467 249
2467 250
2467 251
2467 252
2467 253
2467 254
2468 237
2468 238
2468 239
2468 240
2468 241
2468 242
2468 243
2468 244
2468 245
2468 246
2468 247
2469 226
2469 227
2469 228
2469 229
2469 230
2469 231
2469 232
2469 233
2469 234
2469 235
2469 236
2469 237
2469 238
2469 239
2470 216
2470 217
2470 218
2470 219
2470 220
2470 221
2470 222
2470 223
2470 224
2470 225
2470 226
2470 227
2470 228
2470 229
2471 205
2471 206
2471 207
2471 208
2471 209
2471 210
2471 211
2471 212
2471 213
2471 214
2471 215
2471 216
2471 217
2471 218
2471 219
2472 195
2472 196
2472 197
2472 198
2472 199
2472 200
2472 201
2472 202
2472 203
2472 204
2472 205
2472 206
2472 207
2472 208
2472 209
2473 185
2473 186
2473 187
2473 188
2473 189
2473 190
2473 191
2473 192
2473 193
2473 194
2473 195
2473 196
2473 197
2473 198
2474 176
2474 177
2474 178
2474 179
2474 180
2474 181
2474 182
2474 183
2474 184
2474 185
2474 186
2475 166
2475 167
2475 168
2475 169
2475 170
2475 171
2475 172
2475 173
2475 174
2475 175
2476 159
2476 160
2476 161
2476 162
2482 246
2482 247
2482 248
2482 249
2482 250
2482 251
2483 234
2483 235
2483 236
2483 237
2483 238
2483 239
2483 240
2483 241
2483 242
2483 243
2484 223
2484 224
2484 225
2484 226
2484 227
2484 228
2484 229
2484 230
2484 231
2484 232
2484 233
2484 234
2485 213
2485 214
2485 215
2485 216
2485 217
2485 218
2485 219
2485 220
2485 221
2485 222
2485 223
2485 224
2486 203
2486 204
2486 205
2486 206
2486 207
2486 208
2486 209
2486 210
2486 211
2486 212
2486 213
2486 214
2487 193
2487 194
2487 195
2487 196
2487 197
2487 198
2487 199
2487 200
2487 201
2487 202
2487 203
2488 184
2488 185
2488 186
2488 187
2488 188
2488 189
2488 190
2488 191
2489 175
2489 176
2489 177
2489 178
2489 179
2497 245
2498 232
2498 233
2498 234
2498 235
2498 236
2498 237
2498 238
2499 222
2499 223
2499 224
2499 225
2499 226
2499 227
2499 228
2499 229
2500 212
2500 213
2500 214
2500 215
2500 216
2500 217
2500 218
2500 219
2501 202
2501 203
2501 204
2501 205
2501 206
2501 207
4124 175
4124 176
4124 177
4124 178
4124 179
4125 167
4125 168
4125 169
4125 170
4125 171
4125 172
4126 160
4126 161
4126 162
4126 163
4126 164
4138 179
4138 180
4138 181
4138 182
4138 183
4138 184
4139 170
4139 171
4139 172
4139 173
4139 174
4139 175
4139 176
4139 177
4139 178
4140 163
4140 164
4140 165
4140 166
4140 167
4140 168
4140 169
4140 170
4140 171
4141 156
4141 157
4141 158
4141 159
4141 160
4141 161
4141 162
4141 163
4142 150
4142 151
4142 152
4142 153
4142 154
4152 184
4152 185
4152 186
4152 187
4152 188
4152 189
4152 190
4153 174
4153 175
4153 176
4153 177
4153 178
4153 179
4153 180
4153 181
4153 182
4153 183
4154 166
4154 167
4154 168
4154 169
4154 170
4154 171
4154 172
4154 173
4154 174
4154 175
4154 176
4155 159
4155 160
4155 161
4155 162
4155 163
4155 164
4155 165
4155 166
4155 167
4155 168
4155 169
4156 152
4156 153
4156 154
4156 155
4156 156
4156 157
4156 158
4156 159
4156 160
4156 161
4157 146
4157 147
4157 148
4157 149
4157 150
4157 151
4157 152
4157 153
4166 189
4166 190
4166 191
4166 192
4166 193
4166 194
4167 179
4167 180
4167 181
4167 182
4167 183
4167 184
4167 185
4167 186
4167 187
4167 188
4167 189
4168 170
4168 171
4168 172
4168 173
4168 174
4168 175
4168 176
4168 177
4168 178
4168 179
4168 180
4168 181
4168 182
4169 163
4169 164
4169 165
4169 166
4169 167
4169 168
4169 169
4169 170
4169 171
4169 172
4169 173
4169 174
4170 155
4170 156
4170 157
4170 158
4170 159
4170 160
4170 161
4170 162
4170 163
4170 164
4170 165
4170 166
4170 167
4171 149
4171 150
4171 151
4171 152
4171 153
4171 154
4171 155
4171 156
4171 157
4171 158
4171 159
4172 143
4172 144
4172 145
4172 146
4172 147
4172 148
4172 149
4172 150
4173 138
4173 139
4173 140
4173 141
4181 184
4181 185
4181 186
4181 187
4181 188
4181 189
4181 190
4181 191
4181 192
4181 193
4182 175
4182 176
4182 177
4182 178
4182 179
4182 180
4182 181
4182 182
4182 183
4182 184
4182 185
4182 186
4182 187
4183 167
4183 168
4183 169
4183 170
4183 171
4183 172
4183 173
4183 174
4183 175
4183 176
4183 177
4183 178
4183 179
4183 180
4184 159
4184 160
4184 161
4184 162
4184 163
4184 164
4184 165
4184 166
4184 167
4184 168
4184 169
4184 170
4184 171
4184 172
4185 152
4185 153
4185 154
4185 155
4185 156
4185 157
4185 158
4185 159
4185 160
4185 161
4185 162
4185 163
4185 164
4185 165
4186 146
4186 147
4186 148
4186 149
4186 150
4186 151
4186 152
4186 153
4186 154
4186 155
4186 156
4187 140
4187 141
4187 142
4187 143
4187 144
4187 145
4187 146
4187 147
4187 148
4188 135
4188 136
4188 137
4188 138
4195 190
4195 191
4195 192
4195 193
4195 194
4195 195
4195 196
4195 197
4195 198
4196 180
4196 181
4196 182
4196 183
4196 184
4196 185
4196 186
4196 187
4196 188
4196 189
4196 190
4196 191
4196 192
4197 171
4197 172
4197 173
4197 174
4197 175
4197 176
4197 177
4197 178
4197 179
4197 180
4197 181
4197 182
4197 183
4197 184
4197 185
4198 163
4198 164
4198 165
4198 166
4198 167
4198 168
4198 169
4198 170
4198 171
4198 172
4198 173
4198 174
4198 175
4198 176
4198 177
4198 178
4199 156
4199 157
4199 158
4199 159
4199 160
4199 161
4199 162
4199 163
4199 164
4199 165
4199 166
4199 167
4199 168
4199 169
4199 170
4200 149
4200 150
4200 151
4200 152
4200 153
4200 154
4200 155
4200 156
4200 157
4200 158
4200 159
4200 160
4200 161
4200 162
4201 143
4201 144
4201 145
4201 146
4201 147
4201 148
4201 149
4201 150
4201 151
4201 152
4201 153
4201 154
4202 137
4202 138
4202 139
4202 140
4202 141
4202 142
4202 143
4202 144
4202 145
4203 133
4203 134
4203 135
4203 136
4209 197
4209 198
4209 199
4209 200
4209 201
4210 186
4210 187
4210 188
4210 189
4210 190
4210 191
4210 192
4210 193
4210 194
4210 195
4210 196
4210 197
4211 176
4211 177
4211 178
4211 179
4211 180
4211 181
4211 182
4211 183
4211 184
4211 185
4211 186
4211 187
4211 188
4211 189
4211 190
4212 168
4212 169
4212 170
4212 171
4212 172
4212 173
4212 174
4212 175
4212 176
4212 177
4212 178
4212 179
4212 180
4212 181
4212 182
4212 183
4213 160
4213 161
4213 162
4213 163
4213 164
4213 165
4213 166
4213 167
4213 168
4213 169
4213 170
4213 171
4213 172
4213 173
4213 174
4213 175
4214 153
4214 154
4214 155
4214 156
4214 157
4214 158
4214 159
4214 160
4214 161
4214 162
4214 163
4214 164
4214 165
4214 166
4214 167
4214 168
4215 146
4215 147
4215 148
4215 149
4215 150
4215 151
4215 152
4215 153
4215 154
4215 155
4215 156
4215 157
4215 158
4215 159
4215 160
4216 140
4216 141
4216 142
4216 143
4216 144
4216 145
4216 146
4216 147
4216 148
4216 149
4216 150
4216 151
4217 134
4217 135
4217 136
4217 137
4217 138
4217 139
4217 140
4217 141
4217 142
4217 143
4218 130
4218 131
4218 132
4224 192
4224 193
4224 194
4224 195
4224 196
4224 197
4224 198
4224 199
4224 200
4224 201
4225 182
4225 183
4225 184
4225 185
4225 186
4225 187
4225 188
4225 189
4225 190
4225 191
4225 192
4225 193
4225 194
4225 195
4226 173
4226 174
4226 175
4226 176
4226 177
4226 178
4226 179
4226 180
4226 181
4226 182
4226 183
4226 184
4226 185
4226 186
4226 187
4226 188
4227 164
4227 165
4227 166
4227 167
4227 168
4227 169
4227 170
4227 171
4227 172
4227 173
4227 174
4227 175
4227 176
4227 177
4227 178
4227 179
4227 180
4228 157
4228 158
4228 159
4228 160
4228 161
4228 162
4228 163
4228 164
4228 165
4228 166
4228 167
4228 168
4228 169
4228 170
4228 171
4228 172
4228 173
4229 149
4229 150
4229 151
4229 152
4229 153
4229 154
4229 155
4229 156
4229 157
4229 158
4229 159
4229 160
4229 161
4229 162
4229 163
4229 164
4229 165
4230 143
4230 144
4230 145
4230 146
4230 147
4230 148
4230 149
4230 150
4230 151
4230 152
4230 153
4230 154
4230 155
4230 156
4230 157
4231 137
4231 138
4231 139
4231 140
4231 141
4231 142
4231 143
4231 144
4231 145
4231 146
4231 147
4231 148
4231 149
4232 131
4232 132
4232 133
4232 134
4232 135
4232 136
4232 137
4232 138
4232 139
4232 140
4238 200
4238 201
4238 202
4238 203
4238 204
4239 187
4239 188
4239 189
4239 190
4239 191
4239 192
4239 193
4239 194
4239 195
4239 196
4239 197
4239 198
4239 199
4240 178
4240 179
4240 180
4240 181
4240 182
4240 183
4240 184
4240 185
4240 186
4240 187
4240 188
4240 189
4240 190
4240 191
4240 192
4240 193
4241 169
4241 170
4241 171
4241 172
4241 173
4241 174
4241 175
4241 176
4241 177
4241 178
4241 179
4241 180
4241 181
4241 182
4241 183
4241 184
4241 185
4242 161
4242 162
4242 163
4242 164
4242 165
4242 166
4242 167
4242 168
4242 169
4242 170
4242 171
4242 172
4242 173
4242 174
4242 175
4242 176
4242 177
4242 178
4243 153
4243 154
4243 155
4243 156
4243 157
4243 158
4243 159
4243 160
4243 161
4243 162
4243 163
4243 164
4243 165
4243 166
4243 167
4243 168
4243 169
4243 170
4244 146
4244 147
4244 148
4244 149
4244 150
4244 151
4244 152
4244 153
4244 154
4244 155
4244 156
4244 157
4244 158
4244 159
4244 160
4244 161
4244 162
4245 140
4245 141
4245 142
4245 143
4245 144
4245 145
4245 146
4245 147
4245 148
4245 149
4245 150
4245 151
4245 152
4245 153
4245 154
4246 134
4246 135
4246 136
4246 137
4246 138
4246 139
4246 140
4246 141
4246 142
4246 143
4246 144
4246 145
4246 146
4247 129
4247 130
4247 131
4247 132
4247 133
4247 134
4247 135
4247 136
4253 194
4253 195
4253 196
4253 197
4253 198
4253 199
4253 200
4253 201
4253 202
4253 203
4254 183
4254 184
4254 185
4254 186
4254 187
4254 188
4254 189
4254 190
4254 191
4254 192
4254 193
4254 194
4254 195
4254 196
4254 197
4255 174
4255 175
4255 176
4255 177
4255 178
4255 179
4255 180
4255 181
4255 182
4255 183
4255 184
4255 185
4255 186
4255 187
4255 188
4255 189
4255 190
4256 166
4256 167
4256 168
4256 169
4256 170
4256 171
4256 172
4256 173
4256 174
4256 175
4256 176
4256 177
4256 178
4256 179
4256 180
4256 181
4256 182
4256 183
4257 158
4257 159
4257 160
4257 161
4257 162
4257 163
4257 164
4257 165
4257 166
4257 167
4257 168
4257 169
4257 170
4257 171
4257 172
4257 173
4257 174
4257 175
4258 150
4258 151
4258 152
4258 153
4258 154
4258 155
4258 156
4258 157
4258 158
4258 159
4258 160
4258 161
4258 162
4258 163
4258 164
4258 165
4258 166
4258 167
4259 143
4259 144
4259 145
4259 146
4259 147
4259 148
4259 149
4259 150
4259 151
4259 152
4259 153
4259 154
4259 155
4259 156
4259 157
4259 158
4259 159
4260 137
4260 138
4260 139
4260 140
4260 141
4260 142
4260 143
4260 144
4260 145
4260 146
4260 147
4260 148
4260 149
4260 150
4260 151
4261 131
4261 132
4261 133
4261 134
4261 135
4261 136
4261 137
4261 138
4261 139
4261 140
4261 141
4261 142
4262 127
4262 128
4262 129
4262 130
4262 131
4262 132
4262 133
4267 204
4267 205
4268 190
4268 191
4268 192
4268 193
4268 194
4268 195
4268 196
4268 197
4268 198
4268 199
4268 200
4268 201
4268 202
4269 179
4269 180
4269 181
4269 182
4269 183
4269 184
4269 185
4269 186
4269 187
4269 188
4269 189
4269 190
4269 191
4269 192
4269 193
4269 194
4269 195
4270 170
4270 171
4270 172
4270 173
4270 174
4270 175
4270 176
4270 177
4270 178
4270 179
4270 180
4270 181
4270 182
4270 183
4270 184
4270 185
4270 186
4270 187
4270 188
4271 162
4271 163
4271 164
4271 165
4271 166
4271 167
4271 168
4271 169
4271 170
4271 171
4271 172
4271 173
4271 174
4271 175
4271 176
4271 177
4271 178
4271 179
4271 180
4272 154
4272 155
4272 156
4272 157
4272 158
4272 159
4272 160
4272 161
4272 162
4272 163
4272 164
4272 165
4272 166
4272 167
4272 168
4272 169
4272 170
4272 171
4272 172
4272 173
4273 147
4273 148
4273 149
4273 150
4273 151
4273 152
4273 153
4273 154
4273 155
4273 156
4273 157
4273 158
4273 159
4273 160
4273 161
4273 162
4273 163
4273 164
4273 165
4274 140
4274 141
4274 142
4274 143
4274 144
4274 145
4274 146
4274 147
4274 148
4274 149
4274 150
4274 151
4274 152
4274 153
4274 154
4274 155
4274 156
4275 134
4275 135
4275 136
4275 137
4275 138
4275 139
4275 140
4275 141
4275 142
4275 143
4275 144
4275 145
4275 146
4275 147
4275 148
4276 129
4276 130
4276 131
4276 132
4276 133
4276 134
4276 135
4276 136
4276 137
4276 138
4276 139
4277 125
4277 126
4277 127
4277 128
4277 129
4282 197
4282 198
4282 199
4282 200
4282 201
4282 202
4282 203
4282 204
4282 205
4283 185
4283 186
4283 187
4283 188
4283 189
4283 190
4283 191
4283 192
4283 193
4283 194
4283 195
4283 196
4283 197
4283 198
4283 199
4284 176
4284 177
4284 178
4284 179
4284 180
4284 181
4284 182
4284 183
4284 184
4284 185
4284 186
4284 187
4284 188
4284 189
4284 190
4284 191
4284 192
4284 193
4285 167
4285 168
4285 169
4285 170
4285 171
4285 172
4285 173
4285 174
4285 175
4285 176
4285 177
4285 178
4285 179
4285 180
4285 181
4285 182
4285 183
4285 184
4285 185
4286 159
4286 160
4286 161
4286 162
4286 163
4286 164
4286 165
4286 166
4286 167
4286 168
4286 169
4286 170
4286 171
4286 172
4286 173
4286 174
4286 175
4286 176
4286 177
4286 178
4287 151
4287 152
4287 153
4287 154
4287 155
4287 156
4287 157
4287 158
4287 159
4287 160
4287 161
4287 162
4287 163
4287 164
4287 165
4287 166
4287 167
4287 168
4287 169
4287 170
4288 144
4288 145
4288 146
4288 147
4288 148
4288 149
4288 150
4288 151
4288 152
4288 153
4288 154
4288 155
4288 156
4288 157
4288 158
4288 159
4288 160
4288 161
4288 162
4289 138
4289 139
4289 140
4289 141
4289 142
4289 143
4289 144
4289 145
4289 146
4289 147
4289 148
4289 149
4289 150
4289 151
4289 152
4289 153
4290 132
4290 133
4290 134
4290 135
4290 136
4290 137
4290 138
4290 139
4290 140
4290 141
4290 142
4290 143
4290 144
4290 145
4291 126
4291 127
4291 128
4291 129
4291 130
4291 131
4291 132
4291 133
4291 134
4291 135
4291 136
4297 192
4297 193
4297 194
4297 195
4297 196
4297 197
4297 198
4297 199
4297 200
4297 201
4297 202
4297 203
4298 181
4298 182
4298 183
4298 184
4298 185
4298 186
4298 187
4298 188
4298 189
4298 190
4298 191
4298 192
4298 193
4298 194
4298 195
4298 196
4298 197
4299 172
4299 173
4299 174
4299 175
4299 176
4299 177
4299 178
4299 179
4299 180
4299 181
4299 182
4299 183
4299 184
4299 185
4299 186
4299 187
4299 188
4299 189
4299 190
4300 164
4300 165
4300 166
4300 167
4300 168
4300 169
4300 170
4300 171
4300 172
4300 173
4300 174
4300 175
4300 176
4300 177
4300 178
4300 179
4300 180
4300 181
4300 182
4301 156
4301 157
4301 158
4301 159
4301 160
4301 161
4301 162
4301 163
4301 164
4301 165
4301 166
4301 167
4301 168
4301 169
4301 170
4301 171
4301 172
4301 173
4301 174
4301 175
4302 148
4302 149
4302 150
4302 151
4302 152
4302 153
4302 154
4302 155
4302 156
4302 157
4302 158
4302 159
4302 160
4302 161
4302 162
4302 163
4302 164
4302 165
4302 166
4302 167
4303 141
4303 142
4303 143
4303 144
4303 145
4303 146
4303 147
4303 148
4303 149
4303 150
4303 151
4303 152
4303 153
4303 154
4303 155
4303 156
4303 157
4303 158
4303 159
4304 135
4304 136
4304 137
4304 138
4304 139
4304 140
4304 141
4304 142
4304 143
4304 144
4304 145
4304 146
4304 147
4304 148
4304 149
4304 150
4305 129
4305 130
4305 131
4305 132
4305 133
4305 134
4305 135
4305 136
4305 137
4305 138
4305 139
4305 140
4305 141
4306 125
4306 126
4306 127
4306 128
4306 129
4306 130
4306 131
4306 132
4311 201
4311 202
4311 203
4311 204
4311 205
4311 206
4312 188
4312 189
4312 190
4312 191
4312 192
4312 193
4312 194
4312 195
4312 196
4312 197
4312 198
4312 199
4312 200
4312 201
4313 178
4313 179
4313 180
4313 181
4313 182
4313 183
4313 184
4313 185
4313 186
4313 187
4313 188
4313 189
4313 190
4313 191
4313 192
4313 193
4313 194
4313 195
4314 169
4314 170
4314 171
4314 172
4314 173
4314 174
4314 175
4314 176
4314 177
4314 178
4314 179
4314 180
4314 181
4314 182
4314 183
4314 184
4314 185
4314 186
4314 187
4315 160
4315 161
4315 162
4315 163
4315 164
4315 165
4315 166
4315 167
4315 168
4315 169
4315 170
4315 171
4315 172
4315 173
4315 174
4315 175
4315 176
4315 177
4315 178
4315 179
4315 180
4316 153
4316 154
4316 155
4316 156
4316 157
4316 158
4316 159
4316 160
4316 161
4316 162
4316 163
4316 164
4316 165
4316 166
4316 167
4316 168
4316 169
4316 170
4316 171
4316 172
4317 145
4317 146
4317 147
4317 148
4317 149
4317 150
4317 151
4317 152
4317 153
4317 154
4317 155
4317 156
4317 157
4317 158
4317 159
4317 160
4317 161
4317 162
4317 163
4317 164
4318 138
4318 139
4318 140
4318 141
4318 142
4318 143
4318 144
4318 145
4318 146
4318 147
4318 148
4318 149
4318 150
4318 151
4318 152
4318 153
4318 154
4318 155
4318 156
4319 132
4319 133
4319 134
4319 135
4319 136
4319 137
4319 138
4319 139
4319 140
4319 141
4319 142
4319 143
4319 144
4319 145
4319 146
4319 147
4320 127
4320 128
4320 129
4320 130
4320 131
4320 132
4320 133
4320 134
4320 135
4320 136
4320 137
4320 138
4321 123
4321 124
4321 125
4321 126
4321 127
4326 195
4326 196
4326 197
4326 198
4326 199
4326 200
4326 201
4326 202
4326 203
4326 204
4327 184
4327 185
4327 186
4327 187
4327 188
4327 189
4327 190
4327 191
4327 192
4327 193
4327 194
4327 195
4327 196
4327 197
4327 198
4327 199
4328 174
4328 175
4328 176
4328 177
4328 178
4328 179
4328 180
4328 181
4328 182
4328 183
4328 184
4328 185
4328 186
4328 187
4328 188
4328 189
4328 190
4328 191
4328 192
4329 165
4329 166
4329 167
4329 168
4329 169
4329 170
4329 171
4329 172
4329 173
4329 174
4329 175
4329 176
4329 177
4329 178
4329 179
4329 180
4329 181
4329 182
4329 183
4329 184
4330 157
4330 158
4330 159
4330 160
4330 161
4330 162
4330 163
4330 164
4330 165
4330 166
4330 167
4330 168
4330 169
4330 170
4330 171
4330 172
4330 173
4330 174
4330 175
4330 176
4330 177
4331 149
4331 150
4331 151
4331 152
4331 153
4331 154
4331 155
4331 156
4331 157
4331 158
4331 159
4331 160
4331 161
4331 162
4331 163
4331 164
4331 165
4331 166
4331 167
4331 168
4331 169
4332 142
4332 143
4332 144
4332 145
4332 146
4332 147
4332 148
4332 149
4332 150
4332 151
4332 152
4332 153
4332 154
4332 155
4332 156
4332 157
4332 158
4332 159
4332 160
4332 161
4333 136
4333 137
4333 138
4333 139
4333 140
4333 141
4333 142
4333 143
4333 144
4333 145
4333 146
4333 147
4333 148
4333 149
4333 150
4333 151
4333 152
4334 130
4334 131
4334 132
4334 133
4334 134
4334 135
4334 136
4334 137
4334 138
4334 139
4334 140
4334 141
4334 142
4334 143
4334 144
4335 125
4335 126
4335 127
4335 128
4335 129
4335 130
4335 131
4335 132
4335 133
4335 134
4341 191
4341 192
4341 193
4341 194
4341 195
4341 196
4341 197
4341 198
4341 199
4341 200
4341 201
4341 202
4342 180
4342 181
4342 182
4342 183
4342 184
4342 185
4342 186
4342 187
4342 188
4342 189
4342 190
4342 191
4342 192
4342 193
4342 194
4342 195
4342 196
4343 170
4343 171
4343 172
4343 173
4343 174
4343 175
4343 176
4343 177
4343 178
4343 179
4343 180
4343 181
4343 182
4343 183
4343 184
4343 185
4343 186
4343 187
4343 188
4343 189
4344 162
4344 163
4344 164
4344 165
4344 166
4344 167
4344 168
4344 169
4344 170
4344 171
4344 172
4344 173
4344 174
4344 175
4344 176
4344 177
4344 178
4344 179
4344 180
4344 181
4344 182
4345 154
4345 155
4345 156
4345 157
4345 158
4345 159
4345 160
4345 161
4345 162
4345 163
4345 164
4345 165
4345 166
4345 167
4345 168
4345 169
4345 170
4345 171
4345 172
4345 173
4345 174
4346 146
4346 147
4346 148
4346 149
4346 150
4346 151
4346 152
4346 153
4346 154
4346 155
4346 156
4346 157
4346 158
4346 159
4346 160
4346 161
4346 162
4346 163
4346 164
4346 165
4346 166
4347 139
4347 140
4347 141
4347 142
4347 143
4347 144
4347 145
4347 146
4347 147
4347 148
4347 149
4347 150
4347 151
4347 152
4347 153
4347 154
4347 155
4347 156
4347 157
4348 133
4348 134
4348 135
4348 136
4348 137
4348 138
4348 139
4348 140
4348 141
4348 142
4348 143
4348 144
4348 145
4348 146
4348 147
4348 148
4348 149
4349 127
4349 128
4349 129
4349 130
4349 131
4349 132
4349 133
4349 134
4349 135
4349 136
4349 137
4349 138
4349 139
4349 140
4350 123
4350 124
4350 125
4350 126
4350 127
4350 128
4350 129
4350 130
4355 200
4355 201
4355 202
4355 203
4355 204
4356 186
4356 187
4356 188
4356 189
4356 190
4356 191
4356 192
4356 193
4356 194
4356 195
4356 196
4356 197
4356 198
4356 199
4356 200
4357 176
4357 177
4357 178
4357 179
4357 180
4357 181
4357 182
4357 183
4357 184
4357 185
4357 186
4357 187
4357 188
4357 189
4357 190
4357 191
4357 192
4357 193
4358 167
4358 168
4358 169
4358 170
4358 171
4358 172
4358 173
4358 174
4358 175
4358 176
4358 177
4358 178
4358 179
4358 180
4358 181
4358 182
4358 183
4358 184
4358 185
4358 186
4359 159
4359 160
4359 161
4359 162
4359 163
4359 164
4359 165
4359 166
4359 167
4359 168
4359 169
4359 170
4359 171
4359 172
4359 173
4359 174
4359 175
4359 176
4359 177
4359 178
4360 151
4360 152
4360 153
4360 154
4360 155
4360 156
4360 157
4360 158
4360 159
4360 160
4360 161
4360 162
4360 163
4360 164
4360 165
4360 166
4360 167
4360 168
4360 169
4360 170
4360 171
4361 143
4361 144
4361 145
4361 146
4361 147
4361 148
4361 149
4361 150
4361 151
4361 152
4361 153
4361 154
4361 155
4361 156
4361 157
4361 158
4361 159
4361 160
4361 161
4361 162
4362 137
4362 138
4362 139
4362 140
4362 141
4362 142
4362 143
4362 144
4362 145
4362 146
4362 147
4362 148
4362 149
4362 150
4362 151
4362 152
4362 153
4362 154
4363 131
4363 132
4363 133
4363 134
4363 135
4363 136
4363 137
4363 138
4363 139
4363 140
4363 141
4363 142
4363 143
4363 144
4363 145
4364 125
4364 126
4364 127
4364 128
4364 129
4364 130
4364 131
4364 132
4364 133
4364 134
4364 135
4364 136
4370 195
4370 196
4370 197
4370 198
4370 199
4370 200
4370 201
4370 202
4370 203
4371 182
4371 183
4371 184
4371 185
4371 186
4371 187
4371 188
4371 189
4371 190
4371 191
4371 192
4371 193
4371 194
4371 195
4371 196
4371 197
4372 173
4372 174
4372 175
4372 176
4372 177
4372 178
4372 179
4372 180
4372 181
4372 182
4372 183
4372 184
4372 185
4372 186
4372 187
4372 188
4372 189
4372 190
4372 191
4373 164
4373 165
4373 166
4373 167
4373 168
4373 169
4373 170
4373 171
4373 172
4373 173
4373 174
4373 175
4373 176
4373 177
4373 178
4373 179
4373 180
4373 181
4373 182
4373 183
4374 155
4374 156
4374 157
4374 158
4374 159
4374 160
4374 161
4374 162
4374 163
4374 164
4374 165
4374 166
4374 167
4374 168
4374 169
4374 170
4374 171
4374 172
4374 173
4374 174
4374 175
4375 148
4375 149
4375 150
4375 151
4375 152
4375 153
4375 154
4375 155
4375 156
4375 157
4375 158
4375 159
4375 160
4375 161
4375 162
4375 163
4375 164
4375 165
4375 166
4375 167
4376 141
4376 142
4376 143
4376 144
4376 145
4376 146
4376 147
4376 148
4376 149
4376 150
4376 151
4376 152
4376 153
4376 154
4376 155
4376 156
4376 157
4376 158
4376 159
4377 134
4377 135
4377 136
4377 137
4377 138
4377 139
4377 140
4377 141
4377 142
4377 143
4377 144
4377 145
4377 146
4377 147
4377 148
4377 149
4377 150
4377 151
4378 128
4378 129
4378 130
4378 131
4378 132
4378 133
4378 134
4378 135
4378 136
4378 137
4378 138
4378 139
4378 140
4378 141
4378 142
4379 124
4379 125
4379 126
4379 127
4379 128
4379 129
4379 130
4379 131
4379 132
