0 80
0 81
0 82
0 83
0 84
0 85
0 86
0 87
0 88
0 89
0 90
0 91
0 92
0 93
0 94
0 95
3 135
3 136
3 137
3 138
3 139
3 140
3 141
3 142
3 143
3 144
3 145
3 146
3 147
3 148
3 149
3 150
3 151
3 152
3 153
3 154
4 116
4 117
4 118
4 119
4 120
4 121
4 122
4 123
4 124
4 125
4 126
4 127
4 128
4 129
4 130
4 131
4 132
4 133
4 134
4 135
4 136
4 137
4 138
4 139
5 98
5 99
5 100
5 101
5 102
5 103
5 104
5 105
5 106
5 107
5 108
5 109
5 110
5 111
5 112
5 113
5 114
5 115
5 116
5 117
5 118
5 119
5 120
5 121
5 122
6 83
6 84
6 85
6 86
6 87
6 88
6 89
6 90
6 91
6 92
6 93
6 94
6 95
6 96
6 97
6 98
6 99
6 100
6 101
9 141
9 142
9 143
9 144
9 145
9 146
9 147
9 148
9 149
9 150
9 151
9 152
9 153
9 154
9 155
9 156
9 157
10 121
10 122
10 123
10 124
10 125
10 126
10 127
10 128
10 129
10 130
10 131
10 132
10 133
10 134
10 135
10 136
10 137
10 138
10 139
10 140
10 141
10 142
10 143
11 103
11 104
11 105
11 106
11 107
11 108
11 109
11 110
11 111
11 112
11 113
11 114
11 115
11 116
11 117
11 118
11 119
11 120
11 121
11 122
11 123
11 124
11 125
11 126
11 127
12 87
12 88
12 89
12 90
12 91
12 92
12 93
12 94
12 95
12 96
12 97
12 98
12 99
12 100
12 101
12 102
12 103
12 104
12 105
12 106
12 107
15 147
15 148
15 149
15 150
15 151
15 152
15 153
15 154
15 155
15 156
15 157
15 158
15 159
15 160
16 126
16 127
16 128
16 129
16 130
16 131
16 132
16 133
16 134
16 135
16 136
16 137
16 138
16 139
16 140
16 141
16 142
16 143
16 144
16 145
16 146
16 147
17 107
17 108
17 109
17 110
17 111
17 112
17 113
17 114
17 115
17 116
17 117
17 118
17 119
17 120
17 121
17 122
17 123
17 124
17 125
17 126
17 127
17 128
17 129
17 130
17 131
18 91
18 92
18 93
18 94
18 95
18 96
18 97
18 98
18 99
18 100
18 101
18 102
18 103
18 104
18 105
18 106
18 107
18 108
18 109
18 110
18 111
18 112
18 113
19 80
19 81
19 82
19 83
19 84
19 85
19 86
19 87
19 88
19 89
21 154
21 155
21 156
21 157
21 158
21 159
21 160
21 161
21 162
22 131
22 132
22 133
22 134
22 135
22 136
22 137
22 138
22 139
22 140
22 141
22 142
22 143
22 144
22 145
22 146
22 147
22 148
22 149
22 150
22 151
23 112
23 113
23 114
23 115
23 116
23 117
23 118
23 119
23 120
23 121
23 122
23 123
23 124
23 125
23 126
23 127
23 128
23 129
23 130
23 131
23 132
23 133
23 134
23 135
23 136
23 534
23 535
23 536
24 95
24 96
24 97
24 98
24 99
24 100
24 101
24 102
24 103
24 104
24 105
24 106
24 107
24 108
24 109
24 110
24 111
24 112
24 113
24 114
24 115
24 116
24 117
24 118
25 82
25 83
25 84
25 85
25 86
25 87
25 88
25 89
25 90
25 91
25 92
25 93
25 94
25 95
25 96
28 137
28 138
28 139
28 140
28 141
28 142
28 143
28 144
28 145
28 146
28 147
28 148
28 149
28 150
28 151
28 152
28 153
28 154
29 117
29 118
29 119
29 120
29 121
29 122
29 123
29 124
29 125
29 126
29 127
29 128
29 129
29 130
29 131
29 132
29 133
29 134
29 135
29 136
29 137
29 138
29 139
29 140
30 100
30 101
30 102
30 103
30 104
30 105
30 106
30 107
30 108
30 109
30 110
30 111
30 112
30 113
30 114
30 115
30 116
30 117
30 118
30 119
30 120
30 121
30 122
30 123
31 85
31 86
31 87
31 88
31 89
31 90
31 91
31 92
31 93
31 94
31 95
31 96
31 97
31 98
31 99
31 100
31 101
31 102
34 142
34 143
34 144
34 145
34 146
34 147
34 148
34 149
34 150
34 151
34 152
34 153
34 154
34 155
34 156
34 157
35 122
35 123
35 124
35 125
35 126
35 127
35 128
35 129
35 130
35 131
35 132
35 133
35 134
35 135
35 136
35 137
35 138
35 139
35 140
35 141
35 142
35 143
35 144
36 104
36 105
36 106
36 107
36 108
36 109
36 110
36 111
36 112
36 113
36 114
36 115
36 116
36 117
36 118
36 119
36 120
36 121
36 122
36 123
36 124
36 125
36 126
36 127
36 524
36 525
36 526
36 527
36 528
36 529
37 89
37 90
37 91
37 92
37 93
37 94
37 95
37 96
37 97
37 98
37 99
37 100
37 101
37 102
37 103
37 104
37 105
37 106
37 107
37 108
40 148
40 149
40 150
40 151
40 152
40 153
40 154
40 155
40 156
40 157
40 158
40 159
40 160
41 127
41 128
41 129
41 130
41 131
41 132
41 133
41 134
41 135
41 136
41 137
41 138
41 139
41 140
41 141
41 142
41 143
41 144
41 145
41 146
41 147
41 148
42 109
42 110
42 111
42 112
42 113
42 114
42 115
42 116
42 117
42 118
42 119
42 120
42 121
42 122
42 123
42 124
42 125
42 126
42 127
42 128
42 129
42 130
42 131
42 132
42 528
42 529
42 530
42 531
42 532
42 533
42 534
42 535
43 93
43 94
43 95
43 96
43 97
43 98
43 99
43 100
43 101
43 102
43 103
43 104
43 105
43 106
43 107
43 108
43 109
43 110
43 111
43 112
43 113
44 82
44 83
44 84
44 85
44 86
44 87
44 88
44 89
44 90
46 155
46 156
46 157
46 158
46 159
46 160
46 161
46 162
47 133
47 134
47 135
47 136
47 137
47 138
47 139
47 140
47 141
47 142
47 143
47 144
47 145
47 146
47 147
47 148
47 149
47 150
47 151
47 152
48 114
48 115
48 116
48 117
48 118
48 119
48 120
48 121
48 122
48 123
48 124
48 125
48 126
48 127
48 128
48 129
48 130
48 131
48 132
48 133
48 134
48 135
48 136
48 532
48 533
48 534
48 535
48 536
48 537
48 538
48 539
48 540
49 97
49 98
49 99
49 100
49 101
49 102
49 103
49 104
49 105
49 106
49 107
49 108
49 109
49 110
49 111
49 112
49 113
49 114
49 115
49 116
49 117
49 118
49 119
50 84
50 85
50 86
50 87
50 88
50 89
50 90
50 91
50 92
50 93
50 94
50 95
50 96
50 97
53 138
53 139
53 140
53 141
53 142
53 143
53 144
53 145
53 146
53 147
53 148
53 149
53 150
53 151
53 152
53 153
53 154
53 155
54 119
54 120
54 121
54 122
54 123
54 124
54 125
54 126
54 127
54 128
54 129
54 130
54 131
54 132
54 133
54 134
54 135
54 136
54 137
54 138
54 139
54 140
54 141
54 538
54 539
54 540
54 541
54 542
54 543
54 544
54 545
55 101
55 102
55 103
55 104
55 105
55 106
55 107
55 108
55 109
55 110
55 111
55 112
55 113
55 114
55 115
55 116
55 117
55 118
55 119
55 120
55 121
55 122
55 123
55 519
55 520
55 521
55 522
55 523
55 524
55 525
55 526
55 527
56 87
56 88
56 89
56 90
56 91
56 92
56 93
56 94
56 95
56 96
56 97
56 98
56 99
56 100
56 101
56 102
56 103
59 144
59 145
59 146
59 147
59 148
59 149
59 150
59 151
59 152
59 153
59 154
59 155
59 156
59 157
59 158
60 124
60 125
60 126
60 127
60 128
60 129
60 130
60 131
60 132
60 133
60 134
60 135
60 136
60 137
60 138
60 139
60 140
60 141
60 142
60 143
60 144
60 145
60 544
60 545
60 546
60 547
60 548
61 106
61 107
61 108
61 109
61 110
61 111
61 112
61 113
61 114
61 115
61 116
61 117
61 118
61 119
61 120
61 121
61 122
61 123
61 124
61 125
61 126
61 127
61 128
61 523
61 524
61 525
61 526
61 527
61 528
61 529
61 530
61 531
61 532
61 533
62 90
62 91
62 92
62 93
62 94
62 95
62 96
62 97
62 98
62 99
62 100
62 101
62 102
62 103
62 104
62 105
62 106
62 107
62 108
62 109
65 150
65 151
65 152
65 153
65 154
65 155
65 156
65 157
65 158
65 159
65 160
66 129
66 130
66 131
66 132
66 133
66 134
66 135
66 136
66 137
66 138
66 139
66 140
66 141
66 142
66 143
66 144
66 145
66 146
66 147
66 148
67 111
67 112
67 113
67 114
67 115
67 116
67 117
67 118
67 119
67 120
67 121
67 122
67 123
67 124
67 125
67 126
67 127
67 128
67 129
67 130
67 131
67 132
67 133
67 527
67 528
67 529
67 530
67 531
67 532
67 533
67 534
67 535
67 536
67 537
67 538
68 94
68 95
68 96
68 97
68 98
68 99
68 100
68 101
68 102
68 103
68 104
68 105
68 106
68 107
68 108
68 109
68 110
68 111
68 112
68 113
68 114
68 514
68 515
69 84
69 85
69 86
69 87
69 88
69 89
69 90
71 157
71 158
71 159
71 160
71 161
71 162
72 134
72 135
72 136
72 137
72 138
72 139
72 140
72 141
72 142
72 143
72 144
72 145
72 146
72 147
72 148
72 149
72 150
72 151
72 152
73 115
73 116
73 117
73 118
73 119
73 120
73 121
73 122
73 123
73 124
73 125
73 126
73 127
73 128
73 129
73 130
73 131
73 132
73 133
73 134
73 135
73 136
73 137
73 532
73 533
73 534
73 535
73 536
73 537
73 538
73 539
73 540
73 541
73 542
73 543
74 99
74 100
74 101
74 102
74 103
74 104
74 105
74 106
74 107
74 108
74 109
74 110
74 111
74 112
74 113
74 114
74 115
74 116
74 117
74 118
74 119
74 515
74 516
74 517
74 518
74 519
74 520
74 521
74 522
74 523
74 524
75 86
75 87
75 88
75 89
75 90
75 91
75 92
75 93
75 94
75 95
75 96
75 97
75 98
78 140
78 141
78 142
78 143
78 144
78 145
78 146
78 147
78 148
78 149
78 150
78 151
78 152
78 153
78 154
78 155
79 120
79 121
79 122
79 123
79 124
79 125
79 126
79 127
79 128
79 129
79 130
79 131
79 132
79 133
79 134
79 135
79 136
79 137
79 138
79 139
79 140
79 141
79 537
79 538
79 539
79 540
79 541
79 542
79 543
79 544
79 545
79 546
79 547
80 103
80 104
80 105
80 106
80 107
80 108
80 109
80 110
80 111
80 112
80 113
80 114
80 115
80 116
80 117
80 118
80 119
80 120
80 121
80 122
80 123
80 124
80 518
80 519
80 520
80 521
80 522
80 523
80 524
80 525
80 526
80 527
80 528
80 529
80 530
81 89
81 90
81 91
81 92
81 93
81 94
81 95
81 96
81 97
81 98
81 99
81 100
81 101
81 102
81 103
81 104
84 145
84 146
84 147
84 148
84 149
84 150
84 151
84 152
84 153
84 154
84 155
84 156
84 157
84 158
85 125
85 126
85 127
85 128
85 129
85 130
85 131
85 132
85 133
85 134
85 135
85 136
85 137
85 138
85 139
85 140
85 141
85 142
85 143
85 144
85 145
85 544
85 545
85 546
85 547
85 548
85 549
85 550
86 107
86 108
86 109
86 110
86 111
86 112
86 113
86 114
86 115
86 116
86 117
86 118
86 119
86 120
86 121
86 122
86 123
86 124
86 125
86 126
86 127
86 128
86 129
86 523
86 524
86 525
86 526
86 527
86 528
86 529
86 530
86 531
86 532
86 533
86 534
86 535
87 92
87 93
87 94
87 95
87 96
87 97
87 98
87 99
87 100
87 101
87 102
87 103
87 104
87 105
87 106
87 107
87 108
87 109
87 110
90 151
90 152
90 153
90 154
90 155
90 156
90 157
90 158
90 159
90 160
90 161
91 130
91 131
91 132
91 133
91 134
91 135
91 136
91 137
91 138
91 139
91 140
91 141
91 142
91 143
91 144
91 145
91 146
91 147
91 148
91 149
92 112
92 113
92 114
92 115
92 116
92 117
92 118
92 119
92 120
92 121
92 122
92 123
92 124
92 125
92 126
92 127
92 128
92 129
92 130
92 131
92 132
92 133
92 527
92 528
92 529
92 530
92 531
92 532
92 533
92 534
92 535
92 536
92 537
92 538
92 539
92 540
93 96
93 97
93 98
93 99
93 100
93 101
93 102
93 103
93 104
93 105
93 106
93 107
93 108
93 109
93 110
93 111
93 112
93 113
93 114
93 115
93 511
93 512
93 513
93 514
93 515
93 516
93 517
93 518
93 519
93 520
94 87
94 88
94 89
94 90
94 91
96 160
96 161
97 136
97 137
97 138
97 139
97 140
97 141
97 142
97 143
97 144
97 145
97 146
97 147
97 148
97 149
97 150
97 151
97 152
98 117
98 118
98 119
98 120
98 121
98 122
98 123
98 124
98 125
98 126
98 127
98 128
98 129
98 130
98 131
98 132
98 133
98 134
98 135
98 136
98 137
98 138
98 532
98 533
98 534
98 535
98 536
98 537
98 538
98 539
98 540
98 541
98 542
98 543
98 544
98 545
99 100
99 101
99 102
99 103
99 104
99 105
99 106
99 107
99 108
99 109
99 110
99 111
99 112
99 113
99 114
99 115
99 116
99 117
99 118
99 119
99 120
99 514
99 515
99 516
99 517
99 518
99 519
99 520
99 521
99 522
99 523
99 524
99 525
99 526
99 527
100 88
100 89
100 90
100 91
100 92
100 93
100 94
100 95
100 96
100 97
100 98
100 99
103 141
103 142
103 143
103 144
103 145
103 146
103 147
103 148
103 149
103 150
103 151
103 152
103 153
103 154
103 155
103 156
104 122
104 123
104 124
104 125
104 126
104 127
104 128
104 129
104 130
104 131
104 132
104 133
104 134
104 135
104 136
104 137
104 138
104 139
104 140
104 141
104 142
104 538
104 539
104 540
104 541
104 542
104 543
104 544
104 545
104 546
104 547
104 548
104 549
105 105
105 106
105 107
105 108
105 109
105 110
105 111
105 112
105 113
105 114
105 115
105 116
105 117
105 118
105 119
105 120
105 121
105 122
105 123
105 124
105 125
105 518
105 519
105 520
105 521
105 522
105 523
105 524
105 525
105 526
105 527
105 528
105 529
105 530
105 531
105 532
106 90
106 91
106 92
106 93
106 94
106 95
106 96
106 97
106 98
106 99
106 100
106 101
106 102
106 103
106 104
106 105
109 147
109 148
109 149
109 150
109 151
109 152
109 153
109 154
109 155
109 156
109 157
109 158
110 127
110 128
110 129
110 130
110 131
110 132
110 133
110 134
110 135
110 136
110 137
110 138
110 139
110 140
110 141
110 142
110 143
110 144
110 145
110 146
110 544
110 545
110 546
110 547
110 548
110 549
110 550
110 551
110 552
111 109
111 110
111 111
111 112
111 113
111 114
111 115
111 116
111 117
111 118
111 119
111 120
111 121
111 122
111 123
111 124
111 125
111 126
111 127
111 128
111 129
111 130
111 523
111 524
111 525
111 526
111 527
111 528
111 529
111 530
111 531
111 532
111 533
111 534
111 535
111 536
111 537
111 538
112 94
112 95
112 96
112 97
112 98
112 99
112 100
112 101
112 102
112 103
112 104
112 105
112 106
112 107
112 108
112 109
112 110
112 111
112 508
112 509
112 510
112 511
112 512
112 513
112 514
112 515
112 516
115 153
115 154
115 155
115 156
115 157
115 158
115 159
115 160
115 161
116 132
116 133
116 134
116 135
116 136
116 137
116 138
116 139
116 140
116 141
116 142
116 143
116 144
116 145
116 146
116 147
116 148
116 149
117 114
117 115
117 116
117 117
117 118
117 119
117 120
117 121
117 122
117 123
117 124
117 125
117 126
117 127
117 128
117 129
117 130
117 131
117 132
117 133
117 134
117 528
117 529
117 530
117 531
117 532
117 533
117 534
117 535
117 536
117 537
117 538
117 539
117 540
117 541
117 542
118 98
118 99
118 100
118 101
118 102
118 103
118 104
118 105
118 106
118 107
118 108
118 109
118 110
118 111
118 112
118 113
118 114
118 115
118 116
118 511
118 512
118 513
118 514
118 515
118 516
118 517
118 518
118 519
118 520
118 521
118 522
118 523
119 90
119 91
122 137
122 138
122 139
122 140
122 141
122 142
122 143
122 144
122 145
122 146
122 147
122 148
122 149
122 150
122 151
122 152
122 153
123 119
123 120
123 121
123 122
123 123
123 124
123 125
123 126
123 127
123 128
123 129
123 130
123 131
123 132
123 133
123 134
123 135
123 136
123 137
123 138
123 533
123 534
123 535
123 536
123 537
123 538
123 539
123 540
123 541
123 542
123 543
123 544
123 545
123 546
123 547
124 102
124 103
124 104
124 105
124 106
124 107
124 108
124 109
124 110
124 111
124 112
124 113
124 114
124 115
124 116
124 117
124 118
124 119
124 120
124 121
124 514
124 515
124 516
124 517
124 518
124 519
124 520
124 521
124 522
124 523
124 524
124 525
124 526
124 527
124 528
124 529
125 90
125 91
125 92
125 93
125 94
125 95
125 96
125 97
125 98
125 99
125 100
128 143
128 144
128 145
128 146
128 147
128 148
128 149
128 150
128 151
128 152
128 153
128 154
128 155
128 156
129 123
129 124
129 125
129 126
129 127
129 128
129 129
129 130
129 131
129 132
129 133
129 134
129 135
129 136
129 137
129 138
129 139
129 140
129 141
129 142
129 538
129 539
129 540
129 541
129 542
129 543
129 544
129 545
129 546
129 547
129 548
129 549
129 550
129 551
130 106
130 107
130 108
130 109
130 110
130 111
130 112
130 113
130 114
130 115
130 116
130 117
130 118
130 119
130 120
130 121
130 122
130 123
130 124
130 125
130 126
130 519
130 520
130 521
130 522
130 523
130 524
130 525
130 526
130 527
130 528
130 529
130 530
130 531
130 532
130 533
130 534
131 92
131 93
131 94
131 95
131 96
131 97
131 98
131 99
131 100
131 101
131 102
131 103
131 104
131 105
131 106
131 505
131 506
131 507
131 508
131 509
131 510
131 511
131 512
134 148
134 149
134 150
134 151
134 152
134 153
134 154
134 155
134 156
134 157
134 158
134 159
135 128
135 129
135 130
135 131
135 132
135 133
135 134
135 135
135 136
135 137
135 138
135 139
135 140
135 141
135 142
135 143
135 144
135 145
135 146
135 544
135 545
135 546
135 547
135 548
135 549
135 550
135 551
135 552
135 553
135 554
136 111
136 112
136 113
136 114
136 115
136 116
136 117
136 118
136 119
136 120
136 121
136 122
136 123
136 124
136 125
136 126
136 127
136 128
136 129
136 130
136 523
136 524
136 525
136 526
136 527
136 528
136 529
136 530
136 531
136 532
136 533
136 534
136 535
136 536
136 537
136 538
136 539
137 96
137 97
137 98
137 99
137 100
137 101
137 102
137 103
137 104
137 105
137 106
137 107
137 108
137 109
137 110
137 111
137 112
137 507
137 508
137 509
137 510
137 511
137 512
137 513
137 514
137 515
137 516
137 517
137 518
137 519
140 155
140 156
140 157
140 158
140 159
140 160
141 133
141 134
141 135
141 136
141 137
141 138
141 139
141 140
141 141
141 142
141 143
141 144
141 145
141 146
141 147
141 148
141 149
141 150
141 553
141 554
141 555
142 115
142 116
142 117
142 118
142 119
142 120
142 121
142 122
142 123
142 124
142 125
142 126
142 127
142 128
142 129
142 130
142 131
142 132
142 133
142 134
142 135
142 528
142 529
142 530
142 531
142 532
142 533
142 534
142 535
142 536
142 537
142 538
142 539
142 540
142 541
142 542
142 543
142 544
143 100
143 101
143 102
143 103
143 104
143 105
143 106
143 107
143 108
143 109
143 110
143 111
143 112
143 113
143 114
143 115
143 116
143 117
143 511
143 512
143 513
143 514
143 515
143 516
143 517
143 518
143 519
143 520
143 521
143 522
143 523
143 524
143 525
147 139
147 140
147 141
147 142
147 143
147 144
147 145
147 146
147 147
147 148
147 149
147 150
147 151
147 152
147 153
148 120
148 121
148 122
148 123
148 124
148 125
148 126
148 127
148 128
148 129
148 130
148 131
148 132
148 133
148 134
148 135
148 136
148 137
148 138
148 139
148 533
148 534
148 535
148 536
148 537
148 538
148 539
148 540
148 541
148 542
148 543
148 544
148 545
148 546
148 547
148 548
149 104
149 105
149 106
149 107
149 108
149 109
149 110
149 111
149 112
149 113
149 114
149 115
149 116
149 117
149 118
149 119
149 120
149 121
149 122
149 515
149 516
149 517
149 518
149 519
149 520
149 521
149 522
149 523
149 524
149 525
149 526
149 527
149 528
149 529
149 530
149 531
150 92
150 93
150 94
150 95
150 96
150 97
150 98
150 99
150 100
150 502
150 503
150 504
150 505
150 506
150 507
150 508
153 144
153 145
153 146
153 147
153 148
153 149
153 150
153 151
153 152
153 153
153 154
153 155
153 156
154 125
154 126
154 127
154 128
154 129
154 130
154 131
154 132
154 133
154 134
154 135
154 136
154 137
154 138
154 139
154 140
154 141
154 142
154 143
154 539
154 540
154 541
154 542
154 543
154 544
154 545
154 546
154 547
154 548
154 549
154 550
154 551
154 552
155 108
155 109
155 110
155 111
155 112
155 113
155 114
155 115
155 116
155 117
155 118
155 119
155 120
155 121
155 122
155 123
155 124
155 125
155 126
155 519
155 520
155 521
155 522
155 523
155 524
155 525
155 526
155 527
155 528
155 529
155 530
155 531
155 532
155 533
155 534
155 535
155 536
156 94
156 95
156 96
156 97
156 98
156 99
156 100
156 101
156 102
156 103
156 104
156 105
156 106
156 107
156 504
156 505
156 506
156 507
156 508
156 509
156 510
156 511
156 512
156 513
156 514
156 515
159 150
159 151
159 152
159 153
159 154
159 155
159 156
159 157
159 158
160 130
160 131
160 132
160 133
160 134
160 135
160 136
160 137
160 138
160 139
160 140
160 141
160 142
160 143
160 144
160 145
160 146
160 545
160 546
160 547
160 548
160 549
160 550
160 551
160 552
160 553
160 554
160 555
161 113
161 114
161 115
161 116
161 117
161 118
161 119
161 120
161 121
161 122
161 123
161 124
161 125
161 126
161 127
161 128
161 129
161 130
161 131
161 524
161 525
161 526
161 527
161 528
161 529
161 530
161 531
161 532
161 533
161 534
161 535
161 536
161 537
161 538
161 539
161 540
161 541
162 98
162 99
162 100
162 101
162 102
162 103
162 104
162 105
162 106
162 107
162 108
162 109
162 110
162 111
162 112
162 507
162 508
162 509
162 510
162 511
162 512
162 513
162 514
162 515
162 516
162 517
162 518
162 519
162 520
162 521
162 522
165 158
165 159
166 135
166 136
166 137
166 138
166 139
166 140
166 141
166 142
166 143
166 144
166 145
166 146
166 147
166 148
166 149
166 150
166 554
166 555
167 117
167 118
167 119
167 120
167 121
167 122
167 123
167 124
167 125
167 126
167 127
167 128
167 129
167 130
167 131
167 132
167 133
167 134
167 135
167 529
167 530
167 531
167 532
167 533
167 534
167 535
167 536
167 537
167 538
167 539
167 540
167 541
167 542
167 543
167 544
167 545
168 102
168 103
168 104
168 105
168 106
168 107
168 108
168 109
168 110
168 111
168 112
168 113
168 114
168 115
168 116
168 117
168 511
168 512
168 513
168 514
168 515
168 516
168 517
168 518
168 519
168 520
168 521
168 522
168 523
168 524
168 525
168 526
168 527
172 140
172 141
172 142
172 143
172 144
172 145
172 146
172 147
172 148
172 149
172 150
172 151
172 152
172 153
173 122
173 123
173 124
173 125
173 126
173 127
173 128
173 129
173 130
173 131
173 132
173 133
173 134
173 135
173 136
173 137
173 138
173 139
173 534
173 535
173 536
173 537
173 538
173 539
173 540
173 541
173 542
173 543
173 544
173 545
173 546
173 547
173 548
173 549
174 106
174 107
174 108
174 109
174 110
174 111
174 112
174 113
174 114
174 115
174 116
174 117
174 118
174 119
174 120
174 121
174 122
174 515
174 516
174 517
174 518
174 519
174 520
174 521
174 522
174 523
174 524
174 525
174 526
174 527
174 528
174 529
174 530
174 531
174 532
174 533
175 94
175 95
175 96
175 97
175 98
175 99
175 100
175 101
175 501
175 502
175 503
175 504
175 505
175 506
175 507
175 508
175 509
175 510
175 511
178 146
178 147
178 148
178 149
178 150
178 151
178 152
178 153
178 154
178 155
178 156
179 127
179 128
179 129
179 130
179 131
179 132
179 133
179 134
179 135
179 136
179 137
179 138
179 139
179 140
179 141
179 142
179 143
179 540
179 541
179 542
179 543
179 544
179 545
179 546
179 547
179 548
179 549
179 550
179 551
179 552
179 553
180 110
180 111
180 112
180 113
180 114
180 115
180 116
180 117
180 118
180 119
180 120
180 121
180 122
180 123
180 124
180 125
180 126
180 127
180 520
180 521
180 522
180 523
180 524
180 525
180 526
180 527
180 528
180 529
180 530
180 531
180 532
180 533
180 534
180 535
180 536
180 537
180 538
181 96
181 97
181 98
181 99
181 100
181 101
181 102
181 103
181 104
181 105
181 106
181 107
181 504
181 505
181 506
181 507
181 508
181 509
181 510
181 511
181 512
181 513
181 514
181 515
181 516
181 517
181 518
184 152
184 153
184 154
184 155
184 156
184 157
184 158
185 132
185 133
185 134
185 135
185 136
185 137
185 138
185 139
185 140
185 141
185 142
185 143
185 144
185 145
185 146
185 147
185 546
185 547
185 548
185 549
185 550
185 551
185 552
185 553
185 554
185 555
185 556
186 114
186 115
186 116
186 117
186 118
186 119
186 120
186 121
186 122
186 123
186 124
186 125
186 126
186 127
186 128
186 129
186 130
186 131
186 525
186 526
186 527
186 528
186 529
186 530
186 531
186 532
186 533
186 534
186 535
186 536
186 537
186 538
186 539
186 540
186 541
186 542
187 100
187 101
187 102
187 103
187 104
187 105
187 106
187 107
187 108
187 109
187 110
187 111
187 112
187 113
187 508
187 509
187 510
187 511
187 512
187 513
187 514
187 515
187 516
187 517
187 518
187 519
187 520
187 521
187 522
187 523
187 524
191 137
191 138
191 139
191 140
191 141
191 142
191 143
191 144
191 145
191 146
191 147
191 148
191 149
191 150
192 119
192 120
192 121
192 122
192 123
192 124
192 125
192 126
192 127
192 128
192 129
192 130
192 131
192 132
192 133
192 134
192 135
192 530
192 531
192 532
192 533
192 534
192 535
192 536
192 537
192 538
192 539
192 540
192 541
192 542
192 543
192 544
192 545
192 546
193 104
193 105
193 106
193 107
193 108
193 109
193 110
193 111
193 112
193 113
193 114
193 115
193 116
193 117
193 118
193 512
193 513
193 514
193 515
193 516
193 517
193 518
193 519
193 520
193 521
193 522
193 523
193 524
193 525
193 526
193 527
193 528
193 529
194 498
194 499
194 500
194 501
194 502
194 503
194 504
194 505
194 506
194 507
197 142
197 143
197 144
197 145
197 146
197 147
197 148
197 149
197 150
197 151
197 152
197 153
198 124
198 125
198 126
198 127
198 128
198 129
198 130
198 131
198 132
198 133
198 134
198 135
198 136
198 137
198 138
198 139
198 535
198 536
198 537
198 538
198 539
198 540
198 541
198 542
198 543
198 544
198 545
198 546
198 547
198 548
198 549
198 550
199 108
199 109
199 110
199 111
199 112
199 113
199 114
199 115
199 116
199 117
199 118
199 119
199 120
199 121
199 122
199 123
199 516
199 517
199 518
199 519
199 520
199 521
199 522
199 523
199 524
199 525
199 526
199 527
199 528
199 529
199 530
199 531
199 532
199 533
199 534
200 97
200 98
200 99
200 100
200 101
200 501
200 502
200 503
200 504
200 505
200 506
200 507
200 508
200 509
200 510
200 511
200 512
200 513
200 514
203 148
203 149
203 150
203 151
203 152
203 153
203 154
203 155
203 156
204 129
204 130
204 131
204 132
204 133
204 134
204 135
204 136
204 137
204 138
204 139
204 140
204 141
204 142
204 143
204 541
204 542
204 543
204 544
204 545
204 546
204 547
204 548
204 549
204 550
204 551
204 552
204 553
204 554
205 112
205 113
205 114
205 115
205 116
205 117
205 118
205 119
205 120
205 121
205 122
205 123
205 124
205 125
205 126
205 127
205 521
205 522
205 523
205 524
205 525
205 526
205 527
205 528
205 529
205 530
205 531
205 532
205 533
205 534
205 535
205 536
205 537
205 538
205 539
206 99
206 100
206 101
206 102
206 103
206 104
206 105
206 106
206 107
206 108
206 504
206 505
206 506
206 507
206 508
206 509
206 510
206 511
206 512
206 513
206 514
206 515
206 516
206 517
206 518
206 519
206 520
209 155
209 156
209 157
210 133
210 134
210 135
210 136
210 137
210 138
210 139
210 140
210 141
210 142
210 143
210 144
210 145
210 146
210 147
210 548
210 549
210 550
210 551
210 552
210 553
210 554
210 555
210 556
211 116
211 117
211 118
211 119
211 120
211 121
211 122
211 123
211 124
211 125
211 126
211 127
211 128
211 129
211 130
211 131
211 132
211 526
211 527
211 528
211 529
211 530
211 531
211 532
211 533
211 534
211 535
211 536
211 537
211 538
211 539
211 540
211 541
211 542
211 543
212 102
212 103
212 104
212 105
212 106
212 107
212 108
212 109
212 110
212 111
212 112
212 113
212 508
212 509
212 510
212 511
212 512
212 513
212 514
212 515
212 516
212 517
212 518
212 519
212 520
212 521
212 522
212 523
212 524
212 525
213 497
213 498
213 499
213 500
213 501
213 502
216 139
216 140
216 141
216 142
216 143
216 144
216 145
216 146
216 147
216 148
216 149
216 150
217 121
217 122
217 123
217 124
217 125
217 126
217 127
217 128
217 129
217 130
217 131
217 132
217 133
217 134
217 135
217 136
217 531
217 532
217 533
217 534
217 535
217 536
217 537
217 538
217 539
217 540
217 541
217 542
217 543
217 544
217 545
217 546
217 547
218 106
218 107
218 108
218 109
218 110
218 111
218 112
218 113
218 114
218 115
218 116
218 117
218 118
218 513
218 514
218 515
218 516
218 517
218 518
218 519
218 520
218 521
218 522
218 523
218 524
218 525
218 526
218 527
218 528
218 529
218 530
218 531
219 498
219 499
219 500
219 501
219 502
219 503
219 504
219 505
219 506
219 507
219 508
219 509
219 510
222 144
222 145
222 146
222 147
222 148
222 149
222 150
222 151
222 152
222 153
223 126
223 127
223 128
223 129
223 130
223 131
223 132
223 133
223 134
223 135
223 136
223 137
223 138
223 139
223 140
223 536
223 537
223 538
223 539
223 540
223 541
223 542
223 543
223 544
223 545
223 546
223 547
223 548
223 549
223 550
223 551
224 110
224 111
224 112
224 113
224 114
224 115
224 116
224 117
224 118
224 119
224 120
224 121
224 122
224 123
224 517
224 518
224 519
224 520
224 521
224 522
224 523
224 524
224 525
224 526
224 527
224 528
224 529
224 530
224 531
224 532
224 533
224 534
224 535
225 501
225 502
225 503
225 504
225 505
225 506
225 507
225 508
225 509
225 510
225 511
225 512
225 513
225 514
225 515
225 516
228 150
228 151
228 152
228 153
228 154
228 155
229 130
229 131
229 132
229 133
229 134
229 135
229 136
229 137
229 138
229 139
229 140
229 141
229 142
229 143
229 542
229 543
229 544
229 545
229 546
229 547
229 548
229 549
229 550
229 551
229 552
229 553
229 554
230 114
230 115
230 116
230 117
230 118
230 119
230 120
230 121
230 122
230 123
230 124
230 125
230 126
230 127
230 128
230 522
230 523
230 524
230 525
230 526
230 527
230 528
230 529
230 530
230 531
230 532
230 533
230 534
230 535
230 536
230 537
230 538
230 539
230 540
231 101
231 102
231 103
231 104
231 105
231 106
231 107
231 108
231 505
231 506
231 507
231 508
231 509
231 510
231 511
231 512
231 513
231 514
231 515
231 516
231 517
231 518
231 519
231 520
231 521
231 522
235 135
235 136
235 137
235 138
235 139
235 140
235 141
235 142
235 143
235 144
235 145
235 146
235 147
235 549
235 550
235 551
235 552
235 553
235 554
235 555
235 556
236 118
236 119
236 120
236 121
236 122
236 123
236 124
236 125
236 126
236 127
236 128
236 129
236 130
236 131
236 132
236 527
236 528
236 529
236 530
236 531
236 532
236 533
236 534
236 535
236 536
236 537
236 538
236 539
236 540
236 541
236 542
236 543
236 544
237 104
237 105
237 106
237 107
237 108
237 109
237 110
237 111
237 112
237 113
237 114
237 509
237 510
237 511
237 512
237 513
237 514
237 515
237 516
237 517
237 518
237 519
237 520
237 521
237 522
237 523
237 524
237 525
237 526
237 527
238 496
238 497
238 498
238 499
238 500
238 501
238 502
238 503
238 504
238 505
241 141
241 142
241 143
241 144
241 145
241 146
241 147
241 148
241 149
241 150
242 123
242 124
242 125
242 126
242 127
242 128
242 129
242 130
242 131
242 132
242 133
242 134
242 135
242 136
242 532
242 533
242 534
242 535
242 536
242 537
242 538
242 539
242 540
242 541
242 542
242 543
242 544
242 545
242 546
242 547
242 548
243 108
243 109
243 110
243 111
243 112
243 113
243 114
243 115
243 116
243 117
243 118
243 119
243 513
243 514
243 515
243 516
243 517
243 518
243 519
243 520
243 521
243 522
243 523
243 524
243 525
243 526
243 527
243 528
243 529
243 530
243 531
243 532
244 498
244 499
244 500
244 501
244 502
244 503
244 504
244 505
244 506
244 507
244 508
244 509
244 510
244 511
244 512
247 146
247 147
247 148
247 149
247 150
247 151
247 152
248 127
248 128
248 129
248 130
248 131
248 132
248 133
248 134
248 135
248 136
248 137
248 138
248 139
248 140
248 538
248 539
248 540
248 541
248 542
248 543
248 544
248 545
248 546
248 547
248 548
248 549
248 550
248 551
248 552
249 112
249 113
249 114
249 115
249 116
249 117
249 118
249 119
249 120
249 121
249 122
249 123
249 518
249 519
249 520
249 521
249 522
249 523
249 524
249 525
249 526
249 527
249 528
249 529
249 530
249 531
249 532
249 533
249 534
249 535
249 536
249 537
250 502
250 503
250 504
250 505
250 506
250 507
250 508
250 509
250 510
250 511
250 512
250 513
250 514
250 515
250 516
250 517
250 518
254 132
254 133
254 134
254 135
254 136
254 137
254 138
254 139
254 140
254 141
254 142
254 143
254 544
254 545
254 546
254 547
254 548
254 549
254 550
254 551
254 552
254 553
254 554
254 555
255 116
255 117
255 118
255 119
255 120
255 121
255 122
255 123
255 124
255 125
255 126
255 127
255 128
255 523
255 524
255 525
255 526
255 527
255 528
255 529
255 530
255 531
255 532
255 533
255 534
255 535
255 536
255 537
255 538
255 539
255 540
255 541
256 104
256 105
256 106
256 107
256 108
256 506
256 507
256 508
256 509
256 510
256 511
256 512
256 513
256 514
256 515
256 516
256 517
256 518
256 519
256 520
256 521
256 522
256 523
257 494
257 495
257 496
257 497
257 498
257 499
257 500
260 138
260 139
260 140
260 141
260 142
260 143
260 144
260 145
260 146
260 551
260 552
260 553
260 554
260 555
260 556
261 120
261 121
261 122
261 123
261 124
261 125
261 126
261 127
261 128
261 129
261 130
261 131
261 132
261 528
261 529
261 530
261 531
261 532
261 533
261 534
261 535
261 536
261 537
261 538
261 539
261 540
261 541
261 542
261 543
261 544
261 545
262 106
262 107
262 108
262 109
262 110
262 111
262 112
262 113
262 114
262 510
262 511
262 512
262 513
262 514
262 515
262 516
262 517
262 518
262 519
262 520
262 521
262 522
262 523
262 524
262 525
262 526
262 527
262 528
263 496
263 497
263 498
263 499
263 500
263 501
263 502
263 503
263 504
263 505
263 506
263 507
266 143
266 144
266 145
266 146
266 147
266 148
266 149
267 125
267 126
267 127
267 128
267 129
267 130
267 131
267 132
267 133
267 134
267 135
267 136
267 533
267 534
267 535
267 536
267 537
267 538
267 539
267 540
267 541
267 542
267 543
267 544
267 545
267 546
267 547
267 548
267 549
268 110
268 111
268 112
268 113
268 114
268 115
268 116
268 117
268 118
268 119
268 514
268 515
268 516
268 517
268 518
268 519
268 520
268 521
268 522
268 523
268 524
268 525
268 526
268 527
268 528
268 529
268 530
268 531
268 532
268 533
269 499
269 500
269 501
269 502
269 503
269 504
269 505
269 506
269 507
269 508
269 509
269 510
269 511
269 512
269 513
269 514
273 130
273 131
273 132
273 133
273 134
273 135
273 136
273 137
273 138
273 139
273 140
273 539
273 540
273 541
273 542
273 543
273 544
273 545
273 546
273 547
273 548
273 549
273 550
273 551
273 552
274 114
274 115
274 116
274 117
274 118
274 119
274 120
274 121
274 122
274 123
274 124
274 519
274 520
274 521
274 522
274 523
274 524
274 525
274 526
274 527
274 528
274 529
274 530
274 531
274 532
274 533
274 534
274 535
274 536
274 537
274 538
275 502
275 503
275 504
275 505
275 506
275 507
275 508
275 509
275 510
275 511
275 512
275 513
275 514
275 515
275 516
275 517
275 518
275 519
279 135
279 136
279 137
279 138
279 139
279 140
279 141
279 142
279 143
279 545
279 546
279 547
279 548
279 549
279 550
279 551
279 552
279 553
279 554
279 555
280 118
280 119
280 120
280 121
280 122
280 123
280 124
280 125
280 126
280 127
280 128
280 524
280 525
280 526
280 527
280 528
280 529
280 530
280 531
280 532
280 533
280 534
280 535
280 536
280 537
280 538
280 539
280 540
280 541
280 542
281 507
281 508
281 509
281 510
281 511
281 512
281 513
281 514
281 515
281 516
281 517
281 518
281 519
281 520
281 521
281 522
281 523
281 524
281 525
282 493
282 494
282 495
282 496
282 497
282 498
282 499
282 500
282 501
282 502
282 503
285 140
285 141
285 142
285 143
285 144
285 145
285 146
286 123
286 124
286 125
286 126
286 127
286 128
286 129
286 130
286 131
286 132
286 529
286 530
286 531
286 532
286 533
286 534
286 535
286 536
286 537
286 538
286 539
286 540
286 541
286 542
286 543
286 544
286 545
286 546
287 109
287 110
287 111
287 112
287 113
287 511
287 512
287 513
287 514
287 515
287 516
287 517
287 518
287 519
287 520
287 521
287 522
287 523
287 524
287 525
287 526
287 527
287 528
287 529
287 530
288 496
288 497
288 498
288 499
288 500
288 501
288 502
288 503
288 504
288 505
288 506
288 507
288 508
288 509
288 510
291 147
292 127
292 128
292 129
292 130
292 131
292 132
292 133
292 134
292 135
292 136
292 535
292 536
292 537
292 538
292 539
292 540
292 541
292 542
292 543
292 544
292 545
292 546
292 547
292 548
292 549
293 113
293 114
293 115
293 116
293 117
293 118
293 119
293 516
293 517
293 518
293 519
293 520
293 521
293 522
293 523
293 524
293 525
293 526
293 527
293 528
293 529
293 530
293 531
293 532
293 533
293 534
294 499
294 500
294 501
294 502
294 503
294 504
294 505
294 506
294 507
294 508
294 509
294 510
294 511
294 512
294 513
294 514
294 515
298 132
298 133
298 134
298 135
298 136
298 137
298 138
298 139
298 541
298 542
298 543
298 544
298 545
298 546
298 547
298 548
298 549
298 550
298 551
298 552
299 116
299 117
299 118
299 119
299 120
299 121
299 122
299 123
299 520
299 521
299 522
299 523
299 524
299 525
299 526
299 527
299 528
299 529
299 530
299 531
299 532
299 533
299 534
299 535
299 536
299 537
299 538
299 539
300 503
300 504
300 505
300 506
300 507
300 508
300 509
300 510
300 511
300 512
300 513
300 514
300 515
300 516
300 517
300 518
300 519
300 520
300 521
301 492
301 493
301 494
301 495
301 496
301 497
301 498
304 137
304 138
304 139
304 140
304 141
304 142
304 548
304 549
304 550
304 551
304 552
304 553
304 554
305 121
305 122
305 123
305 124
305 125
305 126
305 127
305 128
305 525
305 526
305 527
305 528
305 529
305 530
305 531
305 532
305 533
305 534
305 535
305 536
305 537
305 538
305 539
305 540
305 541
305 542
305 543
306 508
306 509
306 510
306 511
306 512
306 513
306 514
306 515
306 516
306 517
306 518
306 519
306 520
306 521
306 522
306 523
306 524
306 525
306 526
307 493
307 494
307 495
307 496
307 497
307 498
307 499
307 500
307 501
307 502
307 503
307 504
307 505
311 125
311 126
311 127
311 128
311 129
311 130
311 131
311 531
311 532
311 533
311 534
311 535
311 536
311 537
311 538
311 539
311 540
311 541
311 542
311 543
311 544
311 545
311 546
312 512
312 513
312 514
312 515
312 516
312 517
312 518
312 519
312 520
312 521
312 522
312 523
312 524
312 525
312 526
312 527
312 528
312 529
312 530
312 531
313 497
313 498
313 499
313 500
313 501
313 502
313 503
313 504
313 505
313 506
313 507
313 508
313 509
313 510
313 511
317 130
317 131
317 132
317 133
317 134
317 135
317 536
317 537
317 538
317 539
317 540
317 541
317 542
317 543
317 544
317 545
317 546
317 547
317 548
317 549
317 550
318 116
318 117
318 517
318 518
318 519
318 520
318 521
318 522
318 523
318 524
318 525
318 526
318 527
318 528
318 529
318 530
318 531
318 532
318 533
318 534
318 535
319 500
319 501
319 502
319 503
319 504
319 505
319 506
319 507
319 508
319 509
319 510
319 511
319 512
319 513
319 514
319 515
319 516
319 517
323 136
323 137
323 543
323 544
323 545
323 546
323 547
323 548
323 549
323 550
323 551
323 552
324 120
324 121
324 122
324 522
324 523
324 524
324 525
324 526
324 527
324 528
324 529
324 530
324 531
324 532
324 533
324 534
324 535
324 536
324 537
324 538
324 539
325 504
325 505
325 506
325 507
325 508
325 509
325 510
325 511
325 512
325 513
325 514
325 515
325 516
325 517
325 518
325 519
325 520
325 521
325 522
326 491
326 492
326 493
326 494
326 495
326 496
326 497
326 498
326 499
326 500
329 551
329 552
330 124
330 125
330 126
330 527
330 528
330 529
330 530
330 531
330 532
330 533
330 534
330 535
330 536
330 537
330 538
330 539
330 540
330 541
330 542
330 543
331 509
331 510
331 511
331 512
331 513
331 514
331 515
331 516
331 517
331 518
331 519
331 520
331 521
331 522
331 523
331 524
331 525
331 526
331 527
332 494
332 495
332 496
332 497
332 498
332 499
332 500
332 501
332 502
332 503
332 504
332 505
332 506
332 507
336 532
336 533
336 534
336 535
336 536
336 537
336 538
336 539
336 540
336 541
336 542
336 543
336 544
336 545
336 546
336 547
337 513
337 514
337 515
337 516
337 517
337 518
337 519
337 520
337 521
337 522
337 523
337 524
337 525
337 526
337 527
337 528
337 529
337 530
337 531
337 532
338 497
338 498
338 499
338 500
338 501
338 502
338 503
338 504
338 505
338 506
338 507
338 508
338 509
338 510
338 511
338 512
338 513
342 538
342 539
342 540
342 541
342 542
342 543
342 544
342 545
342 546
342 547
342 548
342 549
342 550
343 518
343 519
343 520
343 521
343 522
343 523
343 524
343 525
343 526
343 527
343 528
343 529
343 530
343 531
343 532
343 533
343 534
343 535
343 536
344 501
344 502
344 503
344 504
344 505
344 506
344 507
344 508
344 509
344 510
344 511
344 512
344 513
344 514
344 515
344 516
344 517
344 518
345 490
345 491
345 492
345 493
345 494
348 545
348 546
348 547
348 548
348 549
348 550
348 551
348 552
349 523
349 524
349 525
349 526
349 527
349 528
349 529
349 530
349 531
349 532
349 533
349 534
349 535
349 536
349 537
349 538
349 539
349 540
350 506
350 507
350 508
350 509
350 510
350 511
350 512
350 513
350 514
350 515
350 516
350 517
350 518
350 519
350 520
350 521
350 522
350 523
351 492
351 493
351 494
351 495
351 496
351 497
351 498
351 499
351 500
351 501
351 502
355 529
355 530
355 531
355 532
355 533
355 534
355 535
355 536
355 537
355 538
355 539
355 540
355 541
355 542
355 543
355 544
356 510
356 511
356 512
356 513
356 514
356 515
356 516
356 517
356 518
356 519
356 520
356 521
356 522
356 523
356 524
356 525
356 526
356 527
356 528
357 495
357 496
357 497
357 498
357 499
357 500
357 501
357 502
357 503
357 504
357 505
357 506
357 507
357 508
357 509
361 534
361 535
361 536
361 537
361 538
361 539
361 540
361 541
361 542
361 543
361 544
361 545
361 546
361 547
362 515
362 516
362 517
362 518
362 519
362 520
362 521
362 522
362 523
362 524
362 525
362 526
362 527
362 528
362 529
362 530
362 531
362 532
363 498
363 499
363 500
363 501
363 502
363 503
363 504
363 505
363 506
363 507
363 508
363 509
363 510
363 511
363 512
363 513
363 514
367 540
367 541
367 542
367 543
367 544
367 545
367 546
367 547
367 548
367 549
368 520
368 521
368 522
368 523
368 524
368 525
368 526
368 527
368 528
368 529
368 530
368 531
368 532
368 533
368 534
368 535
368 536
368 537
369 502
369 503
369 504
369 505
369 506
369 507
369 508
369 509
369 510
369 511
369 512
369 513
369 514
369 515
369 516
369 517
369 518
369 519
370 490
370 491
370 492
370 493
370 494
370 495
370 496
370 497
374 525
374 526
374 527
374 528
374 529
374 530
374 531
374 532
374 533
374 534
374 535
374 536
374 537
374 538
374 539
374 540
375 507
375 508
375 509
375 510
375 511
375 512
375 513
375 514
375 515
375 516
375 517
375 518
375 519
375 520
375 521
375 522
375 523
375 524
376 492
376 493
376 494
376 495
376 496
376 497
376 498
376 499
376 500
376 501
376 502
376 503
376 504
380 530
380 531
380 532
380 533
380 534
380 535
380 536
380 537
380 538
380 539
380 540
380 541
380 542
380 543
380 544
381 511
381 512
381 513
381 514
381 515
381 516
381 517
381 518
381 519
381 520
381 521
381 522
381 523
381 524
381 525
381 526
381 527
381 528
381 529
382 496
382 497
382 498
382 499
382 500
382 501
382 502
382 503
382 504
382 505
382 506
382 507
382 508
382 509
382 510
386 536
386 537
386 538
386 539
386 540
386 541
386 542
386 543
386 544
386 545
386 546
386 547
387 516
387 517
387 518
387 519
387 520
387 521
387 522
387 523
387 524
387 525
387 526
387 527
387 528
387 529
387 530
387 531
387 532
387 533
388 500
388 501
388 502
388 503
388 504
388 505
388 506
388 507
388 508
388 509
388 510
388 511
388 512
388 513
388 514
388 515
392 543
392 544
392 545
392 546
392 547
392 548
393 521
393 522
393 523
393 524
393 525
393 526
393 527
393 528
393 529
393 530
393 531
393 532
393 533
393 534
393 535
393 536
393 537
394 504
394 505
394 506
394 507
394 508
394 509
394 510
394 511
394 512
394 513
394 514
394 515
394 516
394 517
394 518
394 519
394 520
395 490
395 491
395 492
395 493
395 494
395 495
395 496
395 497
395 498
395 499
399 527
399 528
399 529
399 530
399 531
399 532
399 533
399 534
399 535
399 536
399 537
399 538
399 539
399 540
399 541
400 508
400 509
400 510
400 511
400 512
400 513
400 514
400 515
400 516
400 517
400 518
400 519
400 520
400 521
400 522
400 523
400 524
400 525
401 493
401 494
401 495
401 496
401 497
401 498
401 499
401 500
401 501
401 502
401 503
401 504
401 505
401 506
405 532
405 533
405 534
405 535
405 536
405 537
405 538
405 539
405 540
405 541
405 542
405 543
405 544
406 513
406 514
406 515
406 516
406 517
406 518
406 519
406 520
406 521
406 522
406 523
406 524
406 525
406 526
406 527
406 528
406 529
407 497
407 498
407 499
407 500
407 501
407 502
407 503
407 504
407 505
407 506
407 507
407 508
407 509
407 510
407 511
411 539
411 540
411 541
411 542
411 543
411 544
411 545
411 546
412 518
412 519
412 520
412 521
412 522
412 523
412 524
412 525
412 526
412 527
412 528
412 529
412 530
412 531
412 532
412 533
412 534
413 501
413 502
413 503
413 504
413 505
413 506
413 507
413 508
413 509
413 510
413 511
413 512
413 513
413 514
413 515
413 516
414 489
414 490
414 491
414 492
414 493
418 523
418 524
418 525
418 526
418 527
418 528
418 529
418 530
418 531
418 532
418 533
418 534
418 535
418 536
418 537
419 505
419 506
419 507
419 508
419 509
419 510
419 511
419 512
419 513
419 514
419 515
419 516
419 517
419 518
419 519
419 520
419 521
420 491
420 492
420 493
420 494
420 495
420 496
420 497
420 498
420 499
420 500
420 501
424 529
424 530
424 531
424 532
424 533
424 534
424 535
424 536
424 537
424 538
424 539
424 540
424 541
425 510
425 511
425 512
425 513
425 514
425 515
425 516
425 517
425 518
425 519
425 520
425 521
425 522
425 523
425 524
425 525
425 526
426 494
426 495
426 496
426 497
426 498
426 499
426 500
426 501
426 502
426 503
426 504
426 505
426 506
426 507
430 535
430 536
430 537
430 538
430 539
430 540
430 541
430 542
430 543
431 515
431 516
431 517
431 518
431 519
431 520
431 521
431 522
431 523
431 524
431 525
431 526
431 527
431 528
431 529
431 530
432 498
432 499
432 500
432 501
432 502
432 503
432 504
432 505
432 506
432 507
432 508
432 509
432 510
432 511
432 512
437 520
437 521
437 522
437 523
437 524
437 525
437 526
437 527
437 528
437 529
437 530
437 531
437 532
437 533
437 534
438 502
438 503
438 504
438 505
438 506
438 507
438 508
438 509
438 510
438 511
438 512
438 513
438 514
438 515
438 516
438 517
439 490
439 491
439 492
439 493
439 494
439 495
443 525
443 526
443 527
443 528
443 529
443 530
443 531
443 532
443 533
443 534
443 535
443 536
443 537
444 507
444 508
444 509
444 510
444 511
444 512
444 513
444 514
444 515
444 516
444 517
444 518
444 519
444 520
444 521
444 522
445 492
445 493
445 494
445 495
445 496
445 497
445 498
445 499
445 500
445 501
445 502
449 531
449 532
449 533
449 534
449 535
449 536
449 537
449 538
449 539
449 540
450 512
450 513
450 514
450 515
450 516
450 517
450 518
450 519
450 520
450 521
450 522
450 523
450 524
450 525
450 526
451 496
451 497
451 498
451 499
451 500
451 501
451 502
451 503
451 504
451 505
451 506
451 507
451 508
455 539
455 540
455 541
456 517
456 518
456 519
456 520
456 521
456 522
456 523
456 524
456 525
456 526
456 527
456 528
456 529
456 530
457 500
457 501
457 502
457 503
457 504
457 505
457 506
457 507
457 508
457 509
457 510
457 511
457 512
457 513
462 522
462 523
462 524
462 525
462 526
462 527
462 528
462 529
462 530
462 531
462 532
462 533
462 534
463 504
463 505
463 506
463 507
463 508
463 509
463 510
463 511
463 512
463 513
463 514
463 515
463 516
463 517
463 518
464 491
464 492
464 493
464 494
464 495
464 496
464 497
468 528
468 529
468 530
468 531
468 532
468 533
468 534
468 535
468 536
468 537
469 509
469 510
469 511
469 512
469 513
469 514
469 515
469 516
469 517
469 518
469 519
469 520
469 521
469 522
470 493
470 494
470 495
470 496
470 497
470 498
470 499
470 500
470 501
470 502
470 503
474 535
474 536
474 537
474 538
475 513
475 514
475 515
475 516
475 517
475 518
475 519
475 520
475 521
475 522
475 523
475 524
475 525
475 526
475 527
476 497
476 498
476 499
476 500
476 501
476 502
476 503
476 504
476 505
476 506
476 507
476 508
476 509
481 519
481 520
481 521
481 522
481 523
481 524
481 525
481 526
481 527
481 528
481 529
481 530
482 501
482 502
482 503
482 504
482 505
482 506
482 507
482 508
482 509
482 510
482 511
482 512
482 513
482 514
487 524
487 525
487 526
487 527
487 528
487 529
487 530
487 531
487 532
487 533
488 506
488 507
488 508
488 509
488 510
488 511
488 512
488 513
488 514
488 515
488 516
488 517
488 518
488 519
489 492
489 493
489 494
489 495
489 496
489 497
489 498
493 531
493 532
493 533
493 534
493 535
494 511
494 512
494 513
494 514
494 515
494 516
494 517
494 518
494 519
494 520
494 521
494 522
494 523
495 495
495 496
495 497
495 498
495 499
495 500
495 501
495 502
495 503
495 504
500 516
500 517
500 518
500 519
500 520
500 521
500 522
500 523
500 524
500 525
500 526
500 527
501 499
501 500
501 501
501 502
501 503
501 504
501 505
501 506
501 507
501 508
501 509
506 521
506 522
506 523
506 524
506 525
506 526
506 527
506 528
506 529
506 530
507 503
507 504
507 505
507 506
507 507
507 508
507 509
507 510
507 511
507 512
507 513
507 514
512 528
512 529
512 530
512 531
512 532
513 508
513 509
513 510
513 511
513 512
513 513
513 514
513 515
513 516
513 517
513 518
513 519
514 494
514 495
514 496
514 497
514 498
519 513
519 514
519 515
519 516
519 517
519 518
519 519
519 520
519 521
519 522
519 523
520 497
520 498
520 499
520 500
520 501
520 502
520 503
520 504
520 505
525 519
525 520
525 521
525 522
525 523
525 524
525 525
525 526
526 501
526 502
526 503
526 504
526 505
526 506
526 507
526 508
526 509
526 510
531 526
531 527
531 528
532 505
532 506
532 507
532 508
532 509
532 510
532 511
532 512
532 513
532 514
538 510
538 511
538 512
538 513
538 514
538 515
538 516
538 517
538 518
538 519
539 497
544 516
544 517
544 518
544 519
544 520
544 521
544 522
545 500
545 501
545 502
545 503
545 504
545 505
551 504
551 505
551 506
551 507
551 508
551 509
551 510
557 509
557 510
557 511
557 512
557 513
557 514
563 515
563 516
563 517
1597 445
1597 446
1597 447
1603 448
1603 449
1603 450
1603 451
1603 452
1609 452
1609 453
1609 454
1609 455
1609 456
1609 457
1610 438
1610 439
1610 440
1615 456
1615 457
1615 458
1615 459
1615 460
1615 461
1616 440
1616 441
1616 442
1616 443
1616 444
1616 445
1621 461
1621 462
1621 463
1621 464
1621 465
1622 444
1622 445
1622 446
1622 447
1622 448
1622 449
1622 450
1627 466
1627 467
1627 468
1627 469
1628 448
1628 449
1628 450
1628 451
1628 452
1628 453
1628 454
1628 455
1629 434
1629 435
1629 436
1629 437
1634 452
1634 453
1634 454
1634 455
1634 456
1634 457
1634 458
1634 459
1635 437
1635 438
1635 439
1635 440
1635 441
1635 442
1640 456
1640 457
1640 458
1640 459
1640 460
1640 461
1640 462
1640 463
1641 440
1641 441
1641 442
1641 443
1641 444
1641 445
1641 446
1641 447
1646 461
1646 462
1646 463
1646 464
1646 465
1646 466
1646 467
1647 444
1647 445
1647 446
1647 447
1647 448
1647 449
1647 450
1647 451
1647 452
1648 430
1648 431
1648 432
1648 433
1648 434
1652 466
1652 467
1652 468
1652 469
1652 470
1652 471
1653 448
1653 449
1653 450
1653 451
1653 452
1653 453
1653 454
1653 455
1653 456
1654 433
1654 434
1654 435
1654 436
1654 437
1654 438
1654 439
1658 472
1658 473
1659 452
1659 453
1659 454
1659 455
1659 456
1659 457
1659 458
1659 459
1659 460
1659 461
1660 436
1660 437
1660 438
1660 439
1660 440
1660 441
1660 442
1660 443
1660 444
1665 456
1665 457
1665 458
1665 459
1665 460
1665 461
1665 462
1665 463
1665 464
1665 465
1666 440
1666 441
1666 442
1666 443
1666 444
1666 445
1666 446
1666 447
1666 448
1666 449
1667 427
1667 428
1667 429
1667 430
1671 461
1671 462
1671 463
1671 464
1671 465
1671 466
1671 467
1671 468
1671 469
1672 444
1672 445
1672 446
1672 447
1672 448
1672 449
1672 450
1672 451
1672 452
1672 453
1672 454
1673 430
1673 431
1673 432
1673 433
1673 434
1673 435
1673 436
1677 466
1677 467
1677 468
1677 469
1677 470
1677 471
1677 472
1678 448
1678 449
1678 450
1678 451
1678 452
1678 453
1678 454
1678 455
1678 456
1678 457
1678 458
1679 433
1679 434
1679 435
1679 436
1679 437
1679 438
1679 439
1679 440
1679 441
1683 472
1683 473
1683 474
1684 452
1684 453
1684 454
1684 455
1684 456
1684 457
1684 458
1684 459
1684 460
1684 461
1684 462
1685 437
1685 438
1685 439
1685 440
1685 441
1685 442
1685 443
1685 444
1685 445
1685 446
1690 457
1690 458
1690 459
1690 460
1690 461
1690 462
1690 463
1690 464
1690 465
1690 466
1691 440
1691 441
1691 442
1691 443
1691 444
1691 445
1691 446
1691 447
1691 448
1691 449
1691 450
1692 427
1692 428
1692 429
1692 430
1692 431
1692 432
1696 462
1696 463
1696 464
1696 465
1696 466
1696 467
1696 468
1696 469
1696 470
1697 444
1697 445
1697 446
1697 447
1697 448
1697 449
1697 450
1697 451
1697 452
1697 453
1697 454
1697 455
1698 430
1698 431
1698 432
1698 433
1698 434
1698 435
1698 436
1698 437
1702 467
1702 468
1702 469
1702 470
1702 471
1702 472
1702 473
1703 448
1703 449
1703 450
1703 451
1703 452
1703 453
1703 454
1703 455
1703 456
1703 457
1703 458
1703 459
1704 433
1704 434
1704 435
1704 436
1704 437
1704 438
1704 439
1704 440
1704 441
1704 442
1708 474
1708 475
1709 453
1709 454
1709 455
1709 456
1709 457
1709 458
1709 459
1709 460
1709 461
1709 462
1709 463
1710 437
1710 438
1710 439
1710 440
1710 441
1710 442
1710 443
1710 444
1710 445
1710 446
1710 447
1711 425
1711 426
1711 427
1711 428
1715 458
1715 459
1715 460
1715 461
1715 462
1715 463
1715 464
1715 465
1715 466
1715 467
1716 441
1716 442
1716 443
1716 444
1716 445
1716 446
1716 447
1716 448
1716 449
1716 450
1716 451
1716 452
1717 427
1717 428
1717 429
1717 430
1717 431
1717 432
1717 433
1717 434
1721 463
1721 464
1721 465
1721 466
1721 467
1721 468
1721 469
1721 470
1721 471
1722 445
1722 446
1722 447
1722 448
1722 449
1722 450
1722 451
1722 452
1722 453
1722 454
1722 455
1722 456
1723 430
1723 431
1723 432
1723 433
1723 434
1723 435
1723 436
1723 437
1723 438
1723 439
1727 468
1727 469
1727 470
1727 471
1727 472
1727 473
1727 474
1728 449
1728 450
1728 451
1728 452
1728 453
1728 454
1728 455
1728 456
1728 457
1728 458
1728 459
1728 460
1729 434
1729 435
1729 436
1729 437
1729 438
1729 439
1729 440
1729 441
1729 442
1729 443
1729 444
1734 454
1734 455
1734 456
1734 457
1734 458
1734 459
1734 460
1734 461
1734 462
1734 463
1734 464
1735 438
1735 439
1735 440
1735 441
1735 442
1735 443
1735 444
1735 445
1735 446
1735 447
1735 448
1736 425
1736 426
1736 427
1736 428
1736 429
1740 458
1740 459
1740 460
1740 461
1740 462
1740 463
1740 464
1740 465
1740 466
1740 467
1740 468
1741 441
1741 442
1741 443
1741 444
1741 445
1741 446
1741 447
1741 448
1741 449
1741 450
1741 451
1741 452
1741 453
1742 428
1742 429
1742 430
1742 431
1742 432
1742 433
1742 434
1742 435
1746 464
1746 465
1746 466
1746 467
1746 468
1746 469
1746 470
1746 471
1746 472
1747 446
1747 447
1747 448
1747 449
1747 450
1747 451
1747 452
1747 453
1747 454
1747 455
1747 456
1747 457
1748 431
1748 432
1748 433
1748 434
1748 435
1748 436
1748 437
1748 438
1748 439
1748 440
1752 470
1752 471
1752 472
1752 473
1752 474
1753 450
1753 451
1753 452
1753 453
1753 454
1753 455
1753 456
1753 457
1753 458
1753 459
1753 460
1753 461
1754 434
1754 435
1754 436
1754 437
1754 438
1754 439
1754 440
1754 441
1754 442
1754 443
1754 444
1754 445
1759 455
1759 456
1759 457
1759 458
1759 459
1759 460
1759 461
1759 462
1759 463
1759 464
1759 465
1760 438
1760 439
1760 440
1760 441
1760 442
1760 443
1760 444
1760 445
1760 446
1760 447
1760 448
1760 449
1761 425
1761 426
1761 427
1761 428
1761 429
1761 430
1765 460
1765 461
1765 462
1765 463
1765 464
1765 465
1765 466
1765 467
1765 468
1765 469
1766 442
1766 443
1766 444
1766 445
1766 446
1766 447
1766 448
1766 449
1766 450
1766 451
1766 452
1766 453
1766 454
1767 428
1767 429
1767 430
1767 431
1767 432
1767 433
1767 434
1767 435
1767 436
1771 465
1771 466
1771 467
1771 468
1771 469
1771 470
1771 471
1771 472
1772 447
1772 448
1772 449
1772 450
1772 451
1772 452
1772 453
1772 454
1772 455
1772 456
1772 457
1772 458
1773 432
1773 433
1773 434
1773 435
1773 436
1773 437
1773 438
1773 439
1773 440
1773 441
1777 472
1777 473
1778 451
1778 452
1778 453
1778 454
1778 455
1778 456
1778 457
1778 458
1778 459
1778 460
1778 461
1778 462
1779 435
1779 436
1779 437
1779 438
1779 439
1779 440
1779 441
1779 442
1779 443
1779 444
1779 445
1779 446
1784 456
1784 457
1784 458
1784 459
1784 460
1784 461
1784 462
1784 463
1784 464
1784 465
1784 466
1785 439
1785 440
1785 441
1785 442
1785 443
1785 444
1785 445
1785 446
1785 447
1785 448
1785 449
1785 450
1786 426
1786 427
1786 428
1786 429
1786 430
1786 431
1790 461
1790 462
1790 463
1790 464
1790 465
1790 466
1790 467
1790 468
1790 469
1791 443
1791 444
1791 445
1791 446
1791 447
1791 448
1791 449
1791 450
1791 451
1791 452
1791 453
1791 454
1791 455
1792 429
1792 430
1792 431
1792 432
1792 433
1792 434
1792 435
1792 436
1792 437
1796 467
1796 468
1796 469
1796 470
1796 471
1796 472
1797 448
1797 449
1797 450
1797 451
1797 452
1797 453
1797 454
1797 455
1797 456
1797 457
1797 458
1797 459
1798 432
1798 433
1798 434
1798 435
1798 436
1798 437
1798 438
1798 439
1798 440
1798 441
1798 442
1803 452
1803 453
1803 454
1803 455
1803 456
1803 457
1803 458
1803 459
1803 460
1803 461
1803 462
1803 463
1804 436
1804 437
1804 438
1804 439
1804 440
1804 441
1804 442
1804 443
1804 444
1804 445
1804 446
1809 457
1809 458
1809 459
1809 460
1809 461
1809 462
1809 463
1809 464
1809 465
1809 466
1810 440
1810 441
1810 442
1810 443
1810 444
1810 445
1810 446
1810 447
1810 448
1810 449
1810 450
1810 451
1811 427
1811 428
1811 429
1811 430
1811 431
1811 432
1815 463
1815 464
1815 465
1815 466
1815 467
1815 468
1815 469
1816 444
1816 445
1816 446
1816 447
1816 448
1816 449
1816 450
1816 451
1816 452
1816 453
1816 454
1816 455
1817 430
1817 431
1817 432
1817 433
1817 434
1817 435
1817 436
1817 437
1822 449
1822 450
1822 451
1822 452
1822 453
1822 454
1822 455
1822 456
1822 457
1822 458
1822 459
1823 434
1823 435
1823 436
1823 437
1823 438
1823 439
1823 440
1823 441
1823 442
1828 454
1828 455
1828 456
1828 457
1828 458
1828 459
1828 460
1828 461
1828 462
1828 463
1829 437
1829 438
1829 439
1829 440
1829 441
1829 442
1829 443
1829 444
1829 445
1829 446
1829 447
1834 459
1834 460
1834 461
1834 462
1834 463
1834 464
1834 465
1834 466
1835 441
1835 442
1835 443
1835 444
1835 445
1835 446
1835 447
1835 448
1835 449
1835 450
1835 451
1836 428
1836 429
1836 430
1836 431
1836 432
1840 466
1840 467
1840 468
1840 469
1841 446
1841 447
1841 448
1841 449
1841 450
1841 451
1841 452
1841 453
1841 454
1841 455
1841 456
1842 431
1842 432
1842 433
1842 434
1842 435
1842 436
1842 437
1842 438
1847 451
1847 452
1847 453
1847 454
1847 455
1847 456
1847 457
1847 458
1847 459
1847 460
1848 435
1848 436
1848 437
1848 438
1848 439
1848 440
1848 441
1848 442
1848 443
1853 456
1853 457
1853 458
1853 459
1853 460
1853 461
1853 462
1853 463
1854 439
1854 440
1854 441
1854 442
1854 443
1854 444
1854 445
1854 446
1854 447
1859 462
1859 463
1859 464
1859 465
1859 466
1860 443
1860 444
1860 445
1860 446
1860 447
1860 448
1860 449
1860 450
1860 451
1860 452
1861 430
1861 431
1861 432
1866 447
1866 448
1866 449
1866 450
1866 451
1866 452
1866 453
1866 454
1866 455
1866 456
1867 433
1867 434
1867 435
1867 436
1867 437
1867 438
1872 452
1872 453
1872 454
1872 455
1872 456
1872 457
1872 458
1872 459
1873 436
1873 437
1873 438
1873 439
1873 440
1873 441
1873 442
1873 443
1878 458
1878 459
1878 460
1878 461
1878 462
1879 440
1879 441
1879 442
1879 443
1879 444
1879 445
1879 446
1879 447
1885 445
1885 446
1885 447
1885 448
1885 449
1885 450
1885 451
1885 452
1891 450
1891 451
1891 452
1891 453
1891 454
1891 455
1892 436
1892 437
1897 455
1897 456
1897 457
1897 458
1898 439
1898 440
1898 441
1898 442
1904 443
1904 444
1904 445
1904 446
1904 447
1910 448
1910 449
1910 450
1910 451
2317 32
2317 33
2324 17
2324 18
2324 19
2324 20
2324 21
2324 22
2330 20
2330 21
2330 22
2330 23
2330 24
2330 25
2330 26
2330 27
2336 24
2336 25
2336 26
2336 27
2336 28
2336 29
2336 30
2336 31
2336 32
2337 9
2337 10
2337 11
2337 12
2342 29
2342 30
2342 31
2342 32
2342 33
2342 34
2342 35
2342 36
2342 37
2343 11
2343 12
2343 13
2343 14
2343 15
2343 16
2343 17
2343 18
2343 19
2348 34
2348 35
2348 36
2348 37
2348 38
2348 39
2348 40
2348 41
2349 15
2349 16
2349 17
2349 18
2349 19
2349 20
2349 21
2349 22
2349 23
2349 24
2354 39
2354 40
2354 41
2354 42
2354 43
2354 44
2354 45
2354 46
2355 19
2355 20
2355 21
2355 22
2355 23
2355 24
2355 25
2355 26
2355 27
2355 28
2355 29
2355 30
2356 4
2356 5
2356 6
2356 7
2356 8
2360 45
2360 46
2360 47
2360 48
2360 49
2361 23
2361 24
2361 25
2361 26
2361 27
2361 28
2361 29
2361 30
2361 31
2361 32
2361 33
2361 34
2361 35
2362 7
2362 8
2362 9
2362 10
2362 11
2362 12
2362 13
2362 14
2362 15
2367 28
2367 29
2367 30
2367 31
2367 32
2367 33
2367 34
2367 35
2367 36
2367 37
2367 38
2367 39
2368 10
2368 11
2368 12
2368 13
2368 14
2368 15
2368 16
2368 17
2368 18
2368 19
2368 20
2368 21
2373 33
2373 34
2373 35
2373 36
2373 37
2373 38
2373 39
2373 40
2373 41
2373 42
2373 43
2373 44
2374 14
2374 15
2374 16
2374 17
2374 18
2374 19
2374 20
2374 21
2374 22
2374 23
2374 24
2374 25
2374 26
2375 1
2375 2
2375 3
2379 38
2379 39
2379 40
2379 41
2379 42
2379 43
2379 44
2379 45
2379 46
2379 47
2379 48
2380 18
2380 19
2380 20
2380 21
2380 22
2380 23
2380 24
2380 25
2380 26
2380 27
2380 28
2380 29
2380 30
2380 31
2381 3
2381 4
2381 5
2381 6
2381 7
2381 8
2381 9
2381 10
2381 11
2385 43
2385 44
2385 45
2385 46
2385 47
2385 48
2385 49
2385 50
2385 51
2385 52
2386 23
2386 24
2386 25
2386 26
2386 27
2386 28
2386 29
2386 30
2386 31
2386 32
2386 33
2386 34
2386 35
2386 36
2387 6
2387 7
2387 8
2387 9
2387 10
2387 11
2387 12
2387 13
2387 14
2387 15
2387 16
2387 17
2391 49
2391 50
2391 51
2391 52
2391 53
2391 54
2391 55
2391 56
2392 27
2392 28
2392 29
2392 30
2392 31
2392 32
2392 33
2392 34
2392 35
2392 36
2392 37
2392 38
2392 39
2392 40
2392 41
2393 10
2393 11
2393 12
2393 13
2393 14
2393 15
2393 16
2393 17
2393 18
2393 19
2393 20
2393 21
2393 22
2397 55
2397 56
2397 57
2397 58
2397 59
2398 32
2398 33
2398 34
2398 35
2398 36
2398 37
2398 38
2398 39
2398 40
2398 41
2398 42
2398 43
2398 44
2398 45
2398 46
2399 14
2399 15
2399 16
2399 17
2399 18
2399 19
2399 20
2399 21
2399 22
2399 23
2399 24
2399 25
2399 26
2399 27
2399 28
2400 0
2400 1
2400 2
2400 3
2400 4
2400 5
2400 6
2400 575
2404 37
2404 38
2404 39
2404 40
2404 41
2404 42
2404 43
2404 44
2404 45
2404 46
2404 47
2404 48
2404 49
2404 50
2405 18
2405 19
2405 20
2405 21
2405 22
2405 23
2405 24
2405 25
2405 26
2405 27
2405 28
2405 29
2405 30
2405 31
2405 32
2405 33
2406 2
2406 3
2406 4
2406 5
2406 6
2406 7
2406 8
2406 9
2406 10
2406 11
2406 12
2406 13
2410 42
2410 43
2410 44
2410 45
2410 46
2410 47
2410 48
2410 49
2410 50
2410 51
2410 52
2410 53
2410 54
2411 23
2411 24
2411 25
2411 26
2411 27
2411 28
2411 29
2411 30
2411 31
2411 32
2411 33
2411 34
2411 35
2411 36
2411 37
2411 38
2412 6
2412 7
2412 8
2412 9
2412 10
2412 11
2412 12
2412 13
2412 14
2412 15
2412 16
2412 17
2412 18
2416 47
2416 48
2416 49
2416 50
2416 51
2416 52
2416 53
2416 54
2416 55
2416 56
2416 57
2416 58
2417 27
2417 28
2417 29
2417 30
2417 31
2417 32
2417 33
2417 34
2417 35
2417 36
2417 37
2417 38
2417 39
2417 40
2417 41
2417 42
2418 10
2418 11
2418 12
2418 13
2418 14
2418 15
2418 16
2418 17
2418 18
2418 19
2418 20
2418 21
2418 22
2418 23
2418 24
2419 0
2419 1
2419 573
2419 574
2419 575
2422 53
2422 54
2422 55
2422 56
2422 57
2422 58
2422 59
2422 60
2422 61
2422 62
2423 32
2423 33
2423 34
2423 35
2423 36
2423 37
2423 38
2423 39
2423 40
2423 41
2423 42
2423 43
2423 44
2423 45
2423 46
2423 47
2424 14
2424 15
2424 16
2424 17
2424 18
2424 19
2424 20
2424 21
2424 22
2424 23
2424 24
2424 25
2424 26
2424 27
2424 28
2424 29
2425 0
2425 1
2425 2
2425 3
2425 4
2425 5
2425 6
2425 7
2425 8
2425 575
2428 59
2428 60
2428 61
2428 62
2428 63
2428 64
2428 65
2429 37
2429 38
2429 39
2429 40
2429 41
2429 42
2429 43
2429 44
2429 45
2429 46
2429 47
2429 48
2429 49
2429 50
2429 51
2429 52
2430 18
2430 19
2430 20
2430 21
2430 22
2430 23
2430 24
2430 25
2430 26
2430 27
2430 28
2430 29
2430 30
2430 31
2430 32
2430 33
2430 34
2431 2
2431 3
2431 4
2431 5
2431 6
2431 7
2431 8
2431 9
2431 10
2431 11
2431 12
2431 13
2431 14
2435 42
2435 43
2435 44
2435 45
2435 46
2435 47
2435 48
2435 49
2435 50
2435 51
2435 52
2435 53
2435 54
2435 55
2435 56
2436 22
2436 23
2436 24
2436 25
2436 26
2436 27
2436 28
2436 29
2436 30
2436 31
2436 32
2436 33
2436 34
2436 35
2436 36
2436 37
2436 38
2436 39
2437 6
2437 7
2437 8
2437 9
2437 10
2437 11
2437 12
2437 13
2437 14
2437 15
2437 16
2437 17
2437 18
2437 19
2437 20
2441 47
2441 48
2441 49
2441 50
2441 51
2441 52
2441 53
2441 54
2441 55
2441 56
2441 57
2441 58
2441 59
2441 60
2442 27
2442 28
2442 29
2442 30
2442 31
2442 32
2442 33
2442 34
2442 35
2442 36
2442 37
2442 38
2442 39
2442 40
2442 41
2442 42
2442 43
2442 44
2443 10
2443 11
2443 12
2443 13
2443 14
2443 15
2443 16
2443 17
2443 18
2443 19
2443 20
2443 21
2443 22
2443 23
2443 24
2443 25
2444 0
2444 1
2444 2
2444 3
2444 572
2444 573
2444 574
2444 575
2447 52
2447 53
2447 54
2447 55
2447 56
2447 57
2447 58
2447 59
2447 60
2447 61
2447 62
2447 63
2447 64
2448 32
2448 33
2448 34
2448 35
2448 36
2448 37
2448 38
2448 39
2448 40
2448 41
2448 42
2448 43
2448 44
2448 45
2448 46
2448 47
2448 48
2449 14
2449 15
2449 16
2449 17
2449 18
2449 19
2449 20
2449 21
2449 22
2449 23
2449 24
2449 25
2449 26
2449 27
2449 28
2449 29
2449 30
2450 0
2450 1
2450 2
2450 3
2450 4
2450 5
2450 6
2450 7
2450 8
2450 9
2450 575
2453 58
2453 59
2453 60
2453 61
2453 62
2453 63
2453 64
2453 65
2453 66
2453 67
2453 68
2454 36
2454 37
2454 38
2454 39
2454 40
2454 41
2454 42
2454 43
2454 44
2454 45
2454 46
2454 47
2454 48
2454 49
2454 50
2454 51
2454 52
2454 53
2455 18
2455 19
2455 20
2455 21
2455 22
2455 23
2455 24
2455 25
2455 26
2455 27
2455 28
2455 29
2455 30
2455 31
2455 32
2455 33
2455 34
2455 35
2456 2
2456 3
2456 4
2456 5
2456 6
2456 7
2456 8
2456 9
2456 10
2456 11
2456 12
2456 13
2456 14
2456 15
2459 64
2459 65
2459 66
2459 67
2459 68
2459 69
2459 70
2459 71
2460 41
2460 42
2460 43
2460 44
2460 45
2460 46
2460 47
2460 48
2460 49
2460 50
2460 51
2460 52
2460 53
2460 54
2460 55
2460 56
2460 57
2461 23
2461 24
2461 25
2461 26
2461 27
2461 28
2461 29
2461 30
2461 31
2461 32
2461 33
2461 34
2461 35
2461 36
2461 37
2461 38
2461 39
2461 40
2462 6
2462 7
2462 8
2462 9
2462 10
2462 11
2462 12
2462 13
2462 14
2462 15
2462 16
2462 17
2462 18
2462 19
2462 20
2462 21
2463 570
2463 571
2463 572
2463 573
2465 71
2465 72
2465 73
2465 74
2466 46
2466 47
2466 48
2466 49
2466 50
2466 51
2466 52
2466 53
2466 54
2466 55
2466 56
2466 57
2466 58
2466 59
2466 60
2466 61
2466 62
2467 27
2467 28
2467 29
2467 30
2467 31
2467 32
2467 33
2467 34
2467 35
2467 36
2467 37
2467 38
2467 39
2467 40
2467 41
2467 42
2467 43
2467 44
2467 45
2468 10
2468 11
2468 12
2468 13
2468 14
2468 15
2468 16
2468 17
2468 18
2468 19
2468 20
2468 21
2468 22
2468 23
2468 24
2468 25
2468 26
2469 0
2469 1
2469 2
2469 3
2469 4
2469 572
2469 573
2469 574
2469 575
2472 52
2472 53
2472 54
2472 55
2472 56
2472 57
2472 58
2472 59
2472 60
2472 61
2472 62
2472 63
2472 64
2472 65
2472 66
2473 32
2473 33
2473 34
2473 35
2473 36
2473 37
2473 38
2473 39
2473 40
2473 41
2473 42
2473 43
2473 44
2473 45
2473 46
2473 47
2473 48
2473 49
2473 50
2474 14
2474 15
2474 16
2474 17
2474 18
2474 19
2474 20
2474 21
2474 22
2474 23
2474 24
2474 25
2474 26
2474 27
2474 28
2474 29
2474 30
2474 31
2475 0
2475 1
2475 2
2475 3
2475 4
2475 5
2475 6
2475 7
2475 8
2475 9
2475 10
2475 11
2475 575
2478 57
2478 58
2478 59
2478 60
2478 61
2478 62
2478 63
2478 64
2478 65
2478 66
2478 67
2478 68
2478 69
2478 70
2479 36
2479 37
2479 38
2479 39
2479 40
2479 41
2479 42
2479 43
2479 44
2479 45
2479 46
2479 47
2479 48
2479 49
2479 50
2479 51
2479 52
2479 53
2479 54
2480 18
2480 19
2480 20
2480 21
2480 22
2480 23
2480 24
2480 25
2480 26
2480 27
2480 28
2480 29
2480 30
2480 31
2480 32
2480 33
2480 34
2480 35
2480 36
2481 2
2481 3
2481 4
2481 5
2481 6
2481 7
2481 8
2481 9
2481 10
2481 11
2481 12
2481 13
2481 14
2481 15
2481 16
2484 63
2484 64
2484 65
2484 66
2484 67
2484 68
2484 69
2484 70
2484 71
2484 72
2484 73
2484 74
2485 41
2485 42
2485 43
2485 44
2485 45
2485 46
2485 47
2485 48
2485 49
2485 50
2485 51
2485 52
2485 53
2485 54
2485 55
2485 56
2485 57
2485 58
2485 59
2486 23
2486 24
2486 25
2486 26
2486 27
2486 28
2486 29
2486 30
2486 31
2486 32
2486 33
2486 34
2486 35
2486 36
2486 37
2486 38
2486 39
2486 40
2486 41
2487 6
2487 7
2487 8
2487 9
2487 10
2487 11
2487 12
2487 13
2487 14
2487 15
2487 16
2487 17
2487 18
2487 19
2487 20
2487 21
2487 22
2488 570
2488 571
2488 572
2488 573
2488 574
2488 575
2490 68
2490 69
2490 70
2490 71
2490 72
2490 73
2490 74
2490 75
2490 76
2490 77
2491 46
2491 47
2491 48
2491 49
2491 50
2491 51
2491 52
2491 53
2491 54
2491 55
2491 56
2491 57
2491 58
2491 59
2491 60
2491 61
2491 62
2491 63
2492 27
2492 28
2492 29
2492 30
2492 31
2492 32
2492 33
2492 34
2492 35
2492 36
2492 37
2492 38
2492 39
2492 40
2492 41
2492 42
2492 43
2492 44
2492 45
2492 46
2493 10
2493 11
2493 12
2493 13
2493 14
2493 15
2493 16
2493 17
2493 18
2493 19
2493 20
2493 21
2493 22
2493 23
2493 24
2493 25
2493 26
2493 27
2494 0
2494 1
2494 2
2494 3
2494 4
2494 5
2494 6
2494 572
2494 573
2494 574
2494 575
2496 75
2496 76
2496 77
2496 78
2496 79
2496 80
2497 51
2497 52
2497 53
2497 54
2497 55
2497 56
2497 57
2497 58
2497 59
2497 60
2497 61
2497 62
2497 63
2497 64
2497 65
2497 66
2497 67
2497 68
2498 32
2498 33
2498 34
2498 35
2498 36
2498 37
2498 38
2498 39
2498 40
2498 41
2498 42
2498 43
2498 44
2498 45
2498 46
2498 47
2498 48
2498 49
2498 50
2498 51
2499 14
2499 15
2499 16
2499 17
2499 18
2499 19
2499 20
2499 21
2499 22
2499 23
2499 24
2499 25
2499 26
2499 27
2499 28
2499 29
2499 30
2499 31
2499 32
2500 0
2500 1
2500 2
2500 3
2500 4
2500 5
2500 6
2500 7
2500 8
2500 9
2500 10
2500 11
2500 12
2500 575
2503 57
2503 58
2503 59
2503 60
2503 61
2503 62
2503 63
2503 64
2503 65
2503 66
2503 67
2503 68
2503 69
2503 70
2503 71
2503 72
2504 37
2504 38
2504 39
2504 40
2504 41
2504 42
2504 43
2504 44
2504 45
2504 46
2504 47
2504 48
2504 49
2504 50
2504 51
2504 52
2504 53
2504 54
2504 55
2505 19
2505 20
2505 21
2505 22
2505 23
2505 24
2505 25
2505 26
2505 27
2505 28
2505 29
2505 30
2505 31
2505 32
2505 33
2505 34
2505 35
2505 36
2505 37
2506 3
2506 4
2506 5
2506 6
2506 7
2506 8
2506 9
2506 10
2506 11
2506 12
2506 13
2506 14
2506 15
2506 16
2506 17
2509 62
2509 63
2509 64
2509 65
2509 66
2509 67
2509 68
2509 69
2509 70
2509 71
2509 72
2509 73
2509 74
2509 75
2509 76
2510 41
2510 42
2510 43
2510 44
2510 45
2510 46
2510 47
2510 48
2510 49
2510 50
2510 51
2510 52
2510 53
2510 54
2510 55
2510 56
2510 57
2510 58
2510 59
2510 60
2511 23
2511 24
2511 25
2511 26
2511 27
2511 28
2511 29
2511 30
2511 31
2511 32
2511 33
2511 34
2511 35
2511 36
2511 37
2511 38
2511 39
2511 40
2511 41
2511 42
2512 7
2512 8
2512 9
2512 10
2512 11
2512 12
2512 13
2512 14
2512 15
2512 16
2512 17
2512 18
2512 19
2512 20
2512 21
2512 22
2512 23
2513 0
2513 570
2513 571
2513 572
2513 573
2513 574
2513 575
2515 68
2515 69
2515 70
2515 71
2515 72
2515 73
2515 74
2515 75
2515 76
2515 77
2515 78
2515 79
2515 80
2516 46
2516 47
2516 48
2516 49
2516 50
2516 51
2516 52
2516 53
2516 54
2516 55
2516 56
2516 57
2516 58
2516 59
2516 60
2516 61
2516 62
2516 63
2516 64
2516 65
2517 27
2517 28
2517 29
2517 30
2517 31
2517 32
2517 33
2517 34
2517 35
2517 36
2517 37
2517 38
2517 39
2517 40
2517 41
2517 42
2517 43
2517 44
2517 45
2517 46
2517 47
2518 11
2518 12
2518 13
2518 14
2518 15
2518 16
2518 17
2518 18
2518 19
2518 20
2518 21
2518 22
2518 23
2518 24
2518 25
2518 26
2518 27
2518 28
2519 0
2519 1
2519 2
2519 3
2519 4
2519 5
2519 6
2519 7
2519 572
2519 573
2519 574
2519 575
2521 73
2521 74
2521 75
2521 76
2521 77
2521 78
2521 79
2521 80
2521 81
2521 82
2521 83
2522 51
2522 52
2522 53
2522 54
2522 55
2522 56
2522 57
2522 58
2522 59
2522 60
2522 61
2522 62
2522 63
2522 64
2522 65
2522 66
2522 67
2522 68
2522 69
2523 32
2523 33
2523 34
2523 35
2523 36
2523 37
2523 38
2523 39
2523 40
2523 41
2523 42
2523 43
2523 44
2523 45
2523 46
2523 47
2523 48
2523 49
2523 50
2523 51
2523 52
2524 15
2524 16
2524 17
2524 18
2524 19
2524 20
2524 21
2524 22
2524 23
2524 24
2524 25
2524 26
2524 27
2524 28
2524 29
2524 30
2524 31
2524 32
2524 33
2525 0
2525 1
2525 2
2525 3
2525 4
2525 5
2525 6
2525 7
2525 8
2525 9
2525 10
2525 11
2525 12
2525 13
2527 80
2527 81
2527 82
2527 83
2527 84
2527 85
2527 86
2528 56
2528 57
2528 58
2528 59
2528 60
2528 61
2528 62
2528 63
2528 64
2528 65
2528 66
2528 67
2528 68
2528 69
2528 70
2528 71
2528 72
2528 73
2529 37
2529 38
2529 39
2529 40
2529 41
2529 42
2529 43
2529 44
2529 45
2529 46
2529 47
2529 48
2529 49
2529 50
2529 51
2529 52
2529 53
2529 54
2529 55
2529 56
2530 19
2530 20
2530 21
2530 22
2530 23
2530 24
2530 25
2530 26
2530 27
2530 28
2530 29
2530 30
2530 31
2530 32
2530 33
2530 34
2530 35
2530 36
2530 37
2530 38
2531 3
2531 4
2531 5
2531 6
2531 7
2531 8
2531 9
2531 10
2531 11
2531 12
2531 13
2531 14
2531 15
2531 16
2531 17
2531 18
2534 62
2534 63
2534 64
2534 65
2534 66
2534 67
2534 68
2534 69
2534 70
2534 71
2534 72
2534 73
2534 74
2534 75
2534 76
2534 77
2534 78
2535 41
2535 42
2535 43
2535 44
2535 45
2535 46
2535 47
2535 48
2535 49
2535 50
2535 51
2535 52
2535 53
2535 54
2535 55
2535 56
2535 57
2535 58
2535 59
2535 60
2535 61
2536 23
2536 24
2536 25
2536 26
2536 27
2536 28
2536 29
2536 30
2536 31
2536 32
2536 33
2536 34
2536 35
2536 36
2536 37
2536 38
2536 39
2536 40
2536 41
2536 42
2536 43
2537 7
2537 8
2537 9
2537 10
2537 11
2537 12
2537 13
2537 14
2537 15
2537 16
2537 17
2537 18
2537 19
2537 20
2537 21
2537 22
2537 23
2538 0
2538 1
2538 570
2538 571
2538 572
2538 573
2538 574
2538 575
2540 67
2540 68
2540 69
2540 70
2540 71
2540 72
2540 73
2540 74
2540 75
2540 76
2540 77
2540 78
2540 79
2540 80
2540 81
2540 82
2541 46
2541 47
2541 48
2541 49
2541 50
2541 51
2541 52
2541 53
2541 54
2541 55
2541 56
2541 57
2541 58
2541 59
2541 60
2541 61
2541 62
2541 63
2541 64
2541 65
2541 66
2542 28
2542 29
2542 30
2542 31
2542 32
2542 33
2542 34
2542 35
2542 36
2542 37
2542 38
2542 39
2542 40
2542 41
2542 42
2542 43
2542 44
2542 45
2542 46
2542 47
2542 48
2543 11
2543 12
2543 13
2543 14
2543 15
2543 16
2543 17
2543 18
2543 19
2543 20
2543 21
2543 22
2543 23
2543 24
2543 25
2543 26
2543 27
2543 28
2543 29
2544 0
2544 1
2544 2
2544 3
2544 4
2544 5
2544 6
2544 7
2544 573
2544 574
2544 575
2546 73
2546 74
2546 75
2546 76
2546 77
2546 78
2546 79
2546 80
2546 81
2546 82
2546 83
2546 84
2546 85
2546 86
2547 51
2547 52
2547 53
2547 54
2547 55
2547 56
2547 57
2547 58
2547 59
2547 60
2547 61
2547 62
2547 63
2547 64
2547 65
2547 66
2547 67
2547 68
2547 69
2547 70
2548 32
2548 33
2548 34
2548 35
2548 36
2548 37
2548 38
2548 39
2548 40
2548 41
2548 42
2548 43
2548 44
2548 45
2548 46
2548 47
2548 48
2548 49
2548 50
2548 51
2548 52
2548 53
2549 15
2549 16
2549 17
2549 18
2549 19
2549 20
2549 21
2549 22
2549 23
2549 24
2549 25
2549 26
2549 27
2549 28
2549 29
2549 30
2549 31
2549 32
2549 33
2549 34
2550 0
2550 1
2550 2
2550 3
2550 4
2550 5
2550 6
2550 7
2550 8
2550 9
2550 10
2550 11
2550 12
2550 13
2552 79
2552 80
2552 81
2552 82
2552 83
2552 84
2552 85
2552 86
2552 87
2552 88
2552 89
2553 56
2553 57
2553 58
2553 59
2553 60
2553 61
2553 62
2553 63
2553 64
2553 65
2553 66
2553 67
2553 68
2553 69
2553 70
2553 71
2553 72
2553 73
2553 74
2553 75
2554 37
2554 38
2554 39
2554 40
2554 41
2554 42
2554 43
2554 44
2554 45
2554 46
2554 47
2554 48
2554 49
2554 50
2554 51
2554 52
2554 53
2554 54
2554 55
2554 56
2554 57
2555 19
2555 20
2555 21
2555 22
2555 23
2555 24
2555 25
2555 26
2555 27
2555 28
2555 29
2555 30
2555 31
2555 32
2555 33
2555 34
2555 35
2555 36
2555 37
2555 38
2555 39
2556 4
2556 5
2556 6
2556 7
2556 8
2556 9
2556 10
2556 11
2556 12
2556 13
2556 14
2556 15
2556 16
2556 17
2556 18
2556 19
2558 85
2558 86
2558 87
2558 88
2558 89
2558 90
2558 91
2558 92
2559 62
2559 63
2559 64
2559 65
2559 66
2559 67
2559 68
2559 69
2559 70
2559 71
2559 72
2559 73
2559 74
2559 75
2559 76
2559 77
2559 78
2559 79
2560 42
2560 43
2560 44
2560 45
2560 46
2560 47
2560 48
2560 49
2560 50
2560 51
2560 52
2560 53
2560 54
2560 55
2560 56
2560 57
2560 58
2560 59
2560 60
2560 61
2560 62
2561 24
2561 25
2561 26
2561 27
2561 28
2561 29
2561 30
2561 31
2561 32
2561 33
2561 34
2561 35
2561 36
2561 37
2561 38
2561 39
2561 40
2561 41
2561 42
2561 43
2561 44
2562 8
2562 9
2562 10
2562 11
2562 12
2562 13
2562 14
2562 15
2562 16
2562 17
2562 18
2562 19
2562 20
2562 21
2562 22
2562 23
2562 24
2563 0
2563 1
2563 571
2563 572
2563 573
2563 574
2563 575
2565 67
2565 68
2565 69
2565 70
2565 71
2565 72
2565 73
2565 74
2565 75
2565 76
2565 77
2565 78
2565 79
2565 80
2565 81
2565 82
2565 83
2566 47
2566 48
2566 49
2566 50
2566 51
2566 52
2566 53
2566 54
2566 55
2566 56
2566 57
2566 58
2566 59
2566 60
2566 61
2566 62
2566 63
2566 64
2566 65
2566 66
2566 67
2567 28
2567 29
2567 30
2567 31
2567 32
2567 33
2567 34
2567 35
2567 36
2567 37
2567 38
2567 39
2567 40
2567 41
2567 42
2567 43
2567 44
2567 45
2567 46
2567 47
2567 48
2567 49
2568 12
2568 13
2568 14
2568 15
2568 16
2568 17
2568 18
2568 19
2568 20
2568 21
2568 22
2568 23
2568 24
2568 25
2568 26
2568 27
2568 28
2568 29
2569 0
2569 1
2569 2
2569 3
2569 4
2569 5
2569 6
2569 7
2569 8
2569 574
2569 575
2571 72
2571 73
2571 74
2571 75
2571 76
2571 77
2571 78
2571 79
2571 80
2571 81
2571 82
2571 83
2571 84
2571 85
2571 86
2571 87
2572 51
2572 52
2572 53
2572 54
2572 55
2572 56
2572 57
2572 58
2572 59
2572 60
2572 61
2572 62
2572 63
2572 64
2572 65
2572 66
2572 67
2572 68
2572 69
2572 70
2572 71
2573 33
2573 34
2573 35
2573 36
2573 37
2573 38
2573 39
2573 40
2573 41
2573 42
2573 43
2573 44
2573 45
2573 46
2573 47
2573 48
2573 49
2573 50
2573 51
2573 52
2573 53
2573 54
2574 16
2574 17
2574 18
2574 19
2574 20
2574 21
2574 22
2574 23
2574 24
2574 25
2574 26
2574 27
2574 28
2574 29
2574 30
2574 31
2574 32
2574 33
2574 34
2574 35
2575 1
2575 2
2575 3
2575 4
2575 5
2575 6
2575 7
2575 8
2575 9
2575 10
2575 11
2575 12
2575 13
2575 14
2577 78
2577 79
2577 80
2577 81
2577 82
2577 83
2577 84
2577 85
2577 86
2577 87
2577 88
2577 89
2577 90
2577 91
2578 56
2578 57
2578 58
2578 59
2578 60
2578 61
2578 62
2578 63
2578 64
2578 65
2578 66
2578 67
2578 68
2578 69
2578 70
2578 71
2578 72
2578 73
2578 74
2578 75
2578 76
2579 37
2579 38
2579 39
2579 40
2579 41
2579 42
2579 43
2579 44
2579 45
2579 46
2579 47
2579 48
2579 49
2579 50
2579 51
2579 52
2579 53
2579 54
2579 55
2579 56
2579 57
2579 58
2580 20
2580 21
2580 22
2580 23
2580 24
2580 25
2580 26
2580 27
2580 28
2580 29
2580 30
2580 31
2580 32
2580 33
2580 34
2580 35
2580 36
2580 37
2580 38
2580 39
2580 40
2581 4
2581 5
2581 6
2581 7
2581 8
2581 9
2581 10
2581 11
2581 12
2581 13
2581 14
2581 15
2581 16
2581 17
2581 18
2581 19
2583 84
2583 85
2583 86
2583 87
2583 88
2583 89
2583 90
2583 91
2583 92
2583 93
2583 94
2583 95
2584 62
2584 63
2584 64
2584 65
2584 66
2584 67
2584 68
2584 69
2584 70
2584 71
2584 72
2584 73
2584 74
2584 75
2584 76
2584 77
2584 78
2584 79
2584 80
2585 42
2585 43
2585 44
2585 45
2585 46
2585 47
2585 48
2585 49
2585 50
2585 51
2585 52
2585 53
2585 54
2585 55
2585 56
2585 57
2585 58
2585 59
2585 60
2585 61
2585 62
2585 63
2586 24
2586 25
2586 26
2586 27
2586 28
2586 29
2586 30
2586 31
2586 32
2586 33
2586 34
2586 35
2586 36
2586 37
2586 38
2586 39
2586 40
2586 41
2586 42
2586 43
2586 44
2586 45
2587 8
2587 9
2587 10
2587 11
2587 12
2587 13
2587 14
2587 15
2587 16
2587 17
2587 18
2587 19
2587 20
2587 21
2587 22
2587 23
2587 24
2587 25
2588 0
2588 1
2588 2
2588 572
2588 573
2588 574
2588 575
2589 91
2589 92
2589 93
2589 94
2589 95
2589 96
2589 97
2589 98
2590 67
2590 68
2590 69
2590 70
2590 71
2590 72
2590 73
2590 74
2590 75
2590 76
2590 77
2590 78
2590 79
2590 80
2590 81
2590 82
2590 83
2590 84
2590 85
2591 47
2591 48
2591 49
2591 50
2591 51
2591 52
2591 53
2591 54
2591 55
2591 56
2591 57
2591 58
2591 59
2591 60
2591 61
2591 62
2591 63
2591 64
2591 65
2591 66
2591 67
2591 68
2592 29
2592 30
2592 31
2592 32
2592 33
2592 34
2592 35
2592 36
2592 37
2592 38
2592 39
2592 40
2592 41
2592 42
2592 43
2592 44
2592 45
2592 46
2592 47
2592 48
2592 49
2592 50
2593 12
2593 13
2593 14
2593 15
2593 16
2593 17
2593 18
2593 19
2593 20
2593 21
2593 22
2593 23
2593 24
2593 25
2593 26
2593 27
2593 28
2593 29
2593 30
2594 0
2594 1
2594 2
2594 3
2594 4
2594 5
2594 6
2594 7
2594 8
2594 574
2594 575
2596 72
2596 73
2596 74
2596 75
2596 76
2596 77
2596 78
2596 79
2596 80
2596 81
2596 82
2596 83
2596 84
2596 85
2596 86
2596 87
2596 88
2596 89
2597 52
2597 53
2597 54
2597 55
2597 56
2597 57
2597 58
2597 59
2597 60
2597 61
2597 62
2597 63
2597 64
2597 65
2597 66
2597 67
2597 68
2597 69
2597 70
2597 71
2597 72
2597 73
2598 33
2598 34
2598 35
2598 36
2598 37
2598 38
2598 39
2598 40
2598 41
2598 42
2598 43
2598 44
2598 45
2598 46
2598 47
2598 48
2598 49
2598 50
2598 51
2598 52
2598 53
2598 54
2598 55
2599 16
2599 17
2599 18
2599 19
2599 20
2599 21
2599 22
2599 23
2599 24
2599 25
2599 26
2599 27
2599 28
2599 29
2599 30
2599 31
2599 32
2599 33
2599 34
2599 35
2600 2
2600 3
2600 4
2600 5
2600 6
2600 7
2600 8
2600 9
2600 10
2600 11
2600 12
2600 13
2600 14
2602 78
2602 79
2602 80
2602 81
2602 82
2602 83
2602 84
2602 85
2602 86
2602 87
2602 88
2602 89
2602 90
2602 91
2602 92
2602 93
2603 57
2603 58
2603 59
2603 60
2603 61
2603 62
2603 63
2603 64
2603 65
2603 66
2603 67
2603 68
2603 69
2603 70
2603 71
2603 72
2603 73
2603 74
2603 75
2603 76
2603 77
2604 38
2604 39
2604 40
2604 41
2604 42
2604 43
2604 44
2604 45
2604 46
2604 47
2604 48
2604 49
2604 50
2604 51
2604 52
2604 53
2604 54
2604 55
2604 56
2604 57
2604 58
2604 59
2605 20
2605 21
2605 22
2605 23
2605 24
2605 25
2605 26
2605 27
2605 28
2605 29
2605 30
2605 31
2605 32
2605 33
2605 34
2605 35
2605 36
2605 37
2605 38
2605 39
2605 40
2606 5
2606 6
2606 7
2606 8
2606 9
2606 10
2606 11
2606 12
2606 13
2606 14
2606 15
2606 16
2606 17
2606 18
2606 19
2606 20
2608 84
2608 85
2608 86
2608 87
2608 88
2608 89
2608 90
2608 91
2608 92
2608 93
2608 94
2608 95
2608 96
2608 97
2609 62
2609 63
2609 64
2609 65
2609 66
2609 67
2609 68
2609 69
2609 70
2609 71
2609 72
2609 73
2609 74
2609 75
2609 76
2609 77
2609 78
2609 79
2609 80
2609 81
2609 82
2610 42
2610 43
2610 44
2610 45
2610 46
2610 47
2610 48
2610 49
2610 50
2610 51
2610 52
2610 53
2610 54
2610 55
2610 56
2610 57
2610 58
2610 59
2610 60
2610 61
2610 62
2610 63
2610 64
2611 25
2611 26
2611 27
2611 28
2611 29
2611 30
2611 31
2611 32
2611 33
2611 34
2611 35
2611 36
2611 37
2611 38
2611 39
2611 40
2611 41
2611 42
2611 43
2611 44
2611 45
2612 9
2612 10
2612 11
2612 12
2612 13
2612 14
2612 15
2612 16
2612 17
2612 18
2612 19
2612 20
2612 21
2612 22
2612 23
2612 24
2612 25
2613 0
2613 1
2613 2
2613 573
2613 574
2613 575
2614 90
2614 91
2614 92
2614 93
2614 94
2614 95
2614 96
2614 97
2614 98
2614 99
2614 100
2614 101
2615 67
2615 68
2615 69
2615 70
2615 71
2615 72
2615 73
2615 74
2615 75
2615 76
2615 77
2615 78
2615 79
2615 80
2615 81
2615 82
2615 83
2615 84
2615 85
2615 86
2616 47
2616 48
2616 49
2616 50
2616 51
2616 52
2616 53
2616 54
2616 55
2616 56
2616 57
2616 58
2616 59
2616 60
2616 61
2616 62
2616 63
2616 64
2616 65
2616 66
2616 67
2616 68
2616 69
2617 29
2617 30
2617 31
2617 32
2617 33
2617 34
2617 35
2617 36
2617 37
2617 38
2617 39
2617 40
2617 41
2617 42
2617 43
2617 44
2617 45
2617 46
2617 47
2617 48
2617 49
2617 50
2618 13
2618 14
2618 15
2618 16
2618 17
2618 18
2618 19
2618 20
2618 21
2618 22
2618 23
2618 24
2618 25
2618 26
2618 27
2618 28
2618 29
2618 30
2618 31
2619 0
2619 1
2619 2
2619 3
2619 4
2619 5
2619 6
2619 7
2619 8
2619 9
2619 575
2620 96
2620 97
2620 98
2620 99
2620 100
2620 101
2620 102
2620 103
2620 104
2621 72
2621 73
2621 74
2621 75
2621 76
2621 77
2621 78
2621 79
2621 80
2621 81
2621 82
2621 83
2621 84
2621 85
2621 86
2621 87
2621 88
2621 89
2621 90
2621 91
2622 52
2622 53
2622 54
2622 55
2622 56
2622 57
2622 58
2622 59
2622 60
2622 61
2622 62
2622 63
2622 64
2622 65
2622 66
2622 67
2622 68
2622 69
2622 70
2622 71
2622 72
2622 73
2622 74
2623 34
2623 35
2623 36
2623 37
2623 38
2623 39
2623 40
2623 41
2623 42
2623 43
2623 44
2623 45
2623 46
2623 47
2623 48
2623 49
2623 50
2623 51
2623 52
2623 53
2623 54
2623 55
2624 17
2624 18
2624 19
2624 20
2624 21
2624 22
2624 23
2624 24
2624 25
2624 26
2624 27
2624 28
2624 29
2624 30
2624 31
2624 32
2624 33
2624 34
2624 35
2624 36
2625 3
2625 4
2625 5
2625 6
2625 7
2625 8
2625 9
2625 10
2625 11
2625 12
2625 13
2625 14
2625 15
2627 78
2627 79
2627 80
2627 81
2627 82
2627 83
2627 84
2627 85
2627 86
2627 87
2627 88
2627 89
2627 90
2627 91
2627 92
2627 93
2627 94
2627 95
2628 57
2628 58
2628 59
2628 60
2628 61
2628 62
2628 63
2628 64
2628 65
2628 66
2628 67
2628 68
2628 69
2628 70
2628 71
2628 72
2628 73
2628 74
2628 75
2628 76
2628 77
2628 78
2629 38
2629 39
2629 40
2629 41
2629 42
2629 43
2629 44
2629 45
2629 46
2629 47
2629 48
2629 49
2629 50
2629 51
2629 52
2629 53
2629 54
2629 55
2629 56
2629 57
2629 58
2629 59
2629 60
2630 21
2630 22
2630 23
2630 24
2630 25
2630 26
2630 27
2630 28
2630 29
2630 30
2630 31
2630 32
2630 33
2630 34
2630 35
2630 36
2630 37
2630 38
2630 39
2630 40
2630 41
2631 6
2631 7
2631 8
2631 9
2631 10
2631 11
2631 12
2631 13
2631 14
2631 15
2631 16
2631 17
2631 18
2631 19
2631 20
2631 21
2633 83
2633 84
2633 85
2633 86
2633 87
2633 88
2633 89
2633 90
2633 91
2633 92
2633 93
2633 94
2633 95
2633 96
2633 97
2633 98
2633 99
2634 62
2634 63
2634 64
2634 65
2634 66
2634 67
2634 68
2634 69
2634 70
2634 71
2634 72
2634 73
2634 74
2634 75
2634 76
2634 77
2634 78
2634 79
2634 80
2634 81
2634 82
2634 83
2635 43
2635 44
2635 45
2635 46
2635 47
2635 48
2635 49
2635 50
2635 51
2635 52
2635 53
2635 54
2635 55
2635 56
2635 57
2635 58
2635 59
2635 60
2635 61
2635 62
2635 63
2635 64
2635 65
2636 25
2636 26
2636 27
2636 28
2636 29
2636 30
2636 31
2636 32
2636 33
2636 34
2636 35
2636 36
2636 37
2636 38
2636 39
2636 40
2636 41
2636 42
2636 43
2636 44
2636 45
2636 46
2637 10
2637 11
2637 12
2637 13
2637 14
2637 15
2637 16
2637 17
2637 18
2637 19
2637 20
2637 21
2637 22
2637 23
2637 24
2637 25
2637 26
2638 0
2638 1
2638 2
2638 575
2639 89
2639 90
2639 91
2639 92
2639 93
2639 94
2639 95
2639 96
2639 97
2639 98
2639 99
2639 100
2639 101
2639 102
2639 103
2640 67
2640 68
2640 69
2640 70
2640 71
2640 72
2640 73
2640 74
2640 75
2640 76
2640 77
2640 78
2640 79
2640 80
2640 81
2640 82
2640 83
2640 84
2640 85
2640 86
2640 87
2640 88
2641 48
2641 49
2641 50
2641 51
2641 52
2641 53
2641 54
2641 55
2641 56
2641 57
2641 58
2641 59
2641 60
2641 61
2641 62
2641 63
2641 64
2641 65
2641 66
2641 67
2641 68
2641 69
2641 70
2642 30
2642 31
2642 32
2642 33
2642 34
2642 35
2642 36
2642 37
2642 38
2642 39
2642 40
2642 41
2642 42
2642 43
2642 44
2642 45
2642 46
2642 47
2642 48
2642 49
2642 50
2642 51
2643 14
2643 15
2643 16
2643 17
2643 18
2643 19
2643 20
2643 21
2643 22
2643 23
2643 24
2643 25
2643 26
2643 27
2643 28
2643 29
2643 30
2643 31
2644 1
2644 2
2644 3
2644 4
2644 5
2644 6
2644 7
2644 8
2644 9
2645 95
2645 96
2645 97
2645 98
2645 99
2645 100
2645 101
2645 102
2645 103
2645 104
2645 105
2645 106
2645 107
2646 72
2646 73
2646 74
2646 75
2646 76
2646 77
2646 78
2646 79
2646 80
2646 81
2646 82
2646 83
2646 84
2646 85
2646 86
2646 87
2646 88
2646 89
2646 90
2646 91
2646 92
2647 53
2647 54
2647 55
2647 56
2647 57
2647 58
2647 59
2647 60
2647 61
2647 62
2647 63
2647 64
2647 65
2647 66
2647 67
2647 68
2647 69
2647 70
2647 71
2647 72
2647 73
2647 74
2647 75
2648 34
2648 35
2648 36
2648 37
2648 38
2648 39
2648 40
2648 41
2648 42
2648 43
2648 44
2648 45
2648 46
2648 47
2648 48
2648 49
2648 50
2648 51
2648 52
2648 53
2648 54
2648 55
2648 56
2649 18
2649 19
2649 20
2649 21
2649 22
2649 23
2649 24
2649 25
2649 26
2649 27
2649 28
2649 29
2649 30
2649 31
2649 32
2649 33
2649 34
2649 35
2649 36
2649 37
2650 4
2650 5
2650 6
2650 7
2650 8
2650 9
2650 10
2650 11
2650 12
2650 13
2650 14
2650 15
2651 102
2651 103
2651 104
2651 105
2651 106
2651 107
2651 108
2651 109
2651 110
2652 78
2652 79
2652 80
2652 81
2652 82
2652 83
2652 84
2652 85
2652 86
2652 87
2652 88
2652 89
2652 90
2652 91
2652 92
2652 93
2652 94
2652 95
2652 96
2652 97
2653 57
2653 58
2653 59
2653 60
2653 61
2653 62
2653 63
2653 64
2653 65
2653 66
2653 67
2653 68
2653 69
2653 70
2653 71
2653 72
2653 73
2653 74
2653 75
2653 76
2653 77
2653 78
2653 79
2653 80
2654 39
2654 40
2654 41
2654 42
2654 43
2654 44
2654 45
2654 46
2654 47
2654 48
2654 49
2654 50
2654 51
2654 52
2654 53
2654 54
2654 55
2654 56
2654 57
2654 58
2654 59
2654 60
2654 61
2655 22
2655 23
2655 24
2655 25
2655 26
2655 27
2655 28
2655 29
2655 30
2655 31
2655 32
2655 33
2655 34
2655 35
2655 36
2655 37
2655 38
2655 39
2655 40
2655 41
2655 42
2656 7
2656 8
2656 9
2656 10
2656 11
2656 12
2656 13
2656 14
2656 15
2656 16
2656 17
2656 18
2656 19
2656 20
2656 21
2658 83
2658 84
2658 85
2658 86
2658 87
2658 88
2658 89
2658 90
2658 91
2658 92
2658 93
2658 94
2658 95
2658 96
2658 97
2658 98
2658 99
2658 100
2658 101
2659 62
2659 63
2659 64
2659 65
2659 66
2659 67
2659 68
2659 69
2659 70
2659 71
2659 72
2659 73
2659 74
2659 75
2659 76
2659 77
2659 78
2659 79
2659 80
2659 81
2659 82
2659 83
2659 84
2660 43
2660 44
2660 45
2660 46
2660 47
2660 48
2660 49
2660 50
2660 51
2660 52
2660 53
2660 54
2660 55
2660 56
2660 57
2660 58
2660 59
2660 60
2660 61
2660 62
2660 63
2660 64
2660 65
2660 66
2661 26
2661 27
2661 28
2661 29
2661 30
2661 31
2661 32
2661 33
2661 34
2661 35
2661 36
2661 37
2661 38
2661 39
2661 40
2661 41
2661 42
2661 43
2661 44
2661 45
2661 46
2661 47
2662 11
2662 12
2662 13
2662 14
2662 15
2662 16
2662 17
2662 18
2662 19
2662 20
2662 21
2662 22
2662 23
2662 24
2662 25
2662 26
2664 89
2664 90
2664 91
2664 92
2664 93
2664 94
2664 95
2664 96
2664 97
2664 98
2664 99
2664 100
2664 101
2664 102
2664 103
2664 104
2664 105
2665 68
2665 69
2665 70
2665 71
2665 72
2665 73
2665 74
2665 75
2665 76
2665 77
2665 78
2665 79
2665 80
2665 81
2665 82
2665 83
2665 84
2665 85
2665 86
2665 87
2665 88
2665 89
2666 48
2666 49
2666 50
2666 51
2666 52
2666 53
2666 54
2666 55
2666 56
2666 57
2666 58
2666 59
2666 60
2666 61
2666 62
2666 63
2666 64
2666 65
2666 66
2666 67
2666 68
2666 69
2666 70
2666 71
2667 30
2667 31
2667 32
2667 33
2667 34
2667 35
2667 36
2667 37
2667 38
2667 39
2667 40
2667 41
2667 42
2667 43
2667 44
2667 45
2667 46
2667 47
2667 48
2667 49
2667 50
2667 51
2667 52
2668 14
2668 15
2668 16
2668 17
2668 18
2668 19
2668 20
2668 21
2668 22
2668 23
2668 24
2668 25
2668 26
2668 27
2668 28
2668 29
2668 30
2668 31
2668 32
2669 2
2669 3
2669 4
2669 5
2669 6
2669 7
2669 8
2669 9
2670 95
2670 96
2670 97
2670 98
2670 99
2670 100
2670 101
2670 102
2670 103
2670 104
2670 105
2670 106
2670 107
2670 108
2670 109
2671 73
2671 74
2671 75
2671 76
2671 77
2671 78
2671 79
2671 80
2671 81
2671 82
2671 83
2671 84
2671 85
2671 86
2671 87
2671 88
2671 89
2671 90
2671 91
2671 92
2671 93
2672 53
2672 54
2672 55
2672 56
2672 57
2672 58
2672 59
2672 60
2672 61
2672 62
2672 63
2672 64
2672 65
2672 66
2672 67
2672 68
2672 69
2672 70
2672 71
2672 72
2672 73
2672 74
2672 75
2672 76
2673 35
2673 36
2673 37
2673 38
2673 39
2673 40
2673 41
2673 42
2673 43
2673 44
2673 45
2673 46
2673 47
2673 48
2673 49
2673 50
2673 51
2673 52
2673 53
2673 54
2673 55
2673 56
2673 57
2674 18
2674 19
2674 20
2674 21
2674 22
2674 23
2674 24
2674 25
2674 26
2674 27
2674 28
2674 29
2674 30
2674 31
2674 32
2674 33
2674 34
2674 35
2674 36
2674 37
2675 5
2675 6
2675 7
2675 8
2675 9
2675 10
2675 11
2675 12
2675 13
2675 14
2675 15
2676 102
2676 103
2676 104
2676 105
2676 106
2676 107
2676 108
2676 109
2676 110
2676 111
2676 112
2677 78
2677 79
2677 80
2677 81
2677 82
2677 83
2677 84
2677 85
2677 86
2677 87
2677 88
2677 89
2677 90
2677 91
2677 92
2677 93
2677 94
2677 95
2677 96
2677 97
2677 98
2678 58
2678 59
2678 60
2678 61
2678 62
2678 63
2678 64
2678 65
2678 66
2678 67
2678 68
2678 69
2678 70
2678 71
2678 72
2678 73
2678 74
2678 75
2678 76
2678 77
2678 78
2678 79
2678 80
2678 81
2679 39
2679 40
2679 41
2679 42
2679 43
2679 44
2679 45
2679 46
2679 47
2679 48
2679 49
2679 50
2679 51
2679 52
2679 53
2679 54
2679 55
2679 56
2679 57
2679 58
2679 59
2679 60
2679 61
2679 62
2680 23
2680 24
2680 25
2680 26
2680 27
2680 28
2680 29
2680 30
2680 31
2680 32
2680 33
2680 34
2680 35
2680 36
2680 37
2680 38
2680 39
2680 40
2680 41
2680 42
2681 8
2681 9
2681 10
2681 11
2681 12
2681 13
2681 14
2681 15
2681 16
2681 17
2681 18
2681 19
2681 20
2681 21
2682 109
2682 110
2682 111
2682 112
2682 113
2682 114
2682 115
2683 84
2683 85
2683 86
2683 87
2683 88
2683 89
2683 90
2683 91
2683 92
2683 93
2683 94
2683 95
2683 96
2683 97
2683 98
2683 99
2683 100
2683 101
2683 102
2684 63
2684 64
2684 65
2684 66
2684 67
2684 68
2684 69
2684 70
2684 71
2684 72
2684 73
2684 74
2684 75
2684 76
2684 77
2684 78
2684 79
2684 80
2684 81
2684 82
2684 83
2684 84
2684 85
2685 44
2685 45
2685 46
2685 47
2685 48
2685 49
2685 50
2685 51
2685 52
2685 53
2685 54
2685 55
2685 56
2685 57
2685 58
2685 59
2685 60
2685 61
2685 62
2685 63
2685 64
2685 65
2685 66
2685 67
2686 27
2686 28
2686 29
2686 30
2686 31
2686 32
2686 33
2686 34
2686 35
2686 36
2686 37
2686 38
2686 39
2686 40
2686 41
2686 42
2686 43
2686 44
2686 45
2686 46
2686 47
2686 48
2687 12
2687 13
2687 14
2687 15
2687 16
2687 17
2687 18
2687 19
2687 20
2687 21
2687 22
2687 23
2687 24
2687 25
2687 26
2687 27
2689 89
2689 90
2689 91
2689 92
2689 93
2689 94
2689 95
2689 96
2689 97
2689 98
2689 99
2689 100
2689 101
2689 102
2689 103
2689 104
2689 105
2689 106
2689 107
2690 68
2690 69
2690 70
2690 71
2690 72
2690 73
2690 74
2690 75
2690 76
2690 77
2690 78
2690 79
2690 80
2690 81
2690 82
2690 83
2690 84
2690 85
2690 86
2690 87
2690 88
2690 89
2690 90
2691 49
2691 50
2691 51
2691 52
2691 53
2691 54
2691 55
2691 56
2691 57
2691 58
2691 59
2691 60
2691 61
2691 62
2691 63
2691 64
2691 65
2691 66
2691 67
2691 68
2691 69
2691 70
2691 71
2691 72
2692 31
2692 32
2692 33
2692 34
2692 35
2692 36
2692 37
2692 38
2692 39
2692 40
2692 41
2692 42
2692 43
2692 44
2692 45
2692 46
2692 47
2692 48
2692 49
2692 50
2692 51
2692 52
2692 53
2693 15
2693 16
2693 17
2693 18
2693 19
2693 20
2693 21
2693 22
2693 23
2693 24
2693 25
2693 26
2693 27
2693 28
2693 29
2693 30
2693 31
2693 32
2694 4
2694 5
2694 6
2694 7
2694 8
2695 95
2695 96
2695 97
2695 98
2695 99
2695 100
2695 101
2695 102
2695 103
2695 104
2695 105
2695 106
2695 107
2695 108
2695 109
2695 110
2695 111
2696 73
2696 74
2696 75
2696 76
2696 77
2696 78
2696 79
2696 80
2696 81
2696 82
2696 83
2696 84
2696 85
2696 86
2696 87
2696 88
2696 89
2696 90
2696 91
2696 92
2696 93
2696 94
2696 95
2697 54
2697 55
2697 56
2697 57
2697 58
2697 59
2697 60
2697 61
2697 62
2697 63
2697 64
2697 65
2697 66
2697 67
2697 68
2697 69
2697 70
2697 71
2697 72
2697 73
2697 74
2697 75
2697 76
2697 77
2698 36
2698 37
2698 38
2698 39
2698 40
2698 41
2698 42
2698 43
2698 44
2698 45
2698 46
2698 47
2698 48
2698 49
2698 50
2698 51
2698 52
2698 53
2698 54
2698 55
2698 56
2698 57
2698 58
2699 19
2699 20
2699 21
2699 22
2699 23
2699 24
2699 25
2699 26
2699 27
2699 28
2699 29
2699 30
2699 31
2699 32
2699 33
2699 34
2699 35
2699 36
2699 37
2699 38
2700 6
2700 7
2700 8
2700 9
2700 10
2700 11
2700 12
2700 13
2700 14
2700 15
2701 101
2701 102
2701 103
2701 104
2701 105
2701 106
2701 107
2701 108
2701 109
2701 110
2701 111
2701 112
2701 113
2701 114
2702 79
2702 80
2702 81
2702 82
2702 83
2702 84
2702 85
2702 86
2702 87
2702 88
2702 89
2702 90
2702 91
2702 92
2702 93
2702 94
2702 95
2702 96
2702 97
2702 98
2702 99
2703 58
2703 59
2703 60
2703 61
2703 62
2703 63
2703 64
2703 65
2703 66
2703 67
2703 68
2703 69
2703 70
2703 71
2703 72
2703 73
2703 74
2703 75
2703 76
2703 77
2703 78
2703 79
2703 80
2703 81
2703 82
2704 40
2704 41
2704 42
2704 43
2704 44
2704 45
2704 46
2704 47
2704 48
2704 49
2704 50
2704 51
2704 52
2704 53
2704 54
2704 55
2704 56
2704 57
2704 58
2704 59
2704 60
2704 61
2704 62
2704 63
2705 23
2705 24
2705 25
2705 26
2705 27
2705 28
2705 29
2705 30
2705 31
2705 32
2705 33
2705 34
2705 35
2705 36
2705 37
2705 38
2705 39
2705 40
2705 41
2705 42
2705 43
2706 9
2706 10
2706 11
2706 12
2706 13
2706 14
2706 15
2706 16
2706 17
2706 18
2706 19
2706 20
2706 21
2707 108
2707 109
2707 110
2707 111
2707 112
2707 113
2707 114
2707 115
2707 116
2707 117
2707 118
2708 84
2708 85
2708 86
2708 87
2708 88
2708 89
2708 90
2708 91
2708 92
2708 93
2708 94
2708 95
2708 96
2708 97
2708 98
2708 99
2708 100
2708 101
2708 102
2708 103
2708 104
2709 63
2709 64
2709 65
2709 66
2709 67
2709 68
2709 69
2709 70
2709 71
2709 72
2709 73
2709 74
2709 75
2709 76
2709 77
2709 78
2709 79
2709 80
2709 81
2709 82
2709 83
2709 84
2709 85
2709 86
2710 45
2710 46
2710 47
2710 48
2710 49
2710 50
2710 51
2710 52
2710 53
2710 54
2710 55
2710 56
2710 57
2710 58
2710 59
2710 60
2710 61
2710 62
2710 63
2710 64
2710 65
2710 66
2710 67
2710 68
2711 28
2711 29
2711 30
2711 31
2711 32
2711 33
2711 34
2711 35
2711 36
2711 37
2711 38
2711 39
2711 40
2711 41
2711 42
2711 43
2711 44
2711 45
2711 46
2711 47
2711 48
2712 13
2712 14
2712 15
2712 16
2712 17
2712 18
2712 19
2712 20
2712 21
2712 22
2712 23
2712 24
2712 25
2712 26
2712 27
2713 116
2713 117
2713 118
2713 119
2713 120
2714 90
2714 91
2714 92
2714 93
2714 94
2714 95
2714 96
2714 97
2714 98
2714 99
2714 100
2714 101
2714 102
2714 103
2714 104
2714 105
2714 106
2714 107
2714 108
2715 69
2715 70
2715 71
2715 72
2715 73
2715 74
2715 75
2715 76
2715 77
2715 78
2715 79
2715 80
2715 81
2715 82
2715 83
2715 84
2715 85
2715 86
2715 87
2715 88
2715 89
2715 90
2715 91
2716 49
2716 50
2716 51
2716 52
2716 53
2716 54
2716 55
2716 56
2716 57
2716 58
2716 59
2716 60
2716 61
2716 62
2716 63
2716 64
2716 65
2716 66
2716 67
2716 68
2716 69
2716 70
2716 71
2716 72
2716 73
2717 32
2717 33
2717 34
2717 35
2717 36
2717 37
2717 38
2717 39
2717 40
2717 41
2717 42
2717 43
2717 44
2717 45
2717 46
2717 47
2717 48
2717 49
2717 50
2717 51
2717 52
2717 53
2718 16
2718 17
2718 18
2718 19
2718 20
2718 21
2718 22
2718 23
2718 24
2718 25
2718 26
2718 27
2718 28
2718 29
2718 30
2718 31
2718 32
2718 33
2720 95
2720 96
2720 97
2720 98
2720 99
2720 100
2720 101
2720 102
2720 103
2720 104
2720 105
2720 106
2720 107
2720 108
2720 109
2720 110
2720 111
2720 112
2721 74
2721 75
2721 76
2721 77
2721 78
2721 79
2721 80
2721 81
2721 82
2721 83
2721 84
2721 85
2721 86
2721 87
2721 88
2721 89
2721 90
2721 91
2721 92
2721 93
2721 94
2721 95
2721 96
2722 54
2722 55
2722 56
2722 57
2722 58
2722 59
2722 60
2722 61
2722 62
2722 63
2722 64
2722 65
2722 66
2722 67
2722 68
2722 69
2722 70
2722 71
2722 72
2722 73
2722 74
2722 75
2722 76
2722 77
2722 78
2723 36
2723 37
2723 38
2723 39
2723 40
2723 41
2723 42
2723 43
2723 44
2723 45
2723 46
2723 47
2723 48
2723 49
2723 50
2723 51
2723 52
2723 53
2723 54
2723 55
2723 56
2723 57
2723 58
2724 20
2724 21
2724 22
2724 23
2724 24
2724 25
2724 26
2724 27
2724 28
2724 29
2724 30
2724 31
2724 32
2724 33
2724 34
2724 35
2724 36
2724 37
2724 38
2725 8
2725 9
2725 10
2725 11
2725 12
2725 13
2725 14
2725 15
2726 101
2726 102
2726 103
2726 104
2726 105
2726 106
2726 107
2726 108
2726 109
2726 110
2726 111
2726 112
2726 113
2726 114
2726 115
2726 116
2727 79
2727 80
2727 81
2727 82
2727 83
2727 84
2727 85
2727 86
2727 87
2727 88
2727 89
2727 90
2727 91
2727 92
2727 93
2727 94
2727 95
2727 96
2727 97
2727 98
2727 99
2727 100
2727 101
2728 59
2728 60
2728 61
2728 62
2728 63
2728 64
2728 65
2728 66
2728 67
2728 68
2728 69
2728 70
2728 71
2728 72
2728 73
2728 74
2728 75
2728 76
2728 77
2728 78
2728 79
2728 80
2728 81
2728 82
2728 83
2729 41
2729 42
2729 43
2729 44
2729 45
2729 46
2729 47
2729 48
2729 49
2729 50
2729 51
2729 52
2729 53
2729 54
2729 55
2729 56
2729 57
2729 58
2729 59
2729 60
2729 61
2729 62
2729 63
2729 64
2730 24
2730 25
2730 26
2730 27
2730 28
2730 29
2730 30
2730 31
2730 32
2730 33
2730 34
2730 35
2730 36
2730 37
2730 38
2730 39
2730 40
2730 41
2730 42
2730 43
2731 11
2731 12
2731 13
2731 14
2731 15
2731 16
2731 17
2731 18
2731 19
2731 20
2731 21
2732 108
2732 109
2732 110
2732 111
2732 112
2732 113
2732 114
2732 115
2732 116
2732 117
2732 118
2732 119
2732 120
2733 84
2733 85
2733 86
2733 87
2733 88
2733 89
2733 90
2733 91
2733 92
2733 93
2733 94
2733 95
2733 96
2733 97
2733 98
2733 99
2733 100
2733 101
2733 102
2733 103
2733 104
2733 105
2734 64
2734 65
2734 66
2734 67
2734 68
2734 69
2734 70
2734 71
2734 72
2734 73
2734 74
2734 75
2734 76
2734 77
2734 78
2734 79
2734 80
2734 81
2734 82
2734 83
2734 84
2734 85
2734 86
2734 87
2735 45
2735 46
2735 47
2735 48
2735 49
2735 50
2735 51
2735 52
2735 53
2735 54
2735 55
2735 56
2735 57
2735 58
2735 59
2735 60
2735 61
2735 62
2735 63
2735 64
2735 65
2735 66
2735 67
2735 68
2735 69
2736 28
2736 29
2736 30
2736 31
2736 32
2736 33
2736 34
2736 35
2736 36
2736 37
2736 38
2736 39
2736 40
2736 41
2736 42
2736 43
2736 44
2736 45
2736 46
2736 47
2736 48
2736 49
2737 14
2737 15
2737 16
2737 17
2737 18
2737 19
2737 20
2737 21
2737 22
2737 23
2737 24
2737 25
2737 26
2737 27
2738 115
2738 116
2738 117
2738 118
2738 119
2738 120
2738 121
2738 122
2738 123
2739 90
2739 91
2739 92
2739 93
2739 94
2739 95
2739 96
2739 97
2739 98
2739 99
2739 100
2739 101
2739 102
2739 103
2739 104
2739 105
2739 106
2739 107
2739 108
2739 109
2739 110
2740 69
2740 70
2740 71
2740 72
2740 73
2740 74
2740 75
2740 76
2740 77
2740 78
2740 79
2740 80
2740 81
2740 82
2740 83
2740 84
2740 85
2740 86
2740 87
2740 88
2740 89
2740 90
2740 91
2740 92
2741 50
2741 51
2741 52
2741 53
2741 54
2741 55
2741 56
2741 57
2741 58
2741 59
2741 60
2741 61
2741 62
2741 63
2741 64
2741 65
2741 66
2741 67
2741 68
2741 69
2741 70
2741 71
2741 72
2741 73
2741 74
2742 33
2742 34
2742 35
2742 36
2742 37
2742 38
2742 39
2742 40
2742 41
2742 42
2742 43
2742 44
2742 45
2742 46
2742 47
2742 48
2742 49
2742 50
2742 51
2742 52
2742 53
2742 54
2743 18
2743 19
2743 20
2743 21
2743 22
2743 23
2743 24
2743 25
2743 26
2743 27
2743 28
2743 29
2743 30
2743 31
2743 32
2743 33
2745 96
2745 97
2745 98
2745 99
2745 100
2745 101
2745 102
2745 103
2745 104
2745 105
2745 106
2745 107
2745 108
2745 109
2745 110
2745 111
2745 112
2745 113
2745 114
2746 74
2746 75
2746 76
2746 77
2746 78
2746 79
2746 80
2746 81
2746 82
2746 83
2746 84
2746 85
2746 86
2746 87
2746 88
2746 89
2746 90
2746 91
2746 92
2746 93
2746 94
2746 95
2746 96
2746 97
2747 55
2747 56
2747 57
2747 58
2747 59
2747 60
2747 61
2747 62
2747 63
2747 64
2747 65
2747 66
2747 67
2747 68
2747 69
2747 70
2747 71
2747 72
2747 73
2747 74
2747 75
2747 76
2747 77
2747 78
2747 79
2748 37
2748 38
2748 39
2748 40
2748 41
2748 42
2748 43
2748 44
2748 45
2748 46
2748 47
2748 48
2748 49
2748 50
2748 51
2748 52
2748 53
2748 54
2748 55
2748 56
2748 57
2748 58
2748 59
2749 21
2749 22
2749 23
2749 24
2749 25
2749 26
2749 27
2749 28
2749 29
2749 30
2749 31
2749 32
2749 33
2749 34
2749 35
2749 36
2749 37
2749 38
2749 39
2750 10
2750 11
2750 12
2750 13
2750 14
2751 102
2751 103
2751 104
2751 105
2751 106
2751 107
2751 108
2751 109
2751 110
2751 111
2751 112
2751 113
2751 114
2751 115
2751 116
2751 117
2751 118
2752 80
2752 81
2752 82
2752 83
2752 84
2752 85
2752 86
2752 87
2752 88
2752 89
2752 90
2752 91
2752 92
2752 93
2752 94
2752 95
2752 96
2752 97
2752 98
2752 99
2752 100
2752 101
2752 102
2753 60
2753 61
2753 62
2753 63
2753 64
2753 65
2753 66
2753 67
2753 68
2753 69
2753 70
2753 71
2753 72
2753 73
2753 74
2753 75
2753 76
2753 77
2753 78
2753 79
2753 80
2753 81
2753 82
2753 83
2753 84
2754 42
2754 43
2754 44
2754 45
2754 46
2754 47
2754 48
2754 49
2754 50
2754 51
2754 52
2754 53
2754 54
2754 55
2754 56
2754 57
2754 58
2754 59
2754 60
2754 61
2754 62
2754 63
2754 64
2755 25
2755 26
2755 27
2755 28
2755 29
2755 30
2755 31
2755 32
2755 33
2755 34
2755 35
2755 36
2755 37
2755 38
2755 39
2755 40
2755 41
2755 42
2755 43
2755 44
2756 12
2756 13
2756 14
2756 15
2756 16
2756 17
2756 18
2756 19
2756 20
2756 21
2757 108
2757 109
2757 110
2757 111
2757 112
2757 113
2757 114
2757 115
2757 116
2757 117
2757 118
2757 119
2757 120
2757 121
2757 122
2758 85
2758 86
2758 87
2758 88
2758 89
2758 90
2758 91
2758 92
2758 93
2758 94
2758 95
2758 96
2758 97
2758 98
2758 99
2758 100
2758 101
2758 102
2758 103
2758 104
2758 105
2758 106
2759 65
2759 66
2759 67
2759 68
2759 69
2759 70
2759 71
2759 72
2759 73
2759 74
2759 75
2759 76
2759 77
2759 78
2759 79
2759 80
2759 81
2759 82
2759 83
2759 84
2759 85
2759 86
2759 87
2759 88
2760 46
2760 47
2760 48
2760 49
2760 50
2760 51
2760 52
2760 53
2760 54
2760 55
2760 56
2760 57
2760 58
2760 59
2760 60
2760 61
2760 62
2760 63
2760 64
2760 65
2760 66
2760 67
2760 68
2760 69
2761 29
2761 30
2761 31
2761 32
2761 33
2761 34
2761 35
2761 36
2761 37
2761 38
2761 39
2761 40
2761 41
2761 42
2761 43
2761 44
2761 45
2761 46
2761 47
2761 48
2761 49
2762 15
2762 16
2762 17
2762 18
2762 19
2762 20
2762 21
2762 22
2762 23
2762 24
2762 25
2762 26
2762 27
2763 115
2763 116
2763 117
2763 118
2763 119
2763 120
2763 121
2763 122
2763 123
2763 124
2763 125
2764 91
2764 92
2764 93
2764 94
2764 95
2764 96
2764 97
2764 98
2764 99
2764 100
2764 101
2764 102
2764 103
2764 104
2764 105
2764 106
2764 107
2764 108
2764 109
2764 110
2764 111
2765 70
2765 71
2765 72
2765 73
2765 74
2765 75
2765 76
2765 77
2765 78
2765 79
2765 80
2765 81
2765 82
2765 83
2765 84
2765 85
2765 86
2765 87
2765 88
2765 89
2765 90
2765 91
2765 92
2765 93
2766 51
2766 52
2766 53
2766 54
2766 55
2766 56
2766 57
2766 58
2766 59
2766 60
2766 61
2766 62
2766 63
2766 64
2766 65
2766 66
2766 67
2766 68
2766 69
2766 70
2766 71
2766 72
2766 73
2766 74
2767 34
2767 35
2767 36
2767 37
2767 38
2767 39
2767 40
2767 41
2767 42
2767 43
2767 44
2767 45
2767 46
2767 47
2767 48
2767 49
2767 50
2767 51
2767 52
2767 53
2767 54
2767 55
2768 19
2768 20
2768 21
2768 22
2768 23
2768 24
2768 25
2768 26
2768 27
2768 28
2768 29
2768 30
2768 31
2768 32
2768 33
2769 123
2769 124
2769 125
2769 126
2769 127
2770 96
2770 97
2770 98
2770 99
2770 100
2770 101
2770 102
2770 103
2770 104
2770 105
2770 106
2770 107
2770 108
2770 109
2770 110
2770 111
2770 112
2770 113
2770 114
2770 115
2771 75
2771 76
2771 77
2771 78
2771 79
2771 80
2771 81
2771 82
2771 83
2771 84
2771 85
2771 86
2771 87
2771 88
2771 89
2771 90
2771 91
2771 92
2771 93
2771 94
2771 95
2771 96
2771 97
2771 98
2772 56
2772 57
2772 58
2772 59
2772 60
2772 61
2772 62
2772 63
2772 64
2772 65
2772 66
2772 67
2772 68
2772 69
2772 70
2772 71
2772 72
2772 73
2772 74
2772 75
2772 76
2772 77
2772 78
2772 79
2772 80
2773 38
2773 39
2773 40
2773 41
2773 42
2773 43
2773 44
2773 45
2773 46
2773 47
2773 48
2773 49
2773 50
2773 51
2773 52
2773 53
2773 54
2773 55
2773 56
2773 57
2773 58
2773 59
2773 60
2774 22
2774 23
2774 24
2774 25
2774 26
2774 27
2774 28
2774 29
2774 30
2774 31
2774 32
2774 33
2774 34
2774 35
2774 36
2774 37
2774 38
2774 39
2776 102
2776 103
2776 104
2776 105
2776 106
2776 107
2776 108
2776 109
2776 110
2776 111
2776 112
2776 113
2776 114
2776 115
2776 116
2776 117
2776 118
2776 119
2777 80
2777 81
2777 82
2777 83
2777 84
2777 85
2777 86
2777 87
2777 88
2777 89
2777 90
2777 91
2777 92
2777 93
2777 94
2777 95
2777 96
2777 97
2777 98
2777 99
2777 100
2777 101
2777 102
2777 103
2778 61
2778 62
2778 63
2778 64
2778 65
2778 66
2778 67
2778 68
2778 69
2778 70
2778 71
2778 72
2778 73
2778 74
2778 75
2778 76
2778 77
2778 78
2778 79
2778 80
2778 81
2778 82
2778 83
2778 84
2779 43
2779 44
2779 45
2779 46
2779 47
2779 48
2779 49
2779 50
2779 51
2779 52
2779 53
2779 54
2779 55
2779 56
2779 57
2779 58
2779 59
2779 60
2779 61
2779 62
2779 63
2779 64
2779 65
2780 26
2780 27
2780 28
2780 29
2780 30
2780 31
2780 32
2780 33
2780 34
2780 35
2780 36
2780 37
2780 38
2780 39
2780 40
2780 41
2780 42
2780 43
2780 44
2781 14
2781 15
2781 16
2781 17
2781 18
2781 19
2781 20
2781 21
2782 108
2782 109
2782 110
2782 111
2782 112
2782 113
2782 114
2782 115
2782 116
2782 117
2782 118
2782 119
2782 120
2782 121
2782 122
2782 123
2783 86
2783 87
2783 88
2783 89
2783 90
2783 91
2783 92
2783 93
2783 94
2783 95
2783 96
2783 97
2783 98
2783 99
2783 100
2783 101
2783 102
2783 103
2783 104
2783 105
2783 106
2783 107
2783 108
2784 66
2784 67
2784 68
2784 69
2784 70
2784 71
2784 72
2784 73
2784 74
2784 75
2784 76
2784 77
2784 78
2784 79
2784 80
2784 81
2784 82
2784 83
2784 84
2784 85
2784 86
2784 87
2784 88
2784 89
2785 47
2785 48
2785 49
2785 50
2785 51
2785 52
2785 53
2785 54
2785 55
2785 56
2785 57
2785 58
2785 59
2785 60
2785 61
2785 62
2785 63
2785 64
2785 65
2785 66
2785 67
2785 68
2785 69
2785 70
2786 30
2786 31
2786 32
2786 33
2786 34
2786 35
2786 36
2786 37
2786 38
2786 39
2786 40
2786 41
2786 42
2786 43
2786 44
2786 45
2786 46
2786 47
2786 48
2786 49
2786 50
2787 17
2787 18
2787 19
2787 20
2787 21
2787 22
2787 23
2787 24
2787 25
2787 26
2787 27
2788 115
2788 116
2788 117
2788 118
2788 119
2788 120
2788 121
2788 122
2788 123
2788 124
2788 125
2788 126
2788 127
2789 91
2789 92
2789 93
2789 94
2789 95
2789 96
2789 97
2789 98
2789 99
2789 100
2789 101
2789 102
2789 103
2789 104
2789 105
2789 106
2789 107
2789 108
2789 109
2789 110
2789 111
2789 112
2790 71
2790 72
2790 73
2790 74
2790 75
2790 76
2790 77
2790 78
2790 79
2790 80
2790 81
2790 82
2790 83
2790 84
2790 85
2790 86
2790 87
2790 88
2790 89
2790 90
2790 91
2790 92
2790 93
2790 94
2791 52
2791 53
2791 54
2791 55
2791 56
2791 57
2791 58
2791 59
2791 60
2791 61
2791 62
2791 63
2791 64
2791 65
2791 66
2791 67
2791 68
2791 69
2791 70
2791 71
2791 72
2791 73
2791 74
2791 75
2792 35
2792 36
2792 37
2792 38
2792 39
2792 40
2792 41
2792 42
2792 43
2792 44
2792 45
2792 46
2792 47
2792 48
2792 49
2792 50
2792 51
2792 52
2792 53
2792 54
2792 55
2793 20
2793 21
2793 22
2793 23
2793 24
2793 25
2793 26
2793 27
2793 28
2793 29
2793 30
2793 31
2793 32
2793 33
2794 122
2794 123
2794 124
2794 125
2794 126
2794 127
2794 128
2794 129
2794 130
2795 97
2795 98
2795 99
2795 100
2795 101
2795 102
2795 103
2795 104
2795 105
2795 106
2795 107
2795 108
2795 109
2795 110
2795 111
2795 112
2795 113
2795 114
2795 115
2795 116
2796 76
2796 77
2796 78
2796 79
2796 80
2796 81
2796 82
2796 83
2796 84
2796 85
2796 86
2796 87
2796 88
2796 89
2796 90
2796 91
2796 92
2796 93
2796 94
2796 95
2796 96
2796 97
2796 98
2796 99
2797 57
2797 58
2797 59
2797 60
2797 61
2797 62
2797 63
2797 64
2797 65
2797 66
2797 67
2797 68
2797 69
2797 70
2797 71
2797 72
2797 73
2797 74
2797 75
2797 76
2797 77
2797 78
2797 79
2797 80
2798 39
2798 40
2798 41
2798 42
2798 43
2798 44
2798 45
2798 46
2798 47
2798 48
2798 49
2798 50
2798 51
2798 52
2798 53
2798 54
2798 55
2798 56
2798 57
2798 58
2798 59
2798 60
2799 24
2799 25
2799 26
2799 27
2799 28
2799 29
2799 30
2799 31
2799 32
2799 33
2799 34
2799 35
2799 36
2799 37
2799 38
2799 39
2801 103
2801 104
2801 105
2801 106
2801 107
2801 108
2801 109
2801 110
2801 111
2801 112
2801 113
2801 114
2801 115
2801 116
2801 117
2801 118
2801 119
2801 120
2801 121
2802 81
2802 82
2802 83
2802 84
2802 85
2802 86
2802 87
2802 88
2802 89
2802 90
2802 91
2802 92
2802 93
2802 94
2802 95
2802 96
2802 97
2802 98
2802 99
2802 100
2802 101
2802 102
2802 103
2802 104
2803 61
2803 62
2803 63
2803 64
2803 65
2803 66
2803 67
2803 68
2803 69
2803 70
2803 71
2803 72
2803 73
2803 74
2803 75
2803 76
2803 77
2803 78
2803 79
2803 80
2803 81
2803 82
2803 83
2803 84
2803 85
2804 43
2804 44
2804 45
2804 46
2804 47
2804 48
2804 49
2804 50
2804 51
2804 52
2804 53
2804 54
2804 55
2804 56
2804 57
2804 58
2804 59
2804 60
2804 61
2804 62
2804 63
2804 64
2804 65
2804 66
2805 28
2805 29
2805 30
2805 31
2805 32
2805 33
2805 34
2805 35
2805 36
2805 37
2805 38
2805 39
2805 40
2805 41
2805 42
2805 43
2805 44
2805 45
2806 18
2806 19
2807 109
2807 110
2807 111
2807 112
2807 113
2807 114
2807 115
2807 116
2807 117
2807 118
2807 119
2807 120
2807 121
2807 122
2807 123
2807 124
2807 125
2808 86
2808 87
2808 88
2808 89
2808 90
2808 91
2808 92
2808 93
2808 94
2808 95
2808 96
2808 97
2808 98
2808 99
2808 100
2808 101
2808 102
2808 103
2808 104
2808 105
2808 106
2808 107
2808 108
2808 109
2809 66
2809 67
2809 68
2809 69
2809 70
2809 71
2809 72
2809 73
2809 74
2809 75
2809 76
2809 77
2809 78
2809 79
2809 80
2809 81
2809 82
2809 83
2809 84
2809 85
2809 86
2809 87
2809 88
2809 89
2809 90
2810 48
2810 49
2810 50
2810 51
2810 52
2810 53
2810 54
2810 55
2810 56
2810 57
2810 58
2810 59
2810 60
2810 61
2810 62
2810 63
2810 64
2810 65
2810 66
2810 67
2810 68
2810 69
2810 70
2810 71
2811 32
2811 33
2811 34
2811 35
2811 36
2811 37
2811 38
2811 39
2811 40
2811 41
2811 42
2811 43
2811 44
2811 45
2811 46
2811 47
2811 48
2811 49
2811 50
2812 19
2812 20
2812 21
2812 22
2812 23
2812 24
2812 25
2812 26
2812 27
2813 115
2813 116
2813 117
2813 118
2813 119
2813 120
2813 121
2813 122
2813 123
2813 124
2813 125
2813 126
2813 127
2813 128
2814 92
2814 93
2814 94
2814 95
2814 96
2814 97
2814 98
2814 99
2814 100
2814 101
2814 102
2814 103
2814 104
2814 105
2814 106
2814 107
2814 108
2814 109
2814 110
2814 111
2814 112
2814 113
2815 72
2815 73
2815 74
2815 75
2815 76
2815 77
2815 78
2815 79
2815 80
2815 81
2815 82
2815 83
2815 84
2815 85
2815 86
2815 87
2815 88
2815 89
2815 90
2815 91
2815 92
2815 93
2815 94
2815 95
2816 53
2816 54
2816 55
2816 56
2816 57
2816 58
2816 59
2816 60
2816 61
2816 62
2816 63
2816 64
2816 65
2816 66
2816 67
2816 68
2816 69
2816 70
2816 71
2816 72
2816 73
2816 74
2816 75
2816 76
2817 36
2817 37
2817 38
2817 39
2817 40
2817 41
2817 42
2817 43
2817 44
2817 45
2817 46
2817 47
2817 48
2817 49
2817 50
2817 51
2817 52
2817 53
2817 54
2817 55
2817 56
2818 22
2818 23
2818 24
2818 25
2818 26
2818 27
2818 28
2818 29
2818 30
2818 31
2818 32
2818 33
2819 122
2819 123
2819 124
2819 125
2819 126
2819 127
2819 128
2819 129
2819 130
2819 131
2820 98
2820 99
2820 100
2820 101
2820 102
2820 103
2820 104
2820 105
2820 106
2820 107
2820 108
2820 109
2820 110
2820 111
2820 112
2820 113
2820 114
2820 115
2820 116
2820 117
2820 118
2821 77
2821 78
2821 79
2821 80
2821 81
2821 82
2821 83
2821 84
2821 85
2821 86
2821 87
2821 88
2821 89
2821 90
2821 91
2821 92
2821 93
2821 94
2821 95
2821 96
2821 97
2821 98
2821 99
2821 100
2822 58
2822 59
2822 60
2822 61
2822 62
2822 63
2822 64
2822 65
2822 66
2822 67
2822 68
2822 69
2822 70
2822 71
2822 72
2822 73
2822 74
2822 75
2822 76
2822 77
2822 78
2822 79
2822 80
2822 81
2823 40
2823 41
2823 42
2823 43
2823 44
2823 45
2823 46
2823 47
2823 48
2823 49
2823 50
2823 51
2823 52
2823 53
2823 54
2823 55
2823 56
2823 57
2823 58
2823 59
2823 60
2823 61
2824 25
2824 26
2824 27
2824 28
2824 29
2824 30
2824 31
2824 32
2824 33
2824 34
2824 35
2824 36
2824 37
2824 38
2824 39
2826 103
2826 104
2826 105
2826 106
2826 107
2826 108
2826 109
2826 110
2826 111
2826 112
2826 113
2826 114
2826 115
2826 116
2826 117
2826 118
2826 119
2826 120
2826 121
2826 122
2827 82
2827 83
2827 84
2827 85
2827 86
2827 87
2827 88
2827 89
2827 90
2827 91
2827 92
2827 93
2827 94
2827 95
2827 96
2827 97
2827 98
2827 99
2827 100
2827 101
2827 102
2827 103
2827 104
2827 105
2828 62
2828 63
2828 64
2828 65
2828 66
2828 67
2828 68
2828 69
2828 70
2828 71
2828 72
2828 73
2828 74
2828 75
2828 76
2828 77
2828 78
2828 79
2828 80
2828 81
2828 82
2828 83
2828 84
2828 85
2828 86
2829 45
2829 46
2829 47
2829 48
2829 49
2829 50
2829 51
2829 52
2829 53
2829 54
2829 55
2829 56
2829 57
2829 58
2829 59
2829 60
2829 61
2829 62
2829 63
2829 64
2829 65
2829 66
2830 29
2830 30
2830 31
2830 32
2830 33
2830 34
2830 35
2830 36
2830 37
2830 38
2830 39
2830 40
2830 41
2830 42
2830 43
2830 44
2830 45
2832 110
2832 111
2832 112
2832 113
2832 114
2832 115
2832 116
2832 117
2832 118
2832 119
2832 120
2832 121
2832 122
2832 123
2832 124
2832 125
2832 126
2833 87
2833 88
2833 89
2833 90
2833 91
2833 92
2833 93
2833 94
2833 95
2833 96
2833 97
2833 98
2833 99
2833 100
2833 101
2833 102
2833 103
2833 104
2833 105
2833 106
2833 107
2833 108
2833 109
2833 110
2834 67
2834 68
2834 69
2834 70
2834 71
2834 72
2834 73
2834 74
2834 75
2834 76
2834 77
2834 78
2834 79
2834 80
2834 81
2834 82
2834 83
2834 84
2834 85
2834 86
2834 87
2834 88
2834 89
2834 90
2834 91
2835 49
2835 50
2835 51
2835 52
2835 53
2835 54
2835 55
2835 56
2835 57
2835 58
2835 59
2835 60
2835 61
2835 62
2835 63
2835 64
2835 65
2835 66
2835 67
2835 68
2835 69
2835 70
2835 71
2835 72
2836 33
2836 34
2836 35
2836 36
2836 37
2836 38
2836 39
2836 40
2836 41
2836 42
2836 43
2836 44
2836 45
2836 46
2836 47
2836 48
2836 49
2836 50
2836 51
2837 21
2837 22
2837 23
2837 24
2837 25
2837 26
2838 116
2838 117
2838 118
2838 119
2838 120
2838 121
2838 122
2838 123
2838 124
2838 125
2838 126
2838 127
2838 128
2838 129
2838 130
2839 93
2839 94
2839 95
2839 96
2839 97
2839 98
2839 99
2839 100
2839 101
2839 102
2839 103
2839 104
2839 105
2839 106
2839 107
2839 108
2839 109
2839 110
2839 111
2839 112
2839 113
2839 114
2840 72
2840 73
2840 74
2840 75
2840 76
2840 77
2840 78
2840 79
2840 80
2840 81
2840 82
2840 83
2840 84
2840 85
2840 86
2840 87
2840 88
2840 89
2840 90
2840 91
2840 92
2840 93
2840 94
2840 95
2840 96
2841 54
2841 55
2841 56
2841 57
2841 58
2841 59
2841 60
2841 61
2841 62
2841 63
2841 64
2841 65
2841 66
2841 67
2841 68
2841 69
2841 70
2841 71
2841 72
2841 73
2841 74
2841 75
2841 76
2841 77
2842 37
2842 38
2842 39
2842 40
2842 41
2842 42
2842 43
2842 44
2842 45
2842 46
2842 47
2842 48
2842 49
2842 50
2842 51
2842 52
2842 53
2842 54
2842 55
2842 56
2843 23
2843 24
2843 25
2843 26
2843 27
2843 28
2843 29
2843 30
2843 31
2843 32
2843 33
2844 123
2844 124
2844 125
2844 126
2844 127
2844 128
2844 129
2844 130
2844 131
2844 132
2844 133
2845 99
2845 100
2845 101
2845 102
2845 103
2845 104
2845 105
2845 106
2845 107
2845 108
2845 109
2845 110
2845 111
2845 112
2845 113
2845 114
2845 115
2845 116
2845 117
2845 118
2845 119
2846 78
2846 79
2846 80
2846 81
2846 82
2846 83
2846 84
2846 85
2846 86
2846 87
2846 88
2846 89
2846 90
2846 91
2846 92
2846 93
2846 94
2846 95
2846 96
2846 97
2846 98
2846 99
2846 100
2846 101
2847 59
2847 60
2847 61
2847 62
2847 63
2847 64
2847 65
2847 66
2847 67
2847 68
2847 69
2847 70
2847 71
2847 72
2847 73
2847 74
2847 75
2847 76
2847 77
2847 78
2847 79
2847 80
2847 81
2847 82
2848 41
2848 42
2848 43
2848 44
2848 45
2848 46
2848 47
2848 48
2848 49
2848 50
2848 51
2848 52
2848 53
2848 54
2848 55
2848 56
2848 57
2848 58
2848 59
2848 60
2848 61
2848 62
2849 27
2849 28
2849 29
2849 30
2849 31
2849 32
2849 33
2849 34
2849 35
2849 36
2849 37
2849 38
2849 39
2850 131
2850 132
2850 133
2850 134
2851 104
2851 105
2851 106
2851 107
2851 108
2851 109
2851 110
2851 111
2851 112
2851 113
2851 114
2851 115
2851 116
2851 117
2851 118
2851 119
2851 120
2851 121
2851 122
2851 123
2852 83
2852 84
2852 85
2852 86
2852 87
2852 88
2852 89
2852 90
2852 91
2852 92
2852 93
2852 94
2852 95
2852 96
2852 97
2852 98
2852 99
2852 100
2852 101
2852 102
2852 103
2852 104
2852 105
2852 106
2853 63
2853 64
2853 65
2853 66
2853 67
2853 68
2853 69
2853 70
2853 71
2853 72
2853 73
2853 74
2853 75
2853 76
2853 77
2853 78
2853 79
2853 80
2853 81
2853 82
2853 83
2853 84
2853 85
2853 86
2853 87
2854 46
2854 47
2854 48
2854 49
2854 50
2854 51
2854 52
2854 53
2854 54
2854 55
2854 56
2854 57
2854 58
2854 59
2854 60
2854 61
2854 62
2854 63
2854 64
2854 65
2854 66
2854 67
2855 30
2855 31
2855 32
2855 33
2855 34
2855 35
2855 36
2855 37
2855 38
2855 39
2855 40
2855 41
2855 42
2855 43
2855 44
2855 45
2857 110
2857 111
2857 112
2857 113
2857 114
2857 115
2857 116
2857 117
2857 118
2857 119
2857 120
2857 121
2857 122
2857 123
2857 124
2857 125
2857 126
2857 127
2858 88
2858 89
2858 90
2858 91
2858 92
2858 93
2858 94
2858 95
2858 96
2858 97
2858 98
2858 99
2858 100
2858 101
2858 102
2858 103
2858 104
2858 105
2858 106
2858 107
2858 108
2858 109
2858 110
2858 111
2859 68
2859 69
2859 70
2859 71
2859 72
2859 73
2859 74
2859 75
2859 76
2859 77
2859 78
2859 79
2859 80
2859 81
2859 82
2859 83
2859 84
2859 85
2859 86
2859 87
2859 88
2859 89
2859 90
2859 91
2859 92
2860 50
2860 51
2860 52
2860 53
2860 54
2860 55
2860 56
2860 57
2860 58
2860 59
2860 60
2860 61
2860 62
2860 63
2860 64
2860 65
2860 66
2860 67
2860 68
2860 69
2860 70
2860 71
2860 72
2861 34
2861 35
2861 36
2861 37
2861 38
2861 39
2861 40
2861 41
2861 42
2861 43
2861 44
2861 45
2861 46
2861 47
2861 48
2861 49
2861 50
2861 51
2863 117
2863 118
2863 119
2863 120
2863 121
2863 122
2863 123
2863 124
2863 125
2863 126
2863 127
2863 128
2863 129
2863 130
2863 131
2864 94
2864 95
2864 96
2864 97
2864 98
2864 99
2864 100
2864 101
2864 102
2864 103
2864 104
2864 105
2864 106
2864 107
2864 108
2864 109
2864 110
2864 111
2864 112
2864 113
2864 114
2864 115
2865 74
2865 75
2865 76
2865 77
2865 78
2865 79
2865 80
2865 81
2865 82
2865 83
2865 84
2865 85
2865 86
2865 87
2865 88
2865 89
2865 90
2865 91
2865 92
2865 93
2865 94
2865 95
2865 96
2865 97
2866 55
2866 56
2866 57
2866 58
2866 59
2866 60
2866 61
2866 62
2866 63
2866 64
2866 65
2866 66
2866 67
2866 68
2866 69
2866 70
2866 71
2866 72
2866 73
2866 74
2866 75
2866 76
2866 77
2866 78
2867 38
2867 39
2867 40
2867 41
2867 42
2867 43
2867 44
2867 45
2867 46
2867 47
2867 48
2867 49
2867 50
2867 51
2867 52
2867 53
2867 54
2867 55
2867 56
2867 57
2868 26
2868 27
2868 28
2868 29
2868 30
2868 31
2868 32
2869 123
2869 124
2869 125
2869 126
2869 127
2869 128
2869 129
2869 130
2869 131
2869 132
2869 133
2869 134
2870 100
2870 101
2870 102
2870 103
2870 104
2870 105
2870 106
2870 107
2870 108
2870 109
2870 110
2870 111
2870 112
2870 113
2870 114
2870 115
2870 116
2870 117
2870 118
2870 119
2870 120
2871 79
2871 80
2871 81
2871 82
2871 83
2871 84
2871 85
2871 86
2871 87
2871 88
2871 89
2871 90
2871 91
2871 92
2871 93
2871 94
2871 95
2871 96
2871 97
2871 98
2871 99
2871 100
2871 101
2871 102
2872 60
2872 61
2872 62
2872 63
2872 64
2872 65
2872 66
2872 67
2872 68
2872 69
2872 70
2872 71
2872 72
2872 73
2872 74
2872 75
2872 76
2872 77
2872 78
2872 79
2872 80
2872 81
2872 82
2872 83
2873 42
2873 43
2873 44
2873 45
2873 46
2873 47
2873 48
2873 49
2873 50
2873 51
2873 52
2873 53
2873 54
2873 55
2873 56
2873 57
2873 58
2873 59
2873 60
2873 61
2873 62
2874 29
2874 30
2874 31
2874 32
2874 33
2874 34
2874 35
2874 36
2874 37
2874 38
2874 39
2875 132
2875 133
2875 134
2875 135
2875 136
2876 105
2876 106
2876 107
2876 108
2876 109
2876 110
2876 111
2876 112
2876 113
2876 114
2876 115
2876 116
2876 117
2876 118
2876 119
2876 120
2876 121
2876 122
2876 123
2876 124
2877 84
2877 85
2877 86
2877 87
2877 88
2877 89
2877 90
2877 91
2877 92
2877 93
2877 94
2877 95
2877 96
2877 97
2877 98
2877 99
2877 100
2877 101
2877 102
2877 103
2877 104
2877 105
2877 106
2877 107
2878 65
2878 66
2878 67
2878 68
2878 69
2878 70
2878 71
2878 72
2878 73
2878 74
2878 75
2878 76
2878 77
2878 78
2878 79
2878 80
2878 81
2878 82
2878 83
2878 84
2878 85
2878 86
2878 87
2878 88
2879 47
2879 48
2879 49
2879 50
2879 51
2879 52
2879 53
2879 54
2879 55
2879 56
2879 57
2879 58
2879 59
2879 60
2879 61
2879 62
2879 63
2879 64
2879 65
2879 66
2879 67
2879 68
2880 32
2880 33
2880 34
2880 35
2880 36
2880 37
2880 38
2880 39
2880 40
2880 41
2880 42
2880 43
2880 44
2880 45
2882 111
2882 112
2882 113
2882 114
2882 115
2882 116
2882 117
2882 118
2882 119
2882 120
2882 121
2882 122
2882 123
2882 124
2882 125
2882 126
2882 127
2882 128
2883 89
2883 90
2883 91
2883 92
2883 93
2883 94
2883 95
2883 96
2883 97
2883 98
2883 99
2883 100
2883 101
2883 102
2883 103
2883 104
2883 105
2883 106
2883 107
2883 108
2883 109
2883 110
2883 111
2883 112
2884 70
2884 71
2884 72
2884 73
2884 74
2884 75
2884 76
2884 77
2884 78
2884 79
2884 80
2884 81
2884 82
2884 83
2884 84
2884 85
2884 86
2884 87
2884 88
2884 89
2884 90
2884 91
2884 92
2884 93
2885 51
2885 52
2885 53
2885 54
2885 55
2885 56
2885 57
2885 58
2885 59
2885 60
2885 61
2885 62
2885 63
2885 64
2885 65
2885 66
2885 67
2885 68
2885 69
2885 70
2885 71
2885 72
2885 73
2886 36
2886 37
2886 38
2886 39
2886 40
2886 41
2886 42
2886 43
2886 44
2886 45
2886 46
2886 47
2886 48
2886 49
2886 50
2886 51
2888 118
2888 119
2888 120
2888 121
2888 122
2888 123
2888 124
2888 125
2888 126
2888 127
2888 128
2888 129
2888 130
2888 131
2888 132
2889 95
2889 96
2889 97
2889 98
2889 99
2889 100
2889 101
2889 102
2889 103
2889 104
2889 105
2889 106
2889 107
2889 108
2889 109
2889 110
2889 111
2889 112
2889 113
2889 114
2889 115
2889 116
2890 75
2890 76
2890 77
2890 78
2890 79
2890 80
2890 81
2890 82
2890 83
2890 84
2890 85
2890 86
2890 87
2890 88
2890 89
2890 90
2890 91
2890 92
2890 93
2890 94
2890 95
2890 96
2890 97
2890 98
2891 56
2891 57
2891 58
2891 59
2891 60
2891 61
2891 62
2891 63
2891 64
2891 65
2891 66
2891 67
2891 68
2891 69
2891 70
2891 71
2891 72
2891 73
2891 74
2891 75
2891 76
2891 77
2891 78
2892 40
2892 41
2892 42
2892 43
2892 44
2892 45
2892 46
2892 47
2892 48
2892 49
2892 50
2892 51
2892 52
2892 53
2892 54
2892 55
2892 56
2892 57
2894 124
2894 125
2894 126
2894 127
2894 128
2894 129
2894 130
2894 131
2894 132
2894 133
2894 134
2894 135
2895 101
2895 102
2895 103
2895 104
2895 105
2895 106
2895 107
2895 108
2895 109
2895 110
2895 111
2895 112
2895 113
2895 114
2895 115
2895 116
2895 117
2895 118
2895 119
2895 120
2895 121
2896 80
2896 81
2896 82
2896 83
2896 84
2896 85
2896 86
2896 87
2896 88
2896 89
2896 90
2896 91
2896 92
2896 93
2896 94
2896 95
2896 96
2896 97
2896 98
2896 99
2896 100
2896 101
2896 102
2896 103
2897 61
2897 62
2897 63
2897 64
2897 65
2897 66
2897 67
2897 68
2897 69
2897 70
2897 71
2897 72
2897 73
2897 74
2897 75
2897 76
2897 77
2897 78
2897 79
2897 80
2897 81
2897 82
2897 83
2898 44
2898 45
2898 46
2898 47
2898 48
2898 49
2898 50
2898 51
2898 52
2898 53
2898 54
2898 55
2898 56
2898 57
2898 58
2898 59
2898 60
2898 61
2898 62
2899 31
2899 32
2899 33
2899 34
2899 35
2899 36
2899 37
2899 38
2900 132
2900 133
2900 134
2900 135
2900 136
2900 137
2901 106
2901 107
2901 108
2901 109
2901 110
2901 111
2901 112
2901 113
2901 114
2901 115
2901 116
2901 117
2901 118
2901 119
2901 120
2901 121
2901 122
2901 123
2901 124
2901 125
2902 85
2902 86
2902 87
2902 88
2902 89
2902 90
2902 91
2902 92
2902 93
2902 94
2902 95
2902 96
2902 97
2902 98
2902 99
2902 100
2902 101
2902 102
2902 103
2902 104
2902 105
2902 106
2902 107
2902 108
2903 66
2903 67
2903 68
2903 69
2903 70
2903 71
2903 72
2903 73
2903 74
2903 75
2903 76
2903 77
2903 78
2903 79
2903 80
2903 81
2903 82
2903 83
2903 84
2903 85
2903 86
2903 87
2903 88
2903 89
2904 48
2904 49
2904 50
2904 51
2904 52
2904 53
2904 54
2904 55
2904 56
2904 57
2904 58
2904 59
2904 60
2904 61
2904 62
2904 63
2904 64
2904 65
2904 66
2904 67
2904 68
2905 34
2905 35
2905 36
2905 37
2905 38
2905 39
2905 40
2905 41
2905 42
2905 43
2905 44
2905 45
2907 112
2907 113
2907 114
2907 115
2907 116
2907 117
2907 118
2907 119
2907 120
2907 121
2907 122
2907 123
2907 124
2907 125
2907 126
2907 127
2907 128
2907 129
2908 91
2908 92
2908 93
2908 94
2908 95
2908 96
2908 97
2908 98
2908 99
2908 100
2908 101
2908 102
2908 103
2908 104
2908 105
2908 106
2908 107
2908 108
2908 109
2908 110
2908 111
2908 112
2908 113
2909 71
2909 72
2909 73
2909 74
2909 75
2909 76
2909 77
2909 78
2909 79
2909 80
2909 81
2909 82
2909 83
2909 84
2909 85
2909 86
2909 87
2909 88
2909 89
2909 90
2909 91
2909 92
2909 93
2909 94
2910 53
2910 54
2910 55
2910 56
2910 57
2910 58
2910 59
2910 60
2910 61
2910 62
2910 63
2910 64
2910 65
2910 66
2910 67
2910 68
2910 69
2910 70
2910 71
2910 72
2910 73
2911 37
2911 38
2911 39
2911 40
2911 41
2911 42
2911 43
2911 44
2911 45
2911 46
2911 47
2911 48
2911 49
2911 50
2911 51
2913 119
2913 120
2913 121
2913 122
2913 123
2913 124
2913 125
2913 126
2913 127
2913 128
2913 129
2913 130
2913 131
2913 132
2913 133
2914 96
2914 97
2914 98
2914 99
2914 100
2914 101
2914 102
2914 103
2914 104
2914 105
2914 106
2914 107
2914 108
2914 109
2914 110
2914 111
2914 112
2914 113
2914 114
2914 115
2914 116
2914 117
2915 76
2915 77
2915 78
2915 79
2915 80
2915 81
2915 82
2915 83
2915 84
2915 85
2915 86
2915 87
2915 88
2915 89
2915 90
2915 91
2915 92
2915 93
2915 94
2915 95
2915 96
2915 97
2915 98
2915 99
2916 57
2916 58
2916 59
2916 60
2916 61
2916 62
2916 63
2916 64
2916 65
2916 66
2916 67
2916 68
2916 69
2916 70
2916 71
2916 72
2916 73
2916 74
2916 75
2916 76
2916 77
2916 78
2916 79
2917 41
2917 42
2917 43
2917 44
2917 45
2917 46
2917 47
2917 48
2917 49
2917 50
2917 51
2917 52
2917 53
2917 54
2917 55
2917 56
2917 57
2919 126
2919 127
2919 128
2919 129
2919 130
2919 131
2919 132
2919 133
2919 134
2919 135
2919 136
2920 102
2920 103
2920 104
2920 105
2920 106
2920 107
2920 108
2920 109
2920 110
2920 111
2920 112
2920 113
2920 114
2920 115
2920 116
2920 117
2920 118
2920 119
2920 120
2920 121
2920 122
2921 81
2921 82
2921 83
2921 84
2921 85
2921 86
2921 87
2921 88
2921 89
2921 90
2921 91
2921 92
2921 93
2921 94
2921 95
2921 96
2921 97
2921 98
2921 99
2921 100
2921 101
2921 102
2921 103
2921 104
2922 62
2922 63
2922 64
2922 65
2922 66
2922 67
2922 68
2922 69
2922 70
2922 71
2922 72
2922 73
2922 74
2922 75
2922 76
2922 77
2922 78
2922 79
2922 80
2922 81
2922 82
2922 83
2922 84
2923 45
2923 46
2923 47
2923 48
2923 49
2923 50
2923 51
2923 52
2923 53
2923 54
2923 55
2923 56
2923 57
2923 58
2923 59
2923 60
2923 61
2923 62
2923 63
2925 134
2925 135
2925 136
2925 137
2925 138
2926 108
2926 109
2926 110
2926 111
2926 112
2926 113
2926 114
2926 115
2926 116
2926 117
2926 118
2926 119
2926 120
2926 121
2926 122
2926 123
2926 124
2926 125
2926 126
2927 86
2927 87
2927 88
2927 89
2927 90
2927 91
2927 92
2927 93
2927 94
2927 95
2927 96
2927 97
2927 98
2927 99
2927 100
2927 101
2927 102
2927 103
2927 104
2927 105
2927 106
2927 107
2927 108
2927 109
2928 67
2928 68
2928 69
2928 70
2928 71
2928 72
2928 73
2928 74
2928 75
2928 76
2928 77
2928 78
2928 79
2928 80
2928 81
2928 82
2928 83
2928 84
2928 85
2928 86
2928 87
2928 88
2928 89
2929 50
2929 51
2929 52
2929 53
2929 54
2929 55
2929 56
2929 57
2929 58
2929 59
2929 60
2929 61
2929 62
2929 63
2929 64
2929 65
2929 66
2929 67
2929 68
2930 36
2930 37
2930 38
2930 39
2930 40
2930 41
2930 42
2930 43
2930 44
2932 114
2932 115
2932 116
2932 117
2932 118
2932 119
2932 120
2932 121
2932 122
2932 123
2932 124
2932 125
2932 126
2932 127
2932 128
2932 129
2932 130
2933 92
2933 93
2933 94
2933 95
2933 96
2933 97
2933 98
2933 99
2933 100
2933 101
2933 102
2933 103
2933 104
2933 105
2933 106
2933 107
2933 108
2933 109
2933 110
2933 111
2933 112
2933 113
2934 72
2934 73
2934 74
2934 75
2934 76
2934 77
2934 78
2934 79
2934 80
2934 81
2934 82
2934 83
2934 84
2934 85
2934 86
2934 87
2934 88
2934 89
2934 90
2934 91
2934 92
2934 93
2934 94
2934 95
2935 54
2935 55
2935 56
2935 57
2935 58
2935 59
2935 60
2935 61
2935 62
2935 63
2935 64
2935 65
2935 66
2935 67
2935 68
2935 69
2935 70
2935 71
2935 72
2935 73
2935 74
2936 39
2936 40
2936 41
2936 42
2936 43
2936 44
2936 45
2936 46
2936 47
2936 48
2936 49
2936 50
2936 51
2938 120
2938 121
2938 122
2938 123
2938 124
2938 125
2938 126
2938 127
2938 128
2938 129
2938 130
2938 131
2938 132
2938 133
2938 134
2939 97
2939 98
2939 99
2939 100
2939 101
2939 102
2939 103
2939 104
2939 105
2939 106
2939 107
2939 108
2939 109
2939 110
2939 111
2939 112
2939 113
2939 114
2939 115
2939 116
2939 117
2939 118
2940 77
2940 78
2940 79
2940 80
2940 81
2940 82
2940 83
2940 84
2940 85
2940 86
2940 87
2940 88
2940 89
2940 90
2940 91
2940 92
2940 93
2940 94
2940 95
2940 96
2940 97
2940 98
2940 99
2940 100
2941 59
2941 60
2941 61
2941 62
2941 63
2941 64
2941 65
2941 66
2941 67
2941 68
2941 69
2941 70
2941 71
2941 72
2941 73
2941 74
2941 75
2941 76
2941 77
2941 78
2941 79
2942 43
2942 44
2942 45
2942 46
2942 47
2942 48
2942 49
2942 50
2942 51
2942 52
2942 53
2942 54
2942 55
2942 56
2942 57
2944 127
2944 128
2944 129
2944 130
2944 131
2944 132
2944 133
2944 134
2944 135
2944 136
2944 137
2945 103
2945 104
2945 105
2945 106
2945 107
2945 108
2945 109
2945 110
2945 111
2945 112
2945 113
2945 114
2945 115
2945 116
2945 117
2945 118
2945 119
2945 120
2945 121
2945 122
2945 123
2946 83
2946 84
2946 85
2946 86
2946 87
2946 88
2946 89
2946 90
2946 91
2946 92
2946 93
2946 94
2946 95
2946 96
2946 97
2946 98
2946 99
2946 100
2946 101
2946 102
2946 103
2946 104
2946 105
2947 64
2947 65
2947 66
2947 67
2947 68
2947 69
2947 70
2947 71
2947 72
2947 73
2947 74
2947 75
2947 76
2947 77
2947 78
2947 79
2947 80
2947 81
2947 82
2947 83
2947 84
2947 85
2948 47
2948 48
2948 49
2948 50
2948 51
2948 52
2948 53
2948 54
2948 55
2948 56
2948 57
2948 58
2948 59
2948 60
2948 61
2948 62
2948 63
2950 136
2950 137
2950 138
2951 109
2951 110
2951 111
2951 112
2951 113
2951 114
2951 115
2951 116
2951 117
2951 118
2951 119
2951 120
2951 121
2951 122
2951 123
2951 124
2951 125
2951 126
2951 127
2952 88
2952 89
2952 90
2952 91
2952 92
2952 93
2952 94
2952 95
2952 96
2952 97
2952 98
2952 99
2952 100
2952 101
2952 102
2952 103
2952 104
2952 105
2952 106
2952 107
2952 108
2952 109
2953 69
2953 70
2953 71
2953 72
2953 73
2953 74
2953 75
2953 76
2953 77
2953 78
2953 79
2953 80
2953 81
2953 82
2953 83
2953 84
2953 85
2953 86
2953 87
2953 88
2953 89
2953 90
2954 51
2954 52
2954 53
2954 54
2954 55
2954 56
2954 57
2954 58
2954 59
2954 60
2954 61
2954 62
2954 63
2954 64
2954 65
2954 66
2954 67
2954 68
2954 69
2955 41
2955 42
2957 115
2957 116
2957 117
2957 118
2957 119
2957 120
2957 121
2957 122
2957 123
2957 124
2957 125
2957 126
2957 127
2957 128
2957 129
2957 130
2957 131
2958 93
2958 94
2958 95
2958 96
2958 97
2958 98
2958 99
2958 100
2958 101
2958 102
2958 103
2958 104
2958 105
2958 106
2958 107
2958 108
2958 109
2958 110
2958 111
2958 112
2958 113
2958 114
2959 74
2959 75
2959 76
2959 77
2959 78
2959 79
2959 80
2959 81
2959 82
2959 83
2959 84
2959 85
2959 86
2959 87
2959 88
2959 89
2959 90
2959 91
2959 92
2959 93
2959 94
2959 95
2960 56
2960 57
2960 58
2960 59
2960 60
2960 61
2960 62
2960 63
2960 64
2960 65
2960 66
2960 67
2960 68
2960 69
2960 70
2960 71
2960 72
2960 73
2960 74
2961 42
2961 43
2961 44
2961 45
2961 46
2961 47
2961 48
2961 49
2961 50
2963 121
2963 122
2963 123
2963 124
2963 125
2963 126
2963 127
2963 128
2963 129
2963 130
2963 131
2963 132
2963 133
2963 134
2964 99
2964 100
2964 101
2964 102
2964 103
2964 104
2964 105
2964 106
2964 107
2964 108
2964 109
2964 110
2964 111
2964 112
2964 113
2964 114
2964 115
2964 116
2964 117
2964 118
2964 119
2965 79
2965 80
2965 81
2965 82
2965 83
2965 84
2965 85
2965 86
2965 87
2965 88
2965 89
2965 90
2965 91
2965 92
2965 93
2965 94
2965 95
2965 96
2965 97
2965 98
2965 99
2965 100
2966 61
2966 62
2966 63
2966 64
2966 65
2966 66
2966 67
2966 68
2966 69
2966 70
2966 71
2966 72
2966 73
2966 74
2966 75
2966 76
2966 77
2966 78
2966 79
2966 80
2967 45
2967 46
2967 47
2967 48
2967 49
2967 50
2967 51
2967 52
2967 53
2967 54
2967 55
2967 56
2967 57
2969 128
2969 129
2969 130
2969 131
2969 132
2969 133
2969 134
2969 135
2969 136
2969 137
2970 105
2970 106
2970 107
2970 108
2970 109
2970 110
2970 111
2970 112
2970 113
2970 114
2970 115
2970 116
2970 117
2970 118
2970 119
2970 120
2970 121
2970 122
2970 123
2971 84
2971 85
2971 86
2971 87
2971 88
2971 89
2971 90
2971 91
2971 92
2971 93
2971 94
2971 95
2971 96
2971 97
2971 98
2971 99
2971 100
2971 101
2971 102
2971 103
2971 104
2971 105
2972 65
2972 66
2972 67
2972 68
2972 69
2972 70
2972 71
2972 72
2972 73
2972 74
2972 75
2972 76
2972 77
2972 78
2972 79
2972 80
2972 81
2972 82
2972 83
2972 84
2972 85
2973 49
2973 50
2973 51
2973 52
2973 53
2973 54
2973 55
2973 56
2973 57
2973 58
2973 59
2973 60
2973 61
2973 62
2973 63
2976 110
2976 111
2976 112
2976 113
2976 114
2976 115
2976 116
2976 117
2976 118
2976 119
2976 120
2976 121
2976 122
2976 123
2976 124
2976 125
2976 126
2976 127
2977 89
2977 90
2977 91
2977 92
2977 93
2977 94
2977 95
2977 96
2977 97
2977 98
2977 99
2977 100
2977 101
2977 102
2977 103
2977 104
2977 105
2977 106
2977 107
2977 108
2977 109
2977 110
2978 70
2978 71
2978 72
2978 73
2978 74
2978 75
2978 76
2978 77
2978 78
2978 79
2978 80
2978 81
2978 82
2978 83
2978 84
2978 85
2978 86
2978 87
2978 88
2978 89
2978 90
2978 91
2979 53
2979 54
2979 55
2979 56
2979 57
2979 58
2979 59
2979 60
2979 61
2979 62
2979 63
2979 64
2979 65
2979 66
2979 67
2979 68
2979 69
2982 117
2982 118
2982 119
2982 120
2982 121
2982 122
2982 123
2982 124
2982 125
2982 126
2982 127
2982 128
2982 129
2982 130
2982 131
2983 95
2983 96
2983 97
2983 98
2983 99
2983 100
2983 101
2983 102
2983 103
2983 104
2983 105
2983 106
2983 107
2983 108
2983 109
2983 110
2983 111
2983 112
2983 113
2983 114
2983 115
2984 75
2984 76
2984 77
2984 78
2984 79
2984 80
2984 81
2984 82
2984 83
2984 84
2984 85
2984 86
2984 87
2984 88
2984 89
2984 90
2984 91
2984 92
2984 93
2984 94
2984 95
2984 96
2985 58
2985 59
2985 60
2985 61
2985 62
2985 63
2985 64
2985 65
2985 66
2985 67
2985 68
2985 69
2985 70
2985 71
2985 72
2985 73
2985 74
2985 75
2986 47
2986 48
2988 123
2988 124
2988 125
2988 126
2988 127
2988 128
2988 129
2988 130
2988 131
2988 132
2988 133
2988 134
2988 135
2989 100
2989 101
2989 102
2989 103
2989 104
2989 105
2989 106
2989 107
2989 108
2989 109
2989 110
2989 111
2989 112
2989 113
2989 114
2989 115
2989 116
2989 117
2989 118
2989 119
2990 80
2990 81
2990 82
2990 83
2990 84
2990 85
2990 86
2990 87
2990 88
2990 89
2990 90
2990 91
2990 92
2990 93
2990 94
2990 95
2990 96
2990 97
2990 98
2990 99
2990 100
2990 101
2991 62
2991 63
2991 64
2991 65
2991 66
2991 67
2991 68
2991 69
2991 70
2991 71
2991 72
2991 73
2991 74
2991 75
2991 76
2991 77
2991 78
2991 79
2991 80
2992 48
2992 49
2992 50
2992 51
2992 52
2992 53
2992 54
2992 55
2992 56
2994 130
2994 131
2994 132
2994 133
2994 134
2994 135
2994 136
2994 137
2995 106
2995 107
2995 108
2995 109
2995 110
2995 111
2995 112
2995 113
2995 114
2995 115
2995 116
2995 117
2995 118
2995 119
2995 120
2995 121
2995 122
2995 123
2995 124
2996 86
2996 87
2996 88
2996 89
2996 90
2996 91
2996 92
2996 93
2996 94
2996 95
2996 96
2996 97
2996 98
2996 99
2996 100
2996 101
2996 102
2996 103
2996 104
2996 105
2996 106
2997 67
2997 68
2997 69
2997 70
2997 71
2997 72
2997 73
2997 74
2997 75
2997 76
2997 77
2997 78
2997 79
2997 80
2997 81
2997 82
2997 83
2997 84
2997 85
2997 86
2998 52
2998 53
2998 54
2998 55
2998 56
2998 57
2998 58
2998 59
2998 60
2998 61
2998 62
2998 63
3001 112
3001 113
3001 114
3001 115
3001 116
3001 117
3001 118
3001 119
3001 120
3001 121
3001 122
3001 123
3001 124
3001 125
3001 126
3001 127
3001 128
3002 91
3002 92
3002 93
3002 94
3002 95
3002 96
3002 97
3002 98
3002 99
3002 100
3002 101
3002 102
3002 103
3002 104
3002 105
3002 106
3002 107
3002 108
3002 109
3002 110
3002 111
3003 72
3003 73
3003 74
3003 75
3003 76
3003 77
3003 78
3003 79
3003 80
3003 81
3003 82
3003 83
3003 84
3003 85
3003 86
3003 87
3003 88
3003 89
3003 90
3003 91
3004 56
3004 57
3004 58
3004 59
3004 60
3004 61
3004 62
3004 63
3004 64
3004 65
3004 66
3004 67
3004 68
3004 69
3007 118
3007 119
3007 120
3007 121
3007 122
3007 123
3007 124
3007 125
3007 126
3007 127
3007 128
3007 129
3007 130
3007 131
3007 132
3008 97
3008 98
3008 99
3008 100
3008 101
3008 102
3008 103
3008 104
3008 105
3008 106
3008 107
3008 108
3008 109
3008 110
3008 111
3008 112
3008 113
3008 114
3008 115
3008 116
3009 77
3009 78
3009 79
3009 80
3009 81
3009 82
3009 83
3009 84
3009 85
3009 86
3009 87
3009 88
3009 89
3009 90
3009 91
3009 92
3009 93
3009 94
3009 95
3009 96
3010 60
3010 61
3010 62
3010 63
3010 64
3010 65
3010 66
3010 67
3010 68
3010 69
3010 70
3010 71
3010 72
3010 73
3010 74
3010 75
3013 125
3013 126
3013 127
3013 128
3013 129
3013 130
3013 131
3013 132
3013 133
3013 134
3013 135
3014 102
3014 103
3014 104
3014 105
3014 106
3014 107
3014 108
3014 109
3014 110
3014 111
3014 112
3014 113
3014 114
3014 115
3014 116
3014 117
3014 118
3014 119
3014 120
3015 82
3015 83
3015 84
3015 85
3015 86
3015 87
3015 88
3015 89
3015 90
3015 91
3015 92
3015 93
3015 94
3015 95
3015 96
3015 97
3015 98
3015 99
3015 100
3015 101
3016 65
3016 66
3016 67
3016 68
3016 69
3016 70
3016 71
3016 72
3016 73
3016 74
3016 75
3016 76
3016 77
3016 78
3016 79
3016 80
3016 81
3019 133
3019 134
3019 135
3019 136
3019 137
3020 108
3020 109
3020 110
3020 111
3020 112
3020 113
3020 114
3020 115
3020 116
3020 117
3020 118
3020 119
3020 120
3020 121
3020 122
3020 123
3020 124
3021 88
3021 89
3021 90
3021 91
3021 92
3021 93
3021 94
3021 95
3021 96
3021 97
3021 98
3021 99
3021 100
3021 101
3021 102
3021 103
3021 104
3021 105
3021 106
3022 69
3022 70
3022 71
3022 72
3022 73
3022 74
3022 75
3022 76
3022 77
3022 78
3022 79
3022 80
3022 81
3022 82
3022 83
3022 84
3022 85
3022 86
3023 55
3023 56
3023 57
3023 58
3023 59
3023 60
3023 61
3023 62
3026 114
3026 115
3026 116
3026 117
3026 118
3026 119
3026 120
3026 121
3026 122
3026 123
3026 124
3026 125
3026 126
3026 127
3026 128
3027 93
3027 94
3027 95
3027 96
3027 97
3027 98
3027 99
3027 100
3027 101
3027 102
3027 103
3027 104
3027 105
3027 106
3027 107
3027 108
3027 109
3027 110
3027 111
3028 74
3028 75
3028 76
3028 77
3028 78
3028 79
3028 80
3028 81
3028 82
3028 83
3028 84
3028 85
3028 86
3028 87
3028 88
3028 89
3028 90
3028 91
3028 92
3029 58
3029 59
3029 60
3029 61
3029 62
3029 63
3029 64
3029 65
3029 66
3029 67
3029 68
3029 69
3032 120
3032 121
3032 122
3032 123
3032 124
3032 125
3032 126
3032 127
3032 128
3032 129
3032 130
3032 131
3032 132
3033 98
3033 99
3033 100
3033 101
3033 102
3033 103
3033 104
3033 105
3033 106
3033 107
3033 108
3033 109
3033 110
3033 111
3033 112
3033 113
3033 114
3033 115
3033 116
3034 79
3034 80
3034 81
3034 82
3034 83
3034 84
3034 85
3034 86
3034 87
3034 88
3034 89
3034 90
3034 91
3034 92
3034 93
3034 94
3034 95
3034 96
3034 97
3035 63
3035 64
3035 65
3035 66
3035 67
3035 68
3035 69
3035 70
3035 71
3035 72
3035 73
3035 74
3035 75
3038 127
3038 128
3038 129
3038 130
3038 131
3038 132
3038 133
3038 134
3038 135
3039 104
3039 105
3039 106
3039 107
3039 108
3039 109
3039 110
3039 111
3039 112
3039 113
3039 114
3039 115
3039 116
3039 117
3039 118
3039 119
3039 120
3040 84
3040 85
3040 86
3040 87
3040 88
3040 89
3040 90
3040 91
3040 92
3040 93
3040 94
3040 95
3040 96
3040 97
3040 98
3040 99
3040 100
3040 101
3040 102
3041 67
3041 68
3041 69
3041 70
3041 71
3041 72
3041 73
3041 74
3041 75
3041 76
3041 77
3041 78
3041 79
3041 80
3041 81
3045 110
3045 111
3045 112
3045 113
3045 114
3045 115
3045 116
3045 117
3045 118
3045 119
3045 120
3045 121
3045 122
3045 123
3045 124
3045 125
3046 90
3046 91
3046 92
3046 93
3046 94
3046 95
3046 96
3046 97
3046 98
3046 99
3046 100
3046 101
3046 102
3046 103
3046 104
3046 105
3046 106
3046 107
3047 72
3047 73
3047 74
3047 75
3047 76
3047 77
3047 78
3047 79
3047 80
3047 81
3047 82
3047 83
3047 84
3047 85
3047 86
3051 116
3051 117
3051 118
3051 119
3051 120
3051 121
3051 122
3051 123
3051 124
3051 125
3051 126
3051 127
3051 128
3051 129
3052 95
3052 96
3052 97
3052 98
3052 99
3052 100
3052 101
3052 102
3052 103
3052 104
3052 105
3052 106
3052 107
3052 108
3052 109
3052 110
3052 111
3052 112
3053 76
3053 77
3053 78
3053 79
3053 80
3053 81
3053 82
3053 83
3053 84
3053 85
3053 86
3053 87
3053 88
3053 89
3053 90
3053 91
3053 92
3054 62
3054 63
3054 64
3054 65
3054 66
3054 67
3057 123
3057 124
3057 125
3057 126
3057 127
3057 128
3057 129
3057 130
3057 131
3057 132
3058 101
3058 102
3058 103
3058 104
3058 105
3058 106
3058 107
3058 108
3058 109
3058 110
3058 111
3058 112
3058 113
3058 114
3058 115
3058 116
3059 81
3059 82
3059 83
3059 84
3059 85
3059 86
3059 87
3059 88
3059 89
3059 90
3059 91
3059 92
3059 93
3059 94
3059 95
3059 96
3059 97
3060 66
3060 67
3060 68
3060 69
3060 70
3060 71
3060 72
3060 73
3060 74
3063 131
3063 132
3063 133
3063 134
3064 106
3064 107
3064 108
3064 109
3064 110
3064 111
3064 112
3064 113
3064 114
3064 115
3064 116
3064 117
3064 118
3064 119
3064 120
3064 121
3065 87
3065 88
3065 89
3065 90
3065 91
3065 92
3065 93
3065 94
3065 95
3065 96
3065 97
3065 98
3065 99
3065 100
3065 101
3065 102
3066 70
3066 71
3066 72
3066 73
3066 74
3066 75
3066 76
3066 77
3066 78
3066 79
3066 80
3070 112
3070 113
3070 114
3070 115
3070 116
3070 117
3070 118
3070 119
3070 120
3070 121
3070 122
3070 123
3070 124
3070 125
3071 92
3071 93
3071 94
3071 95
3071 96
3071 97
3071 98
3071 99
3071 100
3071 101
3071 102
3071 103
3071 104
3071 105
3071 106
3071 107
3072 74
3072 75
3072 76
3072 77
3072 78
3072 79
3072 80
3072 81
3072 82
3072 83
3072 84
3072 85
3072 86
3076 119
3076 120
3076 121
3076 122
3076 123
3076 124
3076 125
3076 126
3076 127
3076 128
3077 97
3077 98
3077 99
3077 100
3077 101
3077 102
3077 103
3077 104
3077 105
3077 106
3077 107
3077 108
3077 109
3077 110
3077 111
3077 112
3078 79
3078 80
3078 81
3078 82
3078 83
3078 84
3078 85
3078 86
3078 87
3078 88
3078 89
3078 90
3078 91
3078 92
3082 126
3082 127
3082 128
3082 129
3082 130
3082 131
3083 103
3083 104
3083 105
3083 106
3083 107
3083 108
3083 109
3083 110
3083 111
3083 112
3083 113
3083 114
3083 115
3083 116
3084 84
3084 85
3084 86
3084 87
3084 88
3084 89
3084 90
3084 91
3084 92
3084 93
3084 94
3084 95
3084 96
3084 97
3089 109
3089 110
3089 111
3089 112
3089 113
3089 114
3089 115
3089 116
3089 117
3089 118
3089 119
3089 120
3089 121
3090 89
3090 90
3090 91
3090 92
3090 93
3090 94
3090 95
3090 96
3090 97
3090 98
3090 99
3090 100
3090 101
3090 102
3091 74
3091 75
3091 76
3091 77
3091 78
3091 79
3095 115
3095 116
3095 117
3095 118
3095 119
3095 120
3095 121
3095 122
3095 123
3095 124
3095 125
3096 94
3096 95
3096 96
3096 97
3096 98
3096 99
3096 100
3096 101
3096 102
3096 103
3096 104
3096 105
3096 106
3096 107
3097 78
3097 79
3097 80
3097 81
3097 82
3097 83
3097 84
3097 85
3101 122
3101 123
3101 124
3101 125
3101 126
3101 127
3101 128
3102 100
3102 101
3102 102
3102 103
3102 104
3102 105
3102 106
3102 107
3102 108
3102 109
3102 110
3102 111
3102 112
3103 82
3103 83
3103 84
3103 85
3103 86
3103 87
3103 88
3103 89
3103 90
3103 91
3108 106
3108 107
3108 108
3108 109
3108 110
3108 111
3108 112
3108 113
3108 114
3108 115
3108 116
3109 87
3109 88
3109 89
3109 90
3109 91
3109 92
3109 93
3109 94
3109 95
3109 96
3109 97
3114 112
3114 113
3114 114
3114 115
3114 116
3114 117
3114 118
3114 119
3114 120
3115 92
3115 93
3115 94
3115 95
3115 96
3115 97
3115 98
3115 99
3115 100
3115 101
3115 102
3120 119
3120 120
3120 121
3120 122
3120 123
3121 98
3121 99
3121 100
3121 101
3121 102
3121 103
3121 104
3121 105
3121 106
3121 107
3127 103
3127 104
3127 105
3127 106
3127 107
3127 108
3127 109
3127 110
3127 111
3133 110
3133 111
3133 112
3133 113
3133 114
3133 115
3134 92
3134 93
3134 94
3140 97
3140 98
3140 99
3140 100
3146 103
3146 104
3850 91
3850 92
3856 93
3856 94
3856 95
3856 96
3856 97
3856 98
3856 99
3862 98
3862 99
3862 100
3862 101
3862 102
3862 103
3862 104
3862 105
3868 102
3868 103
3868 104
3868 105
3868 106
3868 107
3868 108
3868 109
3868 110
3869 84
3869 85
3869 86
3869 87
3869 88
3869 89
3869 90
3869 91
3874 108
3874 109
3874 110
3874 111
3874 112
3874 113
3874 114
3875 88
3875 89
3875 90
3875 91
3875 92
3875 93
3875 94
3875 95
3875 96
3875 97
3875 98
3880 114
3880 115
3880 116
3880 117
3881 92
3881 93
3881 94
3881 95
3881 96
3881 97
3881 98
3881 99
3881 100
3881 101
3881 102
3881 103
3882 78
3882 79
3882 80
3882 81
3887 97
3887 98
3887 99
3887 100
3887 101
3887 102
3887 103
3887 104
3887 105
3887 106
3887 107
3887 108
3888 80
3888 81
3888 82
3888 83
3888 84
3888 85
3888 86
3888 87
3888 88
3888 89
3893 102
3893 103
3893 104
3893 105
3893 106
3893 107
3893 108
3893 109
3893 110
3893 111
3893 112
3893 113
3894 83
3894 84
3894 85
3894 86
3894 87
3894 88
3894 89
3894 90
3894 91
3894 92
3894 93
3894 94
3894 95
3899 107
3899 108
3899 109
3899 110
3899 111
3899 112
3899 113
3899 114
3899 115
3899 116
3899 117
3899 118
3900 87
3900 88
3900 89
3900 90
3900 91
3900 92
3900 93
3900 94
3900 95
3900 96
3900 97
3900 98
3900 99
3900 100
3900 101
3901 75
3901 76
3901 77
3905 113
3905 114
3905 115
3905 116
3905 117
3905 118
3905 119
3905 120
3905 121
3905 122
3906 92
3906 93
3906 94
3906 95
3906 96
3906 97
3906 98
3906 99
3906 100
3906 101
3906 102
3906 103
3906 104
3906 105
3906 106
3907 76
3907 77
3907 78
3907 79
3907 80
3907 81
3907 82
3907 83
3907 84
3907 85
3907 86
3911 119
3911 120
3911 121
3911 122
3911 123
3911 124
3911 125
3912 96
3912 97
3912 98
3912 99
3912 100
3912 101
3912 102
3912 103
3912 104
3912 105
3912 106
3912 107
3912 108
3912 109
3912 110
3912 111
3913 79
3913 80
3913 81
3913 82
3913 83
3913 84
3913 85
3913 86
3913 87
3913 88
3913 89
3913 90
3913 91
3913 92
3918 101
3918 102
3918 103
3918 104
3918 105
3918 106
3918 107
3918 108
3918 109
3918 110
3918 111
3918 112
3918 113
3918 114
3918 115
3918 116
3919 83
3919 84
3919 85
3919 86
3919 87
3919 88
3919 89
3919 90
3919 91
3919 92
3919 93
3919 94
3919 95
3919 96
3919 97
3919 98
3924 107
3924 108
3924 109
3924 110
3924 111
3924 112
3924 113
3924 114
3924 115
3924 116
3924 117
3924 118
3924 119
3924 120
3924 121
3925 87
3925 88
3925 89
3925 90
3925 91
3925 92
3925 93
3925 94
3925 95
3925 96
3925 97
3925 98
3925 99
3925 100
3925 101
3925 102
3925 103
3925 104
3926 72
3926 73
3926 74
3926 75
3926 76
3926 77
3926 78
3926 79
3926 80
3926 81
3926 82
3930 112
3930 113
3930 114
3930 115
3930 116
3930 117
3930 118
3930 119
3930 120
3930 121
3930 122
3930 123
3930 124
3930 125
3931 92
3931 93
3931 94
3931 95
3931 96
3931 97
3931 98
3931 99
3931 100
3931 101
3931 102
3931 103
3931 104
3931 105
3931 106
3931 107
3931 108
3931 109
3932 75
3932 76
3932 77
3932 78
3932 79
3932 80
3932 81
3932 82
3932 83
3932 84
3932 85
3932 86
3932 87
3932 88
3932 89
3936 119
3936 120
3936 121
3936 122
3936 123
3936 124
3936 125
3936 126
3936 127
3936 128
3936 129
3937 97
3937 98
3937 99
3937 100
3937 101
3937 102
3937 103
3937 104
3937 105
3937 106
3937 107
3937 108
3937 109
3937 110
3937 111
3937 112
3937 113
3937 114
3938 79
3938 80
3938 81
3938 82
3938 83
3938 84
3938 85
3938 86
3938 87
3938 88
3938 89
3938 90
3938 91
3938 92
3938 93
3938 94
3938 95
3942 126
3942 127
3942 128
3942 129
3942 130
3942 131
3943 102
3943 103
3943 104
3943 105
3943 106
3943 107
3943 108
3943 109
3943 110
3943 111
3943 112
3943 113
3943 114
3943 115
3943 116
3943 117
3943 118
3943 119
3944 83
3944 84
3944 85
3944 86
3944 87
3944 88
3944 89
3944 90
3944 91
3944 92
3944 93
3944 94
3944 95
3944 96
3944 97
3944 98
3944 99
3944 100
3944 101
3945 69
3945 70
3945 71
3945 72
3945 73
3945 74
3945 75
3945 76
3945 77
3945 78
3949 107
3949 108
3949 109
3949 110
3949 111
3949 112
3949 113
3949 114
3949 115
3949 116
3949 117
3949 118
3949 119
3949 120
3949 121
3949 122
3949 123
3950 88
3950 89
3950 90
3950 91
3950 92
3950 93
3950 94
3950 95
3950 96
3950 97
3950 98
3950 99
3950 100
3950 101
3950 102
3950 103
3950 104
3950 105
3950 106
3951 72
3951 73
3951 74
3951 75
3951 76
3951 77
3951 78
3951 79
3951 80
3951 81
3951 82
3951 83
3951 84
3951 85
3955 113
3955 114
3955 115
3955 116
3955 117
3955 118
3955 119
3955 120
3955 121
3955 122
3955 123
3955 124
3955 125
3955 126
3955 127
3955 128
3956 92
3956 93
3956 94
3956 95
3956 96
3956 97
3956 98
3956 99
3956 100
3956 101
3956 102
3956 103
3956 104
3956 105
3956 106
3956 107
3956 108
3956 109
3956 110
3956 111
3957 75
3957 76
3957 77
3957 78
3957 79
3957 80
3957 81
3957 82
3957 83
3957 84
3957 85
3957 86
3957 87
3957 88
3957 89
3957 90
3957 91
3961 119
3961 120
3961 121
3961 122
3961 123
3961 124
3961 125
3961 126
3961 127
3961 128
3961 129
3961 130
3961 131
3962 97
3962 98
3962 99
3962 100
3962 101
3962 102
3962 103
3962 104
3962 105
3962 106
3962 107
3962 108
3962 109
3962 110
3962 111
3962 112
3962 113
3962 114
3962 115
3962 116
3963 79
3963 80
3963 81
3963 82
3963 83
3963 84
3963 85
3963 86
3963 87
3963 88
3963 89
3963 90
3963 91
3963 92
3963 93
3963 94
3963 95
3963 96
3963 97
3964 68
3964 69
3964 70
3964 71
3964 72
3967 125
3967 126
3967 127
3967 128
3967 129
3967 130
3967 131
3967 132
3967 133
3967 134
3968 102
3968 103
3968 104
3968 105
3968 106
3968 107
3968 108
3968 109
3968 110
3968 111
3968 112
3968 113
3968 114
3968 115
3968 116
3968 117
3968 118
3968 119
3968 120
3968 121
3969 83
3969 84
3969 85
3969 86
3969 87
3969 88
3969 89
3969 90
3969 91
3969 92
3969 93
3969 94
3969 95
3969 96
3969 97
3969 98
3969 99
3969 100
3969 101
3969 102
3969 103
3970 69
3970 70
3970 71
3970 72
3970 73
3970 74
3970 75
3970 76
3970 77
3970 78
3970 79
3970 80
3970 81
3974 108
3974 109
3974 110
3974 111
3974 112
3974 113
3974 114
3974 115
3974 116
3974 117
3974 118
3974 119
3974 120
3974 121
3974 122
3974 123
3974 124
3974 125
3974 126
3975 88
3975 89
3975 90
3975 91
3975 92
3975 93
3975 94
3975 95
3975 96
3975 97
3975 98
3975 99
3975 100
3975 101
3975 102
3975 103
3975 104
3975 105
3975 106
3975 107
3975 108
3976 72
3976 73
3976 74
3976 75
3976 76
3976 77
3976 78
3976 79
3976 80
3976 81
3976 82
3976 83
3976 84
3976 85
3976 86
3976 87
3976 88
3980 113
3980 114
3980 115
3980 116
3980 117
3980 118
3980 119
3980 120
3980 121
3980 122
3980 123
3980 124
3980 125
3980 126
3980 127
3980 128
3980 129
3980 130
3981 93
3981 94
3981 95
3981 96
3981 97
3981 98
3981 99
3981 100
3981 101
3981 102
3981 103
3981 104
3981 105
3981 106
3981 107
3981 108
3981 109
3981 110
3981 111
3981 112
3981 113
3981 114
3982 76
3982 77
3982 78
3982 79
3982 80
3982 81
3982 82
3982 83
3982 84
3982 85
3982 86
3982 87
3982 88
3982 89
3982 90
3982 91
3982 92
3982 93
3982 94
3986 119
3986 120
3986 121
3986 122
3986 123
3986 124
3986 125
3986 126
3986 127
3986 128
3986 129
3986 130
3986 131
3986 132
3986 133
3986 134
3987 98
3987 99
3987 100
3987 101
3987 102
3987 103
3987 104
3987 105
3987 106
3987 107
3987 108
3987 109
3987 110
3987 111
3987 112
3987 113
3987 114
3987 115
3987 116
3987 117
3987 118
3987 119
3988 80
3988 81
3988 82
3988 83
3988 84
3988 85
3988 86
3988 87
3988 88
3988 89
3988 90
3988 91
3988 92
3988 93
3988 94
3988 95
3988 96
3988 97
3988 98
3988 99
3988 100
3989 66
3989 67
3989 68
3989 69
3989 70
3989 71
3989 72
3989 73
3989 74
3989 75
3989 76
3992 125
3992 126
3992 127
3992 128
3992 129
3992 130
3992 131
3992 132
3992 133
3992 134
3992 135
3992 136
3992 137
3993 103
3993 104
3993 105
3993 106
3993 107
3993 108
3993 109
3993 110
3993 111
3993 112
3993 113
3993 114
3993 115
3993 116
3993 117
3993 118
3993 119
3993 120
3993 121
3993 122
3993 123
3994 84
3994 85
3994 86
3994 87
3994 88
3994 89
3994 90
3994 91
3994 92
3994 93
3994 94
3994 95
3994 96
3994 97
3994 98
3994 99
3994 100
3994 101
3994 102
3994 103
3994 104
3994 105
3995 69
3995 70
3995 71
3995 72
3995 73
3995 74
3995 75
3995 76
3995 77
3995 78
3995 79
3995 80
3995 81
3995 82
3995 83
3998 133
3998 134
3998 135
3998 136
3998 137
3998 138
3998 139
3999 108
3999 109
3999 110
3999 111
3999 112
3999 113
3999 114
3999 115
3999 116
3999 117
3999 118
3999 119
3999 120
3999 121
3999 122
3999 123
3999 124
3999 125
3999 126
3999 127
3999 128
4000 89
4000 90
4000 91
4000 92
4000 93
4000 94
4000 95
4000 96
4000 97
4000 98
4000 99
4000 100
4000 101
4000 102
4000 103
4000 104
4000 105
4000 106
4000 107
4000 108
4000 109
4000 110
4001 72
4001 73
4001 74
4001 75
4001 76
4001 77
4001 78
4001 79
4001 80
4001 81
4001 82
4001 83
4001 84
4001 85
4001 86
4001 87
4001 88
4001 89
4001 90
4005 114
4005 115
4005 116
4005 117
4005 118
4005 119
4005 120
4005 121
4005 122
4005 123
4005 124
4005 125
4005 126
4005 127
4005 128
4005 129
4005 130
4005 131
4005 132
4006 93
4006 94
4006 95
4006 96
4006 97
4006 98
4006 99
4006 100
4006 101
4006 102
4006 103
4006 104
4006 105
4006 106
4006 107
4006 108
4006 109
4006 110
4006 111
4006 112
4006 113
4006 114
4006 115
4006 116
4007 76
4007 77
4007 78
4007 79
4007 80
4007 81
4007 82
4007 83
4007 84
4007 85
4007 86
4007 87
4007 88
4007 89
4007 90
4007 91
4007 92
4007 93
4007 94
4007 95
4007 96
4008 65
4008 66
4008 67
4008 68
4008 69
4008 70
4011 119
4011 120
4011 121
4011 122
4011 123
4011 124
4011 125
4011 126
4011 127
4011 128
4011 129
4011 130
4011 131
4011 132
4011 133
4011 134
4011 135
4011 136
4012 98
4012 99
4012 100
4012 101
4012 102
4012 103
4012 104
4012 105
4012 106
4012 107
4012 108
4012 109
4012 110
4012 111
4012 112
4012 113
4012 114
4012 115
4012 116
4012 117
4012 118
4012 119
4012 120
4012 121
4013 80
4013 81
4013 82
4013 83
4013 84
4013 85
4013 86
4013 87
4013 88
4013 89
4013 90
4013 91
4013 92
4013 93
4013 94
4013 95
4013 96
4013 97
4013 98
4013 99
4013 100
4013 101
4013 102
4014 66
4014 67
4014 68
4014 69
4014 70
4014 71
4014 72
4014 73
4014 74
4014 75
4014 76
4014 77
4014 78
4014 79
4017 126
4017 127
4017 128
4017 129
4017 130
4017 131
4017 132
4017 133
4017 134
4017 135
4017 136
4017 137
4017 138
4017 139
4017 140
4018 104
4018 105
4018 106
4018 107
4018 108
4018 109
4018 110
4018 111
4018 112
4018 113
4018 114
4018 115
4018 116
4018 117
4018 118
4018 119
4018 120
4018 121
4018 122
4018 123
4018 124
4018 125
4019 85
4019 86
4019 87
4019 88
4019 89
4019 90
4019 91
4019 92
4019 93
4019 94
4019 95
4019 96
4019 97
4019 98
4019 99
4019 100
4019 101
4019 102
4019 103
4019 104
4019 105
4019 106
4019 107
4020 69
4020 70
4020 71
4020 72
4020 73
4020 74
4020 75
4020 76
4020 77
4020 78
4020 79
4020 80
4020 81
4020 82
4020 83
4020 84
4020 85
4023 133
4023 134
4023 135
4023 136
4023 137
4023 138
4023 139
4023 140
4023 141
4023 142
4024 109
4024 110
4024 111
4024 112
4024 113
4024 114
4024 115
4024 116
4024 117
4024 118
4024 119
4024 120
4024 121
4024 122
4024 123
4024 124
4024 125
4024 126
4024 127
4024 128
4024 129
4024 130
4025 89
4025 90
4025 91
4025 92
4025 93
4025 94
4025 95
4025 96
4025 97
4025 98
4025 99
4025 100
4025 101
4025 102
4025 103
4025 104
4025 105
4025 106
4025 107
4025 108
4025 109
4025 110
4025 111
4025 112
4026 73
4026 74
4026 75
4026 76
4026 77
4026 78
4026 79
4026 80
4026 81
4026 82
4026 83
4026 84
4026 85
4026 86
4026 87
4026 88
4026 89
4026 90
4026 91
4026 92
4030 114
4030 115
4030 116
4030 117
4030 118
4030 119
4030 120
4030 121
4030 122
4030 123
4030 124
4030 125
4030 126
4030 127
4030 128
4030 129
4030 130
4030 131
4030 132
4030 133
4030 134
4031 94
4031 95
4031 96
4031 97
4031 98
4031 99
4031 100
4031 101
4031 102
4031 103
4031 104
4031 105
4031 106
4031 107
4031 108
4031 109
4031 110
4031 111
4031 112
4031 113
4031 114
4031 115
4031 116
4031 117
4032 77
4032 78
4032 79
4032 80
4032 81
4032 82
4032 83
4032 84
4032 85
4032 86
4032 87
4032 88
4032 89
4032 90
4032 91
4032 92
4032 93
4032 94
4032 95
4032 96
4032 97
4032 98
4033 64
4033 65
4033 66
4033 67
4033 68
4033 69
4033 70
4033 71
4033 72
4033 73
4036 120
4036 121
4036 122
4036 123
4036 124
4036 125
4036 126
4036 127
4036 128
4036 129
4036 130
4036 131
4036 132
4036 133
4036 134
4036 135
4036 136
4036 137
4036 138
4037 99
4037 100
4037 101
4037 102
4037 103
4037 104
4037 105
4037 106
4037 107
4037 108
4037 109
4037 110
4037 111
4037 112
4037 113
4037 114
4037 115
4037 116
4037 117
4037 118
4037 119
4037 120
4037 121
4037 122
4038 81
4038 82
4038 83
4038 84
4038 85
4038 86
4038 87
4038 88
4038 89
4038 90
4038 91
4038 92
4038 93
4038 94
4038 95
4038 96
4038 97
4038 98
4038 99
4038 100
4038 101
4038 102
4038 103
4039 66
4039 67
4039 68
4039 69
4039 70
4039 71
4039 72
4039 73
4039 74
4039 75
4039 76
4039 77
4039 78
4039 79
4039 80
4039 81
4042 126
4042 127
4042 128
4042 129
4042 130
4042 131
4042 132
4042 133
4042 134
4042 135
4042 136
4042 137
4042 138
4042 139
4042 140
4042 141
4042 142
4043 104
4043 105
4043 106
4043 107
4043 108
4043 109
4043 110
4043 111
4043 112
4043 113
4043 114
4043 115
4043 116
4043 117
4043 118
4043 119
4043 120
4043 121
4043 122
4043 123
4043 124
4043 125
4043 126
4043 127
4044 85
4044 86
4044 87
4044 88
4044 89
4044 90
4044 91
4044 92
4044 93
4044 94
4044 95
4044 96
4044 97
4044 98
4044 99
4044 100
4044 101
4044 102
4044 103
4044 104
4044 105
4044 106
4044 107
4044 108
4044 109
4045 69
4045 70
4045 71
4045 72
4045 73
4045 74
4045 75
4045 76
4045 77
4045 78
4045 79
4045 80
4045 81
4045 82
4045 83
4045 84
4045 85
4045 86
4045 87
4045 88
4048 133
4048 134
4048 135
4048 136
4048 137
4048 138
4048 139
4048 140
4048 141
4048 142
4048 143
4048 144
4049 110
4049 111
4049 112
4049 113
4049 114
4049 115
4049 116
4049 117
4049 118
4049 119
4049 120
4049 121
4049 122
4049 123
4049 124
4049 125
4049 126
4049 127
4049 128
4049 129
4049 130
4049 131
4049 132
4050 90
4050 91
4050 92
4050 93
4050 94
4050 95
4050 96
4050 97
4050 98
4050 99
4050 100
4050 101
4050 102
4050 103
4050 104
4050 105
4050 106
4050 107
4050 108
4050 109
4050 110
4050 111
4050 112
4050 113
4050 114
4051 73
4051 74
4051 75
4051 76
4051 77
4051 78
4051 79
4051 80
4051 81
4051 82
4051 83
4051 84
4051 85
4051 86
4051 87
4051 88
4051 89
4051 90
4051 91
4051 92
4051 93
4051 94
4054 141
4054 142
4054 143
4054 144
4054 145
4055 115
4055 116
4055 117
4055 118
4055 119
4055 120
4055 121
4055 122
4055 123
4055 124
4055 125
4055 126
4055 127
4055 128
4055 129
4055 130
4055 131
4055 132
4055 133
4055 134
4055 135
4055 136
4056 95
4056 96
4056 97
4056 98
4056 99
4056 100
4056 101
4056 102
4056 103
4056 104
4056 105
4056 106
4056 107
4056 108
4056 109
4056 110
4056 111
4056 112
4056 113
4056 114
4056 115
4056 116
4056 117
4056 118
4056 119
4057 77
4057 78
4057 79
4057 80
4057 81
4057 82
4057 83
4057 84
4057 85
4057 86
4057 87
4057 88
4057 89
4057 90
4057 91
4057 92
4057 93
4057 94
4057 95
4057 96
4057 97
4057 98
4057 99
4057 100
4058 64
4058 65
4058 66
4058 67
4058 68
4058 69
4058 70
4058 71
4058 72
4058 73
4058 74
4058 75
4061 121
4061 122
4061 123
4061 124
4061 125
4061 126
4061 127
4061 128
4061 129
4061 130
4061 131
4061 132
4061 133
4061 134
4061 135
4061 136
4061 137
4061 138
4061 139
4061 140
4062 100
4062 101
4062 102
4062 103
4062 104
4062 105
4062 106
4062 107
4062 108
4062 109
4062 110
4062 111
4062 112
4062 113
4062 114
4062 115
4062 116
4062 117
4062 118
4062 119
4062 120
4062 121
4062 122
4062 123
4062 124
4063 82
4063 83
4063 84
4063 85
4063 86
4063 87
4063 88
4063 89
4063 90
4063 91
4063 92
4063 93
4063 94
4063 95
4063 96
4063 97
4063 98
4063 99
4063 100
4063 101
4063 102
4063 103
4063 104
4063 105
4064 67
4064 68
4064 69
4064 70
4064 71
4064 72
4064 73
4064 74
4064 75
4064 76
4064 77
4064 78
4064 79
4064 80
4064 81
4064 82
4064 83
4067 127
4067 128
4067 129
4067 130
4067 131
4067 132
4067 133
4067 134
4067 135
4067 136
4067 137
4067 138
4067 139
4067 140
4067 141
4067 142
4067 143
4068 105
4068 106
4068 107
4068 108
4068 109
4068 110
4068 111
4068 112
4068 113
4068 114
4068 115
4068 116
4068 117
4068 118
4068 119
4068 120
4068 121
4068 122
4068 123
4068 124
4068 125
4068 126
4068 127
4068 128
4068 129
4069 86
4069 87
4069 88
4069 89
4069 90
4069 91
4069 92
4069 93
4069 94
4069 95
4069 96
4069 97
4069 98
4069 99
4069 100
4069 101
4069 102
4069 103
4069 104
4069 105
4069 106
4069 107
4069 108
4069 109
4069 110
4069 111
4070 70
4070 71
4070 72
4070 73
4070 74
4070 75
4070 76
4070 77
4070 78
4070 79
4070 80
4070 81
4070 82
4070 83
4070 84
4070 85
4070 86
4070 87
4070 88
4070 89
4073 133
4073 134
4073 135
4073 136
4073 137
4073 138
4073 139
4073 140
4073 141
4073 142
4073 143
4073 144
4073 145
4073 146
4074 111
4074 112
4074 113
4074 114
4074 115
4074 116
4074 117
4074 118
4074 119
4074 120
4074 121
4074 122
4074 123
4074 124
4074 125
4074 126
4074 127
4074 128
4074 129
4074 130
4074 131
4074 132
4074 133
4075 91
4075 92
4075 93
4075 94
4075 95
4075 96
4075 97
4075 98
4075 99
4075 100
4075 101
4075 102
4075 103
4075 104
4075 105
4075 106
4075 107
4075 108
4075 109
4075 110
4075 111
4075 112
4075 113
4075 114
4075 115
4075 116
4076 74
4076 75
4076 76
4076 77
4076 78
4076 79
4076 80
4076 81
4076 82
4076 83
4076 84
4076 85
4076 86
4076 87
4076 88
4076 89
4076 90
4076 91
4076 92
4076 93
4076 94
4076 95
4076 96
4077 64
4077 65
4077 66
4077 67
4077 68
4079 141
4079 142
4079 143
4079 144
4079 145
4079 146
4079 147
4079 148
4080 116
4080 117
4080 118
4080 119
4080 120
4080 121
4080 122
4080 123
4080 124
4080 125
4080 126
4080 127
4080 128
4080 129
4080 130
4080 131
4080 132
4080 133
4080 134
4080 135
4080 136
4080 137
4080 138
4081 96
4081 97
4081 98
4081 99
4081 100
4081 101
4081 102
4081 103
4081 104
4081 105
4081 106
4081 107
4081 108
4081 109
4081 110
4081 111
4081 112
4081 113
4081 114
4081 115
4081 116
4081 117
4081 118
4081 119
4081 120
4081 121
4082 78
4082 79
4082 80
4082 81
4082 82
4082 83
4082 84
4082 85
4082 86
4082 87
4082 88
4082 89
4082 90
4082 91
4082 92
4082 93
4082 94
4082 95
4082 96
4082 97
4082 98
4082 99
4082 100
4082 101
4083 65
4083 66
4083 67
4083 68
4083 69
4083 70
4083 71
4083 72
4083 73
4083 74
4083 75
4083 76
4083 77
4083 78
4086 122
4086 123
4086 124
4086 125
4086 126
4086 127
4086 128
4086 129
4086 130
4086 131
4086 132
4086 133
4086 134
4086 135
4086 136
4086 137
4086 138
4086 139
4086 140
4086 141
4087 101
4087 102
4087 103
4087 104
4087 105
4087 106
4087 107
4087 108
4087 109
4087 110
4087 111
4087 112
4087 113
4087 114
4087 115
4087 116
4087 117
4087 118
4087 119
4087 120
4087 121
4087 122
4087 123
4087 124
4087 125
4087 126
4088 83
4088 84
4088 85
4088 86
4088 87
4088 88
4088 89
4088 90
4088 91
4088 92
4088 93
4088 94
4088 95
4088 96
4088 97
4088 98
4088 99
4088 100
4088 101
4088 102
4088 103
4088 104
4088 105
4088 106
4088 107
4089 67
4089 68
4089 69
4089 70
4089 71
4089 72
4089 73
4089 74
4089 75
4089 76
4089 77
4089 78
4089 79
4089 80
4089 81
4089 82
4089 83
4089 84
4089 85
4092 128
4092 129
4092 130
4092 131
4092 132
4092 133
4092 134
4092 135
4092 136
4092 137
4092 138
4092 139
4092 140
4092 141
4092 142
4092 143
4092 144
4092 145
4093 106
4093 107
4093 108
4093 109
4093 110
4093 111
4093 112
4093 113
4093 114
4093 115
4093 116
4093 117
4093 118
4093 119
4093 120
4093 121
4093 122
4093 123
4093 124
4093 125
4093 126
4093 127
4093 128
4093 129
4093 130
4094 87
4094 88
4094 89
4094 90
4094 91
4094 92
4094 93
4094 94
4094 95
4094 96
4094 97
4094 98
4094 99
4094 100
4094 101
4094 102
4094 103
4094 104
4094 105
4094 106
4094 107
4094 108
4094 109
4094 110
4094 111
4094 112
4095 71
4095 72
4095 73
4095 74
4095 75
4095 76
4095 77
4095 78
4095 79
4095 80
4095 81
4095 82
4095 83
4095 84
4095 85
4095 86
4095 87
4095 88
4095 89
4095 90
4095 91
4098 134
4098 135
4098 136
4098 137
4098 138
4098 139
4098 140
4098 141
4098 142
4098 143
4098 144
4098 145
4098 146
4098 147
4098 148
4099 112
4099 113
4099 114
4099 115
4099 116
4099 117
4099 118
4099 119
4099 120
4099 121
4099 122
4099 123
4099 124
4099 125
4099 126
4099 127
4099 128
4099 129
4099 130
4099 131
4099 132
4099 133
4099 134
4099 135
4100 92
4100 93
4100 94
4100 95
4100 96
4100 97
4100 98
4100 99
4100 100
4100 101
4100 102
4100 103
4100 104
4100 105
4100 106
4100 107
4100 108
4100 109
4100 110
4100 111
4100 112
4100 113
4100 114
4100 115
4100 116
4100 117
4101 75
4101 76
4101 77
4101 78
4101 79
4101 80
4101 81
4101 82
4101 83
4101 84
4101 85
4101 86
4101 87
4101 88
4101 89
4101 90
4101 91
4101 92
4101 93
4101 94
4101 95
4101 96
4101 97
4102 64
4102 65
4102 66
4102 67
4102 68
4102 69
4102 70
4102 71
4104 141
4104 142
4104 143
4104 144
4104 145
4104 146
4104 147
4104 148
4104 149
4104 150
4105 117
4105 118
4105 119
4105 120
4105 121
4105 122
4105 123
4105 124
4105 125
4105 126
4105 127
4105 128
4105 129
4105 130
4105 131
4105 132
4105 133
4105 134
4105 135
4105 136
4105 137
4105 138
4105 139
4106 97
4106 98
4106 99
4106 100
4106 101
4106 102
4106 103
4106 104
4106 105
4106 106
4106 107
4106 108
4106 109
4106 110
4106 111
4106 112
4106 113
4106 114
4106 115
4106 116
4106 117
4106 118
4106 119
4106 120
4106 121
4106 122
4107 79
4107 80
4107 81
4107 82
4107 83
4107 84
4107 85
4107 86
4107 87
4107 88
4107 89
4107 90
4107 91
4107 92
4107 93
4107 94
4107 95
4107 96
4107 97
4107 98
4107 99
4107 100
4107 101
4107 102
4107 103
4108 65
4108 66
4108 67
4108 68
4108 69
4108 70
4108 71
4108 72
4108 73
4108 74
4108 75
4108 76
4108 77
4108 78
4108 79
4111 123
4111 124
4111 125
4111 126
4111 127
4111 128
4111 129
4111 130
4111 131
4111 132
4111 133
4111 134
4111 135
4111 136
4111 137
4111 138
4111 139
4111 140
4111 141
4111 142
4111 143
4112 102
4112 103
4112 104
4112 105
4112 106
4112 107
4112 108
4112 109
4112 110
4112 111
4112 112
4112 113
4112 114
4112 115
4112 116
4112 117
4112 118
4112 119
4112 120
4112 121
4112 122
4112 123
4112 124
4112 125
4112 126
4112 127
4113 84
4113 85
4113 86
4113 87
4113 88
4113 89
4113 90
4113 91
4113 92
4113 93
4113 94
4113 95
4113 96
4113 97
4113 98
4113 99
4113 100
4113 101
4113 102
4113 103
4113 104
4113 105
4113 106
4113 107
4113 108
4114 68
4114 69
4114 70
4114 71
4114 72
4114 73
4114 74
4114 75
4114 76
4114 77
4114 78
4114 79
4114 80
4114 81
4114 82
4114 83
4114 84
4114 85
4114 86
4117 129
4117 130
4117 131
4117 132
4117 133
4117 134
4117 135
4117 136
4117 137
4117 138
4117 139
4117 140
4117 141
4117 142
4117 143
4117 144
4117 145
4117 146
4117 147
4118 107
4118 108
4118 109
4118 110
4118 111
4118 112
4118 113
4118 114
4118 115
4118 116
4118 117
4118 118
4118 119
4118 120
4118 121
4118 122
4118 123
4118 124
4118 125
4118 126
4118 127
4118 128
4118 129
4118 130
4118 131
4118 132
4119 88
4119 89
4119 90
4119 91
4119 92
4119 93
4119 94
4119 95
4119 96
4119 97
4119 98
4119 99
4119 100
4119 101
4119 102
4119 103
4119 104
4119 105
4119 106
4119 107
4119 108
4119 109
4119 110
4119 111
4119 112
4119 113
4119 114
4120 72
4120 73
4120 74
4120 75
4120 76
4120 77
4120 78
4120 79
4120 80
4120 81
4120 82
4120 83
4120 84
4120 85
4120 86
4120 87
4120 88
4120 89
4120 90
4120 91
4120 92
4120 93
4123 135
4123 136
4123 137
4123 138
4123 139
4123 140
4123 141
4123 142
4123 143
4123 144
4123 145
4123 146
4123 147
4123 148
4123 149
4123 150
4124 113
4124 114
4124 115
4124 116
4124 117
4124 118
4124 119
4124 120
4124 121
4124 122
4124 123
4124 124
4124 125
4124 126
4124 127
4124 128
4124 129
4124 130
4124 131
4124 132
4124 133
4124 134
4124 135
4124 136
4125 93
4125 94
4125 95
4125 96
4125 97
4125 98
4125 99
4125 100
4125 101
4125 102
4125 103
4125 104
4125 105
4125 106
4125 107
4125 108
4125 109
4125 110
4125 111
4125 112
4125 113
4125 114
4125 115
4125 116
4125 117
4125 118
4125 119
4126 76
4126 77
4126 78
4126 79
4126 80
4126 81
4126 82
4126 83
4126 84
4126 85
4126 86
4126 87
4126 88
4126 89
4126 90
4126 91
4126 92
4126 93
4126 94
4126 95
4126 96
4126 97
4126 98
4126 99
4127 64
4127 65
4127 66
4127 67
4127 68
4127 69
4127 70
4127 71
4127 72
4127 73
4129 142
4129 143
4129 144
4129 145
4129 146
4129 147
4129 148
4129 149
4129 150
4129 151
4129 152
4130 118
4130 119
4130 120
4130 121
4130 122
4130 123
4130 124
4130 125
4130 126
4130 127
4130 128
4130 129
4130 130
4130 131
4130 132
4130 133
4130 134
4130 135
4130 136
4130 137
4130 138
4130 139
4130 140
4131 98
4131 99
4131 100
4131 101
4131 102
4131 103
4131 104
4131 105
4131 106
4131 107
4131 108
4131 109
4131 110
4131 111
4131 112
4131 113
4131 114
4131 115
4131 116
4131 117
4131 118
4131 119
4131 120
4131 121
4131 122
4131 123
4131 124
4132 80
4132 81
4132 82
4132 83
4132 84
4132 85
4132 86
4132 87
4132 88
4132 89
4132 90
4132 91
4132 92
4132 93
4132 94
4132 95
4132 96
4132 97
4132 98
4132 99
4132 100
4132 101
4132 102
4132 103
4132 104
4133 66
4133 67
4133 68
4133 69
4133 70
4133 71
4133 72
4133 73
4133 74
4133 75
4133 76
4133 77
4133 78
4133 79
4133 80
4133 81
4136 124
4136 125
4136 126
4136 127
4136 128
4136 129
4136 130
4136 131
4136 132
4136 133
4136 134
4136 135
4136 136
4136 137
4136 138
4136 139
4136 140
4136 141
4136 142
4136 143
4136 144
4137 103
4137 104
4137 105
4137 106
4137 107
4137 108
4137 109
4137 110
4137 111
4137 112
4137 113
4137 114
4137 115
4137 116
4137 117
4137 118
4137 119
4137 120
4137 121
4137 122
4137 123
4137 124
4137 125
4137 126
4137 127
4137 128
4137 129
4138 85
4138 86
4138 87
4138 88
4138 89
4138 90
4138 91
4138 92
4138 93
4138 94
4138 95
4138 96
4138 97
4138 98
4138 99
4138 100
4138 101
4138 102
4138 103
4138 104
4138 105
4138 106
4138 107
4138 108
4138 109
4138 110
4139 69
4139 70
4139 71
4139 72
4139 73
4139 74
4139 75
4139 76
4139 77
4139 78
4139 79
4139 80
4139 81
4139 82
4139 83
4139 84
4139 85
4139 86
4139 87
4139 88
4142 130
4142 131
4142 132
4142 133
4142 134
4142 135
4142 136
4142 137
4142 138
4142 139
4142 140
4142 141
4142 142
4142 143
4142 144
4142 145
4142 146
4142 147
4142 148
4143 108
4143 109
4143 110
4143 111
4143 112
4143 113
4143 114
4143 115
4143 116
4143 117
4143 118
4143 119
4143 120
4143 121
4143 122
4143 123
4143 124
4143 125
4143 126
4143 127
4143 128
4143 129
4143 130
4143 131
4143 132
4143 133
4144 89
4144 90
4144 91
4144 92
4144 93
4144 94
4144 95
4144 96
4144 97
4144 98
4144 99
4144 100
4144 101
4144 102
4144 103
4144 104
4144 105
4144 106
4144 107
4144 108
4144 109
4144 110
4144 111
4144 112
4144 113
4144 114
4144 115
4145 73
4145 74
4145 75
4145 76
4145 77
4145 78
4145 79
4145 80
4145 81
4145 82
4145 83
4145 84
4145 85
4145 86
4145 87
4145 88
4145 89
4145 90
4145 91
4145 92
4145 93
4145 94
4148 136
4148 137
4148 138
4148 139
4148 140
4148 141
4148 142
4148 143
4148 144
4148 145
4148 146
4148 147
4148 148
4148 149
4148 150
4148 151
4149 114
4149 115
4149 116
4149 117
4149 118
4149 119
4149 120
4149 121
4149 122
4149 123
4149 124
4149 125
4149 126
4149 127
4149 128
4149 129
4149 130
4149 131
4149 132
4149 133
4149 134
4149 135
4149 136
4149 137
4149 138
4150 94
4150 95
4150 96
4150 97
4150 98
4150 99
4150 100
4150 101
4150 102
4150 103
4150 104
4150 105
4150 106
4150 107
4150 108
4150 109
4150 110
4150 111
4150 112
4150 113
4150 114
4150 115
4150 116
4150 117
4150 118
4150 119
4150 120
4151 77
4151 78
4151 79
4151 80
4151 81
4151 82
4151 83
4151 84
4151 85
4151 86
4151 87
4151 88
4151 89
4151 90
4151 91
4151 92
4151 93
4151 94
4151 95
4151 96
4151 97
4151 98
4151 99
4151 100
4152 65
4152 66
4152 67
4152 68
4152 69
4152 70
4152 71
4152 72
4152 73
4152 74
4152 75
4154 143
4154 144
4154 145
4154 146
4154 147
4154 148
4154 149
4154 150
4154 151
4154 152
4154 153
4155 119
4155 120
4155 121
4155 122
4155 123
4155 124
4155 125
4155 126
4155 127
4155 128
4155 129
4155 130
4155 131
4155 132
4155 133
4155 134
4155 135
4155 136
4155 137
4155 138
4155 139
4155 140
4155 141
4155 142
4156 99
4156 100
4156 101
4156 102
4156 103
4156 104
4156 105
4156 106
4156 107
4156 108
4156 109
4156 110
4156 111
4156 112
4156 113
4156 114
4156 115
4156 116
4156 117
4156 118
4156 119
4156 120
4156 121
4156 122
4156 123
4156 124
4156 125
4157 81
4157 82
4157 83
4157 84
4157 85
4157 86
4157 87
4157 88
4157 89
4157 90
4157 91
4157 92
4157 93
4157 94
4157 95
4157 96
4157 97
4157 98
4157 99
4157 100
4157 101
4157 102
4157 103
4157 104
4157 105
4157 106
4158 67
4158 68
4158 69
4158 70
4158 71
4158 72
4158 73
4158 74
4158 75
4158 76
4158 77
4158 78
4158 79
4158 80
4158 81
4158 82
4158 83
4161 125
4161 126
4161 127
4161 128
4161 129
4161 130
4161 131
4161 132
4161 133
4161 134
4161 135
4161 136
4161 137
4161 138
4161 139
4161 140
4161 141
4161 142
4161 143
4161 144
4161 145
4161 146
4162 104
4162 105
4162 106
4162 107
4162 108
4162 109
4162 110
4162 111
4162 112
4162 113
4162 114
4162 115
4162 116
4162 117
4162 118
4162 119
4162 120
4162 121
4162 122
4162 123
4162 124
4162 125
4162 126
4162 127
4162 128
4162 129
4162 130
4163 86
4163 87
4163 88
4163 89
4163 90
4163 91
4163 92
4163 93
4163 94
4163 95
4163 96
4163 97
4163 98
4163 99
4163 100
4163 101
4163 102
4163 103
4163 104
4163 105
4163 106
4163 107
4163 108
4163 109
4163 110
4163 111
4164 70
4164 71
4164 72
4164 73
4164 74
4164 75
4164 76
4164 77
4164 78
4164 79
4164 80
4164 81
4164 82
4164 83
4164 84
4164 85
4164 86
4164 87
4164 88
4164 89
4164 90
4167 130
4167 131
4167 132
4167 133
4167 134
4167 135
4167 136
4167 137
4167 138
4167 139
4167 140
4167 141
4167 142
4167 143
4167 144
4167 145
4167 146
4167 147
4167 148
4167 149
4168 109
4168 110
4168 111
4168 112
4168 113
4168 114
4168 115
4168 116
4168 117
4168 118
4168 119
4168 120
4168 121
4168 122
4168 123
4168 124
4168 125
4168 126
4168 127
4168 128
4168 129
4168 130
4168 131
4168 132
4168 133
4168 134
4168 135
4169 90
4169 91
4169 92
4169 93
4169 94
4169 95
4169 96
4169 97
4169 98
4169 99
4169 100
4169 101
4169 102
4169 103
4169 104
4169 105
4169 106
4169 107
4169 108
4169 109
4169 110
4169 111
4169 112
4169 113
4169 114
4169 115
4169 116
4169 117
4170 74
4170 75
4170 76
4170 77
4170 78
4170 79
4170 80
4170 81
4170 82
4170 83
4170 84
4170 85
4170 86
4170 87
4170 88
4170 89
4170 90
4170 91
4170 92
4170 93
4170 94
4170 95
4170 96
4173 137
4173 138
4173 139
4173 140
4173 141
4173 142
4173 143
4173 144
4173 145
4173 146
4173 147
4173 148
4173 149
4173 150
4173 151
4173 152
4174 115
4174 116
4174 117
4174 118
4174 119
4174 120
4174 121
4174 122
4174 123
4174 124
4174 125
4174 126
4174 127
4174 128
4174 129
4174 130
4174 131
4174 132
4174 133
4174 134
4174 135
4174 136
4174 137
4174 138
4174 139
4175 95
4175 96
4175 97
4175 98
4175 99
4175 100
4175 101
4175 102
4175 103
4175 104
4175 105
4175 106
4175 107
4175 108
4175 109
4175 110
4175 111
4175 112
4175 113
4175 114
4175 115
4175 116
4175 117
4175 118
4175 119
4175 120
4175 121
4175 122
4176 78
4176 79
4176 80
4176 81
4176 82
4176 83
4176 84
4176 85
4176 86
4176 87
4176 88
4176 89
4176 90
4176 91
4176 92
4176 93
4176 94
4176 95
4176 96
4176 97
4176 98
4176 99
4176 100
4176 101
4176 102
4177 66
4177 67
4177 68
4177 69
4177 70
4177 71
4177 72
4177 73
4177 74
4177 75
4177 76
4177 77
4179 143
4179 144
4179 145
4179 146
4179 147
4179 148
4179 149
4179 150
4179 151
4179 152
4179 153
4179 154
4179 155
4180 120
4180 121
4180 122
4180 123
4180 124
4180 125
4180 126
4180 127
4180 128
4180 129
4180 130
4180 131
4180 132
4180 133
4180 134
4180 135
4180 136
4180 137
4180 138
4180 139
4180 140
4180 141
4180 142
4180 143
4181 100
4181 101
4181 102
4181 103
4181 104
4181 105
4181 106
4181 107
4181 108
4181 109
4181 110
4181 111
4181 112
4181 113
4181 114
4181 115
4181 116
4181 117
4181 118
4181 119
4181 120
4181 121
4181 122
4181 123
4181 124
4181 125
4181 126
4181 127
4182 82
4182 83
4182 84
4182 85
4182 86
4182 87
4182 88
4182 89
4182 90
4182 91
4182 92
4182 93
4182 94
4182 95
4182 96
4182 97
4182 98
4182 99
4182 100
4182 101
4182 102
4182 103
4182 104
4182 105
4182 106
4182 107
4183 68
4183 69
4183 70
4183 71
4183 72
4183 73
4183 74
4183 75
4183 76
4183 77
4183 78
4183 79
4183 80
4183 81
4183 82
4183 83
4183 84
4183 85
4185 153
4185 154
4186 126
4186 127
4186 128
4186 129
4186 130
4186 131
4186 132
4186 133
4186 134
4186 135
4186 136
4186 137
4186 138
4186 139
4186 140
4186 141
4186 142
4186 143
4186 144
4186 145
4186 146
4186 147
4187 105
4187 106
4187 107
4187 108
4187 109
4187 110
4187 111
4187 112
4187 113
4187 114
4187 115
4187 116
4187 117
4187 118
4187 119
4187 120
4187 121
4187 122
4187 123
4187 124
4187 125
4187 126
4187 127
4187 128
4187 129
4187 130
4187 131
4188 87
4188 88
4188 89
4188 90
4188 91
4188 92
4188 93
4188 94
4188 95
4188 96
4188 97
4188 98
4188 99
4188 100
4188 101
4188 102
4188 103
4188 104
4188 105
4188 106
4188 107
4188 108
4188 109
4188 110
4188 111
4188 112
4188 113
4189 71
4189 72
4189 73
4189 74
4189 75
4189 76
4189 77
4189 78
4189 79
4189 80
4189 81
4189 82
4189 83
4189 84
4189 85
4189 86
4189 87
4189 88
4189 89
4189 90
4189 91
4192 132
4192 133
4192 134
4192 135
4192 136
4192 137
4192 138
4192 139
4192 140
4192 141
4192 142
4192 143
4192 144
4192 145
4192 146
4192 147
4192 148
4192 149
4192 150
4192 151
4193 111
4193 112
4193 113
4193 114
4193 115
4193 116
4193 117
4193 118
4193 119
4193 120
4193 121
4193 122
4193 123
4193 124
4193 125
4193 126
4193 127
4193 128
4193 129
4193 130
4193 131
4193 132
4193 133
4193 134
4193 135
4193 136
4194 92
4194 93
4194 94
4194 95
4194 96
4194 97
4194 98
4194 99
4194 100
4194 101
4194 102
4194 103
4194 104
4194 105
4194 106
4194 107
4194 108
4194 109
4194 110
4194 111
4194 112
4194 113
4194 114
4194 115
4194 116
4194 117
4194 118
4195 75
4195 76
4195 77
4195 78
4195 79
4195 80
4195 81
4195 82
4195 83
4195 84
4195 85
4195 86
4195 87
4195 88
4195 89
4195 90
4195 91
4195 92
4195 93
4195 94
4195 95
4195 96
4195 97
4198 138
4198 139
4198 140
4198 141
4198 142
4198 143
4198 144
4198 145
4198 146
4198 147
4198 148
4198 149
4198 150
4198 151
4198 152
4198 153
4198 154
4199 116
4199 117
4199 118
4199 119
4199 120
4199 121
4199 122
4199 123
4199 124
4199 125
4199 126
4199 127
4199 128
4199 129
4199 130
4199 131
4199 132
4199 133
4199 134
4199 135
4199 136
4199 137
4199 138
4199 139
4199 140
4200 96
4200 97
4200 98
4200 99
4200 100
4200 101
4200 102
4200 103
4200 104
4200 105
4200 106
4200 107
4200 108
4200 109
4200 110
4200 111
4200 112
4200 113
4200 114
4200 115
4200 116
4200 117
4200 118
4200 119
4200 120
4200 121
4200 122
4200 123
4201 79
4201 80
4201 81
4201 82
4201 83
4201 84
4201 85
4201 86
4201 87
4201 88
4201 89
4201 90
4201 91
4201 92
4201 93
4201 94
4201 95
4201 96
4201 97
4201 98
4201 99
4201 100
4201 101
4201 102
4201 103
4202 67
4202 68
4202 69
4202 70
4202 71
4202 72
4202 73
4202 74
4202 75
4202 76
4202 77
4202 78
4204 144
4204 145
4204 146
4204 147
4204 148
4204 149
4204 150
4204 151
4204 152
4204 153
4204 154
4204 155
4204 156
4205 121
4205 122
4205 123
4205 124
4205 125
4205 126
4205 127
4205 128
4205 129
4205 130
4205 131
4205 132
4205 133
4205 134
4205 135
4205 136
4205 137
4205 138
4205 139
4205 140
4205 141
4205 142
4205 143
4205 144
4206 101
4206 102
4206 103
4206 104
4206 105
4206 106
4206 107
4206 108
4206 109
4206 110
4206 111
4206 112
4206 113
4206 114
4206 115
4206 116
4206 117
4206 118
4206 119
4206 120
4206 121
4206 122
4206 123
4206 124
4206 125
4206 126
4206 127
4206 128
4207 84
4207 85
4207 86
4207 87
4207 88
4207 89
4207 90
4207 91
4207 92
4207 93
4207 94
4207 95
4207 96
4207 97
4207 98
4207 99
4207 100
4207 101
4207 102
4207 103
4207 104
4207 105
4207 106
4207 107
4207 108
4207 109
4208 69
4208 70
4208 71
4208 72
4208 73
4208 74
4208 75
4208 76
4208 77
4208 78
4208 79
4208 80
4208 81
4208 82
4208 83
4208 84
4208 85
4208 86
4210 153
4210 154
4210 155
4210 156
4211 127
4211 128
4211 129
4211 130
4211 131
4211 132
4211 133
4211 134
4211 135
4211 136
4211 137
4211 138
4211 139
4211 140
4211 141
4211 142
4211 143
4211 144
4211 145
4211 146
4211 147
4211 148
4212 107
4212 108
4212 109
4212 110
4212 111
4212 112
4212 113
4212 114
4212 115
4212 116
4212 117
4212 118
4212 119
4212 120
4212 121
4212 122
4212 123
4212 124
4212 125
4212 126
4212 127
4212 128
4212 129
4212 130
4212 131
4212 132
4213 88
4213 89
4213 90
4213 91
4213 92
4213 93
4213 94
4213 95
4213 96
4213 97
4213 98
4213 99
4213 100
4213 101
4213 102
4213 103
4213 104
4213 105
4213 106
4213 107
4213 108
4213 109
4213 110
4213 111
4213 112
4213 113
4213 114
4214 72
4214 73
4214 74
4214 75
4214 76
4214 77
4214 78
4214 79
4214 80
4214 81
4214 82
4214 83
4214 84
4214 85
4214 86
4214 87
4214 88
4214 89
4214 90
4214 91
4214 92
4214 93
4217 133
4217 134
4217 135
4217 136
4217 137
4217 138
4217 139
4217 140
4217 141
4217 142
4217 143
4217 144
4217 145
4217 146
4217 147
4217 148
4217 149
4217 150
4217 151
4217 152
4218 112
4218 113
4218 114
4218 115
4218 116
4218 117
4218 118
4218 119
4218 120
4218 121
4218 122
4218 123
4218 124
4218 125
4218 126
4218 127
4218 128
4218 129
4218 130
4218 131
4218 132
4218 133
4218 134
4218 135
4218 136
4218 137
4219 93
4219 94
4219 95
4219 96
4219 97
4219 98
4219 99
4219 100
4219 101
4219 102
4219 103
4219 104
4219 105
4219 106
4219 107
4219 108
4219 109
4219 110
4219 111
4219 112
4219 113
4219 114
4219 115
4219 116
4219 117
4219 118
4219 119
4220 76
4220 77
4220 78
4220 79
4220 80
4220 81
4220 82
4220 83
4220 84
4220 85
4220 86
4220 87
4220 88
4220 89
4220 90
4220 91
4220 92
4220 93
4220 94
4220 95
4220 96
4220 97
4220 98
4220 99
4223 139
4223 140
4223 141
4223 142
4223 143
4223 144
4223 145
4223 146
4223 147
4223 148
4223 149
4223 150
4223 151
4223 152
4223 153
4223 154
4223 155
4224 117
4224 118
4224 119
4224 120
4224 121
4224 122
4224 123
4224 124
4224 125
4224 126
4224 127
4224 128
4224 129
4224 130
4224 131
4224 132
4224 133
4224 134
4224 135
4224 136
4224 137
4224 138
4224 139
4224 140
4224 141
4225 98
4225 99
4225 100
4225 101
4225 102
4225 103
4225 104
4225 105
4225 106
4225 107
4225 108
4225 109
4225 110
4225 111
4225 112
4225 113
4225 114
4225 115
4225 116
4225 117
4225 118
4225 119
4225 120
4225 121
4225 122
4225 123
4225 124
4226 80
4226 81
4226 82
4226 83
4226 84
4226 85
4226 86
4226 87
4226 88
4226 89
4226 90
4226 91
4226 92
4226 93
4226 94
4226 95
4226 96
4226 97
4226 98
4226 99
4226 100
4226 101
4226 102
4226 103
4226 104
4226 105
4227 68
4227 69
4227 70
4227 71
4227 72
4227 73
4227 74
4227 75
4227 76
4227 77
4227 78
4227 79
4227 80
4229 145
4229 146
4229 147
4229 148
4229 149
4229 150
4229 151
4229 152
4229 153
4229 154
4229 155
4229 156
4229 157
4230 122
4230 123
4230 124
4230 125
4230 126
4230 127
4230 128
4230 129
4230 130
4230 131
4230 132
4230 133
4230 134
4230 135
4230 136
4230 137
4230 138
4230 139
4230 140
4230 141
4230 142
4230 143
4230 144
4230 145
4231 103
4231 104
4231 105
4231 106
4231 107
4231 108
4231 109
4231 110
4231 111
4231 112
4231 113
4231 114
4231 115
4231 116
4231 117
4231 118
4231 119
4231 120
4231 121
4231 122
4231 123
4231 124
4231 125
4231 126
4231 127
4231 128
4231 129
4232 85
4232 86
4232 87
4232 88
4232 89
4232 90
4232 91
4232 92
4232 93
4232 94
4232 95
4232 96
4232 97
4232 98
4232 99
4232 100
4232 101
4232 102
4232 103
4232 104
4232 105
4232 106
4232 107
4232 108
4232 109
4232 110
4233 70
4233 71
4233 72
4233 73
4233 74
4233 75
4233 76
4233 77
4233 78
4233 79
4233 80
4233 81
4233 82
4233 83
4233 84
4233 85
4233 86
4233 87
4235 154
4235 155
4235 156
4235 157
4236 128
4236 129
4236 130
4236 131
4236 132
4236 133
4236 134
4236 135
4236 136
4236 137
4236 138
4236 139
4236 140
4236 141
4236 142
4236 143
4236 144
4236 145
4236 146
4236 147
4236 148
4236 149
4237 108
4237 109
4237 110
4237 111
4237 112
4237 113
4237 114
4237 115
4237 116
4237 117
4237 118
4237 119
4237 120
4237 121
4237 122
4237 123
4237 124
4237 125
4237 126
4237 127
4237 128
4237 129
4237 130
4237 131
4237 132
4237 133
4237 134
4238 89
4238 90
4238 91
4238 92
4238 93
4238 94
4238 95
4238 96
4238 97
4238 98
4238 99
4238 100
4238 101
4238 102
4238 103
4238 104
4238 105
4238 106
4238 107
4238 108
4238 109
4238 110
4238 111
4238 112
4238 113
4238 114
4238 115
4239 74
4239 75
4239 76
4239 77
4239 78
4239 79
4239 80
4239 81
4239 82
4239 83
4239 84
4239 85
4239 86
4239 87
4239 88
4239 89
4239 90
4239 91
4239 92
4239 93
4239 94
4242 134
4242 135
4242 136
4242 137
4242 138
4242 139
4242 140
4242 141
4242 142
4242 143
4242 144
4242 145
4242 146
4242 147
4242 148
4242 149
4242 150
4242 151
4242 152
4242 153
4243 113
4243 114
4243 115
4243 116
4243 117
4243 118
4243 119
4243 120
4243 121
4243 122
4243 123
4243 124
4243 125
4243 126
4243 127
4243 128
4243 129
4243 130
4243 131
4243 132
4243 133
4243 134
4243 135
4243 136
4243 137
4243 138
4244 94
4244 95
4244 96
4244 97
4244 98
4244 99
4244 100
4244 101
4244 102
4244 103
4244 104
4244 105
4244 106
4244 107
4244 108
4244 109
4244 110
4244 111
4244 112
4244 113
4244 114
4244 115
4244 116
4244 117
4244 118
4244 119
4244 120
4245 78
4245 79
4245 80
4245 81
4245 82
4245 83
4245 84
4245 85
4245 86
4245 87
4245 88
4245 89
4245 90
4245 91
4245 92
4245 93
4245 94
4245 95
4245 96
4245 97
4245 98
4245 99
4245 100
4248 140
4248 141
4248 142
4248 143
4248 144
4248 145
4248 146
4248 147
4248 148
4248 149
4248 150
4248 151
4248 152
4248 153
4248 154
4248 155
4248 156
4249 118
4249 119
4249 120
4249 121
4249 122
4249 123
4249 124
4249 125
4249 126
4249 127
4249 128
4249 129
4249 130
4249 131
4249 132
4249 133
4249 134
4249 135
4249 136
4249 137
4249 138
4249 139
4249 140
4249 141
4249 142
4250 99
4250 100
4250 101
4250 102
4250 103
4250 104
4250 105
4250 106
4250 107
4250 108
4250 109
4250 110
4250 111
4250 112
4250 113
4250 114
4250 115
4250 116
4250 117
4250 118
4250 119
4250 120
4250 121
4250 122
4250 123
4250 124
4250 125
4251 82
4251 83
4251 84
4251 85
4251 86
4251 87
4251 88
4251 89
4251 90
4251 91
4251 92
4251 93
4251 94
4251 95
4251 96
4251 97
4251 98
4251 99
4251 100
4251 101
4251 102
4251 103
4251 104
4251 105
4251 106
4252 69
4252 70
4252 71
4252 72
4252 73
4252 74
4252 75
4252 76
4252 77
4252 78
4252 79
4252 80
4252 81
4254 146
4254 147
4254 148
4254 149
4254 150
4254 151
4254 152
4254 153
4254 154
4254 155
4254 156
4254 157
4254 158
4255 124
4255 125
4255 126
4255 127
4255 128
4255 129
4255 130
4255 131
4255 132
4255 133
4255 134
4255 135
4255 136
4255 137
4255 138
4255 139
4255 140
4255 141
4255 142
4255 143
4255 144
4255 145
4255 146
4256 104
4256 105
4256 106
4256 107
4256 108
4256 109
4256 110
4256 111
4256 112
4256 113
4256 114
4256 115
4256 116
4256 117
4256 118
4256 119
4256 120
4256 121
4256 122
4256 123
4256 124
4256 125
4256 126
4256 127
4256 128
4256 129
4256 130
4257 86
4257 87
4257 88
4257 89
4257 90
4257 91
4257 92
4257 93
4257 94
4257 95
4257 96
4257 97
4257 98
4257 99
4257 100
4257 101
4257 102
4257 103
4257 104
4257 105
4257 106
4257 107
4257 108
4257 109
4257 110
4257 111
4258 72
4258 73
4258 74
4258 75
4258 76
4258 77
4258 78
4258 79
4258 80
4258 81
4258 82
4258 83
4258 84
4258 85
4258 86
4258 87
4258 88
4258 89
4260 155
4260 156
4260 157
4260 158
4261 129
4261 130
4261 131
4261 132
4261 133
4261 134
4261 135
4261 136
4261 137
4261 138
4261 139
4261 140
4261 141
4261 142
4261 143
4261 144
4261 145
4261 146
4261 147
4261 148
4261 149
4261 150
4262 109
4262 110
4262 111
4262 112
4262 113
4262 114
4262 115
4262 116
4262 117
4262 118
4262 119
4262 120
4262 121
4262 122
4262 123
4262 124
4262 125
4262 126
4262 127
4262 128
4262 129
4262 130
4262 131
4262 132
4262 133
4262 134
4262 135
4263 91
4263 92
4263 93
4263 94
4263 95
4263 96
4263 97
4263 98
4263 99
4263 100
4263 101
4263 102
4263 103
4263 104
4263 105
4263 106
4263 107
4263 108
4263 109
4263 110
4263 111
4263 112
4263 113
4263 114
4263 115
4263 116
4263 117
4264 75
4264 76
4264 77
4264 78
4264 79
4264 80
4264 81
4264 82
4264 83
4264 84
4264 85
4264 86
4264 87
4264 88
4264 89
4264 90
4264 91
4264 92
4264 93
4264 94
4264 95
4267 135
4267 136
4267 137
4267 138
4267 139
4267 140
4267 141
4267 142
4267 143
4267 144
4267 145
4267 146
4267 147
4267 148
4267 149
4267 150
4267 151
4267 152
4267 153
4267 154
4268 114
4268 115
4268 116
4268 117
4268 118
4268 119
4268 120
4268 121
4268 122
4268 123
4268 124
4268 125
4268 126
4268 127
4268 128
4268 129
4268 130
4268 131
4268 132
4268 133
4268 134
4268 135
4268 136
4268 137
4268 138
4268 139
4269 95
4269 96
4269 97
4269 98
4269 99
4269 100
4269 101
4269 102
4269 103
4269 104
4269 105
4269 106
4269 107
4269 108
4269 109
4269 110
4269 111
4269 112
4269 113
4269 114
4269 115
4269 116
4269 117
4269 118
4269 119
4269 120
4269 121
4269 122
4270 79
4270 80
4270 81
4270 82
4270 83
4270 84
4270 85
4270 86
4270 87
4270 88
4270 89
4270 90
4270 91
4270 92
4270 93
4270 94
4270 95
4270 96
4270 97
4270 98
4270 99
4270 100
4270 101
4273 141
4273 142
4273 143
4273 144
4273 145
4273 146
4273 147
4273 148
4273 149
4273 150
4273 151
4273 152
4273 153
4273 154
4273 155
4273 156
4273 157
4274 119
4274 120
4274 121
4274 122
4274 123
4274 124
4274 125
4274 126
4274 127
4274 128
4274 129
4274 130
4274 131
4274 132
4274 133
4274 134
4274 135
4274 136
4274 137
4274 138
4274 139
4274 140
4274 141
4274 142
4274 143
4275 100
4275 101
4275 102
4275 103
4275 104
4275 105
4275 106
4275 107
4275 108
4275 109
4275 110
4275 111
4275 112
4275 113
4275 114
4275 115
4275 116
4275 117
4275 118
4275 119
4275 120
4275 121
4275 122
4275 123
4275 124
4275 125
4275 126
4276 83
4276 84
4276 85
4276 86
4276 87
4276 88
4276 89
4276 90
4276 91
4276 92
4276 93
4276 94
4276 95
4276 96
4276 97
4276 98
4276 99
4276 100
4276 101
4276 102
4276 103
4276 104
4276 105
4276 106
4276 107
4277 71
4277 72
4277 73
4277 74
4277 75
4277 76
4277 77
4277 78
4277 79
4277 80
4277 81
4277 82
4277 83
4279 147
4279 148
4279 149
4279 150
4279 151
4279 152
4279 153
4279 154
4279 155
4279 156
4279 157
4279 158
4279 159
4280 125
4280 126
4280 127
4280 128
4280 129
4280 130
4280 131
4280 132
4280 133
4280 134
4280 135
4280 136
4280 137
4280 138
4280 139
4280 140
4280 141
4280 142
4280 143
4280 144
4280 145
4280 146
4280 147
4281 105
4281 106
4281 107
4281 108
4281 109
4281 110
4281 111
4281 112
4281 113
4281 114
4281 115
4281 116
4281 117
4281 118
4281 119
4281 120
4281 121
4281 122
4281 123
4281 124
4281 125
4281 126
4281 127
4281 128
4281 129
4281 130
4281 131
4282 88
4282 89
4282 90
4282 91
4282 92
4282 93
4282 94
4282 95
4282 96
4282 97
4282 98
4282 99
4282 100
4282 101
4282 102
4282 103
4282 104
4282 105
4282 106
4282 107
4282 108
4282 109
4282 110
4282 111
4282 112
4283 73
4283 74
4283 75
4283 76
4283 77
4283 78
4283 79
4283 80
4283 81
4283 82
4283 83
4283 84
4283 85
4283 86
4283 87
4283 88
4283 89
4283 90
4285 156
4285 157
4285 158
4285 159
4286 130
4286 131
4286 132
4286 133
4286 134
4286 135
4286 136
4286 137
4286 138
4286 139
4286 140
4286 141
4286 142
4286 143
4286 144
4286 145
4286 146
4286 147
4286 148
4286 149
4286 150
4286 151
4287 110
4287 111
4287 112
4287 113
4287 114
4287 115
4287 116
4287 117
4287 118
4287 119
4287 120
4287 121
4287 122
4287 123
4287 124
4287 125
4287 126
4287 127
4287 128
4287 129
4287 130
4287 131
4287 132
4287 133
4287 134
4287 135
4287 136
4288 92
4288 93
4288 94
4288 95
4288 96
4288 97
4288 98
4288 99
4288 100
4288 101
4288 102
4288 103
4288 104
4288 105
4288 106
4288 107
4288 108
4288 109
4288 110
4288 111
4288 112
4288 113
4288 114
4288 115
4288 116
4288 117
4288 118
4289 77
4289 78
4289 79
4289 80
4289 81
4289 82
4289 83
4289 84
4289 85
4289 86
4289 87
4289 88
4289 89
4289 90
4289 91
4289 92
4289 93
4289 94
4289 95
4289 96
4289 97
4292 136
4292 137
4292 138
4292 139
4292 140
4292 141
4292 142
4292 143
4292 144
4292 145
4292 146
4292 147
4292 148
4292 149
4292 150
4292 151
4292 152
4292 153
4292 154
4293 115
4293 116
4293 117
4293 118
4293 119
4293 120
4293 121
4293 122
4293 123
4293 124
4293 125
4293 126
4293 127
4293 128
4293 129
4293 130
4293 131
4293 132
4293 133
4293 134
4293 135
4293 136
4293 137
4293 138
4293 139
4293 140
4294 97
4294 98
4294 99
4294 100
4294 101
4294 102
4294 103
4294 104
4294 105
4294 106
4294 107
4294 108
4294 109
4294 110
4294 111
4294 112
4294 113
4294 114
4294 115
4294 116
4294 117
4294 118
4294 119
4294 120
4294 121
4294 122
4294 123
4295 80
4295 81
4295 82
4295 83
4295 84
4295 85
4295 86
4295 87
4295 88
4295 89
4295 90
4295 91
4295 92
4295 93
4295 94
4295 95
4295 96
4295 97
4295 98
4295 99
4295 100
4295 101
4295 102
4295 103
4298 142
4298 143
4298 144
4298 145
4298 146
4298 147
4298 148
4298 149
4298 150
4298 151
4298 152
4298 153
4298 154
4298 155
4298 156
4298 157
4299 121
4299 122
4299 123
4299 124
4299 125
4299 126
4299 127
4299 128
4299 129
4299 130
4299 131
4299 132
4299 133
4299 134
4299 135
4299 136
4299 137
4299 138
4299 139
4299 140
4299 141
4299 142
4299 143
4299 144
4300 102
4300 103
4300 104
4300 105
4300 106
4300 107
4300 108
4300 109
4300 110
4300 111
4300 112
4300 113
4300 114
4300 115
4300 116
4300 117
4300 118
4300 119
4300 120
4300 121
4300 122
4300 123
4300 124
4300 125
4300 126
4300 127
4300 128
4301 85
4301 86
4301 87
4301 88
4301 89
4301 90
4301 91
4301 92
4301 93
4301 94
4301 95
4301 96
4301 97
4301 98
4301 99
4301 100
4301 101
4301 102
4301 103
4301 104
4301 105
4301 106
4301 107
4301 108
4302 72
4302 73
4302 74
4302 75
4302 76
4302 77
4302 78
4302 79
4302 80
4302 81
4302 82
4302 83
4302 84
4304 148
4304 149
4304 150
4304 151
4304 152
4304 153
4304 154
4304 155
4304 156
4304 157
4304 158
4304 159
4304 160
4305 126
4305 127
4305 128
4305 129
4305 130
4305 131
4305 132
4305 133
4305 134
4305 135
4305 136
4305 137
4305 138
4305 139
4305 140
4305 141
4305 142
4305 143
4305 144
4305 145
4305 146
4305 147
4305 148
4306 107
4306 108
4306 109
4306 110
4306 111
4306 112
4306 113
4306 114
4306 115
4306 116
4306 117
4306 118
4306 119
4306 120
4306 121
4306 122
4306 123
4306 124
4306 125
4306 126
4306 127
4306 128
4306 129
4306 130
4306 131
4306 132
4307 89
4307 90
4307 91
4307 92
4307 93
4307 94
4307 95
4307 96
4307 97
4307 98
4307 99
4307 100
4307 101
4307 102
4307 103
4307 104
4307 105
4307 106
4307 107
4307 108
4307 109
4307 110
4307 111
4307 112
4307 113
4307 114
4308 75
4308 76
4308 77
4308 78
4308 79
4308 80
4308 81
4308 82
4308 83
4308 84
4308 85
4308 86
4308 87
4308 88
4308 89
4308 90
4308 91
4310 157
4310 158
4310 159
4310 160
4311 132
4311 133
4311 134
4311 135
4311 136
4311 137
4311 138
4311 139
4311 140
4311 141
4311 142
4311 143
4311 144
4311 145
4311 146
4311 147
4311 148
4311 149
4311 150
4311 151
4311 152
4312 112
4312 113
4312 114
4312 115
4312 116
4312 117
4312 118
4312 119
4312 120
4312 121
4312 122
4312 123
4312 124
4312 125
4312 126
4312 127
4312 128
4312 129
4312 130
4312 131
4312 132
4312 133
4312 134
4312 135
4312 136
4312 137
4313 94
4313 95
4313 96
4313 97
4313 98
4313 99
4313 100
4313 101
4313 102
4313 103
4313 104
4313 105
4313 106
4313 107
4313 108
4313 109
4313 110
4313 111
4313 112
4313 113
4313 114
4313 115
4313 116
4313 117
4313 118
4313 119
4314 78
4314 79
4314 80
4314 81
4314 82
4314 83
4314 84
4314 85
4314 86
4314 87
4314 88
4314 89
4314 90
4314 91
4314 92
4314 93
4314 94
4314 95
4314 96
4314 97
4314 98
4317 137
4317 138
4317 139
4317 140
4317 141
4317 142
4317 143
4317 144
4317 145
4317 146
4317 147
4317 148
4317 149
4317 150
4317 151
4317 152
4317 153
4317 154
4317 155
4318 117
4318 118
4318 119
4318 120
4318 121
4318 122
4318 123
4318 124
4318 125
4318 126
4318 127
4318 128
4318 129
4318 130
4318 131
4318 132
4318 133
4318 134
4318 135
4318 136
4318 137
4318 138
4318 139
4318 140
4318 141
4319 98
4319 99
4319 100
4319 101
4319 102
4319 103
4319 104
4319 105
4319 106
4319 107
4319 108
4319 109
4319 110
4319 111
4319 112
4319 113
4319 114
4319 115
4319 116
4319 117
4319 118
4319 119
4319 120
4319 121
4319 122
4319 123
4319 124
4320 82
4320 83
4320 84
4320 85
4320 86
4320 87
4320 88
4320 89
4320 90
4320 91
4320 92
4320 93
4320 94
4320 95
4320 96
4320 97
4320 98
4320 99
4320 100
4320 101
4320 102
4320 103
4320 104
4323 143
4323 144
4323 145
4323 146
4323 147
4323 148
4323 149
4323 150
4323 151
4323 152
4323 153
4323 154
4323 155
4323 156
4323 157
4323 158
4324 122
4324 123
4324 124
4324 125
4324 126
4324 127
4324 128
4324 129
4324 130
4324 131
4324 132
4324 133
4324 134
4324 135
4324 136
4324 137
4324 138
4324 139
4324 140
4324 141
4324 142
4324 143
4324 144
4324 145
4325 103
4325 104
4325 105
4325 106
4325 107
4325 108
4325 109
4325 110
4325 111
4325 112
4325 113
4325 114
4325 115
4325 116
4325 117
4325 118
4325 119
4325 120
4325 121
4325 122
4325 123
4325 124
4325 125
4325 126
4325 127
4325 128
4325 129
4326 86
4326 87
4326 88
4326 89
4326 90
4326 91
4326 92
4326 93
4326 94
4326 95
4326 96
4326 97
4326 98
4326 99
4326 100
4326 101
4326 102
4326 103
4326 104
4326 105
4326 106
4326 107
4326 108
4326 109
4327 74
4327 75
4327 76
4327 77
4327 78
4327 79
4327 80
4327 81
4327 82
4327 83
4327 84
4327 85
4329 150
4329 151
4329 152
4329 153
4329 154
4329 155
4329 156
4329 157
4329 158
4329 159
4329 160
4330 127
4330 128
4330 129
4330 130
4330 131
4330 132
4330 133
4330 134
4330 135
4330 136
4330 137
4330 138
4330 139
4330 140
4330 141
4330 142
4330 143
4330 144
4330 145
4330 146
4330 147
4330 148
4330 149
4331 108
4331 109
4331 110
4331 111
4331 112
4331 113
4331 114
4331 115
4331 116
4331 117
4331 118
4331 119
4331 120
4331 121
4331 122
4331 123
4331 124
4331 125
4331 126
4331 127
4331 128
4331 129
4331 130
4331 131
4331 132
4331 133
4332 90
4332 91
4332 92
4332 93
4332 94
4332 95
4332 96
4332 97
4332 98
4332 99
4332 100
4332 101
4332 102
4332 103
4332 104
4332 105
4332 106
4332 107
4332 108
4332 109
4332 110
4332 111
4332 112
4332 113
4332 114
4332 115
4333 76
4333 77
4333 78
4333 79
4333 80
4333 81
4333 82
4333 83
4333 84
4333 85
4333 86
4333 87
4333 88
4333 89
4333 90
4333 91
4333 92
4333 93
4335 159
4335 160
4336 133
4336 134
4336 135
4336 136
4336 137
4336 138
4336 139
4336 140
4336 141
4336 142
4336 143
4336 144
4336 145
4336 146
4336 147
4336 148
4336 149
4336 150
4336 151
4336 152
4336 153
4337 113
4337 114
4337 115
4337 116
4337 117
4337 118
4337 119
4337 120
4337 121
4337 122
4337 123
4337 124
4337 125
4337 126
4337 127
4337 128
4337 129
4337 130
4337 131
4337 132
4337 133
4337 134
4337 135
4337 136
4337 137
4337 138
4338 95
4338 96
4338 97
4338 98
4338 99
4338 100
4338 101
4338 102
4338 103
4338 104
4338 105
4338 106
4338 107
4338 108
4338 109
4338 110
4338 111
4338 112
4338 113
4338 114
4338 115
4338 116
4338 117
4338 118
4338 119
4338 120
4339 80
4339 81
4339 82
4339 83
4339 84
4339 85
4339 86
4339 87
4339 88
4339 89
4339 90
4339 91
4339 92
4339 93
4339 94
4339 95
4339 96
4339 97
4339 98
4339 99
4342 138
4342 139
4342 140
4342 141
4342 142
4342 143
4342 144
4342 145
4342 146
4342 147
4342 148
4342 149
4342 150
4342 151
4342 152
4342 153
4342 154
4342 155
4342 156
4343 118
4343 119
4343 120
4343 121
4343 122
4343 123
4343 124
4343 125
4343 126
4343 127
4343 128
4343 129
4343 130
4343 131
4343 132
4343 133
4343 134
4343 135
4343 136
4343 137
4343 138
4343 139
4343 140
4343 141
4343 142
4344 100
4344 101
4344 102
4344 103
4344 104
4344 105
4344 106
4344 107
4344 108
4344 109
4344 110
4344 111
4344 112
4344 113
4344 114
4344 115
4344 116
4344 117
4344 118
4344 119
4344 120
4344 121
4344 122
4344 123
4344 124
4344 125
4345 84
4345 85
4345 86
4345 87
4345 88
4345 89
4345 90
4345 91
4345 92
4345 93
4345 94
4345 95
4345 96
4345 97
4345 98
4345 99
4345 100
4345 101
4345 102
4345 103
4345 104
4345 105
4348 144
4348 145
4348 146
4348 147
4348 148
4348 149
4348 150
4348 151
4348 152
4348 153
4348 154
4348 155
4348 156
4348 157
4348 158
4348 159
4349 123
4349 124
4349 125
4349 126
4349 127
4349 128
4349 129
4349 130
4349 131
4349 132
4349 133
4349 134
4349 135
4349 136
4349 137
4349 138
4349 139
4349 140
4349 141
4349 142
4349 143
4349 144
4349 145
4349 146
4350 104
4350 105
4350 106
4350 107
4350 108
4350 109
4350 110
4350 111
4350 112
4350 113
4350 114
4350 115
4350 116
4350 117
4350 118
4350 119
4350 120
4350 121
4350 122
4350 123
4350 124
4350 125
4350 126
4350 127
4350 128
4350 129
4351 88
4351 89
4351 90
4351 91
4351 92
4351 93
4351 94
4351 95
4351 96
4351 97
4351 98
4351 99
4351 100
4351 101
4351 102
4351 103
4351 104
4351 105
4351 106
4351 107
4351 108
4351 109
4351 110
4352 76
4352 77
4352 78
4352 79
4352 80
4352 81
4352 82
4352 83
4352 84
4352 85
4352 86
4354 151
4354 152
4354 153
4354 154
4354 155
4354 156
4354 157
4354 158
4354 159
4354 160
4354 161
4355 129
4355 130
4355 131
4355 132
4355 133
4355 134
4355 135
4355 136
4355 137
4355 138
4355 139
4355 140
4355 141
4355 142
4355 143
4355 144
4355 145
4355 146
4355 147
4355 148
4355 149
4355 150
4356 109
4356 110
4356 111
4356 112
4356 113
4356 114
4356 115
4356 116
4356 117
4356 118
4356 119
4356 120
4356 121
4356 122
4356 123
4356 124
4356 125
4356 126
4356 127
4356 128
4356 129
4356 130
4356 131
4356 132
4356 133
4356 134
4357 92
4357 93
4357 94
4357 95
4357 96
4357 97
4357 98
4357 99
4357 100
4357 101
4357 102
4357 103
4357 104
4357 105
4357 106
4357 107
4357 108
4357 109
4357 110
4357 111
4357 112
4357 113
4357 114
4357 115
4357 116
4358 78
4358 79
4358 80
4358 81
4358 82
4358 83
4358 84
4358 85
4358 86
4358 87
4358 88
4358 89
4358 90
4358 91
4358 92
4358 93
4358 94
4361 134
4361 135
4361 136
4361 137
4361 138
4361 139
4361 140
4361 141
4361 142
4361 143
4361 144
4361 145
4361 146
4361 147
4361 148
4361 149
4361 150
4361 151
4361 152
4361 153
4362 114
4362 115
4362 116
4362 117
4362 118
4362 119
4362 120
4362 121
4362 122
4362 123
4362 124
4362 125
4362 126
4362 127
4362 128
4362 129
4362 130
4362 131
4362 132
4362 133
4362 134
4362 135
4362 136
4362 137
4362 138
4363 97
4363 98
4363 99
4363 100
4363 101
4363 102
4363 103
4363 104
4363 105
4363 106
4363 107
4363 108
4363 109
4363 110
4363 111
4363 112
4363 113
4363 114
4363 115
4363 116
4363 117
4363 118
4363 119
4363 120
4363 121
4364 81
4364 82
4364 83
4364 84
4364 85
4364 86
4364 87
4364 88
4364 89
4364 90
4364 91
4364 92
4364 93
4364 94
4364 95
4364 96
4364 97
4364 98
4364 99
4364 100
4367 140
4367 141
4367 142
4367 143
4367 144
4367 145
4367 146
4367 147
4367 148
4367 149
4367 150
4367 151
4367 152
4367 153
4367 154
4367 155
4367 156
4368 119
4368 120
4368 121
4368 122
4368 123
4368 124
4368 125
4368 126
4368 127
4368 128
4368 129
4368 130
4368 131
4368 132
4368 133
4368 134
4368 135
4368 136
4368 137
4368 138
4368 139
4368 140
4368 141
4368 142
4368 143
4369 101
4369 102
4369 103
4369 104
4369 105
4369 106
4369 107
4369 108
4369 109
4369 110
4369 111
4369 112
4369 113
4369 114
4369 115
4369 116
4369 117
4369 118
4369 119
4369 120
4369 121
4369 122
4369 123
4369 124
4369 125
4369 126
4370 85
4370 86
4370 87
4370 88
4370 89
4370 90
4370 91
4370 92
4370 93
4370 94
4370 95
4370 96
4370 97
4370 98
4370 99
4370 100
4370 101
4370 102
4370 103
4370 104
4370 105
4370 106
4373 146
4373 147
4373 148
4373 149
4373 150
4373 151
4373 152
4373 153
4373 154
4373 155
4373 156
4373 157
4373 158
4373 159
4374 125
4374 126
4374 127
4374 128
4374 129
4374 130
4374 131
4374 132
4374 133
4374 134
4374 135
4374 136
4374 137
4374 138
4374 139
4374 140
4374 141
4374 142
4374 143
4374 144
4374 145
4374 146
4374 147
4375 106
4375 107
4375 108
4375 109
4375 110
4375 111
4375 112
4375 113
4375 114
4375 115
4375 116
4375 117
4375 118
4375 119
4375 120
4375 121
4375 122
4375 123
4375 124
4375 125
4375 126
4375 127
4375 128
4375 129
4375 130
4376 89
4376 90
4376 91
4376 92
4376 93
4376 94
4376 95
4376 96
4376 97
4376 98
4376 99
4376 100
4376 101
4376 102
4376 103
4376 104
4376 105
4376 106
4376 107
4376 108
4376 109
4376 110
4376 111
4376 112
4377 78
4377 79
4377 80
4377 81
4377 82
4377 83
4377 84
4377 85
4377 86
4377 87
4377 88
4379 152
4379 153
4379 154
4379 155
4379 156
4379 157
4379 158
4379 159
4379 160
4379 161
4380 130
4380 131
4380 132
4380 133
4380 134
4380 135
4380 136
4380 137
4380 138
4380 139
4380 140
4380 141
4380 142
4380 143
4380 144
4380 145
4380 146
4380 147
4380 148
4380 149
4380 150
4381 111
4381 112
4381 113
4381 114
4381 115
4381 116
4381 117
4381 118
4381 119
4381 120
4381 121
4381 122
4381 123
4381 124
4381 125
4381 126
4381 127
4381 128
4381 129
4381 130
4381 131
4381 132
4381 133
4381 134
4381 135
4382 94
4382 95
4382 96
4382 97
4382 98
4382 99
4382 100
4382 101
4382 102
4382 103
4382 104
4382 105
4382 106
4382 107
4382 108
4382 109
4382 110
4382 111
4382 112
4382 113
4382 114
4382 115
4382 116
4382 117
