856 268
856 269
856 270
861 264
861 265
861 266
861 267
861 268
866 261
866 262
866 263
866 264
866 265
870 282
870 283
870 284
871 258
871 259
871 260
871 261
871 262
875 277
875 278
875 279
875 280
875 281
875 282
875 283
876 256
876 257
880 273
880 274
880 275
880 276
880 277
880 278
880 279
880 280
880 281
880 282
885 269
885 270
885 271
885 272
885 273
885 274
885 275
885 276
885 277
885 278
885 279
890 266
890 267
890 268
890 269
890 270
890 271
890 272
890 273
890 274
890 275
890 276
890 277
894 289
894 290
894 291
894 292
894 293
895 262
895 263
895 264
895 265
895 266
895 267
895 268
895 269
895 270
895 271
895 272
895 273
895 274
899 284
899 285
899 286
899 287
899 288
899 289
899 290
899 291
899 292
900 259
900 260
900 261
900 262
900 263
900 264
900 265
900 266
900 267
900 268
900 269
900 270
900 271
904 280
904 281
904 282
904 283
904 284
904 285
904 286
904 287
904 288
904 289
904 290
905 256
905 257
905 258
905 259
905 260
905 261
905 262
905 263
905 264
905 265
905 266
905 267
905 268
909 276
909 277
909 278
909 279
909 280
909 281
909 282
909 283
909 284
909 285
909 286
909 287
909 288
910 254
910 255
910 256
910 257
910 258
910 259
910 260
910 261
910 262
910 263
910 264
914 272
914 273
914 274
914 275
914 276
914 277
914 278
914 279
914 280
914 281
914 282
914 283
914 284
914 285
914 286
915 252
915 253
915 254
915 255
915 256
915 257
915 258
915 259
915 260
918 297
918 298
918 299
918 300
919 269
919 270
919 271
919 272
919 273
919 274
919 275
919 276
919 277
919 278
919 279
919 280
919 281
919 282
919 283
920 250
920 251
920 252
920 253
920 254
920 255
920 256
923 292
923 293
923 294
923 295
923 296
923 297
923 298
923 299
923 300
924 266
924 267
924 268
924 269
924 270
924 271
924 272
924 273
924 274
924 275
924 276
924 277
924 278
924 279
924 280
924 281
928 287
928 288
928 289
928 290
928 291
928 292
928 293
928 294
928 295
928 296
928 297
928 298
929 263
929 264
929 265
929 266
929 267
929 268
929 269
929 270
929 271
929 272
929 273
929 274
929 275
929 276
929 277
929 278
933 283
933 284
933 285
933 286
933 287
933 288
933 289
933 290
933 291
933 292
933 293
933 294
933 295
933 296
933 297
934 260
934 261
934 262
934 263
934 264
934 265
934 266
934 267
934 268
934 269
934 270
934 271
934 272
934 273
934 274
934 275
938 280
938 281
938 282
938 283
938 284
938 285
938 286
938 287
938 288
938 289
938 290
938 291
938 292
938 293
938 294
939 257
939 258
939 259
939 260
939 261
939 262
939 263
939 264
939 265
939 266
939 267
939 268
939 269
939 270
939 271
939 272
943 276
943 277
943 278
943 279
943 280
943 281
943 282
943 283
943 284
943 285
943 286
943 287
943 288
943 289
943 290
943 291
943 292
944 254
944 255
944 256
944 257
944 258
944 259
944 260
944 261
944 262
944 263
944 264
944 265
944 266
944 267
944 268
947 300
947 301
947 302
947 303
947 304
947 305
947 306
948 273
948 274
948 275
948 276
948 277
948 278
948 279
948 280
948 281
948 282
948 283
948 284
948 285
948 286
948 287
948 288
948 289
948 290
949 252
949 253
949 254
949 255
949 256
949 257
949 258
949 259
949 260
949 261
949 262
949 263
949 264
949 265
952 296
952 297
952 298
952 299
952 300
952 301
952 302
952 303
952 304
952 305
953 270
953 271
953 272
953 273
953 274
953 275
953 276
953 277
953 278
953 279
953 280
953 281
953 282
953 283
953 284
953 285
953 286
953 287
954 249
954 250
954 251
954 252
954 253
954 254
954 255
954 256
954 257
954 258
954 259
954 260
954 261
957 291
957 292
957 293
957 294
957 295
957 296
957 297
957 298
957 299
957 300
957 301
957 302
957 303
957 304
958 266
958 267
958 268
958 269
958 270
958 271
958 272
958 273
958 274
958 275
958 276
958 277
958 278
958 279
958 280
958 281
958 282
958 283
958 284
959 248
959 249
959 250
959 251
959 252
959 253
959 254
959 255
959 256
962 287
962 288
962 289
962 290
962 291
962 292
962 293
962 294
962 295
962 296
962 297
962 298
962 299
962 300
962 301
962 302
963 263
963 264
963 265
963 266
963 267
963 268
963 269
963 270
963 271
963 272
963 273
963 274
963 275
963 276
963 277
963 278
963 279
963 280
963 281
964 247
964 248
964 249
964 250
964 251
967 284
967 285
967 286
967 287
967 288
967 289
967 290
967 291
967 292
967 293
967 294
967 295
967 296
967 297
967 298
967 299
967 300
968 260
968 261
968 262
968 263
968 264
968 265
968 266
968 267
968 268
968 269
968 270
968 271
968 272
968 273
968 274
968 275
968 276
968 277
968 278
972 280
972 281
972 282
972 283
972 284
972 285
972 286
972 287
972 288
972 289
972 290
972 291
972 292
972 293
972 294
972 295
972 296
972 297
972 298
973 258
973 259
973 260
973 261
973 262
973 263
973 264
973 265
973 266
973 267
973 268
973 269
973 270
973 271
973 272
973 273
973 274
973 275
976 304
976 305
976 306
976 307
976 308
976 309
976 310
976 311
977 277
977 278
977 279
977 280
977 281
977 282
977 283
977 284
977 285
977 286
977 287
977 288
977 289
977 290
977 291
977 292
977 293
977 294
977 295
978 255
978 256
978 257
978 258
978 259
978 260
978 261
978 262
978 263
978 264
978 265
978 266
978 267
978 268
978 269
978 270
978 271
978 272
981 300
981 301
981 302
981 303
981 304
981 305
981 306
981 307
981 308
981 309
981 310
982 274
982 275
982 276
982 277
982 278
982 279
982 280
982 281
982 282
982 283
982 284
982 285
982 286
982 287
982 288
982 289
982 290
982 291
982 292
982 293
983 252
983 253
983 254
983 255
983 256
983 257
983 258
983 259
983 260
983 261
983 262
983 263
983 264
983 265
983 266
983 267
983 268
986 296
986 297
986 298
986 299
986 300
986 301
986 302
986 303
986 304
986 305
986 306
986 307
986 308
986 309
987 270
987 271
987 272
987 273
987 274
987 275
987 276
987 277
987 278
987 279
987 280
987 281
987 282
987 283
987 284
987 285
987 286
987 287
987 288
987 289
987 290
988 250
988 251
988 252
988 253
988 254
988 255
988 256
988 257
988 258
988 259
988 260
988 261
988 262
988 263
988 264
991 292
991 293
991 294
991 295
991 296
991 297
991 298
991 299
991 300
991 301
991 302
991 303
991 304
991 305
991 306
991 307
992 267
992 268
992 269
992 270
992 271
992 272
992 273
992 274
992 275
992 276
992 277
992 278
992 279
992 280
992 281
992 282
992 283
992 284
992 285
992 286
992 287
993 248
993 249
993 250
993 251
993 252
993 253
993 254
993 255
993 256
993 257
993 258
993 259
993 260
996 288
996 289
996 290
996 291
996 292
996 293
996 294
996 295
996 296
996 297
996 298
996 299
996 300
996 301
996 302
996 303
996 304
996 305
997 264
997 265
997 266
997 267
997 268
997 269
997 270
997 271
997 272
997 273
997 274
997 275
997 276
997 277
997 278
997 279
997 280
997 281
997 282
997 283
997 284
998 247
998 248
998 249
998 250
998 251
998 252
998 253
998 254
998 255
998 256
1001 285
1001 286
1001 287
1001 288
1001 289
1001 290
1001 291
1001 292
1001 293
1001 294
1001 295
1001 296
1001 297
1001 298
1001 299
1001 300
1001 301
1001 302
1001 303
1002 261
1002 262
1002 263
1002 264
1002 265
1002 266
1002 267
1002 268
1002 269
1002 270
1002 271
1002 272
1002 273
1002 274
1002 275
1002 276
1002 277
1002 278
1002 279
1002 280
1002 281
1003 247
1003 248
1003 249
1003 250
1005 309
1005 310
1005 311
1005 312
1005 313
1005 314
1005 315
1005 316
1006 281
1006 282
1006 283
1006 284
1006 285
1006 286
1006 287
1006 288
1006 289
1006 290
1006 291
1006 292
1006 293
1006 294
1006 295
1006 296
1006 297
1006 298
1006 299
1006 300
1007 259
1007 260
1007 261
1007 262
1007 263
1007 264
1007 265
1007 266
1007 267
1007 268
1007 269
1007 270
1007 271
1007 272
1007 273
1007 274
1007 275
1007 276
1007 277
1007 278
1010 304
1010 305
1010 306
1010 307
1010 308
1010 309
1010 310
1010 311
1010 312
1010 313
1010 314
1010 315
1011 278
1011 279
1011 280
1011 281
1011 282
1011 283
1011 284
1011 285
1011 286
1011 287
1011 288
1011 289
1011 290
1011 291
1011 292
1011 293
1011 294
1011 295
1011 296
1011 297
1011 298
1012 256
1012 257
1012 258
1012 259
1012 260
1012 261
1012 262
1012 263
1012 264
1012 265
1012 266
1012 267
1012 268
1012 269
1012 270
1012 271
1012 272
1012 273
1012 274
1012 275
1015 300
1015 301
1015 302
1015 303
1015 304
1015 305
1015 306
1015 307
1015 308
1015 309
1015 310
1015 311
1015 312
1015 313
1015 314
1016 275
1016 276
1016 277
1016 278
1016 279
1016 280
1016 281
1016 282
1016 283
1016 284
1016 285
1016 286
1016 287
1016 288
1016 289
1016 290
1016 291
1016 292
1016 293
1016 294
1016 295
1017 253
1017 254
1017 255
1017 256
1017 257
1017 258
1017 259
1017 260
1017 261
1017 262
1017 263
1017 264
1017 265
1017 266
1017 267
1017 268
1017 269
1017 270
1017 271
1020 296
1020 297
1020 298
1020 299
1020 300
1020 301
1020 302
1020 303
1020 304
1020 305
1020 306
1020 307
1020 308
1020 309
1020 310
1020 311
1020 312
1021 272
1021 273
1021 274
1021 275
1021 276
1021 277
1021 278
1021 279
1021 280
1021 281
1021 282
1021 283
1021 284
1021 285
1021 286
1021 287
1021 288
1021 289
1021 290
1021 291
1021 292
1021 293
1022 251
1022 252
1022 253
1022 254
1022 255
1022 256
1022 257
1022 258
1022 259
1022 260
1022 261
1022 262
1022 263
1022 264
1022 265
1022 266
1022 267
1022 268
1025 293
1025 294
1025 295
1025 296
1025 297
1025 298
1025 299
1025 300
1025 301
1025 302
1025 303
1025 304
1025 305
1025 306
1025 307
1025 308
1025 309
1025 310
1026 269
1026 270
1026 271
1026 272
1026 273
1026 274
1026 275
1026 276
1026 277
1026 278
1026 279
1026 280
1026 281
1026 282
1026 283
1026 284
1026 285
1026 286
1026 287
1026 288
1026 289
1026 290
1027 249
1027 250
1027 251
1027 252
1027 253
1027 254
1027 255
1027 256
1027 257
1027 258
1027 259
1027 260
1027 261
1027 262
1027 263
1027 264
1030 289
1030 290
1030 291
1030 292
1030 293
1030 294
1030 295
1030 296
1030 297
1030 298
1030 299
1030 300
1030 301
1030 302
1030 303
1030 304
1030 305
1030 306
1030 307
1030 308
1031 266
1031 267
1031 268
1031 269
1031 270
1031 271
1031 272
1031 273
1031 274
1031 275
1031 276
1031 277
1031 278
1031 279
1031 280
1031 281
1031 282
1031 283
1031 284
1031 285
1031 286
1031 287
1032 247
1032 248
1032 249
1032 250
1032 251
1032 252
1032 253
1032 254
1032 255
1032 256
1032 257
1032 258
1032 259
1032 260
1034 314
1034 315
1034 316
1034 317
1034 318
1034 319
1034 320
1035 286
1035 287
1035 288
1035 289
1035 290
1035 291
1035 292
1035 293
1035 294
1035 295
1035 296
1035 297
1035 298
1035 299
1035 300
1035 301
1035 302
1035 303
1035 304
1035 305
1036 263
1036 264
1036 265
1036 266
1036 267
1036 268
1036 269
1036 270
1036 271
1036 272
1036 273
1036 274
1036 275
1036 276
1036 277
1036 278
1036 279
1036 280
1036 281
1036 282
1036 283
1036 284
1037 246
1037 247
1037 248
1037 249
1037 250
1037 251
1037 252
1037 253
1037 254
1037 255
1039 309
1039 310
1039 311
1039 312
1039 313
1039 314
1039 315
1039 316
1039 317
1039 318
1039 319
1039 320
1040 282
1040 283
1040 284
1040 285
1040 286
1040 287
1040 288
1040 289
1040 290
1040 291
1040 292
1040 293
1040 294
1040 295
1040 296
1040 297
1040 298
1040 299
1040 300
1040 301
1040 302
1040 303
1041 260
1041 261
1041 262
1041 263
1041 264
1041 265
1041 266
1041 267
1041 268
1041 269
1041 270
1041 271
1041 272
1041 273
1041 274
1041 275
1041 276
1041 277
1041 278
1041 279
1041 280
1041 281
1044 305
1044 306
1044 307
1044 308
1044 309
1044 310
1044 311
1044 312
1044 313
1044 314
1044 315
1044 316
1044 317
1044 318
1045 279
1045 280
1045 281
1045 282
1045 283
1045 284
1045 285
1045 286
1045 287
1045 288
1045 289
1045 290
1045 291
1045 292
1045 293
1045 294
1045 295
1045 296
1045 297
1045 298
1045 299
1045 300
1046 257
1046 258
1046 259
1046 260
1046 261
1046 262
1046 263
1046 264
1046 265
1046 266
1046 267
1046 268
1046 269
1046 270
1046 271
1046 272
1046 273
1046 274
1046 275
1046 276
1046 277
1049 301
1049 302
1049 303
1049 304
1049 305
1049 306
1049 307
1049 308
1049 309
1049 310
1049 311
1049 312
1049 313
1049 314
1049 315
1049 316
1049 317
1050 276
1050 277
1050 278
1050 279
1050 280
1050 281
1050 282
1050 283
1050 284
1050 285
1050 286
1050 287
1050 288
1050 289
1050 290
1050 291
1050 292
1050 293
1050 294
1050 295
1050 296
1050 297
1050 298
1051 255
1051 256
1051 257
1051 258
1051 259
1051 260
1051 261
1051 262
1051 263
1051 264
1051 265
1051 266
1051 267
1051 268
1051 269
1051 270
1051 271
1051 272
1051 273
1051 274
1054 297
1054 298
1054 299
1054 300
1054 301
1054 302
1054 303
1054 304
1054 305
1054 306
1054 307
1054 308
1054 309
1054 310
1054 311
1054 312
1054 313
1054 314
1054 315
1055 273
1055 274
1055 275
1055 276
1055 277
1055 278
1055 279
1055 280
1055 281
1055 282
1055 283
1055 284
1055 285
1055 286
1055 287
1055 288
1055 289
1055 290
1055 291
1055 292
1055 293
1055 294
1055 295
1056 252
1056 253
1056 254
1056 255
1056 256
1056 257
1056 258
1056 259
1056 260
1056 261
1056 262
1056 263
1056 264
1056 265
1056 266
1056 267
1056 268
1056 269
1056 270
1059 294
1059 295
1059 296
1059 297
1059 298
1059 299
1059 300
1059 301
1059 302
1059 303
1059 304
1059 305
1059 306
1059 307
1059 308
1059 309
1059 310
1059 311
1059 312
1060 270
1060 271
1060 272
1060 273
1060 274
1060 275
1060 276
1060 277
1060 278
1060 279
1060 280
1060 281
1060 282
1060 283
1060 284
1060 285
1060 286
1060 287
1060 288
1060 289
1060 290
1060 291
1060 292
1061 250
1061 251
1061 252
1061 253
1061 254
1061 255
1061 256
1061 257
1061 258
1061 259
1061 260
1061 261
1061 262
1061 263
1061 264
1061 265
1061 266
1061 267
1063 319
1063 320
1063 321
1063 322
1063 323
1063 324
1064 290
1064 291
1064 292
1064 293
1064 294
1064 295
1064 296
1064 297
1064 298
1064 299
1064 300
1064 301
1064 302
1064 303
1064 304
1064 305
1064 306
1064 307
1064 308
1064 309
1064 310
1065 267
1065 268
1065 269
1065 270
1065 271
1065 272
1065 273
1065 274
1065 275
1065 276
1065 277
1065 278
1065 279
1065 280
1065 281
1065 282
1065 283
1065 284
1065 285
1065 286
1065 287
1065 288
1065 289
1066 248
1066 249
1066 250
1066 251
1066 252
1066 253
1066 254
1066 255
1066 256
1066 257
1066 258
1066 259
1066 260
1066 261
1066 262
1066 263
1068 314
1068 315
1068 316
1068 317
1068 318
1068 319
1068 320
1068 321
1068 322
1068 323
1068 324
1069 287
1069 288
1069 289
1069 290
1069 291
1069 292
1069 293
1069 294
1069 295
1069 296
1069 297
1069 298
1069 299
1069 300
1069 301
1069 302
1069 303
1069 304
1069 305
1069 306
1069 307
1069 308
1070 264
1070 265
1070 266
1070 267
1070 268
1070 269
1070 270
1070 271
1070 272
1070 273
1070 274
1070 275
1070 276
1070 277
1070 278
1070 279
1070 280
1070 281
1070 282
1070 283
1070 284
1070 285
1070 286
1071 247
1071 248
1071 249
1071 250
1071 251
1071 252
1071 253
1071 254
1071 255
1071 256
1071 257
1071 258
1073 310
1073 311
1073 312
1073 313
1073 314
1073 315
1073 316
1073 317
1073 318
1073 319
1073 320
1073 321
1073 322
1074 284
1074 285
1074 286
1074 287
1074 288
1074 289
1074 290
1074 291
1074 292
1074 293
1074 294
1074 295
1074 296
1074 297
1074 298
1074 299
1074 300
1074 301
1074 302
1074 303
1074 304
1074 305
1075 261
1075 262
1075 263
1075 264
1075 265
1075 266
1075 267
1075 268
1075 269
1075 270
1075 271
1075 272
1075 273
1075 274
1075 275
1075 276
1075 277
1075 278
1075 279
1075 280
1075 281
1075 282
1075 283
1076 246
1076 247
1076 248
1076 249
1076 250
1076 251
1076 252
1076 253
1078 306
1078 307
1078 308
1078 309
1078 310
1078 311
1078 312
1078 313
1078 314
1078 315
1078 316
1078 317
1078 318
1078 319
1078 320
1078 321
1079 281
1079 282
1079 283
1079 284
1079 285
1079 286
1079 287
1079 288
1079 289
1079 290
1079 291
1079 292
1079 293
1079 294
1079 295
1079 296
1079 297
1079 298
1079 299
1079 300
1079 301
1079 302
1079 303
1080 259
1080 260
1080 261
1080 262
1080 263
1080 264
1080 265
1080 266
1080 267
1080 268
1080 269
1080 270
1080 271
1080 272
1080 273
1080 274
1080 275
1080 276
1080 277
1080 278
1080 279
1080 280
1083 302
1083 303
1083 304
1083 305
1083 306
1083 307
1083 308
1083 309
1083 310
1083 311
1083 312
1083 313
1083 314
1083 315
1083 316
1083 317
1083 318
1083 319
1084 277
1084 278
1084 279
1084 280
1084 281
1084 282
1084 283
1084 284
1084 285
1084 286
1084 287
1084 288
1084 289
1084 290
1084 291
1084 292
1084 293
1084 294
1084 295
1084 296
1084 297
1084 298
1084 299
1084 300
1085 256
1085 257
1085 258
1085 259
1085 260
1085 261
1085 262
1085 263
1085 264
1085 265
1085 266
1085 267
1085 268
1085 269
1085 270
1085 271
1085 272
1085 273
1085 274
1085 275
1085 276
1088 299
1088 300
1088 301
1088 302
1088 303
1088 304
1088 305
1088 306
1088 307
1088 308
1088 309
1088 310
1088 311
1088 312
1088 313
1088 314
1088 315
1088 316
1088 317
1089 274
1089 275
1089 276
1089 277
1089 278
1089 279
1089 280
1089 281
1089 282
1089 283
1089 284
1089 285
1089 286
1089 287
1089 288
1089 289
1089 290
1089 291
1089 292
1089 293
1089 294
1089 295
1089 296
1089 297
1090 254
1090 255
1090 256
1090 257
1090 258
1090 259
1090 260
1090 261
1090 262
1090 263
1090 264
1090 265
1090 266
1090 267
1090 268
1090 269
1090 270
1090 271
1090 272
1090 273
1093 295
1093 296
1093 297
1093 298
1093 299
1093 300
1093 301
1093 302
1093 303
1093 304
1093 305
1093 306
1093 307
1093 308
1093 309
1093 310
1093 311
1093 312
1093 313
1093 314
1093 315
1094 271
1094 272
1094 273
1094 274
1094 275
1094 276
1094 277
1094 278
1094 279
1094 280
1094 281
1094 282
1094 283
1094 284
1094 285
1094 286
1094 287
1094 288
1094 289
1094 290
1094 291
1094 292
1094 293
1094 294
1095 252
1095 253
1095 254
1095 255
1095 256
1095 257
1095 258
1095 259
1095 260
1095 261
1095 262
1095 263
1095 264
1095 265
1095 266
1095 267
1095 268
1095 269
1097 319
1097 320
1097 321
1097 322
1097 323
1097 324
1097 325
1097 326
1097 327
1098 292
1098 293
1098 294
1098 295
1098 296
1098 297
1098 298
1098 299
1098 300
1098 301
1098 302
1098 303
1098 304
1098 305
1098 306
1098 307
1098 308
1098 309
1098 310
1098 311
1098 312
1099 269
1099 270
1099 271
1099 272
1099 273
1099 274
1099 275
1099 276
1099 277
1099 278
1099 279
1099 280
1099 281
1099 282
1099 283
1099 284
1099 285
1099 286
1099 287
1099 288
1099 289
1099 290
1099 291
1100 250
1100 251
1100 252
1100 253
1100 254
1100 255
1100 256
1100 257
1100 258
1100 259
1100 260
1100 261
1100 262
1100 263
1100 264
1100 265
1102 315
1102 316
1102 317
1102 318
1102 319
1102 320
1102 321
1102 322
1102 323
1102 324
1102 325
1102 326
1103 288
1103 289
1103 290
1103 291
1103 292
1103 293
1103 294
1103 295
1103 296
1103 297
1103 298
1103 299
1103 300
1103 301
1103 302
1103 303
1103 304
1103 305
1103 306
1103 307
1103 308
1103 309
1103 310
1104 266
1104 267
1104 268
1104 269
1104 270
1104 271
1104 272
1104 273
1104 274
1104 275
1104 276
1104 277
1104 278
1104 279
1104 280
1104 281
1104 282
1104 283
1104 284
1104 285
1104 286
1104 287
1104 288
1105 248
1105 249
1105 250
1105 251
1105 252
1105 253
1105 254
1105 255
1105 256
1105 257
1105 258
1105 259
1105 260
1105 261
1107 311
1107 312
1107 313
1107 314
1107 315
1107 316
1107 317
1107 318
1107 319
1107 320
1107 321
1107 322
1107 323
1107 324
1107 325
1108 285
1108 286
1108 287
1108 288
1108 289
1108 290
1108 291
1108 292
1108 293
1108 294
1108 295
1108 296
1108 297
1108 298
1108 299
1108 300
1108 301
1108 302
1108 303
1108 304
1108 305
1108 306
1108 307
1109 263
1109 264
1109 265
1109 266
1109 267
1109 268
1109 269
1109 270
1109 271
1109 272
1109 273
1109 274
1109 275
1109 276
1109 277
1109 278
1109 279
1109 280
1109 281
1109 282
1109 283
1109 284
1109 285
1110 247
1110 248
1110 249
1110 250
1110 251
1110 252
1110 253
1110 254
1110 255
1110 256
1112 307
1112 308
1112 309
1112 310
1112 311
1112 312
1112 313
1112 314
1112 315
1112 316
1112 317
1112 318
1112 319
1112 320
1112 321
1112 322
1112 323
1113 282
1113 283
1113 284
1113 285
1113 286
1113 287
1113 288
1113 289
1113 290
1113 291
1113 292
1113 293
1113 294
1113 295
1113 296
1113 297
1113 298
1113 299
1113 300
1113 301
1113 302
1113 303
1113 304
1113 305
1114 260
1114 261
1114 262
1114 263
1114 264
1114 265
1114 266
1114 267
1114 268
1114 269
1114 270
1114 271
1114 272
1114 273
1114 274
1114 275
1114 276
1114 277
1114 278
1114 279
1114 280
1114 281
1114 282
1117 303
1117 304
1117 305
1117 306
1117 307
1117 308
1117 309
1117 310
1117 311
1117 312
1117 313
1117 314
1117 315
1117 316
1117 317
1117 318
1117 319
1117 320
1117 321
1118 279
1118 280
1118 281
1118 282
1118 283
1118 284
1118 285
1118 286
1118 287
1118 288
1118 289
1118 290
1118 291
1118 292
1118 293
1118 294
1118 295
1118 296
1118 297
1118 298
1118 299
1118 300
1118 301
1118 302
1119 258
1119 259
1119 260
1119 261
1119 262
1119 263
1119 264
1119 265
1119 266
1119 267
1119 268
1119 269
1119 270
1119 271
1119 272
1119 273
1119 274
1119 275
1119 276
1119 277
1119 278
1119 279
1122 300
1122 301
1122 302
1122 303
1122 304
1122 305
1122 306
1122 307
1122 308
1122 309
1122 310
1122 311
1122 312
1122 313
1122 314
1122 315
1122 316
1122 317
1122 318
1122 319
1123 276
1123 277
1123 278
1123 279
1123 280
1123 281
1123 282
1123 283
1123 284
1123 285
1123 286
1123 287
1123 288
1123 289
1123 290
1123 291
1123 292
1123 293
1123 294
1123 295
1123 296
1123 297
1123 298
1123 299
1124 255
1124 256
1124 257
1124 258
1124 259
1124 260
1124 261
1124 262
1124 263
1124 264
1124 265
1124 266
1124 267
1124 268
1124 269
1124 270
1124 271
1124 272
1124 273
1124 274
1124 275
1126 325
1126 326
1126 327
1126 328
1126 329
1126 330
1127 297
1127 298
1127 299
1127 300
1127 301
1127 302
1127 303
1127 304
1127 305
1127 306
1127 307
1127 308
1127 309
1127 310
1127 311
1127 312
1127 313
1127 314
1127 315
1127 316
1127 317
1128 273
1128 274
1128 275
1128 276
1128 277
1128 278
1128 279
1128 280
1128 281
1128 282
1128 283
1128 284
1128 285
1128 286
1128 287
1128 288
1128 289
1128 290
1128 291
1128 292
1128 293
1128 294
1128 295
1128 296
1129 253
1129 254
1129 255
1129 256
1129 257
1129 258
1129 259
1129 260
1129 261
1129 262
1129 263
1129 264
1129 265
1129 266
1129 267
1129 268
1129 269
1129 270
1129 271
1131 320
1131 321
1131 322
1131 323
1131 324
1131 325
1131 326
1131 327
1131 328
1131 329
1131 330
1132 293
1132 294
1132 295
1132 296
1132 297
1132 298
1132 299
1132 300
1132 301
1132 302
1132 303
1132 304
1132 305
1132 306
1132 307
1132 308
1132 309
1132 310
1132 311
1132 312
1132 313
1132 314
1132 315
1133 270
1133 271
1133 272
1133 273
1133 274
1133 275
1133 276
1133 277
1133 278
1133 279
1133 280
1133 281
1133 282
1133 283
1133 284
1133 285
1133 286
1133 287
1133 288
1133 289
1133 290
1133 291
1133 292
1133 293
1134 251
1134 252
1134 253
1134 254
1134 255
1134 256
1134 257
1134 258
1134 259
1134 260
1134 261
1134 262
1134 263
1134 264
1134 265
1134 266
1134 267
1134 268
1136 316
1136 317
1136 318
1136 319
1136 320
1136 321
1136 322
1136 323
1136 324
1136 325
1136 326
1136 327
1136 328
1136 329
1137 290
1137 291
1137 292
1137 293
1137 294
1137 295
1137 296
1137 297
1137 298
1137 299
1137 300
1137 301
1137 302
1137 303
1137 304
1137 305
1137 306
1137 307
1137 308
1137 309
1137 310
1137 311
1137 312
1138 267
1138 268
1138 269
1138 270
1138 271
1138 272
1138 273
1138 274
1138 275
1138 276
1138 277
1138 278
1138 279
1138 280
1138 281
1138 282
1138 283
1138 284
1138 285
1138 286
1138 287
1138 288
1138 289
1138 290
1139 249
1139 250
1139 251
1139 252
1139 253
1139 254
1139 255
1139 256
1139 257
1139 258
1139 259
1139 260
1139 261
1139 262
1139 263
1139 264
1141 312
1141 313
1141 314
1141 315
1141 316
1141 317
1141 318
1141 319
1141 320
1141 321
1141 322
1141 323
1141 324
1141 325
1141 326
1141 327
1142 287
1142 288
1142 289
1142 290
1142 291
1142 292
1142 293
1142 294
1142 295
1142 296
1142 297
1142 298
1142 299
1142 300
1142 301
1142 302
1142 303
1142 304
1142 305
1142 306
1142 307
1142 308
1142 309
1143 265
1143 266
1143 267
1143 268
1143 269
1143 270
1143 271
1143 272
1143 273
1143 274
1143 275
1143 276
1143 277
1143 278
1143 279
1143 280
1143 281
1143 282
1143 283
1143 284
1143 285
1143 286
1143 287
1144 248
1144 249
1144 250
1144 251
1144 252
1144 253
1144 254
1144 255
1144 256
1144 257
1144 258
1144 259
1146 309
1146 310
1146 311
1146 312
1146 313
1146 314
1146 315
1146 316
1146 317
1146 318
1146 319
1146 320
1146 321
1146 322
1146 323
1146 324
1146 325
1147 284
1147 285
1147 286
1147 287
1147 288
1147 289
1147 290
1147 291
1147 292
1147 293
1147 294
1147 295
1147 296
1147 297
1147 298
1147 299
1147 300
1147 301
1147 302
1147 303
1147 304
1147 305
1147 306
1147 307
1148 262
1148 263
1148 264
1148 265
1148 266
1148 267
1148 268
1148 269
1148 270
1148 271
1148 272
1148 273
1148 274
1148 275
1148 276
1148 277
1148 278
1148 279
1148 280
1148 281
1148 282
1148 283
1148 284
1149 249
1149 250
1149 251
1149 252
1149 253
1151 305
1151 306
1151 307
1151 308
1151 309
1151 310
1151 311
1151 312
1151 313
1151 314
1151 315
1151 316
1151 317
1151 318
1151 319
1151 320
1151 321
1151 322
1151 323
1152 281
1152 282
1152 283
1152 284
1152 285
1152 286
1152 287
1152 288
1152 289
1152 290
1152 291
1152 292
1152 293
1152 294
1152 295
1152 296
1152 297
1152 298
1152 299
1152 300
1152 301
1152 302
1152 303
1152 304
1153 259
1153 260
1153 261
1153 262
1153 263
1153 264
1153 265
1153 266
1153 267
1153 268
1153 269
1153 270
1153 271
1153 272
1153 273
1153 274
1153 275
1153 276
1153 277
1153 278
1153 279
1153 280
1153 281
1156 302
1156 303
1156 304
1156 305
1156 306
1156 307
1156 308
1156 309
1156 310
1156 311
1156 312
1156 313
1156 314
1156 315
1156 316
1156 317
1156 318
1156 319
1156 320
1156 321
1157 278
1157 279
1157 280
1157 281
1157 282
1157 283
1157 284
1157 285
1157 286
1157 287
1157 288
1157 289
1157 290
1157 291
1157 292
1157 293
1157 294
1157 295
1157 296
1157 297
1157 298
1157 299
1157 300
1157 301
1158 257
1158 258
1158 259
1158 260
1158 261
1158 262
1158 263
1158 264
1158 265
1158 266
1158 267
1158 268
1158 269
1158 270
1158 271
1158 272
1158 273
1158 274
1158 275
1158 276
1158 277
1160 326
1160 327
1160 328
1160 329
1160 330
1160 331
1160 332
1160 333
1161 298
1161 299
1161 300
1161 301
1161 302
1161 303
1161 304
1161 305
1161 306
1161 307
1161 308
1161 309
1161 310
1161 311
1161 312
1161 313
1161 314
1161 315
1161 316
1161 317
1161 318
1161 319
1162 275
1162 276
1162 277
1162 278
1162 279
1162 280
1162 281
1162 282
1162 283
1162 284
1162 285
1162 286
1162 287
1162 288
1162 289
1162 290
1162 291
1162 292
1162 293
1162 294
1162 295
1162 296
1162 297
1162 298
1163 255
1163 256
1163 257
1163 258
1163 259
1163 260
1163 261
1163 262
1163 263
1163 264
1163 265
1163 266
1163 267
1163 268
1163 269
1163 270
1163 271
1163 272
1163 273
1163 274
1165 322
1165 323
1165 324
1165 325
1165 326
1165 327
1165 328
1165 329
1165 330
1165 331
1165 332
1166 295
1166 296
1166 297
1166 298
1166 299
1166 300
1166 301
1166 302
1166 303
1166 304
1166 305
1166 306
1166 307
1166 308
1166 309
1166 310
1166 311
1166 312
1166 313
1166 314
1166 315
1166 316
1167 272
1167 273
1167 274
1167 275
1167 276
1167 277
1167 278
1167 279
1167 280
1167 281
1167 282
1167 283
1167 284
1167 285
1167 286
1167 287
1167 288
1167 289
1167 290
1167 291
1167 292
1167 293
1167 294
1167 295
1168 253
1168 254
1168 255
1168 256
1168 257
1168 258
1168 259
1168 260
1168 261
1168 262
1168 263
1168 264
1168 265
1168 266
1168 267
1168 268
1168 269
1168 270
1170 318
1170 319
1170 320
1170 321
1170 322
1170 323
1170 324
1170 325
1170 326
1170 327
1170 328
1170 329
1170 330
1170 331
1171 292
1171 293
1171 294
1171 295
1171 296
1171 297
1171 298
1171 299
1171 300
1171 301
1171 302
1171 303
1171 304
1171 305
1171 306
1171 307
1171 308
1171 309
1171 310
1171 311
1171 312
1171 313
1171 314
1172 269
1172 270
1172 271
1172 272
1172 273
1172 274
1172 275
1172 276
1172 277
1172 278
1172 279
1172 280
1172 281
1172 282
1172 283
1172 284
1172 285
1172 286
1172 287
1172 288
1172 289
1172 290
1172 291
1172 292
1173 251
1173 252
1173 253
1173 254
1173 255
1173 256
1173 257
1173 258
1173 259
1173 260
1173 261
1173 262
1173 263
1173 264
1173 265
1173 266
1175 314
1175 315
1175 316
1175 317
1175 318
1175 319
1175 320
1175 321
1175 322
1175 323
1175 324
1175 325
1175 326
1175 327
1175 328
1175 329
1176 289
1176 290
1176 291
1176 292
1176 293
1176 294
1176 295
1176 296
1176 297
1176 298
1176 299
1176 300
1176 301
1176 302
1176 303
1176 304
1176 305
1176 306
1176 307
1176 308
1176 309
1176 310
1176 311
1177 266
1177 267
1177 268
1177 269
1177 270
1177 271
1177 272
1177 273
1177 274
1177 275
1177 276
1177 277
1177 278
1177 279
1177 280
1177 281
1177 282
1177 283
1177 284
1177 285
1177 286
1177 287
1177 288
1177 289
1178 250
1178 251
1178 252
1178 253
1178 254
1178 255
1178 256
1178 257
1178 258
1178 259
1178 260
1178 261
1180 310
1180 311
1180 312
1180 313
1180 314
1180 315
1180 316
1180 317
1180 318
1180 319
1180 320
1180 321
1180 322
1180 323
1180 324
1180 325
1180 326
1180 327
1181 285
1181 286
1181 287
1181 288
1181 289
1181 290
1181 291
1181 292
1181 293
1181 294
1181 295
1181 296
1181 297
1181 298
1181 299
1181 300
1181 301
1181 302
1181 303
1181 304
1181 305
1181 306
1181 307
1181 308
1181 309
1182 264
1182 265
1182 266
1182 267
1182 268
1182 269
1182 270
1182 271
1182 272
1182 273
1182 274
1182 275
1182 276
1182 277
1182 278
1182 279
1182 280
1182 281
1182 282
1182 283
1182 284
1182 285
1182 286
1183 250
1183 251
1183 252
1183 253
1183 254
1183 255
1183 256
1185 307
1185 308
1185 309
1185 310
1185 311
1185 312
1185 313
1185 314
1185 315
1185 316
1185 317
1185 318
1185 319
1185 320
1185 321
1185 322
1185 323
1185 324
1185 325
1186 282
1186 283
1186 284
1186 285
1186 286
1186 287
1186 288
1186 289
1186 290
1186 291
1186 292
1186 293
1186 294
1186 295
1186 296
1186 297
1186 298
1186 299
1186 300
1186 301
1186 302
1186 303
1186 304
1186 305
1186 306
1187 261
1187 262
1187 263
1187 264
1187 265
1187 266
1187 267
1187 268
1187 269
1187 270
1187 271
1187 272
1187 273
1187 274
1187 275
1187 276
1187 277
1187 278
1187 279
1187 280
1187 281
1187 282
1187 283
1190 303
1190 304
1190 305
1190 306
1190 307
1190 308
1190 309
1190 310
1190 311
1190 312
1190 313
1190 314
1190 315
1190 316
1190 317
1190 318
1190 319
1190 320
1190 321
1190 322
1190 323
1191 279
1191 280
1191 281
1191 282
1191 283
1191 284
1191 285
1191 286
1191 287
1191 288
1191 289
1191 290
1191 291
1191 292
1191 293
1191 294
1191 295
1191 296
1191 297
1191 298
1191 299
1191 300
1191 301
1191 302
1191 303
1192 259
1192 260
1192 261
1192 262
1192 263
1192 264
1192 265
1192 266
1192 267
1192 268
1192 269
1192 270
1192 271
1192 272
1192 273
1192 274
1192 275
1192 276
1192 277
1192 278
1192 279
1194 328
1194 329
1194 330
1194 331
1194 332
1194 333
1194 334
1194 335
1195 300
1195 301
1195 302
1195 303
1195 304
1195 305
1195 306
1195 307
1195 308
1195 309
1195 310
1195 311
1195 312
1195 313
1195 314
1195 315
1195 316
1195 317
1195 318
1195 319
1195 320
1195 321
1196 276
1196 277
1196 278
1196 279
1196 280
1196 281
1196 282
1196 283
1196 284
1196 285
1196 286
1196 287
1196 288
1196 289
1196 290
1196 291
1196 292
1196 293
1196 294
1196 295
1196 296
1196 297
1196 298
1196 299
1196 300
1197 257
1197 258
1197 259
1197 260
1197 261
1197 262
1197 263
1197 264
1197 265
1197 266
1197 267
1197 268
1197 269
1197 270
1197 271
1197 272
1197 273
1197 274
1197 275
1197 276
1199 323
1199 324
1199 325
1199 326
1199 327
1199 328
1199 329
1199 330
1199 331
1199 332
1199 333
1199 334
1200 297
1200 298
1200 299
1200 300
1200 301
1200 302
1200 303
1200 304
1200 305
1200 306
1200 307
1200 308
1200 309
1200 310
1200 311
1200 312
1200 313
1200 314
1200 315
1200 316
1200 317
1200 318
1201 274
1201 275
1201 276
1201 277
1201 278
1201 279
1201 280
1201 281
1201 282
1201 283
1201 284
1201 285
1201 286
1201 287
1201 288
1201 289
1201 290
1201 291
1201 292
1201 293
1201 294
1201 295
1201 296
1201 297
1202 255
1202 256
1202 257
1202 258
1202 259
1202 260
1202 261
1202 262
1202 263
1202 264
1202 265
1202 266
1202 267
1202 268
1202 269
1202 270
1202 271
1202 272
1204 319
1204 320
1204 321
1204 322
1204 323
1204 324
1204 325
1204 326
1204 327
1204 328
1204 329
1204 330
1204 331
1204 332
1204 333
1205 293
1205 294
1205 295
1205 296
1205 297
1205 298
1205 299
1205 300
1205 301
1205 302
1205 303
1205 304
1205 305
1205 306
1205 307
1205 308
1205 309
1205 310
1205 311
1205 312
1205 313
1205 314
1205 315
1205 316
1206 271
1206 272
1206 273
1206 274
1206 275
1206 276
1206 277
1206 278
1206 279
1206 280
1206 281
1206 282
1206 283
1206 284
1206 285
1206 286
1206 287
1206 288
1206 289
1206 290
1206 291
1206 292
1206 293
1206 294
1207 253
1207 254
1207 255
1207 256
1207 257
1207 258
1207 259
1207 260
1207 261
1207 262
1207 263
1207 264
1207 265
1207 266
1207 267
1207 268
1209 316
1209 317
1209 318
1209 319
1209 320
1209 321
1209 322
1209 323
1209 324
1209 325
1209 326
1209 327
1209 328
1209 329
1209 330
1209 331
1210 290
1210 291
1210 292
1210 293
1210 294
1210 295
1210 296
1210 297
1210 298
1210 299
1210 300
1210 301
1210 302
1210 303
1210 304
1210 305
1210 306
1210 307
1210 308
1210 309
1210 310
1210 311
1210 312
1210 313
1211 268
1211 269
1211 270
1211 271
1211 272
1211 273
1211 274
1211 275
1211 276
1211 277
1211 278
1211 279
1211 280
1211 281
1211 282
1211 283
1211 284
1211 285
1211 286
1211 287
1211 288
1211 289
1211 290
1211 291
1212 252
1212 253
1212 254
1212 255
1212 256
1212 257
1212 258
1212 259
1212 260
1212 261
1212 262
1212 263
1214 312
1214 313
1214 314
1214 315
1214 316
1214 317
1214 318
1214 319
1214 320
1214 321
1214 322
1214 323
1214 324
1214 325
1214 326
1214 327
1214 328
1214 329
1215 287
1215 288
1215 289
1215 290
1215 291
1215 292
1215 293
1215 294
1215 295
1215 296
1215 297
1215 298
1215 299
1215 300
1215 301
1215 302
1215 303
1215 304
1215 305
1215 306
1215 307
1215 308
1215 309
1215 310
1216 266
1216 267
1216 268
1216 269
1216 270
1216 271
1216 272
1216 273
1216 274
1216 275
1216 276
1216 277
1216 278
1216 279
1216 280
1216 281
1216 282
1216 283
1216 284
1216 285
1216 286
1216 287
1216 288
1217 251
1217 252
1217 253
1217 254
1217 255
1217 256
1217 257
1217 258
1219 308
1219 309
1219 310
1219 311
1219 312
1219 313
1219 314
1219 315
1219 316
1219 317
1219 318
1219 319
1219 320
1219 321
1219 322
1219 323
1219 324
1219 325
1219 326
1219 327
1220 284
1220 285
1220 286
1220 287
1220 288
1220 289
1220 290
1220 291
1220 292
1220 293
1220 294
1220 295
1220 296
1220 297
1220 298
1220 299
1220 300
1220 301
1220 302
1220 303
1220 304
1220 305
1220 306
1220 307
1220 308
1221 263
1221 264
1221 265
1221 266
1221 267
1221 268
1221 269
1221 270
1221 271
1221 272
1221 273
1221 274
1221 275
1221 276
1221 277
1221 278
1221 279
1221 280
1221 281
1221 282
1221 283
1221 284
1224 305
1224 306
1224 307
1224 308
1224 309
1224 310
1224 311
1224 312
1224 313
1224 314
1224 315
1224 316
1224 317
1224 318
1224 319
1224 320
1224 321
1224 322
1224 323
1224 324
1224 325
1225 281
1225 282
1225 283
1225 284
1225 285
1225 286
1225 287
1225 288
1225 289
1225 290
1225 291
1225 292
1225 293
1225 294
1225 295
1225 296
1225 297
1225 298
1225 299
1225 300
1225 301
1225 302
1225 303
1225 304
1225 305
1226 261
1226 262
1226 263
1226 264
1226 265
1226 266
1226 267
1226 268
1226 269
1226 270
1226 271
1226 272
1226 273
1226 274
1226 275
1226 276
1226 277
1226 278
1226 279
1226 280
1226 281
1228 330
1228 331
1228 332
1228 333
1228 334
1228 335
1228 336
1229 302
1229 303
1229 304
1229 305
1229 306
1229 307
1229 308
1229 309
1229 310
1229 311
1229 312
1229 313
1229 314
1229 315
1229 316
1229 317
1229 318
1229 319
1229 320
1229 321
1229 322
1230 278
1230 279
1230 280
1230 281
1230 282
1230 283
1230 284
1230 285
1230 286
1230 287
1230 288
1230 289
1230 290
1230 291
1230 292
1230 293
1230 294
1230 295
1230 296
1230 297
1230 298
1230 299
1230 300
1230 301
1230 302
1231 258
1231 259
1231 260
1231 261
1231 262
1231 263
1231 264
1231 265
1231 266
1231 267
1231 268
1231 269
1231 270
1231 271
1231 272
1231 273
1231 274
1231 275
1231 276
1231 277
1233 325
1233 326
1233 327
1233 328
1233 329
1233 330
1233 331
1233 332
1233 333
1233 334
1233 335
1233 336
1234 298
1234 299
1234 300
1234 301
1234 302
1234 303
1234 304
1234 305
1234 306
1234 307
1234 308
1234 309
1234 310
1234 311
1234 312
1234 313
1234 314
1234 315
1234 316
1234 317
1234 318
1234 319
1234 320
1235 275
1235 276
1235 277
1235 278
1235 279
1235 280
1235 281
1235 282
1235 283
1235 284
1235 285
1235 286
1235 287
1235 288
1235 289
1235 290
1235 291
1235 292
1235 293
1235 294
1235 295
1235 296
1235 297
1235 298
1235 299
1236 256
1236 257
1236 258
1236 259
1236 260
1236 261
1236 262
1236 263
1236 264
1236 265
1236 266
1236 267
1236 268
1236 269
1236 270
1236 271
1236 272
1236 273
1236 274
1238 321
1238 322
1238 323
1238 324
1238 325
1238 326
1238 327
1238 328
1238 329
1238 330
1238 331
1238 332
1238 333
1238 334
1239 295
1239 296
1239 297
1239 298
1239 299
1239 300
1239 301
1239 302
1239 303
1239 304
1239 305
1239 306
1239 307
1239 308
1239 309
1239 310
1239 311
1239 312
1239 313
1239 314
1239 315
1239 316
1239 317
1240 273
1240 274
1240 275
1240 276
1240 277
1240 278
1240 279
1240 280
1240 281
1240 282
1240 283
1240 284
1240 285
1240 286
1240 287
1240 288
1240 289
1240 290
1240 291
1240 292
1240 293
1240 294
1240 295
1240 296
1241 255
1241 256
1241 257
1241 258
1241 259
1241 260
1241 261
1241 262
1241 263
1241 264
1241 265
1241 266
1241 267
1241 268
1241 269
1243 317
1243 318
1243 319
1243 320
1243 321
1243 322
1243 323
1243 324
1243 325
1243 326
1243 327
1243 328
1243 329
1243 330
1243 331
1243 332
1243 333
1244 292
1244 293
1244 294
1244 295
1244 296
1244 297
1244 298
1244 299
1244 300
1244 301
1244 302
1244 303
1244 304
1244 305
1244 306
1244 307
1244 308
1244 309
1244 310
1244 311
1244 312
1244 313
1244 314
1244 315
1245 270
1245 271
1245 272
1245 273
1245 274
1245 275
1245 276
1245 277
1245 278
1245 279
1245 280
1245 281
1245 282
1245 283
1245 284
1245 285
1245 286
1245 287
1245 288
1245 289
1245 290
1245 291
1245 292
1245 293
1246 254
1246 255
1246 256
1246 257
1246 258
1246 259
1246 260
1246 261
1246 262
1246 263
1246 264
1246 265
1248 314
1248 315
1248 316
1248 317
1248 318
1248 319
1248 320
1248 321
1248 322
1248 323
1248 324
1248 325
1248 326
1248 327
1248 328
1248 329
1248 330
1248 331
1249 289
1249 290
1249 291
1249 292
1249 293
1249 294
1249 295
1249 296
1249 297
1249 298
1249 299
1249 300
1249 301
1249 302
1249 303
1249 304
1249 305
1249 306
1249 307
1249 308
1249 309
1249 310
1249 311
1249 312
1250 267
1250 268
1250 269
1250 270
1250 271
1250 272
1250 273
1250 274
1250 275
1250 276
1250 277
1250 278
1250 279
1250 280
1250 281
1250 282
1250 283
1250 284
1250 285
1250 286
1250 287
1250 288
1250 289
1251 253
1251 254
1251 255
1251 256
1251 257
1251 258
1251 259
1253 310
1253 311
1253 312
1253 313
1253 314
1253 315
1253 316
1253 317
1253 318
1253 319
1253 320
1253 321
1253 322
1253 323
1253 324
1253 325
1253 326
1253 327
1253 328
1253 329
1254 286
1254 287
1254 288
1254 289
1254 290
1254 291
1254 292
1254 293
1254 294
1254 295
1254 296
1254 297
1254 298
1254 299
1254 300
1254 301
1254 302
1254 303
1254 304
1254 305
1254 306
1254 307
1254 308
1254 309
1255 265
1255 266
1255 267
1255 268
1255 269
1255 270
1255 271
1255 272
1255 273
1255 274
1255 275
1255 276
1255 277
1255 278
1255 279
1255 280
1255 281
1255 282
1255 283
1255 284
1255 285
1255 286
1258 307
1258 308
1258 309
1258 310
1258 311
1258 312
1258 313
1258 314
1258 315
1258 316
1258 317
1258 318
1258 319
1258 320
1258 321
1258 322
1258 323
1258 324
1258 325
1258 326
1259 283
1259 284
1259 285
1259 286
1259 287
1259 288
1259 289
1259 290
1259 291
1259 292
1259 293
1259 294
1259 295
1259 296
1259 297
1259 298
1259 299
1259 300
1259 301
1259 302
1259 303
1259 304
1259 305
1259 306
1260 263
1260 264
1260 265
1260 266
1260 267
1260 268
1260 269
1260 270
1260 271
1260 272
1260 273
1260 274
1260 275
1260 276
1260 277
1260 278
1260 279
1260 280
1260 281
1260 282
1260 283
1262 332
1262 333
1262 334
1262 335
1262 336
1262 337
1262 338
1263 304
1263 305
1263 306
1263 307
1263 308
1263 309
1263 310
1263 311
1263 312
1263 313
1263 314
1263 315
1263 316
1263 317
1263 318
1263 319
1263 320
1263 321
1263 322
1263 323
1263 324
1264 280
1264 281
1264 282
1264 283
1264 284
1264 285
1264 286
1264 287
1264 288
1264 289
1264 290
1264 291
1264 292
1264 293
1264 294
1264 295
1264 296
1264 297
1264 298
1264 299
1264 300
1264 301
1264 302
1264 303
1264 304
1265 260
1265 261
1265 262
1265 263
1265 264
1265 265
1265 266
1265 267
1265 268
1265 269
1265 270
1265 271
1265 272
1265 273
1265 274
1265 275
1265 276
1265 277
1265 278
1265 279
1267 328
1267 329
1267 330
1267 331
1267 332
1267 333
1267 334
1267 335
1267 336
1267 337
1268 300
1268 301
1268 302
1268 303
1268 304
1268 305
1268 306
1268 307
1268 308
1268 309
1268 310
1268 311
1268 312
1268 313
1268 314
1268 315
1268 316
1268 317
1268 318
1268 319
1268 320
1268 321
1268 322
1269 277
1269 278
1269 279
1269 280
1269 281
1269 282
1269 283
1269 284
1269 285
1269 286
1269 287
1269 288
1269 289
1269 290
1269 291
1269 292
1269 293
1269 294
1269 295
1269 296
1269 297
1269 298
1269 299
1269 300
1269 301
1270 258
1270 259
1270 260
1270 261
1270 262
1270 263
1270 264
1270 265
1270 266
1270 267
1270 268
1270 269
1270 270
1270 271
1270 272
1270 273
1270 274
1270 275
1272 323
1272 324
1272 325
1272 326
1272 327
1272 328
1272 329
1272 330
1272 331
1272 332
1272 333
1272 334
1272 335
1272 336
1273 297
1273 298
1273 299
1273 300
1273 301
1273 302
1273 303
1273 304
1273 305
1273 306
1273 307
1273 308
1273 309
1273 310
1273 311
1273 312
1273 313
1273 314
1273 315
1273 316
1273 317
1273 318
1273 319
1274 275
1274 276
1274 277
1274 278
1274 279
1274 280
1274 281
1274 282
1274 283
1274 284
1274 285
1274 286
1274 287
1274 288
1274 289
1274 290
1274 291
1274 292
1274 293
1274 294
1274 295
1274 296
1274 297
1275 257
1275 258
1275 259
1275 260
1275 261
1275 262
1275 263
1275 264
1275 265
1275 266
1275 267
1275 268
1275 269
1275 270
1275 271
1277 320
1277 321
1277 322
1277 323
1277 324
1277 325
1277 326
1277 327
1277 328
1277 329
1277 330
1277 331
1277 332
1277 333
1277 334
1278 294
1278 295
1278 296
1278 297
1278 298
1278 299
1278 300
1278 301
1278 302
1278 303
1278 304
1278 305
1278 306
1278 307
1278 308
1278 309
1278 310
1278 311
1278 312
1278 313
1278 314
1278 315
1278 316
1279 272
1279 273
1279 274
1279 275
1279 276
1279 277
1279 278
1279 279
1279 280
1279 281
1279 282
1279 283
1279 284
1279 285
1279 286
1279 287
1279 288
1279 289
1279 290
1279 291
1279 292
1279 293
1279 294
1280 256
1280 257
1280 258
1280 259
1280 260
1280 261
1280 262
1280 263
1280 264
1280 265
1280 266
1282 316
1282 317
1282 318
1282 319
1282 320
1282 321
1282 322
1282 323
1282 324
1282 325
1282 326
1282 327
1282 328
1282 329
1282 330
1282 331
1282 332
1283 291
1283 292
1283 293
1283 294
1283 295
1283 296
1283 297
1283 298
1283 299
1283 300
1283 301
1283 302
1283 303
1283 304
1283 305
1283 306
1283 307
1283 308
1283 309
1283 310
1283 311
1283 312
1283 313
1283 314
1284 269
1284 270
1284 271
1284 272
1284 273
1284 274
1284 275
1284 276
1284 277
1284 278
1284 279
1284 280
1284 281
1284 282
1284 283
1284 284
1284 285
1284 286
1284 287
1284 288
1284 289
1284 290
1284 291
1285 256
1285 257
1285 258
1285 259
1285 260
1287 312
1287 313
1287 314
1287 315
1287 316
1287 317
1287 318
1287 319
1287 320
1287 321
1287 322
1287 323
1287 324
1287 325
1287 326
1287 327
1287 328
1287 329
1287 330
1288 288
1288 289
1288 290
1288 291
1288 292
1288 293
1288 294
1288 295
1288 296
1288 297
1288 298
1288 299
1288 300
1288 301
1288 302
1288 303
1288 304
1288 305
1288 306
1288 307
1288 308
1288 309
1288 310
1288 311
1289 267
1289 268
1289 269
1289 270
1289 271
1289 272
1289 273
1289 274
1289 275
1289 276
1289 277
1289 278
1289 279
1289 280
1289 281
1289 282
1289 283
1289 284
1289 285
1289 286
1289 287
1289 288
1292 309
1292 310
1292 311
1292 312
1292 313
1292 314
1292 315
1292 316
1292 317
1292 318
1292 319
1292 320
1292 321
1292 322
1292 323
1292 324
1292 325
1292 326
1292 327
1292 328
1293 285
1293 286
1293 287
1293 288
1293 289
1293 290
1293 291
1293 292
1293 293
1293 294
1293 295
1293 296
1293 297
1293 298
1293 299
1293 300
1293 301
1293 302
1293 303
1293 304
1293 305
1293 306
1293 307
1293 308
1294 265
1294 266
1294 267
1294 268
1294 269
1294 270
1294 271
1294 272
1294 273
1294 274
1294 275
1294 276
1294 277
1294 278
1294 279
1294 280
1294 281
1294 282
1294 283
1294 284
1296 336
1296 337
1297 306
1297 307
1297 308
1297 309
1297 310
1297 311
1297 312
1297 313
1297 314
1297 315
1297 316
1297 317
1297 318
1297 319
1297 320
1297 321
1297 322
1297 323
1297 324
1297 325
1297 326
1298 282
1298 283
1298 284
1298 285
1298 286
1298 287
1298 288
1298 289
1298 290
1298 291
1298 292
1298 293
1298 294
1298 295
1298 296
1298 297
1298 298
1298 299
1298 300
1298 301
1298 302
1298 303
1298 304
1298 305
1299 263
1299 264
1299 265
1299 266
1299 267
1299 268
1299 269
1299 270
1299 271
1299 272
1299 273
1299 274
1299 275
1299 276
1299 277
1299 278
1299 279
1299 280
1301 330
1301 331
1301 332
1301 333
1301 334
1301 335
1301 336
1301 337
1301 338
1302 303
1302 304
1302 305
1302 306
1302 307
1302 308
1302 309
1302 310
1302 311
1302 312
1302 313
1302 314
1302 315
1302 316
1302 317
1302 318
1302 319
1302 320
1302 321
1302 322
1302 323
1303 279
1303 280
1303 281
1303 282
1303 283
1303 284
1303 285
1303 286
1303 287
1303 288
1303 289
1303 290
1303 291
1303 292
1303 293
1303 294
1303 295
1303 296
1303 297
1303 298
1303 299
1303 300
1303 301
1303 302
1304 261
1304 262
1304 263
1304 264
1304 265
1304 266
1304 267
1304 268
1304 269
1304 270
1304 271
1304 272
1304 273
1304 274
1304 275
1304 276
1306 326
1306 327
1306 328
1306 329
1306 330
1306 331
1306 332
1306 333
1306 334
1306 335
1306 336
1306 337
1307 299
1307 300
1307 301
1307 302
1307 303
1307 304
1307 305
1307 306
1307 307
1307 308
1307 309
1307 310
1307 311
1307 312
1307 313
1307 314
1307 315
1307 316
1307 317
1307 318
1307 319
1307 320
1307 321
1308 277
1308 278
1308 279
1308 280
1308 281
1308 282
1308 283
1308 284
1308 285
1308 286
1308 287
1308 288
1308 289
1308 290
1308 291
1308 292
1308 293
1308 294
1308 295
1308 296
1308 297
1308 298
1308 299
1309 259
1309 260
1309 261
1309 262
1309 263
1309 264
1309 265
1309 266
1309 267
1309 268
1309 269
1309 270
1309 271
1309 272
1311 322
1311 323
1311 324
1311 325
1311 326
1311 327
1311 328
1311 329
1311 330
1311 331
1311 332
1311 333
1311 334
1311 335
1312 296
1312 297
1312 298
1312 299
1312 300
1312 301
1312 302
1312 303
1312 304
1312 305
1312 306
1312 307
1312 308
1312 309
1312 310
1312 311
1312 312
1312 313
1312 314
1312 315
1312 316
1312 317
1312 318
1313 274
1313 275
1313 276
1313 277
1313 278
1313 279
1313 280
1313 281
1313 282
1313 283
1313 284
1313 285
1313 286
1313 287
1313 288
1313 289
1313 290
1313 291
1313 292
1313 293
1313 294
1313 295
1313 296
1314 258
1314 259
1314 260
1314 261
1314 262
1314 263
1314 264
1314 265
1314 266
1314 267
1316 318
1316 319
1316 320
1316 321
1316 322
1316 323
1316 324
1316 325
1316 326
1316 327
1316 328
1316 329
1316 330
1316 331
1316 332
1316 333
1317 293
1317 294
1317 295
1317 296
1317 297
1317 298
1317 299
1317 300
1317 301
1317 302
1317 303
1317 304
1317 305
1317 306
1317 307
1317 308
1317 309
1317 310
1317 311
1317 312
1317 313
1317 314
1317 315
1318 272
1318 273
1318 274
1318 275
1318 276
1318 277
1318 278
1318 279
1318 280
1318 281
1318 282
1318 283
1318 284
1318 285
1318 286
1318 287
1318 288
1318 289
1318 290
1318 291
1318 292
1321 315
1321 316
1321 317
1321 318
1321 319
1321 320
1321 321
1321 322
1321 323
1321 324
1321 325
1321 326
1321 327
1321 328
1321 329
1321 330
1321 331
1322 290
1322 291
1322 292
1322 293
1322 294
1322 295
1322 296
1322 297
1322 298
1322 299
1322 300
1322 301
1322 302
1322 303
1322 304
1322 305
1322 306
1322 307
1322 308
1322 309
1322 310
1322 311
1322 312
1323 269
1323 270
1323 271
1323 272
1323 273
1323 274
1323 275
1323 276
1323 277
1323 278
1323 279
1323 280
1323 281
1323 282
1323 283
1323 284
1323 285
1323 286
1323 287
1323 288
1323 289
1326 311
1326 312
1326 313
1326 314
1326 315
1326 316
1326 317
1326 318
1326 319
1326 320
1326 321
1326 322
1326 323
1326 324
1326 325
1326 326
1326 327
1326 328
1326 329
1327 287
1327 288
1327 289
1327 290
1327 291
1327 292
1327 293
1327 294
1327 295
1327 296
1327 297
1327 298
1327 299
1327 300
1327 301
1327 302
1327 303
1327 304
1327 305
1327 306
1327 307
1327 308
1327 309
1328 267
1328 268
1328 269
1328 270
1328 271
1328 272
1328 273
1328 274
1328 275
1328 276
1328 277
1328 278
1328 279
1328 280
1328 281
1328 282
1328 283
1328 284
1328 285
1331 308
1331 309
1331 310
1331 311
1331 312
1331 313
1331 314
1331 315
1331 316
1331 317
1331 318
1331 319
1331 320
1331 321
1331 322
1331 323
1331 324
1331 325
1331 326
1331 327
1332 284
1332 285
1332 286
1332 287
1332 288
1332 289
1332 290
1332 291
1332 292
1332 293
1332 294
1332 295
1332 296
1332 297
1332 298
1332 299
1332 300
1332 301
1332 302
1332 303
1332 304
1332 305
1332 306
1333 265
1333 266
1333 267
1333 268
1333 269
1333 270
1333 271
1333 272
1333 273
1333 274
1333 275
1333 276
1333 277
1333 278
1333 279
1333 280
1333 281
1333 282
1335 334
1335 335
1335 336
1335 337
1335 338
1336 305
1336 306
1336 307
1336 308
1336 309
1336 310
1336 311
1336 312
1336 313
1336 314
1336 315
1336 316
1336 317
1336 318
1336 319
1336 320
1336 321
1336 322
1336 323
1336 324
1337 282
1337 283
1337 284
1337 285
1337 286
1337 287
1337 288
1337 289
1337 290
1337 291
1337 292
1337 293
1337 294
1337 295
1337 296
1337 297
1337 298
1337 299
1337 300
1337 301
1337 302
1337 303
1338 263
1338 264
1338 265
1338 266
1338 267
1338 268
1338 269
1338 270
1338 271
1338 272
1338 273
1338 274
1338 275
1338 276
1338 277
1338 278
1340 329
1340 330
1340 331
1340 332
1340 333
1340 334
1340 335
1340 336
1340 337
1340 338
1341 302
1341 303
1341 304
1341 305
1341 306
1341 307
1341 308
1341 309
1341 310
1341 311
1341 312
1341 313
1341 314
1341 315
1341 316
1341 317
1341 318
1341 319
1341 320
1341 321
1341 322
1342 279
1342 280
1342 281
1342 282
1342 283
1342 284
1342 285
1342 286
1342 287
1342 288
1342 289
1342 290
1342 291
1342 292
1342 293
1342 294
1342 295
1342 296
1342 297
1342 298
1342 299
1342 300
1343 262
1343 263
1343 264
1343 265
1343 266
1343 267
1343 268
1343 269
1343 270
1343 271
1343 272
1343 273
1345 325
1345 326
1345 327
1345 328
1345 329
1345 330
1345 331
1345 332
1345 333
1345 334
1345 335
1345 336
1346 298
1346 299
1346 300
1346 301
1346 302
1346 303
1346 304
1346 305
1346 306
1346 307
1346 308
1346 309
1346 310
1346 311
1346 312
1346 313
1346 314
1346 315
1346 316
1346 317
1346 318
1346 319
1347 276
1347 277
1347 278
1347 279
1347 280
1347 281
1347 282
1347 283
1347 284
1347 285
1347 286
1347 287
1347 288
1347 289
1347 290
1347 291
1347 292
1347 293
1347 294
1347 295
1347 296
1347 297
1348 261
1348 262
1348 263
1348 264
1348 265
1348 266
1348 267
1348 268
1350 321
1350 322
1350 323
1350 324
1350 325
1350 326
1350 327
1350 328
1350 329
1350 330
1350 331
1350 332
1350 333
1350 334
1351 295
1351 296
1351 297
1351 298
1351 299
1351 300
1351 301
1351 302
1351 303
1351 304
1351 305
1351 306
1351 307
1351 308
1351 309
1351 310
1351 311
1351 312
1351 313
1351 314
1351 315
1351 316
1352 274
1352 275
1352 276
1352 277
1352 278
1352 279
1352 280
1352 281
1352 282
1352 283
1352 284
1352 285
1352 286
1352 287
1352 288
1352 289
1352 290
1352 291
1352 292
1352 293
1355 317
1355 318
1355 319
1355 320
1355 321
1355 322
1355 323
1355 324
1355 325
1355 326
1355 327
1355 328
1355 329
1355 330
1355 331
1355 332
1356 292
1356 293
1356 294
1356 295
1356 296
1356 297
1356 298
1356 299
1356 300
1356 301
1356 302
1356 303
1356 304
1356 305
1356 306
1356 307
1356 308
1356 309
1356 310
1356 311
1356 312
1356 313
1356 314
1357 271
1357 272
1357 273
1357 274
1357 275
1357 276
1357 277
1357 278
1357 279
1357 280
1357 281
1357 282
1357 283
1357 284
1357 285
1357 286
1357 287
1357 288
1357 289
1357 290
1360 314
1360 315
1360 316
1360 317
1360 318
1360 319
1360 320
1360 321
1360 322
1360 323
1360 324
1360 325
1360 326
1360 327
1360 328
1360 329
1360 330
1361 290
1361 291
1361 292
1361 293
1361 294
1361 295
1361 296
1361 297
1361 298
1361 299
1361 300
1361 301
1361 302
1361 303
1361 304
1361 305
1361 306
1361 307
1361 308
1361 309
1361 310
1361 311
1362 269
1362 270
1362 271
1362 272
1362 273
1362 274
1362 275
1362 276
1362 277
1362 278
1362 279
1362 280
1362 281
1362 282
1362 283
1362 284
1362 285
1362 286
1365 310
1365 311
1365 312
1365 313
1365 314
1365 315
1365 316
1365 317
1365 318
1365 319
1365 320
1365 321
1365 322
1365 323
1365 324
1365 325
1365 326
1365 327
1365 328
1366 287
1366 288
1366 289
1366 290
1366 291
1366 292
1366 293
1366 294
1366 295
1366 296
1366 297
1366 298
1366 299
1366 300
1366 301
1366 302
1366 303
1366 304
1366 305
1366 306
1366 307
1366 308
1367 267
1367 268
1367 269
1367 270
1367 271
1367 272
1367 273
1367 274
1367 275
1367 276
1367 277
1367 278
1367 279
1367 280
1367 281
1367 282
1370 307
1370 308
1370 309
1370 310
1370 311
1370 312
1370 313
1370 314
1370 315
1370 316
1370 317
1370 318
1370 319
1370 320
1370 321
1370 322
1370 323
1370 324
1370 325
1371 284
1371 285
1371 286
1371 287
1371 288
1371 289
1371 290
1371 291
1371 292
1371 293
1371 294
1371 295
1371 296
1371 297
1371 298
1371 299
1371 300
1371 301
1371 302
1371 303
1371 304
1372 266
1372 267
1372 268
1372 269
1372 270
1372 271
1372 272
1372 273
1372 274
1372 275
1372 276
1372 277
1372 278
1374 333
1374 334
1374 335
1374 336
1374 337
1375 304
1375 305
1375 306
1375 307
1375 308
1375 309
1375 310
1375 311
1375 312
1375 313
1375 314
1375 315
1375 316
1375 317
1375 318
1375 319
1375 320
1375 321
1375 322
1375 323
1376 281
1376 282
1376 283
1376 284
1376 285
1376 286
1376 287
1376 288
1376 289
1376 290
1376 291
1376 292
1376 293
1376 294
1376 295
1376 296
1376 297
1376 298
1376 299
1376 300
1376 301
1377 265
1377 266
1377 267
1377 268
1377 269
1377 270
1377 271
1377 272
1377 273
1377 274
1379 328
1379 329
1379 330
1379 331
1379 332
1379 333
1379 334
1379 335
1379 336
1379 337
1380 301
1380 302
1380 303
1380 304
1380 305
1380 306
1380 307
1380 308
1380 309
1380 310
1380 311
1380 312
1380 313
1380 314
1380 315
1380 316
1380 317
1380 318
1380 319
1380 320
1381 279
1381 280
1381 281
1381 282
1381 283
1381 284
1381 285
1381 286
1381 287
1381 288
1381 289
1381 290
1381 291
1381 292
1381 293
1381 294
1381 295
1381 296
1381 297
1381 298
1384 324
1384 325
1384 326
1384 327
1384 328
1384 329
1384 330
1384 331
1384 332
1384 333
1384 334
1384 335
1385 298
1385 299
1385 300
1385 301
1385 302
1385 303
1385 304
1385 305
1385 306
1385 307
1385 308
1385 309
1385 310
1385 311
1385 312
1385 313
1385 314
1385 315
1385 316
1385 317
1386 276
1386 277
1386 278
1386 279
1386 280
1386 281
1386 282
1386 283
1386 284
1386 285
1386 286
1386 287
1386 288
1386 289
1386 290
1386 291
1386 292
1386 293
1386 294
1389 320
1389 321
1389 322
1389 323
1389 324
1389 325
1389 326
1389 327
1389 328
1389 329
1389 330
1389 331
1389 332
1389 333
1390 295
1390 296
1390 297
1390 298
1390 299
1390 300
1390 301
1390 302
1390 303
1390 304
1390 305
1390 306
1390 307
1390 308
1390 309
1390 310
1390 311
1390 312
1390 313
1390 314
1390 315
1391 274
1391 275
1391 276
1391 277
1391 278
1391 279
1391 280
1391 281
1391 282
1391 283
1391 284
1391 285
1391 286
1391 287
1391 288
1391 289
1391 290
1391 291
1394 317
1394 318
1394 319
1394 320
1394 321
1394 322
1394 323
1394 324
1394 325
1394 326
1394 327
1394 328
1394 329
1394 330
1394 331
1395 292
1395 293
1395 294
1395 295
1395 296
1395 297
1395 298
1395 299
1395 300
1395 301
1395 302
1395 303
1395 304
1395 305
1395 306
1395 307
1395 308
1395 309
1395 310
1395 311
1395 312
1396 272
1396 273
1396 274
1396 275
1396 276
1396 277
1396 278
1396 279
1396 280
1396 281
1396 282
1396 283
1396 284
1396 285
1396 286
1396 287
1399 313
1399 314
1399 315
1399 316
1399 317
1399 318
1399 319
1399 320
1399 321
1399 322
1399 323
1399 324
1399 325
1399 326
1399 327
1399 328
1399 329
1400 289
1400 290
1400 291
1400 292
1400 293
1400 294
1400 295
1400 296
1400 297
1400 298
1400 299
1400 300
1400 301
1400 302
1400 303
1400 304
1400 305
1400 306
1400 307
1400 308
1400 309
1401 270
1401 271
1401 272
1401 273
1401 274
1401 275
1401 276
1401 277
1401 278
1401 279
1401 280
1401 281
1401 282
1401 283
1404 310
1404 311
1404 312
1404 313
1404 314
1404 315
1404 316
1404 317
1404 318
1404 319
1404 320
1404 321
1404 322
1404 323
1404 324
1404 325
1404 326
1405 286
1405 287
1405 288
1405 289
1405 290
1405 291
1405 292
1405 293
1405 294
1405 295
1405 296
1405 297
1405 298
1405 299
1405 300
1405 301
1405 302
1405 303
1405 304
1405 305
1406 269
1406 270
1406 271
1406 272
1406 273
1406 274
1406 275
1406 276
1406 277
1406 278
1406 279
1409 307
1409 308
1409 309
1409 310
1409 311
1409 312
1409 313
1409 314
1409 315
1409 316
1409 317
1409 318
1409 319
1409 320
1409 321
1409 322
1409 323
1409 324
1410 284
1410 285
1410 286
1410 287
1410 288
1410 289
1410 290
1410 291
1410 292
1410 293
1410 294
1410 295
1410 296
1410 297
1410 298
1410 299
1410 300
1410 301
1410 302
1411 269
1411 270
1411 271
1411 272
1411 273
1413 334
1413 335
1414 304
1414 305
1414 306
1414 307
1414 308
1414 309
1414 310
1414 311
1414 312
1414 313
1414 314
1414 315
1414 316
1414 317
1414 318
1414 319
1414 320
1414 321
1415 281
1415 282
1415 283
1415 284
1415 285
1415 286
1415 287
1415 288
1415 289
1415 290
1415 291
1415 292
1415 293
1415 294
1415 295
1415 296
1415 297
1415 298
1415 299
1418 328
1418 329
1418 330
1418 331
1418 332
1418 333
1418 334
1418 335
1419 300
1419 301
1419 302
1419 303
1419 304
1419 305
1419 306
1419 307
1419 308
1419 309
1419 310
1419 311
1419 312
1419 313
1419 314
1419 315
1419 316
1419 317
1419 318
1420 279
1420 280
1420 281
1420 282
1420 283
1420 284
1420 285
1420 286
1420 287
1420 288
1420 289
1420 290
1420 291
1420 292
1420 293
1420 294
1420 295
1423 324
1423 325
1423 326
1423 327
1423 328
1423 329
1423 330
1423 331
1423 332
1423 333
1424 298
1424 299
1424 300
1424 301
1424 302
1424 303
1424 304
1424 305
1424 306
1424 307
1424 308
1424 309
1424 310
1424 311
1424 312
1424 313
1424 314
1424 315
1425 277
1425 278
1425 279
1425 280
1425 281
1425 282
1425 283
1425 284
1425 285
1425 286
1425 287
1425 288
1425 289
1425 290
1425 291
1428 320
1428 321
1428 322
1428 323
1428 324
1428 325
1428 326
1428 327
1428 328
1428 329
1428 330
1428 331
1429 295
1429 296
1429 297
1429 298
1429 299
1429 300
1429 301
1429 302
1429 303
1429 304
1429 305
1429 306
1429 307
1429 308
1429 309
1429 310
1429 311
1429 312
1430 275
1430 276
1430 277
1430 278
1430 279
1430 280
1430 281
1430 282
1430 283
1430 284
1430 285
1430 286
1430 287
1433 316
1433 317
1433 318
1433 319
1433 320
1433 321
1433 322
1433 323
1433 324
1433 325
1433 326
1433 327
1433 328
1433 329
1434 292
1434 293
1434 294
1434 295
1434 296
1434 297
1434 298
1434 299
1434 300
1434 301
1434 302
1434 303
1434 304
1434 305
1434 306
1434 307
1434 308
1434 309
1435 274
1435 275
1435 276
1435 277
1435 278
1435 279
1435 280
1435 281
1435 282
1435 283
1438 313
1438 314
1438 315
1438 316
1438 317
1438 318
1438 319
1438 320
1438 321
1438 322
1438 323
1438 324
1438 325
1438 326
1438 327
1439 289
1439 290
1439 291
1439 292
1439 293
1439 294
1439 295
1439 296
1439 297
1439 298
1439 299
1439 300
1439 301
1439 302
1439 303
1439 304
1439 305
1439 306
1440 273
1440 274
1440 275
1440 276
1440 277
1443 310
1443 311
1443 312
1443 313
1443 314
1443 315
1443 316
1443 317
1443 318
1443 319
1443 320
1443 321
1443 322
1443 323
1443 324
1444 287
1444 288
1444 289
1444 290
1444 291
1444 292
1444 293
1444 294
1444 295
1444 296
1444 297
1444 298
1444 299
1444 300
1444 301
1444 302
1444 303
1448 307
1448 308
1448 309
1448 310
1448 311
1448 312
1448 313
1448 314
1448 315
1448 316
1448 317
1448 318
1448 319
1448 320
1448 321
1449 284
1449 285
1449 286
1449 287
1449 288
1449 289
1449 290
1449 291
1449 292
1449 293
1449 294
1449 295
1449 296
1449 297
1449 298
1449 299
1453 303
1453 304
1453 305
1453 306
1453 307
1453 308
1453 309
1453 310
1453 311
1453 312
1453 313
1453 314
1453 315
1453 316
1453 317
1453 318
1453 319
1454 282
1454 283
1454 284
1454 285
1454 286
1454 287
1454 288
1454 289
1454 290
1454 291
1454 292
1454 293
1454 294
1454 295
1457 330
1458 301
1458 302
1458 303
1458 304
1458 305
1458 306
1458 307
1458 308
1458 309
1458 310
1458 311
1458 312
1458 313
1458 314
1458 315
1458 316
1459 280
1459 281
1459 282
1459 283
1459 284
1459 285
1459 286
1459 287
1459 288
1459 289
1459 290
1459 291
1462 325
1462 326
1462 327
1462 328
1462 329
1462 330
1463 298
1463 299
1463 300
1463 301
1463 302
1463 303
1463 304
1463 305
1463 306
1463 307
1463 308
1463 309
1463 310
1463 311
1463 312
1463 313
1464 279
1464 280
1464 281
1464 282
1464 283
1464 284
1464 285
1464 286
1464 287
1467 321
1467 322
1467 323
1467 324
1467 325
1467 326
1467 327
1467 328
1468 295
1468 296
1468 297
1468 298
1468 299
1468 300
1468 301
1468 302
1468 303
1468 304
1468 305
1468 306
1468 307
1468 308
1468 309
1469 279
1469 280
1472 317
1472 318
1472 319
1472 320
1472 321
1472 322
1472 323
1472 324
1472 325
1472 326
1473 292
1473 293
1473 294
1473 295
1473 296
1473 297
1473 298
1473 299
1473 300
1473 301
1473 302
1473 303
1473 304
1473 305
1473 306
1477 313
1477 314
1477 315
1477 316
1477 317
1477 318
1477 319
1477 320
1477 321
1477 322
1477 323
1477 324
1478 290
1478 291
1478 292
1478 293
1478 294
1478 295
1478 296
1478 297
1478 298
1478 299
1478 300
1478 301
1478 302
1482 310
1482 311
1482 312
1482 313
1482 314
1482 315
1482 316
1482 317
1482 318
1482 319
1482 320
1482 321
1483 288
1483 289
1483 290
1483 291
1483 292
1483 293
1483 294
1483 295
1483 296
1483 297
1483 298
1483 299
1487 307
1487 308
1487 309
1487 310
1487 311
1487 312
1487 313
1487 314
1487 315
1487 316
1487 317
1487 318
1488 286
1488 287
1488 288
1488 289
1488 290
1488 291
1488 292
1488 293
1488 294
1488 295
1492 304
1492 305
1492 306
1492 307
1492 308
1492 309
1492 310
1492 311
1492 312
1492 313
1492 314
1492 315
1493 285
1493 286
1493 287
1493 288
1493 289
1493 290
1497 301
1497 302
1497 303
1497 304
1497 305
1497 306
1497 307
1497 308
1497 309
1497 310
1497 311
1497 312
1502 299
1502 300
1502 301
1502 302
1502 303
1502 304
1502 305
1502 306
1502 307
1502 308
1502 309
1507 297
1507 298
1507 299
1507 300
1507 301
1507 302
1507 303
1507 304
1507 305
1512 295
1512 296
1512 297
1512 298
1512 299
1512 300
1512 301
1516 317
1516 318
1517 294
1517 295
1517 296
1521 313
1521 314
1521 315
1526 311
1526 312
1908 20
1908 21
1908 22
1908 23
1913 16
1913 17
1913 18
1913 19
1913 20
1913 21
1918 12
1918 13
1918 14
1918 15
1918 16
1918 17
1918 18
1923 9
1923 10
1923 11
1923 12
1923 13
1923 14
1923 15
1928 6
1928 7
1928 8
1928 9
1928 10
1928 11
1928 12
1933 3
1933 4
1933 5
1933 6
1933 7
1933 8
1933 9
1937 25
1937 26
1937 27
1937 28
1938 0
1938 1
1938 2
1938 3
1938 4
1938 5
1942 20
1942 21
1942 22
1942 23
1942 24
1942 25
1942 26
1942 27
1943 0
1943 575
1947 16
1947 17
1947 18
1947 19
1947 20
1947 21
1947 22
1947 23
1947 24
1952 12
1952 13
1952 14
1952 15
1952 16
1952 17
1952 18
1952 19
1952 20
1952 21
1957 8
1957 9
1957 10
1957 11
1957 12
1957 13
1957 14
1957 15
1957 16
1957 17
1957 18
1962 5
1962 6
1962 7
1962 8
1962 9
1962 10
1962 11
1962 12
1962 13
1962 14
1962 15
1967 2
1967 3
1967 4
1967 5
1967 6
1967 7
1967 8
1967 9
1967 10
1967 11
1967 12
1971 25
1971 26
1971 27
1971 28
1971 29
1971 30
1971 31
1972 0
1972 1
1972 2
1972 3
1972 4
1972 5
1972 6
1972 7
1972 8
1972 575
1976 20
1976 21
1976 22
1976 23
1976 24
1976 25
1976 26
1976 27
1976 28
1976 29
1977 0
1977 1
1977 2
1977 3
1977 4
1977 5
1977 573
1977 574
1977 575
1981 16
1981 17
1981 18
1981 19
1981 20
1981 21
1981 22
1981 23
1981 24
1981 25
1981 26
1981 27
1982 0
1982 571
1982 572
1982 573
1982 574
1982 575
1986 12
1986 13
1986 14
1986 15
1986 16
1986 17
1986 18
1986 19
1986 20
1986 21
1986 22
1986 23
1986 24
1987 570
1987 571
1991 9
1991 10
1991 11
1991 12
1991 13
1991 14
1991 15
1991 16
1991 17
1991 18
1991 19
1991 20
1991 21
1996 5
1996 6
1996 7
1996 8
1996 9
1996 10
1996 11
1996 12
1996 13
1996 14
1996 15
1996 16
1996 17
1996 18
2000 32
2000 33
2000 34
2001 2
2001 3
2001 4
2001 5
2001 6
2001 7
2001 8
2001 9
2001 10
2001 11
2001 12
2001 13
2001 14
2001 15
2005 26
2005 27
2005 28
2005 29
2005 30
2005 31
2005 32
2005 33
2005 34
2006 0
2006 1
2006 2
2006 3
2006 4
2006 5
2006 6
2006 7
2006 8
2006 9
2006 10
2006 11
2006 575
2010 21
2010 22
2010 23
2010 24
2010 25
2010 26
2010 27
2010 28
2010 29
2010 30
2010 31
2010 32
2011 0
2011 1
2011 2
2011 3
2011 4
2011 5
2011 6
2011 7
2011 8
2011 572
2011 573
2011 574
2011 575
2015 17
2015 18
2015 19
2015 20
2015 21
2015 22
2015 23
2015 24
2015 25
2015 26
2015 27
2015 28
2015 29
2016 0
2016 1
2016 2
2016 3
2016 4
2016 570
2016 571
2016 572
2016 573
2016 574
2016 575
2020 13
2020 14
2020 15
2020 16
2020 17
2020 18
2020 19
2020 20
2020 21
2020 22
2020 23
2020 24
2020 25
2020 26
2021 0
2021 567
2021 568
2021 569
2021 570
2021 571
2021 572
2021 573
2021 574
2021 575
2025 9
2025 10
2025 11
2025 12
2025 13
2025 14
2025 15
2025 16
2025 17
2025 18
2025 19
2025 20
2025 21
2025 22
2025 23
2026 566
2026 567
2026 568
2026 569
2026 570
2026 571
2030 6
2030 7
2030 8
2030 9
2030 10
2030 11
2030 12
2030 13
2030 14
2030 15
2030 16
2030 17
2030 18
2030 19
2030 20
2034 33
2034 34
2034 35
2034 36
2034 37
2035 3
2035 4
2035 5
2035 6
2035 7
2035 8
2035 9
2035 10
2035 11
2035 12
2035 13
2035 14
2035 15
2035 16
2035 17
2039 27
2039 28
2039 29
2039 30
2039 31
2039 32
2039 33
2039 34
2039 35
2039 36
2040 0
2040 1
2040 2
2040 3
2040 4
2040 5
2040 6
2040 7
2040 8
2040 9
2040 10
2040 11
2040 12
2040 13
2040 14
2040 575
2044 22
2044 23
2044 24
2044 25
2044 26
2044 27
2044 28
2044 29
2044 30
2044 31
2044 32
2044 33
2044 34
2045 0
2045 1
2045 2
2045 3
2045 4
2045 5
2045 6
2045 7
2045 8
2045 9
2045 10
2045 572
2045 573
2045 574
2045 575
2049 18
2049 19
2049 20
2049 21
2049 22
2049 23
2049 24
2049 25
2049 26
2049 27
2049 28
2049 29
2049 30
2049 31
2050 0
2050 1
2050 2
2050 3
2050 4
2050 5
2050 6
2050 7
2050 570
2050 571
2050 572
2050 573
2050 574
2050 575
2054 14
2054 15
2054 16
2054 17
2054 18
2054 19
2054 20
2054 21
2054 22
2054 23
2054 24
2054 25
2054 26
2054 27
2054 28
2054 29
2055 0
2055 1
2055 2
2055 3
2055 567
2055 568
2055 569
2055 570
2055 571
2055 572
2055 573
2055 574
2055 575
2059 10
2059 11
2059 12
2059 13
2059 14
2059 15
2059 16
2059 17
2059 18
2059 19
2059 20
2059 21
2059 22
2059 23
2059 24
2059 25
2059 26
2060 565
2060 566
2060 567
2060 568
2060 569
2060 570
2060 571
2060 572
2060 573
2060 574
2060 575
2064 7
2064 8
2064 9
2064 10
2064 11
2064 12
2064 13
2064 14
2064 15
2064 16
2064 17
2064 18
2064 19
2064 20
2064 21
2064 22
2064 23
2065 563
2065 564
2065 565
2065 566
2065 567
2065 568
2065 569
2065 570
2065 571
2068 35
2068 36
2068 37
2068 38
2069 3
2069 4
2069 5
2069 6
2069 7
2069 8
2069 9
2069 10
2069 11
2069 12
2069 13
2069 14
2069 15
2069 16
2069 17
2069 18
2069 19
2070 562
2070 563
2070 564
2070 565
2070 566
2073 29
2073 30
2073 31
2073 32
2073 33
2073 34
2073 35
2073 36
2073 37
2073 38
2074 0
2074 1
2074 2
2074 3
2074 4
2074 5
2074 6
2074 7
2074 8
2074 9
2074 10
2074 11
2074 12
2074 13
2074 14
2074 15
2074 16
2078 24
2078 25
2078 26
2078 27
2078 28
2078 29
2078 30
2078 31
2078 32
2078 33
2078 34
2078 35
2078 36
2079 0
2079 1
2079 2
2079 3
2079 4
2079 5
2079 6
2079 7
2079 8
2079 9
2079 10
2079 11
2079 12
2079 13
2079 573
2079 574
2079 575
2083 19
2083 20
2083 21
2083 22
2083 23
2083 24
2083 25
2083 26
2083 27
2083 28
2083 29
2083 30
2083 31
2083 32
2083 33
2084 0
2084 1
2084 2
2084 3
2084 4
2084 5
2084 6
2084 7
2084 8
2084 9
2084 570
2084 571
2084 572
2084 573
2084 574
2084 575
2088 15
2088 16
2088 17
2088 18
2088 19
2088 20
2088 21
2088 22
2088 23
2088 24
2088 25
2088 26
2088 27
2088 28
2088 29
2088 30
2088 31
2089 0
2089 1
2089 2
2089 3
2089 4
2089 5
2089 6
2089 567
2089 568
2089 569
2089 570
2089 571
2089 572
2089 573
2089 574
2089 575
2093 11
2093 12
2093 13
2093 14
2093 15
2093 16
2093 17
2093 18
2093 19
2093 20
2093 21
2093 22
2093 23
2093 24
2093 25
2093 26
2093 27
2093 28
2094 0
2094 1
2094 2
2094 565
2094 566
2094 567
2094 568
2094 569
2094 570
2094 571
2094 572
2094 573
2094 574
2094 575
2098 8
2098 9
2098 10
2098 11
2098 12
2098 13
2098 14
2098 15
2098 16
2098 17
2098 18
2098 19
2098 20
2098 21
2098 22
2098 23
2098 24
2098 25
2099 562
2099 563
2099 564
2099 565
2099 566
2099 567
2099 568
2099 569
2099 570
2099 571
2099 572
2099 573
2099 574
2103 4
2103 5
2103 6
2103 7
2103 8
2103 9
2103 10
2103 11
2103 12
2103 13
2103 14
2103 15
2103 16
2103 17
2103 18
2103 19
2103 20
2103 21
2103 22
2104 560
2104 561
2104 562
2104 563
2104 564
2104 565
2104 566
2104 567
2104 568
2104 569
2104 570
2107 31
2107 32
2107 33
2107 34
2107 35
2107 36
2107 37
2107 38
2107 39
2108 1
2108 2
2108 3
2108 4
2108 5
2108 6
2108 7
2108 8
2108 9
2108 10
2108 11
2108 12
2108 13
2108 14
2108 15
2108 16
2108 17
2108 18
2109 559
2109 560
2109 561
2109 562
2109 563
2109 564
2109 565
2112 25
2112 26
2112 27
2112 28
2112 29
2112 30
2112 31
2112 32
2112 33
2112 34
2112 35
2112 36
2112 37
2112 38
2113 0
2113 1
2113 2
2113 3
2113 4
2113 5
2113 6
2113 7
2113 8
2113 9
2113 10
2113 11
2113 12
2113 13
2113 14
2113 15
2113 574
2113 575
2117 21
2117 22
2117 23
2117 24
2117 25
2117 26
2117 27
2117 28
2117 29
2117 30
2117 31
2117 32
2117 33
2117 34
2117 35
2118 0
2118 1
2118 2
2118 3
2118 4
2118 5
2118 6
2118 7
2118 8
2118 9
2118 10
2118 11
2118 12
2118 571
2118 572
2118 573
2118 574
2118 575
2122 16
2122 17
2122 18
2122 19
2122 20
2122 21
2122 22
2122 23
2122 24
2122 25
2122 26
2122 27
2122 28
2122 29
2122 30
2122 31
2122 32
2122 33
2123 0
2123 1
2123 2
2123 3
2123 4
2123 5
2123 6
2123 7
2123 8
2123 568
2123 569
2123 570
2123 571
2123 572
2123 573
2123 574
2123 575
2127 13
2127 14
2127 15
2127 16
2127 17
2127 18
2127 19
2127 20
2127 21
2127 22
2127 23
2127 24
2127 25
2127 26
2127 27
2127 28
2127 29
2127 30
2128 0
2128 1
2128 2
2128 3
2128 4
2128 565
2128 566
2128 567
2128 568
2128 569
2128 570
2128 571
2128 572
2128 573
2128 574
2128 575
2132 9
2132 10
2132 11
2132 12
2132 13
2132 14
2132 15
2132 16
2132 17
2132 18
2132 19
2132 20
2132 21
2132 22
2132 23
2132 24
2132 25
2132 26
2132 27
2133 0
2133 1
2133 562
2133 563
2133 564
2133 565
2133 566
2133 567
2133 568
2133 569
2133 570
2133 571
2133 572
2133 573
2133 574
2133 575
2137 5
2137 6
2137 7
2137 8
2137 9
2137 10
2137 11
2137 12
2137 13
2137 14
2137 15
2137 16
2137 17
2137 18
2137 19
2137 20
2137 21
2137 22
2137 23
2137 24
2138 144
2138 145
2138 146
2138 147
2138 148
2138 149
2138 150
2138 560
2138 561
2138 562
2138 563
2138 564
2138 565
2138 566
2138 567
2138 568
2138 569
2138 570
2138 571
2138 572
2138 573
2141 33
2141 34
2141 35
2141 36
2141 37
2141 38
2141 39
2141 40
2142 2
2142 3
2142 4
2142 5
2142 6
2142 7
2142 8
2142 9
2142 10
2142 11
2142 12
2142 13
2142 14
2142 15
2142 16
2142 17
2142 18
2142 19
2142 20
2143 140
2143 141
2143 142
2143 143
2143 144
2143 145
2143 146
2143 147
2143 148
2143 558
2143 559
2143 560
2143 561
2143 562
2143 563
2143 564
2143 565
2143 566
2143 567
2143 568
2143 569
2146 27
2146 28
2146 29
2146 30
2146 31
2146 32
2146 33
2146 34
2146 35
2146 36
2146 37
2146 38
2146 39
2147 0
2147 1
2147 2
2147 3
2147 4
2147 5
2147 6
2147 7
2147 8
2147 9
2147 10
2147 11
2147 12
2147 13
2147 14
2147 15
2147 16
2147 17
2147 574
2147 575
2148 136
2148 137
2148 138
2148 139
2148 140
2148 141
2148 142
2148 143
2148 144
2148 145
2148 557
2148 558
2148 559
2148 560
2148 561
2148 562
2148 563
2148 564
2151 22
2151 23
2151 24
2151 25
2151 26
2151 27
2151 28
2151 29
2151 30
2151 31
2151 32
2151 33
2151 34
2151 35
2151 36
2151 37
2152 0
2152 1
2152 2
2152 3
2152 4
2152 5
2152 6
2152 7
2152 8
2152 9
2152 10
2152 11
2152 12
2152 13
2152 14
2152 571
2152 572
2152 573
2152 574
2152 575
2153 132
2153 133
2153 134
2153 135
2153 136
2153 137
2153 138
2153 139
2153 140
2153 141
2156 18
2156 19
2156 20
2156 21
2156 22
2156 23
2156 24
2156 25
2156 26
2156 27
2156 28
2156 29
2156 30
2156 31
2156 32
2156 33
2156 34
2157 0
2157 1
2157 2
2157 3
2157 4
2157 5
2157 6
2157 7
2157 8
2157 9
2157 10
2157 157
2157 158
2157 159
2157 160
2157 161
2157 162
2157 568
2157 569
2157 570
2157 571
2157 572
2157 573
2157 574
2157 575
2158 129
2158 130
2158 131
2158 132
2158 133
2158 134
2158 135
2158 136
2158 137
2158 138
2161 14
2161 15
2161 16
2161 17
2161 18
2161 19
2161 20
2161 21
2161 22
2161 23
2161 24
2161 25
2161 26
2161 27
2161 28
2161 29
2161 30
2161 31
2161 32
2162 0
2162 1
2162 2
2162 3
2162 4
2162 5
2162 6
2162 7
2162 152
2162 153
2162 154
2162 155
2162 156
2162 157
2162 158
2162 159
2162 160
2162 161
2162 566
2162 567
2162 568
2162 569
2162 570
2162 571
2162 572
2162 573
2162 574
2162 575
2163 126
2163 127
2163 128
2163 129
2163 130
2163 131
2163 132
2163 133
2163 134
2166 10
2166 11
2166 12
2166 13
2166 14
2166 15
2166 16
2166 17
2166 18
2166 19
2166 20
2166 21
2166 22
2166 23
2166 24
2166 25
2166 26
2166 27
2166 28
2166 29
2167 0
2167 1
2167 2
2167 3
2167 147
2167 148
2167 149
2167 150
2167 151
2167 152
2167 153
2167 154
2167 155
2167 156
2167 157
2167 158
2167 159
2167 563
2167 564
2167 565
2167 566
2167 567
2167 568
2167 569
2167 570
2167 571
2167 572
2167 573
2167 574
2167 575
2168 124
2168 125
2168 126
2168 127
2168 128
2168 129
2171 6
2171 7
2171 8
2171 9
2171 10
2171 11
2171 12
2171 13
2171 14
2171 15
2171 16
2171 17
2171 18
2171 19
2171 20
2171 21
2171 22
2171 23
2171 24
2171 25
2171 26
2172 143
2172 144
2172 145
2172 146
2172 147
2172 148
2172 149
2172 150
2172 151
2172 152
2172 153
2172 154
2172 155
2172 156
2172 560
2172 561
2172 562
2172 563
2172 564
2172 565
2172 566
2172 567
2172 568
2172 569
2172 570
2172 571
2172 572
2172 573
2172 574
2172 575
2175 37
2175 38
2175 39
2175 40
2176 3
2176 4
2176 5
2176 6
2176 7
2176 8
2176 9
2176 10
2176 11
2176 12
2176 13
2176 14
2176 15
2176 16
2176 17
2176 18
2176 19
2176 20
2176 21
2176 22
2177 139
2177 140
2177 141
2177 142
2177 143
2177 144
2177 145
2177 146
2177 147
2177 148
2177 149
2177 150
2177 151
2177 152
2177 153
2177 558
2177 559
2177 560
2177 561
2177 562
2177 563
2177 564
2177 565
2177 566
2177 567
2177 568
2177 569
2177 570
2177 571
2177 572
2180 30
2180 31
2180 32
2180 33
2180 34
2180 35
2180 36
2180 37
2180 38
2180 39
2180 40
2181 0
2181 1
2181 2
2181 3
2181 4
2181 5
2181 6
2181 7
2181 8
2181 9
2181 10
2181 11
2181 12
2181 13
2181 14
2181 15
2181 16
2181 17
2181 18
2181 19
2182 135
2182 136
2182 137
2182 138
2182 139
2182 140
2182 141
2182 142
2182 143
2182 144
2182 145
2182 146
2182 147
2182 148
2182 149
2182 150
2182 556
2182 557
2182 558
2182 559
2182 560
2182 561
2182 562
2182 563
2182 564
2182 565
2182 566
2182 567
2185 25
2185 26
2185 27
2185 28
2185 29
2185 30
2185 31
2185 32
2185 33
2185 34
2185 35
2185 36
2185 37
2185 38
2186 0
2186 1
2186 2
2186 3
2186 4
2186 5
2186 6
2186 7
2186 8
2186 9
2186 10
2186 11
2186 12
2186 13
2186 14
2186 15
2186 16
2186 161
2186 162
2186 163
2186 164
2186 165
2186 166
2186 167
2186 168
2186 169
2186 170
2186 572
2186 573
2186 574
2186 575
2187 132
2187 133
2187 134
2187 135
2187 136
2187 137
2187 138
2187 139
2187 140
2187 141
2187 142
2187 143
2187 144
2187 145
2187 146
2187 147
2187 555
2187 556
2187 557
2187 558
2187 559
2187 560
2187 561
2187 562
2187 563
2190 20
2190 21
2190 22
2190 23
2190 24
2190 25
2190 26
2190 27
2190 28
2190 29
2190 30
2190 31
2190 32
2190 33
2190 34
2190 35
2190 36
2191 0
2191 1
2191 2
2191 3
2191 4
2191 5
2191 6
2191 7
2191 8
2191 9
2191 10
2191 11
2191 12
2191 156
2191 157
2191 158
2191 159
2191 160
2191 161
2191 162
2191 163
2191 164
2191 165
2191 166
2191 167
2191 168
2191 569
2191 570
2191 571
2191 572
2191 573
2191 574
2191 575
2192 128
2192 129
2192 130
2192 131
2192 132
2192 133
2192 134
2192 135
2192 136
2192 137
2192 138
2192 139
2192 140
2192 141
2192 142
2192 143
2192 144
2192 555
2192 556
2192 557
2195 16
2195 17
2195 18
2195 19
2195 20
2195 21
2195 22
2195 23
2195 24
2195 25
2195 26
2195 27
2195 28
2195 29
2195 30
2195 31
2195 32
2195 33
2196 0
2196 1
2196 2
2196 3
2196 4
2196 5
2196 6
2196 7
2196 8
2196 9
2196 151
2196 152
2196 153
2196 154
2196 155
2196 156
2196 157
2196 158
2196 159
2196 160
2196 161
2196 162
2196 163
2196 164
2196 165
2196 166
2196 566
2196 567
2196 568
2196 569
2196 570
2196 571
2196 572
2196 573
2196 574
2196 575
2197 125
2197 126
2197 127
2197 128
2197 129
2197 130
2197 131
2197 132
2197 133
2197 134
2197 135
2197 136
2197 137
2197 138
2197 139
2197 140
2200 12
2200 13
2200 14
2200 15
2200 16
2200 17
2200 18
2200 19
2200 20
2200 21
2200 22
2200 23
2200 24
2200 25
2200 26
2200 27
2200 28
2200 29
2200 30
2201 0
2201 1
2201 2
2201 3
2201 4
2201 5
2201 6
2201 147
2201 148
2201 149
2201 150
2201 151
2201 152
2201 153
2201 154
2201 155
2201 156
2201 157
2201 158
2201 159
2201 160
2201 161
2201 162
2201 163
2201 164
2201 564
2201 565
2201 566
2201 567
2201 568
2201 569
2201 570
2201 571
2201 572
2201 573
2201 574
2201 575
2202 122
2202 123
2202 124
2202 125
2202 126
2202 127
2202 128
2202 129
2202 130
2202 131
2202 132
2202 133
2202 134
2202 135
2202 136
2205 8
2205 9
2205 10
2205 11
2205 12
2205 13
2205 14
2205 15
2205 16
2205 17
2205 18
2205 19
2205 20
2205 21
2205 22
2205 23
2205 24
2205 25
2205 26
2205 27
2206 0
2206 1
2206 2
2206 143
2206 144
2206 145
2206 146
2206 147
2206 148
2206 149
2206 150
2206 151
2206 152
2206 153
2206 154
2206 155
2206 156
2206 157
2206 158
2206 159
2206 160
2206 161
2206 561
2206 562
2206 563
2206 564
2206 565
2206 566
2206 567
2206 568
2206 569
2206 570
2206 571
2206 572
2206 573
2206 574
2206 575
2207 119
2207 120
2207 121
2207 122
2207 123
2207 124
2207 125
2207 126
2207 127
2207 128
2207 129
2207 130
2207 131
2207 132
2210 4
2210 5
2210 6
2210 7
2210 8
2210 9
2210 10
2210 11
2210 12
2210 13
2210 14
2210 15
2210 16
2210 17
2210 18
2210 19
2210 20
2210 21
2210 22
2210 23
2210 24
2211 139
2211 140
2211 141
2211 142
2211 143
2211 144
2211 145
2211 146
2211 147
2211 148
2211 149
2211 150
2211 151
2211 152
2211 153
2211 154
2211 155
2211 156
2211 157
2211 158
2211 559
2211 560
2211 561
2211 562
2211 563
2211 564
2211 565
2211 566
2211 567
2211 568
2211 569
2211 570
2211 571
2211 572
2211 573
2211 574
2212 117
2212 118
2212 119
2212 120
2212 121
2212 122
2212 123
2212 124
2212 125
2212 126
2212 127
2214 33
2214 34
2214 35
2214 36
2214 37
2214 38
2214 39
2214 40
2215 1
2215 2
2215 3
2215 4
2215 5
2215 6
2215 7
2215 8
2215 9
2215 10
2215 11
2215 12
2215 13
2215 14
2215 15
2215 16
2215 17
2215 18
2215 19
2215 20
2215 21
2215 166
2215 167
2215 168
2215 169
2215 170
2215 171
2215 172
2215 173
2215 174
2215 175
2215 176
2216 136
2216 137
2216 138
2216 139
2216 140
2216 141
2216 142
2216 143
2216 144
2216 145
2216 146
2216 147
2216 148
2216 149
2216 150
2216 151
2216 152
2216 153
2216 154
2216 155
2216 556
2216 557
2216 558
2216 559
2216 560
2216 561
2216 562
2216 563
2216 564
2216 565
2216 566
2216 567
2216 568
2216 569
2216 570
2217 116
2217 117
2217 118
2217 119
2217 120
2217 121
2219 27
2219 28
2219 29
2219 30
2219 31
2219 32
2219 33
2219 34
2219 35
2219 36
2219 37
2219 38
2219 39
2220 0
2220 1
2220 2
2220 3
2220 4
2220 5
2220 6
2220 7
2220 8
2220 9
2220 10
2220 11
2220 12
2220 13
2220 14
2220 15
2220 16
2220 17
2220 18
2220 161
2220 162
2220 163
2220 164
2220 165
2220 166
2220 167
2220 168
2220 169
2220 170
2220 171
2220 172
2220 173
2220 174
2220 175
2220 574
2220 575
2221 132
2221 133
2221 134
2221 135
2221 136
2221 137
2221 138
2221 139
2221 140
2221 141
2221 142
2221 143
2221 144
2221 145
2221 146
2221 147
2221 148
2221 149
2221 150
2221 151
2221 555
2221 556
2221 557
2221 558
2221 559
2221 560
2221 561
2221 562
2221 563
2221 564
2221 565
2221 566
2224 22
2224 23
2224 24
2224 25
2224 26
2224 27
2224 28
2224 29
2224 30
2224 31
2224 32
2224 33
2224 34
2224 35
2224 36
2224 37
2225 0
2225 1
2225 2
2225 3
2225 4
2225 5
2225 6
2225 7
2225 8
2225 9
2225 10
2225 11
2225 12
2225 13
2225 14
2225 15
2225 157
2225 158
2225 159
2225 160
2225 161
2225 162
2225 163
2225 164
2225 165
2225 166
2225 167
2225 168
2225 169
2225 170
2225 171
2225 172
2225 173
2225 570
2225 571
2225 572
2225 573
2225 574
2225 575
2226 129
2226 130
2226 131
2226 132
2226 133
2226 134
2226 135
2226 136
2226 137
2226 138
2226 139
2226 140
2226 141
2226 142
2226 143
2226 144
2226 145
2226 146
2226 147
2226 148
2226 553
2226 554
2226 555
2226 556
2226 557
2226 558
2226 559
2226 560
2226 561
2226 562
2229 18
2229 19
2229 20
2229 21
2229 22
2229 23
2229 24
2229 25
2229 26
2229 27
2229 28
2229 29
2229 30
2229 31
2229 32
2229 33
2229 34
2229 35
2230 0
2230 1
2230 2
2230 3
2230 4
2230 5
2230 6
2230 7
2230 8
2230 9
2230 10
2230 11
2230 152
2230 153
2230 154
2230 155
2230 156
2230 157
2230 158
2230 159
2230 160
2230 161
2230 162
2230 163
2230 164
2230 165
2230 166
2230 167
2230 168
2230 169
2230 170
2230 567
2230 568
2230 569
2230 570
2230 571
2230 572
2230 573
2230 574
2230 575
2231 126
2231 127
2231 128
2231 129
2231 130
2231 131
2231 132
2231 133
2231 134
2231 135
2231 136
2231 137
2231 138
2231 139
2231 140
2231 141
2231 142
2231 143
2231 144
2231 553
2231 554
2231 555
2231 556
2234 13
2234 14
2234 15
2234 16
2234 17
2234 18
2234 19
2234 20
2234 21
2234 22
2234 23
2234 24
2234 25
2234 26
2234 27
2234 28
2234 29
2234 30
2234 31
2234 32
2235 0
2235 1
2235 2
2235 3
2235 4
2235 5
2235 6
2235 7
2235 8
2235 148
2235 149
2235 150
2235 151
2235 152
2235 153
2235 154
2235 155
2235 156
2235 157
2235 158
2235 159
2235 160
2235 161
2235 162
2235 163
2235 164
2235 165
2235 166
2235 167
2235 168
2235 565
2235 566
2235 567
2235 568
2235 569
2235 570
2235 571
2235 572
2235 573
2235 574
2235 575
2236 123
2236 124
2236 125
2236 126
2236 127
2236 128
2236 129
2236 130
2236 131
2236 132
2236 133
2236 134
2236 135
2236 136
2236 137
2236 138
2236 139
2236 140
2236 141
2239 10
2239 11
2239 12
2239 13
2239 14
2239 15
2239 16
2239 17
2239 18
2239 19
2239 20
2239 21
2239 22
2239 23
2239 24
2239 25
2239 26
2239 27
2239 28
2239 29
2240 0
2240 1
2240 2
2240 3
2240 4
2240 144
2240 145
2240 146
2240 147
2240 148
2240 149
2240 150
2240 151
2240 152
2240 153
2240 154
2240 155
2240 156
2240 157
2240 158
2240 159
2240 160
2240 161
2240 162
2240 163
2240 164
2240 165
2240 562
2240 563
2240 564
2240 565
2240 566
2240 567
2240 568
2240 569
2240 570
2240 571
2240 572
2240 573
2240 574
2240 575
2241 120
2241 121
2241 122
2241 123
2241 124
2241 125
2241 126
2241 127
2241 128
2241 129
2241 130
2241 131
2241 132
2241 133
2241 134
2241 135
2241 136
2241 137
2244 6
2244 7
2244 8
2244 9
2244 10
2244 11
2244 12
2244 13
2244 14
2244 15
2244 16
2244 17
2244 18
2244 19
2244 20
2244 21
2244 22
2244 23
2244 24
2244 25
2244 26
2244 173
2244 174
2244 175
2244 176
2244 177
2244 178
2244 179
2244 180
2244 181
2244 182
2245 0
2245 1
2245 141
2245 142
2245 143
2245 144
2245 145
2245 146
2245 147
2245 148
2245 149
2245 150
2245 151
2245 152
2245 153
2245 154
2245 155
2245 156
2245 157
2245 158
2245 159
2245 160
2245 161
2245 162
2245 559
2245 560
2245 561
2245 562
2245 563
2245 564
2245 565
2245 566
2245 567
2245 568
2245 569
2245 570
2245 571
2245 572
2245 573
2245 574
2245 575
2246 117
2246 118
2246 119
2246 120
2246 121
2246 122
2246 123
2246 124
2246 125
2246 126
2246 127
2246 128
2246 129
2246 130
2246 131
2246 132
2249 2
2249 3
2249 4
2249 5
2249 6
2249 7
2249 8
2249 9
2249 10
2249 11
2249 12
2249 13
2249 14
2249 15
2249 16
2249 17
2249 18
2249 19
2249 20
2249 21
2249 22
2249 23
2249 167
2249 168
2249 169
2249 170
2249 171
2249 172
2249 173
2249 174
2249 175
2249 176
2249 177
2249 178
2249 179
2249 180
2249 181
2250 137
2250 138
2250 139
2250 140
2250 141
2250 142
2250 143
2250 144
2250 145
2250 146
2250 147
2250 148
2250 149
2250 150
2250 151
2250 152
2250 153
2250 154
2250 155
2250 156
2250 157
2250 158
2250 159
2250 557
2250 558
2250 559
2250 560
2250 561
2250 562
2250 563
2250 564
2250 565
2250 566
2250 567
2250 568
2250 569
2250 570
2250 571
2250 572
2250 573
2251 115
2251 116
2251 117
2251 118
2251 119
2251 120
2251 121
2251 122
2251 123
2251 124
2251 125
2251 126
2251 127
2251 128
2253 30
2253 31
2253 32
2253 33
2253 34
2253 35
2253 36
2253 37
2253 38
2253 39
2253 40
2254 0
2254 1
2254 2
2254 3
2254 4
2254 5
2254 6
2254 7
2254 8
2254 9
2254 10
2254 11
2254 12
2254 13
2254 14
2254 15
2254 16
2254 17
2254 18
2254 19
2254 20
2254 162
2254 163
2254 164
2254 165
2254 166
2254 167
2254 168
2254 169
2254 170
2254 171
2254 172
2254 173
2254 174
2254 175
2254 176
2254 177
2254 178
2254 179
2254 575
2255 134
2255 135
2255 136
2255 137
2255 138
2255 139
2255 140
2255 141
2255 142
2255 143
2255 144
2255 145
2255 146
2255 147
2255 148
2255 149
2255 150
2255 151
2255 152
2255 153
2255 154
2255 155
2255 555
2255 556
2255 557
2255 558
2255 559
2255 560
2255 561
2255 562
2255 563
2255 564
2255 565
2255 566
2255 567
2255 568
2255 569
2256 113
2256 114
2256 115
2256 116
2256 117
2256 118
2256 119
2256 120
2256 121
2256 122
2258 24
2258 25
2258 26
2258 27
2258 28
2258 29
2258 30
2258 31
2258 32
2258 33
2258 34
2258 35
2258 36
2258 37
2258 38
2259 0
2259 1
2259 2
2259 3
2259 4
2259 5
2259 6
2259 7
2259 8
2259 9
2259 10
2259 11
2259 12
2259 13
2259 14
2259 15
2259 16
2259 158
2259 159
2259 160
2259 161
2259 162
2259 163
2259 164
2259 165
2259 166
2259 167
2259 168
2259 169
2259 170
2259 171
2259 172
2259 173
2259 174
2259 175
2259 176
2259 177
2259 572
2259 573
2259 574
2259 575
2260 130
2260 131
2260 132
2260 133
2260 134
2260 135
2260 136
2260 137
2260 138
2260 139
2260 140
2260 141
2260 142
2260 143
2260 144
2260 145
2260 146
2260 147
2260 148
2260 149
2260 150
2260 151
2260 152
2260 553
2260 554
2260 555
2260 556
2260 557
2260 558
2260 559
2260 560
2260 561
2260 562
2260 563
2260 564
2260 565
2263 20
2263 21
2263 22
2263 23
2263 24
2263 25
2263 26
2263 27
2263 28
2263 29
2263 30
2263 31
2263 32
2263 33
2263 34
2263 35
2263 36
2264 0
2264 1
2264 2
2264 3
2264 4
2264 5
2264 6
2264 7
2264 8
2264 9
2264 10
2264 11
2264 12
2264 13
2264 154
2264 155
2264 156
2264 157
2264 158
2264 159
2264 160
2264 161
2264 162
2264 163
2264 164
2264 165
2264 166
2264 167
2264 168
2264 169
2264 170
2264 171
2264 172
2264 173
2264 174
2264 569
2264 570
2264 571
2264 572
2264 573
2264 574
2264 575
2265 127
2265 128
2265 129
2265 130
2265 131
2265 132
2265 133
2265 134
2265 135
2265 136
2265 137
2265 138
2265 139
2265 140
2265 141
2265 142
2265 143
2265 144
2265 145
2265 146
2265 147
2265 148
2265 552
2265 553
2265 554
2265 555
2265 556
2265 557
2265 558
2265 559
2265 560
2268 15
2268 16
2268 17
2268 18
2268 19
2268 20
2268 21
2268 22
2268 23
2268 24
2268 25
2268 26
2268 27
2268 28
2268 29
2268 30
2268 31
2268 32
2268 33
2269 0
2269 1
2269 2
2269 3
2269 4
2269 5
2269 6
2269 7
2269 8
2269 9
2269 10
2269 150
2269 151
2269 152
2269 153
2269 154
2269 155
2269 156
2269 157
2269 158
2269 159
2269 160
2269 161
2269 162
2269 163
2269 164
2269 165
2269 166
2269 167
2269 168
2269 169
2269 170
2269 171
2269 566
2269 567
2269 568
2269 569
2269 570
2269 571
2269 572
2269 573
2269 574
2269 575
2270 124
2270 125
2270 126
2270 127
2270 128
2270 129
2270 130
2270 131
2270 132
2270 133
2270 134
2270 135
2270 136
2270 137
2270 138
2270 139
2270 140
2270 141
2270 142
2270 143
2270 144
2270 145
2270 552
2270 553
2270 554
2273 11
2273 12
2273 13
2273 14
2273 15
2273 16
2273 17
2273 18
2273 19
2273 20
2273 21
2273 22
2273 23
2273 24
2273 25
2273 26
2273 27
2273 28
2273 29
2273 30
2273 31
2273 179
2273 180
2273 181
2273 182
2273 183
2273 184
2273 185
2273 186
2273 187
2274 0
2274 1
2274 2
2274 3
2274 4
2274 5
2274 6
2274 146
2274 147
2274 148
2274 149
2274 150
2274 151
2274 152
2274 153
2274 154
2274 155
2274 156
2274 157
2274 158
2274 159
2274 160
2274 161
2274 162
2274 163
2274 164
2274 165
2274 166
2274 167
2274 168
2274 563
2274 564
2274 565
2274 566
2274 567
2274 568
2274 569
2274 570
2274 571
2274 572
2274 573
2274 574
2274 575
2275 121
2275 122
2275 123
2275 124
2275 125
2275 126
2275 127
2275 128
2275 129
2275 130
2275 131
2275 132
2275 133
2275 134
2275 135
2275 136
2275 137
2275 138
2275 139
2275 140
2275 141
2278 8
2278 9
2278 10
2278 11
2278 12
2278 13
2278 14
2278 15
2278 16
2278 17
2278 18
2278 19
2278 20
2278 21
2278 22
2278 23
2278 24
2278 25
2278 26
2278 27
2278 28
2278 173
2278 174
2278 175
2278 176
2278 177
2278 178
2278 179
2278 180
2278 181
2278 182
2278 183
2278 184
2278 185
2278 186
2279 0
2279 1
2279 2
2279 3
2279 142
2279 143
2279 144
2279 145
2279 146
2279 147
2279 148
2279 149
2279 150
2279 151
2279 152
2279 153
2279 154
2279 155
2279 156
2279 157
2279 158
2279 159
2279 160
2279 161
2279 162
2279 163
2279 164
2279 165
2279 560
2279 561
2279 562
2279 563
2279 564
2279 565
2279 566
2279 567
2279 568
2279 569
2279 570
2279 571
2279 572
2279 573
2279 574
2279 575
2280 118
2280 119
2280 120
2280 121
2280 122
2280 123
2280 124
2280 125
2280 126
2280 127
2280 128
2280 129
2280 130
2280 131
2280 132
2280 133
2280 134
2280 135
2280 136
2280 137
2283 4
2283 5
2283 6
2283 7
2283 8
2283 9
2283 10
2283 11
2283 12
2283 13
2283 14
2283 15
2283 16
2283 17
2283 18
2283 19
2283 20
2283 21
2283 22
2283 23
2283 24
2283 25
2283 168
2283 169
2283 170
2283 171
2283 172
2283 173
2283 174
2283 175
2283 176
2283 177
2283 178
2283 179
2283 180
2283 181
2283 182
2283 183
2283 184
2283 185
2284 139
2284 140
2284 141
2284 142
2284 143
2284 144
2284 145
2284 146
2284 147
2284 148
2284 149
2284 150
2284 151
2284 152
2284 153
2284 154
2284 155
2284 156
2284 157
2284 158
2284 159
2284 160
2284 161
2284 162
2284 558
2284 559
2284 560
2284 561
2284 562
2284 563
2284 564
2284 565
2284 566
2284 567
2284 568
2284 569
2284 570
2284 571
2284 572
2284 573
2284 574
2284 575
2285 116
2285 117
2285 118
2285 119
2285 120
2285 121
2285 122
2285 123
2285 124
2285 125
2285 126
2285 127
2285 128
2285 129
2285 130
2285 131
2285 132
2285 133
2287 34
2287 35
2287 36
2287 37
2287 38
2287 39
2288 1
2288 2
2288 3
2288 4
2288 5
2288 6
2288 7
2288 8
2288 9
2288 10
2288 11
2288 12
2288 13
2288 14
2288 15
2288 16
2288 17
2288 18
2288 19
2288 20
2288 21
2288 164
2288 165
2288 166
2288 167
2288 168
2288 169
2288 170
2288 171
2288 172
2288 173
2288 174
2288 175
2288 176
2288 177
2288 178
2288 179
2288 180
2288 181
2288 182
2288 183
2289 135
2289 136
2289 137
2289 138
2289 139
2289 140
2289 141
2289 142
2289 143
2289 144
2289 145
2289 146
2289 147
2289 148
2289 149
2289 150
2289 151
2289 152
2289 153
2289 154
2289 155
2289 156
2289 157
2289 158
2289 159
2289 556
2289 557
2289 558
2289 559
2289 560
2289 561
2289 562
2289 563
2289 564
2289 565
2289 566
2289 567
2289 568
2289 569
2289 570
2289 571
2290 114
2290 115
2290 116
2290 117
2290 118
2290 119
2290 120
2290 121
2290 122
2290 123
2290 124
2290 125
2290 126
2290 127
2290 128
2292 27
2292 28
2292 29
2292 30
2292 31
2292 32
2292 33
2292 34
2292 35
2292 36
2292 37
2292 38
2293 0
2293 1
2293 2
2293 3
2293 4
2293 5
2293 6
2293 7
2293 8
2293 9
2293 10
2293 11
2293 12
2293 13
2293 14
2293 15
2293 16
2293 17
2293 18
2293 159
2293 160
2293 161
2293 162
2293 163
2293 164
2293 165
2293 166
2293 167
2293 168
2293 169
2293 170
2293 171
2293 172
2293 173
2293 174
2293 175
2293 176
2293 177
2293 178
2293 179
2293 180
2293 573
2293 574
2293 575
2294 132
2294 133
2294 134
2294 135
2294 136
2294 137
2294 138
2294 139
2294 140
2294 141
2294 142
2294 143
2294 144
2294 145
2294 146
2294 147
2294 148
2294 149
2294 150
2294 151
2294 152
2294 153
2294 154
2294 155
2294 156
2294 554
2294 555
2294 556
2294 557
2294 558
2294 559
2294 560
2294 561
2294 562
2294 563
2294 564
2294 565
2294 566
2294 567
2295 112
2295 113
2295 114
2295 115
2295 116
2295 117
2295 118
2295 119
2295 120
2295 121
2295 122
2297 22
2297 23
2297 24
2297 25
2297 26
2297 27
2297 28
2297 29
2297 30
2297 31
2297 32
2297 33
2297 34
2297 35
2297 36
2297 37
2298 0
2298 1
2298 2
2298 3
2298 4
2298 5
2298 6
2298 7
2298 8
2298 9
2298 10
2298 11
2298 12
2298 13
2298 14
2298 15
2298 155
2298 156
2298 157
2298 158
2298 159
2298 160
2298 161
2298 162
2298 163
2298 164
2298 165
2298 166
2298 167
2298 168
2298 169
2298 170
2298 171
2298 172
2298 173
2298 174
2298 175
2298 176
2298 177
2298 178
2298 570
2298 571
2298 572
2298 573
2298 574
2298 575
2299 129
2299 130
2299 131
2299 132
2299 133
2299 134
2299 135
2299 136
2299 137
2299 138
2299 139
2299 140
2299 141
2299 142
2299 143
2299 144
2299 145
2299 146
2299 147
2299 148
2299 149
2299 150
2299 151
2299 152
2299 552
2299 553
2299 554
2299 555
2299 556
2299 557
2299 558
2299 559
2299 560
2299 561
2299 562
2299 563
2302 18
2302 19
2302 20
2302 21
2302 22
2302 23
2302 24
2302 25
2302 26
2302 27
2302 28
2302 29
2302 30
2302 31
2302 32
2302 33
2302 34
2302 188
2302 189
2302 190
2303 0
2303 1
2303 2
2303 3
2303 4
2303 5
2303 6
2303 7
2303 8
2303 9
2303 10
2303 11
2303 12
2303 152
2303 153
2303 154
2303 155
2303 156
2303 157
2303 158
2303 159
2303 160
2303 161
2303 162
2303 163
2303 164
2303 165
2303 166
2303 167
2303 168
2303 169
2303 170
2303 171
2303 172
2303 173
2303 174
2303 175
2303 567
2303 568
2303 569
2303 570
2303 571
2303 572
2303 573
2303 574
2303 575
2304 126
2304 127
2304 128
2304 129
2304 130
2304 131
2304 132
2304 133
2304 134
2304 135
2304 136
2304 137
2304 138
2304 139
2304 140
2304 141
2304 142
2304 143
2304 144
2304 145
2304 146
2304 147
2304 148
2304 149
2304 551
2304 552
2304 553
2304 554
2304 555
2304 556
2304 557
2304 558
2307 13
2307 14
2307 15
2307 16
2307 17
2307 18
2307 19
2307 20
2307 21
2307 22
2307 23
2307 24
2307 25
2307 26
2307 27
2307 28
2307 29
2307 30
2307 31
2307 32
2307 180
2307 181
2307 182
2307 183
2307 184
2307 185
2307 186
2307 187
2307 188
2307 189
2307 190
2307 191
2307 192
2308 0
2308 1
2308 2
2308 3
2308 4
2308 5
2308 6
2308 7
2308 8
2308 148
2308 149
2308 150
2308 151
2308 152
2308 153
2308 154
2308 155
2308 156
2308 157
2308 158
2308 159
2308 160
2308 161
2308 162
2308 163
2308 164
2308 165
2308 166
2308 167
2308 168
2308 169
2308 170
2308 171
2308 172
2308 564
2308 565
2308 566
2308 567
2308 568
2308 569
2308 570
2308 571
2308 572
2308 573
2308 574
2308 575
2309 123
2309 124
2309 125
2309 126
2309 127
2309 128
2309 129
2309 130
2309 131
2309 132
2309 133
2309 134
2309 135
2309 136
2309 137
2309 138
2309 139
2309 140
2309 141
2309 142
2309 143
2309 144
2309 145
2312 10
2312 11
2312 12
2312 13
2312 14
2312 15
2312 16
2312 17
2312 18
2312 19
2312 20
2312 21
2312 22
2312 23
2312 24
2312 25
2312 26
2312 27
2312 28
2312 29
2312 175
2312 176
2312 177
2312 178
2312 179
2312 180
2312 181
2312 182
2312 183
2312 184
2312 185
2312 186
2312 187
2312 188
2312 189
2312 190
2313 0
2313 1
2313 2
2313 3
2313 4
2313 5
2313 144
2313 145
2313 146
2313 147
2313 148
2313 149
2313 150
2313 151
2313 152
2313 153
2313 154
2313 155
2313 156
2313 157
2313 158
2313 159
2313 160
2313 161
2313 162
2313 163
2313 164
2313 165
2313 166
2313 167
2313 168
2313 169
2313 562
2313 563
2313 564
2313 565
2313 566
2313 567
2313 568
2313 569
2313 570
2313 571
2313 572
2313 573
2313 574
2313 575
2314 120
2314 121
2314 122
2314 123
2314 124
2314 125
2314 126
2314 127
2314 128
2314 129
2314 130
2314 131
2314 132
2314 133
2314 134
2314 135
2314 136
2314 137
2314 138
2314 139
2314 140
2314 141
2317 6
2317 7
2317 8
2317 9
2317 10
2317 11
2317 12
2317 13
2317 14
2317 15
2317 16
2317 17
2317 18
2317 19
2317 20
2317 21
2317 22
2317 23
2317 24
2317 25
2317 26
2317 170
2317 171
2317 172
2317 173
2317 174
2317 175
2317 176
2317 177
2317 178
2317 179
2317 180
2317 181
2317 182
2317 183
2317 184
2317 185
2317 186
2317 187
2317 188
2318 0
2318 1
2318 141
2318 142
2318 143
2318 144
2318 145
2318 146
2318 147
2318 148
2318 149
2318 150
2318 151
2318 152
2318 153
2318 154
2318 155
2318 156
2318 157
2318 158
2318 159
2318 160
2318 161
2318 162
2318 163
2318 164
2318 165
2318 166
2318 559
2318 560
2318 561
2318 562
2318 563
2318 564
2318 565
2318 566
2318 567
2318 568
2318 569
2318 570
2318 571
2318 572
2318 573
2318 574
2318 575
2319 117
2319 118
2319 119
2319 120
2319 121
2319 122
2319 123
2319 124
2319 125
2319 126
2319 127
2319 128
2319 129
2319 130
2319 131
2319 132
2319 133
2319 134
2319 135
2319 136
2319 137
2322 2
2322 3
2322 4
2322 5
2322 6
2322 7
2322 8
2322 9
2322 10
2322 11
2322 12
2322 13
2322 14
2322 15
2322 16
2322 17
2322 18
2322 19
2322 20
2322 21
2322 22
2322 23
2322 166
2322 167
2322 168
2322 169
2322 170
2322 171
2322 172
2322 173
2322 174
2322 175
2322 176
2322 177
2322 178
2322 179
2322 180
2322 181
2322 182
2322 183
2322 184
2322 185
2322 186
2323 137
2323 138
2323 139
2323 140
2323 141
2323 142
2323 143
2323 144
2323 145
2323 146
2323 147
2323 148
2323 149
2323 150
2323 151
2323 152
2323 153
2323 154
2323 155
2323 156
2323 157
2323 158
2323 159
2323 160
2323 161
2323 162
2323 557
2323 558
2323 559
2323 560
2323 561
2323 562
2323 563
2323 564
2323 565
2323 566
2323 567
2323 568
2323 569
2323 570
2323 571
2323 572
2323 573
2323 574
2324 115
2324 116
2324 117
2324 118
2324 119
2324 120
2324 121
2324 122
2324 123
2324 124
2324 125
2324 126
2324 127
2324 128
2324 129
2324 130
2324 131
2324 132
2326 31
2326 32
2326 33
2326 34
2326 35
2326 36
2326 37
2326 38
2327 0
2327 1
2327 2
2327 3
2327 4
2327 5
2327 6
2327 7
2327 8
2327 9
2327 10
2327 11
2327 12
2327 13
2327 14
2327 15
2327 16
2327 17
2327 18
2327 19
2327 20
2327 161
2327 162
2327 163
2327 164
2327 165
2327 166
2327 167
2327 168
2327 169
2327 170
2327 171
2327 172
2327 173
2327 174
2327 175
2327 176
2327 177
2327 178
2327 179
2327 180
2327 181
2327 182
2327 183
2327 184
2327 575
2328 134
2328 135
2328 136
2328 137
2328 138
2328 139
2328 140
2328 141
2328 142
2328 143
2328 144
2328 145
2328 146
2328 147
2328 148
2328 149
2328 150
2328 151
2328 152
2328 153
2328 154
2328 155
2328 156
2328 157
2328 158
2328 159
2328 554
2328 555
2328 556
2328 557
2328 558
2328 559
2328 560
2328 561
2328 562
2328 563
2328 564
2328 565
2328 566
2328 567
2328 568
2328 569
2328 570
2329 113
2329 114
2329 115
2329 116
2329 117
2329 118
2329 119
2329 120
2329 121
2329 122
2329 123
2329 124
2329 125
2329 126
2329 127
2329 128
2331 25
2331 26
2331 27
2331 28
2331 29
2331 30
2331 31
2331 32
2331 33
2331 34
2331 35
2331 36
2331 37
2332 0
2332 1
2332 2
2332 3
2332 4
2332 5
2332 6
2332 7
2332 8
2332 9
2332 10
2332 11
2332 12
2332 13
2332 14
2332 15
2332 16
2332 17
2332 157
2332 158
2332 159
2332 160
2332 161
2332 162
2332 163
2332 164
2332 165
2332 166
2332 167
2332 168
2332 169
2332 170
2332 171
2332 172
2332 173
2332 174
2332 175
2332 176
2332 177
2332 178
2332 179
2332 180
2332 181
2332 572
2332 573
2332 574
2332 575
2333 131
2333 132
2333 133
2333 134
2333 135
2333 136
2333 137
2333 138
2333 139
2333 140
2333 141
2333 142
2333 143
2333 144
2333 145
2333 146
2333 147
2333 148
2333 149
2333 150
2333 151
2333 152
2333 153
2333 154
2333 155
2333 156
2333 552
2333 553
2333 554
2333 555
2333 556
2333 557
2333 558
2333 559
2333 560
2333 561
2333 562
2333 563
2333 564
2333 565
2333 566
2334 112
2334 113
2334 114
2334 115
2334 116
2334 117
2334 118
2334 119
2334 120
2334 121
2334 122
2336 20
2336 21
2336 22
2336 23
2336 24
2336 25
2336 26
2336 27
2336 28
2336 29
2336 30
2336 31
2336 32
2336 33
2336 34
2336 35
2336 188
2336 189
2336 190
2336 191
2336 192
2336 193
2336 194
2336 195
2336 196
2337 0
2337 1
2337 2
2337 3
2337 4
2337 5
2337 6
2337 7
2337 8
2337 9
2337 10
2337 11
2337 12
2337 13
2337 14
2337 154
2337 155
2337 156
2337 157
2337 158
2337 159
2337 160
2337 161
2337 162
2337 163
2337 164
2337 165
2337 166
2337 167
2337 168
2337 169
2337 170
2337 171
2337 172
2337 173
2337 174
2337 175
2337 176
2337 177
2337 178
2337 569
2337 570
2337 571
2337 572
2337 573
2337 574
2337 575
2338 128
2338 129
2338 130
2338 131
2338 132
2338 133
2338 134
2338 135
2338 136
2338 137
2338 138
2338 139
2338 140
2338 141
2338 142
2338 143
2338 144
2338 145
2338 146
2338 147
2338 148
2338 149
2338 150
2338 151
2338 152
2338 551
2338 552
2338 553
2338 554
2338 555
2338 556
2338 557
2338 558
2338 559
2338 560
2338 561
2341 16
2341 17
2341 18
2341 19
2341 20
2341 21
2341 22
2341 23
2341 24
2341 25
2341 26
2341 27
2341 28
2341 29
2341 30
2341 31
2341 32
2341 33
2341 182
2341 183
2341 184
2341 185
2341 186
2341 187
2341 188
2341 189
2341 190
2341 191
2341 192
2341 193
2341 194
2341 195
2341 196
2342 0
2342 1
2342 2
2342 3
2342 4
2342 5
2342 6
2342 7
2342 8
2342 9
2342 10
2342 150
2342 151
2342 152
2342 153
2342 154
2342 155
2342 156
2342 157
2342 158
2342 159
2342 160
2342 161
2342 162
2342 163
2342 164
2342 165
2342 166
2342 167
2342 168
2342 169
2342 170
2342 171
2342 172
2342 173
2342 174
2342 175
2342 566
2342 567
2342 568
2342 569
2342 570
2342 571
2342 572
2342 573
2342 574
2342 575
2343 125
2343 126
2343 127
2343 128
2343 129
2343 130
2343 131
2343 132
2343 133
2343 134
2343 135
2343 136
2343 137
2343 138
2343 139
2343 140
2343 141
2343 142
2343 143
2343 144
2343 145
2343 146
2343 147
2343 148
2343 550
2343 551
2343 552
2343 553
2343 554
2343 555
2343 556
2346 12
2346 13
2346 14
2346 15
2346 16
2346 17
2346 18
2346 19
2346 20
2346 21
2346 22
2346 23
2346 24
2346 25
2346 26
2346 27
2346 28
2346 29
2346 30
2346 176
2346 177
2346 178
2346 179
2346 180
2346 181
2346 182
2346 183
2346 184
2346 185
2346 186
2346 187
2346 188
2346 189
2346 190
2346 191
2346 192
2346 193
2346 194
2347 0
2347 1
2347 2
2347 3
2347 4
2347 5
2347 6
2347 7
2347 146
2347 147
2347 148
2347 149
2347 150
2347 151
2347 152
2347 153
2347 154
2347 155
2347 156
2347 157
2347 158
2347 159
2347 160
2347 161
2347 162
2347 163
2347 164
2347 165
2347 166
2347 167
2347 168
2347 169
2347 170
2347 171
2347 172
2347 563
2347 564
2347 565
2347 566
2347 567
2347 568
2347 569
2347 570
2347 571
2347 572
2347 573
2347 574
2347 575
2348 122
2348 123
2348 124
2348 125
2348 126
2348 127
2348 128
2348 129
2348 130
2348 131
2348 132
2348 133
2348 134
2348 135
2348 136
2348 137
2348 138
2348 139
2348 140
2348 141
2348 142
2348 143
2348 144
2348 145
2351 8
2351 9
2351 10
2351 11
2351 12
2351 13
2351 14
2351 15
2351 16
2351 17
2351 18
2351 19
2351 20
2351 21
2351 22
2351 23
2351 24
2351 25
2351 26
2351 27
2351 172
2351 173
2351 174
2351 175
2351 176
2351 177
2351 178
2351 179
2351 180
2351 181
2351 182
2351 183
2351 184
2351 185
2351 186
2351 187
2351 188
2351 189
2351 190
2351 191
2351 192
2352 0
2352 1
2352 2
2352 3
2352 143
2352 144
2352 145
2352 146
2352 147
2352 148
2352 149
2352 150
2352 151
2352 152
2352 153
2352 154
2352 155
2352 156
2352 157
2352 158
2352 159
2352 160
2352 161
2352 162
2352 163
2352 164
2352 165
2352 166
2352 167
2352 168
2352 169
2352 560
2352 561
2352 562
2352 563
2352 564
2352 565
2352 566
2352 567
2352 568
2352 569
2352 570
2352 571
2352 572
2352 573
2352 574
2352 575
2353 119
2353 120
2353 121
2353 122
2353 123
2353 124
2353 125
2353 126
2353 127
2353 128
2353 129
2353 130
2353 131
2353 132
2353 133
2353 134
2353 135
2353 136
2353 137
2353 138
2353 139
2353 140
2353 141
2356 4
2356 5
2356 6
2356 7
2356 8
2356 9
2356 10
2356 11
2356 12
2356 13
2356 14
2356 15
2356 16
2356 17
2356 18
2356 19
2356 20
2356 21
2356 22
2356 23
2356 24
2356 25
2356 168
2356 169
2356 170
2356 171
2356 172
2356 173
2356 174
2356 175
2356 176
2356 177
2356 178
2356 179
2356 180
2356 181
2356 182
2356 183
2356 184
2356 185
2356 186
2356 187
2356 188
2356 189
2356 190
2357 0
2357 140
2357 141
2357 142
2357 143
2357 144
2357 145
2357 146
2357 147
2357 148
2357 149
2357 150
2357 151
2357 152
2357 153
2357 154
2357 155
2357 156
2357 157
2357 158
2357 159
2357 160
2357 161
2357 162
2357 163
2357 164
2357 165
2357 166
2357 558
2357 559
2357 560
2357 561
2357 562
2357 563
2357 564
2357 565
2357 566
2357 567
2357 568
2357 569
2357 570
2357 571
2357 572
2357 573
2357 574
2357 575
2358 117
2358 118
2358 119
2358 120
2358 121
2358 122
2358 123
2358 124
2358 125
2358 126
2358 127
2358 128
2358 129
2358 130
2358 131
2358 132
2358 133
2358 134
2358 135
2358 136
2358 137
2361 1
2361 2
2361 3
2361 4
2361 5
2361 6
2361 7
2361 8
2361 9
2361 10
2361 11
2361 12
2361 13
2361 14
2361 15
2361 16
2361 17
2361 18
2361 19
2361 20
2361 21
2361 22
2361 164
2361 165
2361 166
2361 167
2361 168
2361 169
2361 170
2361 171
2361 172
2361 173
2361 174
2361 175
2361 176
2361 177
2361 178
2361 179
2361 180
2361 181
2361 182
2361 183
2361 184
2361 185
2361 186
2361 187
2362 136
2362 137
2362 138
2362 139
2362 140
2362 141
2362 142
2362 143
2362 144
2362 145
2362 146
2362 147
2362 148
2362 149
2362 150
2362 151
2362 152
2362 153
2362 154
2362 155
2362 156
2362 157
2362 158
2362 159
2362 160
2362 161
2362 162
2362 555
2362 556
2362 557
2362 558
2362 559
2362 560
2362 561
2362 562
2362 563
2362 564
2362 565
2362 566
2362 567
2362 568
2362 569
2362 570
2362 571
2362 572
2363 115
2363 116
2363 117
2363 118
2363 119
2363 120
2363 121
2363 122
2363 123
2363 124
2363 125
2363 126
2363 127
2363 128
2363 129
2363 130
2363 131
2363 132
2365 28
2365 29
2365 30
2365 31
2365 32
2365 33
2365 34
2365 35
2365 36
2365 37
2365 198
2365 199
2366 0
2366 1
2366 2
2366 3
2366 4
2366 5
2366 6
2366 7
2366 8
2366 9
2366 10
2366 11
2366 12
2366 13
2366 14
2366 15
2366 16
2366 17
2366 18
2366 160
2366 161
2366 162
2366 163
2366 164
2366 165
2366 166
2366 167
2366 168
2366 169
2366 170
2366 171
2366 172
2366 173
2366 174
2366 175
2366 176
2366 177
2366 178
2366 179
2366 180
2366 181
2366 182
2366 183
2366 184
2366 574
2366 575
2367 133
2367 134
2367 135
2367 136
2367 137
2367 138
2367 139
2367 140
2367 141
2367 142
2367 143
2367 144
2367 145
2367 146
2367 147
2367 148
2367 149
2367 150
2367 151
2367 152
2367 153
2367 154
2367 155
2367 156
2367 157
2367 158
2367 159
2367 553
2367 554
2367 555
2367 556
2367 557
2367 558
2367 559
2367 560
2367 561
2367 562
2367 563
2367 564
2367 565
2367 566
2367 567
2367 568
2368 113
2368 114
2368 115
2368 116
2368 117
2368 118
2368 119
2368 120
2368 121
2368 122
2368 123
2368 124
2368 125
2368 126
2368 127
2370 23
2370 24
2370 25
2370 26
2370 27
2370 28
2370 29
2370 30
2370 31
2370 32
2370 33
2370 34
2370 35
2370 36
2370 189
2370 190
2370 191
2370 192
2370 193
2370 194
2370 195
2370 196
2370 197
2370 198
2370 199
2370 200
2370 201
2371 0
2371 1
2371 2
2371 3
2371 4
2371 5
2371 6
2371 7
2371 8
2371 9
2371 10
2371 11
2371 12
2371 13
2371 14
2371 15
2371 156
2371 157
2371 158
2371 159
2371 160
2371 161
2371 162
2371 163
2371 164
2371 165
2371 166
2371 167
2371 168
2371 169
2371 170
2371 171
2371 172
2371 173
2371 174
2371 175
2371 176
2371 177
2371 178
2371 179
2371 180
2371 181
2371 570
2371 571
2371 572
2371 573
2371 574
2371 575
2372 130
2372 131
2372 132
2372 133
2372 134
2372 135
2372 136
2372 137
2372 138
2372 139
2372 140
2372 141
2372 142
2372 143
2372 144
2372 145
2372 146
2372 147
2372 148
2372 149
2372 150
2372 151
2372 152
2372 153
2372 154
2372 155
2372 552
2372 553
2372 554
2372 555
2372 556
2372 557
2372 558
2372 559
2372 560
2372 561
2372 562
2372 563
2372 564
2373 113
2373 114
2373 115
2373 116
2373 117
2373 118
2373 119
2373 120
2373 121
2375 18
2375 19
2375 20
2375 21
2375 22
2375 23
2375 24
2375 25
2375 26
2375 27
2375 28
2375 29
2375 30
2375 31
2375 32
2375 33
2375 34
2375 183
2375 184
2375 185
2375 186
2375 187
2375 188
2375 189
2375 190
2375 191
2375 192
2375 193
2375 194
2375 195
2375 196
2375 197
2375 198
2375 199
2375 200
2376 0
2376 1
2376 2
2376 3
2376 4
2376 5
2376 6
2376 7
2376 8
2376 9
2376 10
2376 11
2376 12
2376 152
2376 153
2376 154
2376 155
2376 156
2376 157
2376 158
2376 159
2376 160
2376 161
2376 162
2376 163
2376 164
2376 165
2376 166
2376 167
2376 168
2376 169
2376 170
2376 171
2376 172
2376 173
2376 174
2376 175
2376 176
2376 177
2376 178
2376 567
2376 568
2376 569
2376 570
2376 571
2376 572
2376 573
2376 574
2376 575
2377 127
2377 128
2377 129
2377 130
2377 131
2377 132
2377 133
2377 134
2377 135
2377 136
2377 137
2377 138
2377 139
2377 140
2377 141
2377 142
2377 143
2377 144
2377 145
2377 146
2377 147
2377 148
2377 149
2377 150
2377 151
2377 152
2377 550
2377 551
2377 552
2377 553
2377 554
2377 555
2377 556
2377 557
2377 558
2377 559
2377 560
2380 14
2380 15
2380 16
2380 17
2380 18
2380 19
2380 20
2380 21
2380 22
2380 23
2380 24
2380 25
2380 26
2380 27
2380 28
2380 29
2380 30
2380 31
2380 179
2380 180
2380 181
2380 182
2380 183
2380 184
2380 185
2380 186
2380 187
2380 188
2380 189
2380 190
2380 191
2380 192
2380 193
2380 194
2380 195
2380 196
2380 197
2380 198
2381 0
2381 1
2381 2
2381 3
2381 4
2381 5
2381 6
2381 7
2381 8
2381 9
2381 149
2381 150
2381 151
2381 152
2381 153
2381 154
2381 155
2381 156
2381 157
2381 158
2381 159
2381 160
2381 161
2381 162
2381 163
2381 164
2381 165
2381 166
2381 167
2381 168
2381 169
2381 170
2381 171
2381 172
2381 173
2381 174
2381 175
2381 565
2381 566
2381 567
2381 568
2381 569
2381 570
2381 571
2381 572
2381 573
2381 574
2381 575
2382 124
2382 125
2382 126
2382 127
2382 128
2382 129
2382 130
2382 131
2382 132
2382 133
2382 134
2382 135
2382 136
2382 137
2382 138
2382 139
2382 140
2382 141
2382 142
2382 143
2382 144
2382 145
2382 146
2382 147
2382 148
2382 550
2382 551
2382 552
2382 553
2382 554
2385 10
2385 11
2385 12
2385 13
2385 14
2385 15
2385 16
2385 17
2385 18
2385 19
2385 20
2385 21
2385 22
2385 23
2385 24
2385 25
2385 26
2385 27
2385 28
2385 29
2385 174
2385 175
2385 176
2385 177
2385 178
2385 179
2385 180
2385 181
2385 182
2385 183
2385 184
2385 185
2385 186
2385 187
2385 188
2385 189
2385 190
2385 191
2385 192
2385 193
2385 194
2385 195
2386 0
2386 1
2386 2
2386 3
2386 4
2386 5
2386 145
2386 146
2386 147
2386 148
2386 149
2386 150
2386 151
2386 152
2386 153
2386 154
2386 155
2386 156
2386 157
2386 158
2386 159
2386 160
2386 161
2386 162
2386 163
2386 164
2386 165
2386 166
2386 167
2386 168
2386 169
2386 170
2386 171
2386 172
2386 562
2386 563
2386 564
2386 565
2386 566
2386 567
2386 568
2386 569
2386 570
2386 571
2386 572
2386 573
2386 574
2386 575
2387 121
2387 122
2387 123
2387 124
2387 125
2387 126
2387 127
2387 128
2387 129
2387 130
2387 131
2387 132
2387 133
2387 134
2387 135
2387 136
2387 137
2387 138
2387 139
2387 140
2387 141
2387 142
2387 143
2387 144
2390 6
2390 7
2390 8
2390 9
2390 10
2390 11
2390 12
2390 13
2390 14
2390 15
2390 16
2390 17
2390 18
2390 19
2390 20
2390 21
2390 22
2390 23
2390 24
2390 25
2390 26
2390 170
2390 171
2390 172
2390 173
2390 174
2390 175
2390 176
2390 177
2390 178
2390 179
2390 180
2390 181
2390 182
2390 183
2390 184
2390 185
2390 186
2390 187
2390 188
2390 189
2390 190
2390 191
2390 192
2390 193
2391 0
2391 1
2391 2
2391 142
2391 143
2391 144
2391 145
2391 146
2391 147
2391 148
2391 149
2391 150
2391 151
2391 152
2391 153
2391 154
2391 155
2391 156
2391 157
2391 158
2391 159
2391 160
2391 161
2391 162
2391 163
2391 164
2391 165
2391 166
2391 167
2391 168
2391 169
2391 559
2391 560
2391 561
2391 562
2391 563
2391 564
2391 565
2391 566
2391 567
2391 568
2391 569
2391 570
2391 571
2391 572
2391 573
2391 574
2391 575
2392 119
2392 120
2392 121
2392 122
2392 123
2392 124
2392 125
2392 126
2392 127
2392 128
2392 129
2392 130
2392 131
2392 132
2392 133
2392 134
2392 135
2392 136
2392 137
2392 138
2392 139
2392 140
2395 3
2395 4
2395 5
2395 6
2395 7
2395 8
2395 9
2395 10
2395 11
2395 12
2395 13
2395 14
2395 15
2395 16
2395 17
2395 18
2395 19
2395 20
2395 21
2395 22
2395 23
2395 166
2395 167
2395 168
2395 169
2395 170
2395 171
2395 172
2395 173
2395 174
2395 175
2395 176
2395 177
2395 178
2395 179
2395 180
2395 181
2395 182
2395 183
2395 184
2395 185
2395 186
2395 187
2395 188
2395 189
2395 190
2396 139
2396 140
2396 141
2396 142
2396 143
2396 144
2396 145
2396 146
2396 147
2396 148
2396 149
2396 150
2396 151
2396 152
2396 153
2396 154
2396 155
2396 156
2396 157
2396 158
2396 159
2396 160
2396 161
2396 162
2396 163
2396 164
2396 165
2396 166
2396 557
2396 558
2396 559
2396 560
2396 561
2396 562
2396 563
2396 564
2396 565
2396 566
2396 567
2396 568
2396 569
2396 570
2396 571
2396 572
2396 573
2396 574
2397 117
2397 118
2397 119
2397 120
2397 121
2397 122
2397 123
2397 124
2397 125
2397 126
2397 127
2397 128
2397 129
2397 130
2397 131
2397 132
2397 133
2397 134
2397 135
2397 136
2399 197
2399 198
2399 199
2399 200
2399 201
2399 202
2399 203
2399 204
2399 205
2400 0
2400 1
2400 2
2400 3
2400 4
2400 5
2400 6
2400 7
2400 8
2400 9
2400 10
2400 11
2400 12
2400 13
2400 14
2400 15
2400 16
2400 17
2400 18
2400 19
2400 20
2400 162
2400 163
2400 164
2400 165
2400 166
2400 167
2400 168
2400 169
2400 170
2400 171
2400 172
2400 173
2400 174
2400 175
2400 176
2400 177
2400 178
2400 179
2400 180
2400 181
2400 182
2400 183
2400 184
2400 185
2400 186
2400 187
2401 135
2401 136
2401 137
2401 138
2401 139
2401 140
2401 141
2401 142
2401 143
2401 144
2401 145
2401 146
2401 147
2401 148
2401 149
2401 150
2401 151
2401 152
2401 153
2401 154
2401 155
2401 156
2401 157
2401 158
2401 159
2401 160
2401 161
2401 162
2401 555
2401 556
2401 557
2401 558
2401 559
2401 560
2401 561
2401 562
2401 563
2401 564
2401 565
2401 566
2401 567
2401 568
2401 569
2401 570
2402 115
2402 116
2402 117
2402 118
2402 119
2402 120
2402 121
2402 122
2402 123
2402 124
2402 125
2402 126
2402 127
2402 128
2402 129
2402 130
2402 131
2404 27
2404 28
2404 29
2404 30
2404 31
2404 32
2404 33
2404 34
2404 35
2404 191
2404 192
2404 193
2404 194
2404 195
2404 196
2404 197
2404 198
2404 199
2404 200
2404 201
2404 202
2404 203
2404 204
2404 205
2405 0
2405 1
2405 2
2405 3
2405 4
2405 5
2405 6
2405 7
2405 8
2405 9
2405 10
2405 11
2405 12
2405 13
2405 14
2405 15
2405 16
2405 17
2405 158
2405 159
2405 160
2405 161
2405 162
2405 163
2405 164
2405 165
2405 166
2405 167
2405 168
2405 169
2405 170
2405 171
2405 172
2405 173
2405 174
2405 175
2405 176
2405 177
2405 178
2405 179
2405 180
2405 181
2405 182
2405 183
2405 184
2405 572
2405 573
2405 574
2405 575
2406 132
2406 133
2406 134
2406 135
2406 136
2406 137
2406 138
2406 139
2406 140
2406 141
2406 142
2406 143
2406 144
2406 145
2406 146
2406 147
2406 148
2406 149
2406 150
2406 151
2406 152
2406 153
2406 154
2406 155
2406 156
2406 157
2406 158
2406 159
2406 553
2406 554
2406 555
2406 556
2406 557
2406 558
2406 559
2406 560
2406 561
2406 562
2406 563
2406 564
2406 565
2406 566
2407 114
2407 115
2407 116
2407 117
2407 118
2407 119
2407 120
2407 121
2407 122
2407 123
2407 124
2407 125
2407 126
2409 21
2409 22
2409 23
2409 24
2409 25
2409 26
2409 27
2409 28
2409 29
2409 30
2409 31
2409 32
2409 33
2409 34
2409 185
2409 186
2409 187
2409 188
2409 189
2409 190
2409 191
2409 192
2409 193
2409 194
2409 195
2409 196
2409 197
2409 198
2409 199
2409 200
2409 201
2409 202
2409 203
2410 0
2410 1
2410 2
2410 3
2410 4
2410 5
2410 6
2410 7
2410 8
2410 9
2410 10
2410 11
2410 12
2410 13
2410 14
2410 155
2410 156
2410 157
2410 158
2410 159
2410 160
2410 161
2410 162
2410 163
2410 164
2410 165
2410 166
2410 167
2410 168
2410 169
2410 170
2410 171
2410 172
2410 173
2410 174
2410 175
2410 176
2410 177
2410 178
2410 179
2410 180
2410 181
2410 569
2410 570
2410 571
2410 572
2410 573
2410 574
2410 575
2411 129
2411 130
2411 131
2411 132
2411 133
2411 134
2411 135
2411 136
2411 137
2411 138
2411 139
2411 140
2411 141
2411 142
2411 143
2411 144
2411 145
2411 146
2411 147
2411 148
2411 149
2411 150
2411 151
2411 152
2411 153
2411 154
2411 155
2411 551
2411 552
2411 553
2411 554
2411 555
2411 556
2411 557
2411 558
2411 559
2411 560
2411 561
2411 562
2412 115
2412 116
2412 117
2412 118
2412 119
2414 17
2414 18
2414 19
2414 20
2414 21
2414 22
2414 23
2414 24
2414 25
2414 26
2414 27
2414 28
2414 29
2414 30
2414 31
2414 32
2414 181
2414 182
2414 183
2414 184
2414 185
2414 186
2414 187
2414 188
2414 189
2414 190
2414 191
2414 192
2414 193
2414 194
2414 195
2414 196
2414 197
2414 198
2414 199
2414 200
2414 201
2415 0
2415 1
2415 2
2415 3
2415 4
2415 5
2415 6
2415 7
2415 8
2415 9
2415 10
2415 151
2415 152
2415 153
2415 154
2415 155
2415 156
2415 157
2415 158
2415 159
2415 160
2415 161
2415 162
2415 163
2415 164
2415 165
2415 166
2415 167
2415 168
2415 169
2415 170
2415 171
2415 172
2415 173
2415 174
2415 175
2415 176
2415 177
2415 178
2415 566
2415 567
2415 568
2415 569
2415 570
2415 571
2415 572
2415 573
2415 574
2415 575
2416 127
2416 128
2416 129
2416 130
2416 131
2416 132
2416 133
2416 134
2416 135
2416 136
2416 137
2416 138
2416 139
2416 140
2416 141
2416 142
2416 143
2416 144
2416 145
2416 146
2416 147
2416 148
2416 149
2416 150
2416 151
2416 152
2416 550
2416 551
2416 552
2416 553
2416 554
2416 555
2416 556
2416 557
2419 13
2419 14
2419 15
2419 16
2419 17
2419 18
2419 19
2419 20
2419 21
2419 22
2419 23
2419 24
2419 25
2419 26
2419 27
2419 28
2419 29
2419 176
2419 177
2419 178
2419 179
2419 180
2419 181
2419 182
2419 183
2419 184
2419 185
2419 186
2419 187
2419 188
2419 189
2419 190
2419 191
2419 192
2419 193
2419 194
2419 195
2419 196
2419 197
2419 198
2419 199
2420 0
2420 1
2420 2
2420 3
2420 4
2420 5
2420 6
2420 7
2420 148
2420 149
2420 150
2420 151
2420 152
2420 153
2420 154
2420 155
2420 156
2420 157
2420 158
2420 159
2420 160
2420 161
2420 162
2420 163
2420 164
2420 165
2420 166
2420 167
2420 168
2420 169
2420 170
2420 171
2420 172
2420 173
2420 174
2420 175
2420 564
2420 565
2420 566
2420 567
2420 568
2420 569
2420 570
2420 571
2420 572
2420 573
2420 574
2420 575
2421 124
2421 125
2421 126
2421 127
2421 128
2421 129
2421 130
2421 131
2421 132
2421 133
2421 134
2421 135
2421 136
2421 137
2421 138
2421 139
2421 140
2421 141
2421 142
2421 143
2421 144
2421 145
2421 146
2421 147
2421 148
2424 9
2424 10
2424 11
2424 12
2424 13
2424 14
2424 15
2424 16
2424 17
2424 18
2424 19
2424 20
2424 21
2424 22
2424 23
2424 24
2424 25
2424 26
2424 27
2424 172
2424 173
2424 174
2424 175
2424 176
2424 177
2424 178
2424 179
2424 180
2424 181
2424 182
2424 183
2424 184
2424 185
2424 186
2424 187
2424 188
2424 189
2424 190
2424 191
2424 192
2424 193
2424 194
2424 195
2424 196
2425 0
2425 1
2425 2
2425 3
2425 144
2425 145
2425 146
2425 147
2425 148
2425 149
2425 150
2425 151
2425 152
2425 153
2425 154
2425 155
2425 156
2425 157
2425 158
2425 159
2425 160
2425 161
2425 162
2425 163
2425 164
2425 165
2425 166
2425 167
2425 168
2425 169
2425 170
2425 171
2425 172
2425 561
2425 562
2425 563
2425 564
2425 565
2425 566
2425 567
2425 568
2425 569
2425 570
2425 571
2425 572
2425 573
2425 574
2425 575
2426 121
2426 122
2426 123
2426 124
2426 125
2426 126
2426 127
2426 128
2426 129
2426 130
2426 131
2426 132
2426 133
2426 134
2426 135
2426 136
2426 137
2426 138
2426 139
2426 140
2426 141
2426 142
2426 143
2426 144
2429 5
2429 6
2429 7
2429 8
2429 9
2429 10
2429 11
2429 12
2429 13
2429 14
2429 15
2429 16
2429 17
2429 18
2429 19
2429 20
2429 21
2429 22
2429 23
2429 24
2429 168
2429 169
2429 170
2429 171
2429 172
2429 173
2429 174
2429 175
2429 176
2429 177
2429 178
2429 179
2429 180
2429 181
2429 182
2429 183
2429 184
2429 185
2429 186
2429 187
2429 188
2429 189
2429 190
2429 191
2429 192
2429 193
2430 0
2430 141
2430 142
2430 143
2430 144
2430 145
2430 146
2430 147
2430 148
2430 149
2430 150
2430 151
2430 152
2430 153
2430 154
2430 155
2430 156
2430 157
2430 158
2430 159
2430 160
2430 161
2430 162
2430 163
2430 164
2430 165
2430 166
2430 167
2430 168
2430 169
2430 558
2430 559
2430 560
2430 561
2430 562
2430 563
2430 564
2430 565
2430 566
2430 567
2430 568
2430 569
2430 570
2430 571
2430 572
2430 573
2430 574
2430 575
2431 119
2431 120
2431 121
2431 122
2431 123
2431 124
2431 125
2431 126
2431 127
2431 128
2431 129
2431 130
2431 131
2431 132
2431 133
2431 134
2431 135
2431 136
2431 137
2431 138
2431 139
2431 140
2433 199
2433 200
2433 201
2433 202
2433 203
2433 204
2433 205
2433 206
2433 207
2433 208
2433 209
2434 2
2434 3
2434 4
2434 5
2434 6
2434 7
2434 8
2434 9
2434 10
2434 11
2434 12
2434 13
2434 14
2434 15
2434 16
2434 17
2434 18
2434 19
2434 20
2434 21
2434 164
2434 165
2434 166
2434 167
2434 168
2434 169
2434 170
2434 171
2434 172
2434 173
2434 174
2434 175
2434 176
2434 177
2434 178
2434 179
2434 180
2434 181
2434 182
2434 183
2434 184
2434 185
2434 186
2434 187
2434 188
2434 189
2434 190
2435 138
2435 139
2435 140
2435 141
2435 142
2435 143
2435 144
2435 145
2435 146
2435 147
2435 148
2435 149
2435 150
2435 151
2435 152
2435 153
2435 154
2435 155
2435 156
2435 157
2435 158
2435 159
2435 160
2435 161
2435 162
2435 163
2435 164
2435 165
2435 556
2435 557
2435 558
2435 559
2435 560
2435 561
2435 562
2435 563
2435 564
2435 565
2435 566
2435 567
2435 568
2435 569
2435 570
2435 571
2435 572
2436 117
2436 118
2436 119
2436 120
2436 121
2436 122
2436 123
2436 124
2436 125
2436 126
2436 127
2436 128
2436 129
2436 130
2436 131
2436 132
2436 133
2436 134
2436 135
2438 193
2438 194
2438 195
2438 196
2438 197
2438 198
2438 199
2438 200
2438 201
2438 202
2438 203
2438 204
2438 205
2438 206
2438 207
2438 208
2439 0
2439 1
2439 2
2439 3
2439 4
2439 5
2439 6
2439 7
2439 8
2439 9
2439 10
2439 11
2439 12
2439 13
2439 14
2439 15
2439 16
2439 17
2439 18
2439 161
2439 162
2439 163
2439 164
2439 165
2439 166
2439 167
2439 168
2439 169
2439 170
2439 171
2439 172
2439 173
2439 174
2439 175
2439 176
2439 177
2439 178
2439 179
2439 180
2439 181
2439 182
2439 183
2439 184
2439 185
2439 186
2439 187
2439 188
2439 574
2439 575
2440 135
2440 136
2440 137
2440 138
2440 139
2440 140
2440 141
2440 142
2440 143
2440 144
2440 145
2440 146
2440 147
2440 148
2440 149
2440 150
2440 151
2440 152
2440 153
2440 154
2440 155
2440 156
2440 157
2440 158
2440 159
2440 160
2440 161
2440 162
2440 554
2440 555
2440 556
2440 557
2440 558
2440 559
2440 560
2440 561
2440 562
2440 563
2440 564
2440 565
2440 566
2440 567
2440 568
2441 116
2441 117
2441 118
2441 119
2441 120
2441 121
2441 122
2441 123
2441 124
2441 125
2441 126
2441 127
2441 128
2441 129
2441 130
2441 131
2443 25
2443 26
2443 27
2443 28
2443 29
2443 30
2443 31
2443 32
2443 33
2443 188
2443 189
2443 190
2443 191
2443 192
2443 193
2443 194
2443 195
2443 196
2443 197
2443 198
2443 199
2443 200
2443 201
2443 202
2443 203
2443 204
2443 205
2443 206
2444 0
2444 1
2444 2
2444 3
2444 4
2444 5
2444 6
2444 7
2444 8
2444 9
2444 10
2444 11
2444 12
2444 13
2444 14
2444 15
2444 157
2444 158
2444 159
2444 160
2444 161
2444 162
2444 163
2444 164
2444 165
2444 166
2444 167
2444 168
2444 169
2444 170
2444 171
2444 172
2444 173
2444 174
2444 175
2444 176
2444 177
2444 178
2444 179
2444 180
2444 181
2444 182
2444 183
2444 184
2444 571
2444 572
2444 573
2444 574
2444 575
2445 132
2445 133
2445 134
2445 135
2445 136
2445 137
2445 138
2445 139
2445 140
2445 141
2445 142
2445 143
2445 144
2445 145
2445 146
2445 147
2445 148
2445 149
2445 150
2445 151
2445 152
2445 153
2445 154
2445 155
2445 156
2445 157
2445 158
2445 552
2445 553
2445 554
2445 555
2445 556
2445 557
2445 558
2445 559
2445 560
2445 561
2445 562
2445 563
2445 564
2446 115
2446 116
2446 117
2446 118
2446 119
2446 120
2446 121
2446 122
2446 123
2446 124
2446 125
2448 20
2448 21
2448 22
2448 23
2448 24
2448 25
2448 26
2448 27
2448 28
2448 29
2448 30
2448 31
2448 32
2448 183
2448 184
2448 185
2448 186
2448 187
2448 188
2448 189
2448 190
2448 191
2448 192
2448 193
2448 194
2448 195
2448 196
2448 197
2448 198
2448 199
2448 200
2448 201
2448 202
2448 203
2448 204
2449 0
2449 1
2449 2
2449 3
2449 4
2449 5
2449 6
2449 7
2449 8
2449 9
2449 10
2449 11
2449 12
2449 154
2449 155
2449 156
2449 157
2449 158
2449 159
2449 160
2449 161
2449 162
2449 163
2449 164
2449 165
2449 166
2449 167
2449 168
2449 169
2449 170
2449 171
2449 172
2449 173
2449 174
2449 175
2449 176
2449 177
2449 178
2449 179
2449 180
2449 181
2449 568
2449 569
2449 570
2449 571
2449 572
2449 573
2449 574
2449 575
2450 129
2450 130
2450 131
2450 132
2450 133
2450 134
2450 135
2450 136
2450 137
2450 138
2450 139
2450 140
2450 141
2450 142
2450 143
2450 144
2450 145
2450 146
2450 147
2450 148
2450 149
2450 150
2450 151
2450 152
2450 153
2450 154
2450 155
2450 551
2450 552
2450 553
2450 554
2450 555
2450 556
2450 557
2450 558
2450 559
2450 560
2453 15
2453 16
2453 17
2453 18
2453 19
2453 20
2453 21
2453 22
2453 23
2453 24
2453 25
2453 26
2453 27
2453 28
2453 29
2453 30
2453 179
2453 180
2453 181
2453 182
2453 183
2453 184
2453 185
2453 186
2453 187
2453 188
2453 189
2453 190
2453 191
2453 192
2453 193
2453 194
2453 195
2453 196
2453 197
2453 198
2453 199
2453 200
2453 201
2453 202
2454 0
2454 1
2454 2
2454 3
2454 4
2454 5
2454 6
2454 7
2454 8
2454 9
2454 150
2454 151
2454 152
2454 153
2454 154
2454 155
2454 156
2454 157
2454 158
2454 159
2454 160
2454 161
2454 162
2454 163
2454 164
2454 165
2454 166
2454 167
2454 168
2454 169
2454 170
2454 171
2454 172
2454 173
2454 174
2454 175
2454 176
2454 177
2454 178
2454 565
2454 566
2454 567
2454 568
2454 569
2454 570
2454 571
2454 572
2454 573
2454 574
2454 575
2455 127
2455 128
2455 129
2455 130
2455 131
2455 132
2455 133
2455 134
2455 135
2455 136
2455 137
2455 138
2455 139
2455 140
2455 141
2455 142
2455 143
2455 144
2455 145
2455 146
2455 147
2455 148
2455 149
2455 150
2455 151
2455 551
2455 552
2455 553
2455 554
2458 11
2458 12
2458 13
2458 14
2458 15
2458 16
2458 17
2458 18
2458 19
2458 20
2458 21
2458 22
2458 23
2458 24
2458 25
2458 26
2458 27
2458 28
2458 175
2458 176
2458 177
2458 178
2458 179
2458 180
2458 181
2458 182
2458 183
2458 184
2458 185
2458 186
2458 187
2458 188
2458 189
2458 190
2458 191
2458 192
2458 193
2458 194
2458 195
2458 196
2458 197
2458 198
2458 199
2459 0
2459 1
2459 2
2459 3
2459 4
2459 5
2459 147
2459 148
2459 149
2459 150
2459 151
2459 152
2459 153
2459 154
2459 155
2459 156
2459 157
2459 158
2459 159
2459 160
2459 161
2459 162
2459 163
2459 164
2459 165
2459 166
2459 167
2459 168
2459 169
2459 170
2459 171
2459 172
2459 173
2459 174
2459 175
2459 563
2459 564
2459 565
2459 566
2459 567
2459 568
2459 569
2459 570
2459 571
2459 572
2459 573
2459 574
2459 575
2460 124
2460 125
2460 126
2460 127
2460 128
2460 129
2460 130
2460 131
2460 132
2460 133
2460 134
2460 135
2460 136
2460 137
2460 138
2460 139
2460 140
2460 141
2460 142
2460 143
2460 144
2460 145
2460 146
2460 147
2462 208
2462 209
2462 210
2462 211
2462 212
2462 213
2463 8
2463 9
2463 10
2463 11
2463 12
2463 13
2463 14
2463 15
2463 16
2463 17
2463 18
2463 19
2463 20
2463 21
2463 22
2463 23
2463 24
2463 25
2463 171
2463 172
2463 173
2463 174
2463 175
2463 176
2463 177
2463 178
2463 179
2463 180
2463 181
2463 182
2463 183
2463 184
2463 185
2463 186
2463 187
2463 188
2463 189
2463 190
2463 191
2463 192
2463 193
2463 194
2463 195
2463 196
2464 0
2464 1
2464 2
2464 144
2464 145
2464 146
2464 147
2464 148
2464 149
2464 150
2464 151
2464 152
2464 153
2464 154
2464 155
2464 156
2464 157
2464 158
2464 159
2464 160
2464 161
2464 162
2464 163
2464 164
2464 165
2464 166
2464 167
2464 168
2464 169
2464 170
2464 171
2464 172
2464 560
2464 561
2464 562
2464 563
2464 564
2464 565
2464 566
2464 567
2464 568
2464 569
2464 570
2464 571
2464 572
2464 573
2464 574
2464 575
2465 122
2465 123
2465 124
2465 125
2465 126
2465 127
2465 128
2465 129
2465 130
2465 131
2465 132
2465 133
2465 134
2465 135
2465 136
2465 137
2465 138
2465 139
2465 140
2465 141
2465 142
2465 143
2467 200
2467 201
2467 202
2467 203
2467 204
2467 205
2467 206
2467 207
2467 208
2467 209
2467 210
2467 211
2467 212
2467 213
2468 4
2468 5
2468 6
2468 7
2468 8
2468 9
2468 10
2468 11
2468 12
2468 13
2468 14
2468 15
2468 16
2468 17
2468 18
2468 19
2468 20
2468 21
2468 22
2468 167
2468 168
2468 169
2468 170
2468 171
2468 172
2468 173
2468 174
2468 175
2468 176
2468 177
2468 178
2468 179
2468 180
2468 181
2468 182
2468 183
2468 184
2468 185
2468 186
2468 187
2468 188
2468 189
2468 190
2468 191
2468 192
2468 193
2469 141
2469 142
2469 143
2469 144
2469 145
2469 146
2469 147
2469 148
2469 149
2469 150
2469 151
2469 152
2469 153
2469 154
2469 155
2469 156
2469 157
2469 158
2469 159
2469 160
2469 161
2469 162
2469 163
2469 164
2469 165
2469 166
2469 167
2469 168
2469 558
2469 559
2469 560
2469 561
2469 562
2469 563
2469 564
2469 565
2469 566
2469 567
2469 568
2469 569
2469 570
2469 571
2469 572
2469 573
2469 574
2470 120
2470 121
2470 122
2470 123
2470 124
2470 125
2470 126
2470 127
2470 128
2470 129
2470 130
2470 131
2470 132
2470 133
2470 134
2470 135
2470 136
2470 137
2470 138
2470 139
2472 195
2472 196
2472 197
2472 198
2472 199
2472 200
2472 201
2472 202
2472 203
2472 204
2472 205
2472 206
2472 207
2472 208
2472 209
2472 210
2472 211
2472 212
2473 1
2473 2
2473 3
2473 4
2473 5
2473 6
2473 7
2473 8
2473 9
2473 10
2473 11
2473 12
2473 13
2473 14
2473 15
2473 16
2473 17
2473 18
2473 19
2473 163
2473 164
2473 165
2473 166
2473 167
2473 168
2473 169
2473 170
2473 171
2473 172
2473 173
2473 174
2473 175
2473 176
2473 177
2473 178
2473 179
2473 180
2473 181
2473 182
2473 183
2473 184
2473 185
2473 186
2473 187
2473 188
2473 189
2473 190
2473 191
2474 138
2474 139
2474 140
2474 141
2474 142
2474 143
2474 144
2474 145
2474 146
2474 147
2474 148
2474 149
2474 150
2474 151
2474 152
2474 153
2474 154
2474 155
2474 156
2474 157
2474 158
2474 159
2474 160
2474 161
2474 162
2474 163
2474 164
2474 165
2474 556
2474 557
2474 558
2474 559
2474 560
2474 561
2474 562
2474 563
2474 564
2474 565
2474 566
2474 567
2474 568
2474 569
2474 570
2475 118
2475 119
2475 120
2475 121
2475 122
2475 123
2475 124
2475 125
2475 126
2475 127
2475 128
2475 129
2475 130
2475 131
2475 132
2475 133
2475 134
2475 135
2477 190
2477 191
2477 192
2477 193
2477 194
2477 195
2477 196
2477 197
2477 198
2477 199
2477 200
2477 201
2477 202
2477 203
2477 204
2477 205
2477 206
2477 207
2477 208
2477 209
2477 210
2478 0
2478 1
2478 2
2478 3
2478 4
2478 5
2478 6
2478 7
2478 8
2478 9
2478 10
2478 11
2478 12
2478 13
2478 14
2478 15
2478 16
2478 160
2478 161
2478 162
2478 163
2478 164
2478 165
2478 166
2478 167
2478 168
2478 169
2478 170
2478 171
2478 172
2478 173
2478 174
2478 175
2478 176
2478 177
2478 178
2478 179
2478 180
2478 181
2478 182
2478 183
2478 184
2478 185
2478 186
2478 187
2478 574
2478 575
2479 135
2479 136
2479 137
2479 138
2479 139
2479 140
2479 141
2479 142
2479 143
2479 144
2479 145
2479 146
2479 147
2479 148
2479 149
2479 150
2479 151
2479 152
2479 153
2479 154
2479 155
2479 156
2479 157
2479 158
2479 159
2479 160
2479 161
2479 162
2479 554
2479 555
2479 556
2479 557
2479 558
2479 559
2479 560
2479 561
2479 562
2479 563
2479 564
2479 565
2479 566
2480 117
2480 118
2480 119
2480 120
2480 121
2480 122
2480 123
2480 124
2480 125
2480 126
2480 127
2480 128
2480 129
2480 130
2482 24
2482 25
2482 26
2482 27
2482 28
2482 29
2482 30
2482 31
2482 185
2482 186
2482 187
2482 188
2482 189
2482 190
2482 191
2482 192
2482 193
2482 194
2482 195
2482 196
2482 197
2482 198
2482 199
2482 200
2482 201
2482 202
2482 203
2482 204
2482 205
2482 206
2482 207
2483 0
2483 1
2483 2
2483 3
2483 4
2483 5
2483 6
2483 7
2483 8
2483 9
2483 10
2483 11
2483 12
2483 13
2483 156
2483 157
2483 158
2483 159
2483 160
2483 161
2483 162
2483 163
2483 164
2483 165
2483 166
2483 167
2483 168
2483 169
2483 170
2483 171
2483 172
2483 173
2483 174
2483 175
2483 176
2483 177
2483 178
2483 179
2483 180
2483 181
2483 182
2483 183
2483 184
2483 570
2483 571
2483 572
2483 573
2483 574
2483 575
2484 132
2484 133
2484 134
2484 135
2484 136
2484 137
2484 138
2484 139
2484 140
2484 141
2484 142
2484 143
2484 144
2484 145
2484 146
2484 147
2484 148
2484 149
2484 150
2484 151
2484 152
2484 153
2484 154
2484 155
2484 156
2484 157
2484 158
2484 552
2484 553
2484 554
2484 555
2484 556
2484 557
2484 558
2484 559
2484 560
2484 561
2484 562
2485 118
2485 119
2485 120
2485 121
2485 122
2485 123
2487 19
2487 20
2487 21
2487 22
2487 23
2487 24
2487 25
2487 26
2487 27
2487 28
2487 29
2487 30
2487 181
2487 182
2487 183
2487 184
2487 185
2487 186
2487 187
2487 188
2487 189
2487 190
2487 191
2487 192
2487 193
2487 194
2487 195
2487 196
2487 197
2487 198
2487 199
2487 200
2487 201
2487 202
2487 203
2487 204
2487 205
2488 0
2488 1
2488 2
2488 3
2488 4
2488 5
2488 6
2488 7
2488 8
2488 9
2488 10
2488 153
2488 154
2488 155
2488 156
2488 157
2488 158
2488 159
2488 160
2488 161
2488 162
2488 163
2488 164
2488 165
2488 166
2488 167
2488 168
2488 169
2488 170
2488 171
2488 172
2488 173
2488 174
2488 175
2488 176
2488 177
2488 178
2488 179
2488 180
2488 181
2488 568
2488 569
2488 570
2488 571
2488 572
2488 573
2488 574
2488 575
2489 129
2489 130
2489 131
2489 132
2489 133
2489 134
2489 135
2489 136
2489 137
2489 138
2489 139
2489 140
2489 141
2489 142
2489 143
2489 144
2489 145
2489 146
2489 147
2489 148
2489 149
2489 150
2489 151
2489 152
2489 153
2489 154
2489 552
2489 553
2489 554
2489 555
2489 556
2489 557
2492 14
2492 15
2492 16
2492 17
2492 18
2492 19
2492 20
2492 21
2492 22
2492 23
2492 24
2492 25
2492 26
2492 27
2492 28
2492 177
2492 178
2492 179
2492 180
2492 181
2492 182
2492 183
2492 184
2492 185
2492 186
2492 187
2492 188
2492 189
2492 190
2492 191
2492 192
2492 193
2492 194
2492 195
2492 196
2492 197
2492 198
2492 199
2492 200
2492 201
2492 202
2493 0
2493 1
2493 2
2493 3
2493 4
2493 5
2493 6
2493 7
2493 150
2493 151
2493 152
2493 153
2493 154
2493 155
2493 156
2493 157
2493 158
2493 159
2493 160
2493 161
2493 162
2493 163
2493 164
2493 165
2493 166
2493 167
2493 168
2493 169
2493 170
2493 171
2493 172
2493 173
2493 174
2493 175
2493 176
2493 177
2493 178
2493 565
2493 566
2493 567
2493 568
2493 569
2493 570
2493 571
2493 572
2493 573
2493 574
2493 575
2494 127
2494 128
2494 129
2494 130
2494 131
2494 132
2494 133
2494 134
2494 135
2494 136
2494 137
2494 138
2494 139
2494 140
2494 141
2494 142
2494 143
2494 144
2494 145
2494 146
2494 147
2494 148
2494 149
2494 150
2494 151
2496 209
2496 210
2496 211
2496 212
2496 213
2496 214
2496 215
2496 216
2496 217
2497 10
2497 11
2497 12
2497 13
2497 14
2497 15
2497 16
2497 17
2497 18
2497 19
2497 20
2497 21
2497 22
2497 23
2497 24
2497 25
2497 26
2497 173
2497 174
2497 175
2497 176
2497 177
2497 178
2497 179
2497 180
2497 181
2497 182
2497 183
2497 184
2497 185
2497 186
2497 187
2497 188
2497 189
2497 190
2497 191
2497 192
2497 193
2497 194
2497 195
2497 196
2497 197
2497 198
2497 199
2498 0
2498 1
2498 2
2498 3
2498 147
2498 148
2498 149
2498 150
2498 151
2498 152
2498 153
2498 154
2498 155
2498 156
2498 157
2498 158
2498 159
2498 160
2498 161
2498 162
2498 163
2498 164
2498 165
2498 166
2498 167
2498 168
2498 169
2498 170
2498 171
2498 172
2498 173
2498 174
2498 175
2498 562
2498 563
2498 564
2498 565
2498 566
2498 567
2498 568
2498 569
2498 570
2498 571
2498 572
2498 573
2498 574
2498 575
2499 124
2499 125
2499 126
2499 127
2499 128
2499 129
2499 130
2499 131
2499 132
2499 133
2499 134
2499 135
2499 136
2499 137
2499 138
2499 139
2499 140
2499 141
2499 142
2499 143
2499 144
2499 145
2499 146
2499 147
2501 202
2501 203
2501 204
2501 205
2501 206
2501 207
2501 208
2501 209
2501 210
2501 211
2501 212
2501 213
2501 214
2501 215
2501 216
2501 217
2502 7
2502 8
2502 9
2502 10
2502 11
2502 12
2502 13
2502 14
2502 15
2502 16
2502 17
2502 18
2502 19
2502 20
2502 21
2502 22
2502 23
2502 170
2502 171
2502 172
2502 173
2502 174
2502 175
2502 176
2502 177
2502 178
2502 179
2502 180
2502 181
2502 182
2502 183
2502 184
2502 185
2502 186
2502 187
2502 188
2502 189
2502 190
2502 191
2502 192
2502 193
2502 194
2502 195
2502 196
2503 0
2503 144
2503 145
2503 146
2503 147
2503 148
2503 149
2503 150
2503 151
2503 152
2503 153
2503 154
2503 155
2503 156
2503 157
2503 158
2503 159
2503 160
2503 161
2503 162
2503 163
2503 164
2503 165
2503 166
2503 167
2503 168
2503 169
2503 170
2503 171
2503 172
2503 560
2503 561
2503 562
2503 563
2503 564
2503 565
2503 566
2503 567
2503 568
2503 569
2503 570
2503 571
2503 572
2503 573
2503 574
2503 575
2504 122
2504 123
2504 124
2504 125
2504 126
2504 127
2504 128
2504 129
2504 130
2504 131
2504 132
2504 133
2504 134
2504 135
2504 136
2504 137
2504 138
2504 139
2504 140
2504 141
2504 142
2504 143
2506 197
2506 198
2506 199
2506 200
2506 201
2506 202
2506 203
2506 204
2506 205
2506 206
2506 207
2506 208
2506 209
2506 210
2506 211
2506 212
2506 213
2506 214
2506 215
2507 3
2507 4
2507 5
2507 6
2507 7
2507 8
2507 9
2507 10
2507 11
2507 12
2507 13
2507 14
2507 15
2507 16
2507 17
2507 18
2507 19
2507 20
2507 166
2507 167
2507 168
2507 169
2507 170
2507 171
2507 172
2507 173
2507 174
2507 175
2507 176
2507 177
2507 178
2507 179
2507 180
2507 181
2507 182
2507 183
2507 184
2507 185
2507 186
2507 187
2507 188
2507 189
2507 190
2507 191
2507 192
2507 193
2508 141
2508 142
2508 143
2508 144
2508 145
2508 146
2508 147
2508 148
2508 149
2508 150
2508 151
2508 152
2508 153
2508 154
2508 155
2508 156
2508 157
2508 158
2508 159
2508 160
2508 161
2508 162
2508 163
2508 164
2508 165
2508 166
2508 167
2508 168
2508 558
2508 559
2508 560
2508 561
2508 562
2508 563
2508 564
2508 565
2508 566
2508 567
2508 568
2508 569
2508 570
2508 571
2508 572
2509 121
2509 122
2509 123
2509 124
2509 125
2509 126
2509 127
2509 128
2509 129
2509 130
2509 131
2509 132
2509 133
2509 134
2509 135
2509 136
2509 137
2509 138
2509 139
2511 192
2511 193
2511 194
2511 195
2511 196
2511 197
2511 198
2511 199
2511 200
2511 201
2511 202
2511 203
2511 204
2511 205
2511 206
2511 207
2511 208
2511 209
2511 210
2511 211
2511 212
2511 213
2512 0
2512 1
2512 2
2512 3
2512 4
2512 5
2512 6
2512 7
2512 8
2512 9
2512 10
2512 11
2512 12
2512 13
2512 14
2512 15
2512 16
2512 17
2512 163
2512 164
2512 165
2512 166
2512 167
2512 168
2512 169
2512 170
2512 171
2512 172
2512 173
2512 174
2512 175
2512 176
2512 177
2512 178
2512 179
2512 180
2512 181
2512 182
2512 183
2512 184
2512 185
2512 186
2512 187
2512 188
2512 189
2512 190
2513 138
2513 139
2513 140
2513 141
2513 142
2513 143
2513 144
2513 145
2513 146
2513 147
2513 148
2513 149
2513 150
2513 151
2513 152
2513 153
2513 154
2513 155
2513 156
2513 157
2513 158
2513 159
2513 160
2513 161
2513 162
2513 163
2513 164
2513 165
2513 556
2513 557
2513 558
2513 559
2513 560
2513 561
2513 562
2513 563
2513 564
2513 565
2513 566
2513 567
2513 568
2514 119
2514 120
2514 121
2514 122
2514 123
2514 124
2514 125
2514 126
2514 127
2514 128
2514 129
2514 130
2514 131
2514 132
2514 133
2514 134
2516 188
2516 189
2516 190
2516 191
2516 192
2516 193
2516 194
2516 195
2516 196
2516 197
2516 198
2516 199
2516 200
2516 201
2516 202
2516 203
2516 204
2516 205
2516 206
2516 207
2516 208
2516 209
2516 210
2517 0
2517 1
2517 2
2517 3
2517 4
2517 5
2517 6
2517 7
2517 8
2517 9
2517 10
2517 11
2517 12
2517 13
2517 14
2517 159
2517 160
2517 161
2517 162
2517 163
2517 164
2517 165
2517 166
2517 167
2517 168
2517 169
2517 170
2517 171
2517 172
2517 173
2517 174
2517 175
2517 176
2517 177
2517 178
2517 179
2517 180
2517 181
2517 182
2517 183
2517 184
2517 185
2517 186
2517 187
2517 573
2517 574
2517 575
2518 135
2518 136
2518 137
2518 138
2518 139
2518 140
2518 141
2518 142
2518 143
2518 144
2518 145
2518 146
2518 147
2518 148
2518 149
2518 150
2518 151
2518 152
2518 153
2518 154
2518 155
2518 156
2518 157
2518 158
2518 159
2518 160
2518 161
2518 554
2518 555
2518 556
2518 557
2518 558
2518 559
2518 560
2518 561
2518 562
2518 563
2518 564
2519 119
2519 120
2519 121
2519 122
2519 123
2519 124
2519 125
2519 126
2519 127
2519 128
2521 23
2521 24
2521 25
2521 26
2521 27
2521 28
2521 29
2521 184
2521 185
2521 186
2521 187
2521 188
2521 189
2521 190
2521 191
2521 192
2521 193
2521 194
2521 195
2521 196
2521 197
2521 198
2521 199
2521 200
2521 201
2521 202
2521 203
2521 204
2521 205
2521 206
2521 207
2521 208
2522 0
2522 1
2522 2
2522 3
2522 4
2522 5
2522 6
2522 7
2522 8
2522 9
2522 10
2522 11
2522 156
2522 157
2522 158
2522 159
2522 160
2522 161
2522 162
2522 163
2522 164
2522 165
2522 166
2522 167
2522 168
2522 169
2522 170
2522 171
2522 172
2522 173
2522 174
2522 175
2522 176
2522 177
2522 178
2522 179
2522 180
2522 181
2522 182
2522 183
2522 184
2522 570
2522 571
2522 572
2522 573
2522 574
2522 575
2523 132
2523 133
2523 134
2523 135
2523 136
2523 137
2523 138
2523 139
2523 140
2523 141
2523 142
2523 143
2523 144
2523 145
2523 146
2523 147
2523 148
2523 149
2523 150
2523 151
2523 152
2523 153
2523 154
2523 155
2523 156
2523 157
2523 158
2523 553
2523 554
2523 555
2523 556
2523 557
2523 558
2523 559
2526 18
2526 19
2526 20
2526 21
2526 22
2526 23
2526 24
2526 25
2526 26
2526 27
2526 28
2526 180
2526 181
2526 182
2526 183
2526 184
2526 185
2526 186
2526 187
2526 188
2526 189
2526 190
2526 191
2526 192
2526 193
2526 194
2526 195
2526 196
2526 197
2526 198
2526 199
2526 200
2526 201
2526 202
2526 203
2526 204
2526 205
2527 0
2527 1
2527 2
2527 3
2527 4
2527 5
2527 6
2527 7
2527 8
2527 153
2527 154
2527 155
2527 156
2527 157
2527 158
2527 159
2527 160
2527 161
2527 162
2527 163
2527 164
2527 165
2527 166
2527 167
2527 168
2527 169
2527 170
2527 171
2527 172
2527 173
2527 174
2527 175
2527 176
2527 177
2527 178
2527 179
2527 180
2527 181
2527 567
2527 568
2527 569
2527 570
2527 571
2527 572
2527 573
2527 574
2527 575
2528 130
2528 131
2528 132
2528 133
2528 134
2528 135
2528 136
2528 137
2528 138
2528 139
2528 140
2528 141
2528 142
2528 143
2528 144
2528 145
2528 146
2528 147
2528 148
2528 149
2528 150
2528 151
2528 152
2528 153
2528 154
2530 210
2530 211
2530 212
2530 213
2530 214
2530 215
2530 216
2530 217
2530 218
2530 219
2530 220
2530 221
2531 13
2531 14
2531 15
2531 16
2531 17
2531 18
2531 19
2531 20
2531 21
2531 22
2531 23
2531 24
2531 25
2531 26
2531 176
2531 177
2531 178
2531 179
2531 180
2531 181
2531 182
2531 183
2531 184
2531 185
2531 186
2531 187
2531 188
2531 189
2531 190
2531 191
2531 192
2531 193
2531 194
2531 195
2531 196
2531 197
2531 198
2531 199
2531 200
2531 201
2531 202
2532 0
2532 1
2532 2
2532 3
2532 4
2532 5
2532 149
2532 150
2532 151
2532 152
2532 153
2532 154
2532 155
2532 156
2532 157
2532 158
2532 159
2532 160
2532 161
2532 162
2532 163
2532 164
2532 165
2532 166
2532 167
2532 168
2532 169
2532 170
2532 171
2532 172
2532 173
2532 174
2532 175
2532 176
2532 177
2532 178
2532 564
2532 565
2532 566
2532 567
2532 568
2532 569
2532 570
2532 571
2532 572
2532 573
2532 574
2532 575
2533 127
2533 128
2533 129
2533 130
2533 131
2533 132
2533 133
2533 134
2533 135
2533 136
2533 137
2533 138
2533 139
2533 140
2533 141
2533 142
2533 143
2533 144
2533 145
2533 146
2533 147
2533 148
2533 149
2533 150
2535 204
2535 205
2535 206
2535 207
2535 208
2535 209
2535 210
2535 211
2535 212
2535 213
2535 214
2535 215
2535 216
2535 217
2535 218
2535 219
2535 220
2536 10
2536 11
2536 12
2536 13
2536 14
2536 15
2536 16
2536 17
2536 18
2536 19
2536 20
2536 21
2536 22
2536 23
2536 172
2536 173
2536 174
2536 175
2536 176
2536 177
2536 178
2536 179
2536 180
2536 181
2536 182
2536 183
2536 184
2536 185
2536 186
2536 187
2536 188
2536 189
2536 190
2536 191
2536 192
2536 193
2536 194
2536 195
2536 196
2536 197
2536 198
2536 199
2537 0
2537 1
2537 146
2537 147
2537 148
2537 149
2537 150
2537 151
2537 152
2537 153
2537 154
2537 155
2537 156
2537 157
2537 158
2537 159
2537 160
2537 161
2537 162
2537 163
2537 164
2537 165
2537 166
2537 167
2537 168
2537 169
2537 170
2537 171
2537 172
2537 173
2537 174
2537 175
2537 562
2537 563
2537 564
2537 565
2537 566
2537 567
2537 568
2537 569
2537 570
2537 571
2537 572
2537 573
2537 574
2537 575
2538 125
2538 126
2538 127
2538 128
2538 129
2538 130
2538 131
2538 132
2538 133
2538 134
2538 135
2538 136
2538 137
2538 138
2538 139
2538 140
2538 141
2538 142
2538 143
2538 144
2538 145
2538 146
2540 199
2540 200
2540 201
2540 202
2540 203
2540 204
2540 205
2540 206
2540 207
2540 208
2540 209
2540 210
2540 211
2540 212
2540 213
2540 214
2540 215
2540 216
2540 217
2540 218
2541 6
2541 7
2541 8
2541 9
2541 10
2541 11
2541 12
2541 13
2541 14
2541 15
2541 16
2541 17
2541 18
2541 19
2541 20
2541 21
2541 169
2541 170
2541 171
2541 172
2541 173
2541 174
2541 175
2541 176
2541 177
2541 178
2541 179
2541 180
2541 181
2541 182
2541 183
2541 184
2541 185
2541 186
2541 187
2541 188
2541 189
2541 190
2541 191
2541 192
2541 193
2541 194
2541 195
2541 196
2542 143
2542 144
2542 145
2542 146
2542 147
2542 148
2542 149
2542 150
2542 151
2542 152
2542 153
2542 154
2542 155
2542 156
2542 157
2542 158
2542 159
2542 160
2542 161
2542 162
2542 163
2542 164
2542 165
2542 166
2542 167
2542 168
2542 169
2542 170
2542 171
2542 560
2542 561
2542 562
2542 563
2542 564
2542 565
2542 566
2542 567
2542 568
2542 569
2542 570
2542 571
2542 572
2542 573
2543 123
2543 124
2543 125
2543 126
2543 127
2543 128
2543 129
2543 130
2543 131
2543 132
2543 133
2543 134
2543 135
2543 136
2543 137
2543 138
2543 139
2543 140
2543 141
2543 142
2545 195
2545 196
2545 197
2545 198
2545 199
2545 200
2545 201
2545 202
2545 203
2545 204
2545 205
2545 206
2545 207
2545 208
2545 209
2545 210
2545 211
2545 212
2545 213
2545 214
2545 215
2545 216
2546 3
2546 4
2546 5
2546 6
2546 7
2546 8
2546 9
2546 10
2546 11
2546 12
2546 13
2546 14
2546 15
2546 16
2546 17
2546 18
2546 165
2546 166
2546 167
2546 168
2546 169
2546 170
2546 171
2546 172
2546 173
2546 174
2546 175
2546 176
2546 177
2546 178
2546 179
2546 180
2546 181
2546 182
2546 183
2546 184
2546 185
2546 186
2546 187
2546 188
2546 189
2546 190
2546 191
2546 192
2546 193
2547 141
2547 142
2547 143
2547 144
2547 145
2547 146
2547 147
2547 148
2547 149
2547 150
2547 151
2547 152
2547 153
2547 154
2547 155
2547 156
2547 157
2547 158
2547 159
2547 160
2547 161
2547 162
2547 163
2547 164
2547 165
2547 166
2547 167
2547 168
2547 558
2547 559
2547 560
2547 561
2547 562
2547 563
2547 564
2547 565
2547 566
2547 567
2547 568
2547 569
2547 570
2548 122
2548 123
2548 124
2548 125
2548 126
2548 127
2548 128
2548 129
2548 130
2548 131
2548 132
2548 133
2548 134
2548 135
2548 136
2548 137
2548 138
2550 191
2550 192
2550 193
2550 194
2550 195
2550 196
2550 197
2550 198
2550 199
2550 200
2550 201
2550 202
2550 203
2550 204
2550 205
2550 206
2550 207
2550 208
2550 209
2550 210
2550 211
2550 212
2550 213
2551 0
2551 1
2551 2
2551 3
2551 4
2551 5
2551 6
2551 7
2551 8
2551 9
2551 10
2551 11
2551 12
2551 13
2551 14
2551 15
2551 162
2551 163
2551 164
2551 165
2551 166
2551 167
2551 168
2551 169
2551 170
2551 171
2551 172
2551 173
2551 174
2551 175
2551 176
2551 177
2551 178
2551 179
2551 180
2551 181
2551 182
2551 183
2551 184
2551 185
2551 186
2551 187
2551 188
2551 189
2551 190
2551 575
2552 138
2552 139
2552 140
2552 141
2552 142
2552 143
2552 144
2552 145
2552 146
2552 147
2552 148
2552 149
2552 150
2552 151
2552 152
2552 153
2552 154
2552 155
2552 156
2552 157
2552 158
2552 159
2552 160
2552 161
2552 162
2552 163
2552 164
2552 556
2552 557
2552 558
2552 559
2552 560
2552 561
2552 562
2552 563
2552 564
2552 565
2553 121
2553 122
2553 123
2553 124
2553 125
2553 126
2553 127
2553 128
2553 129
2553 130
2553 131
2553 132
2553 133
2555 186
2555 187
2555 188
2555 189
2555 190
2555 191
2555 192
2555 193
2555 194
2555 195
2555 196
2555 197
2555 198
2555 199
2555 200
2555 201
2555 202
2555 203
2555 204
2555 205
2555 206
2555 207
2555 208
2555 209
2555 210
2555 211
2556 0
2556 1
2556 2
2556 3
2556 4
2556 5
2556 6
2556 7
2556 8
2556 9
2556 10
2556 11
2556 12
2556 159
2556 160
2556 161
2556 162
2556 163
2556 164
2556 165
2556 166
2556 167
2556 168
2556 169
2556 170
2556 171
2556 172
2556 173
2556 174
2556 175
2556 176
2556 177
2556 178
2556 179
2556 180
2556 181
2556 182
2556 183
2556 184
2556 185
2556 186
2556 187
2556 572
2556 573
2556 574
2556 575
2557 135
2557 136
2557 137
2557 138
2557 139
2557 140
2557 141
2557 142
2557 143
2557 144
2557 145
2557 146
2557 147
2557 148
2557 149
2557 150
2557 151
2557 152
2557 153
2557 154
2557 155
2557 156
2557 157
2557 158
2557 159
2557 160
2557 161
2557 555
2557 556
2557 557
2557 558
2557 559
2557 560
2558 123
2558 124
2558 125
2559 219
2559 220
2559 221
2559 222
2559 223
2559 224
2560 24
2560 25
2560 183
2560 184
2560 185
2560 186
2560 187
2560 188
2560 189
2560 190
2560 191
2560 192
2560 193
2560 194
2560 195
2560 196
2560 197
2560 198
2560 199
2560 200
2560 201
2560 202
2560 203
2560 204
2560 205
2560 206
2560 207
2560 208
2561 0
2561 1
2561 2
2561 3
2561 4
2561 5
2561 6
2561 7
2561 8
2561 9
2561 155
2561 156
2561 157
2561 158
2561 159
2561 160
2561 161
2561 162
2561 163
2561 164
2561 165
2561 166
2561 167
2561 168
2561 169
2561 170
2561 171
2561 172
2561 173
2561 174
2561 175
2561 176
2561 177
2561 178
2561 179
2561 180
2561 181
2561 182
2561 183
2561 184
2561 570
2561 571
2561 572
2561 573
2561 574
2561 575
2562 133
2562 134
2562 135
2562 136
2562 137
2562 138
2562 139
2562 140
2562 141
2562 142
2562 143
2562 144
2562 145
2562 146
2562 147
2562 148
2562 149
2562 150
2562 151
2562 152
2562 153
2562 154
2562 155
2562 156
2562 157
2564 212
2564 213
2564 214
2564 215
2564 216
2564 217
2564 218
2564 219
2564 220
2564 221
2564 222
2564 223
2564 224
2565 17
2565 18
2565 19
2565 20
2565 21
2565 22
2565 23
2565 24
2565 25
2565 179
2565 180
2565 181
2565 182
2565 183
2565 184
2565 185
2565 186
2565 187
2565 188
2565 189
2565 190
2565 191
2565 192
2565 193
2565 194
2565 195
2565 196
2565 197
2565 198
2565 199
2565 200
2565 201
2565 202
2565 203
2565 204
2565 205
2566 0
2566 1
2566 2
2566 3
2566 4
2566 5
2566 6
2566 152
2566 153
2566 154
2566 155
2566 156
2566 157
2566 158
2566 159
2566 160
2566 161
2566 162
2566 163
2566 164
2566 165
2566 166
2566 167
2566 168
2566 169
2566 170
2566 171
2566 172
2566 173
2566 174
2566 175
2566 176
2566 177
2566 178
2566 179
2566 180
2566 181
2566 567
2566 568
2566 569
2566 570
2566 571
2566 572
2566 573
2566 574
2566 575
2567 130
2567 131
2567 132
2567 133
2567 134
2567 135
2567 136
2567 137
2567 138
2567 139
2567 140
2567 141
2567 142
2567 143
2567 144
2567 145
2567 146
2567 147
2567 148
2567 149
2567 150
2567 151
2567 152
2567 153
2567 154
2569 207
2569 208
2569 209
2569 210
2569 211
2569 212
2569 213
2569 214
2569 215
2569 216
2569 217
2569 218
2569 219
2569 220
2569 221
2569 222
2569 223
2570 13
2570 14
2570 15
2570 16
2570 17
2570 18
2570 19
2570 20
2570 21
2570 22
2570 23
2570 175
2570 176
2570 177
2570 178
2570 179
2570 180
2570 181
2570 182
2570 183
2570 184
2570 185
2570 186
2570 187
2570 188
2570 189
2570 190
2570 191
2570 192
2570 193
2570 194
2570 195
2570 196
2570 197
2570 198
2570 199
2570 200
2570 201
2570 202
2571 0
2571 1
2571 2
2571 149
2571 150
2571 151
2571 152
2571 153
2571 154
2571 155
2571 156
2571 157
2571 158
2571 159
2571 160
2571 161
2571 162
2571 163
2571 164
2571 165
2571 166
2571 167
2571 168
2571 169
2571 170
2571 171
2571 172
2571 173
2571 174
2571 175
2571 176
2571 177
2571 564
2571 565
2571 566
2571 567
2571 568
2571 569
2571 570
2571 571
2571 572
2571 573
2571 574
2571 575
2572 128
2572 129
2572 130
2572 131
2572 132
2572 133
2572 134
2572 135
2572 136
2572 137
2572 138
2572 139
2572 140
2572 141
2572 142
2572 143
2572 144
2572 145
2572 146
2572 147
2572 148
2572 149
2572 150
2574 202
2574 203
2574 204
2574 205
2574 206
2574 207
2574 208
2574 209
2574 210
2574 211
2574 212
2574 213
2574 214
2574 215
2574 216
2574 217
2574 218
2574 219
2574 220
2574 221
2575 9
2575 10
2575 11
2575 12
2575 13
2575 14
2575 15
2575 16
2575 17
2575 18
2575 19
2575 20
2575 21
2575 172
2575 173
2575 174
2575 175
2575 176
2575 177
2575 178
2575 179
2575 180
2575 181
2575 182
2575 183
2575 184
2575 185
2575 186
2575 187
2575 188
2575 189
2575 190
2575 191
2575 192
2575 193
2575 194
2575 195
2575 196
2575 197
2575 198
2575 199
2576 146
2576 147
2576 148
2576 149
2576 150
2576 151
2576 152
2576 153
2576 154
2576 155
2576 156
2576 157
2576 158
2576 159
2576 160
2576 161
2576 162
2576 163
2576 164
2576 165
2576 166
2576 167
2576 168
2576 169
2576 170
2576 171
2576 172
2576 173
2576 174
2576 562
2576 563
2576 564
2576 565
2576 566
2576 567
2576 568
2576 569
2576 570
2576 571
2576 572
2576 573
2576 574
2576 575
2577 126
2577 127
2577 128
2577 129
2577 130
2577 131
2577 132
2577 133
2577 134
2577 135
2577 136
2577 137
2577 138
2577 139
2577 140
2577 141
2577 142
2577 143
2577 144
2577 145
2577 146
2579 197
2579 198
2579 199
2579 200
2579 201
2579 202
2579 203
2579 204
2579 205
2579 206
2579 207
2579 208
2579 209
2579 210
2579 211
2579 212
2579 213
2579 214
2579 215
2579 216
2579 217
2579 218
2580 6
2580 7
2580 8
2580 9
2580 10
2580 11
2580 12
2580 13
2580 14
2580 15
2580 16
2580 17
2580 18
2580 19
2580 168
2580 169
2580 170
2580 171
2580 172
2580 173
2580 174
2580 175
2580 176
2580 177
2580 178
2580 179
2580 180
2580 181
2580 182
2580 183
2580 184
2580 185
2580 186
2580 187
2580 188
2580 189
2580 190
2580 191
2580 192
2580 193
2580 194
2580 195
2580 196
2581 143
2581 144
2581 145
2581 146
2581 147
2581 148
2581 149
2581 150
2581 151
2581 152
2581 153
2581 154
2581 155
2581 156
2581 157
2581 158
2581 159
2581 160
2581 161
2581 162
2581 163
2581 164
2581 165
2581 166
2581 167
2581 168
2581 169
2581 170
2581 171
2581 560
2581 561
2581 562
2581 563
2581 564
2581 565
2581 566
2581 567
2581 568
2581 569
2581 570
2581 571
2582 124
2582 125
2582 126
2582 127
2582 128
2582 129
2582 130
2582 131
2582 132
2582 133
2582 134
2582 135
2582 136
2582 137
2582 138
2582 139
2582 140
2582 141
2582 142
2584 193
2584 194
2584 195
2584 196
2584 197
2584 198
2584 199
2584 200
2584 201
2584 202
2584 203
2584 204
2584 205
2584 206
2584 207
2584 208
2584 209
2584 210
2584 211
2584 212
2584 213
2584 214
2584 215
2584 216
2585 2
2585 3
2585 4
2585 5
2585 6
2585 7
2585 8
2585 9
2585 10
2585 11
2585 12
2585 13
2585 14
2585 15
2585 16
2585 165
2585 166
2585 167
2585 168
2585 169
2585 170
2585 171
2585 172
2585 173
2585 174
2585 175
2585 176
2585 177
2585 178
2585 179
2585 180
2585 181
2585 182
2585 183
2585 184
2585 185
2585 186
2585 187
2585 188
2585 189
2585 190
2585 191
2585 192
2585 193
2586 141
2586 142
2586 143
2586 144
2586 145
2586 146
2586 147
2586 148
2586 149
2586 150
2586 151
2586 152
2586 153
2586 154
2586 155
2586 156
2586 157
2586 158
2586 159
2586 160
2586 161
2586 162
2586 163
2586 164
2586 165
2586 166
2586 167
2586 558
2586 559
2586 560
2586 561
2586 562
2586 563
2586 564
2586 565
2586 566
2586 567
2587 123
2587 124
2587 125
2587 126
2587 127
2587 128
2587 129
2587 130
2587 131
2587 132
2587 133
2587 134
2587 135
2587 136
2587 137
2589 189
2589 190
2589 191
2589 192
2589 193
2589 194
2589 195
2589 196
2589 197
2589 198
2589 199
2589 200
2589 201
2589 202
2589 203
2589 204
2589 205
2589 206
2589 207
2589 208
2589 209
2589 210
2589 211
2589 212
2589 213
2590 0
2590 1
2590 2
2590 3
2590 4
2590 5
2590 6
2590 7
2590 8
2590 9
2590 10
2590 11
2590 12
2590 13
2590 162
2590 163
2590 164
2590 165
2590 166
2590 167
2590 168
2590 169
2590 170
2590 171
2590 172
2590 173
2590 174
2590 175
2590 176
2590 177
2590 178
2590 179
2590 180
2590 181
2590 182
2590 183
2590 184
2590 185
2590 186
2590 187
2590 188
2590 189
2590 190
2590 575
2591 138
2591 139
2591 140
2591 141
2591 142
2591 143
2591 144
2591 145
2591 146
2591 147
2591 148
2591 149
2591 150
2591 151
2591 152
2591 153
2591 154
2591 155
2591 156
2591 157
2591 158
2591 159
2591 160
2591 161
2591 162
2591 163
2591 164
2591 558
2591 559
2591 560
2591 561
2592 123
2592 124
2592 125
2592 126
2592 127
2592 128
2592 129
2592 130
2592 131
2593 221
2593 222
2593 223
2593 224
2593 225
2593 226
2593 227
2593 228
2594 185
2594 186
2594 187
2594 188
2594 189
2594 190
2594 191
2594 192
2594 193
2594 194
2594 195
2594 196
2594 197
2594 198
2594 199
2594 200
2594 201
2594 202
2594 203
2594 204
2594 205
2594 206
2594 207
2594 208
2594 209
2594 210
2595 0
2595 1
2595 2
2595 3
2595 4
2595 5
2595 6
2595 7
2595 8
2595 9
2595 10
2595 158
2595 159
2595 160
2595 161
2595 162
2595 163
2595 164
2595 165
2595 166
2595 167
2595 168
2595 169
2595 170
2595 171
2595 172
2595 173
2595 174
2595 175
2595 176
2595 177
2595 178
2595 179
2595 180
2595 181
2595 182
2595 183
2595 184
2595 185
2595 186
2595 187
2595 572
2595 573
2595 574
2595 575
2596 136
2596 137
2596 138
2596 139
2596 140
2596 141
2596 142
2596 143
2596 144
2596 145
2596 146
2596 147
2596 148
2596 149
2596 150
2596 151
2596 152
2596 153
2596 154
2596 155
2596 156
2596 157
2596 158
2596 159
2596 160
2598 214
2598 215
2598 216
2598 217
2598 218
2598 219
2598 220
2598 221
2598 222
2598 223
2598 224
2598 225
2598 226
2598 227
2599 182
2599 183
2599 184
2599 185
2599 186
2599 187
2599 188
2599 189
2599 190
2599 191
2599 192
2599 193
2599 194
2599 195
2599 196
2599 197
2599 198
2599 199
2599 200
2599 201
2599 202
2599 203
2599 204
2599 205
2599 206
2599 207
2599 208
2600 0
2600 1
2600 2
2600 3
2600 4
2600 5
2600 6
2600 7
2600 155
2600 156
2600 157
2600 158
2600 159
2600 160
2600 161
2600 162
2600 163
2600 164
2600 165
2600 166
2600 167
2600 168
2600 169
2600 170
2600 171
2600 172
2600 173
2600 174
2600 175
2600 176
2600 177
2600 178
2600 179
2600 180
2600 181
2600 182
2600 183
2600 184
2600 570
2600 571
2600 572
2600 573
2600 574
2600 575
2601 133
2601 134
2601 135
2601 136
2601 137
2601 138
2601 139
2601 140
2601 141
2601 142
2601 143
2601 144
2601 145
2601 146
2601 147
2601 148
2601 149
2601 150
2601 151
2601 152
2601 153
2601 154
2601 155
2601 156
2601 157
2603 209
2603 210
2603 211
2603 212
2603 213
2603 214
2603 215
2603 216
2603 217
2603 218
2603 219
2603 220
2603 221
2603 222
2603 223
2603 224
2603 225
2604 18
2604 19
2604 20
2604 21
2604 178
2604 179
2604 180
2604 181
2604 182
2604 183
2604 184
2604 185
2604 186
2604 187
2604 188
2604 189
2604 190
2604 191
2604 192
2604 193
2604 194
2604 195
2604 196
2604 197
2604 198
2604 199
2604 200
2604 201
2604 202
2604 203
2604 204
2604 205
2605 0
2605 1
2605 2
2605 3
2605 152
2605 153
2605 154
2605 155
2605 156
2605 157
2605 158
2605 159
2605 160
2605 161
2605 162
2605 163
2605 164
2605 165
2605 166
2605 167
2605 168
2605 169
2605 170
2605 171
2605 172
2605 173
2605 174
2605 175
2605 176
2605 177
2605 178
2605 179
2605 180
2605 567
2605 568
2605 569
2605 570
2605 571
2605 572
2605 573
2605 574
2605 575
2606 131
2606 132
2606 133
2606 134
2606 135
2606 136
2606 137
2606 138
2606 139
2606 140
2606 141
2606 142
2606 143
2606 144
2606 145
2606 146
2606 147
2606 148
2606 149
2606 150
2606 151
2606 152
2606 153
2608 204
2608 205
2608 206
2608 207
2608 208
2608 209
2608 210
2608 211
2608 212
2608 213
2608 214
2608 215
2608 216
2608 217
2608 218
2608 219
2608 220
2608 221
2608 222
2608 223
2609 13
2609 14
2609 15
2609 16
2609 17
2609 18
2609 19
2609 20
2609 174
2609 175
2609 176
2609 177
2609 178
2609 179
2609 180
2609 181
2609 182
2609 183
2609 184
2609 185
2609 186
2609 187
2609 188
2609 189
2609 190
2609 191
2609 192
2609 193
2609 194
2609 195
2609 196
2609 197
2609 198
2609 199
2609 200
2609 201
2609 202
2610 0
2610 149
2610 150
2610 151
2610 152
2610 153
2610 154
2610 155
2610 156
2610 157
2610 158
2610 159
2610 160
2610 161
2610 162
2610 163
2610 164
2610 165
2610 166
2610 167
2610 168
2610 169
2610 170
2610 171
2610 172
2610 173
2610 174
2610 175
2610 176
2610 177
2610 565
2610 566
2610 567
2610 568
2610 569
2610 570
2610 571
2610 572
2610 573
2610 574
2610 575
2611 129
2611 130
2611 131
2611 132
2611 133
2611 134
2611 135
2611 136
2611 137
2611 138
2611 139
2611 140
2611 141
2611 142
2611 143
2611 144
2611 145
2611 146
2611 147
2611 148
2611 149
2613 200
2613 201
2613 202
2613 203
2613 204
2613 205
2613 206
2613 207
2613 208
2613 209
2613 210
2613 211
2613 212
2613 213
2613 214
2613 215
2613 216
2613 217
2613 218
2613 219
2613 220
2613 221
2614 9
2614 10
2614 11
2614 12
2614 13
2614 14
2614 15
2614 16
2614 17
2614 18
2614 171
2614 172
2614 173
2614 174
2614 175
2614 176
2614 177
2614 178
2614 179
2614 180
2614 181
2614 182
2614 183
2614 184
2614 185
2614 186
2614 187
2614 188
2614 189
2614 190
2614 191
2614 192
2614 193
2614 194
2614 195
2614 196
2614 197
2614 198
2614 199
2615 146
2615 147
2615 148
2615 149
2615 150
2615 151
2615 152
2615 153
2615 154
2615 155
2615 156
2615 157
2615 158
2615 159
2615 160
2615 161
2615 162
2615 163
2615 164
2615 165
2615 166
2615 167
2615 168
2615 169
2615 170
2615 171
2615 172
2615 173
2615 174
2615 563
2615 564
2615 565
2615 566
2615 567
2615 568
2615 569
2615 570
2615 571
2615 572
2616 127
2616 128
2616 129
2616 130
2616 131
2616 132
2616 133
2616 134
2616 135
2616 136
2616 137
2616 138
2616 139
2616 140
2616 141
2616 142
2616 143
2616 144
2616 145
2618 196
2618 197
2618 198
2618 199
2618 200
2618 201
2618 202
2618 203
2618 204
2618 205
2618 206
2618 207
2618 208
2618 209
2618 210
2618 211
2618 212
2618 213
2618 214
2618 215
2618 216
2618 217
2618 218
2619 6
2619 7
2619 8
2619 9
2619 10
2619 11
2619 12
2619 13
2619 14
2619 15
2619 16
2619 168
2619 169
2619 170
2619 171
2619 172
2619 173
2619 174
2619 175
2619 176
2619 177
2619 178
2619 179
2619 180
2619 181
2619 182
2619 183
2619 184
2619 185
2619 186
2619 187
2619 188
2619 189
2619 190
2619 191
2619 192
2619 193
2619 194
2619 195
2619 196
2620 144
2620 145
2620 146
2620 147
2620 148
2620 149
2620 150
2620 151
2620 152
2620 153
2620 154
2620 155
2620 156
2620 157
2620 158
2620 159
2620 160
2620 161
2620 162
2620 163
2620 164
2620 165
2620 166
2620 167
2620 168
2620 169
2620 170
2620 562
2620 563
2620 564
2620 565
2620 566
2620 567
2621 126
2621 127
2621 128
2621 129
2621 130
2621 131
2621 132
2621 133
2621 134
2621 135
2621 136
2621 137
2621 138
2621 139
2621 140
2621 141
2623 192
2623 193
2623 194
2623 195
2623 196
2623 197
2623 198
2623 199
2623 200
2623 201
2623 202
2623 203
2623 204
2623 205
2623 206
2623 207
2623 208
2623 209
2623 210
2623 211
2623 212
2623 213
2623 214
2623 215
2623 216
2624 3
2624 4
2624 5
2624 6
2624 7
2624 8
2624 9
2624 10
2624 11
2624 12
2624 13
2624 164
2624 165
2624 166
2624 167
2624 168
2624 169
2624 170
2624 171
2624 172
2624 173
2624 174
2624 175
2624 176
2624 177
2624 178
2624 179
2624 180
2624 181
2624 182
2624 183
2624 184
2624 185
2624 186
2624 187
2624 188
2624 189
2624 190
2624 191
2624 192
2624 193
2625 141
2625 142
2625 143
2625 144
2625 145
2625 146
2625 147
2625 148
2625 149
2625 150
2625 151
2625 152
2625 153
2625 154
2625 155
2625 156
2625 157
2625 158
2625 159
2625 160
2625 161
2625 162
2625 163
2625 164
2625 165
2625 166
2625 167
2626 125
2626 126
2626 127
2626 128
2626 129
2626 130
2626 131
2626 132
2626 133
2626 134
2626 135
2626 136
2627 222
2627 223
2627 224
2627 225
2627 226
2627 227
2627 228
2627 229
2627 230
2628 188
2628 189
2628 190
2628 191
2628 192
2628 193
2628 194
2628 195
2628 196
2628 197
2628 198
2628 199
2628 200
2628 201
2628 202
2628 203
2628 204
2628 205
2628 206
2628 207
2628 208
2628 209
2628 210
2628 211
2628 212
2628 213
2629 0
2629 1
2629 2
2629 3
2629 4
2629 5
2629 6
2629 7
2629 8
2629 9
2629 10
2629 161
2629 162
2629 163
2629 164
2629 165
2629 166
2629 167
2629 168
2629 169
2629 170
2629 171
2629 172
2629 173
2629 174
2629 175
2629 176
2629 177
2629 178
2629 179
2629 180
2629 181
2629 182
2629 183
2629 184
2629 185
2629 186
2629 187
2629 188
2629 189
2629 190
2630 139
2630 140
2630 141
2630 142
2630 143
2630 144
2630 145
2630 146
2630 147
2630 148
2630 149
2630 150
2630 151
2630 152
2630 153
2630 154
2630 155
2630 156
2630 157
2630 158
2630 159
2630 160
2630 161
2630 162
2630 163
2630 164
2632 216
2632 217
2632 218
2632 219
2632 220
2632 221
2632 222
2632 223
2632 224
2632 225
2632 226
2632 227
2632 228
2632 229
2633 184
2633 185
2633 186
2633 187
2633 188
2633 189
2633 190
2633 191
2633 192
2633 193
2633 194
2633 195
2633 196
2633 197
2633 198
2633 199
2633 200
2633 201
2633 202
2633 203
2633 204
2633 205
2633 206
2633 207
2633 208
2633 209
2633 210
2634 0
2634 1
2634 2
2634 3
2634 4
2634 5
2634 6
2634 7
2634 158
2634 159
2634 160
2634 161
2634 162
2634 163
2634 164
2634 165
2634 166
2634 167
2634 168
2634 169
2634 170
2634 171
2634 172
2634 173
2634 174
2634 175
2634 176
2634 177
2634 178
2634 179
2634 180
2634 181
2634 182
2634 183
2634 184
2634 185
2634 186
2634 573
2634 574
2634 575
2635 136
2635 137
2635 138
2635 139
2635 140
2635 141
2635 142
2635 143
2635 144
2635 145
2635 146
2635 147
2635 148
2635 149
2635 150
2635 151
2635 152
2635 153
2635 154
2635 155
2635 156
2635 157
2635 158
2635 159
2635 160
2637 211
2637 212
2637 213
2637 214
2637 215
2637 216
2637 217
2637 218
2637 219
2637 220
2637 221
2637 222
2637 223
2637 224
2637 225
2637 226
2637 227
2637 228
2638 181
2638 182
2638 183
2638 184
2638 185
2638 186
2638 187
2638 188
2638 189
2638 190
2638 191
2638 192
2638 193
2638 194
2638 195
2638 196
2638 197
2638 198
2638 199
2638 200
2638 201
2638 202
2638 203
2638 204
2638 205
2638 206
2638 207
2639 0
2639 1
2639 2
2639 3
2639 155
2639 156
2639 157
2639 158
2639 159
2639 160
2639 161
2639 162
2639 163
2639 164
2639 165
2639 166
2639 167
2639 168
2639 169
2639 170
2639 171
2639 172
2639 173
2639 174
2639 175
2639 176
2639 177
2639 178
2639 179
2639 180
2639 181
2639 182
2639 183
2639 570
2639 571
2639 572
2639 573
2639 574
2639 575
2640 134
2640 135
2640 136
2640 137
2640 138
2640 139
2640 140
2640 141
2640 142
2640 143
2640 144
2640 145
2640 146
2640 147
2640 148
2640 149
2640 150
2640 151
2640 152
2640 153
2640 154
2640 155
2640 156
2642 207
2642 208
2642 209
2642 210
2642 211
2642 212
2642 213
2642 214
2642 215
2642 216
2642 217
2642 218
2642 219
2642 220
2642 221
2642 222
2642 223
2642 224
2642 225
2642 226
2643 177
2643 178
2643 179
2643 180
2643 181
2643 182
2643 183
2643 184
2643 185
2643 186
2643 187
2643 188
2643 189
2643 190
2643 191
2643 192
2643 193
2643 194
2643 195
2643 196
2643 197
2643 198
2643 199
2643 200
2643 201
2643 202
2643 203
2643 204
2644 0
2644 152
2644 153
2644 154
2644 155
2644 156
2644 157
2644 158
2644 159
2644 160
2644 161
2644 162
2644 163
2644 164
2644 165
2644 166
2644 167
2644 168
2644 169
2644 170
2644 171
2644 172
2644 173
2644 174
2644 175
2644 176
2644 177
2644 178
2644 179
2644 180
2644 568
2644 569
2644 570
2644 571
2644 572
2644 573
2644 574
2644 575
2645 132
2645 133
2645 134
2645 135
2645 136
2645 137
2645 138
2645 139
2645 140
2645 141
2645 142
2645 143
2645 144
2645 145
2645 146
2645 147
2645 148
2645 149
2645 150
2645 151
2645 152
2645 153
2647 202
2647 203
2647 204
2647 205
2647 206
2647 207
2647 208
2647 209
2647 210
2647 211
2647 212
2647 213
2647 214
2647 215
2647 216
2647 217
2647 218
2647 219
2647 220
2647 221
2647 222
2647 223
2648 174
2648 175
2648 176
2648 177
2648 178
2648 179
2648 180
2648 181
2648 182
2648 183
2648 184
2648 185
2648 186
2648 187
2648 188
2648 189
2648 190
2648 191
2648 192
2648 193
2648 194
2648 195
2648 196
2648 197
2648 198
2648 199
2648 200
2648 201
2649 149
2649 150
2649 151
2649 152
2649 153
2649 154
2649 155
2649 156
2649 157
2649 158
2649 159
2649 160
2649 161
2649 162
2649 163
2649 164
2649 165
2649 166
2649 167
2649 168
2649 169
2649 170
2649 171
2649 172
2649 173
2649 174
2649 175
2649 176
2649 177
2649 567
2649 568
2649 569
2649 570
2649 571
2649 572
2650 130
2650 131
2650 132
2650 133
2650 134
2650 135
2650 136
2650 137
2650 138
2650 139
2650 140
2650 141
2650 142
2650 143
2650 144
2650 145
2650 146
2650 147
2650 148
2650 149
2652 198
2652 199
2652 200
2652 201
2652 202
2652 203
2652 204
2652 205
2652 206
2652 207
2652 208
2652 209
2652 210
2652 211
2652 212
2652 213
2652 214
2652 215
2652 216
2652 217
2652 218
2652 219
2652 220
2652 221
2653 11
2653 12
2653 13
2653 14
2653 171
2653 172
2653 173
2653 174
2653 175
2653 176
2653 177
2653 178
2653 179
2653 180
2653 181
2653 182
2653 183
2653 184
2653 185
2653 186
2653 187
2653 188
2653 189
2653 190
2653 191
2653 192
2653 193
2653 194
2653 195
2653 196
2653 197
2653 198
2654 147
2654 148
2654 149
2654 150
2654 151
2654 152
2654 153
2654 154
2654 155
2654 156
2654 157
2654 158
2654 159
2654 160
2654 161
2654 162
2654 163
2654 164
2654 165
2654 166
2654 167
2654 168
2654 169
2654 170
2654 171
2654 172
2654 173
2655 129
2655 130
2655 131
2655 132
2655 133
2655 134
2655 135
2655 136
2655 137
2655 138
2655 139
2655 140
2655 141
2655 142
2655 143
2655 144
2655 145
2657 194
2657 195
2657 196
2657 197
2657 198
2657 199
2657 200
2657 201
2657 202
2657 203
2657 204
2657 205
2657 206
2657 207
2657 208
2657 209
2657 210
2657 211
2657 212
2657 213
2657 214
2657 215
2657 216
2657 217
2657 218
2658 7
2658 8
2658 9
2658 10
2658 11
2658 12
2658 167
2658 168
2658 169
2658 170
2658 171
2658 172
2658 173
2658 174
2658 175
2658 176
2658 177
2658 178
2658 179
2658 180
2658 181
2658 182
2658 183
2658 184
2658 185
2658 186
2658 187
2658 188
2658 189
2658 190
2658 191
2658 192
2658 193
2658 194
2658 195
2659 144
2659 145
2659 146
2659 147
2659 148
2659 149
2659 150
2659 151
2659 152
2659 153
2659 154
2659 155
2659 156
2659 157
2659 158
2659 159
2659 160
2659 161
2659 162
2659 163
2659 164
2659 165
2659 166
2659 167
2659 168
2659 169
2659 170
2660 128
2660 129
2660 130
2660 131
2660 132
2660 133
2660 134
2660 135
2660 136
2660 137
2660 138
2660 139
2660 140
2661 224
2661 225
2661 226
2661 227
2661 228
2661 229
2661 230
2661 231
2661 232
2661 233
2662 191
2662 192
2662 193
2662 194
2662 195
2662 196
2662 197
2662 198
2662 199
2662 200
2662 201
2662 202
2662 203
2662 204
2662 205
2662 206
2662 207
2662 208
2662 209
2662 210
2662 211
2662 212
2662 213
2662 214
2662 215
2663 4
2663 5
2663 6
2663 7
2663 8
2663 9
2663 164
2663 165
2663 166
2663 167
2663 168
2663 169
2663 170
2663 171
2663 172
2663 173
2663 174
2663 175
2663 176
2663 177
2663 178
2663 179
2663 180
2663 181
2663 182
2663 183
2663 184
2663 185
2663 186
2663 187
2663 188
2663 189
2663 190
2663 191
2663 192
2664 142
2664 143
2664 144
2664 145
2664 146
2664 147
2664 148
2664 149
2664 150
2664 151
2664 152
2664 153
2664 154
2664 155
2664 156
2664 157
2664 158
2664 159
2664 160
2664 161
2664 162
2664 163
2664 164
2664 165
2664 166
2664 167
2665 128
2665 129
2665 130
2665 131
2665 132
2665 133
2665 134
2666 218
2666 219
2666 220
2666 221
2666 222
2666 223
2666 224
2666 225
2666 226
2666 227
2666 228
2666 229
2666 230
2666 231
2666 232
2667 187
2667 188
2667 189
2667 190
2667 191
2667 192
2667 193
2667 194
2667 195
2667 196
2667 197
2667 198
2667 199
2667 200
2667 201
2667 202
2667 203
2667 204
2667 205
2667 206
2667 207
2667 208
2667 209
2667 210
2667 211
2667 212
2667 213
2668 2
2668 3
2668 4
2668 5
2668 6
2668 161
2668 162
2668 163
2668 164
2668 165
2668 166
2668 167
2668 168
2668 169
2668 170
2668 171
2668 172
2668 173
2668 174
2668 175
2668 176
2668 177
2668 178
2668 179
2668 180
2668 181
2668 182
2668 183
2668 184
2668 185
2668 186
2668 187
2668 188
2668 189
2669 139
2669 140
2669 141
2669 142
2669 143
2669 144
2669 145
2669 146
2669 147
2669 148
2669 149
2669 150
2669 151
2669 152
2669 153
2669 154
2669 155
2669 156
2669 157
2669 158
2669 159
2669 160
2669 161
2669 162
2669 163
2671 213
2671 214
2671 215
2671 216
2671 217
2671 218
2671 219
2671 220
2671 221
2671 222
2671 223
2671 224
2671 225
2671 226
2671 227
2671 228
2671 229
2671 230
2672 183
2672 184
2672 185
2672 186
2672 187
2672 188
2672 189
2672 190
2672 191
2672 192
2672 193
2672 194
2672 195
2672 196
2672 197
2672 198
2672 199
2672 200
2672 201
2672 202
2672 203
2672 204
2672 205
2672 206
2672 207
2672 208
2672 209
2672 210
2673 0
2673 1
2673 2
2673 158
2673 159
2673 160
2673 161
2673 162
2673 163
2673 164
2673 165
2673 166
2673 167
2673 168
2673 169
2673 170
2673 171
2673 172
2673 173
2673 174
2673 175
2673 176
2673 177
2673 178
2673 179
2673 180
2673 181
2673 182
2673 183
2673 184
2673 185
2673 186
2673 575
2674 137
2674 138
2674 139
2674 140
2674 141
2674 142
2674 143
2674 144
2674 145
2674 146
2674 147
2674 148
2674 149
2674 150
2674 151
2674 152
2674 153
2674 154
2674 155
2674 156
2674 157
2674 158
2674 159
2674 160
2676 209
2676 210
2676 211
2676 212
2676 213
2676 214
2676 215
2676 216
2676 217
2676 218
2676 219
2676 220
2676 221
2676 222
2676 223
2676 224
2676 225
2676 226
2676 227
2676 228
2677 180
2677 181
2677 182
2677 183
2677 184
2677 185
2677 186
2677 187
2677 188
2677 189
2677 190
2677 191
2677 192
2677 193
2677 194
2677 195
2677 196
2677 197
2677 198
2677 199
2677 200
2677 201
2677 202
2677 203
2677 204
2677 205
2677 206
2677 207
2678 155
2678 156
2678 157
2678 158
2678 159
2678 160
2678 161
2678 162
2678 163
2678 164
2678 165
2678 166
2678 167
2678 168
2678 169
2678 170
2678 171
2678 172
2678 173
2678 174
2678 175
2678 176
2678 177
2678 178
2678 179
2678 180
2678 181
2678 182
2678 183
2679 135
2679 136
2679 137
2679 138
2679 139
2679 140
2679 141
2679 142
2679 143
2679 144
2679 145
2679 146
2679 147
2679 148
2679 149
2679 150
2679 151
2679 152
2679 153
2679 154
2679 155
2679 156
2681 205
2681 206
2681 207
2681 208
2681 209
2681 210
2681 211
2681 212
2681 213
2681 214
2681 215
2681 216
2681 217
2681 218
2681 219
2681 220
2681 221
2681 222
2681 223
2681 224
2681 225
2682 177
2682 178
2682 179
2682 180
2682 181
2682 182
2682 183
2682 184
2682 185
2682 186
2682 187
2682 188
2682 189
2682 190
2682 191
2682 192
2682 193
2682 194
2682 195
2682 196
2682 197
2682 198
2682 199
2682 200
2682 201
2682 202
2682 203
2682 204
2683 153
2683 154
2683 155
2683 156
2683 157
2683 158
2683 159
2683 160
2683 161
2683 162
2683 163
2683 164
2683 165
2683 166
2683 167
2683 168
2683 169
2683 170
2683 171
2683 172
2683 173
2683 174
2683 175
2683 176
2683 177
2683 178
2683 179
2683 180
2684 133
2684 134
2684 135
2684 136
2684 137
2684 138
2684 139
2684 140
2684 141
2684 142
2684 143
2684 144
2684 145
2684 146
2684 147
2684 148
2684 149
2684 150
2684 151
2684 152
2686 201
2686 202
2686 203
2686 204
2686 205
2686 206
2686 207
2686 208
2686 209
2686 210
2686 211
2686 212
2686 213
2686 214
2686 215
2686 216
2686 217
2686 218
2686 219
2686 220
2686 221
2686 222
2686 223
2687 173
2687 174
2687 175
2687 176
2687 177
2687 178
2687 179
2687 180
2687 181
2687 182
2687 183
2687 184
2687 185
2687 186
2687 187
2687 188
2687 189
2687 190
2687 191
2687 192
2687 193
2687 194
2687 195
2687 196
2687 197
2687 198
2687 199
2687 200
2687 201
2688 150
2688 151
2688 152
2688 153
2688 154
2688 155
2688 156
2688 157
2688 158
2688 159
2688 160
2688 161
2688 162
2688 163
2688 164
2688 165
2688 166
2688 167
2688 168
2688 169
2688 170
2688 171
2688 172
2688 173
2688 174
2688 175
2688 176
2689 131
2689 132
2689 133
2689 134
2689 135
2689 136
2689 137
2689 138
2689 139
2689 140
2689 141
2689 142
2689 143
2689 144
2689 145
2689 146
2689 147
2689 148
2691 197
2691 198
2691 199
2691 200
2691 201
2691 202
2691 203
2691 204
2691 205
2691 206
2691 207
2691 208
2691 209
2691 210
2691 211
2691 212
2691 213
2691 214
2691 215
2691 216
2691 217
2691 218
2691 219
2691 220
2692 170
2692 171
2692 172
2692 173
2692 174
2692 175
2692 176
2692 177
2692 178
2692 179
2692 180
2692 181
2692 182
2692 183
2692 184
2692 185
2692 186
2692 187
2692 188
2692 189
2692 190
2692 191
2692 192
2692 193
2692 194
2692 195
2692 196
2692 197
2692 198
2693 147
2693 148
2693 149
2693 150
2693 151
2693 152
2693 153
2693 154
2693 155
2693 156
2693 157
2693 158
2693 159
2693 160
2693 161
2693 162
2693 163
2693 164
2693 165
2693 166
2693 167
2693 168
2693 169
2693 170
2693 171
2693 172
2693 173
2694 130
2694 131
2694 132
2694 133
2694 134
2694 135
2694 136
2694 137
2694 138
2694 139
2694 140
2694 141
2694 142
2694 143
2694 144
2695 226
2695 227
2695 228
2695 229
2695 230
2695 231
2695 232
2695 233
2695 234
2695 235
2696 193
2696 194
2696 195
2696 196
2696 197
2696 198
2696 199
2696 200
2696 201
2696 202
2696 203
2696 204
2696 205
2696 206
2696 207
2696 208
2696 209
2696 210
2696 211
2696 212
2696 213
2696 214
2696 215
2696 216
2696 217
2696 218
2697 167
2697 168
2697 169
2697 170
2697 171
2697 172
2697 173
2697 174
2697 175
2697 176
2697 177
2697 178
2697 179
2697 180
2697 181
2697 182
2697 183
2697 184
2697 185
2697 186
2697 187
2697 188
2697 189
2697 190
2697 191
2697 192
2697 193
2697 194
2697 195
2698 145
2698 146
2698 147
2698 148
2698 149
2698 150
2698 151
2698 152
2698 153
2698 154
2698 155
2698 156
2698 157
2698 158
2698 159
2698 160
2698 161
2698 162
2698 163
2698 164
2698 165
2698 166
2698 167
2698 168
2698 169
2698 170
2699 129
2699 130
2699 131
2699 132
2699 133
2699 134
2699 135
2699 136
2699 137
2699 138
2699 139
2700 221
2700 222
2700 223
2700 224
2700 225
2700 226
2700 227
2700 228
2700 229
2700 230
2700 231
2700 232
2700 233
2700 234
2701 190
2701 191
2701 192
2701 193
2701 194
2701 195
2701 196
2701 197
2701 198
2701 199
2701 200
2701 201
2701 202
2701 203
2701 204
2701 205
2701 206
2701 207
2701 208
2701 209
2701 210
2701 211
2701 212
2701 213
2701 214
2701 215
2702 164
2702 165
2702 166
2702 167
2702 168
2702 169
2702 170
2702 171
2702 172
2702 173
2702 174
2702 175
2702 176
2702 177
2702 178
2702 179
2702 180
2702 181
2702 182
2702 183
2702 184
2702 185
2702 186
2702 187
2702 188
2702 189
2702 190
2702 191
2702 192
2703 142
2703 143
2703 144
2703 145
2703 146
2703 147
2703 148
2703 149
2703 150
2703 151
2703 152
2703 153
2703 154
2703 155
2703 156
2703 157
2703 158
2703 159
2703 160
2703 161
2703 162
2703 163
2703 164
2703 165
2703 166
2705 216
2705 217
2705 218
2705 219
2705 220
2705 221
2705 222
2705 223
2705 224
2705 225
2705 226
2705 227
2705 228
2705 229
2705 230
2705 231
2705 232
2706 186
2706 187
2706 188
2706 189
2706 190
2706 191
2706 192
2706 193
2706 194
2706 195
2706 196
2706 197
2706 198
2706 199
2706 200
2706 201
2706 202
2706 203
2706 204
2706 205
2706 206
2706 207
2706 208
2706 209
2706 210
2706 211
2706 212
2707 161
2707 162
2707 163
2707 164
2707 165
2707 166
2707 167
2707 168
2707 169
2707 170
2707 171
2707 172
2707 173
2707 174
2707 175
2707 176
2707 177
2707 178
2707 179
2707 180
2707 181
2707 182
2707 183
2707 184
2707 185
2707 186
2707 187
2707 188
2707 189
2708 140
2708 141
2708 142
2708 143
2708 144
2708 145
2708 146
2708 147
2708 148
2708 149
2708 150
2708 151
2708 152
2708 153
2708 154
2708 155
2708 156
2708 157
2708 158
2708 159
2708 160
2708 161
2708 162
2708 163
2710 211
2710 212
2710 213
2710 214
2710 215
2710 216
2710 217
2710 218
2710 219
2710 220
2710 221
2710 222
2710 223
2710 224
2710 225
2710 226
2710 227
2710 228
2710 229
2710 230
2711 183
2711 184
2711 185
2711 186
2711 187
2711 188
2711 189
2711 190
2711 191
2711 192
2711 193
2711 194
2711 195
2711 196
2711 197
2711 198
2711 199
2711 200
2711 201
2711 202
2711 203
2711 204
2711 205
2711 206
2711 207
2711 208
2711 209
2712 158
2712 159
2712 160
2712 161
2712 162
2712 163
2712 164
2712 165
2712 166
2712 167
2712 168
2712 169
2712 170
2712 171
2712 172
2712 173
2712 174
2712 175
2712 176
2712 177
2712 178
2712 179
2712 180
2712 181
2712 182
2712 183
2712 184
2712 185
2712 186
2713 138
2713 139
2713 140
2713 141
2713 142
2713 143
2713 144
2713 145
2713 146
2713 147
2713 148
2713 149
2713 150
2713 151
2713 152
2713 153
2713 154
2713 155
2713 156
2713 157
2713 158
2713 159
2715 207
2715 208
2715 209
2715 210
2715 211
2715 212
2715 213
2715 214
2715 215
2715 216
2715 217
2715 218
2715 219
2715 220
2715 221
2715 222
2715 223
2715 224
2715 225
2715 226
2715 227
2716 180
2716 181
2716 182
2716 183
2716 184
2716 185
2716 186
2716 187
2716 188
2716 189
2716 190
2716 191
2716 192
2716 193
2716 194
2716 195
2716 196
2716 197
2716 198
2716 199
2716 200
2716 201
2716 202
2716 203
2716 204
2716 205
2716 206
2717 156
2717 157
2717 158
2717 159
2717 160
2717 161
2717 162
2717 163
2717 164
2717 165
2717 166
2717 167
2717 168
2717 169
2717 170
2717 171
2717 172
2717 173
2717 174
2717 175
2717 176
2717 177
2717 178
2717 179
2717 180
2717 181
2717 182
2718 136
2718 137
2718 138
2718 139
2718 140
2718 141
2718 142
2718 143
2718 144
2718 145
2718 146
2718 147
2718 148
2718 149
2718 150
2718 151
2718 152
2718 153
2718 154
2718 155
2718 156
2720 203
2720 204
2720 205
2720 206
2720 207
2720 208
2720 209
2720 210
2720 211
2720 212
2720 213
2720 214
2720 215
2720 216
2720 217
2720 218
2720 219
2720 220
2720 221
2720 222
2720 223
2720 224
2720 225
2721 176
2721 177
2721 178
2721 179
2721 180
2721 181
2721 182
2721 183
2721 184
2721 185
2721 186
2721 187
2721 188
2721 189
2721 190
2721 191
2721 192
2721 193
2721 194
2721 195
2721 196
2721 197
2721 198
2721 199
2721 200
2721 201
2721 202
2721 203
2722 153
2722 154
2722 155
2722 156
2722 157
2722 158
2722 159
2722 160
2722 161
2722 162
2722 163
2722 164
2722 165
2722 166
2722 167
2722 168
2722 169
2722 170
2722 171
2722 172
2722 173
2722 174
2722 175
2722 176
2722 177
2722 178
2722 179
2723 134
2723 135
2723 136
2723 137
2723 138
2723 139
2723 140
2723 141
2723 142
2723 143
2723 144
2723 145
2723 146
2723 147
2723 148
2723 149
2723 150
2723 151
2723 152
2725 200
2725 201
2725 202
2725 203
2725 204
2725 205
2725 206
2725 207
2725 208
2725 209
2725 210
2725 211
2725 212
2725 213
2725 214
2725 215
2725 216
2725 217
2725 218
2725 219
2725 220
2725 221
2725 222
2726 173
2726 174
2726 175
2726 176
2726 177
2726 178
2726 179
2726 180
2726 181
2726 182
2726 183
2726 184
2726 185
2726 186
2726 187
2726 188
2726 189
2726 190
2726 191
2726 192
2726 193
2726 194
2726 195
2726 196
2726 197
2726 198
2726 199
2726 200
2727 150
2727 151
2727 152
2727 153
2727 154
2727 155
2727 156
2727 157
2727 158
2727 159
2727 160
2727 161
2727 162
2727 163
2727 164
2727 165
2727 166
2727 167
2727 168
2727 169
2727 170
2727 171
2727 172
2727 173
2727 174
2727 175
2727 176
2728 133
2728 134
2728 135
2728 136
2728 137
2728 138
2728 139
2728 140
2728 141
2728 142
2728 143
2728 144
2728 145
2728 146
2728 147
2728 148
2729 228
2729 229
2729 230
2729 231
2729 232
2729 233
2729 234
2729 235
2729 236
2730 196
2730 197
2730 198
2730 199
2730 200
2730 201
2730 202
2730 203
2730 204
2730 205
2730 206
2730 207
2730 208
2730 209
2730 210
2730 211
2730 212
2730 213
2730 214
2730 215
2730 216
2730 217
2730 218
2730 219
2730 220
2731 170
2731 171
2731 172
2731 173
2731 174
2731 175
2731 176
2731 177
2731 178
2731 179
2731 180
2731 181
2731 182
2731 183
2731 184
2731 185
2731 186
2731 187
2731 188
2731 189
2731 190
2731 191
2731 192
2731 193
2731 194
2731 195
2731 196
2731 197
2732 148
2732 149
2732 150
2732 151
2732 152
2732 153
2732 154
2732 155
2732 156
2732 157
2732 158
2732 159
2732 160
2732 161
2732 162
2732 163
2732 164
2732 165
2732 166
2732 167
2732 168
2732 169
2732 170
2732 171
2732 172
2732 173
2733 132
2733 133
2733 134
2733 135
2733 136
2733 137
2733 138
2733 139
2733 140
2733 141
2733 142
2733 143
2734 223
2734 224
2734 225
2734 226
2734 227
2734 228
2734 229
2734 230
2734 231
2734 232
2734 233
2734 234
2734 235
2735 192
2735 193
2735 194
2735 195
2735 196
2735 197
2735 198
2735 199
2735 200
2735 201
2735 202
2735 203
2735 204
2735 205
2735 206
2735 207
2735 208
2735 209
2735 210
2735 211
2735 212
2735 213
2735 214
2735 215
2735 216
2735 217
2736 167
2736 168
2736 169
2736 170
2736 171
2736 172
2736 173
2736 174
2736 175
2736 176
2736 177
2736 178
2736 179
2736 180
2736 181
2736 182
2736 183
2736 184
2736 185
2736 186
2736 187
2736 188
2736 189
2736 190
2736 191
2736 192
2736 193
2736 194
2737 145
2737 146
2737 147
2737 148
2737 149
2737 150
2737 151
2737 152
2737 153
2737 154
2737 155
2737 156
2737 157
2737 158
2737 159
2737 160
2737 161
2737 162
2737 163
2737 164
2737 165
2737 166
2737 167
2737 168
2737 169
2738 132
2738 133
2738 134
2738 135
2738 136
2738 137
2738 138
2739 218
2739 219
2739 220
2739 221
2739 222
2739 223
2739 224
2739 225
2739 226
2739 227
2739 228
2739 229
2739 230
2739 231
2739 232
2739 233
2739 234
2740 189
2740 190
2740 191
2740 192
2740 193
2740 194
2740 195
2740 196
2740 197
2740 198
2740 199
2740 200
2740 201
2740 202
2740 203
2740 204
2740 205
2740 206
2740 207
2740 208
2740 209
2740 210
2740 211
2740 212
2740 213
2740 214
2741 164
2741 165
2741 166
2741 167
2741 168
2741 169
2741 170
2741 171
2741 172
2741 173
2741 174
2741 175
2741 176
2741 177
2741 178
2741 179
2741 180
2741 181
2741 182
2741 183
2741 184
2741 185
2741 186
2741 187
2741 188
2741 189
2741 190
2741 191
2742 143
2742 144
2742 145
2742 146
2742 147
2742 148
2742 149
2742 150
2742 151
2742 152
2742 153
2742 154
2742 155
2742 156
2742 157
2742 158
2742 159
2742 160
2742 161
2742 162
2742 163
2742 164
2742 165
2742 166
2744 214
2744 215
2744 216
2744 217
2744 218
2744 219
2744 220
2744 221
2744 222
2744 223
2744 224
2744 225
2744 226
2744 227
2744 228
2744 229
2744 230
2744 231
2744 232
2745 186
2745 187
2745 188
2745 189
2745 190
2745 191
2745 192
2745 193
2745 194
2745 195
2745 196
2745 197
2745 198
2745 199
2745 200
2745 201
2745 202
2745 203
2745 204
2745 205
2745 206
2745 207
2745 208
2745 209
2745 210
2745 211
2746 161
2746 162
2746 163
2746 164
2746 165
2746 166
2746 167
2746 168
2746 169
2746 170
2746 171
2746 172
2746 173
2746 174
2746 175
2746 176
2746 177
2746 178
2746 179
2746 180
2746 181
2746 182
2746 183
2746 184
2746 185
2746 186
2746 187
2746 188
2747 141
2747 142
2747 143
2747 144
2747 145
2747 146
2747 147
2747 148
2747 149
2747 150
2747 151
2747 152
2747 153
2747 154
2747 155
2747 156
2747 157
2747 158
2747 159
2747 160
2747 161
2747 162
2749 210
2749 211
2749 212
2749 213
2749 214
2749 215
2749 216
2749 217
2749 218
2749 219
2749 220
2749 221
2749 222
2749 223
2749 224
2749 225
2749 226
2749 227
2749 228
2749 229
2750 182
2750 183
2750 184
2750 185
2750 186
2750 187
2750 188
2750 189
2750 190
2750 191
2750 192
2750 193
2750 194
2750 195
2750 196
2750 197
2750 198
2750 199
2750 200
2750 201
2750 202
2750 203
2750 204
2750 205
2750 206
2750 207
2750 208
2750 209
2751 159
2751 160
2751 161
2751 162
2751 163
2751 164
2751 165
2751 166
2751 167
2751 168
2751 169
2751 170
2751 171
2751 172
2751 173
2751 174
2751 175
2751 176
2751 177
2751 178
2751 179
2751 180
2751 181
2751 182
2751 183
2751 184
2751 185
2752 139
2752 140
2752 141
2752 142
2752 143
2752 144
2752 145
2752 146
2752 147
2752 148
2752 149
2752 150
2752 151
2752 152
2752 153
2752 154
2752 155
2752 156
2752 157
2752 158
2752 159
2754 206
2754 207
2754 208
2754 209
2754 210
2754 211
2754 212
2754 213
2754 214
2754 215
2754 216
2754 217
2754 218
2754 219
2754 220
2754 221
2754 222
2754 223
2754 224
2754 225
2754 226
2754 227
2755 179
2755 180
2755 181
2755 182
2755 183
2755 184
2755 185
2755 186
2755 187
2755 188
2755 189
2755 190
2755 191
2755 192
2755 193
2755 194
2755 195
2755 196
2755 197
2755 198
2755 199
2755 200
2755 201
2755 202
2755 203
2755 204
2755 205
2755 206
2756 156
2756 157
2756 158
2756 159
2756 160
2756 161
2756 162
2756 163
2756 164
2756 165
2756 166
2756 167
2756 168
2756 169
2756 170
2756 171
2756 172
2756 173
2756 174
2756 175
2756 176
2756 177
2756 178
2756 179
2756 180
2756 181
2756 182
2757 137
2757 138
2757 139
2757 140
2757 141
2757 142
2757 143
2757 144
2757 145
2757 146
2757 147
2757 148
2757 149
2757 150
2757 151
2757 152
2757 153
2757 154
2757 155
2759 202
2759 203
2759 204
2759 205
2759 206
2759 207
2759 208
2759 209
2759 210
2759 211
2759 212
2759 213
2759 214
2759 215
2759 216
2759 217
2759 218
2759 219
2759 220
2759 221
2759 222
2759 223
2759 224
2760 176
2760 177
2760 178
2760 179
2760 180
2760 181
2760 182
2760 183
2760 184
2760 185
2760 186
2760 187
2760 188
2760 189
2760 190
2760 191
2760 192
2760 193
2760 194
2760 195
2760 196
2760 197
2760 198
2760 199
2760 200
2760 201
2760 202
2760 203
2761 153
2761 154
2761 155
2761 156
2761 157
2761 158
2761 159
2761 160
2761 161
2761 162
2761 163
2761 164
2761 165
2761 166
2761 167
2761 168
2761 169
2761 170
2761 171
2761 172
2761 173
2761 174
2761 175
2761 176
2761 177
2761 178
2761 179
2762 135
2762 136
2762 137
2762 138
2762 139
2762 140
2762 141
2762 142
2762 143
2762 144
2762 145
2762 146
2762 147
2762 148
2762 149
2762 150
2762 151
2763 231
2763 232
2763 233
2763 234
2763 235
2763 236
2763 237
2763 238
2764 199
2764 200
2764 201
2764 202
2764 203
2764 204
2764 205
2764 206
2764 207
2764 208
2764 209
2764 210
2764 211
2764 212
2764 213
2764 214
2764 215
2764 216
2764 217
2764 218
2764 219
2764 220
2764 221
2764 222
2765 173
2765 174
2765 175
2765 176
2765 177
2765 178
2765 179
2765 180
2765 181
2765 182
2765 183
2765 184
2765 185
2765 186
2765 187
2765 188
2765 189
2765 190
2765 191
2765 192
2765 193
2765 194
2765 195
2765 196
2765 197
2765 198
2765 199
2765 200
2766 151
2766 152
2766 153
2766 154
2766 155
2766 156
2766 157
2766 158
2766 159
2766 160
2766 161
2766 162
2766 163
2766 164
2766 165
2766 166
2766 167
2766 168
2766 169
2766 170
2766 171
2766 172
2766 173
2766 174
2766 175
2767 134
2767 135
2767 136
2767 137
2767 138
2767 139
2767 140
2767 141
2767 142
2767 143
2767 144
2767 145
2767 146
2767 147
2768 225
2768 226
2768 227
2768 228
2768 229
2768 230
2768 231
2768 232
2768 233
2768 234
2768 235
2768 236
2768 237
2769 195
2769 196
2769 197
2769 198
2769 199
2769 200
2769 201
2769 202
2769 203
2769 204
2769 205
2769 206
2769 207
2769 208
2769 209
2769 210
2769 211
2769 212
2769 213
2769 214
2769 215
2769 216
2769 217
2769 218
2769 219
2770 170
2770 171
2770 172
2770 173
2770 174
2770 175
2770 176
2770 177
2770 178
2770 179
2770 180
2770 181
2770 182
2770 183
2770 184
2770 185
2770 186
2770 187
2770 188
2770 189
2770 190
2770 191
2770 192
2770 193
2770 194
2770 195
2770 196
2770 197
2771 148
2771 149
2771 150
2771 151
2771 152
2771 153
2771 154
2771 155
2771 156
2771 157
2771 158
2771 159
2771 160
2771 161
2771 162
2771 163
2771 164
2771 165
2771 166
2771 167
2771 168
2771 169
2771 170
2771 171
2771 172
2772 133
2772 134
2772 135
2772 136
2772 137
2772 138
2772 139
2772 140
2772 141
2772 142
2772 143
2773 221
2773 222
2773 223
2773 224
2773 225
2773 226
2773 227
2773 228
2773 229
2773 230
2773 231
2773 232
2773 233
2773 234
2773 235
2774 192
2774 193
2774 194
2774 195
2774 196
2774 197
2774 198
2774 199
2774 200
2774 201
2774 202
2774 203
2774 204
2774 205
2774 206
2774 207
2774 208
2774 209
2774 210
2774 211
2774 212
2774 213
2774 214
2774 215
2774 216
2775 167
2775 168
2775 169
2775 170
2775 171
2775 172
2775 173
2775 174
2775 175
2775 176
2775 177
2775 178
2775 179
2775 180
2775 181
2775 182
2775 183
2775 184
2775 185
2775 186
2775 187
2775 188
2775 189
2775 190
2775 191
2775 192
2775 193
2775 194
2776 146
2776 147
2776 148
2776 149
2776 150
2776 151
2776 152
2776 153
2776 154
2776 155
2776 156
2776 157
2776 158
2776 159
2776 160
2776 161
2776 162
2776 163
2776 164
2776 165
2776 166
2776 167
2776 168
2776 169
2777 135
2778 216
2778 217
2778 218
2778 219
2778 220
2778 221
2778 222
2778 223
2778 224
2778 225
2778 226
2778 227
2778 228
2778 229
2778 230
2778 231
2778 232
2778 233
2779 189
2779 190
2779 191
2779 192
2779 193
2779 194
2779 195
2779 196
2779 197
2779 198
2779 199
2779 200
2779 201
2779 202
2779 203
2779 204
2779 205
2779 206
2779 207
2779 208
2779 209
2779 210
2779 211
2779 212
2779 213
2779 214
2780 164
2780 165
2780 166
2780 167
2780 168
2780 169
2780 170
2780 171
2780 172
2780 173
2780 174
2780 175
2780 176
2780 177
2780 178
2780 179
2780 180
2780 181
2780 182
2780 183
2780 184
2780 185
2780 186
2780 187
2780 188
2780 189
2780 190
2780 191
2781 144
2781 145
2781 146
2781 147
2781 148
2781 149
2781 150
2781 151
2781 152
2781 153
2781 154
2781 155
2781 156
2781 157
2781 158
2781 159
2781 160
2781 161
2781 162
2781 163
2781 164
2781 165
2783 212
2783 213
2783 214
2783 215
2783 216
2783 217
2783 218
2783 219
2783 220
2783 221
2783 222
2783 223
2783 224
2783 225
2783 226
2783 227
2783 228
2783 229
2783 230
2783 231
2784 185
2784 186
2784 187
2784 188
2784 189
2784 190
2784 191
2784 192
2784 193
2784 194
2784 195
2784 196
2784 197
2784 198
2784 199
2784 200
2784 201
2784 202
2784 203
2784 204
2784 205
2784 206
2784 207
2784 208
2784 209
2784 210
2784 211
2785 162
2785 163
2785 164
2785 165
2785 166
2785 167
2785 168
2785 169
2785 170
2785 171
2785 172
2785 173
2785 174
2785 175
2785 176
2785 177
2785 178
2785 179
2785 180
2785 181
2785 182
2785 183
2785 184
2785 185
2785 186
2785 187
2785 188
2786 142
2786 143
2786 144
2786 145
2786 146
2786 147
2786 148
2786 149
2786 150
2786 151
2786 152
2786 153
2786 154
2786 155
2786 156
2786 157
2786 158
2786 159
2786 160
2786 161
2786 162
2788 209
2788 210
2788 211
2788 212
2788 213
2788 214
2788 215
2788 216
2788 217
2788 218
2788 219
2788 220
2788 221
2788 222
2788 223
2788 224
2788 225
2788 226
2788 227
2788 228
2788 229
2789 182
2789 183
2789 184
2789 185
2789 186
2789 187
2789 188
2789 189
2789 190
2789 191
2789 192
2789 193
2789 194
2789 195
2789 196
2789 197
2789 198
2789 199
2789 200
2789 201
2789 202
2789 203
2789 204
2789 205
2789 206
2789 207
2789 208
2790 159
2790 160
2790 161
2790 162
2790 163
2790 164
2790 165
2790 166
2790 167
2790 168
2790 169
2790 170
2790 171
2790 172
2790 173
2790 174
2790 175
2790 176
2790 177
2790 178
2790 179
2790 180
2790 181
2790 182
2790 183
2790 184
2790 185
2791 140
2791 141
2791 142
2791 143
2791 144
2791 145
2791 146
2791 147
2791 148
2791 149
2791 150
2791 151
2791 152
2791 153
2791 154
2791 155
2791 156
2791 157
2791 158
2793 205
2793 206
2793 207
2793 208
2793 209
2793 210
2793 211
2793 212
2793 213
2793 214
2793 215
2793 216
2793 217
2793 218
2793 219
2793 220
2793 221
2793 222
2793 223
2793 224
2793 225
2793 226
2794 179
2794 180
2794 181
2794 182
2794 183
2794 184
2794 185
2794 186
2794 187
2794 188
2794 189
2794 190
2794 191
2794 192
2794 193
2794 194
2794 195
2794 196
2794 197
2794 198
2794 199
2794 200
2794 201
2794 202
2794 203
2794 204
2794 205
2795 156
2795 157
2795 158
2795 159
2795 160
2795 161
2795 162
2795 163
2795 164
2795 165
2795 166
2795 167
2795 168
2795 169
2795 170
2795 171
2795 172
2795 173
2795 174
2795 175
2795 176
2795 177
2795 178
2795 179
2795 180
2795 181
2796 138
2796 139
2796 140
2796 141
2796 142
2796 143
2796 144
2796 145
2796 146
2796 147
2796 148
2796 149
2796 150
2796 151
2796 152
2796 153
2796 154
2796 155
2797 234
2797 235
2797 236
2797 237
2797 238
2797 239
2798 201
2798 202
2798 203
2798 204
2798 205
2798 206
2798 207
2798 208
2798 209
2798 210
2798 211
2798 212
2798 213
2798 214
2798 215
2798 216
2798 217
2798 218
2798 219
2798 220
2798 221
2798 222
2798 223
2798 224
2799 176
2799 177
2799 178
2799 179
2799 180
2799 181
2799 182
2799 183
2799 184
2799 185
2799 186
2799 187
2799 188
2799 189
2799 190
2799 191
2799 192
2799 193
2799 194
2799 195
2799 196
2799 197
2799 198
2799 199
2799 200
2799 201
2799 202
2800 154
2800 155
2800 156
2800 157
2800 158
2800 159
2800 160
2800 161
2800 162
2800 163
2800 164
2800 165
2800 166
2800 167
2800 168
2800 169
2800 170
2800 171
2800 172
2800 173
2800 174
2800 175
2800 176
2800 177
2800 178
2801 136
2801 137
2801 138
2801 139
2801 140
2801 141
2801 142
2801 143
2801 144
2801 145
2801 146
2801 147
2801 148
2801 149
2801 150
2801 151
2802 228
2802 229
2802 230
2802 231
2802 232
2802 233
2802 234
2802 235
2802 236
2802 237
2802 238
2803 198
2803 199
2803 200
2803 201
2803 202
2803 203
2803 204
2803 205
2803 206
2803 207
2803 208
2803 209
2803 210
2803 211
2803 212
2803 213
2803 214
2803 215
2803 216
2803 217
2803 218
2803 219
2803 220
2803 221
2804 173
2804 174
2804 175
2804 176
2804 177
2804 178
2804 179
2804 180
2804 181
2804 182
2804 183
2804 184
2804 185
2804 186
2804 187
2804 188
2804 189
2804 190
2804 191
2804 192
2804 193
2804 194
2804 195
2804 196
2804 197
2804 198
2804 199
2805 151
2805 152
2805 153
2805 154
2805 155
2805 156
2805 157
2805 158
2805 159
2805 160
2805 161
2805 162
2805 163
2805 164
2805 165
2805 166
2805 167
2805 168
2805 169
2805 170
2805 171
2805 172
2805 173
2805 174
2805 175
2806 135
2806 136
2806 137
2806 138
2806 139
2806 140
2806 141
2806 142
2806 143
2806 144
2806 145
2806 146
2806 147
2807 223
2807 224
2807 225
2807 226
2807 227
2807 228
2807 229
2807 230
2807 231
2807 232
2807 233
2807 234
2807 235
2807 236
2807 237
2808 195
2808 196
2808 197
2808 198
2808 199
2808 200
2808 201
2808 202
2808 203
2808 204
2808 205
2808 206
2808 207
2808 208
2808 209
2808 210
2808 211
2808 212
2808 213
2808 214
2808 215
2808 216
2808 217
2808 218
2809 170
2809 171
2809 172
2809 173
2809 174
2809 175
2809 176
2809 177
2809 178
2809 179
2809 180
2809 181
2809 182
2809 183
2809 184
2809 185
2809 186
2809 187
2809 188
2809 189
2809 190
2809 191
2809 192
2809 193
2809 194
2809 195
2809 196
2810 149
2810 150
2810 151
2810 152
2810 153
2810 154
2810 155
2810 156
2810 157
2810 158
2810 159
2810 160
2810 161
2810 162
2810 163
2810 164
2810 165
2810 166
2810 167
2810 168
2810 169
2810 170
2810 171
2810 172
2811 135
2811 136
2811 137
2811 138
2811 139
2811 140
2811 141
2811 142
2812 219
2812 220
2812 221
2812 222
2812 223
2812 224
2812 225
2812 226
2812 227
2812 228
2812 229
2812 230
2812 231
2812 232
2812 233
2812 234
2812 235
2813 191
2813 192
2813 193
2813 194
2813 195
2813 196
2813 197
2813 198
2813 199
2813 200
2813 201
2813 202
2813 203
2813 204
2813 205
2813 206
2813 207
2813 208
2813 209
2813 210
2813 211
2813 212
2813 213
2813 214
2813 215
2813 216
2814 167
2814 168
2814 169
2814 170
2814 171
2814 172
2814 173
2814 174
2814 175
2814 176
2814 177
2814 178
2814 179
2814 180
2814 181
2814 182
2814 183
2814 184
2814 185
2814 186
2814 187
2814 188
2814 189
2814 190
2814 191
2814 192
2814 193
2815 147
2815 148
2815 149
2815 150
2815 151
2815 152
2815 153
2815 154
2815 155
2815 156
2815 157
2815 158
2815 159
2815 160
2815 161
2815 162
2815 163
2815 164
2815 165
2815 166
2815 167
2815 168
2817 215
2817 216
2817 217
2817 218
2817 219
2817 220
2817 221
2817 222
2817 223
2817 224
2817 225
2817 226
2817 227
2817 228
2817 229
2817 230
2817 231
2817 232
2817 233
2818 188
2818 189
2818 190
2818 191
2818 192
2818 193
2818 194
2818 195
2818 196
2818 197
2818 198
2818 199
2818 200
2818 201
2818 202
2818 203
2818 204
2818 205
2818 206
2818 207
2818 208
2818 209
2818 210
2818 211
2818 212
2818 213
2819 165
2819 166
2819 167
2819 168
2819 169
2819 170
2819 171
2819 172
2819 173
2819 174
2819 175
2819 176
2819 177
2819 178
2819 179
2819 180
2819 181
2819 182
2819 183
2819 184
2819 185
2819 186
2819 187
2819 188
2819 189
2819 190
2820 144
2820 145
2820 146
2820 147
2820 148
2820 149
2820 150
2820 151
2820 152
2820 153
2820 154
2820 155
2820 156
2820 157
2820 158
2820 159
2820 160
2820 161
2820 162
2820 163
2820 164
2820 165
2822 211
2822 212
2822 213
2822 214
2822 215
2822 216
2822 217
2822 218
2822 219
2822 220
2822 221
2822 222
2822 223
2822 224
2822 225
2822 226
2822 227
2822 228
2822 229
2822 230
2823 185
2823 186
2823 187
2823 188
2823 189
2823 190
2823 191
2823 192
2823 193
2823 194
2823 195
2823 196
2823 197
2823 198
2823 199
2823 200
2823 201
2823 202
2823 203
2823 204
2823 205
2823 206
2823 207
2823 208
2823 209
2823 210
2824 162
2824 163
2824 164
2824 165
2824 166
2824 167
2824 168
2824 169
2824 170
2824 171
2824 172
2824 173
2824 174
2824 175
2824 176
2824 177
2824 178
2824 179
2824 180
2824 181
2824 182
2824 183
2824 184
2824 185
2824 186
2824 187
2825 142
2825 143
2825 144
2825 145
2825 146
2825 147
2825 148
2825 149
2825 150
2825 151
2825 152
2825 153
2825 154
2825 155
2825 156
2825 157
2825 158
2825 159
2825 160
2825 161
2825 162
2827 208
2827 209
2827 210
2827 211
2827 212
2827 213
2827 214
2827 215
2827 216
2827 217
2827 218
2827 219
2827 220
2827 221
2827 222
2827 223
2827 224
2827 225
2827 226
2827 227
2827 228
2828 182
2828 183
2828 184
2828 185
2828 186
2828 187
2828 188
2828 189
2828 190
2828 191
2828 192
2828 193
2828 194
2828 195
2828 196
2828 197
2828 198
2828 199
2828 200
2828 201
2828 202
2828 203
2828 204
2828 205
2828 206
2828 207
2829 159
2829 160
2829 161
2829 162
2829 163
2829 164
2829 165
2829 166
2829 167
2829 168
2829 169
2829 170
2829 171
2829 172
2829 173
2829 174
2829 175
2829 176
2829 177
2829 178
2829 179
2829 180
2829 181
2829 182
2829 183
2829 184
2830 141
2830 142
2830 143
2830 144
2830 145
2830 146
2830 147
2830 148
2830 149
2830 150
2830 151
2830 152
2830 153
2830 154
2830 155
2830 156
2830 157
2830 158
2831 237
2831 238
2831 239
2832 204
2832 205
2832 206
2832 207
2832 208
2832 209
2832 210
2832 211
2832 212
2832 213
2832 214
2832 215
2832 216
2832 217
2832 218
2832 219
2832 220
2832 221
2832 222
2832 223
2832 224
2832 225
2833 179
2833 180
2833 181
2833 182
2833 183
2833 184
2833 185
2833 186
2833 187
2833 188
2833 189
2833 190
2833 191
2833 192
2833 193
2833 194
2833 195
2833 196
2833 197
2833 198
2833 199
2833 200
2833 201
2833 202
2833 203
2833 204
2834 157
2834 158
2834 159
2834 160
2834 161
2834 162
2834 163
2834 164
2834 165
2834 166
2834 167
2834 168
2834 169
2834 170
2834 171
2834 172
2834 173
2834 174
2834 175
2834 176
2834 177
2834 178
2834 179
2834 180
2834 181
2835 139
2835 140
2835 141
2835 142
2835 143
2835 144
2835 145
2835 146
2835 147
2835 148
2835 149
2835 150
2835 151
2835 152
2835 153
2835 154
2836 231
2836 232
2836 233
2836 234
2836 235
2836 236
2836 237
2836 238
2836 239
2837 201
2837 202
2837 203
2837 204
2837 205
2837 206
2837 207
2837 208
2837 209
2837 210
2837 211
2837 212
2837 213
2837 214
2837 215
2837 216
2837 217
2837 218
2837 219
2837 220
2837 221
2837 222
2837 223
2838 176
2838 177
2838 178
2838 179
2838 180
2838 181
2838 182
2838 183
2838 184
2838 185
2838 186
2838 187
2838 188
2838 189
2838 190
2838 191
2838 192
2838 193
2838 194
2838 195
2838 196
2838 197
2838 198
2838 199
2838 200
2838 201
2839 154
2839 155
2839 156
2839 157
2839 158
2839 159
2839 160
2839 161
2839 162
2839 163
2839 164
2839 165
2839 166
2839 167
2839 168
2839 169
2839 170
2839 171
2839 172
2839 173
2839 174
2839 175
2839 176
2839 177
2839 178
2840 138
2840 139
2840 140
2840 141
2840 142
2840 143
2840 144
2840 145
2840 146
2840 147
2840 148
2840 149
2840 150
2840 151
2841 226
2841 227
2841 228
2841 229
2841 230
2841 231
2841 232
2841 233
2841 234
2841 235
2841 236
2841 237
2841 238
2842 197
2842 198
2842 199
2842 200
2842 201
2842 202
2842 203
2842 204
2842 205
2842 206
2842 207
2842 208
2842 209
2842 210
2842 211
2842 212
2842 213
2842 214
2842 215
2842 216
2842 217
2842 218
2842 219
2842 220
2843 173
2843 174
2843 175
2843 176
2843 177
2843 178
2843 179
2843 180
2843 181
2843 182
2843 183
2843 184
2843 185
2843 186
2843 187
2843 188
2843 189
2843 190
2843 191
2843 192
2843 193
2843 194
2843 195
2843 196
2843 197
2843 198
2843 199
2844 152
2844 153
2844 154
2844 155
2844 156
2844 157
2844 158
2844 159
2844 160
2844 161
2844 162
2844 163
2844 164
2844 165
2844 166
2844 167
2844 168
2844 169
2844 170
2844 171
2844 172
2844 173
2844 174
2844 175
2845 137
2845 138
2845 139
2845 140
2845 141
2845 142
2845 143
2845 144
2845 145
2845 146
2846 222
2846 223
2846 224
2846 225
2846 226
2846 227
2846 228
2846 229
2846 230
2846 231
2846 232
2846 233
2846 234
2846 235
2846 236
2847 194
2847 195
2847 196
2847 197
2847 198
2847 199
2847 200
2847 201
2847 202
2847 203
2847 204
2847 205
2847 206
2847 207
2847 208
2847 209
2847 210
2847 211
2847 212
2847 213
2847 214
2847 215
2847 216
2847 217
2847 218
2848 170
2848 171
2848 172
2848 173
2848 174
2848 175
2848 176
2848 177
2848 178
2848 179
2848 180
2848 181
2848 182
2848 183
2848 184
2848 185
2848 186
2848 187
2848 188
2848 189
2848 190
2848 191
2848 192
2848 193
2848 194
2848 195
2848 196
2849 150
2849 151
2849 152
2849 153
2849 154
2849 155
2849 156
2849 157
2849 158
2849 159
2849 160
2849 161
2849 162
2849 163
2849 164
2849 165
2849 166
2849 167
2849 168
2849 169
2849 170
2849 171
2850 137
2850 138
2850 139
2850 140
2850 141
2851 218
2851 219
2851 220
2851 221
2851 222
2851 223
2851 224
2851 225
2851 226
2851 227
2851 228
2851 229
2851 230
2851 231
2851 232
2851 233
2851 234
2852 191
2852 192
2852 193
2852 194
2852 195
2852 196
2852 197
2852 198
2852 199
2852 200
2852 201
2852 202
2852 203
2852 204
2852 205
2852 206
2852 207
2852 208
2852 209
2852 210
2852 211
2852 212
2852 213
2852 214
2852 215
2853 168
2853 169
2853 170
2853 171
2853 172
2853 173
2853 174
2853 175
2853 176
2853 177
2853 178
2853 179
2853 180
2853 181
2853 182
2853 183
2853 184
2853 185
2853 186
2853 187
2853 188
2853 189
2853 190
2853 191
2853 192
2853 193
2854 147
2854 148
2854 149
2854 150
2854 151
2854 152
2854 153
2854 154
2854 155
2854 156
2854 157
2854 158
2854 159
2854 160
2854 161
2854 162
2854 163
2854 164
2854 165
2854 166
2854 167
2854 168
2856 214
2856 215
2856 216
2856 217
2856 218
2856 219
2856 220
2856 221
2856 222
2856 223
2856 224
2856 225
2856 226
2856 227
2856 228
2856 229
2856 230
2856 231
2856 232
2857 188
2857 189
2857 190
2857 191
2857 192
2857 193
2857 194
2857 195
2857 196
2857 197
2857 198
2857 199
2857 200
2857 201
2857 202
2857 203
2857 204
2857 205
2857 206
2857 207
2857 208
2857 209
2857 210
2857 211
2857 212
2858 165
2858 166
2858 167
2858 168
2858 169
2858 170
2858 171
2858 172
2858 173
2858 174
2858 175
2858 176
2858 177
2858 178
2858 179
2858 180
2858 181
2858 182
2858 183
2858 184
2858 185
2858 186
2858 187
2858 188
2858 189
2858 190
2859 145
2859 146
2859 147
2859 148
2859 149
2859 150
2859 151
2859 152
2859 153
2859 154
2859 155
2859 156
2859 157
2859 158
2859 159
2859 160
2859 161
2859 162
2859 163
2859 164
2859 165
2861 210
2861 211
2861 212
2861 213
2861 214
2861 215
2861 216
2861 217
2861 218
2861 219
2861 220
2861 221
2861 222
2861 223
2861 224
2861 225
2861 226
2861 227
2861 228
2861 229
2862 185
2862 186
2862 187
2862 188
2862 189
2862 190
2862 191
2862 192
2862 193
2862 194
2862 195
2862 196
2862 197
2862 198
2862 199
2862 200
2862 201
2862 202
2862 203
2862 204
2862 205
2862 206
2862 207
2862 208
2862 209
2863 162
2863 163
2863 164
2863 165
2863 166
2863 167
2863 168
2863 169
2863 170
2863 171
2863 172
2863 173
2863 174
2863 175
2863 176
2863 177
2863 178
2863 179
2863 180
2863 181
2863 182
2863 183
2863 184
2863 185
2863 186
2863 187
2864 143
2864 144
2864 145
2864 146
2864 147
2864 148
2864 149
2864 150
2864 151
2864 152
2864 153
2864 154
2864 155
2864 156
2864 157
2864 158
2864 159
2864 160
2864 161
2866 207
2866 208
2866 209
2866 210
2866 211
2866 212
2866 213
2866 214
2866 215
2866 216
2866 217
2866 218
2866 219
2866 220
2866 221
2866 222
2866 223
2866 224
2866 225
2866 226
2866 227
2867 182
2867 183
2867 184
2867 185
2867 186
2867 187
2867 188
2867 189
2867 190
2867 191
2867 192
2867 193
2867 194
2867 195
2867 196
2867 197
2867 198
2867 199
2867 200
2867 201
2867 202
2867 203
2867 204
2867 205
2867 206
2867 207
2868 160
2868 161
2868 162
2868 163
2868 164
2868 165
2868 166
2868 167
2868 168
2868 169
2868 170
2868 171
2868 172
2868 173
2868 174
2868 175
2868 176
2868 177
2868 178
2868 179
2868 180
2868 181
2868 182
2868 183
2868 184
2869 141
2869 142
2869 143
2869 144
2869 145
2869 146
2869 147
2869 148
2869 149
2869 150
2869 151
2869 152
2869 153
2869 154
2869 155
2869 156
2869 157
2869 158
2870 233
2870 234
2870 235
2870 236
2870 237
2870 238
2870 239
2870 240
2871 203
2871 204
2871 205
2871 206
2871 207
2871 208
2871 209
2871 210
2871 211
2871 212
2871 213
2871 214
2871 215
2871 216
2871 217
2871 218
2871 219
2871 220
2871 221
2871 222
2871 223
2871 224
2871 225
2872 179
2872 180
2872 181
2872 182
2872 183
2872 184
2872 185
2872 186
2872 187
2872 188
2872 189
2872 190
2872 191
2872 192
2872 193
2872 194
2872 195
2872 196
2872 197
2872 198
2872 199
2872 200
2872 201
2872 202
2872 203
2872 204
2873 157
2873 158
2873 159
2873 160
2873 161
2873 162
2873 163
2873 164
2873 165
2873 166
2873 167
2873 168
2873 169
2873 170
2873 171
2873 172
2873 173
2873 174
2873 175
2873 176
2873 177
2873 178
2873 179
2873 180
2874 140
2874 141
2874 142
2874 143
2874 144
2874 145
2874 146
2874 147
2874 148
2874 149
2874 150
2874 151
2874 152
2874 153
2874 154
2875 229
2875 230
2875 231
2875 232
2875 233
2875 234
2875 235
2875 236
2875 237
2875 238
2875 239
2876 200
2876 201
2876 202
2876 203
2876 204
2876 205
2876 206
2876 207
2876 208
2876 209
2876 210
2876 211
2876 212
2876 213
2876 214
2876 215
2876 216
2876 217
2876 218
2876 219
2876 220
2876 221
2876 222
2877 176
2877 177
2877 178
2877 179
2877 180
2877 181
2877 182
2877 183
2877 184
2877 185
2877 186
2877 187
2877 188
2877 189
2877 190
2877 191
2877 192
2877 193
2877 194
2877 195
2877 196
2877 197
2877 198
2877 199
2877 200
2877 201
2878 155
2878 156
2878 157
2878 158
2878 159
2878 160
2878 161
2878 162
2878 163
2878 164
2878 165
2878 166
2878 167
2878 168
2878 169
2878 170
2878 171
2878 172
2878 173
2878 174
2878 175
2878 176
2878 177
2879 139
2879 140
2879 141
2879 142
2879 143
2879 144
2879 145
2879 146
2879 147
2879 148
2879 149
2879 150
2880 224
2880 225
2880 226
2880 227
2880 228
2880 229
2880 230
2880 231
2880 232
2880 233
2880 234
2880 235
2880 236
2880 237
2881 197
2881 198
2881 199
2881 200
2881 201
2881 202
2881 203
2881 204
2881 205
2881 206
2881 207
2881 208
2881 209
2881 210
2881 211
2881 212
2881 213
2881 214
2881 215
2881 216
2881 217
2881 218
2881 219
2882 173
2882 174
2882 175
2882 176
2882 177
2882 178
2882 179
2882 180
2882 181
2882 182
2882 183
2882 184
2882 185
2882 186
2882 187
2882 188
2882 189
2882 190
2882 191
2882 192
2882 193
2882 194
2882 195
2882 196
2882 197
2882 198
2883 152
2883 153
2883 154
2883 155
2883 156
2883 157
2883 158
2883 159
2883 160
2883 161
2883 162
2883 163
2883 164
2883 165
2883 166
2883 167
2883 168
2883 169
2883 170
2883 171
2883 172
2883 173
2883 174
2884 138
2884 139
2884 140
2884 141
2884 142
2884 143
2884 144
2884 145
2884 146
2885 220
2885 221
2885 222
2885 223
2885 224
2885 225
2885 226
2885 227
2885 228
2885 229
2885 230
2885 231
2885 232
2885 233
2885 234
2885 235
2886 194
2886 195
2886 196
2886 197
2886 198
2886 199
2886 200
2886 201
2886 202
2886 203
2886 204
2886 205
2886 206
2886 207
2886 208
2886 209
2886 210
2886 211
2886 212
2886 213
2886 214
2886 215
2886 216
2886 217
2887 171
2887 172
2887 173
2887 174
2887 175
2887 176
2887 177
2887 178
2887 179
2887 180
2887 181
2887 182
2887 183
2887 184
2887 185
2887 186
2887 187
2887 188
2887 189
2887 190
2887 191
2887 192
2887 193
2887 194
2887 195
2888 150
2888 151
2888 152
2888 153
2888 154
2888 155
2888 156
2888 157
2888 158
2888 159
2888 160
2888 161
2888 162
2888 163
2888 164
2888 165
2888 166
2888 167
2888 168
2888 169
2888 170
2888 171
2889 139
2890 217
2890 218
2890 219
2890 220
2890 221
2890 222
2890 223
2890 224
2890 225
2890 226
2890 227
2890 228
2890 229
2890 230
2890 231
2890 232
2890 233
2891 191
2891 192
2891 193
2891 194
2891 195
2891 196
2891 197
2891 198
2891 199
2891 200
2891 201
2891 202
2891 203
2891 204
2891 205
2891 206
2891 207
2891 208
2891 209
2891 210
2891 211
2891 212
2891 213
2891 214
2892 168
2892 169
2892 170
2892 171
2892 172
2892 173
2892 174
2892 175
2892 176
2892 177
2892 178
2892 179
2892 180
2892 181
2892 182
2892 183
2892 184
2892 185
2892 186
2892 187
2892 188
2892 189
2892 190
2892 191
2892 192
2893 148
2893 149
2893 150
2893 151
2893 152
2893 153
2893 154
2893 155
2893 156
2893 157
2893 158
2893 159
2893 160
2893 161
2893 162
2893 163
2893 164
2893 165
2893 166
2893 167
2893 168
2895 213
2895 214
2895 215
2895 216
2895 217
2895 218
2895 219
2895 220
2895 221
2895 222
2895 223
2895 224
2895 225
2895 226
2895 227
2895 228
2895 229
2895 230
2895 231
2896 188
2896 189
2896 190
2896 191
2896 192
2896 193
2896 194
2896 195
2896 196
2896 197
2896 198
2896 199
2896 200
2896 201
2896 202
2896 203
2896 204
2896 205
2896 206
2896 207
2896 208
2896 209
2896 210
2896 211
2897 165
2897 166
2897 167
2897 168
2897 169
2897 170
2897 171
2897 172
2897 173
2897 174
2897 175
2897 176
2897 177
2897 178
2897 179
2897 180
2897 181
2897 182
2897 183
2897 184
2897 185
2897 186
2897 187
2897 188
2897 189
2898 146
2898 147
2898 148
2898 149
2898 150
2898 151
2898 152
2898 153
2898 154
2898 155
2898 156
2898 157
2898 158
2898 159
2898 160
2898 161
2898 162
2898 163
2898 164
2900 210
2900 211
2900 212
2900 213
2900 214
2900 215
2900 216
2900 217
2900 218
2900 219
2900 220
2900 221
2900 222
2900 223
2900 224
2900 225
2900 226
2900 227
2900 228
2901 185
2901 186
2901 187
2901 188
2901 189
2901 190
2901 191
2901 192
2901 193
2901 194
2901 195
2901 196
2901 197
2901 198
2901 199
2901 200
2901 201
2901 202
2901 203
2901 204
2901 205
2901 206
2901 207
2901 208
2901 209
2902 163
2902 164
2902 165
2902 166
2902 167
2902 168
2902 169
2902 170
2902 171
2902 172
2902 173
2902 174
2902 175
2902 176
2902 177
2902 178
2902 179
2902 180
2902 181
2902 182
2902 183
2902 184
2902 185
2902 186
2903 144
2903 145
2903 146
2903 147
2903 148
2903 149
2903 150
2903 151
2903 152
2903 153
2903 154
2903 155
2903 156
2903 157
2903 158
2903 159
2903 160
2903 161
2904 237
2904 238
2904 239
2905 206
2905 207
2905 208
2905 209
2905 210
2905 211
2905 212
2905 213
2905 214
2905 215
2905 216
2905 217
2905 218
2905 219
2905 220
2905 221
2905 222
2905 223
2905 224
2905 225
2905 226
2906 182
2906 183
2906 184
2906 185
2906 186
2906 187
2906 188
2906 189
2906 190
2906 191
2906 192
2906 193
2906 194
2906 195
2906 196
2906 197
2906 198
2906 199
2906 200
2906 201
2906 202
2906 203
2906 204
2906 205
2906 206
2907 160
2907 161
2907 162
2907 163
2907 164
2907 165
2907 166
2907 167
2907 168
2907 169
2907 170
2907 171
2907 172
2907 173
2907 174
2907 175
2907 176
2907 177
2907 178
2907 179
2907 180
2907 181
2907 182
2907 183
2908 142
2908 143
2908 144
2908 145
2908 146
2908 147
2908 148
2908 149
2908 150
2908 151
2908 152
2908 153
2908 154
2908 155
2908 156
2908 157
2909 231
2909 232
2909 233
2909 234
2909 235
2909 236
2909 237
2909 238
2909 239
2910 203
2910 204
2910 205
2910 206
2910 207
2910 208
2910 209
2910 210
2910 211
2910 212
2910 213
2910 214
2910 215
2910 216
2910 217
2910 218
2910 219
2910 220
2910 221
2910 222
2910 223
2910 224
2911 179
2911 180
2911 181
2911 182
2911 183
2911 184
2911 185
2911 186
2911 187
2911 188
2911 189
2911 190
2911 191
2911 192
2911 193
2911 194
2911 195
2911 196
2911 197
2911 198
2911 199
2911 200
2911 201
2911 202
2911 203
2912 158
2912 159
2912 160
2912 161
2912 162
2912 163
2912 164
2912 165
2912 166
2912 167
2912 168
2912 169
2912 170
2912 171
2912 172
2912 173
2912 174
2912 175
2912 176
2912 177
2912 178
2912 179
2912 180
2913 141
2913 142
2913 143
2913 144
2913 145
2913 146
2913 147
2913 148
2913 149
2913 150
2913 151
2913 152
2913 153
2913 154
2914 227
2914 228
2914 229
2914 230
2914 231
2914 232
2914 233
2914 234
2914 235
2914 236
2914 237
2914 238
2915 200
2915 201
2915 202
2915 203
2915 204
2915 205
2915 206
2915 207
2915 208
2915 209
2915 210
2915 211
2915 212
2915 213
2915 214
2915 215
2915 216
2915 217
2915 218
2915 219
2915 220
2915 221
2916 176
2916 177
2916 178
2916 179
2916 180
2916 181
2916 182
2916 183
2916 184
2916 185
2916 186
2916 187
2916 188
2916 189
2916 190
2916 191
2916 192
2916 193
2916 194
2916 195
2916 196
2916 197
2916 198
2916 199
2916 200
2917 155
2917 156
2917 157
2917 158
2917 159
2917 160
2917 161
2917 162
2917 163
2917 164
2917 165
2917 166
2917 167
2917 168
2917 169
2917 170
2917 171
2917 172
2917 173
2917 174
2917 175
2917 176
2917 177
2918 140
2918 141
2918 142
2918 143
2918 144
2918 145
2918 146
2918 147
2918 148
2918 149
2918 150
2919 223
2919 224
2919 225
2919 226
2919 227
2919 228
2919 229
2919 230
2919 231
2919 232
2919 233
2919 234
2919 235
2919 236
2920 197
2920 198
2920 199
2920 200
2920 201
2920 202
2920 203
2920 204
2920 205
2920 206
2920 207
2920 208
2920 209
2920 210
2920 211
2920 212
2920 213
2920 214
2920 215
2920 216
2920 217
2920 218
2921 174
2921 175
2921 176
2921 177
2921 178
2921 179
2921 180
2921 181
2921 182
2921 183
2921 184
2921 185
2921 186
2921 187
2921 188
2921 189
2921 190
2921 191
2921 192
2921 193
2921 194
2921 195
2921 196
2921 197
2922 153
2922 154
2922 155
2922 156
2922 157
2922 158
2922 159
2922 160
2922 161
2922 162
2922 163
2922 164
2922 165
2922 166
2922 167
2922 168
2922 169
2922 170
2922 171
2922 172
2922 173
2922 174
2923 139
2923 140
2923 141
2923 142
2923 143
2923 144
2923 145
2923 146
2924 219
2924 220
2924 221
2924 222
2924 223
2924 224
2924 225
2924 226
2924 227
2924 228
2924 229
2924 230
2924 231
2924 232
2924 233
2924 234
2925 194
2925 195
2925 196
2925 197
2925 198
2925 199
2925 200
2925 201
2925 202
2925 203
2925 204
2925 205
2925 206
2925 207
2925 208
2925 209
2925 210
2925 211
2925 212
2925 213
2925 214
2925 215
2925 216
2926 171
2926 172
2926 173
2926 174
2926 175
2926 176
2926 177
2926 178
2926 179
2926 180
2926 181
2926 182
2926 183
2926 184
2926 185
2926 186
2926 187
2926 188
2926 189
2926 190
2926 191
2926 192
2926 193
2926 194
2927 151
2927 152
2927 153
2927 154
2927 155
2927 156
2927 157
2927 158
2927 159
2927 160
2927 161
2927 162
2927 163
2927 164
2927 165
2927 166
2927 167
2927 168
2927 169
2927 170
2927 171
2929 216
2929 217
2929 218
2929 219
2929 220
2929 221
2929 222
2929 223
2929 224
2929 225
2929 226
2929 227
2929 228
2929 229
2929 230
2929 231
2929 232
2930 191
2930 192
2930 193
2930 194
2930 195
2930 196
2930 197
2930 198
2930 199
2930 200
2930 201
2930 202
2930 203
2930 204
2930 205
2930 206
2930 207
2930 208
2930 209
2930 210
2930 211
2930 212
2930 213
2931 168
2931 169
2931 170
2931 171
2931 172
2931 173
2931 174
2931 175
2931 176
2931 177
2931 178
2931 179
2931 180
2931 181
2931 182
2931 183
2931 184
2931 185
2931 186
2931 187
2931 188
2931 189
2931 190
2931 191
2932 149
2932 150
2932 151
2932 152
2932 153
2932 154
2932 155
2932 156
2932 157
2932 158
2932 159
2932 160
2932 161
2932 162
2932 163
2932 164
2932 165
2932 166
2932 167
2934 212
2934 213
2934 214
2934 215
2934 216
2934 217
2934 218
2934 219
2934 220
2934 221
2934 222
2934 223
2934 224
2934 225
2934 226
2934 227
2934 228
2934 229
2934 230
2935 188
2935 189
2935 190
2935 191
2935 192
2935 193
2935 194
2935 195
2935 196
2935 197
2935 198
2935 199
2935 200
2935 201
2935 202
2935 203
2935 204
2935 205
2935 206
2935 207
2935 208
2935 209
2935 210
2936 166
2936 167
2936 168
2936 169
2936 170
2936 171
2936 172
2936 173
2936 174
2936 175
2936 176
2936 177
2936 178
2936 179
2936 180
2936 181
2936 182
2936 183
2936 184
2936 185
2936 186
2936 187
2936 188
2937 147
2937 148
2937 149
2937 150
2937 151
2937 152
2937 153
2937 154
2937 155
2937 156
2937 157
2937 158
2937 159
2937 160
2937 161
2937 162
2937 163
2937 164
2939 209
2939 210
2939 211
2939 212
2939 213
2939 214
2939 215
2939 216
2939 217
2939 218
2939 219
2939 220
2939 221
2939 222
2939 223
2939 224
2939 225
2939 226
2939 227
2940 185
2940 186
2940 187
2940 188
2940 189
2940 190
2940 191
2940 192
2940 193
2940 194
2940 195
2940 196
2940 197
2940 198
2940 199
2940 200
2940 201
2940 202
2940 203
2940 204
2940 205
2940 206
2940 207
2940 208
2941 163
2941 164
2941 165
2941 166
2941 167
2941 168
2941 169
2941 170
2941 171
2941 172
2941 173
2941 174
2941 175
2941 176
2941 177
2941 178
2941 179
2941 180
2941 181
2941 182
2941 183
2941 184
2941 185
2942 145
2942 146
2942 147
2942 148
2942 149
2942 150
2942 151
2942 152
2942 153
2942 154
2942 155
2942 156
2942 157
2942 158
2942 159
2942 160
2942 161
2943 235
2943 236
2943 237
2943 238
2943 239
2944 206
2944 207
2944 208
2944 209
2944 210
2944 211
2944 212
2944 213
2944 214
2944 215
2944 216
2944 217
2944 218
2944 219
2944 220
2944 221
2944 222
2944 223
2944 224
2944 225
2945 182
2945 183
2945 184
2945 185
2945 186
2945 187
2945 188
2945 189
2945 190
2945 191
2945 192
2945 193
2945 194
2945 195
2945 196
2945 197
2945 198
2945 199
2945 200
2945 201
2945 202
2945 203
2945 204
2945 205
2946 161
2946 162
2946 163
2946 164
2946 165
2946 166
2946 167
2946 168
2946 169
2946 170
2946 171
2946 172
2946 173
2946 174
2946 175
2946 176
2946 177
2946 178
2946 179
2946 180
2946 181
2946 182
2947 143
2947 144
2947 145
2947 146
2947 147
2947 148
2947 149
2947 150
2947 151
2947 152
2947 153
2947 154
2947 155
2947 156
2947 157
2948 230
2948 231
2948 232
2948 233
2948 234
2948 235
2948 236
2948 237
2948 238
2948 239
2949 203
2949 204
2949 205
2949 206
2949 207
2949 208
2949 209
2949 210
2949 211
2949 212
2949 213
2949 214
2949 215
2949 216
2949 217
2949 218
2949 219
2949 220
2949 221
2949 222
2949 223
2950 179
2950 180
2950 181
2950 182
2950 183
2950 184
2950 185
2950 186
2950 187
2950 188
2950 189
2950 190
2950 191
2950 192
2950 193
2950 194
2950 195
2950 196
2950 197
2950 198
2950 199
2950 200
2950 201
2950 202
2951 158
2951 159
2951 160
2951 161
2951 162
2951 163
2951 164
2951 165
2951 166
2951 167
2951 168
2951 169
2951 170
2951 171
2951 172
2951 173
2951 174
2951 175
2951 176
2951 177
2951 178
2951 179
2952 142
2952 143
2952 144
2952 145
2952 146
2952 147
2952 148
2952 149
2952 150
2952 151
2952 152
2952 153
2952 154
2953 226
2953 227
2953 228
2953 229
2953 230
2953 231
2953 232
2953 233
2953 234
2953 235
2953 236
2953 237
2954 200
2954 201
2954 202
2954 203
2954 204
2954 205
2954 206
2954 207
2954 208
2954 209
2954 210
2954 211
2954 212
2954 213
2954 214
2954 215
2954 216
2954 217
2954 218
2954 219
2954 220
2955 176
2955 177
2955 178
2955 179
2955 180
2955 181
2955 182
2955 183
2955 184
2955 185
2955 186
2955 187
2955 188
2955 189
2955 190
2955 191
2955 192
2955 193
2955 194
2955 195
2955 196
2955 197
2955 198
2955 199
2956 156
2956 157
2956 158
2956 159
2956 160
2956 161
2956 162
2956 163
2956 164
2956 165
2956 166
2956 167
2956 168
2956 169
2956 170
2956 171
2956 172
2956 173
2956 174
2956 175
2956 176
2957 140
2957 141
2957 142
2957 143
2957 144
2957 145
2957 146
2957 147
2957 148
2957 149
2957 150
2958 222
2958 223
2958 224
2958 225
2958 226
2958 227
2958 228
2958 229
2958 230
2958 231
2958 232
2958 233
2958 234
2958 235
2959 197
2959 198
2959 199
2959 200
2959 201
2959 202
2959 203
2959 204
2959 205
2959 206
2959 207
2959 208
2959 209
2959 210
2959 211
2959 212
2959 213
2959 214
2959 215
2959 216
2959 217
2960 174
2960 175
2960 176
2960 177
2960 178
2960 179
2960 180
2960 181
2960 182
2960 183
2960 184
2960 185
2960 186
2960 187
2960 188
2960 189
2960 190
2960 191
2960 192
2960 193
2960 194
2960 195
2960 196
2961 154
2961 155
2961 156
2961 157
2961 158
2961 159
2961 160
2961 161
2961 162
2961 163
2961 164
2961 165
2961 166
2961 167
2961 168
2961 169
2961 170
2961 171
2961 172
2961 173
2962 140
2962 141
2962 142
2962 143
2962 144
2962 145
2963 219
2963 220
2963 221
2963 222
2963 223
2963 224
2963 225
2963 226
2963 227
2963 228
2963 229
2963 230
2963 231
2963 232
2963 233
2964 194
2964 195
2964 196
2964 197
2964 198
2964 199
2964 200
2964 201
2964 202
2964 203
2964 204
2964 205
2964 206
2964 207
2964 208
2964 209
2964 210
2964 211
2964 212
2964 213
2964 214
2964 215
2965 171
2965 172
2965 173
2965 174
2965 175
2965 176
2965 177
2965 178
2965 179
2965 180
2965 181
2965 182
2965 183
2965 184
2965 185
2965 186
2965 187
2965 188
2965 189
2965 190
2965 191
2965 192
2965 193
2965 194
2966 152
2966 153
2966 154
2966 155
2966 156
2966 157
2966 158
2966 159
2966 160
2966 161
2966 162
2966 163
2966 164
2966 165
2966 166
2966 167
2966 168
2966 169
2966 170
2968 215
2968 216
2968 217
2968 218
2968 219
2968 220
2968 221
2968 222
2968 223
2968 224
2968 225
2968 226
2968 227
2968 228
2968 229
2968 230
2968 231
2969 191
2969 192
2969 193
2969 194
2969 195
2969 196
2969 197
2969 198
2969 199
2969 200
2969 201
2969 202
2969 203
2969 204
2969 205
2969 206
2969 207
2969 208
2969 209
2969 210
2969 211
2969 212
2970 169
2970 170
2970 171
2970 172
2970 173
2970 174
2970 175
2970 176
2970 177
2970 178
2970 179
2970 180
2970 181
2970 182
2970 183
2970 184
2970 185
2970 186
2970 187
2970 188
2970 189
2970 190
2970 191
2971 149
2971 150
2971 151
2971 152
2971 153
2971 154
2971 155
2971 156
2971 157
2971 158
2971 159
2971 160
2971 161
2971 162
2971 163
2971 164
2971 165
2971 166
2971 167
2973 212
2973 213
2973 214
2973 215
2973 216
2973 217
2973 218
2973 219
2973 220
2973 221
2973 222
2973 223
2973 224
2973 225
2973 226
2973 227
2973 228
2973 229
2974 188
2974 189
2974 190
2974 191
2974 192
2974 193
2974 194
2974 195
2974 196
2974 197
2974 198
2974 199
2974 200
2974 201
2974 202
2974 203
2974 204
2974 205
2974 206
2974 207
2974 208
2974 209
2974 210
2975 166
2975 167
2975 168
2975 169
2975 170
2975 171
2975 172
2975 173
2975 174
2975 175
2975 176
2975 177
2975 178
2975 179
2975 180
2975 181
2975 182
2975 183
2975 184
2975 185
2975 186
2975 187
2975 188
2976 147
2976 148
2976 149
2976 150
2976 151
2976 152
2976 153
2976 154
2976 155
2976 156
2976 157
2976 158
2976 159
2976 160
2976 161
2976 162
2976 163
2976 164
2978 209
2978 210
2978 211
2978 212
2978 213
2978 214
2978 215
2978 216
2978 217
2978 218
2978 219
2978 220
2978 221
2978 222
2978 223
2978 224
2978 225
2978 226
2979 185
2979 186
2979 187
2979 188
2979 189
2979 190
2979 191
2979 192
2979 193
2979 194
2979 195
2979 196
2979 197
2979 198
2979 199
2979 200
2979 201
2979 202
2979 203
2979 204
2979 205
2979 206
2979 207
2980 164
2980 165
2980 166
2980 167
2980 168
2980 169
2980 170
2980 171
2980 172
2980 173
2980 174
2980 175
2980 176
2980 177
2980 178
2980 179
2980 180
2980 181
2980 182
2980 183
2980 184
2980 185
2981 146
2981 147
2981 148
2981 149
2981 150
2981 151
2981 152
2981 153
2981 154
2981 155
2981 156
2981 157
2981 158
2981 159
2981 160
2982 234
2982 235
2982 236
2982 237
2982 238
2982 239
2983 206
2983 207
2983 208
2983 209
2983 210
2983 211
2983 212
2983 213
2983 214
2983 215
2983 216
2983 217
2983 218
2983 219
2983 220
2983 221
2983 222
2983 223
2983 224
2984 182
2984 183
2984 184
2984 185
2984 186
2984 187
2984 188
2984 189
2984 190
2984 191
2984 192
2984 193
2984 194
2984 195
2984 196
2984 197
2984 198
2984 199
2984 200
2984 201
2984 202
2984 203
2984 204
2985 161
2985 162
2985 163
2985 164
2985 165
2985 166
2985 167
2985 168
2985 169
2985 170
2985 171
2985 172
2985 173
2985 174
2985 175
2985 176
2985 177
2985 178
2985 179
2985 180
2985 181
2985 182
2986 144
2986 145
2986 146
2986 147
2986 148
2986 149
2986 150
2986 151
2986 152
2986 153
2986 154
2986 155
2986 156
2986 157
2987 229
2987 230
2987 231
2987 232
2987 233
2987 234
2987 235
2987 236
2987 237
2987 238
2988 202
2988 203
2988 204
2988 205
2988 206
2988 207
2988 208
2988 209
2988 210
2988 211
2988 212
2988 213
2988 214
2988 215
2988 216
2988 217
2988 218
2988 219
2988 220
2988 221
2989 179
2989 180
2989 181
2989 182
2989 183
2989 184
2989 185
2989 186
2989 187
2989 188
2989 189
2989 190
2989 191
2989 192
2989 193
2989 194
2989 195
2989 196
2989 197
2989 198
2989 199
2989 200
2989 201
2990 159
2990 160
2990 161
2990 162
2990 163
2990 164
2990 165
2990 166
2990 167
2990 168
2990 169
2990 170
2990 171
2990 172
2990 173
2990 174
2990 175
2990 176
2990 177
2990 178
2990 179
2991 142
2991 143
2991 144
2991 145
2991 146
2991 147
2991 148
2991 149
2991 150
2991 151
2991 152
2991 153
2992 225
2992 226
2992 227
2992 228
2992 229
2992 230
2992 231
2992 232
2992 233
2992 234
2992 235
2992 236
2993 199
2993 200
2993 201
2993 202
2993 203
2993 204
2993 205
2993 206
2993 207
2993 208
2993 209
2993 210
2993 211
2993 212
2993 213
2993 214
2993 215
2993 216
2993 217
2993 218
2993 219
2994 177
2994 178
2994 179
2994 180
2994 181
2994 182
2994 183
2994 184
2994 185
2994 186
2994 187
2994 188
2994 189
2994 190
2994 191
2994 192
2994 193
2994 194
2994 195
2994 196
2994 197
2994 198
2994 199
2995 157
2995 158
2995 159
2995 160
2995 161
2995 162
2995 163
2995 164
2995 165
2995 166
2995 167
2995 168
2995 169
2995 170
2995 171
2995 172
2995 173
2995 174
2995 175
2995 176
2996 141
2996 142
2996 143
2996 144
2996 145
2996 146
2996 147
2996 148
2996 149
2996 150
2997 222
2997 223
2997 224
2997 225
2997 226
2997 227
2997 228
2997 229
2997 230
2997 231
2997 232
2997 233
2997 234
2998 197
2998 198
2998 199
2998 200
2998 201
2998 202
2998 203
2998 204
2998 205
2998 206
2998 207
2998 208
2998 209
2998 210
2998 211
2998 212
2998 213
2998 214
2998 215
2998 216
2999 174
2999 175
2999 176
2999 177
2999 178
2999 179
2999 180
2999 181
2999 182
2999 183
2999 184
2999 185
2999 186
2999 187
2999 188
2999 189
2999 190
2999 191
2999 192
2999 193
2999 194
2999 195
2999 196
3000 154
3000 155
3000 156
3000 157
3000 158
3000 159
3000 160
3000 161
3000 162
3000 163
3000 164
3000 165
3000 166
3000 167
3000 168
3000 169
3000 170
3000 171
3000 172
3000 173
3001 140
3001 141
3001 142
3001 143
3001 144
3001 145
3002 218
3002 219
3002 220
3002 221
3002 222
3002 223
3002 224
3002 225
3002 226
3002 227
3002 228
3002 229
3002 230
3002 231
3002 232
3003 194
3003 195
3003 196
3003 197
3003 198
3003 199
3003 200
3003 201
3003 202
3003 203
3003 204
3003 205
3003 206
3003 207
3003 208
3003 209
3003 210
3003 211
3003 212
3003 213
3003 214
3004 172
3004 173
3004 174
3004 175
3004 176
3004 177
3004 178
3004 179
3004 180
3004 181
3004 182
3004 183
3004 184
3004 185
3004 186
3004 187
3004 188
3004 189
3004 190
3004 191
3004 192
3004 193
3005 152
3005 153
3005 154
3005 155
3005 156
3005 157
3005 158
3005 159
3005 160
3005 161
3005 162
3005 163
3005 164
3005 165
3005 166
3005 167
3005 168
3005 169
3005 170
3007 215
3007 216
3007 217
3007 218
3007 219
3007 220
3007 221
3007 222
3007 223
3007 224
3007 225
3007 226
3007 227
3007 228
3007 229
3007 230
3008 191
3008 192
3008 193
3008 194
3008 195
3008 196
3008 197
3008 198
3008 199
3008 200
3008 201
3008 202
3008 203
3008 204
3008 205
3008 206
3008 207
3008 208
3008 209
3008 210
3008 211
3009 169
3009 170
3009 171
3009 172
3009 173
3009 174
3009 175
3009 176
3009 177
3009 178
3009 179
3009 180
3009 181
3009 182
3009 183
3009 184
3009 185
3009 186
3009 187
3009 188
3009 189
3009 190
3010 150
3010 151
3010 152
3010 153
3010 154
3010 155
3010 156
3010 157
3010 158
3010 159
3010 160
3010 161
3010 162
3010 163
3010 164
3010 165
3010 166
3010 167
3012 212
3012 213
3012 214
3012 215
3012 216
3012 217
3012 218
3012 219
3012 220
3012 221
3012 222
3012 223
3012 224
3012 225
3012 226
3012 227
3013 188
3013 189
3013 190
3013 191
3013 192
3013 193
3013 194
3013 195
3013 196
3013 197
3013 198
3013 199
3013 200
3013 201
3013 202
3013 203
3013 204
3013 205
3013 206
3013 207
3013 208
3013 209
3014 167
3014 168
3014 169
3014 170
3014 171
3014 172
3014 173
3014 174
3014 175
3014 176
3014 177
3014 178
3014 179
3014 180
3014 181
3014 182
3014 183
3014 184
3014 185
3014 186
3014 187
3015 148
3015 149
3015 150
3015 151
3015 152
3015 153
3015 154
3015 155
3015 156
3015 157
3015 158
3015 159
3015 160
3015 161
3015 162
3015 163
3017 209
3017 210
3017 211
3017 212
3017 213
3017 214
3017 215
3017 216
3017 217
3017 218
3017 219
3017 220
3017 221
3017 222
3017 223
3017 224
3017 225
3018 185
3018 186
3018 187
3018 188
3018 189
3018 190
3018 191
3018 192
3018 193
3018 194
3018 195
3018 196
3018 197
3018 198
3018 199
3018 200
3018 201
3018 202
3018 203
3018 204
3018 205
3018 206
3019 164
3019 165
3019 166
3019 167
3019 168
3019 169
3019 170
3019 171
3019 172
3019 173
3019 174
3019 175
3019 176
3019 177
3019 178
3019 179
3019 180
3019 181
3019 182
3019 183
3019 184
3020 146
3020 147
3020 148
3020 149
3020 150
3020 151
3020 152
3020 153
3020 154
3020 155
3020 156
3020 157
3020 158
3020 159
3020 160
3021 233
3021 234
3021 235
3021 236
3021 237
3022 205
3022 206
3022 207
3022 208
3022 209
3022 210
3022 211
3022 212
3022 213
3022 214
3022 215
3022 216
3022 217
3022 218
3022 219
3022 220
3022 221
3022 222
3022 223
3023 182
3023 183
3023 184
3023 185
3023 186
3023 187
3023 188
3023 189
3023 190
3023 191
3023 192
3023 193
3023 194
3023 195
3023 196
3023 197
3023 198
3023 199
3023 200
3023 201
3023 202
3023 203
3024 162
3024 163
3024 164
3024 165
3024 166
3024 167
3024 168
3024 169
3024 170
3024 171
3024 172
3024 173
3024 174
3024 175
3024 176
3024 177
3024 178
3024 179
3024 180
3024 181
3025 145
3025 146
3025 147
3025 148
3025 149
3025 150
3025 151
3025 152
3025 153
3025 154
3025 155
3025 156
3025 157
3026 229
3026 230
3026 231
3026 232
3026 233
3026 234
3026 235
3026 236
3027 202
3027 203
3027 204
3027 205
3027 206
3027 207
3027 208
3027 209
3027 210
3027 211
3027 212
3027 213
3027 214
3027 215
3027 216
3027 217
3027 218
3027 219
3027 220
3028 180
3028 181
3028 182
3028 183
3028 184
3028 185
3028 186
3028 187
3028 188
3028 189
3028 190
3028 191
3028 192
3028 193
3028 194
3028 195
3028 196
3028 197
3028 198
3028 199
3028 200
3029 159
3029 160
3029 161
3029 162
3029 163
3029 164
3029 165
3029 166
3029 167
3029 168
3029 169
3029 170
3029 171
3029 172
3029 173
3029 174
3029 175
3029 176
3029 177
3029 178
3030 143
3030 144
3030 145
3030 146
3030 147
3030 148
3030 149
3030 150
3030 151
3030 152
3030 153
3031 225
3031 226
3031 227
3031 228
3031 229
3031 230
3031 231
3031 232
3031 233
3031 234
3031 235
3032 200
3032 201
3032 202
3032 203
3032 204
3032 205
3032 206
3032 207
3032 208
3032 209
3032 210
3032 211
3032 212
3032 213
3032 214
3032 215
3032 216
3032 217
3032 218
3033 177
3033 178
3033 179
3033 180
3033 181
3033 182
3033 183
3033 184
3033 185
3033 186
3033 187
3033 188
3033 189
3033 190
3033 191
3033 192
3033 193
3033 194
3033 195
3033 196
3033 197
3033 198
3034 157
3034 158
3034 159
3034 160
3034 161
3034 162
3034 163
3034 164
3034 165
3034 166
3034 167
3034 168
3034 169
3034 170
3034 171
3034 172
3034 173
3034 174
3034 175
3035 142
3035 143
3035 144
3035 145
3035 146
3035 147
3035 148
3035 149
3035 150
3036 221
3036 222
3036 223
3036 224
3036 225
3036 226
3036 227
3036 228
3036 229
3036 230
3036 231
3036 232
3036 233
3037 197
3037 198
3037 199
3037 200
3037 201
3037 202
3037 203
3037 204
3037 205
3037 206
3037 207
3037 208
3037 209
3037 210
3037 211
3037 212
3037 213
3037 214
3037 215
3038 175
3038 176
3038 177
3038 178
3038 179
3038 180
3038 181
3038 182
3038 183
3038 184
3038 185
3038 186
3038 187
3038 188
3038 189
3038 190
3038 191
3038 192
3038 193
3038 194
3038 195
3039 155
3039 156
3039 157
3039 158
3039 159
3039 160
3039 161
3039 162
3039 163
3039 164
3039 165
3039 166
3039 167
3039 168
3039 169
3039 170
3039 171
3039 172
3040 141
3040 142
3040 143
3040 144
3040 145
3041 218
3041 219
3041 220
3041 221
3041 222
3041 223
3041 224
3041 225
3041 226
3041 227
3041 228
3041 229
3041 230
3041 231
3042 194
3042 195
3042 196
3042 197
3042 198
3042 199
3042 200
3042 201
3042 202
3042 203
3042 204
3042 205
3042 206
3042 207
3042 208
3042 209
3042 210
3042 211
3042 212
3042 213
3043 172
3043 173
3043 174
3043 175
3043 176
3043 177
3043 178
3043 179
3043 180
3043 181
3043 182
3043 183
3043 184
3043 185
3043 186
3043 187
3043 188
3043 189
3043 190
3043 191
3043 192
3044 153
3044 154
3044 155
3044 156
3044 157
3044 158
3044 159
3044 160
3044 161
3044 162
3044 163
3044 164
3044 165
3044 166
3044 167
3044 168
3044 169
3046 215
3046 216
3046 217
3046 218
3046 219
3046 220
3046 221
3046 222
3046 223
3046 224
3046 225
3046 226
3046 227
3046 228
3047 191
3047 192
3047 193
3047 194
3047 195
3047 196
3047 197
3047 198
3047 199
3047 200
3047 201
3047 202
3047 203
3047 204
3047 205
3047 206
3047 207
3047 208
3047 209
3047 210
3048 170
3048 171
3048 172
3048 173
3048 174
3048 175
3048 176
3048 177
3048 178
3048 179
3048 180
3048 181
3048 182
3048 183
3048 184
3048 185
3048 186
3048 187
3048 188
3048 189
3049 151
3049 152
3049 153
3049 154
3049 155
3049 156
3049 157
3049 158
3049 159
3049 160
3049 161
3049 162
3049 163
3049 164
3049 165
3049 166
3051 212
3051 213
3051 214
3051 215
3051 216
3051 217
3051 218
3051 219
3051 220
3051 221
3051 222
3051 223
3051 224
3051 225
3051 226
3052 188
3052 189
3052 190
3052 191
3052 192
3052 193
3052 194
3052 195
3052 196
3052 197
3052 198
3052 199
3052 200
3052 201
3052 202
3052 203
3052 204
3052 205
3052 206
3052 207
3052 208
3053 167
3053 168
3053 169
3053 170
3053 171
3053 172
3053 173
3053 174
3053 175
3053 176
3053 177
3053 178
3053 179
3053 180
3053 181
3053 182
3053 183
3053 184
3053 185
3053 186
3054 149
3054 150
3054 151
3054 152
3054 153
3054 154
3054 155
3054 156
3054 157
3054 158
3054 159
3054 160
3054 161
3054 162
3054 163
3056 209
3056 210
3056 211
3056 212
3056 213
3056 214
3056 215
3056 216
3056 217
3056 218
3056 219
3056 220
3056 221
3056 222
3056 223
3056 224
3057 186
3057 187
3057 188
3057 189
3057 190
3057 191
3057 192
3057 193
3057 194
3057 195
3057 196
3057 197
3057 198
3057 199
3057 200
3057 201
3057 202
3057 203
3057 204
3057 205
3058 165
3058 166
3058 167
3058 168
3058 169
3058 170
3058 171
3058 172
3058 173
3058 174
3058 175
3058 176
3058 177
3058 178
3058 179
3058 180
3058 181
3058 182
3058 183
3058 184
3059 147
3059 148
3059 149
3059 150
3059 151
3059 152
3059 153
3059 154
3059 155
3059 156
3059 157
3059 158
3059 159
3059 160
3060 234
3060 235
3061 206
3061 207
3061 208
3061 209
3061 210
3061 211
3061 212
3061 213
3061 214
3061 215
3061 216
3061 217
3061 218
3061 219
3061 220
3061 221
3062 183
3062 184
3062 185
3062 186
3062 187
3062 188
3062 189
3062 190
3062 191
3062 192
3062 193
3062 194
3062 195
3062 196
3062 197
3062 198
3062 199
3062 200
3062 201
3062 202
3063 162
3063 163
3063 164
3063 165
3063 166
3063 167
3063 168
3063 169
3063 170
3063 171
3063 172
3063 173
3063 174
3063 175
3063 176
3063 177
3063 178
3063 179
3063 180
3063 181
3064 145
3064 146
3064 147
3064 148
3064 149
3064 150
3064 151
3064 152
3064 153
3064 154
3064 155
3064 156
3064 157
3065 229
3065 230
3065 231
3065 232
3065 233
3065 234
3066 203
3066 204
3066 205
3066 206
3066 207
3066 208
3066 209
3066 210
3066 211
3066 212
3066 213
3066 214
3066 215
3066 216
3066 217
3066 218
3066 219
3067 180
3067 181
3067 182
3067 183
3067 184
3067 185
3067 186
3067 187
3067 188
3067 189
3067 190
3067 191
3067 192
3067 193
3067 194
3067 195
3067 196
3067 197
3067 198
3067 199
3067 200
3068 160
3068 161
3068 162
3068 163
3068 164
3068 165
3068 166
3068 167
3068 168
3068 169
3068 170
3068 171
3068 172
3068 173
3068 174
3068 175
3068 176
3068 177
3068 178
3069 143
3069 144
3069 145
3069 146
3069 147
3069 148
3069 149
3069 150
3069 151
3069 152
3069 153
3070 225
3070 226
3070 227
3070 228
3070 229
3070 230
3070 231
3070 232
3070 233
3071 200
3071 201
3071 202
3071 203
3071 204
3071 205
3071 206
3071 207
3071 208
3071 209
3071 210
3071 211
3071 212
3071 213
3071 214
3071 215
3071 216
3071 217
3072 178
3072 179
3072 180
3072 181
3072 182
3072 183
3072 184
3072 185
3072 186
3072 187
3072 188
3072 189
3072 190
3072 191
3072 192
3072 193
3072 194
3072 195
3072 196
3072 197
3073 158
3073 159
3073 160
3073 161
3073 162
3073 163
3073 164
3073 165
3073 166
3073 167
3073 168
3073 169
3073 170
3073 171
3073 172
3073 173
3073 174
3073 175
3074 142
3074 143
3074 144
3074 145
3074 146
3074 147
3074 148
3074 149
3075 222
3075 223
3075 224
3075 225
3075 226
3075 227
3075 228
3075 229
3075 230
3075 231
3076 197
3076 198
3076 199
3076 200
3076 201
3076 202
3076 203
3076 204
3076 205
3076 206
3076 207
3076 208
3076 209
3076 210
3076 211
3076 212
3076 213
3076 214
3077 175
3077 176
3077 177
3077 178
3077 179
3077 180
3077 181
3077 182
3077 183
3077 184
3077 185
3077 186
3077 187
3077 188
3077 189
3077 190
3077 191
3077 192
3077 193
3077 194
3078 156
3078 157
3078 158
3078 159
3078 160
3078 161
3078 162
3078 163
3078 164
3078 165
3078 166
3078 167
3078 168
3078 169
3078 170
3078 171
3078 172
3079 141
3079 142
3079 143
3079 144
3079 145
3080 218
3080 219
3080 220
3080 221
3080 222
3080 223
3080 224
3080 225
3080 226
3080 227
3080 228
3080 229
3081 194
3081 195
3081 196
3081 197
3081 198
3081 199
3081 200
3081 201
3081 202
3081 203
3081 204
3081 205
3081 206
3081 207
3081 208
3081 209
3081 210
3081 211
3081 212
3082 173
3082 174
3082 175
3082 176
3082 177
3082 178
3082 179
3082 180
3082 181
3082 182
3082 183
3082 184
3082 185
3082 186
3082 187
3082 188
3082 189
3082 190
3082 191
3083 153
3083 154
3083 155
3083 156
3083 157
3083 158
3083 159
3083 160
3083 161
3083 162
3083 163
3083 164
3083 165
3083 166
3083 167
3083 168
3083 169
3085 215
3085 216
3085 217
3085 218
3085 219
3085 220
3085 221
3085 222
3085 223
3085 224
3085 225
3085 226
3085 227
3086 191
3086 192
3086 193
3086 194
3086 195
3086 196
3086 197
3086 198
3086 199
3086 200
3086 201
3086 202
3086 203
3086 204
3086 205
3086 206
3086 207
3086 208
3086 209
3087 170
3087 171
3087 172
3087 173
3087 174
3087 175
3087 176
3087 177
3087 178
3087 179
3087 180
3087 181
3087 182
3087 183
3087 184
3087 185
3087 186
3087 187
3087 188
3087 189
3088 151
3088 152
3088 153
3088 154
3088 155
3088 156
3088 157
3088 158
3088 159
3088 160
3088 161
3088 162
3088 163
3088 164
3088 165
3088 166
3090 212
3090 213
3090 214
3090 215
3090 216
3090 217
3090 218
3090 219
3090 220
3090 221
3090 222
3090 223
3090 224
3090 225
3091 189
3091 190
3091 191
3091 192
3091 193
3091 194
3091 195
3091 196
3091 197
3091 198
3091 199
3091 200
3091 201
3091 202
3091 203
3091 204
3091 205
3091 206
3092 168
3092 169
3092 170
3092 171
3092 172
3092 173
3092 174
3092 175
3092 176
3092 177
3092 178
3092 179
3092 180
3092 181
3092 182
3092 183
3092 184
3092 185
3092 186
3093 149
3093 150
3093 151
3093 152
3093 153
3093 154
3093 155
3093 156
3093 157
3093 158
3093 159
3093 160
3093 161
3093 162
3093 163
3095 209
3095 210
3095 211
3095 212
3095 213
3095 214
3095 215
3095 216
3095 217
3095 218
3095 219
3095 220
3095 221
3095 222
3096 186
3096 187
3096 188
3096 189
3096 190
3096 191
3096 192
3096 193
3096 194
3096 195
3096 196
3096 197
3096 198
3096 199
3096 200
3096 201
3096 202
3096 203
3096 204
3097 165
3097 166
3097 167
3097 168
3097 169
3097 170
3097 171
3097 172
3097 173
3097 174
3097 175
3097 176
3097 177
3097 178
3097 179
3097 180
3097 181
3097 182
3097 183
3098 147
3098 148
3098 149
3098 150
3098 151
3098 152
3098 153
3098 154
3098 155
3098 156
3098 157
3098 158
3098 159
3098 160
3100 206
3100 207
3100 208
3100 209
3100 210
3100 211
3100 212
3100 213
3100 214
3100 215
3100 216
3100 217
3100 218
3100 219
3100 220
3101 183
3101 184
3101 185
3101 186
3101 187
3101 188
3101 189
3101 190
3101 191
3101 192
3101 193
3101 194
3101 195
3101 196
3101 197
3101 198
3101 199
3101 200
3101 201
3102 163
3102 164
3102 165
3102 166
3102 167
3102 168
3102 169
3102 170
3102 171
3102 172
3102 173
3102 174
3102 175
3102 176
3102 177
3102 178
3102 179
3102 180
3103 146
3103 147
3103 148
3103 149
3103 150
3103 151
3103 152
3103 153
3103 154
3103 155
3103 156
3104 230
3104 231
3105 203
3105 204
3105 205
3105 206
3105 207
3105 208
3105 209
3105 210
3105 211
3105 212
3105 213
3105 214
3105 215
3105 216
3105 217
3105 218
3106 181
3106 182
3106 183
3106 184
3106 185
3106 186
3106 187
3106 188
3106 189
3106 190
3106 191
3106 192
3106 193
3106 194
3106 195
3106 196
3106 197
3106 198
3106 199
3107 161
3107 162
3107 163
3107 164
3107 165
3107 166
3107 167
3107 168
3107 169
3107 170
3107 171
3107 172
3107 173
3107 174
3107 175
3107 176
3107 177
3108 144
3108 145
3108 146
3108 147
3108 148
3108 149
3108 150
3108 151
3108 152
3108 153
3109 226
3109 227
3109 228
3109 229
3109 230
3109 231
3110 200
3110 201
3110 202
3110 203
3110 204
3110 205
3110 206
3110 207
3110 208
3110 209
3110 210
3110 211
3110 212
3110 213
3110 214
3110 215
3111 178
3111 179
3111 180
3111 181
3111 182
3111 183
3111 184
3111 185
3111 186
3111 187
3111 188
3111 189
3111 190
3111 191
3111 192
3111 193
3111 194
3111 195
3111 196
3112 158
3112 159
3112 160
3112 161
3112 162
3112 163
3112 164
3112 165
3112 166
3112 167
3112 168
3112 169
3112 170
3112 171
3112 172
3112 173
3112 174
3113 142
3113 143
3113 144
3113 145
3113 146
3113 147
3113 148
3113 149
3114 222
3114 223
3114 224
3114 225
3114 226
3114 227
3114 228
3114 229
3115 197
3115 198
3115 199
3115 200
3115 201
3115 202
3115 203
3115 204
3115 205
3115 206
3115 207
3115 208
3115 209
3115 210
3115 211
3115 212
3115 213
3116 176
3116 177
3116 178
3116 179
3116 180
3116 181
3116 182
3116 183
3116 184
3116 185
3116 186
3116 187
3116 188
3116 189
3116 190
3116 191
3116 192
3116 193
3117 156
3117 157
3117 158
3117 159
3117 160
3117 161
3117 162
3117 163
3117 164
3117 165
3117 166
3117 167
3117 168
3117 169
3117 170
3117 171
3118 142
3118 143
3118 144
3118 145
3119 219
3119 220
3119 221
3119 222
3119 223
3119 224
3119 225
3119 226
3119 227
3120 195
3120 196
3120 197
3120 198
3120 199
3120 200
3120 201
3120 202
3120 203
3120 204
3120 205
3120 206
3120 207
3120 208
3120 209
3120 210
3121 173
3121 174
3121 175
3121 176
3121 177
3121 178
3121 179
3121 180
3121 181
3121 182
3121 183
3121 184
3121 185
3121 186
3121 187
3121 188
3121 189
3121 190
3122 154
3122 155
3122 156
3122 157
3122 158
3122 159
3122 160
3122 161
3122 162
3122 163
3122 164
3122 165
3122 166
3122 167
3122 168
3124 216
3124 217
3124 218
3124 219
3124 220
3124 221
3124 222
3124 223
3124 224
3124 225
3125 192
3125 193
3125 194
3125 195
3125 196
3125 197
3125 198
3125 199
3125 200
3125 201
3125 202
3125 203
3125 204
3125 205
3125 206
3125 207
3125 208
3126 171
3126 172
3126 173
3126 174
3126 175
3126 176
3126 177
3126 178
3126 179
3126 180
3126 181
3126 182
3126 183
3126 184
3126 185
3126 186
3126 187
3126 188
3127 152
3127 153
3127 154
3127 155
3127 156
3127 157
3127 158
3127 159
3127 160
3127 161
3127 162
3127 163
3127 164
3127 165
3129 212
3129 213
3129 214
3129 215
3129 216
3129 217
3129 218
3129 219
3129 220
3129 221
3129 222
3129 223
3130 189
3130 190
3130 191
3130 192
3130 193
3130 194
3130 195
3130 196
3130 197
3130 198
3130 199
3130 200
3130 201
3130 202
3130 203
3130 204
3130 205
3131 168
3131 169
3131 170
3131 171
3131 172
3131 173
3131 174
3131 175
3131 176
3131 177
3131 178
3131 179
3131 180
3131 181
3131 182
3131 183
3131 184
3131 185
3132 150
3132 151
3132 152
3132 153
3132 154
3132 155
3132 156
3132 157
3132 158
3132 159
3132 160
3132 161
3132 162
3134 209
3134 210
3134 211
3134 212
3134 213
3134 214
3134 215
3134 216
3134 217
3134 218
3134 219
3134 220
3134 221
3135 187
3135 188
3135 189
3135 190
3135 191
3135 192
3135 193
3135 194
3135 195
3135 196
3135 197
3135 198
3135 199
3135 200
3135 201
3135 202
3135 203
3136 166
3136 167
3136 168
3136 169
3136 170
3136 171
3136 172
3136 173
3136 174
3136 175
3136 176
3136 177
3136 178
3136 179
3136 180
3136 181
3136 182
3137 148
3137 149
3137 150
3137 151
3137 152
3137 153
3137 154
3137 155
3137 156
3137 157
3137 158
3137 159
3139 207
3139 208
3139 209
3139 210
3139 211
3139 212
3139 213
3139 214
3139 215
3139 216
3139 217
3139 218
3140 184
3140 185
3140 186
3140 187
3140 188
3140 189
3140 190
3140 191
3140 192
3140 193
3140 194
3140 195
3140 196
3140 197
3140 198
3140 199
3140 200
3141 164
3141 165
3141 166
3141 167
3141 168
3141 169
3141 170
3141 171
3141 172
3141 173
3141 174
3141 175
3141 176
3141 177
3141 178
3141 179
3142 146
3142 147
3142 148
3142 149
3142 150
3142 151
3142 152
3142 153
3142 154
3142 155
3142 156
3144 204
3144 205
3144 206
3144 207
3144 208
3144 209
3144 210
3144 211
3144 212
3144 213
3144 214
3144 215
3144 216
3145 181
3145 182
3145 183
3145 184
3145 185
3145 186
3145 187
3145 188
3145 189
3145 190
3145 191
3145 192
3145 193
3145 194
3145 195
3145 196
3145 197
3145 198
3146 161
3146 162
3146 163
3146 164
3146 165
3146 166
3146 167
3146 168
3146 169
3146 170
3146 171
3146 172
3146 173
3146 174
3146 175
3146 176
3146 177
3147 144
3147 145
3147 146
3147 147
3147 148
3147 149
3147 150
3147 151
3147 152
3147 153
3149 201
3149 202
3149 203
3149 204
3149 205
3149 206
3149 207
3149 208
3149 209
3149 210
3149 211
3149 212
3149 213
3149 214
3150 179
3150 180
3150 181
3150 182
3150 183
3150 184
3150 185
3150 186
3150 187
3150 188
3150 189
3150 190
3150 191
3150 192
3150 193
3150 194
3150 195
3151 159
3151 160
3151 161
3151 162
3151 163
3151 164
3151 165
3151 166
3151 167
3151 168
3151 169
3151 170
3151 171
3151 172
3151 173
3151 174
3152 143
3152 144
3152 145
3152 146
3152 147
3152 148
3152 149
3153 224
3153 225
3153 226
3154 198
3154 199
3154 200
3154 201
3154 202
3154 203
3154 204
3154 205
3154 206
3154 207
3154 208
3154 209
3154 210
3154 211
3155 176
3155 177
3155 178
3155 179
3155 180
3155 181
3155 182
3155 183
3155 184
3155 185
3155 186
3155 187
3155 188
3155 189
3155 190
3155 191
3155 192
3156 157
3156 158
3156 159
3156 160
3156 161
3156 162
3156 163
3156 164
3156 165
3156 166
3156 167
3156 168
3156 169
3156 170
3156 171
3157 142
3157 143
3157 144
3157 145
3158 220
3158 221
3158 222
3158 223
3158 224
3158 225
3159 195
3159 196
3159 197
3159 198
3159 199
3159 200
3159 201
3159 202
3159 203
3159 204
3159 205
3159 206
3159 207
3159 208
3159 209
3160 174
3160 175
3160 176
3160 177
3160 178
3160 179
3160 180
3160 181
3160 182
3160 183
3160 184
3160 185
3160 186
3160 187
3160 188
3160 189
3160 190
3161 155
3161 156
3161 157
3161 158
3161 159
3161 160
3161 161
3161 162
3161 163
3161 164
3161 165
3161 166
3161 167
3161 168
3163 217
3163 218
3163 219
3163 220
3163 221
3163 222
3163 223
3164 193
3164 194
3164 195
3164 196
3164 197
3164 198
3164 199
3164 200
3164 201
3164 202
3164 203
3164 204
3164 205
3164 206
3165 171
3165 172
3165 173
3165 174
3165 175
3165 176
3165 177
3165 178
3165 179
3165 180
3165 181
3165 182
3165 183
3165 184
3165 185
3165 186
3165 187
3166 153
3166 154
3166 155
3166 156
3166 157
3166 158
3166 159
3166 160
3166 161
3166 162
3166 163
3166 164
3166 165
3168 214
3168 215
3168 216
3168 217
3168 218
3168 219
3168 220
3168 221
3169 190
3169 191
3169 192
3169 193
3169 194
3169 195
3169 196
3169 197
3169 198
3169 199
3169 200
3169 201
3169 202
3169 203
3169 204
3170 169
3170 170
3170 171
3170 172
3170 173
3170 174
3170 175
3170 176
3170 177
3170 178
3170 179
3170 180
3170 181
3170 182
3170 183
3170 184
3171 150
3171 151
3171 152
3171 153
3171 154
3171 155
3171 156
3171 157
3171 158
3171 159
3171 160
3171 161
3171 162
3173 211
3173 212
3173 213
3173 214
3173 215
3173 216
3173 217
3173 218
3173 219
3174 187
3174 188
3174 189
3174 190
3174 191
3174 192
3174 193
3174 194
3174 195
3174 196
3174 197
3174 198
3174 199
3174 200
3174 201
3175 167
3175 168
3175 169
3175 170
3175 171
3175 172
3175 173
3175 174
3175 175
3175 176
3175 177
3175 178
3175 179
3175 180
3175 181
3176 148
3176 149
3176 150
3176 151
3176 152
3176 153
3176 154
3176 155
3176 156
3176 157
3176 158
3176 159
3178 208
3178 209
3178 210
3178 211
3178 212
3178 213
3178 214
3178 215
3178 216
3178 217
3179 185
3179 186
3179 187
3179 188
3179 189
3179 190
3179 191
3179 192
3179 193
3179 194
3179 195
3179 196
3179 197
3179 198
3179 199
3180 164
3180 165
3180 166
3180 167
3180 168
3180 169
3180 170
3180 171
3180 172
3180 173
3180 174
3180 175
3180 176
3180 177
3180 178
3180 179
3181 147
3181 148
3181 149
3181 150
3181 151
3181 152
3181 153
3181 154
3181 155
3181 156
3183 205
3183 206
3183 207
3183 208
3183 209
3183 210
3183 211
3183 212
3183 213
3183 214
3184 182
3184 183
3184 184
3184 185
3184 186
3184 187
3184 188
3184 189
3184 190
3184 191
3184 192
3184 193
3184 194
3184 195
3184 196
3185 162
3185 163
3185 164
3185 165
3185 166
3185 167
3185 168
3185 169
3185 170
3185 171
3185 172
3185 173
3185 174
3185 175
3185 176
3186 145
3186 146
3186 147
3186 148
3186 149
3186 150
3186 151
3186 152
3186 153
3188 202
3188 203
3188 204
3188 205
3188 206
3188 207
3188 208
3188 209
3188 210
3188 211
3188 212
3189 180
3189 181
3189 182
3189 183
3189 184
3189 185
3189 186
3189 187
3189 188
3189 189
3189 190
3189 191
3189 192
3189 193
3189 194
3190 160
3190 161
3190 162
3190 163
3190 164
3190 165
3190 166
3190 167
3190 168
3190 169
3190 170
3190 171
3190 172
3190 173
3191 143
3191 144
3191 145
3191 146
3191 147
3191 148
3191 149
3193 199
3193 200
3193 201
3193 202
3193 203
3193 204
3193 205
3193 206
3193 207
3193 208
3193 209
3193 210
3194 177
3194 178
3194 179
3194 180
3194 181
3194 182
3194 183
3194 184
3194 185
3194 186
3194 187
3194 188
3194 189
3194 190
3194 191
3195 158
3195 159
3195 160
3195 161
3195 162
3195 163
3195 164
3195 165
3195 166
3195 167
3195 168
3195 169
3195 170
3196 142
3196 143
3196 144
3196 145
3198 196
3198 197
3198 198
3198 199
3198 200
3198 201
3198 202
3198 203
3198 204
3198 205
3198 206
3198 207
3199 175
3199 176
3199 177
3199 178
3199 179
3199 180
3199 181
3199 182
3199 183
3199 184
3199 185
3199 186
3199 187
3199 188
3200 155
3200 156
3200 157
3200 158
3200 159
3200 160
3200 161
3200 162
3200 163
3200 164
3200 165
3200 166
3200 167
3203 194
3203 195
3203 196
3203 197
3203 198
3203 199
3203 200
3203 201
3203 202
3203 203
3203 204
3203 205
3204 172
3204 173
3204 174
3204 175
3204 176
3204 177
3204 178
3204 179
3204 180
3204 181
3204 182
3204 183
3204 184
3204 185
3204 186
3205 153
3205 154
3205 155
3205 156
3205 157
3205 158
3205 159
3205 160
3205 161
3205 162
3205 163
3205 164
3208 191
3208 192
3208 193
3208 194
3208 195
3208 196
3208 197
3208 198
3208 199
3208 200
3208 201
3208 202
3209 170
3209 171
3209 172
3209 173
3209 174
3209 175
3209 176
3209 177
3209 178
3209 179
3209 180
3209 181
3209 182
3209 183
3210 151
3210 152
3210 153
3210 154
3210 155
3210 156
3210 157
3210 158
3210 159
3210 160
3210 161
3212 213
3212 214
3212 215
3213 188
3213 189
3213 190
3213 191
3213 192
3213 193
3213 194
3213 195
3213 196
3213 197
3213 198
3213 199
3213 200
3214 168
3214 169
3214 170
3214 171
3214 172
3214 173
3214 174
3214 175
3214 176
3214 177
3214 178
3214 179
3214 180
3215 149
3215 150
3215 151
3215 152
3215 153
3215 154
3215 155
3215 156
3215 157
3215 158
3217 210
3217 211
3217 212
3217 213
3217 214
3218 186
3218 187
3218 188
3218 189
3218 190
3218 191
3218 192
3218 193
3218 194
3218 195
3218 196
3218 197
3219 165
3219 166
3219 167
3219 168
3219 169
3219 170
3219 171
3219 172
3219 173
3219 174
3219 175
3219 176
3219 177
3219 178
3220 147
3220 148
3220 149
3220 150
3220 151
3220 152
3220 153
3220 154
3220 155
3222 207
3222 208
3222 209
3222 210
3222 211
3222 212
3223 183
3223 184
3223 185
3223 186
3223 187
3223 188
3223 189
3223 190
3223 191
3223 192
3223 193
3223 194
3223 195
3224 163
3224 164
3224 165
3224 166
3224 167
3224 168
3224 169
3224 170
3224 171
3224 172
3224 173
3224 174
3224 175
3225 145
3225 146
3225 147
3225 148
3225 149
3225 150
3225 151
3225 152
3227 204
3227 205
3227 206
3227 207
3227 208
3227 209
3227 210
3228 181
3228 182
3228 183
3228 184
3228 185
3228 186
3228 187
3228 188
3228 189
3228 190
3228 191
3228 192
3229 161
3229 162
3229 163
3229 164
3229 165
3229 166
3229 167
3229 168
3229 169
3229 170
3229 171
3229 172
3230 144
3230 145
3230 146
3230 147
3230 148
3230 149
3232 201
3232 202
3232 203
3232 204
3232 205
3232 206
3232 207
3233 178
3233 179
3233 180
3233 181
3233 182
3233 183
3233 184
3233 185
3233 186
3233 187
3233 188
3233 189
3233 190
3234 158
3234 159
3234 160
3234 161
3234 162
3234 163
3234 164
3234 165
3234 166
3234 167
3234 168
3234 169
3235 143
3235 144
3235 145
3237 198
3237 199
3237 200
3237 201
3237 202
3237 203
3237 204
3237 205
3238 176
3238 177
3238 178
3238 179
3238 180
3238 181
3238 182
3238 183
3238 184
3238 185
3238 186
3238 187
3239 156
3239 157
3239 158
3239 159
3239 160
3239 161
3239 162
3239 163
3239 164
3239 165
3239 166
3239 167
3242 195
3242 196
3242 197
3242 198
3242 199
3242 200
3242 201
3242 202
3242 203
3243 173
3243 174
3243 175
3243 176
3243 177
3243 178
3243 179
3243 180
3243 181
3243 182
3243 183
3243 184
3243 185
3244 154
3244 155
3244 156
3244 157
3244 158
3244 159
3244 160
3244 161
3244 162
3244 163
3244 164
3247 193
3247 194
3247 195
3247 196
3247 197
3247 198
3247 199
3247 200
3248 171
3248 172
3248 173
3248 174
3248 175
3248 176
3248 177
3248 178
3248 179
3248 180
3248 181
3248 182
3249 152
3249 153
3249 154
3249 155
3249 156
3249 157
3249 158
3249 159
3249 160
3249 161
3252 190
3252 191
3252 192
3252 193
3252 194
3252 195
3252 196
3252 197
3252 198
3253 169
3253 170
3253 171
3253 172
3253 173
3253 174
3253 175
3253 176
3253 177
3253 178
3253 179
3254 150
3254 151
3254 152
3254 153
3254 154
3254 155
3254 156
3254 157
3254 158
3257 187
3257 188
3257 189
3257 190
3257 191
3257 192
3257 193
3257 194
3257 195
3257 196
3258 166
3258 167
3258 168
3258 169
3258 170
3258 171
3258 172
3258 173
3258 174
3258 175
3258 176
3258 177
3259 148
3259 149
3259 150
3259 151
3259 152
3259 153
3259 154
3259 155
3262 185
3262 186
3262 187
3262 188
3262 189
3262 190
3262 191
3262 192
3262 193
3263 164
3263 165
3263 166
3263 167
3263 168
3263 169
3263 170
3263 171
3263 172
3263 173
3263 174
3264 146
3264 147
3264 148
3264 149
3264 150
3264 151
3267 182
3267 183
3267 184
3267 185
3267 186
3267 187
3267 188
3267 189
3267 190
3267 191
3268 162
3268 163
3268 164
3268 165
3268 166
3268 167
3268 168
3268 169
3268 170
3268 171
3269 145
3269 146
3269 147
3269 148
3272 180
3272 181
3272 182
3272 183
3272 184
3272 185
3272 186
3272 187
3272 188
3273 159
3273 160
3273 161
3273 162
3273 163
3273 164
3273 165
3273 166
3273 167
3273 168
3277 177
3277 178
3277 179
3277 180
3277 181
3277 182
3277 183
3277 184
3277 185
3277 186
3278 157
3278 158
3278 159
3278 160
3278 161
3278 162
3278 163
3278 164
3278 165
3278 166
3282 175
3282 176
3282 177
3282 178
3282 179
3282 180
3282 181
3282 182
3282 183
3283 155
3283 156
3283 157
3283 158
3283 159
3283 160
3283 161
3283 162
3283 163
3287 172
3287 173
3287 174
3287 175
3287 176
3287 177
3287 178
3287 179
3287 180
3288 153
3288 154
3288 155
3288 156
3288 157
3288 158
3288 159
3288 160
3291 194
3292 170
3292 171
3292 172
3292 173
3292 174
3292 175
3292 176
3292 177
3292 178
3293 151
3293 152
3293 153
3293 154
3293 155
3293 156
3293 157
3296 191
3296 192
3297 168
3297 169
3297 170
3297 171
3297 172
3297 173
3297 174
3297 175
3298 149
3298 150
3298 151
3298 152
3298 153
3301 188
3301 189
3301 190
3302 165
3302 166
3302 167
3302 168
3302 169
3302 170
3302 171
3302 172
3302 173
3303 147
3303 148
3303 149
3303 150
3306 185
3306 186
3306 187
3306 188
3307 163
3307 164
3307 165
3307 166
3307 167
3307 168
3307 169
3307 170
3311 182
3311 183
3311 184
3311 185
3312 161
3312 162
3312 163
3312 164
3312 165
3312 166
3312 167
3316 180
3316 181
3316 182
3316 183
3317 159
3317 160
3317 161
3317 162
3317 163
3317 164
3321 177
3321 178
3321 179
3321 180
3322 156
3322 157
3322 158
3322 159
3322 160
3322 161
3326 175
3326 176
3326 177
3326 178
3327 155
3327 156
3327 157
3327 158
3331 173
3331 174
3331 175
3332 153
3332 154
3332 155
3336 170
3336 171
3336 172
3336 173
3341 168
3341 169
3341 170
3346 166
3346 167
