480 282
480 283
480 284
481 275
481 276
481 277
481 278
481 279
482 269
482 270
482 271
482 272
482 273
483 264
483 265
483 266
483 267
484 259
484 260
493 290
493 291
493 292
493 293
493 294
494 283
494 284
494 285
494 286
494 287
494 288
494 289
495 277
495 278
495 279
495 280
495 281
495 282
495 283
495 284
496 271
496 272
496 273
496 274
496 275
496 276
496 277
496 278
496 279
497 265
497 266
497 267
497 268
497 269
497 270
497 271
497 272
497 273
498 259
498 260
498 261
498 262
498 263
498 264
498 265
498 266
498 267
499 253
499 254
499 255
499 256
499 257
499 258
499 259
499 260
500 248
500 249
500 250
500 251
500 252
500 253
500 254
501 244
501 245
506 300
506 301
506 302
507 292
507 293
507 294
507 295
507 296
507 297
507 298
507 299
508 286
508 287
508 288
508 289
508 290
508 291
508 292
508 293
508 294
509 279
509 280
509 281
509 282
509 283
509 284
509 285
509 286
509 287
509 288
509 289
510 273
510 274
510 275
510 276
510 277
510 278
510 279
510 280
510 281
510 282
510 283
511 267
511 268
511 269
511 270
511 271
511 272
511 273
511 274
511 275
511 276
511 277
511 278
512 261
512 262
512 263
512 264
512 265
512 266
512 267
512 268
512 269
512 270
512 271
512 272
513 255
513 256
513 257
513 258
513 259
513 260
513 261
513 262
513 263
513 264
513 265
513 266
514 249
514 250
514 251
514 252
514 253
514 254
514 255
514 256
514 257
514 258
514 259
515 244
515 245
515 246
515 247
515 248
515 249
515 250
515 251
515 252
515 253
516 239
516 240
516 241
516 242
516 243
516 244
516 245
516 246
517 235
517 236
517 237
520 303
520 304
520 305
520 306
521 295
521 296
521 297
521 298
521 299
521 300
521 301
521 302
521 303
522 288
522 289
522 290
522 291
522 292
522 293
522 294
522 295
522 296
522 297
522 298
523 282
523 283
523 284
523 285
523 286
523 287
523 288
523 289
523 290
523 291
523 292
523 293
524 275
524 276
524 277
524 278
524 279
524 280
524 281
524 282
524 283
524 284
524 285
524 286
524 287
524 288
525 269
525 270
525 271
525 272
525 273
525 274
525 275
525 276
525 277
525 278
525 279
525 280
525 281
525 282
526 263
526 264
526 265
526 266
526 267
526 268
526 269
526 270
526 271
526 272
526 273
526 274
526 275
526 276
527 257
527 258
527 259
527 260
527 261
527 262
527 263
527 264
527 265
527 266
527 267
527 268
527 269
527 270
528 251
528 252
528 253
528 254
528 255
528 256
528 257
528 258
528 259
528 260
528 261
528 262
528 263
528 264
529 246
529 247
529 248
529 249
529 250
529 251
529 252
529 253
529 254
529 255
529 256
529 257
529 258
530 240
530 241
530 242
530 243
530 244
530 245
530 246
530 247
530 248
530 249
530 250
530 251
531 235
531 236
531 237
531 238
531 239
531 240
531 241
531 242
531 243
531 244
532 230
532 231
532 232
532 233
532 234
532 235
532 236
532 237
534 307
534 308
534 309
535 298
535 299
535 300
535 301
535 302
535 303
535 304
535 305
535 306
536 291
536 292
536 293
536 294
536 295
536 296
536 297
536 298
536 299
536 300
536 301
536 302
537 285
537 286
537 287
537 288
537 289
537 290
537 291
537 292
537 293
537 294
537 295
537 296
537 297
538 278
538 279
538 280
538 281
538 282
538 283
538 284
538 285
538 286
538 287
538 288
538 289
538 290
538 291
538 292
539 272
539 273
539 274
539 275
539 276
539 277
539 278
539 279
539 280
539 281
539 282
539 283
539 284
539 285
539 286
540 266
540 267
540 268
540 269
540 270
540 271
540 272
540 273
540 274
540 275
540 276
540 277
540 278
540 279
540 280
540 281
541 260
541 261
541 262
541 263
541 264
541 265
541 266
541 267
541 268
541 269
541 270
541 271
541 272
541 273
541 274
541 275
542 254
542 255
542 256
542 257
542 258
542 259
542 260
542 261
542 262
542 263
542 264
542 265
542 266
542 267
542 268
542 269
543 248
543 249
543 250
543 251
543 252
543 253
543 254
543 255
543 256
543 257
543 258
543 259
543 260
543 261
543 262
543 263
544 242
544 243
544 244
544 245
544 246
544 247
544 248
544 249
544 250
544 251
544 252
544 253
544 254
544 255
544 256
545 237
545 238
545 239
545 240
545 241
545 242
545 243
545 244
545 245
545 246
545 247
545 248
545 249
545 250
546 231
546 232
546 233
546 234
546 235
546 236
546 237
546 238
546 239
546 240
546 241
546 242
546 243
547 226
547 227
547 228
547 229
547 230
547 231
547 232
547 233
547 234
547 235
547 236
548 222
548 223
548 224
548 225
548 226
548 227
548 311
548 312
549 302
549 303
549 304
549 305
549 306
549 307
549 308
549 309
549 310
550 295
550 296
550 297
550 298
550 299
550 300
550 301
550 302
550 303
550 304
550 305
551 288
551 289
551 290
551 291
551 292
551 293
551 294
551 295
551 296
551 297
551 298
551 299
551 300
552 281
552 282
552 283
552 284
552 285
552 286
552 287
552 288
552 289
552 290
552 291
552 292
552 293
552 294
552 295
553 275
553 276
553 277
553 278
553 279
553 280
553 281
553 282
553 283
553 284
553 285
553 286
553 287
553 288
553 289
553 290
554 269
554 270
554 271
554 272
554 273
554 274
554 275
554 276
554 277
554 278
554 279
554 280
554 281
554 282
554 283
554 284
554 285
555 263
555 264
555 265
555 266
555 267
555 268
555 269
555 270
555 271
555 272
555 273
555 274
555 275
555 276
555 277
555 278
555 279
556 257
556 258
556 259
556 260
556 261
556 262
556 263
556 264
556 265
556 266
556 267
556 268
556 269
556 270
556 271
556 272
556 273
557 251
557 252
557 253
557 254
557 255
557 256
557 257
557 258
557 259
557 260
557 261
557 262
557 263
557 264
557 265
557 266
557 267
558 245
558 246
558 247
558 248
558 249
558 250
558 251
558 252
558 253
558 254
558 255
558 256
558 257
558 258
558 259
558 260
558 261
559 239
559 240
559 241
559 242
559 243
559 244
559 245
559 246
559 247
559 248
559 249
559 250
559 251
559 252
559 253
559 254
559 255
560 234
560 235
560 236
560 237
560 238
560 239
560 240
560 241
560 242
560 243
560 244
560 245
560 246
560 247
560 248
561 228
561 229
561 230
561 231
561 232
561 233
561 234
561 235
561 236
561 237
561 238
561 239
561 240
561 241
562 223
562 224
562 225
562 226
562 227
562 228
562 229
562 230
562 231
562 232
562 233
562 234
563 218
563 219
563 220
563 221
563 222
563 223
563 224
563 225
563 226
563 306
563 307
563 308
563 309
563 310
563 311
563 312
563 313
564 298
564 299
564 300
564 301
564 302
564 303
564 304
564 305
564 306
564 307
564 308
564 309
565 291
565 292
565 293
565 294
565 295
565 296
565 297
565 298
565 299
565 300
565 301
565 302
565 303
565 304
566 285
566 286
566 287
566 288
566 289
566 290
566 291
566 292
566 293
566 294
566 295
566 296
566 297
566 298
566 299
567 278
567 279
567 280
567 281
567 282
567 283
567 284
567 285
567 286
567 287
567 288
567 289
567 290
567 291
567 292
567 293
567 294
568 272
568 273
568 274
568 275
568 276
568 277
568 278
568 279
568 280
568 281
568 282
568 283
568 284
568 285
568 286
568 287
568 288
569 266
569 267
569 268
569 269
569 270
569 271
569 272
569 273
569 274
569 275
569 276
569 277
569 278
569 279
569 280
569 281
569 282
569 283
570 260
570 261
570 262
570 263
570 264
570 265
570 266
570 267
570 268
570 269
570 270
570 271
570 272
570 273
570 274
570 275
570 276
570 277
571 254
571 255
571 256
571 257
571 258
571 259
571 260
571 261
571 262
571 263
571 264
571 265
571 266
571 267
571 268
571 269
571 270
571 271
572 248
572 249
572 250
572 251
572 252
572 253
572 254
572 255
572 256
572 257
572 258
572 259
572 260
572 261
572 262
572 263
572 264
572 265
573 242
573 243
573 244
573 245
573 246
573 247
573 248
573 249
573 250
573 251
573 252
573 253
573 254
573 255
573 256
573 257
573 258
573 259
574 236
574 237
574 238
574 239
574 240
574 241
574 242
574 243
574 244
574 245
574 246
574 247
574 248
574 249
574 250
574 251
574 252
574 253
575 231
575 232
575 233
575 234
575 235
575 236
575 237
575 238
575 239
575 240
575 241
575 242
575 243
575 244
575 245
575 246
576 225
576 226
576 227
576 228
576 229
576 230
576 231
576 232
576 233
576 234
576 235
576 236
576 237
576 238
576 239
577 220
577 221
577 222
577 223
577 224
577 225
577 226
577 227
577 228
577 229
577 230
577 231
577 232
577 310
577 311
577 312
577 313
577 314
577 315
578 215
578 216
578 217
578 218
578 219
578 220
578 221
578 222
578 223
578 224
578 302
578 303
578 304
578 305
578 306
578 307
578 308
578 309
578 310
578 311
578 312
579 212
579 213
579 214
579 215
579 295
579 296
579 297
579 298
579 299
579 300
579 301
579 302
579 303
579 304
579 305
579 306
579 307
580 288
580 289
580 290
580 291
580 292
580 293
580 294
580 295
580 296
580 297
580 298
580 299
580 300
580 301
580 302
580 303
581 282
581 283
581 284
581 285
581 286
581 287
581 288
581 289
581 290
581 291
581 292
581 293
581 294
581 295
581 296
581 297
582 275
582 276
582 277
582 278
582 279
582 280
582 281
582 282
582 283
582 284
582 285
582 286
582 287
582 288
582 289
582 290
582 291
582 292
583 269
583 270
583 271
583 272
583 273
583 274
583 275
583 276
583 277
583 278
583 279
583 280
583 281
583 282
583 283
583 284
583 285
583 286
583 287
584 263
584 264
584 265
584 266
584 267
584 268
584 269
584 270
584 271
584 272
584 273
584 274
584 275
584 276
584 277
584 278
584 279
584 280
584 281
585 257
585 258
585 259
585 260
585 261
585 262
585 263
585 264
585 265
585 266
585 267
585 268
585 269
585 270
585 271
585 272
585 273
585 274
585 275
586 251
586 252
586 253
586 254
586 255
586 256
586 257
586 258
586 259
586 260
586 261
586 262
586 263
586 264
586 265
586 266
586 267
586 268
586 269
587 245
587 246
587 247
587 248
587 249
587 250
587 251
587 252
587 253
587 254
587 255
587 256
587 257
587 258
587 259
587 260
587 261
587 262
587 263
588 239
588 240
588 241
588 242
588 243
588 244
588 245
588 246
588 247
588 248
588 249
588 250
588 251
588 252
588 253
588 254
588 255
588 256
588 257
589 233
589 234
589 235
589 236
589 237
589 238
589 239
589 240
589 241
589 242
589 243
589 244
589 245
589 246
589 247
589 248
589 249
589 250
589 251
590 228
590 229
590 230
590 231
590 232
590 233
590 234
590 235
590 236
590 237
590 238
590 239
590 240
590 241
590 242
590 243
590 244
591 222
591 223
591 224
591 225
591 226
591 227
591 228
591 229
591 230
591 231
591 232
591 233
591 234
591 235
591 236
591 237
591 314
591 315
591 316
591 317
592 217
592 218
592 219
592 220
592 221
592 222
592 223
592 224
592 225
592 226
592 227
592 228
592 229
592 230
592 306
592 307
592 308
592 309
592 310
592 311
592 312
592 313
592 314
592 315
593 212
593 213
593 214
593 215
593 216
593 217
593 218
593 219
593 220
593 221
593 222
593 298
593 299
593 300
593 301
593 302
593 303
593 304
593 305
593 306
593 307
593 308
593 309
593 310
593 311
594 208
594 209
594 210
594 211
594 212
594 213
594 292
594 293
594 294
594 295
594 296
594 297
594 298
594 299
594 300
594 301
594 302
594 303
594 304
594 305
594 306
595 285
595 286
595 287
595 288
595 289
595 290
595 291
595 292
595 293
595 294
595 295
595 296
595 297
595 298
595 299
595 300
595 301
596 279
596 280
596 281
596 282
596 283
596 284
596 285
596 286
596 287
596 288
596 289
596 290
596 291
596 292
596 293
596 294
596 295
596 296
597 272
597 273
597 274
597 275
597 276
597 277
597 278
597 279
597 280
597 281
597 282
597 283
597 284
597 285
597 286
597 287
597 288
597 289
597 290
598 266
598 267
598 268
598 269
598 270
598 271
598 272
598 273
598 274
598 275
598 276
598 277
598 278
598 279
598 280
598 281
598 282
598 283
598 284
598 285
599 260
599 261
599 262
599 263
599 264
599 265
599 266
599 267
599 268
599 269
599 270
599 271
599 272
599 273
599 274
599 275
599 276
599 277
599 278
599 279
600 254
600 255
600 256
600 257
600 258
600 259
600 260
600 261
600 262
600 263
600 264
600 265
600 266
600 267
600 268
600 269
600 270
600 271
600 272
600 273
601 248
601 249
601 250
601 251
601 252
601 253
601 254
601 255
601 256
601 257
601 258
601 259
601 260
601 261
601 262
601 263
601 264
601 265
601 266
601 267
602 242
602 243
602 244
602 245
602 246
602 247
602 248
602 249
602 250
602 251
602 252
602 253
602 254
602 255
602 256
602 257
602 258
602 259
602 260
602 261
603 236
603 237
603 238
603 239
603 240
603 241
603 242
603 243
603 244
603 245
603 246
603 247
603 248
603 249
603 250
603 251
603 252
603 253
603 254
603 255
604 230
604 231
604 232
604 233
604 234
604 235
604 236
604 237
604 238
604 239
604 240
604 241
604 242
604 243
604 244
604 245
604 246
604 247
604 248
604 249
605 225
605 226
605 227
605 228
605 229
605 230
605 231
605 232
605 233
605 234
605 235
605 236
605 237
605 238
605 239
605 240
605 241
605 242
606 219
606 220
606 221
606 222
606 223
606 224
606 225
606 226
606 227
606 228
606 229
606 230
606 231
606 232
606 233
606 234
606 235
606 310
606 311
606 312
606 313
606 314
606 315
606 316
606 317
607 214
607 215
607 216
607 217
607 218
607 219
607 220
607 221
607 222
607 223
607 224
607 225
607 226
607 227
607 228
607 302
607 303
607 304
607 305
607 306
607 307
607 308
607 309
607 310
607 311
607 312
607 313
607 314
608 209
608 210
608 211
608 212
608 213
608 214
608 215
608 216
608 217
608 218
608 219
608 220
608 295
608 296
608 297
608 298
608 299
608 300
608 301
608 302
608 303
608 304
608 305
608 306
608 307
608 308
608 309
609 205
609 206
609 207
609 208
609 209
609 210
609 211
609 212
609 288
609 289
609 290
609 291
609 292
609 293
609 294
609 295
609 296
609 297
609 298
609 299
609 300
609 301
609 302
609 303
609 304
610 282
610 283
610 284
610 285
610 286
610 287
610 288
610 289
610 290
610 291
610 292
610 293
610 294
610 295
610 296
610 297
610 298
610 299
611 276
611 277
611 278
611 279
611 280
611 281
611 282
611 283
611 284
611 285
611 286
611 287
611 288
611 289
611 290
611 291
611 292
611 293
611 294
612 269
612 270
612 271
612 272
612 273
612 274
612 275
612 276
612 277
612 278
612 279
612 280
612 281
612 282
612 283
612 284
612 285
612 286
612 287
612 288
612 289
613 263
613 264
613 265
613 266
613 267
613 268
613 269
613 270
613 271
613 272
613 273
613 274
613 275
613 276
613 277
613 278
613 279
613 280
613 281
613 282
613 283
614 257
614 258
614 259
614 260
614 261
614 262
614 263
614 264
614 265
614 266
614 267
614 268
614 269
614 270
614 271
614 272
614 273
614 274
614 275
614 276
614 277
615 251
615 252
615 253
615 254
615 255
615 256
615 257
615 258
615 259
615 260
615 261
615 262
615 263
615 264
615 265
615 266
615 267
615 268
615 269
615 270
615 271
616 245
616 246
616 247
616 248
616 249
616 250
616 251
616 252
616 253
616 254
616 255
616 256
616 257
616 258
616 259
616 260
616 261
616 262
616 263
616 264
616 265
617 239
617 240
617 241
617 242
617 243
617 244
617 245
617 246
617 247
617 248
617 249
617 250
617 251
617 252
617 253
617 254
617 255
617 256
617 257
617 258
617 259
618 233
618 234
618 235
618 236
618 237
618 238
618 239
618 240
618 241
618 242
618 243
618 244
618 245
618 246
618 247
618 248
618 249
618 250
618 251
618 252
618 253
619 227
619 228
619 229
619 230
619 231
619 232
619 233
619 234
619 235
619 236
619 237
619 238
619 239
619 240
619 241
619 242
619 243
619 244
619 245
619 246
619 247
620 222
620 223
620 224
620 225
620 226
620 227
620 228
620 229
620 230
620 231
620 232
620 233
620 234
620 235
620 236
620 237
620 238
620 239
620 240
620 314
620 315
620 316
620 317
620 318
620 319
620 320
621 216
621 217
621 218
621 219
621 220
621 221
621 222
621 223
621 224
621 225
621 226
621 227
621 228
621 229
621 230
621 231
621 232
621 233
621 306
621 307
621 308
621 309
621 310
621 311
621 312
621 313
621 314
621 315
621 316
621 317
622 211
622 212
622 213
622 214
622 215
622 216
622 217
622 218
622 219
622 220
622 221
622 222
622 223
622 224
622 225
622 226
622 299
622 300
622 301
622 302
622 303
622 304
622 305
622 306
622 307
622 308
622 309
622 310
622 311
622 312
623 206
623 207
623 208
623 209
623 210
623 211
623 212
623 213
623 214
623 215
623 216
623 217
623 218
623 292
623 293
623 294
623 295
623 296
623 297
623 298
623 299
623 300
623 301
623 302
623 303
623 304
623 305
623 306
623 307
623 308
624 201
624 202
624 203
624 204
624 205
624 206
624 207
624 208
624 209
624 285
624 286
624 287
624 288
624 289
624 290
624 291
624 292
624 293
624 294
624 295
624 296
624 297
624 298
624 299
624 300
624 301
624 302
624 303
625 279
625 280
625 281
625 282
625 283
625 284
625 285
625 286
625 287
625 288
625 289
625 290
625 291
625 292
625 293
625 294
625 295
625 296
625 297
625 298
626 273
626 274
626 275
626 276
626 277
626 278
626 279
626 280
626 281
626 282
626 283
626 284
626 285
626 286
626 287
626 288
626 289
626 290
626 291
626 292
627 266
627 267
627 268
627 269
627 270
627 271
627 272
627 273
627 274
627 275
627 276
627 277
627 278
627 279
627 280
627 281
627 282
627 283
627 284
627 285
627 286
627 287
628 260
628 261
628 262
628 263
628 264
628 265
628 266
628 267
628 268
628 269
628 270
628 271
628 272
628 273
628 274
628 275
628 276
628 277
628 278
628 279
628 280
628 281
629 254
629 255
629 256
629 257
629 258
629 259
629 260
629 261
629 262
629 263
629 264
629 265
629 266
629 267
629 268
629 269
629 270
629 271
629 272
629 273
629 274
629 275
630 248
630 249
630 250
630 251
630 252
630 253
630 254
630 255
630 256
630 257
630 258
630 259
630 260
630 261
630 262
630 263
630 264
630 265
630 266
630 267
630 268
630 269
631 242
631 243
631 244
631 245
631 246
631 247
631 248
631 249
631 250
631 251
631 252
631 253
631 254
631 255
631 256
631 257
631 258
631 259
631 260
631 261
631 262
631 263
632 236
632 237
632 238
632 239
632 240
632 241
632 242
632 243
632 244
632 245
632 246
632 247
632 248
632 249
632 250
632 251
632 252
632 253
632 254
632 255
632 256
632 257
633 230
633 231
633 232
633 233
633 234
633 235
633 236
633 237
633 238
633 239
633 240
633 241
633 242
633 243
633 244
633 245
633 246
633 247
633 248
633 249
633 250
633 251
634 225
634 226
634 227
634 228
634 229
634 230
634 231
634 232
634 233
634 234
634 235
634 236
634 237
634 238
634 239
634 240
634 241
634 242
634 243
634 244
635 219
635 220
635 221
635 222
635 223
635 224
635 225
635 226
635 227
635 228
635 229
635 230
635 231
635 232
635 233
635 234
635 235
635 236
635 237
635 238
635 310
635 311
635 312
635 313
635 314
635 315
635 316
635 317
635 318
635 319
636 213
636 214
636 215
636 216
636 217
636 218
636 219
636 220
636 221
636 222
636 223
636 224
636 225
636 226
636 227
636 228
636 229
636 230
636 231
636 303
636 304
636 305
636 306
636 307
636 308
636 309
636 310
636 311
636 312
636 313
636 314
636 315
637 208
637 209
637 210
637 211
637 212
637 213
637 214
637 215
637 216
637 217
637 218
637 219
637 220
637 221
637 222
637 223
637 224
637 296
637 297
637 298
637 299
637 300
637 301
637 302
637 303
637 304
637 305
637 306
637 307
637 308
637 309
637 310
637 311
638 203
638 204
638 205
638 206
638 207
638 208
638 209
638 210
638 211
638 212
638 213
638 214
638 215
638 216
638 289
638 290
638 291
638 292
638 293
638 294
638 295
638 296
638 297
638 298
638 299
638 300
638 301
638 302
638 303
638 304
638 305
638 306
639 199
639 200
639 201
639 202
639 203
639 204
639 205
639 206
639 207
639 282
639 283
639 284
639 285
639 286
639 287
639 288
639 289
639 290
639 291
639 292
639 293
639 294
639 295
639 296
639 297
639 298
639 299
639 300
639 301
640 276
640 277
640 278
640 279
640 280
640 281
640 282
640 283
640 284
640 285
640 286
640 287
640 288
640 289
640 290
640 291
640 292
640 293
640 294
640 295
640 296
641 270
641 271
641 272
641 273
641 274
641 275
641 276
641 277
641 278
641 279
641 280
641 281
641 282
641 283
641 284
641 285
641 286
641 287
641 288
641 289
641 290
642 264
642 265
642 266
642 267
642 268
642 269
642 270
642 271
642 272
642 273
642 274
642 275
642 276
642 277
642 278
642 279
642 280
642 281
642 282
642 283
642 284
642 285
643 257
643 258
643 259
643 260
643 261
643 262
643 263
643 264
643 265
643 266
643 267
643 268
643 269
643 270
643 271
643 272
643 273
643 274
643 275
643 276
643 277
643 278
643 279
644 251
644 252
644 253
644 254
644 255
644 256
644 257
644 258
644 259
644 260
644 261
644 262
644 263
644 264
644 265
644 266
644 267
644 268
644 269
644 270
644 271
644 272
644 273
645 245
645 246
645 247
645 248
645 249
645 250
645 251
645 252
645 253
645 254
645 255
645 256
645 257
645 258
645 259
645 260
645 261
645 262
645 263
645 264
645 265
645 266
645 267
646 239
646 240
646 241
646 242
646 243
646 244
646 245
646 246
646 247
646 248
646 249
646 250
646 251
646 252
646 253
646 254
646 255
646 256
646 257
646 258
646 259
646 260
646 261
647 233
647 234
647 235
647 236
647 237
647 238
647 239
647 240
647 241
647 242
647 243
647 244
647 245
647 246
647 247
647 248
647 249
647 250
647 251
647 252
647 253
647 254
647 255
648 228
648 229
648 230
648 231
648 232
648 233
648 234
648 235
648 236
648 237
648 238
648 239
648 240
648 241
648 242
648 243
648 244
648 245
648 246
648 247
648 248
648 249
649 222
649 223
649 224
649 225
649 226
649 227
649 228
649 229
649 230
649 231
649 232
649 233
649 234
649 235
649 236
649 237
649 238
649 239
649 240
649 241
649 242
649 315
649 316
649 317
649 318
649 319
649 320
649 321
650 216
650 217
650 218
650 219
650 220
650 221
650 222
650 223
650 224
650 225
650 226
650 227
650 228
650 229
650 230
650 231
650 232
650 233
650 234
650 235
650 236
650 307
650 308
650 309
650 310
650 311
650 312
650 313
650 314
650 315
650 316
650 317
650 318
651 211
651 212
651 213
651 214
651 215
651 216
651 217
651 218
651 219
651 220
651 221
651 222
651 223
651 224
651 225
651 226
651 227
651 228
651 229
651 300
651 301
651 302
651 303
651 304
651 305
651 306
651 307
651 308
651 309
651 310
651 311
651 312
651 313
651 314
652 205
652 206
652 207
652 208
652 209
652 210
652 211
652 212
652 213
652 214
652 215
652 216
652 217
652 218
652 219
652 220
652 221
652 293
652 294
652 295
652 296
652 297
652 298
652 299
652 300
652 301
652 302
652 303
652 304
652 305
652 306
652 307
652 308
652 309
653 200
653 201
653 202
653 203
653 204
653 205
653 206
653 207
653 208
653 209
653 210
653 211
653 212
653 213
653 214
653 286
653 287
653 288
653 289
653 290
653 291
653 292
653 293
653 294
653 295
653 296
653 297
653 298
653 299
653 300
653 301
653 302
653 303
653 304
654 196
654 197
654 198
654 199
654 200
654 201
654 202
654 203
654 204
654 205
654 280
654 281
654 282
654 283
654 284
654 285
654 286
654 287
654 288
654 289
654 290
654 291
654 292
654 293
654 294
654 295
654 296
654 297
654 298
654 299
655 273
655 274
655 275
655 276
655 277
655 278
655 279
655 280
655 281
655 282
655 283
655 284
655 285
655 286
655 287
655 288
655 289
655 290
655 291
655 292
655 293
655 294
656 267
656 268
656 269
656 270
656 271
656 272
656 273
656 274
656 275
656 276
656 277
656 278
656 279
656 280
656 281
656 282
656 283
656 284
656 285
656 286
656 287
656 288
657 261
657 262
657 263
657 264
657 265
657 266
657 267
657 268
657 269
657 270
657 271
657 272
657 273
657 274
657 275
657 276
657 277
657 278
657 279
657 280
657 281
657 282
657 283
658 255
658 256
658 257
658 258
658 259
658 260
658 261
658 262
658 263
658 264
658 265
658 266
658 267
658 268
658 269
658 270
658 271
658 272
658 273
658 274
658 275
658 276
658 277
659 249
659 250
659 251
659 252
659 253
659 254
659 255
659 256
659 257
659 258
659 259
659 260
659 261
659 262
659 263
659 264
659 265
659 266
659 267
659 268
659 269
659 270
659 271
660 243
660 244
660 245
660 246
660 247
660 248
660 249
660 250
660 251
660 252
660 253
660 254
660 255
660 256
660 257
660 258
660 259
660 260
660 261
660 262
660 263
660 264
660 265
661 237
661 238
661 239
661 240
661 241
661 242
661 243
661 244
661 245
661 246
661 247
661 248
661 249
661 250
661 251
661 252
661 253
661 254
661 255
661 256
661 257
661 258
661 259
662 231
662 232
662 233
662 234
662 235
662 236
662 237
662 238
662 239
662 240
662 241
662 242
662 243
662 244
662 245
662 246
662 247
662 248
662 249
662 250
662 251
662 252
662 253
663 225
663 226
663 227
663 228
663 229
663 230
663 231
663 232
663 233
663 234
663 235
663 236
663 237
663 238
663 239
663 240
663 241
663 242
663 243
663 244
663 245
663 246
663 247
664 219
664 220
664 221
664 222
664 223
664 224
664 225
664 226
664 227
664 228
664 229
664 230
664 231
664 232
664 233
664 234
664 235
664 236
664 237
664 238
664 239
664 240
664 311
664 312
664 313
664 314
664 315
664 316
664 317
664 318
664 319
664 320
665 213
665 214
665 215
665 216
665 217
665 218
665 219
665 220
665 221
665 222
665 223
665 224
665 225
665 226
665 227
665 228
665 229
665 230
665 231
665 232
665 233
665 304
665 305
665 306
665 307
665 308
665 309
665 310
665 311
665 312
665 313
665 314
665 315
665 316
665 317
666 208
666 209
666 210
666 211
666 212
666 213
666 214
666 215
666 216
666 217
666 218
666 219
666 220
666 221
666 222
666 223
666 224
666 225
666 226
666 296
666 297
666 298
666 299
666 300
666 301
666 302
666 303
666 304
666 305
666 306
666 307
666 308
666 309
666 310
666 311
666 312
667 202
667 203
667 204
667 205
667 206
667 207
667 208
667 209
667 210
667 211
667 212
667 213
667 214
667 215
667 216
667 217
667 218
667 219
667 290
667 291
667 292
667 293
667 294
667 295
667 296
667 297
667 298
667 299
667 300
667 301
667 302
667 303
667 304
667 305
667 306
667 307
667 308
668 197
668 198
668 199
668 200
668 201
668 202
668 203
668 204
668 205
668 206
668 207
668 208
668 209
668 210
668 211
668 283
668 284
668 285
668 286
668 287
668 288
668 289
668 290
668 291
668 292
668 293
668 294
668 295
668 296
668 297
668 298
668 299
668 300
668 301
668 302
668 303
669 193
669 194
669 195
669 196
669 197
669 198
669 199
669 200
669 201
669 202
669 277
669 278
669 279
669 280
669 281
669 282
669 283
669 284
669 285
669 286
669 287
669 288
669 289
669 290
669 291
669 292
669 293
669 294
669 295
669 296
669 297
670 270
670 271
670 272
670 273
670 274
670 275
670 276
670 277
670 278
670 279
670 280
670 281
670 282
670 283
670 284
670 285
670 286
670 287
670 288
670 289
670 290
670 291
670 292
671 264
671 265
671 266
671 267
671 268
671 269
671 270
671 271
671 272
671 273
671 274
671 275
671 276
671 277
671 278
671 279
671 280
671 281
671 282
671 283
671 284
671 285
671 286
672 258
672 259
672 260
672 261
672 262
672 263
672 264
672 265
672 266
672 267
672 268
672 269
672 270
672 271
672 272
672 273
672 274
672 275
672 276
672 277
672 278
672 279
672 280
672 281
673 252
673 253
673 254
673 255
673 256
673 257
673 258
673 259
673 260
673 261
673 262
673 263
673 264
673 265
673 266
673 267
673 268
673 269
673 270
673 271
673 272
673 273
673 274
673 275
674 246
674 247
674 248
674 249
674 250
674 251
674 252
674 253
674 254
674 255
674 256
674 257
674 258
674 259
674 260
674 261
674 262
674 263
674 264
674 265
674 266
674 267
674 268
674 269
675 240
675 241
675 242
675 243
675 244
675 245
675 246
675 247
675 248
675 249
675 250
675 251
675 252
675 253
675 254
675 255
675 256
675 257
675 258
675 259
675 260
675 261
675 262
675 263
676 234
676 235
676 236
676 237
676 238
676 239
676 240
676 241
676 242
676 243
676 244
676 245
676 246
676 247
676 248
676 249
676 250
676 251
676 252
676 253
676 254
676 255
676 256
676 257
677 228
677 229
677 230
677 231
677 232
677 233
677 234
677 235
677 236
677 237
677 238
677 239
677 240
677 241
677 242
677 243
677 244
677 245
677 246
677 247
677 248
677 249
677 250
677 251
678 222
678 223
678 224
678 225
678 226
678 227
678 228
678 229
678 230
678 231
678 232
678 233
678 234
678 235
678 236
678 237
678 238
678 239
678 240
678 241
678 242
678 243
678 244
678 316
678 317
678 318
678 319
678 320
678 321
678 322
679 216
679 217
679 218
679 219
679 220
679 221
679 222
679 223
679 224
679 225
679 226
679 227
679 228
679 229
679 230
679 231
679 232
679 233
679 234
679 235
679 236
679 237
679 238
679 308
679 309
679 310
679 311
679 312
679 313
679 314
679 315
679 316
679 317
679 318
679 319
680 211
680 212
680 213
680 214
680 215
680 216
680 217
680 218
680 219
680 220
680 221
680 222
680 223
680 224
680 225
680 226
680 227
680 228
680 229
680 230
680 231
680 300
680 301
680 302
680 303
680 304
680 305
680 306
680 307
680 308
680 309
680 310
680 311
680 312
680 313
680 314
680 315
681 205
681 206
681 207
681 208
681 209
681 210
681 211
681 212
681 213
681 214
681 215
681 216
681 217
681 218
681 219
681 220
681 221
681 222
681 223
681 224
681 293
681 294
681 295
681 296
681 297
681 298
681 299
681 300
681 301
681 302
681 303
681 304
681 305
681 306
681 307
681 308
681 309
681 310
681 311
682 200
682 201
682 202
682 203
682 204
682 205
682 206
682 207
682 208
682 209
682 210
682 211
682 212
682 213
682 214
682 215
682 216
682 217
682 287
682 288
682 289
682 290
682 291
682 292
682 293
682 294
682 295
682 296
682 297
682 298
682 299
682 300
682 301
682 302
682 303
682 304
682 305
682 306
683 195
683 196
683 197
683 198
683 199
683 200
683 201
683 202
683 203
683 204
683 205
683 206
683 207
683 208
683 209
683 280
683 281
683 282
683 283
683 284
683 285
683 286
683 287
683 288
683 289
683 290
683 291
683 292
683 293
683 294
683 295
683 296
683 297
683 298
683 299
683 300
683 301
684 190
684 191
684 192
684 193
684 194
684 195
684 196
684 197
684 198
684 199
684 200
684 274
684 275
684 276
684 277
684 278
684 279
684 280
684 281
684 282
684 283
684 284
684 285
684 286
684 287
684 288
684 289
684 290
684 291
684 292
684 293
684 294
684 295
685 268
685 269
685 270
685 271
685 272
685 273
685 274
685 275
685 276
685 277
685 278
685 279
685 280
685 281
685 282
685 283
685 284
685 285
685 286
685 287
685 288
685 289
685 290
686 262
686 263
686 264
686 265
686 266
686 267
686 268
686 269
686 270
686 271
686 272
686 273
686 274
686 275
686 276
686 277
686 278
686 279
686 280
686 281
686 282
686 283
686 284
687 255
687 256
687 257
687 258
687 259
687 260
687 261
687 262
687 263
687 264
687 265
687 266
687 267
687 268
687 269
687 270
687 271
687 272
687 273
687 274
687 275
687 276
687 277
687 278
687 279
688 249
688 250
688 251
688 252
688 253
688 254
688 255
688 256
688 257
688 258
688 259
688 260
688 261
688 262
688 263
688 264
688 265
688 266
688 267
688 268
688 269
688 270
688 271
688 272
688 273
689 243
689 244
689 245
689 246
689 247
689 248
689 249
689 250
689 251
689 252
689 253
689 254
689 255
689 256
689 257
689 258
689 259
689 260
689 261
689 262
689 263
689 264
689 265
689 266
689 267
690 237
690 238
690 239
690 240
690 241
690 242
690 243
690 244
690 245
690 246
690 247
690 248
690 249
690 250
690 251
690 252
690 253
690 254
690 255
690 256
690 257
690 258
690 259
690 260
690 261
691 231
691 232
691 233
691 234
691 235
691 236
691 237
691 238
691 239
691 240
691 241
691 242
691 243
691 244
691 245
691 246
691 247
691 248
691 249
691 250
691 251
691 252
691 253
691 254
691 255
692 225
692 226
692 227
692 228
692 229
692 230
692 231
692 232
692 233
692 234
692 235
692 236
692 237
692 238
692 239
692 240
692 241
692 242
692 243
692 244
692 245
692 246
692 247
692 248
693 220
693 221
693 222
693 223
693 224
693 225
693 226
693 227
693 228
693 229
693 230
693 231
693 232
693 233
693 234
693 235
693 236
693 237
693 238
693 239
693 240
693 241
693 242
693 312
693 313
693 314
693 315
693 316
693 317
693 318
693 319
693 320
693 321
693 322
694 214
694 215
694 216
694 217
694 218
694 219
694 220
694 221
694 222
694 223
694 224
694 225
694 226
694 227
694 228
694 229
694 230
694 231
694 232
694 233
694 234
694 235
694 304
694 305
694 306
694 307
694 308
694 309
694 310
694 311
694 312
694 313
694 314
694 315
694 316
694 317
694 318
695 208
695 209
695 210
695 211
695 212
695 213
695 214
695 215
695 216
695 217
695 218
695 219
695 220
695 221
695 222
695 223
695 224
695 225
695 226
695 227
695 228
695 229
695 297
695 298
695 299
695 300
695 301
695 302
695 303
695 304
695 305
695 306
695 307
695 308
695 309
695 310
695 311
695 312
695 313
695 314
696 203
696 204
696 205
696 206
696 207
696 208
696 209
696 210
696 211
696 212
696 213
696 214
696 215
696 216
696 217
696 218
696 219
696 220
696 221
696 222
696 291
696 292
696 293
696 294
696 295
696 296
696 297
696 298
696 299
696 300
696 301
696 302
696 303
696 304
696 305
696 306
696 307
696 308
696 309
697 197
697 198
697 199
697 200
697 201
697 202
697 203
697 204
697 205
697 206
697 207
697 208
697 209
697 210
697 211
697 212
697 213
697 214
697 284
697 285
697 286
697 287
697 288
697 289
697 290
697 291
697 292
697 293
697 294
697 295
697 296
697 297
697 298
697 299
697 300
697 301
697 302
697 303
697 304
698 192
698 193
698 194
698 195
698 196
698 197
698 198
698 199
698 200
698 201
698 202
698 203
698 204
698 205
698 206
698 278
698 279
698 280
698 281
698 282
698 283
698 284
698 285
698 286
698 287
698 288
698 289
698 290
698 291
698 292
698 293
698 294
698 295
698 296
698 297
698 298
698 299
699 188
699 189
699 190
699 191
699 192
699 193
699 194
699 195
699 196
699 197
699 271
699 272
699 273
699 274
699 275
699 276
699 277
699 278
699 279
699 280
699 281
699 282
699 283
699 284
699 285
699 286
699 287
699 288
699 289
699 290
699 291
699 292
699 293
700 265
700 266
700 267
700 268
700 269
700 270
700 271
700 272
700 273
700 274
700 275
700 276
700 277
700 278
700 279
700 280
700 281
700 282
700 283
700 284
700 285
700 286
700 287
700 288
701 259
701 260
701 261
701 262
701 263
701 264
701 265
701 266
701 267
701 268
701 269
701 270
701 271
701 272
701 273
701 274
701 275
701 276
701 277
701 278
701 279
701 280
701 281
701 282
702 253
702 254
702 255
702 256
702 257
702 258
702 259
702 260
702 261
702 262
702 263
702 264
702 265
702 266
702 267
702 268
702 269
702 270
702 271
702 272
702 273
702 274
702 275
702 276
703 247
703 248
703 249
703 250
703 251
703 252
703 253
703 254
703 255
703 256
703 257
703 258
703 259
703 260
703 261
703 262
703 263
703 264
703 265
703 266
703 267
703 268
703 269
703 270
703 271
704 241
704 242
704 243
704 244
704 245
704 246
704 247
704 248
704 249
704 250
704 251
704 252
704 253
704 254
704 255
704 256
704 257
704 258
704 259
704 260
704 261
704 262
704 263
704 264
704 265
705 235
705 236
705 237
705 238
705 239
705 240
705 241
705 242
705 243
705 244
705 245
705 246
705 247
705 248
705 249
705 250
705 251
705 252
705 253
705 254
705 255
705 256
705 257
705 258
705 259
706 229
706 230
706 231
706 232
706 233
706 234
706 235
706 236
706 237
706 238
706 239
706 240
706 241
706 242
706 243
706 244
706 245
706 246
706 247
706 248
706 249
706 250
706 251
706 252
707 223
707 224
707 225
707 226
707 227
707 228
707 229
707 230
707 231
707 232
707 233
707 234
707 235
707 236
707 237
707 238
707 239
707 240
707 241
707 242
707 243
707 244
707 245
707 246
707 318
707 319
707 320
707 321
707 322
707 323
708 217
708 218
708 219
708 220
708 221
708 222
708 223
708 224
708 225
708 226
708 227
708 228
708 229
708 230
708 231
708 232
708 233
708 234
708 235
708 236
708 237
708 238
708 239
708 240
708 309
708 310
708 311
708 312
708 313
708 314
708 315
708 316
708 317
708 318
708 319
708 320
709 211
709 212
709 213
709 214
709 215
709 216
709 217
709 218
709 219
709 220
709 221
709 222
709 223
709 224
709 225
709 226
709 227
709 228
709 229
709 230
709 231
709 232
709 233
709 301
709 302
709 303
709 304
709 305
709 306
709 307
709 308
709 309
709 310
709 311
709 312
709 313
709 314
709 315
709 316
710 206
710 207
710 208
710 209
710 210
710 211
710 212
710 213
710 214
710 215
710 216
710 217
710 218
710 219
710 220
710 221
710 222
710 223
710 224
710 225
710 226
710 294
710 295
710 296
710 297
710 298
710 299
710 300
710 301
710 302
710 303
710 304
710 305
710 306
710 307
710 308
710 309
710 310
710 311
710 312
711 200
711 201
711 202
711 203
711 204
711 205
711 206
711 207
711 208
711 209
711 210
711 211
711 212
711 213
711 214
711 215
711 216
711 217
711 218
711 219
711 288
711 289
711 290
711 291
711 292
711 293
711 294
711 295
711 296
711 297
711 298
711 299
711 300
711 301
711 302
711 303
711 304
711 305
711 306
711 307
712 195
712 196
712 197
712 198
712 199
712 200
712 201
712 202
712 203
712 204
712 205
712 206
712 207
712 208
712 209
712 210
712 211
712 212
712 281
712 282
712 283
712 284
712 285
712 286
712 287
712 288
712 289
712 290
712 291
712 292
712 293
712 294
712 295
712 296
712 297
712 298
712 299
712 300
712 301
712 302
713 190
713 191
713 192
713 193
713 194
713 195
713 196
713 197
713 198
713 199
713 200
713 201
713 202
713 203
713 204
713 275
713 276
713 277
713 278
713 279
713 280
713 281
713 282
713 283
713 284
713 285
713 286
713 287
713 288
713 289
713 290
713 291
713 292
713 293
713 294
713 295
713 296
713 297
714 186
714 187
714 188
714 189
714 190
714 191
714 192
714 193
714 194
714 269
714 270
714 271
714 272
714 273
714 274
714 275
714 276
714 277
714 278
714 279
714 280
714 281
714 282
714 283
714 284
714 285
714 286
714 287
714 288
714 289
714 290
714 291
715 262
715 263
715 264
715 265
715 266
715 267
715 268
715 269
715 270
715 271
715 272
715 273
715 274
715 275
715 276
715 277
715 278
715 279
715 280
715 281
715 282
715 283
715 284
715 285
715 286
716 256
716 257
716 258
716 259
716 260
716 261
716 262
716 263
716 264
716 265
716 266
716 267
716 268
716 269
716 270
716 271
716 272
716 273
716 274
716 275
716 276
716 277
716 278
716 279
716 280
717 250
717 251
717 252
717 253
717 254
717 255
717 256
717 257
717 258
717 259
717 260
717 261
717 262
717 263
717 264
717 265
717 266
717 267
717 268
717 269
717 270
717 271
717 272
717 273
717 274
718 244
718 245
718 246
718 247
718 248
718 249
718 250
718 251
718 252
718 253
718 254
718 255
718 256
718 257
718 258
718 259
718 260
718 261
718 262
718 263
718 264
718 265
718 266
718 267
718 268
719 238
719 239
719 240
719 241
719 242
719 243
719 244
719 245
719 246
719 247
719 248
719 249
719 250
719 251
719 252
719 253
719 254
719 255
719 256
719 257
719 258
719 259
719 260
719 261
719 262
720 232
720 233
720 234
720 235
720 236
720 237
720 238
720 239
720 240
720 241
720 242
720 243
720 244
720 245
720 246
720 247
720 248
720 249
720 250
720 251
720 252
720 253
720 254
720 255
720 256
721 226
721 227
721 228
721 229
721 230
721 231
721 232
721 233
721 234
721 235
721 236
721 237
721 238
721 239
721 240
721 241
721 242
721 243
721 244
721 245
721 246
721 247
721 248
721 249
721 250
722 220
722 221
722 222
722 223
722 224
722 225
722 226
722 227
722 228
722 229
722 230
722 231
722 232
722 233
722 234
722 235
722 236
722 237
722 238
722 239
722 240
722 241
722 242
722 243
722 244
722 314
722 315
722 316
722 317
722 318
722 319
722 320
722 321
722 322
723 214
723 215
723 216
723 217
723 218
723 219
723 220
723 221
723 222
723 223
723 224
723 225
723 226
723 227
723 228
723 229
723 230
723 231
723 232
723 233
723 234
723 235
723 236
723 237
723 306
723 307
723 308
723 309
723 310
723 311
723 312
723 313
723 314
723 315
723 316
723 317
723 318
723 319
724 209
724 210
724 211
724 212
724 213
724 214
724 215
724 216
724 217
724 218
724 219
724 220
724 221
724 222
724 223
724 224
724 225
724 226
724 227
724 228
724 229
724 230
724 231
724 298
724 299
724 300
724 301
724 302
724 303
724 304
724 305
724 306
724 307
724 308
724 309
724 310
724 311
724 312
724 313
724 314
724 315
725 203
725 204
725 205
725 206
725 207
725 208
725 209
725 210
725 211
725 212
725 213
725 214
725 215
725 216
725 217
725 218
725 219
725 220
725 221
725 222
725 223
725 224
725 291
725 292
725 293
725 294
725 295
725 296
725 297
725 298
725 299
725 300
725 301
725 302
725 303
725 304
725 305
725 306
725 307
725 308
725 309
725 310
726 197
726 198
726 199
726 200
726 201
726 202
726 203
726 204
726 205
726 206
726 207
726 208
726 209
726 210
726 211
726 212
726 213
726 214
726 215
726 216
726 217
726 285
726 286
726 287
726 288
726 289
726 290
726 291
726 292
726 293
726 294
726 295
726 296
726 297
726 298
726 299
726 300
726 301
726 302
726 303
726 304
726 305
727 192
727 193
727 194
727 195
727 196
727 197
727 198
727 199
727 200
727 201
727 202
727 203
727 204
727 205
727 206
727 207
727 208
727 209
727 278
727 279
727 280
727 281
727 282
727 283
727 284
727 285
727 286
727 287
727 288
727 289
727 290
727 291
727 292
727 293
727 294
727 295
727 296
727 297
727 298
727 299
727 300
728 187
728 188
728 189
728 190
728 191
728 192
728 193
728 194
728 195
728 196
728 197
728 198
728 199
728 200
728 201
728 272
728 273
728 274
728 275
728 276
728 277
728 278
728 279
728 280
728 281
728 282
728 283
728 284
728 285
728 286
728 287
728 288
728 289
728 290
728 291
728 292
728 293
728 294
728 295
729 184
729 185
729 186
729 187
729 188
729 189
729 190
729 191
729 266
729 267
729 268
729 269
729 270
729 271
729 272
729 273
729 274
729 275
729 276
729 277
729 278
729 279
729 280
729 281
729 282
729 283
729 284
729 285
729 286
729 287
729 288
729 289
730 260
730 261
730 262
730 263
730 264
730 265
730 266
730 267
730 268
730 269
730 270
730 271
730 272
730 273
730 274
730 275
730 276
730 277
730 278
730 279
730 280
730 281
730 282
730 283
730 284
731 254
731 255
731 256
731 257
731 258
731 259
731 260
731 261
731 262
731 263
731 264
731 265
731 266
731 267
731 268
731 269
731 270
731 271
731 272
731 273
731 274
731 275
731 276
731 277
731 278
732 247
732 248
732 249
732 250
732 251
732 252
732 253
732 254
732 255
732 256
732 257
732 258
732 259
732 260
732 261
732 262
732 263
732 264
732 265
732 266
732 267
732 268
732 269
732 270
732 271
732 272
733 241
733 242
733 243
733 244
733 245
733 246
733 247
733 248
733 249
733 250
733 251
733 252
733 253
733 254
733 255
733 256
733 257
733 258
733 259
733 260
733 261
733 262
733 263
733 264
733 265
733 266
734 235
734 236
734 237
734 238
734 239
734 240
734 241
734 242
734 243
734 244
734 245
734 246
734 247
734 248
734 249
734 250
734 251
734 252
734 253
734 254
734 255
734 256
734 257
734 258
734 259
734 260
735 229
735 230
735 231
735 232
735 233
735 234
735 235
735 236
735 237
735 238
735 239
735 240
735 241
735 242
735 243
735 244
735 245
735 246
735 247
735 248
735 249
735 250
735 251
735 252
735 253
735 254
736 224
736 225
736 226
736 227
736 228
736 229
736 230
736 231
736 232
736 233
736 234
736 235
736 236
736 237
736 238
736 239
736 240
736 241
736 242
736 243
736 244
736 245
736 246
736 247
736 248
736 319
736 320
736 321
736 322
736 323
737 218
737 219
737 220
737 221
737 222
737 223
737 224
737 225
737 226
737 227
737 228
737 229
737 230
737 231
737 232
737 233
737 234
737 235
737 236
737 237
737 238
737 239
737 240
737 241
737 242
737 310
737 311
737 312
737 313
737 314
737 315
737 316
737 317
737 318
737 319
737 320
737 321
738 212
738 213
738 214
738 215
738 216
738 217
738 218
738 219
738 220
738 221
738 222
738 223
738 224
738 225
738 226
738 227
738 228
738 229
738 230
738 231
738 232
738 233
738 234
738 235
738 302
738 303
738 304
738 305
738 306
738 307
738 308
738 309
738 310
738 311
738 312
738 313
738 314
738 315
738 316
738 317
738 318
739 206
739 207
739 208
739 209
739 210
739 211
739 212
739 213
739 214
739 215
739 216
739 217
739 218
739 219
739 220
739 221
739 222
739 223
739 224
739 225
739 226
739 227
739 228
739 295
739 296
739 297
739 298
739 299
739 300
739 301
739 302
739 303
739 304
739 305
739 306
739 307
739 308
739 309
739 310
739 311
739 312
739 313
740 201
740 202
740 203
740 204
740 205
740 206
740 207
740 208
740 209
740 210
740 211
740 212
740 213
740 214
740 215
740 216
740 217
740 218
740 219
740 220
740 221
740 222
740 289
740 290
740 291
740 292
740 293
740 294
740 295
740 296
740 297
740 298
740 299
740 300
740 301
740 302
740 303
740 304
740 305
740 306
740 307
740 308
741 195
741 196
741 197
741 198
741 199
741 200
741 201
741 202
741 203
741 204
741 205
741 206
741 207
741 208
741 209
741 210
741 211
741 212
741 213
741 214
741 282
741 283
741 284
741 285
741 286
741 287
741 288
741 289
741 290
741 291
741 292
741 293
741 294
741 295
741 296
741 297
741 298
741 299
741 300
741 301
741 302
741 303
742 190
742 191
742 192
742 193
742 194
742 195
742 196
742 197
742 198
742 199
742 200
742 201
742 202
742 203
742 204
742 205
742 206
742 207
742 276
742 277
742 278
742 279
742 280
742 281
742 282
742 283
742 284
742 285
742 286
742 287
742 288
742 289
742 290
742 291
742 292
742 293
742 294
742 295
742 296
742 297
742 298
743 185
743 186
743 187
743 188
743 189
743 190
743 191
743 192
743 193
743 194
743 195
743 196
743 197
743 198
743 269
743 270
743 271
743 272
743 273
743 274
743 275
743 276
743 277
743 278
743 279
743 280
743 281
743 282
743 283
743 284
743 285
743 286
743 287
743 288
743 289
743 290
743 291
743 292
743 293
744 182
744 183
744 184
744 185
744 186
744 187
744 263
744 264
744 265
744 266
744 267
744 268
744 269
744 270
744 271
744 272
744 273
744 274
744 275
744 276
744 277
744 278
744 279
744 280
744 281
744 282
744 283
744 284
744 285
744 286
744 287
745 257
745 258
745 259
745 260
745 261
745 262
745 263
745 264
745 265
745 266
745 267
745 268
745 269
745 270
745 271
745 272
745 273
745 274
745 275
745 276
745 277
745 278
745 279
745 280
745 281
745 282
746 251
746 252
746 253
746 254
746 255
746 256
746 257
746 258
746 259
746 260
746 261
746 262
746 263
746 264
746 265
746 266
746 267
746 268
746 269
746 270
746 271
746 272
746 273
746 274
746 275
746 276
747 245
747 246
747 247
747 248
747 249
747 250
747 251
747 252
747 253
747 254
747 255
747 256
747 257
747 258
747 259
747 260
747 261
747 262
747 263
747 264
747 265
747 266
747 267
747 268
747 269
747 270
748 239
748 240
748 241
748 242
748 243
748 244
748 245
748 246
748 247
748 248
748 249
748 250
748 251
748 252
748 253
748 254
748 255
748 256
748 257
748 258
748 259
748 260
748 261
748 262
748 263
748 264
749 233
749 234
749 235
749 236
749 237
749 238
749 239
749 240
749 241
749 242
749 243
749 244
749 245
749 246
749 247
749 248
749 249
749 250
749 251
749 252
749 253
749 254
749 255
749 256
749 257
749 258
750 227
750 228
750 229
750 230
750 231
750 232
750 233
750 234
750 235
750 236
750 237
750 238
750 239
750 240
750 241
750 242
750 243
750 244
750 245
750 246
750 247
750 248
750 249
750 250
750 251
750 252
751 221
751 222
751 223
751 224
751 225
751 226
751 227
751 228
751 229
751 230
751 231
751 232
751 233
751 234
751 235
751 236
751 237
751 238
751 239
751 240
751 241
751 242
751 243
751 244
751 245
751 246
751 315
751 316
751 317
751 318
751 319
751 320
751 321
751 322
751 323
752 215
752 216
752 217
752 218
752 219
752 220
752 221
752 222
752 223
752 224
752 225
752 226
752 227
752 228
752 229
752 230
752 231
752 232
752 233
752 234
752 235
752 236
752 237
752 238
752 239
752 307
752 308
752 309
752 310
752 311
752 312
752 313
752 314
752 315
752 316
752 317
752 318
752 319
752 320
753 209
753 210
753 211
753 212
753 213
753 214
753 215
753 216
753 217
753 218
753 219
753 220
753 221
753 222
753 223
753 224
753 225
753 226
753 227
753 228
753 229
753 230
753 231
753 232
753 233
753 299
753 300
753 301
753 302
753 303
753 304
753 305
753 306
753 307
753 308
753 309
753 310
753 311
753 312
753 313
753 314
753 315
753 316
754 204
754 205
754 206
754 207
754 208
754 209
754 210
754 211
754 212
754 213
754 214
754 215
754 216
754 217
754 218
754 219
754 220
754 221
754 222
754 223
754 224
754 225
754 226
754 293
754 294
754 295
754 296
754 297
754 298
754 299
754 300
754 301
754 302
754 303
754 304
754 305
754 306
754 307
754 308
754 309
754 310
754 311
755 198
755 199
755 200
755 201
755 202
755 203
755 204
755 205
755 206
755 207
755 208
755 209
755 210
755 211
755 212
755 213
755 214
755 215
755 216
755 217
755 218
755 219
755 286
755 287
755 288
755 289
755 290
755 291
755 292
755 293
755 294
755 295
755 296
755 297
755 298
755 299
755 300
755 301
755 302
755 303
755 304
755 305
755 306
756 193
756 194
756 195
756 196
756 197
756 198
756 199
756 200
756 201
756 202
756 203
756 204
756 205
756 206
756 207
756 208
756 209
756 210
756 211
756 212
756 279
756 280
756 281
756 282
756 283
756 284
756 285
756 286
756 287
756 288
756 289
756 290
756 291
756 292
756 293
756 294
756 295
756 296
756 297
756 298
756 299
756 300
756 301
757 187
757 188
757 189
757 190
757 191
757 192
757 193
757 194
757 195
757 196
757 197
757 198
757 199
757 200
757 201
757 202
757 203
757 204
757 273
757 274
757 275
757 276
757 277
757 278
757 279
757 280
757 281
757 282
757 283
757 284
757 285
757 286
757 287
757 288
757 289
757 290
757 291
757 292
757 293
757 294
757 295
757 296
758 183
758 184
758 185
758 186
758 187
758 188
758 189
758 190
758 191
758 192
758 193
758 194
758 195
758 267
758 268
758 269
758 270
758 271
758 272
758 273
758 274
758 275
758 276
758 277
758 278
758 279
758 280
758 281
758 282
758 283
758 284
758 285
758 286
758 287
758 288
758 289
758 290
758 291
759 181
759 182
759 183
759 261
759 262
759 263
759 264
759 265
759 266
759 267
759 268
759 269
759 270
759 271
759 272
759 273
759 274
759 275
759 276
759 277
759 278
759 279
759 280
759 281
759 282
759 283
759 284
759 285
760 254
760 255
760 256
760 257
760 258
760 259
760 260
760 261
760 262
760 263
760 264
760 265
760 266
760 267
760 268
760 269
760 270
760 271
760 272
760 273
760 274
760 275
760 276
760 277
760 278
760 279
761 248
761 249
761 250
761 251
761 252
761 253
761 254
761 255
761 256
761 257
761 258
761 259
761 260
761 261
761 262
761 263
761 264
761 265
761 266
761 267
761 268
761 269
761 270
761 271
761 272
761 273
761 274
762 242
762 243
762 244
762 245
762 246
762 247
762 248
762 249
762 250
762 251
762 252
762 253
762 254
762 255
762 256
762 257
762 258
762 259
762 260
762 261
762 262
762 263
762 264
762 265
762 266
762 267
762 268
763 236
763 237
763 238
763 239
763 240
763 241
763 242
763 243
763 244
763 245
763 246
763 247
763 248
763 249
763 250
763 251
763 252
763 253
763 254
763 255
763 256
763 257
763 258
763 259
763 260
763 261
763 262
764 230
764 231
764 232
764 233
764 234
764 235
764 236
764 237
764 238
764 239
764 240
764 241
764 242
764 243
764 244
764 245
764 246
764 247
764 248
764 249
764 250
764 251
764 252
764 253
764 254
764 255
764 256
765 224
765 225
765 226
765 227
765 228
765 229
765 230
765 231
765 232
765 233
765 234
765 235
765 236
765 237
765 238
765 239
765 240
765 241
765 242
765 243
765 244
765 245
765 246
765 247
765 248
765 249
765 250
766 219
766 220
766 221
766 222
766 223
766 224
766 225
766 226
766 227
766 228
766 229
766 230
766 231
766 232
766 233
766 234
766 235
766 236
766 237
766 238
766 239
766 240
766 241
766 242
766 243
766 311
766 312
766 313
766 314
766 315
766 316
766 317
766 318
766 319
766 320
766 321
766 322
767 213
767 214
767 215
767 216
767 217
767 218
767 219
767 220
767 221
767 222
767 223
767 224
767 225
767 226
767 227
767 228
767 229
767 230
767 231
767 232
767 233
767 234
767 235
767 236
767 237
767 304
767 305
767 306
767 307
767 308
767 309
767 310
767 311
767 312
767 313
767 314
767 315
767 316
767 317
767 318
767 319
768 207
768 208
768 209
768 210
768 211
768 212
768 213
768 214
768 215
768 216
768 217
768 218
768 219
768 220
768 221
768 222
768 223
768 224
768 225
768 226
768 227
768 228
768 229
768 230
768 296
768 297
768 298
768 299
768 300
768 301
768 302
768 303
768 304
768 305
768 306
768 307
768 308
768 309
768 310
768 311
768 312
768 313
768 314
769 201
769 202
769 203
769 204
769 205
769 206
769 207
769 208
769 209
769 210
769 211
769 212
769 213
769 214
769 215
769 216
769 217
769 218
769 219
769 220
769 221
769 222
769 223
769 224
769 290
769 291
769 292
769 293
769 294
769 295
769 296
769 297
769 298
769 299
769 300
769 301
769 302
769 303
769 304
769 305
769 306
769 307
769 308
769 309
769 310
770 196
770 197
770 198
770 199
770 200
770 201
770 202
770 203
770 204
770 205
770 206
770 207
770 208
770 209
770 210
770 211
770 212
770 213
770 214
770 215
770 216
770 217
770 283
770 284
770 285
770 286
770 287
770 288
770 289
770 290
770 291
770 292
770 293
770 294
770 295
770 296
770 297
770 298
770 299
770 300
770 301
770 302
770 303
770 304
770 305
771 190
771 191
771 192
771 193
771 194
771 195
771 196
771 197
771 198
771 199
771 200
771 201
771 202
771 203
771 204
771 205
771 206
771 207
771 208
771 209
771 277
771 278
771 279
771 280
771 281
771 282
771 283
771 284
771 285
771 286
771 287
771 288
771 289
771 290
771 291
771 292
771 293
771 294
771 295
771 296
771 297
771 298
771 299
772 185
772 186
772 187
772 188
772 189
772 190
772 191
772 192
772 193
772 194
772 195
772 196
772 197
772 198
772 199
772 200
772 201
772 270
772 271
772 272
772 273
772 274
772 275
772 276
772 277
772 278
772 279
772 280
772 281
772 282
772 283
772 284
772 285
772 286
772 287
772 288
772 289
772 290
772 291
772 292
772 293
772 294
773 181
773 182
773 183
773 184
773 185
773 186
773 187
773 188
773 189
773 190
773 191
773 192
773 264
773 265
773 266
773 267
773 268
773 269
773 270
773 271
773 272
773 273
773 274
773 275
773 276
773 277
773 278
773 279
773 280
773 281
773 282
773 283
773 284
773 285
773 286
773 287
773 288
773 289
774 258
774 259
774 260
774 261
774 262
774 263
774 264
774 265
774 266
774 267
774 268
774 269
774 270
774 271
774 272
774 273
774 274
774 275
774 276
774 277
774 278
774 279
774 280
774 281
774 282
774 283
775 252
775 253
775 254
775 255
775 256
775 257
775 258
775 259
775 260
775 261
775 262
775 263
775 264
775 265
775 266
775 267
775 268
775 269
775 270
775 271
775 272
775 273
775 274
775 275
775 276
775 277
776 246
776 247
776 248
776 249
776 250
776 251
776 252
776 253
776 254
776 255
776 256
776 257
776 258
776 259
776 260
776 261
776 262
776 263
776 264
776 265
776 266
776 267
776 268
776 269
776 270
776 271
777 240
777 241
777 242
777 243
777 244
777 245
777 246
777 247
777 248
777 249
777 250
777 251
777 252
777 253
777 254
777 255
777 256
777 257
777 258
777 259
777 260
777 261
777 262
777 263
777 264
777 265
777 266
778 234
778 235
778 236
778 237
778 238
778 239
778 240
778 241
778 242
778 243
778 244
778 245
778 246
778 247
778 248
778 249
778 250
778 251
778 252
778 253
778 254
778 255
778 256
778 257
778 258
778 259
778 260
779 228
779 229
779 230
779 231
779 232
779 233
779 234
779 235
779 236
779 237
779 238
779 239
779 240
779 241
779 242
779 243
779 244
779 245
779 246
779 247
779 248
779 249
779 250
779 251
779 252
779 253
779 254
780 222
780 223
780 224
780 225
780 226
780 227
780 228
780 229
780 230
780 231
780 232
780 233
780 234
780 235
780 236
780 237
780 238
780 239
780 240
780 241
780 242
780 243
780 244
780 245
780 246
780 247
780 317
780 318
780 319
780 320
780 321
780 322
780 323
781 216
781 217
781 218
781 219
781 220
781 221
781 222
781 223
781 224
781 225
781 226
781 227
781 228
781 229
781 230
781 231
781 232
781 233
781 234
781 235
781 236
781 237
781 238
781 239
781 240
781 241
781 308
781 309
781 310
781 311
781 312
781 313
781 314
781 315
781 316
781 317
781 318
781 319
781 320
781 321
782 210
782 211
782 212
782 213
782 214
782 215
782 216
782 217
782 218
782 219
782 220
782 221
782 222
782 223
782 224
782 225
782 226
782 227
782 228
782 229
782 230
782 231
782 232
782 233
782 234
782 235
782 301
782 302
782 303
782 304
782 305
782 306
782 307
782 308
782 309
782 310
782 311
782 312
782 313
782 314
782 315
782 316
782 317
783 204
783 205
783 206
783 207
783 208
783 209
783 210
783 211
783 212
783 213
783 214
783 215
783 216
783 217
783 218
783 219
783 220
783 221
783 222
783 223
783 224
783 225
783 226
783 227
783 228
783 294
783 295
783 296
783 297
783 298
783 299
783 300
783 301
783 302
783 303
783 304
783 305
783 306
783 307
783 308
783 309
783 310
783 311
783 312
784 199
784 200
784 201
784 202
784 203
784 204
784 205
784 206
784 207
784 208
784 209
784 210
784 211
784 212
784 213
784 214
784 215
784 216
784 217
784 218
784 219
784 220
784 221
784 287
784 288
784 289
784 290
784 291
784 292
784 293
784 294
784 295
784 296
784 297
784 298
784 299
784 300
784 301
784 302
784 303
784 304
784 305
784 306
784 307
784 308
785 193
785 194
785 195
785 196
785 197
785 198
785 199
785 200
785 201
785 202
785 203
785 204
785 205
785 206
785 207
785 208
785 209
785 210
785 211
785 212
785 213
785 214
785 280
785 281
785 282
785 283
785 284
785 285
785 286
785 287
785 288
785 289
785 290
785 291
785 292
785 293
785 294
785 295
785 296
785 297
785 298
785 299
785 300
785 301
785 302
785 303
786 188
786 189
786 190
786 191
786 192
786 193
786 194
786 195
786 196
786 197
786 198
786 199
786 200
786 201
786 202
786 203
786 204
786 205
786 206
786 207
786 274
786 275
786 276
786 277
786 278
786 279
786 280
786 281
786 282
786 283
786 284
786 285
786 286
786 287
786 288
786 289
786 290
786 291
786 292
786 293
786 294
786 295
786 296
786 297
787 183
787 184
787 185
787 186
787 187
787 188
787 189
787 190
787 191
787 192
787 193
787 194
787 195
787 196
787 197
787 198
787 268
787 269
787 270
787 271
787 272
787 273
787 274
787 275
787 276
787 277
787 278
787 279
787 280
787 281
787 282
787 283
787 284
787 285
787 286
787 287
787 288
787 289
787 290
787 291
787 292
788 179
788 180
788 181
788 182
788 183
788 184
788 185
788 186
788 187
788 188
788 189
788 262
788 263
788 264
788 265
788 266
788 267
788 268
788 269
788 270
788 271
788 272
788 273
788 274
788 275
788 276
788 277
788 278
788 279
788 280
788 281
788 282
788 283
788 284
788 285
788 286
789 255
789 256
789 257
789 258
789 259
789 260
789 261
789 262
789 263
789 264
789 265
789 266
789 267
789 268
789 269
789 270
789 271
789 272
789 273
789 274
789 275
789 276
789 277
789 278
789 279
789 280
789 281
790 249
790 250
790 251
790 252
790 253
790 254
790 255
790 256
790 257
790 258
790 259
790 260
790 261
790 262
790 263
790 264
790 265
790 266
790 267
790 268
790 269
790 270
790 271
790 272
790 273
790 274
790 275
791 243
791 244
791 245
791 246
791 247
791 248
791 249
791 250
791 251
791 252
791 253
791 254
791 255
791 256
791 257
791 258
791 259
791 260
791 261
791 262
791 263
791 264
791 265
791 266
791 267
791 268
791 269
792 237
792 238
792 239
792 240
792 241
792 242
792 243
792 244
792 245
792 246
792 247
792 248
792 249
792 250
792 251
792 252
792 253
792 254
792 255
792 256
792 257
792 258
792 259
792 260
792 261
792 262
792 263
793 231
793 232
793 233
793 234
793 235
793 236
793 237
793 238
793 239
793 240
793 241
793 242
793 243
793 244
793 245
793 246
793 247
793 248
793 249
793 250
793 251
793 252
793 253
793 254
793 255
793 256
793 257
794 225
794 226
794 227
794 228
794 229
794 230
794 231
794 232
794 233
794 234
794 235
794 236
794 237
794 238
794 239
794 240
794 241
794 242
794 243
794 244
794 245
794 246
794 247
794 248
794 249
794 250
794 251
795 219
795 220
795 221
795 222
795 223
795 224
795 225
795 226
795 227
795 228
795 229
795 230
795 231
795 232
795 233
795 234
795 235
795 236
795 237
795 238
795 239
795 240
795 241
795 242
795 243
795 244
795 245
795 313
795 314
795 315
795 316
795 317
795 318
795 319
795 320
795 321
795 322
796 214
796 215
796 216
796 217
796 218
796 219
796 220
796 221
796 222
796 223
796 224
796 225
796 226
796 227
796 228
796 229
796 230
796 231
796 232
796 233
796 234
796 235
796 236
796 237
796 238
796 239
796 305
796 306
796 307
796 308
796 309
796 310
796 311
796 312
796 313
796 314
796 315
796 316
796 317
796 318
796 319
797 208
797 209
797 210
797 211
797 212
797 213
797 214
797 215
797 216
797 217
797 218
797 219
797 220
797 221
797 222
797 223
797 224
797 225
797 226
797 227
797 228
797 229
797 230
797 231
797 232
797 298
797 299
797 300
797 301
797 302
797 303
797 304
797 305
797 306
797 307
797 308
797 309
797 310
797 311
797 312
797 313
797 314
797 315
798 202
798 203
798 204
798 205
798 206
798 207
798 208
798 209
798 210
798 211
798 212
798 213
798 214
798 215
798 216
798 217
798 218
798 219
798 220
798 221
798 222
798 223
798 224
798 225
798 226
798 291
798 292
798 293
798 294
798 295
798 296
798 297
798 298
798 299
798 300
798 301
798 302
798 303
798 304
798 305
798 306
798 307
798 308
798 309
798 310
798 311
799 196
799 197
799 198
799 199
799 200
799 201
799 202
799 203
799 204
799 205
799 206
799 207
799 208
799 209
799 210
799 211
799 212
799 213
799 214
799 215
799 216
799 217
799 218
799 219
799 284
799 285
799 286
799 287
799 288
799 289
799 290
799 291
799 292
799 293
799 294
799 295
799 296
799 297
799 298
799 299
799 300
799 301
799 302
799 303
799 304
799 305
799 306
800 191
800 192
800 193
800 194
800 195
800 196
800 197
800 198
800 199
800 200
800 201
800 202
800 203
800 204
800 205
800 206
800 207
800 208
800 209
800 210
800 211
800 212
800 278
800 279
800 280
800 281
800 282
800 283
800 284
800 285
800 286
800 287
800 288
800 289
800 290
800 291
800 292
800 293
800 294
800 295
800 296
800 297
800 298
800 299
800 300
800 301
801 186
801 187
801 188
801 189
801 190
801 191
801 192
801 193
801 194
801 195
801 196
801 197
801 198
801 199
801 200
801 201
801 202
801 203
801 204
801 271
801 272
801 273
801 274
801 275
801 276
801 277
801 278
801 279
801 280
801 281
801 282
801 283
801 284
801 285
801 286
801 287
801 288
801 289
801 290
801 291
801 292
801 293
801 294
801 295
802 181
802 182
802 183
802 184
802 185
802 186
802 187
802 188
802 189
802 190
802 191
802 192
802 193
802 194
802 195
802 265
802 266
802 267
802 268
802 269
802 270
802 271
802 272
802 273
802 274
802 275
802 276
802 277
802 278
802 279
802 280
802 281
802 282
802 283
802 284
802 285
802 286
802 287
802 288
802 289
802 290
803 177
803 178
803 179
803 180
803 181
803 182
803 183
803 184
803 185
803 259
803 260
803 261
803 262
803 263
803 264
803 265
803 266
803 267
803 268
803 269
803 270
803 271
803 272
803 273
803 274
803 275
803 276
803 277
803 278
803 279
803 280
803 281
803 282
803 283
803 284
804 253
804 254
804 255
804 256
804 257
804 258
804 259
804 260
804 261
804 262
804 263
804 264
804 265
804 266
804 267
804 268
804 269
804 270
804 271
804 272
804 273
804 274
804 275
804 276
804 277
804 278
804 279
805 247
805 248
805 249
805 250
805 251
805 252
805 253
805 254
805 255
805 256
805 257
805 258
805 259
805 260
805 261
805 262
805 263
805 264
805 265
805 266
805 267
805 268
805 269
805 270
805 271
805 272
805 273
806 241
806 242
806 243
806 244
806 245
806 246
806 247
806 248
806 249
806 250
806 251
806 252
806 253
806 254
806 255
806 256
806 257
806 258
806 259
806 260
806 261
806 262
806 263
806 264
806 265
806 266
806 267
807 235
807 236
807 237
807 238
807 239
807 240
807 241
807 242
807 243
807 244
807 245
807 246
807 247
807 248
807 249
807 250
807 251
807 252
807 253
807 254
807 255
807 256
807 257
807 258
807 259
807 260
807 261
808 229
808 230
808 231
808 232
808 233
808 234
808 235
808 236
808 237
808 238
808 239
808 240
808 241
808 242
808 243
808 244
808 245
808 246
808 247
808 248
808 249
808 250
808 251
808 252
808 253
808 254
808 255
809 223
809 224
809 225
809 226
809 227
809 228
809 229
809 230
809 231
809 232
809 233
809 234
809 235
809 236
809 237
809 238
809 239
809 240
809 241
809 242
809 243
809 244
809 245
809 246
809 247
809 248
809 249
809 319
809 320
809 321
809 322
809 323
810 217
810 218
810 219
810 220
810 221
810 222
810 223
810 224
810 225
810 226
810 227
810 228
810 229
810 230
810 231
810 232
810 233
810 234
810 235
810 236
810 237
810 238
810 239
810 240
810 241
810 242
810 243
810 310
810 311
810 312
810 313
810 314
810 315
810 316
810 317
810 318
810 319
810 320
810 321
811 211
811 212
811 213
811 214
811 215
811 216
811 217
811 218
811 219
811 220
811 221
811 222
811 223
811 224
811 225
811 226
811 227
811 228
811 229
811 230
811 231
811 232
811 233
811 234
811 235
811 236
811 302
811 303
811 304
811 305
811 306
811 307
811 308
811 309
811 310
811 311
811 312
811 313
811 314
811 315
811 316
811 317
811 318
812 205
812 206
812 207
812 208
812 209
812 210
812 211
812 212
812 213
812 214
812 215
812 216
812 217
812 218
812 219
812 220
812 221
812 222
812 223
812 224
812 225
812 226
812 227
812 228
812 229
812 230
812 295
812 296
812 297
812 298
812 299
812 300
812 301
812 302
812 303
812 304
812 305
812 306
812 307
812 308
812 309
812 310
812 311
812 312
812 313
813 200
813 201
813 202
813 203
813 204
813 205
813 206
813 207
813 208
813 209
813 210
813 211
813 212
813 213
813 214
813 215
813 216
813 217
813 218
813 219
813 220
813 221
813 222
813 223
813 288
813 289
813 290
813 291
813 292
813 293
813 294
813 295
813 296
813 297
813 298
813 299
813 300
813 301
813 302
813 303
813 304
813 305
813 306
813 307
813 308
813 309
814 194
814 195
814 196
814 197
814 198
814 199
814 200
814 201
814 202
814 203
814 204
814 205
814 206
814 207
814 208
814 209
814 210
814 211
814 212
814 213
814 214
814 215
814 216
814 282
814 283
814 284
814 285
814 286
814 287
814 288
814 289
814 290
814 291
814 292
814 293
814 294
814 295
814 296
814 297
814 298
814 299
814 300
814 301
814 302
814 303
814 304
815 189
815 190
815 191
815 192
815 193
815 194
815 195
815 196
815 197
815 198
815 199
815 200
815 201
815 202
815 203
815 204
815 205
815 206
815 207
815 208
815 209
815 275
815 276
815 277
815 278
815 279
815 280
815 281
815 282
815 283
815 284
815 285
815 286
815 287
815 288
815 289
815 290
815 291
815 292
815 293
815 294
815 295
815 296
815 297
815 298
816 183
816 184
816 185
816 186
816 187
816 188
816 189
816 190
816 191
816 192
816 193
816 194
816 195
816 196
816 197
816 198
816 199
816 200
816 201
816 269
816 270
816 271
816 272
816 273
816 274
816 275
816 276
816 277
816 278
816 279
816 280
816 281
816 282
816 283
816 284
816 285
816 286
816 287
816 288
816 289
816 290
816 291
816 292
816 293
817 179
817 180
817 181
817 182
817 183
817 184
817 185
817 186
817 187
817 188
817 189
817 190
817 191
817 192
817 263
817 264
817 265
817 266
817 267
817 268
817 269
817 270
817 271
817 272
817 273
817 274
817 275
817 276
817 277
817 278
817 279
817 280
817 281
817 282
817 283
817 284
817 285
817 286
817 287
817 288
818 176
818 177
818 178
818 179
818 180
818 181
818 256
818 257
818 258
818 259
818 260
818 261
818 262
818 263
818 264
818 265
818 266
818 267
818 268
818 269
818 270
818 271
818 272
818 273
818 274
818 275
818 276
818 277
818 278
818 279
818 280
818 281
818 282
819 250
819 251
819 252
819 253
819 254
819 255
819 256
819 257
819 258
819 259
819 260
819 261
819 262
819 263
819 264
819 265
819 266
819 267
819 268
819 269
819 270
819 271
819 272
819 273
819 274
819 275
819 276
820 244
820 245
820 246
820 247
820 248
820 249
820 250
820 251
820 252
820 253
820 254
820 255
820 256
820 257
820 258
820 259
820 260
820 261
820 262
820 263
820 264
820 265
820 266
820 267
820 268
820 269
820 270
820 271
821 238
821 239
821 240
821 241
821 242
821 243
821 244
821 245
821 246
821 247
821 248
821 249
821 250
821 251
821 252
821 253
821 254
821 255
821 256
821 257
821 258
821 259
821 260
821 261
821 262
821 263
821 264
821 265
822 232
822 233
822 234
822 235
822 236
822 237
822 238
822 239
822 240
822 241
822 242
822 243
822 244
822 245
822 246
822 247
822 248
822 249
822 250
822 251
822 252
822 253
822 254
822 255
822 256
822 257
822 258
822 259
823 226
823 227
823 228
823 229
823 230
823 231
823 232
823 233
823 234
823 235
823 236
823 237
823 238
823 239
823 240
823 241
823 242
823 243
823 244
823 245
823 246
823 247
823 248
823 249
823 250
823 251
823 252
823 253
824 220
824 221
824 222
824 223
824 224
824 225
824 226
824 227
824 228
824 229
824 230
824 231
824 232
824 233
824 234
824 235
824 236
824 237
824 238
824 239
824 240
824 241
824 242
824 243
824 244
824 245
824 246
824 247
824 315
824 316
824 317
824 318
824 319
824 320
824 321
824 322
824 323
825 215
825 216
825 217
825 218
825 219
825 220
825 221
825 222
825 223
825 224
825 225
825 226
825 227
825 228
825 229
825 230
825 231
825 232
825 233
825 234
825 235
825 236
825 237
825 238
825 239
825 240
825 306
825 307
825 308
825 309
825 310
825 311
825 312
825 313
825 314
825 315
825 316
825 317
825 318
825 319
825 320
826 209
826 210
826 211
826 212
826 213
826 214
826 215
826 216
826 217
826 218
826 219
826 220
826 221
826 222
826 223
826 224
826 225
826 226
826 227
826 228
826 229
826 230
826 231
826 232
826 233
826 234
826 299
826 300
826 301
826 302
826 303
826 304
826 305
826 306
826 307
826 308
826 309
826 310
826 311
826 312
826 313
826 314
826 315
826 316
827 203
827 204
827 205
827 206
827 207
827 208
827 209
827 210
827 211
827 212
827 213
827 214
827 215
827 216
827 217
827 218
827 219
827 220
827 221
827 222
827 223
827 224
827 225
827 226
827 227
827 292
827 293
827 294
827 295
827 296
827 297
827 298
827 299
827 300
827 301
827 302
827 303
827 304
827 305
827 306
827 307
827 308
827 309
827 310
827 311
827 312
828 197
828 198
828 199
828 200
828 201
828 202
828 203
828 204
828 205
828 206
828 207
828 208
828 209
828 210
828 211
828 212
828 213
828 214
828 215
828 216
828 217
828 218
828 219
828 220
828 221
828 285
828 286
828 287
828 288
828 289
828 290
828 291
828 292
828 293
828 294
828 295
828 296
828 297
828 298
828 299
828 300
828 301
828 302
828 303
828 304
828 305
828 306
828 307
829 192
829 193
829 194
829 195
829 196
829 197
829 198
829 199
829 200
829 201
829 202
829 203
829 204
829 205
829 206
829 207
829 208
829 209
829 210
829 211
829 212
829 213
829 214
829 279
829 280
829 281
829 282
829 283
829 284
829 285
829 286
829 287
829 288
829 289
829 290
829 291
829 292
829 293
829 294
829 295
829 296
829 297
829 298
829 299
829 300
829 301
829 302
830 186
830 187
830 188
830 189
830 190
830 191
830 192
830 193
830 194
830 195
830 196
830 197
830 198
830 199
830 200
830 201
830 202
830 203
830 204
830 205
830 206
830 272
830 273
830 274
830 275
830 276
830 277
830 278
830 279
830 280
830 281
830 282
830 283
830 284
830 285
830 286
830 287
830 288
830 289
830 290
830 291
830 292
830 293
830 294
830 295
830 296
831 181
831 182
831 183
831 184
831 185
831 186
831 187
831 188
831 189
831 190
831 191
831 192
831 193
831 194
831 195
831 196
831 197
831 198
831 266
831 267
831 268
831 269
831 270
831 271
831 272
831 273
831 274
831 275
831 276
831 277
831 278
831 279
831 280
831 281
831 282
831 283
831 284
831 285
831 286
831 287
831 288
831 289
831 290
831 291
832 177
832 178
832 179
832 180
832 181
832 182
832 183
832 184
832 185
832 186
832 187
832 188
832 189
832 260
832 261
832 262
832 263
832 264
832 265
832 266
832 267
832 268
832 269
832 270
832 271
832 272
832 273
832 274
832 275
832 276
832 277
832 278
832 279
832 280
832 281
832 282
832 283
832 284
832 285
833 254
833 255
833 256
833 257
833 258
833 259
833 260
833 261
833 262
833 263
833 264
833 265
833 266
833 267
833 268
833 269
833 270
833 271
833 272
833 273
833 274
833 275
833 276
833 277
833 278
833 279
833 280
834 248
834 249
834 250
834 251
834 252
834 253
834 254
834 255
834 256
834 257
834 258
834 259
834 260
834 261
834 262
834 263
834 264
834 265
834 266
834 267
834 268
834 269
834 270
834 271
834 272
834 273
834 274
835 242
835 243
835 244
835 245
835 246
835 247
835 248
835 249
835 250
835 251
835 252
835 253
835 254
835 255
835 256
835 257
835 258
835 259
835 260
835 261
835 262
835 263
835 264
835 265
835 266
835 267
835 268
836 236
836 237
836 238
836 239
836 240
836 241
836 242
836 243
836 244
836 245
836 246
836 247
836 248
836 249
836 250
836 251
836 252
836 253
836 254
836 255
836 256
836 257
836 258
836 259
836 260
836 261
836 262
837 230
837 231
837 232
837 233
837 234
837 235
837 236
837 237
837 238
837 239
837 240
837 241
837 242
837 243
837 244
837 245
837 246
837 247
837 248
837 249
837 250
837 251
837 252
837 253
837 254
837 255
837 256
838 224
838 225
838 226
838 227
838 228
838 229
838 230
838 231
838 232
838 233
838 234
838 235
838 236
838 237
838 238
838 239
838 240
838 241
838 242
838 243
838 244
838 245
838 246
838 247
838 248
838 249
838 250
839 218
839 219
839 220
839 221
839 222
839 223
839 224
839 225
839 226
839 227
839 228
839 229
839 230
839 231
839 232
839 233
839 234
839 235
839 236
839 237
839 238
839 239
839 240
839 241
839 242
839 243
839 244
839 311
839 312
839 313
839 314
839 315
839 316
839 317
839 318
839 319
839 320
839 321
839 322
840 212
840 213
840 214
840 215
840 216
840 217
840 218
840 219
840 220
840 221
840 222
840 223
840 224
840 225
840 226
840 227
840 228
840 229
840 230
840 231
840 232
840 233
840 234
840 235
840 236
840 237
840 238
840 303
840 304
840 305
840 306
840 307
840 308
840 309
840 310
840 311
840 312
840 313
840 314
840 315
840 316
840 317
840 318
841 206
841 207
841 208
841 209
841 210
841 211
841 212
841 213
841 214
841 215
841 216
841 217
841 218
841 219
841 220
841 221
841 222
841 223
841 224
841 225
841 226
841 227
841 228
841 229
841 230
841 231
841 232
841 296
841 297
841 298
841 299
841 300
841 301
841 302
841 303
841 304
841 305
841 306
841 307
841 308
841 309
841 310
841 311
841 312
841 313
841 314
842 201
842 202
842 203
842 204
842 205
842 206
842 207
842 208
842 209
842 210
842 211
842 212
842 213
842 214
842 215
842 216
842 217
842 218
842 219
842 220
842 221
842 222
842 223
842 224
842 225
842 289
842 290
842 291
842 292
842 293
842 294
842 295
842 296
842 297
842 298
842 299
842 300
842 301
842 302
842 303
842 304
842 305
842 306
842 307
842 308
842 309
842 310
843 195
843 196
843 197
843 198
843 199
843 200
843 201
843 202
843 203
843 204
843 205
843 206
843 207
843 208
843 209
843 210
843 211
843 212
843 213
843 214
843 215
843 216
843 217
843 218
843 283
843 284
843 285
843 286
843 287
843 288
843 289
843 290
843 291
843 292
843 293
843 294
843 295
843 296
843 297
843 298
843 299
843 300
843 301
843 302
843 303
843 304
843 305
844 189
844 190
844 191
844 192
844 193
844 194
844 195
844 196
844 197
844 198
844 199
844 200
844 201
844 202
844 203
844 204
844 205
844 206
844 207
844 208
844 209
844 210
844 211
844 276
844 277
844 278
844 279
844 280
844 281
844 282
844 283
844 284
844 285
844 286
844 287
844 288
844 289
844 290
844 291
844 292
844 293
844 294
844 295
844 296
844 297
844 298
844 299
844 300
845 184
845 185
845 186
845 187
845 188
845 189
845 190
845 191
845 192
845 193
845 194
845 195
845 196
845 197
845 198
845 199
845 200
845 201
845 202
845 203
845 204
845 270
845 271
845 272
845 273
845 274
845 275
845 276
845 277
845 278
845 279
845 280
845 281
845 282
845 283
845 284
845 285
845 286
845 287
845 288
845 289
845 290
845 291
845 292
845 293
845 294
846 179
846 180
846 181
846 182
846 183
846 184
846 185
846 186
846 187
846 188
846 189
846 190
846 191
846 192
846 193
846 194
846 195
846 264
846 265
846 266
846 267
846 268
846 269
846 270
846 271
846 272
846 273
846 274
846 275
846 276
846 277
846 278
846 279
846 280
846 281
846 282
846 283
846 284
846 285
846 286
846 287
846 288
846 289
847 175
847 176
847 177
847 178
847 179
847 180
847 181
847 182
847 183
847 184
847 185
847 186
847 258
847 259
847 260
847 261
847 262
847 263
847 264
847 265
847 266
847 267
847 268
847 269
847 270
847 271
847 272
847 273
847 274
847 275
847 276
847 277
847 278
847 279
847 280
847 281
847 282
847 283
848 251
848 252
848 253
848 254
848 255
848 256
848 257
848 258
848 259
848 260
848 261
848 262
848 263
848 264
848 265
848 266
848 267
848 268
848 269
848 270
848 271
848 272
848 273
848 274
848 275
848 276
848 277
848 278
849 245
849 246
849 247
849 248
849 249
849 250
849 251
849 252
849 253
849 254
849 255
849 256
849 257
849 258
849 259
849 260
849 261
849 262
849 263
849 264
849 265
849 266
849 267
849 268
849 269
849 270
849 271
849 272
850 239
850 240
850 241
850 242
850 243
850 244
850 245
850 246
850 247
850 248
850 249
850 250
850 251
850 252
850 253
850 254
850 255
850 256
850 257
850 258
850 259
850 260
850 261
850 262
850 263
850 264
850 265
850 266
851 233
851 234
851 235
851 236
851 237
851 238
851 239
851 240
851 241
851 242
851 243
851 244
851 245
851 246
851 247
851 248
851 249
851 250
851 251
851 252
851 253
851 254
851 255
851 256
851 257
851 258
851 259
851 260
852 227
852 228
852 229
852 230
852 231
852 232
852 233
852 234
852 235
852 236
852 237
852 238
852 239
852 240
852 241
852 242
852 243
852 244
852 245
852 246
852 247
852 248
852 249
852 250
852 251
852 252
852 253
852 254
853 222
853 223
853 224
853 225
853 226
853 227
853 228
853 229
853 230
853 231
853 232
853 233
853 234
853 235
853 236
853 237
853 238
853 239
853 240
853 241
853 242
853 243
853 244
853 245
853 246
853 247
853 248
853 317
853 318
853 319
853 320
853 321
853 322
854 216
854 217
854 218
854 219
854 220
854 221
854 222
854 223
854 224
854 225
854 226
854 227
854 228
854 229
854 230
854 231
854 232
854 233
854 234
854 235
854 236
854 237
854 238
854 239
854 240
854 241
854 242
854 308
854 309
854 310
854 311
854 312
854 313
854 314
854 315
854 316
854 317
854 318
854 319
854 320
855 210
855 211
855 212
855 213
855 214
855 215
855 216
855 217
855 218
855 219
855 220
855 221
855 222
855 223
855 224
855 225
855 226
855 227
855 228
855 229
855 230
855 231
855 232
855 233
855 234
855 235
855 236
855 300
855 301
855 302
855 303
855 304
855 305
855 306
855 307
855 308
855 309
855 310
855 311
855 312
855 313
855 314
855 315
855 316
855 317
856 204
856 205
856 206
856 207
856 208
856 209
856 210
856 211
856 212
856 213
856 214
856 215
856 216
856 217
856 218
856 219
856 220
856 221
856 222
856 223
856 224
856 225
856 226
856 227
856 228
856 229
856 293
856 294
856 295
856 296
856 297
856 298
856 299
856 300
856 301
856 302
856 303
856 304
856 305
856 306
856 307
856 308
856 309
856 310
856 311
856 312
857 198
857 199
857 200
857 201
857 202
857 203
857 204
857 205
857 206
857 207
857 208
857 209
857 210
857 211
857 212
857 213
857 214
857 215
857 216
857 217
857 218
857 219
857 220
857 221
857 222
857 287
857 288
857 289
857 290
857 291
857 292
857 293
857 294
857 295
857 296
857 297
857 298
857 299
857 300
857 301
857 302
857 303
857 304
857 305
857 306
857 307
857 308
858 193
858 194
858 195
858 196
858 197
858 198
858 199
858 200
858 201
858 202
858 203
858 204
858 205
858 206
858 207
858 208
858 209
858 210
858 211
858 212
858 213
858 214
858 215
858 216
858 280
858 281
858 282
858 283
858 284
858 285
858 286
858 287
858 288
858 289
858 290
858 291
858 292
858 293
858 294
858 295
858 296
858 297
858 298
858 299
858 300
858 301
858 302
858 303
859 187
859 188
859 189
859 190
859 191
859 192
859 193
859 194
859 195
859 196
859 197
859 198
859 199
859 200
859 201
859 202
859 203
859 204
859 205
859 206
859 207
859 208
859 274
859 275
859 276
859 277
859 278
859 279
859 280
859 281
859 282
859 283
859 284
859 285
859 286
859 287
859 288
859 289
859 290
859 291
859 292
859 293
859 294
859 295
859 296
859 297
860 182
860 183
860 184
860 185
860 186
860 187
860 188
860 189
860 190
860 191
860 192
860 193
860 194
860 195
860 196
860 197
860 198
860 199
860 200
860 201
860 267
860 268
860 269
860 270
860 271
860 272
860 273
860 274
860 275
860 276
860 277
860 278
860 279
860 280
860 281
860 282
860 283
860 284
860 285
860 286
860 287
860 288
860 289
860 290
860 291
860 292
861 177
861 178
861 179
861 180
861 181
861 182
861 183
861 184
861 185
861 186
861 187
861 188
861 189
861 190
861 191
861 192
861 261
861 262
861 263
861 264
861 265
861 266
861 267
861 268
861 269
861 270
861 271
861 272
861 273
861 274
861 275
861 276
861 277
861 278
861 279
861 280
861 281
861 282
861 283
861 284
861 285
861 286
861 287
862 174
862 175
862 176
862 177
862 178
862 179
862 180
862 181
862 255
862 256
862 257
862 258
862 259
862 260
862 261
862 262
862 263
862 264
862 265
862 266
862 267
862 268
862 269
862 270
862 271
862 272
862 273
862 274
862 275
862 276
862 277
862 278
862 279
862 280
862 281
863 249
863 250
863 251
863 252
863 253
863 254
863 255
863 256
863 257
863 258
863 259
863 260
863 261
863 262
863 263
863 264
863 265
863 266
863 267
863 268
863 269
863 270
863 271
863 272
863 273
863 274
863 275
864 243
864 244
864 245
864 246
864 247
864 248
864 249
864 250
864 251
864 252
864 253
864 254
864 255
864 256
864 257
864 258
864 259
864 260
864 261
864 262
864 263
864 264
864 265
864 266
864 267
864 268
864 269
864 270
865 237
865 238
865 239
865 240
865 241
865 242
865 243
865 244
865 245
865 246
865 247
865 248
865 249
865 250
865 251
865 252
865 253
865 254
865 255
865 256
865 257
865 258
865 259
865 260
865 261
865 262
865 263
865 264
866 231
866 232
866 233
866 234
866 235
866 236
866 237
866 238
866 239
866 240
866 241
866 242
866 243
866 244
866 245
866 246
866 247
866 248
866 249
866 250
866 251
866 252
866 253
866 254
866 255
866 256
866 257
866 258
867 225
867 226
867 227
867 228
867 229
867 230
867 231
867 232
867 233
867 234
867 235
867 236
867 237
867 238
867 239
867 240
867 241
867 242
867 243
867 244
867 245
867 246
867 247
867 248
867 249
867 250
867 251
867 252
868 219
868 220
868 221
868 222
868 223
868 224
868 225
868 226
868 227
868 228
868 229
868 230
868 231
868 232
868 233
868 234
868 235
868 236
868 237
868 238
868 239
868 240
868 241
868 242
868 243
868 244
868 245
868 246
868 313
868 314
868 315
868 316
868 317
868 318
868 319
868 320
868 321
868 322
869 213
869 214
869 215
869 216
869 217
869 218
869 219
869 220
869 221
869 222
869 223
869 224
869 225
869 226
869 227
869 228
869 229
869 230
869 231
869 232
869 233
869 234
869 235
869 236
869 237
869 238
869 239
869 240
869 305
869 306
869 307
869 308
869 309
869 310
869 311
869 312
869 313
869 314
869 315
869 316
869 317
869 318
869 319
870 207
870 208
870 209
870 210
870 211
870 212
870 213
870 214
870 215
870 216
870 217
870 218
870 219
870 220
870 221
870 222
870 223
870 224
870 225
870 226
870 227
870 228
870 229
870 230
870 231
870 232
870 233
870 297
870 298
870 299
870 300
870 301
870 302
870 303
870 304
870 305
870 306
870 307
870 308
870 309
870 310
870 311
870 312
870 313
870 314
870 315
871 202
871 203
871 204
871 205
871 206
871 207
871 208
871 209
871 210
871 211
871 212
871 213
871 214
871 215
871 216
871 217
871 218
871 219
871 220
871 221
871 222
871 223
871 224
871 225
871 226
871 227
871 290
871 291
871 292
871 293
871 294
871 295
871 296
871 297
871 298
871 299
871 300
871 301
871 302
871 303
871 304
871 305
871 306
871 307
871 308
871 309
871 310
872 196
872 197
872 198
872 199
872 200
872 201
872 202
872 203
872 204
872 205
872 206
872 207
872 208
872 209
872 210
872 211
872 212
872 213
872 214
872 215
872 216
872 217
872 218
872 219
872 220
872 284
872 285
872 286
872 287
872 288
872 289
872 290
872 291
872 292
872 293
872 294
872 295
872 296
872 297
872 298
872 299
872 300
872 301
872 302
872 303
872 304
872 305
872 306
873 191
873 192
873 193
873 194
873 195
873 196
873 197
873 198
873 199
873 200
873 201
873 202
873 203
873 204
873 205
873 206
873 207
873 208
873 209
873 210
873 211
873 212
873 213
873 277
873 278
873 279
873 280
873 281
873 282
873 283
873 284
873 285
873 286
873 287
873 288
873 289
873 290
873 291
873 292
873 293
873 294
873 295
873 296
873 297
873 298
873 299
873 300
873 301
874 185
874 186
874 187
874 188
874 189
874 190
874 191
874 192
874 193
874 194
874 195
874 196
874 197
874 198
874 199
874 200
874 201
874 202
874 203
874 204
874 205
874 206
874 271
874 272
874 273
874 274
874 275
874 276
874 277
874 278
874 279
874 280
874 281
874 282
874 283
874 284
874 285
874 286
874 287
874 288
874 289
874 290
874 291
874 292
874 293
874 294
874 295
875 180
875 181
875 182
875 183
875 184
875 185
875 186
875 187
875 188
875 189
875 190
875 191
875 192
875 193
875 194
875 195
875 196
875 197
875 198
875 265
875 266
875 267
875 268
875 269
875 270
875 271
875 272
875 273
875 274
875 275
875 276
875 277
875 278
875 279
875 280
875 281
875 282
875 283
875 284
875 285
875 286
875 287
875 288
875 289
875 290
876 176
876 177
876 178
876 179
876 180
876 181
876 182
876 183
876 184
876 185
876 186
876 187
876 188
876 189
876 259
876 260
876 261
876 262
876 263
876 264
876 265
876 266
876 267
876 268
876 269
876 270
876 271
876 272
876 273
876 274
876 275
876 276
876 277
876 278
876 279
876 280
876 281
876 282
876 283
876 284
877 253
877 254
877 255
877 256
877 257
877 258
877 259
877 260
877 261
877 262
877 263
877 264
877 265
877 266
877 267
877 268
877 269
877 270
877 271
877 272
877 273
877 274
877 275
877 276
877 277
877 278
877 279
878 246
878 247
878 248
878 249
878 250
878 251
878 252
878 253
878 254
878 255
878 256
878 257
878 258
878 259
878 260
878 261
878 262
878 263
878 264
878 265
878 266
878 267
878 268
878 269
878 270
878 271
878 272
878 273
879 240
879 241
879 242
879 243
879 244
879 245
879 246
879 247
879 248
879 249
879 250
879 251
879 252
879 253
879 254
879 255
879 256
879 257
879 258
879 259
879 260
879 261
879 262
879 263
879 264
879 265
879 266
879 267
880 234
880 235
880 236
880 237
880 238
880 239
880 240
880 241
880 242
880 243
880 244
880 245
880 246
880 247
880 248
880 249
880 250
880 251
880 252
880 253
880 254
880 255
880 256
880 257
880 258
880 259
880 260
880 261
881 229
881 230
881 231
881 232
881 233
881 234
881 235
881 236
881 237
881 238
881 239
881 240
881 241
881 242
881 243
881 244
881 245
881 246
881 247
881 248
881 249
881 250
881 251
881 252
881 253
881 254
881 255
881 256
882 223
882 224
882 225
882 226
882 227
882 228
882 229
882 230
882 231
882 232
882 233
882 234
882 235
882 236
882 237
882 238
882 239
882 240
882 241
882 242
882 243
882 244
882 245
882 246
882 247
882 248
882 249
882 250
883 217
883 218
883 219
883 220
883 221
883 222
883 223
883 224
883 225
883 226
883 227
883 228
883 229
883 230
883 231
883 232
883 233
883 234
883 235
883 236
883 237
883 238
883 239
883 240
883 241
883 242
883 243
883 310
883 311
883 312
883 313
883 314
883 315
883 316
883 317
883 318
883 319
883 320
883 321
884 211
884 212
884 213
884 214
884 215
884 216
884 217
884 218
884 219
884 220
884 221
884 222
884 223
884 224
884 225
884 226
884 227
884 228
884 229
884 230
884 231
884 232
884 233
884 234
884 235
884 236
884 237
884 302
884 303
884 304
884 305
884 306
884 307
884 308
884 309
884 310
884 311
884 312
884 313
884 314
884 315
884 316
884 317
885 205
885 206
885 207
885 208
885 209
885 210
885 211
885 212
885 213
885 214
885 215
885 216
885 217
885 218
885 219
885 220
885 221
885 222
885 223
885 224
885 225
885 226
885 227
885 228
885 229
885 230
885 231
885 295
885 296
885 297
885 298
885 299
885 300
885 301
885 302
885 303
885 304
885 305
885 306
885 307
885 308
885 309
885 310
885 311
885 312
885 313
886 199
886 200
886 201
886 202
886 203
886 204
886 205
886 206
886 207
886 208
886 209
886 210
886 211
886 212
886 213
886 214
886 215
886 216
886 217
886 218
886 219
886 220
886 221
886 222
886 223
886 224
886 288
886 289
886 290
886 291
886 292
886 293
886 294
886 295
886 296
886 297
886 298
886 299
886 300
886 301
886 302
886 303
886 304
886 305
886 306
886 307
886 308
886 309
887 194
887 195
887 196
887 197
887 198
887 199
887 200
887 201
887 202
887 203
887 204
887 205
887 206
887 207
887 208
887 209
887 210
887 211
887 212
887 213
887 214
887 215
887 216
887 217
887 281
887 282
887 283
887 284
887 285
887 286
887 287
887 288
887 289
887 290
887 291
887 292
887 293
887 294
887 295
887 296
887 297
887 298
887 299
887 300
887 301
887 302
887 303
887 304
888 188
888 189
888 190
888 191
888 192
888 193
888 194
888 195
888 196
888 197
888 198
888 199
888 200
888 201
888 202
888 203
888 204
888 205
888 206
888 207
888 208
888 209
888 210
888 275
888 276
888 277
888 278
888 279
888 280
888 281
888 282
888 283
888 284
888 285
888 286
888 287
888 288
888 289
888 290
888 291
888 292
888 293
888 294
888 295
888 296
888 297
888 298
888 299
889 183
889 184
889 185
889 186
889 187
889 188
889 189
889 190
889 191
889 192
889 193
889 194
889 195
889 196
889 197
889 198
889 199
889 200
889 201
889 202
889 203
889 268
889 269
889 270
889 271
889 272
889 273
889 274
889 275
889 276
889 277
889 278
889 279
889 280
889 281
889 282
889 283
889 284
889 285
889 286
889 287
889 288
889 289
889 290
889 291
889 292
889 293
890 178
890 179
890 180
890 181
890 182
890 183
890 184
890 185
890 186
890 187
890 188
890 189
890 190
890 191
890 192
890 193
890 194
890 195
890 262
890 263
890 264
890 265
890 266
890 267
890 268
890 269
890 270
890 271
890 272
890 273
890 274
890 275
890 276
890 277
890 278
890 279
890 280
890 281
890 282
890 283
890 284
890 285
890 286
890 287
890 288
891 174
891 175
891 176
891 177
891 178
891 179
891 180
891 181
891 182
891 183
891 184
891 185
891 256
891 257
891 258
891 259
891 260
891 261
891 262
891 263
891 264
891 265
891 266
891 267
891 268
891 269
891 270
891 271
891 272
891 273
891 274
891 275
891 276
891 277
891 278
891 279
891 280
891 281
891 282
892 250
892 251
892 252
892 253
892 254
892 255
892 256
892 257
892 258
892 259
892 260
892 261
892 262
892 263
892 264
892 265
892 266
892 267
892 268
892 269
892 270
892 271
892 272
892 273
892 274
892 275
892 276
892 277
893 244
893 245
893 246
893 247
893 248
893 249
893 250
893 251
893 252
893 253
893 254
893 255
893 256
893 257
893 258
893 259
893 260
893 261
893 262
893 263
893 264
893 265
893 266
893 267
893 268
893 269
893 270
893 271
894 238
894 239
894 240
894 241
894 242
894 243
894 244
894 245
894 246
894 247
894 248
894 249
894 250
894 251
894 252
894 253
894 254
894 255
894 256
894 257
894 258
894 259
894 260
894 261
894 262
894 263
894 264
894 265
895 232
895 233
895 234
895 235
895 236
895 237
895 238
895 239
895 240
895 241
895 242
895 243
895 244
895 245
895 246
895 247
895 248
895 249
895 250
895 251
895 252
895 253
895 254
895 255
895 256
895 257
895 258
895 259
896 226
896 227
896 228
896 229
896 230
896 231
896 232
896 233
896 234
896 235
896 236
896 237
896 238
896 239
896 240
896 241
896 242
896 243
896 244
896 245
896 246
896 247
896 248
896 249
896 250
896 251
896 252
896 253
897 220
897 221
897 222
897 223
897 224
897 225
897 226
897 227
897 228
897 229
897 230
897 231
897 232
897 233
897 234
897 235
897 236
897 237
897 238
897 239
897 240
897 241
897 242
897 243
897 244
897 245
897 246
897 247
897 316
897 317
897 318
897 319
897 320
897 321
898 214
898 215
898 216
898 217
898 218
898 219
898 220
898 221
898 222
898 223
898 224
898 225
898 226
898 227
898 228
898 229
898 230
898 231
898 232
898 233
898 234
898 235
898 236
898 237
898 238
898 239
898 240
898 241
898 306
898 307
898 308
898 309
898 310
898 311
898 312
898 313
898 314
898 315
898 316
898 317
898 318
898 319
899 209
899 210
899 211
899 212
899 213
899 214
899 215
899 216
899 217
899 218
899 219
899 220
899 221
899 222
899 223
899 224
899 225
899 226
899 227
899 228
899 229
899 230
899 231
899 232
899 233
899 234
899 235
899 299
899 300
899 301
899 302
899 303
899 304
899 305
899 306
899 307
899 308
899 309
899 310
899 311
899 312
899 313
899 314
899 315
899 316
900 203
900 204
900 205
900 206
900 207
900 208
900 209
900 210
900 211
900 212
900 213
900 214
900 215
900 216
900 217
900 218
900 219
900 220
900 221
900 222
900 223
900 224
900 225
900 226
900 227
900 228
900 292
900 293
900 294
900 295
900 296
900 297
900 298
900 299
900 300
900 301
900 302
900 303
900 304
900 305
900 306
900 307
900 308
900 309
900 310
900 311
901 197
901 198
901 199
901 200
901 201
901 202
901 203
901 204
901 205
901 206
901 207
901 208
901 209
901 210
901 211
901 212
901 213
901 214
901 215
901 216
901 217
901 218
901 219
901 220
901 221
901 222
901 285
901 286
901 287
901 288
901 289
901 290
901 291
901 292
901 293
901 294
901 295
901 296
901 297
901 298
901 299
901 300
901 301
901 302
901 303
901 304
901 305
901 306
901 307
902 192
902 193
902 194
902 195
902 196
902 197
902 198
902 199
902 200
902 201
902 202
902 203
902 204
902 205
902 206
902 207
902 208
902 209
902 210
902 211
902 212
902 213
902 214
902 215
902 279
902 280
902 281
902 282
902 283
902 284
902 285
902 286
902 287
902 288
902 289
902 290
902 291
902 292
902 293
902 294
902 295
902 296
902 297
902 298
902 299
902 300
902 301
902 302
903 186
903 187
903 188
903 189
903 190
903 191
903 192
903 193
903 194
903 195
903 196
903 197
903 198
903 199
903 200
903 201
903 202
903 203
903 204
903 205
903 206
903 207
903 208
903 272
903 273
903 274
903 275
903 276
903 277
903 278
903 279
903 280
903 281
903 282
903 283
903 284
903 285
903 286
903 287
903 288
903 289
903 290
903 291
903 292
903 293
903 294
903 295
903 296
904 181
904 182
904 183
904 184
904 185
904 186
904 187
904 188
904 189
904 190
904 191
904 192
904 193
904 194
904 195
904 196
904 197
904 198
904 199
904 200
904 266
904 267
904 268
904 269
904 270
904 271
904 272
904 273
904 274
904 275
904 276
904 277
904 278
904 279
904 280
904 281
904 282
904 283
904 284
904 285
904 286
904 287
904 288
904 289
904 290
904 291
905 176
905 177
905 178
905 179
905 180
905 181
905 182
905 183
905 184
905 185
905 186
905 187
905 188
905 189
905 190
905 191
905 192
905 260
905 261
905 262
905 263
905 264
905 265
905 266
905 267
905 268
905 269
905 270
905 271
905 272
905 273
905 274
905 275
905 276
905 277
905 278
905 279
905 280
905 281
905 282
905 283
905 284
905 285
905 286
906 173
906 174
906 175
906 176
906 177
906 178
906 179
906 180
906 181
906 254
906 255
906 256
906 257
906 258
906 259
906 260
906 261
906 262
906 263
906 264
906 265
906 266
906 267
906 268
906 269
906 270
906 271
906 272
906 273
906 274
906 275
906 276
906 277
906 278
906 279
906 280
907 248
907 249
907 250
907 251
907 252
907 253
907 254
907 255
907 256
907 257
907 258
907 259
907 260
907 261
907 262
907 263
907 264
907 265
907 266
907 267
907 268
907 269
907 270
907 271
907 272
907 273
907 274
908 242
908 243
908 244
908 245
908 246
908 247
908 248
908 249
908 250
908 251
908 252
908 253
908 254
908 255
908 256
908 257
908 258
908 259
908 260
908 261
908 262
908 263
908 264
908 265
908 266
908 267
908 268
908 269
909 236
909 237
909 238
909 239
909 240
909 241
909 242
909 243
909 244
909 245
909 246
909 247
909 248
909 249
909 250
909 251
909 252
909 253
909 254
909 255
909 256
909 257
909 258
909 259
909 260
909 261
909 262
909 263
910 230
910 231
910 232
910 233
910 234
910 235
910 236
910 237
910 238
910 239
910 240
910 241
910 242
910 243
910 244
910 245
910 246
910 247
910 248
910 249
910 250
910 251
910 252
910 253
910 254
910 255
910 256
910 257
911 224
911 225
911 226
911 227
911 228
911 229
911 230
911 231
911 232
911 233
911 234
911 235
911 236
911 237
911 238
911 239
911 240
911 241
911 242
911 243
911 244
911 245
911 246
911 247
911 248
911 249
911 250
911 251
912 218
912 219
912 220
912 221
912 222
912 223
912 224
912 225
912 226
912 227
912 228
912 229
912 230
912 231
912 232
912 233
912 234
912 235
912 236
912 237
912 238
912 239
912 240
912 241
912 242
912 243
912 244
912 245
912 312
912 313
912 314
912 315
912 316
912 317
912 318
912 319
912 320
913 212
913 213
913 214
913 215
913 216
913 217
913 218
913 219
913 220
913 221
913 222
913 223
913 224
913 225
913 226
913 227
913 228
913 229
913 230
913 231
913 232
913 233
913 234
913 235
913 236
913 237
913 238
913 239
913 303
913 304
913 305
913 306
913 307
913 308
913 309
913 310
913 311
913 312
913 313
913 314
913 315
913 316
913 317
913 318
914 206
914 207
914 208
914 209
914 210
914 211
914 212
914 213
914 214
914 215
914 216
914 217
914 218
914 219
914 220
914 221
914 222
914 223
914 224
914 225
914 226
914 227
914 228
914 229
914 230
914 231
914 232
914 296
914 297
914 298
914 299
914 300
914 301
914 302
914 303
914 304
914 305
914 306
914 307
914 308
914 309
914 310
914 311
914 312
914 313
914 314
915 201
915 202
915 203
915 204
915 205
915 206
915 207
915 208
915 209
915 210
915 211
915 212
915 213
915 214
915 215
915 216
915 217
915 218
915 219
915 220
915 221
915 222
915 223
915 224
915 225
915 226
915 289
915 290
915 291
915 292
915 293
915 294
915 295
915 296
915 297
915 298
915 299
915 300
915 301
915 302
915 303
915 304
915 305
915 306
915 307
915 308
915 309
916 195
916 196
916 197
916 198
916 199
916 200
916 201
916 202
916 203
916 204
916 205
916 206
916 207
916 208
916 209
916 210
916 211
916 212
916 213
916 214
916 215
916 216
916 217
916 218
916 219
916 282
916 283
916 284
916 285
916 286
916 287
916 288
916 289
916 290
916 291
916 292
916 293
916 294
916 295
916 296
916 297
916 298
916 299
916 300
916 301
916 302
916 303
916 304
917 189
917 190
917 191
917 192
917 193
917 194
917 195
917 196
917 197
917 198
917 199
917 200
917 201
917 202
917 203
917 204
917 205
917 206
917 207
917 208
917 209
917 210
917 211
917 212
917 276
917 277
917 278
917 279
917 280
917 281
917 282
917 283
917 284
917 285
917 286
917 287
917 288
917 289
917 290
917 291
917 292
917 293
917 294
917 295
917 296
917 297
917 298
917 299
918 184
918 185
918 186
918 187
918 188
918 189
918 190
918 191
918 192
918 193
918 194
918 195
918 196
918 197
918 198
918 199
918 200
918 201
918 202
918 203
918 204
918 205
918 270
918 271
918 272
918 273
918 274
918 275
918 276
918 277
918 278
918 279
918 280
918 281
918 282
918 283
918 284
918 285
918 286
918 287
918 288
918 289
918 290
918 291
918 292
918 293
918 294
919 179
919 180
919 181
919 182
919 183
919 184
919 185
919 186
919 187
919 188
919 189
919 190
919 191
919 192
919 193
919 194
919 195
919 196
919 197
919 263
919 264
919 265
919 266
919 267
919 268
919 269
919 270
919 271
919 272
919 273
919 274
919 275
919 276
919 277
919 278
919 279
919 280
919 281
919 282
919 283
919 284
919 285
919 286
919 287
919 288
919 289
920 175
920 176
920 177
920 178
920 179
920 180
920 181
920 182
920 183
920 184
920 185
920 186
920 187
920 188
920 257
920 258
920 259
920 260
920 261
920 262
920 263
920 264
920 265
920 266
920 267
920 268
920 269
920 270
920 271
920 272
920 273
920 274
920 275
920 276
920 277
920 278
920 279
920 280
920 281
920 282
920 283
921 174
921 175
921 251
921 252
921 253
921 254
921 255
921 256
921 257
921 258
921 259
921 260
921 261
921 262
921 263
921 264
921 265
921 266
921 267
921 268
921 269
921 270
921 271
921 272
921 273
921 274
921 275
921 276
921 277
921 278
922 245
922 246
922 247
922 248
922 249
922 250
922 251
922 252
922 253
922 254
922 255
922 256
922 257
922 258
922 259
922 260
922 261
922 262
922 263
922 264
922 265
922 266
922 267
922 268
922 269
922 270
922 271
922 272
923 239
923 240
923 241
923 242
923 243
923 244
923 245
923 246
923 247
923 248
923 249
923 250
923 251
923 252
923 253
923 254
923 255
923 256
923 257
923 258
923 259
923 260
923 261
923 262
923 263
923 264
923 265
923 266
924 233
924 234
924 235
924 236
924 237
924 238
924 239
924 240
924 241
924 242
924 243
924 244
924 245
924 246
924 247
924 248
924 249
924 250
924 251
924 252
924 253
924 254
924 255
924 256
924 257
924 258
924 259
924 260
925 227
925 228
925 229
925 230
925 231
925 232
925 233
925 234
925 235
925 236
925 237
925 238
925 239
925 240
925 241
925 242
925 243
925 244
925 245
925 246
925 247
925 248
925 249
925 250
925 251
925 252
925 253
925 254
925 255
926 221
926 222
926 223
926 224
926 225
926 226
926 227
926 228
926 229
926 230
926 231
926 232
926 233
926 234
926 235
926 236
926 237
926 238
926 239
926 240
926 241
926 242
926 243
926 244
926 245
926 246
926 247
926 248
926 249
927 216
927 217
927 218
927 219
927 220
927 221
927 222
927 223
927 224
927 225
927 226
927 227
927 228
927 229
927 230
927 231
927 232
927 233
927 234
927 235
927 236
927 237
927 238
927 239
927 240
927 241
927 242
927 308
927 309
927 310
927 311
927 312
927 313
927 314
927 315
927 316
927 317
927 318
927 319
928 210
928 211
928 212
928 213
928 214
928 215
928 216
928 217
928 218
928 219
928 220
928 221
928 222
928 223
928 224
928 225
928 226
928 227
928 228
928 229
928 230
928 231
928 232
928 233
928 234
928 235
928 236
928 300
928 301
928 302
928 303
928 304
928 305
928 306
928 307
928 308
928 309
928 310
928 311
928 312
928 313
928 314
928 315
928 316
929 204
929 205
929 206
929 207
929 208
929 209
929 210
929 211
929 212
929 213
929 214
929 215
929 216
929 217
929 218
929 219
929 220
929 221
929 222
929 223
929 224
929 225
929 226
929 227
929 228
929 229
929 230
929 293
929 294
929 295
929 296
929 297
929 298
929 299
929 300
929 301
929 302
929 303
929 304
929 305
929 306
929 307
929 308
929 309
929 310
929 311
929 312
930 198
930 199
930 200
930 201
930 202
930 203
930 204
930 205
930 206
930 207
930 208
930 209
930 210
930 211
930 212
930 213
930 214
930 215
930 216
930 217
930 218
930 219
930 220
930 221
930 222
930 223
930 286
930 287
930 288
930 289
930 290
930 291
930 292
930 293
930 294
930 295
930 296
930 297
930 298
930 299
930 300
930 301
930 302
930 303
930 304
930 305
930 306
930 307
931 193
931 194
931 195
931 196
931 197
931 198
931 199
931 200
931 201
931 202
931 203
931 204
931 205
931 206
931 207
931 208
931 209
931 210
931 211
931 212
931 213
931 214
931 215
931 216
931 217
931 280
931 281
931 282
931 283
931 284
931 285
931 286
931 287
931 288
931 289
931 290
931 291
931 292
931 293
931 294
931 295
931 296
931 297
931 298
931 299
931 300
931 301
931 302
932 187
932 188
932 189
932 190
932 191
932 192
932 193
932 194
932 195
932 196
932 197
932 198
932 199
932 200
932 201
932 202
932 203
932 204
932 205
932 206
932 207
932 208
932 209
932 210
932 273
932 274
932 275
932 276
932 277
932 278
932 279
932 280
932 281
932 282
932 283
932 284
932 285
932 286
932 287
932 288
932 289
932 290
932 291
932 292
932 293
932 294
932 295
932 296
932 297
933 182
933 183
933 184
933 185
933 186
933 187
933 188
933 189
933 190
933 191
933 192
933 193
933 194
933 195
933 196
933 197
933 198
933 199
933 200
933 201
933 202
933 267
933 268
933 269
933 270
933 271
933 272
933 273
933 274
933 275
933 276
933 277
933 278
933 279
933 280
933 281
933 282
933 283
933 284
933 285
933 286
933 287
933 288
933 289
933 290
933 291
933 292
934 177
934 178
934 179
934 180
934 181
934 182
934 183
934 184
934 185
934 186
934 187
934 188
934 189
934 190
934 191
934 192
934 193
934 194
934 261
934 262
934 263
934 264
934 265
934 266
934 267
934 268
934 269
934 270
934 271
934 272
934 273
934 274
934 275
934 276
934 277
934 278
934 279
934 280
934 281
934 282
934 283
934 284
934 285
934 286
934 287
935 173
935 174
935 175
935 176
935 177
935 178
935 179
935 180
935 181
935 182
935 183
935 184
935 185
935 255
935 256
935 257
935 258
935 259
935 260
935 261
935 262
935 263
935 264
935 265
935 266
935 267
935 268
935 269
935 270
935 271
935 272
935 273
935 274
935 275
935 276
935 277
935 278
935 279
935 280
935 281
936 249
936 250
936 251
936 252
936 253
936 254
936 255
936 256
936 257
936 258
936 259
936 260
936 261
936 262
936 263
936 264
936 265
936 266
936 267
936 268
936 269
936 270
936 271
936 272
936 273
936 274
936 275
936 276
937 243
937 244
937 245
937 246
937 247
937 248
937 249
937 250
937 251
937 252
937 253
937 254
937 255
937 256
937 257
937 258
937 259
937 260
937 261
937 262
937 263
937 264
937 265
937 266
937 267
937 268
937 269
937 270
938 237
938 238
938 239
938 240
938 241
938 242
938 243
938 244
938 245
938 246
938 247
938 248
938 249
938 250
938 251
938 252
938 253
938 254
938 255
938 256
938 257
938 258
938 259
938 260
938 261
938 262
938 263
938 264
939 231
939 232
939 233
939 234
939 235
939 236
939 237
939 238
939 239
939 240
939 241
939 242
939 243
939 244
939 245
939 246
939 247
939 248
939 249
939 250
939 251
939 252
939 253
939 254
939 255
939 256
939 257
939 258
940 225
940 226
940 227
940 228
940 229
940 230
940 231
940 232
940 233
940 234
940 235
940 236
940 237
940 238
940 239
940 240
940 241
940 242
940 243
940 244
940 245
940 246
940 247
940 248
940 249
940 250
940 251
940 252
941 219
941 220
941 221
941 222
941 223
941 224
941 225
941 226
941 227
941 228
941 229
941 230
941 231
941 232
941 233
941 234
941 235
941 236
941 237
941 238
941 239
941 240
941 241
941 242
941 243
941 244
941 245
941 246
941 314
941 315
941 316
941 317
941 318
941 319
942 213
942 214
942 215
942 216
942 217
942 218
942 219
942 220
942 221
942 222
942 223
942 224
942 225
942 226
942 227
942 228
942 229
942 230
942 231
942 232
942 233
942 234
942 235
942 236
942 237
942 238
942 239
942 240
942 305
942 306
942 307
942 308
942 309
942 310
942 311
942 312
942 313
942 314
942 315
942 316
942 317
942 318
943 208
943 209
943 210
943 211
943 212
943 213
943 214
943 215
943 216
943 217
943 218
943 219
943 220
943 221
943 222
943 223
943 224
943 225
943 226
943 227
943 228
943 229
943 230
943 231
943 232
943 233
943 234
943 297
943 298
943 299
943 300
943 301
943 302
943 303
943 304
943 305
943 306
943 307
943 308
943 309
943 310
943 311
943 312
943 313
943 314
944 202
944 203
944 204
944 205
944 206
944 207
944 208
944 209
944 210
944 211
944 212
944 213
944 214
944 215
944 216
944 217
944 218
944 219
944 220
944 221
944 222
944 223
944 224
944 225
944 226
944 227
944 290
944 291
944 292
944 293
944 294
944 295
944 296
944 297
944 298
944 299
944 300
944 301
944 302
944 303
944 304
944 305
944 306
944 307
944 308
944 309
944 310
945 196
945 197
945 198
945 199
945 200
945 201
945 202
945 203
945 204
945 205
945 206
945 207
945 208
945 209
945 210
945 211
945 212
945 213
945 214
945 215
945 216
945 217
945 218
945 219
945 220
945 221
945 284
945 285
945 286
945 287
945 288
945 289
945 290
945 291
945 292
945 293
945 294
945 295
945 296
945 297
945 298
945 299
945 300
945 301
945 302
945 303
945 304
945 305
946 191
946 192
946 193
946 194
946 195
946 196
946 197
946 198
946 199
946 200
946 201
946 202
946 203
946 204
946 205
946 206
946 207
946 208
946 209
946 210
946 211
946 212
946 213
946 214
946 277
946 278
946 279
946 280
946 281
946 282
946 283
946 284
946 285
946 286
946 287
946 288
946 289
946 290
946 291
946 292
946 293
946 294
946 295
946 296
946 297
946 298
946 299
946 300
947 185
947 186
947 187
947 188
947 189
947 190
947 191
947 192
947 193
947 194
947 195
947 196
947 197
947 198
947 199
947 200
947 201
947 202
947 203
947 204
947 205
947 206
947 207
947 271
947 272
947 273
947 274
947 275
947 276
947 277
947 278
947 279
947 280
947 281
947 282
947 283
947 284
947 285
947 286
947 287
947 288
947 289
947 290
947 291
947 292
947 293
947 294
947 295
948 180
948 181
948 182
948 183
948 184
948 185
948 186
948 187
948 188
948 189
948 190
948 191
948 192
948 193
948 194
948 195
948 196
948 197
948 198
948 199
948 200
948 265
948 266
948 267
948 268
948 269
948 270
948 271
948 272
948 273
948 274
948 275
948 276
948 277
948 278
948 279
948 280
948 281
948 282
948 283
948 284
948 285
948 286
948 287
948 288
948 289
948 290
949 176
949 177
949 178
949 179
949 180
949 181
949 182
949 183
949 184
949 185
949 186
949 187
949 188
949 189
949 190
949 191
949 259
949 260
949 261
949 262
949 263
949 264
949 265
949 266
949 267
949 268
949 269
949 270
949 271
949 272
949 273
949 274
949 275
949 276
949 277
949 278
949 279
949 280
949 281
949 282
949 283
949 284
950 173
950 174
950 175
950 176
950 177
950 178
950 179
950 180
950 181
950 252
950 253
950 254
950 255
950 256
950 257
950 258
950 259
950 260
950 261
950 262
950 263
950 264
950 265
950 266
950 267
950 268
950 269
950 270
950 271
950 272
950 273
950 274
950 275
950 276
950 277
950 278
950 279
951 246
951 247
951 248
951 249
951 250
951 251
951 252
951 253
951 254
951 255
951 256
951 257
951 258
951 259
951 260
951 261
951 262
951 263
951 264
951 265
951 266
951 267
951 268
951 269
951 270
951 271
951 272
951 273
952 240
952 241
952 242
952 243
952 244
952 245
952 246
952 247
952 248
952 249
952 250
952 251
952 252
952 253
952 254
952 255
952 256
952 257
952 258
952 259
952 260
952 261
952 262
952 263
952 264
952 265
952 266
952 267
952 268
953 234
953 235
953 236
953 237
953 238
953 239
953 240
953 241
953 242
953 243
953 244
953 245
953 246
953 247
953 248
953 249
953 250
953 251
953 252
953 253
953 254
953 255
953 256
953 257
953 258
953 259
953 260
953 261
953 262
954 229
954 230
954 231
954 232
954 233
954 234
954 235
954 236
954 237
954 238
954 239
954 240
954 241
954 242
954 243
954 244
954 245
954 246
954 247
954 248
954 249
954 250
954 251
954 252
954 253
954 254
954 255
954 256
955 223
955 224
955 225
955 226
955 227
955 228
955 229
955 230
955 231
955 232
955 233
955 234
955 235
955 236
955 237
955 238
955 239
955 240
955 241
955 242
955 243
955 244
955 245
955 246
955 247
955 248
955 249
955 250
956 217
956 218
956 219
956 220
956 221
956 222
956 223
956 224
956 225
956 226
956 227
956 228
956 229
956 230
956 231
956 232
956 233
956 234
956 235
956 236
956 237
956 238
956 239
956 240
956 241
956 242
956 243
956 244
956 310
956 311
956 312
956 313
956 314
956 315
956 316
956 317
956 318
956 319
957 211
957 212
957 213
957 214
957 215
957 216
957 217
957 218
957 219
957 220
957 221
957 222
957 223
957 224
957 225
957 226
957 227
957 228
957 229
957 230
957 231
957 232
957 233
957 234
957 235
957 236
957 237
957 238
957 302
957 303
957 304
957 305
957 306
957 307
957 308
957 309
957 310
957 311
957 312
957 313
957 314
957 315
957 316
958 205
958 206
958 207
958 208
958 209
958 210
958 211
958 212
958 213
958 214
958 215
958 216
958 217
958 218
958 219
958 220
958 221
958 222
958 223
958 224
958 225
958 226
958 227
958 228
958 229
958 230
958 231
958 295
958 296
958 297
958 298
958 299
958 300
958 301
958 302
958 303
958 304
958 305
958 306
958 307
958 308
958 309
958 310
958 311
958 312
959 200
959 201
959 202
959 203
959 204
959 205
959 206
959 207
959 208
959 209
959 210
959 211
959 212
959 213
959 214
959 215
959 216
959 217
959 218
959 219
959 220
959 221
959 222
959 223
959 224
959 225
959 288
959 289
959 290
959 291
959 292
959 293
959 294
959 295
959 296
959 297
959 298
959 299
959 300
959 301
959 302
959 303
959 304
959 305
959 306
959 307
959 308
960 194
960 195
960 196
960 197
960 198
960 199
960 200
960 201
960 202
960 203
960 204
960 205
960 206
960 207
960 208
960 209
960 210
960 211
960 212
960 213
960 214
960 215
960 216
960 217
960 218
960 281
960 282
960 283
960 284
960 285
960 286
960 287
960 288
960 289
960 290
960 291
960 292
960 293
960 294
960 295
960 296
960 297
960 298
960 299
960 300
960 301
960 302
960 303
961 189
961 190
961 191
961 192
961 193
961 194
961 195
961 196
961 197
961 198
961 199
961 200
961 201
961 202
961 203
961 204
961 205
961 206
961 207
961 208
961 209
961 210
961 211
961 212
961 275
961 276
961 277
961 278
961 279
961 280
961 281
961 282
961 283
961 284
961 285
961 286
961 287
961 288
961 289
961 290
961 291
961 292
961 293
961 294
961 295
961 296
961 297
961 298
962 183
962 184
962 185
962 186
962 187
962 188
962 189
962 190
962 191
962 192
962 193
962 194
962 195
962 196
962 197
962 198
962 199
962 200
962 201
962 202
962 203
962 204
962 268
962 269
962 270
962 271
962 272
962 273
962 274
962 275
962 276
962 277
962 278
962 279
962 280
962 281
962 282
962 283
962 284
962 285
962 286
962 287
962 288
962 289
962 290
962 291
962 292
962 293
963 178
963 179
963 180
963 181
963 182
963 183
963 184
963 185
963 186
963 187
963 188
963 189
963 190
963 191
963 192
963 193
963 194
963 195
963 196
963 197
963 262
963 263
963 264
963 265
963 266
963 267
963 268
963 269
963 270
963 271
963 272
963 273
963 274
963 275
963 276
963 277
963 278
963 279
963 280
963 281
963 282
963 283
963 284
963 285
963 286
963 287
963 288
964 174
964 175
964 176
964 177
964 178
964 179
964 180
964 181
964 182
964 183
964 184
964 185
964 186
964 187
964 188
964 256
964 257
964 258
964 259
964 260
964 261
964 262
964 263
964 264
964 265
964 266
964 267
964 268
964 269
964 270
964 271
964 272
964 273
964 274
964 275
964 276
964 277
964 278
964 279
964 280
964 281
964 282
965 250
965 251
965 252
965 253
965 254
965 255
965 256
965 257
965 258
965 259
965 260
965 261
965 262
965 263
965 264
965 265
965 266
965 267
965 268
965 269
965 270
965 271
965 272
965 273
965 274
965 275
965 276
965 277
966 244
966 245
966 246
966 247
966 248
966 249
966 250
966 251
966 252
966 253
966 254
966 255
966 256
966 257
966 258
966 259
966 260
966 261
966 262
966 263
966 264
966 265
966 266
966 267
966 268
966 269
966 270
966 271
967 238
967 239
967 240
967 241
967 242
967 243
967 244
967 245
967 246
967 247
967 248
967 249
967 250
967 251
967 252
967 253
967 254
967 255
967 256
967 257
967 258
967 259
967 260
967 261
967 262
967 263
967 264
967 265
968 232
968 233
968 234
968 235
968 236
968 237
968 238
968 239
968 240
968 241
968 242
968 243
968 244
968 245
968 246
968 247
968 248
968 249
968 250
968 251
968 252
968 253
968 254
968 255
968 256
968 257
968 258
968 259
969 226
969 227
969 228
969 229
969 230
969 231
969 232
969 233
969 234
969 235
969 236
969 237
969 238
969 239
969 240
969 241
969 242
969 243
969 244
969 245
969 246
969 247
969 248
969 249
969 250
969 251
969 252
969 253
970 220
970 221
970 222
970 223
970 224
970 225
970 226
970 227
970 228
970 229
970 230
970 231
970 232
970 233
970 234
970 235
970 236
970 237
970 238
970 239
970 240
970 241
970 242
970 243
970 244
970 245
970 246
970 247
971 215
971 216
971 217
971 218
971 219
971 220
971 221
971 222
971 223
971 224
971 225
971 226
971 227
971 228
971 229
971 230
971 231
971 232
971 233
971 234
971 235
971 236
971 237
971 238
971 239
971 240
971 241
971 307
971 308
971 309
971 310
971 311
971 312
971 313
971 314
971 315
971 316
971 317
971 318
972 209
972 210
972 211
972 212
972 213
972 214
972 215
972 216
972 217
972 218
972 219
972 220
972 221
972 222
972 223
972 224
972 225
972 226
972 227
972 228
972 229
972 230
972 231
972 232
972 233
972 234
972 235
972 299
972 300
972 301
972 302
972 303
972 304
972 305
972 306
972 307
972 308
972 309
972 310
972 311
972 312
972 313
972 314
973 203
973 204
973 205
973 206
973 207
973 208
973 209
973 210
973 211
973 212
973 213
973 214
973 215
973 216
973 217
973 218
973 219
973 220
973 221
973 222
973 223
973 224
973 225
973 226
973 227
973 228
973 229
973 292
973 293
973 294
973 295
973 296
973 297
973 298
973 299
973 300
973 301
973 302
973 303
973 304
973 305
973 306
973 307
973 308
973 309
973 310
974 198
974 199
974 200
974 201
974 202
974 203
974 204
974 205
974 206
974 207
974 208
974 209
974 210
974 211
974 212
974 213
974 214
974 215
974 216
974 217
974 218
974 219
974 220
974 221
974 222
974 285
974 286
974 287
974 288
974 289
974 290
974 291
974 292
974 293
974 294
974 295
974 296
974 297
974 298
974 299
974 300
974 301
974 302
974 303
974 304
974 305
974 306
975 192
975 193
975 194
975 195
975 196
975 197
975 198
975 199
975 200
975 201
975 202
975 203
975 204
975 205
975 206
975 207
975 208
975 209
975 210
975 211
975 212
975 213
975 214
975 215
975 216
975 279
975 280
975 281
975 282
975 283
975 284
975 285
975 286
975 287
975 288
975 289
975 290
975 291
975 292
975 293
975 294
975 295
975 296
975 297
975 298
975 299
975 300
975 301
976 187
976 188
976 189
976 190
976 191
976 192
976 193
976 194
976 195
976 196
976 197
976 198
976 199
976 200
976 201
976 202
976 203
976 204
976 205
976 206
976 207
976 208
976 209
976 272
976 273
976 274
976 275
976 276
976 277
976 278
976 279
976 280
976 281
976 282
976 283
976 284
976 285
976 286
976 287
976 288
976 289
976 290
976 291
976 292
976 293
976 294
976 295
976 296
977 181
977 182
977 183
977 184
977 185
977 186
977 187
977 188
977 189
977 190
977 191
977 192
977 193
977 194
977 195
977 196
977 197
977 198
977 199
977 200
977 201
977 202
977 266
977 267
977 268
977 269
977 270
977 271
977 272
977 273
977 274
977 275
977 276
977 277
977 278
977 279
977 280
977 281
977 282
977 283
977 284
977 285
977 286
977 287
977 288
977 289
977 290
977 291
978 177
978 178
978 179
978 180
978 181
978 182
978 183
978 184
978 185
978 186
978 187
978 188
978 189
978 190
978 191
978 192
978 193
978 194
978 260
978 261
978 262
978 263
978 264
978 265
978 266
978 267
978 268
978 269
978 270
978 271
978 272
978 273
978 274
978 275
978 276
978 277
978 278
978 279
978 280
978 281
978 282
978 283
978 284
978 285
979 173
979 174
979 175
979 176
979 177
979 178
979 179
979 180
979 181
979 182
979 183
979 184
979 254
979 255
979 256
979 257
979 258
979 259
979 260
979 261
979 262
979 263
979 264
979 265
979 266
979 267
979 268
979 269
979 270
979 271
979 272
979 273
979 274
979 275
979 276
979 277
979 278
979 279
979 280
980 248
980 249
980 250
980 251
980 252
980 253
980 254
980 255
980 256
980 257
980 258
980 259
980 260
980 261
980 262
980 263
980 264
980 265
980 266
980 267
980 268
980 269
980 270
980 271
980 272
980 273
980 274
981 242
981 243
981 244
981 245
981 246
981 247
981 248
981 249
981 250
981 251
981 252
981 253
981 254
981 255
981 256
981 257
981 258
981 259
981 260
981 261
981 262
981 263
981 264
981 265
981 266
981 267
981 268
981 269
982 236
982 237
982 238
982 239
982 240
982 241
982 242
982 243
982 244
982 245
982 246
982 247
982 248
982 249
982 250
982 251
982 252
982 253
982 254
982 255
982 256
982 257
982 258
982 259
982 260
982 261
982 262
982 263
983 230
983 231
983 232
983 233
983 234
983 235
983 236
983 237
983 238
983 239
983 240
983 241
983 242
983 243
983 244
983 245
983 246
983 247
983 248
983 249
983 250
983 251
983 252
983 253
983 254
983 255
983 256
983 257
984 224
984 225
984 226
984 227
984 228
984 229
984 230
984 231
984 232
984 233
984 234
984 235
984 236
984 237
984 238
984 239
984 240
984 241
984 242
984 243
984 244
984 245
984 246
984 247
984 248
984 249
984 250
984 251
985 218
985 219
985 220
985 221
985 222
985 223
985 224
985 225
985 226
985 227
985 228
985 229
985 230
985 231
985 232
985 233
985 234
985 235
985 236
985 237
985 238
985 239
985 240
985 241
985 242
985 243
985 244
985 245
985 313
985 314
985 315
985 316
985 317
986 212
986 213
986 214
986 215
986 216
986 217
986 218
986 219
986 220
986 221
986 222
986 223
986 224
986 225
986 226
986 227
986 228
986 229
986 230
986 231
986 232
986 233
986 234
986 235
986 236
986 237
986 238
986 239
986 304
986 305
986 306
986 307
986 308
986 309
986 310
986 311
986 312
986 313
986 314
986 315
986 316
987 207
987 208
987 209
987 210
987 211
987 212
987 213
987 214
987 215
987 216
987 217
987 218
987 219
987 220
987 221
987 222
987 223
987 224
987 225
987 226
987 227
987 228
987 229
987 230
987 231
987 232
987 233
987 296
987 297
987 298
987 299
987 300
987 301
987 302
987 303
987 304
987 305
987 306
987 307
987 308
987 309
987 310
987 311
987 312
987 313
988 201
988 202
988 203
988 204
988 205
988 206
988 207
988 208
988 209
988 210
988 211
988 212
988 213
988 214
988 215
988 216
988 217
988 218
988 219
988 220
988 221
988 222
988 223
988 224
988 225
988 226
988 289
988 290
988 291
988 292
988 293
988 294
988 295
988 296
988 297
988 298
988 299
988 300
988 301
988 302
988 303
988 304
988 305
988 306
988 307
988 308
989 195
989 196
989 197
989 198
989 199
989 200
989 201
989 202
989 203
989 204
989 205
989 206
989 207
989 208
989 209
989 210
989 211
989 212
989 213
989 214
989 215
989 216
989 217
989 218
989 219
989 220
989 282
989 283
989 284
989 285
989 286
989 287
989 288
989 289
989 290
989 291
989 292
989 293
989 294
989 295
989 296
989 297
989 298
989 299
989 300
989 301
989 302
989 303
989 304
990 190
990 191
990 192
990 193
990 194
990 195
990 196
990 197
990 198
990 199
990 200
990 201
990 202
990 203
990 204
990 205
990 206
990 207
990 208
990 209
990 210
990 211
990 212
990 213
990 276
990 277
990 278
990 279
990 280
990 281
990 282
990 283
990 284
990 285
990 286
990 287
990 288
990 289
990 290
990 291
990 292
990 293
990 294
990 295
990 296
990 297
990 298
990 299
991 185
991 186
991 187
991 188
991 189
991 190
991 191
991 192
991 193
991 194
991 195
991 196
991 197
991 198
991 199
991 200
991 201
991 202
991 203
991 204
991 205
991 206
991 270
991 271
991 272
991 273
991 274
991 275
991 276
991 277
991 278
991 279
991 280
991 281
991 282
991 283
991 284
991 285
991 286
991 287
991 288
991 289
991 290
991 291
991 292
991 293
991 294
992 180
992 181
992 182
992 183
992 184
992 185
992 186
992 187
992 188
992 189
992 190
992 191
992 192
992 193
992 194
992 195
992 196
992 197
992 198
992 199
992 263
992 264
992 265
992 266
992 267
992 268
992 269
992 270
992 271
992 272
992 273
992 274
992 275
992 276
992 277
992 278
992 279
992 280
992 281
992 282
992 283
992 284
992 285
992 286
992 287
992 288
992 289
993 175
993 176
993 177
993 178
993 179
993 180
993 181
993 182
993 183
993 184
993 185
993 186
993 187
993 188
993 189
993 190
993 257
993 258
993 259
993 260
993 261
993 262
993 263
993 264
993 265
993 266
993 267
993 268
993 269
993 270
993 271
993 272
993 273
993 274
993 275
993 276
993 277
993 278
993 279
993 280
993 281
993 282
993 283
994 173
994 174
994 175
994 176
994 177
994 178
994 179
994 180
994 251
994 252
994 253
994 254
994 255
994 256
994 257
994 258
994 259
994 260
994 261
994 262
994 263
994 264
994 265
994 266
994 267
994 268
994 269
994 270
994 271
994 272
994 273
994 274
994 275
994 276
994 277
994 278
995 245
995 246
995 247
995 248
995 249
995 250
995 251
995 252
995 253
995 254
995 255
995 256
995 257
995 258
995 259
995 260
995 261
995 262
995 263
995 264
995 265
995 266
995 267
995 268
995 269
995 270
995 271
995 272
996 239
996 240
996 241
996 242
996 243
996 244
996 245
996 246
996 247
996 248
996 249
996 250
996 251
996 252
996 253
996 254
996 255
996 256
996 257
996 258
996 259
996 260
996 261
996 262
996 263
996 264
996 265
996 266
997 233
997 234
997 235
997 236
997 237
997 238
997 239
997 240
997 241
997 242
997 243
997 244
997 245
997 246
997 247
997 248
997 249
997 250
997 251
997 252
997 253
997 254
997 255
997 256
997 257
997 258
997 259
997 260
997 261
998 228
998 229
998 230
998 231
998 232
998 233
998 234
998 235
998 236
998 237
998 238
998 239
998 240
998 241
998 242
998 243
998 244
998 245
998 246
998 247
998 248
998 249
998 250
998 251
998 252
998 253
998 254
998 255
999 222
999 223
999 224
999 225
999 226
999 227
999 228
999 229
999 230
999 231
999 232
999 233
999 234
999 235
999 236
999 237
999 238
999 239
999 240
999 241
999 242
999 243
999 244
999 245
999 246
999 247
999 248
999 249
1000 216
1000 217
1000 218
1000 219
1000 220
1000 221
1000 222
1000 223
1000 224
1000 225
1000 226
1000 227
1000 228
1000 229
1000 230
1000 231
1000 232
1000 233
1000 234
1000 235
1000 236
1000 237
1000 238
1000 239
1000 240
1000 241
1000 242
1000 243
1000 309
1000 310
1000 311
1000 312
1000 313
1000 314
1000 315
1000 316
1000 317
1001 210
1001 211
1001 212
1001 213
1001 214
1001 215
1001 216
1001 217
1001 218
1001 219
1001 220
1001 221
1001 222
1001 223
1001 224
1001 225
1001 226
1001 227
1001 228
1001 229
1001 230
1001 231
1001 232
1001 233
1001 234
1001 235
1001 236
1001 237
1001 301
1001 302
1001 303
1001 304
1001 305
1001 306
1001 307
1001 308
1001 309
1001 310
1001 311
1001 312
1001 313
1001 314
1001 315
1002 204
1002 205
1002 206
1002 207
1002 208
1002 209
1002 210
1002 211
1002 212
1002 213
1002 214
1002 215
1002 216
1002 217
1002 218
1002 219
1002 220
1002 221
1002 222
1002 223
1002 224
1002 225
1002 226
1002 227
1002 228
1002 229
1002 230
1002 293
1002 294
1002 295
1002 296
1002 297
1002 298
1002 299
1002 300
1002 301
1002 302
1002 303
1002 304
1002 305
1002 306
1002 307
1002 308
1002 309
1002 310
1002 311
1003 199
1003 200
1003 201
1003 202
1003 203
1003 204
1003 205
1003 206
1003 207
1003 208
1003 209
1003 210
1003 211
1003 212
1003 213
1003 214
1003 215
1003 216
1003 217
1003 218
1003 219
1003 220
1003 221
1003 222
1003 223
1003 224
1003 286
1003 287
1003 288
1003 289
1003 290
1003 291
1003 292
1003 293
1003 294
1003 295
1003 296
1003 297
1003 298
1003 299
1003 300
1003 301
1003 302
1003 303
1003 304
1003 305
1003 306
1004 193
1004 194
1004 195
1004 196
1004 197
1004 198
1004 199
1004 200
1004 201
1004 202
1004 203
1004 204
1004 205
1004 206
1004 207
1004 208
1004 209
1004 210
1004 211
1004 212
1004 213
1004 214
1004 215
1004 216
1004 217
1004 280
1004 281
1004 282
1004 283
1004 284
1004 285
1004 286
1004 287
1004 288
1004 289
1004 290
1004 291
1004 292
1004 293
1004 294
1004 295
1004 296
1004 297
1004 298
1004 299
1004 300
1004 301
1004 302
1005 188
1005 189
1005 190
1005 191
1005 192
1005 193
1005 194
1005 195
1005 196
1005 197
1005 198
1005 199
1005 200
1005 201
1005 202
1005 203
1005 204
1005 205
1005 206
1005 207
1005 208
1005 209
1005 210
1005 211
1005 273
1005 274
1005 275
1005 276
1005 277
1005 278
1005 279
1005 280
1005 281
1005 282
1005 283
1005 284
1005 285
1005 286
1005 287
1005 288
1005 289
1005 290
1005 291
1005 292
1005 293
1005 294
1005 295
1005 296
1005 297
1006 183
1006 184
1006 185
1006 186
1006 187
1006 188
1006 189
1006 190
1006 191
1006 192
1006 193
1006 194
1006 195
1006 196
1006 197
1006 198
1006 199
1006 200
1006 201
1006 202
1006 203
1006 267
1006 268
1006 269
1006 270
1006 271
1006 272
1006 273
1006 274
1006 275
1006 276
1006 277
1006 278
1006 279
1006 280
1006 281
1006 282
1006 283
1006 284
1006 285
1006 286
1006 287
1006 288
1006 289
1006 290
1006 291
1006 292
1007 178
1007 179
1007 180
1007 181
1007 182
1007 183
1007 184
1007 185
1007 186
1007 187
1007 188
1007 189
1007 190
1007 191
1007 192
1007 193
1007 194
1007 195
1007 196
1007 261
1007 262
1007 263
1007 264
1007 265
1007 266
1007 267
1007 268
1007 269
1007 270
1007 271
1007 272
1007 273
1007 274
1007 275
1007 276
1007 277
1007 278
1007 279
1007 280
1007 281
1007 282
1007 283
1007 284
1007 285
1007 286
1008 174
1008 175
1008 176
1008 177
1008 178
1008 179
1008 180
1008 181
1008 182
1008 183
1008 184
1008 185
1008 186
1008 187
1008 255
1008 256
1008 257
1008 258
1008 259
1008 260
1008 261
1008 262
1008 263
1008 264
1008 265
1008 266
1008 267
1008 268
1008 269
1008 270
1008 271
1008 272
1008 273
1008 274
1008 275
1008 276
1008 277
1008 278
1008 279
1008 280
1008 281
1009 249
1009 250
1009 251
1009 252
1009 253
1009 254
1009 255
1009 256
1009 257
1009 258
1009 259
1009 260
1009 261
1009 262
1009 263
1009 264
1009 265
1009 266
1009 267
1009 268
1009 269
1009 270
1009 271
1009 272
1009 273
1009 274
1009 275
1010 243
1010 244
1010 245
1010 246
1010 247
1010 248
1010 249
1010 250
1010 251
1010 252
1010 253
1010 254
1010 255
1010 256
1010 257
1010 258
1010 259
1010 260
1010 261
1010 262
1010 263
1010 264
1010 265
1010 266
1010 267
1010 268
1010 269
1010 270
1011 237
1011 238
1011 239
1011 240
1011 241
1011 242
1011 243
1011 244
1011 245
1011 246
1011 247
1011 248
1011 249
1011 250
1011 251
1011 252
1011 253
1011 254
1011 255
1011 256
1011 257
1011 258
1011 259
1011 260
1011 261
1011 262
1011 263
1011 264
1012 231
1012 232
1012 233
1012 234
1012 235
1012 236
1012 237
1012 238
1012 239
1012 240
1012 241
1012 242
1012 243
1012 244
1012 245
1012 246
1012 247
1012 248
1012 249
1012 250
1012 251
1012 252
1012 253
1012 254
1012 255
1012 256
1012 257
1012 258
1013 225
1013 226
1013 227
1013 228
1013 229
1013 230
1013 231
1013 232
1013 233
1013 234
1013 235
1013 236
1013 237
1013 238
1013 239
1013 240
1013 241
1013 242
1013 243
1013 244
1013 245
1013 246
1013 247
1013 248
1013 249
1013 250
1013 251
1013 252
1014 219
1014 220
1014 221
1014 222
1014 223
1014 224
1014 225
1014 226
1014 227
1014 228
1014 229
1014 230
1014 231
1014 232
1014 233
1014 234
1014 235
1014 236
1014 237
1014 238
1014 239
1014 240
1014 241
1014 242
1014 243
1014 244
1014 245
1014 246
1015 214
1015 215
1015 216
1015 217
1015 218
1015 219
1015 220
1015 221
1015 222
1015 223
1015 224
1015 225
1015 226
1015 227
1015 228
1015 229
1015 230
1015 231
1015 232
1015 233
1015 234
1015 235
1015 236
1015 237
1015 238
1015 239
1015 240
1015 306
1015 307
1015 308
1015 309
1015 310
1015 311
1015 312
1015 313
1015 314
1015 315
1015 316
1016 208
1016 209
1016 210
1016 211
1016 212
1016 213
1016 214
1016 215
1016 216
1016 217
1016 218
1016 219
1016 220
1016 221
1016 222
1016 223
1016 224
1016 225
1016 226
1016 227
1016 228
1016 229
1016 230
1016 231
1016 232
1016 233
1016 234
1016 298
1016 299
1016 300
1016 301
1016 302
1016 303
1016 304
1016 305
1016 306
1016 307
1016 308
1016 309
1016 310
1016 311
1016 312
1016 313
1017 202
1017 203
1017 204
1017 205
1017 206
1017 207
1017 208
1017 209
1017 210
1017 211
1017 212
1017 213
1017 214
1017 215
1017 216
1017 217
1017 218
1017 219
1017 220
1017 221
1017 222
1017 223
1017 224
1017 225
1017 226
1017 227
1017 228
1017 291
1017 292
1017 293
1017 294
1017 295
1017 296
1017 297
1017 298
1017 299
1017 300
1017 301
1017 302
1017 303
1017 304
1017 305
1017 306
1017 307
1017 308
1017 309
1018 197
1018 198
1018 199
1018 200
1018 201
1018 202
1018 203
1018 204
1018 205
1018 206
1018 207
1018 208
1018 209
1018 210
1018 211
1018 212
1018 213
1018 214
1018 215
1018 216
1018 217
1018 218
1018 219
1018 220
1018 221
1018 284
1018 285
1018 286
1018 287
1018 288
1018 289
1018 290
1018 291
1018 292
1018 293
1018 294
1018 295
1018 296
1018 297
1018 298
1018 299
1018 300
1018 301
1018 302
1018 303
1018 304
1019 191
1019 192
1019 193
1019 194
1019 195
1019 196
1019 197
1019 198
1019 199
1019 200
1019 201
1019 202
1019 203
1019 204
1019 205
1019 206
1019 207
1019 208
1019 209
1019 210
1019 211
1019 212
1019 213
1019 214
1019 215
1019 277
1019 278
1019 279
1019 280
1019 281
1019 282
1019 283
1019 284
1019 285
1019 286
1019 287
1019 288
1019 289
1019 290
1019 291
1019 292
1019 293
1019 294
1019 295
1019 296
1019 297
1019 298
1019 299
1019 300
1020 186
1020 187
1020 188
1020 189
1020 190
1020 191
1020 192
1020 193
1020 194
1020 195
1020 196
1020 197
1020 198
1020 199
1020 200
1020 201
1020 202
1020 203
1020 204
1020 205
1020 206
1020 207
1020 208
1020 271
1020 272
1020 273
1020 274
1020 275
1020 276
1020 277
1020 278
1020 279
1020 280
1020 281
1020 282
1020 283
1020 284
1020 285
1020 286
1020 287
1020 288
1020 289
1020 290
1020 291
1020 292
1020 293
1020 294
1020 295
1021 181
1021 182
1021 183
1021 184
1021 185
1021 186
1021 187
1021 188
1021 189
1021 190
1021 191
1021 192
1021 193
1021 194
1021 195
1021 196
1021 197
1021 198
1021 199
1021 200
1021 201
1021 265
1021 266
1021 267
1021 268
1021 269
1021 270
1021 271
1021 272
1021 273
1021 274
1021 275
1021 276
1021 277
1021 278
1021 279
1021 280
1021 281
1021 282
1021 283
1021 284
1021 285
1021 286
1021 287
1021 288
1021 289
1022 177
1022 178
1022 179
1022 180
1022 181
1022 182
1022 183
1022 184
1022 185
1022 186
1022 187
1022 188
1022 189
1022 190
1022 191
1022 192
1022 193
1022 259
1022 260
1022 261
1022 262
1022 263
1022 264
1022 265
1022 266
1022 267
1022 268
1022 269
1022 270
1022 271
1022 272
1022 273
1022 274
1022 275
1022 276
1022 277
1022 278
1022 279
1022 280
1022 281
1022 282
1022 283
1022 284
1023 174
1023 175
1023 176
1023 177
1023 178
1023 179
1023 180
1023 181
1023 182
1023 183
1023 253
1023 254
1023 255
1023 256
1023 257
1023 258
1023 259
1023 260
1023 261
1023 262
1023 263
1023 264
1023 265
1023 266
1023 267
1023 268
1023 269
1023 270
1023 271
1023 272
1023 273
1023 274
1023 275
1023 276
1023 277
1023 278
1023 279
1024 247
1024 248
1024 249
1024 250
1024 251
1024 252
1024 253
1024 254
1024 255
1024 256
1024 257
1024 258
1024 259
1024 260
1024 261
1024 262
1024 263
1024 264
1024 265
1024 266
1024 267
1024 268
1024 269
1024 270
1024 271
1024 272
1024 273
1025 241
1025 242
1025 243
1025 244
1025 245
1025 246
1025 247
1025 248
1025 249
1025 250
1025 251
1025 252
1025 253
1025 254
1025 255
1025 256
1025 257
1025 258
1025 259
1025 260
1025 261
1025 262
1025 263
1025 264
1025 265
1025 266
1025 267
1026 235
1026 236
1026 237
1026 238
1026 239
1026 240
1026 241
1026 242
1026 243
1026 244
1026 245
1026 246
1026 247
1026 248
1026 249
1026 250
1026 251
1026 252
1026 253
1026 254
1026 255
1026 256
1026 257
1026 258
1026 259
1026 260
1026 261
1026 262
1027 229
1027 230
1027 231
1027 232
1027 233
1027 234
1027 235
1027 236
1027 237
1027 238
1027 239
1027 240
1027 241
1027 242
1027 243
1027 244
1027 245
1027 246
1027 247
1027 248
1027 249
1027 250
1027 251
1027 252
1027 253
1027 254
1027 255
1027 256
1028 223
1028 224
1028 225
1028 226
1028 227
1028 228
1028 229
1028 230
1028 231
1028 232
1028 233
1028 234
1028 235
1028 236
1028 237
1028 238
1028 239
1028 240
1028 241
1028 242
1028 243
1028 244
1028 245
1028 246
1028 247
1028 248
1028 249
1028 250
1029 217
1029 218
1029 219
1029 220
1029 221
1029 222
1029 223
1029 224
1029 225
1029 226
1029 227
1029 228
1029 229
1029 230
1029 231
1029 232
1029 233
1029 234
1029 235
1029 236
1029 237
1029 238
1029 239
1029 240
1029 241
1029 242
1029 243
1029 244
1029 313
1029 314
1029 315
1030 211
1030 212
1030 213
1030 214
1030 215
1030 216
1030 217
1030 218
1030 219
1030 220
1030 221
1030 222
1030 223
1030 224
1030 225
1030 226
1030 227
1030 228
1030 229
1030 230
1030 231
1030 232
1030 233
1030 234
1030 235
1030 236
1030 237
1030 238
1030 302
1030 303
1030 304
1030 305
1030 306
1030 307
1030 308
1030 309
1030 310
1030 311
1030 312
1030 313
1030 314
1031 206
1031 207
1031 208
1031 209
1031 210
1031 211
1031 212
1031 213
1031 214
1031 215
1031 216
1031 217
1031 218
1031 219
1031 220
1031 221
1031 222
1031 223
1031 224
1031 225
1031 226
1031 227
1031 228
1031 229
1031 230
1031 231
1031 232
1031 295
1031 296
1031 297
1031 298
1031 299
1031 300
1031 301
1031 302
1031 303
1031 304
1031 305
1031 306
1031 307
1031 308
1031 309
1031 310
1031 311
1032 200
1032 201
1032 202
1032 203
1032 204
1032 205
1032 206
1032 207
1032 208
1032 209
1032 210
1032 211
1032 212
1032 213
1032 214
1032 215
1032 216
1032 217
1032 218
1032 219
1032 220
1032 221
1032 222
1032 223
1032 224
1032 225
1032 288
1032 289
1032 290
1032 291
1032 292
1032 293
1032 294
1032 295
1032 296
1032 297
1032 298
1032 299
1032 300
1032 301
1032 302
1032 303
1032 304
1032 305
1032 306
1032 307
1033 195
1033 196
1033 197
1033 198
1033 199
1033 200
1033 201
1033 202
1033 203
1033 204
1033 205
1033 206
1033 207
1033 208
1033 209
1033 210
1033 211
1033 212
1033 213
1033 214
1033 215
1033 216
1033 217
1033 218
1033 219
1033 281
1033 282
1033 283
1033 284
1033 285
1033 286
1033 287
1033 288
1033 289
1033 290
1033 291
1033 292
1033 293
1033 294
1033 295
1033 296
1033 297
1033 298
1033 299
1033 300
1033 301
1033 302
1034 189
1034 190
1034 191
1034 192
1034 193
1034 194
1034 195
1034 196
1034 197
1034 198
1034 199
1034 200
1034 201
1034 202
1034 203
1034 204
1034 205
1034 206
1034 207
1034 208
1034 209
1034 210
1034 211
1034 212
1034 275
1034 276
1034 277
1034 278
1034 279
1034 280
1034 281
1034 282
1034 283
1034 284
1034 285
1034 286
1034 287
1034 288
1034 289
1034 290
1034 291
1034 292
1034 293
1034 294
1034 295
1034 296
1034 297
1035 184
1035 185
1035 186
1035 187
1035 188
1035 189
1035 190
1035 191
1035 192
1035 193
1035 194
1035 195
1035 196
1035 197
1035 198
1035 199
1035 200
1035 201
1035 202
1035 203
1035 204
1035 205
1035 268
1035 269
1035 270
1035 271
1035 272
1035 273
1035 274
1035 275
1035 276
1035 277
1035 278
1035 279
1035 280
1035 281
1035 282
1035 283
1035 284
1035 285
1035 286
1035 287
1035 288
1035 289
1035 290
1035 291
1035 292
1036 179
1036 180
1036 181
1036 182
1036 183
1036 184
1036 185
1036 186
1036 187
1036 188
1036 189
1036 190
1036 191
1036 192
1036 193
1036 194
1036 195
1036 196
1036 197
1036 198
1036 262
1036 263
1036 264
1036 265
1036 266
1036 267
1036 268
1036 269
1036 270
1036 271
1036 272
1036 273
1036 274
1036 275
1036 276
1036 277
1036 278
1036 279
1036 280
1036 281
1036 282
1036 283
1036 284
1036 285
1036 286
1036 287
1037 175
1037 176
1037 177
1037 178
1037 179
1037 180
1037 181
1037 182
1037 183
1037 184
1037 185
1037 186
1037 187
1037 188
1037 189
1037 256
1037 257
1037 258
1037 259
1037 260
1037 261
1037 262
1037 263
1037 264
1037 265
1037 266
1037 267
1037 268
1037 269
1037 270
1037 271
1037 272
1037 273
1037 274
1037 275
1037 276
1037 277
1037 278
1037 279
1037 280
1037 281
1037 282
1038 174
1038 175
1038 176
1038 177
1038 178
1038 250
1038 251
1038 252
1038 253
1038 254
1038 255
1038 256
1038 257
1038 258
1038 259
1038 260
1038 261
1038 262
1038 263
1038 264
1038 265
1038 266
1038 267
1038 268
1038 269
1038 270
1038 271
1038 272
1038 273
1038 274
1038 275
1038 276
1039 244
1039 245
1039 246
1039 247
1039 248
1039 249
1039 250
1039 251
1039 252
1039 253
1039 254
1039 255
1039 256
1039 257
1039 258
1039 259
1039 260
1039 261
1039 262
1039 263
1039 264
1039 265
1039 266
1039 267
1039 268
1039 269
1039 270
1039 271
1040 238
1040 239
1040 240
1040 241
1040 242
1040 243
1040 244
1040 245
1040 246
1040 247
1040 248
1040 249
1040 250
1040 251
1040 252
1040 253
1040 254
1040 255
1040 256
1040 257
1040 258
1040 259
1040 260
1040 261
1040 262
1040 263
1040 264
1040 265
1041 232
1041 233
1041 234
1041 235
1041 236
1041 237
1041 238
1041 239
1041 240
1041 241
1041 242
1041 243
1041 244
1041 245
1041 246
1041 247
1041 248
1041 249
1041 250
1041 251
1041 252
1041 253
1041 254
1041 255
1041 256
1041 257
1041 258
1041 259
1042 227
1042 228
1042 229
1042 230
1042 231
1042 232
1042 233
1042 234
1042 235
1042 236
1042 237
1042 238
1042 239
1042 240
1042 241
1042 242
1042 243
1042 244
1042 245
1042 246
1042 247
1042 248
1042 249
1042 250
1042 251
1042 252
1042 253
1042 254
1043 221
1043 222
1043 223
1043 224
1043 225
1043 226
1043 227
1043 228
1043 229
1043 230
1043 231
1043 232
1043 233
1043 234
1043 235
1043 236
1043 237
1043 238
1043 239
1043 240
1043 241
1043 242
1043 243
1043 244
1043 245
1043 246
1043 247
1043 248
1044 215
1044 216
1044 217
1044 218
1044 219
1044 220
1044 221
1044 222
1044 223
1044 224
1044 225
1044 226
1044 227
1044 228
1044 229
1044 230
1044 231
1044 232
1044 233
1044 234
1044 235
1044 236
1044 237
1044 238
1044 239
1044 240
1044 241
1044 242
1044 308
1044 309
1044 310
1044 311
1044 312
1044 313
1044 314
1044 315
1045 209
1045 210
1045 211
1045 212
1045 213
1045 214
1045 215
1045 216
1045 217
1045 218
1045 219
1045 220
1045 221
1045 222
1045 223
1045 224
1045 225
1045 226
1045 227
1045 228
1045 229
1045 230
1045 231
1045 232
1045 233
1045 234
1045 235
1045 236
1045 299
1045 300
1045 301
1045 302
1045 303
1045 304
1045 305
1045 306
1045 307
1045 308
1045 309
1045 310
1045 311
1045 312
1045 313
1046 204
1046 205
1046 206
1046 207
1046 208
1046 209
1046 210
1046 211
1046 212
1046 213
1046 214
1046 215
1046 216
1046 217
1046 218
1046 219
1046 220
1046 221
1046 222
1046 223
1046 224
1046 225
1046 226
1046 227
1046 228
1046 229
1046 292
1046 293
1046 294
1046 295
1046 296
1046 297
1046 298
1046 299
1046 300
1046 301
1046 302
1046 303
1046 304
1046 305
1046 306
1046 307
1046 308
1046 309
1047 198
1047 199
1047 200
1047 201
1047 202
1047 203
1047 204
1047 205
1047 206
1047 207
1047 208
1047 209
1047 210
1047 211
1047 212
1047 213
1047 214
1047 215
1047 216
1047 217
1047 218
1047 219
1047 220
1047 221
1047 222
1047 223
1047 285
1047 286
1047 287
1047 288
1047 289
1047 290
1047 291
1047 292
1047 293
1047 294
1047 295
1047 296
1047 297
1047 298
1047 299
1047 300
1047 301
1047 302
1047 303
1047 304
1047 305
1048 193
1048 194
1048 195
1048 196
1048 197
1048 198
1048 199
1048 200
1048 201
1048 202
1048 203
1048 204
1048 205
1048 206
1048 207
1048 208
1048 209
1048 210
1048 211
1048 212
1048 213
1048 214
1048 215
1048 216
1048 279
1048 280
1048 281
1048 282
1048 283
1048 284
1048 285
1048 286
1048 287
1048 288
1048 289
1048 290
1048 291
1048 292
1048 293
1048 294
1048 295
1048 296
1048 297
1048 298
1048 299
1048 300
1049 187
1049 188
1049 189
1049 190
1049 191
1049 192
1049 193
1049 194
1049 195
1049 196
1049 197
1049 198
1049 199
1049 200
1049 201
1049 202
1049 203
1049 204
1049 205
1049 206
1049 207
1049 208
1049 209
1049 210
1049 272
1049 273
1049 274
1049 275
1049 276
1049 277
1049 278
1049 279
1049 280
1049 281
1049 282
1049 283
1049 284
1049 285
1049 286
1049 287
1049 288
1049 289
1049 290
1049 291
1049 292
1049 293
1049 294
1049 295
1050 182
1050 183
1050 184
1050 185
1050 186
1050 187
1050 188
1050 189
1050 190
1050 191
1050 192
1050 193
1050 194
1050 195
1050 196
1050 197
1050 198
1050 199
1050 200
1050 201
1050 202
1050 203
1050 266
1050 267
1050 268
1050 269
1050 270
1050 271
1050 272
1050 273
1050 274
1050 275
1050 276
1050 277
1050 278
1050 279
1050 280
1050 281
1050 282
1050 283
1050 284
1050 285
1050 286
1050 287
1050 288
1050 289
1050 290
1051 178
1051 179
1051 180
1051 181
1051 182
1051 183
1051 184
1051 185
1051 186
1051 187
1051 188
1051 189
1051 190
1051 191
1051 192
1051 193
1051 194
1051 195
1051 260
1051 261
1051 262
1051 263
1051 264
1051 265
1051 266
1051 267
1051 268
1051 269
1051 270
1051 271
1051 272
1051 273
1051 274
1051 275
1051 276
1051 277
1051 278
1051 279
1051 280
1051 281
1051 282
1051 283
1051 284
1051 285
1052 174
1052 175
1052 176
1052 177
1052 178
1052 179
1052 180
1052 181
1052 182
1052 183
1052 184
1052 185
1052 186
1052 254
1052 255
1052 256
1052 257
1052 258
1052 259
1052 260
1052 261
1052 262
1052 263
1052 264
1052 265
1052 266
1052 267
1052 268
1052 269
1052 270
1052 271
1052 272
1052 273
1052 274
1052 275
1052 276
1052 277
1052 278
1052 279
1052 280
1053 248
1053 249
1053 250
1053 251
1053 252
1053 253
1053 254
1053 255
1053 256
1053 257
1053 258
1053 259
1053 260
1053 261
1053 262
1053 263
1053 264
1053 265
1053 266
1053 267
1053 268
1053 269
1053 270
1053 271
1053 272
1053 273
1053 274
1054 242
1054 243
1054 244
1054 245
1054 246
1054 247
1054 248
1054 249
1054 250
1054 251
1054 252
1054 253
1054 254
1054 255
1054 256
1054 257
1054 258
1054 259
1054 260
1054 261
1054 262
1054 263
1054 264
1054 265
1054 266
1054 267
1054 268
1055 236
1055 237
1055 238
1055 239
1055 240
1055 241
1055 242
1055 243
1055 244
1055 245
1055 246
1055 247
1055 248
1055 249
1055 250
1055 251
1055 252
1055 253
1055 254
1055 255
1055 256
1055 257
1055 258
1055 259
1055 260
1055 261
1055 262
1055 263
1056 230
1056 231
1056 232
1056 233
1056 234
1056 235
1056 236
1056 237
1056 238
1056 239
1056 240
1056 241
1056 242
1056 243
1056 244
1056 245
1056 246
1056 247
1056 248
1056 249
1056 250
1056 251
1056 252
1056 253
1056 254
1056 255
1056 256
1056 257
1057 224
1057 225
1057 226
1057 227
1057 228
1057 229
1057 230
1057 231
1057 232
1057 233
1057 234
1057 235
1057 236
1057 237
1057 238
1057 239
1057 240
1057 241
1057 242
1057 243
1057 244
1057 245
1057 246
1057 247
1057 248
1057 249
1057 250
1057 251
1058 219
1058 220
1058 221
1058 222
1058 223
1058 224
1058 225
1058 226
1058 227
1058 228
1058 229
1058 230
1058 231
1058 232
1058 233
1058 234
1058 235
1058 236
1058 237
1058 238
1058 239
1058 240
1058 241
1058 242
1058 243
1058 244
1058 245
1059 213
1059 214
1059 215
1059 216
1059 217
1059 218
1059 219
1059 220
1059 221
1059 222
1059 223
1059 224
1059 225
1059 226
1059 227
1059 228
1059 229
1059 230
1059 231
1059 232
1059 233
1059 234
1059 235
1059 236
1059 237
1059 238
1059 239
1059 305
1059 306
1059 307
1059 308
1059 309
1059 310
1059 311
1059 312
1059 313
1059 314
1060 207
1060 208
1060 209
1060 210
1060 211
1060 212
1060 213
1060 214
1060 215
1060 216
1060 217
1060 218
1060 219
1060 220
1060 221
1060 222
1060 223
1060 224
1060 225
1060 226
1060 227
1060 228
1060 229
1060 230
1060 231
1060 232
1060 233
1060 297
1060 298
1060 299
1060 300
1060 301
1060 302
1060 303
1060 304
1060 305
1060 306
1060 307
1060 308
1060 309
1060 310
1060 311
1061 202
1061 203
1061 204
1061 205
1061 206
1061 207
1061 208
1061 209
1061 210
1061 211
1061 212
1061 213
1061 214
1061 215
1061 216
1061 217
1061 218
1061 219
1061 220
1061 221
1061 222
1061 223
1061 224
1061 225
1061 226
1061 227
1061 289
1061 290
1061 291
1061 292
1061 293
1061 294
1061 295
1061 296
1061 297
1061 298
1061 299
1061 300
1061 301
1061 302
1061 303
1061 304
1061 305
1061 306
1061 307
1062 196
1062 197
1062 198
1062 199
1062 200
1062 201
1062 202
1062 203
1062 204
1062 205
1062 206
1062 207
1062 208
1062 209
1062 210
1062 211
1062 212
1062 213
1062 214
1062 215
1062 216
1062 217
1062 218
1062 219
1062 220
1062 283
1062 284
1062 285
1062 286
1062 287
1062 288
1062 289
1062 290
1062 291
1062 292
1062 293
1062 294
1062 295
1062 296
1062 297
1062 298
1062 299
1062 300
1062 301
1062 302
1062 303
1063 191
1063 192
1063 193
1063 194
1063 195
1063 196
1063 197
1063 198
1063 199
1063 200
1063 201
1063 202
1063 203
1063 204
1063 205
1063 206
1063 207
1063 208
1063 209
1063 210
1063 211
1063 212
1063 213
1063 214
1063 276
1063 277
1063 278
1063 279
1063 280
1063 281
1063 282
1063 283
1063 284
1063 285
1063 286
1063 287
1063 288
1063 289
1063 290
1063 291
1063 292
1063 293
1063 294
1063 295
1063 296
1063 297
1063 298
1064 186
1064 187
1064 188
1064 189
1064 190
1064 191
1064 192
1064 193
1064 194
1064 195
1064 196
1064 197
1064 198
1064 199
1064 200
1064 201
1064 202
1064 203
1064 204
1064 205
1064 206
1064 207
1064 270
1064 271
1064 272
1064 273
1064 274
1064 275
1064 276
1064 277
1064 278
1064 279
1064 280
1064 281
1064 282
1064 283
1064 284
1064 285
1064 286
1064 287
1064 288
1064 289
1064 290
1064 291
1064 292
1064 293
1065 181
1065 182
1065 183
1065 184
1065 185
1065 186
1065 187
1065 188
1065 189
1065 190
1065 191
1065 192
1065 193
1065 194
1065 195
1065 196
1065 197
1065 198
1065 199
1065 200
1065 264
1065 265
1065 266
1065 267
1065 268
1065 269
1065 270
1065 271
1065 272
1065 273
1065 274
1065 275
1065 276
1065 277
1065 278
1065 279
1065 280
1065 281
1065 282
1065 283
1065 284
1065 285
1065 286
1065 287
1065 288
1066 177
1066 178
1066 179
1066 180
1066 181
1066 182
1066 183
1066 184
1066 185
1066 186
1066 187
1066 188
1066 189
1066 190
1066 191
1066 192
1066 258
1066 259
1066 260
1066 261
1066 262
1066 263
1066 264
1066 265
1066 266
1066 267
1066 268
1066 269
1066 270
1066 271
1066 272
1066 273
1066 274
1066 275
1066 276
1066 277
1066 278
1066 279
1066 280
1066 281
1066 282
1066 283
1067 174
1067 175
1067 176
1067 177
1067 178
1067 179
1067 180
1067 181
1067 182
1067 251
1067 252
1067 253
1067 254
1067 255
1067 256
1067 257
1067 258
1067 259
1067 260
1067 261
1067 262
1067 263
1067 264
1067 265
1067 266
1067 267
1067 268
1067 269
1067 270
1067 271
1067 272
1067 273
1067 274
1067 275
1067 276
1067 277
1068 246
1068 247
1068 248
1068 249
1068 250
1068 251
1068 252
1068 253
1068 254
1068 255
1068 256
1068 257
1068 258
1068 259
1068 260
1068 261
1068 262
1068 263
1068 264
1068 265
1068 266
1068 267
1068 268
1068 269
1068 270
1068 271
1068 272
1069 240
1069 241
1069 242
1069 243
1069 244
1069 245
1069 246
1069 247
1069 248
1069 249
1069 250
1069 251
1069 252
1069 253
1069 254
1069 255
1069 256
1069 257
1069 258
1069 259
1069 260
1069 261
1069 262
1069 263
1069 264
1069 265
1069 266
1070 234
1070 235
1070 236
1070 237
1070 238
1070 239
1070 240
1070 241
1070 242
1070 243
1070 244
1070 245
1070 246
1070 247
1070 248
1070 249
1070 250
1070 251
1070 252
1070 253
1070 254
1070 255
1070 256
1070 257
1070 258
1070 259
1070 260
1071 228
1071 229
1071 230
1071 231
1071 232
1071 233
1071 234
1071 235
1071 236
1071 237
1071 238
1071 239
1071 240
1071 241
1071 242
1071 243
1071 244
1071 245
1071 246
1071 247
1071 248
1071 249
1071 250
1071 251
1071 252
1071 253
1071 254
1071 255
1072 222
1072 223
1072 224
1072 225
1072 226
1072 227
1072 228
1072 229
1072 230
1072 231
1072 232
1072 233
1072 234
1072 235
1072 236
1072 237
1072 238
1072 239
1072 240
1072 241
1072 242
1072 243
1072 244
1072 245
1072 246
1072 247
1072 248
1072 249
1073 216
1073 217
1073 218
1073 219
1073 220
1073 221
1073 222
1073 223
1073 224
1073 225
1073 226
1073 227
1073 228
1073 229
1073 230
1073 231
1073 232
1073 233
1073 234
1073 235
1073 236
1073 237
1073 238
1073 239
1073 240
1073 241
1073 242
1073 243
1074 211
1074 212
1074 213
1074 214
1074 215
1074 216
1074 217
1074 218
1074 219
1074 220
1074 221
1074 222
1074 223
1074 224
1074 225
1074 226
1074 227
1074 228
1074 229
1074 230
1074 231
1074 232
1074 233
1074 234
1074 235
1074 236
1074 237
1074 301
1074 302
1074 303
1074 304
1074 305
1074 306
1074 307
1074 308
1074 309
1074 310
1074 311
1074 312
1075 205
1075 206
1075 207
1075 208
1075 209
1075 210
1075 211
1075 212
1075 213
1075 214
1075 215
1075 216
1075 217
1075 218
1075 219
1075 220
1075 221
1075 222
1075 223
1075 224
1075 225
1075 226
1075 227
1075 228
1075 229
1075 230
1075 231
1075 294
1075 295
1075 296
1075 297
1075 298
1075 299
1075 300
1075 301
1075 302
1075 303
1075 304
1075 305
1075 306
1075 307
1075 308
1075 309
1076 200
1076 201
1076 202
1076 203
1076 204
1076 205
1076 206
1076 207
1076 208
1076 209
1076 210
1076 211
1076 212
1076 213
1076 214
1076 215
1076 216
1076 217
1076 218
1076 219
1076 220
1076 221
1076 222
1076 223
1076 224
1076 287
1076 288
1076 289
1076 290
1076 291
1076 292
1076 293
1076 294
1076 295
1076 296
1076 297
1076 298
1076 299
1076 300
1076 301
1076 302
1076 303
1076 304
1076 305
1077 194
1077 195
1077 196
1077 197
1077 198
1077 199
1077 200
1077 201
1077 202
1077 203
1077 204
1077 205
1077 206
1077 207
1077 208
1077 209
1077 210
1077 211
1077 212
1077 213
1077 214
1077 215
1077 216
1077 217
1077 218
1077 280
1077 281
1077 282
1077 283
1077 284
1077 285
1077 286
1077 287
1077 288
1077 289
1077 290
1077 291
1077 292
1077 293
1077 294
1077 295
1077 296
1077 297
1077 298
1077 299
1077 300
1077 301
1078 189
1078 190
1078 191
1078 192
1078 193
1078 194
1078 195
1078 196
1078 197
1078 198
1078 199
1078 200
1078 201
1078 202
1078 203
1078 204
1078 205
1078 206
1078 207
1078 208
1078 209
1078 210
1078 211
1078 274
1078 275
1078 276
1078 277
1078 278
1078 279
1078 280
1078 281
1078 282
1078 283
1078 284
1078 285
1078 286
1078 287
1078 288
1078 289
1078 290
1078 291
1078 292
1078 293
1078 294
1078 295
1078 296
1079 184
1079 185
1079 186
1079 187
1079 188
1079 189
1079 190
1079 191
1079 192
1079 193
1079 194
1079 195
1079 196
1079 197
1079 198
1079 199
1079 200
1079 201
1079 202
1079 203
1079 204
1079 267
1079 268
1079 269
1079 270
1079 271
1079 272
1079 273
1079 274
1079 275
1079 276
1079 277
1079 278
1079 279
1079 280
1079 281
1079 282
1079 283
1079 284
1079 285
1079 286
1079 287
1079 288
1079 289
1079 290
1079 291
1080 179
1080 180
1080 181
1080 182
1080 183
1080 184
1080 185
1080 186
1080 187
1080 188
1080 189
1080 190
1080 191
1080 192
1080 193
1080 194
1080 195
1080 196
1080 197
1080 261
1080 262
1080 263
1080 264
1080 265
1080 266
1080 267
1080 268
1080 269
1080 270
1080 271
1080 272
1080 273
1080 274
1080 275
1080 276
1080 277
1080 278
1080 279
1080 280
1080 281
1080 282
1080 283
1080 284
1080 285
1080 286
1081 176
1081 177
1081 178
1081 179
1081 180
1081 181
1081 182
1081 183
1081 184
1081 185
1081 186
1081 187
1081 188
1081 255
1081 256
1081 257
1081 258
1081 259
1081 260
1081 261
1081 262
1081 263
1081 264
1081 265
1081 266
1081 267
1081 268
1081 269
1081 270
1081 271
1081 272
1081 273
1081 274
1081 275
1081 276
1081 277
1081 278
1081 279
1081 280
1082 249
1082 250
1082 251
1082 252
1082 253
1082 254
1082 255
1082 256
1082 257
1082 258
1082 259
1082 260
1082 261
1082 262
1082 263
1082 264
1082 265
1082 266
1082 267
1082 268
1082 269
1082 270
1082 271
1082 272
1082 273
1082 274
1082 275
1083 243
1083 244
1083 245
1083 246
1083 247
1083 248
1083 249
1083 250
1083 251
1083 252
1083 253
1083 254
1083 255
1083 256
1083 257
1083 258
1083 259
1083 260
1083 261
1083 262
1083 263
1083 264
1083 265
1083 266
1083 267
1083 268
1083 269
1084 237
1084 238
1084 239
1084 240
1084 241
1084 242
1084 243
1084 244
1084 245
1084 246
1084 247
1084 248
1084 249
1084 250
1084 251
1084 252
1084 253
1084 254
1084 255
1084 256
1084 257
1084 258
1084 259
1084 260
1084 261
1084 262
1084 263
1084 264
1085 231
1085 232
1085 233
1085 234
1085 235
1085 236
1085 237
1085 238
1085 239
1085 240
1085 241
1085 242
1085 243
1085 244
1085 245
1085 246
1085 247
1085 248
1085 249
1085 250
1085 251
1085 252
1085 253
1085 254
1085 255
1085 256
1085 257
1085 258
1086 226
1086 227
1086 228
1086 229
1086 230
1086 231
1086 232
1086 233
1086 234
1086 235
1086 236
1086 237
1086 238
1086 239
1086 240
1086 241
1086 242
1086 243
1086 244
1086 245
1086 246
1086 247
1086 248
1086 249
1086 250
1086 251
1086 252
1087 220
1087 221
1087 222
1087 223
1087 224
1087 225
1087 226
1087 227
1087 228
1087 229
1087 230
1087 231
1087 232
1087 233
1087 234
1087 235
1087 236
1087 237
1087 238
1087 239
1087 240
1087 241
1087 242
1087 243
1087 244
1087 245
1087 246
1088 214
1088 215
1088 216
1088 217
1088 218
1088 219
1088 220
1088 221
1088 222
1088 223
1088 224
1088 225
1088 226
1088 227
1088 228
1088 229
1088 230
1088 231
1088 232
1088 233
1088 234
1088 235
1088 236
1088 237
1088 238
1088 239
1088 240
1088 308
1088 309
1088 310
1088 311
1088 312
1089 209
1089 210
1089 211
1089 212
1089 213
1089 214
1089 215
1089 216
1089 217
1089 218
1089 219
1089 220
1089 221
1089 222
1089 223
1089 224
1089 225
1089 226
1089 227
1089 228
1089 229
1089 230
1089 231
1089 232
1089 233
1089 234
1089 298
1089 299
1089 300
1089 301
1089 302
1089 303
1089 304
1089 305
1089 306
1089 307
1089 308
1089 309
1089 310
1089 311
1090 203
1090 204
1090 205
1090 206
1090 207
1090 208
1090 209
1090 210
1090 211
1090 212
1090 213
1090 214
1090 215
1090 216
1090 217
1090 218
1090 219
1090 220
1090 221
1090 222
1090 223
1090 224
1090 225
1090 226
1090 227
1090 228
1090 291
1090 292
1090 293
1090 294
1090 295
1090 296
1090 297
1090 298
1090 299
1090 300
1090 301
1090 302
1090 303
1090 304
1090 305
1090 306
1090 307
1091 198
1091 199
1091 200
1091 201
1091 202
1091 203
1091 204
1091 205
1091 206
1091 207
1091 208
1091 209
1091 210
1091 211
1091 212
1091 213
1091 214
1091 215
1091 216
1091 217
1091 218
1091 219
1091 220
1091 221
1091 222
1091 284
1091 285
1091 286
1091 287
1091 288
1091 289
1091 290
1091 291
1091 292
1091 293
1091 294
1091 295
1091 296
1091 297
1091 298
1091 299
1091 300
1091 301
1091 302
1091 303
1092 192
1092 193
1092 194
1092 195
1092 196
1092 197
1092 198
1092 199
1092 200
1092 201
1092 202
1092 203
1092 204
1092 205
1092 206
1092 207
1092 208
1092 209
1092 210
1092 211
1092 212
1092 213
1092 214
1092 215
1092 278
1092 279
1092 280
1092 281
1092 282
1092 283
1092 284
1092 285
1092 286
1092 287
1092 288
1092 289
1092 290
1092 291
1092 292
1092 293
1092 294
1092 295
1092 296
1092 297
1092 298
1092 299
1093 187
1093 188
1093 189
1093 190
1093 191
1093 192
1093 193
1093 194
1093 195
1093 196
1093 197
1093 198
1093 199
1093 200
1093 201
1093 202
1093 203
1093 204
1093 205
1093 206
1093 207
1093 208
1093 209
1093 271
1093 272
1093 273
1093 274
1093 275
1093 276
1093 277
1093 278
1093 279
1093 280
1093 281
1093 282
1093 283
1093 284
1093 285
1093 286
1093 287
1093 288
1093 289
1093 290
1093 291
1093 292
1093 293
1093 294
1094 182
1094 183
1094 184
1094 185
1094 186
1094 187
1094 188
1094 189
1094 190
1094 191
1094 192
1094 193
1094 194
1094 195
1094 196
1094 197
1094 198
1094 199
1094 200
1094 201
1094 265
1094 266
1094 267
1094 268
1094 269
1094 270
1094 271
1094 272
1094 273
1094 274
1094 275
1094 276
1094 277
1094 278
1094 279
1094 280
1094 281
1094 282
1094 283
1094 284
1094 285
1094 286
1094 287
1094 288
1094 289
1095 178
1095 179
1095 180
1095 181
1095 182
1095 183
1095 184
1095 185
1095 186
1095 187
1095 188
1095 189
1095 190
1095 191
1095 192
1095 193
1095 194
1095 259
1095 260
1095 261
1095 262
1095 263
1095 264
1095 265
1095 266
1095 267
1095 268
1095 269
1095 270
1095 271
1095 272
1095 273
1095 274
1095 275
1095 276
1095 277
1095 278
1095 279
1095 280
1095 281
1095 282
1095 283
1096 175
1096 176
1096 177
1096 178
1096 179
1096 180
1096 181
1096 182
1096 183
1096 184
1096 185
1096 253
1096 254
1096 255
1096 256
1096 257
1096 258
1096 259
1096 260
1096 261
1096 262
1096 263
1096 264
1096 265
1096 266
1096 267
1096 268
1096 269
1096 270
1096 271
1096 272
1096 273
1096 274
1096 275
1096 276
1096 277
1096 278
1097 247
1097 248
1097 249
1097 250
1097 251
1097 252
1097 253
1097 254
1097 255
1097 256
1097 257
1097 258
1097 259
1097 260
1097 261
1097 262
1097 263
1097 264
1097 265
1097 266
1097 267
1097 268
1097 269
1097 270
1097 271
1097 272
1097 273
1098 241
1098 242
1098 243
1098 244
1098 245
1098 246
1098 247
1098 248
1098 249
1098 250
1098 251
1098 252
1098 253
1098 254
1098 255
1098 256
1098 257
1098 258
1098 259
1098 260
1098 261
1098 262
1098 263
1098 264
1098 265
1098 266
1098 267
1099 235
1099 236
1099 237
1099 238
1099 239
1099 240
1099 241
1099 242
1099 243
1099 244
1099 245
1099 246
1099 247
1099 248
1099 249
1099 250
1099 251
1099 252
1099 253
1099 254
1099 255
1099 256
1099 257
1099 258
1099 259
1099 260
1099 261
1100 229
1100 230
1100 231
1100 232
1100 233
1100 234
1100 235
1100 236
1100 237
1100 238
1100 239
1100 240
1100 241
1100 242
1100 243
1100 244
1100 245
1100 246
1100 247
1100 248
1100 249
1100 250
1100 251
1100 252
1100 253
1100 254
1100 255
1100 256
1101 224
1101 225
1101 226
1101 227
1101 228
1101 229
1101 230
1101 231
1101 232
1101 233
1101 234
1101 235
1101 236
1101 237
1101 238
1101 239
1101 240
1101 241
1101 242
1101 243
1101 244
1101 245
1101 246
1101 247
1101 248
1101 249
1101 250
1102 218
1102 219
1102 220
1102 221
1102 222
1102 223
1102 224
1102 225
1102 226
1102 227
1102 228
1102 229
1102 230
1102 231
1102 232
1102 233
1102 234
1102 235
1102 236
1102 237
1102 238
1102 239
1102 240
1102 241
1102 242
1102 243
1102 244
1103 212
1103 213
1103 214
1103 215
1103 216
1103 217
1103 218
1103 219
1103 220
1103 221
1103 222
1103 223
1103 224
1103 225
1103 226
1103 227
1103 228
1103 229
1103 230
1103 231
1103 232
1103 233
1103 234
1103 235
1103 236
1103 237
1103 238
1103 304
1103 305
1103 306
1103 307
1103 308
1103 309
1103 310
1103 311
1104 207
1104 208
1104 209
1104 210
1104 211
1104 212
1104 213
1104 214
1104 215
1104 216
1104 217
1104 218
1104 219
1104 220
1104 221
1104 222
1104 223
1104 224
1104 225
1104 226
1104 227
1104 228
1104 229
1104 230
1104 231
1104 232
1104 295
1104 296
1104 297
1104 298
1104 299
1104 300
1104 301
1104 302
1104 303
1104 304
1104 305
1104 306
1104 307
1104 308
1104 309
1105 201
1105 202
1105 203
1105 204
1105 205
1105 206
1105 207
1105 208
1105 209
1105 210
1105 211
1105 212
1105 213
1105 214
1105 215
1105 216
1105 217
1105 218
1105 219
1105 220
1105 221
1105 222
1105 223
1105 224
1105 225
1105 226
1105 288
1105 289
1105 290
1105 291
1105 292
1105 293
1105 294
1105 295
1105 296
1105 297
1105 298
1105 299
1105 300
1105 301
1105 302
1105 303
1105 304
1105 305
1106 196
1106 197
1106 198
1106 199
1106 200
1106 201
1106 202
1106 203
1106 204
1106 205
1106 206
1106 207
1106 208
1106 209
1106 210
1106 211
1106 212
1106 213
1106 214
1106 215
1106 216
1106 217
1106 218
1106 219
1106 282
1106 283
1106 284
1106 285
1106 286
1106 287
1106 288
1106 289
1106 290
1106 291
1106 292
1106 293
1106 294
1106 295
1106 296
1106 297
1106 298
1106 299
1106 300
1106 301
1107 190
1107 191
1107 192
1107 193
1107 194
1107 195
1107 196
1107 197
1107 198
1107 199
1107 200
1107 201
1107 202
1107 203
1107 204
1107 205
1107 206
1107 207
1107 208
1107 209
1107 210
1107 211
1107 212
1107 213
1107 275
1107 276
1107 277
1107 278
1107 279
1107 280
1107 281
1107 282
1107 283
1107 284
1107 285
1107 286
1107 287
1107 288
1107 289
1107 290
1107 291
1107 292
1107 293
1107 294
1107 295
1107 296
1108 185
1108 186
1108 187
1108 188
1108 189
1108 190
1108 191
1108 192
1108 193
1108 194
1108 195
1108 196
1108 197
1108 198
1108 199
1108 200
1108 201
1108 202
1108 203
1108 204
1108 205
1108 206
1108 269
1108 270
1108 271
1108 272
1108 273
1108 274
1108 275
1108 276
1108 277
1108 278
1108 279
1108 280
1108 281
1108 282
1108 283
1108 284
1108 285
1108 286
1108 287
1108 288
1108 289
1108 290
1108 291
1109 181
1109 182
1109 183
1109 184
1109 185
1109 186
1109 187
1109 188
1109 189
1109 190
1109 191
1109 192
1109 193
1109 194
1109 195
1109 196
1109 197
1109 198
1109 199
1109 263
1109 264
1109 265
1109 266
1109 267
1109 268
1109 269
1109 270
1109 271
1109 272
1109 273
1109 274
1109 275
1109 276
1109 277
1109 278
1109 279
1109 280
1109 281
1109 282
1109 283
1109 284
1109 285
1109 286
1110 177
1110 178
1110 179
1110 180
1110 181
1110 182
1110 183
1110 184
1110 185
1110 186
1110 187
1110 188
1110 189
1110 190
1110 191
1110 257
1110 258
1110 259
1110 260
1110 261
1110 262
1110 263
1110 264
1110 265
1110 266
1110 267
1110 268
1110 269
1110 270
1110 271
1110 272
1110 273
1110 274
1110 275
1110 276
1110 277
1110 278
1110 279
1110 280
1110 281
1111 176
1111 177
1111 178
1111 179
1111 251
1111 252
1111 253
1111 254
1111 255
1111 256
1111 257
1111 258
1111 259
1111 260
1111 261
1111 262
1111 263
1111 264
1111 265
1111 266
1111 267
1111 268
1111 269
1111 270
1111 271
1111 272
1111 273
1111 274
1111 275
1111 276
1112 245
1112 246
1112 247
1112 248
1112 249
1112 250
1112 251
1112 252
1112 253
1112 254
1112 255
1112 256
1112 257
1112 258
1112 259
1112 260
1112 261
1112 262
1112 263
1112 264
1112 265
1112 266
1112 267
1112 268
1112 269
1112 270
1113 239
1113 240
1113 241
1113 242
1113 243
1113 244
1113 245
1113 246
1113 247
1113 248
1113 249
1113 250
1113 251
1113 252
1113 253
1113 254
1113 255
1113 256
1113 257
1113 258
1113 259
1113 260
1113 261
1113 262
1113 263
1113 264
1113 265
1114 233
1114 234
1114 235
1114 236
1114 237
1114 238
1114 239
1114 240
1114 241
1114 242
1114 243
1114 244
1114 245
1114 246
1114 247
1114 248
1114 249
1114 250
1114 251
1114 252
1114 253
1114 254
1114 255
1114 256
1114 257
1114 258
1114 259
1115 227
1115 228
1115 229
1115 230
1115 231
1115 232
1115 233
1115 234
1115 235
1115 236
1115 237
1115 238
1115 239
1115 240
1115 241
1115 242
1115 243
1115 244
1115 245
1115 246
1115 247
1115 248
1115 249
1115 250
1115 251
1115 252
1115 253
1116 221
1116 222
1116 223
1116 224
1116 225
1116 226
1116 227
1116 228
1116 229
1116 230
1116 231
1116 232
1116 233
1116 234
1116 235
1116 236
1116 237
1116 238
1116 239
1116 240
1116 241
1116 242
1116 243
1116 244
1116 245
1116 246
1116 247
1117 216
1117 217
1117 218
1117 219
1117 220
1117 221
1117 222
1117 223
1117 224
1117 225
1117 226
1117 227
1117 228
1117 229
1117 230
1117 231
1117 232
1117 233
1117 234
1117 235
1117 236
1117 237
1117 238
1117 239
1117 240
1117 241
1117 242
1118 210
1118 211
1118 212
1118 213
1118 214
1118 215
1118 216
1118 217
1118 218
1118 219
1118 220
1118 221
1118 222
1118 223
1118 224
1118 225
1118 226
1118 227
1118 228
1118 229
1118 230
1118 231
1118 232
1118 233
1118 234
1118 235
1118 236
1118 300
1118 301
1118 302
1118 303
1118 304
1118 305
1118 306
1118 307
1118 308
1118 309
1118 310
1119 205
1119 206
1119 207
1119 208
1119 209
1119 210
1119 211
1119 212
1119 213
1119 214
1119 215
1119 216
1119 217
1119 218
1119 219
1119 220
1119 221
1119 222
1119 223
1119 224
1119 225
1119 226
1119 227
1119 228
1119 229
1119 293
1119 294
1119 295
1119 296
1119 297
1119 298
1119 299
1119 300
1119 301
1119 302
1119 303
1119 304
1119 305
1119 306
1119 307
1120 199
1120 200
1120 201
1120 202
1120 203
1120 204
1120 205
1120 206
1120 207
1120 208
1120 209
1120 210
1120 211
1120 212
1120 213
1120 214
1120 215
1120 216
1120 217
1120 218
1120 219
1120 220
1120 221
1120 222
1120 223
1120 286
1120 287
1120 288
1120 289
1120 290
1120 291
1120 292
1120 293
1120 294
1120 295
1120 296
1120 297
1120 298
1120 299
1120 300
1120 301
1120 302
1120 303
1121 194
1121 195
1121 196
1121 197
1121 198
1121 199
1121 200
1121 201
1121 202
1121 203
1121 204
1121 205
1121 206
1121 207
1121 208
1121 209
1121 210
1121 211
1121 212
1121 213
1121 214
1121 215
1121 216
1121 217
1121 279
1121 280
1121 281
1121 282
1121 283
1121 284
1121 285
1121 286
1121 287
1121 288
1121 289
1121 290
1121 291
1121 292
1121 293
1121 294
1121 295
1121 296
1121 297
1121 298
1121 299
1122 189
1122 190
1122 191
1122 192
1122 193
1122 194
1122 195
1122 196
1122 197
1122 198
1122 199
1122 200
1122 201
1122 202
1122 203
1122 204
1122 205
1122 206
1122 207
1122 208
1122 209
1122 210
1122 273
1122 274
1122 275
1122 276
1122 277
1122 278
1122 279
1122 280
1122 281
1122 282
1122 283
1122 284
1122 285
1122 286
1122 287
1122 288
1122 289
1122 290
1122 291
1122 292
1122 293
1122 294
1123 184
1123 185
1123 186
1123 187
1123 188
1123 189
1123 190
1123 191
1123 192
1123 193
1123 194
1123 195
1123 196
1123 197
1123 198
1123 199
1123 200
1123 201
1123 202
1123 203
1123 266
1123 267
1123 268
1123 269
1123 270
1123 271
1123 272
1123 273
1123 274
1123 275
1123 276
1123 277
1123 278
1123 279
1123 280
1123 281
1123 282
1123 283
1123 284
1123 285
1123 286
1123 287
1123 288
1123 289
1124 179
1124 180
1124 181
1124 182
1124 183
1124 184
1124 185
1124 186
1124 187
1124 188
1124 189
1124 190
1124 191
1124 192
1124 193
1124 194
1124 195
1124 196
1124 260
1124 261
1124 262
1124 263
1124 264
1124 265
1124 266
1124 267
1124 268
1124 269
1124 270
1124 271
1124 272
1124 273
1124 274
1124 275
1124 276
1124 277
1124 278
1124 279
1124 280
1124 281
1124 282
1124 283
1124 284
1125 176
1125 177
1125 178
1125 179
1125 180
1125 181
1125 182
1125 183
1125 184
1125 185
1125 186
1125 187
1125 254
1125 255
1125 256
1125 257
1125 258
1125 259
1125 260
1125 261
1125 262
1125 263
1125 264
1125 265
1125 266
1125 267
1125 268
1125 269
1125 270
1125 271
1125 272
1125 273
1125 274
1125 275
1125 276
1125 277
1125 278
1125 279
1126 248
1126 249
1126 250
1126 251
1126 252
1126 253
1126 254
1126 255
1126 256
1126 257
1126 258
1126 259
1126 260
1126 261
1126 262
1126 263
1126 264
1126 265
1126 266
1126 267
1126 268
1126 269
1126 270
1126 271
1126 272
1126 273
1127 242
1127 243
1127 244
1127 245
1127 246
1127 247
1127 248
1127 249
1127 250
1127 251
1127 252
1127 253
1127 254
1127 255
1127 256
1127 257
1127 258
1127 259
1127 260
1127 261
1127 262
1127 263
1127 264
1127 265
1127 266
1127 267
1127 268
1128 236
1128 237
1128 238
1128 239
1128 240
1128 241
1128 242
1128 243
1128 244
1128 245
1128 246
1128 247
1128 248
1128 249
1128 250
1128 251
1128 252
1128 253
1128 254
1128 255
1128 256
1128 257
1128 258
1128 259
1128 260
1128 261
1128 262
1129 231
1129 232
1129 233
1129 234
1129 235
1129 236
1129 237
1129 238
1129 239
1129 240
1129 241
1129 242
1129 243
1129 244
1129 245
1129 246
1129 247
1129 248
1129 249
1129 250
1129 251
1129 252
1129 253
1129 254
1129 255
1129 256
1129 257
1130 225
1130 226
1130 227
1130 228
1130 229
1130 230
1130 231
1130 232
1130 233
1130 234
1130 235
1130 236
1130 237
1130 238
1130 239
1130 240
1130 241
1130 242
1130 243
1130 244
1130 245
1130 246
1130 247
1130 248
1130 249
1130 250
1130 251
1131 219
1131 220
1131 221
1131 222
1131 223
1131 224
1131 225
1131 226
1131 227
1131 228
1131 229
1131 230
1131 231
1131 232
1131 233
1131 234
1131 235
1131 236
1131 237
1131 238
1131 239
1131 240
1131 241
1131 242
1131 243
1131 244
1131 245
1132 214
1132 215
1132 216
1132 217
1132 218
1132 219
1132 220
1132 221
1132 222
1132 223
1132 224
1132 225
1132 226
1132 227
1132 228
1132 229
1132 230
1132 231
1132 232
1132 233
1132 234
1132 235
1132 236
1132 237
1132 238
1132 239
1133 208
1133 209
1133 210
1133 211
1133 212
1133 213
1133 214
1133 215
1133 216
1133 217
1133 218
1133 219
1133 220
1133 221
1133 222
1133 223
1133 224
1133 225
1133 226
1133 227
1133 228
1133 229
1133 230
1133 231
1133 232
1133 233
1133 297
1133 298
1133 299
1133 300
1133 301
1133 302
1133 303
1133 304
1133 305
1133 306
1133 307
1133 308
1134 203
1134 204
1134 205
1134 206
1134 207
1134 208
1134 209
1134 210
1134 211
1134 212
1134 213
1134 214
1134 215
1134 216
1134 217
1134 218
1134 219
1134 220
1134 221
1134 222
1134 223
1134 224
1134 225
1134 226
1134 227
1134 290
1134 291
1134 292
1134 293
1134 294
1134 295
1134 296
1134 297
1134 298
1134 299
1134 300
1134 301
1134 302
1134 303
1134 304
1134 305
1135 197
1135 198
1135 199
1135 200
1135 201
1135 202
1135 203
1135 204
1135 205
1135 206
1135 207
1135 208
1135 209
1135 210
1135 211
1135 212
1135 213
1135 214
1135 215
1135 216
1135 217
1135 218
1135 219
1135 220
1135 221
1135 283
1135 284
1135 285
1135 286
1135 287
1135 288
1135 289
1135 290
1135 291
1135 292
1135 293
1135 294
1135 295
1135 296
1135 297
1135 298
1135 299
1135 300
1135 301
1136 192
1136 193
1136 194
1136 195
1136 196
1136 197
1136 198
1136 199
1136 200
1136 201
1136 202
1136 203
1136 204
1136 205
1136 206
1136 207
1136 208
1136 209
1136 210
1136 211
1136 212
1136 213
1136 214
1136 277
1136 278
1136 279
1136 280
1136 281
1136 282
1136 283
1136 284
1136 285
1136 286
1136 287
1136 288
1136 289
1136 290
1136 291
1136 292
1136 293
1136 294
1136 295
1136 296
1136 297
1137 187
1137 188
1137 189
1137 190
1137 191
1137 192
1137 193
1137 194
1137 195
1137 196
1137 197
1137 198
1137 199
1137 200
1137 201
1137 202
1137 203
1137 204
1137 205
1137 206
1137 207
1137 270
1137 271
1137 272
1137 273
1137 274
1137 275
1137 276
1137 277
1137 278
1137 279
1137 280
1137 281
1137 282
1137 283
1137 284
1137 285
1137 286
1137 287
1137 288
1137 289
1137 290
1137 291
1137 292
1138 182
1138 183
1138 184
1138 185
1138 186
1138 187
1138 188
1138 189
1138 190
1138 191
1138 192
1138 193
1138 194
1138 195
1138 196
1138 197
1138 198
1138 199
1138 200
1138 264
1138 265
1138 266
1138 267
1138 268
1138 269
1138 270
1138 271
1138 272
1138 273
1138 274
1138 275
1138 276
1138 277
1138 278
1138 279
1138 280
1138 281
1138 282
1138 283
1138 284
1138 285
1138 286
1138 287
1139 178
1139 179
1139 180
1139 181
1139 182
1139 183
1139 184
1139 185
1139 186
1139 187
1139 188
1139 189
1139 190
1139 191
1139 192
1139 193
1139 258
1139 259
1139 260
1139 261
1139 262
1139 263
1139 264
1139 265
1139 266
1139 267
1139 268
1139 269
1139 270
1139 271
1139 272
1139 273
1139 274
1139 275
1139 276
1139 277
1139 278
1139 279
1139 280
1139 281
1139 282
1140 176
1140 177
1140 178
1140 179
1140 180
1140 181
1140 182
1140 183
1140 252
1140 253
1140 254
1140 255
1140 256
1140 257
1140 258
1140 259
1140 260
1140 261
1140 262
1140 263
1140 264
1140 265
1140 266
1140 267
1140 268
1140 269
1140 270
1140 271
1140 272
1140 273
1140 274
1140 275
1140 276
1140 277
1141 246
1141 247
1141 248
1141 249
1141 250
1141 251
1141 252
1141 253
1141 254
1141 255
1141 256
1141 257
1141 258
1141 259
1141 260
1141 261
1141 262
1141 263
1141 264
1141 265
1141 266
1141 267
1141 268
1141 269
1141 270
1141 271
1142 240
1142 241
1142 242
1142 243
1142 244
1142 245
1142 246
1142 247
1142 248
1142 249
1142 250
1142 251
1142 252
1142 253
1142 254
1142 255
1142 256
1142 257
1142 258
1142 259
1142 260
1142 261
1142 262
1142 263
1142 264
1142 265
1142 266
1143 234
1143 235
1143 236
1143 237
1143 238
1143 239
1143 240
1143 241
1143 242
1143 243
1143 244
1143 245
1143 246
1143 247
1143 248
1143 249
1143 250
1143 251
1143 252
1143 253
1143 254
1143 255
1143 256
1143 257
1143 258
1143 259
1143 260
1144 228
1144 229
1144 230
1144 231
1144 232
1144 233
1144 234
1144 235
1144 236
1144 237
1144 238
1144 239
1144 240
1144 241
1144 242
1144 243
1144 244
1144 245
1144 246
1144 247
1144 248
1144 249
1144 250
1144 251
1144 252
1144 253
1144 254
1145 223
1145 224
1145 225
1145 226
1145 227
1145 228
1145 229
1145 230
1145 231
1145 232
1145 233
1145 234
1145 235
1145 236
1145 237
1145 238
1145 239
1145 240
1145 241
1145 242
1145 243
1145 244
1145 245
1145 246
1145 247
1145 248
1145 249
1146 217
1146 218
1146 219
1146 220
1146 221
1146 222
1146 223
1146 224
1146 225
1146 226
1146 227
1146 228
1146 229
1146 230
1146 231
1146 232
1146 233
1146 234
1146 235
1146 236
1146 237
1146 238
1146 239
1146 240
1146 241
1146 242
1146 243
1147 212
1147 213
1147 214
1147 215
1147 216
1147 217
1147 218
1147 219
1147 220
1147 221
1147 222
1147 223
1147 224
1147 225
1147 226
1147 227
1147 228
1147 229
1147 230
1147 231
1147 232
1147 233
1147 234
1147 235
1147 236
1147 237
1147 303
1147 304
1147 305
1147 306
1147 307
1147 308
1148 206
1148 207
1148 208
1148 209
1148 210
1148 211
1148 212
1148 213
1148 214
1148 215
1148 216
1148 217
1148 218
1148 219
1148 220
1148 221
1148 222
1148 223
1148 224
1148 225
1148 226
1148 227
1148 228
1148 229
1148 230
1148 231
1148 295
1148 296
1148 297
1148 298
1148 299
1148 300
1148 301
1148 302
1148 303
1148 304
1148 305
1148 306
1148 307
1149 201
1149 202
1149 203
1149 204
1149 205
1149 206
1149 207
1149 208
1149 209
1149 210
1149 211
1149 212
1149 213
1149 214
1149 215
1149 216
1149 217
1149 218
1149 219
1149 220
1149 221
1149 222
1149 223
1149 224
1149 287
1149 288
1149 289
1149 290
1149 291
1149 292
1149 293
1149 294
1149 295
1149 296
1149 297
1149 298
1149 299
1149 300
1149 301
1149 302
1149 303
1150 195
1150 196
1150 197
1150 198
1150 199
1150 200
1150 201
1150 202
1150 203
1150 204
1150 205
1150 206
1150 207
1150 208
1150 209
1150 210
1150 211
1150 212
1150 213
1150 214
1150 215
1150 216
1150 217
1150 218
1150 281
1150 282
1150 283
1150 284
1150 285
1150 286
1150 287
1150 288
1150 289
1150 290
1150 291
1150 292
1150 293
1150 294
1150 295
1150 296
1150 297
1150 298
1150 299
1151 190
1151 191
1151 192
1151 193
1151 194
1151 195
1151 196
1151 197
1151 198
1151 199
1151 200
1151 201
1151 202
1151 203
1151 204
1151 205
1151 206
1151 207
1151 208
1151 209
1151 210
1151 211
1151 212
1151 274
1151 275
1151 276
1151 277
1151 278
1151 279
1151 280
1151 281
1151 282
1151 283
1151 284
1151 285
1151 286
1151 287
1151 288
1151 289
1151 290
1151 291
1151 292
1151 293
1151 294
1151 295
1152 185
1152 186
1152 187
1152 188
1152 189
1152 190
1152 191
1152 192
1152 193
1152 194
1152 195
1152 196
1152 197
1152 198
1152 199
1152 200
1152 201
1152 202
1152 203
1152 204
1152 205
1152 268
1152 269
1152 270
1152 271
1152 272
1152 273
1152 274
1152 275
1152 276
1152 277
1152 278
1152 279
1152 280
1152 281
1152 282
1152 283
1152 284
1152 285
1152 286
1152 287
1152 288
1152 289
1152 290
1153 181
1153 182
1153 183
1153 184
1153 185
1153 186
1153 187
1153 188
1153 189
1153 190
1153 191
1153 192
1153 193
1153 194
1153 195
1153 196
1153 197
1153 262
1153 263
1153 264
1153 265
1153 266
1153 267
1153 268
1153 269
1153 270
1153 271
1153 272
1153 273
1153 274
1153 275
1153 276
1153 277
1153 278
1153 279
1153 280
1153 281
1153 282
1153 283
1153 284
1153 285
1154 178
1154 179
1154 180
1154 181
1154 182
1154 183
1154 184
1154 185
1154 186
1154 187
1154 188
1154 189
1154 256
1154 257
1154 258
1154 259
1154 260
1154 261
1154 262
1154 263
1154 264
1154 265
1154 266
1154 267
1154 268
1154 269
1154 270
1154 271
1154 272
1154 273
1154 274
1154 275
1154 276
1154 277
1154 278
1154 279
1155 250
1155 251
1155 252
1155 253
1155 254
1155 255
1155 256
1155 257
1155 258
1155 259
1155 260
1155 261
1155 262
1155 263
1155 264
1155 265
1155 266
1155 267
1155 268
1155 269
1155 270
1155 271
1155 272
1155 273
1155 274
1156 244
1156 245
1156 246
1156 247
1156 248
1156 249
1156 250
1156 251
1156 252
1156 253
1156 254
1156 255
1156 256
1156 257
1156 258
1156 259
1156 260
1156 261
1156 262
1156 263
1156 264
1156 265
1156 266
1156 267
1156 268
1156 269
1157 238
1157 239
1157 240
1157 241
1157 242
1157 243
1157 244
1157 245
1157 246
1157 247
1157 248
1157 249
1157 250
1157 251
1157 252
1157 253
1157 254
1157 255
1157 256
1157 257
1157 258
1157 259
1157 260
1157 261
1157 262
1157 263
1158 232
1158 233
1158 234
1158 235
1158 236
1158 237
1158 238
1158 239
1158 240
1158 241
1158 242
1158 243
1158 244
1158 245
1158 246
1158 247
1158 248
1158 249
1158 250
1158 251
1158 252
1158 253
1158 254
1158 255
1158 256
1158 257
1158 258
1159 226
1159 227
1159 228
1159 229
1159 230
1159 231
1159 232
1159 233
1159 234
1159 235
1159 236
1159 237
1159 238
1159 239
1159 240
1159 241
1159 242
1159 243
1159 244
1159 245
1159 246
1159 247
1159 248
1159 249
1159 250
1159 251
1159 252
1160 221
1160 222
1160 223
1160 224
1160 225
1160 226
1160 227
1160 228
1160 229
1160 230
1160 231
1160 232
1160 233
1160 234
1160 235
1160 236
1160 237
1160 238
1160 239
1160 240
1160 241
1160 242
1160 243
1160 244
1160 245
1160 246
1161 215
1161 216
1161 217
1161 218
1161 219
1161 220
1161 221
1161 222
1161 223
1161 224
1161 225
1161 226
1161 227
1161 228
1161 229
1161 230
1161 231
1161 232
1161 233
1161 234
1161 235
1161 236
1161 237
1161 238
1161 239
1161 240
1162 210
1162 211
1162 212
1162 213
1162 214
1162 215
1162 216
1162 217
1162 218
1162 219
1162 220
1162 221
1162 222
1162 223
1162 224
1162 225
1162 226
1162 227
1162 228
1162 229
1162 230
1162 231
1162 232
1162 233
1162 234
1162 300
1162 301
1162 302
1162 303
1162 304
1162 305
1162 306
1162 307
1163 204
1163 205
1163 206
1163 207
1163 208
1163 209
1163 210
1163 211
1163 212
1163 213
1163 214
1163 215
1163 216
1163 217
1163 218
1163 219
1163 220
1163 221
1163 222
1163 223
1163 224
1163 225
1163 226
1163 227
1163 228
1163 292
1163 293
1163 294
1163 295
1163 296
1163 297
1163 298
1163 299
1163 300
1163 301
1163 302
1163 303
1163 304
1163 305
1164 199
1164 200
1164 201
1164 202
1164 203
1164 204
1164 205
1164 206
1164 207
1164 208
1164 209
1164 210
1164 211
1164 212
1164 213
1164 214
1164 215
1164 216
1164 217
1164 218
1164 219
1164 220
1164 221
1164 222
1164 285
1164 286
1164 287
1164 288
1164 289
1164 290
1164 291
1164 292
1164 293
1164 294
1164 295
1164 296
1164 297
1164 298
1164 299
1164 300
1164 301
1165 194
1165 195
1165 196
1165 197
1165 198
1165 199
1165 200
1165 201
1165 202
1165 203
1165 204
1165 205
1165 206
1165 207
1165 208
1165 209
1165 210
1165 211
1165 212
1165 213
1165 214
1165 215
1165 216
1165 278
1165 279
1165 280
1165 281
1165 282
1165 283
1165 284
1165 285
1165 286
1165 287
1165 288
1165 289
1165 290
1165 291
1165 292
1165 293
1165 294
1165 295
1165 296
1165 297
1166 189
1166 190
1166 191
1166 192
1166 193
1166 194
1166 195
1166 196
1166 197
1166 198
1166 199
1166 200
1166 201
1166 202
1166 203
1166 204
1166 205
1166 206
1166 207
1166 208
1166 209
1166 272
1166 273
1166 274
1166 275
1166 276
1166 277
1166 278
1166 279
1166 280
1166 281
1166 282
1166 283
1166 284
1166 285
1166 286
1166 287
1166 288
1166 289
1166 290
1166 291
1166 292
1167 184
1167 185
1167 186
1167 187
1167 188
1167 189
1167 190
1167 191
1167 192
1167 193
1167 194
1167 195
1167 196
1167 197
1167 198
1167 199
1167 200
1167 201
1167 202
1167 265
1167 266
1167 267
1167 268
1167 269
1167 270
1167 271
1167 272
1167 273
1167 274
1167 275
1167 276
1167 277
1167 278
1167 279
1167 280
1167 281
1167 282
1167 283
1167 284
1167 285
1167 286
1167 287
1168 180
1168 181
1168 182
1168 183
1168 184
1168 185
1168 186
1168 187
1168 188
1168 189
1168 190
1168 191
1168 192
1168 193
1168 194
1168 259
1168 260
1168 261
1168 262
1168 263
1168 264
1168 265
1168 266
1168 267
1168 268
1168 269
1168 270
1168 271
1168 272
1168 273
1168 274
1168 275
1168 276
1168 277
1168 278
1168 279
1168 280
1168 281
1168 282
1169 177
1169 178
1169 179
1169 180
1169 181
1169 182
1169 183
1169 184
1169 185
1169 253
1169 254
1169 255
1169 256
1169 257
1169 258
1169 259
1169 260
1169 261
1169 262
1169 263
1169 264
1169 265
1169 266
1169 267
1169 268
1169 269
1169 270
1169 271
1169 272
1169 273
1169 274
1169 275
1169 276
1169 277
1170 247
1170 248
1170 249
1170 250
1170 251
1170 252
1170 253
1170 254
1170 255
1170 256
1170 257
1170 258
1170 259
1170 260
1170 261
1170 262
1170 263
1170 264
1170 265
1170 266
1170 267
1170 268
1170 269
1170 270
1170 271
1170 272
1171 242
1171 243
1171 244
1171 245
1171 246
1171 247
1171 248
1171 249
1171 250
1171 251
1171 252
1171 253
1171 254
1171 255
1171 256
1171 257
1171 258
1171 259
1171 260
1171 261
1171 262
1171 263
1171 264
1171 265
1171 266
1172 236
1172 237
1172 238
1172 239
1172 240
1172 241
1172 242
1172 243
1172 244
1172 245
1172 246
1172 247
1172 248
1172 249
1172 250
1172 251
1172 252
1172 253
1172 254
1172 255
1172 256
1172 257
1172 258
1172 259
1172 260
1172 261
1173 230
1173 231
1173 232
1173 233
1173 234
1173 235
1173 236
1173 237
1173 238
1173 239
1173 240
1173 241
1173 242
1173 243
1173 244
1173 245
1173 246
1173 247
1173 248
1173 249
1173 250
1173 251
1173 252
1173 253
1173 254
1173 255
1174 224
1174 225
1174 226
1174 227
1174 228
1174 229
1174 230
1174 231
1174 232
1174 233
1174 234
1174 235
1174 236
1174 237
1174 238
1174 239
1174 240
1174 241
1174 242
1174 243
1174 244
1174 245
1174 246
1174 247
1174 248
1174 249
1174 250
1175 219
1175 220
1175 221
1175 222
1175 223
1175 224
1175 225
1175 226
1175 227
1175 228
1175 229
1175 230
1175 231
1175 232
1175 233
1175 234
1175 235
1175 236
1175 237
1175 238
1175 239
1175 240
1175 241
1175 242
1175 243
1175 244
1176 213
1176 214
1176 215
1176 216
1176 217
1176 218
1176 219
1176 220
1176 221
1176 222
1176 223
1176 224
1176 225
1176 226
1176 227
1176 228
1176 229
1176 230
1176 231
1176 232
1176 233
1176 234
1176 235
1176 236
1176 237
1176 238
1177 208
1177 209
1177 210
1177 211
1177 212
1177 213
1177 214
1177 215
1177 216
1177 217
1177 218
1177 219
1177 220
1177 221
1177 222
1177 223
1177 224
1177 225
1177 226
1177 227
1177 228
1177 229
1177 230
1177 231
1177 232
1177 297
1177 298
1177 299
1177 300
1177 301
1177 302
1177 303
1177 304
1177 305
1177 306
1178 202
1178 203
1178 204
1178 205
1178 206
1178 207
1178 208
1178 209
1178 210
1178 211
1178 212
1178 213
1178 214
1178 215
1178 216
1178 217
1178 218
1178 219
1178 220
1178 221
1178 222
1178 223
1178 224
1178 225
1178 226
1178 289
1178 290
1178 291
1178 292
1178 293
1178 294
1178 295
1178 296
1178 297
1178 298
1178 299
1178 300
1178 301
1178 302
1178 303
1179 197
1179 198
1179 199
1179 200
1179 201
1179 202
1179 203
1179 204
1179 205
1179 206
1179 207
1179 208
1179 209
1179 210
1179 211
1179 212
1179 213
1179 214
1179 215
1179 216
1179 217
1179 218
1179 219
1179 282
1179 283
1179 284
1179 285
1179 286
1179 287
1179 288
1179 289
1179 290
1179 291
1179 292
1179 293
1179 294
1179 295
1179 296
1179 297
1179 298
1179 299
1180 192
1180 193
1180 194
1180 195
1180 196
1180 197
1180 198
1180 199
1180 200
1180 201
1180 202
1180 203
1180 204
1180 205
1180 206
1180 207
1180 208
1180 209
1180 210
1180 211
1180 212
1180 213
1180 276
1180 277
1180 278
1180 279
1180 280
1180 281
1180 282
1180 283
1180 284
1180 285
1180 286
1180 287
1180 288
1180 289
1180 290
1180 291
1180 292
1180 293
1180 294
1180 295
1181 187
1181 188
1181 189
1181 190
1181 191
1181 192
1181 193
1181 194
1181 195
1181 196
1181 197
1181 198
1181 199
1181 200
1181 201
1181 202
1181 203
1181 204
1181 205
1181 206
1181 269
1181 270
1181 271
1181 272
1181 273
1181 274
1181 275
1181 276
1181 277
1181 278
1181 279
1181 280
1181 281
1181 282
1181 283
1181 284
1181 285
1181 286
1181 287
1181 288
1181 289
1181 290
1182 183
1182 184
1182 185
1182 186
1182 187
1182 188
1182 189
1182 190
1182 191
1182 192
1182 193
1182 194
1182 195
1182 196
1182 197
1182 198
1182 199
1182 263
1182 264
1182 265
1182 266
1182 267
1182 268
1182 269
1182 270
1182 271
1182 272
1182 273
1182 274
1182 275
1182 276
1182 277
1182 278
1182 279
1182 280
1182 281
1182 282
1182 283
1182 284
1182 285
1183 179
1183 180
1183 181
1183 182
1183 183
1183 184
1183 185
1183 186
1183 187
1183 188
1183 189
1183 190
1183 191
1183 257
1183 258
1183 259
1183 260
1183 261
1183 262
1183 263
1183 264
1183 265
1183 266
1183 267
1183 268
1183 269
1183 270
1183 271
1183 272
1183 273
1183 274
1183 275
1183 276
1183 277
1183 278
1183 279
1183 280
1184 251
1184 252
1184 253
1184 254
1184 255
1184 256
1184 257
1184 258
1184 259
1184 260
1184 261
1184 262
1184 263
1184 264
1184 265
1184 266
1184 267
1184 268
1184 269
1184 270
1184 271
1184 272
1184 273
1184 274
1184 275
1185 245
1185 246
1185 247
1185 248
1185 249
1185 250
1185 251
1185 252
1185 253
1185 254
1185 255
1185 256
1185 257
1185 258
1185 259
1185 260
1185 261
1185 262
1185 263
1185 264
1185 265
1185 266
1185 267
1185 268
1185 269
1186 239
1186 240
1186 241
1186 242
1186 243
1186 244
1186 245
1186 246
1186 247
1186 248
1186 249
1186 250
1186 251
1186 252
1186 253
1186 254
1186 255
1186 256
1186 257
1186 258
1186 259
1186 260
1186 261
1186 262
1186 263
1186 264
1187 234
1187 235
1187 236
1187 237
1187 238
1187 239
1187 240
1187 241
1187 242
1187 243
1187 244
1187 245
1187 246
1187 247
1187 248
1187 249
1187 250
1187 251
1187 252
1187 253
1187 254
1187 255
1187 256
1187 257
1187 258
1188 228
1188 229
1188 230
1188 231
1188 232
1188 233
1188 234
1188 235
1188 236
1188 237
1188 238
1188 239
1188 240
1188 241
1188 242
1188 243
1188 244
1188 245
1188 246
1188 247
1188 248
1188 249
1188 250
1188 251
1188 252
1188 253
1189 222
1189 223
1189 224
1189 225
1189 226
1189 227
1189 228
1189 229
1189 230
1189 231
1189 232
1189 233
1189 234
1189 235
1189 236
1189 237
1189 238
1189 239
1189 240
1189 241
1189 242
1189 243
1189 244
1189 245
1189 246
1189 247
1190 217
1190 218
1190 219
1190 220
1190 221
1190 222
1190 223
1190 224
1190 225
1190 226
1190 227
1190 228
1190 229
1190 230
1190 231
1190 232
1190 233
1190 234
1190 235
1190 236
1190 237
1190 238
1190 239
1190 240
1190 241
1191 211
1191 212
1191 213
1191 214
1191 215
1191 216
1191 217
1191 218
1191 219
1191 220
1191 221
1191 222
1191 223
1191 224
1191 225
1191 226
1191 227
1191 228
1191 229
1191 230
1191 231
1191 232
1191 233
1191 234
1191 235
1192 206
1192 207
1192 208
1192 209
1192 210
1192 211
1192 212
1192 213
1192 214
1192 215
1192 216
1192 217
1192 218
1192 219
1192 220
1192 221
1192 222
1192 223
1192 224
1192 225
1192 226
1192 227
1192 228
1192 229
1192 294
1192 295
1192 296
1192 297
1192 298
1192 299
1192 300
1192 301
1192 302
1192 303
1192 304
1193 200
1193 201
1193 202
1193 203
1193 204
1193 205
1193 206
1193 207
1193 208
1193 209
1193 210
1193 211
1193 212
1193 213
1193 214
1193 215
1193 216
1193 217
1193 218
1193 219
1193 220
1193 221
1193 222
1193 223
1193 286
1193 287
1193 288
1193 289
1193 290
1193 291
1193 292
1193 293
1193 294
1193 295
1193 296
1193 297
1193 298
1193 299
1193 300
1193 301
1194 195
1194 196
1194 197
1194 198
1194 199
1194 200
1194 201
1194 202
1194 203
1194 204
1194 205
1194 206
1194 207
1194 208
1194 209
1194 210
1194 211
1194 212
1194 213
1194 214
1194 215
1194 216
1194 217
1194 280
1194 281
1194 282
1194 283
1194 284
1194 285
1194 286
1194 287
1194 288
1194 289
1194 290
1194 291
1194 292
1194 293
1194 294
1194 295
1194 296
1194 297
1195 190
1195 191
1195 192
1195 193
1195 194
1195 195
1195 196
1195 197
1195 198
1195 199
1195 200
1195 201
1195 202
1195 203
1195 204
1195 205
1195 206
1195 207
1195 208
1195 209
1195 210
1195 273
1195 274
1195 275
1195 276
1195 277
1195 278
1195 279
1195 280
1195 281
1195 282
1195 283
1195 284
1195 285
1195 286
1195 287
1195 288
1195 289
1195 290
1195 291
1195 292
1195 293
1196 186
1196 187
1196 188
1196 189
1196 190
1196 191
1196 192
1196 193
1196 194
1196 195
1196 196
1196 197
1196 198
1196 199
1196 200
1196 201
1196 202
1196 203
1196 267
1196 268
1196 269
1196 270
1196 271
1196 272
1196 273
1196 274
1196 275
1196 276
1196 277
1196 278
1196 279
1196 280
1196 281
1196 282
1196 283
1196 284
1196 285
1196 286
1196 287
1196 288
1197 181
1197 182
1197 183
1197 184
1197 185
1197 186
1197 187
1197 188
1197 189
1197 190
1197 191
1197 192
1197 193
1197 194
1197 195
1197 196
1197 261
1197 262
1197 263
1197 264
1197 265
1197 266
1197 267
1197 268
1197 269
1197 270
1197 271
1197 272
1197 273
1197 274
1197 275
1197 276
1197 277
1197 278
1197 279
1197 280
1197 281
1197 282
1197 283
1198 179
1198 180
1198 181
1198 182
1198 183
1198 184
1198 185
1198 186
1198 187
1198 255
1198 256
1198 257
1198 258
1198 259
1198 260
1198 261
1198 262
1198 263
1198 264
1198 265
1198 266
1198 267
1198 268
1198 269
1198 270
1198 271
1198 272
1198 273
1198 274
1198 275
1198 276
1198 277
1198 278
1199 249
1199 250
1199 251
1199 252
1199 253
1199 254
1199 255
1199 256
1199 257
1199 258
1199 259
1199 260
1199 261
1199 262
1199 263
1199 264
1199 265
1199 266
1199 267
1199 268
1199 269
1199 270
1199 271
1199 272
1200 243
1200 244
1200 245
1200 246
1200 247
1200 248
1200 249
1200 250
1200 251
1200 252
1200 253
1200 254
1200 255
1200 256
1200 257
1200 258
1200 259
1200 260
1200 261
1200 262
1200 263
1200 264
1200 265
1200 266
1200 267
1201 237
1201 238
1201 239
1201 240
1201 241
1201 242
1201 243
1201 244
1201 245
1201 246
1201 247
1201 248
1201 249
1201 250
1201 251
1201 252
1201 253
1201 254
1201 255
1201 256
1201 257
1201 258
1201 259
1201 260
1201 261
1201 262
1202 231
1202 232
1202 233
1202 234
1202 235
1202 236
1202 237
1202 238
1202 239
1202 240
1202 241
1202 242
1202 243
1202 244
1202 245
1202 246
1202 247
1202 248
1202 249
1202 250
1202 251
1202 252
1202 253
1202 254
1202 255
1202 256
1203 226
1203 227
1203 228
1203 229
1203 230
1203 231
1203 232
1203 233
1203 234
1203 235
1203 236
1203 237
1203 238
1203 239
1203 240
1203 241
1203 242
1203 243
1203 244
1203 245
1203 246
1203 247
1203 248
1203 249
1203 250
1204 220
1204 221
1204 222
1204 223
1204 224
1204 225
1204 226
1204 227
1204 228
1204 229
1204 230
1204 231
1204 232
1204 233
1204 234
1204 235
1204 236
1204 237
1204 238
1204 239
1204 240
1204 241
1204 242
1204 243
1204 244
1204 245
1205 215
1205 216
1205 217
1205 218
1205 219
1205 220
1205 221
1205 222
1205 223
1205 224
1205 225
1205 226
1205 227
1205 228
1205 229
1205 230
1205 231
1205 232
1205 233
1205 234
1205 235
1205 236
1205 237
1205 238
1205 239
1206 209
1206 210
1206 211
1206 212
1206 213
1206 214
1206 215
1206 216
1206 217
1206 218
1206 219
1206 220
1206 221
1206 222
1206 223
1206 224
1206 225
1206 226
1206 227
1206 228
1206 229
1206 230
1206 231
1206 232
1206 233
1206 300
1206 301
1206 302
1206 303
1206 304
1207 204
1207 205
1207 206
1207 207
1207 208
1207 209
1207 210
1207 211
1207 212
1207 213
1207 214
1207 215
1207 216
1207 217
1207 218
1207 219
1207 220
1207 221
1207 222
1207 223
1207 224
1207 225
1207 226
1207 227
1207 291
1207 292
1207 293
1207 294
1207 295
1207 296
1207 297
1207 298
1207 299
1207 300
1207 301
1207 302
1208 199
1208 200
1208 201
1208 202
1208 203
1208 204
1208 205
1208 206
1208 207
1208 208
1208 209
1208 210
1208 211
1208 212
1208 213
1208 214
1208 215
1208 216
1208 217
1208 218
1208 219
1208 220
1208 221
1208 284
1208 285
1208 286
1208 287
1208 288
1208 289
1208 290
1208 291
1208 292
1208 293
1208 294
1208 295
1208 296
1208 297
1208 298
1208 299
1209 193
1209 194
1209 195
1209 196
1209 197
1209 198
1209 199
1209 200
1209 201
1209 202
1209 203
1209 204
1209 205
1209 206
1209 207
1209 208
1209 209
1209 210
1209 211
1209 212
1209 213
1209 214
1209 277
1209 278
1209 279
1209 280
1209 281
1209 282
1209 283
1209 284
1209 285
1209 286
1209 287
1209 288
1209 289
1209 290
1209 291
1209 292
1209 293
1209 294
1209 295
1210 189
1210 190
1210 191
1210 192
1210 193
1210 194
1210 195
1210 196
1210 197
1210 198
1210 199
1210 200
1210 201
1210 202
1210 203
1210 204
1210 205
1210 206
1210 207
1210 208
1210 271
1210 272
1210 273
1210 274
1210 275
1210 276
1210 277
1210 278
1210 279
1210 280
1210 281
1210 282
1210 283
1210 284
1210 285
1210 286
1210 287
1210 288
1210 289
1210 290
1211 184
1211 185
1211 186
1211 187
1211 188
1211 189
1211 190
1211 191
1211 192
1211 193
1211 194
1211 195
1211 196
1211 197
1211 198
1211 199
1211 200
1211 201
1211 265
1211 266
1211 267
1211 268
1211 269
1211 270
1211 271
1211 272
1211 273
1211 274
1211 275
1211 276
1211 277
1211 278
1211 279
1211 280
1211 281
1211 282
1211 283
1211 284
1211 285
1211 286
1212 181
1212 182
1212 183
1212 184
1212 185
1212 186
1212 187
1212 188
1212 189
1212 190
1212 191
1212 192
1212 193
1212 258
1212 259
1212 260
1212 261
1212 262
1212 263
1212 264
1212 265
1212 266
1212 267
1212 268
1212 269
1212 270
1212 271
1212 272
1212 273
1212 274
1212 275
1212 276
1212 277
1212 278
1212 279
1212 280
1212 281
1213 180
1213 181
1213 182
1213 253
1213 254
1213 255
1213 256
1213 257
1213 258
1213 259
1213 260
1213 261
1213 262
1213 263
1213 264
1213 265
1213 266
1213 267
1213 268
1213 269
1213 270
1213 271
1213 272
1213 273
1213 274
1213 275
1214 247
1214 248
1214 249
1214 250
1214 251
1214 252
1214 253
1214 254
1214 255
1214 256
1214 257
1214 258
1214 259
1214 260
1214 261
1214 262
1214 263
1214 264
1214 265
1214 266
1214 267
1214 268
1214 269
1214 270
1215 241
1215 242
1215 243
1215 244
1215 245
1215 246
1215 247
1215 248
1215 249
1215 250
1215 251
1215 252
1215 253
1215 254
1215 255
1215 256
1215 257
1215 258
1215 259
1215 260
1215 261
1215 262
1215 263
1215 264
1215 265
1216 235
1216 236
1216 237
1216 238
1216 239
1216 240
1216 241
1216 242
1216 243
1216 244
1216 245
1216 246
1216 247
1216 248
1216 249
1216 250
1216 251
1216 252
1216 253
1216 254
1216 255
1216 256
1216 257
1216 258
1216 259
1217 229
1217 230
1217 231
1217 232
1217 233
1217 234
1217 235
1217 236
1217 237
1217 238
1217 239
1217 240
1217 241
1217 242
1217 243
1217 244
1217 245
1217 246
1217 247
1217 248
1217 249
1217 250
1217 251
1217 252
1217 253
1217 254
1218 224
1218 225
1218 226
1218 227
1218 228
1218 229
1218 230
1218 231
1218 232
1218 233
1218 234
1218 235
1218 236
1218 237
1218 238
1218 239
1218 240
1218 241
1218 242
1218 243
1218 244
1218 245
1218 246
1218 247
1218 248
1219 218
1219 219
1219 220
1219 221
1219 222
1219 223
1219 224
1219 225
1219 226
1219 227
1219 228
1219 229
1219 230
1219 231
1219 232
1219 233
1219 234
1219 235
1219 236
1219 237
1219 238
1219 239
1219 240
1219 241
1219 242
1220 213
1220 214
1220 215
1220 216
1220 217
1220 218
1220 219
1220 220
1220 221
1220 222
1220 223
1220 224
1220 225
1220 226
1220 227
1220 228
1220 229
1220 230
1220 231
1220 232
1220 233
1220 234
1220 235
1220 236
1221 207
1221 208
1221 209
1221 210
1221 211
1221 212
1221 213
1221 214
1221 215
1221 216
1221 217
1221 218
1221 219
1221 220
1221 221
1221 222
1221 223
1221 224
1221 225
1221 226
1221 227
1221 228
1221 229
1221 230
1221 296
1221 297
1221 298
1221 299
1221 300
1221 301
1221 302
1221 303
1222 202
1222 203
1222 204
1222 205
1222 206
1222 207
1222 208
1222 209
1222 210
1222 211
1222 212
1222 213
1222 214
1222 215
1222 216
1222 217
1222 218
1222 219
1222 220
1222 221
1222 222
1222 223
1222 224
1222 288
1222 289
1222 290
1222 291
1222 292
1222 293
1222 294
1222 295
1222 296
1222 297
1222 298
1222 299
1222 300
1223 197
1223 198
1223 199
1223 200
1223 201
1223 202
1223 203
1223 204
1223 205
1223 206
1223 207
1223 208
1223 209
1223 210
1223 211
1223 212
1223 213
1223 214
1223 215
1223 216
1223 217
1223 218
1223 281
1223 282
1223 283
1223 284
1223 285
1223 286
1223 287
1223 288
1223 289
1223 290
1223 291
1223 292
1223 293
1223 294
1223 295
1223 296
1223 297
1224 192
1224 193
1224 194
1224 195
1224 196
1224 197
1224 198
1224 199
1224 200
1224 201
1224 202
1224 203
1224 204
1224 205
1224 206
1224 207
1224 208
1224 209
1224 210
1224 211
1224 212
1224 275
1224 276
1224 277
1224 278
1224 279
1224 280
1224 281
1224 282
1224 283
1224 284
1224 285
1224 286
1224 287
1224 288
1224 289
1224 290
1224 291
1224 292
1224 293
1225 187
1225 188
1225 189
1225 190
1225 191
1225 192
1225 193
1225 194
1225 195
1225 196
1225 197
1225 198
1225 199
1225 200
1225 201
1225 202
1225 203
1225 204
1225 205
1225 268
1225 269
1225 270
1225 271
1225 272
1225 273
1225 274
1225 275
1225 276
1225 277
1225 278
1225 279
1225 280
1225 281
1225 282
1225 283
1225 284
1225 285
1225 286
1225 287
1225 288
1226 183
1226 184
1226 185
1226 186
1226 187
1226 188
1226 189
1226 190
1226 191
1226 192
1226 193
1226 194
1226 195
1226 196
1226 197
1226 198
1226 262
1226 263
1226 264
1226 265
1226 266
1226 267
1226 268
1226 269
1226 270
1226 271
1226 272
1226 273
1226 274
1226 275
1226 276
1226 277
1226 278
1226 279
1226 280
1226 281
1226 282
1226 283
1227 180
1227 181
1227 182
1227 183
1227 184
1227 185
1227 186
1227 187
1227 188
1227 189
1227 256
1227 257
1227 258
1227 259
1227 260
1227 261
1227 262
1227 263
1227 264
1227 265
1227 266
1227 267
1227 268
1227 269
1227 270
1227 271
1227 272
1227 273
1227 274
1227 275
1227 276
1227 277
1227 278
1228 250
1228 251
1228 252
1228 253
1228 254
1228 255
1228 256
1228 257
1228 258
1228 259
1228 260
1228 261
1228 262
1228 263
1228 264
1228 265
1228 266
1228 267
1228 268
1228 269
1228 270
1228 271
1228 272
1228 273
1229 244
1229 245
1229 246
1229 247
1229 248
1229 249
1229 250
1229 251
1229 252
1229 253
1229 254
1229 255
1229 256
1229 257
1229 258
1229 259
1229 260
1229 261
1229 262
1229 263
1229 264
1229 265
1229 266
1229 267
1229 268
1230 239
1230 240
1230 241
1230 242
1230 243
1230 244
1230 245
1230 246
1230 247
1230 248
1230 249
1230 250
1230 251
1230 252
1230 253
1230 254
1230 255
1230 256
1230 257
1230 258
1230 259
1230 260
1230 261
1230 262
1231 233
1231 234
1231 235
1231 236
1231 237
1231 238
1231 239
1231 240
1231 241
1231 242
1231 243
1231 244
1231 245
1231 246
1231 247
1231 248
1231 249
1231 250
1231 251
1231 252
1231 253
1231 254
1231 255
1231 256
1231 257
1232 227
1232 228
1232 229
1232 230
1232 231
1232 232
1232 233
1232 234
1232 235
1232 236
1232 237
1232 238
1232 239
1232 240
1232 241
1232 242
1232 243
1232 244
1232 245
1232 246
1232 247
1232 248
1232 249
1232 250
1232 251
1233 222
1233 223
1233 224
1233 225
1233 226
1233 227
1233 228
1233 229
1233 230
1233 231
1233 232
1233 233
1233 234
1233 235
1233 236
1233 237
1233 238
1233 239
1233 240
1233 241
1233 242
1233 243
1233 244
1233 245
1233 246
1234 216
1234 217
1234 218
1234 219
1234 220
1234 221
1234 222
1234 223
1234 224
1234 225
1234 226
1234 227
1234 228
1234 229
1234 230
1234 231
1234 232
1234 233
1234 234
1234 235
1234 236
1234 237
1234 238
1234 239
1234 240
1235 211
1235 212
1235 213
1235 214
1235 215
1235 216
1235 217
1235 218
1235 219
1235 220
1235 221
1235 222
1235 223
1235 224
1235 225
1235 226
1235 227
1235 228
1235 229
1235 230
1235 231
1235 232
1235 233
1235 234
1236 205
1236 206
1236 207
1236 208
1236 209
1236 210
1236 211
1236 212
1236 213
1236 214
1236 215
1236 216
1236 217
1236 218
1236 219
1236 220
1236 221
1236 222
1236 223
1236 224
1236 225
1236 226
1236 227
1236 228
1236 293
1236 294
1236 295
1236 296
1236 297
1236 298
1236 299
1236 300
1236 301
1237 200
1237 201
1237 202
1237 203
1237 204
1237 205
1237 206
1237 207
1237 208
1237 209
1237 210
1237 211
1237 212
1237 213
1237 214
1237 215
1237 216
1237 217
1237 218
1237 219
1237 220
1237 221
1237 222
1237 286
1237 287
1237 288
1237 289
1237 290
1237 291
1237 292
1237 293
1237 294
1237 295
1237 296
1237 297
1237 298
1238 195
1238 196
1238 197
1238 198
1238 199
1238 200
1238 201
1238 202
1238 203
1238 204
1238 205
1238 206
1238 207
1238 208
1238 209
1238 210
1238 211
1238 212
1238 213
1238 214
1238 215
1238 216
1238 279
1238 280
1238 281
1238 282
1238 283
1238 284
1238 285
1238 286
1238 287
1238 288
1238 289
1238 290
1238 291
1238 292
1238 293
1238 294
1238 295
1239 190
1239 191
1239 192
1239 193
1239 194
1239 195
1239 196
1239 197
1239 198
1239 199
1239 200
1239 201
1239 202
1239 203
1239 204
1239 205
1239 206
1239 207
1239 208
1239 209
1239 272
1239 273
1239 274
1239 275
1239 276
1239 277
1239 278
1239 279
1239 280
1239 281
1239 282
1239 283
1239 284
1239 285
1239 286
1239 287
1239 288
1239 289
1239 290
1240 186
1240 187
1240 188
1240 189
1240 190
1240 191
1240 192
1240 193
1240 194
1240 195
1240 196
1240 197
1240 198
1240 199
1240 200
1240 201
1240 202
1240 266
1240 267
1240 268
1240 269
1240 270
1240 271
1240 272
1240 273
1240 274
1240 275
1240 276
1240 277
1240 278
1240 279
1240 280
1240 281
1240 282
1240 283
1240 284
1240 285
1240 286
1241 182
1241 183
1241 184
1241 185
1241 186
1241 187
1241 188
1241 189
1241 190
1241 191
1241 192
1241 193
1241 194
1241 195
1241 260
1241 261
1241 262
1241 263
1241 264
1241 265
1241 266
1241 267
1241 268
1241 269
1241 270
1241 271
1241 272
1241 273
1241 274
1241 275
1241 276
1241 277
1241 278
1241 279
1241 280
1241 281
1242 181
1242 182
1242 183
1242 184
1242 185
1242 254
1242 255
1242 256
1242 257
1242 258
1242 259
1242 260
1242 261
1242 262
1242 263
1242 264
1242 265
1242 266
1242 267
1242 268
1242 269
1242 270
1242 271
1242 272
1242 273
1242 274
1242 275
1242 276
1243 248
1243 249
1243 250
1243 251
1243 252
1243 253
1243 254
1243 255
1243 256
1243 257
1243 258
1243 259
1243 260
1243 261
1243 262
1243 263
1243 264
1243 265
1243 266
1243 267
1243 268
1243 269
1243 270
1243 271
1244 242
1244 243
1244 244
1244 245
1244 246
1244 247
1244 248
1244 249
1244 250
1244 251
1244 252
1244 253
1244 254
1244 255
1244 256
1244 257
1244 258
1244 259
1244 260
1244 261
1244 262
1244 263
1244 264
1244 265
1245 237
1245 238
1245 239
1245 240
1245 241
1245 242
1245 243
1245 244
1245 245
1245 246
1245 247
1245 248
1245 249
1245 250
1245 251
1245 252
1245 253
1245 254
1245 255
1245 256
1245 257
1245 258
1245 259
1245 260
1246 231
1246 232
1246 233
1246 234
1246 235
1246 236
1246 237
1246 238
1246 239
1246 240
1246 241
1246 242
1246 243
1246 244
1246 245
1246 246
1246 247
1246 248
1246 249
1246 250
1246 251
1246 252
1246 253
1246 254
1247 225
1247 226
1247 227
1247 228
1247 229
1247 230
1247 231
1247 232
1247 233
1247 234
1247 235
1247 236
1247 237
1247 238
1247 239
1247 240
1247 241
1247 242
1247 243
1247 244
1247 245
1247 246
1247 247
1247 248
1247 249
1248 220
1248 221
1248 222
1248 223
1248 224
1248 225
1248 226
1248 227
1248 228
1248 229
1248 230
1248 231
1248 232
1248 233
1248 234
1248 235
1248 236
1248 237
1248 238
1248 239
1248 240
1248 241
1248 242
1248 243
1249 214
1249 215
1249 216
1249 217
1249 218
1249 219
1249 220
1249 221
1249 222
1249 223
1249 224
1249 225
1249 226
1249 227
1249 228
1249 229
1249 230
1249 231
1249 232
1249 233
1249 234
1249 235
1249 236
1249 237
1250 209
1250 210
1250 211
1250 212
1250 213
1250 214
1250 215
1250 216
1250 217
1250 218
1250 219
1250 220
1250 221
1250 222
1250 223
1250 224
1250 225
1250 226
1250 227
1250 228
1250 229
1250 230
1250 231
1251 204
1251 205
1251 206
1251 207
1251 208
1251 209
1251 210
1251 211
1251 212
1251 213
1251 214
1251 215
1251 216
1251 217
1251 218
1251 219
1251 220
1251 221
1251 222
1251 223
1251 224
1251 225
1251 291
1251 292
1251 293
1251 294
1251 295
1251 296
1251 297
1251 298
1251 299
1252 198
1252 199
1252 200
1252 201
1252 202
1252 203
1252 204
1252 205
1252 206
1252 207
1252 208
1252 209
1252 210
1252 211
1252 212
1252 213
1252 214
1252 215
1252 216
1252 217
1252 218
1252 219
1252 283
1252 284
1252 285
1252 286
1252 287
1252 288
1252 289
1252 290
1252 291
1252 292
1252 293
1252 294
1252 295
1252 296
1253 194
1253 195
1253 196
1253 197
1253 198
1253 199
1253 200
1253 201
1253 202
1253 203
1253 204
1253 205
1253 206
1253 207
1253 208
1253 209
1253 210
1253 211
1253 212
1253 213
1253 276
1253 277
1253 278
1253 279
1253 280
1253 281
1253 282
1253 283
1253 284
1253 285
1253 286
1253 287
1253 288
1253 289
1253 290
1253 291
1253 292
1254 189
1254 190
1254 191
1254 192
1254 193
1254 194
1254 195
1254 196
1254 197
1254 198
1254 199
1254 200
1254 201
1254 202
1254 203
1254 204
1254 205
1254 206
1254 270
1254 271
1254 272
1254 273
1254 274
1254 275
1254 276
1254 277
1254 278
1254 279
1254 280
1254 281
1254 282
1254 283
1254 284
1254 285
1254 286
1254 287
1254 288
1255 185
1255 186
1255 187
1255 188
1255 189
1255 190
1255 191
1255 192
1255 193
1255 194
1255 195
1255 196
1255 197
1255 198
1255 199
1255 264
1255 265
1255 266
1255 267
1255 268
1255 269
1255 270
1255 271
1255 272
1255 273
1255 274
1255 275
1255 276
1255 277
1255 278
1255 279
1255 280
1255 281
1255 282
1255 283
1256 182
1256 183
1256 184
1256 185
1256 186
1256 187
1256 188
1256 189
1256 190
1256 191
1256 258
1256 259
1256 260
1256 261
1256 262
1256 263
1256 264
1256 265
1256 266
1256 267
1256 268
1256 269
1256 270
1256 271
1256 272
1256 273
1256 274
1256 275
1256 276
1256 277
1256 278
1256 279
1257 252
1257 253
1257 254
1257 255
1257 256
1257 257
1257 258
1257 259
1257 260
1257 261
1257 262
1257 263
1257 264
1257 265
1257 266
1257 267
1257 268
1257 269
1257 270
1257 271
1257 272
1257 273
1258 246
1258 247
1258 248
1258 249
1258 250
1258 251
1258 252
1258 253
1258 254
1258 255
1258 256
1258 257
1258 258
1258 259
1258 260
1258 261
1258 262
1258 263
1258 264
1258 265
1258 266
1258 267
1258 268
1259 240
1259 241
1259 242
1259 243
1259 244
1259 245
1259 246
1259 247
1259 248
1259 249
1259 250
1259 251
1259 252
1259 253
1259 254
1259 255
1259 256
1259 257
1259 258
1259 259
1259 260
1259 261
1259 262
1259 263
1260 234
1260 235
1260 236
1260 237
1260 238
1260 239
1260 240
1260 241
1260 242
1260 243
1260 244
1260 245
1260 246
1260 247
1260 248
1260 249
1260 250
1260 251
1260 252
1260 253
1260 254
1260 255
1260 256
1260 257
1260 258
1261 229
1261 230
1261 231
1261 232
1261 233
1261 234
1261 235
1261 236
1261 237
1261 238
1261 239
1261 240
1261 241
1261 242
1261 243
1261 244
1261 245
1261 246
1261 247
1261 248
1261 249
1261 250
1261 251
1261 252
1262 223
1262 224
1262 225
1262 226
1262 227
1262 228
1262 229
1262 230
1262 231
1262 232
1262 233
1262 234
1262 235
1262 236
1262 237
1262 238
1262 239
1262 240
1262 241
1262 242
1262 243
1262 244
1262 245
1262 246
1263 218
1263 219
1263 220
1263 221
1263 222
1263 223
1263 224
1263 225
1263 226
1263 227
1263 228
1263 229
1263 230
1263 231
1263 232
1263 233
1263 234
1263 235
1263 236
1263 237
1263 238
1263 239
1263 240
1263 241
1264 212
1264 213
1264 214
1264 215
1264 216
1264 217
1264 218
1264 219
1264 220
1264 221
1264 222
1264 223
1264 224
1264 225
1264 226
1264 227
1264 228
1264 229
1264 230
1264 231
1264 232
1264 233
1264 234
1264 235
1265 207
1265 208
1265 209
1265 210
1265 211
1265 212
1265 213
1265 214
1265 215
1265 216
1265 217
1265 218
1265 219
1265 220
1265 221
1265 222
1265 223
1265 224
1265 225
1265 226
1265 227
1265 228
1265 229
1265 297
1265 298
1266 202
1266 203
1266 204
1266 205
1266 206
1266 207
1266 208
1266 209
1266 210
1266 211
1266 212
1266 213
1266 214
1266 215
1266 216
1266 217
1266 218
1266 219
1266 220
1266 221
1266 222
1266 223
1266 288
1266 289
1266 290
1266 291
1266 292
1266 293
1266 294
1266 295
1266 296
1266 297
1266 298
1267 197
1267 198
1267 199
1267 200
1267 201
1267 202
1267 203
1267 204
1267 205
1267 206
1267 207
1267 208
1267 209
1267 210
1267 211
1267 212
1267 213
1267 214
1267 215
1267 216
1267 217
1267 281
1267 282
1267 283
1267 284
1267 285
1267 286
1267 287
1267 288
1267 289
1267 290
1267 291
1267 292
1267 293
1267 294
1268 192
1268 193
1268 194
1268 195
1268 196
1268 197
1268 198
1268 199
1268 200
1268 201
1268 202
1268 203
1268 204
1268 205
1268 206
1268 207
1268 208
1268 209
1268 210
1268 274
1268 275
1268 276
1268 277
1268 278
1268 279
1268 280
1268 281
1268 282
1268 283
1268 284
1268 285
1268 286
1268 287
1268 288
1268 289
1268 290
1269 188
1269 189
1269 190
1269 191
1269 192
1269 193
1269 194
1269 195
1269 196
1269 197
1269 198
1269 199
1269 200
1269 201
1269 202
1269 203
1269 268
1269 269
1269 270
1269 271
1269 272
1269 273
1269 274
1269 275
1269 276
1269 277
1269 278
1269 279
1269 280
1269 281
1269 282
1269 283
1269 284
1269 285
1269 286
1270 184
1270 185
1270 186
1270 187
1270 188
1270 189
1270 190
1270 191
1270 192
1270 193
1270 194
1270 195
1270 196
1270 262
1270 263
1270 264
1270 265
1270 266
1270 267
1270 268
1270 269
1270 270
1270 271
1270 272
1270 273
1270 274
1270 275
1270 276
1270 277
1270 278
1270 279
1270 280
1270 281
1271 182
1271 183
1271 184
1271 185
1271 186
1271 187
1271 256
1271 257
1271 258
1271 259
1271 260
1271 261
1271 262
1271 263
1271 264
1271 265
1271 266
1271 267
1271 268
1271 269
1271 270
1271 271
1271 272
1271 273
1271 274
1271 275
1271 276
1272 250
1272 251
1272 252
1272 253
1272 254
1272 255
1272 256
1272 257
1272 258
1272 259
1272 260
1272 261
1272 262
1272 263
1272 264
1272 265
1272 266
1272 267
1272 268
1272 269
1272 270
1272 271
1273 244
1273 245
1273 246
1273 247
1273 248
1273 249
1273 250
1273 251
1273 252
1273 253
1273 254
1273 255
1273 256
1273 257
1273 258
1273 259
1273 260
1273 261
1273 262
1273 263
1273 264
1273 265
1273 266
1274 238
1274 239
1274 240
1274 241
1274 242
1274 243
1274 244
1274 245
1274 246
1274 247
1274 248
1274 249
1274 250
1274 251
1274 252
1274 253
1274 254
1274 255
1274 256
1274 257
1274 258
1274 259
1274 260
1274 261
1275 232
1275 233
1275 234
1275 235
1275 236
1275 237
1275 238
1275 239
1275 240
1275 241
1275 242
1275 243
1275 244
1275 245
1275 246
1275 247
1275 248
1275 249
1275 250
1275 251
1275 252
1275 253
1275 254
1275 255
1276 227
1276 228
1276 229
1276 230
1276 231
1276 232
1276 233
1276 234
1276 235
1276 236
1276 237
1276 238
1276 239
1276 240
1276 241
1276 242
1276 243
1276 244
1276 245
1276 246
1276 247
1276 248
1276 249
1276 250
1277 221
1277 222
1277 223
1277 224
1277 225
1277 226
1277 227
1277 228
1277 229
1277 230
1277 231
1277 232
1277 233
1277 234
1277 235
1277 236
1277 237
1277 238
1277 239
1277 240
1277 241
1277 242
1277 243
1277 244
1278 216
1278 217
1278 218
1278 219
1278 220
1278 221
1278 222
1278 223
1278 224
1278 225
1278 226
1278 227
1278 228
1278 229
1278 230
1278 231
1278 232
1278 233
1278 234
1278 235
1278 236
1278 237
1278 238
1279 211
1279 212
1279 213
1279 214
1279 215
1279 216
1279 217
1279 218
1279 219
1279 220
1279 221
1279 222
1279 223
1279 224
1279 225
1279 226
1279 227
1279 228
1279 229
1279 230
1279 231
1279 232
1280 205
1280 206
1280 207
1280 208
1280 209
1280 210
1280 211
1280 212
1280 213
1280 214
1280 215
1280 216
1280 217
1280 218
1280 219
1280 220
1280 221
1280 222
1280 223
1280 224
1280 225
1280 226
1280 294
1280 295
1280 296
1280 297
1281 200
1281 201
1281 202
1281 203
1281 204
1281 205
1281 206
1281 207
1281 208
1281 209
1281 210
1281 211
1281 212
1281 213
1281 214
1281 215
1281 216
1281 217
1281 218
1281 219
1281 220
1281 285
1281 286
1281 287
1281 288
1281 289
1281 290
1281 291
1281 292
1281 293
1281 294
1281 295
1281 296
1282 195
1282 196
1282 197
1282 198
1282 199
1282 200
1282 201
1282 202
1282 203
1282 204
1282 205
1282 206
1282 207
1282 208
1282 209
1282 210
1282 211
1282 212
1282 213
1282 214
1282 278
1282 279
1282 280
1282 281
1282 282
1282 283
1282 284
1282 285
1282 286
1282 287
1282 288
1282 289
1282 290
1282 291
1282 292
1283 191
1283 192
1283 193
1283 194
1283 195
1283 196
1283 197
1283 198
1283 199
1283 200
1283 201
1283 202
1283 203
1283 204
1283 205
1283 206
1283 207
1283 272
1283 273
1283 274
1283 275
1283 276
1283 277
1283 278
1283 279
1283 280
1283 281
1283 282
1283 283
1283 284
1283 285
1283 286
1283 287
1283 288
1284 187
1284 188
1284 189
1284 190
1284 191
1284 192
1284 193
1284 194
1284 195
1284 196
1284 197
1284 198
1284 199
1284 200
1284 265
1284 266
1284 267
1284 268
1284 269
1284 270
1284 271
1284 272
1284 273
1284 274
1284 275
1284 276
1284 277
1284 278
1284 279
1284 280
1284 281
1284 282
1284 283
1285 183
1285 184
1285 185
1285 186
1285 187
1285 188
1285 189
1285 190
1285 191
1285 192
1285 193
1285 259
1285 260
1285 261
1285 262
1285 263
1285 264
1285 265
1285 266
1285 267
1285 268
1285 269
1285 270
1285 271
1285 272
1285 273
1285 274
1285 275
1285 276
1285 277
1285 278
1285 279
1286 253
1286 254
1286 255
1286 256
1286 257
1286 258
1286 259
1286 260
1286 261
1286 262
1286 263
1286 264
1286 265
1286 266
1286 267
1286 268
1286 269
1286 270
1286 271
1286 272
1286 273
1286 274
1287 248
1287 249
1287 250
1287 251
1287 252
1287 253
1287 254
1287 255
1287 256
1287 257
1287 258
1287 259
1287 260
1287 261
1287 262
1287 263
1287 264
1287 265
1287 266
1287 267
1287 268
1287 269
1288 242
1288 243
1288 244
1288 245
1288 246
1288 247
1288 248
1288 249
1288 250
1288 251
1288 252
1288 253
1288 254
1288 255
1288 256
1288 257
1288 258
1288 259
1288 260
1288 261
1288 262
1288 263
1289 236
1289 237
1289 238
1289 239
1289 240
1289 241
1289 242
1289 243
1289 244
1289 245
1289 246
1289 247
1289 248
1289 249
1289 250
1289 251
1289 252
1289 253
1289 254
1289 255
1289 256
1289 257
1289 258
1290 230
1290 231
1290 232
1290 233
1290 234
1290 235
1290 236
1290 237
1290 238
1290 239
1290 240
1290 241
1290 242
1290 243
1290 244
1290 245
1290 246
1290 247
1290 248
1290 249
1290 250
1290 251
1290 252
1290 253
1291 225
1291 226
1291 227
1291 228
1291 229
1291 230
1291 231
1291 232
1291 233
1291 234
1291 235
1291 236
1291 237
1291 238
1291 239
1291 240
1291 241
1291 242
1291 243
1291 244
1291 245
1291 246
1291 247
1292 219
1292 220
1292 221
1292 222
1292 223
1292 224
1292 225
1292 226
1292 227
1292 228
1292 229
1292 230
1292 231
1292 232
1292 233
1292 234
1292 235
1292 236
1292 237
1292 238
1292 239
1292 240
1292 241
1293 214
1293 215
1293 216
1293 217
1293 218
1293 219
1293 220
1293 221
1293 222
1293 223
1293 224
1293 225
1293 226
1293 227
1293 228
1293 229
1293 230
1293 231
1293 232
1293 233
1293 234
1293 235
1293 236
1294 209
1294 210
1294 211
1294 212
1294 213
1294 214
1294 215
1294 216
1294 217
1294 218
1294 219
1294 220
1294 221
1294 222
1294 223
1294 224
1294 225
1294 226
1294 227
1294 228
1294 229
1294 230
1295 204
1295 205
1295 206
1295 207
1295 208
1295 209
1295 210
1295 211
1295 212
1295 213
1295 214
1295 215
1295 216
1295 217
1295 218
1295 219
1295 220
1295 221
1295 222
1295 223
1295 224
1295 291
1295 292
1295 293
1295 294
1295 295
1295 296
1296 199
1296 200
1296 201
1296 202
1296 203
1296 204
1296 205
1296 206
1296 207
1296 208
1296 209
1296 210
1296 211
1296 212
1296 213
1296 214
1296 215
1296 216
1296 217
1296 218
1296 283
1296 284
1296 285
1296 286
1296 287
1296 288
1296 289
1296 290
1296 291
1296 292
1296 293
1297 194
1297 195
1297 196
1297 197
1297 198
1297 199
1297 200
1297 201
1297 202
1297 203
1297 204
1297 205
1297 206
1297 207
1297 208
1297 209
1297 210
1297 211
1297 276
1297 277
1297 278
1297 279
1297 280
1297 281
1297 282
1297 283
1297 284
1297 285
1297 286
1297 287
1297 288
1297 289
1297 290
1298 190
1298 191
1298 192
1298 193
1298 194
1298 195
1298 196
1298 197
1298 198
1298 199
1298 200
1298 201
1298 202
1298 203
1298 204
1298 205
1298 269
1298 270
1298 271
1298 272
1298 273
1298 274
1298 275
1298 276
1298 277
1298 278
1298 279
1298 280
1298 281
1298 282
1298 283
1298 284
1298 285
1298 286
1299 186
1299 187
1299 188
1299 189
1299 190
1299 191
1299 192
1299 193
1299 194
1299 195
1299 196
1299 197
1299 263
1299 264
1299 265
1299 266
1299 267
1299 268
1299 269
1299 270
1299 271
1299 272
1299 273
1299 274
1299 275
1299 276
1299 277
1299 278
1299 279
1299 280
1299 281
1300 184
1300 185
1300 186
1300 187
1300 188
1300 257
1300 258
1300 259
1300 260
1300 261
1300 262
1300 263
1300 264
1300 265
1300 266
1300 267
1300 268
1300 269
1300 270
1300 271
1300 272
1300 273
1300 274
1300 275
1300 276
1301 251
1301 252
1301 253
1301 254
1301 255
1301 256
1301 257
1301 258
1301 259
1301 260
1301 261
1301 262
1301 263
1301 264
1301 265
1301 266
1301 267
1301 268
1301 269
1301 270
1301 271
1302 245
1302 246
1302 247
1302 248
1302 249
1302 250
1302 251
1302 252
1302 253
1302 254
1302 255
1302 256
1302 257
1302 258
1302 259
1302 260
1302 261
1302 262
1302 263
1302 264
1302 265
1302 266
1303 240
1303 241
1303 242
1303 243
1303 244
1303 245
1303 246
1303 247
1303 248
1303 249
1303 250
1303 251
1303 252
1303 253
1303 254
1303 255
1303 256
1303 257
1303 258
1303 259
1303 260
1303 261
1304 234
1304 235
1304 236
1304 237
1304 238
1304 239
1304 240
1304 241
1304 242
1304 243
1304 244
1304 245
1304 246
1304 247
1304 248
1304 249
1304 250
1304 251
1304 252
1304 253
1304 254
1304 255
1304 256
1305 229
1305 230
1305 231
1305 232
1305 233
1305 234
1305 235
1305 236
1305 237
1305 238
1305 239
1305 240
1305 241
1305 242
1305 243
1305 244
1305 245
1305 246
1305 247
1305 248
1305 249
1305 250
1306 223
1306 224
1306 225
1306 226
1306 227
1306 228
1306 229
1306 230
1306 231
1306 232
1306 233
1306 234
1306 235
1306 236
1306 237
1306 238
1306 239
1306 240
1306 241
1306 242
1306 243
1306 244
1306 245
1307 218
1307 219
1307 220
1307 221
1307 222
1307 223
1307 224
1307 225
1307 226
1307 227
1307 228
1307 229
1307 230
1307 231
1307 232
1307 233
1307 234
1307 235
1307 236
1307 237
1307 238
1307 239
1308 212
1308 213
1308 214
1308 215
1308 216
1308 217
1308 218
1308 219
1308 220
1308 221
1308 222
1308 223
1308 224
1308 225
1308 226
1308 227
1308 228
1308 229
1308 230
1308 231
1308 232
1308 233
1309 207
1309 208
1309 209
1309 210
1309 211
1309 212
1309 213
1309 214
1309 215
1309 216
1309 217
1309 218
1309 219
1309 220
1309 221
1309 222
1309 223
1309 224
1309 225
1309 226
1309 227
1310 202
1310 203
1310 204
1310 205
1310 206
1310 207
1310 208
1310 209
1310 210
1310 211
1310 212
1310 213
1310 214
1310 215
1310 216
1310 217
1310 218
1310 219
1310 220
1310 221
1310 288
1310 289
1310 290
1310 291
1310 292
1310 293
1310 294
1311 197
1311 198
1311 199
1311 200
1311 201
1311 202
1311 203
1311 204
1311 205
1311 206
1311 207
1311 208
1311 209
1311 210
1311 211
1311 212
1311 213
1311 214
1311 215
1311 280
1311 281
1311 282
1311 283
1311 284
1311 285
1311 286
1311 287
1311 288
1311 289
1311 290
1311 291
1312 193
1312 194
1312 195
1312 196
1312 197
1312 198
1312 199
1312 200
1312 201
1312 202
1312 203
1312 204
1312 205
1312 206
1312 207
1312 208
1312 209
1312 274
1312 275
1312 276
1312 277
1312 278
1312 279
1312 280
1312 281
1312 282
1312 283
1312 284
1312 285
1312 286
1312 287
1312 288
1313 189
1313 190
1313 191
1313 192
1313 193
1313 194
1313 195
1313 196
1313 197
1313 198
1313 199
1313 200
1313 201
1313 202
1313 267
1313 268
1313 269
1313 270
1313 271
1313 272
1313 273
1313 274
1313 275
1313 276
1313 277
1313 278
1313 279
1313 280
1313 281
1313 282
1313 283
1314 185
1314 186
1314 187
1314 188
1314 189
1314 190
1314 191
1314 192
1314 193
1314 194
1314 261
1314 262
1314 263
1314 264
1314 265
1314 266
1314 267
1314 268
1314 269
1314 270
1314 271
1314 272
1314 273
1314 274
1314 275
1314 276
1314 277
1314 278
1314 279
1315 255
1315 256
1315 257
1315 258
1315 259
1315 260
1315 261
1315 262
1315 263
1315 264
1315 265
1315 266
1315 267
1315 268
1315 269
1315 270
1315 271
1315 272
1315 273
1315 274
1316 249
1316 250
1316 251
1316 252
1316 253
1316 254
1316 255
1316 256
1316 257
1316 258
1316 259
1316 260
1316 261
1316 262
1316 263
1316 264
1316 265
1316 266
1316 267
1316 268
1316 269
1317 243
1317 244
1317 245
1317 246
1317 247
1317 248
1317 249
1317 250
1317 251
1317 252
1317 253
1317 254
1317 255
1317 256
1317 257
1317 258
1317 259
1317 260
1317 261
1317 262
1317 263
1317 264
1318 238
1318 239
1318 240
1318 241
1318 242
1318 243
1318 244
1318 245
1318 246
1318 247
1318 248
1318 249
1318 250
1318 251
1318 252
1318 253
1318 254
1318 255
1318 256
1318 257
1318 258
1318 259
1319 232
1319 233
1319 234
1319 235
1319 236
1319 237
1319 238
1319 239
1319 240
1319 241
1319 242
1319 243
1319 244
1319 245
1319 246
1319 247
1319 248
1319 249
1319 250
1319 251
1319 252
1319 253
1320 227
1320 228
1320 229
1320 230
1320 231
1320 232
1320 233
1320 234
1320 235
1320 236
1320 237
1320 238
1320 239
1320 240
1320 241
1320 242
1320 243
1320 244
1320 245
1320 246
1320 247
1320 248
1321 221
1321 222
1321 223
1321 224
1321 225
1321 226
1321 227
1321 228
1321 229
1321 230
1321 231
1321 232
1321 233
1321 234
1321 235
1321 236
1321 237
1321 238
1321 239
1321 240
1321 241
1321 242
1322 216
1322 217
1322 218
1322 219
1322 220
1322 221
1322 222
1322 223
1322 224
1322 225
1322 226
1322 227
1322 228
1322 229
1322 230
1322 231
1322 232
1322 233
1322 234
1322 235
1322 236
1323 211
1323 212
1323 213
1323 214
1323 215
1323 216
1323 217
1323 218
1323 219
1323 220
1323 221
1323 222
1323 223
1323 224
1323 225
1323 226
1323 227
1323 228
1323 229
1323 230
1323 231
1324 205
1324 206
1324 207
1324 208
1324 209
1324 210
1324 211
1324 212
1324 213
1324 214
1324 215
1324 216
1324 217
1324 218
1324 219
1324 220
1324 221
1324 222
1324 223
1324 224
1324 225
1325 201
1325 202
1325 203
1325 204
1325 205
1325 206
1325 207
1325 208
1325 209
1325 210
1325 211
1325 212
1325 213
1325 214
1325 215
1325 216
1325 217
1325 218
1325 219
1325 285
1325 286
1325 287
1325 288
1325 289
1325 290
1325 291
1325 292
1326 196
1326 197
1326 198
1326 199
1326 200
1326 201
1326 202
1326 203
1326 204
1326 205
1326 206
1326 207
1326 208
1326 209
1326 210
1326 211
1326 212
1326 278
1326 279
1326 280
1326 281
1326 282
1326 283
1326 284
1326 285
1326 286
1326 287
1326 288
1326 289
1327 191
1327 192
1327 193
1327 194
1327 195
1327 196
1327 197
1327 198
1327 199
1327 200
1327 201
1327 202
1327 203
1327 204
1327 205
1327 206
1327 271
1327 272
1327 273
1327 274
1327 275
1327 276
1327 277
1327 278
1327 279
1327 280
1327 281
1327 282
1327 283
1327 284
1327 285
1328 188
1328 189
1328 190
1328 191
1328 192
1328 193
1328 194
1328 195
1328 196
1328 197
1328 198
1328 199
1328 265
1328 266
1328 267
1328 268
1328 269
1328 270
1328 271
1328 272
1328 273
1328 274
1328 275
1328 276
1328 277
1328 278
1328 279
1328 280
1328 281
1329 186
1329 187
1329 188
1329 189
1329 190
1329 259
1329 260
1329 261
1329 262
1329 263
1329 264
1329 265
1329 266
1329 267
1329 268
1329 269
1329 270
1329 271
1329 272
1329 273
1329 274
1329 275
1329 276
1330 253
1330 254
1330 255
1330 256
1330 257
1330 258
1330 259
1330 260
1330 261
1330 262
1330 263
1330 264
1330 265
1330 266
1330 267
1330 268
1330 269
1330 270
1330 271
1330 272
1331 247
1331 248
1331 249
1331 250
1331 251
1331 252
1331 253
1331 254
1331 255
1331 256
1331 257
1331 258
1331 259
1331 260
1331 261
1331 262
1331 263
1331 264
1331 265
1331 266
1331 267
1332 241
1332 242
1332 243
1332 244
1332 245
1332 246
1332 247
1332 248
1332 249
1332 250
1332 251
1332 252
1332 253
1332 254
1332 255
1332 256
1332 257
1332 258
1332 259
1332 260
1332 261
1333 236
1333 237
1333 238
1333 239
1333 240
1333 241
1333 242
1333 243
1333 244
1333 245
1333 246
1333 247
1333 248
1333 249
1333 250
1333 251
1333 252
1333 253
1333 254
1333 255
1333 256
1334 230
1334 231
1334 232
1334 233
1334 234
1334 235
1334 236
1334 237
1334 238
1334 239
1334 240
1334 241
1334 242
1334 243
1334 244
1334 245
1334 246
1334 247
1334 248
1334 249
1334 250
1334 251
1335 225
1335 226
1335 227
1335 228
1335 229
1335 230
1335 231
1335 232
1335 233
1335 234
1335 235
1335 236
1335 237
1335 238
1335 239
1335 240
1335 241
1335 242
1335 243
1335 244
1335 245
1336 219
1336 220
1336 221
1336 222
1336 223
1336 224
1336 225
1336 226
1336 227
1336 228
1336 229
1336 230
1336 231
1336 232
1336 233
1336 234
1336 235
1336 236
1336 237
1336 238
1336 239
1336 240
1337 214
1337 215
1337 216
1337 217
1337 218
1337 219
1337 220
1337 221
1337 222
1337 223
1337 224
1337 225
1337 226
1337 227
1337 228
1337 229
1337 230
1337 231
1337 232
1337 233
1337 234
1338 209
1338 210
1338 211
1338 212
1338 213
1338 214
1338 215
1338 216
1338 217
1338 218
1338 219
1338 220
1338 221
1338 222
1338 223
1338 224
1338 225
1338 226
1338 227
1338 228
1339 204
1339 205
1339 206
1339 207
1339 208
1339 209
1339 210
1339 211
1339 212
1339 213
1339 214
1339 215
1339 216
1339 217
1339 218
1339 219
1339 220
1339 221
1339 222
1340 199
1340 200
1340 201
1340 202
1340 203
1340 204
1340 205
1340 206
1340 207
1340 208
1340 209
1340 210
1340 211
1340 212
1340 213
1340 214
1340 215
1340 216
1340 283
1340 284
1340 285
1340 286
1340 287
1340 288
1340 289
1340 290
1341 195
1341 196
1341 197
1341 198
1341 199
1341 200
1341 201
1341 202
1341 203
1341 204
1341 205
1341 206
1341 207
1341 208
1341 209
1341 210
1341 276
1341 277
1341 278
1341 279
1341 280
1341 281
1341 282
1341 283
1341 284
1341 285
1341 286
1341 287
1342 191
1342 192
1342 193
1342 194
1342 195
1342 196
1342 197
1342 198
1342 199
1342 200
1342 201
1342 202
1342 203
1342 269
1342 270
1342 271
1342 272
1342 273
1342 274
1342 275
1342 276
1342 277
1342 278
1342 279
1342 280
1342 281
1342 282
1342 283
1343 187
1343 188
1343 189
1343 190
1343 191
1343 192
1343 193
1343 194
1343 195
1343 263
1343 264
1343 265
1343 266
1343 267
1343 268
1343 269
1343 270
1343 271
1343 272
1343 273
1343 274
1343 275
1343 276
1343 277
1343 278
1343 279
1344 257
1344 258
1344 259
1344 260
1344 261
1344 262
1344 263
1344 264
1344 265
1344 266
1344 267
1344 268
1344 269
1344 270
1344 271
1344 272
1344 273
1344 274
1345 251
1345 252
1345 253
1345 254
1345 255
1345 256
1345 257
1345 258
1345 259
1345 260
1345 261
1345 262
1345 263
1345 264
1345 265
1345 266
1345 267
1345 268
1345 269
1346 245
1346 246
1346 247
1346 248
1346 249
1346 250
1346 251
1346 252
1346 253
1346 254
1346 255
1346 256
1346 257
1346 258
1346 259
1346 260
1346 261
1346 262
1346 263
1346 264
1347 239
1347 240
1347 241
1347 242
1347 243
1347 244
1347 245
1347 246
1347 247
1347 248
1347 249
1347 250
1347 251
1347 252
1347 253
1347 254
1347 255
1347 256
1347 257
1347 258
1347 259
1348 234
1348 235
1348 236
1348 237
1348 238
1348 239
1348 240
1348 241
1348 242
1348 243
1348 244
1348 245
1348 246
1348 247
1348 248
1348 249
1348 250
1348 251
1348 252
1348 253
1348 254
1349 228
1349 229
1349 230
1349 231
1349 232
1349 233
1349 234
1349 235
1349 236
1349 237
1349 238
1349 239
1349 240
1349 241
1349 242
1349 243
1349 244
1349 245
1349 246
1349 247
1349 248
1350 223
1350 224
1350 225
1350 226
1350 227
1350 228
1350 229
1350 230
1350 231
1350 232
1350 233
1350 234
1350 235
1350 236
1350 237
1350 238
1350 239
1350 240
1350 241
1350 242
1350 243
1351 218
1351 219
1351 220
1351 221
1351 222
1351 223
1351 224
1351 225
1351 226
1351 227
1351 228
1351 229
1351 230
1351 231
1351 232
1351 233
1351 234
1351 235
1351 236
1351 237
1352 212
1352 213
1352 214
1352 215
1352 216
1352 217
1352 218
1352 219
1352 220
1352 221
1352 222
1352 223
1352 224
1352 225
1352 226
1352 227
1352 228
1352 229
1352 230
1352 231
1353 207
1353 208
1353 209
1353 210
1353 211
1353 212
1353 213
1353 214
1353 215
1353 216
1353 217
1353 218
1353 219
1353 220
1353 221
1353 222
1353 223
1353 224
1353 225
1354 202
1354 203
1354 204
1354 205
1354 206
1354 207
1354 208
1354 209
1354 210
1354 211
1354 212
1354 213
1354 214
1354 215
1354 216
1354 217
1354 218
1354 219
1355 198
1355 199
1355 200
1355 201
1355 202
1355 203
1355 204
1355 205
1355 206
1355 207
1355 208
1355 209
1355 210
1355 211
1355 212
1355 213
1355 280
1355 281
1355 282
1355 283
1355 284
1355 285
1355 286
1355 287
1355 288
1356 194
1356 195
1356 196
1356 197
1356 198
1356 199
1356 200
1356 201
1356 202
1356 203
1356 204
1356 205
1356 206
1356 207
1356 273
1356 274
1356 275
1356 276
1356 277
1356 278
1356 279
1356 280
1356 281
1356 282
1356 283
1356 284
1356 285
1357 190
1357 191
1357 192
1357 193
1357 194
1357 195
1357 196
1357 197
1357 198
1357 199
1357 200
1357 267
1357 268
1357 269
1357 270
1357 271
1357 272
1357 273
1357 274
1357 275
1357 276
1357 277
1357 278
1357 279
1357 280
1357 281
1358 188
1358 189
1358 190
1358 261
1358 262
1358 263
1358 264
1358 265
1358 266
1358 267
1358 268
1358 269
1358 270
1358 271
1358 272
1358 273
1358 274
1358 275
1358 276
1359 255
1359 256
1359 257
1359 258
1359 259
1359 260
1359 261
1359 262
1359 263
1359 264
1359 265
1359 266
1359 267
1359 268
1359 269
1359 270
1359 271
1360 249
1360 250
1360 251
1360 252
1360 253
1360 254
1360 255
1360 256
1360 257
1360 258
1360 259
1360 260
1360 261
1360 262
1360 263
1360 264
1360 265
1360 266
1360 267
1361 243
1361 244
1361 245
1361 246
1361 247
1361 248
1361 249
1361 250
1361 251
1361 252
1361 253
1361 254
1361 255
1361 256
1361 257
1361 258
1361 259
1361 260
1361 261
1361 262
1362 238
1362 239
1362 240
1362 241
1362 242
1362 243
1362 244
1362 245
1362 246
1362 247
1362 248
1362 249
1362 250
1362 251
1362 252
1362 253
1362 254
1362 255
1362 256
1363 232
1363 233
1363 234
1363 235
1363 236
1363 237
1363 238
1363 239
1363 240
1363 241
1363 242
1363 243
1363 244
1363 245
1363 246
1363 247
1363 248
1363 249
1363 250
1363 251
1364 227
1364 228
1364 229
1364 230
1364 231
1364 232
1364 233
1364 234
1364 235
1364 236
1364 237
1364 238
1364 239
1364 240
1364 241
1364 242
1364 243
1364 244
1364 245
1364 246
1365 221
1365 222
1365 223
1365 224
1365 225
1365 226
1365 227
1365 228
1365 229
1365 230
1365 231
1365 232
1365 233
1365 234
1365 235
1365 236
1365 237
1365 238
1365 239
1365 240
1366 216
1366 217
1366 218
1366 219
1366 220
1366 221
1366 222
1366 223
1366 224
1366 225
1366 226
1366 227
1366 228
1366 229
1366 230
1366 231
1366 232
1366 233
1366 234
1366 235
1367 211
1367 212
1367 213
1367 214
1367 215
1367 216
1367 217
1367 218
1367 219
1367 220
1367 221
1367 222
1367 223
1367 224
1367 225
1367 226
1367 227
1367 228
1367 229
1368 206
1368 207
1368 208
1368 209
1368 210
1368 211
1368 212
1368 213
1368 214
1368 215
1368 216
1368 217
1368 218
1368 219
1368 220
1368 221
1368 222
1368 223
1369 201
1369 202
1369 203
1369 204
1369 205
1369 206
1369 207
1369 208
1369 209
1369 210
1369 211
1369 212
1369 213
1369 214
1369 215
1369 216
1369 217
1370 197
1370 198
1370 199
1370 200
1370 201
1370 202
1370 203
1370 204
1370 205
1370 206
1370 207
1370 208
1370 209
1370 210
1370 278
1370 279
1370 280
1370 281
1370 282
1370 283
1370 284
1370 285
1370 286
1371 193
1371 194
1371 195
1371 196
1371 197
1371 198
1371 199
1371 200
1371 201
1371 202
1371 203
1371 204
1371 271
1371 272
1371 273
1371 274
1371 275
1371 276
1371 277
1371 278
1371 279
1371 280
1371 281
1371 282
1372 190
1372 191
1372 192
1372 193
1372 194
1372 195
1372 196
1372 265
1372 266
1372 267
1372 268
1372 269
1372 270
1372 271
1372 272
1372 273
1372 274
1372 275
1372 276
1372 277
1372 278
1373 259
1373 260
1373 261
1373 262
1373 263
1373 264
1373 265
1373 266
1373 267
1373 268
1373 269
1373 270
1373 271
1373 272
1373 273
1373 274
1374 253
1374 254
1374 255
1374 256
1374 257
1374 258
1374 259
1374 260
1374 261
1374 262
1374 263
1374 264
1374 265
1374 266
1374 267
1374 268
1374 269
1375 247
1375 248
1375 249
1375 250
1375 251
1375 252
1375 253
1375 254
1375 255
1375 256
1375 257
1375 258
1375 259
1375 260
1375 261
1375 262
1375 263
1375 264
1376 241
1376 242
1376 243
1376 244
1376 245
1376 246
1376 247
1376 248
1376 249
1376 250
1376 251
1376 252
1376 253
1376 254
1376 255
1376 256
1376 257
1376 258
1376 259
1377 236
1377 237
1377 238
1377 239
1377 240
1377 241
1377 242
1377 243
1377 244
1377 245
1377 246
1377 247
1377 248
1377 249
1377 250
1377 251
1377 252
1377 253
1377 254
1378 230
1378 231
1378 232
1378 233
1378 234
1378 235
1378 236
1378 237
1378 238
1378 239
1378 240
1378 241
1378 242
1378 243
1378 244
1378 245
1378 246
1378 247
1378 248
1378 249
1379 225
1379 226
1379 227
1379 228
1379 229
1379 230
1379 231
1379 232
1379 233
1379 234
1379 235
1379 236
1379 237
1379 238
1379 239
1379 240
1379 241
1379 242
1379 243
1380 220
1380 221
1380 222
1380 223
1380 224
1380 225
1380 226
1380 227
1380 228
1380 229
1380 230
1380 231
1380 232
1380 233
1380 234
1380 235
1380 236
1380 237
1380 238
1381 214
1381 215
1381 216
1381 217
1381 218
1381 219
1381 220
1381 221
1381 222
1381 223
1381 224
1381 225
1381 226
1381 227
1381 228
1381 229
1381 230
1381 231
1381 232
1382 209
1382 210
1382 211
1382 212
1382 213
1382 214
1382 215
1382 216
1382 217
1382 218
1382 219
1382 220
1382 221
1382 222
1382 223
1382 224
1382 225
1382 226
1383 205
1383 206
1383 207
1383 208
1383 209
1383 210
1383 211
1383 212
1383 213
1383 214
1383 215
1383 216
1383 217
1383 218
1383 219
1383 220
1384 200
1384 201
1384 202
1384 203
1384 204
1384 205
1384 206
1384 207
1384 208
1384 209
1384 210
1384 211
1384 212
1384 213
1384 214
1385 196
1385 197
1385 198
1385 199
1385 200
1385 201
1385 202
1385 203
1385 204
1385 205
1385 206
1385 207
1385 276
1385 277
1385 278
1385 279
1385 280
1385 281
1385 282
1385 283
1386 192
1386 193
1386 194
1386 195
1386 196
1386 197
1386 198
1386 199
1386 200
1386 269
1386 270
1386 271
1386 272
1386 273
1386 274
1386 275
1386 276
1386 277
1386 278
1386 279
1386 280
1387 263
1387 264
1387 265
1387 266
1387 267
1387 268
1387 269
1387 270
1387 271
1387 272
1387 273
1387 274
1387 275
1387 276
1388 257
1388 258
1388 259
1388 260
1388 261
1388 262
1388 263
1388 264
1388 265
1388 266
1388 267
1388 268
1388 269
1388 270
1388 271
1389 251
1389 252
1389 253
1389 254
1389 255
1389 256
1389 257
1389 258
1389 259
1389 260
1389 261
1389 262
1389 263
1389 264
1389 265
1389 266
1390 245
1390 246
1390 247
1390 248
1390 249
1390 250
1390 251
1390 252
1390 253
1390 254
1390 255
1390 256
1390 257
1390 258
1390 259
1390 260
1390 261
1390 262
1391 240
1391 241
1391 242
1391 243
1391 244
1391 245
1391 246
1391 247
1391 248
1391 249
1391 250
1391 251
1391 252
1391 253
1391 254
1391 255
1391 256
1392 234
1392 235
1392 236
1392 237
1392 238
1392 239
1392 240
1392 241
1392 242
1392 243
1392 244
1392 245
1392 246
1392 247
1392 248
1392 249
1392 250
1392 251
1393 229
1393 230
1393 231
1393 232
1393 233
1393 234
1393 235
1393 236
1393 237
1393 238
1393 239
1393 240
1393 241
1393 242
1393 243
1393 244
1393 245
1393 246
1394 223
1394 224
1394 225
1394 226
1394 227
1394 228
1394 229
1394 230
1394 231
1394 232
1394 233
1394 234
1394 235
1394 236
1394 237
1394 238
1394 239
1394 240
1394 241
1395 218
1395 219
1395 220
1395 221
1395 222
1395 223
1395 224
1395 225
1395 226
1395 227
1395 228
1395 229
1395 230
1395 231
1395 232
1395 233
1395 234
1395 235
1396 213
1396 214
1396 215
1396 216
1396 217
1396 218
1396 219
1396 220
1396 221
1396 222
1396 223
1396 224
1396 225
1396 226
1396 227
1396 228
1396 229
1397 208
1397 209
1397 210
1397 211
1397 212
1397 213
1397 214
1397 215
1397 216
1397 217
1397 218
1397 219
1397 220
1397 221
1397 222
1397 223
1398 203
1398 204
1398 205
1398 206
1398 207
1398 208
1398 209
1398 210
1398 211
1398 212
1398 213
1398 214
1398 215
1398 216
1398 217
1399 199
1399 200
1399 201
1399 202
1399 203
1399 204
1399 205
1399 206
1399 207
1399 208
1399 209
1399 210
1399 211
1400 195
1400 196
1400 197
1400 198
1400 199
1400 200
1400 201
1400 202
1400 203
1400 204
1400 274
1400 275
1400 276
1400 277
1400 278
1400 279
1400 280
1400 281
1401 192
1401 193
1401 194
1401 195
1401 196
1401 267
1401 268
1401 269
1401 270
1401 271
1401 272
1401 273
1401 274
1401 275
1401 276
1401 277
1402 261
1402 262
1402 263
1402 264
1402 265
1402 266
1402 267
1402 268
1402 269
1402 270
1402 271
1402 272
1402 273
1403 255
1403 256
1403 257
1403 258
1403 259
1403 260
1403 261
1403 262
1403 263
1403 264
1403 265
1403 266
1403 267
1403 268
1403 269
1404 249
1404 250
1404 251
1404 252
1404 253
1404 254
1404 255
1404 256
1404 257
1404 258
1404 259
1404 260
1404 261
1404 262
1404 263
1404 264
1405 243
1405 244
1405 245
1405 246
1405 247
1405 248
1405 249
1405 250
1405 251
1405 252
1405 253
1405 254
1405 255
1405 256
1405 257
1405 258
1405 259
1406 238
1406 239
1406 240
1406 241
1406 242
1406 243
1406 244
1406 245
1406 246
1406 247
1406 248
1406 249
1406 250
1406 251
1406 252
1406 253
1406 254
1407 232
1407 233
1407 234
1407 235
1407 236
1407 237
1407 238
1407 239
1407 240
1407 241
1407 242
1407 243
1407 244
1407 245
1407 246
1407 247
1407 248
1407 249
1408 227
1408 228
1408 229
1408 230
1408 231
1408 232
1408 233
1408 234
1408 235
1408 236
1408 237
1408 238
1408 239
1408 240
1408 241
1408 242
1408 243
1409 222
1409 223
1409 224
1409 225
1409 226
1409 227
1409 228
1409 229
1409 230
1409 231
1409 232
1409 233
1409 234
1409 235
1409 236
1409 237
1409 238
1410 217
1410 218
1410 219
1410 220
1410 221
1410 222
1410 223
1410 224
1410 225
1410 226
1410 227
1410 228
1410 229
1410 230
1410 231
1410 232
1411 212
1411 213
1411 214
1411 215
1411 216
1411 217
1411 218
1411 219
1411 220
1411 221
1411 222
1411 223
1411 224
1411 225
1411 226
1411 227
1412 207
1412 208
1412 209
1412 210
1412 211
1412 212
1412 213
1412 214
1412 215
1412 216
1412 217
1412 218
1412 219
1412 220
1412 221
1413 202
1413 203
1413 204
1413 205
1413 206
1413 207
1413 208
1413 209
1413 210
1413 211
1413 212
1413 213
1413 214
1414 198
1414 199
1414 200
1414 201
1414 202
1414 203
1414 204
1414 205
1414 206
1414 207
1414 208
1415 195
1415 196
1415 197
1415 198
1415 199
1415 200
1415 201
1415 272
1415 273
1415 274
1415 275
1415 276
1415 277
1415 278
1416 265
1416 266
1416 267
1416 268
1416 269
1416 270
1416 271
1416 272
1416 273
1416 274
1416 275
1417 259
1417 260
1417 261
1417 262
1417 263
1417 264
1417 265
1417 266
1417 267
1417 268
1417 269
1417 270
1418 253
1418 254
1418 255
1418 256
1418 257
1418 258
1418 259
1418 260
1418 261
1418 262
1418 263
1418 264
1418 265
1418 266
1419 247
1419 248
1419 249
1419 250
1419 251
1419 252
1419 253
1419 254
1419 255
1419 256
1419 257
1419 258
1419 259
1419 260
1419 261
1420 242
1420 243
1420 244
1420 245
1420 246
1420 247
1420 248
1420 249
1420 250
1420 251
1420 252
1420 253
1420 254
1420 255
1420 256
1421 236
1421 237
1421 238
1421 239
1421 240
1421 241
1421 242
1421 243
1421 244
1421 245
1421 246
1421 247
1421 248
1421 249
1421 250
1421 251
1422 231
1422 232
1422 233
1422 234
1422 235
1422 236
1422 237
1422 238
1422 239
1422 240
1422 241
1422 242
1422 243
1422 244
1422 245
1422 246
1423 225
1423 226
1423 227
1423 228
1423 229
1423 230
1423 231
1423 232
1423 233
1423 234
1423 235
1423 236
1423 237
1423 238
1423 239
1423 240
1423 241
1424 220
1424 221
1424 222
1424 223
1424 224
1424 225
1424 226
1424 227
1424 228
1424 229
1424 230
1424 231
1424 232
1424 233
1424 234
1424 235
1425 215
1425 216
1425 217
1425 218
1425 219
1425 220
1425 221
1425 222
1425 223
1425 224
1425 225
1425 226
1425 227
1425 228
1425 229
1425 230
1426 210
1426 211
1426 212
1426 213
1426 214
1426 215
1426 216
1426 217
1426 218
1426 219
1426 220
1426 221
1426 222
1426 223
1426 224
1427 206
1427 207
1427 208
1427 209
1427 210
1427 211
1427 212
1427 213
1427 214
1427 215
1427 216
1427 217
1427 218
1428 201
1428 202
1428 203
1428 204
1428 205
1428 206
1428 207
1428 208
1428 209
1428 210
1428 211
1429 198
1429 199
1429 200
1429 201
1429 202
1429 203
1429 204
1430 270
1430 271
1430 272
1430 273
1430 274
1430 275
1431 263
1431 264
1431 265
1431 266
1431 267
1431 268
1431 269
1431 270
1431 271
1431 272
1432 257
1432 258
1432 259
1432 260
1432 261
1432 262
1432 263
1432 264
1432 265
1432 266
1432 267
1432 268
1433 251
1433 252
1433 253
1433 254
1433 255
1433 256
1433 257
1433 258
1433 259
1433 260
1433 261
1433 262
1433 263
1434 246
1434 247
1434 248
1434 249
1434 250
1434 251
1434 252
1434 253
1434 254
1434 255
1434 256
1434 257
1434 258
1435 240
1435 241
1435 242
1435 243
1435 244
1435 245
1435 246
1435 247
1435 248
1435 249
1435 250
1435 251
1435 252
1435 253
1435 254
1436 234
1436 235
1436 236
1436 237
1436 238
1436 239
1436 240
1436 241
1436 242
1436 243
1436 244
1436 245
1436 246
1436 247
1436 248
1437 229
1437 230
1437 231
1437 232
1437 233
1437 234
1437 235
1437 236
1437 237
1437 238
1437 239
1437 240
1437 241
1437 242
1437 243
1438 224
1438 225
1438 226
1438 227
1438 228
1438 229
1438 230
1438 231
1438 232
1438 233
1438 234
1438 235
1438 236
1438 237
1438 238
1439 219
1439 220
1439 221
1439 222
1439 223
1439 224
1439 225
1439 226
1439 227
1439 228
1439 229
1439 230
1439 231
1439 232
1440 214
1440 215
1440 216
1440 217
1440 218
1440 219
1440 220
1440 221
1440 222
1440 223
1440 224
1440 225
1440 226
1440 227
1441 209
1441 210
1441 211
1441 212
1441 213
1441 214
1441 215
1441 216
1441 217
1441 218
1441 219
1441 220
1441 221
1442 205
1442 206
1442 207
1442 208
1442 209
1442 210
1442 211
1442 212
1442 213
1442 214
1442 215
1443 201
1443 202
1443 203
1443 204
1443 205
1443 206
1443 207
1443 208
1444 199
1445 269
1445 270
1445 271
1445 272
1446 262
1446 263
1446 264
1446 265
1446 266
1446 267
1446 268
1446 269
1447 256
1447 257
1447 258
1447 259
1447 260
1447 261
1447 262
1447 263
1447 264
1447 265
1448 250
1448 251
1448 252
1448 253
1448 254
1448 255
1448 256
1448 257
1448 258
1448 259
1448 260
1449 244
1449 245
1449 246
1449 247
1449 248
1449 249
1449 250
1449 251
1449 252
1449 253
1449 254
1449 255
1449 256
1450 238
1450 239
1450 240
1450 241
1450 242
1450 243
1450 244
1450 245
1450 246
1450 247
1450 248
1450 249
1450 250
1450 251
1451 233
1451 234
1451 235
1451 236
1451 237
1451 238
1451 239
1451 240
1451 241
1451 242
1451 243
1451 244
1451 245
1451 246
1452 228
1452 229
1452 230
1452 231
1452 232
1452 233
1452 234
1452 235
1452 236
1452 237
1452 238
1452 239
1452 240
1453 223
1453 224
1453 225
1453 226
1453 227
1453 228
1453 229
1453 230
1453 231
1453 232
1453 233
1453 234
1453 235
1454 218
1454 219
1454 220
1454 221
1454 222
1454 223
1454 224
1454 225
1454 226
1454 227
1454 228
1454 229
1455 213
1455 214
1455 215
1455 216
1455 217
1455 218
1455 219
1455 220
1455 221
1455 222
1455 223
1455 224
1456 208
1456 209
1456 210
1456 211
1456 212
1456 213
1456 214
1456 215
1456 216
1456 217
1456 218
1457 204
1457 205
1457 206
1457 207
1457 208
1457 209
1457 210
1457 211
1458 202
1458 203
1461 260
1461 261
1461 262
1461 263
1461 264
1461 265
1461 266
1462 254
1462 255
1462 256
1462 257
1462 258
1462 259
1462 260
1462 261
1462 262
1463 248
1463 249
1463 250
1463 251
1463 252
1463 253
1463 254
1463 255
1463 256
1463 257
1464 243
1464 244
1464 245
1464 246
1464 247
1464 248
1464 249
1464 250
1464 251
1464 252
1464 253
1465 237
1465 238
1465 239
1465 240
1465 241
1465 242
1465 243
1465 244
1465 245
1465 246
1465 247
1465 248
1466 232
1466 233
1466 234
1466 235
1466 236
1466 237
1466 238
1466 239
1466 240
1466 241
1466 242
1466 243
1467 227
1467 228
1467 229
1467 230
1467 231
1467 232
1467 233
1467 234
1467 235
1467 236
1467 237
1468 222
1468 223
1468 224
1468 225
1468 226
1468 227
1468 228
1468 229
1468 230
1468 231
1468 232
1469 217
1469 218
1469 219
1469 220
1469 221
1469 222
1469 223
1469 224
1469 225
1469 226
1470 212
1470 213
1470 214
1470 215
1470 216
1470 217
1470 218
1470 219
1470 220
1471 208
1471 209
1471 210
1471 211
1471 212
1471 213
1471 214
1472 205
1472 206
1476 260
1476 261
1476 262
1477 253
1477 254
1477 255
1477 256
1477 257
1477 258
1477 259
1478 247
1478 248
1478 249
1478 250
1478 251
1478 252
1478 253
1478 254
1479 241
1479 242
1479 243
1479 244
1479 245
1479 246
1479 247
1479 248
1479 249
1479 250
1480 236
1480 237
1480 238
1480 239
1480 240
1480 241
1480 242
1480 243
1480 244
1480 245
1481 231
1481 232
1481 233
1481 234
1481 235
1481 236
1481 237
1481 238
1481 239
1481 240
1482 226
1482 227
1482 228
1482 229
1482 230
1482 231
1482 232
1482 233
1482 234
1483 221
1483 222
1483 223
1483 224
1483 225
1483 226
1483 227
1483 228
1483 229
1484 216
1484 217
1484 218
1484 219
1484 220
1484 221
1484 222
1484 223
1485 212
1485 213
1485 214
1485 215
1485 216
1485 217
1492 253
1492 254
1492 255
1493 246
1493 247
1493 248
1493 249
1493 250
1493 251
1494 241
1494 242
1494 243
1494 244
1494 245
1494 246
1495 235
1495 236
1495 237
1495 238
1495 239
1495 240
1495 241
1496 230
1496 231
1496 232
1496 233
1496 234
1496 235
1496 236
1497 225
1497 226
1497 227
1497 228
1497 229
1497 230
1497 231
1498 221
1498 222
1498 223
1498 224
1498 225
1499 217
1499 218
1510 236
4069 469
4070 464
4071 459
4083 472
4083 473
4084 466
4084 467
4084 468
4085 461
4085 462
4085 463
4086 456
4086 457
4086 458
4087 451
4087 452
4097 475
4097 476
4098 469
4098 470
4098 471
4098 472
4099 463
4099 464
4099 465
4099 466
4099 467
4100 458
4100 459
4100 460
4100 461
4100 462
4101 453
4101 454
4101 455
4101 456
4102 448
4102 449
4102 450
4111 478
4111 479
4112 472
4112 473
4112 474
4112 475
4113 466
4113 467
4113 468
4113 469
4113 470
4114 461
4114 462
4114 463
4114 464
4114 465
4115 456
4115 457
4115 458
4115 459
4115 460
4116 451
4116 452
4116 453
4116 454
4116 455
4117 446
4117 447
4117 448
4117 449
4126 476
4126 477
4126 478
4127 470
4127 471
4127 472
4127 473
4128 464
4128 465
4128 466
4128 467
4128 468
4128 469
4129 459
4129 460
4129 461
4129 462
4129 463
4130 453
4130 454
4130 455
4130 456
4130 457
4130 458
4131 448
4131 449
4131 450
4131 451
4131 452
4131 453
4132 444
4132 445
4132 446
4132 447
4133 440
4140 479
4140 480
4141 473
4141 474
4141 475
4141 476
4142 467
4142 468
4142 469
4142 470
4142 471
4142 472
4143 462
4143 463
4143 464
4143 465
4143 466
4143 467
4144 456
4144 457
4144 458
4144 459
4144 460
4144 461
4144 462
4145 451
4145 452
4145 453
4145 454
4145 455
4145 456
4146 446
4146 447
4146 448
4146 449
4146 450
4146 451
4147 441
4147 442
4147 443
4147 444
4147 445
4148 437
4148 438
4155 477
4155 478
4155 479
4156 471
4156 472
4156 473
4156 474
4156 475
4157 465
4157 466
4157 467
4157 468
4157 469
4157 470
4158 459
4158 460
4158 461
4158 462
4158 463
4158 464
4158 465
4159 454
4159 455
4159 456
4159 457
4159 458
4159 459
4159 460
4160 449
4160 450
4160 451
4160 452
4160 453
4160 454
4161 444
4161 445
4161 446
4161 447
4161 448
4161 449
4162 439
4162 440
4162 441
4162 442
4162 443
4163 435
4163 436
4170 474
4170 475
4170 476
4170 477
4171 468
4171 469
4171 470
4171 471
4171 472
4171 473
4172 463
4172 464
4172 465
4172 466
4172 467
4172 468
4173 457
4173 458
4173 459
4173 460
4173 461
4173 462
4173 463
4174 452
4174 453
4174 454
4174 455
4174 456
4174 457
4174 458
4175 447
4175 448
4175 449
4175 450
4175 451
4175 452
4176 442
4176 443
4176 444
4176 445
4176 446
4176 447
4177 437
4177 438
4177 439
4177 440
4177 441
4184 479
4185 472
4185 473
4185 474
4185 475
4186 466
4186 467
4186 468
4186 469
4186 470
4186 471
4187 461
4187 462
4187 463
4187 464
4187 465
4187 466
4188 455
4188 456
4188 457
4188 458
4188 459
4188 460
4188 461
4189 450
4189 451
4189 452
4189 453
4189 454
4189 455
4189 456
4190 445
4190 446
4190 447
4190 448
4190 449
4190 450
4191 440
4191 441
4191 442
4191 443
4191 444
4191 445
4192 435
4192 436
4192 437
4192 438
4192 439
4199 476
4199 477
4199 478
4200 470
4200 471
4200 472
4200 473
4200 474
4201 464
4201 465
4201 466
4201 467
4201 468
4201 469
4202 458
4202 459
4202 460
4202 461
4202 462
4202 463
4202 464
4203 453
4203 454
4203 455
4203 456
4203 457
4203 458
4203 459
4204 448
4204 449
4204 450
4204 451
4204 452
4204 453
4204 454
4205 442
4205 443
4205 444
4205 445
4205 446
4205 447
4205 448
4206 438
4206 439
4206 440
4206 441
4206 442
4207 433
4207 434
4207 435
4207 436
4214 474
4214 475
4214 476
4215 468
4215 469
4215 470
4215 471
4215 472
4216 462
4216 463
4216 464
4216 465
4216 466
4216 467
4217 456
4217 457
4217 458
4217 459
4217 460
4217 461
4217 462
4218 451
4218 452
4218 453
4218 454
4218 455
4218 456
4218 457
4219 446
4219 447
4219 448
4219 449
4219 450
4219 451
4219 452
4220 440
4220 441
4220 442
4220 443
4220 444
4220 445
4220 446
4221 436
4221 437
4221 438
4221 439
4221 440
4222 431
4222 432
4222 433
4222 434
4229 472
4229 473
4229 474
4230 466
4230 467
4230 468
4230 469
4230 470
4231 460
4231 461
4231 462
4231 463
4231 464
4231 465
4232 454
4232 455
4232 456
4232 457
4232 458
4232 459
4232 460
4233 449
4233 450
4233 451
4233 452
4233 453
4233 454
4233 455
4234 444
4234 445
4234 446
4234 447
4234 448
4234 449
4235 438
4235 439
4235 440
4235 441
4235 442
4235 443
4235 444
4236 434
4236 435
4236 436
4236 437
4236 438
4237 430
4237 431
4244 470
4244 471
4244 472
4245 464
4245 465
4245 466
4245 467
4245 468
4246 458
4246 459
4246 460
4246 461
4246 462
4246 463
4247 452
4247 453
4247 454
4247 455
4247 456
4247 457
4247 458
4248 447
4248 448
4248 449
4248 450
4248 451
4248 452
4248 453
4249 442
4249 443
4249 444
4249 445
4249 446
4249 447
4250 437
4250 438
4250 439
4250 440
4250 441
4251 432
4251 433
4251 434
4251 435
4259 468
4259 469
4259 470
4260 462
4260 463
4260 464
4260 465
4260 466
4261 456
4261 457
4261 458
4261 459
4261 460
4261 461
4262 450
4262 451
4262 452
4262 453
4262 454
4262 455
4262 456
4263 445
4263 446
4263 447
4263 448
4263 449
4263 450
4264 440
4264 441
4264 442
4264 443
4264 444
4264 445
4265 435
4265 436
4265 437
4265 438
4265 439
4266 430
4266 431
4266 432
4266 433
4274 466
4274 467
4274 468
4275 460
4275 461
4275 462
4275 463
4276 454
4276 455
4276 456
4276 457
4276 458
4276 459
4277 448
4277 449
4277 450
4277 451
4277 452
4277 453
4278 443
4278 444
4278 445
4278 446
4278 447
4278 448
4279 438
4279 439
4279 440
4279 441
4279 442
4280 433
4280 434
4280 435
4280 436
4289 464
4289 465
4289 466
4290 458
4290 459
4290 460
4290 461
4291 452
4291 453
4291 454
4291 455
4291 456
4292 446
4292 447
4292 448
4292 449
4292 450
4292 451
4293 441
4293 442
4293 443
4293 444
4293 445
4293 446
4294 436
4294 437
4294 438
4294 439
4294 440
4295 432
4295 433
4295 434
4304 463
4305 456
4305 457
4305 458
4305 459
4306 450
4306 451
4306 452
4306 453
4306 454
4307 445
4307 446
4307 447
4307 448
4307 449
4308 439
4308 440
4308 441
4308 442
4308 443
4309 435
4309 436
4309 437
4320 454
4320 455
4320 456
4321 449
4321 450
4321 451
4322 443
4322 444
4322 445
4322 446
4323 438
4323 439
4323 440
4336 447
4336 448
4337 442
4337 443
