0 452
0 453
0 454
0 455
0 456
0 457
0 458
0 525
0 526
0 527
0 528
0 529
0 530
0 531
0 532
0 533
1 502
1 503
1 504
1 505
1 506
1 507
1 508
1 509
1 510
1 511
1 512
1 513
1 514
1 515
2 481
2 482
2 483
2 484
2 485
2 486
2 487
2 488
2 489
2 490
2 491
2 492
2 493
2 494
2 495
2 496
3 462
3 463
3 464
3 465
3 466
3 467
3 468
3 469
3 470
3 471
3 472
3 473
3 474
4 516
4 517
4 518
4 519
4 520
4 521
4 522
4 523
4 524
4 525
4 526
4 527
5 494
5 495
5 496
5 497
5 498
5 499
5 500
5 501
5 502
5 503
5 504
5 505
5 506
5 507
5 508
5 509
6 474
6 475
6 476
6 477
6 478
6 479
6 480
6 481
6 482
6 483
6 484
6 485
6 486
6 487
6 488
7 456
7 457
7 458
7 459
7 460
7 461
7 462
7 463
7 464
7 465
7 466
7 533
7 534
7 535
7 536
7 537
8 508
8 509
8 510
8 511
8 512
8 513
8 514
8 515
8 516
8 517
8 518
8 519
8 520
8 521
9 487
9 488
9 489
9 490
9 491
9 492
9 493
9 494
9 495
9 496
9 497
9 498
9 499
9 500
9 501
9 502
10 467
10 468
10 469
10 470
10 471
10 472
10 473
10 474
10 475
10 476
10 477
10 478
10 479
10 480
10 481
11 451
11 452
11 453
11 454
11 455
11 456
11 457
11 523
11 524
11 525
11 526
11 527
11 528
11 529
11 530
11 531
11 532
12 501
12 502
12 503
12 504
12 505
12 506
12 507
12 508
12 509
12 510
12 511
12 512
12 513
12 514
13 480
13 481
13 482
13 483
13 484
13 485
13 486
13 487
13 488
13 489
13 490
13 491
13 492
13 493
13 494
13 495
14 461
14 462
14 463
14 464
14 465
14 466
14 467
14 468
14 469
14 470
14 471
14 472
14 473
15 515
15 516
15 517
15 518
15 519
15 520
15 521
15 522
15 523
15 524
15 525
15 526
16 493
16 494
16 495
16 496
16 497
16 498
16 499
16 500
16 501
16 502
16 503
16 504
16 505
16 506
16 507
16 508
17 473
17 474
17 475
17 476
17 477
17 478
17 479
17 480
17 481
17 482
17 483
17 484
17 485
17 486
17 487
18 456
18 457
18 458
18 459
18 460
18 461
18 462
18 463
18 464
18 465
18 531
18 532
18 533
18 534
18 535
18 536
19 507
19 508
19 509
19 510
19 511
19 512
19 513
19 514
19 515
19 516
19 517
19 518
19 519
19 520
20 486
20 487
20 488
20 489
20 490
20 491
20 492
20 493
20 494
20 495
20 496
20 497
20 498
20 499
20 500
20 501
21 467
21 468
21 469
21 470
21 471
21 472
21 473
21 474
21 475
21 476
21 477
21 478
21 479
21 480
22 451
22 452
22 453
22 454
22 455
22 522
22 523
22 524
22 525
22 526
22 527
22 528
22 529
22 530
22 531
23 500
23 501
23 502
23 503
23 504
23 505
23 506
23 507
23 508
23 509
23 510
23 511
23 512
23 513
23 514
24 479
24 480
24 481
24 482
24 483
24 484
24 485
24 486
24 487
24 488
24 489
24 490
24 491
24 492
24 493
24 494
25 461
25 462
25 463
25 464
25 465
25 466
25 467
25 468
25 469
25 470
25 471
25 472
26 514
26 515
26 516
26 517
26 518
26 519
26 520
26 521
26 522
26 523
26 524
26 525
26 526
27 492
27 493
27 494
27 495
27 496
27 497
27 498
27 499
27 500
27 501
27 502
27 503
27 504
27 505
27 506
27 507
28 472
28 473
28 474
28 475
28 476
28 477
28 478
28 479
28 480
28 481
28 482
28 483
28 484
28 485
28 486
29 455
29 456
29 457
29 458
29 459
29 460
29 461
29 462
29 463
29 464
29 530
29 531
29 532
29 533
29 534
29 535
29 536
30 506
30 507
30 508
30 509
30 510
30 511
30 512
30 513
30 514
30 515
30 516
30 517
30 518
30 519
31 485
31 486
31 487
31 488
31 489
31 490
31 491
31 492
31 493
31 494
31 495
31 496
31 497
31 498
31 499
31 500
32 466
32 467
32 468
32 469
32 470
32 471
32 472
32 473
32 474
32 475
32 476
32 477
32 478
32 479
33 451
33 452
33 453
33 454
33 521
33 522
33 523
33 524
33 525
33 526
33 527
33 528
33 529
33 530
33 531
34 499
34 500
34 501
34 502
34 503
34 504
34 505
34 506
34 507
34 508
34 509
34 510
34 511
34 512
34 513
35 478
35 479
35 480
35 481
35 482
35 483
35 484
35 485
35 486
35 487
35 488
35 489
35 490
35 491
35 492
35 493
36 460
36 461
36 462
36 463
36 464
36 465
36 466
36 467
36 468
36 469
36 470
36 471
37 513
37 514
37 515
37 516
37 517
37 518
37 519
37 520
37 521
37 522
37 523
37 524
37 525
38 491
38 492
38 493
38 494
38 495
38 496
38 497
38 498
38 499
38 500
38 501
38 502
38 503
38 504
38 505
38 506
39 472
39 473
39 474
39 475
39 476
39 477
39 478
39 479
39 480
39 481
39 482
39 483
39 484
39 485
40 454
40 455
40 456
40 457
40 458
40 459
40 460
40 461
40 462
40 528
40 529
40 530
40 531
40 532
40 533
40 534
40 535
40 536
41 505
41 506
41 507
41 508
41 509
41 510
41 511
41 512
41 513
41 514
41 515
41 516
41 517
41 518
42 484
42 485
42 486
42 487
42 488
42 489
42 490
42 491
42 492
42 493
42 494
42 495
42 496
42 497
42 498
42 499
43 465
43 466
43 467
43 468
43 469
43 470
43 471
43 472
43 473
43 474
43 475
43 476
43 477
43 478
44 520
44 521
44 522
44 523
44 524
44 525
44 526
44 527
44 528
44 529
44 530
45 498
45 499
45 500
45 501
45 502
45 503
45 504
45 505
45 506
45 507
45 508
45 509
45 510
45 511
45 512
46 477
46 478
46 479
46 480
46 481
46 482
46 483
46 484
46 485
46 486
46 487
46 488
46 489
46 490
46 491
46 492
47 459
47 460
47 461
47 462
47 463
47 464
47 465
47 466
47 467
47 468
47 469
47 470
47 536
47 537
47 538
47 539
48 512
48 513
48 514
48 515
48 516
48 517
48 518
48 519
48 520
48 521
48 522
48 523
48 524
49 490
49 491
49 492
49 493
49 494
49 495
49 496
49 497
49 498
49 499
49 500
49 501
49 502
49 503
49 504
49 505
50 471
50 472
50 473
50 474
50 475
50 476
50 477
50 478
50 479
50 480
50 481
50 482
50 483
50 484
51 454
51 455
51 456
51 457
51 458
51 459
51 460
51 461
51 527
51 528
51 529
51 530
51 531
51 532
51 533
51 534
51 535
52 504
52 505
52 506
52 507
52 508
52 509
52 510
52 511
52 512
52 513
52 514
52 515
52 516
52 517
52 518
53 483
53 484
53 485
53 486
53 487
53 488
53 489
53 490
53 491
53 492
53 493
53 494
53 495
53 496
53 497
53 498
54 464
54 465
54 466
54 467
54 468
54 469
54 470
54 471
54 472
54 473
54 474
54 475
54 476
55 519
55 520
55 521
55 522
55 523
55 524
55 525
55 526
55 527
55 528
55 529
56 497
56 498
56 499
56 500
56 501
56 502
56 503
56 504
56 505
56 506
56 507
56 508
56 509
56 510
56 511
57 477
57 478
57 479
57 480
57 481
57 482
57 483
57 484
57 485
57 486
57 487
57 488
57 489
57 490
57 491
58 459
58 460
58 461
58 462
58 463
58 464
58 465
58 466
58 467
58 468
58 535
58 536
58 537
58 538
58 539
59 511
59 512
59 513
59 514
59 515
59 516
59 517
59 518
59 519
59 520
59 521
59 522
59 523
60 489
60 490
60 491
60 492
60 493
60 494
60 495
60 496
60 497
60 498
60 499
60 500
60 501
60 502
60 503
60 504
61 470
61 471
61 472
61 473
61 474
61 475
61 476
61 477
61 478
61 479
61 480
61 481
61 482
61 483
62 454
62 455
62 456
62 457
62 458
62 459
62 460
62 526
62 527
62 528
62 529
62 530
62 531
62 532
62 533
62 534
63 503
63 504
63 505
63 506
63 507
63 508
63 509
63 510
63 511
63 512
63 513
63 514
63 515
63 516
63 517
64 482
64 483
64 484
64 485
64 486
64 487
64 488
64 489
64 490
64 491
64 492
64 493
64 494
64 495
64 496
64 497
65 464
65 465
65 466
65 467
65 468
65 469
65 470
65 471
65 472
65 473
65 474
65 475
66 517
66 518
66 519
66 520
66 521
66 522
66 523
66 524
66 525
66 526
66 527
66 528
66 529
67 496
67 497
67 498
67 499
67 500
67 501
67 502
67 503
67 504
67 505
67 506
67 507
67 508
67 509
67 510
68 476
68 477
68 478
68 479
68 480
68 481
68 482
68 483
68 484
68 485
68 486
68 487
68 488
68 489
68 490
69 458
69 459
69 460
69 461
69 462
69 463
69 464
69 465
69 466
69 467
69 533
69 534
69 535
69 536
69 537
69 538
69 539
70 510
70 511
70 512
70 513
70 514
70 515
70 516
70 517
70 518
70 519
70 520
70 521
70 522
71 489
71 490
71 491
71 492
71 493
71 494
71 495
71 496
71 497
71 498
71 499
71 500
71 501
71 502
71 503
72 469
72 470
72 471
72 472
72 473
72 474
72 475
72 476
72 477
72 478
72 479
72 480
72 481
72 482
73 453
73 454
73 455
73 456
73 457
73 458
73 524
73 525
73 526
73 527
73 528
73 529
73 530
73 531
73 532
73 533
73 534
74 502
74 503
74 504
74 505
74 506
74 507
74 508
74 509
74 510
74 511
74 512
74 513
74 514
74 515
74 516
75 482
75 483
75 484
75 485
75 486
75 487
75 488
75 489
75 490
75 491
75 492
75 493
75 494
75 495
75 496
76 463
76 464
76 465
76 466
76 467
76 468
76 469
76 470
76 471
76 472
76 473
76 474
77 516
77 517
77 518
77 519
77 520
77 521
77 522
77 523
77 524
77 525
77 526
77 527
77 528
78 495
78 496
78 497
78 498
78 499
78 500
78 501
78 502
78 503
78 504
78 505
78 506
78 507
78 508
78 509
79 475
79 476
79 477
79 478
79 479
79 480
79 481
79 482
79 483
79 484
79 485
79 486
79 487
79 488
80 457
80 458
80 459
80 460
80 461
80 462
80 463
80 464
80 465
80 466
80 532
80 533
80 534
80 535
80 536
80 537
80 538
80 539
81 509
81 510
81 511
81 512
81 513
81 514
81 515
81 516
81 517
81 518
81 519
81 520
81 521
81 522
82 488
82 489
82 490
82 491
82 492
82 493
82 494
82 495
82 496
82 497
82 498
82 499
82 500
82 501
82 502
83 468
83 469
83 470
83 471
83 472
83 473
83 474
83 475
83 476
83 477
83 478
83 479
83 480
83 481
84 453
84 454
84 455
84 456
84 457
84 523
84 524
84 525
84 526
84 527
84 528
84 529
84 530
84 531
84 532
84 533
85 501
85 502
85 503
85 504
85 505
85 506
85 507
85 508
85 509
85 510
85 511
85 512
85 513
85 514
85 515
86 481
86 482
86 483
86 484
86 485
86 486
86 487
86 488
86 489
86 490
86 491
86 492
86 493
86 494
86 495
87 462
87 463
87 464
87 465
87 466
87 467
87 468
87 469
87 470
87 471
87 472
87 473
87 541
87 542
88 515
88 516
88 517
88 518
88 519
88 520
88 521
88 522
88 523
88 524
88 525
88 526
88 527
89 494
89 495
89 496
89 497
89 498
89 499
89 500
89 501
89 502
89 503
89 504
89 505
89 506
89 507
89 508
90 474
90 475
90 476
90 477
90 478
90 479
90 480
90 481
90 482
90 483
90 484
90 485
90 486
90 487
91 457
91 458
91 459
91 460
91 461
91 462
91 463
91 464
91 465
91 530
91 531
91 532
91 533
91 534
91 535
91 536
91 537
91 538
92 507
92 508
92 509
92 510
92 511
92 512
92 513
92 514
92 515
92 516
92 517
92 518
92 519
92 520
92 521
93 487
93 488
93 489
93 490
93 491
93 492
93 493
93 494
93 495
93 496
93 497
93 498
93 499
93 500
93 501
94 468
94 469
94 470
94 471
94 472
94 473
94 474
94 475
94 476
94 477
94 478
94 479
94 480
95 453
95 454
95 455
95 522
95 523
95 524
95 525
95 526
95 527
95 528
95 529
95 530
95 531
95 532
96 500
96 501
96 502
96 503
96 504
96 505
96 506
96 507
96 508
96 509
96 510
96 511
96 512
96 513
96 514
97 480
97 481
97 482
97 483
97 484
97 485
97 486
97 487
97 488
97 489
97 490
97 491
97 492
97 493
97 494
98 462
98 463
98 464
98 465
98 466
98 467
98 468
98 469
98 470
98 471
98 472
98 538
98 539
98 540
98 541
98 542
99 514
99 515
99 516
99 517
99 518
99 519
99 520
99 521
99 522
99 523
99 524
99 525
99 526
100 493
100 494
100 495
100 496
100 497
100 498
100 499
100 500
100 501
100 502
100 503
100 504
100 505
100 506
100 507
101 473
101 474
101 475
101 476
101 477
101 478
101 479
101 480
101 481
101 482
101 483
101 484
101 485
101 486
102 456
102 457
102 458
102 459
102 460
102 461
102 462
102 463
102 529
102 530
102 531
102 532
102 533
102 534
102 535
102 536
102 537
103 506
103 507
103 508
103 509
103 510
103 511
103 512
103 513
103 514
103 515
103 516
103 517
103 518
103 519
103 520
104 486
104 487
104 488
104 489
104 490
104 491
104 492
104 493
104 494
104 495
104 496
104 497
104 498
104 499
104 500
105 467
105 468
105 469
105 470
105 471
105 472
105 473
105 474
105 475
105 476
105 477
105 478
105 479
106 521
106 522
106 523
106 524
106 525
106 526
106 527
106 528
106 529
106 530
106 531
106 532
107 499
107 500
107 501
107 502
107 503
107 504
107 505
107 506
107 507
107 508
107 509
107 510
107 511
107 512
107 513
108 479
108 480
108 481
108 482
108 483
108 484
108 485
108 486
108 487
108 488
108 489
108 490
108 491
108 492
108 493
109 461
109 462
109 463
109 464
109 465
109 466
109 467
109 468
109 469
109 470
109 471
109 537
109 538
109 539
109 540
109 541
109 542
110 513
110 514
110 515
110 516
110 517
110 518
110 519
110 520
110 521
110 522
110 523
110 524
110 525
111 492
111 493
111 494
111 495
111 496
111 497
111 498
111 499
111 500
111 501
111 502
111 503
111 504
111 505
111 506
112 473
112 474
112 475
112 476
112 477
112 478
112 479
112 480
112 481
112 482
112 483
112 484
112 485
113 456
113 457
113 458
113 459
113 460
113 461
113 462
113 528
113 529
113 530
113 531
113 532
113 533
113 534
113 535
113 536
113 537
114 505
114 506
114 507
114 508
114 509
114 510
114 511
114 512
114 513
114 514
114 515
114 516
114 517
114 518
114 519
115 485
115 486
115 487
115 488
115 489
115 490
115 491
115 492
115 493
115 494
115 495
115 496
115 497
115 498
115 499
116 466
116 467
116 468
116 469
116 470
116 471
116 472
116 473
116 474
116 475
116 476
116 477
116 478
117 520
117 521
117 522
117 523
117 524
117 525
117 526
117 527
117 528
117 529
117 530
117 531
118 498
118 499
118 500
118 501
118 502
118 503
118 504
118 505
118 506
118 507
118 508
118 509
118 510
118 511
118 512
119 478
119 479
119 480
119 481
119 482
119 483
119 484
119 485
119 486
119 487
119 488
119 489
119 490
119 491
119 492
120 461
120 462
120 463
120 464
120 465
120 466
120 467
120 468
120 469
120 535
120 536
120 537
120 538
120 539
120 540
120 541
121 512
121 513
121 514
121 515
121 516
121 517
121 518
121 519
121 520
121 521
121 522
121 523
121 524
121 525
122 491
122 492
122 493
122 494
122 495
122 496
122 497
122 498
122 499
122 500
122 501
122 502
122 503
122 504
122 505
123 472
123 473
123 474
123 475
123 476
123 477
123 478
123 479
123 480
123 481
123 482
123 483
123 484
124 456
124 457
124 458
124 459
124 460
124 461
124 527
124 528
124 529
124 530
124 531
124 532
124 533
124 534
124 535
124 536
125 505
125 506
125 507
125 508
125 509
125 510
125 511
125 512
125 513
125 514
125 515
125 516
125 517
125 518
126 484
126 485
126 486
126 487
126 488
126 489
126 490
126 491
126 492
126 493
126 494
126 495
126 496
126 497
126 498
127 466
127 467
127 468
127 469
127 470
127 471
127 472
127 473
127 474
127 475
127 476
128 519
128 520
128 521
128 522
128 523
128 524
128 525
128 526
128 527
128 528
128 529
128 530
129 497
129 498
129 499
129 500
129 501
129 502
129 503
129 504
129 505
129 506
129 507
129 508
129 509
129 510
129 511
130 477
130 478
130 479
130 480
130 481
130 482
130 483
130 484
130 485
130 486
130 487
130 488
130 489
130 490
130 491
131 460
131 461
131 462
131 463
131 464
131 465
131 466
131 467
131 468
131 534
131 535
131 536
131 537
131 538
131 539
131 540
131 541
132 511
132 512
132 513
132 514
132 515
132 516
132 517
132 518
132 519
132 520
132 521
132 522
132 523
132 524
133 490
133 491
133 492
133 493
133 494
133 495
133 496
133 497
133 498
133 499
133 500
133 501
133 502
133 503
133 504
134 471
134 472
134 473
134 474
134 475
134 476
134 477
134 478
134 479
134 480
134 481
134 482
134 483
135 456
135 457
135 458
135 459
135 525
135 526
135 527
135 528
135 529
135 530
135 531
135 532
135 533
135 534
135 535
136 504
136 505
136 506
136 507
136 508
136 509
136 510
136 511
136 512
136 513
136 514
136 515
136 516
136 517
137 483
137 484
137 485
137 486
137 487
137 488
137 489
137 490
137 491
137 492
137 493
137 494
137 495
137 496
137 497
138 465
138 466
138 467
138 468
138 469
138 470
138 471
138 472
138 473
138 474
138 475
138 543
138 544
139 518
139 519
139 520
139 521
139 522
139 523
139 524
139 525
139 526
139 527
139 528
139 529
140 496
140 497
140 498
140 499
140 500
140 501
140 502
140 503
140 504
140 505
140 506
140 507
140 508
140 509
140 510
141 477
141 478
141 479
141 480
141 481
141 482
141 483
141 484
141 485
141 486
141 487
141 488
141 489
142 460
142 461
142 462
142 463
142 464
142 465
142 466
142 467
142 533
142 534
142 535
142 536
142 537
142 538
142 539
142 540
143 510
143 511
143 512
143 513
143 514
143 515
143 516
143 517
143 518
143 519
143 520
143 521
143 522
143 523
144 489
144 490
144 491
144 492
144 493
144 494
144 495
144 496
144 497
144 498
144 499
144 500
144 501
144 502
144 503
145 470
145 471
145 472
145 473
145 474
145 475
145 476
145 477
145 478
145 479
145 480
145 481
145 482
146 524
146 525
146 526
146 527
146 528
146 529
146 530
146 531
146 532
146 533
146 534
146 535
147 503
147 504
147 505
147 506
147 507
147 508
147 509
147 510
147 511
147 512
147 513
147 514
147 515
147 516
148 483
148 484
148 485
148 486
148 487
148 488
148 489
148 490
148 491
148 492
148 493
148 494
148 495
148 496
149 464
149 465
149 466
149 467
149 468
149 469
149 470
149 471
149 472
149 473
149 474
149 541
149 542
149 543
149 544
150 517
150 518
150 519
150 520
150 521
150 522
150 523
150 524
150 525
150 526
150 527
150 528
151 495
151 496
151 497
151 498
151 499
151 500
151 501
151 502
151 503
151 504
151 505
151 506
151 507
151 508
151 509
152 476
152 477
152 478
152 479
152 480
152 481
152 482
152 483
152 484
152 485
152 486
152 487
152 488
153 459
153 460
153 461
153 462
153 463
153 464
153 465
153 531
153 532
153 533
153 534
153 535
153 536
153 537
153 538
153 539
153 540
154 509
154 510
154 511
154 512
154 513
154 514
154 515
154 516
154 517
154 518
154 519
154 520
154 521
154 522
155 488
155 489
155 490
155 491
155 492
155 493
155 494
155 495
155 496
155 497
155 498
155 499
155 500
155 501
155 502
156 470
156 471
156 472
156 473
156 474
156 475
156 476
156 477
156 478
156 479
156 480
156 481
157 523
157 524
157 525
157 526
157 527
157 528
157 529
157 530
157 531
157 532
157 533
157 534
158 502
158 503
158 504
158 505
158 506
158 507
158 508
158 509
158 510
158 511
158 512
158 513
158 514
158 515
159 482
159 483
159 484
159 485
159 486
159 487
159 488
159 489
159 490
159 491
159 492
159 493
159 494
159 495
160 464
160 465
160 466
160 467
160 468
160 469
160 470
160 471
160 472
160 473
160 539
160 540
160 541
160 542
160 543
160 544
161 515
161 516
161 517
161 518
161 519
161 520
161 521
161 522
161 523
161 524
161 525
161 526
161 527
161 528
162 495
162 496
162 497
162 498
162 499
162 500
162 501
162 502
162 503
162 504
162 505
162 506
162 507
162 508
163 475
163 476
163 477
163 478
163 479
163 480
163 481
163 482
163 483
163 484
163 485
163 486
163 487
164 459
164 460
164 461
164 462
164 463
164 464
164 530
164 531
164 532
164 533
164 534
164 535
164 536
164 537
164 538
164 539
165 508
165 509
165 510
165 511
165 512
165 513
165 514
165 515
165 516
165 517
165 518
165 519
165 520
165 521
166 488
166 489
166 490
166 491
166 492
166 493
166 494
166 495
166 496
166 497
166 498
166 499
166 500
166 501
167 469
167 470
167 471
167 472
167 473
167 474
167 475
167 476
167 477
167 478
167 479
167 480
168 522
168 523
168 524
168 525
168 526
168 527
168 528
168 529
168 530
168 531
168 532
168 533
169 501
169 502
169 503
169 504
169 505
169 506
169 507
169 508
169 509
169 510
169 511
169 512
169 513
169 514
170 481
170 482
170 483
170 484
170 485
170 486
170 487
170 488
170 489
170 490
170 491
170 492
170 493
170 494
171 463
171 464
171 465
171 466
171 467
171 468
171 469
171 470
171 471
171 538
171 539
171 540
171 541
171 542
171 543
171 544
172 514
172 515
172 516
172 517
172 518
172 519
172 520
172 521
172 522
172 523
172 524
172 525
172 526
172 527
173 494
173 495
173 496
173 497
173 498
173 499
173 500
173 501
173 502
173 503
173 504
173 505
173 506
173 507
174 475
174 476
174 477
174 478
174 479
174 480
174 481
174 482
174 483
174 484
174 485
174 486
175 459
175 460
175 461
175 462
175 529
175 530
175 531
175 532
175 533
175 534
175 535
175 536
175 537
175 538
176 507
176 508
176 509
176 510
176 511
176 512
176 513
176 514
176 515
176 516
176 517
176 518
176 519
176 520
177 487
177 488
177 489
177 490
177 491
177 492
177 493
177 494
177 495
177 496
177 497
177 498
177 499
177 500
178 468
178 469
178 470
178 471
178 472
178 473
178 474
178 475
178 476
178 477
178 478
179 521
179 522
179 523
179 524
179 525
179 526
179 527
179 528
179 529
179 530
179 531
179 532
180 500
180 501
180 502
180 503
180 504
180 505
180 506
180 507
180 508
180 509
180 510
180 511
180 512
180 513
181 480
181 481
181 482
181 483
181 484
181 485
181 486
181 487
181 488
181 489
181 490
181 491
181 492
181 493
182 463
182 464
182 465
182 466
182 467
182 468
182 469
182 470
182 537
182 538
182 539
182 540
182 541
182 542
182 543
183 513
183 514
183 515
183 516
183 517
183 518
183 519
183 520
183 521
183 522
183 523
183 524
183 525
183 526
184 493
184 494
184 495
184 496
184 497
184 498
184 499
184 500
184 501
184 502
184 503
184 504
184 505
184 506
185 474
185 475
185 476
185 477
185 478
185 479
185 480
185 481
185 482
185 483
185 484
185 485
186 460
186 528
186 529
186 530
186 531
186 532
186 533
186 534
186 535
186 536
186 537
186 538
187 506
187 507
187 508
187 509
187 510
187 511
187 512
187 513
187 514
187 515
187 516
187 517
187 518
187 519
188 486
188 487
188 488
188 489
188 490
188 491
188 492
188 493
188 494
188 495
188 496
188 497
188 498
188 499
189 468
189 469
189 470
189 471
189 472
189 473
189 474
189 475
189 476
189 477
190 520
190 521
190 522
190 523
190 524
190 525
190 526
190 527
190 528
190 529
190 530
190 531
191 499
191 500
191 501
191 502
191 503
191 504
191 505
191 506
191 507
191 508
191 509
191 510
191 511
191 512
192 479
192 480
192 481
192 482
192 483
192 484
192 485
192 486
192 487
192 488
192 489
192 490
192 491
193 463
193 464
193 465
193 466
193 467
193 468
193 469
193 535
193 536
193 537
193 538
193 539
193 540
193 541
193 542
194 513
194 514
194 515
194 516
194 517
194 518
194 519
194 520
194 521
194 522
194 523
194 524
194 525
195 492
195 493
195 494
195 495
195 496
195 497
195 498
195 499
195 500
195 501
195 502
195 503
195 504
195 505
196 473
196 474
196 475
196 476
196 477
196 478
196 479
196 480
196 481
196 482
196 483
196 484
197 527
197 528
197 529
197 530
197 531
197 532
197 533
197 534
197 535
197 536
197 537
198 505
198 506
198 507
198 508
198 509
198 510
198 511
198 512
198 513
198 514
198 515
198 516
198 517
198 518
199 485
199 486
199 487
199 488
199 489
199 490
199 491
199 492
199 493
199 494
199 495
199 496
199 497
199 498
200 467
200 468
200 469
200 470
200 471
200 472
200 473
200 474
200 475
200 476
200 544
200 545
200 546
201 519
201 520
201 521
201 522
201 523
201 524
201 525
201 526
201 527
201 528
201 529
201 530
201 531
202 498
202 499
202 500
202 501
202 502
202 503
202 504
202 505
202 506
202 507
202 508
202 509
202 510
202 511
203 479
203 480
203 481
203 482
203 483
203 484
203 485
203 486
203 487
203 488
203 489
203 490
204 463
204 464
204 465
204 466
204 467
204 534
204 535
204 536
204 537
204 538
204 539
204 540
204 541
204 542
205 512
205 513
205 514
205 515
205 516
205 517
205 518
205 519
205 520
205 521
205 522
205 523
205 524
206 491
206 492
206 493
206 494
206 495
206 496
206 497
206 498
206 499
206 500
206 501
206 502
206 503
206 504
207 473
207 474
207 475
207 476
207 477
207 478
207 479
207 480
207 481
207 482
207 483
208 526
208 527
208 528
208 529
208 530
208 531
208 532
208 533
208 534
208 535
208 536
209 504
209 505
209 506
209 507
209 508
209 509
209 510
209 511
209 512
209 513
209 514
209 515
209 516
209 517
210 484
210 485
210 486
210 487
210 488
210 489
210 490
210 491
210 492
210 493
210 494
210 495
210 496
210 497
211 467
211 468
211 469
211 470
211 471
211 472
211 473
211 474
211 542
211 543
211 544
211 545
211 546
212 518
212 519
212 520
212 521
212 522
212 523
212 524
212 525
212 526
212 527
212 528
212 529
212 530
213 497
213 498
213 499
213 500
213 501
213 502
213 503
213 504
213 505
213 506
213 507
213 508
213 509
213 510
214 478
214 479
214 480
214 481
214 482
214 483
214 484
214 485
214 486
214 487
214 488
214 489
215 463
215 464
215 465
215 533
215 534
215 535
215 536
215 537
215 538
215 539
215 540
215 541
216 511
216 512
216 513
216 514
216 515
216 516
216 517
216 518
216 519
216 520
216 521
216 522
216 523
217 490
217 491
217 492
217 493
217 494
217 495
217 496
217 497
217 498
217 499
217 500
217 501
217 502
217 503
218 472
218 473
218 474
218 475
218 476
218 477
218 478
218 479
218 480
218 481
219 525
219 526
219 527
219 528
219 529
219 530
219 531
219 532
219 533
219 534
219 535
220 503
220 504
220 505
220 506
220 507
220 508
220 509
220 510
220 511
220 512
220 513
220 514
220 515
220 516
221 484
221 485
221 486
221 487
221 488
221 489
221 490
221 491
221 492
221 493
221 494
221 495
222 467
222 468
222 469
222 470
222 471
222 472
222 473
222 541
222 542
222 543
222 544
222 545
222 546
223 517
223 518
223 519
223 520
223 521
223 522
223 523
223 524
223 525
223 526
223 527
223 528
223 529
224 496
224 497
224 498
224 499
224 500
224 501
224 502
224 503
224 504
224 505
224 506
224 507
224 508
224 509
225 477
225 478
225 479
225 480
225 481
225 482
225 483
225 484
225 485
225 486
225 487
225 488
226 532
226 533
226 534
226 535
226 536
226 537
226 538
226 539
226 540
227 510
227 511
227 512
227 513
227 514
227 515
227 516
227 517
227 518
227 519
227 520
227 521
227 522
228 490
228 491
228 492
228 493
228 494
228 495
228 496
228 497
228 498
228 499
228 500
228 501
228 502
229 472
229 473
229 474
229 475
229 476
229 477
229 478
229 479
229 480
230 524
230 525
230 526
230 527
230 528
230 529
230 530
230 531
230 532
230 533
230 534
231 503
231 504
231 505
231 506
231 507
231 508
231 509
231 510
231 511
231 512
231 513
231 514
231 515
232 483
232 484
232 485
232 486
232 487
232 488
232 489
232 490
232 491
232 492
232 493
232 494
233 466
233 467
233 468
233 469
233 470
233 471
233 539
233 540
233 541
233 542
233 543
233 544
233 545
234 516
234 517
234 518
234 519
234 520
234 521
234 522
234 523
234 524
234 525
234 526
234 527
234 528
235 496
235 497
235 498
235 499
235 500
235 501
235 502
235 503
235 504
235 505
235 506
235 507
235 508
236 477
236 478
236 479
236 480
236 481
236 482
236 483
236 484
236 485
236 486
236 487
237 531
237 532
237 533
237 534
237 535
237 536
237 537
237 538
237 539
237 540
238 509
238 510
238 511
238 512
238 513
238 514
238 515
238 516
238 517
238 518
238 519
238 520
238 521
239 489
239 490
239 491
239 492
239 493
239 494
239 495
239 496
239 497
239 498
239 499
239 500
239 501
240 471
240 472
240 473
240 474
240 475
240 476
240 477
240 478
240 479
241 523
241 524
241 525
241 526
241 527
241 528
241 529
241 530
241 531
241 532
241 533
242 502
242 503
242 504
242 505
242 506
242 507
242 508
242 509
242 510
242 511
242 512
242 513
242 514
243 482
243 483
243 484
243 485
243 486
243 487
243 488
243 489
243 490
243 491
243 492
243 493
244 466
244 467
244 468
244 469
244 470
244 538
244 539
244 540
244 541
244 542
244 543
244 544
245 515
245 516
245 517
245 518
245 519
245 520
245 521
245 522
245 523
245 524
245 525
245 526
245 527
246 495
246 496
246 497
246 498
246 499
246 500
246 501
246 502
246 503
246 504
246 505
246 506
246 507
247 476
247 477
247 478
247 479
247 480
247 481
247 482
247 483
247 484
247 485
248 530
248 531
248 532
248 533
248 534
248 535
248 536
248 537
248 538
248 539
249 508
249 509
249 510
249 511
249 512
249 513
249 514
249 515
249 516
249 517
249 518
249 519
249 520
250 488
250 489
250 490
250 491
250 492
250 493
250 494
250 495
250 496
250 497
250 498
250 499
250 500
251 471
251 472
251 473
251 474
251 475
251 476
251 477
252 522
252 523
252 524
252 525
252 526
252 527
252 528
252 529
252 530
252 531
252 532
252 533
253 501
253 502
253 503
253 504
253 505
253 506
253 507
253 508
253 509
253 510
253 511
253 512
253 513
254 482
254 483
254 484
254 485
254 486
254 487
254 488
254 489
254 490
254 491
254 492
255 537
255 538
255 539
255 540
255 541
255 542
255 543
255 544
256 514
256 515
256 516
256 517
256 518
256 519
256 520
256 521
256 522
256 523
256 524
256 525
256 526
257 494
257 495
257 496
257 497
257 498
257 499
257 500
257 501
257 502
257 503
257 504
257 505
257 506
258 476
258 477
258 478
258 479
258 480
258 481
258 482
258 483
258 484
259 529
259 530
259 531
259 532
259 533
259 534
259 535
259 536
259 537
259 538
260 507
260 508
260 509
260 510
260 511
260 512
260 513
260 514
260 515
260 516
260 517
260 518
260 519
261 487
261 488
261 489
261 490
261 491
261 492
261 493
261 494
261 495
261 496
261 497
261 498
262 471
262 472
262 473
262 474
262 475
262 476
262 546
262 547
262 548
263 521
263 522
263 523
263 524
263 525
263 526
263 527
263 528
263 529
263 530
263 531
263 532
264 500
264 501
264 502
264 503
264 504
264 505
264 506
264 507
264 508
264 509
264 510
264 511
264 512
265 481
265 482
265 483
265 484
265 485
265 486
265 487
265 488
265 489
265 490
265 491
266 536
266 537
266 538
266 539
266 540
266 541
266 542
266 543
267 513
267 514
267 515
267 516
267 517
267 518
267 519
267 520
267 521
267 522
267 523
267 524
267 525
268 493
268 494
268 495
268 496
268 497
268 498
268 499
268 500
268 501
268 502
268 503
268 504
268 505
269 475
269 476
269 477
269 478
269 479
269 480
269 481
269 482
269 483
270 528
270 529
270 530
270 531
270 532
270 533
270 534
270 535
270 536
270 537
271 506
271 507
271 508
271 509
271 510
271 511
271 512
271 513
271 514
271 515
271 516
271 517
271 518
272 487
272 488
272 489
272 490
272 491
272 492
272 493
272 494
272 495
272 496
272 497
273 471
273 472
273 473
273 474
273 544
273 545
273 546
273 547
274 520
274 521
274 522
274 523
274 524
274 525
274 526
274 527
274 528
274 529
274 530
274 531
275 499
275 500
275 501
275 502
275 503
275 504
275 505
275 506
275 507
275 508
275 509
275 510
275 511
276 481
276 482
276 483
276 484
276 485
276 486
276 487
276 488
276 489
277 535
277 536
277 537
277 538
277 539
277 540
277 541
277 542
278 512
278 513
278 514
278 515
278 516
278 517
278 518
278 519
278 520
278 521
278 522
278 523
278 524
279 493
279 494
279 495
279 496
279 497
279 498
279 499
279 500
279 501
279 502
279 503
280 475
280 476
280 477
280 478
280 479
280 480
280 481
281 527
281 528
281 529
281 530
281 531
281 532
281 533
281 534
281 535
281 536
282 505
282 506
282 507
282 508
282 509
282 510
282 511
282 512
282 513
282 514
282 515
282 516
282 517
283 486
283 487
283 488
283 489
283 490
283 491
283 492
283 493
283 494
283 495
283 496
284 543
284 544
284 545
284 546
284 547
285 519
285 520
285 521
285 522
285 523
285 524
285 525
285 526
285 527
285 528
285 529
285 530
286 498
286 499
286 500
286 501
286 502
286 503
286 504
286 505
286 506
286 507
286 508
286 509
286 510
287 480
287 481
287 482
287 483
287 484
287 485
287 486
287 487
287 488
288 534
288 535
288 536
288 537
288 538
288 539
288 540
288 541
288 542
289 512
289 513
289 514
289 515
289 516
289 517
289 518
289 519
289 520
289 521
289 522
289 523
290 492
290 493
290 494
290 495
290 496
290 497
290 498
290 499
290 500
290 501
290 502
291 475
291 476
291 477
291 478
291 479
291 480
292 526
292 527
292 528
292 529
292 530
292 531
292 532
292 533
292 534
292 535
293 505
293 506
293 507
293 508
293 509
293 510
293 511
293 512
293 513
293 514
293 515
293 516
294 486
294 487
294 488
294 489
294 490
294 491
294 492
294 493
294 494
294 495
295 541
295 542
295 543
295 544
295 545
295 546
296 518
296 519
296 520
296 521
296 522
296 523
296 524
296 525
296 526
296 527
296 528
296 529
297 498
297 499
297 500
297 501
297 502
297 503
297 504
297 505
297 506
297 507
297 508
297 509
298 480
298 481
298 482
298 483
298 484
298 485
298 486
298 487
299 533
299 534
299 535
299 536
299 537
299 538
299 539
299 540
299 541
300 511
300 512
300 513
300 514
300 515
300 516
300 517
300 518
300 519
300 520
300 521
300 522
301 491
301 492
301 493
301 494
301 495
301 496
301 497
301 498
301 499
301 500
301 501
302 475
302 476
302 477
302 478
303 525
303 526
303 527
303 528
303 529
303 530
303 531
303 532
303 533
303 534
304 504
304 505
304 506
304 507
304 508
304 509
304 510
304 511
304 512
304 513
304 514
304 515
305 485
305 486
305 487
305 488
305 489
305 490
305 491
305 492
305 493
306 540
306 541
306 542
306 543
306 544
306 545
306 546
307 517
307 518
307 519
307 520
307 521
307 522
307 523
307 524
307 525
307 526
307 527
307 528
308 497
308 498
308 499
308 500
308 501
308 502
308 503
308 504
308 505
308 506
308 507
309 479
309 480
309 481
309 482
309 483
309 484
309 485
310 532
310 533
310 534
310 535
310 536
310 537
310 538
310 539
310 540
311 510
311 511
311 512
311 513
311 514
311 515
311 516
311 517
311 518
311 519
311 520
311 521
312 491
312 492
312 493
312 494
312 495
312 496
312 497
312 498
312 499
312 500
314 524
314 525
314 526
314 527
314 528
314 529
314 530
314 531
314 532
314 533
315 503
315 504
315 505
315 506
315 507
315 508
315 509
315 510
315 511
315 512
315 513
315 514
316 485
316 486
316 487
316 488
316 489
316 490
316 491
316 492
317 539
317 540
317 541
317 542
317 543
317 544
317 545
318 516
318 517
318 518
318 519
318 520
318 521
318 522
318 523
318 524
318 525
318 526
318 527
319 496
319 497
319 498
319 499
319 500
319 501
319 502
319 503
319 504
319 505
319 506
320 479
320 480
320 481
320 482
320 483
321 531
321 532
321 533
321 534
321 535
321 536
321 537
321 538
321 539
322 509
322 510
322 511
322 512
322 513
322 514
322 515
322 516
322 517
322 518
322 519
322 520
323 490
323 491
323 492
323 493
323 494
323 495
323 496
323 497
323 498
325 523
325 524
325 525
325 526
325 527
325 528
325 529
325 530
325 531
325 532
326 502
326 503
326 504
326 505
326 506
326 507
326 508
326 509
326 510
326 511
326 512
327 484
327 485
327 486
327 487
327 488
327 489
327 490
328 538
328 539
328 540
328 541
328 542
328 543
328 544
329 515
329 516
329 517
329 518
329 519
329 520
329 521
329 522
329 523
329 524
329 525
329 526
330 496
330 497
330 498
330 499
330 500
330 501
330 502
330 503
330 504
330 505
331 480
331 481
332 530
332 531
332 532
332 533
332 534
332 535
332 536
332 537
332 538
333 508
333 509
333 510
333 511
333 512
333 513
333 514
333 515
333 516
333 517
333 518
333 519
334 490
334 491
334 492
334 493
334 494
334 495
334 496
334 497
336 522
336 523
336 524
336 525
336 526
336 527
336 528
336 529
336 530
336 531
337 502
337 503
337 504
337 505
337 506
337 507
337 508
337 509
337 510
337 511
338 484
338 485
338 486
338 487
338 488
338 489
339 537
339 538
339 539
339 540
339 541
339 542
339 543
340 515
340 516
340 517
340 518
340 519
340 520
340 521
340 522
340 523
340 524
340 525
341 495
341 496
341 497
341 498
341 499
341 500
341 501
341 502
341 503
341 504
343 529
343 530
343 531
343 532
343 533
343 534
343 535
343 536
343 537
344 508
344 509
344 510
344 511
344 512
344 513
344 514
344 515
344 516
344 517
345 489
345 490
345 491
345 492
345 493
345 494
345 495
345 496
346 546
346 547
347 521
347 522
347 523
347 524
347 525
347 526
347 527
347 528
347 529
347 530
348 501
348 502
348 503
348 504
348 505
348 506
348 507
348 508
348 509
348 510
349 484
349 485
349 486
349 487
350 536
350 537
350 538
350 539
350 540
350 541
350 542
351 514
351 515
351 516
351 517
351 518
351 519
351 520
351 521
351 522
351 523
352 495
352 496
352 497
352 498
352 499
352 500
352 501
352 502
354 528
354 529
354 530
354 531
354 532
354 533
354 534
354 535
354 536
355 507
355 508
355 509
355 510
355 511
355 512
355 513
355 514
355 515
355 516
356 489
356 490
356 491
356 492
356 493
356 494
357 544
357 545
357 546
357 547
358 520
358 521
358 522
358 523
358 524
358 525
358 526
358 527
358 528
358 529
359 500
359 501
359 502
359 503
359 504
359 505
359 506
359 507
359 508
359 509
361 535
361 536
361 537
361 538
361 539
361 540
361 541
362 513
362 514
362 515
362 516
362 517
362 518
362 519
362 520
362 521
362 522
363 494
363 495
363 496
363 497
363 498
363 499
363 500
363 501
365 527
365 528
365 529
365 530
365 531
365 532
365 533
365 534
365 535
366 506
366 507
366 508
366 509
366 510
366 511
366 512
366 513
366 514
366 515
367 489
367 490
367 491
367 492
368 543
368 544
368 545
368 546
369 520
369 521
369 522
369 523
369 524
369 525
369 526
369 527
369 528
370 500
370 501
370 502
370 503
370 504
370 505
370 506
370 507
372 534
372 535
372 536
372 537
372 538
372 539
372 540
373 512
373 513
373 514
373 515
373 516
373 517
373 518
373 519
373 520
373 521
374 494
374 495
374 496
374 497
374 498
374 499
376 526
376 527
376 528
376 529
376 530
376 531
376 532
376 533
376 534
377 506
377 507
377 508
377 509
377 510
377 511
377 512
377 513
377 514
379 542
379 543
379 544
379 545
380 519
380 520
380 521
380 522
380 523
380 524
380 525
380 526
380 527
381 499
381 500
381 501
381 502
381 503
381 504
381 505
381 506
383 533
383 534
383 535
383 536
383 537
383 538
383 539
383 540
384 512
384 513
384 514
384 515
384 516
384 517
384 518
384 519
384 520
385 494
385 495
385 496
385 497
387 525
387 526
387 527
387 528
387 529
387 530
387 531
387 532
387 533
388 505
388 506
388 507
388 508
388 509
388 510
388 511
388 512
390 541
390 542
390 543
390 544
391 518
391 519
391 520
391 521
391 522
391 523
391 524
391 525
391 526
392 499
392 500
392 501
392 502
392 503
392 504
394 532
394 533
394 534
394 535
394 536
394 537
394 538
395 511
395 512
395 513
395 514
395 515
395 516
395 517
395 518
395 519
398 525
398 526
398 527
398 528
398 529
398 530
398 531
398 532
399 505
399 506
399 507
399 508
399 509
399 510
399 511
401 540
401 541
401 542
401 543
402 517
402 518
402 519
402 520
402 521
402 522
402 523
402 524
402 525
403 499
403 500
403 501
403 502
405 532
405 533
405 534
405 535
405 536
405 537
406 511
406 512
406 513
406 514
406 515
406 516
406 517
409 524
409 525
409 526
409 527
409 528
409 529
409 530
409 531
410 504
410 505
410 506
410 507
410 508
410 509
412 539
412 540
412 541
412 542
413 517
413 518
413 519
413 520
413 521
413 522
413 523
414 500
416 531
416 532
416 533
416 534
416 535
416 536
417 510
417 511
417 512
417 513
417 514
417 515
417 516
420 523
420 524
420 525
420 526
420 527
420 528
420 529
421 504
421 505
421 506
421 507
423 539
423 540
423 541
424 516
424 517
424 518
424 519
424 520
424 521
424 522
427 530
427 531
427 532
427 533
427 534
427 535
428 510
428 511
428 512
428 513
428 514
431 523
431 524
431 525
431 526
431 527
431 528
434 538
434 539
434 540
435 516
435 517
435 518
435 519
435 520
435 521
438 530
438 531
438 532
438 533
438 534
439 510
439 511
439 512
442 522
442 523
442 524
442 525
442 526
442 527
445 537
445 538
445 539
446 516
446 517
446 518
446 519
449 529
449 530
449 531
449 532
453 522
453 523
453 524
453 525
457 516
457 517
460 529
460 530
460 531
464 522
464 523
982 53
982 54
982 55
986 45
986 46
989 61
993 51
993 52
993 53
993 54
997 43
997 44
997 45
997 46
1000 58
1000 59
1000 60
1000 61
1004 49
1004 50
1004 51
1004 52
1004 53
1004 54
1008 42
1008 43
1008 44
1008 45
1011 57
1011 58
1011 59
1011 60
1011 61
1015 48
1015 49
1015 50
1015 51
1015 52
1015 53
1018 65
1018 66
1019 40
1019 41
1019 42
1019 43
1019 44
1019 45
1022 55
1022 56
1022 57
1022 58
1022 59
1022 60
1026 47
1026 48
1026 49
1026 50
1026 51
1026 52
1029 63
1029 64
1029 65
1029 66
1030 39
1030 40
1030 41
1030 42
1030 43
1030 44
1033 54
1033 55
1033 56
1033 57
1033 58
1033 59
1037 45
1037 46
1037 47
1037 48
1037 49
1037 50
1037 51
1037 52
1040 62
1040 63
1040 64
1040 65
1040 66
1041 38
1041 39
1041 40
1041 41
1041 42
1041 43
1044 52
1044 53
1044 54
1044 55
1044 56
1044 57
1044 58
1044 59
1048 44
1048 45
1048 46
1048 47
1048 48
1048 49
1048 50
1048 51
1051 60
1051 61
1051 62
1051 63
1051 64
1051 65
1052 37
1052 38
1052 39
1052 40
1052 41
1052 42
1055 51
1055 52
1055 53
1055 54
1055 55
1055 56
1055 57
1055 58
1059 43
1059 44
1059 45
1059 46
1059 47
1059 48
1059 49
1059 50
1062 59
1062 60
1062 61
1062 62
1062 63
1062 64
1063 36
1063 37
1063 38
1063 39
1063 40
1063 41
1066 50
1066 51
1066 52
1066 53
1066 54
1066 55
1066 56
1066 57
1069 67
1069 68
1069 69
1070 42
1070 43
1070 44
1070 45
1070 46
1070 47
1070 48
1070 49
1073 57
1073 58
1073 59
1073 60
1073 61
1073 62
1073 63
1073 64
1074 35
1074 36
1074 37
1074 38
1074 39
1074 40
1077 49
1077 50
1077 51
1077 52
1077 53
1077 54
1077 55
1077 56
1080 66
1080 67
1080 68
1080 69
1081 41
1081 42
1081 43
1081 44
1081 45
1081 46
1081 47
1081 48
1084 56
1084 57
1084 58
1084 59
1084 60
1084 61
1084 62
1084 63
1085 34
1085 35
1085 36
1085 37
1085 38
1085 39
1088 47
1088 48
1088 49
1088 50
1088 51
1088 52
1088 53
1088 54
1088 55
1091 64
1091 65
1091 66
1091 67
1091 68
1092 40
1092 41
1092 42
1092 43
1092 44
1092 45
1092 46
1092 47
1095 55
1095 56
1095 57
1095 58
1095 59
1095 60
1095 61
1095 62
1096 33
1096 34
1096 35
1096 36
1096 37
1096 38
1099 46
1099 47
1099 48
1099 49
1099 50
1099 51
1099 52
1099 53
1099 54
1102 63
1102 64
1102 65
1102 66
1102 67
1102 68
1103 39
1103 40
1103 41
1103 42
1103 43
1103 44
1103 45
1103 46
1106 53
1106 54
1106 55
1106 56
1106 57
1106 58
1106 59
1106 60
1106 61
1107 32
1107 33
1107 34
1107 35
1107 36
1107 37
1110 45
1110 46
1110 47
1110 48
1110 49
1110 50
1110 51
1110 52
1110 53
1113 61
1113 62
1113 63
1113 64
1113 65
1113 66
1113 67
1114 38
1114 39
1114 40
1114 41
1114 42
1114 43
1114 44
1114 45
1117 52
1117 53
1117 54
1117 55
1117 56
1117 57
1117 58
1117 59
1117 60
1118 31
1118 32
1118 33
1118 34
1118 35
1118 36
1121 44
1121 45
1121 46
1121 47
1121 48
1121 49
1121 50
1121 51
1121 52
1124 60
1124 61
1124 62
1124 63
1124 64
1124 65
1124 66
1125 37
1125 38
1125 39
1125 40
1125 41
1125 42
1125 43
1125 44
1128 51
1128 52
1128 53
1128 54
1128 55
1128 56
1128 57
1128 58
1128 59
1129 30
1129 31
1129 32
1129 33
1129 34
1129 35
1131 69
1131 70
1131 71
1132 43
1132 44
1132 45
1132 46
1132 47
1132 48
1132 49
1132 50
1132 51
1135 59
1135 60
1135 61
1135 62
1135 63
1135 64
1135 65
1136 36
1136 37
1136 38
1136 39
1136 40
1136 41
1136 42
1136 43
1139 50
1139 51
1139 52
1139 53
1139 54
1139 55
1139 56
1139 57
1139 58
1140 30
1140 31
1140 32
1140 33
1140 34
1142 67
1142 68
1142 69
1142 70
1143 42
1143 43
1143 44
1143 45
1143 46
1143 47
1143 48
1143 49
1143 50
1146 57
1146 58
1146 59
1146 60
1146 61
1146 62
1146 63
1146 64
1147 35
1147 36
1147 37
1147 38
1147 39
1147 40
1147 41
1147 42
1150 49
1150 50
1150 51
1150 52
1150 53
1150 54
1150 55
1150 56
1150 57
1151 29
1151 30
1151 31
1151 32
1151 33
1153 66
1153 67
1153 68
1153 69
1153 70
1154 41
1154 42
1154 43
1154 44
1154 45
1154 46
1154 47
1154 48
1154 49
1157 56
1157 57
1157 58
1157 59
1157 60
1157 61
1157 62
1157 63
1157 64
1158 34
1158 35
1158 36
1158 37
1158 38
1158 39
1158 40
1158 41
1161 48
1161 49
1161 50
1161 51
1161 52
1161 53
1161 54
1161 55
1161 56
1162 28
1162 29
1162 30
1162 31
1162 32
1164 64
1164 65
1164 66
1164 67
1164 68
1164 69
1165 40
1165 41
1165 42
1165 43
1165 44
1165 45
1165 46
1165 47
1165 48
1168 55
1168 56
1168 57
1168 58
1168 59
1168 60
1168 61
1168 62
1168 63
1169 33
1169 34
1169 35
1169 36
1169 37
1169 38
1169 39
1169 40
1172 47
1172 48
1172 49
1172 50
1172 51
1172 52
1172 53
1172 54
1172 55
1173 28
1173 29
1173 30
1175 63
1175 64
1175 65
1175 66
1175 67
1175 68
1176 39
1176 40
1176 41
1176 42
1176 43
1176 44
1176 45
1176 46
1176 47
1179 54
1179 55
1179 56
1179 57
1179 58
1179 59
1179 60
1179 61
1179 62
1180 32
1180 33
1180 34
1180 35
1180 36
1180 37
1180 38
1180 39
1183 46
1183 47
1183 48
1183 49
1183 50
1183 51
1183 52
1183 53
1183 54
1184 27
1184 28
1184 29
1186 62
1186 63
1186 64
1186 65
1186 66
1186 67
1187 38
1187 39
1187 40
1187 41
1187 42
1187 43
1187 44
1187 45
1187 46
1190 53
1190 54
1190 55
1190 56
1190 57
1190 58
1190 59
1190 60
1190 61
1191 32
1191 33
1191 34
1191 35
1191 36
1191 37
1191 38
1194 45
1194 46
1194 47
1194 48
1194 49
1194 50
1194 51
1194 52
1194 53
1197 61
1197 62
1197 63
1197 64
1197 65
1197 66
1198 37
1198 38
1198 39
1198 40
1198 41
1198 42
1198 43
1198 44
1198 45
1201 52
1201 53
1201 54
1201 55
1201 56
1201 57
1201 58
1201 59
1201 60
1202 31
1202 32
1202 33
1202 34
1202 35
1202 36
1202 37
1205 44
1205 45
1205 46
1205 47
1205 48
1205 49
1205 50
1205 51
1205 52
1208 59
1208 60
1208 61
1208 62
1208 63
1208 64
1208 65
1208 66
1209 36
1209 37
1209 38
1209 39
1209 40
1209 41
1209 42
1209 43
1209 44
1212 51
1212 52
1212 53
1212 54
1212 55
1212 56
1212 57
1212 58
1212 59
1213 30
1213 31
1213 32
1213 33
1213 34
1213 35
1213 36
1215 69
1216 43
1216 44
1216 45
1216 46
1216 47
1216 48
1216 49
1216 50
1216 51
1219 58
1219 59
1219 60
1219 61
1219 62
1219 63
1219 64
1219 65
1220 36
1220 37
1220 38
1220 39
1220 40
1220 41
1220 42
1220 43
1223 50
1223 51
1223 52
1223 53
1223 54
1223 55
1223 56
1223 57
1223 58
1224 30
1224 31
1224 32
1224 33
1224 34
1226 67
1226 68
1226 69
1227 42
1227 43
1227 44
1227 45
1227 46
1227 47
1227 48
1227 49
1227 50
1230 57
1230 58
1230 59
1230 60
1230 61
1230 62
1230 63
1230 64
1231 35
1231 36
1231 37
1231 38
1231 39
1231 40
1231 41
1231 42
1234 49
1234 50
1234 51
1234 52
1234 53
1234 54
1234 55
1234 56
1234 57
1235 29
1235 30
1235 31
1235 32
1235 33
1237 66
1237 67
1237 68
1238 41
1238 42
1238 43
1238 44
1238 45
1238 46
1238 47
1238 48
1238 49
1241 56
1241 57
1241 58
1241 59
1241 60
1241 61
1241 62
1241 63
1242 34
1242 35
1242 36
1242 37
1242 38
1242 39
1242 40
1242 41
1245 48
1245 49
1245 50
1245 51
1245 52
1245 53
1245 54
1245 55
1245 56
1246 28
1246 29
1246 30
1246 31
1246 32
1248 65
1248 66
1248 67
1249 40
1249 41
1249 42
1249 43
1249 44
1249 45
1249 46
1249 47
1249 48
1252 55
1252 56
1252 57
1252 58
1252 59
1252 60
1252 61
1252 62
1253 33
1253 34
1253 35
1253 36
1253 37
1253 38
1253 39
1253 40
1256 47
1256 48
1256 49
1256 50
1256 51
1256 52
1256 53
1256 54
1256 55
1257 28
1257 29
1257 30
1259 63
1259 64
1259 65
1259 66
1259 67
1260 39
1260 40
1260 41
1260 42
1260 43
1260 44
1260 45
1260 46
1260 47
1263 54
1263 55
1263 56
1263 57
1263 58
1263 59
1263 60
1263 61
1264 33
1264 34
1264 35
1264 36
1264 37
1264 38
1264 39
1267 46
1267 47
1267 48
1267 49
1267 50
1267 51
1267 52
1267 53
1267 54
1268 28
1268 29
1270 62
1270 63
1270 64
1270 65
1270 66
1271 38
1271 39
1271 40
1271 41
1271 42
1271 43
1271 44
1271 45
1271 46
1274 53
1274 54
1274 55
1274 56
1274 57
1274 58
1274 59
1274 60
1275 32
1275 33
1275 34
1275 35
1275 36
1275 37
1275 38
1278 45
1278 46
1278 47
1278 48
1278 49
1278 50
1278 51
1278 52
1278 53
1281 61
1281 62
1281 63
1281 64
1281 65
1282 38
1282 39
1282 40
1282 41
1282 42
1282 43
1282 44
1282 45
1285 52
1285 53
1285 54
1285 55
1285 56
1285 57
1285 58
1285 59
1286 31
1286 32
1286 33
1286 34
1286 35
1286 36
1288 315
1288 316
1288 317
1289 44
1289 45
1289 46
1289 47
1289 48
1289 49
1289 50
1289 51
1289 52
1292 60
1292 61
1292 62
1292 63
1292 64
1292 308
1292 309
1292 310
1293 37
1293 38
1293 39
1293 40
1293 41
1293 42
1293 43
1293 44
1295 321
1295 322
1295 323
1295 324
1296 51
1296 52
1296 53
1296 54
1296 55
1296 56
1296 57
1296 58
1297 31
1297 32
1297 33
1297 34
1297 35
1299 313
1299 314
1299 315
1299 316
1299 317
1300 43
1300 44
1300 45
1300 46
1300 47
1300 48
1300 49
1300 50
1303 59
1303 60
1303 61
1303 62
1303 63
1303 306
1303 307
1303 308
1303 309
1303 310
1304 36
1304 37
1304 38
1304 39
1304 40
1304 41
1304 42
1304 43
1306 319
1306 320
1306 321
1306 322
1306 323
1306 324
1307 50
1307 51
1307 52
1307 53
1307 54
1307 55
1307 56
1307 57
1307 300
1307 301
1307 302
1308 31
1308 32
1308 33
1308 34
1310 311
1310 312
1310 313
1310 314
1310 315
1310 316
1310 317
1311 42
1311 43
1311 44
1311 45
1311 46
1311 47
1311 48
1311 49
1313 326
1313 327
1313 328
1313 329
1314 58
1314 59
1314 60
1314 61
1314 62
1314 304
1314 305
1314 306
1314 307
1314 308
1314 309
1314 310
1315 36
1315 37
1315 38
1315 39
1315 40
1315 41
1317 317
1317 318
1317 319
1317 320
1317 321
1317 322
1317 323
1317 324
1318 49
1318 50
1318 51
1318 52
1318 53
1318 54
1318 55
1318 298
1318 299
1318 300
1318 301
1318 302
1319 30
1319 31
1319 32
1321 310
1321 311
1321 312
1321 313
1321 314
1321 315
1321 316
1321 317
1322 42
1322 43
1322 44
1322 45
1322 46
1322 47
1322 48
1324 324
1324 325
1324 326
1324 327
1324 328
1324 329
1325 57
1325 58
1325 59
1325 60
1325 61
1325 303
1325 304
1325 305
1325 306
1325 307
1325 308
1325 309
1325 310
1326 35
1326 36
1326 37
1326 38
1326 39
1326 40
1328 316
1328 317
1328 318
1328 319
1328 320
1328 321
1328 322
1328 323
1329 48
1329 49
1329 50
1329 51
1329 52
1329 53
1329 54
1329 296
1329 297
1329 298
1329 299
1329 300
1329 301
1329 302
1331 332
1331 333
1331 334
1332 308
1332 309
1332 310
1332 311
1332 312
1332 313
1332 314
1332 315
1332 316
1333 41
1333 42
1333 43
1333 44
1333 45
1333 46
1333 47
1333 291
1333 292
1333 293
1335 322
1335 323
1335 324
1335 325
1335 326
1335 327
1335 328
1335 329
1336 56
1336 57
1336 58
1336 59
1336 60
1336 301
1336 302
1336 303
1336 304
1336 305
1336 306
1336 307
1336 308
1336 309
1337 35
1337 36
1337 37
1337 38
1337 39
1339 314
1339 315
1339 316
1339 317
1339 318
1339 319
1339 320
1339 321
1339 322
1339 323
1340 48
1340 49
1340 50
1340 51
1340 52
1340 53
1340 295
1340 296
1340 297
1340 298
1340 299
1340 300
1340 301
1342 330
1342 331
1342 332
1342 333
1342 334
1343 307
1343 308
1343 309
1343 310
1343 311
1343 312
1343 313
1343 314
1343 315
1343 316
1344 40
1344 41
1344 42
1344 43
1344 44
1344 45
1344 46
1344 289
1344 290
1344 291
1344 292
1344 293
1346 321
1346 322
1346 323
1346 324
1346 325
1346 326
1346 327
1346 328
1346 329
1347 55
1347 56
1347 57
1347 58
1347 59
1347 300
1347 301
1347 302
1347 303
1347 304
1347 305
1347 306
1347 307
1347 308
1347 309
1348 34
1348 35
1348 36
1348 37
1350 313
1350 314
1350 315
1350 316
1350 317
1350 318
1350 319
1350 320
1350 321
1350 322
1351 47
1351 48
1351 49
1351 50
1351 51
1351 52
1351 294
1351 295
1351 296
1351 297
1351 298
1351 299
1351 300
1351 301
1353 328
1353 329
1353 330
1353 331
1353 332
1353 333
1353 334
1354 306
1354 307
1354 308
1354 309
1354 310
1354 311
1354 312
1354 313
1354 314
1354 315
1355 40
1355 41
1355 42
1355 43
1355 44
1355 45
1355 288
1355 289
1355 290
1355 291
1355 292
1355 293
1357 319
1357 320
1357 321
1357 322
1357 323
1357 324
1357 325
1357 326
1357 327
1357 328
1358 55
1358 56
1358 57
1358 299
1358 300
1358 301
1358 302
1358 303
1358 304
1358 305
1358 306
1358 307
1358 308
1359 34
1359 35
1359 36
1360 336
1360 337
1360 338
1361 312
1361 313
1361 314
1361 315
1361 316
1361 317
1361 318
1361 319
1361 320
1361 321
1361 322
1362 46
1362 47
1362 48
1362 49
1362 50
1362 51
1362 292
1362 293
1362 294
1362 295
1362 296
1362 297
1362 298
1362 299
1362 300
1364 326
1364 327
1364 328
1364 329
1364 330
1364 331
1364 332
1364 333
1364 334
1365 304
1365 305
1365 306
1365 307
1365 308
1365 309
1365 310
1365 311
1365 312
1365 313
1365 314
1365 315
1366 39
1366 40
1366 41
1366 42
1366 43
1366 286
1366 287
1366 288
1366 289
1366 290
1366 291
1366 292
1368 318
1368 319
1368 320
1368 321
1368 322
1368 323
1368 324
1368 325
1368 326
1368 327
1368 328
1369 54
1369 55
1369 56
1369 297
1369 298
1369 299
1369 300
1369 301
1369 302
1369 303
1369 304
1369 305
1369 306
1369 307
1371 334
1371 335
1371 336
1371 337
1371 338
1372 310
1372 311
1372 312
1372 313
1372 314
1372 315
1372 316
1372 317
1372 318
1372 319
1372 320
1372 321
1373 46
1373 47
1373 48
1373 49
1373 50
1373 291
1373 292
1373 293
1373 294
1373 295
1373 296
1373 297
1373 298
1373 299
1373 300
1375 325
1375 326
1375 327
1375 328
1375 329
1375 330
1375 331
1375 332
1375 333
1376 303
1376 304
1376 305
1376 306
1376 307
1376 308
1376 309
1376 310
1376 311
1376 312
1376 313
1376 314
1377 39
1377 40
1377 41
1377 42
1377 285
1377 286
1377 287
1377 288
1377 289
1377 290
1377 291
1377 292
1379 317
1379 318
1379 319
1379 320
1379 321
1379 322
1379 323
1379 324
1379 325
1379 326
1379 327
1380 53
1380 54
1380 55
1380 296
1380 297
1380 298
1380 299
1380 300
1380 301
1380 302
1380 303
1380 304
1380 305
1380 306
1380 307
1381 280
1381 281
1381 282
1382 332
1382 333
1382 334
1382 335
1382 336
1382 337
1382 338
1383 309
1383 310
1383 311
1383 312
1383 313
1383 314
1383 315
1383 316
1383 317
1383 318
1383 319
1383 320
1384 45
1384 46
1384 47
1384 48
1384 290
1384 291
1384 292
1384 293
1384 294
1384 295
1384 296
1384 297
1384 298
1384 299
1386 323
1386 324
1386 325
1386 326
1386 327
1386 328
1386 329
1386 330
1386 331
1386 332
1386 333
1387 302
1387 303
1387 304
1387 305
1387 306
1387 307
1387 308
1387 309
1387 310
1387 311
1387 312
1387 313
1388 39
1388 40
1388 284
1388 285
1388 286
1388 287
1388 288
1388 289
1388 290
1388 291
1390 315
1390 316
1390 317
1390 318
1390 319
1390 320
1390 321
1390 322
1390 323
1390 324
1390 325
1390 326
1391 295
1391 296
1391 297
1391 298
1391 299
1391 300
1391 301
1391 302
1391 303
1391 304
1391 305
1391 306
1392 279
1392 280
1392 281
1392 282
1393 330
1393 331
1393 332
1393 333
1393 334
1393 335
1393 336
1393 337
1393 338
1394 308
1394 309
1394 310
1394 311
1394 312
1394 313
1394 314
1394 315
1394 316
1394 317
1394 318
1394 319
1394 320
1395 45
1395 46
1395 47
1395 289
1395 290
1395 291
1395 292
1395 293
1395 294
1395 295
1395 296
1395 297
1395 298
1397 322
1397 323
1397 324
1397 325
1397 326
1397 327
1397 328
1397 329
1397 330
1397 331
1397 332
1398 301
1398 302
1398 303
1398 304
1398 305
1398 306
1398 307
1398 308
1398 309
1398 310
1398 311
1398 312
1398 313
1399 282
1399 283
1399 284
1399 285
1399 286
1399 287
1399 288
1399 289
1399 290
1400 339
1400 340
1400 341
1401 314
1401 315
1401 316
1401 317
1401 318
1401 319
1401 320
1401 321
1401 322
1401 323
1401 324
1401 325
1401 326
1402 294
1402 295
1402 296
1402 297
1402 298
1402 299
1402 300
1402 301
1402 302
1402 303
1402 304
1402 305
1403 277
1403 278
1403 279
1403 280
1403 281
1403 282
1404 329
1404 330
1404 331
1404 332
1404 333
1404 334
1404 335
1404 336
1404 337
1405 307
1405 308
1405 309
1405 310
1405 311
1405 312
1405 313
1405 314
1405 315
1405 316
1405 317
1405 318
1405 319
1406 45
1406 287
1406 288
1406 289
1406 290
1406 291
1406 292
1406 293
1406 294
1406 295
1406 296
1406 297
1406 298
1408 321
1408 322
1408 323
1408 324
1408 325
1408 326
1408 327
1408 328
1408 329
1408 330
1408 331
1409 300
1409 301
1409 302
1409 303
1409 304
1409 305
1409 306
1409 307
1409 308
1409 309
1409 310
1409 311
1409 312
1410 281
1410 282
1410 283
1410 284
1410 285
1410 286
1410 287
1410 288
1410 289
1410 290
1411 337
1411 338
1411 339
1411 340
1411 341
1411 342
1412 313
1412 314
1412 315
1412 316
1412 317
1412 318
1412 319
1412 320
1412 321
1412 322
1412 323
1412 324
1412 325
1413 293
1413 294
1413 295
1413 296
1413 297
1413 298
1413 299
1413 300
1413 301
1413 302
1413 303
1413 304
1413 305
1414 276
1414 277
1414 278
1414 279
1414 280
1414 281
1415 328
1415 329
1415 330
1415 331
1415 332
1415 333
1415 334
1415 335
1415 336
1415 337
1416 305
1416 306
1416 307
1416 308
1416 309
1416 310
1416 311
1416 312
1416 313
1416 314
1416 315
1416 316
1416 317
1416 318
1417 286
1417 287
1417 288
1417 289
1417 290
1417 291
1417 292
1417 293
1417 294
1417 295
1417 296
1417 297
1419 319
1419 320
1419 321
1419 322
1419 323
1419 324
1419 325
1419 326
1419 327
1419 328
1419 329
1419 330
1419 331
1420 298
1420 299
1420 300
1420 301
1420 302
1420 303
1420 304
1420 305
1420 306
1420 307
1420 308
1420 309
1420 310
1420 311
1421 280
1421 281
1421 282
1421 283
1421 284
1421 285
1421 286
1421 287
1421 288
1421 289
1422 335
1422 336
1422 337
1422 338
1422 339
1422 340
1422 341
1423 312
1423 313
1423 314
1423 315
1423 316
1423 317
1423 318
1423 319
1423 320
1423 321
1423 322
1423 323
1423 324
1424 292
1424 293
1424 294
1424 295
1424 296
1424 297
1424 298
1424 299
1424 300
1424 301
1424 302
1424 303
1424 304
1425 275
1425 276
1425 277
1425 278
1425 279
1425 280
1425 281
1426 326
1426 327
1426 328
1426 329
1426 330
1426 331
1426 332
1426 333
1426 334
1426 335
1426 336
1427 304
1427 305
1427 306
1427 307
1427 308
1427 309
1427 310
1427 311
1427 312
1427 313
1427 314
1427 315
1427 316
1427 317
1428 285
1428 286
1428 287
1428 288
1428 289
1428 290
1428 291
1428 292
1428 293
1428 294
1428 295
1428 296
1430 318
1430 319
1430 320
1430 321
1430 322
1430 323
1430 324
1430 325
1430 326
1430 327
1430 328
1430 329
1430 330
1431 297
1431 298
1431 299
1431 300
1431 301
1431 302
1431 303
1431 304
1431 305
1431 306
1431 307
1431 308
1431 309
1431 310
1432 279
1432 280
1432 281
1432 282
1432 283
1432 284
1432 285
1432 286
1432 287
1432 288
1433 334
1433 335
1433 336
1433 337
1433 338
1433 339
1433 340
1433 341
1434 311
1434 312
1434 313
1434 314
1434 315
1434 316
1434 317
1434 318
1434 319
1434 320
1434 321
1434 322
1434 323
1434 324
1435 290
1435 291
1435 292
1435 293
1435 294
1435 295
1435 296
1435 297
1435 298
1435 299
1435 300
1435 301
1435 302
1435 303
1436 273
1436 274
1436 275
1436 276
1436 277
1436 278
1436 279
1436 280
1437 325
1437 326
1437 327
1437 328
1437 329
1437 330
1437 331
1437 332
1437 333
1437 334
1437 335
1437 336
1438 303
1438 304
1438 305
1438 306
1438 307
1438 308
1438 309
1438 310
1438 311
1438 312
1438 313
1438 314
1438 315
1438 316
1438 317
1439 284
1439 285
1439 286
1439 287
1439 288
1439 289
1439 290
1439 291
1439 292
1439 293
1439 294
1439 295
1440 270
1440 343
1440 344
1441 317
1441 318
1441 319
1441 320
1441 321
1441 322
1441 323
1441 324
1441 325
1441 326
1441 327
1441 328
1441 329
1442 296
1442 297
1442 298
1442 299
1442 300
1442 301
1442 302
1442 303
1442 304
1442 305
1442 306
1442 307
1442 308
1442 309
1442 310
1443 278
1443 279
1443 280
1443 281
1443 282
1443 283
1443 284
1443 285
1443 286
1443 287
1443 288
1444 332
1444 333
1444 334
1444 335
1444 336
1444 337
1444 338
1444 339
1444 340
1444 341
1445 309
1445 310
1445 311
1445 312
1445 313
1445 314
1445 315
1445 316
1445 317
1445 318
1445 319
1445 320
1445 321
1445 322
1445 323
1446 289
1446 290
1446 291
1446 292
1446 293
1446 294
1446 295
1446 296
1446 297
1446 298
1446 299
1446 300
1446 301
1446 302
1447 272
1447 273
1447 274
1447 275
1447 276
1447 277
1447 278
1447 279
1448 324
1448 325
1448 326
1448 327
1448 328
1448 329
1448 330
1448 331
1448 332
1448 333
1448 334
1448 335
1449 302
1449 303
1449 304
1449 305
1449 306
1449 307
1449 308
1449 309
1449 310
1449 311
1449 312
1449 313
1449 314
1449 315
1449 316
1450 283
1450 284
1450 285
1450 286
1450 287
1450 288
1450 289
1450 290
1450 291
1450 292
1450 293
1450 294
1450 295
1451 268
1451 269
1451 270
1451 340
1451 341
1451 342
1451 343
1451 344
1452 316
1452 317
1452 318
1452 319
1452 320
1452 321
1452 322
1452 323
1452 324
1452 325
1452 326
1452 327
1452 328
1452 329
1453 295
1453 296
1453 297
1453 298
1453 299
1453 300
1453 301
1453 302
1453 303
1453 304
1453 305
1453 306
1453 307
1453 308
1453 309
1454 277
1454 278
1454 279
1454 280
1454 281
1454 282
1454 283
1454 284
1454 285
1454 286
1454 287
1455 331
1455 332
1455 333
1455 334
1455 335
1455 336
1455 337
1455 338
1455 339
1455 340
1456 308
1456 309
1456 310
1456 311
1456 312
1456 313
1456 314
1456 315
1456 316
1456 317
1456 318
1456 319
1456 320
1456 321
1456 322
1457 288
1457 289
1457 290
1457 291
1457 292
1457 293
1457 294
1457 295
1457 296
1457 297
1457 298
1457 299
1457 300
1457 301
1458 271
1458 272
1458 273
1458 274
1458 275
1458 276
1458 277
1458 278
1458 279
1459 322
1459 323
1459 324
1459 325
1459 326
1459 327
1459 328
1459 329
1459 330
1459 331
1459 332
1459 333
1459 334
1460 301
1460 302
1460 303
1460 304
1460 305
1460 306
1460 307
1460 308
1460 309
1460 310
1460 311
1460 312
1460 313
1460 314
1460 315
1461 282
1461 283
1461 284
1461 285
1461 286
1461 287
1461 288
1461 289
1461 290
1461 291
1461 292
1461 293
1461 294
1462 266
1462 267
1462 268
1462 269
1462 270
1462 339
1462 340
1462 341
1462 342
1462 343
1462 344
1463 315
1463 316
1463 317
1463 318
1463 319
1463 320
1463 321
1463 322
1463 323
1463 324
1463 325
1463 326
1463 327
1463 328
1464 294
1464 295
1464 296
1464 297
1464 298
1464 299
1464 300
1464 301
1464 302
1464 303
1464 304
1464 305
1464 306
1464 307
1464 308
1465 276
1465 277
1465 278
1465 279
1465 280
1465 281
1465 282
1465 283
1465 284
1465 285
1465 286
1466 329
1466 330
1466 331
1466 332
1466 333
1466 334
1466 335
1466 336
1466 337
1466 338
1466 339
1466 340
1467 307
1467 308
1467 309
1467 310
1467 311
1467 312
1467 313
1467 314
1467 315
1467 316
1467 317
1467 318
1467 319
1467 320
1467 321
1468 287
1468 288
1468 289
1468 290
1468 291
1468 292
1468 293
1468 294
1468 295
1468 296
1468 297
1468 298
1468 299
1468 300
1468 301
1469 270
1469 271
1469 272
1469 273
1469 274
1469 275
1469 276
1469 277
1469 278
1470 321
1470 322
1470 323
1470 324
1470 325
1470 326
1470 327
1470 328
1470 329
1470 330
1470 331
1470 332
1470 333
1470 334
1471 300
1471 301
1471 302
1471 303
1471 304
1471 305
1471 306
1471 307
1471 308
1471 309
1471 310
1471 311
1471 312
1471 313
1471 314
1472 281
1472 282
1472 283
1472 284
1472 285
1472 286
1472 287
1472 288
1472 289
1472 290
1472 291
1472 292
1472 293
1473 265
1473 266
1473 267
1473 268
1473 269
1473 337
1473 338
1473 339
1473 340
1473 341
1473 342
1473 343
1473 344
1474 313
1474 314
1474 315
1474 316
1474 317
1474 318
1474 319
1474 320
1474 321
1474 322
1474 323
1474 324
1474 325
1474 326
1474 327
1475 293
1475 294
1475 295
1475 296
1475 297
1475 298
1475 299
1475 300
1475 301
1475 302
1475 303
1475 304
1475 305
1475 306
1475 307
1476 275
1476 276
1476 277
1476 278
1476 279
1476 280
1476 281
1476 282
1476 283
1476 284
1476 285
1477 328
1477 329
1477 330
1477 331
1477 332
1477 333
1477 334
1477 335
1477 336
1477 337
1477 338
1477 339
1478 306
1478 307
1478 308
1478 309
1478 310
1478 311
1478 312
1478 313
1478 314
1478 315
1478 316
1478 317
1478 318
1478 319
1478 320
1478 321
1479 286
1479 287
1479 288
1479 289
1479 290
1479 291
1479 292
1479 293
1479 294
1479 295
1479 296
1479 297
1479 298
1479 299
1479 300
1480 269
1480 270
1480 271
1480 272
1480 273
1480 274
1480 275
1480 276
1480 277
1481 320
1481 321
1481 322
1481 323
1481 324
1481 325
1481 326
1481 327
1481 328
1481 329
1481 330
1481 331
1481 332
1481 333
1482 299
1482 300
1482 301
1482 302
1482 303
1482 304
1482 305
1482 306
1482 307
1482 308
1482 309
1482 310
1482 311
1482 312
1482 313
1482 314
1483 280
1483 281
1483 282
1483 283
1483 284
1483 285
1483 286
1483 287
1483 288
1483 289
1483 290
1483 291
1483 292
1484 264
1484 265
1484 266
1484 267
1484 268
1484 269
1484 336
1484 337
1484 338
1484 339
1484 340
1484 341
1484 342
1484 343
1484 344
1485 312
1485 313
1485 314
1485 315
1485 316
1485 317
1485 318
1485 319
1485 320
1485 321
1485 322
1485 323
1485 324
1485 325
1485 326
1485 327
1486 292
1486 293
1486 294
1486 295
1486 296
1486 297
1486 298
1486 299
1486 300
1486 301
1486 302
1486 303
1486 304
1486 305
1486 306
1487 273
1487 274
1487 275
1487 276
1487 277
1487 278
1487 279
1487 280
1487 281
1487 282
1487 283
1487 284
1487 285
1488 327
1488 328
1488 329
1488 330
1488 331
1488 332
1488 333
1488 334
1488 335
1488 336
1488 337
1488 338
1489 305
1489 306
1489 307
1489 308
1489 309
1489 310
1489 311
1489 312
1489 313
1489 314
1489 315
1489 316
1489 317
1489 318
1489 319
1489 320
1490 285
1490 286
1490 287
1490 288
1490 289
1490 290
1490 291
1490 292
1490 293
1490 294
1490 295
1490 296
1490 297
1490 298
1490 299
1491 268
1491 269
1491 270
1491 271
1491 272
1491 273
1491 274
1491 275
1491 276
1491 277
1491 345
1491 346
1492 319
1492 320
1492 321
1492 322
1492 323
1492 324
1492 325
1492 326
1492 327
1492 328
1492 329
1492 330
1492 331
1492 332
1493 298
1493 299
1493 300
1493 301
1493 302
1493 303
1493 304
1493 305
1493 306
1493 307
1493 308
1493 309
1493 310
1493 311
1493 312
1493 313
1494 279
1494 280
1494 281
1494 282
1494 283
1494 284
1494 285
1494 286
1494 287
1494 288
1494 289
1494 290
1494 291
1494 292
1495 263
1495 264
1495 265
1495 266
1495 267
1495 268
1495 334
1495 335
1495 336
1495 337
1495 338
1495 339
1495 340
1495 341
1495 342
1495 343
1496 311
1496 312
1496 313
1496 314
1496 315
1496 316
1496 317
1496 318
1496 319
1496 320
1496 321
1496 322
1496 323
1496 324
1496 325
1496 326
1497 291
1497 292
1497 293
1497 294
1497 295
1497 296
1497 297
1497 298
1497 299
1497 300
1497 301
1497 302
1497 303
1497 304
1497 305
1497 306
1498 272
1498 273
1498 274
1498 275
1498 276
1498 277
1498 278
1498 279
1498 280
1498 281
1498 282
1498 283
1498 284
1499 326
1499 327
1499 328
1499 329
1499 330
1499 331
1499 332
1499 333
1499 334
1499 335
1499 336
1499 337
1499 338
1500 304
1500 305
1500 306
1500 307
1500 308
1500 309
1500 310
1500 311
1500 312
1500 313
1500 314
1500 315
1500 316
1500 317
1500 318
1500 319
1501 284
1501 285
1501 286
1501 287
1501 288
1501 289
1501 290
1501 291
1501 292
1501 293
1501 294
1501 295
1501 296
1501 297
1501 298
1502 267
1502 268
1502 269
1502 270
1502 271
1502 272
1502 273
1502 274
1502 275
1502 276
1502 342
1502 343
1502 344
1502 345
1502 346
1502 347
1503 318
1503 319
1503 320
1503 321
1503 322
1503 323
1503 324
1503 325
1503 326
1503 327
1503 328
1503 329
1503 330
1503 331
1504 297
1504 298
1504 299
1504 300
1504 301
1504 302
1504 303
1504 304
1504 305
1504 306
1504 307
1504 308
1504 309
1504 310
1504 311
1504 312
1505 278
1505 279
1505 280
1505 281
1505 282
1505 283
1505 284
1505 285
1505 286
1505 287
1505 288
1505 289
1505 290
1505 291
1506 261
1506 262
1506 263
1506 264
1506 265
1506 266
1506 267
1506 333
1506 334
1506 335
1506 336
1506 337
1506 338
1506 339
1506 340
1506 341
1506 342
1507 310
1507 311
1507 312
1507 313
1507 314
1507 315
1507 316
1507 317
1507 318
1507 319
1507 320
1507 321
1507 322
1507 323
1507 324
1507 325
1508 290
1508 291
1508 292
1508 293
1508 294
1508 295
1508 296
1508 297
1508 298
1508 299
1508 300
1508 301
1508 302
1508 303
1508 304
1508 305
1509 271
1509 272
1509 273
1509 274
1509 275
1509 276
1509 277
1509 278
1509 279
1509 280
1509 281
1509 282
1509 283
1510 324
1510 325
1510 326
1510 327
1510 328
1510 329
1510 330
1510 331
1510 332
1510 333
1510 334
1510 335
1510 336
1510 337
1511 303
1511 304
1511 305
1511 306
1511 307
1511 308
1511 309
1511 310
1511 311
1511 312
1511 313
1511 314
1511 315
1511 316
1511 317
1511 318
1512 283
1512 284
1512 285
1512 286
1512 287
1512 288
1512 289
1512 290
1512 291
1512 292
1512 293
1512 294
1512 295
1512 296
1512 297
1513 266
1513 267
1513 268
1513 269
1513 270
1513 271
1513 272
1513 273
1513 274
1513 275
1513 341
1513 342
1513 343
1513 344
1513 345
1513 346
1514 317
1514 318
1514 319
1514 320
1514 321
1514 322
1514 323
1514 324
1514 325
1514 326
1514 327
1514 328
1514 329
1514 330
1514 331
1515 296
1515 297
1515 298
1515 299
1515 300
1515 301
1515 302
1515 303
1515 304
1515 305
1515 306
1515 307
1515 308
1515 309
1515 310
1515 311
1516 277
1516 278
1516 279
1516 280
1516 281
1516 282
1516 283
1516 284
1516 285
1516 286
1516 287
1516 288
1516 289
1516 290
1517 260
1517 261
1517 262
1517 263
1517 264
1517 265
1517 266
1517 332
1517 333
1517 334
1517 335
1517 336
1517 337
1517 338
1517 339
1517 340
1517 341
1517 342
1518 309
1518 310
1518 311
1518 312
1518 313
1518 314
1518 315
1518 316
1518 317
1518 318
1518 319
1518 320
1518 321
1518 322
1518 323
1518 324
1519 289
1519 290
1519 291
1519 292
1519 293
1519 294
1519 295
1519 296
1519 297
1519 298
1519 299
1519 300
1519 301
1519 302
1519 303
1519 304
1520 270
1520 271
1520 272
1520 273
1520 274
1520 275
1520 276
1520 277
1520 278
1520 279
1520 280
1520 281
1520 282
1521 323
1521 324
1521 325
1521 326
1521 327
1521 328
1521 329
1521 330
1521 331
1521 332
1521 333
1521 334
1521 335
1521 336
1522 302
1522 303
1522 304
1522 305
1522 306
1522 307
1522 308
1522 309
1522 310
1522 311
1522 312
1522 313
1522 314
1522 315
1522 316
1522 317
1523 282
1523 283
1523 284
1523 285
1523 286
1523 287
1523 288
1523 289
1523 290
1523 291
1523 292
1523 293
1523 294
1523 295
1523 296
1523 297
1524 264
1524 265
1524 266
1524 267
1524 268
1524 269
1524 270
1524 271
1524 272
1524 273
1524 274
1524 339
1524 340
1524 341
1524 342
1524 343
1524 344
1524 345
1524 346
1525 315
1525 316
1525 317
1525 318
1525 319
1525 320
1525 321
1525 322
1525 323
1525 324
1525 325
1525 326
1525 327
1525 328
1525 329
1525 330
1526 295
1526 296
1526 297
1526 298
1526 299
1526 300
1526 301
1526 302
1526 303
1526 304
1526 305
1526 306
1526 307
1526 308
1526 309
1526 310
1527 275
1527 276
1527 277
1527 278
1527 279
1527 280
1527 281
1527 282
1527 283
1527 284
1527 285
1527 286
1527 287
1527 288
1527 289
1528 259
1528 260
1528 261
1528 262
1528 263
1528 264
1528 265
1528 266
1528 330
1528 331
1528 332
1528 333
1528 334
1528 335
1528 336
1528 337
1528 338
1528 339
1528 340
1528 341
1529 308
1529 309
1529 310
1529 311
1529 312
1529 313
1529 314
1529 315
1529 316
1529 317
1529 318
1529 319
1529 320
1529 321
1529 322
1529 323
1530 288
1530 289
1530 290
1530 291
1530 292
1530 293
1530 294
1530 295
1530 296
1530 297
1530 298
1530 299
1530 300
1530 301
1530 302
1530 303
1531 269
1531 270
1531 271
1531 272
1531 273
1531 274
1531 275
1531 276
1531 277
1531 278
1531 279
1531 280
1531 281
1532 322
1532 323
1532 324
1532 325
1532 326
1532 327
1532 328
1532 329
1532 330
1532 331
1532 332
1532 333
1532 334
1532 335
1533 301
1533 302
1533 303
1533 304
1533 305
1533 306
1533 307
1533 308
1533 309
1533 310
1533 311
1533 312
1533 313
1533 314
1533 315
1533 316
1533 317
1534 281
1534 282
1534 283
1534 284
1534 285
1534 286
1534 287
1534 288
1534 289
1534 290
1534 291
1534 292
1534 293
1534 294
1534 295
1534 296
1535 263
1535 264
1535 265
1535 266
1535 267
1535 268
1535 269
1535 270
1535 271
1535 272
1535 273
1535 338
1535 339
1535 340
1535 341
1535 342
1535 343
1535 344
1535 345
1535 346
1536 314
1536 315
1536 316
1536 317
1536 318
1536 319
1536 320
1536 321
1536 322
1536 323
1536 324
1536 325
1536 326
1536 327
1536 328
1536 329
1537 294
1537 295
1537 296
1537 297
1537 298
1537 299
1537 300
1537 301
1537 302
1537 303
1537 304
1537 305
1537 306
1537 307
1537 308
1537 309
1538 274
1538 275
1538 276
1538 277
1538 278
1538 279
1538 280
1538 281
1538 282
1538 283
1538 284
1538 285
1538 286
1538 287
1538 288
1539 258
1539 259
1539 260
1539 261
1539 262
1539 263
1539 264
1539 265
1539 329
1539 330
1539 331
1539 332
1539 333
1539 334
1539 335
1539 336
1539 337
1539 338
1539 339
1539 340
1539 341
1540 307
1540 308
1540 309
1540 310
1540 311
1540 312
1540 313
1540 314
1540 315
1540 316
1540 317
1540 318
1540 319
1540 320
1540 321
1540 322
1540 323
1541 287
1541 288
1541 289
1541 290
1541 291
1541 292
1541 293
1541 294
1541 295
1541 296
1541 297
1541 298
1541 299
1541 300
1541 301
1541 302
1542 268
1542 269
1542 270
1542 271
1542 272
1542 273
1542 274
1542 275
1542 276
1542 277
1542 278
1542 279
1542 280
1543 321
1543 322
1543 323
1543 324
1543 325
1543 326
1543 327
1543 328
1543 329
1543 330
1543 331
1543 332
1543 333
1543 334
1543 335
1544 300
1544 301
1544 302
1544 303
1544 304
1544 305
1544 306
1544 307
1544 308
1544 309
1544 310
1544 311
1544 312
1544 313
1544 314
1544 315
1544 316
1545 280
1545 281
1545 282
1545 283
1545 284
1545 285
1545 286
1545 287
1545 288
1545 289
1545 290
1545 291
1545 292
1545 293
1545 294
1545 295
1546 262
1546 263
1546 264
1546 265
1546 266
1546 267
1546 268
1546 269
1546 270
1546 271
1546 272
1546 273
1546 336
1546 337
1546 338
1546 339
1546 340
1546 341
1546 342
1546 343
1546 344
1546 345
1547 313
1547 314
1547 315
1547 316
1547 317
1547 318
1547 319
1547 320
1547 321
1547 322
1547 323
1547 324
1547 325
1547 326
1547 327
1547 328
1548 293
1548 294
1548 295
1548 296
1548 297
1548 298
1548 299
1548 300
1548 301
1548 302
1548 303
1548 304
1548 305
1548 306
1548 307
1548 308
1548 309
1549 273
1549 274
1549 275
1549 276
1549 277
1549 278
1549 279
1549 280
1549 281
1549 282
1549 283
1549 284
1549 285
1549 286
1549 287
1550 257
1550 258
1550 259
1550 260
1550 261
1550 262
1550 263
1550 264
1550 328
1550 329
1550 330
1550 331
1550 332
1550 333
1550 334
1550 335
1550 336
1550 337
1550 338
1550 339
1550 340
1551 306
1551 307
1551 308
1551 309
1551 310
1551 311
1551 312
1551 313
1551 314
1551 315
1551 316
1551 317
1551 318
1551 319
1551 320
1551 321
1551 322
1552 286
1552 287
1552 288
1552 289
1552 290
1552 291
1552 292
1552 293
1552 294
1552 295
1552 296
1552 297
1552 298
1552 299
1552 300
1552 301
1553 267
1553 268
1553 269
1553 270
1553 271
1553 272
1553 273
1553 274
1553 275
1553 276
1553 277
1553 278
1553 279
1553 280
1553 345
1553 346
1553 347
1553 348
1554 320
1554 321
1554 322
1554 323
1554 324
1554 325
1554 326
1554 327
1554 328
1554 329
1554 330
1554 331
1554 332
1554 333
1554 334
1555 299
1555 300
1555 301
1555 302
1555 303
1555 304
1555 305
1555 306
1555 307
1555 308
1555 309
1555 310
1555 311
1555 312
1555 313
1555 314
1555 315
1556 279
1556 280
1556 281
1556 282
1556 283
1556 284
1556 285
1556 286
1556 287
1556 288
1556 289
1556 290
1556 291
1556 292
1556 293
1556 294
1557 261
1557 262
1557 263
1557 264
1557 265
1557 266
1557 267
1557 268
1557 269
1557 270
1557 271
1557 272
1557 335
1557 336
1557 337
1557 338
1557 339
1557 340
1557 341
1557 342
1557 343
1557 344
1557 345
1558 312
1558 313
1558 314
1558 315
1558 316
1558 317
1558 318
1558 319
1558 320
1558 321
1558 322
1558 323
1558 324
1558 325
1558 326
1558 327
1558 328
1559 291
1559 292
1559 293
1559 294
1559 295
1559 296
1559 297
1559 298
1559 299
1559 300
1559 301
1559 302
1559 303
1559 304
1559 305
1559 306
1559 307
1559 308
1560 272
1560 273
1560 274
1560 275
1560 276
1560 277
1560 278
1560 279
1560 280
1560 281
1560 282
1560 283
1560 284
1560 285
1560 286
1561 256
1561 257
1561 258
1561 259
1561 260
1561 261
1561 262
1561 263
1561 327
1561 328
1561 329
1561 330
1561 331
1561 332
1561 333
1561 334
1561 335
1561 336
1561 337
1561 338
1561 339
1562 305
1562 306
1562 307
1562 308
1562 309
1562 310
1562 311
1562 312
1562 313
1562 314
1562 315
1562 316
1562 317
1562 318
1562 319
1562 320
1562 321
1563 285
1563 286
1563 287
1563 288
1563 289
1563 290
1563 291
1563 292
1563 293
1563 294
1563 295
1563 296
1563 297
1563 298
1563 299
1563 300
1563 301
1564 266
1564 267
1564 268
1564 269
1564 270
1564 271
1564 272
1564 273
1564 274
1564 275
1564 276
1564 277
1564 278
1564 279
1564 343
1564 344
1564 345
1564 346
1564 347
1564 348
1565 253
1565 319
1565 320
1565 321
1565 322
1565 323
1565 324
1565 325
1565 326
1565 327
1565 328
1565 329
1565 330
1565 331
1565 332
1565 333
1566 298
1566 299
1566 300
1566 301
1566 302
1566 303
1566 304
1566 305
1566 306
1566 307
1566 308
1566 309
1566 310
1566 311
1566 312
1566 313
1566 314
1567 278
1567 279
1567 280
1567 281
1567 282
1567 283
1567 284
1567 285
1567 286
1567 287
1567 288
1567 289
1567 290
1567 291
1567 292
1567 293
1568 260
1568 261
1568 262
1568 263
1568 264
1568 265
1568 266
1568 267
1568 268
1568 269
1568 270
1568 271
1568 334
1568 335
1568 336
1568 337
1568 338
1568 339
1568 340
1568 341
1568 342
1568 343
1568 344
1569 311
1569 312
1569 313
1569 314
1569 315
1569 316
1569 317
1569 318
1569 319
1569 320
1569 321
1569 322
1569 323
1569 324
1569 325
1569 326
1569 327
1570 290
1570 291
1570 292
1570 293
1570 294
1570 295
1570 296
1570 297
1570 298
1570 299
1570 300
1570 301
1570 302
1570 303
1570 304
1570 305
1570 306
1570 307
1571 271
1571 272
1571 273
1571 274
1571 275
1571 276
1571 277
1571 278
1571 279
1571 280
1571 281
1571 282
1571 283
1571 284
1571 285
1571 286
1572 255
1572 256
1572 257
1572 258
1572 259
1572 260
1572 261
1572 262
1572 263
1572 326
1572 327
1572 328
1572 329
1572 330
1572 331
1572 332
1572 333
1572 334
1572 335
1572 336
1572 337
1572 338
1572 339
1573 304
1573 305
1573 306
1573 307
1573 308
1573 309
1573 310
1573 311
1573 312
1573 313
1573 314
1573 315
1573 316
1573 317
1573 318
1573 319
1573 320
1574 284
1574 285
1574 286
1574 287
1574 288
1574 289
1574 290
1574 291
1574 292
1574 293
1574 294
1574 295
1574 296
1574 297
1574 298
1574 299
1574 300
1575 265
1575 266
1575 267
1575 268
1575 269
1575 270
1575 271
1575 272
1575 273
1575 274
1575 275
1575 276
1575 277
1575 278
1575 342
1575 343
1575 344
1575 345
1575 346
1575 347
1575 348
1576 251
1576 252
1576 253
1576 318
1576 319
1576 320
1576 321
1576 322
1576 323
1576 324
1576 325
1576 326
1576 327
1576 328
1576 329
1576 330
1576 331
1576 332
1577 297
1577 298
1577 299
1577 300
1577 301
1577 302
1577 303
1577 304
1577 305
1577 306
1577 307
1577 308
1577 309
1577 310
1577 311
1577 312
1577 313
1578 277
1578 278
1578 279
1578 280
1578 281
1578 282
1578 283
1578 284
1578 285
1578 286
1578 287
1578 288
1578 289
1578 290
1578 291
1578 292
1579 259
1579 260
1579 261
1579 262
1579 263
1579 264
1579 265
1579 266
1579 267
1579 268
1579 269
1579 270
1579 333
1579 334
1579 335
1579 336
1579 337
1579 338
1579 339
1579 340
1579 341
1579 342
1579 343
1580 310
1580 311
1580 312
1580 313
1580 314
1580 315
1580 316
1580 317
1580 318
1580 319
1580 320
1580 321
1580 322
1580 323
1580 324
1580 325
1580 326
1581 289
1581 290
1581 291
1581 292
1581 293
1581 294
1581 295
1581 296
1581 297
1581 298
1581 299
1581 300
1581 301
1581 302
1581 303
1581 304
1581 305
1581 306
1582 270
1582 271
1582 272
1582 273
1582 274
1582 275
1582 276
1582 277
1582 278
1582 279
1582 280
1582 281
1582 282
1582 283
1582 284
1582 285
1583 254
1583 255
1583 256
1583 257
1583 258
1583 259
1583 260
1583 261
1583 262
1583 324
1583 325
1583 326
1583 327
1583 328
1583 329
1583 330
1583 331
1583 332
1583 333
1583 334
1583 335
1583 336
1583 337
1583 338
1584 303
1584 304
1584 305
1584 306
1584 307
1584 308
1584 309
1584 310
1584 311
1584 312
1584 313
1584 314
1584 315
1584 316
1584 317
1584 318
1584 319
1585 283
1585 284
1585 285
1585 286
1585 287
1585 288
1585 289
1585 290
1585 291
1585 292
1585 293
1585 294
1585 295
1585 296
1585 297
1585 298
1585 299
1586 264
1586 265
1586 266
1586 267
1586 268
1586 269
1586 270
1586 271
1586 272
1586 273
1586 274
1586 275
1586 276
1586 277
1586 340
1586 341
1586 342
1586 343
1586 344
1586 345
1586 346
1586 347
1587 250
1587 251
1587 252
1587 317
1587 318
1587 319
1587 320
1587 321
1587 322
1587 323
1587 324
1587 325
1587 326
1587 327
1587 328
1587 329
1587 330
1587 331
1587 332
1588 295
1588 296
1588 297
1588 298
1588 299
1588 300
1588 301
1588 302
1588 303
1588 304
1588 305
1588 306
1588 307
1588 308
1588 309
1588 310
1588 311
1588 312
1589 276
1589 277
1589 278
1589 279
1589 280
1589 281
1589 282
1589 283
1589 284
1589 285
1589 286
1589 287
1589 288
1589 289
1589 290
1589 291
1590 258
1590 259
1590 260
1590 261
1590 262
1590 263
1590 264
1590 265
1590 266
1590 267
1590 268
1590 269
1590 331
1590 332
1590 333
1590 334
1590 335
1590 336
1590 337
1590 338
1590 339
1590 340
1590 341
1590 342
1590 343
1591 309
1591 310
1591 311
1591 312
1591 313
1591 314
1591 315
1591 316
1591 317
1591 318
1591 319
1591 320
1591 321
1591 322
1591 323
1591 324
1591 325
1592 288
1592 289
1592 290
1592 291
1592 292
1592 293
1592 294
1592 295
1592 296
1592 297
1592 298
1592 299
1592 300
1592 301
1592 302
1592 303
1592 304
1592 305
1593 269
1593 270
1593 271
1593 272
1593 273
1593 274
1593 275
1593 276
1593 277
1593 278
1593 279
1593 280
1593 281
1593 282
1593 283
1593 284
1594 253
1594 254
1594 255
1594 256
1594 257
1594 258
1594 259
1594 260
1594 261
1594 323
1594 324
1594 325
1594 326
1594 327
1594 328
1594 329
1594 330
1594 331
1594 332
1594 333
1594 334
1594 335
1594 336
1594 337
1595 302
1595 303
1595 304
1595 305
1595 306
1595 307
1595 308
1595 309
1595 310
1595 311
1595 312
1595 313
1595 314
1595 315
1595 316
1595 317
1595 318
1596 282
1596 283
1596 284
1596 285
1596 286
1596 287
1596 288
1596 289
1596 290
1596 291
1596 292
1596 293
1596 294
1596 295
1596 296
1596 297
1596 298
1597 263
1597 264
1597 265
1597 266
1597 267
1597 268
1597 269
1597 270
1597 271
1597 272
1597 273
1597 274
1597 275
1597 276
1597 339
1597 340
1597 341
1597 342
1597 343
1597 344
1597 345
1597 346
1597 347
1598 249
1598 250
1598 251
1598 316
1598 317
1598 318
1598 319
1598 320
1598 321
1598 322
1598 323
1598 324
1598 325
1598 326
1598 327
1598 328
1598 329
1598 330
1598 331
1599 294
1599 295
1599 296
1599 297
1599 298
1599 299
1599 300
1599 301
1599 302
1599 303
1599 304
1599 305
1599 306
1599 307
1599 308
1599 309
1599 310
1599 311
1600 275
1600 276
1600 277
1600 278
1600 279
1600 280
1600 281
1600 282
1600 283
1600 284
1600 285
1600 286
1600 287
1600 288
1600 289
1600 290
1600 291
1601 257
1601 258
1601 259
1601 260
1601 261
1601 262
1601 263
1601 264
1601 265
1601 266
1601 267
1601 268
1601 330
1601 331
1601 332
1601 333
1601 334
1601 335
1601 336
1601 337
1601 338
1601 339
1601 340
1601 341
1601 342
1602 308
1602 309
1602 310
1602 311
1602 312
1602 313
1602 314
1602 315
1602 316
1602 317
1602 318
1602 319
1602 320
1602 321
1602 322
1602 323
1602 324
1603 287
1603 288
1603 289
1603 290
1603 291
1603 292
1603 293
1603 294
1603 295
1603 296
1603 297
1603 298
1603 299
1603 300
1603 301
1603 302
1603 303
1603 304
1604 268
1604 269
1604 270
1604 271
1604 272
1604 273
1604 274
1604 275
1604 276
1604 277
1604 278
1604 279
1604 280
1604 281
1604 282
1604 283
1605 252
1605 253
1605 254
1605 255
1605 256
1605 257
1605 258
1605 259
1605 260
1605 322
1605 323
1605 324
1605 325
1605 326
1605 327
1605 328
1605 329
1605 330
1605 331
1605 332
1605 333
1605 334
1605 335
1605 336
1606 301
1606 302
1606 303
1606 304
1606 305
1606 306
1606 307
1606 308
1606 309
1606 310
1606 311
1606 312
1606 313
1606 314
1606 315
1606 316
1606 317
1606 318
1607 281
1607 282
1607 283
1607 284
1607 285
1607 286
1607 287
1607 288
1607 289
1607 290
1607 291
1607 292
1607 293
1607 294
1607 295
1607 296
1607 297
1608 262
1608 263
1608 264
1608 265
1608 266
1608 267
1608 268
1608 269
1608 270
1608 271
1608 272
1608 273
1608 274
1608 275
1608 338
1608 339
1608 340
1608 341
1608 342
1608 343
1608 344
1608 345
1608 346
1609 248
1609 249
1609 250
1609 314
1609 315
1609 316
1609 317
1609 318
1609 319
1609 320
1609 321
1609 322
1609 323
1609 324
1609 325
1609 326
1609 327
1609 328
1609 329
1609 330
1610 293
1610 294
1610 295
1610 296
1610 297
1610 298
1610 299
1610 300
1610 301
1610 302
1610 303
1610 304
1610 305
1610 306
1610 307
1610 308
1610 309
1610 310
1610 311
1611 274
1611 275
1611 276
1611 277
1611 278
1611 279
1611 280
1611 281
1611 282
1611 283
1611 284
1611 285
1611 286
1611 287
1611 288
1611 289
1611 290
1612 256
1612 257
1612 258
1612 259
1612 260
1612 261
1612 262
1612 263
1612 264
1612 265
1612 266
1612 267
1612 329
1612 330
1612 331
1612 332
1612 333
1612 334
1612 335
1612 336
1612 337
1612 338
1612 339
1612 340
1612 341
1613 307
1613 308
1613 309
1613 310
1613 311
1613 312
1613 313
1613 314
1613 315
1613 316
1613 317
1613 318
1613 319
1613 320
1613 321
1613 322
1613 323
1614 286
1614 287
1614 288
1614 289
1614 290
1614 291
1614 292
1614 293
1614 294
1614 295
1614 296
1614 297
1614 298
1614 299
1614 300
1614 301
1614 302
1614 303
1615 267
1615 268
1615 269
1615 270
1615 271
1615 272
1615 273
1615 274
1615 275
1615 276
1615 277
1615 278
1615 279
1615 280
1615 281
1615 282
1615 347
1615 348
1615 349
1616 251
1616 252
1616 253
1616 254
1616 255
1616 256
1616 257
1616 258
1616 259
1616 321
1616 322
1616 323
1616 324
1616 325
1616 326
1616 327
1616 328
1616 329
1616 330
1616 331
1616 332
1616 333
1616 334
1616 335
1617 300
1617 301
1617 302
1617 303
1617 304
1617 305
1617 306
1617 307
1617 308
1617 309
1617 310
1617 311
1617 312
1617 313
1617 314
1617 315
1617 316
1617 317
1618 280
1618 281
1618 282
1618 283
1618 284
1618 285
1618 286
1618 287
1618 288
1618 289
1618 290
1618 291
1618 292
1618 293
1618 294
1618 295
1618 296
1619 261
1619 262
1619 263
1619 264
1619 265
1619 266
1619 267
1619 268
1619 269
1619 270
1619 271
1619 272
1619 273
1619 274
1619 336
1619 337
1619 338
1619 339
1619 340
1619 341
1619 342
1619 343
1619 344
1619 345
1619 346
1620 247
1620 248
1620 249
1620 313
1620 314
1620 315
1620 316
1620 317
1620 318
1620 319
1620 320
1620 321
1620 322
1620 323
1620 324
1620 325
1620 326
1620 327
1620 328
1620 329
1621 292
1621 293
1621 294
1621 295
1621 296
1621 297
1621 298
1621 299
1621 300
1621 301
1621 302
1621 303
1621 304
1621 305
1621 306
1621 307
1621 308
1621 309
1621 310
1622 273
1622 274
1622 275
1622 276
1622 277
1622 278
1622 279
1622 280
1622 281
1622 282
1622 283
1622 284
1622 285
1622 286
1622 287
1622 288
1622 289
1623 255
1623 256
1623 257
1623 258
1623 259
1623 260
1623 261
1623 262
1623 263
1623 264
1623 265
1623 266
1623 328
1623 329
1623 330
1623 331
1623 332
1623 333
1623 334
1623 335
1623 336
1623 337
1623 338
1623 339
1623 340
1623 341
1624 306
1624 307
1624 308
1624 309
1624 310
1624 311
1624 312
1624 313
1624 314
1624 315
1624 316
1624 317
1624 318
1624 319
1624 320
1624 321
1624 322
1624 323
1625 285
1625 286
1625 287
1625 288
1625 289
1625 290
1625 291
1625 292
1625 293
1625 294
1625 295
1625 296
1625 297
1625 298
1625 299
1625 300
1625 301
1625 302
1625 303
1626 266
1626 267
1626 268
1626 269
1626 270
1626 271
1626 272
1626 273
1626 274
1626 275
1626 276
1626 277
1626 278
1626 279
1626 280
1626 281
1626 345
1626 346
1626 347
1626 348
1626 349
1627 250
1627 251
1627 252
1627 253
1627 254
1627 255
1627 256
1627 257
1627 258
1627 320
1627 321
1627 322
1627 323
1627 324
1627 325
1627 326
1627 327
1627 328
1627 329
1627 330
1627 331
1627 332
1627 333
1627 334
1627 335
1628 299
1628 300
1628 301
1628 302
1628 303
1628 304
1628 305
1628 306
1628 307
1628 308
1628 309
1628 310
1628 311
1628 312
1628 313
1628 314
1628 315
1628 316
1629 279
1629 280
1629 281
1629 282
1629 283
1629 284
1629 285
1629 286
1629 287
1629 288
1629 289
1629 290
1629 291
1629 292
1629 293
1629 294
1629 295
1630 260
1630 261
1630 262
1630 263
1630 264
1630 265
1630 266
1630 267
1630 268
1630 269
1630 270
1630 271
1630 272
1630 273
1630 335
1630 336
1630 337
1630 338
1630 339
1630 340
1630 341
1630 342
1630 343
1630 344
1630 345
1631 246
1631 247
1631 248
1631 312
1631 313
1631 314
1631 315
1631 316
1631 317
1631 318
1631 319
1631 320
1631 321
1631 322
1631 323
1631 324
1631 325
1631 326
1631 327
1631 328
1632 291
1632 292
1632 293
1632 294
1632 295
1632 296
1632 297
1632 298
1632 299
1632 300
1632 301
1632 302
1632 303
1632 304
1632 305
1632 306
1632 307
1632 308
1632 309
1633 272
1633 273
1633 274
1633 275
1633 276
1633 277
1633 278
1633 279
1633 280
1633 281
1633 282
1633 283
1633 284
1633 285
1633 286
1633 287
1633 288
1634 254
1634 255
1634 256
1634 257
1634 258
1634 259
1634 260
1634 261
1634 262
1634 263
1634 264
1634 265
1634 266
1634 327
1634 328
1634 329
1634 330
1634 331
1634 332
1634 333
1634 334
1634 335
1634 336
1634 337
1634 338
1634 339
1634 340
1635 305
1635 306
1635 307
1635 308
1635 309
1635 310
1635 311
1635 312
1635 313
1635 314
1635 315
1635 316
1635 317
1635 318
1635 319
1635 320
1635 321
1635 322
1636 284
1636 285
1636 286
1636 287
1636 288
1636 289
1636 290
1636 291
1636 292
1636 293
1636 294
1636 295
1636 296
1636 297
1636 298
1636 299
1636 300
1636 301
1636 302
1637 265
1637 266
1637 267
1637 268
1637 269
1637 270
1637 271
1637 272
1637 273
1637 274
1637 275
1637 276
1637 277
1637 278
1637 279
1637 280
1637 343
1637 344
1637 345
1637 346
1637 347
1637 348
1637 349
1638 249
1638 250
1638 251
1638 252
1638 253
1638 254
1638 255
1638 256
1638 257
1638 319
1638 320
1638 321
1638 322
1638 323
1638 324
1638 325
1638 326
1638 327
1638 328
1638 329
1638 330
1638 331
1638 332
1638 333
1638 334
1639 298
1639 299
1639 300
1639 301
1639 302
1639 303
1639 304
1639 305
1639 306
1639 307
1639 308
1639 309
1639 310
1639 311
1639 312
1639 313
1639 314
1639 315
1640 278
1640 279
1640 280
1640 281
1640 282
1640 283
1640 284
1640 285
1640 286
1640 287
1640 288
1640 289
1640 290
1640 291
1640 292
1640 293
1640 294
1641 259
1641 260
1641 261
1641 262
1641 263
1641 264
1641 265
1641 266
1641 267
1641 268
1641 269
1641 270
1641 271
1641 272
1641 273
1641 334
1641 335
1641 336
1641 337
1641 338
1641 339
1641 340
1641 341
1641 342
1641 343
1641 344
1641 345
1642 245
1642 246
1642 247
1642 311
1642 312
1642 313
1642 314
1642 315
1642 316
1642 317
1642 318
1642 319
1642 320
1642 321
1642 322
1642 323
1642 324
1642 325
1642 326
1642 327
1642 328
1643 290
1643 291
1643 292
1643 293
1643 294
1643 295
1643 296
1643 297
1643 298
1643 299
1643 300
1643 301
1643 302
1643 303
1643 304
1643 305
1643 306
1643 307
1643 308
1644 271
1644 272
1644 273
1644 274
1644 275
1644 276
1644 277
1644 278
1644 279
1644 280
1644 281
1644 282
1644 283
1644 284
1644 285
1644 286
1644 287
1645 253
1645 254
1645 255
1645 256
1645 257
1645 258
1645 259
1645 260
1645 261
1645 262
1645 263
1645 264
1645 265
1645 326
1645 327
1645 328
1645 329
1645 330
1645 331
1645 332
1645 333
1645 334
1645 335
1645 336
1645 337
1645 338
1645 339
1646 304
1646 305
1646 306
1646 307
1646 308
1646 309
1646 310
1646 311
1646 312
1646 313
1646 314
1646 315
1646 316
1646 317
1646 318
1646 319
1646 320
1646 321
1647 283
1647 284
1647 285
1647 286
1647 287
1647 288
1647 289
1647 290
1647 291
1647 292
1647 293
1647 294
1647 295
1647 296
1647 297
1647 298
1647 299
1647 300
1647 301
1648 265
1648 266
1648 267
1648 268
1648 269
1648 270
1648 271
1648 272
1648 273
1648 274
1648 275
1648 276
1648 277
1648 278
1648 279
1648 342
1648 343
1648 344
1648 345
1648 346
1648 347
1648 348
1649 248
1649 249
1649 250
1649 251
1649 252
1649 253
1649 254
1649 255
1649 256
1649 318
1649 319
1649 320
1649 321
1649 322
1649 323
1649 324
1649 325
1649 326
1649 327
1649 328
1649 329
1649 330
1649 331
1649 332
1649 333
1650 297
1650 298
1650 299
1650 300
1650 301
1650 302
1650 303
1650 304
1650 305
1650 306
1650 307
1650 308
1650 309
1650 310
1650 311
1650 312
1650 313
1650 314
1651 277
1651 278
1651 279
1651 280
1651 281
1651 282
1651 283
1651 284
1651 285
1651 286
1651 287
1651 288
1651 289
1651 290
1651 291
1651 292
1651 293
1652 258
1652 259
1652 260
1652 261
1652 262
1652 263
1652 264
1652 265
1652 266
1652 267
1652 268
1652 269
1652 270
1652 271
1652 272
1652 333
1652 334
1652 335
1652 336
1652 337
1652 338
1652 339
1652 340
1652 341
1652 342
1652 343
1652 344
1653 244
1653 245
1653 246
1653 310
1653 311
1653 312
1653 313
1653 314
1653 315
1653 316
1653 317
1653 318
1653 319
1653 320
1653 321
1653 322
1653 323
1653 324
1653 325
1653 326
1653 327
1654 289
1654 290
1654 291
1654 292
1654 293
1654 294
1654 295
1654 296
1654 297
1654 298
1654 299
1654 300
1654 301
1654 302
1654 303
1654 304
1654 305
1654 306
1654 307
1655 270
1655 271
1655 272
1655 273
1655 274
1655 275
1655 276
1655 277
1655 278
1655 279
1655 280
1655 281
1655 282
1655 283
1655 284
1655 285
1655 286
1656 252
1656 253
1656 254
1656 255
1656 256
1656 257
1656 258
1656 259
1656 260
1656 261
1656 262
1656 263
1656 264
1656 325
1656 326
1656 327
1656 328
1656 329
1656 330
1656 331
1656 332
1656 333
1656 334
1656 335
1656 336
1656 337
1656 338
1657 303
1657 304
1657 305
1657 306
1657 307
1657 308
1657 309
1657 310
1657 311
1657 312
1657 313
1657 314
1657 315
1657 316
1657 317
1657 318
1657 319
1657 320
1658 283
1658 284
1658 285
1658 286
1658 287
1658 288
1658 289
1658 290
1658 291
1658 292
1658 293
1658 294
1658 295
1658 296
1658 297
1658 298
1658 299
1658 300
1659 264
1659 265
1659 266
1659 267
1659 268
1659 269
1659 270
1659 271
1659 272
1659 273
1659 274
1659 275
1659 276
1659 277
1659 278
1659 341
1659 342
1659 343
1659 344
1659 345
1659 346
1659 347
1659 348
1660 247
1660 248
1660 249
1660 250
1660 251
1660 252
1660 253
1660 254
1660 255
1660 317
1660 318
1660 319
1660 320
1660 321
1660 322
1660 323
1660 324
1660 325
1660 326
1660 327
1660 328
1660 329
1660 330
1660 331
1660 332
1661 296
1661 297
1661 298
1661 299
1661 300
1661 301
1661 302
1661 303
1661 304
1661 305
1661 306
1661 307
1661 308
1661 309
1661 310
1661 311
1661 312
1661 313
1662 276
1662 277
1662 278
1662 279
1662 280
1662 281
1662 282
1662 283
1662 284
1662 285
1662 286
1662 287
1662 288
1662 289
1662 290
1662 291
1662 292
1662 293
1663 257
1663 258
1663 259
1663 260
1663 261
1663 262
1663 263
1663 264
1663 265
1663 266
1663 267
1663 268
1663 269
1663 270
1663 271
1663 332
1663 333
1663 334
1663 335
1663 336
1663 337
1663 338
1663 339
1663 340
1663 341
1663 342
1663 343
1664 243
1664 244
1664 245
1664 309
1664 310
1664 311
1664 312
1664 313
1664 314
1664 315
1664 316
1664 317
1664 318
1664 319
1664 320
1664 321
1664 322
1664 323
1664 324
1664 325
1664 326
1665 289
1665 290
1665 291
1665 292
1665 293
1665 294
1665 295
1665 296
1665 297
1665 298
1665 299
1665 300
1665 301
1665 302
1665 303
1665 304
1665 305
1665 306
1666 269
1666 270
1666 271
1666 272
1666 273
1666 274
1666 275
1666 276
1666 277
1666 278
1666 279
1666 280
1666 281
1666 282
1666 283
1666 284
1666 285
1667 251
1667 252
1667 253
1667 254
1667 255
1667 256
1667 257
1667 258
1667 259
1667 260
1667 261
1667 262
1667 263
1667 324
1667 325
1667 326
1667 327
1667 328
1667 329
1667 330
1667 331
1667 332
1667 333
1667 334
1667 335
1667 336
1667 337
1667 338
1668 302
1668 303
1668 304
1668 305
1668 306
1668 307
1668 308
1668 309
1668 310
1668 311
1668 312
1668 313
1668 314
1668 315
1668 316
1668 317
1668 318
1668 319
1669 282
1669 283
1669 284
1669 285
1669 286
1669 287
1669 288
1669 289
1669 290
1669 291
1669 292
1669 293
1669 294
1669 295
1669 296
1669 297
1669 298
1669 299
1670 263
1670 264
1670 265
1670 266
1670 267
1670 268
1670 269
1670 270
1670 271
1670 272
1670 273
1670 274
1670 275
1670 276
1670 277
1670 278
1670 339
1670 340
1670 341
1670 342
1670 343
1670 344
1670 345
1670 346
1670 347
1671 246
1671 247
1671 248
1671 249
1671 250
1671 251
1671 252
1671 253
1671 254
1671 316
1671 317
1671 318
1671 319
1671 320
1671 321
1671 322
1671 323
1671 324
1671 325
1671 326
1671 327
1671 328
1671 329
1671 330
1671 331
1672 295
1672 296
1672 297
1672 298
1672 299
1672 300
1672 301
1672 302
1672 303
1672 304
1672 305
1672 306
1672 307
1672 308
1672 309
1672 310
1672 311
1672 312
1673 275
1673 276
1673 277
1673 278
1673 279
1673 280
1673 281
1673 282
1673 283
1673 284
1673 285
1673 286
1673 287
1673 288
1673 289
1673 290
1673 291
1673 292
1674 256
1674 257
1674 258
1674 259
1674 260
1674 261
1674 262
1674 263
1674 264
1674 265
1674 266
1674 267
1674 268
1674 269
1674 270
1674 331
1674 332
1674 333
1674 334
1674 335
1674 336
1674 337
1674 338
1674 339
1674 340
1674 341
1674 342
1675 242
1675 243
1675 244
1675 308
1675 309
1675 310
1675 311
1675 312
1675 313
1675 314
1675 315
1675 316
1675 317
1675 318
1675 319
1675 320
1675 321
1675 322
1675 323
1675 324
1675 325
1676 288
1676 289
1676 290
1676 291
1676 292
1676 293
1676 294
1676 295
1676 296
1676 297
1676 298
1676 299
1676 300
1676 301
1676 302
1676 303
1676 304
1676 305
1677 268
1677 269
1677 270
1677 271
1677 272
1677 273
1677 274
1677 275
1677 276
1677 277
1677 278
1677 279
1677 280
1677 281
1677 282
1677 283
1677 284
1678 250
1678 251
1678 252
1678 253
1678 254
1678 255
1678 256
1678 257
1678 258
1678 259
1678 260
1678 261
1678 262
1678 323
1678 324
1678 325
1678 326
1678 327
1678 328
1678 329
1678 330
1678 331
1678 332
1678 333
1678 334
1678 335
1678 336
1678 337
1679 301
1679 302
1679 303
1679 304
1679 305
1679 306
1679 307
1679 308
1679 309
1679 310
1679 311
1679 312
1679 313
1679 314
1679 315
1679 316
1679 317
1679 318
1680 281
1680 282
1680 283
1680 284
1680 285
1680 286
1680 287
1680 288
1680 289
1680 290
1680 291
1680 292
1680 293
1680 294
1680 295
1680 296
1680 297
1680 298
1681 262
1681 263
1681 264
1681 265
1681 266
1681 267
1681 268
1681 269
1681 270
1681 271
1681 272
1681 273
1681 274
1681 275
1681 276
1681 277
1681 338
1681 339
1681 340
1681 341
1681 342
1681 343
1681 344
1681 345
1681 346
1681 347
1682 245
1682 246
1682 247
1682 248
1682 249
1682 250
1682 251
1682 252
1682 253
1682 315
1682 316
1682 317
1682 318
1682 319
1682 320
1682 321
1682 322
1682 323
1682 324
1682 325
1682 326
1682 327
1682 328
1682 329
1682 330
1682 331
1683 294
1683 295
1683 296
1683 297
1683 298
1683 299
1683 300
1683 301
1683 302
1683 303
1683 304
1683 305
1683 306
1683 307
1683 308
1683 309
1683 310
1683 311
1684 274
1684 275
1684 276
1684 277
1684 278
1684 279
1684 280
1684 281
1684 282
1684 283
1684 284
1684 285
1684 286
1684 287
1684 288
1684 289
1684 290
1684 291
1685 255
1685 256
1685 257
1685 258
1685 259
1685 260
1685 261
1685 262
1685 263
1685 264
1685 265
1685 266
1685 267
1685 268
1685 269
1685 330
1685 331
1685 332
1685 333
1685 334
1685 335
1685 336
1685 337
1685 338
1685 339
1685 340
1685 341
1685 342
1686 242
1686 243
1686 307
1686 308
1686 309
1686 310
1686 311
1686 312
1686 313
1686 314
1686 315
1686 316
1686 317
1686 318
1686 319
1686 320
1686 321
1686 322
1686 323
1686 324
1687 287
1687 288
1687 289
1687 290
1687 291
1687 292
1687 293
1687 294
1687 295
1687 296
1687 297
1687 298
1687 299
1687 300
1687 301
1687 302
1687 303
1687 304
1688 267
1688 268
1688 269
1688 270
1688 271
1688 272
1688 273
1688 274
1688 275
1688 276
1688 277
1688 278
1688 279
1688 280
1688 281
1688 282
1688 283
1688 347
1688 348
1688 349
1689 250
1689 251
1689 252
1689 253
1689 254
1689 255
1689 256
1689 257
1689 258
1689 259
1689 260
1689 261
1689 322
1689 323
1689 324
1689 325
1689 326
1689 327
1689 328
1689 329
1689 330
1689 331
1689 332
1689 333
1689 334
1689 335
1689 336
1690 300
1690 301
1690 302
1690 303
1690 304
1690 305
1690 306
1690 307
1690 308
1690 309
1690 310
1690 311
1690 312
1690 313
1690 314
1690 315
1690 316
1690 317
1691 280
1691 281
1691 282
1691 283
1691 284
1691 285
1691 286
1691 287
1691 288
1691 289
1691 290
1691 291
1691 292
1691 293
1691 294
1691 295
1691 296
1691 297
1692 261
1692 262
1692 263
1692 264
1692 265
1692 266
1692 267
1692 268
1692 269
1692 270
1692 271
1692 272
1692 273
1692 274
1692 275
1692 276
1692 337
1692 338
1692 339
1692 340
1692 341
1692 342
1692 343
1692 344
1692 345
1692 346
1693 244
1693 245
1693 246
1693 247
1693 248
1693 249
1693 250
1693 251
1693 252
1693 314
1693 315
1693 316
1693 317
1693 318
1693 319
1693 320
1693 321
1693 322
1693 323
1693 324
1693 325
1693 326
1693 327
1693 328
1693 329
1693 330
1694 293
1694 294
1694 295
1694 296
1694 297
1694 298
1694 299
1694 300
1694 301
1694 302
1694 303
1694 304
1694 305
1694 306
1694 307
1694 308
1694 309
1694 310
1694 311
1695 273
1695 274
1695 275
1695 276
1695 277
1695 278
1695 279
1695 280
1695 281
1695 282
1695 283
1695 284
1695 285
1695 286
1695 287
1695 288
1695 289
1695 290
1696 254
1696 255
1696 256
1696 257
1696 258
1696 259
1696 260
1696 261
1696 262
1696 263
1696 264
1696 265
1696 266
1696 267
1696 268
1696 328
1696 329
1696 330
1696 331
1696 332
1696 333
1696 334
1696 335
1696 336
1696 337
1696 338
1696 339
1696 340
1696 341
1697 241
1697 242
1697 306
1697 307
1697 308
1697 309
1697 310
1697 311
1697 312
1697 313
1697 314
1697 315
1697 316
1697 317
1697 318
1697 319
1697 320
1697 321
1697 322
1697 323
1698 286
1698 287
1698 288
1698 289
1698 290
1698 291
1698 292
1698 293
1698 294
1698 295
1698 296
1698 297
1698 298
1698 299
1698 300
1698 301
1698 302
1698 303
1699 266
1699 267
1699 268
1699 269
1699 270
1699 271
1699 272
1699 273
1699 274
1699 275
1699 276
1699 277
1699 278
1699 279
1699 280
1699 281
1699 282
1699 345
1699 346
1699 347
1699 348
1699 349
1700 249
1700 250
1700 251
1700 252
1700 253
1700 254
1700 255
1700 256
1700 257
1700 258
1700 259
1700 260
1700 320
1700 321
1700 322
1700 323
1700 324
1700 325
1700 326
1700 327
1700 328
1700 329
1700 330
1700 331
1700 332
1700 333
1700 334
1700 335
1701 299
1701 300
1701 301
1701 302
1701 303
1701 304
1701 305
1701 306
1701 307
1701 308
1701 309
1701 310
1701 311
1701 312
1701 313
1701 314
1701 315
1701 316
1701 317
1702 279
1702 280
1702 281
1702 282
1702 283
1702 284
1702 285
1702 286
1702 287
1702 288
1702 289
1702 290
1702 291
1702 292
1702 293
1702 294
1702 295
1702 296
1703 260
1703 261
1703 262
1703 263
1703 264
1703 265
1703 266
1703 267
1703 268
1703 269
1703 270
1703 271
1703 272
1703 273
1703 274
1703 275
1703 336
1703 337
1703 338
1703 339
1703 340
1703 341
1703 342
1703 343
1703 344
1703 345
1704 243
1704 244
1704 245
1704 246
1704 247
1704 248
1704 249
1704 250
1704 251
1704 313
1704 314
1704 315
1704 316
1704 317
1704 318
1704 319
1704 320
1704 321
1704 322
1704 323
1704 324
1704 325
1704 326
1704 327
1704 328
1704 329
1705 292
1705 293
1705 294
1705 295
1705 296
1705 297
1705 298
1705 299
1705 300
1705 301
1705 302
1705 303
1705 304
1705 305
1705 306
1705 307
1705 308
1705 309
1705 310
1706 272
1706 273
1706 274
1706 275
1706 276
1706 277
1706 278
1706 279
1706 280
1706 281
1706 282
1706 283
1706 284
1706 285
1706 286
1706 287
1706 288
1706 289
1707 254
1707 255
1707 256
1707 257
1707 258
1707 259
1707 260
1707 261
1707 262
1707 263
1707 264
1707 265
1707 266
1707 267
1707 327
1707 328
1707 329
1707 330
1707 331
1707 332
1707 333
1707 334
1707 335
1707 336
1707 337
1707 338
1707 339
1707 340
1708 305
1708 306
1708 307
1708 308
1708 309
1708 310
1708 311
1708 312
1708 313
1708 314
1708 315
1708 316
1708 317
1708 318
1708 319
1708 320
1708 321
1708 322
1709 285
1709 286
1709 287
1709 288
1709 289
1709 290
1709 291
1709 292
1709 293
1709 294
1709 295
1709 296
1709 297
1709 298
1709 299
1709 300
1709 301
1709 302
1709 303
1710 265
1710 266
1710 267
1710 268
1710 269
1710 270
1710 271
1710 272
1710 273
1710 274
1710 275
1710 276
1710 277
1710 278
1710 279
1710 280
1710 281
1710 344
1710 345
1710 346
1710 347
1710 348
1710 349
1711 248
1711 249
1711 250
1711 251
1711 252
1711 253
1711 254
1711 255
1711 256
1711 257
1711 258
1711 259
1711 319
1711 320
1711 321
1711 322
1711 323
1711 324
1711 325
1711 326
1711 327
1711 328
1711 329
1711 330
1711 331
1711 332
1711 333
1711 334
1712 298
1712 299
1712 300
1712 301
1712 302
1712 303
1712 304
1712 305
1712 306
1712 307
1712 308
1712 309
1712 310
1712 311
1712 312
1712 313
1712 314
1712 315
1712 316
1713 278
1713 279
1713 280
1713 281
1713 282
1713 283
1713 284
1713 285
1713 286
1713 287
1713 288
1713 289
1713 290
1713 291
1713 292
1713 293
1713 294
1713 295
1714 259
1714 260
1714 261
1714 262
1714 263
1714 264
1714 265
1714 266
1714 267
1714 268
1714 269
1714 270
1714 271
1714 272
1714 273
1714 274
1714 335
1714 336
1714 337
1714 338
1714 339
1714 340
1714 341
1714 342
1714 343
1714 344
1714 345
1715 242
1715 243
1715 244
1715 245
1715 246
1715 247
1715 248
1715 249
1715 250
1715 312
1715 313
1715 314
1715 315
1715 316
1715 317
1715 318
1715 319
1715 320
1715 321
1715 322
1715 323
1715 324
1715 325
1715 326
1715 327
1715 328
1716 291
1716 292
1716 293
1716 294
1716 295
1716 296
1716 297
1716 298
1716 299
1716 300
1716 301
1716 302
1716 303
1716 304
1716 305
1716 306
1716 307
1716 308
1716 309
1717 271
1717 272
1717 273
1717 274
1717 275
1717 276
1717 277
1717 278
1717 279
1717 280
1717 281
1717 282
1717 283
1717 284
1717 285
1717 286
1717 287
1717 288
1718 253
1718 254
1718 255
1718 256
1718 257
1718 258
1718 259
1718 260
1718 261
1718 262
1718 263
1718 264
1718 265
1718 266
1718 326
1718 327
1718 328
1718 329
1718 330
1718 331
1718 332
1718 333
1718 334
1718 335
1718 336
1718 337
1718 338
1718 339
1719 304
1719 305
1719 306
1719 307
1719 308
1719 309
1719 310
1719 311
1719 312
1719 313
1719 314
1719 315
1719 316
1719 317
1719 318
1719 319
1719 320
1719 321
1719 322
1720 284
1720 285
1720 286
1720 287
1720 288
1720 289
1720 290
1720 291
1720 292
1720 293
1720 294
1720 295
1720 296
1720 297
1720 298
1720 299
1720 300
1720 301
1720 302
1721 264
1721 265
1721 266
1721 267
1721 268
1721 269
1721 270
1721 271
1721 272
1721 273
1721 274
1721 275
1721 276
1721 277
1721 278
1721 279
1721 280
1721 342
1721 343
1721 344
1721 345
1721 346
1721 347
1721 348
1722 247
1722 248
1722 249
1722 250
1722 251
1722 252
1722 253
1722 254
1722 255
1722 256
1722 257
1722 258
1722 318
1722 319
1722 320
1722 321
1722 322
1722 323
1722 324
1722 325
1722 326
1722 327
1722 328
1722 329
1722 330
1722 331
1722 332
1722 333
1722 334
1723 297
1723 298
1723 299
1723 300
1723 301
1723 302
1723 303
1723 304
1723 305
1723 306
1723 307
1723 308
1723 309
1723 310
1723 311
1723 312
1723 313
1723 314
1723 315
1724 277
1724 278
1724 279
1724 280
1724 281
1724 282
1724 283
1724 284
1724 285
1724 286
1724 287
1724 288
1724 289
1724 290
1724 291
1724 292
1724 293
1724 294
1725 258
1725 259
1725 260
1725 261
1725 262
1725 263
1725 264
1725 265
1725 266
1725 267
1725 268
1725 269
1725 270
1725 271
1725 272
1725 273
1725 333
1725 334
1725 335
1725 336
1725 337
1725 338
1725 339
1725 340
1725 341
1725 342
1725 343
1725 344
1726 242
1726 243
1726 244
1726 245
1726 246
1726 247
1726 248
1726 249
1726 311
1726 312
1726 313
1726 314
1726 315
1726 316
1726 317
1726 318
1726 319
1726 320
1726 321
1726 322
1726 323
1726 324
1726 325
1726 326
1726 327
1727 290
1727 291
1727 292
1727 293
1727 294
1727 295
1727 296
1727 297
1727 298
1727 299
1727 300
1727 301
1727 302
1727 303
1727 304
1727 305
1727 306
1727 307
1727 308
1728 270
1728 271
1728 272
1728 273
1728 274
1728 275
1728 276
1728 277
1728 278
1728 279
1728 280
1728 281
1728 282
1728 283
1728 284
1728 285
1728 286
1728 287
1729 252
1729 253
1729 254
1729 255
1729 256
1729 257
1729 258
1729 259
1729 260
1729 261
1729 262
1729 263
1729 264
1729 265
1729 325
1729 326
1729 327
1729 328
1729 329
1729 330
1729 331
1729 332
1729 333
1729 334
1729 335
1729 336
1729 337
1729 338
1729 339
1730 303
1730 304
1730 305
1730 306
1730 307
1730 308
1730 309
1730 310
1730 311
1730 312
1730 313
1730 314
1730 315
1730 316
1730 317
1730 318
1730 319
1730 320
1730 321
1731 283
1731 284
1731 285
1731 286
1731 287
1731 288
1731 289
1731 290
1731 291
1731 292
1731 293
1731 294
1731 295
1731 296
1731 297
1731 298
1731 299
1731 300
1731 301
1732 263
1732 264
1732 265
1732 266
1732 267
1732 268
1732 269
1732 270
1732 271
1732 272
1732 273
1732 274
1732 275
1732 276
1732 277
1732 278
1732 279
1732 280
1732 341
1732 342
1732 343
1732 344
1732 345
1732 346
1732 347
1732 348
1733 246
1733 247
1733 248
1733 249
1733 250
1733 251
1733 252
1733 253
1733 254
1733 255
1733 256
1733 257
1733 317
1733 318
1733 319
1733 320
1733 321
1733 322
1733 323
1733 324
1733 325
1733 326
1733 327
1733 328
1733 329
1733 330
1733 331
1733 332
1733 333
1734 296
1734 297
1734 298
1734 299
1734 300
1734 301
1734 302
1734 303
1734 304
1734 305
1734 306
1734 307
1734 308
1734 309
1734 310
1734 311
1734 312
1734 313
1734 314
1735 276
1735 277
1735 278
1735 279
1735 280
1735 281
1735 282
1735 283
1735 284
1735 285
1735 286
1735 287
1735 288
1735 289
1735 290
1735 291
1735 292
1735 293
1736 257
1736 258
1736 259
1736 260
1736 261
1736 262
1736 263
1736 264
1736 265
1736 266
1736 267
1736 268
1736 269
1736 270
1736 271
1736 272
1736 332
1736 333
1736 334
1736 335
1736 336
1736 337
1736 338
1736 339
1736 340
1736 341
1736 342
1736 343
1737 241
1737 242
1737 243
1737 244
1737 245
1737 246
1737 247
1737 248
1737 310
1737 311
1737 312
1737 313
1737 314
1737 315
1737 316
1737 317
1737 318
1737 319
1737 320
1737 321
1737 322
1737 323
1737 324
1737 325
1737 326
1738 289
1738 290
1738 291
1738 292
1738 293
1738 294
1738 295
1738 296
1738 297
1738 298
1738 299
1738 300
1738 301
1738 302
1738 303
1738 304
1738 305
1738 306
1738 307
1739 269
1739 270
1739 271
1739 272
1739 273
1739 274
1739 275
1739 276
1739 277
1739 278
1739 279
1739 280
1739 281
1739 282
1739 283
1739 284
1739 285
1739 286
1740 251
1740 252
1740 253
1740 254
1740 255
1740 256
1740 257
1740 258
1740 259
1740 260
1740 261
1740 262
1740 263
1740 264
1740 324
1740 325
1740 326
1740 327
1740 328
1740 329
1740 330
1740 331
1740 332
1740 333
1740 334
1740 335
1740 336
1740 337
1740 338
1741 302
1741 303
1741 304
1741 305
1741 306
1741 307
1741 308
1741 309
1741 310
1741 311
1741 312
1741 313
1741 314
1741 315
1741 316
1741 317
1741 318
1741 319
1741 320
1742 282
1742 283
1742 284
1742 285
1742 286
1742 287
1742 288
1742 289
1742 290
1742 291
1742 292
1742 293
1742 294
1742 295
1742 296
1742 297
1742 298
1742 299
1742 300
1743 262
1743 263
1743 264
1743 265
1743 266
1743 267
1743 268
1743 269
1743 270
1743 271
1743 272
1743 273
1743 274
1743 275
1743 276
1743 277
1743 278
1743 279
1743 340
1743 341
1743 342
1743 343
1743 344
1743 345
1743 346
1743 347
1744 245
1744 246
1744 247
1744 248
1744 249
1744 250
1744 251
1744 252
1744 253
1744 254
1744 255
1744 256
1744 316
1744 317
1744 318
1744 319
1744 320
1744 321
1744 322
1744 323
1744 324
1744 325
1744 326
1744 327
1744 328
1744 329
1744 330
1744 331
1744 332
1745 295
1745 296
1745 297
1745 298
1745 299
1745 300
1745 301
1745 302
1745 303
1745 304
1745 305
1745 306
1745 307
1745 308
1745 309
1745 310
1745 311
1745 312
1745 313
1746 275
1746 276
1746 277
1746 278
1746 279
1746 280
1746 281
1746 282
1746 283
1746 284
1746 285
1746 286
1746 287
1746 288
1746 289
1746 290
1746 291
1746 292
1746 293
1747 256
1747 257
1747 258
1747 259
1747 260
1747 261
1747 262
1747 263
1747 264
1747 265
1747 266
1747 267
1747 268
1747 269
1747 270
1747 271
1747 331
1747 332
1747 333
1747 334
1747 335
1747 336
1747 337
1747 338
1747 339
1747 340
1747 341
1747 342
1747 343
1748 240
1748 241
1748 242
1748 243
1748 244
1748 245
1748 246
1748 247
1748 309
1748 310
1748 311
1748 312
1748 313
1748 314
1748 315
1748 316
1748 317
1748 318
1748 319
1748 320
1748 321
1748 322
1748 323
1748 324
1748 325
1749 288
1749 289
1749 290
1749 291
1749 292
1749 293
1749 294
1749 295
1749 296
1749 297
1749 298
1749 299
1749 300
1749 301
1749 302
1749 303
1749 304
1749 305
1749 306
1750 268
1750 269
1750 270
1750 271
1750 272
1750 273
1750 274
1750 275
1750 276
1750 277
1750 278
1750 279
1750 280
1750 281
1750 282
1750 283
1750 284
1750 285
1751 250
1751 251
1751 252
1751 253
1751 254
1751 255
1751 256
1751 257
1751 258
1751 259
1751 260
1751 261
1751 262
1751 263
1751 323
1751 324
1751 325
1751 326
1751 327
1751 328
1751 329
1751 330
1751 331
1751 332
1751 333
1751 334
1751 335
1751 336
1751 337
1752 301
1752 302
1752 303
1752 304
1752 305
1752 306
1752 307
1752 308
1752 309
1752 310
1752 311
1752 312
1752 313
1752 314
1752 315
1752 316
1752 317
1752 318
1752 319
1753 281
1753 282
1753 283
1753 284
1753 285
1753 286
1753 287
1753 288
1753 289
1753 290
1753 291
1753 292
1753 293
1753 294
1753 295
1753 296
1753 297
1753 298
1753 299
1754 261
1754 262
1754 263
1754 264
1754 265
1754 266
1754 267
1754 268
1754 269
1754 270
1754 271
1754 272
1754 273
1754 274
1754 275
1754 276
1754 277
1754 278
1754 339
1754 340
1754 341
1754 342
1754 343
1754 344
1754 345
1754 346
1754 347
1755 244
1755 245
1755 246
1755 247
1755 248
1755 249
1755 250
1755 251
1755 252
1755 253
1755 254
1755 255
1755 315
1755 316
1755 317
1755 318
1755 319
1755 320
1755 321
1755 322
1755 323
1755 324
1755 325
1755 326
1755 327
1755 328
1755 329
1755 330
1755 331
1756 294
1756 295
1756 296
1756 297
1756 298
1756 299
1756 300
1756 301
1756 302
1756 303
1756 304
1756 305
1756 306
1756 307
1756 308
1756 309
1756 310
1756 311
1756 312
1757 274
1757 275
1757 276
1757 277
1757 278
1757 279
1757 280
1757 281
1757 282
1757 283
1757 284
1757 285
1757 286
1757 287
1757 288
1757 289
1757 290
1757 291
1757 292
1758 255
1758 256
1758 257
1758 258
1758 259
1758 260
1758 261
1758 262
1758 263
1758 264
1758 265
1758 266
1758 267
1758 268
1758 269
1758 270
1758 330
1758 331
1758 332
1758 333
1758 334
1758 335
1758 336
1758 337
1758 338
1758 339
1758 340
1758 341
1758 342
1759 239
1759 240
1759 241
1759 242
1759 243
1759 244
1759 245
1759 246
1759 308
1759 309
1759 310
1759 311
1759 312
1759 313
1759 314
1759 315
1759 316
1759 317
1759 318
1759 319
1759 320
1759 321
1759 322
1759 323
1759 324
1759 325
1760 287
1760 288
1760 289
1760 290
1760 291
1760 292
1760 293
1760 294
1760 295
1760 296
1760 297
1760 298
1760 299
1760 300
1760 301
1760 302
1760 303
1760 304
1760 305
1761 267
1761 268
1761 269
1761 270
1761 271
1761 272
1761 273
1761 274
1761 275
1761 276
1761 277
1761 278
1761 279
1761 280
1761 281
1761 282
1761 283
1761 284
1762 249
1762 250
1762 251
1762 252
1762 253
1762 254
1762 255
1762 256
1762 257
1762 258
1762 259
1762 260
1762 261
1762 262
1762 322
1762 323
1762 324
1762 325
1762 326
1762 327
1762 328
1762 329
1762 330
1762 331
1762 332
1762 333
1762 334
1762 335
1762 336
1763 300
1763 301
1763 302
1763 303
1763 304
1763 305
1763 306
1763 307
1763 308
1763 309
1763 310
1763 311
1763 312
1763 313
1763 314
1763 315
1763 316
1763 317
1763 318
1764 280
1764 281
1764 282
1764 283
1764 284
1764 285
1764 286
1764 287
1764 288
1764 289
1764 290
1764 291
1764 292
1764 293
1764 294
1764 295
1764 296
1764 297
1764 298
1765 260
1765 261
1765 262
1765 263
1765 264
1765 265
1765 266
1765 267
1765 268
1765 269
1765 270
1765 271
1765 272
1765 273
1765 274
1765 275
1765 276
1765 277
1765 338
1765 339
1765 340
1765 341
1765 342
1765 343
1765 344
1765 345
1765 346
1766 243
1766 244
1766 245
1766 246
1766 247
1766 248
1766 249
1766 250
1766 251
1766 252
1766 253
1766 254
1766 314
1766 315
1766 316
1766 317
1766 318
1766 319
1766 320
1766 321
1766 322
1766 323
1766 324
1766 325
1766 326
1766 327
1766 328
1766 329
1766 330
1767 293
1767 294
1767 295
1767 296
1767 297
1767 298
1767 299
1767 300
1767 301
1767 302
1767 303
1767 304
1767 305
1767 306
1767 307
1767 308
1767 309
1767 310
1767 311
1768 273
1768 274
1768 275
1768 276
1768 277
1768 278
1768 279
1768 280
1768 281
1768 282
1768 283
1768 284
1768 285
1768 286
1768 287
1768 288
1768 289
1768 290
1768 291
1769 254
1769 255
1769 256
1769 257
1769 258
1769 259
1769 260
1769 261
1769 262
1769 263
1769 264
1769 265
1769 266
1769 267
1769 268
1769 269
1769 329
1769 330
1769 331
1769 332
1769 333
1769 334
1769 335
1769 336
1769 337
1769 338
1769 339
1769 340
1769 341
1770 238
1770 239
1770 240
1770 241
1770 242
1770 243
1770 244
1770 245
1770 307
1770 308
1770 309
1770 310
1770 311
1770 312
1770 313
1770 314
1770 315
1770 316
1770 317
1770 318
1770 319
1770 320
1770 321
1770 322
1770 323
1770 324
1771 286
1771 287
1771 288
1771 289
1771 290
1771 291
1771 292
1771 293
1771 294
1771 295
1771 296
1771 297
1771 298
1771 299
1771 300
1771 301
1771 302
1771 303
1771 304
1772 266
1772 267
1772 268
1772 269
1772 270
1772 271
1772 272
1772 273
1772 274
1772 275
1772 276
1772 277
1772 278
1772 279
1772 280
1772 281
1772 282
1772 283
1772 347
1772 348
1773 248
1773 249
1773 250
1773 251
1773 252
1773 253
1773 254
1773 255
1773 256
1773 257
1773 258
1773 259
1773 260
1773 261
1773 321
1773 322
1773 323
1773 324
1773 325
1773 326
1773 327
1773 328
1773 329
1773 330
1773 331
1773 332
1773 333
1773 334
1773 335
1774 299
1774 300
1774 301
1774 302
1774 303
1774 304
1774 305
1774 306
1774 307
1774 308
1774 309
1774 310
1774 311
1774 312
1774 313
1774 314
1774 315
1774 316
1774 317
1775 279
1775 280
1775 281
1775 282
1775 283
1775 284
1775 285
1775 286
1775 287
1775 288
1775 289
1775 290
1775 291
1775 292
1775 293
1775 294
1775 295
1775 296
1775 297
1776 259
1776 260
1776 261
1776 262
1776 263
1776 264
1776 265
1776 266
1776 267
1776 268
1776 269
1776 270
1776 271
1776 272
1776 273
1776 274
1776 275
1776 276
1776 337
1776 338
1776 339
1776 340
1776 341
1776 342
1776 343
1776 344
1776 345
1777 242
1777 243
1777 244
1777 245
1777 246
1777 247
1777 248
1777 249
1777 250
1777 251
1777 252
1777 253
1777 313
1777 314
1777 315
1777 316
1777 317
1777 318
1777 319
1777 320
1777 321
1777 322
1777 323
1777 324
1777 325
1777 326
1777 327
1777 328
1777 329
1778 292
1778 293
1778 294
1778 295
1778 296
1778 297
1778 298
1778 299
1778 300
1778 301
1778 302
1778 303
1778 304
1778 305
1778 306
1778 307
1778 308
1778 309
1778 310
1779 272
1779 273
1779 274
1779 275
1779 276
1779 277
1779 278
1779 279
1779 280
1779 281
1779 282
1779 283
1779 284
1779 285
1779 286
1779 287
1779 288
1779 289
1779 290
1780 253
1780 254
1780 255
1780 256
1780 257
1780 258
1780 259
1780 260
1780 261
1780 262
1780 263
1780 264
1780 265
1780 266
1780 267
1780 268
1780 328
1780 329
1780 330
1780 331
1780 332
1780 333
1780 334
1780 335
1780 336
1780 337
1780 338
1780 339
1780 340
1781 237
1781 238
1781 239
1781 240
1781 241
1781 242
1781 243
1781 244
1781 306
1781 307
1781 308
1781 309
1781 310
1781 311
1781 312
1781 313
1781 314
1781 315
1781 316
1781 317
1781 318
1781 319
1781 320
1781 321
1781 322
1781 323
1782 285
1782 286
1782 287
1782 288
1782 289
1782 290
1782 291
1782 292
1782 293
1782 294
1782 295
1782 296
1782 297
1782 298
1782 299
1782 300
1782 301
1782 302
1782 303
1783 265
1783 266
1783 267
1783 268
1783 269
1783 270
1783 271
1783 272
1783 273
1783 274
1783 275
1783 276
1783 277
1783 278
1783 279
1783 280
1783 281
1783 282
1783 345
1783 346
1783 347
1783 348
1784 247
1784 248
1784 249
1784 250
1784 251
1784 252
1784 253
1784 254
1784 255
1784 256
1784 257
1784 258
1784 259
1784 260
1784 320
1784 321
1784 322
1784 323
1784 324
1784 325
1784 326
1784 327
1784 328
1784 329
1784 330
1784 331
1784 332
1784 333
1784 334
1784 335
1785 298
1785 299
1785 300
1785 301
1785 302
1785 303
1785 304
1785 305
1785 306
1785 307
1785 308
1785 309
1785 310
1785 311
1785 312
1785 313
1785 314
1785 315
1785 316
1786 278
1786 279
1786 280
1786 281
1786 282
1786 283
1786 284
1786 285
1786 286
1786 287
1786 288
1786 289
1786 290
1786 291
1786 292
1786 293
1786 294
1786 295
1786 296
1787 259
1787 260
1787 261
1787 262
1787 263
1787 264
1787 265
1787 266
1787 267
1787 268
1787 269
1787 270
1787 271
1787 272
1787 273
1787 274
1787 275
1787 335
1787 336
1787 337
1787 338
1787 339
1787 340
1787 341
1787 342
1787 343
1787 344
1787 345
1788 241
1788 242
1788 243
1788 244
1788 245
1788 246
1788 247
1788 248
1788 249
1788 250
1788 251
1788 252
1788 312
1788 313
1788 314
1788 315
1788 316
1788 317
1788 318
1788 319
1788 320
1788 321
1788 322
1788 323
1788 324
1788 325
1788 326
1788 327
1788 328
1789 291
1789 292
1789 293
1789 294
1789 295
1789 296
1789 297
1789 298
1789 299
1789 300
1789 301
1789 302
1789 303
1789 304
1789 305
1789 306
1789 307
1789 308
1789 309
1790 271
1790 272
1790 273
1790 274
1790 275
1790 276
1790 277
1790 278
1790 279
1790 280
1790 281
1790 282
1790 283
1790 284
1790 285
1790 286
1790 287
1790 288
1790 289
1791 252
1791 253
1791 254
1791 255
1791 256
1791 257
1791 258
1791 259
1791 260
1791 261
1791 262
1791 263
1791 264
1791 265
1791 266
1791 267
1791 327
1791 328
1791 329
1791 330
1791 331
1791 332
1791 333
1791 334
1791 335
1791 336
1791 337
1791 338
1791 339
1792 237
1792 238
1792 239
1792 240
1792 241
1792 242
1792 305
1792 306
1792 307
1792 308
1792 309
1792 310
1792 311
1792 312
1792 313
1792 314
1792 315
1792 316
1792 317
1792 318
1792 319
1792 320
1792 321
1792 322
1793 284
1793 285
1793 286
1793 287
1793 288
1793 289
1793 290
1793 291
1793 292
1793 293
1793 294
1793 295
1793 296
1793 297
1793 298
1793 299
1793 300
1793 301
1793 302
1794 264
1794 265
1794 266
1794 267
1794 268
1794 269
1794 270
1794 271
1794 272
1794 273
1794 274
1794 275
1794 276
1794 277
1794 278
1794 279
1794 280
1794 281
1794 344
1794 345
1794 346
1794 347
1794 348
1795 246
1795 247
1795 248
1795 249
1795 250
1795 251
1795 252
1795 253
1795 254
1795 255
1795 256
1795 257
1795 258
1795 259
1795 319
1795 320
1795 321
1795 322
1795 323
1795 324
1795 325
1795 326
1795 327
1795 328
1795 329
1795 330
1795 331
1795 332
1795 333
1795 334
1796 297
1796 298
1796 299
1796 300
1796 301
1796 302
1796 303
1796 304
1796 305
1796 306
1796 307
1796 308
1796 309
1796 310
1796 311
1796 312
1796 313
1796 314
1796 315
1797 277
1797 278
1797 279
1797 280
1797 281
1797 282
1797 283
1797 284
1797 285
1797 286
1797 287
1797 288
1797 289
1797 290
1797 291
1797 292
1797 293
1797 294
1797 295
1798 258
1798 259
1798 260
1798 261
1798 262
1798 263
1798 264
1798 265
1798 266
1798 267
1798 268
1798 269
1798 270
1798 271
1798 272
1798 273
1798 274
1798 334
1798 335
1798 336
1798 337
1798 338
1798 339
1798 340
1798 341
1798 342
1798 343
1798 344
1799 240
1799 241
1799 242
1799 243
1799 244
1799 245
1799 246
1799 247
1799 248
1799 249
1799 250
1799 311
1799 312
1799 313
1799 314
1799 315
1799 316
1799 317
1799 318
1799 319
1799 320
1799 321
1799 322
1799 323
1799 324
1799 325
1799 326
1799 327
1799 328
1800 290
1800 291
1800 292
1800 293
1800 294
1800 295
1800 296
1800 297
1800 298
1800 299
1800 300
1800 301
1800 302
1800 303
1800 304
1800 305
1800 306
1800 307
1800 308
1801 270
1801 271
1801 272
1801 273
1801 274
1801 275
1801 276
1801 277
1801 278
1801 279
1801 280
1801 281
1801 282
1801 283
1801 284
1801 285
1801 286
1801 287
1801 288
1802 251
1802 252
1802 253
1802 254
1802 255
1802 256
1802 257
1802 258
1802 259
1802 260
1802 261
1802 262
1802 263
1802 264
1802 265
1802 266
1802 326
1802 327
1802 328
1802 329
1802 330
1802 331
1802 332
1802 333
1802 334
1802 335
1802 336
1802 337
1802 338
1802 339
1803 236
1803 237
1803 238
1803 239
1803 240
1803 241
1803 304
1803 305
1803 306
1803 307
1803 308
1803 309
1803 310
1803 311
1803 312
1803 313
1803 314
1803 315
1803 316
1803 317
1803 318
1803 319
1803 320
1803 321
1804 283
1804 284
1804 285
1804 286
1804 287
1804 288
1804 289
1804 290
1804 291
1804 292
1804 293
1804 294
1804 295
1804 296
1804 297
1804 298
1804 299
1804 300
1804 301
1805 263
1805 264
1805 265
1805 266
1805 267
1805 268
1805 269
1805 270
1805 271
1805 272
1805 273
1805 274
1805 275
1805 276
1805 277
1805 278
1805 279
1805 280
1805 342
1805 343
1805 344
1805 345
1805 346
1805 347
1806 245
1806 246
1806 247
1806 248
1806 249
1806 250
1806 251
1806 252
1806 253
1806 254
1806 255
1806 256
1806 257
1806 258
1806 318
1806 319
1806 320
1806 321
1806 322
1806 323
1806 324
1806 325
1806 326
1806 327
1806 328
1806 329
1806 330
1806 331
1806 332
1806 333
1807 297
1807 298
1807 299
1807 300
1807 301
1807 302
1807 303
1807 304
1807 305
1807 306
1807 307
1807 308
1807 309
1807 310
1807 311
1807 312
1807 313
1807 314
1808 276
1808 277
1808 278
1808 279
1808 280
1808 281
1808 282
1808 283
1808 284
1808 285
1808 286
1808 287
1808 288
1808 289
1808 290
1808 291
1808 292
1808 293
1808 294
1809 257
1809 258
1809 259
1809 260
1809 261
1809 262
1809 263
1809 264
1809 265
1809 266
1809 267
1809 268
1809 269
1809 270
1809 271
1809 272
1809 273
1809 333
1809 334
1809 335
1809 336
1809 337
1809 338
1809 339
1809 340
1809 341
1809 342
1809 343
1810 240
1810 241
1810 242
1810 243
1810 244
1810 245
1810 246
1810 247
1810 248
1810 249
1810 310
1810 311
1810 312
1810 313
1810 314
1810 315
1810 316
1810 317
1810 318
1810 319
1810 320
1810 321
1810 322
1810 323
1810 324
1810 325
1810 326
1810 327
1811 289
1811 290
1811 291
1811 292
1811 293
1811 294
1811 295
1811 296
1811 297
1811 298
1811 299
1811 300
1811 301
1811 302
1811 303
1811 304
1811 305
1811 306
1811 307
1812 269
1812 270
1812 271
1812 272
1812 273
1812 274
1812 275
1812 276
1812 277
1812 278
1812 279
1812 280
1812 281
1812 282
1812 283
1812 284
1812 285
1812 286
1812 287
1813 250
1813 251
1813 252
1813 253
1813 254
1813 255
1813 256
1813 257
1813 258
1813 259
1813 260
1813 261
1813 262
1813 263
1813 264
1813 265
1813 325
1813 326
1813 327
1813 328
1813 329
1813 330
1813 331
1813 332
1813 333
1813 334
1813 335
1813 336
1813 337
1813 338
1814 235
1814 236
1814 237
1814 238
1814 239
1814 240
1814 303
1814 304
1814 305
1814 306
1814 307
1814 308
1814 309
1814 310
1814 311
1814 312
1814 313
1814 314
1814 315
1814 316
1814 317
1814 318
1814 319
1814 320
1815 282
1815 283
1815 284
1815 285
1815 286
1815 287
1815 288
1815 289
1815 290
1815 291
1815 292
1815 293
1815 294
1815 295
1815 296
1815 297
1815 298
1815 299
1815 300
1816 262
1816 263
1816 264
1816 265
1816 266
1816 267
1816 268
1816 269
1816 270
1816 271
1816 272
1816 273
1816 274
1816 275
1816 276
1816 277
1816 278
1816 279
1816 341
1816 342
1816 343
1816 344
1816 345
1816 346
1816 347
1817 244
1817 245
1817 246
1817 247
1817 248
1817 249
1817 250
1817 251
1817 252
1817 253
1817 254
1817 255
1817 256
1817 257
1817 317
1817 318
1817 319
1817 320
1817 321
1817 322
1817 323
1817 324
1817 325
1817 326
1817 327
1817 328
1817 329
1817 330
1817 331
1817 332
1818 296
1818 297
1818 298
1818 299
1818 300
1818 301
1818 302
1818 303
1818 304
1818 305
1818 306
1818 307
1818 308
1818 309
1818 310
1818 311
1818 312
1818 313
1819 275
1819 276
1819 277
1819 278
1819 279
1819 280
1819 281
1819 282
1819 283
1819 284
1819 285
1819 286
1819 287
1819 288
1819 289
1819 290
1819 291
1819 292
1819 293
1820 256
1820 257
1820 258
1820 259
1820 260
1820 261
1820 262
1820 263
1820 264
1820 265
1820 266
1820 267
1820 268
1820 269
1820 270
1820 271
1820 272
1820 332
1820 333
1820 334
1820 335
1820 336
1820 337
1820 338
1820 339
1820 340
1820 341
1820 342
1821 239
1821 240
1821 241
1821 242
1821 243
1821 244
1821 245
1821 246
1821 247
1821 248
1821 310
1821 311
1821 312
1821 313
1821 314
1821 315
1821 316
1821 317
1821 318
1821 319
1821 320
1821 321
1821 322
1821 323
1821 324
1821 325
1821 326
1822 288
1822 289
1822 290
1822 291
1822 292
1822 293
1822 294
1822 295
1822 296
1822 297
1822 298
1822 299
1822 300
1822 301
1822 302
1822 303
1822 304
1822 305
1822 306
1822 307
1823 268
1823 269
1823 270
1823 271
1823 272
1823 273
1823 274
1823 275
1823 276
1823 277
1823 278
1823 279
1823 280
1823 281
1823 282
1823 283
1823 284
1823 285
1823 286
1824 249
1824 250
1824 251
1824 252
1824 253
1824 254
1824 255
1824 256
1824 257
1824 258
1824 259
1824 260
1824 261
1824 262
1824 263
1824 264
1824 324
1824 325
1824 326
1824 327
1824 328
1824 329
1824 330
1824 331
1824 332
1824 333
1824 334
1824 335
1824 336
1824 337
1825 235
1825 236
1825 237
1825 238
1825 302
1825 303
1825 304
1825 305
1825 306
1825 307
1825 308
1825 309
1825 310
1825 311
1825 312
1825 313
1825 314
1825 315
1825 316
1825 317
1825 318
1825 319
1826 281
1826 282
1826 283
1826 284
1826 285
1826 286
1826 287
1826 288
1826 289
1826 290
1826 291
1826 292
1826 293
1826 294
1826 295
1826 296
1826 297
1826 298
1826 299
1827 261
1827 262
1827 263
1827 264
1827 265
1827 266
1827 267
1827 268
1827 269
1827 270
1827 271
1827 272
1827 273
1827 274
1827 275
1827 276
1827 277
1827 278
1827 340
1827 341
1827 342
1827 343
1827 344
1827 345
1827 346
1828 243
1828 244
1828 245
1828 246
1828 247
1828 248
1828 249
1828 250
1828 251
1828 252
1828 253
1828 254
1828 255
1828 256
1828 316
1828 317
1828 318
1828 319
1828 320
1828 321
1828 322
1828 323
1828 324
1828 325
1828 326
1828 327
1828 328
1828 329
1828 330
1828 331
1829 295
1829 296
1829 297
1829 298
1829 299
1829 300
1829 301
1829 302
1829 303
1829 304
1829 305
1829 306
1829 307
1829 308
1829 309
1829 310
1829 311
1829 312
1829 313
1830 274
1830 275
1830 276
1830 277
1830 278
1830 279
1830 280
1830 281
1830 282
1830 283
1830 284
1830 285
1830 286
1830 287
1830 288
1830 289
1830 290
1830 291
1830 292
1831 255
1831 256
1831 257
1831 258
1831 259
1831 260
1831 261
1831 262
1831 263
1831 264
1831 265
1831 266
1831 267
1831 268
1831 269
1831 270
1831 271
1831 331
1831 332
1831 333
1831 334
1831 335
1831 336
1831 337
1831 338
1831 339
1831 340
1831 341
1831 342
1832 238
1832 239
1832 240
1832 241
1832 242
1832 243
1832 244
1832 245
1832 246
1832 247
1832 309
1832 310
1832 311
1832 312
1832 313
1832 314
1832 315
1832 316
1832 317
1832 318
1832 319
1832 320
1832 321
1832 322
1832 323
1832 324
1832 325
1833 287
1833 288
1833 289
1833 290
1833 291
1833 292
1833 293
1833 294
1833 295
1833 296
1833 297
1833 298
1833 299
1833 300
1833 301
1833 302
1833 303
1833 304
1833 305
1833 306
1834 267
1834 268
1834 269
1834 270
1834 271
1834 272
1834 273
1834 274
1834 275
1834 276
1834 277
1834 278
1834 279
1834 280
1834 281
1834 282
1834 283
1834 284
1834 285
1835 248
1835 249
1835 250
1835 251
1835 252
1835 253
1835 254
1835 255
1835 256
1835 257
1835 258
1835 259
1835 260
1835 261
1835 262
1835 263
1835 323
1835 324
1835 325
1835 326
1835 327
1835 328
1835 329
1835 330
1835 331
1835 332
1835 333
1835 334
1835 335
1835 336
1836 234
1836 235
1836 236
1836 237
1836 301
1836 302
1836 303
1836 304
1836 305
1836 306
1836 307
1836 308
1836 309
1836 310
1836 311
1836 312
1836 313
1836 314
1836 315
1836 316
1836 317
1836 318
1837 280
1837 281
1837 282
1837 283
1837 284
1837 285
1837 286
1837 287
1837 288
1837 289
1837 290
1837 291
1837 292
1837 293
1837 294
1837 295
1837 296
1837 297
1837 298
1837 299
1838 260
1838 261
1838 262
1838 263
1838 264
1838 265
1838 266
1838 267
1838 268
1838 269
1838 270
1838 271
1838 272
1838 273
1838 274
1838 275
1838 276
1838 277
1838 339
1838 340
1838 341
1838 342
1838 343
1838 344
1838 345
1839 243
1839 244
1839 245
1839 246
1839 247
1839 248
1839 249
1839 250
1839 251
1839 252
1839 253
1839 254
1839 255
1839 315
1839 316
1839 317
1839 318
1839 319
1839 320
1839 321
1839 322
1839 323
1839 324
1839 325
1839 326
1839 327
1839 328
1839 329
1839 330
1840 294
1840 295
1840 296
1840 297
1840 298
1840 299
1840 300
1840 301
1840 302
1840 303
1840 304
1840 305
1840 306
1840 307
1840 308
1840 309
1840 310
1840 311
1840 312
1841 273
1841 274
1841 275
1841 276
1841 277
1841 278
1841 279
1841 280
1841 281
1841 282
1841 283
1841 284
1841 285
1841 286
1841 287
1841 288
1841 289
1841 290
1841 291
1842 254
1842 255
1842 256
1842 257
1842 258
1842 259
1842 260
1842 261
1842 262
1842 263
1842 264
1842 265
1842 266
1842 267
1842 268
1842 269
1842 270
1842 330
1842 331
1842 332
1842 333
1842 334
1842 335
1842 336
1842 337
1842 338
1842 339
1842 340
1842 341
1843 237
1843 238
1843 239
1843 240
1843 241
1843 242
1843 243
1843 244
1843 245
1843 246
1843 308
1843 309
1843 310
1843 311
1843 312
1843 313
1843 314
1843 315
1843 316
1843 317
1843 318
1843 319
1843 320
1843 321
1843 322
1843 323
1843 324
1844 286
1844 287
1844 288
1844 289
1844 290
1844 291
1844 292
1844 293
1844 294
1844 295
1844 296
1844 297
1844 298
1844 299
1844 300
1844 301
1844 302
1844 303
1844 304
1844 305
1845 266
1845 267
1845 268
1845 269
1845 270
1845 271
1845 272
1845 273
1845 274
1845 275
1845 276
1845 277
1845 278
1845 279
1845 280
1845 281
1845 282
1845 283
1845 284
1846 248
1846 249
1846 250
1846 251
1846 252
1846 253
1846 254
1846 255
1846 256
1846 257
1846 258
1846 259
1846 260
1846 261
1846 262
1846 322
1846 323
1846 324
1846 325
1846 326
1846 327
1846 328
1846 329
1846 330
1846 331
1846 332
1846 333
1846 334
1846 335
1847 235
1847 300
1847 301
1847 302
1847 303
1847 304
1847 305
1847 306
1847 307
1847 308
1847 309
1847 310
1847 311
1847 312
1847 313
1847 314
1847 315
1847 316
1847 317
1848 279
1848 280
1848 281
1848 282
1848 283
1848 284
1848 285
1848 286
1848 287
1848 288
1848 289
1848 290
1848 291
1848 292
1848 293
1848 294
1848 295
1848 296
1848 297
1848 298
1849 260
1849 261
1849 262
1849 263
1849 264
1849 265
1849 266
1849 267
1849 268
1849 269
1849 270
1849 271
1849 272
1849 273
1849 274
1849 275
1849 276
1849 338
1849 339
1849 340
1849 341
1849 342
1849 343
1849 344
1849 345
1850 242
1850 243
1850 244
1850 245
1850 246
1850 247
1850 248
1850 249
1850 250
1850 251
1850 252
1850 253
1850 254
1850 314
1850 315
1850 316
1850 317
1850 318
1850 319
1850 320
1850 321
1850 322
1850 323
1850 324
1850 325
1850 326
1850 327
1850 328
1850 329
1851 293
1851 294
1851 295
1851 296
1851 297
1851 298
1851 299
1851 300
1851 301
1851 302
1851 303
1851 304
1851 305
1851 306
1851 307
1851 308
1851 309
1851 310
1851 311
1852 272
1852 273
1852 274
1852 275
1852 276
1852 277
1852 278
1852 279
1852 280
1852 281
1852 282
1852 283
1852 284
1852 285
1852 286
1852 287
1852 288
1852 289
1852 290
1853 253
1853 254
1853 255
1853 256
1853 257
1853 258
1853 259
1853 260
1853 261
1853 262
1853 263
1853 264
1853 265
1853 266
1853 267
1853 268
1853 269
1853 329
1853 330
1853 331
1853 332
1853 333
1853 334
1853 335
1853 336
1853 337
1853 338
1853 339
1853 340
1854 236
1854 237
1854 238
1854 239
1854 240
1854 241
1854 242
1854 243
1854 244
1854 245
1854 307
1854 308
1854 309
1854 310
1854 311
1854 312
1854 313
1854 314
1854 315
1854 316
1854 317
1854 318
1854 319
1854 320
1854 321
1854 322
1854 323
1855 285
1855 286
1855 287
1855 288
1855 289
1855 290
1855 291
1855 292
1855 293
1855 294
1855 295
1855 296
1855 297
1855 298
1855 299
1855 300
1855 301
1855 302
1855 303
1855 304
1856 265
1856 266
1856 267
1856 268
1856 269
1856 270
1856 271
1856 272
1856 273
1856 274
1856 275
1856 276
1856 277
1856 278
1856 279
1856 280
1856 281
1856 282
1856 283
1857 247
1857 248
1857 249
1857 250
1857 251
1857 252
1857 253
1857 254
1857 255
1857 256
1857 257
1857 258
1857 259
1857 260
1857 261
1857 321
1857 322
1857 323
1857 324
1857 325
1857 326
1857 327
1857 328
1857 329
1857 330
1857 331
1857 332
1857 333
1857 334
1857 335
1858 299
1858 300
1858 301
1858 302
1858 303
1858 304
1858 305
1858 306
1858 307
1858 308
1858 309
1858 310
1858 311
1858 312
1858 313
1858 314
1858 315
1858 316
1859 278
1859 279
1859 280
1859 281
1859 282
1859 283
1859 284
1859 285
1859 286
1859 287
1859 288
1859 289
1859 290
1859 291
1859 292
1859 293
1859 294
1859 295
1859 296
1859 297
1860 259
1860 260
1860 261
1860 262
1860 263
1860 264
1860 265
1860 266
1860 267
1860 268
1860 269
1860 270
1860 271
1860 272
1860 273
1860 274
1860 275
1860 337
1860 338
1860 339
1860 340
1860 341
1860 342
1860 343
1860 344
1861 241
1861 242
1861 243
1861 244
1861 245
1861 246
1861 247
1861 248
1861 249
1861 250
1861 251
1861 252
1861 313
1861 314
1861 315
1861 316
1861 317
1861 318
1861 319
1861 320
1861 321
1861 322
1861 323
1861 324
1861 325
1861 326
1861 327
1861 328
1861 329
1862 292
1862 293
1862 294
1862 295
1862 296
1862 297
1862 298
1862 299
1862 300
1862 301
1862 302
1862 303
1862 304
1862 305
1862 306
1862 307
1862 308
1862 309
1862 310
1863 271
1863 272
1863 273
1863 274
1863 275
1863 276
1863 277
1863 278
1863 279
1863 280
1863 281
1863 282
1863 283
1863 284
1863 285
1863 286
1863 287
1863 288
1863 289
1864 252
1864 253
1864 254
1864 255
1864 256
1864 257
1864 258
1864 259
1864 260
1864 261
1864 262
1864 263
1864 264
1864 265
1864 266
1864 267
1864 268
1864 328
1864 329
1864 330
1864 331
1864 332
1864 333
1864 334
1864 335
1864 336
1864 337
1864 338
1864 339
1865 236
1865 237
1865 238
1865 239
1865 240
1865 241
1865 242
1865 243
1865 306
1865 307
1865 308
1865 309
1865 310
1865 311
1865 312
1865 313
1865 314
1865 315
1865 316
1865 317
1865 318
1865 319
1865 320
1865 321
1865 322
1866 285
1866 286
1866 287
1866 288
1866 289
1866 290
1866 291
1866 292
1866 293
1866 294
1866 295
1866 296
1866 297
1866 298
1866 299
1866 300
1866 301
1866 302
1866 303
1867 264
1867 265
1867 266
1867 267
1867 268
1867 269
1867 270
1867 271
1867 272
1867 273
1867 274
1867 275
1867 276
1867 277
1867 278
1867 279
1867 280
1867 281
1867 282
1868 246
1868 247
1868 248
1868 249
1868 250
1868 251
1868 252
1868 253
1868 254
1868 255
1868 256
1868 257
1868 258
1868 259
1868 260
1868 320
1868 321
1868 322
1868 323
1868 324
1868 325
1868 326
1868 327
1868 328
1868 329
1868 330
1868 331
1868 332
1868 333
1868 334
1869 298
1869 299
1869 300
1869 301
1869 302
1869 303
1869 304
1869 305
1869 306
1869 307
1869 308
1869 309
1869 310
1869 311
1869 312
1869 313
1869 314
1869 315
1869 316
1870 277
1870 278
1870 279
1870 280
1870 281
1870 282
1870 283
1870 284
1870 285
1870 286
1870 287
1870 288
1870 289
1870 290
1870 291
1870 292
1870 293
1870 294
1870 295
1870 296
1871 258
1871 259
1871 260
1871 261
1871 262
1871 263
1871 264
1871 265
1871 266
1871 267
1871 268
1871 269
1871 270
1871 271
1871 272
1871 273
1871 274
1871 336
1871 337
1871 338
1871 339
1871 340
1871 341
1871 342
1871 343
1872 240
1872 241
1872 242
1872 243
1872 244
1872 245
1872 246
1872 247
1872 248
1872 249
1872 250
1872 251
1872 312
1872 313
1872 314
1872 315
1872 316
1872 317
1872 318
1872 319
1872 320
1872 321
1872 322
1872 323
1872 324
1872 325
1872 326
1872 327
1872 328
1873 291
1873 292
1873 293
1873 294
1873 295
1873 296
1873 297
1873 298
1873 299
1873 300
1873 301
1873 302
1873 303
1873 304
1873 305
1873 306
1873 307
1873 308
1873 309
1874 270
1874 271
1874 272
1874 273
1874 274
1874 275
1874 276
1874 277
1874 278
1874 279
1874 280
1874 281
1874 282
1874 283
1874 284
1874 285
1874 286
1874 287
1874 288
1875 251
1875 252
1875 253
1875 254
1875 255
1875 256
1875 257
1875 258
1875 259
1875 260
1875 261
1875 262
1875 263
1875 264
1875 265
1875 266
1875 267
1875 327
1875 328
1875 329
1875 330
1875 331
1875 332
1875 333
1875 334
1875 335
1875 336
1875 337
1875 338
1876 235
1876 236
1876 237
1876 238
1876 239
1876 240
1876 241
1876 242
1876 305
1876 306
1876 307
1876 308
1876 309
1876 310
1876 311
1876 312
1876 313
1876 314
1876 315
1876 316
1876 317
1876 318
1876 319
1876 320
1876 321
1877 284
1877 285
1877 286
1877 287
1877 288
1877 289
1877 290
1877 291
1877 292
1877 293
1877 294
1877 295
1877 296
1877 297
1877 298
1877 299
1877 300
1877 301
1877 302
1878 264
1878 265
1878 266
1878 267
1878 268
1878 269
1878 270
1878 271
1878 272
1878 273
1878 274
1878 275
1878 276
1878 277
1878 278
1878 279
1878 280
1878 281
1879 245
1879 246
1879 247
1879 248
1879 249
1879 250
1879 251
1879 252
1879 253
1879 254
1879 255
1879 256
1879 257
1879 258
1879 259
1879 319
1879 320
1879 321
1879 322
1879 323
1879 324
1879 325
1879 326
1879 327
1879 328
1879 329
1879 330
1879 331
1879 332
1879 333
1880 297
1880 298
1880 299
1880 300
1880 301
1880 302
1880 303
1880 304
1880 305
1880 306
1880 307
1880 308
1880 309
1880 310
1880 311
1880 312
1880 313
1880 314
1880 315
1881 276
1881 277
1881 278
1881 279
1881 280
1881 281
1881 282
1881 283
1881 284
1881 285
1881 286
1881 287
1881 288
1881 289
1881 290
1881 291
1881 292
1881 293
1881 294
1881 295
1882 257
1882 258
1882 259
1882 260
1882 261
1882 262
1882 263
1882 264
1882 265
1882 266
1882 267
1882 268
1882 269
1882 270
1882 271
1882 272
1882 273
1882 335
1882 336
1882 337
1882 338
1882 339
1882 340
1882 341
1882 342
1882 343
1883 239
1883 240
1883 241
1883 242
1883 243
1883 244
1883 245
1883 246
1883 247
1883 248
1883 249
1883 250
1883 311
1883 312
1883 313
1883 314
1883 315
1883 316
1883 317
1883 318
1883 319
1883 320
1883 321
1883 322
1883 323
1883 324
1883 325
1883 326
1883 327
1884 290
1884 291
1884 292
1884 293
1884 294
1884 295
1884 296
1884 297
1884 298
1884 299
1884 300
1884 301
1884 302
1884 303
1884 304
1884 305
1884 306
1884 307
1884 308
1885 269
1885 270
1885 271
1885 272
1885 273
1885 274
1885 275
1885 276
1885 277
1885 278
1885 279
1885 280
1885 281
1885 282
1885 283
1885 284
1885 285
1885 286
1885 287
1886 250
1886 251
1886 252
1886 253
1886 254
1886 255
1886 256
1886 257
1886 258
1886 259
1886 260
1886 261
1886 262
1886 263
1886 264
1886 265
1886 266
1886 326
1886 327
1886 328
1886 329
1886 330
1886 331
1886 332
1886 333
1886 334
1886 335
1886 336
1886 337
1886 338
1887 234
1887 235
1887 236
1887 237
1887 238
1887 239
1887 240
1887 241
1887 304
1887 305
1887 306
1887 307
1887 308
1887 309
1887 310
1887 311
1887 312
1887 313
1887 314
1887 315
1887 316
1887 317
1887 318
1887 319
1887 320
1888 283
1888 284
1888 285
1888 286
1888 287
1888 288
1888 289
1888 290
1888 291
1888 292
1888 293
1888 294
1888 295
1888 296
1888 297
1888 298
1888 299
1888 300
1888 301
1889 263
1889 264
1889 265
1889 266
1889 267
1889 268
1889 269
1889 270
1889 271
1889 272
1889 273
1889 274
1889 275
1889 276
1889 277
1889 278
1889 279
1889 280
1889 344
1890 244
1890 245
1890 246
1890 247
1890 248
1890 249
1890 250
1890 251
1890 252
1890 253
1890 254
1890 255
1890 256
1890 257
1890 318
1890 319
1890 320
1890 321
1890 322
1890 323
1890 324
1890 325
1890 326
1890 327
1890 328
1890 329
1890 330
1890 331
1890 332
1891 296
1891 297
1891 298
1891 299
1891 300
1891 301
1891 302
1891 303
1891 304
1891 305
1891 306
1891 307
1891 308
1891 309
1891 310
1891 311
1891 312
1891 313
1891 314
1892 276
1892 277
1892 278
1892 279
1892 280
1892 281
1892 282
1892 283
1892 284
1892 285
1892 286
1892 287
1892 288
1892 289
1892 290
1892 291
1892 292
1892 293
1892 294
1893 256
1893 257
1893 258
1893 259
1893 260
1893 261
1893 262
1893 263
1893 264
1893 265
1893 266
1893 267
1893 268
1893 269
1893 270
1893 271
1893 272
1893 334
1893 335
1893 336
1893 337
1893 338
1893 339
1893 340
1893 341
1893 342
1894 238
1894 239
1894 240
1894 241
1894 242
1894 243
1894 244
1894 245
1894 246
1894 247
1894 248
1894 249
1894 310
1894 311
1894 312
1894 313
1894 314
1894 315
1894 316
1894 317
1894 318
1894 319
1894 320
1894 321
1894 322
1894 323
1894 324
1894 325
1894 326
1895 289
1895 290
1895 291
1895 292
1895 293
1895 294
1895 295
1895 296
1895 297
1895 298
1895 299
1895 300
1895 301
1895 302
1895 303
1895 304
1895 305
1895 306
1895 307
1896 269
1896 270
1896 271
1896 272
1896 273
1896 274
1896 275
1896 276
1896 277
1896 278
1896 279
1896 280
1896 281
1896 282
1896 283
1896 284
1896 285
1896 286
1897 249
1897 250
1897 251
1897 252
1897 253
1897 254
1897 255
1897 256
1897 257
1897 258
1897 259
1897 260
1897 261
1897 262
1897 263
1897 264
1897 325
1897 326
1897 327
1897 328
1897 329
1897 330
1897 331
1897 332
1897 333
1897 334
1897 335
1897 336
1897 337
1898 234
1898 235
1898 236
1898 237
1898 238
1898 239
1898 303
1898 304
1898 305
1898 306
1898 307
1898 308
1898 309
1898 310
1898 311
1898 312
1898 313
1898 314
1898 315
1898 316
1898 317
1898 318
1898 319
1899 282
1899 283
1899 284
1899 285
1899 286
1899 287
1899 288
1899 289
1899 290
1899 291
1899 292
1899 293
1899 294
1899 295
1899 296
1899 297
1899 298
1899 299
1899 300
1900 262
1900 263
1900 264
1900 265
1900 266
1900 267
1900 268
1900 269
1900 270
1900 271
1900 272
1900 273
1900 274
1900 275
1900 276
1900 277
1900 278
1900 279
1900 343
1900 344
1901 243
1901 244
1901 245
1901 246
1901 247
1901 248
1901 249
1901 250
1901 251
1901 252
1901 253
1901 254
1901 255
1901 256
1901 317
1901 318
1901 319
1901 320
1901 321
1901 322
1901 323
1901 324
1901 325
1901 326
1901 327
1901 328
1901 329
1901 330
1901 331
1902 295
1902 296
1902 297
1902 298
1902 299
1902 300
1902 301
1902 302
1902 303
1902 304
1902 305
1902 306
1902 307
1902 308
1902 309
1902 310
1902 311
1902 312
1902 313
1903 275
1903 276
1903 277
1903 278
1903 279
1903 280
1903 281
1903 282
1903 283
1903 284
1903 285
1903 286
1903 287
1903 288
1903 289
1903 290
1903 291
1903 292
1903 293
1904 255
1904 256
1904 257
1904 258
1904 259
1904 260
1904 261
1904 262
1904 263
1904 264
1904 265
1904 266
1904 267
1904 268
1904 269
1904 270
1904 271
1904 333
1904 334
1904 335
1904 336
1904 337
1904 338
1904 339
1904 340
1904 341
1905 237
1905 238
1905 239
1905 240
1905 241
1905 242
1905 243
1905 244
1905 245
1905 246
1905 247
1905 248
1905 310
1905 311
1905 312
1905 313
1905 314
1905 315
1905 316
1905 317
1905 318
1905 319
1905 320
1905 321
1905 322
1905 323
1905 324
1905 325
1906 288
1906 289
1906 290
1906 291
1906 292
1906 293
1906 294
1906 295
1906 296
1906 297
1906 298
1906 299
1906 300
1906 301
1906 302
1906 303
1906 304
1906 305
1906 306
1907 268
1907 269
1907 270
1907 271
1907 272
1907 273
1907 274
1907 275
1907 276
1907 277
1907 278
1907 279
1907 280
1907 281
1907 282
1907 283
1907 284
1907 285
1908 248
1908 249
1908 250
1908 251
1908 252
1908 253
1908 254
1908 255
1908 256
1908 257
1908 258
1908 259
1908 260
1908 261
1908 262
1908 263
1908 324
1908 325
1908 326
1908 327
1908 328
1908 329
1908 330
1908 331
1908 332
1908 333
1908 334
1908 335
1908 336
1909 233
1909 234
1909 235
1909 236
1909 237
1909 238
1909 302
1909 303
1909 304
1909 305
1909 306
1909 307
1909 308
1909 309
1909 310
1909 311
1909 312
1909 313
1909 314
1909 315
1909 316
1909 317
1909 318
1909 319
1910 281
1910 282
1910 283
1910 284
1910 285
1910 286
1910 287
1910 288
1910 289
1910 290
1910 291
1910 292
1910 293
1910 294
1910 295
1910 296
1910 297
1910 298
1910 299
1911 261
1911 262
1911 263
1911 264
1911 265
1911 266
1911 267
1911 268
1911 269
1911 270
1911 271
1911 272
1911 273
1911 274
1911 275
1911 276
1911 277
1911 278
1911 341
1911 342
1911 343
1911 344
1912 242
1912 243
1912 244
1912 245
1912 246
1912 247
1912 248
1912 249
1912 250
1912 251
1912 252
1912 253
1912 254
1912 255
1912 316
1912 317
1912 318
1912 319
1912 320
1912 321
1912 322
1912 323
1912 324
1912 325
1912 326
1912 327
1912 328
1912 329
1912 330
1913 294
1913 295
1913 296
1913 297
1913 298
1913 299
1913 300
1913 301
1913 302
1913 303
1913 304
1913 305
1913 306
1913 307
1913 308
1913 309
1913 310
1913 311
1913 312
1914 274
1914 275
1914 276
1914 277
1914 278
1914 279
1914 280
1914 281
1914 282
1914 283
1914 284
1914 285
1914 286
1914 287
1914 288
1914 289
1914 290
1914 291
1914 292
1915 254
1915 255
1915 256
1915 257
1915 258
1915 259
1915 260
1915 261
1915 262
1915 263
1915 264
1915 265
1915 266
1915 267
1915 268
1915 269
1915 270
1915 332
1915 333
1915 334
1915 335
1915 336
1915 337
1915 338
1915 339
1915 340
1916 237
1916 238
1916 239
1916 240
1916 241
1916 242
1916 243
1916 244
1916 245
1916 246
1916 247
1916 309
1916 310
1916 311
1916 312
1916 313
1916 314
1916 315
1916 316
1916 317
1916 318
1916 319
1916 320
1916 321
1916 322
1916 323
1916 324
1917 287
1917 288
1917 289
1917 290
1917 291
1917 292
1917 293
1917 294
1917 295
1917 296
1917 297
1917 298
1917 299
1917 300
1917 301
1917 302
1917 303
1917 304
1917 305
1918 267
1918 268
1918 269
1918 270
1918 271
1918 272
1918 273
1918 274
1918 275
1918 276
1918 277
1918 278
1918 279
1918 280
1918 281
1918 282
1918 283
1918 284
1919 248
1919 249
1919 250
1919 251
1919 252
1919 253
1919 254
1919 255
1919 256
1919 257
1919 258
1919 259
1919 260
1919 261
1919 262
1919 323
1919 324
1919 325
1919 326
1919 327
1919 328
1919 329
1919 330
1919 331
1919 332
1919 333
1919 334
1919 335
1920 233
1920 234
1920 235
1920 236
1920 301
1920 302
1920 303
1920 304
1920 305
1920 306
1920 307
1920 308
1920 309
1920 310
1920 311
1920 312
1920 313
1920 314
1920 315
1920 316
1920 317
1920 318
1921 280
1921 281
1921 282
1921 283
1921 284
1921 285
1921 286
1921 287
1921 288
1921 289
1921 290
1921 291
1921 292
1921 293
1921 294
1921 295
1921 296
1921 297
1921 298
1922 260
1922 261
1922 262
1922 263
1922 264
1922 265
1922 266
1922 267
1922 268
1922 269
1922 270
1922 271
1922 272
1922 273
1922 274
1922 275
1922 276
1922 277
1922 340
1922 341
1922 342
1922 343
1923 241
1923 242
1923 243
1923 244
1923 245
1923 246
1923 247
1923 248
1923 249
1923 250
1923 251
1923 252
1923 253
1923 254
1923 315
1923 316
1923 317
1923 318
1923 319
1923 320
1923 321
1923 322
1923 323
1923 324
1923 325
1923 326
1923 327
1923 328
1923 329
1924 294
1924 295
1924 296
1924 297
1924 298
1924 299
1924 300
1924 301
1924 302
1924 303
1924 304
1924 305
1924 306
1924 307
1924 308
1924 309
1924 310
1924 311
1925 273
1925 274
1925 275
1925 276
1925 277
1925 278
1925 279
1925 280
1925 281
1925 282
1925 283
1925 284
1925 285
1925 286
1925 287
1925 288
1925 289
1925 290
1925 291
1926 253
1926 254
1926 255
1926 256
1926 257
1926 258
1926 259
1926 260
1926 261
1926 262
1926 263
1926 264
1926 265
1926 266
1926 267
1926 268
1926 269
1926 331
1926 332
1926 333
1926 334
1926 335
1926 336
1926 337
1926 338
1926 339
1927 236
1927 237
1927 238
1927 239
1927 240
1927 241
1927 242
1927 243
1927 244
1927 245
1927 308
1927 309
1927 310
1927 311
1927 312
1927 313
1927 314
1927 315
1927 316
1927 317
1927 318
1927 319
1927 320
1927 321
1927 322
1927 323
1928 286
1928 287
1928 288
1928 289
1928 290
1928 291
1928 292
1928 293
1928 294
1928 295
1928 296
1928 297
1928 298
1928 299
1928 300
1928 301
1928 302
1928 303
1928 304
1929 266
1929 267
1929 268
1929 269
1929 270
1929 271
1929 272
1929 273
1929 274
1929 275
1929 276
1929 277
1929 278
1929 279
1929 280
1929 281
1929 282
1929 283
1930 247
1930 248
1930 249
1930 250
1930 251
1930 252
1930 253
1930 254
1930 255
1930 256
1930 257
1930 258
1930 259
1930 260
1930 261
1930 322
1930 323
1930 324
1930 325
1930 326
1930 327
1930 328
1930 329
1930 330
1930 331
1930 332
1930 333
1930 334
1931 232
1931 233
1931 234
1931 235
1931 300
1931 301
1931 302
1931 303
1931 304
1931 305
1931 306
1931 307
1931 308
1931 309
1931 310
1931 311
1931 312
1931 313
1931 314
1931 315
1931 316
1931 317
1932 279
1932 280
1932 281
1932 282
1932 283
1932 284
1932 285
1932 286
1932 287
1932 288
1932 289
1932 290
1932 291
1932 292
1932 293
1932 294
1932 295
1932 296
1932 297
1933 259
1933 260
1933 261
1933 262
1933 263
1933 264
1933 265
1933 266
1933 267
1933 268
1933 269
1933 270
1933 271
1933 272
1933 273
1933 274
1933 275
1933 276
1933 339
1933 340
1933 341
1933 342
1933 343
1934 241
1934 242
1934 243
1934 244
1934 245
1934 246
1934 247
1934 248
1934 249
1934 250
1934 251
1934 252
1934 253
1934 314
1934 315
1934 316
1934 317
1934 318
1934 319
1934 320
1934 321
1934 322
1934 323
1934 324
1934 325
1934 326
1934 327
1934 328
1935 293
1935 294
1935 295
1935 296
1935 297
1935 298
1935 299
1935 300
1935 301
1935 302
1935 303
1935 304
1935 305
1935 306
1935 307
1935 308
1935 309
1935 310
1936 272
1936 273
1936 274
1936 275
1936 276
1936 277
1936 278
1936 279
1936 280
1936 281
1936 282
1936 283
1936 284
1936 285
1936 286
1936 287
1936 288
1936 289
1936 290
1937 252
1937 253
1937 254
1937 255
1937 256
1937 257
1937 258
1937 259
1937 260
1937 261
1937 262
1937 263
1937 264
1937 265
1937 266
1937 267
1937 268
1937 330
1937 331
1937 332
1937 333
1937 334
1937 335
1937 336
1937 337
1937 338
1937 339
1938 235
1938 236
1938 237
1938 238
1938 239
1938 240
1938 241
1938 242
1938 243
1938 244
1938 307
1938 308
1938 309
1938 310
1938 311
1938 312
1938 313
1938 314
1938 315
1938 316
1938 317
1938 318
1938 319
1938 320
1938 321
1938 322
1939 285
1939 286
1939 287
1939 288
1939 289
1939 290
1939 291
1939 292
1939 293
1939 294
1939 295
1939 296
1939 297
1939 298
1939 299
1939 300
1939 301
1939 302
1939 303
1940 265
1940 266
1940 267
1940 268
1940 269
1940 270
1940 271
1940 272
1940 273
1940 274
1940 275
1940 276
1940 277
1940 278
1940 279
1940 280
1940 281
1940 282
1941 246
1941 247
1941 248
1941 249
1941 250
1941 251
1941 252
1941 253
1941 254
1941 255
1941 256
1941 257
1941 258
1941 259
1941 260
1941 321
1941 322
1941 323
1941 324
1941 325
1941 326
1941 327
1941 328
1941 329
1941 330
1941 331
1941 332
1941 333
1942 299
1942 300
1942 301
1942 302
1942 303
1942 304
1942 305
1942 306
1942 307
1942 308
1942 309
1942 310
1942 311
1942 312
1942 313
1942 314
1942 315
1942 316
1943 278
1943 279
1943 280
1943 281
1943 282
1943 283
1943 284
1943 285
1943 286
1943 287
1943 288
1943 289
1943 290
1943 291
1943 292
1943 293
1943 294
1943 295
1943 296
1944 258
1944 259
1944 260
1944 261
1944 262
1944 263
1944 264
1944 265
1944 266
1944 267
1944 268
1944 269
1944 270
1944 271
1944 272
1944 273
1944 274
1944 275
1944 338
1944 339
1944 340
1944 341
1944 342
1945 240
1945 241
1945 242
1945 243
1945 244
1945 245
1945 246
1945 247
1945 248
1945 249
1945 250
1945 251
1945 252
1945 314
1945 315
1945 316
1945 317
1945 318
1945 319
1945 320
1945 321
1945 322
1945 323
1945 324
1945 325
1945 326
1945 327
1946 292
1946 293
1946 294
1946 295
1946 296
1946 297
1946 298
1946 299
1946 300
1946 301
1946 302
1946 303
1946 304
1946 305
1946 306
1946 307
1946 308
1946 309
1947 271
1947 272
1947 273
1947 274
1947 275
1947 276
1947 277
1947 278
1947 279
1947 280
1947 281
1947 282
1947 283
1947 284
1947 285
1947 286
1947 287
1947 288
1947 289
1948 251
1948 252
1948 253
1948 254
1948 255
1948 256
1948 257
1948 258
1948 259
1948 260
1948 261
1948 262
1948 263
1948 264
1948 265
1948 266
1948 267
1948 329
1948 330
1948 331
1948 332
1948 333
1948 334
1948 335
1948 336
1948 337
1948 338
1949 234
1949 235
1949 236
1949 237
1949 238
1949 239
1949 240
1949 241
1949 242
1949 243
1949 306
1949 307
1949 308
1949 309
1949 310
1949 311
1949 312
1949 313
1949 314
1949 315
1949 316
1949 317
1949 318
1949 319
1949 320
1949 321
1950 284
1950 285
1950 286
1950 287
1950 288
1950 289
1950 290
1950 291
1950 292
1950 293
1950 294
1950 295
1950 296
1950 297
1950 298
1950 299
1950 300
1950 301
1950 302
1951 264
1951 265
1951 266
1951 267
1951 268
1951 269
1951 270
1951 271
1951 272
1951 273
1951 274
1951 275
1951 276
1951 277
1951 278
1951 279
1951 280
1951 281
1952 245
1952 246
1952 247
1952 248
1952 249
1952 250
1952 251
1952 252
1952 253
1952 254
1952 255
1952 256
1952 257
1952 258
1952 259
1952 320
1952 321
1952 322
1952 323
1952 324
1952 325
1952 326
1952 327
1952 328
1952 329
1952 330
1952 331
1952 332
1953 298
1953 299
1953 300
1953 301
1953 302
1953 303
1953 304
1953 305
1953 306
1953 307
1953 308
1953 309
1953 310
1953 311
1953 312
1953 313
1953 314
1953 315
1954 277
1954 278
1954 279
1954 280
1954 281
1954 282
1954 283
1954 284
1954 285
1954 286
1954 287
1954 288
1954 289
1954 290
1954 291
1954 292
1954 293
1954 294
1954 295
1955 257
1955 258
1955 259
1955 260
1955 261
1955 262
1955 263
1955 264
1955 265
1955 266
1955 267
1955 268
1955 269
1955 270
1955 271
1955 272
1955 273
1955 274
1955 337
1955 338
1955 339
1955 340
1955 341
1956 239
1956 240
1956 241
1956 242
1956 243
1956 244
1956 245
1956 246
1956 247
1956 248
1956 249
1956 250
1956 251
1956 313
1956 314
1956 315
1956 316
1956 317
1956 318
1956 319
1956 320
1956 321
1956 322
1956 323
1956 324
1956 325
1956 326
1956 327
1957 291
1957 292
1957 293
1957 294
1957 295
1957 296
1957 297
1957 298
1957 299
1957 300
1957 301
1957 302
1957 303
1957 304
1957 305
1957 306
1957 307
1957 308
1958 270
1958 271
1958 272
1958 273
1958 274
1958 275
1958 276
1958 277
1958 278
1958 279
1958 280
1958 281
1958 282
1958 283
1958 284
1958 285
1958 286
1958 287
1958 288
1959 250
1959 251
1959 252
1959 253
1959 254
1959 255
1959 256
1959 257
1959 258
1959 259
1959 260
1959 261
1959 262
1959 263
1959 264
1959 265
1959 266
1959 328
1959 329
1959 330
1959 331
1959 332
1959 333
1959 334
1959 335
1959 336
1959 337
1960 234
1960 235
1960 236
1960 237
1960 238
1960 239
1960 240
1960 241
1960 305
1960 306
1960 307
1960 308
1960 309
1960 310
1960 311
1960 312
1960 313
1960 314
1960 315
1960 316
1960 317
1960 318
1960 319
1960 320
1961 283
1961 284
1961 285
1961 286
1961 287
1961 288
1961 289
1961 290
1961 291
1961 292
1961 293
1961 294
1961 295
1961 296
1961 297
1961 298
1961 299
1961 300
1961 301
1962 263
1962 264
1962 265
1962 266
1962 267
1962 268
1962 269
1962 270
1962 271
1962 272
1962 273
1962 274
1962 275
1962 276
1962 277
1962 278
1962 279
1962 280
1963 244
1963 245
1963 246
1963 247
1963 248
1963 249
1963 250
1963 251
1963 252
1963 253
1963 254
1963 255
1963 256
1963 257
1963 258
1963 320
1963 321
1963 322
1963 323
1963 324
1963 325
1963 326
1963 327
1963 328
1963 329
1963 330
1963 331
1963 332
1964 297
1964 298
1964 299
1964 300
1964 301
1964 302
1964 303
1964 304
1964 305
1964 306
1964 307
1964 308
1964 309
1964 310
1964 311
1964 312
1964 313
1964 314
1965 276
1965 277
1965 278
1965 279
1965 280
1965 281
1965 282
1965 283
1965 284
1965 285
1965 286
1965 287
1965 288
1965 289
1965 290
1965 291
1965 292
1965 293
1965 294
1966 256
1966 257
1966 258
1966 259
1966 260
1966 261
1966 262
1966 263
1966 264
1966 265
1966 266
1966 267
1966 268
1966 269
1966 270
1966 271
1966 272
1966 273
1966 336
1966 337
1966 338
1966 339
1966 340
1967 238
1967 239
1967 240
1967 241
1967 242
1967 243
1967 244
1967 245
1967 246
1967 247
1967 248
1967 249
1967 312
1967 313
1967 314
1967 315
1967 316
1967 317
1967 318
1967 319
1967 320
1967 321
1967 322
1967 323
1967 324
1967 325
1967 326
1968 290
1968 291
1968 292
1968 293
1968 294
1968 295
1968 296
1968 297
1968 298
1968 299
1968 300
1968 301
1968 302
1968 303
1968 304
1968 305
1968 306
1968 307
1969 269
1969 270
1969 271
1969 272
1969 273
1969 274
1969 275
1969 276
1969 277
1969 278
1969 279
1969 280
1969 281
1969 282
1969 283
1969 284
1969 285
1969 286
1969 287
1970 250
1970 251
1970 252
1970 253
1970 254
1970 255
1970 256
1970 257
1970 258
1970 259
1970 260
1970 261
1970 262
1970 263
1970 264
1970 265
1970 327
1970 328
1970 329
1970 330
1970 331
1970 332
1970 333
1970 334
1970 335
1970 336
1971 233
1971 234
1971 235
1971 236
1971 237
1971 238
1971 239
1971 240
1971 304
1971 305
1971 306
1971 307
1971 308
1971 309
1971 310
1971 311
1971 312
1971 313
1971 314
1971 315
1971 316
1971 317
1971 318
1971 319
1972 283
1972 284
1972 285
1972 286
1972 287
1972 288
1972 289
1972 290
1972 291
1972 292
1972 293
1972 294
1972 295
1972 296
1972 297
1972 298
1972 299
1972 300
1973 262
1973 263
1973 264
1973 265
1973 266
1973 267
1973 268
1973 269
1973 270
1973 271
1973 272
1973 273
1973 274
1973 275
1973 276
1973 277
1973 278
1973 279
1974 243
1974 244
1974 245
1974 246
1974 247
1974 248
1974 249
1974 250
1974 251
1974 252
1974 253
1974 254
1974 255
1974 256
1974 257
1974 319
1974 320
1974 321
1974 322
1974 323
1974 324
1974 325
1974 326
1974 327
1974 328
1974 329
1974 330
1974 331
1975 296
1975 297
1975 298
1975 299
1975 300
1975 301
1975 302
1975 303
1975 304
1975 305
1975 306
1975 307
1975 308
1975 309
1975 310
1975 311
1975 312
1975 313
1976 275
1976 276
1976 277
1976 278
1976 279
1976 280
1976 281
1976 282
1976 283
1976 284
1976 285
1976 286
1976 287
1976 288
1976 289
1976 290
1976 291
1976 292
1976 293
1977 255
1977 256
1977 257
1977 258
1977 259
1977 260
1977 261
1977 262
1977 263
1977 264
1977 265
1977 266
1977 267
1977 268
1977 269
1977 270
1977 271
1977 272
1977 335
1977 336
1977 337
1977 338
1977 339
1978 237
1978 238
1978 239
1978 240
1978 241
1978 242
1978 243
1978 244
1978 245
1978 246
1978 247
1978 248
1978 311
1978 312
1978 313
1978 314
1978 315
1978 316
1978 317
1978 318
1978 319
1978 320
1978 321
1978 322
1978 323
1978 324
1978 325
1979 289
1979 290
1979 291
1979 292
1979 293
1979 294
1979 295
1979 296
1979 297
1979 298
1979 299
1979 300
1979 301
1979 302
1979 303
1979 304
1979 305
1979 306
1980 268
1980 269
1980 270
1980 271
1980 272
1980 273
1980 274
1980 275
1980 276
1980 277
1980 278
1980 279
1980 280
1980 281
1980 282
1980 283
1980 284
1980 285
1980 286
1981 249
1981 250
1981 251
1981 252
1981 253
1981 254
1981 255
1981 256
1981 257
1981 258
1981 259
1981 260
1981 261
1981 262
1981 263
1981 264
1981 326
1981 327
1981 328
1981 329
1981 330
1981 331
1981 332
1981 333
1981 334
1981 335
1982 233
1982 234
1982 235
1982 236
1982 237
1982 238
1982 303
1982 304
1982 305
1982 306
1982 307
1982 308
1982 309
1982 310
1982 311
1982 312
1982 313
1982 314
1982 315
1982 316
1982 317
1982 318
1983 282
1983 283
1983 284
1983 285
1983 286
1983 287
1983 288
1983 289
1983 290
1983 291
1983 292
1983 293
1983 294
1983 295
1983 296
1983 297
1983 298
1983 299
1984 261
1984 262
1984 263
1984 264
1984 265
1984 266
1984 267
1984 268
1984 269
1984 270
1984 271
1984 272
1984 273
1984 274
1984 275
1984 276
1984 277
1984 278
1985 242
1985 243
1985 244
1985 245
1985 246
1985 247
1985 248
1985 249
1985 250
1985 251
1985 252
1985 253
1985 254
1985 255
1985 256
1985 318
1985 319
1985 320
1985 321
1985 322
1985 323
1985 324
1985 325
1985 326
1985 327
1985 328
1985 329
1985 330
1986 296
1986 297
1986 298
1986 299
1986 300
1986 301
1986 302
1986 303
1986 304
1986 305
1986 306
1986 307
1986 308
1986 309
1986 310
1986 311
1986 312
1987 274
1987 275
1987 276
1987 277
1987 278
1987 279
1987 280
1987 281
1987 282
1987 283
1987 284
1987 285
1987 286
1987 287
1987 288
1987 289
1987 290
1987 291
1987 292
1988 254
1988 255
1988 256
1988 257
1988 258
1988 259
1988 260
1988 261
1988 262
1988 263
1988 264
1988 265
1988 266
1988 267
1988 268
1988 269
1988 270
1988 271
1988 334
1988 335
1988 336
1988 337
1988 338
1988 339
1989 237
1989 238
1989 239
1989 240
1989 241
1989 242
1989 243
1989 244
1989 245
1989 246
1989 247
1989 310
1989 311
1989 312
1989 313
1989 314
1989 315
1989 316
1989 317
1989 318
1989 319
1989 320
1989 321
1989 322
1989 323
1989 324
1990 288
1990 289
1990 290
1990 291
1990 292
1990 293
1990 294
1990 295
1990 296
1990 297
1990 298
1990 299
1990 300
1990 301
1990 302
1990 303
1990 304
1990 305
1991 267
1991 268
1991 269
1991 270
1991 271
1991 272
1991 273
1991 274
1991 275
1991 276
1991 277
1991 278
1991 279
1991 280
1991 281
1991 282
1991 283
1991 284
1991 285
1992 248
1992 249
1992 250
1992 251
1992 252
1992 253
1992 254
1992 255
1992 256
1992 257
1992 258
1992 259
1992 260
1992 261
1992 262
1992 263
1992 325
1992 326
1992 327
1992 328
1992 329
1992 330
1992 331
1992 332
1992 333
1992 334
1993 232
1993 233
1993 234
1993 235
1993 236
1993 237
1993 302
1993 303
1993 304
1993 305
1993 306
1993 307
1993 308
1993 309
1993 310
1993 311
1993 312
1993 313
1993 314
1993 315
1993 316
1993 317
1994 281
1994 282
1994 283
1994 284
1994 285
1994 286
1994 287
1994 288
1994 289
1994 290
1994 291
1994 292
1994 293
1994 294
1994 295
1994 296
1994 297
1994 298
1995 260
1995 261
1995 262
1995 263
1995 264
1995 265
1995 266
1995 267
1995 268
1995 269
1995 270
1995 271
1995 272
1995 273
1995 274
1995 275
1995 276
1995 277
1996 242
1996 243
1996 244
1996 245
1996 246
1996 247
1996 248
1996 249
1996 250
1996 251
1996 252
1996 253
1996 254
1996 317
1996 318
1996 319
1996 320
1996 321
1996 322
1996 323
1996 324
1996 325
1996 326
1996 327
1996 328
1996 329
1997 295
1997 296
1997 297
1997 298
1997 299
1997 300
1997 301
1997 302
1997 303
1997 304
1997 305
1997 306
1997 307
1997 308
1997 309
1997 310
1997 311
1998 274
1998 275
1998 276
1998 277
1998 278
1998 279
1998 280
1998 281
1998 282
1998 283
1998 284
1998 285
1998 286
1998 287
1998 288
1998 289
1998 290
1998 291
1999 254
1999 255
1999 256
1999 257
1999 258
1999 259
1999 260
1999 261
1999 262
1999 263
1999 264
1999 265
1999 266
1999 267
1999 268
1999 269
1999 333
1999 334
1999 335
1999 336
1999 337
1999 338
2000 236
2000 237
2000 238
2000 239
2000 240
2000 241
2000 242
2000 243
2000 244
2000 245
2000 246
2000 309
2000 310
2000 311
2000 312
2000 313
2000 314
2000 315
2000 316
2000 317
2000 318
2000 319
2000 320
2000 321
2000 322
2000 323
2001 287
2001 288
2001 289
2001 290
2001 291
2001 292
2001 293
2001 294
2001 295
2001 296
2001 297
2001 298
2001 299
2001 300
2001 301
2001 302
2001 303
2001 304
2002 266
2002 267
2002 268
2002 269
2002 270
2002 271
2002 272
2002 273
2002 274
2002 275
2002 276
2002 277
2002 278
2002 279
2002 280
2002 281
2002 282
2002 283
2002 284
2003 247
2003 248
2003 249
2003 250
2003 251
2003 252
2003 253
2003 254
2003 255
2003 256
2003 257
2003 258
2003 259
2003 260
2003 261
2003 324
2003 325
2003 326
2003 327
2003 328
2003 329
2003 330
2003 331
2003 332
2003 333
2004 232
2004 233
2004 234
2004 235
2004 301
2004 302
2004 303
2004 304
2004 305
2004 306
2004 307
2004 308
2004 309
2004 310
2004 311
2004 312
2004 313
2004 314
2004 315
2004 316
2004 317
2005 280
2005 281
2005 282
2005 283
2005 284
2005 285
2005 286
2005 287
2005 288
2005 289
2005 290
2005 291
2005 292
2005 293
2005 294
2005 295
2005 296
2005 297
2006 259
2006 260
2006 261
2006 262
2006 263
2006 264
2006 265
2006 266
2006 267
2006 268
2006 269
2006 270
2006 271
2006 272
2006 273
2006 274
2006 275
2006 276
2007 241
2007 242
2007 243
2007 244
2007 245
2007 246
2007 247
2007 248
2007 249
2007 250
2007 251
2007 252
2007 253
2007 316
2007 317
2007 318
2007 319
2007 320
2007 321
2007 322
2007 323
2007 324
2007 325
2007 326
2007 327
2007 328
2008 294
2008 295
2008 296
2008 297
2008 298
2008 299
2008 300
2008 301
2008 302
2008 303
2008 304
2008 305
2008 306
2008 307
2008 308
2008 309
2008 310
2009 273
2009 274
2009 275
2009 276
2009 277
2009 278
2009 279
2009 280
2009 281
2009 282
2009 283
2009 284
2009 285
2009 286
2009 287
2009 288
2009 289
2009 290
2010 253
2010 254
2010 255
2010 256
2010 257
2010 258
2010 259
2010 260
2010 261
2010 262
2010 263
2010 264
2010 265
2010 266
2010 267
2010 268
2010 332
2010 333
2010 334
2010 335
2010 336
2010 337
2011 235
2011 236
2011 237
2011 238
2011 239
2011 240
2011 241
2011 242
2011 243
2011 244
2011 308
2011 309
2011 310
2011 311
2011 312
2011 313
2011 314
2011 315
2011 316
2011 317
2011 318
2011 319
2011 320
2011 321
2011 322
2012 286
2012 287
2012 288
2012 289
2012 290
2012 291
2012 292
2012 293
2012 294
2012 295
2012 296
2012 297
2012 298
2012 299
2012 300
2012 301
2012 302
2012 303
2013 266
2013 267
2013 268
2013 269
2013 270
2013 271
2013 272
2013 273
2013 274
2013 275
2013 276
2013 277
2013 278
2013 279
2013 280
2013 281
2013 282
2013 283
2014 246
2014 247
2014 248
2014 249
2014 250
2014 251
2014 252
2014 253
2014 254
2014 255
2014 256
2014 257
2014 258
2014 259
2014 260
2014 323
2014 324
2014 325
2014 326
2014 327
2014 328
2014 329
2014 330
2014 331
2014 332
2015 300
2015 301
2015 302
2015 303
2015 304
2015 305
2015 306
2015 307
2015 308
2015 309
2015 310
2015 311
2015 312
2015 313
2015 314
2015 315
2015 316
2016 279
2016 280
2016 281
2016 282
2016 283
2016 284
2016 285
2016 286
2016 287
2016 288
2016 289
2016 290
2016 291
2016 292
2016 293
2016 294
2016 295
2016 296
2017 259
2017 260
2017 261
2017 262
2017 263
2017 264
2017 265
2017 266
2017 267
2017 268
2017 269
2017 270
2017 271
2017 272
2017 273
2017 274
2017 275
2018 240
2018 241
2018 242
2018 243
2018 244
2018 245
2018 246
2018 247
2018 248
2018 249
2018 250
2018 251
2018 252
2018 315
2018 316
2018 317
2018 318
2018 319
2018 320
2018 321
2018 322
2018 323
2018 324
2018 325
2018 326
2018 327
2019 293
2019 294
2019 295
2019 296
2019 297
2019 298
2019 299
2019 300
2019 301
2019 302
2019 303
2019 304
2019 305
2019 306
2019 307
2019 308
2019 309
2020 272
2020 273
2020 274
2020 275
2020 276
2020 277
2020 278
2020 279
2020 280
2020 281
2020 282
2020 283
2020 284
2020 285
2020 286
2020 287
2020 288
2020 289
2021 252
2021 253
2021 254
2021 255
2021 256
2021 257
2021 258
2021 259
2021 260
2021 261
2021 262
2021 263
2021 264
2021 265
2021 266
2021 267
2021 331
2021 332
2021 333
2021 334
2021 335
2021 336
2022 234
2022 235
2022 236
2022 237
2022 238
2022 239
2022 240
2022 241
2022 242
2022 243
2022 307
2022 308
2022 309
2022 310
2022 311
2022 312
2022 313
2022 314
2022 315
2022 316
2022 317
2022 318
2022 319
2022 320
2022 321
2023 285
2023 286
2023 287
2023 288
2023 289
2023 290
2023 291
2023 292
2023 293
2023 294
2023 295
2023 296
2023 297
2023 298
2023 299
2023 300
2023 301
2023 302
2024 265
2024 266
2024 267
2024 268
2024 269
2024 270
2024 271
2024 272
2024 273
2024 274
2024 275
2024 276
2024 277
2024 278
2024 279
2024 280
2024 281
2024 282
2025 245
2025 246
2025 247
2025 248
2025 249
2025 250
2025 251
2025 252
2025 253
2025 254
2025 255
2025 256
2025 257
2025 258
2025 259
2025 322
2025 323
2025 324
2025 325
2025 326
2025 327
2025 328
2025 329
2025 330
2025 331
2025 332
2026 300
2026 301
2026 302
2026 303
2026 304
2026 305
2026 306
2026 307
2026 308
2026 309
2026 310
2026 311
2026 312
2026 313
2026 314
2026 315
2027 278
2027 279
2027 280
2027 281
2027 282
2027 283
2027 284
2027 285
2027 286
2027 287
2027 288
2027 289
2027 290
2027 291
2027 292
2027 293
2027 294
2027 295
2028 258
2028 259
2028 260
2028 261
2028 262
2028 263
2028 264
2028 265
2028 266
2028 267
2028 268
2028 269
2028 270
2028 271
2028 272
2028 273
2028 274
2029 239
2029 240
2029 241
2029 242
2029 243
2029 244
2029 245
2029 246
2029 247
2029 248
2029 249
2029 250
2029 251
2029 314
2029 315
2029 316
2029 317
2029 318
2029 319
2029 320
2029 321
2029 322
2029 323
2029 324
2029 325
2029 326
2030 292
2030 293
2030 294
2030 295
2030 296
2030 297
2030 298
2030 299
2030 300
2030 301
2030 302
2030 303
2030 304
2030 305
2030 306
2030 307
2030 308
2031 271
2031 272
2031 273
2031 274
2031 275
2031 276
2031 277
2031 278
2031 279
2031 280
2031 281
2031 282
2031 283
2031 284
2031 285
2031 286
2031 287
2031 288
2032 251
2032 252
2032 253
2032 254
2032 255
2032 256
2032 257
2032 258
2032 259
2032 260
2032 261
2032 262
2032 263
2032 264
2032 265
2032 266
2032 330
2032 331
2032 332
2032 333
2032 334
2032 335
2033 234
2033 235
2033 236
2033 237
2033 238
2033 239
2033 240
2033 241
2033 306
2033 307
2033 308
2033 309
2033 310
2033 311
2033 312
2033 313
2033 314
2033 315
2033 316
2033 317
2033 318
2033 319
2033 320
2034 285
2034 286
2034 287
2034 288
2034 289
2034 290
2034 291
2034 292
2034 293
2034 294
2034 295
2034 296
2034 297
2034 298
2034 299
2034 300
2034 301
2035 264
2035 265
2035 266
2035 267
2035 268
2035 269
2035 270
2035 271
2035 272
2035 273
2035 274
2035 275
2035 276
2035 277
2035 278
2035 279
2035 280
2036 244
2036 245
2036 246
2036 247
2036 248
2036 249
2036 250
2036 251
2036 252
2036 253
2036 254
2036 255
2036 256
2036 257
2036 258
2036 322
2036 323
2036 324
2036 325
2036 326
2036 327
2036 328
2036 329
2036 330
2036 331
2037 299
2037 300
2037 301
2037 302
2037 303
2037 304
2037 305
2037 306
2037 307
2037 308
2037 309
2037 310
2037 311
2037 312
2037 313
2037 314
2038 277
2038 278
2038 279
2038 280
2038 281
2038 282
2038 283
2038 284
2038 285
2038 286
2038 287
2038 288
2038 289
2038 290
2038 291
2038 292
2038 293
2038 294
2039 257
2039 258
2039 259
2039 260
2039 261
2039 262
2039 263
2039 264
2039 265
2039 266
2039 267
2039 268
2039 269
2039 270
2039 271
2039 272
2039 273
2040 238
2040 239
2040 240
2040 241
2040 242
2040 243
2040 244
2040 245
2040 246
2040 247
2040 248
2040 249
2040 313
2040 314
2040 315
2040 316
2040 317
2040 318
2040 319
2040 320
2040 321
2040 322
2040 323
2040 324
2040 325
2041 291
2041 292
2041 293
2041 294
2041 295
2041 296
2041 297
2041 298
2041 299
2041 300
2041 301
2041 302
2041 303
2041 304
2041 305
2041 306
2041 307
2042 270
2042 271
2042 272
2042 273
2042 274
2042 275
2042 276
2042 277
2042 278
2042 279
2042 280
2042 281
2042 282
2042 283
2042 284
2042 285
2042 286
2042 287
2043 250
2043 251
2043 252
2043 253
2043 254
2043 255
2043 256
2043 257
2043 258
2043 259
2043 260
2043 261
2043 262
2043 263
2043 264
2043 265
2043 330
2043 331
2043 332
2043 333
2043 334
2044 233
2044 234
2044 235
2044 236
2044 237
2044 238
2044 239
2044 240
2044 305
2044 306
2044 307
2044 308
2044 309
2044 310
2044 311
2044 312
2044 313
2044 314
2044 315
2044 316
2044 317
2044 318
2044 319
2045 284
2045 285
2045 286
2045 287
2045 288
2045 289
2045 290
2045 291
2045 292
2045 293
2045 294
2045 295
2045 296
2045 297
2045 298
2045 299
2045 300
2046 263
2046 264
2046 265
2046 266
2046 267
2046 268
2046 269
2046 270
2046 271
2046 272
2046 273
2046 274
2046 275
2046 276
2046 277
2046 278
2046 279
2047 244
2047 245
2047 246
2047 247
2047 248
2047 249
2047 250
2047 251
2047 252
2047 253
2047 254
2047 255
2047 256
2047 257
2047 321
2047 322
2047 323
2047 324
2047 325
2047 326
2047 327
2047 328
2047 329
2047 330
2048 298
2048 299
2048 300
2048 301
2048 302
2048 303
2048 304
2048 305
2048 306
2048 307
2048 308
2048 309
2048 310
2048 311
2048 312
2048 313
2049 276
2049 277
2049 278
2049 279
2049 280
2049 281
2049 282
2049 283
2049 284
2049 285
2049 286
2049 287
2049 288
2049 289
2049 290
2049 291
2049 292
2049 293
2050 256
2050 257
2050 258
2050 259
2050 260
2050 261
2050 262
2050 263
2050 264
2050 265
2050 266
2050 267
2050 268
2050 269
2050 270
2050 271
2050 272
2051 238
2051 239
2051 240
2051 241
2051 242
2051 243
2051 244
2051 245
2051 246
2051 247
2051 248
2051 312
2051 313
2051 314
2051 315
2051 316
2051 317
2051 318
2051 319
2051 320
2051 321
2051 322
2051 323
2051 324
2052 290
2052 291
2052 292
2052 293
2052 294
2052 295
2052 296
2052 297
2052 298
2052 299
2052 300
2052 301
2052 302
2052 303
2052 304
2052 305
2052 306
2053 269
2053 270
2053 271
2053 272
2053 273
2053 274
2053 275
2053 276
2053 277
2053 278
2053 279
2053 280
2053 281
2053 282
2053 283
2053 284
2053 285
2053 286
2054 249
2054 250
2054 251
2054 252
2054 253
2054 254
2054 255
2054 256
2054 257
2054 258
2054 259
2054 260
2054 261
2054 262
2054 263
2054 264
2054 329
2054 330
2054 331
2054 332
2054 333
2055 233
2055 234
2055 235
2055 236
2055 237
2055 238
2055 305
2055 306
2055 307
2055 308
2055 309
2055 310
2055 311
2055 312
2055 313
2055 314
2055 315
2055 316
2055 317
2055 318
2056 283
2056 284
2056 285
2056 286
2056 287
2056 288
2056 289
2056 290
2056 291
2056 292
2056 293
2056 294
2056 295
2056 296
2056 297
2056 298
2056 299
2057 262
2057 263
2057 264
2057 265
2057 266
2057 267
2057 268
2057 269
2057 270
2057 271
2057 272
2057 273
2057 274
2057 275
2057 276
2057 277
2057 278
2058 243
2058 244
2058 245
2058 246
2058 247
2058 248
2058 249
2058 250
2058 251
2058 252
2058 253
2058 254
2058 255
2058 256
2058 320
2058 321
2058 322
2058 323
2058 324
2058 325
2058 326
2058 327
2058 328
2058 329
2059 297
2059 298
2059 299
2059 300
2059 301
2059 302
2059 303
2059 304
2059 305
2059 306
2059 307
2059 308
2059 309
2059 310
2059 311
2059 312
2060 275
2060 276
2060 277
2060 278
2060 279
2060 280
2060 281
2060 282
2060 283
2060 284
2060 285
2060 286
2060 287
2060 288
2060 289
2060 290
2060 291
2060 292
2061 255
2061 256
2061 257
2061 258
2061 259
2061 260
2061 261
2061 262
2061 263
2061 264
2061 265
2061 266
2061 267
2061 268
2061 269
2061 270
2061 271
2062 237
2062 238
2062 239
2062 240
2062 241
2062 242
2062 243
2062 244
2062 245
2062 246
2062 247
2062 312
2062 313
2062 314
2062 315
2062 316
2062 317
2062 318
2062 319
2062 320
2062 321
2062 322
2062 323
2063 289
2063 290
2063 291
2063 292
2063 293
2063 294
2063 295
2063 296
2063 297
2063 298
2063 299
2063 300
2063 301
2063 302
2063 303
2063 304
2063 305
2064 268
2064 269
2064 270
2064 271
2064 272
2064 273
2064 274
2064 275
2064 276
2064 277
2064 278
2064 279
2064 280
2064 281
2064 282
2064 283
2064 284
2064 285
2065 248
2065 249
2065 250
2065 251
2065 252
2065 253
2065 254
2065 255
2065 256
2065 257
2065 258
2065 259
2065 260
2065 261
2065 262
2065 263
2065 328
2065 329
2065 330
2065 331
2065 332
2066 233
2066 234
2066 235
2066 236
2066 304
2066 305
2066 306
2066 307
2066 308
2066 309
2066 310
2066 311
2066 312
2066 313
2066 314
2066 315
2066 316
2066 317
2067 282
2067 283
2067 284
2067 285
2067 286
2067 287
2067 288
2067 289
2067 290
2067 291
2067 292
2067 293
2067 294
2067 295
2067 296
2067 297
2067 298
2068 261
2068 262
2068 263
2068 264
2068 265
2068 266
2068 267
2068 268
2068 269
2068 270
2068 271
2068 272
2068 273
2068 274
2068 275
2068 276
2068 277
2069 242
2069 243
2069 244
2069 245
2069 246
2069 247
2069 248
2069 249
2069 250
2069 251
2069 252
2069 253
2069 254
2069 319
2069 320
2069 321
2069 322
2069 323
2069 324
2069 325
2069 326
2069 327
2069 328
2070 296
2070 297
2070 298
2070 299
2070 300
2070 301
2070 302
2070 303
2070 304
2070 305
2070 306
2070 307
2070 308
2070 309
2070 310
2070 311
2071 275
2071 276
2071 277
2071 278
2071 279
2071 280
2071 281
2071 282
2071 283
2071 284
2071 285
2071 286
2071 287
2071 288
2071 289
2071 290
2071 291
2072 254
2072 255
2072 256
2072 257
2072 258
2072 259
2072 260
2072 261
2072 262
2072 263
2072 264
2072 265
2072 266
2072 267
2072 268
2072 269
2072 270
2073 236
2073 237
2073 238
2073 239
2073 240
2073 241
2073 242
2073 243
2073 244
2073 245
2073 311
2073 312
2073 313
2073 314
2073 315
2073 316
2073 317
2073 318
2073 319
2073 320
2073 321
2073 322
2074 288
2074 289
2074 290
2074 291
2074 292
2074 293
2074 294
2074 295
2074 296
2074 297
2074 298
2074 299
2074 300
2074 301
2074 302
2074 303
2074 304
2075 267
2075 268
2075 269
2075 270
2075 271
2075 272
2075 273
2075 274
2075 275
2075 276
2075 277
2075 278
2075 279
2075 280
2075 281
2075 282
2075 283
2075 284
2076 248
2076 249
2076 250
2076 251
2076 252
2076 253
2076 254
2076 255
2076 256
2076 257
2076 258
2076 259
2076 260
2076 261
2076 327
2076 328
2076 329
2076 330
2076 331
2077 233
2077 234
2077 303
2077 304
2077 305
2077 306
2077 307
2077 308
2077 309
2077 310
2077 311
2077 312
2077 313
2077 314
2077 315
2077 316
2078 281
2078 282
2078 283
2078 284
2078 285
2078 286
2078 287
2078 288
2078 289
2078 290
2078 291
2078 292
2078 293
2078 294
2078 295
2078 296
2078 297
2079 260
2079 261
2079 262
2079 263
2079 264
2079 265
2079 266
2079 267
2079 268
2079 269
2079 270
2079 271
2079 272
2079 273
2079 274
2079 275
2079 276
2080 241
2080 242
2080 243
2080 244
2080 245
2080 246
2080 247
2080 248
2080 249
2080 250
2080 251
2080 252
2080 253
2080 318
2080 319
2080 320
2080 321
2080 322
2080 323
2080 324
2080 325
2080 326
2080 327
2081 295
2081 296
2081 297
2081 298
2081 299
2081 300
2081 301
2081 302
2081 303
2081 304
2081 305
2081 306
2081 307
2081 308
2081 309
2081 310
2082 274
2082 275
2082 276
2082 277
2082 278
2082 279
2082 280
2082 281
2082 282
2082 283
2082 284
2082 285
2082 286
2082 287
2082 288
2082 289
2082 290
2083 253
2083 254
2083 255
2083 256
2083 257
2083 258
2083 259
2083 260
2083 261
2083 262
2083 263
2083 264
2083 265
2083 266
2083 267
2083 268
2084 236
2084 237
2084 238
2084 239
2084 240
2084 241
2084 242
2084 243
2084 244
2084 310
2084 311
2084 312
2084 313
2084 314
2084 315
2084 316
2084 317
2084 318
2084 319
2084 320
2084 321
2085 288
2085 289
2085 290
2085 291
2085 292
2085 293
2085 294
2085 295
2085 296
2085 297
2085 298
2085 299
2085 300
2085 301
2085 302
2085 303
2086 266
2086 267
2086 268
2086 269
2086 270
2086 271
2086 272
2086 273
2086 274
2086 275
2086 276
2086 277
2086 278
2086 279
2086 280
2086 281
2086 282
2086 283
2087 247
2087 248
2087 249
2087 250
2087 251
2087 252
2087 253
2087 254
2087 255
2087 256
2087 257
2087 258
2087 259
2087 260
2087 327
2087 328
2087 329
2087 330
2088 302
2088 303
2088 304
2088 305
2088 306
2088 307
2088 308
2088 309
2088 310
2088 311
2088 312
2088 313
2088 314
2088 315
2089 280
2089 281
2089 282
2089 283
2089 284
2089 285
2089 286
2089 287
2089 288
2089 289
2089 290
2089 291
2089 292
2089 293
2089 294
2089 295
2089 296
2090 259
2090 260
2090 261
2090 262
2090 263
2090 264
2090 265
2090 266
2090 267
2090 268
2090 269
2090 270
2090 271
2090 272
2090 273
2090 274
2090 275
2091 240
2091 241
2091 242
2091 243
2091 244
2091 245
2091 246
2091 247
2091 248
2091 249
2091 250
2091 251
2091 252
2091 317
2091 318
2091 319
2091 320
2091 321
2091 322
2091 323
2091 324
2091 325
2091 326
2092 294
2092 295
2092 296
2092 297
2092 298
2092 299
2092 300
2092 301
2092 302
2092 303
2092 304
2092 305
2092 306
2092 307
2092 308
2092 309
2093 273
2093 274
2093 275
2093 276
2093 277
2093 278
2093 279
2093 280
2093 281
2093 282
2093 283
2093 284
2093 285
2093 286
2093 287
2093 288
2093 289
2094 253
2094 254
2094 255
2094 256
2094 257
2094 258
2094 259
2094 260
2094 261
2094 262
2094 263
2094 264
2094 265
2094 266
2094 267
2095 235
2095 236
2095 237
2095 238
2095 239
2095 240
2095 241
2095 242
2095 309
2095 310
2095 311
2095 312
2095 313
2095 314
2095 315
2095 316
2095 317
2095 318
2095 319
2095 320
2096 287
2096 288
2096 289
2096 290
2096 291
2096 292
2096 293
2096 294
2096 295
2096 296
2096 297
2096 298
2096 299
2096 300
2096 301
2096 302
2097 266
2097 267
2097 268
2097 269
2097 270
2097 271
2097 272
2097 273
2097 274
2097 275
2097 276
2097 277
2097 278
2097 279
2097 280
2097 281
2097 282
2098 246
2098 247
2098 248
2098 249
2098 250
2098 251
2098 252
2098 253
2098 254
2098 255
2098 256
2098 257
2098 258
2098 259
2098 326
2098 327
2098 328
2098 329
2099 301
2099 302
2099 303
2099 304
2099 305
2099 306
2099 307
2099 308
2099 309
2099 310
2099 311
2099 312
2099 313
2099 314
2100 279
2100 280
2100 281
2100 282
2100 283
2100 284
2100 285
2100 286
2100 287
2100 288
2100 289
2100 290
2100 291
2100 292
2100 293
2100 294
2100 295
2101 259
2101 260
2101 261
2101 262
2101 263
2101 264
2101 265
2101 266
2101 267
2101 268
2101 269
2101 270
2101 271
2101 272
2101 273
2101 274
2102 240
2102 241
2102 242
2102 243
2102 244
2102 245
2102 246
2102 247
2102 248
2102 249
2102 250
2102 317
2102 318
2102 319
2102 320
2102 321
2102 322
2102 323
2102 324
2102 325
2103 294
2103 295
2103 296
2103 297
2103 298
2103 299
2103 300
2103 301
2103 302
2103 303
2103 304
2103 305
2103 306
2103 307
2103 308
2104 272
2104 273
2104 274
2104 275
2104 276
2104 277
2104 278
2104 279
2104 280
2104 281
2104 282
2104 283
2104 284
2104 285
2104 286
2104 287
2104 288
2105 252
2105 253
2105 254
2105 255
2105 256
2105 257
2105 258
2105 259
2105 260
2105 261
2105 262
2105 263
2105 264
2105 265
2105 266
2106 235
2106 236
2106 237
2106 238
2106 239
2106 240
2106 241
2106 308
2106 309
2106 310
2106 311
2106 312
2106 313
2106 314
2106 315
2106 316
2106 317
2106 318
2106 319
2107 286
2107 287
2107 288
2107 289
2107 290
2107 291
2107 292
2107 293
2107 294
2107 295
2107 296
2107 297
2107 298
2107 299
2107 300
2107 301
2108 265
2108 266
2108 267
2108 268
2108 269
2108 270
2108 271
2108 272
2108 273
2108 274
2108 275
2108 276
2108 277
2108 278
2108 279
2108 280
2109 245
2109 246
2109 247
2109 248
2109 249
2109 250
2109 251
2109 252
2109 253
2109 254
2109 255
2109 256
2109 257
2109 258
2109 325
2109 326
2109 327
2109 328
2110 300
2110 301
2110 302
2110 303
2110 304
2110 305
2110 306
2110 307
2110 308
2110 309
2110 310
2110 311
2110 312
2110 313
2111 278
2111 279
2111 280
2111 281
2111 282
2111 283
2111 284
2111 285
2111 286
2111 287
2111 288
2111 289
2111 290
2111 291
2111 292
2111 293
2111 294
2112 258
2112 259
2112 260
2112 261
2112 262
2112 263
2112 264
2112 265
2112 266
2112 267
2112 268
2112 269
2112 270
2112 271
2112 272
2112 273
2113 239
2113 240
2113 241
2113 242
2113 243
2113 244
2113 245
2113 246
2113 247
2113 248
2113 249
2113 316
2113 317
2113 318
2113 319
2113 320
2113 321
2113 322
2113 323
2113 324
2114 293
2114 294
2114 295
2114 296
2114 297
2114 298
2114 299
2114 300
2114 301
2114 302
2114 303
2114 304
2114 305
2114 306
2114 307
2115 271
2115 272
2115 273
2115 274
2115 275
2115 276
2115 277
2115 278
2115 279
2115 280
2115 281
2115 282
2115 283
2115 284
2115 285
2115 286
2115 287
2116 251
2116 252
2116 253
2116 254
2116 255
2116 256
2116 257
2116 258
2116 259
2116 260
2116 261
2116 262
2116 263
2116 264
2116 265
2117 234
2117 235
2117 236
2117 237
2117 238
2117 239
2117 308
2117 309
2117 310
2117 311
2117 312
2117 313
2117 314
2117 315
2117 316
2117 317
2117 318
2118 285
2118 286
2118 287
2118 288
2118 289
2118 290
2118 291
2118 292
2118 293
2118 294
2118 295
2118 296
2118 297
2118 298
2118 299
2118 300
2119 264
2119 265
2119 266
2119 267
2119 268
2119 269
2119 270
2119 271
2119 272
2119 273
2119 274
2119 275
2119 276
2119 277
2119 278
2119 279
2120 244
2120 245
2120 246
2120 247
2120 248
2120 249
2120 250
2120 251
2120 252
2120 253
2120 254
2120 255
2120 256
2120 257
2120 325
2120 326
2120 327
2121 300
2121 301
2121 302
2121 303
2121 304
2121 305
2121 306
2121 307
2121 308
2121 309
2121 310
2121 311
2121 312
2122 278
2122 279
2122 280
2122 281
2122 282
2122 283
2122 284
2122 285
2122 286
2122 287
2122 288
2122 289
2122 290
2122 291
2122 292
2122 293
2123 257
2123 258
2123 259
2123 260
2123 261
2123 262
2123 263
2123 264
2123 265
2123 266
2123 267
2123 268
2123 269
2123 270
2123 271
2123 272
2124 238
2124 239
2124 240
2124 241
2124 242
2124 243
2124 244
2124 245
2124 246
2124 247
2124 248
2124 315
2124 316
2124 317
2124 318
2124 319
2124 320
2124 321
2124 322
2124 323
2125 292
2125 293
2125 294
2125 295
2125 296
2125 297
2125 298
2125 299
2125 300
2125 301
2125 302
2125 303
2125 304
2125 305
2125 306
2126 270
2126 271
2126 272
2126 273
2126 274
2126 275
2126 276
2126 277
2126 278
2126 279
2126 280
2126 281
2126 282
2126 283
2126 284
2126 285
2126 286
2127 250
2127 251
2127 252
2127 253
2127 254
2127 255
2127 256
2127 257
2127 258
2127 259
2127 260
2127 261
2127 262
2127 263
2127 264
2128 234
2128 235
2128 236
2128 237
2128 307
2128 308
2128 309
2128 310
2128 311
2128 312
2128 313
2128 314
2128 315
2128 316
2128 317
2129 284
2129 285
2129 286
2129 287
2129 288
2129 289
2129 290
2129 291
2129 292
2129 293
2129 294
2129 295
2129 296
2129 297
2129 298
2129 299
2130 263
2130 264
2130 265
2130 266
2130 267
2130 268
2130 269
2130 270
2130 271
2130 272
2130 273
2130 274
2130 275
2130 276
2130 277
2130 278
2131 244
2131 245
2131 246
2131 247
2131 248
2131 249
2131 250
2131 251
2131 252
2131 253
2131 254
2131 255
2131 324
2131 325
2132 299
2132 300
2132 301
2132 302
2132 303
2132 304
2132 305
2132 306
2132 307
2132 308
2132 309
2132 310
2132 311
2133 277
2133 278
2133 279
2133 280
2133 281
2133 282
2133 283
2133 284
2133 285
2133 286
2133 287
2133 288
2133 289
2133 290
2133 291
2133 292
2134 256
2134 257
2134 258
2134 259
2134 260
2134 261
2134 262
2134 263
2134 264
2134 265
2134 266
2134 267
2134 268
2134 269
2134 270
2135 238
2135 239
2135 240
2135 241
2135 242
2135 243
2135 244
2135 245
2135 246
2135 314
2135 315
2135 316
2135 317
2135 318
2135 319
2135 320
2135 321
2135 322
2136 291
2136 292
2136 293
2136 294
2136 295
2136 296
2136 297
2136 298
2136 299
2136 300
2136 301
2136 302
2136 303
2136 304
2137 269
2137 270
2137 271
2137 272
2137 273
2137 274
2137 275
2137 276
2137 277
2137 278
2137 279
2137 280
2137 281
2137 282
2137 283
2137 284
2137 285
2138 249
2138 250
2138 251
2138 252
2138 253
2138 254
2138 255
2138 256
2138 257
2138 258
2138 259
2138 260
2138 261
2138 262
2139 306
2139 307
2139 308
2139 309
2139 310
2139 311
2139 312
2139 313
2139 314
2139 315
2139 316
2140 283
2140 284
2140 285
2140 286
2140 287
2140 288
2140 289
2140 290
2140 291
2140 292
2140 293
2140 294
2140 295
2140 296
2140 297
2140 298
2141 262
2141 263
2141 264
2141 265
2141 266
2141 267
2141 268
2141 269
2141 270
2141 271
2141 272
2141 273
2141 274
2141 275
2141 276
2141 277
2142 243
2142 244
2142 245
2142 246
2142 247
2142 248
2142 249
2142 250
2142 251
2142 252
2142 253
2142 254
2143 298
2143 299
2143 300
2143 301
2143 302
2143 303
2143 304
2143 305
2143 306
2143 307
2143 308
2143 309
2143 310
2144 276
2144 277
2144 278
2144 279
2144 280
2144 281
2144 282
2144 283
2144 284
2144 285
2144 286
2144 287
2144 288
2144 289
2144 290
2144 291
2145 255
2145 256
2145 257
2145 258
2145 259
2145 260
2145 261
2145 262
2145 263
2145 264
2145 265
2145 266
2145 267
2145 268
2145 269
2146 237
2146 238
2146 239
2146 240
2146 241
2146 242
2146 243
2146 244
2146 245
2146 314
2146 315
2146 316
2146 317
2146 318
2146 319
2146 320
2147 290
2147 291
2147 292
2147 293
2147 294
2147 295
2147 296
2147 297
2147 298
2147 299
2147 300
2147 301
2147 302
2147 303
2148 269
2148 270
2148 271
2148 272
2148 273
2148 274
2148 275
2148 276
2148 277
2148 278
2148 279
2148 280
2148 281
2148 282
2148 283
2149 248
2149 249
2149 250
2149 251
2149 252
2149 253
2149 254
2149 255
2149 256
2149 257
2149 258
2149 259
2149 260
2149 261
2150 305
2150 306
2150 307
2150 308
2150 309
2150 310
2150 311
2150 312
2150 313
2150 314
2150 315
2151 283
2151 284
2151 285
2151 286
2151 287
2151 288
2151 289
2151 290
2151 291
2151 292
2151 293
2151 294
2151 295
2151 296
2151 297
2152 261
2152 262
2152 263
2152 264
2152 265
2152 266
2152 267
2152 268
2152 269
2152 270
2152 271
2152 272
2152 273
2152 274
2152 275
2152 276
2153 242
2153 243
2153 244
2153 245
2153 246
2153 247
2153 248
2153 249
2153 250
2153 251
2153 252
2153 253
2154 297
2154 298
2154 299
2154 300
2154 301
2154 302
2154 303
2154 304
2154 305
2154 306
2154 307
2154 308
2154 309
2155 275
2155 276
2155 277
2155 278
2155 279
2155 280
2155 281
2155 282
2155 283
2155 284
2155 285
2155 286
2155 287
2155 288
2155 289
2155 290
2156 254
2156 255
2156 256
2156 257
2156 258
2156 259
2156 260
2156 261
2156 262
2156 263
2156 264
2156 265
2156 266
2156 267
2156 268
2157 237
2157 238
2157 239
2157 240
2157 241
2157 242
2157 243
2157 313
2157 314
2157 315
2157 316
2157 317
2157 318
2157 319
2158 289
2158 290
2158 291
2158 292
2158 293
2158 294
2158 295
2158 296
2158 297
2158 298
2158 299
2158 300
2158 301
2158 302
2159 268
2159 269
2159 270
2159 271
2159 272
2159 273
2159 274
2159 275
2159 276
2159 277
2159 278
2159 279
2159 280
2159 281
2159 282
2160 248
2160 249
2160 250
2160 251
2160 252
2160 253
2160 254
2160 255
2160 256
2160 257
2160 258
2160 259
2160 260
2161 304
2161 305
2161 306
2161 307
2161 308
2161 309
2161 310
2161 311
2161 312
2161 313
2161 314
2162 282
2162 283
2162 284
2162 285
2162 286
2162 287
2162 288
2162 289
2162 290
2162 291
2162 292
2162 293
2162 294
2162 295
2162 296
2163 261
2163 262
2163 263
2163 264
2163 265
2163 266
2163 267
2163 268
2163 269
2163 270
2163 271
2163 272
2163 273
2163 274
2163 275
2164 241
2164 242
2164 243
2164 244
2164 245
2164 246
2164 247
2164 248
2164 249
2164 250
2164 251
2165 296
2165 297
2165 298
2165 299
2165 300
2165 301
2165 302
2165 303
2165 304
2165 305
2165 306
2165 307
2165 308
2166 274
2166 275
2166 276
2166 277
2166 278
2166 279
2166 280
2166 281
2166 282
2166 283
2166 284
2166 285
2166 286
2166 287
2166 288
2167 254
2167 255
2167 256
2167 257
2167 258
2167 259
2167 260
2167 261
2167 262
2167 263
2167 264
2167 265
2167 266
2167 267
2168 236
2168 237
2168 238
2168 239
2168 240
2168 241
2168 312
2168 313
2168 314
2168 315
2168 316
2168 317
2168 318
2169 289
2169 290
2169 291
2169 292
2169 293
2169 294
2169 295
2169 296
2169 297
2169 298
2169 299
2169 300
2169 301
2170 267
2170 268
2170 269
2170 270
2170 271
2170 272
2170 273
2170 274
2170 275
2170 276
2170 277
2170 278
2170 279
2170 280
2170 281
2171 247
2171 248
2171 249
2171 250
2171 251
2171 252
2171 253
2171 254
2171 255
2171 256
2171 257
2171 258
2171 259
2172 304
2172 305
2172 306
2172 307
2172 308
2172 309
2172 310
2172 311
2172 312
2172 313
2173 281
2173 282
2173 283
2173 284
2173 285
2173 286
2173 287
2173 288
2173 289
2173 290
2173 291
2173 292
2173 293
2173 294
2174 260
2174 261
2174 262
2174 263
2174 264
2174 265
2174 266
2174 267
2174 268
2174 269
2174 270
2174 271
2174 272
2174 273
2174 274
2175 241
2175 242
2175 243
2175 244
2175 245
2175 246
2175 247
2175 248
2175 249
2175 250
2176 296
2176 297
2176 298
2176 299
2176 300
2176 301
2176 302
2176 303
2176 304
2176 305
2176 306
2176 307
2177 274
2177 275
2177 276
2177 277
2177 278
2177 279
2177 280
2177 281
2177 282
2177 283
2177 284
2177 285
2177 286
2177 287
2178 253
2178 254
2178 255
2178 256
2178 257
2178 258
2178 259
2178 260
2178 261
2178 262
2178 263
2178 264
2178 265
2178 266
2179 236
2179 237
2179 238
2179 239
2179 312
2179 313
2179 314
2179 315
2179 316
2179 317
2180 288
2180 289
2180 290
2180 291
2180 292
2180 293
2180 294
2180 295
2180 296
2180 297
2180 298
2180 299
2180 300
2181 266
2181 267
2181 268
2181 269
2181 270
2181 271
2181 272
2181 273
2181 274
2181 275
2181 276
2181 277
2181 278
2181 279
2181 280
2182 246
2182 247
2182 248
2182 249
2182 250
2182 251
2182 252
2182 253
2182 254
2182 255
2182 256
2182 257
2183 303
2183 304
2183 305
2183 306
2183 307
2183 308
2183 309
2183 310
2183 311
2183 312
2184 280
2184 281
2184 282
2184 283
2184 284
2184 285
2184 286
2184 287
2184 288
2184 289
2184 290
2184 291
2184 292
2184 293
2185 259
2185 260
2185 261
2185 262
2185 263
2185 264
2185 265
2185 266
2185 267
2185 268
2185 269
2185 270
2185 271
2185 272
2186 240
2186 241
2186 242
2186 243
2186 244
2186 245
2186 246
2186 247
2186 248
2187 295
2187 296
2187 297
2187 298
2187 299
2187 300
2187 301
2187 302
2187 303
2187 304
2187 305
2187 306
2188 273
2188 274
2188 275
2188 276
2188 277
2188 278
2188 279
2188 280
2188 281
2188 282
2188 283
2188 284
2188 285
2188 286
2189 252
2189 253
2189 254
2189 255
2189 256
2189 257
2189 258
2189 259
2189 260
2189 261
2189 262
2189 263
2189 264
2190 311
2190 312
2190 313
2190 314
2190 315
2190 316
2191 287
2191 288
2191 289
2191 290
2191 291
2191 292
2191 293
2191 294
2191 295
2191 296
2191 297
2191 298
2191 299
2192 265
2192 266
2192 267
2192 268
2192 269
2192 270
2192 271
2192 272
2192 273
2192 274
2192 275
2192 276
2192 277
2192 278
2192 279
2193 246
2193 247
2193 248
2193 249
2193 250
2193 251
2193 252
2193 253
2193 254
2193 255
2193 256
2194 302
2194 303
2194 304
2194 305
2194 306
2194 307
2194 308
2194 309
2194 310
2195 279
2195 280
2195 281
2195 282
2195 283
2195 284
2195 285
2195 286
2195 287
2195 288
2195 289
2195 290
2195 291
2195 292
2196 258
2196 259
2196 260
2196 261
2196 262
2196 263
2196 264
2196 265
2196 266
2196 267
2196 268
2196 269
2196 270
2196 271
2197 240
2197 241
2197 242
2197 243
2197 244
2197 245
2197 246
2197 247
2198 294
2198 295
2198 296
2198 297
2198 298
2198 299
2198 300
2198 301
2198 302
2198 303
2198 304
2199 272
2199 273
2199 274
2199 275
2199 276
2199 277
2199 278
2199 279
2199 280
2199 281
2199 282
2199 283
2199 284
2199 285
2200 251
2200 252
2200 253
2200 254
2200 255
2200 256
2200 257
2200 258
2200 259
2200 260
2200 261
2200 262
2200 263
2201 311
2201 312
2201 313
2201 314
2202 286
2202 287
2202 288
2202 289
2202 290
2202 291
2202 292
2202 293
2202 294
2202 295
2202 296
2202 297
2202 298
2203 265
2203 266
2203 267
2203 268
2203 269
2203 270
2203 271
2203 272
2203 273
2203 274
2203 275
2203 276
2203 277
2203 278
2204 245
2204 246
2204 247
2204 248
2204 249
2204 250
2204 251
2204 252
2204 253
2204 254
2205 302
2205 303
2205 304
2205 305
2205 306
2205 307
2205 308
2205 309
2206 279
2206 280
2206 281
2206 282
2206 283
2206 284
2206 285
2206 286
2206 287
2206 288
2206 289
2206 290
2206 291
2207 258
2207 259
2207 260
2207 261
2207 262
2207 263
2207 264
2207 265
2207 266
2207 267
2207 268
2207 269
2207 270
2208 239
2208 240
2208 241
2208 242
2208 243
2208 244
2208 245
2209 293
2209 294
2209 295
2209 296
2209 297
2209 298
2209 299
2209 300
2209 301
2209 302
2209 303
2210 271
2210 272
2210 273
2210 274
2210 275
2210 276
2210 277
2210 278
2210 279
2210 280
2210 281
2210 282
2210 283
2210 284
2211 251
2211 252
2211 253
2211 254
2211 255
2211 256
2211 257
2211 258
2211 259
2211 260
2211 261
2211 262
2212 310
2212 311
2212 312
2212 313
2213 286
2213 287
2213 288
2213 289
2213 290
2213 291
2213 292
2213 293
2213 294
2213 295
2213 296
2213 297
2214 264
2214 265
2214 266
2214 267
2214 268
2214 269
2214 270
2214 271
2214 272
2214 273
2214 274
2214 275
2214 276
2215 244
2215 245
2215 246
2215 247
2215 248
2215 249
2215 250
2215 251
2215 252
2215 253
2216 301
2216 302
2216 303
2216 304
2216 305
2216 306
2216 307
2216 308
2217 278
2217 279
2217 280
2217 281
2217 282
2217 283
2217 284
2217 285
2217 286
2217 287
2217 288
2217 289
2217 290
2218 257
2218 258
2218 259
2218 260
2218 261
2218 262
2218 263
2218 264
2218 265
2218 266
2218 267
2218 268
2218 269
2219 239
2219 240
2219 241
2219 242
2219 243
2220 293
2220 294
2220 295
2220 296
2220 297
2220 298
2220 299
2220 300
2220 301
2220 302
2221 270
2221 271
2221 272
2221 273
2221 274
2221 275
2221 276
2221 277
2221 278
2221 279
2221 280
2221 281
2221 282
2221 283
2222 250
2222 251
2222 252
2222 253
2222 254
2222 255
2222 256
2222 257
2222 258
2222 259
2222 260
2223 310
2223 311
2224 285
2224 286
2224 287
2224 288
2224 289
2224 290
2224 291
2224 292
2224 293
2224 294
2224 295
2224 296
2225 263
2225 264
2225 265
2225 266
2225 267
2225 268
2225 269
2225 270
2225 271
2225 272
2225 273
2225 274
2225 275
2226 244
2226 245
2226 246
2226 247
2226 248
2226 249
2226 250
2226 251
2227 300
2227 301
2227 302
2227 303
2227 304
2227 305
2227 306
2227 307
2228 277
2228 278
2228 279
2228 280
2228 281
2228 282
2228 283
2228 284
2228 285
2228 286
2228 287
2228 288
2228 289
2229 256
2229 257
2229 258
2229 259
2229 260
2229 261
2229 262
2229 263
2229 264
2229 265
2229 266
2229 267
2231 292
2231 293
2231 294
2231 295
2231 296
2231 297
2231 298
2231 299
2231 300
2231 301
2232 270
2232 271
2232 272
2232 273
2232 274
2232 275
2232 276
2232 277
2232 278
2232 279
2232 280
2232 281
2233 249
2233 250
2233 251
2233 252
2233 253
2233 254
2233 255
2233 256
2233 257
2233 258
2233 259
2235 284
2235 285
2235 286
2235 287
2235 288
2235 289
2235 290
2235 291
2235 292
2235 293
2235 294
2236 262
2236 263
2236 264
2236 265
2236 266
2236 267
2236 268
2236 269
2236 270
2236 271
2236 272
2236 273
2236 274
2237 243
2237 244
2237 245
2237 246
2237 247
2237 248
2237 249
2237 250
2238 300
2238 301
2238 302
2238 303
2238 304
2238 305
2238 306
2239 277
2239 278
2239 279
2239 280
2239 281
2239 282
2239 283
2239 284
2239 285
2239 286
2239 287
2240 255
2240 256
2240 257
2240 258
2240 259
2240 260
2240 261
2240 262
2240 263
2240 264
2240 265
2240 266
2242 292
2242 293
2242 294
2242 295
2242 296
2242 297
2242 298
2242 299
2242 300
2243 269
2243 270
2243 271
2243 272
2243 273
2243 274
2243 275
2243 276
2243 277
2243 278
2243 279
2243 280
2244 249
2244 250
2244 251
2244 252
2244 253
2244 254
2244 255
2244 256
2244 257
2246 284
2246 285
2246 286
2246 287
2246 288
2246 289
2246 290
2246 291
2246 292
2246 293
2247 262
2247 263
2247 264
2247 265
2247 266
2247 267
2247 268
2247 269
2247 270
2247 271
2247 272
2248 243
2248 244
2248 245
2248 246
2248 247
2248 248
2249 300
2249 301
2249 302
2249 303
2249 304
2250 276
2250 277
2250 278
2250 279
2250 280
2250 281
2250 282
2250 283
2250 284
2250 285
2250 286
2251 255
2251 256
2251 257
2251 258
2251 259
2251 260
2251 261
2251 262
2251 263
2251 264
2253 291
2253 292
2253 293
2253 294
2253 295
2253 296
2253 297
2253 298
2254 268
2254 269
2254 270
2254 271
2254 272
2254 273
2254 274
2254 275
2254 276
2254 277
2254 278
2254 279
2255 248
2255 249
2255 250
2255 251
2255 252
2255 253
2255 254
2255 255
2255 256
2257 283
2257 284
2257 285
2257 286
2257 287
2257 288
2257 289
2257 290
2257 291
2257 292
2258 261
2258 262
2258 263
2258 264
2258 265
2258 266
2258 267
2258 268
2258 269
2258 270
2258 271
2259 243
2259 244
2259 245
2260 299
2260 300
2260 301
2260 302
2260 303
2261 275
2261 276
2261 277
2261 278
2261 279
2261 280
2261 281
2261 282
2261 283
2261 284
2261 285
2262 254
2262 255
2262 256
2262 257
2262 258
2262 259
2262 260
2262 261
2262 262
2262 263
2264 290
2264 291
2264 292
2264 293
2264 294
2264 295
2264 296
2264 297
2265 268
2265 269
2265 270
2265 271
2265 272
2265 273
2265 274
2265 275
2265 276
2265 277
2265 278
2266 248
2266 249
2266 250
2266 251
2266 252
2266 253
2266 254
2268 282
2268 283
2268 284
2268 285
2268 286
2268 287
2268 288
2268 289
2268 290
2268 291
2269 261
2269 262
2269 263
2269 264
2269 265
2269 266
2269 267
2269 268
2269 269
2269 270
2271 299
2271 300
2271 301
2272 275
2272 276
2272 277
2272 278
2272 279
2272 280
2272 281
2272 282
2272 283
2272 284
2273 254
2273 255
2273 256
2273 257
2273 258
2273 259
2273 260
2273 261
2275 290
2275 291
2275 292
2275 293
2275 294
2275 295
2275 296
2276 267
2276 268
2276 269
2276 270
2276 271
2276 272
2276 273
2276 274
2276 275
2276 276
2277 248
2277 249
2277 250
2277 251
2277 252
2279 282
2279 283
2279 284
2279 285
2279 286
2279 287
2279 288
2279 289
2280 260
2280 261
2280 262
2280 263
2280 264
2280 265
2280 266
2280 267
2280 268
2283 274
2283 275
2283 276
2283 277
2283 278
2283 279
2283 280
2283 281
2283 282
2284 253
2284 254
2284 255
2284 256
2284 257
2284 258
2284 259
2284 260
2286 290
2286 291
2286 292
2286 293
2286 294
2287 267
2287 268
2287 269
2287 270
2287 271
2287 272
2287 273
2287 274
2287 275
2288 248
2288 249
2288 250
2290 281
2290 282
2290 283
2290 284
2290 285
2290 286
2290 287
2290 288
2291 260
2291 261
2291 262
2291 263
2291 264
2291 265
2291 266
2291 267
2294 274
2294 275
2294 276
2294 277
2294 278
2294 279
2294 280
2294 281
2295 253
2295 254
2295 255
2295 256
2295 257
2295 258
2297 290
2297 291
2297 292
2298 266
2298 267
2298 268
2298 269
2298 270
2298 271
2298 272
2298 273
2301 281
2301 282
2301 283
2301 284
2301 285
2301 286
2302 259
2302 260
2302 261
2302 262
2302 263
2302 264
2302 265
2305 273
2305 274
2305 275
2305 276
2305 277
2305 278
2305 279
2306 253
2306 254
2306 255
2306 256
2309 266
2309 267
2309 268
2309 269
2309 270
2309 271
2309 272
2312 281
2312 282
2312 283
2312 284
2313 259
2313 260
2313 261
2313 262
2313 263
2316 273
2316 274
2316 275
2316 276
2316 277
2320 266
2320 267
2320 268
2320 269
2320 270
2323 282
2324 259
2324 260
2324 261
2327 273
2327 274
2327 275
2331 266
2331 267
3865 192
3865 193
3865 194
3869 185
3869 186
3876 190
3876 191
3876 192
3876 193
3880 183
3880 184
3880 185
3880 186
3883 197
3883 198
3883 199
3883 200
3887 189
3887 190
3887 191
3887 192
3887 193
3891 182
3891 183
3891 184
3891 185
3894 196
3894 197
3894 198
3894 199
3898 187
3898 188
3898 189
3898 190
3898 191
3898 192
3901 204
3902 180
3902 181
3902 182
3902 183
3902 184
3905 194
3905 195
3905 196
3905 197
3905 198
3905 199
3909 186
3909 187
3909 188
3909 189
3909 190
3909 191
3909 192
3912 202
3912 203
3912 204
3913 179
3913 180
3913 181
3913 182
3913 183
3913 184
3916 193
3916 194
3916 195
3916 196
3916 197
3916 198
3920 185
3920 186
3920 187
3920 188
3920 189
3920 190
3920 191
3923 200
3923 201
3923 202
3923 203
3923 204
3924 178
3924 179
3924 180
3924 181
3924 182
3924 183
3927 191
3927 192
3927 193
3927 194
3927 195
3927 196
3927 197
3931 184
3931 185
3931 186
3931 187
3931 188
3931 189
3931 190
3934 198
3934 199
3934 200
3934 201
3934 202
3934 203
3935 177
3935 178
3935 179
3935 180
3935 181
3935 182
3938 190
3938 191
3938 192
3938 193
3938 194
3938 195
3938 196
3938 197
3941 207
3941 208
3942 183
3942 184
3942 185
3942 186
3942 187
3942 188
3942 189
3945 197
3945 198
3945 199
3945 200
3945 201
3945 202
3945 203
3946 176
3946 177
3946 178
3946 179
3946 180
3946 181
3949 189
3949 190
3949 191
3949 192
3949 193
3949 194
3949 195
3949 196
3952 205
3952 206
3952 207
3952 208
3953 181
3953 182
3953 183
3953 184
3953 185
3953 186
3953 187
3953 188
3956 196
3956 197
3956 198
3956 199
3956 200
3956 201
3956 202
3957 175
3957 176
3957 177
3957 178
3957 179
3957 180
3960 188
3960 189
3960 190
3960 191
3960 192
3960 193
3960 194
3960 195
3963 203
3963 204
3963 205
3963 206
3963 207
3964 180
3964 181
3964 182
3964 183
3964 184
3964 185
3964 186
3964 187
3967 194
3967 195
3967 196
3967 197
3967 198
3967 199
3967 200
3967 201
3968 174
3968 175
3968 176
3968 177
3968 178
3968 179
3971 187
3971 188
3971 189
3971 190
3971 191
3971 192
3971 193
3971 194
3974 202
3974 203
3974 204
3974 205
3974 206
3974 207
3975 179
3975 180
3975 181
3975 182
3975 183
3975 184
3975 185
3975 186
3978 193
3978 194
3978 195
3978 196
3978 197
3978 198
3978 199
3978 200
3979 173
3979 174
3979 175
3979 176
3979 177
3979 178
3982 185
3982 186
3982 187
3982 188
3982 189
3982 190
3982 191
3982 192
3982 193
3985 200
3985 201
3985 202
3985 203
3985 204
3985 205
3985 206
3986 178
3986 179
3986 180
3986 181
3986 182
3986 183
3986 184
3986 185
3989 192
3989 193
3989 194
3989 195
3989 196
3989 197
3989 198
3989 199
3990 172
3990 173
3990 174
3990 175
3990 176
3990 177
3991 481
3991 482
3992 208
3992 209
3992 210
3992 211
3993 184
3993 185
3993 186
3993 187
3993 188
3993 189
3993 190
3993 191
3993 192
3995 474
3996 199
3996 200
3996 201
3996 202
3996 203
3996 204
3996 205
3997 177
3997 178
3997 179
3997 180
3997 181
3997 182
3997 183
3997 184
3998 488
4000 191
4000 192
4000 193
4000 194
4000 195
4000 196
4000 197
4000 198
4000 199
4001 171
4001 172
4001 173
4001 174
4001 175
4001 176
4002 479
4002 480
4002 481
4002 482
4003 207
4003 208
4003 209
4003 210
4004 183
4004 184
4004 185
4004 186
4004 187
4004 188
4004 189
4004 190
4004 191
4006 472
4006 473
4006 474
4007 198
4007 199
4007 200
4007 201
4007 202
4007 203
4007 204
4007 205
4008 176
4008 177
4008 178
4008 179
4008 180
4008 181
4008 182
4008 183
4009 485
4009 486
4009 487
4009 488
4009 489
4011 190
4011 191
4011 192
4011 193
4011 194
4011 195
4011 196
4011 197
4011 198
4012 170
4012 171
4012 172
4012 173
4012 174
4012 175
4013 477
4013 478
4013 479
4013 480
4013 481
4013 482
4014 205
4014 206
4014 207
4014 208
4014 209
4014 210
4015 182
4015 183
4015 184
4015 185
4015 186
4015 187
4015 188
4015 189
4015 190
4016 492
4016 493
4016 494
4017 470
4017 471
4017 472
4017 473
4017 474
4018 196
4018 197
4018 198
4018 199
4018 200
4018 201
4018 202
4018 203
4018 204
4019 175
4019 176
4019 177
4019 178
4019 179
4019 180
4019 181
4019 182
4020 483
4020 484
4020 485
4020 486
4020 487
4020 488
4020 489
4022 189
4022 190
4022 191
4022 192
4022 193
4022 194
4022 195
4022 196
4022 197
4023 170
4023 171
4023 172
4023 173
4023 174
4024 475
4024 476
4024 477
4024 478
4024 479
4024 480
4024 481
4025 204
4025 205
4025 206
4025 207
4025 208
4025 209
4026 181
4026 182
4026 183
4026 184
4026 185
4026 186
4026 187
4026 188
4026 189
4027 490
4027 491
4027 492
4027 493
4027 494
4027 495
4028 469
4028 470
4028 471
4028 472
4028 473
4028 474
4029 195
4029 196
4029 197
4029 198
4029 199
4029 200
4029 201
4029 202
4029 203
4030 175
4030 176
4030 177
4030 178
4030 179
4030 180
4030 181
4031 482
4031 483
4031 484
4031 485
4031 486
4031 487
4031 488
4032 464
4033 187
4033 188
4033 189
4033 190
4033 191
4033 192
4033 193
4033 194
4033 195
4033 196
4034 169
4034 170
4034 171
4034 172
4034 498
4034 499
4035 474
4035 475
4035 476
4035 477
4035 478
4035 479
4035 480
4035 481
4036 202
4036 203
4036 204
4036 205
4036 206
4036 207
4036 208
4037 180
4037 181
4037 182
4037 183
4037 184
4037 185
4037 186
4037 187
4037 188
4038 488
4038 489
4038 490
4038 491
4038 492
4038 493
4038 494
4039 467
4039 468
4039 469
4039 470
4039 471
4039 472
4039 473
4040 194
4040 195
4040 196
4040 197
4040 198
4040 199
4040 200
4040 201
4040 202
4041 174
4041 175
4041 176
4041 177
4041 178
4041 179
4041 180
4042 480
4042 481
4042 482
4042 483
4042 484
4042 485
4042 486
4042 487
4042 488
4043 211
4043 212
4043 462
4043 463
4043 464
4044 186
4044 187
4044 188
4044 189
4044 190
4044 191
4044 192
4044 193
4044 194
4044 195
4045 168
4045 169
4045 170
4045 171
4045 496
4045 497
4045 498
4045 499
4045 500
4046 473
4046 474
4046 475
4046 476
4046 477
4046 478
4046 479
4046 480
4047 201
4047 202
4047 203
4047 204
4047 205
4047 206
4047 207
4047 208
4048 179
4048 180
4048 181
4048 182
4048 183
4048 184
4048 185
4048 186
4048 187
4049 487
4049 488
4049 489
4049 490
4049 491
4049 492
4049 493
4049 494
4050 466
4050 467
4050 468
4050 469
4050 470
4050 471
4050 472
4051 193
4051 194
4051 195
4051 196
4051 197
4051 198
4051 199
4051 200
4051 201
4052 173
4052 174
4052 175
4052 176
4052 177
4052 178
4052 179
4053 479
4053 480
4053 481
4053 482
4053 483
4053 484
4053 485
4053 486
4053 487
4054 209
4054 210
4054 211
4054 212
4054 461
4054 462
4054 463
4055 185
4055 186
4055 187
4055 188
4055 189
4055 190
4055 191
4055 192
4055 193
4055 194
4056 168
4056 169
4056 170
4056 494
4056 495
4056 496
4056 497
4056 498
4056 499
4056 500
4057 472
4057 473
4057 474
4057 475
4057 476
4057 477
4057 478
4057 479
4057 480
4058 200
4058 201
4058 202
4058 203
4058 204
4058 205
4058 206
4058 207
4059 178
4059 179
4059 180
4059 181
4059 182
4059 183
4059 184
4059 185
4059 186
4060 485
4060 486
4060 487
4060 488
4060 489
4060 490
4060 491
4060 492
4060 493
4061 465
4061 466
4061 467
4061 468
4061 469
4061 470
4061 471
4061 472
4062 192
4062 193
4062 194
4062 195
4062 196
4062 197
4062 198
4062 199
4062 200
4063 172
4063 173
4063 174
4063 175
4063 176
4063 177
4063 178
4063 502
4063 503
4063 504
4064 478
4064 479
4064 480
4064 481
4064 482
4064 483
4064 484
4064 485
4064 486
4065 207
4065 208
4065 209
4065 210
4065 211
4065 212
4065 459
4065 460
4065 461
4065 462
4066 184
4066 185
4066 186
4066 187
4066 188
4066 189
4066 190
4066 191
4066 192
4066 193
4067 168
4067 492
4067 493
4067 494
4067 495
4067 496
4067 497
4067 498
4067 499
4068 470
4068 471
4068 472
4068 473
4068 474
4068 475
4068 476
4068 477
4068 478
4068 479
4069 199
4069 200
4069 201
4069 202
4069 203
4069 204
4069 205
4069 206
4070 177
4070 178
4070 179
4070 180
4070 181
4070 182
4070 183
4070 184
4070 185
4071 484
4071 485
4071 486
4071 487
4071 488
4071 489
4071 490
4071 491
4071 492
4071 493
4072 464
4072 465
4072 466
4072 467
4072 468
4072 469
4072 470
4072 471
4073 191
4073 192
4073 193
4073 194
4073 195
4073 196
4073 197
4073 198
4073 199
4074 171
4074 172
4074 173
4074 174
4074 175
4074 176
4074 177
4074 499
4074 500
4074 501
4074 502
4074 503
4074 504
4074 505
4075 476
4075 477
4075 478
4075 479
4075 480
4075 481
4075 482
4075 483
4075 484
4075 485
4075 486
4076 206
4076 207
4076 208
4076 209
4076 210
4076 211
4076 458
4076 459
4076 460
4076 461
4076 462
4077 183
4077 184
4077 185
4077 186
4077 187
4077 188
4077 189
4077 190
4077 191
4077 192
4078 491
4078 492
4078 493
4078 494
4078 495
4078 496
4078 497
4078 498
4078 499
4079 469
4079 470
4079 471
4079 472
4079 473
4079 474
4079 475
4079 476
4079 477
4079 478
4080 198
4080 199
4080 200
4080 201
4080 202
4080 203
4080 204
4080 205
4081 177
4081 178
4081 179
4081 180
4081 181
4081 182
4081 183
4081 184
4082 483
4082 484
4082 485
4082 486
4082 487
4082 488
4082 489
4082 490
4082 491
4082 492
4083 463
4083 464
4083 465
4083 466
4083 467
4083 468
4083 469
4083 470
4084 190
4084 191
4084 192
4084 193
4084 194
4084 195
4084 196
4084 197
4084 198
4085 170
4085 171
4085 172
4085 173
4085 174
4085 175
4085 176
4085 498
4085 499
4085 500
4085 501
4085 502
4085 503
4085 504
4086 475
4086 476
4086 477
4086 478
4086 479
4086 480
4086 481
4086 482
4086 483
4086 484
4086 485
4087 205
4087 206
4087 207
4087 208
4087 209
4087 210
4087 457
4087 458
4087 459
4087 460
4087 461
4088 183
4088 184
4088 185
4088 186
4088 187
4088 188
4088 189
4088 190
4088 191
4089 489
4089 490
4089 491
4089 492
4089 493
4089 494
4089 495
4089 496
4089 497
4089 498
4090 468
4090 469
4090 470
4090 471
4090 472
4090 473
4090 474
4090 475
4090 476
4090 477
4091 196
4091 197
4091 198
4091 199
4091 200
4091 201
4091 202
4091 203
4091 204
4092 176
4092 177
4092 178
4092 179
4092 180
4092 181
4092 182
4092 183
4092 506
4092 507
4092 508
4092 509
4093 481
4093 482
4093 483
4093 484
4093 485
4093 486
4093 487
4093 488
4093 489
4093 490
4093 491
4094 462
4094 463
4094 464
4094 465
4094 466
4094 467
4094 468
4094 469
4095 189
4095 190
4095 191
4095 192
4095 193
4095 194
4095 195
4095 196
4095 197
4096 170
4096 171
4096 172
4096 173
4096 174
4096 175
4096 496
4096 497
4096 498
4096 499
4096 500
4096 501
4096 502
4096 503
4096 504
4097 474
4097 475
4097 476
4097 477
4097 478
4097 479
4097 480
4097 481
4097 482
4097 483
4097 484
4098 204
4098 205
4098 206
4098 207
4098 208
4098 209
4098 456
4098 457
4098 458
4098 459
4098 460
4099 182
4099 183
4099 184
4099 185
4099 186
4099 187
4099 188
4099 189
4099 190
4100 488
4100 489
4100 490
4100 491
4100 492
4100 493
4100 494
4100 495
4100 496
4100 497
4100 498
4101 467
4101 468
4101 469
4101 470
4101 471
4101 472
4101 473
4101 474
4101 475
4101 476
4101 477
4102 195
4102 196
4102 197
4102 198
4102 199
4102 200
4102 201
4102 202
4102 203
4103 175
4103 176
4103 177
4103 178
4103 179
4103 180
4103 181
4103 182
4103 504
4103 505
4103 506
4103 507
4103 508
4103 509
4104 480
4104 481
4104 482
4104 483
4104 484
4104 485
4104 486
4104 487
4104 488
4104 489
4104 490
4104 491
4105 212
4105 213
4105 461
4105 462
4105 463
4105 464
4105 465
4105 466
4105 467
4105 468
4106 188
4106 189
4106 190
4106 191
4106 192
4106 193
4106 194
4106 195
4106 196
4107 169
4107 170
4107 171
4107 172
4107 173
4107 495
4107 496
4107 497
4107 498
4107 499
4107 500
4107 501
4107 502
4107 503
4108 473
4108 474
4108 475
4108 476
4108 477
4108 478
4108 479
4108 480
4108 481
4108 482
4108 483
4109 202
4109 203
4109 204
4109 205
4109 206
4109 207
4109 208
4109 209
4109 455
4109 456
4109 457
4109 458
4109 459
4110 181
4110 182
4110 183
4110 184
4110 185
4110 186
4110 187
4110 188
4110 189
4111 487
4111 488
4111 489
4111 490
4111 491
4111 492
4111 493
4111 494
4111 495
4111 496
4111 497
4112 466
4112 467
4112 468
4112 469
4112 470
4112 471
4112 472
4112 473
4112 474
4112 475
4112 476
4113 194
4113 195
4113 196
4113 197
4113 198
4113 199
4113 200
4113 201
4113 202
4114 174
4114 175
4114 176
4114 177
4114 178
4114 179
4114 180
4114 181
4114 502
4114 503
4114 504
4114 505
4114 506
4114 507
4114 508
4114 509
4115 479
4115 480
4115 481
4115 482
4115 483
4115 484
4115 485
4115 486
4115 487
4115 488
4115 489
4115 490
4116 210
4116 211
4116 212
4116 213
4116 460
4116 461
4116 462
4116 463
4116 464
4116 465
4116 466
4116 467
4117 187
4117 188
4117 189
4117 190
4117 191
4117 192
4117 193
4117 194
4117 195
4118 169
4118 170
4118 171
4118 172
4118 493
4118 494
4118 495
4118 496
4118 497
4118 498
4118 499
4118 500
4118 501
4118 502
4118 503
4119 472
4119 473
4119 474
4119 475
4119 476
4119 477
4119 478
4119 479
4119 480
4119 481
4119 482
4119 483
4120 201
4120 202
4120 203
4120 204
4120 205
4120 206
4120 207
4120 208
4120 455
4120 456
4120 457
4120 458
4121 180
4121 181
4121 182
4121 183
4121 184
4121 185
4121 186
4121 187
4121 188
4121 510
4121 511
4121 512
4121 513
4122 485
4122 486
4122 487
4122 488
4122 489
4122 490
4122 491
4122 492
4122 493
4122 494
4122 495
4122 496
4123 465
4123 466
4123 467
4123 468
4123 469
4123 470
4123 471
4123 472
4123 473
4123 474
4123 475
4124 193
4124 194
4124 195
4124 196
4124 197
4124 198
4124 199
4124 200
4124 201
4125 173
4125 174
4125 175
4125 176
4125 177
4125 178
4125 179
4125 180
4125 500
4125 501
4125 502
4125 503
4125 504
4125 505
4125 506
4125 507
4125 508
4126 478
4126 479
4126 480
4126 481
4126 482
4126 483
4126 484
4126 485
4126 486
4126 487
4126 488
4126 489
4127 209
4127 210
4127 211
4127 212
4127 459
4127 460
4127 461
4127 462
4127 463
4127 464
4127 465
4127 466
4127 467
4128 186
4128 187
4128 188
4128 189
4128 190
4128 191
4128 192
4128 193
4128 194
4129 168
4129 169
4129 170
4129 171
4129 492
4129 493
4129 494
4129 495
4129 496
4129 497
4129 498
4129 499
4129 500
4129 501
4129 502
4130 471
4130 472
4130 473
4130 474
4130 475
4130 476
4130 477
4130 478
4130 479
4130 480
4130 481
4130 482
4131 200
4131 201
4131 202
4131 203
4131 204
4131 205
4131 206
4131 207
4131 454
4131 455
4131 456
4131 457
4132 179
4132 180
4132 181
4132 182
4132 183
4132 184
4132 185
4132 186
4132 187
4132 508
4132 509
4132 510
4132 511
4132 512
4132 513
4133 484
4133 485
4133 486
4133 487
4133 488
4133 489
4133 490
4133 491
4133 492
4133 493
4133 494
4133 495
4134 464
4134 465
4134 466
4134 467
4134 468
4134 469
4134 470
4134 471
4134 472
4134 473
4134 474
4135 192
4135 193
4135 194
4135 195
4135 196
4135 197
4135 198
4135 199
4135 200
4136 173
4136 174
4136 175
4136 176
4136 177
4136 178
4136 179
4136 499
4136 500
4136 501
4136 502
4136 503
4136 504
4136 505
4136 506
4136 507
4136 508
4137 477
4137 478
4137 479
4137 480
4137 481
4137 482
4137 483
4137 484
4137 485
4137 486
4137 487
4137 488
4138 208
4138 209
4138 210
4138 211
4138 212
4138 458
4138 459
4138 460
4138 461
4138 462
4138 463
4138 464
4138 465
4138 466
4139 185
4139 186
4139 187
4139 188
4139 189
4139 190
4139 191
4139 192
4139 193
4140 168
4140 169
4140 491
4140 492
4140 493
4140 494
4140 495
4140 496
4140 497
4140 498
4140 499
4140 500
4140 501
4141 469
4141 470
4141 471
4141 472
4141 473
4141 474
4141 475
4141 476
4141 477
4141 478
4141 479
4141 480
4141 481
4142 199
4142 200
4142 201
4142 202
4142 203
4142 204
4142 205
4142 206
4142 453
4142 454
4142 455
4142 456
4143 178
4143 179
4143 180
4143 181
4143 182
4143 183
4143 184
4143 185
4143 186
4143 506
4143 507
4143 508
4143 509
4143 510
4143 511
4143 512
4143 513
4144 483
4144 484
4144 485
4144 486
4144 487
4144 488
4144 489
4144 490
4144 491
4144 492
4144 493
4144 494
4144 495
4145 463
4145 464
4145 465
4145 466
4145 467
4145 468
4145 469
4145 470
4145 471
4145 472
4145 473
4146 191
4146 192
4146 193
4146 194
4146 195
4146 196
4146 197
4146 198
4146 199
4147 172
4147 173
4147 174
4147 175
4147 176
4147 177
4147 497
4147 498
4147 499
4147 500
4147 501
4147 502
4147 503
4147 504
4147 505
4147 506
4147 507
4148 475
4148 476
4148 477
4148 478
4148 479
4148 480
4148 481
4148 482
4148 483
4148 484
4148 485
4148 486
4148 487
4148 488
4149 206
4149 207
4149 208
4149 209
4149 210
4149 211
4149 457
4149 458
4149 459
4149 460
4149 461
4149 462
4149 463
4149 464
4149 465
4150 184
4150 185
4150 186
4150 187
4150 188
4150 189
4150 190
4150 191
4150 192
4150 515
4150 516
4150 517
4151 489
4151 490
4151 491
4151 492
4151 493
4151 494
4151 495
4151 496
4151 497
4151 498
4151 499
4151 500
4151 501
4152 468
4152 469
4152 470
4152 471
4152 472
4152 473
4152 474
4152 475
4152 476
4152 477
4152 478
4152 479
4152 480
4153 198
4153 199
4153 200
4153 201
4153 202
4153 203
4153 204
4153 205
4153 452
4153 453
4153 454
4153 455
4154 177
4154 178
4154 179
4154 180
4154 181
4154 182
4154 183
4154 184
4154 185
4154 505
4154 506
4154 507
4154 508
4154 509
4154 510
4154 511
4154 512
4155 482
4155 483
4155 484
4155 485
4155 486
4155 487
4155 488
4155 489
4155 490
4155 491
4155 492
4155 493
4155 494
4156 462
4156 463
4156 464
4156 465
4156 466
4156 467
4156 468
4156 469
4156 470
4156 471
4156 472
4157 190
4157 191
4157 192
4157 193
4157 194
4157 195
4157 196
4157 197
4157 198
4158 171
4158 172
4158 173
4158 174
4158 175
4158 176
4158 496
4158 497
4158 498
4158 499
4158 500
4158 501
4158 502
4158 503
4158 504
4158 505
4158 506
4158 507
4159 474
4159 475
4159 476
4159 477
4159 478
4159 479
4159 480
4159 481
4159 482
4159 483
4159 484
4159 485
4159 486
4159 487
4160 205
4160 206
4160 207
4160 208
4160 209
4160 210
4160 456
4160 457
4160 458
4160 459
4160 460
4160 461
4160 462
4160 463
4160 464
4161 183
4161 184
4161 185
4161 186
4161 187
4161 188
4161 189
4161 190
4161 191
4161 512
4161 513
4161 514
4161 515
4161 516
4161 517
4162 488
4162 489
4162 490
4162 491
4162 492
4162 493
4162 494
4162 495
4162 496
4162 497
4162 498
4162 499
4162 500
4163 467
4163 468
4163 469
4163 470
4163 471
4163 472
4163 473
4163 474
4163 475
4163 476
4163 477
4163 478
4163 479
4164 197
4164 198
4164 199
4164 200
4164 201
4164 202
4164 203
4164 204
4164 452
4164 453
4165 177
4165 178
4165 179
4165 180
4165 181
4165 182
4165 183
4165 503
4165 504
4165 505
4165 506
4165 507
4165 508
4165 509
4165 510
4165 511
4165 512
4166 481
4166 482
4166 483
4166 484
4166 485
4166 486
4166 487
4166 488
4166 489
4166 490
4166 491
4166 492
4166 493
4167 461
4167 462
4167 463
4167 464
4167 465
4167 466
4167 467
4167 468
4167 469
4167 470
4167 471
4168 189
4168 190
4168 191
4168 192
4168 193
4168 194
4168 195
4168 196
4168 197
4169 171
4169 172
4169 173
4169 174
4169 175
4169 495
4169 496
4169 497
4169 498
4169 499
4169 500
4169 501
4169 502
4169 503
4169 504
4169 505
4169 506
4170 473
4170 474
4170 475
4170 476
4170 477
4170 478
4170 479
4170 480
4170 481
4170 482
4170 483
4170 484
4170 485
4170 486
4171 204
4171 205
4171 206
4171 207
4171 208
4171 209
4171 455
4171 456
4171 457
4171 458
4171 459
4171 460
4171 461
4171 462
4171 463
4172 182
4172 183
4172 184
4172 185
4172 186
4172 187
4172 188
4172 189
4172 190
4172 511
4172 512
4172 513
4172 514
4172 515
4172 516
4172 517
4173 487
4173 488
4173 489
4173 490
4173 491
4173 492
4173 493
4173 494
4173 495
4173 496
4173 497
4173 498
4173 499
4174 466
4174 467
4174 468
4174 469
4174 470
4174 471
4174 472
4174 473
4174 474
4174 475
4174 476
4174 477
4174 478
4175 196
4175 197
4175 198
4175 199
4175 200
4175 201
4175 202
4175 203
4176 176
4176 177
4176 178
4176 179
4176 180
4176 181
4176 182
4176 502
4176 503
4176 504
4176 505
4176 506
4176 507
4176 508
4176 509
4176 510
4176 511
4177 479
4177 480
4177 481
4177 482
4177 483
4177 484
4177 485
4177 486
4177 487
4177 488
4177 489
4177 490
4177 491
4177 492
4178 460
4178 461
4178 462
4178 463
4178 464
4178 465
4178 466
4178 467
4178 468
4178 469
4178 470
4179 189
4179 190
4179 191
4179 192
4179 193
4179 194
4179 195
4179 196
4180 170
4180 171
4180 172
4180 173
4180 494
4180 495
4180 496
4180 497
4180 498
4180 499
4180 500
4180 501
4180 502
4180 503
4180 504
4180 505
4181 472
4181 473
4181 474
4181 475
4181 476
4181 477
4181 478
4181 479
4181 480
4181 481
4181 482
4181 483
4181 484
4181 485
4182 203
4182 204
4182 205
4182 206
4182 207
4182 208
4182 454
4182 455
4182 456
4182 457
4182 458
4182 459
4182 460
4182 461
4182 462
4183 182
4183 183
4183 184
4183 185
4183 186
4183 187
4183 188
4183 189
4183 509
4183 510
4183 511
4183 512
4183 513
4183 514
4183 515
4183 516
4184 486
4184 487
4184 488
4184 489
4184 490
4184 491
4184 492
4184 493
4184 494
4184 495
4184 496
4184 497
4184 498
4185 465
4185 466
4185 467
4185 468
4185 469
4185 470
4185 471
4185 472
4185 473
4185 474
4185 475
4185 476
4185 477
4186 195
4186 196
4186 197
4186 198
4186 199
4186 200
4186 201
4186 202
4187 175
4187 176
4187 177
4187 178
4187 179
4187 180
4187 181
4187 500
4187 501
4187 502
4187 503
4187 504
4187 505
4187 506
4187 507
4187 508
4187 509
4187 510
4187 511
4188 478
4188 479
4188 480
4188 481
4188 482
4188 483
4188 484
4188 485
4188 486
4188 487
4188 488
4188 489
4188 490
4188 491
4189 211
4189 212
4189 459
4189 460
4189 461
4189 462
4189 463
4189 464
4189 465
4189 466
4189 467
4189 468
4189 469
4190 188
4190 189
4190 190
4190 191
4190 192
4190 193
4190 194
4190 195
4190 517
4190 518
4190 519
4190 520
4191 170
4191 171
4191 172
4191 492
4191 493
4191 494
4191 495
4191 496
4191 497
4191 498
4191 499
4191 500
4191 501
4191 502
4191 503
4191 504
4192 471
4192 472
4192 473
4192 474
4192 475
4192 476
4192 477
4192 478
4192 479
4192 480
4192 481
4192 482
4192 483
4192 484
4193 202
4193 203
4193 204
4193 205
4193 206
4193 207
4193 453
4193 454
4193 455
4193 456
4193 457
4193 458
4193 459
4193 460
4193 461
4194 181
4194 182
4194 183
4194 184
4194 185
4194 186
4194 187
4194 188
4194 507
4194 508
4194 509
4194 510
4194 511
4194 512
4194 513
4194 514
4194 515
4194 516
4195 485
4195 486
4195 487
4195 488
4195 489
4195 490
4195 491
4195 492
4195 493
4195 494
4195 495
4195 496
4195 497
4195 498
4196 465
4196 466
4196 467
4196 468
4196 469
4196 470
4196 471
4196 472
4196 473
4196 474
4196 475
4196 476
4197 194
4197 195
4197 196
4197 197
4197 198
4197 199
4197 200
4197 201
4198 175
4198 176
4198 177
4198 178
4198 179
4198 180
4198 499
4198 500
4198 501
4198 502
4198 503
4198 504
4198 505
4198 506
4198 507
4198 508
4198 509
4198 510
4199 477
4199 478
4199 479
4199 480
4199 481
4199 482
4199 483
4199 484
4199 485
4199 486
4199 487
4199 488
4199 489
4199 490
4199 491
4200 210
4200 211
4200 458
4200 459
4200 460
4200 461
4200 462
4200 463
4200 464
4200 465
4200 466
4200 467
4200 468
4201 187
4201 188
4201 189
4201 190
4201 191
4201 192
4201 193
4201 194
4201 515
4201 516
4201 517
4201 518
4201 519
4201 520
4201 521
4202 491
4202 492
4202 493
4202 494
4202 495
4202 496
4202 497
4202 498
4202 499
4202 500
4202 501
4202 502
4202 503
4202 504
4203 470
4203 471
4203 472
4203 473
4203 474
4203 475
4203 476
4203 477
4203 478
4203 479
4203 480
4203 481
4203 482
4203 483
4204 201
4204 202
4204 203
4204 204
4204 205
4204 206
4204 453
4204 454
4204 455
4204 456
4204 457
4204 458
4204 459
4204 460
4205 180
4205 181
4205 182
4205 183
4205 184
4205 185
4205 186
4205 187
4205 506
4205 507
4205 508
4205 509
4205 510
4205 511
4205 512
4205 513
4205 514
4205 515
4206 484
4206 485
4206 486
4206 487
4206 488
4206 489
4206 490
4206 491
4206 492
4206 493
4206 494
4206 495
4206 496
4206 497
4207 464
4207 465
4207 466
4207 467
4207 468
4207 469
4207 470
4207 471
4207 472
4207 473
4207 474
4207 475
4208 193
4208 194
4208 195
4208 196
4208 197
4208 198
4208 199
4208 200
4209 174
4209 175
4209 176
4209 177
4209 178
4209 179
4209 498
4209 499
4209 500
4209 501
4209 502
4209 503
4209 504
4209 505
4209 506
4209 507
4209 508
4209 509
4210 476
4210 477
4210 478
4210 479
4210 480
4210 481
4210 482
4210 483
4210 484
4210 485
4210 486
4210 487
4210 488
4210 489
4210 490
4211 209
4211 210
4211 211
4211 457
4211 458
4211 459
4211 460
4211 461
4211 462
4211 463
4211 464
4211 465
4211 466
4211 467
4212 186
4212 187
4212 188
4212 189
4212 190
4212 191
4212 192
4212 193
4212 513
4212 514
4212 515
4212 516
4212 517
4212 518
4212 519
4212 520
4213 490
4213 491
4213 492
4213 493
4213 494
4213 495
4213 496
4213 497
4213 498
4213 499
4213 500
4213 501
4213 502
4213 503
4214 469
4214 470
4214 471
4214 472
4214 473
4214 474
4214 475
4214 476
4214 477
4214 478
4214 479
4214 480
4214 481
4214 482
4215 200
4215 201
4215 202
4215 203
4215 204
4215 205
4215 452
4215 453
4215 454
4215 455
4215 456
4215 457
4215 458
4215 459
4216 179
4216 180
4216 181
4216 182
4216 183
4216 184
4216 185
4216 505
4216 506
4216 507
4216 508
4216 509
4216 510
4216 511
4216 512
4216 513
4216 514
4216 515
4217 483
4217 484
4217 485
4217 486
4217 487
4217 488
4217 489
4217 490
4217 491
4217 492
4217 493
4217 494
4217 495
4217 496
4218 463
4218 464
4218 465
4218 466
4218 467
4218 468
4218 469
4218 470
4218 471
4218 472
4218 473
4218 474
4218 475
4219 192
4219 193
4219 194
4219 195
4219 196
4219 197
4219 198
4219 199
4219 522
4219 523
4220 173
4220 174
4220 175
4220 176
4220 177
4220 497
4220 498
4220 499
4220 500
4220 501
4220 502
4220 503
4220 504
4220 505
4220 506
4220 507
4220 508
4220 509
4221 475
4221 476
4221 477
4221 478
4221 479
4221 480
4221 481
4221 482
4221 483
4221 484
4221 485
4221 486
4221 487
4221 488
4221 489
4222 208
4222 209
4222 210
4222 457
4222 458
4222 459
4222 460
4222 461
4222 462
4222 463
4222 464
4222 465
4222 466
4223 185
4223 186
4223 187
4223 188
4223 189
4223 190
4223 191
4223 192
4223 512
4223 513
4223 514
4223 515
4223 516
4223 517
4223 518
4223 519
4223 520
4224 489
4224 490
4224 491
4224 492
4224 493
4224 494
4224 495
4224 496
4224 497
4224 498
4224 499
4224 500
4224 501
4224 502
4225 468
4225 469
4225 470
4225 471
4225 472
4225 473
4225 474
4225 475
4225 476
4225 477
4225 478
4225 479
4225 480
4225 481
4226 199
4226 200
4226 201
4226 202
4226 203
4226 204
4226 451
4226 452
4226 453
4226 454
4226 455
4226 456
4226 457
4227 179
4227 180
4227 181
4227 182
4227 183
4227 184
4227 503
4227 504
4227 505
4227 506
4227 507
4227 508
4227 509
4227 510
4227 511
4227 512
4227 513
4227 514
4228 481
4228 482
4228 483
4228 484
4228 485
4228 486
4228 487
4228 488
4228 489
4228 490
4228 491
4228 492
4228 493
4228 494
4228 495
4229 462
4229 463
4229 464
4229 465
4229 466
4229 467
4229 468
4229 469
4229 470
4229 471
4229 472
4229 473
4229 474
4230 191
4230 192
4230 193
4230 194
4230 195
4230 196
4230 197
4230 198
4230 520
4230 521
4230 522
4230 523
4230 524
4231 173
4231 174
4231 175
4231 176
4231 495
4231 496
4231 497
4231 498
4231 499
4231 500
4231 501
4231 502
4231 503
4231 504
4231 505
4231 506
4231 507
4231 508
4232 474
4232 475
4232 476
4232 477
4232 478
4232 479
4232 480
4232 481
4232 482
4232 483
4232 484
4232 485
4232 486
4232 487
4232 488
4233 206
4233 207
4233 208
4233 209
4233 456
4233 457
4233 458
4233 459
4233 460
4233 461
4233 462
4233 463
4233 464
4233 465
4234 184
4234 185
4234 186
4234 187
4234 188
4234 189
4234 190
4234 191
4234 510
4234 511
4234 512
4234 513
4234 514
4234 515
4234 516
4234 517
4234 518
4234 519
4235 488
4235 489
4235 490
4235 491
4235 492
4235 493
4235 494
4235 495
4235 496
4235 497
4235 498
4235 499
4235 500
4235 501
4236 467
4236 468
4236 469
4236 470
4236 471
4236 472
4236 473
4236 474
4236 475
4236 476
4236 477
4236 478
4236 479
4236 480
4237 198
4237 199
4237 200
4237 201
4237 202
4237 203
4237 451
4237 452
4237 453
4237 454
4237 455
4237 456
4238 178
4238 179
4238 180
4238 181
4238 182
4238 183
4238 502
4238 503
4238 504
4238 505
4238 506
4238 507
4238 508
4238 509
4238 510
4238 511
4238 512
4238 513
4238 514
4239 480
4239 481
4239 482
4239 483
4239 484
4239 485
4239 486
4239 487
4239 488
4239 489
4239 490
4239 491
4239 492
4239 493
4239 494
4240 461
4240 462
4240 463
4240 464
4240 465
4240 466
4240 467
4240 468
4240 469
4240 470
4240 471
4240 472
4240 473
4241 191
4241 192
4241 193
4241 194
4241 195
4241 196
4241 197
4241 518
4241 519
4241 520
4241 521
4241 522
4241 523
4241 524
4242 494
4242 495
4242 496
4242 497
4242 498
4242 499
4242 500
4242 501
4242 502
4242 503
4242 504
4242 505
4242 506
4242 507
4243 473
4243 474
4243 475
4243 476
4243 477
4243 478
4243 479
4243 480
4243 481
4243 482
4243 483
4243 484
4243 485
4243 486
4243 487
4244 205
4244 206
4244 207
4244 208
4244 455
4244 456
4244 457
4244 458
4244 459
4244 460
4244 461
4244 462
4244 463
4244 464
4245 184
4245 185
4245 186
4245 187
4245 188
4245 189
4245 190
4245 509
4245 510
4245 511
4245 512
4245 513
4245 514
4245 515
4245 516
4245 517
4245 518
4245 519
4246 487
4246 488
4246 489
4246 490
4246 491
4246 492
4246 493
4246 494
4246 495
4246 496
4246 497
4246 498
4246 499
4246 500
4247 466
4247 467
4247 468
4247 469
4247 470
4247 471
4247 472
4247 473
4247 474
4247 475
4247 476
4247 477
4247 478
4247 479
4248 197
4248 198
4248 199
4248 200
4248 201
4248 202
4248 450
4248 451
4248 452
4248 453
4248 454
4248 455
4249 178
4249 179
4249 180
4249 181
4249 182
4249 501
4249 502
4249 503
4249 504
4249 505
4249 506
4249 507
4249 508
4249 509
4249 510
4249 511
4249 512
4249 513
4250 479
4250 480
4250 481
4250 482
4250 483
4250 484
4250 485
4250 486
4250 487
4250 488
4250 489
4250 490
4250 491
4250 492
4250 493
4251 460
4251 461
4251 462
4251 463
4251 464
4251 465
4251 466
4251 467
4251 468
4251 469
4251 470
4251 471
4251 472
4252 190
4252 191
4252 192
4252 193
4252 194
4252 195
4252 196
4252 516
4252 517
4252 518
4252 519
4252 520
4252 521
4252 522
4252 523
4252 524
4253 493
4253 494
4253 495
4253 496
4253 497
4253 498
4253 499
4253 500
4253 501
4253 502
4253 503
4253 504
4253 505
4253 506
4254 472
4254 473
4254 474
4254 475
4254 476
4254 477
4254 478
4254 479
4254 480
4254 481
4254 482
4254 483
4254 484
4254 485
4254 486
4255 204
4255 205
4255 206
4255 207
4255 454
4255 455
4255 456
4255 457
4255 458
4255 459
4255 460
4255 461
4255 462
4255 463
4256 183
4256 184
4256 185
4256 186
4256 187
4256 188
4256 508
4256 509
4256 510
4256 511
4256 512
4256 513
4256 514
4256 515
4256 516
4256 517
4256 518
4257 486
4257 487
4257 488
4257 489
4257 490
4257 491
4257 492
4257 493
4257 494
4257 495
4257 496
4257 497
4257 498
4257 499
4257 500
4258 466
4258 467
4258 468
4258 469
4258 470
4258 471
4258 472
4258 473
4258 474
4258 475
4258 476
4258 477
4258 478
4259 196
4259 197
4259 198
4259 199
4259 200
4259 201
4259 450
4259 451
4259 452
4259 453
4259 454
4259 525
4259 526
4259 527
4260 177
4260 178
4260 179
4260 180
4260 500
4260 501
4260 502
4260 503
4260 504
4260 505
4260 506
4260 507
4260 508
4260 509
4260 510
4260 511
4260 512
4261 478
4261 479
4261 480
4261 481
4261 482
4261 483
4261 484
4261 485
4261 486
4261 487
4261 488
4261 489
4261 490
4261 491
4261 492
4262 459
4262 460
4262 461
4262 462
4262 463
4262 464
4262 465
4262 466
4262 467
4262 468
4262 469
4262 470
4262 471
4263 189
4263 190
4263 191
4263 192
4263 193
4263 194
4263 515
4263 516
4263 517
4263 518
4263 519
4263 520
4263 521
4263 522
4263 523
4264 492
4264 493
4264 494
4264 495
4264 496
4264 497
4264 498
4264 499
4264 500
4264 501
4264 502
4264 503
4264 504
4264 505
4264 506
4265 471
4265 472
4265 473
4265 474
4265 475
4265 476
4265 477
4265 478
4265 479
4265 480
4265 481
4265 482
4265 483
4265 484
4265 485
4266 204
4266 205
4266 206
4266 453
4266 454
4266 455
4266 456
4266 457
4266 458
4266 459
4266 460
4266 461
4266 462
4267 182
4267 183
4267 184
4267 185
4267 186
4267 187
4267 507
4267 508
4267 509
4267 510
4267 511
4267 512
4267 513
4267 514
4267 515
4267 516
4267 517
4267 518
4268 485
4268 486
4268 487
4268 488
4268 489
4268 490
4268 491
4268 492
4268 493
4268 494
4268 495
4268 496
4268 497
4268 498
4268 499
4269 465
4269 466
4269 467
4269 468
4269 469
4269 470
4269 471
4269 472
4269 473
4269 474
4269 475
4269 476
4269 477
4270 196
4270 197
4270 198
4270 199
4270 200
4270 449
4270 450
4270 451
4270 452
4270 523
4270 524
4270 525
4270 526
4270 527
4271 177
4271 178
4271 499
4271 500
4271 501
4271 502
4271 503
4271 504
4271 505
4271 506
4271 507
4271 508
4271 509
4271 510
4271 511
4272 477
4272 478
4272 479
4272 480
4272 481
4272 482
4272 483
4272 484
4272 485
4272 486
4272 487
4272 488
4272 489
4272 490
4272 491
4272 492
4273 458
4273 459
4273 460
4273 461
4273 462
4273 463
4273 464
4273 465
4273 466
4273 467
4273 468
4273 469
4273 470
4274 188
4274 189
4274 190
4274 191
4274 192
4274 193
4274 514
4274 515
4274 516
4274 517
4274 518
4274 519
4274 520
4274 521
4274 522
4274 523
4275 491
4275 492
4275 493
4275 494
4275 495
4275 496
4275 497
4275 498
4275 499
4275 500
4275 501
4275 502
4275 503
4275 504
4275 505
4276 470
4276 471
4276 472
4276 473
4276 474
4276 475
4276 476
4276 477
4276 478
4276 479
4276 480
4276 481
4276 482
4276 483
4276 484
4277 203
4277 204
4277 205
4277 453
4277 454
4277 455
4277 456
4277 457
4277 458
4277 459
4277 460
4277 461
4278 182
4278 183
4278 184
4278 185
4278 186
4278 505
4278 506
4278 507
4278 508
4278 509
4278 510
4278 511
4278 512
4278 513
4278 514
4278 515
4278 516
4278 517
4279 484
4279 485
4279 486
4279 487
4279 488
4279 489
4279 490
4279 491
4279 492
4279 493
4279 494
4279 495
4279 496
4279 497
4279 498
4280 464
4280 465
4280 466
4280 467
4280 468
4280 469
4280 470
4280 471
4280 472
4280 473
4280 474
4280 475
4280 476
4281 195
4281 196
4281 197
4281 198
4281 199
4281 449
4281 450
4281 451
4281 521
4281 522
4281 523
4281 524
4281 525
4281 526
4281 527
4282 497
4282 498
4282 499
4282 500
4282 501
4282 502
4282 503
4282 504
4282 505
4282 506
4282 507
4282 508
4282 509
4282 510
4282 511
4283 476
4283 477
4283 478
4283 479
4283 480
4283 481
4283 482
4283 483
4283 484
4283 485
4283 486
4283 487
4283 488
4283 489
4283 490
4283 491
4284 458
4284 459
4284 460
4284 461
4284 462
4284 463
4284 464
4284 465
4284 466
4284 467
4284 468
4285 188
4285 189
4285 190
4285 191
4285 192
4285 512
4285 513
4285 514
4285 515
4285 516
4285 517
4285 518
4285 519
4285 520
4285 521
4285 522
4286 490
4286 491
4286 492
4286 493
4286 494
4286 495
4286 496
4286 497
4286 498
4286 499
4286 500
4286 501
4286 502
4286 503
4286 504
4287 470
4287 471
4287 472
4287 473
4287 474
4287 475
4287 476
4287 477
4287 478
4287 479
4287 480
4287 481
4287 482
4287 483
4288 202
4288 203
4288 204
4288 452
4288 453
4288 454
4288 455
4288 456
4288 457
4288 458
4288 459
4288 460
4289 182
4289 183
4289 184
4289 504
4289 505
4289 506
4289 507
4289 508
4289 509
4289 510
4289 511
4289 512
4289 513
4289 514
4289 515
4289 516
4290 483
4290 484
4290 485
4290 486
4290 487
4290 488
4290 489
4290 490
4290 491
4290 492
4290 493
4290 494
4290 495
4290 496
4290 497
4291 463
4291 464
4291 465
4291 466
4291 467
4291 468
4291 469
4291 470
4291 471
4291 472
4291 473
4291 474
4291 475
4292 194
4292 195
4292 196
4292 197
4292 198
4292 520
4292 521
4292 522
4292 523
4292 524
4292 525
4292 526
4292 527
4293 496
4293 497
4293 498
4293 499
4293 500
4293 501
4293 502
4293 503
4293 504
4293 505
4293 506
4293 507
4293 508
4293 509
4293 510
4294 475
4294 476
4294 477
4294 478
4294 479
4294 480
4294 481
4294 482
4294 483
4294 484
4294 485
4294 486
4294 487
4294 488
4294 489
4294 490
4295 457
4295 458
4295 459
4295 460
4295 461
4295 462
4295 463
4295 464
4295 465
4295 466
4295 467
4296 187
4296 188
4296 189
4296 190
4296 191
4296 511
4296 512
4296 513
4296 514
4296 515
4296 516
4296 517
4296 518
4296 519
4296 520
4296 521
4297 489
4297 490
4297 491
4297 492
4297 493
4297 494
4297 495
4297 496
4297 497
4297 498
4297 499
4297 500
4297 501
4297 502
4297 503
4298 469
4298 470
4298 471
4298 472
4298 473
4298 474
4298 475
4298 476
4298 477
4298 478
4298 479
4298 480
4298 481
4298 482
4299 202
4299 452
4299 453
4299 454
4299 455
4299 456
4299 457
4299 458
4299 459
4299 528
4299 529
4299 530
4300 182
4300 503
4300 504
4300 505
4300 506
4300 507
4300 508
4300 509
4300 510
4300 511
4300 512
4300 513
4300 514
4300 515
4301 482
4301 483
4301 484
4301 485
4301 486
4301 487
4301 488
4301 489
4301 490
4301 491
4301 492
4301 493
4301 494
4301 495
4301 496
4302 462
4302 463
4302 464
4302 465
4302 466
4302 467
4302 468
4302 469
4302 470
4302 471
4302 472
4302 473
4302 474
4303 194
4303 195
4303 196
4303 518
4303 519
4303 520
4303 521
4303 522
4303 523
4303 524
4303 525
4303 526
4304 495
4304 496
4304 497
4304 498
4304 499
4304 500
4304 501
4304 502
4304 503
4304 504
4304 505
4304 506
4304 507
4304 508
4304 509
4305 474
4305 475
4305 476
4305 477
4305 478
4305 479
4305 480
4305 481
4305 482
4305 483
4305 484
4305 485
4305 486
4305 487
4305 488
4305 489
4306 456
4306 457
4306 458
4306 459
4306 460
4306 461
4306 462
4306 463
4306 464
4306 465
4306 466
4307 187
4307 188
4307 189
4307 510
4307 511
4307 512
4307 513
4307 514
4307 515
4307 516
4307 517
4307 518
4307 519
4307 520
4307 521
4308 488
4308 489
4308 490
4308 491
4308 492
4308 493
4308 494
4308 495
4308 496
4308 497
4308 498
4308 499
4308 500
4308 501
4308 502
4309 468
4309 469
4309 470
4309 471
4309 472
4309 473
4309 474
4309 475
4309 476
4309 477
4309 478
4309 479
4309 480
4309 481
4310 451
4310 452
4310 453
4310 454
4310 455
4310 456
4310 457
4310 458
4310 526
4310 527
4310 528
4310 529
4310 530
4310 531
4311 502
4311 503
4311 504
4311 505
4311 506
4311 507
4311 508
4311 509
4311 510
4311 511
4311 512
4311 513
4311 514
4311 515
4312 481
4312 482
4312 483
4312 484
4312 485
4312 486
4312 487
4312 488
4312 489
4312 490
4312 491
4312 492
4312 493
4312 494
4312 495
4313 461
4313 462
4313 463
4313 464
4313 465
4313 466
4313 467
4313 468
4313 469
4313 470
4313 471
4313 472
4313 473
4314 193
4314 194
4314 195
4314 517
4314 518
4314 519
4314 520
4314 521
4314 522
4314 523
4314 524
4314 525
4314 526
4315 494
4315 495
4315 496
4315 497
4315 498
4315 499
4315 500
4315 501
4315 502
4315 503
4315 504
4315 505
4315 506
4315 507
4315 508
4316 474
4316 475
4316 476
4316 477
4316 478
4316 479
4316 480
4316 481
4316 482
4316 483
4316 484
4316 485
4316 486
4316 487
4316 488
4317 455
4317 456
4317 457
4317 458
4317 459
4317 460
4317 461
4317 462
4317 463
4317 464
4317 465
4318 187
4318 509
4318 510
4318 511
4318 512
4318 513
4318 514
4318 515
4318 516
4318 517
4318 518
4318 519
4318 520
4319 487
4319 488
4319 489
4319 490
4319 491
4319 492
4319 493
4319 494
4319 495
4319 496
4319 497
4319 498
4319 499
4319 500
4319 501
4320 467
4320 468
4320 469
4320 470
4320 471
4320 472
4320 473
4320 474
4320 475
4320 476
4320 477
4320 478
4320 479
4320 480
4321 450
4321 451
4321 452
4321 453
4321 454
4321 455
4321 456
4321 524
4321 525
4321 526
4321 527
4321 528
4321 529
4321 530
4322 501
4322 502
4322 503
4322 504
4322 505
4322 506
4322 507
4322 508
4322 509
4322 510
4322 511
4322 512
4322 513
4322 514
4323 480
4323 481
4323 482
4323 483
4323 484
4323 485
4323 486
4323 487
4323 488
4323 489
4323 490
4323 491
4323 492
4323 493
4323 494
4324 460
4324 461
4324 462
4324 463
4324 464
4324 465
4324 466
4324 467
4324 468
4324 469
4324 470
4324 471
4324 472
4325 515
4325 516
4325 517
4325 518
4325 519
4325 520
4325 521
4325 522
4325 523
4325 524
4325 525
4326 493
4326 494
4326 495
4326 496
4326 497
4326 498
4326 499
4326 500
4326 501
4326 502
4326 503
4326 504
4326 505
4326 506
4326 507
4327 473
4327 474
4327 475
4327 476
4327 477
4327 478
4327 479
4327 480
4327 481
4327 482
4327 483
4327 484
4327 485
4327 486
4327 487
4328 455
4328 456
4328 457
4328 458
4328 459
4328 460
4328 461
4328 462
4328 463
4328 464
4329 507
4329 508
4329 509
4329 510
4329 511
4329 512
4329 513
4329 514
4329 515
4329 516
4329 517
4329 518
4329 519
4330 486
4330 487
4330 488
4330 489
4330 490
4330 491
4330 492
4330 493
4330 494
4330 495
4330 496
4330 497
4330 498
4330 499
4330 500
4331 466
4331 467
4331 468
4331 469
4331 470
4331 471
4331 472
4331 473
4331 474
4331 475
4331 476
4331 477
4331 478
4331 479
4332 450
4332 451
4332 452
4332 453
4332 454
4332 455
4332 523
4332 524
4332 525
4332 526
4332 527
4332 528
4332 529
4332 530
4333 500
4333 501
4333 502
4333 503
4333 504
4333 505
4333 506
4333 507
4333 508
4333 509
4333 510
4333 511
4333 512
4333 513
4334 479
4334 480
4334 481
4334 482
4334 483
4334 484
4334 485
4334 486
4334 487
4334 488
4334 489
4334 490
4334 491
4334 492
4334 493
4335 460
4335 461
4335 462
4335 463
4335 464
4335 465
4335 466
4335 467
4335 468
4335 469
4335 470
4335 471
4336 514
4336 515
4336 516
4336 517
4336 518
4336 519
4336 520
4336 521
4336 522
4336 523
4336 524
4336 525
4337 492
4337 493
4337 494
4337 495
4337 496
4337 497
4337 498
4337 499
4337 500
4337 501
4337 502
4337 503
4337 504
4337 505
4337 506
4338 472
4338 473
4338 474
4338 475
4338 476
4338 477
4338 478
4338 479
4338 480
4338 481
4338 482
4338 483
4338 484
4338 485
4338 486
4339 454
4339 455
4339 456
4339 457
4339 458
4339 459
4339 460
4339 461
4339 462
4339 463
4339 531
4339 532
4339 533
4340 506
4340 507
4340 508
4340 509
4340 510
4340 511
4340 512
4340 513
4340 514
4340 515
4340 516
4340 517
4340 518
4340 519
4341 485
4341 486
4341 487
4341 488
4341 489
4341 490
4341 491
4341 492
4341 493
4341 494
4341 495
4341 496
4341 497
4341 498
4341 499
4342 465
4342 466
4342 467
4342 468
4342 469
4342 470
4342 471
4342 472
4342 473
4342 474
4342 475
4342 476
4342 477
4342 478
4343 450
4343 451
4343 452
4343 453
4343 454
4343 521
4343 522
4343 523
4343 524
4343 525
4343 526
4343 527
4343 528
4343 529
4343 530
4344 498
4344 499
4344 500
4344 501
4344 502
4344 503
4344 504
4344 505
4344 506
4344 507
4344 508
4344 509
4344 510
4344 511
4344 512
4345 478
4345 479
4345 480
4345 481
4345 482
4345 483
4345 484
4345 485
4345 486
4345 487
4345 488
4345 489
4345 490
4345 491
4345 492
4346 459
4346 460
4346 461
4346 462
4346 463
4346 464
4346 465
4346 466
4346 467
4346 468
4346 469
4346 470
4347 513
4347 514
4347 515
4347 516
4347 517
4347 518
4347 519
4347 520
4347 521
4347 522
4347 523
4347 524
4348 491
4348 492
4348 493
4348 494
4348 495
4348 496
4348 497
4348 498
4348 499
4348 500
4348 501
4348 502
4348 503
4348 504
4348 505
4349 471
4349 472
4349 473
4349 474
4349 475
4349 476
4349 477
4349 478
4349 479
4349 480
4349 481
4349 482
4349 483
4349 484
4349 485
4350 453
4350 454
4350 455
4350 456
4350 457
4350 458
4350 459
4350 460
4350 461
4350 462
4350 529
4350 530
4350 531
4350 532
4350 533
4350 534
4351 505
4351 506
4351 507
4351 508
4351 509
4351 510
4351 511
4351 512
4351 513
4351 514
4351 515
4351 516
4351 517
4351 518
4352 484
4352 485
4352 486
4352 487
4352 488
4352 489
4352 490
4352 491
4352 492
4352 493
4352 494
4352 495
4352 496
4352 497
4352 498
4353 464
4353 465
4353 466
4353 467
4353 468
4353 469
4353 470
4353 471
4353 472
4353 473
4353 474
4353 475
4353 476
4353 477
4354 450
4354 451
4354 452
4354 520
4354 521
4354 522
4354 523
4354 524
4354 525
4354 526
4354 527
4354 528
4354 529
4355 497
4355 498
4355 499
4355 500
4355 501
4355 502
4355 503
4355 504
4355 505
4355 506
4355 507
4355 508
4355 509
4355 510
4355 511
4356 477
4356 478
4356 479
4356 480
4356 481
4356 482
4356 483
4356 484
4356 485
4356 486
4356 487
4356 488
4356 489
4356 490
4356 491
4357 458
4357 459
4357 460
4357 461
4357 462
4357 463
4357 464
4357 465
4357 466
4357 467
4357 468
4357 469
4358 512
4358 513
4358 514
4358 515
4358 516
4358 517
4358 518
4358 519
4358 520
4358 521
4358 522
4358 523
4359 490
4359 491
4359 492
4359 493
4359 494
4359 495
4359 496
4359 497
4359 498
4359 499
4359 500
4359 501
4359 502
4359 503
4359 504
4360 470
4360 471
4360 472
4360 473
4360 474
4360 475
4360 476
4360 477
4360 478
4360 479
4360 480
4360 481
4360 482
4360 483
4360 484
4361 453
4361 454
4361 455
4361 456
4361 457
4361 458
4361 459
4361 460
4361 461
4361 528
4361 529
4361 530
4361 531
4361 532
4361 533
4362 504
4362 505
4362 506
4362 507
4362 508
4362 509
4362 510
4362 511
4362 512
4362 513
4362 514
4362 515
4362 516
4362 517
4363 483
4363 484
4363 485
4363 486
4363 487
4363 488
4363 489
4363 490
4363 491
4363 492
4363 493
4363 494
4363 495
4363 496
4363 497
4364 464
4364 465
4364 466
4364 467
4364 468
4364 469
4364 470
4364 471
4364 472
4364 473
4364 474
4364 475
4364 476
4365 519
4365 520
4365 521
4365 522
4365 523
4365 524
4365 525
4365 526
4365 527
4365 528
4366 496
4366 497
4366 498
4366 499
4366 500
4366 501
4366 502
4366 503
4366 504
4366 505
4366 506
4366 507
4366 508
4366 509
4366 510
4367 476
4367 477
4367 478
4367 479
4367 480
4367 481
4367 482
4367 483
4367 484
4367 485
4367 486
4367 487
4367 488
4367 489
4367 490
4368 458
4368 459
4368 460
4368 461
4368 462
4368 463
4368 464
4368 465
4368 466
4368 467
4368 468
4369 511
4369 512
4369 513
4369 514
4369 515
4369 516
4369 517
4369 518
4369 519
4369 520
4369 521
4369 522
4369 523
4370 489
4370 490
4370 491
4370 492
4370 493
4370 494
4370 495
4370 496
4370 497
4370 498
4370 499
4370 500
4370 501
4370 502
4370 503
4370 504
4371 469
4371 470
4371 471
4371 472
4371 473
4371 474
4371 475
4371 476
4371 477
4371 478
4371 479
4371 480
4371 481
4371 482
4371 483
4372 452
4372 453
4372 454
4372 455
4372 456
4372 457
4372 458
4372 459
4372 526
4372 527
4372 528
4372 529
4372 530
4372 531
4372 532
4372 533
4373 503
4373 504
4373 505
4373 506
4373 507
4373 508
4373 509
4373 510
4373 511
4373 512
4373 513
4373 514
4373 515
4373 516
4374 482
4374 483
4374 484
4374 485
4374 486
4374 487
4374 488
4374 489
4374 490
4374 491
4374 492
4374 493
4374 494
4374 495
4374 496
4375 463
4375 464
4375 465
4375 466
4375 467
4375 468
4375 469
4375 470
4375 471
4375 472
4375 473
4375 474
4375 475
4376 518
4376 519
4376 520
4376 521
4376 522
4376 523
4376 524
4376 525
4376 526
4376 527
4376 528
4377 495
4377 496
4377 497
4377 498
4377 499
4377 500
4377 501
4377 502
4377 503
4377 504
4377 505
4377 506
4377 507
4377 508
4377 509
4377 510
4378 475
4378 476
4378 477
4378 478
4378 479
4378 480
4378 481
4378 482
4378 483
4378 484
4378 485
4378 486
4378 487
4378 488
4378 489
4379 457
4379 458
4379 459
4379 460
4379 461
4379 462
4379 463
4379 464
4379 465
4379 466
4379 467
4379 535
4379 536
4380 509
4380 510
4380 511
4380 512
4380 513
4380 514
4380 515
4380 516
4380 517
4380 518
4380 519
4380 520
4380 521
4380 522
4381 488
4381 489
4381 490
4381 491
4381 492
4381 493
4381 494
4381 495
4381 496
4381 497
4381 498
4381 499
4381 500
4381 501
4381 502
4381 503
4382 468
4382 469
4382 470
4382 471
4382 472
4382 473
4382 474
4382 475
4382 476
4382 477
4382 478
4382 479
4382 480
4382 481
4382 482
