903 24
903 25
903 26
906 19
906 20
906 21
906 22
909 15
909 16
909 17
909 18
912 10
912 11
912 12
912 13
912 14
914 28
914 29
914 30
914 31
914 32
915 7
915 8
915 9
917 23
917 24
917 25
917 26
917 27
917 28
920 18
920 19
920 20
920 21
920 22
920 23
920 24
923 14
923 15
923 16
923 17
923 18
923 19
923 20
925 33
925 34
925 35
925 36
925 37
926 10
926 11
926 12
926 13
926 14
926 15
926 16
928 28
928 29
928 30
928 31
928 32
928 33
928 34
929 6
929 7
929 8
929 9
929 10
929 11
931 23
931 24
931 25
931 26
931 27
931 28
931 29
931 30
932 2
932 3
932 4
932 5
932 6
932 7
934 18
934 19
934 20
934 21
934 22
934 23
934 24
934 25
934 26
935 0
935 1
935 575
936 39
936 40
936 41
937 14
937 15
937 16
937 17
937 18
937 19
937 20
937 21
937 22
939 33
939 34
939 35
939 36
939 37
939 38
939 39
940 9
940 10
940 11
940 12
940 13
940 14
940 15
940 16
940 17
940 18
942 28
942 29
942 30
942 31
942 32
942 33
942 34
942 35
943 5
943 6
943 7
943 8
943 9
943 10
943 11
943 12
943 13
945 23
945 24
945 25
945 26
945 27
945 28
945 29
945 30
945 31
945 32
946 1
946 2
946 3
946 4
946 5
946 6
946 7
946 8
946 9
948 18
948 19
948 20
948 21
948 22
948 23
948 24
948 25
948 26
948 27
948 28
949 0
949 1
949 2
949 3
949 4
949 574
949 575
950 38
950 39
950 40
950 41
950 42
950 43
951 14
951 15
951 16
951 17
951 18
951 19
951 20
951 21
951 22
951 23
951 24
952 570
952 571
952 572
952 573
952 574
952 575
953 33
953 34
953 35
953 36
953 37
953 38
953 39
953 40
954 10
954 11
954 12
954 13
954 14
954 15
954 16
954 17
954 18
954 19
956 28
956 29
956 30
956 31
956 32
956 33
956 34
956 35
956 36
956 37
957 5
957 6
957 7
957 8
957 9
957 10
957 11
957 12
957 13
957 14
957 15
959 23
959 24
959 25
959 26
959 27
959 28
959 29
959 30
959 31
959 32
959 33
960 1
960 2
960 3
960 4
960 5
960 6
960 7
960 8
960 9
960 10
960 11
961 45
961 46
961 47
962 19
962 20
962 21
962 22
962 23
962 24
962 25
962 26
962 27
962 28
962 29
963 0
963 1
963 2
963 3
963 4
963 5
963 6
963 573
963 574
963 575
964 39
964 40
964 41
964 42
964 43
964 44
964 45
965 14
965 15
965 16
965 17
965 18
965 19
965 20
965 21
965 22
965 23
965 24
965 25
966 0
966 1
966 570
966 571
966 572
966 573
966 574
966 575
967 33
967 34
967 35
967 36
967 37
967 38
967 39
967 40
967 41
968 10
968 11
968 12
968 13
968 14
968 15
968 16
968 17
968 18
968 19
968 20
968 21
969 567
969 568
969 569
969 570
969 571
969 572
970 28
970 29
970 30
970 31
970 32
970 33
970 34
970 35
970 36
970 37
970 38
971 6
971 7
971 8
971 9
971 10
971 11
971 12
971 13
971 14
971 15
971 16
972 565
973 24
973 25
973 26
973 27
973 28
973 29
973 30
973 31
973 32
973 33
973 34
974 1
974 2
974 3
974 4
974 5
974 6
974 7
974 8
974 9
974 10
974 11
974 12
975 44
975 45
975 46
975 47
975 48
975 49
976 19
976 20
976 21
976 22
976 23
976 24
976 25
976 26
976 27
976 28
976 29
976 30
977 0
977 1
977 2
977 3
977 4
977 5
977 6
977 7
977 8
977 573
977 574
977 575
978 39
978 40
978 41
978 42
978 43
978 44
978 45
978 46
979 14
979 15
979 16
979 17
979 18
979 19
979 20
979 21
979 22
979 23
979 24
979 25
979 26
980 0
980 1
980 2
980 3
980 570
980 571
980 572
980 573
980 574
980 575
981 34
981 35
981 36
981 37
981 38
981 39
981 40
981 41
981 42
981 43
982 10
982 11
982 12
982 13
982 14
982 15
982 16
982 17
982 18
982 19
982 20
982 21
982 22
983 566
983 567
983 568
983 569
983 570
983 571
983 572
983 573
983 574
984 29
984 30
984 31
984 32
984 33
984 34
984 35
984 36
984 37
984 38
984 39
985 6
985 7
985 8
985 9
985 10
985 11
985 12
985 13
985 14
985 15
985 16
985 17
985 18
986 563
986 564
986 565
986 566
986 567
986 568
986 569
987 24
987 25
987 26
987 27
987 28
987 29
987 30
987 31
987 32
987 33
987 34
987 35
988 2
988 3
988 4
988 5
988 6
988 7
988 8
988 9
988 10
988 11
988 12
988 13
988 14
989 45
989 46
989 47
989 48
989 49
989 50
989 561
989 562
990 19
990 20
990 21
990 22
990 23
990 24
990 25
990 26
990 27
990 28
990 29
990 30
990 31
990 32
991 0
991 1
991 2
991 3
991 4
991 5
991 6
991 7
991 8
991 9
991 574
991 575
992 39
992 40
992 41
992 42
992 43
992 44
992 45
992 46
992 47
993 15
993 16
993 17
993 18
993 19
993 20
993 21
993 22
993 23
993 24
993 25
993 26
993 27
993 28
994 0
994 1
994 2
994 3
994 4
994 570
994 571
994 572
994 573
994 574
994 575
995 34
995 35
995 36
995 37
995 38
995 39
995 40
995 41
995 42
995 43
995 44
996 11
996 12
996 13
996 14
996 15
996 16
996 17
996 18
996 19
996 20
996 21
996 22
996 23
997 0
997 566
997 567
997 568
997 569
997 570
997 571
997 572
997 573
997 574
997 575
998 29
998 30
998 31
998 32
998 33
998 34
998 35
998 36
998 37
998 38
998 39
998 40
999 6
999 7
999 8
999 9
999 10
999 11
999 12
999 13
999 14
999 15
999 16
999 17
999 18
999 19
1000 52
1000 53
1000 563
1000 564
1000 565
1000 566
1000 567
1000 568
1000 569
1000 570
1000 571
1001 25
1001 26
1001 27
1001 28
1001 29
1001 30
1001 31
1001 32
1001 33
1001 34
1001 35
1001 36
1001 37
1002 2
1002 3
1002 4
1002 5
1002 6
1002 7
1002 8
1002 9
1002 10
1002 11
1002 12
1002 13
1002 14
1002 15
1003 45
1003 46
1003 47
1003 48
1003 49
1003 50
1003 51
1003 560
1003 561
1003 562
1003 563
1003 564
1003 565
1004 20
1004 21
1004 22
1004 23
1004 24
1004 25
1004 26
1004 27
1004 28
1004 29
1004 30
1004 31
1004 32
1004 33
1005 0
1005 1
1005 2
1005 3
1005 4
1005 5
1005 6
1005 7
1005 8
1005 9
1005 10
1005 574
1005 575
1006 40
1006 41
1006 42
1006 43
1006 44
1006 45
1006 46
1006 47
1006 48
1007 15
1007 16
1007 17
1007 18
1007 19
1007 20
1007 21
1007 22
1007 23
1007 24
1007 25
1007 26
1007 27
1007 28
1007 29
1008 0
1008 1
1008 2
1008 3
1008 4
1008 5
1008 6
1008 570
1008 571
1008 572
1008 573
1008 574
1008 575
1009 35
1009 36
1009 37
1009 38
1009 39
1009 40
1009 41
1009 42
1009 43
1009 44
1009 45
1010 11
1010 12
1010 13
1010 14
1010 15
1010 16
1010 17
1010 18
1010 19
1010 20
1010 21
1010 22
1010 23
1010 24
1010 25
1011 0
1011 1
1011 566
1011 567
1011 568
1011 569
1011 570
1011 571
1011 572
1011 573
1011 574
1011 575
1012 30
1012 31
1012 32
1012 33
1012 34
1012 35
1012 36
1012 37
1012 38
1012 39
1012 40
1012 41
1012 42
1013 7
1013 8
1013 9
1013 10
1013 11
1013 12
1013 13
1013 14
1013 15
1013 16
1013 17
1013 18
1013 19
1013 20
1014 52
1014 53
1014 54
1014 55
1014 563
1014 564
1014 565
1014 566
1014 567
1014 568
1014 569
1014 570
1014 571
1014 572
1014 573
1015 25
1015 26
1015 27
1015 28
1015 29
1015 30
1015 31
1015 32
1015 33
1015 34
1015 35
1015 36
1015 37
1015 38
1016 3
1016 4
1016 5
1016 6
1016 7
1016 8
1016 9
1016 10
1016 11
1016 12
1016 13
1016 14
1016 15
1016 16
1017 46
1017 47
1017 48
1017 49
1017 50
1017 51
1017 52
1017 53
1017 559
1017 560
1017 561
1017 562
1017 563
1017 564
1017 565
1017 566
1017 567
1018 21
1018 22
1018 23
1018 24
1018 25
1018 26
1018 27
1018 28
1018 29
1018 30
1018 31
1018 32
1018 33
1018 34
1019 0
1019 1
1019 2
1019 3
1019 4
1019 5
1019 6
1019 7
1019 8
1019 9
1019 10
1019 11
1019 12
1019 574
1019 575
1020 40
1020 41
1020 42
1020 43
1020 44
1020 45
1020 46
1020 47
1020 48
1020 49
1020 50
1020 557
1020 558
1020 559
1020 560
1020 561
1020 562
1021 16
1021 17
1021 18
1021 19
1021 20
1021 21
1021 22
1021 23
1021 24
1021 25
1021 26
1021 27
1021 28
1021 29
1021 30
1022 0
1022 1
1022 2
1022 3
1022 4
1022 5
1022 6
1022 7
1022 570
1022 571
1022 572
1022 573
1022 574
1022 575
1023 35
1023 36
1023 37
1023 38
1023 39
1023 40
1023 41
1023 42
1023 43
1023 44
1023 45
1023 46
1024 12
1024 13
1024 14
1024 15
1024 16
1024 17
1024 18
1024 19
1024 20
1024 21
1024 22
1024 23
1024 24
1024 25
1024 26
1025 0
1025 1
1025 2
1025 3
1025 567
1025 568
1025 569
1025 570
1025 571
1025 572
1025 573
1025 574
1025 575
1026 30
1026 31
1026 32
1026 33
1026 34
1026 35
1026 36
1026 37
1026 38
1026 39
1026 40
1026 41
1026 42
1026 43
1027 7
1027 8
1027 9
1027 10
1027 11
1027 12
1027 13
1027 14
1027 15
1027 16
1027 17
1027 18
1027 19
1027 20
1027 21
1027 22
1028 52
1028 53
1028 54
1028 55
1028 56
1028 563
1028 564
1028 565
1028 566
1028 567
1028 568
1028 569
1028 570
1028 571
1028 572
1028 573
1028 574
1029 26
1029 27
1029 28
1029 29
1029 30
1029 31
1029 32
1029 33
1029 34
1029 35
1029 36
1029 37
1029 38
1029 39
1030 3
1030 4
1030 5
1030 6
1030 7
1030 8
1030 9
1030 10
1030 11
1030 12
1030 13
1030 14
1030 15
1030 16
1030 17
1031 46
1031 47
1031 48
1031 49
1031 50
1031 51
1031 52
1031 53
1031 54
1031 559
1031 560
1031 561
1031 562
1031 563
1031 564
1031 565
1031 566
1031 567
1031 568
1031 569
1032 21
1032 22
1032 23
1032 24
1032 25
1032 26
1032 27
1032 28
1032 29
1032 30
1032 31
1032 32
1032 33
1032 34
1032 35
1033 0
1033 1
1033 2
1033 3
1033 4
1033 5
1033 6
1033 7
1033 8
1033 9
1033 10
1033 11
1033 12
1033 13
1033 575
1034 41
1034 42
1034 43
1034 44
1034 45
1034 46
1034 47
1034 48
1034 49
1034 50
1034 51
1034 556
1034 557
1034 558
1034 559
1034 560
1034 561
1034 562
1034 563
1034 564
1035 17
1035 18
1035 19
1035 20
1035 21
1035 22
1035 23
1035 24
1035 25
1035 26
1035 27
1035 28
1035 29
1035 30
1035 31
1036 0
1036 1
1036 2
1036 3
1036 4
1036 5
1036 6
1036 7
1036 8
1036 9
1036 571
1036 572
1036 573
1036 574
1036 575
1037 36
1037 37
1037 38
1037 39
1037 40
1037 41
1037 42
1037 43
1037 44
1037 45
1037 46
1037 47
1037 554
1037 555
1037 556
1037 557
1037 558
1038 12
1038 13
1038 14
1038 15
1038 16
1038 17
1038 18
1038 19
1038 20
1038 21
1038 22
1038 23
1038 24
1038 25
1038 26
1038 27
1039 0
1039 1
1039 2
1039 3
1039 4
1039 567
1039 568
1039 569
1039 570
1039 571
1039 572
1039 573
1039 574
1039 575
1040 31
1040 32
1040 33
1040 34
1040 35
1040 36
1040 37
1040 38
1040 39
1040 40
1040 41
1040 42
1040 43
1040 44
1041 8
1041 9
1041 10
1041 11
1041 12
1041 13
1041 14
1041 15
1041 16
1041 17
1041 18
1041 19
1041 20
1041 21
1041 22
1041 23
1042 0
1042 53
1042 54
1042 55
1042 56
1042 57
1042 58
1042 563
1042 564
1042 565
1042 566
1042 567
1042 568
1042 569
1042 570
1042 571
1042 572
1042 573
1042 574
1042 575
1043 26
1043 27
1043 28
1043 29
1043 30
1043 31
1043 32
1043 33
1043 34
1043 35
1043 36
1043 37
1043 38
1043 39
1043 40
1044 4
1044 5
1044 6
1044 7
1044 8
1044 9
1044 10
1044 11
1044 12
1044 13
1044 14
1044 15
1044 16
1044 17
1044 18
1044 19
1045 47
1045 48
1045 49
1045 50
1045 51
1045 52
1045 53
1045 54
1045 55
1045 560
1045 561
1045 562
1045 563
1045 564
1045 565
1045 566
1045 567
1045 568
1045 569
1045 570
1045 571
1046 22
1046 23
1046 24
1046 25
1046 26
1046 27
1046 28
1046 29
1046 30
1046 31
1046 32
1046 33
1046 34
1046 35
1046 36
1047 0
1047 1
1047 2
1047 3
1047 4
1047 5
1047 6
1047 7
1047 8
1047 9
1047 10
1047 11
1047 12
1047 13
1047 14
1048 42
1048 43
1048 44
1048 45
1048 46
1048 47
1048 48
1048 49
1048 50
1048 51
1048 52
1048 556
1048 557
1048 558
1048 559
1048 560
1048 561
1048 562
1048 563
1048 564
1048 565
1048 566
1049 17
1049 18
1049 19
1049 20
1049 21
1049 22
1049 23
1049 24
1049 25
1049 26
1049 27
1049 28
1049 29
1049 30
1049 31
1049 32
1050 0
1050 1
1050 2
1050 3
1050 4
1050 5
1050 6
1050 7
1050 8
1050 9
1050 10
1050 571
1050 572
1050 573
1050 574
1050 575
1051 37
1051 38
1051 39
1051 40
1051 41
1051 42
1051 43
1051 44
1051 45
1051 46
1051 47
1051 48
1051 49
1051 554
1051 555
1051 556
1051 557
1051 558
1051 559
1051 560
1052 13
1052 14
1052 15
1052 16
1052 17
1052 18
1052 19
1052 20
1052 21
1052 22
1052 23
1052 24
1052 25
1052 26
1052 27
1052 28
1053 0
1053 1
1053 2
1053 3
1053 4
1053 5
1053 6
1053 568
1053 569
1053 570
1053 571
1053 572
1053 573
1053 574
1053 575
1054 32
1054 33
1054 34
1054 35
1054 36
1054 37
1054 38
1054 39
1054 40
1054 41
1054 42
1054 43
1054 44
1054 45
1054 552
1054 553
1054 554
1055 9
1055 10
1055 11
1055 12
1055 13
1055 14
1055 15
1055 16
1055 17
1055 18
1055 19
1055 20
1055 21
1055 22
1055 23
1055 24
1056 0
1056 1
1056 53
1056 54
1056 55
1056 56
1056 57
1056 58
1056 59
1056 564
1056 565
1056 566
1056 567
1056 568
1056 569
1056 570
1056 571
1056 572
1056 573
1056 574
1056 575
1057 27
1057 28
1057 29
1057 30
1057 31
1057 32
1057 33
1057 34
1057 35
1057 36
1057 37
1057 38
1057 39
1057 40
1057 41
1058 4
1058 5
1058 6
1058 7
1058 8
1058 9
1058 10
1058 11
1058 12
1058 13
1058 14
1058 15
1058 16
1058 17
1058 18
1058 19
1058 20
1059 47
1059 48
1059 49
1059 50
1059 51
1059 52
1059 53
1059 54
1059 55
1059 56
1059 560
1059 561
1059 562
1059 563
1059 564
1059 565
1059 566
1059 567
1059 568
1059 569
1059 570
1059 571
1059 572
1060 23
1060 24
1060 25
1060 26
1060 27
1060 28
1060 29
1060 30
1060 31
1060 32
1060 33
1060 34
1060 35
1060 36
1060 37
1061 0
1061 1
1061 2
1061 3
1061 4
1061 5
1061 6
1061 7
1061 8
1061 9
1061 10
1061 11
1061 12
1061 13
1061 14
1061 15
1061 16
1062 42
1062 43
1062 44
1062 45
1062 46
1062 47
1062 48
1062 49
1062 50
1062 51
1062 52
1062 53
1062 557
1062 558
1062 559
1062 560
1062 561
1062 562
1062 563
1062 564
1062 565
1062 566
1062 567
1063 18
1063 19
1063 20
1063 21
1063 22
1063 23
1063 24
1063 25
1063 26
1063 27
1063 28
1063 29
1063 30
1063 31
1063 32
1063 33
1064 0
1064 1
1064 2
1064 3
1064 4
1064 5
1064 6
1064 7
1064 8
1064 9
1064 10
1064 11
1064 572
1064 573
1064 574
1064 575
1065 37
1065 38
1065 39
1065 40
1065 41
1065 42
1065 43
1065 44
1065 45
1065 46
1065 47
1065 48
1065 49
1065 50
1065 553
1065 554
1065 555
1065 556
1065 557
1065 558
1065 559
1065 560
1065 561
1065 562
1066 14
1066 15
1066 16
1066 17
1066 18
1066 19
1066 20
1066 21
1066 22
1066 23
1066 24
1066 25
1066 26
1066 27
1066 28
1066 29
1067 0
1067 1
1067 2
1067 3
1067 4
1067 5
1067 6
1067 7
1067 568
1067 569
1067 570
1067 571
1067 572
1067 573
1067 574
1067 575
1068 33
1068 34
1068 35
1068 36
1068 37
1068 38
1068 39
1068 40
1068 41
1068 42
1068 43
1068 44
1068 45
1068 46
1068 551
1068 552
1068 553
1068 554
1068 555
1068 556
1068 557
1069 9
1069 10
1069 11
1069 12
1069 13
1069 14
1069 15
1069 16
1069 17
1069 18
1069 19
1069 20
1069 21
1069 22
1069 23
1069 24
1069 25
1070 0
1070 1
1070 2
1070 54
1070 55
1070 56
1070 57
1070 58
1070 59
1070 60
1070 564
1070 565
1070 566
1070 567
1070 568
1070 569
1070 570
1070 571
1070 572
1070 573
1070 574
1070 575
1071 28
1071 29
1071 30
1071 31
1071 32
1071 33
1071 34
1071 35
1071 36
1071 37
1071 38
1071 39
1071 40
1071 41
1071 42
1072 5
1072 6
1072 7
1072 8
1072 9
1072 10
1072 11
1072 12
1072 13
1072 14
1072 15
1072 16
1072 17
1072 18
1072 19
1072 20
1072 21
1073 48
1073 49
1073 50
1073 51
1073 52
1073 53
1073 54
1073 55
1073 56
1073 57
1073 561
1073 562
1073 563
1073 564
1073 565
1073 566
1073 567
1073 568
1073 569
1073 570
1073 571
1073 572
1073 573
1073 574
1074 23
1074 24
1074 25
1074 26
1074 27
1074 28
1074 29
1074 30
1074 31
1074 32
1074 33
1074 34
1074 35
1074 36
1074 37
1074 38
1074 39
1075 1
1075 2
1075 3
1075 4
1075 5
1075 6
1075 7
1075 8
1075 9
1075 10
1075 11
1075 12
1075 13
1075 14
1075 15
1075 16
1075 17
1076 43
1076 44
1076 45
1076 46
1076 47
1076 48
1076 49
1076 50
1076 51
1076 52
1076 53
1076 54
1076 557
1076 558
1076 559
1076 560
1076 561
1076 562
1076 563
1076 564
1076 565
1076 566
1076 567
1076 568
1076 569
1077 19
1077 20
1077 21
1077 22
1077 23
1077 24
1077 25
1077 26
1077 27
1077 28
1077 29
1077 30
1077 31
1077 32
1077 33
1077 34
1077 35
1078 0
1078 1
1078 2
1078 3
1078 4
1078 5
1078 6
1078 7
1078 8
1078 9
1078 10
1078 11
1078 12
1078 573
1078 574
1078 575
1079 38
1079 39
1079 40
1079 41
1079 42
1079 43
1079 44
1079 45
1079 46
1079 47
1079 48
1079 49
1079 50
1079 51
1079 554
1079 555
1079 556
1079 557
1079 558
1079 559
1079 560
1079 561
1079 562
1079 563
1079 564
1080 14
1080 15
1080 16
1080 17
1080 18
1080 19
1080 20
1080 21
1080 22
1080 23
1080 24
1080 25
1080 26
1080 27
1080 28
1080 29
1080 30
1080 31
1081 0
1081 1
1081 2
1081 3
1081 4
1081 5
1081 6
1081 7
1081 8
1081 569
1081 570
1081 571
1081 572
1081 573
1081 574
1081 575
1082 33
1082 34
1082 35
1082 36
1082 37
1082 38
1082 39
1082 40
1082 41
1082 42
1082 43
1082 44
1082 45
1082 46
1082 47
1082 551
1082 552
1082 553
1082 554
1082 555
1082 556
1082 557
1082 558
1082 559
1083 10
1083 11
1083 12
1083 13
1083 14
1083 15
1083 16
1083 17
1083 18
1083 19
1083 20
1083 21
1083 22
1083 23
1083 24
1083 25
1083 26
1084 0
1084 1
1084 2
1084 3
1084 4
1084 55
1084 56
1084 57
1084 58
1084 59
1084 60
1084 61
1084 565
1084 566
1084 567
1084 568
1084 569
1084 570
1084 571
1084 572
1084 573
1084 574
1084 575
1085 29
1085 30
1085 31
1085 32
1085 33
1085 34
1085 35
1085 36
1085 37
1085 38
1085 39
1085 40
1085 41
1085 42
1085 43
1085 44
1085 549
1085 550
1085 551
1085 552
1085 553
1086 6
1086 7
1086 8
1086 9
1086 10
1086 11
1086 12
1086 13
1086 14
1086 15
1086 16
1086 17
1086 18
1086 19
1086 20
1086 21
1086 22
1087 49
1087 50
1087 51
1087 52
1087 53
1087 54
1087 55
1087 56
1087 57
1087 58
1087 561
1087 562
1087 563
1087 564
1087 565
1087 566
1087 567
1087 568
1087 569
1087 570
1087 571
1087 572
1087 573
1087 574
1087 575
1088 24
1088 25
1088 26
1088 27
1088 28
1088 29
1088 30
1088 31
1088 32
1088 33
1088 34
1088 35
1088 36
1088 37
1088 38
1088 39
1088 40
1089 2
1089 3
1089 4
1089 5
1089 6
1089 7
1089 8
1089 9
1089 10
1089 11
1089 12
1089 13
1089 14
1089 15
1089 16
1089 17
1089 18
1090 44
1090 45
1090 46
1090 47
1090 48
1090 49
1090 50
1090 51
1090 52
1090 53
1090 54
1090 55
1090 557
1090 558
1090 559
1090 560
1090 561
1090 562
1090 563
1090 564
1090 565
1090 566
1090 567
1090 568
1090 569
1090 570
1091 20
1091 21
1091 22
1091 23
1091 24
1091 25
1091 26
1091 27
1091 28
1091 29
1091 30
1091 31
1091 32
1091 33
1091 34
1091 35
1091 36
1092 0
1092 1
1092 2
1092 3
1092 4
1092 5
1092 6
1092 7
1092 8
1092 9
1092 10
1092 11
1092 12
1092 13
1092 14
1092 574
1092 575
1093 39
1093 40
1093 41
1093 42
1093 43
1093 44
1093 45
1093 46
1093 47
1093 48
1093 49
1093 50
1093 51
1093 52
1093 554
1093 555
1093 556
1093 557
1093 558
1093 559
1093 560
1093 561
1093 562
1093 563
1093 564
1093 565
1094 15
1094 16
1094 17
1094 18
1094 19
1094 20
1094 21
1094 22
1094 23
1094 24
1094 25
1094 26
1094 27
1094 28
1094 29
1094 30
1094 31
1094 32
1095 0
1095 1
1095 2
1095 3
1095 4
1095 5
1095 6
1095 7
1095 8
1095 9
1095 569
1095 570
1095 571
1095 572
1095 573
1095 574
1095 575
1096 34
1096 35
1096 36
1096 37
1096 38
1096 39
1096 40
1096 41
1096 42
1096 43
1096 44
1096 45
1096 46
1096 47
1096 48
1096 551
1096 552
1096 553
1096 554
1096 555
1096 556
1096 557
1096 558
1096 559
1096 560
1097 11
1097 12
1097 13
1097 14
1097 15
1097 16
1097 17
1097 18
1097 19
1097 20
1097 21
1097 22
1097 23
1097 24
1097 25
1097 26
1097 27
1097 28
1098 0
1098 1
1098 2
1098 3
1098 4
1098 5
1098 56
1098 57
1098 58
1098 59
1098 60
1098 61
1098 62
1098 566
1098 567
1098 568
1098 569
1098 570
1098 571
1098 572
1098 573
1098 574
1098 575
1099 30
1099 31
1099 32
1099 33
1099 34
1099 35
1099 36
1099 37
1099 38
1099 39
1099 40
1099 41
1099 42
1099 43
1099 44
1099 45
1099 548
1099 549
1099 550
1099 551
1099 552
1099 553
1099 554
1099 555
1100 7
1100 8
1100 9
1100 10
1100 11
1100 12
1100 13
1100 14
1100 15
1100 16
1100 17
1100 18
1100 19
1100 20
1100 21
1100 22
1100 23
1101 0
1101 50
1101 51
1101 52
1101 53
1101 54
1101 55
1101 56
1101 57
1101 58
1101 59
1101 562
1101 563
1101 564
1101 565
1101 566
1101 567
1101 568
1101 569
1101 570
1101 571
1101 572
1101 573
1101 574
1101 575
1102 25
1102 26
1102 27
1102 28
1102 29
1102 30
1102 31
1102 32
1102 33
1102 34
1102 35
1102 36
1102 37
1102 38
1102 39
1102 40
1102 41
1103 2
1103 3
1103 4
1103 5
1103 6
1103 7
1103 8
1103 9
1103 10
1103 11
1103 12
1103 13
1103 14
1103 15
1103 16
1103 17
1103 18
1103 19
1104 45
1104 46
1104 47
1104 48
1104 49
1104 50
1104 51
1104 52
1104 53
1104 54
1104 55
1104 56
1104 558
1104 559
1104 560
1104 561
1104 562
1104 563
1104 564
1104 565
1104 566
1104 567
1104 568
1104 569
1104 570
1104 571
1104 572
1105 21
1105 22
1105 23
1105 24
1105 25
1105 26
1105 27
1105 28
1105 29
1105 30
1105 31
1105 32
1105 33
1105 34
1105 35
1105 36
1105 37
1106 0
1106 1
1106 2
1106 3
1106 4
1106 5
1106 6
1106 7
1106 8
1106 9
1106 10
1106 11
1106 12
1106 13
1106 14
1106 15
1106 574
1106 575
1107 40
1107 41
1107 42
1107 43
1107 44
1107 45
1107 46
1107 47
1107 48
1107 49
1107 50
1107 51
1107 52
1107 53
1107 554
1107 555
1107 556
1107 557
1107 558
1107 559
1107 560
1107 561
1107 562
1107 563
1107 564
1107 565
1107 566
1107 567
1108 16
1108 17
1108 18
1108 19
1108 20
1108 21
1108 22
1108 23
1108 24
1108 25
1108 26
1108 27
1108 28
1108 29
1108 30
1108 31
1108 32
1108 33
1109 0
1109 1
1109 2
1109 3
1109 4
1109 5
1109 6
1109 7
1109 8
1109 9
1109 10
1109 11
1109 570
1109 571
1109 572
1109 573
1109 574
1109 575
1110 35
1110 36
1110 37
1110 38
1110 39
1110 40
1110 41
1110 42
1110 43
1110 44
1110 45
1110 46
1110 47
1110 48
1110 49
1110 551
1110 552
1110 553
1110 554
1110 555
1110 556
1110 557
1110 558
1110 559
1110 560
1110 561
1110 562
1111 12
1111 13
1111 14
1111 15
1111 16
1111 17
1111 18
1111 19
1111 20
1111 21
1111 22
1111 23
1111 24
1111 25
1111 26
1111 27
1111 28
1111 29
1112 0
1112 1
1112 2
1112 3
1112 4
1112 5
1112 6
1112 56
1112 57
1112 58
1112 59
1112 60
1112 61
1112 62
1112 63
1112 566
1112 567
1112 568
1112 569
1112 570
1112 571
1112 572
1112 573
1112 574
1112 575
1113 31
1113 32
1113 33
1113 34
1113 35
1113 36
1113 37
1113 38
1113 39
1113 40
1113 41
1113 42
1113 43
1113 44
1113 45
1113 46
1113 548
1113 549
1113 550
1113 551
1113 552
1113 553
1113 554
1113 555
1113 556
1113 557
1114 8
1114 9
1114 10
1114 11
1114 12
1114 13
1114 14
1114 15
1114 16
1114 17
1114 18
1114 19
1114 20
1114 21
1114 22
1114 23
1114 24
1114 25
1115 0
1115 1
1115 2
1115 51
1115 52
1115 53
1115 54
1115 55
1115 56
1115 57
1115 58
1115 59
1115 60
1115 61
1115 562
1115 563
1115 564
1115 565
1115 566
1115 567
1115 568
1115 569
1115 570
1115 571
1115 572
1115 573
1115 574
1115 575
1116 26
1116 27
1116 28
1116 29
1116 30
1116 31
1116 32
1116 33
1116 34
1116 35
1116 36
1116 37
1116 38
1116 39
1116 40
1116 41
1116 42
1116 546
1116 547
1116 548
1116 549
1116 550
1116 551
1117 3
1117 4
1117 5
1117 6
1117 7
1117 8
1117 9
1117 10
1117 11
1117 12
1117 13
1117 14
1117 15
1117 16
1117 17
1117 18
1117 19
1117 20
1118 46
1118 47
1118 48
1118 49
1118 50
1118 51
1118 52
1118 53
1118 54
1118 55
1118 56
1118 57
1118 559
1118 560
1118 561
1118 562
1118 563
1118 564
1118 565
1118 566
1118 567
1118 568
1118 569
1118 570
1118 571
1118 572
1118 573
1119 21
1119 22
1119 23
1119 24
1119 25
1119 26
1119 27
1119 28
1119 29
1119 30
1119 31
1119 32
1119 33
1119 34
1119 35
1119 36
1119 37
1119 38
1120 0
1120 1
1120 2
1120 3
1120 4
1120 5
1120 6
1120 7
1120 8
1120 9
1120 10
1120 11
1120 12
1120 13
1120 14
1120 15
1120 16
1120 575
1121 41
1121 42
1121 43
1121 44
1121 45
1121 46
1121 47
1121 48
1121 49
1121 50
1121 51
1121 52
1121 53
1121 54
1121 555
1121 556
1121 557
1121 558
1121 559
1121 560
1121 561
1121 562
1121 563
1121 564
1121 565
1121 566
1121 567
1121 568
1122 17
1122 18
1122 19
1122 20
1122 21
1122 22
1122 23
1122 24
1122 25
1122 26
1122 27
1122 28
1122 29
1122 30
1122 31
1122 32
1122 33
1122 34
1123 0
1123 1
1123 2
1123 3
1123 4
1123 5
1123 6
1123 7
1123 8
1123 9
1123 10
1123 11
1123 12
1123 571
1123 572
1123 573
1123 574
1123 575
1124 36
1124 37
1124 38
1124 39
1124 40
1124 41
1124 42
1124 43
1124 44
1124 45
1124 46
1124 47
1124 48
1124 49
1124 50
1124 51
1124 552
1124 553
1124 554
1124 555
1124 556
1124 557
1124 558
1124 559
1124 560
1124 561
1124 562
1124 563
1125 13
1125 14
1125 15
1125 16
1125 17
1125 18
1125 19
1125 20
1125 21
1125 22
1125 23
1125 24
1125 25
1125 26
1125 27
1125 28
1125 29
1125 30
1126 0
1126 1
1126 2
1126 3
1126 4
1126 5
1126 6
1126 7
1126 57
1126 58
1126 59
1126 60
1126 61
1126 62
1126 63
1126 64
1126 567
1126 568
1126 569
1126 570
1126 571
1126 572
1126 573
1126 574
1126 575
1127 31
1127 32
1127 33
1127 34
1127 35
1127 36
1127 37
1127 38
1127 39
1127 40
1127 41
1127 42
1127 43
1127 44
1127 45
1127 46
1127 47
1127 549
1127 550
1127 551
1127 552
1127 553
1127 554
1127 555
1127 556
1127 557
1127 558
1128 8
1128 9
1128 10
1128 11
1128 12
1128 13
1128 14
1128 15
1128 16
1128 17
1128 18
1128 19
1128 20
1128 21
1128 22
1128 23
1128 24
1128 25
1128 26
1129 0
1129 1
1129 2
1129 3
1129 52
1129 53
1129 54
1129 55
1129 56
1129 57
1129 58
1129 59
1129 60
1129 61
1129 62
1129 563
1129 564
1129 565
1129 566
1129 567
1129 568
1129 569
1129 570
1129 571
1129 572
1129 573
1129 574
1129 575
1130 27
1130 28
1130 29
1130 30
1130 31
1130 32
1130 33
1130 34
1130 35
1130 36
1130 37
1130 38
1130 39
1130 40
1130 41
1130 42
1130 43
1130 546
1130 547
1130 548
1130 549
1130 550
1130 551
1130 552
1130 553
1131 4
1131 5
1131 6
1131 7
1131 8
1131 9
1131 10
1131 11
1131 12
1131 13
1131 14
1131 15
1131 16
1131 17
1131 18
1131 19
1131 20
1131 21
1132 47
1132 48
1132 49
1132 50
1132 51
1132 52
1132 53
1132 54
1132 55
1132 56
1132 57
1132 58
1132 559
1132 560
1132 561
1132 562
1132 563
1132 564
1132 565
1132 566
1132 567
1132 568
1132 569
1132 570
1132 571
1132 572
1132 573
1132 574
1133 22
1133 23
1133 24
1133 25
1133 26
1133 27
1133 28
1133 29
1133 30
1133 31
1133 32
1133 33
1133 34
1133 35
1133 36
1133 37
1133 38
1133 39
1134 0
1134 1
1134 2
1134 3
1134 4
1134 5
1134 6
1134 7
1134 8
1134 9
1134 10
1134 11
1134 12
1134 13
1134 14
1134 15
1134 16
1134 17
1135 42
1135 43
1135 44
1135 45
1135 46
1135 47
1135 48
1135 49
1135 50
1135 51
1135 52
1135 53
1135 54
1135 55
1135 556
1135 557
1135 558
1135 559
1135 560
1135 561
1135 562
1135 563
1135 564
1135 565
1135 566
1135 567
1135 568
1135 569
1135 570
1136 18
1136 19
1136 20
1136 21
1136 22
1136 23
1136 24
1136 25
1136 26
1136 27
1136 28
1136 29
1136 30
1136 31
1136 32
1136 33
1136 34
1136 35
1137 0
1137 1
1137 2
1137 3
1137 4
1137 5
1137 6
1137 7
1137 8
1137 9
1137 10
1137 11
1137 12
1137 13
1137 572
1137 573
1137 574
1137 575
1138 37
1138 38
1138 39
1138 40
1138 41
1138 42
1138 43
1138 44
1138 45
1138 46
1138 47
1138 48
1138 49
1138 50
1138 51
1138 52
1138 552
1138 553
1138 554
1138 555
1138 556
1138 557
1138 558
1138 559
1138 560
1138 561
1138 562
1138 563
1138 564
1138 565
1139 14
1139 15
1139 16
1139 17
1139 18
1139 19
1139 20
1139 21
1139 22
1139 23
1139 24
1139 25
1139 26
1139 27
1139 28
1139 29
1139 30
1139 31
1140 0
1140 1
1140 2
1140 3
1140 4
1140 5
1140 6
1140 7
1140 8
1140 9
1140 59
1140 60
1140 61
1140 62
1140 63
1140 64
1140 65
1140 568
1140 569
1140 570
1140 571
1140 572
1140 573
1140 574
1140 575
1141 32
1141 33
1141 34
1141 35
1141 36
1141 37
1141 38
1141 39
1141 40
1141 41
1141 42
1141 43
1141 44
1141 45
1141 46
1141 47
1141 48
1141 549
1141 550
1141 551
1141 552
1141 553
1141 554
1141 555
1141 556
1141 557
1141 558
1141 559
1141 560
1142 9
1142 10
1142 11
1142 12
1142 13
1142 14
1142 15
1142 16
1142 17
1142 18
1142 19
1142 20
1142 21
1142 22
1142 23
1142 24
1142 25
1142 26
1142 27
1143 0
1143 1
1143 2
1143 3
1143 4
1143 53
1143 54
1143 55
1143 56
1143 57
1143 58
1143 59
1143 60
1143 61
1143 62
1143 63
1143 564
1143 565
1143 566
1143 567
1143 568
1143 569
1143 570
1143 571
1143 572
1143 573
1143 574
1143 575
1144 28
1144 29
1144 30
1144 31
1144 32
1144 33
1144 34
1144 35
1144 36
1144 37
1144 38
1144 39
1144 40
1144 41
1144 42
1144 43
1144 44
1144 546
1144 547
1144 548
1144 549
1144 550
1144 551
1144 552
1144 553
1144 554
1145 5
1145 6
1145 7
1145 8
1145 9
1145 10
1145 11
1145 12
1145 13
1145 14
1145 15
1145 16
1145 17
1145 18
1145 19
1145 20
1145 21
1145 22
1145 23
1146 0
1146 48
1146 49
1146 50
1146 51
1146 52
1146 53
1146 54
1146 55
1146 56
1146 57
1146 58
1146 59
1146 60
1146 560
1146 561
1146 562
1146 563
1146 564
1146 565
1146 566
1146 567
1146 568
1146 569
1146 570
1146 571
1146 572
1146 573
1146 574
1146 575
1147 23
1147 24
1147 25
1147 26
1147 27
1147 28
1147 29
1147 30
1147 31
1147 32
1147 33
1147 34
1147 35
1147 36
1147 37
1147 38
1147 39
1147 40
1147 544
1147 545
1147 546
1147 547
1147 548
1148 1
1148 2
1148 3
1148 4
1148 5
1148 6
1148 7
1148 8
1148 9
1148 10
1148 11
1148 12
1148 13
1148 14
1148 15
1148 16
1148 17
1148 18
1149 43
1149 44
1149 45
1149 46
1149 47
1149 48
1149 49
1149 50
1149 51
1149 52
1149 53
1149 54
1149 55
1149 56
1149 556
1149 557
1149 558
1149 559
1149 560
1149 561
1149 562
1149 563
1149 564
1149 565
1149 566
1149 567
1149 568
1149 569
1149 570
1149 571
1150 19
1150 20
1150 21
1150 22
1150 23
1150 24
1150 25
1150 26
1150 27
1150 28
1150 29
1150 30
1150 31
1150 32
1150 33
1150 34
1150 35
1150 36
1151 0
1151 1
1151 2
1151 3
1151 4
1151 5
1151 6
1151 7
1151 8
1151 9
1151 10
1151 11
1151 12
1151 13
1151 14
1151 573
1151 574
1151 575
1152 38
1152 39
1152 40
1152 41
1152 42
1152 43
1152 44
1152 45
1152 46
1152 47
1152 48
1152 49
1152 50
1152 51
1152 52
1152 53
1152 553
1152 554
1152 555
1152 556
1152 557
1152 558
1152 559
1152 560
1152 561
1152 562
1152 563
1152 564
1152 565
1152 566
1153 15
1153 16
1153 17
1153 18
1153 19
1153 20
1153 21
1153 22
1153 23
1153 24
1153 25
1153 26
1153 27
1153 28
1153 29
1153 30
1153 31
1153 32
1154 0
1154 1
1154 2
1154 3
1154 4
1154 5
1154 6
1154 7
1154 8
1154 9
1154 10
1154 60
1154 61
1154 62
1154 63
1154 64
1154 65
1154 66
1154 569
1154 570
1154 571
1154 572
1154 573
1154 574
1154 575
1155 33
1155 34
1155 35
1155 36
1155 37
1155 38
1155 39
1155 40
1155 41
1155 42
1155 43
1155 44
1155 45
1155 46
1155 47
1155 48
1155 49
1155 549
1155 550
1155 551
1155 552
1155 553
1155 554
1155 555
1155 556
1155 557
1155 558
1155 559
1155 560
1155 561
1156 10
1156 11
1156 12
1156 13
1156 14
1156 15
1156 16
1156 17
1156 18
1156 19
1156 20
1156 21
1156 22
1156 23
1156 24
1156 25
1156 26
1156 27
1156 28
1157 0
1157 1
1157 2
1157 3
1157 4
1157 5
1157 54
1157 55
1157 56
1157 57
1157 58
1157 59
1157 60
1157 61
1157 62
1157 63
1157 64
1157 565
1157 566
1157 567
1157 568
1157 569
1157 570
1157 571
1157 572
1157 573
1157 574
1157 575
1158 29
1158 30
1158 31
1158 32
1158 33
1158 34
1158 35
1158 36
1158 37
1158 38
1158 39
1158 40
1158 41
1158 42
1158 43
1158 44
1158 45
1158 546
1158 547
1158 548
1158 549
1158 550
1158 551
1158 552
1158 553
1158 554
1158 555
1158 556
1159 6
1159 7
1159 8
1159 9
1159 10
1159 11
1159 12
1159 13
1159 14
1159 15
1159 16
1159 17
1159 18
1159 19
1159 20
1159 21
1159 22
1159 23
1159 24
1160 0
1160 1
1160 49
1160 50
1160 51
1160 52
1160 53
1160 54
1160 55
1160 56
1160 57
1160 58
1160 59
1160 60
1160 61
1160 561
1160 562
1160 563
1160 564
1160 565
1160 566
1160 567
1160 568
1160 569
1160 570
1160 571
1160 572
1160 573
1160 574
1160 575
1161 24
1161 25
1161 26
1161 27
1161 28
1161 29
1161 30
1161 31
1161 32
1161 33
1161 34
1161 35
1161 36
1161 37
1161 38
1161 39
1161 40
1161 41
1161 544
1161 545
1161 546
1161 547
1161 548
1161 549
1161 550
1162 2
1162 3
1162 4
1162 5
1162 6
1162 7
1162 8
1162 9
1162 10
1162 11
1162 12
1162 13
1162 14
1162 15
1162 16
1162 17
1162 18
1162 19
1162 20
1163 44
1163 45
1163 46
1163 47
1163 48
1163 49
1163 50
1163 51
1163 52
1163 53
1163 54
1163 55
1163 56
1163 57
1163 557
1163 558
1163 559
1163 560
1163 561
1163 562
1163 563
1163 564
1163 565
1163 566
1163 567
1163 568
1163 569
1163 570
1163 571
1163 572
1164 20
1164 21
1164 22
1164 23
1164 24
1164 25
1164 26
1164 27
1164 28
1164 29
1164 30
1164 31
1164 32
1164 33
1164 34
1164 35
1164 36
1164 37
1165 0
1165 1
1165 2
1165 3
1165 4
1165 5
1165 6
1165 7
1165 8
1165 9
1165 10
1165 11
1165 12
1165 13
1165 14
1165 15
1165 574
1165 575
1166 39
1166 40
1166 41
1166 42
1166 43
1166 44
1166 45
1166 46
1166 47
1166 48
1166 49
1166 50
1166 51
1166 52
1166 53
1166 54
1166 553
1166 554
1166 555
1166 556
1166 557
1166 558
1166 559
1166 560
1166 561
1166 562
1166 563
1166 564
1166 565
1166 566
1166 567
1167 15
1167 16
1167 17
1167 18
1167 19
1167 20
1167 21
1167 22
1167 23
1167 24
1167 25
1167 26
1167 27
1167 28
1167 29
1167 30
1167 31
1167 32
1167 33
1168 0
1168 1
1168 2
1168 3
1168 4
1168 5
1168 6
1168 7
1168 8
1168 9
1168 10
1168 11
1168 61
1168 62
1168 63
1168 64
1168 65
1168 66
1168 67
1168 570
1168 571
1168 572
1168 573
1168 574
1168 575
1169 34
1169 35
1169 36
1169 37
1169 38
1169 39
1169 40
1169 41
1169 42
1169 43
1169 44
1169 45
1169 46
1169 47
1169 48
1169 49
1169 50
1169 550
1169 551
1169 552
1169 553
1169 554
1169 555
1169 556
1169 557
1169 558
1169 559
1169 560
1169 561
1169 562
1169 563
1170 11
1170 12
1170 13
1170 14
1170 15
1170 16
1170 17
1170 18
1170 19
1170 20
1170 21
1170 22
1170 23
1170 24
1170 25
1170 26
1170 27
1170 28
1170 29
1171 0
1171 1
1171 2
1171 3
1171 4
1171 5
1171 6
1171 55
1171 56
1171 57
1171 58
1171 59
1171 60
1171 61
1171 62
1171 63
1171 64
1171 65
1171 566
1171 567
1171 568
1171 569
1171 570
1171 571
1171 572
1171 573
1171 574
1171 575
1172 30
1172 31
1172 32
1172 33
1172 34
1172 35
1172 36
1172 37
1172 38
1172 39
1172 40
1172 41
1172 42
1172 43
1172 44
1172 45
1172 46
1172 547
1172 548
1172 549
1172 550
1172 551
1172 552
1172 553
1172 554
1172 555
1172 556
1172 557
1172 558
1173 7
1173 8
1173 9
1173 10
1173 11
1173 12
1173 13
1173 14
1173 15
1173 16
1173 17
1173 18
1173 19
1173 20
1173 21
1173 22
1173 23
1173 24
1173 25
1174 0
1174 1
1174 2
1174 50
1174 51
1174 52
1174 53
1174 54
1174 55
1174 56
1174 57
1174 58
1174 59
1174 60
1174 61
1174 62
1174 562
1174 563
1174 564
1174 565
1174 566
1174 567
1174 568
1174 569
1174 570
1174 571
1174 572
1174 573
1174 574
1174 575
1175 25
1175 26
1175 27
1175 28
1175 29
1175 30
1175 31
1175 32
1175 33
1175 34
1175 35
1175 36
1175 37
1175 38
1175 39
1175 40
1175 41
1175 42
1175 544
1175 545
1175 546
1175 547
1175 548
1175 549
1175 550
1175 551
1175 552
1176 3
1176 4
1176 5
1176 6
1176 7
1176 8
1176 9
1176 10
1176 11
1176 12
1176 13
1176 14
1176 15
1176 16
1176 17
1176 18
1176 19
1176 20
1176 21
1177 45
1177 46
1177 47
1177 48
1177 49
1177 50
1177 51
1177 52
1177 53
1177 54
1177 55
1177 56
1177 57
1177 58
1177 558
1177 559
1177 560
1177 561
1177 562
1177 563
1177 564
1177 565
1177 566
1177 567
1177 568
1177 569
1177 570
1177 571
1177 572
1177 573
1178 21
1178 22
1178 23
1178 24
1178 25
1178 26
1178 27
1178 28
1178 29
1178 30
1178 31
1178 32
1178 33
1178 34
1178 35
1178 36
1178 37
1178 38
1178 543
1178 544
1178 545
1179 0
1179 1
1179 2
1179 3
1179 4
1179 5
1179 6
1179 7
1179 8
1179 9
1179 10
1179 11
1179 12
1179 13
1179 14
1179 15
1179 16
1179 575
1180 40
1180 41
1180 42
1180 43
1180 44
1180 45
1180 46
1180 47
1180 48
1180 49
1180 50
1180 51
1180 52
1180 53
1180 54
1180 55
1180 554
1180 555
1180 556
1180 557
1180 558
1180 559
1180 560
1180 561
1180 562
1180 563
1180 564
1180 565
1180 566
1180 567
1180 568
1180 569
1181 16
1181 17
1181 18
1181 19
1181 20
1181 21
1181 22
1181 23
1181 24
1181 25
1181 26
1181 27
1181 28
1181 29
1181 30
1181 31
1181 32
1181 33
1181 34
1182 0
1182 1
1182 2
1182 3
1182 4
1182 5
1182 6
1182 7
1182 8
1182 9
1182 10
1182 11
1182 12
1182 62
1182 63
1182 64
1182 65
1182 66
1182 67
1182 68
1182 570
1182 571
1182 572
1182 573
1182 574
1182 575
1183 35
1183 36
1183 37
1183 38
1183 39
1183 40
1183 41
1183 42
1183 43
1183 44
1183 45
1183 46
1183 47
1183 48
1183 49
1183 50
1183 51
1183 551
1183 552
1183 553
1183 554
1183 555
1183 556
1183 557
1183 558
1183 559
1183 560
1183 561
1183 562
1183 563
1183 564
1184 12
1184 13
1184 14
1184 15
1184 16
1184 17
1184 18
1184 19
1184 20
1184 21
1184 22
1184 23
1184 24
1184 25
1184 26
1184 27
1184 28
1184 29
1184 30
1185 0
1185 1
1185 2
1185 3
1185 4
1185 5
1185 6
1185 7
1185 8
1185 56
1185 57
1185 58
1185 59
1185 60
1185 61
1185 62
1185 63
1185 64
1185 65
1185 66
1185 566
1185 567
1185 568
1185 569
1185 570
1185 571
1185 572
1185 573
1185 574
1185 575
1186 31
1186 32
1186 33
1186 34
1186 35
1186 36
1186 37
1186 38
1186 39
1186 40
1186 41
1186 42
1186 43
1186 44
1186 45
1186 46
1186 47
1186 547
1186 548
1186 549
1186 550
1186 551
1186 552
1186 553
1186 554
1186 555
1186 556
1186 557
1186 558
1186 559
1187 8
1187 9
1187 10
1187 11
1187 12
1187 13
1187 14
1187 15
1187 16
1187 17
1187 18
1187 19
1187 20
1187 21
1187 22
1187 23
1187 24
1187 25
1187 26
1188 0
1188 1
1188 2
1188 3
1188 51
1188 52
1188 53
1188 54
1188 55
1188 56
1188 57
1188 58
1188 59
1188 60
1188 61
1188 62
1188 63
1188 563
1188 564
1188 565
1188 566
1188 567
1188 568
1188 569
1188 570
1188 571
1188 572
1188 573
1188 574
1188 575
1189 26
1189 27
1189 28
1189 29
1189 30
1189 31
1189 32
1189 33
1189 34
1189 35
1189 36
1189 37
1189 38
1189 39
1189 40
1189 41
1189 42
1189 43
1189 545
1189 546
1189 547
1189 548
1189 549
1189 550
1189 551
1189 552
1189 553
1189 554
1190 4
1190 5
1190 6
1190 7
1190 8
1190 9
1190 10
1190 11
1190 12
1190 13
1190 14
1190 15
1190 16
1190 17
1190 18
1190 19
1190 20
1190 21
1190 22
1191 46
1191 47
1191 48
1191 49
1191 50
1191 51
1191 52
1191 53
1191 54
1191 55
1191 56
1191 57
1191 58
1191 59
1191 559
1191 560
1191 561
1191 562
1191 563
1191 564
1191 565
1191 566
1191 567
1191 568
1191 569
1191 570
1191 571
1191 572
1191 573
1191 574
1191 575
1192 22
1192 23
1192 24
1192 25
1192 26
1192 27
1192 28
1192 29
1192 30
1192 31
1192 32
1192 33
1192 34
1192 35
1192 36
1192 37
1192 38
1192 39
1192 543
1192 544
1192 545
1192 546
1192 547
1192 548
1193 0
1193 1
1193 2
1193 3
1193 4
1193 5
1193 6
1193 7
1193 8
1193 9
1193 10
1193 11
1193 12
1193 13
1193 14
1193 15
1193 16
1193 17
1193 18
1194 41
1194 42
1194 43
1194 44
1194 45
1194 46
1194 47
1194 48
1194 49
1194 50
1194 51
1194 52
1194 53
1194 54
1194 55
1194 56
1194 555
1194 556
1194 557
1194 558
1194 559
1194 560
1194 561
1194 562
1194 563
1194 564
1194 565
1194 566
1194 567
1194 568
1194 569
1194 570
1195 18
1195 19
1195 20
1195 21
1195 22
1195 23
1195 24
1195 25
1195 26
1195 27
1195 28
1195 29
1195 30
1195 31
1195 32
1195 33
1195 34
1195 35
1196 0
1196 1
1196 2
1196 3
1196 4
1196 5
1196 6
1196 7
1196 8
1196 9
1196 10
1196 11
1196 12
1196 13
1196 64
1196 65
1196 66
1196 67
1196 68
1196 69
1196 571
1196 572
1196 573
1196 574
1196 575
1197 37
1197 38
1197 39
1197 40
1197 41
1197 42
1197 43
1197 44
1197 45
1197 46
1197 47
1197 48
1197 49
1197 50
1197 51
1197 52
1197 551
1197 552
1197 553
1197 554
1197 555
1197 556
1197 557
1197 558
1197 559
1197 560
1197 561
1197 562
1197 563
1197 564
1197 565
1198 13
1198 14
1198 15
1198 16
1198 17
1198 18
1198 19
1198 20
1198 21
1198 22
1198 23
1198 24
1198 25
1198 26
1198 27
1198 28
1198 29
1198 30
1198 31
1199 0
1199 1
1199 2
1199 3
1199 4
1199 5
1199 6
1199 7
1199 8
1199 9
1199 58
1199 59
1199 60
1199 61
1199 62
1199 63
1199 64
1199 65
1199 66
1199 567
1199 568
1199 569
1199 570
1199 571
1199 572
1199 573
1199 574
1199 575
1200 32
1200 33
1200 34
1200 35
1200 36
1200 37
1200 38
1200 39
1200 40
1200 41
1200 42
1200 43
1200 44
1200 45
1200 46
1200 47
1200 48
1200 548
1200 549
1200 550
1200 551
1200 552
1200 553
1200 554
1200 555
1200 556
1200 557
1200 558
1200 559
1200 560
1201 9
1201 10
1201 11
1201 12
1201 13
1201 14
1201 15
1201 16
1201 17
1201 18
1201 19
1201 20
1201 21
1201 22
1201 23
1201 24
1201 25
1201 26
1201 27
1202 0
1202 1
1202 2
1202 3
1202 4
1202 52
1202 53
1202 54
1202 55
1202 56
1202 57
1202 58
1202 59
1202 60
1202 61
1202 62
1202 63
1202 64
1202 563
1202 564
1202 565
1202 566
1202 567
1202 568
1202 569
1202 570
1202 571
1202 572
1202 573
1202 574
1202 575
1203 27
1203 28
1203 29
1203 30
1203 31
1203 32
1203 33
1203 34
1203 35
1203 36
1203 37
1203 38
1203 39
1203 40
1203 41
1203 42
1203 43
1203 44
1203 45
1203 545
1203 546
1203 547
1203 548
1203 549
1203 550
1203 551
1203 552
1203 553
1203 554
1203 555
1204 5
1204 6
1204 7
1204 8
1204 9
1204 10
1204 11
1204 12
1204 13
1204 14
1204 15
1204 16
1204 17
1204 18
1204 19
1204 20
1204 21
1204 22
1204 23
1205 0
1205 47
1205 48
1205 49
1205 50
1205 51
1205 52
1205 53
1205 54
1205 55
1205 56
1205 57
1205 58
1205 59
1205 60
1205 560
1205 561
1205 562
1205 563
1205 564
1205 565
1205 566
1205 567
1205 568
1205 569
1205 570
1205 571
1205 572
1205 573
1205 574
1205 575
1206 23
1206 24
1206 25
1206 26
1206 27
1206 28
1206 29
1206 30
1206 31
1206 32
1206 33
1206 34
1206 35
1206 36
1206 37
1206 38
1206 39
1206 40
1206 41
1206 543
1206 544
1206 545
1206 546
1206 547
1206 548
1206 549
1206 550
1207 1
1207 2
1207 3
1207 4
1207 5
1207 6
1207 7
1207 8
1207 9
1207 10
1207 11
1207 12
1207 13
1207 14
1207 15
1207 16
1207 17
1207 18
1207 19
1208 42
1208 43
1208 44
1208 45
1208 46
1208 47
1208 48
1208 49
1208 50
1208 51
1208 52
1208 53
1208 54
1208 55
1208 56
1208 57
1208 556
1208 557
1208 558
1208 559
1208 560
1208 561
1208 562
1208 563
1208 564
1208 565
1208 566
1208 567
1208 568
1208 569
1208 570
1208 571
1209 19
1209 20
1209 21
1209 22
1209 23
1209 24
1209 25
1209 26
1209 27
1209 28
1209 29
1209 30
1209 31
1209 32
1209 33
1209 34
1209 35
1209 36
1209 37
1210 0
1210 1
1210 2
1210 3
1210 4
1210 5
1210 6
1210 7
1210 8
1210 9
1210 10
1210 11
1210 12
1210 13
1210 14
1210 65
1210 66
1210 67
1210 68
1210 69
1210 572
1210 573
1210 574
1210 575
1211 38
1211 39
1211 40
1211 41
1211 42
1211 43
1211 44
1211 45
1211 46
1211 47
1211 48
1211 49
1211 50
1211 51
1211 52
1211 53
1211 552
1211 553
1211 554
1211 555
1211 556
1211 557
1211 558
1211 559
1211 560
1211 561
1211 562
1211 563
1211 564
1211 565
1211 566
1211 567
1212 14
1212 15
1212 16
1212 17
1212 18
1212 19
1212 20
1212 21
1212 22
1212 23
1212 24
1212 25
1212 26
1212 27
1212 28
1212 29
1212 30
1212 31
1212 32
1213 0
1213 1
1213 2
1213 3
1213 4
1213 5
1213 6
1213 7
1213 8
1213 9
1213 10
1213 59
1213 60
1213 61
1213 62
1213 63
1213 64
1213 65
1213 66
1213 67
1213 568
1213 569
1213 570
1213 571
1213 572
1213 573
1213 574
1213 575
1214 33
1214 34
1214 35
1214 36
1214 37
1214 38
1214 39
1214 40
1214 41
1214 42
1214 43
1214 44
1214 45
1214 46
1214 47
1214 48
1214 49
1214 549
1214 550
1214 551
1214 552
1214 553
1214 554
1214 555
1214 556
1214 557
1214 558
1214 559
1214 560
1214 561
1214 562
1215 10
1215 11
1215 12
1215 13
1215 14
1215 15
1215 16
1215 17
1215 18
1215 19
1215 20
1215 21
1215 22
1215 23
1215 24
1215 25
1215 26
1215 27
1215 28
1216 0
1216 1
1216 2
1216 3
1216 4
1216 5
1216 6
1216 53
1216 54
1216 55
1216 56
1216 57
1216 58
1216 59
1216 60
1216 61
1216 62
1216 63
1216 64
1216 65
1216 564
1216 565
1216 566
1216 567
1216 568
1216 569
1216 570
1216 571
1216 572
1216 573
1216 574
1216 575
1217 29
1217 30
1217 31
1217 32
1217 33
1217 34
1217 35
1217 36
1217 37
1217 38
1217 39
1217 40
1217 41
1217 42
1217 43
1217 44
1217 45
1217 46
1217 546
1217 547
1217 548
1217 549
1217 550
1217 551
1217 552
1217 553
1217 554
1217 555
1217 556
1217 557
1218 6
1218 7
1218 8
1218 9
1218 10
1218 11
1218 12
1218 13
1218 14
1218 15
1218 16
1218 17
1218 18
1218 19
1218 20
1218 21
1218 22
1218 23
1218 24
1219 0
1219 1
1219 48
1219 49
1219 50
1219 51
1219 52
1219 53
1219 54
1219 55
1219 56
1219 57
1219 58
1219 59
1219 60
1219 61
1219 560
1219 561
1219 562
1219 563
1219 564
1219 565
1219 566
1219 567
1219 568
1219 569
1219 570
1219 571
1219 572
1219 573
1219 574
1219 575
1220 24
1220 25
1220 26
1220 27
1220 28
1220 29
1220 30
1220 31
1220 32
1220 33
1220 34
1220 35
1220 36
1220 37
1220 38
1220 39
1220 40
1220 41
1220 42
1220 543
1220 544
1220 545
1220 546
1220 547
1220 548
1220 549
1220 550
1220 551
1221 2
1221 3
1221 4
1221 5
1221 6
1221 7
1221 8
1221 9
1221 10
1221 11
1221 12
1221 13
1221 14
1221 15
1221 16
1221 17
1221 18
1221 19
1221 20
1222 44
1222 45
1222 46
1222 47
1222 48
1222 49
1222 50
1222 51
1222 52
1222 53
1222 54
1222 55
1222 56
1222 57
1222 58
1222 557
1222 558
1222 559
1222 560
1222 561
1222 562
1222 563
1222 564
1222 565
1222 566
1222 567
1222 568
1222 569
1222 570
1222 571
1222 572
1223 20
1223 21
1223 22
1223 23
1223 24
1223 25
1223 26
1223 27
1223 28
1223 29
1223 30
1223 31
1223 32
1223 33
1223 34
1223 35
1223 36
1223 37
1223 38
1223 542
1223 543
1223 544
1224 0
1224 1
1224 2
1224 3
1224 4
1224 5
1224 6
1224 7
1224 8
1224 9
1224 10
1224 11
1224 12
1224 13
1224 14
1224 15
1224 67
1224 68
1224 69
1224 70
1224 573
1224 574
1224 575
1225 39
1225 40
1225 41
1225 42
1225 43
1225 44
1225 45
1225 46
1225 47
1225 48
1225 49
1225 50
1225 51
1225 52
1225 53
1225 54
1225 553
1225 554
1225 555
1225 556
1225 557
1225 558
1225 559
1225 560
1225 561
1225 562
1225 563
1225 564
1225 565
1225 566
1225 567
1225 568
1226 15
1226 16
1226 17
1226 18
1226 19
1226 20
1226 21
1226 22
1226 23
1226 24
1226 25
1226 26
1226 27
1226 28
1226 29
1226 30
1226 31
1226 32
1226 33
1226 34
1227 0
1227 1
1227 2
1227 3
1227 4
1227 5
1227 6
1227 7
1227 8
1227 9
1227 10
1227 11
1227 60
1227 61
1227 62
1227 63
1227 64
1227 65
1227 66
1227 67
1227 68
1227 569
1227 570
1227 571
1227 572
1227 573
1227 574
1227 575
1228 34
1228 35
1228 36
1228 37
1228 38
1228 39
1228 40
1228 41
1228 42
1228 43
1228 44
1228 45
1228 46
1228 47
1228 48
1228 49
1228 50
1228 51
1228 550
1228 551
1228 552
1228 553
1228 554
1228 555
1228 556
1228 557
1228 558
1228 559
1228 560
1228 561
1228 562
1228 563
1229 11
1229 12
1229 13
1229 14
1229 15
1229 16
1229 17
1229 18
1229 19
1229 20
1229 21
1229 22
1229 23
1229 24
1229 25
1229 26
1229 27
1229 28
1229 29
1230 0
1230 1
1230 2
1230 3
1230 4
1230 5
1230 6
1230 7
1230 55
1230 56
1230 57
1230 58
1230 59
1230 60
1230 61
1230 62
1230 63
1230 64
1230 65
1230 66
1230 565
1230 566
1230 567
1230 568
1230 569
1230 570
1230 571
1230 572
1230 573
1230 574
1230 575
1231 30
1231 31
1231 32
1231 33
1231 34
1231 35
1231 36
1231 37
1231 38
1231 39
1231 40
1231 41
1231 42
1231 43
1231 44
1231 45
1231 46
1231 47
1231 546
1231 547
1231 548
1231 549
1231 550
1231 551
1231 552
1231 553
1231 554
1231 555
1231 556
1231 557
1231 558
1232 7
1232 8
1232 9
1232 10
1232 11
1232 12
1232 13
1232 14
1232 15
1232 16
1232 17
1232 18
1232 19
1232 20
1232 21
1232 22
1232 23
1232 24
1232 25
1233 0
1233 1
1233 2
1233 50
1233 51
1233 52
1233 53
1233 54
1233 55
1233 56
1233 57
1233 58
1233 59
1233 60
1233 61
1233 62
1233 561
1233 562
1233 563
1233 564
1233 565
1233 566
1233 567
1233 568
1233 569
1233 570
1233 571
1233 572
1233 573
1233 574
1233 575
1234 25
1234 26
1234 27
1234 28
1234 29
1234 30
1234 31
1234 32
1234 33
1234 34
1234 35
1234 36
1234 37
1234 38
1234 39
1234 40
1234 41
1234 42
1234 43
1234 544
1234 545
1234 546
1234 547
1234 548
1234 549
1234 550
1234 551
1234 552
1234 553
1235 3
1235 4
1235 5
1235 6
1235 7
1235 8
1235 9
1235 10
1235 11
1235 12
1235 13
1235 14
1235 15
1235 16
1235 17
1235 18
1235 19
1235 20
1235 21
1236 45
1236 46
1236 47
1236 48
1236 49
1236 50
1236 51
1236 52
1236 53
1236 54
1236 55
1236 56
1236 57
1236 58
1236 59
1236 558
1236 559
1236 560
1236 561
1236 562
1236 563
1236 564
1236 565
1236 566
1236 567
1236 568
1236 569
1236 570
1236 571
1236 572
1236 573
1236 574
1237 21
1237 22
1237 23
1237 24
1237 25
1237 26
1237 27
1237 28
1237 29
1237 30
1237 31
1237 32
1237 33
1237 34
1237 35
1237 36
1237 37
1237 38
1237 39
1237 542
1237 543
1237 544
1237 545
1237 546
1237 547
1238 0
1238 1
1238 2
1238 3
1238 4
1238 5
1238 6
1238 7
1238 8
1238 9
1238 10
1238 11
1238 12
1238 13
1238 14
1238 15
1238 16
1238 17
1238 69
1238 70
1238 574
1238 575
1239 40
1239 41
1239 42
1239 43
1239 44
1239 45
1239 46
1239 47
1239 48
1239 49
1239 50
1239 51
1239 52
1239 53
1239 54
1239 55
1239 554
1239 555
1239 556
1239 557
1239 558
1239 559
1239 560
1239 561
1239 562
1239 563
1239 564
1239 565
1239 566
1239 567
1239 568
1239 569
1240 16
1240 17
1240 18
1240 19
1240 20
1240 21
1240 22
1240 23
1240 24
1240 25
1240 26
1240 27
1240 28
1240 29
1240 30
1240 31
1240 32
1240 33
1240 34
1240 35
1241 0
1241 1
1241 2
1241 3
1241 4
1241 5
1241 6
1241 7
1241 8
1241 9
1241 10
1241 11
1241 12
1241 62
1241 63
1241 64
1241 65
1241 66
1241 67
1241 68
1241 69
1241 570
1241 571
1241 572
1241 573
1241 574
1241 575
1242 35
1242 36
1242 37
1242 38
1242 39
1242 40
1242 41
1242 42
1242 43
1242 44
1242 45
1242 46
1242 47
1242 48
1242 49
1242 50
1242 51
1242 52
1242 550
1242 551
1242 552
1242 553
1242 554
1242 555
1242 556
1242 557
1242 558
1242 559
1242 560
1242 561
1242 562
1242 563
1242 564
1243 12
1243 13
1243 14
1243 15
1243 16
1243 17
1243 18
1243 19
1243 20
1243 21
1243 22
1243 23
1243 24
1243 25
1243 26
1243 27
1243 28
1243 29
1243 30
1244 0
1244 1
1244 2
1244 3
1244 4
1244 5
1244 6
1244 7
1244 8
1244 56
1244 57
1244 58
1244 59
1244 60
1244 61
1244 62
1244 63
1244 64
1244 65
1244 66
1244 566
1244 567
1244 568
1244 569
1244 570
1244 571
1244 572
1244 573
1244 574
1244 575
1245 31
1245 32
1245 33
1245 34
1245 35
1245 36
1245 37
1245 38
1245 39
1245 40
1245 41
1245 42
1245 43
1245 44
1245 45
1245 46
1245 47
1245 48
1245 547
1245 548
1245 549
1245 550
1245 551
1245 552
1245 553
1245 554
1245 555
1245 556
1245 557
1245 558
1245 559
1246 8
1246 9
1246 10
1246 11
1246 12
1246 13
1246 14
1246 15
1246 16
1246 17
1246 18
1246 19
1246 20
1246 21
1246 22
1246 23
1246 24
1246 25
1246 26
1247 0
1247 1
1247 2
1247 3
1247 51
1247 52
1247 53
1247 54
1247 55
1247 56
1247 57
1247 58
1247 59
1247 60
1247 61
1247 62
1247 63
1247 562
1247 563
1247 564
1247 565
1247 566
1247 567
1247 568
1247 569
1247 570
1247 571
1247 572
1247 573
1247 574
1247 575
1248 26
1248 27
1248 28
1248 29
1248 30
1248 31
1248 32
1248 33
1248 34
1248 35
1248 36
1248 37
1248 38
1248 39
1248 40
1248 41
1248 42
1248 43
1248 44
1248 544
1248 545
1248 546
1248 547
1248 548
1248 549
1248 550
1248 551
1248 552
1248 553
1248 554
1249 4
1249 5
1249 6
1249 7
1249 8
1249 9
1249 10
1249 11
1249 12
1249 13
1249 14
1249 15
1249 16
1249 17
1249 18
1249 19
1249 20
1249 21
1249 22
1250 46
1250 47
1250 48
1250 49
1250 50
1250 51
1250 52
1250 53
1250 54
1250 55
1250 56
1250 57
1250 58
1250 59
1250 60
1250 559
1250 560
1250 561
1250 562
1250 563
1250 564
1250 565
1250 566
1250 567
1250 568
1250 569
1250 570
1250 571
1250 572
1250 573
1250 574
1250 575
1251 22
1251 23
1251 24
1251 25
1251 26
1251 27
1251 28
1251 29
1251 30
1251 31
1251 32
1251 33
1251 34
1251 35
1251 36
1251 37
1251 38
1251 39
1251 40
1251 542
1251 543
1251 544
1251 545
1251 546
1251 547
1251 548
1252 0
1252 1
1252 2
1252 3
1252 4
1252 5
1252 6
1252 7
1252 8
1252 9
1252 10
1252 11
1252 12
1252 13
1252 14
1252 15
1252 16
1252 17
1252 18
1252 575
1253 41
1253 42
1253 43
1253 44
1253 45
1253 46
1253 47
1253 48
1253 49
1253 50
1253 51
1253 52
1253 53
1253 54
1253 55
1253 56
1253 555
1253 556
1253 557
1253 558
1253 559
1253 560
1253 561
1253 562
1253 563
1253 564
1253 565
1253 566
1253 567
1253 568
1253 569
1253 570
1254 18
1254 19
1254 20
1254 21
1254 22
1254 23
1254 24
1254 25
1254 26
1254 27
1254 28
1254 29
1254 30
1254 31
1254 32
1254 33
1254 34
1254 35
1254 36
1255 0
1255 1
1255 2
1255 3
1255 4
1255 5
1255 6
1255 7
1255 8
1255 9
1255 10
1255 11
1255 12
1255 13
1255 63
1255 64
1255 65
1255 66
1255 67
1255 68
1255 69
1255 70
1255 571
1255 572
1255 573
1255 574
1255 575
1256 37
1256 38
1256 39
1256 40
1256 41
1256 42
1256 43
1256 44
1256 45
1256 46
1256 47
1256 48
1256 49
1256 50
1256 51
1256 52
1256 53
1256 551
1256 552
1256 553
1256 554
1256 555
1256 556
1256 557
1256 558
1256 559
1256 560
1256 561
1256 562
1256 563
1256 564
1256 565
1257 13
1257 14
1257 15
1257 16
1257 17
1257 18
1257 19
1257 20
1257 21
1257 22
1257 23
1257 24
1257 25
1257 26
1257 27
1257 28
1257 29
1257 30
1257 31
1257 32
1258 0
1258 1
1258 2
1258 3
1258 4
1258 5
1258 6
1258 7
1258 8
1258 9
1258 57
1258 58
1258 59
1258 60
1258 61
1258 62
1258 63
1258 64
1258 65
1258 66
1258 67
1258 567
1258 568
1258 569
1258 570
1258 571
1258 572
1258 573
1258 574
1258 575
1259 32
1259 33
1259 34
1259 35
1259 36
1259 37
1259 38
1259 39
1259 40
1259 41
1259 42
1259 43
1259 44
1259 45
1259 46
1259 47
1259 48
1259 49
1259 548
1259 549
1259 550
1259 551
1259 552
1259 553
1259 554
1259 555
1259 556
1259 557
1259 558
1259 559
1259 560
1259 561
1260 9
1260 10
1260 11
1260 12
1260 13
1260 14
1260 15
1260 16
1260 17
1260 18
1260 19
1260 20
1260 21
1260 22
1260 23
1260 24
1260 25
1260 26
1260 27
1261 0
1261 1
1261 2
1261 3
1261 4
1261 5
1261 52
1261 53
1261 54
1261 55
1261 56
1261 57
1261 58
1261 59
1261 60
1261 61
1261 62
1261 63
1261 64
1261 563
1261 564
1261 565
1261 566
1261 567
1261 568
1261 569
1261 570
1261 571
1261 572
1261 573
1261 574
1261 575
1262 27
1262 28
1262 29
1262 30
1262 31
1262 32
1262 33
1262 34
1262 35
1262 36
1262 37
1262 38
1262 39
1262 40
1262 41
1262 42
1262 43
1262 44
1262 45
1262 545
1262 546
1262 547
1262 548
1262 549
1262 550
1262 551
1262 552
1262 553
1262 554
1262 555
1263 5
1263 6
1263 7
1263 8
1263 9
1263 10
1263 11
1263 12
1263 13
1263 14
1263 15
1263 16
1263 17
1263 18
1263 19
1263 20
1263 21
1263 22
1263 23
1264 0
1264 47
1264 48
1264 49
1264 50
1264 51
1264 52
1264 53
1264 54
1264 55
1264 56
1264 57
1264 58
1264 59
1264 60
1264 61
1264 560
1264 561
1264 562
1264 563
1264 564
1264 565
1264 566
1264 567
1264 568
1264 569
1264 570
1264 571
1264 572
1264 573
1264 574
1264 575
1265 23
1265 24
1265 25
1265 26
1265 27
1265 28
1265 29
1265 30
1265 31
1265 32
1265 33
1265 34
1265 35
1265 36
1265 37
1265 38
1265 39
1265 40
1265 41
1265 542
1265 543
1265 544
1265 545
1265 546
1265 547
1265 548
1265 549
1265 550
1266 1
1266 2
1266 3
1266 4
1266 5
1266 6
1266 7
1266 8
1266 9
1266 10
1266 11
1266 12
1266 13
1266 14
1266 15
1266 16
1266 17
1266 18
1266 19
1267 42
1267 43
1267 44
1267 45
1267 46
1267 47
1267 48
1267 49
1267 50
1267 51
1267 52
1267 53
1267 54
1267 55
1267 56
1267 57
1267 556
1267 557
1267 558
1267 559
1267 560
1267 561
1267 562
1267 563
1267 564
1267 565
1267 566
1267 567
1267 568
1267 569
1267 570
1267 571
1268 19
1268 20
1268 21
1268 22
1268 23
1268 24
1268 25
1268 26
1268 27
1268 28
1268 29
1268 30
1268 31
1268 32
1268 33
1268 34
1268 35
1268 36
1268 37
1269 0
1269 1
1269 2
1269 3
1269 4
1269 5
1269 6
1269 7
1269 8
1269 9
1269 10
1269 11
1269 12
1269 13
1269 14
1269 15
1269 65
1269 66
1269 67
1269 68
1269 69
1269 70
1269 572
1269 573
1269 574
1269 575
1270 38
1270 39
1270 40
1270 41
1270 42
1270 43
1270 44
1270 45
1270 46
1270 47
1270 48
1270 49
1270 50
1270 51
1270 52
1270 53
1270 54
1270 552
1270 553
1270 554
1270 555
1270 556
1270 557
1270 558
1270 559
1270 560
1270 561
1270 562
1270 563
1270 564
1270 565
1270 566
1270 567
1271 14
1271 15
1271 16
1271 17
1271 18
1271 19
1271 20
1271 21
1271 22
1271 23
1271 24
1271 25
1271 26
1271 27
1271 28
1271 29
1271 30
1271 31
1271 32
1271 33
1272 0
1272 1
1272 2
1272 3
1272 4
1272 5
1272 6
1272 7
1272 8
1272 9
1272 10
1272 59
1272 60
1272 61
1272 62
1272 63
1272 64
1272 65
1272 66
1272 67
1272 68
1272 568
1272 569
1272 570
1272 571
1272 572
1272 573
1272 574
1272 575
1273 33
1273 34
1273 35
1273 36
1273 37
1273 38
1273 39
1273 40
1273 41
1273 42
1273 43
1273 44
1273 45
1273 46
1273 47
1273 48
1273 49
1273 50
1273 549
1273 550
1273 551
1273 552
1273 553
1273 554
1273 555
1273 556
1273 557
1273 558
1273 559
1273 560
1273 561
1273 562
1274 10
1274 11
1274 12
1274 13
1274 14
1274 15
1274 16
1274 17
1274 18
1274 19
1274 20
1274 21
1274 22
1274 23
1274 24
1274 25
1274 26
1274 27
1274 28
1274 29
1275 0
1275 1
1275 2
1275 3
1275 4
1275 5
1275 6
1275 54
1275 55
1275 56
1275 57
1275 58
1275 59
1275 60
1275 61
1275 62
1275 63
1275 64
1275 65
1275 564
1275 565
1275 566
1275 567
1275 568
1275 569
1275 570
1275 571
1275 572
1275 573
1275 574
1275 575
1276 29
1276 30
1276 31
1276 32
1276 33
1276 34
1276 35
1276 36
1276 37
1276 38
1276 39
1276 40
1276 41
1276 42
1276 43
1276 44
1276 45
1276 46
1276 546
1276 547
1276 548
1276 549
1276 550
1276 551
1276 552
1276 553
1276 554
1276 555
1276 556
1276 557
1277 6
1277 7
1277 8
1277 9
1277 10
1277 11
1277 12
1277 13
1277 14
1277 15
1277 16
1277 17
1277 18
1277 19
1277 20
1277 21
1277 22
1277 23
1277 24
1278 0
1278 1
1278 49
1278 50
1278 51
1278 52
1278 53
1278 54
1278 55
1278 56
1278 57
1278 58
1278 59
1278 60
1278 61
1278 62
1278 561
1278 562
1278 563
1278 564
1278 565
1278 566
1278 567
1278 568
1278 569
1278 570
1278 571
1278 572
1278 573
1278 574
1278 575
1279 24
1279 25
1279 26
1279 27
1279 28
1279 29
1279 30
1279 31
1279 32
1279 33
1279 34
1279 35
1279 36
1279 37
1279 38
1279 39
1279 40
1279 41
1279 42
1279 543
1279 544
1279 545
1279 546
1279 547
1279 548
1279 549
1279 550
1279 551
1280 2
1280 3
1280 4
1280 5
1280 6
1280 7
1280 8
1280 9
1280 10
1280 11
1280 12
1280 13
1280 14
1280 15
1280 16
1280 17
1280 18
1280 19
1280 20
1281 44
1281 45
1281 46
1281 47
1281 48
1281 49
1281 50
1281 51
1281 52
1281 53
1281 54
1281 55
1281 56
1281 57
1281 58
1281 557
1281 558
1281 559
1281 560
1281 561
1281 562
1281 563
1281 564
1281 565
1281 566
1281 567
1281 568
1281 569
1281 570
1281 571
1281 572
1281 573
1282 20
1282 21
1282 22
1282 23
1282 24
1282 25
1282 26
1282 27
1282 28
1282 29
1282 30
1282 31
1282 32
1282 33
1282 34
1282 35
1282 36
1282 37
1282 38
1282 541
1282 542
1282 543
1282 544
1282 545
1283 0
1283 1
1283 2
1283 3
1283 4
1283 5
1283 6
1283 7
1283 8
1283 9
1283 10
1283 11
1283 12
1283 13
1283 14
1283 15
1283 16
1283 67
1283 68
1283 69
1283 70
1283 71
1283 574
1283 575
1284 39
1284 40
1284 41
1284 42
1284 43
1284 44
1284 45
1284 46
1284 47
1284 48
1284 49
1284 50
1284 51
1284 52
1284 53
1284 54
1284 55
1284 553
1284 554
1284 555
1284 556
1284 557
1284 558
1284 559
1284 560
1284 561
1284 562
1284 563
1284 564
1284 565
1284 566
1284 567
1284 568
1285 16
1285 17
1285 18
1285 19
1285 20
1285 21
1285 22
1285 23
1285 24
1285 25
1285 26
1285 27
1285 28
1285 29
1285 30
1285 31
1285 32
1285 33
1285 34
1286 0
1286 1
1286 2
1286 3
1286 4
1286 5
1286 6
1286 7
1286 8
1286 9
1286 10
1286 11
1286 60
1286 61
1286 62
1286 63
1286 64
1286 65
1286 66
1286 67
1286 68
1286 69
1286 570
1286 571
1286 572
1286 573
1286 574
1286 575
1287 34
1287 35
1287 36
1287 37
1287 38
1287 39
1287 40
1287 41
1287 42
1287 43
1287 44
1287 45
1287 46
1287 47
1287 48
1287 49
1287 50
1287 51
1287 550
1287 551
1287 552
1287 553
1287 554
1287 555
1287 556
1287 557
1287 558
1287 559
1287 560
1287 561
1287 562
1287 563
1288 11
1288 12
1288 13
1288 14
1288 15
1288 16
1288 17
1288 18
1288 19
1288 20
1288 21
1288 22
1288 23
1288 24
1288 25
1288 26
1288 27
1288 28
1288 29
1288 30
1289 0
1289 1
1289 2
1289 3
1289 4
1289 5
1289 6
1289 7
1289 55
1289 56
1289 57
1289 58
1289 59
1289 60
1289 61
1289 62
1289 63
1289 64
1289 65
1289 66
1289 566
1289 567
1289 568
1289 569
1289 570
1289 571
1289 572
1289 573
1289 574
1289 575
1290 30
1290 31
1290 32
1290 33
1290 34
1290 35
1290 36
1290 37
1290 38
1290 39
1290 40
1290 41
1290 42
1290 43
1290 44
1290 45
1290 46
1290 47
1290 546
1290 547
1290 548
1290 549
1290 550
1290 551
1290 552
1290 553
1290 554
1290 555
1290 556
1290 557
1290 558
1291 7
1291 8
1291 9
1291 10
1291 11
1291 12
1291 13
1291 14
1291 15
1291 16
1291 17
1291 18
1291 19
1291 20
1291 21
1291 22
1291 23
1291 24
1291 25
1292 0
1292 1
1292 2
1292 50
1292 51
1292 52
1292 53
1292 54
1292 55
1292 56
1292 57
1292 58
1292 59
1292 60
1292 61
1292 62
1292 63
1292 562
1292 563
1292 564
1292 565
1292 566
1292 567
1292 568
1292 569
1292 570
1292 571
1292 572
1292 573
1292 574
1292 575
1293 25
1293 26
1293 27
1293 28
1293 29
1293 30
1293 31
1293 32
1293 33
1293 34
1293 35
1293 36
1293 37
1293 38
1293 39
1293 40
1293 41
1293 42
1293 43
1293 544
1293 545
1293 546
1293 547
1293 548
1293 549
1293 550
1293 551
1293 552
1293 553
1294 3
1294 4
1294 5
1294 6
1294 7
1294 8
1294 9
1294 10
1294 11
1294 12
1294 13
1294 14
1294 15
1294 16
1294 17
1294 18
1294 19
1294 20
1294 21
1295 45
1295 46
1295 47
1295 48
1295 49
1295 50
1295 51
1295 52
1295 53
1295 54
1295 55
1295 56
1295 57
1295 58
1295 59
1295 558
1295 559
1295 560
1295 561
1295 562
1295 563
1295 564
1295 565
1295 566
1295 567
1295 568
1295 569
1295 570
1295 571
1295 572
1295 573
1295 574
1296 21
1296 22
1296 23
1296 24
1296 25
1296 26
1296 27
1296 28
1296 29
1296 30
1296 31
1296 32
1296 33
1296 34
1296 35
1296 36
1296 37
1296 38
1296 39
1296 542
1296 543
1296 544
1296 545
1296 546
1297 0
1297 1
1297 2
1297 3
1297 4
1297 5
1297 6
1297 7
1297 8
1297 9
1297 10
1297 11
1297 12
1297 13
1297 14
1297 15
1297 16
1297 17
1297 69
1297 70
1297 71
1297 575
1298 40
1298 41
1298 42
1298 43
1298 44
1298 45
1298 46
1298 47
1298 48
1298 49
1298 50
1298 51
1298 52
1298 53
1298 54
1298 55
1298 56
1298 554
1298 555
1298 556
1298 557
1298 558
1298 559
1298 560
1298 561
1298 562
1298 563
1298 564
1298 565
1298 566
1298 567
1298 568
1298 569
1299 17
1299 18
1299 19
1299 20
1299 21
1299 22
1299 23
1299 24
1299 25
1299 26
1299 27
1299 28
1299 29
1299 30
1299 31
1299 32
1299 33
1299 34
1299 35
1300 0
1300 1
1300 2
1300 3
1300 4
1300 5
1300 6
1300 7
1300 8
1300 9
1300 10
1300 11
1300 12
1300 62
1300 63
1300 64
1300 65
1300 66
1300 67
1300 68
1300 69
1300 70
1300 571
1300 572
1300 573
1300 574
1300 575
1301 36
1301 37
1301 38
1301 39
1301 40
1301 41
1301 42
1301 43
1301 44
1301 45
1301 46
1301 47
1301 48
1301 49
1301 50
1301 51
1301 52
1301 551
1301 552
1301 553
1301 554
1301 555
1301 556
1301 557
1301 558
1301 559
1301 560
1301 561
1301 562
1301 563
1301 564
1302 12
1302 13
1302 14
1302 15
1302 16
1302 17
1302 18
1302 19
1302 20
1302 21
1302 22
1302 23
1302 24
1302 25
1302 26
1302 27
1302 28
1302 29
1302 30
1302 31
1303 0
1303 1
1303 2
1303 3
1303 4
1303 5
1303 6
1303 7
1303 8
1303 56
1303 57
1303 58
1303 59
1303 60
1303 61
1303 62
1303 63
1303 64
1303 65
1303 66
1303 67
1303 567
1303 568
1303 569
1303 570
1303 571
1303 572
1303 573
1303 574
1303 575
1304 31
1304 32
1304 33
1304 34
1304 35
1304 36
1304 37
1304 38
1304 39
1304 40
1304 41
1304 42
1304 43
1304 44
1304 45
1304 46
1304 47
1304 48
1304 547
1304 548
1304 549
1304 550
1304 551
1304 552
1304 553
1304 554
1304 555
1304 556
1304 557
1304 558
1304 559
1305 8
1305 9
1305 10
1305 11
1305 12
1305 13
1305 14
1305 15
1305 16
1305 17
1305 18
1305 19
1305 20
1305 21
1305 22
1305 23
1305 24
1305 25
1305 26
1306 0
1306 1
1306 2
1306 3
1306 4
1306 51
1306 52
1306 53
1306 54
1306 55
1306 56
1306 57
1306 58
1306 59
1306 60
1306 61
1306 62
1306 63
1306 64
1306 563
1306 564
1306 565
1306 566
1306 567
1306 568
1306 569
1306 570
1306 571
1306 572
1306 573
1306 574
1306 575
1307 27
1307 28
1307 29
1307 30
1307 31
1307 32
1307 33
1307 34
1307 35
1307 36
1307 37
1307 38
1307 39
1307 40
1307 41
1307 42
1307 43
1307 44
1307 544
1307 545
1307 546
1307 547
1307 548
1307 549
1307 550
1307 551
1307 552
1307 553
1307 554
1308 4
1308 5
1308 6
1308 7
1308 8
1308 9
1308 10
1308 11
1308 12
1308 13
1308 14
1308 15
1308 16
1308 17
1308 18
1308 19
1308 20
1308 21
1308 22
1309 46
1309 47
1309 48
1309 49
1309 50
1309 51
1309 52
1309 53
1309 54
1309 55
1309 56
1309 57
1309 58
1309 59
1309 60
1309 559
1309 560
1309 561
1309 562
1309 563
1309 564
1309 565
1309 566
1309 567
1309 568
1309 569
1309 570
1309 571
1309 572
1309 573
1309 574
1309 575
1310 22
1310 23
1310 24
1310 25
1310 26
1310 27
1310 28
1310 29
1310 30
1310 31
1310 32
1310 33
1310 34
1310 35
1310 36
1310 37
1310 38
1310 39
1310 40
1310 542
1310 543
1310 544
1310 545
1310 546
1310 547
1310 548
1311 0
1311 1
1311 2
1311 3
1311 4
1311 5
1311 6
1311 7
1311 8
1311 9
1311 10
1311 11
1311 12
1311 13
1311 14
1311 15
1311 16
1311 17
1311 18
1312 42
1312 43
1312 44
1312 45
1312 46
1312 47
1312 48
1312 49
1312 50
1312 51
1312 52
1312 53
1312 54
1312 55
1312 56
1312 57
1312 555
1312 556
1312 557
1312 558
1312 559
1312 560
1312 561
1312 562
1312 563
1312 564
1312 565
1312 566
1312 567
1312 568
1312 569
1312 570
1313 18
1313 19
1313 20
1313 21
1313 22
1313 23
1313 24
1313 25
1313 26
1313 27
1313 28
1313 29
1313 30
1313 31
1313 32
1313 33
1313 34
1313 35
1313 36
1314 0
1314 1
1314 2
1314 3
1314 4
1314 5
1314 6
1314 7
1314 8
1314 9
1314 10
1314 11
1314 12
1314 13
1314 14
1314 64
1314 65
1314 66
1314 67
1314 68
1314 69
1314 70
1314 572
1314 573
1314 574
1314 575
1315 37
1315 38
1315 39
1315 40
1315 41
1315 42
1315 43
1315 44
1315 45
1315 46
1315 47
1315 48
1315 49
1315 50
1315 51
1315 52
1315 53
1315 552
1315 553
1315 554
1315 555
1315 556
1315 557
1315 558
1315 559
1315 560
1315 561
1315 562
1315 563
1315 564
1315 565
1315 566
1316 14
1316 15
1316 16
1316 17
1316 18
1316 19
1316 20
1316 21
1316 22
1316 23
1316 24
1316 25
1316 26
1316 27
1316 28
1316 29
1316 30
1316 31
1316 32
1317 0
1317 1
1317 2
1317 3
1317 4
1317 5
1317 6
1317 7
1317 8
1317 9
1317 58
1317 59
1317 60
1317 61
1317 62
1317 63
1317 64
1317 65
1317 66
1317 67
1317 68
1317 568
1317 569
1317 570
1317 571
1317 572
1317 573
1317 574
1317 575
1318 32
1318 33
1318 34
1318 35
1318 36
1318 37
1318 38
1318 39
1318 40
1318 41
1318 42
1318 43
1318 44
1318 45
1318 46
1318 47
1318 48
1318 49
1318 548
1318 549
1318 550
1318 551
1318 552
1318 553
1318 554
1318 555
1318 556
1318 557
1318 558
1318 559
1318 560
1318 561
1319 9
1319 10
1319 11
1319 12
1319 13
1319 14
1319 15
1319 16
1319 17
1319 18
1319 19
1319 20
1319 21
1319 22
1319 23
1319 24
1319 25
1319 26
1319 27
1319 28
1320 0
1320 1
1320 2
1320 3
1320 4
1320 5
1320 53
1320 54
1320 55
1320 56
1320 57
1320 58
1320 59
1320 60
1320 61
1320 62
1320 63
1320 64
1320 65
1320 564
1320 565
1320 566
1320 567
1320 568
1320 569
1320 570
1320 571
1320 572
1320 573
1320 574
1320 575
1321 28
1321 29
1321 30
1321 31
1321 32
1321 33
1321 34
1321 35
1321 36
1321 37
1321 38
1321 39
1321 40
1321 41
1321 42
1321 43
1321 44
1321 45
1321 545
1321 546
1321 547
1321 548
1321 549
1321 550
1321 551
1321 552
1321 553
1321 554
1321 555
1322 5
1322 6
1322 7
1322 8
1322 9
1322 10
1322 11
1322 12
1322 13
1322 14
1322 15
1322 16
1322 17
1322 18
1322 19
1322 20
1322 21
1322 22
1322 23
1323 0
1323 48
1323 49
1323 50
1323 51
1323 52
1323 53
1323 54
1323 55
1323 56
1323 57
1323 58
1323 59
1323 60
1323 61
1323 560
1323 561
1323 562
1323 563
1323 564
1323 565
1323 566
1323 567
1323 568
1323 569
1323 570
1323 571
1323 572
1323 573
1323 574
1323 575
1324 24
1324 25
1324 26
1324 27
1324 28
1324 29
1324 30
1324 31
1324 32
1324 33
1324 34
1324 35
1324 36
1324 37
1324 38
1324 39
1324 40
1324 41
1324 543
1324 544
1324 545
1324 546
1324 547
1324 548
1324 549
1324 550
1325 1
1325 2
1325 3
1325 4
1325 5
1325 6
1325 7
1325 8
1325 9
1325 10
1325 11
1325 12
1325 13
1325 14
1325 15
1325 16
1325 17
1325 18
1325 19
1326 43
1326 44
1326 45
1326 46
1326 47
1326 48
1326 49
1326 50
1326 51
1326 52
1326 53
1326 54
1326 55
1326 56
1326 57
1326 58
1326 556
1326 557
1326 558
1326 559
1326 560
1326 561
1326 562
1326 563
1326 564
1326 565
1326 566
1326 567
1326 568
1326 569
1326 570
1326 571
1327 19
1327 20
1327 21
1327 22
1327 23
1327 24
1327 25
1327 26
1327 27
1327 28
1327 29
1327 30
1327 31
1327 32
1327 33
1327 34
1327 35
1327 36
1327 37
1328 0
1328 1
1328 2
1328 3
1328 4
1328 5
1328 6
1328 7
1328 8
1328 9
1328 10
1328 11
1328 12
1328 13
1328 14
1328 15
1328 66
1328 67
1328 68
1328 69
1328 70
1328 71
1328 573
1328 574
1328 575
1329 38
1329 39
1329 40
1329 41
1329 42
1329 43
1329 44
1329 45
1329 46
1329 47
1329 48
1329 49
1329 50
1329 51
1329 52
1329 53
1329 54
1329 553
1329 554
1329 555
1329 556
1329 557
1329 558
1329 559
1329 560
1329 561
1329 562
1329 563
1329 564
1329 565
1329 566
1329 567
1330 15
1330 16
1330 17
1330 18
1330 19
1330 20
1330 21
1330 22
1330 23
1330 24
1330 25
1330 26
1330 27
1330 28
1330 29
1330 30
1330 31
1330 32
1330 33
1331 0
1331 1
1331 2
1331 3
1331 4
1331 5
1331 6
1331 7
1331 8
1331 9
1331 10
1331 60
1331 61
1331 62
1331 63
1331 64
1331 65
1331 66
1331 67
1331 68
1331 69
1331 569
1331 570
1331 571
1331 572
1331 573
1331 574
1331 575
1332 34
1332 35
1332 36
1332 37
1332 38
1332 39
1332 40
1332 41
1332 42
1332 43
1332 44
1332 45
1332 46
1332 47
1332 48
1332 49
1332 50
1332 549
1332 550
1332 551
1332 552
1332 553
1332 554
1332 555
1332 556
1332 557
1332 558
1332 559
1332 560
1332 561
1332 562
1333 11
1333 12
1333 13
1333 14
1333 15
1333 16
1333 17
1333 18
1333 19
1333 20
1333 21
1333 22
1333 23
1333 24
1333 25
1333 26
1333 27
1333 28
1333 29
1334 0
1334 1
1334 2
1334 3
1334 4
1334 5
1334 6
1334 54
1334 55
1334 56
1334 57
1334 58
1334 59
1334 60
1334 61
1334 62
1334 63
1334 64
1334 65
1334 66
1334 565
1334 566
1334 567
1334 568
1334 569
1334 570
1334 571
1334 572
1334 573
1334 574
1334 575
1335 29
1335 30
1335 31
1335 32
1335 33
1335 34
1335 35
1335 36
1335 37
1335 38
1335 39
1335 40
1335 41
1335 42
1335 43
1335 44
1335 45
1335 46
1335 546
1335 547
1335 548
1335 549
1335 550
1335 551
1335 552
1335 553
1335 554
1335 555
1335 556
1335 557
1336 6
1336 7
1336 8
1336 9
1336 10
1336 11
1336 12
1336 13
1336 14
1336 15
1336 16
1336 17
1336 18
1336 19
1336 20
1336 21
1336 22
1336 23
1336 24
1337 0
1337 1
1337 49
1337 50
1337 51
1337 52
1337 53
1337 54
1337 55
1337 56
1337 57
1337 58
1337 59
1337 60
1337 61
1337 62
1337 561
1337 562
1337 563
1337 564
1337 565
1337 566
1337 567
1337 568
1337 569
1337 570
1337 571
1337 572
1337 573
1337 574
1337 575
1338 25
1338 26
1338 27
1338 28
1338 29
1338 30
1338 31
1338 32
1338 33
1338 34
1338 35
1338 36
1338 37
1338 38
1338 39
1338 40
1338 41
1338 42
1338 544
1338 545
1338 546
1338 547
1338 548
1338 549
1338 550
1338 551
1339 2
1339 3
1339 4
1339 5
1339 6
1339 7
1339 8
1339 9
1339 10
1339 11
1339 12
1339 13
1339 14
1339 15
1339 16
1339 17
1339 18
1339 19
1339 20
1340 44
1340 45
1340 46
1340 47
1340 48
1340 49
1340 50
1340 51
1340 52
1340 53
1340 54
1340 55
1340 56
1340 57
1340 58
1340 59
1340 558
1340 559
1340 560
1340 561
1340 562
1340 563
1340 564
1340 565
1340 566
1340 567
1340 568
1340 569
1340 570
1340 571
1340 572
1340 573
1341 20
1341 21
1341 22
1341 23
1341 24
1341 25
1341 26
1341 27
1341 28
1341 29
1341 30
1341 31
1341 32
1341 33
1341 34
1341 35
1341 36
1341 37
1341 38
1342 0
1342 1
1342 2
1342 3
1342 4
1342 5
1342 6
1342 7
1342 8
1342 9
1342 10
1342 11
1342 12
1342 13
1342 14
1342 15
1342 16
1342 69
1342 70
1342 71
1342 574
1342 575
1343 40
1343 41
1343 42
1343 43
1343 44
1343 45
1343 46
1343 47
1343 48
1343 49
1343 50
1343 51
1343 52
1343 53
1343 54
1343 55
1343 554
1343 555
1343 556
1343 557
1343 558
1343 559
1343 560
1343 561
1343 562
1343 563
1343 564
1343 565
1343 566
1343 567
1343 568
1344 16
1344 17
1344 18
1344 19
1344 20
1344 21
1344 22
1344 23
1344 24
1344 25
1344 26
1344 27
1344 28
1344 29
1344 30
1344 31
1344 32
1344 33
1344 34
1345 0
1345 1
1345 2
1345 3
1345 4
1345 5
1345 6
1345 7
1345 8
1345 9
1345 10
1345 11
1345 62
1345 63
1345 64
1345 65
1345 66
1345 67
1345 68
1345 69
1345 570
1345 571
1345 572
1345 573
1345 574
1345 575
1346 35
1346 36
1346 37
1346 38
1346 39
1346 40
1346 41
1346 42
1346 43
1346 44
1346 45
1346 46
1346 47
1346 48
1346 49
1346 50
1346 51
1346 550
1346 551
1346 552
1346 553
1346 554
1346 555
1346 556
1346 557
1346 558
1346 559
1346 560
1346 561
1346 562
1346 563
1347 12
1347 13
1347 14
1347 15
1347 16
1347 17
1347 18
1347 19
1347 20
1347 21
1347 22
1347 23
1347 24
1347 25
1347 26
1347 27
1347 28
1347 29
1347 30
1348 0
1348 1
1348 2
1348 3
1348 4
1348 5
1348 6
1348 7
1348 56
1348 57
1348 58
1348 59
1348 60
1348 61
1348 62
1348 63
1348 64
1348 65
1348 66
1348 566
1348 567
1348 568
1348 569
1348 570
1348 571
1348 572
1348 573
1348 574
1348 575
1349 31
1349 32
1349 33
1349 34
1349 35
1349 36
1349 37
1349 38
1349 39
1349 40
1349 41
1349 42
1349 43
1349 44
1349 45
1349 46
1349 47
1349 547
1349 548
1349 549
1349 550
1349 551
1349 552
1349 553
1349 554
1349 555
1349 556
1349 557
1349 558
1350 8
1350 9
1350 10
1350 11
1350 12
1350 13
1350 14
1350 15
1350 16
1350 17
1350 18
1350 19
1350 20
1350 21
1350 22
1350 23
1350 24
1350 25
1350 26
1351 0
1351 1
1351 2
1351 51
1351 52
1351 53
1351 54
1351 55
1351 56
1351 57
1351 58
1351 59
1351 60
1351 61
1351 62
1351 63
1351 562
1351 563
1351 564
1351 565
1351 566
1351 567
1351 568
1351 569
1351 570
1351 571
1351 572
1351 573
1351 574
1351 575
1352 26
1352 27
1352 28
1352 29
1352 30
1352 31
1352 32
1352 33
1352 34
1352 35
1352 36
1352 37
1352 38
1352 39
1352 40
1352 41
1352 42
1352 43
1352 545
1352 546
1352 547
1352 548
1352 549
1352 550
1352 551
1352 552
1353 4
1353 5
1353 6
1353 7
1353 8
1353 9
1353 10
1353 11
1353 12
1353 13
1353 14
1353 15
1353 16
1353 17
1353 18
1353 19
1353 20
1353 21
1354 46
1354 47
1354 48
1354 49
1354 50
1354 51
1354 52
1354 53
1354 54
1354 55
1354 56
1354 57
1354 58
1354 59
1354 60
1354 559
1354 560
1354 561
1354 562
1354 563
1354 564
1354 565
1354 566
1354 567
1354 568
1354 569
1354 570
1354 571
1354 572
1354 573
1354 574
1355 22
1355 23
1355 24
1355 25
1355 26
1355 27
1355 28
1355 29
1355 30
1355 31
1355 32
1355 33
1355 34
1355 35
1355 36
1355 37
1355 38
1355 39
1355 544
1356 0
1356 1
1356 2
1356 3
1356 4
1356 5
1356 6
1356 7
1356 8
1356 9
1356 10
1356 11
1356 12
1356 13
1356 14
1356 15
1356 16
1356 17
1357 41
1357 42
1357 43
1357 44
1357 45
1357 46
1357 47
1357 48
1357 49
1357 50
1357 51
1357 52
1357 53
1357 54
1357 55
1357 56
1357 555
1357 556
1357 557
1357 558
1357 559
1357 560
1357 561
1357 562
1357 563
1357 564
1357 565
1357 566
1357 567
1357 568
1357 569
1358 17
1358 18
1358 19
1358 20
1358 21
1358 22
1358 23
1358 24
1358 25
1358 26
1358 27
1358 28
1358 29
1358 30
1358 31
1358 32
1358 33
1358 34
1358 35
1359 0
1359 1
1359 2
1359 3
1359 4
1359 5
1359 6
1359 7
1359 8
1359 9
1359 10
1359 11
1359 12
1359 13
1359 63
1359 64
1359 65
1359 66
1359 67
1359 68
1359 69
1359 70
1359 572
1359 573
1359 574
1359 575
1360 37
1360 38
1360 39
1360 40
1360 41
1360 42
1360 43
1360 44
1360 45
1360 46
1360 47
1360 48
1360 49
1360 50
1360 51
1360 52
1360 552
1360 553
1360 554
1360 555
1360 556
1360 557
1360 558
1360 559
1360 560
1360 561
1360 562
1360 563
1360 564
1361 13
1361 14
1361 15
1361 16
1361 17
1361 18
1361 19
1361 20
1361 21
1361 22
1361 23
1361 24
1361 25
1361 26
1361 27
1361 28
1361 29
1361 30
1361 31
1362 0
1362 1
1362 2
1362 3
1362 4
1362 5
1362 6
1362 7
1362 8
1362 58
1362 59
1362 60
1362 61
1362 62
1362 63
1362 64
1362 65
1362 66
1362 67
1362 568
1362 569
1362 570
1362 571
1362 572
1362 573
1362 574
1362 575
1363 32
1363 33
1363 34
1363 35
1363 36
1363 37
1363 38
1363 39
1363 40
1363 41
1363 42
1363 43
1363 44
1363 45
1363 46
1363 47
1363 48
1363 548
1363 549
1363 550
1363 551
1363 552
1363 553
1363 554
1363 555
1363 556
1363 557
1363 558
1363 559
1364 9
1364 10
1364 11
1364 12
1364 13
1364 14
1364 15
1364 16
1364 17
1364 18
1364 19
1364 20
1364 21
1364 22
1364 23
1364 24
1364 25
1364 26
1364 27
1365 0
1365 1
1365 2
1365 3
1365 4
1365 52
1365 53
1365 54
1365 55
1365 56
1365 57
1365 58
1365 59
1365 60
1365 61
1365 62
1365 63
1365 64
1365 564
1365 565
1365 566
1365 567
1365 568
1365 569
1365 570
1365 571
1365 572
1365 573
1365 574
1365 575
1366 28
1366 29
1366 30
1366 31
1366 32
1366 33
1366 34
1366 35
1366 36
1366 37
1366 38
1366 39
1366 40
1366 41
1366 42
1366 43
1366 44
1366 546
1366 547
1366 548
1366 549
1366 550
1366 551
1366 552
1366 553
1367 5
1367 6
1367 7
1367 8
1367 9
1367 10
1367 11
1367 12
1367 13
1367 14
1367 15
1367 16
1367 17
1367 18
1367 19
1367 20
1367 21
1367 22
1368 47
1368 48
1368 49
1368 50
1368 51
1368 52
1368 53
1368 54
1368 55
1368 56
1368 57
1368 58
1368 59
1368 60
1368 61
1368 560
1368 561
1368 562
1368 563
1368 564
1368 565
1368 566
1368 567
1368 568
1368 569
1368 570
1368 571
1368 572
1368 573
1368 574
1368 575
1369 23
1369 24
1369 25
1369 26
1369 27
1369 28
1369 29
1369 30
1369 31
1369 32
1369 33
1369 34
1369 35
1369 36
1369 37
1369 38
1369 39
1369 40
1369 545
1369 546
1370 1
1370 2
1370 3
1370 4
1370 5
1370 6
1370 7
1370 8
1370 9
1370 10
1370 11
1370 12
1370 13
1370 14
1370 15
1370 16
1370 17
1370 18
1371 43
1371 44
1371 45
1371 46
1371 47
1371 48
1371 49
1371 50
1371 51
1371 52
1371 53
1371 54
1371 55
1371 56
1371 57
1371 556
1371 557
1371 558
1371 559
1371 560
1371 561
1371 562
1371 563
1371 564
1371 565
1371 566
1371 567
1371 568
1371 569
1371 570
1372 19
1372 20
1372 21
1372 22
1372 23
1372 24
1372 25
1372 26
1372 27
1372 28
1372 29
1372 30
1372 31
1372 32
1372 33
1372 34
1372 35
1372 36
1373 0
1373 1
1373 2
1373 3
1373 4
1373 5
1373 6
1373 7
1373 8
1373 9
1373 10
1373 11
1373 12
1373 13
1373 14
1373 66
1373 67
1373 68
1373 69
1373 70
1373 573
1373 574
1373 575
1374 38
1374 39
1374 40
1374 41
1374 42
1374 43
1374 44
1374 45
1374 46
1374 47
1374 48
1374 49
1374 50
1374 51
1374 52
1374 53
1374 553
1374 554
1374 555
1374 556
1374 557
1374 558
1374 559
1374 560
1374 561
1374 562
1374 563
1374 564
1374 565
1375 15
1375 16
1375 17
1375 18
1375 19
1375 20
1375 21
1375 22
1375 23
1375 24
1375 25
1375 26
1375 27
1375 28
1375 29
1375 30
1375 31
1375 32
1376 0
1376 1
1376 2
1376 3
1376 4
1376 5
1376 6
1376 7
1376 8
1376 9
1376 59
1376 60
1376 61
1376 62
1376 63
1376 64
1376 65
1376 66
1376 67
1376 68
1376 569
1376 570
1376 571
1376 572
1376 573
1376 574
1376 575
1377 33
1377 34
1377 35
1377 36
1377 37
1377 38
1377 39
1377 40
1377 41
1377 42
1377 43
1377 44
1377 45
1377 46
1377 47
1377 48
1377 49
1377 550
1377 551
1377 552
1377 553
1377 554
1377 555
1377 556
1377 557
1377 558
1377 559
1377 560
1378 10
1378 11
1378 12
1378 13
1378 14
1378 15
1378 16
1378 17
1378 18
1378 19
1378 20
1378 21
1378 22
1378 23
1378 24
1378 25
1378 26
1378 27
1378 28
1379 0
1379 1
1379 2
1379 3
1379 4
1379 5
1379 54
1379 55
1379 56
1379 57
1379 58
1379 59
1379 60
1379 61
1379 62
1379 63
1379 64
1379 65
1379 565
1379 566
1379 567
1379 568
1379 569
1379 570
1379 571
1379 572
1379 573
1379 574
1379 575
1380 29
1380 30
1380 31
1380 32
1380 33
1380 34
1380 35
1380 36
1380 37
1380 38
1380 39
1380 40
1380 41
1380 42
1380 43
1380 44
1380 45
1380 547
1380 548
1380 549
1380 550
1380 551
1380 552
1380 553
1380 554
1380 555
1381 6
1381 7
1381 8
1381 9
1381 10
1381 11
1381 12
1381 13
1381 14
1381 15
1381 16
1381 17
1381 18
1381 19
1381 20
1381 21
1381 22
1381 23
1382 0
1382 49
1382 50
1382 51
1382 52
1382 53
1382 54
1382 55
1382 56
1382 57
1382 58
1382 59
1382 60
1382 61
1382 561
1382 562
1382 563
1382 564
1382 565
1382 566
1382 567
1382 568
1382 569
1382 570
1382 571
1382 572
1382 573
1382 574
1382 575
1383 25
1383 26
1383 27
1383 28
1383 29
1383 30
1383 31
1383 32
1383 33
1383 34
1383 35
1383 36
1383 37
1383 38
1383 39
1383 40
1383 41
1383 546
1383 547
1383 548
1384 2
1384 3
1384 4
1384 5
1384 6
1384 7
1384 8
1384 9
1384 10
1384 11
1384 12
1384 13
1384 14
1384 15
1384 16
1384 17
1384 18
1384 19
1385 44
1385 45
1385 46
1385 47
1385 48
1385 49
1385 50
1385 51
1385 52
1385 53
1385 54
1385 55
1385 56
1385 57
1385 58
1385 558
1385 559
1385 560
1385 561
1385 562
1385 563
1385 564
1385 565
1385 566
1385 567
1385 568
1385 569
1385 570
1385 571
1386 20
1386 21
1386 22
1386 23
1386 24
1386 25
1386 26
1386 27
1386 28
1386 29
1386 30
1386 31
1386 32
1386 33
1386 34
1386 35
1386 36
1386 37
1387 0
1387 1
1387 2
1387 3
1387 4
1387 5
1387 6
1387 7
1387 8
1387 9
1387 10
1387 11
1387 12
1387 13
1387 14
1387 15
1387 574
1387 575
1388 39
1388 40
1388 41
1388 42
1388 43
1388 44
1388 45
1388 46
1388 47
1388 48
1388 49
1388 50
1388 51
1388 52
1388 53
1388 54
1388 554
1388 555
1388 556
1388 557
1388 558
1388 559
1388 560
1388 561
1388 562
1388 563
1388 564
1388 565
1388 566
1389 16
1389 17
1389 18
1389 19
1389 20
1389 21
1389 22
1389 23
1389 24
1389 25
1389 26
1389 27
1389 28
1389 29
1389 30
1389 31
1389 32
1389 33
1390 0
1390 1
1390 2
1390 3
1390 4
1390 5
1390 6
1390 7
1390 8
1390 9
1390 10
1390 62
1390 63
1390 64
1390 65
1390 66
1390 67
1390 68
1390 570
1390 571
1390 572
1390 573
1390 574
1390 575
1391 35
1391 36
1391 37
1391 38
1391 39
1391 40
1391 41
1391 42
1391 43
1391 44
1391 45
1391 46
1391 47
1391 48
1391 49
1391 50
1391 551
1391 552
1391 553
1391 554
1391 555
1391 556
1391 557
1391 558
1391 559
1391 560
1391 561
1392 12
1392 13
1392 14
1392 15
1392 16
1392 17
1392 18
1392 19
1392 20
1392 21
1392 22
1392 23
1392 24
1392 25
1392 26
1392 27
1392 28
1392 29
1393 0
1393 1
1393 2
1393 3
1393 4
1393 5
1393 6
1393 56
1393 57
1393 58
1393 59
1393 60
1393 61
1393 62
1393 63
1393 64
1393 65
1393 66
1393 566
1393 567
1393 568
1393 569
1393 570
1393 571
1393 572
1393 573
1393 574
1393 575
1394 30
1394 31
1394 32
1394 33
1394 34
1394 35
1394 36
1394 37
1394 38
1394 39
1394 40
1394 41
1394 42
1394 43
1394 44
1394 45
1394 46
1394 548
1394 549
1394 550
1394 551
1394 552
1394 553
1394 554
1394 555
1394 556
1395 8
1395 9
1395 10
1395 11
1395 12
1395 13
1395 14
1395 15
1395 16
1395 17
1395 18
1395 19
1395 20
1395 21
1395 22
1395 23
1395 24
1396 0
1396 1
1396 51
1396 52
1396 53
1396 54
1396 55
1396 56
1396 57
1396 58
1396 59
1396 60
1396 61
1396 62
1396 563
1396 564
1396 565
1396 566
1396 567
1396 568
1396 569
1396 570
1396 571
1396 572
1396 573
1396 574
1396 575
1397 26
1397 27
1397 28
1397 29
1397 30
1397 31
1397 32
1397 33
1397 34
1397 35
1397 36
1397 37
1397 38
1397 39
1397 40
1397 41
1397 42
1397 547
1397 548
1397 549
1398 4
1398 5
1398 6
1398 7
1398 8
1398 9
1398 10
1398 11
1398 12
1398 13
1398 14
1398 15
1398 16
1398 17
1398 18
1398 19
1398 20
1399 46
1399 47
1399 48
1399 49
1399 50
1399 51
1399 52
1399 53
1399 54
1399 55
1399 56
1399 57
1399 58
1399 59
1399 559
1399 560
1399 561
1399 562
1399 563
1399 564
1399 565
1399 566
1399 567
1399 568
1399 569
1399 570
1399 571
1399 572
1400 22
1400 23
1400 24
1400 25
1400 26
1400 27
1400 28
1400 29
1400 30
1400 31
1400 32
1400 33
1400 34
1400 35
1400 36
1400 37
1400 38
1401 0
1401 1
1401 2
1401 3
1401 4
1401 5
1401 6
1401 7
1401 8
1401 9
1401 10
1401 11
1401 12
1401 13
1401 14
1401 15
1401 16
1401 575
1402 41
1402 42
1402 43
1402 44
1402 45
1402 46
1402 47
1402 48
1402 49
1402 50
1402 51
1402 52
1402 53
1402 54
1402 55
1402 555
1402 556
1402 557
1402 558
1402 559
1402 560
1402 561
1402 562
1402 563
1402 564
1402 565
1402 566
1402 567
1402 568
1403 17
1403 18
1403 19
1403 20
1403 21
1403 22
1403 23
1403 24
1403 25
1403 26
1403 27
1403 28
1403 29
1403 30
1403 31
1403 32
1403 33
1403 34
1404 0
1404 1
1404 2
1404 3
1404 4
1404 5
1404 6
1404 7
1404 8
1404 9
1404 10
1404 11
1404 64
1404 65
1404 66
1404 67
1404 68
1404 572
1404 573
1404 574
1404 575
1405 36
1405 37
1405 38
1405 39
1405 40
1405 41
1405 42
1405 43
1405 44
1405 45
1405 46
1405 47
1405 48
1405 49
1405 50
1405 51
1405 552
1405 553
1405 554
1405 555
1405 556
1405 557
1405 558
1405 559
1405 560
1405 561
1405 562
1405 563
1406 13
1406 14
1406 15
1406 16
1406 17
1406 18
1406 19
1406 20
1406 21
1406 22
1406 23
1406 24
1406 25
1406 26
1406 27
1406 28
1406 29
1406 30
1407 0
1407 1
1407 2
1407 3
1407 4
1407 5
1407 6
1407 7
1407 58
1407 59
1407 60
1407 61
1407 62
1407 63
1407 64
1407 65
1407 66
1407 568
1407 569
1407 570
1407 571
1407 572
1407 573
1407 574
1407 575
1408 32
1408 33
1408 34
1408 35
1408 36
1408 37
1408 38
1408 39
1408 40
1408 41
1408 42
1408 43
1408 44
1408 45
1408 46
1408 47
1408 549
1408 550
1408 551
1408 552
1408 553
1408 554
1408 555
1408 556
1408 557
1409 9
1409 10
1409 11
1409 12
1409 13
1409 14
1409 15
1409 16
1409 17
1409 18
1409 19
1409 20
1409 21
1409 22
1409 23
1409 24
1409 25
1409 26
1410 0
1410 1
1410 2
1410 52
1410 53
1410 54
1410 55
1410 56
1410 57
1410 58
1410 59
1410 60
1410 61
1410 62
1410 63
1410 564
1410 565
1410 566
1410 567
1410 568
1410 569
1410 570
1410 571
1410 572
1410 573
1410 574
1410 575
1411 27
1411 28
1411 29
1411 30
1411 31
1411 32
1411 33
1411 34
1411 35
1411 36
1411 37
1411 38
1411 39
1411 40
1411 41
1411 42
1411 43
1411 548
1411 549
1411 550
1412 5
1412 6
1412 7
1412 8
1412 9
1412 10
1412 11
1412 12
1412 13
1412 14
1412 15
1412 16
1412 17
1412 18
1412 19
1412 20
1412 21
1413 47
1413 48
1413 49
1413 50
1413 51
1413 52
1413 53
1413 54
1413 55
1413 56
1413 57
1413 58
1413 59
1413 60
1413 560
1413 561
1413 562
1413 563
1413 564
1413 565
1413 566
1413 567
1413 568
1413 569
1413 570
1413 571
1413 572
1413 573
1413 574
1414 23
1414 24
1414 25
1414 26
1414 27
1414 28
1414 29
1414 30
1414 31
1414 32
1414 33
1414 34
1414 35
1414 36
1414 37
1414 38
1414 39
1415 1
1415 2
1415 3
1415 4
1415 5
1415 6
1415 7
1415 8
1415 9
1415 10
1415 11
1415 12
1415 13
1415 14
1415 15
1415 16
1415 17
1416 43
1416 44
1416 45
1416 46
1416 47
1416 48
1416 49
1416 50
1416 51
1416 52
1416 53
1416 54
1416 55
1416 56
1416 557
1416 558
1416 559
1416 560
1416 561
1416 562
1416 563
1416 564
1416 565
1416 566
1416 567
1416 568
1416 569
1417 19
1417 20
1417 21
1417 22
1417 23
1417 24
1417 25
1417 26
1417 27
1417 28
1417 29
1417 30
1417 31
1417 32
1417 33
1417 34
1417 35
1418 0
1418 1
1418 2
1418 3
1418 4
1418 5
1418 6
1418 7
1418 8
1418 9
1418 10
1418 11
1418 12
1418 573
1418 574
1418 575
1419 38
1419 39
1419 40
1419 41
1419 42
1419 43
1419 44
1419 45
1419 46
1419 47
1419 48
1419 49
1419 50
1419 51
1419 52
1419 554
1419 555
1419 556
1419 557
1419 558
1419 559
1419 560
1419 561
1419 562
1419 563
1419 564
1420 15
1420 16
1420 17
1420 18
1420 19
1420 20
1420 21
1420 22
1420 23
1420 24
1420 25
1420 26
1420 27
1420 28
1420 29
1420 30
1420 31
1421 0
1421 1
1421 2
1421 3
1421 4
1421 5
1421 6
1421 7
1421 8
1421 60
1421 61
1421 62
1421 63
1421 64
1421 65
1421 66
1421 67
1421 569
1421 570
1421 571
1421 572
1421 573
1421 574
1421 575
1422 33
1422 34
1422 35
1422 36
1422 37
1422 38
1422 39
1422 40
1422 41
1422 42
1422 43
1422 44
1422 45
1422 46
1422 47
1422 48
1422 551
1422 552
1422 553
1422 554
1422 555
1422 556
1422 557
1422 558
1423 10
1423 11
1423 12
1423 13
1423 14
1423 15
1423 16
1423 17
1423 18
1423 19
1423 20
1423 21
1423 22
1423 23
1423 24
1423 25
1423 26
1423 27
1424 0
1424 1
1424 2
1424 3
1424 54
1424 55
1424 56
1424 57
1424 58
1424 59
1424 60
1424 61
1424 62
1424 63
1424 64
1424 565
1424 566
1424 567
1424 568
1424 569
1424 570
1424 571
1424 572
1424 573
1424 574
1424 575
1425 29
1425 30
1425 31
1425 32
1425 33
1425 34
1425 35
1425 36
1425 37
1425 38
1425 39
1425 40
1425 41
1425 42
1425 43
1425 44
1425 550
1425 551
1426 6
1426 7
1426 8
1426 9
1426 10
1426 11
1426 12
1426 13
1426 14
1426 15
1426 16
1426 17
1426 18
1426 19
1426 20
1426 21
1426 22
1427 49
1427 50
1427 51
1427 52
1427 53
1427 54
1427 55
1427 56
1427 57
1427 58
1427 59
1427 60
1427 562
1427 563
1427 564
1427 565
1427 566
1427 567
1427 568
1427 569
1427 570
1427 571
1427 572
1427 573
1427 574
1427 575
1428 25
1428 26
1428 27
1428 28
1428 29
1428 30
1428 31
1428 32
1428 33
1428 34
1428 35
1428 36
1428 37
1428 38
1428 39
1428 40
1429 2
1429 3
1429 4
1429 5
1429 6
1429 7
1429 8
1429 9
1429 10
1429 11
1429 12
1429 13
1429 14
1429 15
1429 16
1429 17
1429 18
1430 44
1430 45
1430 46
1430 47
1430 48
1430 49
1430 50
1430 51
1430 52
1430 53
1430 54
1430 55
1430 56
1430 57
1430 558
1430 559
1430 560
1430 561
1430 562
1430 563
1430 564
1430 565
1430 566
1430 567
1430 568
1430 569
1430 570
1431 20
1431 21
1431 22
1431 23
1431 24
1431 25
1431 26
1431 27
1431 28
1431 29
1431 30
1431 31
1431 32
1431 33
1431 34
1431 35
1431 36
1432 0
1432 1
1432 2
1432 3
1432 4
1432 5
1432 6
1432 7
1432 8
1432 9
1432 10
1432 11
1432 12
1432 13
1432 14
1432 574
1432 575
1433 40
1433 41
1433 42
1433 43
1433 44
1433 45
1433 46
1433 47
1433 48
1433 49
1433 50
1433 51
1433 52
1433 53
1433 555
1433 556
1433 557
1433 558
1433 559
1433 560
1433 561
1433 562
1433 563
1433 564
1433 565
1434 16
1434 17
1434 18
1434 19
1434 20
1434 21
1434 22
1434 23
1434 24
1434 25
1434 26
1434 27
1434 28
1434 29
1434 30
1434 31
1434 32
1435 0
1435 1
1435 2
1435 3
1435 4
1435 5
1435 6
1435 7
1435 8
1435 9
1435 62
1435 63
1435 64
1435 65
1435 66
1435 67
1435 571
1435 572
1435 573
1435 574
1435 575
1436 35
1436 36
1436 37
1436 38
1436 39
1436 40
1436 41
1436 42
1436 43
1436 44
1436 45
1436 46
1436 47
1436 48
1436 49
1436 552
1436 553
1436 554
1436 555
1436 556
1436 557
1436 558
1436 559
1437 12
1437 13
1437 14
1437 15
1437 16
1437 17
1437 18
1437 19
1437 20
1437 21
1437 22
1437 23
1437 24
1437 25
1437 26
1437 27
1437 28
1438 0
1438 1
1438 2
1438 3
1438 4
1438 56
1438 57
1438 58
1438 59
1438 60
1438 61
1438 62
1438 63
1438 64
1438 567
1438 568
1438 569
1438 570
1438 571
1438 572
1438 573
1438 574
1438 575
1439 31
1439 32
1439 33
1439 34
1439 35
1439 36
1439 37
1439 38
1439 39
1439 40
1439 41
1439 42
1439 43
1439 44
1439 45
1440 8
1440 9
1440 10
1440 11
1440 12
1440 13
1440 14
1440 15
1440 16
1440 17
1440 18
1440 19
1440 20
1440 21
1440 22
1440 23
1441 0
1441 51
1441 52
1441 53
1441 54
1441 55
1441 56
1441 57
1441 58
1441 59
1441 60
1441 61
1441 563
1441 564
1441 565
1441 566
1441 567
1441 568
1441 569
1441 570
1441 571
1441 572
1441 573
1441 574
1441 575
1442 26
1442 27
1442 28
1442 29
1442 30
1442 31
1442 32
1442 33
1442 34
1442 35
1442 36
1442 37
1442 38
1442 39
1442 40
1442 41
1443 4
1443 5
1443 6
1443 7
1443 8
1443 9
1443 10
1443 11
1443 12
1443 13
1443 14
1443 15
1443 16
1443 17
1443 18
1443 19
1444 46
1444 47
1444 48
1444 49
1444 50
1444 51
1444 52
1444 53
1444 54
1444 55
1444 56
1444 57
1444 58
1444 560
1444 561
1444 562
1444 563
1444 564
1444 565
1444 566
1444 567
1444 568
1444 569
1444 570
1444 571
1445 22
1445 23
1445 24
1445 25
1445 26
1445 27
1445 28
1445 29
1445 30
1445 31
1445 32
1445 33
1445 34
1445 35
1445 36
1445 37
1446 0
1446 1
1446 2
1446 3
1446 4
1446 5
1446 6
1446 7
1446 8
1446 9
1446 10
1446 11
1446 12
1446 13
1446 14
1446 15
1447 41
1447 42
1447 43
1447 44
1447 45
1447 46
1447 47
1447 48
1447 49
1447 50
1447 51
1447 52
1447 53
1447 54
1447 557
1447 558
1447 559
1447 560
1447 561
1447 562
1447 563
1447 564
1447 565
1447 566
1448 18
1448 19
1448 20
1448 21
1448 22
1448 23
1448 24
1448 25
1448 26
1448 27
1448 28
1448 29
1448 30
1448 31
1448 32
1448 33
1449 0
1449 1
1449 2
1449 3
1449 4
1449 5
1449 6
1449 7
1449 8
1449 9
1449 10
1449 572
1449 573
1449 574
1449 575
1450 37
1450 38
1450 39
1450 40
1450 41
1450 42
1450 43
1450 44
1450 45
1450 46
1450 47
1450 48
1450 49
1450 50
1450 554
1450 555
1450 556
1450 557
1450 558
1450 559
1450 560
1451 13
1451 14
1451 15
1451 16
1451 17
1451 18
1451 19
1451 20
1451 21
1451 22
1451 23
1451 24
1451 25
1451 26
1451 27
1451 28
1451 29
1452 0
1452 1
1452 2
1452 3
1452 4
1452 5
1452 6
1452 59
1452 60
1452 61
1452 62
1452 63
1452 64
1452 65
1452 568
1452 569
1452 570
1452 571
1452 572
1452 573
1452 574
1452 575
1453 32
1453 33
1453 34
1453 35
1453 36
1453 37
1453 38
1453 39
1453 40
1453 41
1453 42
1453 43
1453 44
1453 45
1453 46
1454 9
1454 10
1454 11
1454 12
1454 13
1454 14
1454 15
1454 16
1454 17
1454 18
1454 19
1454 20
1454 21
1454 22
1454 23
1454 24
1455 0
1455 1
1455 53
1455 54
1455 55
1455 56
1455 57
1455 58
1455 59
1455 60
1455 61
1455 62
1455 565
1455 566
1455 567
1455 568
1455 569
1455 570
1455 571
1455 572
1455 573
1455 574
1455 575
1456 28
1456 29
1456 30
1456 31
1456 32
1456 33
1456 34
1456 35
1456 36
1456 37
1456 38
1456 39
1456 40
1456 41
1456 42
1457 5
1457 6
1457 7
1457 8
1457 9
1457 10
1457 11
1457 12
1457 13
1457 14
1457 15
1457 16
1457 17
1457 18
1457 19
1457 20
1458 48
1458 49
1458 50
1458 51
1458 52
1458 53
1458 54
1458 55
1458 56
1458 57
1458 58
1458 561
1458 562
1458 563
1458 564
1458 565
1458 566
1458 567
1458 568
1458 569
1458 570
1458 571
1458 572
1459 23
1459 24
1459 25
1459 26
1459 27
1459 28
1459 29
1459 30
1459 31
1459 32
1459 33
1459 34
1459 35
1459 36
1459 37
1459 38
1460 1
1460 2
1460 3
1460 4
1460 5
1460 6
1460 7
1460 8
1460 9
1460 10
1460 11
1460 12
1460 13
1460 14
1460 15
1460 16
1461 43
1461 44
1461 45
1461 46
1461 47
1461 48
1461 49
1461 50
1461 51
1461 52
1461 53
1461 54
1461 55
1461 558
1461 559
1461 560
1461 561
1461 562
1461 563
1461 564
1461 565
1461 566
1461 567
1462 19
1462 20
1462 21
1462 22
1462 23
1462 24
1462 25
1462 26
1462 27
1462 28
1462 29
1462 30
1462 31
1462 32
1462 33
1462 34
1463 0
1463 1
1463 2
1463 3
1463 4
1463 5
1463 6
1463 7
1463 8
1463 9
1463 10
1463 11
1463 574
1463 575
1464 38
1464 39
1464 40
1464 41
1464 42
1464 43
1464 44
1464 45
1464 46
1464 47
1464 48
1464 49
1464 50
1464 51
1464 556
1464 557
1464 558
1464 559
1464 560
1464 561
1465 15
1465 16
1465 17
1465 18
1465 19
1465 20
1465 21
1465 22
1465 23
1465 24
1465 25
1465 26
1465 27
1465 28
1465 29
1465 30
1466 0
1466 1
1466 2
1466 3
1466 4
1466 5
1466 6
1466 7
1466 62
1466 63
1466 64
1466 570
1466 571
1466 572
1466 573
1466 574
1466 575
1467 34
1467 35
1467 36
1467 37
1467 38
1467 39
1467 40
1467 41
1467 42
1467 43
1467 44
1467 45
1467 46
1467 47
1468 11
1468 12
1468 13
1468 14
1468 15
1468 16
1468 17
1468 18
1468 19
1468 20
1468 21
1468 22
1468 23
1468 24
1468 25
1469 0
1469 1
1469 2
1469 55
1469 56
1469 57
1469 58
1469 59
1469 60
1469 61
1469 62
1469 566
1469 567
1469 568
1469 569
1469 570
1469 571
1469 572
1469 573
1469 574
1469 575
1470 29
1470 30
1470 31
1470 32
1470 33
1470 34
1470 35
1470 36
1470 37
1470 38
1470 39
1470 40
1470 41
1470 42
1470 43
1471 7
1471 8
1471 9
1471 10
1471 11
1471 12
1471 13
1471 14
1471 15
1471 16
1471 17
1471 18
1471 19
1471 20
1471 21
1472 50
1472 51
1472 52
1472 53
1472 54
1472 55
1472 56
1472 57
1472 58
1472 59
1472 563
1472 564
1472 565
1472 566
1472 567
1472 568
1472 569
1472 570
1472 571
1472 572
1472 573
1473 25
1473 26
1473 27
1473 28
1473 29
1473 30
1473 31
1473 32
1473 33
1473 34
1473 35
1473 36
1473 37
1473 38
1473 39
1474 3
1474 4
1474 5
1474 6
1474 7
1474 8
1474 9
1474 10
1474 11
1474 12
1474 13
1474 14
1474 15
1474 16
1474 17
1475 45
1475 46
1475 47
1475 48
1475 49
1475 50
1475 51
1475 52
1475 53
1475 54
1475 55
1475 560
1475 561
1475 562
1475 563
1475 564
1475 565
1475 566
1475 567
1475 568
1476 21
1476 22
1476 23
1476 24
1476 25
1476 26
1476 27
1476 28
1476 29
1476 30
1476 31
1476 32
1476 33
1476 34
1476 35
1477 0
1477 1
1477 2
1477 3
1477 4
1477 5
1477 6
1477 7
1477 8
1477 9
1477 10
1477 11
1477 12
1477 575
1478 40
1478 41
1478 42
1478 43
1478 44
1478 45
1478 46
1478 47
1478 48
1478 49
1478 50
1478 51
1478 52
1478 558
1478 559
1478 560
1478 561
1478 562
1479 17
1479 18
1479 19
1479 20
1479 21
1479 22
1479 23
1479 24
1479 25
1479 26
1479 27
1479 28
1479 29
1479 30
1479 31
1480 0
1480 1
1480 2
1480 3
1480 4
1480 5
1480 6
1480 7
1480 8
1480 572
1480 573
1480 574
1480 575
1481 36
1481 37
1481 38
1481 39
1481 40
1481 41
1481 42
1481 43
1481 44
1481 45
1481 46
1481 47
1481 48
1482 13
1482 14
1482 15
1482 16
1482 17
1482 18
1482 19
1482 20
1482 21
1482 22
1482 23
1482 24
1482 25
1482 26
1483 0
1483 1
1483 2
1483 3
1483 58
1483 59
1483 60
1483 61
1483 62
1483 568
1483 569
1483 570
1483 571
1483 572
1483 573
1483 574
1483 575
1484 31
1484 32
1484 33
1484 34
1484 35
1484 36
1484 37
1484 38
1484 39
1484 40
1484 41
1484 42
1484 43
1484 44
1485 9
1485 10
1485 11
1485 12
1485 13
1485 14
1485 15
1485 16
1485 17
1485 18
1485 19
1485 20
1485 21
1485 22
1486 52
1486 53
1486 54
1486 55
1486 56
1486 57
1486 58
1486 59
1486 565
1486 566
1486 567
1486 568
1486 569
1486 570
1486 571
1486 572
1486 573
1486 574
1487 27
1487 28
1487 29
1487 30
1487 31
1487 32
1487 33
1487 34
1487 35
1487 36
1487 37
1487 38
1487 39
1487 40
1488 5
1488 6
1488 7
1488 8
1488 9
1488 10
1488 11
1488 12
1488 13
1488 14
1488 15
1488 16
1488 17
1488 18
1489 47
1489 48
1489 49
1489 50
1489 51
1489 52
1489 53
1489 54
1489 55
1489 56
1489 562
1489 563
1489 564
1489 565
1489 566
1489 567
1489 568
1489 569
1490 23
1490 24
1490 25
1490 26
1490 27
1490 28
1490 29
1490 30
1490 31
1490 32
1490 33
1490 34
1490 35
1490 36
1491 1
1491 2
1491 3
1491 4
1491 5
1491 6
1491 7
1491 8
1491 9
1491 10
1491 11
1491 12
1491 13
1492 42
1492 43
1492 44
1492 45
1492 46
1492 47
1492 48
1492 49
1492 50
1492 51
1492 52
1492 560
1492 561
1492 562
1493 18
1493 19
1493 20
1493 21
1493 22
1493 23
1493 24
1493 25
1493 26
1493 27
1493 28
1493 29
1493 30
1493 31
1493 32
1494 0
1494 1
1494 2
1494 3
1494 4
1494 5
1494 6
1494 7
1494 8
1494 9
1494 573
1494 574
1494 575
1495 37
1495 38
1495 39
1495 40
1495 41
1495 42
1495 43
1495 44
1495 45
1495 46
1495 47
1495 48
1495 49
1496 14
1496 15
1496 16
1496 17
1496 18
1496 19
1496 20
1496 21
1496 22
1496 23
1496 24
1496 25
1496 26
1496 27
1497 0
1497 1
1497 2
1497 3
1497 4
1497 570
1497 571
1497 572
1497 573
1497 574
1497 575
1498 33
1498 34
1498 35
1498 36
1498 37
1498 38
1498 39
1498 40
1498 41
1498 42
1498 43
1498 44
1498 45
1499 10
1499 11
1499 12
1499 13
1499 14
1499 15
1499 16
1499 17
1499 18
1499 19
1499 20
1499 21
1499 22
1499 23
1500 55
1500 56
1500 57
1500 58
1500 59
1500 567
1500 568
1500 569
1500 570
1500 571
1500 572
1500 573
1500 574
1500 575
1501 29
1501 30
1501 31
1501 32
1501 33
1501 34
1501 35
1501 36
1501 37
1501 38
1501 39
1501 40
1501 41
1502 6
1502 7
1502 8
1502 9
1502 10
1502 11
1502 12
1502 13
1502 14
1502 15
1502 16
1502 17
1502 18
1502 19
1503 49
1503 50
1503 51
1503 52
1503 53
1503 54
1503 55
1503 56
1503 564
1503 565
1503 566
1503 567
1503 568
1503 569
1504 24
1504 25
1504 26
1504 27
1504 28
1504 29
1504 30
1504 31
1504 32
1504 33
1504 34
1504 35
1504 36
1504 37
1505 3
1505 4
1505 5
1505 6
1505 7
1505 8
1505 9
1505 10
1505 11
1505 12
1505 13
1505 14
1506 44
1506 45
1506 46
1506 47
1506 48
1506 49
1506 50
1506 51
1506 52
1506 53
1507 20
1507 21
1507 22
1507 23
1507 24
1507 25
1507 26
1507 27
1507 28
1507 29
1507 30
1507 31
1507 32
1508 0
1508 1
1508 2
1508 3
1508 4
1508 5
1508 6
1508 7
1508 8
1508 9
1508 575
1509 40
1509 41
1509 42
1509 43
1509 44
1509 45
1509 46
1509 47
1509 48
1509 49
1510 16
1510 17
1510 18
1510 19
1510 20
1510 21
1510 22
1510 23
1510 24
1510 25
1510 26
1510 27
1510 28
1511 0
1511 1
1511 2
1511 3
1511 4
1511 5
1511 572
1511 573
1511 574
1511 575
1512 35
1512 36
1512 37
1512 38
1512 39
1512 40
1512 41
1512 42
1512 43
1512 44
1512 45
1513 12
1513 13
1513 14
1513 15
1513 16
1513 17
1513 18
1513 19
1513 20
1513 21
1513 22
1513 23
1513 24
1514 0
1514 569
1514 570
1514 571
1514 572
1514 573
1514 574
1514 575
1515 31
1515 32
1515 33
1515 34
1515 35
1515 36
1515 37
1515 38
1515 39
1515 40
1515 41
1515 42
1516 8
1516 9
1516 10
1516 11
1516 12
1516 13
1516 14
1516 15
1516 16
1516 17
1516 18
1516 19
1516 20
1517 52
1517 53
1517 54
1517 55
1517 56
1517 566
1517 567
1517 568
1517 569
1517 570
1518 26
1518 27
1518 28
1518 29
1518 30
1518 31
1518 32
1518 33
1518 34
1518 35
1518 36
1518 37
1519 5
1519 6
1519 7
1519 8
1519 9
1519 10
1519 11
1519 12
1519 13
1519 14
1519 15
1520 47
1520 48
1520 49
1520 50
1520 51
1520 52
1520 53
1521 22
1521 23
1521 24
1521 25
1521 26
1521 27
1521 28
1521 29
1521 30
1521 31
1521 32
1521 33
1522 1
1522 2
1522 3
1522 4
1522 5
1522 6
1522 7
1522 8
1522 9
1522 10
1523 42
1523 43
1523 44
1523 45
1523 46
1523 47
1523 48
1523 49
1523 50
1524 18
1524 19
1524 20
1524 21
1524 22
1524 23
1524 24
1524 25
1524 26
1524 27
1524 28
1524 29
1525 0
1525 1
1525 2
1525 3
1525 4
1525 5
1525 6
1525 574
1525 575
1526 37
1526 38
1526 39
1526 40
1526 41
1526 42
1526 43
1526 44
1526 45
1526 46
1527 14
1527 15
1527 16
1527 17
1527 18
1527 19
1527 20
1527 21
1527 22
1527 23
1527 24
1527 25
1528 0
1528 571
1528 572
1528 573
1528 574
1528 575
1529 33
1529 34
1529 35
1529 36
1529 37
1529 38
1529 39
1529 40
1529 41
1529 42
1530 10
1530 11
1530 12
1530 13
1530 14
1530 15
1530 16
1530 17
1530 18
1530 19
1530 20
1531 569
1531 570
1532 28
1532 29
1532 30
1532 31
1532 32
1532 33
1532 34
1532 35
1532 36
1532 37
1532 38
1533 7
1533 8
1533 9
1533 10
1533 11
1533 12
1533 13
1533 14
1533 15
1533 16
1534 50
1534 51
1534 52
1534 53
1535 24
1535 25
1535 26
1535 27
1535 28
1535 29
1535 30
1535 31
1535 32
1535 33
1535 34
1536 3
1536 4
1536 5
1536 6
1536 7
1536 8
1536 9
1536 10
1536 11
1537 44
1537 45
1537 46
1537 47
1537 48
1537 49
1537 50
1538 20
1538 21
1538 22
1538 23
1538 24
1538 25
1538 26
1538 27
1538 28
1538 29
1538 30
1539 0
1539 1
1539 2
1539 3
1539 4
1539 5
1539 6
1540 39
1540 40
1540 41
1540 42
1540 43
1540 44
1540 45
1540 46
1540 47
1541 16
1541 17
1541 18
1541 19
1541 20
1541 21
1541 22
1541 23
1541 24
1541 25
1541 26
1542 0
1542 1
1542 573
1542 574
1542 575
1543 35
1543 36
1543 37
1543 38
1543 39
1543 40
1543 41
1543 42
1543 43
1544 12
1544 13
1544 14
1544 15
1544 16
1544 17
1544 18
1544 19
1544 20
1544 21
1546 30
1546 31
1546 32
1546 33
1546 34
1546 35
1546 36
1546 37
1546 38
1546 39
1547 9
1547 10
1547 11
1547 12
1547 13
1547 14
1547 15
1547 16
1547 17
1549 26
1549 27
1549 28
1549 29
1549 30
1549 31
1549 32
1549 33
1549 34
1549 35
1550 5
1550 6
1550 7
1550 8
1550 9
1550 10
1550 11
1550 12
1551 48
1551 49
1552 22
1552 23
1552 24
1552 25
1552 26
1552 27
1552 28
1552 29
1552 30
1553 2
1553 3
1553 4
1553 5
1553 6
1553 7
1554 42
1554 43
1554 44
1554 45
1554 46
1554 47
1555 18
1555 19
1555 20
1555 21
1555 22
1555 23
1555 24
1555 25
1555 26
1557 37
1557 38
1557 39
1557 40
1557 41
1557 42
1557 43
1558 14
1558 15
1558 16
1558 17
1558 18
1558 19
1558 20
1558 21
1558 22
1560 33
1560 34
1560 35
1560 36
1560 37
1560 38
1560 39
1561 11
1561 12
1561 13
1561 14
1561 15
1561 16
1561 17
1563 29
1563 30
1563 31
1563 32
1563 33
1563 34
1563 35
1564 8
1564 9
1564 10
1564 11
1564 12
1566 25
1566 26
1566 27
1566 28
1566 29
1566 30
1566 31
1567 6
1569 21
1569 22
1569 23
1569 24
1569 25
1569 26
1569 27
1571 41
1571 42
1572 17
1572 18
1572 19
1572 20
1572 21
1572 22
1574 36
1574 37
1574 38
1574 39
1575 14
1575 15
1575 16
1575 17
1577 32
1577 33
1577 34
1577 35
1580 28
1580 29
1580 30
1580 31
1583 24
1583 25
1583 26
1586 21
4024 217
4024 218
4027 212
4027 213
4027 214
4030 208
4030 209
4030 210
4033 205
4035 222
4035 223
4038 217
4038 218
4038 219
4041 213
4041 214
4041 215
4041 216
4044 209
4044 210
4044 211
4047 205
4047 206
4047 207
4049 222
4049 223
4049 224
4052 217
4052 218
4052 219
4052 220
4052 221
4055 213
4055 214
4055 215
4055 216
4055 217
4058 209
4058 210
4058 211
4058 212
4058 213
4060 228
4060 229
4061 205
4061 206
4061 207
4061 208
4063 223
4063 224
4063 225
4063 226
4064 202
4064 203
4066 218
4066 219
4066 220
4066 221
4066 222
4069 214
4069 215
4069 216
4069 217
4069 218
4072 210
4072 211
4072 212
4072 213
4072 214
4074 228
4074 229
4074 230
4075 206
4075 207
4075 208
4075 209
4077 223
4077 224
4077 225
4077 226
4077 227
4078 203
4078 204
4078 205
4080 219
4080 220
4080 221
4080 222
4080 223
4083 215
4083 216
4083 217
4083 218
4083 219
4086 211
4086 212
4086 213
4086 214
4086 215
4088 229
4088 230
4088 231
4088 232
4089 207
4089 208
4089 209
4089 210
4089 211
4091 224
4091 225
4091 226
4091 227
4091 228
4092 203
4092 204
4092 205
4092 206
4094 220
4094 221
4094 222
4094 223
4094 224
4097 215
4097 216
4097 217
4097 218
4097 219
4097 220
4099 235
4100 211
4100 212
4100 213
4100 214
4100 215
4100 216
4102 230
4102 231
4102 232
4102 233
4103 208
4103 209
4103 210
4103 211
4103 212
4105 225
4105 226
4105 227
4105 228
4105 229
4106 204
4106 205
4106 206
4106 207
4108 220
4108 221
4108 222
4108 223
4108 224
4108 225
4111 216
4111 217
4111 218
4111 219
4111 220
4111 221
4113 236
4114 212
4114 213
4114 214
4114 215
4114 216
4114 217
4116 230
4116 231
4116 232
4116 233
4116 234
4117 208
4117 209
4117 210
4117 211
4117 212
4117 213
4119 226
4119 227
4119 228
4119 229
4119 230
4120 205
4120 206
4120 207
4120 208
4122 221
4122 222
4122 223
4122 224
4122 225
4122 226
4123 202
4125 217
4125 218
4125 219
4125 220
4125 221
4125 222
4127 237
4128 213
4128 214
4128 215
4128 216
4128 217
4128 218
4130 231
4130 232
4130 233
4130 234
4130 235
4131 209
4131 210
4131 211
4131 212
4131 213
4133 227
4133 228
4133 229
4133 230
4133 231
4134 206
4134 207
4134 208
4134 209
4136 222
4136 223
4136 224
4136 225
4136 226
4136 227
4139 218
4139 219
4139 220
4139 221
4139 222
4139 223
4141 238
4142 214
4142 215
4142 216
4142 217
4142 218
4142 219
4144 232
4144 233
4144 234
4144 235
4145 210
4145 211
4145 212
4145 213
4145 214
4147 228
4147 229
4147 230
4147 231
4147 232
4148 207
4148 208
4148 209
4148 210
4150 223
4150 224
4150 225
4150 226
4150 227
4150 228
4153 219
4153 220
4153 221
4153 222
4153 223
4153 224
4156 215
4156 216
4156 217
4156 218
4156 219
4156 220
4158 233
4158 234
4158 235
4158 236
4159 211
4159 212
4159 213
4159 214
4159 215
4161 229
4161 230
4161 231
4161 232
4161 233
4162 208
4162 209
4162 210
4164 224
4164 225
4164 226
4164 227
4164 228
4164 229
4167 220
4167 221
4167 222
4167 223
4167 224
4167 225
4170 216
4170 217
4170 218
4170 219
4170 220
4172 235
4172 236
4172 237
4173 212
4173 213
4173 214
4173 215
4173 216
4175 230
4175 231
4175 232
4175 233
4176 209
4176 210
4176 211
4178 225
4178 226
4178 227
4178 228
4178 229
4178 230
4181 221
4181 222
4181 223
4181 224
4181 225
4184 217
4184 218
4184 219
4184 220
4184 221
4186 236
4186 237
4186 238
4187 214
4187 215
4187 216
4189 231
4189 232
4189 233
4189 234
4190 210
4190 211
4192 226
4192 227
4192 228
4192 229
4192 230
4195 222
4195 223
4195 224
4195 225
4195 226
4198 218
4198 219
4198 220
4198 221
4198 222
4200 237
4200 238
4201 215
4201 216
4201 217
4203 232
4203 233
4203 234
4203 235
4206 228
4206 229
4206 230
4206 231
4209 224
4209 225
4209 226
4209 227
4212 220
4212 221
4212 222
4215 216
4215 217
4217 234
4217 235
4220 229
4220 230
4220 231
4223 225
4223 226
4223 227
4226 221
4226 222
4234 231
4234 232
4237 227
