723 193
724 185
724 186
724 187
725 179
732 191
732 192
733 183
733 184
733 185
734 177
734 178
740 196
740 197
740 198
741 189
741 190
741 191
742 181
742 182
742 183
742 184
743 175
743 176
749 194
749 195
749 196
749 197
750 187
750 188
750 189
750 190
751 180
751 181
751 182
751 183
752 173
752 174
752 175
757 200
757 201
757 202
758 192
758 193
758 194
758 195
759 185
759 186
759 187
759 188
760 178
760 179
760 180
760 181
761 172
761 173
766 198
766 199
766 200
766 201
767 190
767 191
767 192
767 193
767 194
768 183
768 184
768 185
768 186
768 187
769 176
769 177
769 178
769 179
770 171
774 204
774 205
774 206
775 196
775 197
775 198
775 199
776 188
776 189
776 190
776 191
776 192
776 193
777 181
777 182
777 183
777 184
777 185
778 175
778 176
778 177
778 178
783 202
783 203
783 204
783 205
784 194
784 195
784 196
784 197
784 198
785 187
785 188
785 189
785 190
785 191
786 180
786 181
786 182
786 183
786 184
787 173
787 174
787 175
787 176
791 208
791 209
792 200
792 201
792 202
792 203
793 192
793 193
793 194
793 195
793 196
793 197
794 185
794 186
794 187
794 188
794 189
794 190
795 178
795 179
795 180
795 181
795 182
796 172
796 173
796 174
800 206
800 207
800 208
801 198
801 199
801 200
801 201
801 202
802 190
802 191
802 192
802 193
802 194
802 195
803 183
803 184
803 185
803 186
803 187
803 188
804 177
804 178
804 179
804 180
804 181
805 170
805 171
805 172
808 212
809 204
809 205
809 206
809 207
810 196
810 197
810 198
810 199
810 200
810 201
811 189
811 190
811 191
811 192
811 193
811 194
812 182
812 183
812 184
812 185
812 186
813 175
813 176
813 177
813 178
813 179
814 169
814 170
817 210
817 211
817 212
818 202
818 203
818 204
818 205
818 206
819 194
819 195
819 196
819 197
819 198
819 199
820 187
820 188
820 189
820 190
820 191
820 192
821 180
821 181
821 182
821 183
821 184
821 185
822 173
822 174
822 175
822 176
822 177
826 208
826 209
826 210
826 211
827 200
827 201
827 202
827 203
827 204
828 192
828 193
828 194
828 195
828 196
828 197
828 198
829 185
829 186
829 187
829 188
829 189
829 190
829 191
830 178
830 179
830 180
830 181
830 182
830 183
831 172
831 173
831 174
831 175
834 214
834 215
835 206
835 207
835 208
835 209
835 210
836 198
836 199
836 200
836 201
836 202
836 203
837 191
837 192
837 193
837 194
837 195
837 196
838 184
838 185
838 186
838 187
838 188
838 189
839 177
839 178
839 179
839 180
839 181
840 171
840 172
840 173
843 212
843 213
843 214
844 204
844 205
844 206
844 207
844 208
845 196
845 197
845 198
845 199
845 200
845 201
845 202
846 189
846 190
846 191
846 192
846 193
846 194
846 195
847 182
847 183
847 184
847 185
847 186
847 187
848 175
848 176
848 177
848 178
848 179
848 180
849 170
849 171
852 210
852 211
852 212
852 213
853 202
853 203
853 204
853 205
853 206
853 207
854 194
854 195
854 196
854 197
854 198
854 199
854 200
855 187
855 188
855 189
855 190
855 191
855 192
855 193
856 180
856 181
856 182
856 183
856 184
856 185
856 186
857 174
857 175
857 176
857 177
857 178
858 169
860 216
860 217
860 218
861 208
861 209
861 210
861 211
861 212
862 200
862 201
862 202
862 203
862 204
862 205
863 193
863 194
863 195
863 196
863 197
863 198
863 199
864 186
864 187
864 188
864 189
864 190
864 191
865 179
865 180
865 181
865 182
865 183
865 184
866 173
866 174
866 175
866 176
869 214
869 215
869 216
869 217
870 206
870 207
870 208
870 209
870 210
870 211
871 198
871 199
871 200
871 201
871 202
871 203
871 204
872 191
872 192
872 193
872 194
872 195
872 196
872 197
873 184
873 185
873 186
873 187
873 188
873 189
873 190
874 177
874 178
874 179
874 180
874 181
874 182
875 171
875 172
875 173
875 174
878 212
878 213
878 214
878 215
879 204
879 205
879 206
879 207
879 208
879 209
880 197
880 198
880 199
880 200
880 201
880 202
881 189
881 190
881 191
881 192
881 193
881 194
881 195
882 182
882 183
882 184
882 185
882 186
882 187
882 188
883 176
883 177
883 178
883 179
883 180
884 170
884 171
884 172
886 219
886 220
887 210
887 211
887 212
887 213
887 214
888 202
888 203
888 204
888 205
888 206
888 207
888 208
889 195
889 196
889 197
889 198
889 199
889 200
889 201
890 188
890 189
890 190
890 191
890 192
890 193
890 194
891 181
891 182
891 183
891 184
891 185
891 186
892 175
892 176
892 177
892 178
893 169
895 216
895 217
895 218
895 219
896 208
896 209
896 210
896 211
896 212
896 213
897 200
897 201
897 202
897 203
897 204
897 205
897 206
898 193
898 194
898 195
898 196
898 197
898 198
898 199
899 186
899 187
899 188
899 189
899 190
899 191
899 192
900 179
900 180
900 181
900 182
900 183
900 184
901 173
901 174
901 175
901 176
901 177
904 214
904 215
904 216
904 217
904 218
905 206
905 207
905 208
905 209
905 210
905 211
906 199
906 200
906 201
906 202
906 203
906 204
906 205
907 192
907 193
907 194
907 195
907 196
907 197
907 198
908 185
908 186
908 187
908 188
908 189
908 190
909 178
909 179
909 180
909 181
909 182
909 183
910 172
910 173
910 174
910 175
912 221
913 212
913 213
913 214
913 215
913 216
914 204
914 205
914 206
914 207
914 208
914 209
914 210
915 197
915 198
915 199
915 200
915 201
915 202
915 203
916 190
916 191
916 192
916 193
916 194
916 195
916 196
917 183
917 184
917 185
917 186
917 187
917 188
917 189
918 177
918 178
918 179
918 180
918 181
919 171
919 172
921 219
921 220
921 221
922 210
922 211
922 212
922 213
922 214
922 215
923 203
923 204
923 205
923 206
923 207
923 208
924 195
924 196
924 197
924 198
924 199
924 200
924 201
925 188
925 189
925 190
925 191
925 192
925 193
925 194
926 182
926 183
926 184
926 185
926 186
926 187
927 175
927 176
927 177
927 178
927 179
930 217
930 218
930 219
930 220
931 209
931 210
931 211
931 212
931 213
932 201
932 202
932 203
932 204
932 205
932 206
932 207
933 194
933 195
933 196
933 197
933 198
933 199
933 200
934 187
934 188
934 189
934 190
934 191
934 192
934 193
935 180
935 181
935 182
935 183
935 184
935 185
936 174
936 175
936 176
936 177
939 215
939 216
939 217
939 218
940 207
940 208
940 209
940 210
940 211
940 212
941 199
941 200
941 201
941 202
941 203
941 204
941 205
942 192
942 193
942 194
942 195
942 196
942 197
942 198
943 185
943 186
943 187
943 188
943 189
943 190
943 191
944 179
944 180
944 181
944 182
944 183
945 173
945 174
945 175
947 222
948 213
948 214
948 215
948 216
948 217
949 205
949 206
949 207
949 208
949 209
949 210
950 198
950 199
950 200
950 201
950 202
950 203
950 204
951 191
951 192
951 193
951 194
951 195
951 196
952 184
952 185
952 186
952 187
952 188
952 189
953 177
953 178
953 179
953 180
953 181
956 219
956 220
956 221
957 211
957 212
957 213
957 214
957 215
958 203
958 204
958 205
958 206
958 207
958 208
958 209
959 196
959 197
959 198
959 199
959 200
959 201
959 202
960 189
960 190
960 191
960 192
960 193
960 194
960 195
961 182
961 183
961 184
961 185
961 186
961 187
962 176
962 177
962 178
962 179
965 217
965 218
965 219
965 220
966 209
966 210
966 211
966 212
966 213
966 214
967 202
967 203
967 204
967 205
967 206
967 207
968 194
968 195
968 196
968 197
968 198
968 199
968 200
969 188
969 189
969 190
969 191
969 192
969 193
970 181
970 182
970 183
970 184
970 185
971 175
971 176
971 177
974 215
974 216
974 217
974 218
974 219
975 207
975 208
975 209
975 210
975 211
975 212
976 200
976 201
976 202
976 203
976 204
976 205
976 206
977 193
977 194
977 195
977 196
977 197
977 198
978 186
978 187
978 188
978 189
978 190
978 191
979 180
979 181
979 182
979 183
982 222
982 223
983 213
983 214
983 215
983 216
983 217
984 206
984 207
984 208
984 209
984 210
984 211
985 198
985 199
985 200
985 201
985 202
985 203
985 204
986 191
986 192
986 193
986 194
986 195
986 196
986 197
987 185
987 186
987 187
987 188
987 189
988 178
988 179
988 180
988 181
991 220
991 221
991 222
992 212
992 213
992 214
992 215
992 216
993 204
993 205
993 206
993 207
993 208
993 209
994 197
994 198
994 199
994 200
994 201
994 202
995 190
995 191
995 192
995 193
995 194
995 195
996 183
996 184
996 185
996 186
996 187
997 177
997 178
997 179
1000 218
1000 219
1000 220
1000 221
1001 210
1001 211
1001 212
1001 213
1001 214
1002 202
1002 203
1002 204
1002 205
1002 206
1002 207
1002 208
1003 195
1003 196
1003 197
1003 198
1003 199
1003 200
1003 201
1004 188
1004 189
1004 190
1004 191
1004 192
1004 193
1005 182
1005 183
1005 184
1005 185
1009 216
1009 217
1009 218
1009 219
1010 208
1010 209
1010 210
1010 211
1010 212
1010 213
1011 201
1011 202
1011 203
1011 204
1011 205
1011 206
1012 194
1012 195
1012 196
1012 197
1012 198
1012 199
1013 187
1013 188
1013 189
1013 190
1013 191
1014 181
1014 182
1014 183
1018 214
1018 215
1018 216
1018 217
1018 218
1019 207
1019 208
1019 209
1019 210
1019 211
1020 199
1020 200
1020 201
1020 202
1020 203
1020 204
1021 192
1021 193
1021 194
1021 195
1021 196
1021 197
1022 186
1022 187
1022 188
1022 189
1023 180
1023 181
1026 221
1026 222
1027 213
1027 214
1027 215
1027 216
1028 205
1028 206
1028 207
1028 208
1028 209
1028 210
1029 198
1029 199
1029 200
1029 201
1029 202
1030 191
1030 192
1030 193
1030 194
1030 195
1031 184
1031 185
1031 186
1031 187
1035 219
1035 220
1035 221
1036 211
1036 212
1036 213
1036 214
1036 215
1037 203
1037 204
1037 205
1037 206
1037 207
1037 208
1038 196
1038 197
1038 198
1038 199
1038 200
1038 201
1039 189
1039 190
1039 191
1039 192
1039 193
1040 183
1040 184
1040 185
1044 217
1044 218
1044 219
1045 209
1045 210
1045 211
1045 212
1045 213
1046 202
1046 203
1046 204
1046 205
1046 206
1047 195
1047 196
1047 197
1047 198
1047 199
1048 188
1048 189
1048 190
1048 191
1053 216
1053 217
1053 218
1054 208
1054 209
1054 210
1054 211
1055 200
1055 201
1055 202
1055 203
1055 204
1056 193
1056 194
1056 195
1056 196
1056 197
1057 187
1057 188
1057 189
1062 214
1062 215
1062 216
1063 206
1063 207
1063 208
1063 209
1063 210
1064 199
1064 200
1064 201
1064 202
1064 203
1065 192
1065 193
1065 194
1065 195
1066 186
1066 187
1071 212
1071 213
1071 214
1071 215
1072 205
1072 206
1072 207
1072 208
1073 197
1073 198
1073 199
1073 200
1073 201
1074 191
1074 192
1074 193
1080 211
1080 212
1080 213
1081 203
1081 204
1081 205
1081 206
1082 196
1082 197
1082 198
1082 199
1083 190
1083 191
1089 209
1089 210
1089 211
1090 202
1090 203
1090 204
1091 195
1091 196
1091 197
1098 208
1098 209
1099 200
1099 201
1099 202
1100 194
1107 206
1107 207
1107 208
1108 199
1108 200
1116 205
1696 269
1704 275
1705 266
1705 267
1705 268
1706 259
1706 260
1713 272
1713 273
1713 274
1713 275
1714 264
1714 265
1714 266
1714 267
1715 257
1715 258
1715 259
1721 278
1721 279
1721 280
1722 270
1722 271
1722 272
1722 273
1722 274
1723 262
1723 263
1723 264
1723 265
1723 266
1724 255
1724 256
1724 257
1724 258
1730 276
1730 277
1730 278
1730 279
1731 268
1731 269
1731 270
1731 271
1731 272
1732 260
1732 261
1732 262
1732 263
1732 264
1732 265
1733 253
1733 254
1733 255
1733 256
1738 282
1738 283
1738 284
1738 285
1739 273
1739 274
1739 275
1739 276
1739 277
1739 278
1740 265
1740 266
1740 267
1740 268
1740 269
1740 270
1740 271
1741 258
1741 259
1741 260
1741 261
1741 262
1741 263
1742 251
1742 252
1742 253
1742 254
1742 255
1747 280
1747 281
1747 282
1747 283
1747 284
1748 271
1748 272
1748 273
1748 274
1748 275
1748 276
1748 277
1749 264
1749 265
1749 266
1749 267
1749 268
1749 269
1750 256
1750 257
1750 258
1750 259
1750 260
1750 261
1751 249
1751 250
1751 251
1751 252
1751 253
1755 286
1755 287
1755 288
1755 289
1756 277
1756 278
1756 279
1756 280
1756 281
1756 282
1757 269
1757 270
1757 271
1757 272
1757 273
1757 274
1757 275
1758 262
1758 263
1758 264
1758 265
1758 266
1758 267
1758 268
1759 254
1759 255
1759 256
1759 257
1759 258
1759 259
1759 260
1760 248
1760 249
1760 250
1760 251
1764 284
1764 285
1764 286
1764 287
1764 288
1765 275
1765 276
1765 277
1765 278
1765 279
1765 280
1765 281
1766 267
1766 268
1766 269
1766 270
1766 271
1766 272
1766 273
1766 274
1767 260
1767 261
1767 262
1767 263
1767 264
1767 265
1767 266
1768 252
1768 253
1768 254
1768 255
1768 256
1768 257
1768 258
1769 246
1769 247
1769 248
1769 249
1769 250
1772 291
1772 292
1773 281
1773 282
1773 283
1773 284
1773 285
1773 286
1773 287
1774 273
1774 274
1774 275
1774 276
1774 277
1774 278
1774 279
1774 280
1775 265
1775 266
1775 267
1775 268
1775 269
1775 270
1775 271
1775 272
1776 258
1776 259
1776 260
1776 261
1776 262
1776 263
1776 264
1776 265
1777 251
1777 252
1777 253
1777 254
1777 255
1777 256
1777 257
1778 244
1778 245
1778 246
1778 247
1778 248
1781 288
1781 289
1781 290
1781 291
1781 292
1782 279
1782 280
1782 281
1782 282
1782 283
1782 284
1782 285
1783 271
1783 272
1783 273
1783 274
1783 275
1783 276
1783 277
1783 278
1784 263
1784 264
1784 265
1784 266
1784 267
1784 268
1784 269
1784 270
1784 271
1785 256
1785 257
1785 258
1785 259
1785 260
1785 261
1785 262
1785 263
1786 249
1786 250
1786 251
1786 252
1786 253
1786 254
1786 255
1787 243
1787 244
1787 245
1787 246
1790 286
1790 287
1790 288
1790 289
1790 290
1790 291
1791 277
1791 278
1791 279
1791 280
1791 281
1791 282
1791 283
1791 284
1792 269
1792 270
1792 271
1792 272
1792 273
1792 274
1792 275
1792 276
1792 277
1793 261
1793 262
1793 263
1793 264
1793 265
1793 266
1793 267
1793 268
1793 269
1794 254
1794 255
1794 256
1794 257
1794 258
1794 259
1794 260
1794 261
1794 262
1795 247
1795 248
1795 249
1795 250
1795 251
1795 252
1795 253
1796 241
1796 242
1796 243
1796 244
1798 293
1798 294
1798 295
1799 283
1799 284
1799 285
1799 286
1799 287
1799 288
1799 289
1800 275
1800 276
1800 277
1800 278
1800 279
1800 280
1800 281
1800 282
1800 283
1801 267
1801 268
1801 269
1801 270
1801 271
1801 272
1801 273
1801 274
1801 275
1802 260
1802 261
1802 262
1802 263
1802 264
1802 265
1802 266
1802 267
1802 268
1803 252
1803 253
1803 254
1803 255
1803 256
1803 257
1803 258
1803 259
1803 260
1804 245
1804 246
1804 247
1804 248
1804 249
1804 250
1804 251
1804 252
1805 240
1805 241
1805 242
1807 290
1807 291
1807 292
1807 293
1807 294
1808 281
1808 282
1808 283
1808 284
1808 285
1808 286
1808 287
1808 288
1809 273
1809 274
1809 275
1809 276
1809 277
1809 278
1809 279
1809 280
1809 281
1810 265
1810 266
1810 267
1810 268
1810 269
1810 270
1810 271
1810 272
1810 273
1810 274
1811 258
1811 259
1811 260
1811 261
1811 262
1811 263
1811 264
1811 265
1811 266
1812 251
1812 252
1812 253
1812 254
1812 255
1812 256
1812 257
1812 258
1813 244
1813 245
1813 246
1813 247
1813 248
1813 249
1813 250
1814 238
1814 239
1814 240
1816 288
1816 289
1816 290
1816 291
1816 292
1816 293
1817 279
1817 280
1817 281
1817 282
1817 283
1817 284
1817 285
1817 286
1817 287
1818 271
1818 272
1818 273
1818 274
1818 275
1818 276
1818 277
1818 278
1818 279
1818 280
1819 263
1819 264
1819 265
1819 266
1819 267
1819 268
1819 269
1819 270
1819 271
1819 272
1820 256
1820 257
1820 258
1820 259
1820 260
1820 261
1820 262
1820 263
1820 264
1820 265
1821 249
1821 250
1821 251
1821 252
1821 253
1821 254
1821 255
1821 256
1821 257
1822 242
1822 243
1822 244
1822 245
1822 246
1822 247
1822 248
1823 237
1823 238
1824 296
1824 297
1825 286
1825 287
1825 288
1825 289
1825 290
1825 291
1825 292
1826 277
1826 278
1826 279
1826 280
1826 281
1826 282
1826 283
1826 284
1826 285
1827 269
1827 270
1827 271
1827 272
1827 273
1827 274
1827 275
1827 276
1827 277
1827 278
1828 261
1828 262
1828 263
1828 264
1828 265
1828 266
1828 267
1828 268
1828 269
1828 270
1828 271
1829 254
1829 255
1829 256
1829 257
1829 258
1829 259
1829 260
1829 261
1829 262
1829 263
1830 247
1830 248
1830 249
1830 250
1830 251
1830 252
1830 253
1830 254
1830 255
1831 241
1831 242
1831 243
1831 244
1831 245
1831 246
1833 293
1833 294
1833 295
1833 296
1834 283
1834 284
1834 285
1834 286
1834 287
1834 288
1834 289
1834 290
1835 275
1835 276
1835 277
1835 278
1835 279
1835 280
1835 281
1835 282
1835 283
1835 284
1836 267
1836 268
1836 269
1836 270
1836 271
1836 272
1836 273
1836 274
1836 275
1836 276
1837 260
1837 261
1837 262
1837 263
1837 264
1837 265
1837 266
1837 267
1837 268
1837 269
1838 252
1838 253
1838 254
1838 255
1838 256
1838 257
1838 258
1838 259
1838 260
1838 261
1839 245
1839 246
1839 247
1839 248
1839 249
1839 250
1839 251
1839 252
1839 253
1840 239
1840 240
1840 241
1840 242
1840 243
1840 244
1842 290
1842 291
1842 292
1842 293
1842 294
1842 295
1843 281
1843 282
1843 283
1843 284
1843 285
1843 286
1843 287
1843 288
1843 289
1844 273
1844 274
1844 275
1844 276
1844 277
1844 278
1844 279
1844 280
1844 281
1844 282
1845 265
1845 266
1845 267
1845 268
1845 269
1845 270
1845 271
1845 272
1845 273
1845 274
1845 275
1846 258
1846 259
1846 260
1846 261
1846 262
1846 263
1846 264
1846 265
1846 266
1846 267
1847 250
1847 251
1847 252
1847 253
1847 254
1847 255
1847 256
1847 257
1847 258
1847 259
1847 260
1848 244
1848 245
1848 246
1848 247
1848 248
1848 249
1848 250
1848 251
1849 237
1849 238
1849 239
1849 240
1849 241
1849 242
1850 298
1850 299
1851 288
1851 289
1851 290
1851 291
1851 292
1851 293
1851 294
1852 279
1852 280
1852 281
1852 282
1852 283
1852 284
1852 285
1852 286
1852 287
1852 288
1853 271
1853 272
1853 273
1853 274
1853 275
1853 276
1853 277
1853 278
1853 279
1853 280
1853 281
1854 263
1854 264
1854 265
1854 266
1854 267
1854 268
1854 269
1854 270
1854 271
1854 272
1854 273
1855 256
1855 257
1855 258
1855 259
1855 260
1855 261
1855 262
1855 263
1855 264
1855 265
1855 266
1856 249
1856 250
1856 251
1856 252
1856 253
1856 254
1856 255
1856 256
1856 257
1856 258
1857 242
1857 243
1857 244
1857 245
1857 246
1857 247
1857 248
1857 249
1857 250
1858 236
1858 237
1858 238
1858 239
1858 240
1859 295
1859 296
1859 297
1859 298
1860 286
1860 287
1860 288
1860 289
1860 290
1860 291
1860 292
1860 293
1861 277
1861 278
1861 279
1861 280
1861 281
1861 282
1861 283
1861 284
1861 285
1861 286
1862 269
1862 270
1862 271
1862 272
1862 273
1862 274
1862 275
1862 276
1862 277
1862 278
1862 279
1863 262
1863 263
1863 264
1863 265
1863 266
1863 267
1863 268
1863 269
1863 270
1863 271
1863 272
1864 254
1864 255
1864 256
1864 257
1864 258
1864 259
1864 260
1864 261
1864 262
1864 263
1864 264
1865 247
1865 248
1865 249
1865 250
1865 251
1865 252
1865 253
1865 254
1865 255
1865 256
1866 240
1866 241
1866 242
1866 243
1866 244
1866 245
1866 246
1866 247
1866 248
1867 235
1867 236
1867 237
1867 238
1868 293
1868 294
1868 295
1868 296
1868 297
1868 298
1869 283
1869 284
1869 285
1869 286
1869 287
1869 288
1869 289
1869 290
1869 291
1870 275
1870 276
1870 277
1870 278
1870 279
1870 280
1870 281
1870 282
1870 283
1870 284
1870 285
1871 267
1871 268
1871 269
1871 270
1871 271
1871 272
1871 273
1871 274
1871 275
1871 276
1871 277
1871 278
1872 260
1872 261
1872 262
1872 263
1872 264
1872 265
1872 266
1872 267
1872 268
1872 269
1872 270
1873 252
1873 253
1873 254
1873 255
1873 256
1873 257
1873 258
1873 259
1873 260
1873 261
1873 262
1874 245
1874 246
1874 247
1874 248
1874 249
1874 250
1874 251
1874 252
1874 253
1874 254
1875 239
1875 240
1875 241
1875 242
1875 243
1875 244
1875 245
1875 246
1876 233
1876 234
1876 235
1876 236
1877 290
1877 291
1877 292
1877 293
1877 294
1877 295
1877 296
1878 281
1878 282
1878 283
1878 284
1878 285
1878 286
1878 287
1878 288
1878 289
1878 290
1879 273
1879 274
1879 275
1879 276
1879 277
1879 278
1879 279
1879 280
1879 281
1879 282
1879 283
1880 265
1880 266
1880 267
1880 268
1880 269
1880 270
1880 271
1880 272
1880 273
1880 274
1880 275
1880 276
1881 258
1881 259
1881 260
1881 261
1881 262
1881 263
1881 264
1881 265
1881 266
1881 267
1881 268
1882 251
1882 252
1882 253
1882 254
1882 255
1882 256
1882 257
1882 258
1882 259
1882 260
1882 261
1883 244
1883 245
1883 246
1883 247
1883 248
1883 249
1883 250
1883 251
1883 252
1883 253
1884 237
1884 238
1884 239
1884 240
1884 241
1884 242
1884 243
1884 244
1885 232
1885 233
1885 234
1885 298
1885 299
1885 300
1886 288
1886 289
1886 290
1886 291
1886 292
1886 293
1886 294
1886 295
1887 279
1887 280
1887 281
1887 282
1887 283
1887 284
1887 285
1887 286
1887 287
1887 288
1887 289
1888 271
1888 272
1888 273
1888 274
1888 275
1888 276
1888 277
1888 278
1888 279
1888 280
1888 281
1888 282
1889 264
1889 265
1889 266
1889 267
1889 268
1889 269
1889 270
1889 271
1889 272
1889 273
1889 274
1890 256
1890 257
1890 258
1890 259
1890 260
1890 261
1890 262
1890 263
1890 264
1890 265
1890 266
1890 267
1891 249
1891 250
1891 251
1891 252
1891 253
1891 254
1891 255
1891 256
1891 257
1891 258
1891 259
1892 242
1892 243
1892 244
1892 245
1892 246
1892 247
1892 248
1892 249
1892 250
1892 251
1893 236
1893 237
1893 238
1893 239
1893 240
1893 241
1893 242
1894 295
1894 296
1894 297
1894 298
1894 299
1895 286
1895 287
1895 288
1895 289
1895 290
1895 291
1895 292
1895 293
1895 294
1896 277
1896 278
1896 279
1896 280
1896 281
1896 282
1896 283
1896 284
1896 285
1896 286
1896 287
1897 269
1897 270
1897 271
1897 272
1897 273
1897 274
1897 275
1897 276
1897 277
1897 278
1897 279
1897 280
1898 262
1898 263
1898 264
1898 265
1898 266
1898 267
1898 268
1898 269
1898 270
1898 271
1898 272
1898 273
1899 254
1899 255
1899 256
1899 257
1899 258
1899 259
1899 260
1899 261
1899 262
1899 263
1899 264
1899 265
1900 247
1900 248
1900 249
1900 250
1900 251
1900 252
1900 253
1900 254
1900 255
1900 256
1900 257
1901 240
1901 241
1901 242
1901 243
1901 244
1901 245
1901 246
1901 247
1901 248
1901 249
1902 234
1902 235
1902 236
1902 237
1902 238
1902 239
1902 240
1903 293
1903 294
1903 295
1903 296
1903 297
1903 298
1904 284
1904 285
1904 286
1904 287
1904 288
1904 289
1904 290
1904 291
1904 292
1905 275
1905 276
1905 277
1905 278
1905 279
1905 280
1905 281
1905 282
1905 283
1905 284
1905 285
1905 286
1906 267
1906 268
1906 269
1906 270
1906 271
1906 272
1906 273
1906 274
1906 275
1906 276
1906 277
1906 278
1907 260
1907 261
1907 262
1907 263
1907 264
1907 265
1907 266
1907 267
1907 268
1907 269
1907 270
1907 271
1908 252
1908 253
1908 254
1908 255
1908 256
1908 257
1908 258
1908 259
1908 260
1908 261
1908 262
1908 263
1909 245
1909 246
1909 247
1909 248
1909 249
1909 250
1909 251
1909 252
1909 253
1909 254
1909 255
1910 239
1910 240
1910 241
1910 242
1910 243
1910 244
1910 245
1910 246
1910 247
1911 233
1911 234
1911 235
1911 236
1911 237
1911 238
1912 290
1912 291
1912 292
1912 293
1912 294
1912 295
1912 296
1912 297
1913 282
1913 283
1913 284
1913 285
1913 286
1913 287
1913 288
1913 289
1913 290
1913 291
1914 273
1914 274
1914 275
1914 276
1914 277
1914 278
1914 279
1914 280
1914 281
1914 282
1914 283
1914 284
1915 266
1915 267
1915 268
1915 269
1915 270
1915 271
1915 272
1915 273
1915 274
1915 275
1915 276
1915 277
1916 258
1916 259
1916 260
1916 261
1916 262
1916 263
1916 264
1916 265
1916 266
1916 267
1916 268
1916 269
1917 251
1917 252
1917 253
1917 254
1917 255
1917 256
1917 257
1917 258
1917 259
1917 260
1917 261
1917 262
1918 244
1918 245
1918 246
1918 247
1918 248
1918 249
1918 250
1918 251
1918 252
1918 253
1918 254
1919 237
1919 238
1919 239
1919 240
1919 241
1919 242
1919 243
1919 244
1919 245
1920 231
1920 232
1920 233
1920 234
1920 235
1920 236
1920 298
1920 299
1920 300
1920 301
1921 288
1921 289
1921 290
1921 291
1921 292
1921 293
1921 294
1921 295
1921 296
1922 280
1922 281
1922 282
1922 283
1922 284
1922 285
1922 286
1922 287
1922 288
1922 289
1923 271
1923 272
1923 273
1923 274
1923 275
1923 276
1923 277
1923 278
1923 279
1923 280
1923 281
1923 282
1924 264
1924 265
1924 266
1924 267
1924 268
1924 269
1924 270
1924 271
1924 272
1924 273
1924 274
1924 275
1925 256
1925 257
1925 258
1925 259
1925 260
1925 261
1925 262
1925 263
1925 264
1925 265
1925 266
1925 267
1925 268
1926 249
1926 250
1926 251
1926 252
1926 253
1926 254
1926 255
1926 256
1926 257
1926 258
1926 259
1926 260
1927 242
1927 243
1927 244
1927 245
1927 246
1927 247
1927 248
1927 249
1927 250
1927 251
1927 252
1928 235
1928 236
1928 237
1928 238
1928 239
1928 240
1928 241
1928 242
1928 243
1929 230
1929 231
1929 232
1929 233
1929 234
1929 295
1929 296
1929 297
1929 298
1929 299
1929 300
1930 286
1930 287
1930 288
1930 289
1930 290
1930 291
1930 292
1930 293
1930 294
1931 278
1931 279
1931 280
1931 281
1931 282
1931 283
1931 284
1931 285
1931 286
1931 287
1931 288
1932 270
1932 271
1932 272
1932 273
1932 274
1932 275
1932 276
1932 277
1932 278
1932 279
1932 280
1932 281
1933 262
1933 263
1933 264
1933 265
1933 266
1933 267
1933 268
1933 269
1933 270
1933 271
1933 272
1933 273
1934 254
1934 255
1934 256
1934 257
1934 258
1934 259
1934 260
1934 261
1934 262
1934 263
1934 264
1934 265
1934 266
1935 247
1935 248
1935 249
1935 250
1935 251
1935 252
1935 253
1935 254
1935 255
1935 256
1935 257
1935 258
1936 240
1936 241
1936 242
1936 243
1936 244
1936 245
1936 246
1936 247
1936 248
1936 249
1936 250
1937 234
1937 235
1937 236
1937 237
1937 238
1937 239
1937 240
1937 241
1938 229
1938 230
1938 231
1938 293
1938 294
1938 295
1938 296
1938 297
1938 298
1938 299
1939 284
1939 285
1939 286
1939 287
1939 288
1939 289
1939 290
1939 291
1939 292
1939 293
1940 276
1940 277
1940 278
1940 279
1940 280
1940 281
1940 282
1940 283
1940 284
1940 285
1940 286
1941 268
1941 269
1941 270
1941 271
1941 272
1941 273
1941 274
1941 275
1941 276
1941 277
1941 278
1941 279
1942 260
1942 261
1942 262
1942 263
1942 264
1942 265
1942 266
1942 267
1942 268
1942 269
1942 270
1942 271
1942 272
1943 253
1943 254
1943 255
1943 256
1943 257
1943 258
1943 259
1943 260
1943 261
1943 262
1943 263
1943 264
1944 245
1944 246
1944 247
1944 248
1944 249
1944 250
1944 251
1944 252
1944 253
1944 254
1944 255
1944 256
1945 239
1945 240
1945 241
1945 242
1945 243
1945 244
1945 245
1945 246
1945 247
1945 248
1946 232
1946 233
1946 234
1946 235
1946 236
1946 237
1946 238
1946 239
1946 301
1946 302
1947 291
1947 292
1947 293
1947 294
1947 295
1947 296
1947 297
1947 298
1948 282
1948 283
1948 284
1948 285
1948 286
1948 287
1948 288
1948 289
1948 290
1948 291
1948 292
1949 274
1949 275
1949 276
1949 277
1949 278
1949 279
1949 280
1949 281
1949 282
1949 283
1949 284
1949 285
1950 266
1950 267
1950 268
1950 269
1950 270
1950 271
1950 272
1950 273
1950 274
1950 275
1950 276
1950 277
1950 278
1951 258
1951 259
1951 260
1951 261
1951 262
1951 263
1951 264
1951 265
1951 266
1951 267
1951 268
1951 269
1951 270
1952 251
1952 252
1952 253
1952 254
1952 255
1952 256
1952 257
1952 258
1952 259
1952 260
1952 261
1952 262
1953 244
1953 245
1953 246
1953 247
1953 248
1953 249
1953 250
1953 251
1953 252
1953 253
1953 254
1953 255
1954 237
1954 238
1954 239
1954 240
1954 241
1954 242
1954 243
1954 244
1954 245
1954 246
1955 231
1955 232
1955 233
1955 234
1955 235
1955 236
1955 237
1955 298
1955 299
1955 300
1955 301
1955 302
1956 288
1956 289
1956 290
1956 291
1956 292
1956 293
1956 294
1956 295
1956 296
1957 280
1957 281
1957 282
1957 283
1957 284
1957 285
1957 286
1957 287
1957 288
1957 289
1957 290
1958 272
1958 273
1958 274
1958 275
1958 276
1958 277
1958 278
1958 279
1958 280
1958 281
1958 282
1958 283
1959 264
1959 265
1959 266
1959 267
1959 268
1959 269
1959 270
1959 271
1959 272
1959 273
1959 274
1959 275
1959 276
1960 256
1960 257
1960 258
1960 259
1960 260
1960 261
1960 262
1960 263
1960 264
1960 265
1960 266
1960 267
1960 268
1961 249
1961 250
1961 251
1961 252
1961 253
1961 254
1961 255
1961 256
1961 257
1961 258
1961 259
1961 260
1961 261
1962 242
1962 243
1962 244
1962 245
1962 246
1962 247
1962 248
1962 249
1962 250
1962 251
1962 252
1962 253
1963 235
1963 236
1963 237
1963 238
1963 239
1963 240
1963 241
1963 242
1963 243
1963 244
1964 230
1964 231
1964 232
1964 233
1964 234
1964 235
1964 295
1964 296
1964 297
1964 298
1964 299
1964 300
1964 301
1965 286
1965 287
1965 288
1965 289
1965 290
1965 291
1965 292
1965 293
1965 294
1965 295
1966 278
1966 279
1966 280
1966 281
1966 282
1966 283
1966 284
1966 285
1966 286
1966 287
1966 288
1967 270
1967 271
1967 272
1967 273
1967 274
1967 275
1967 276
1967 277
1967 278
1967 279
1967 280
1967 281
1968 262
1968 263
1968 264
1968 265
1968 266
1968 267
1968 268
1968 269
1968 270
1968 271
1968 272
1968 273
1968 274
1969 255
1969 256
1969 257
1969 258
1969 259
1969 260
1969 261
1969 262
1969 263
1969 264
1969 265
1969 266
1969 267
1970 247
1970 248
1970 249
1970 250
1970 251
1970 252
1970 253
1970 254
1970 255
1970 256
1970 257
1970 258
1970 259
1971 240
1971 241
1971 242
1971 243
1971 244
1971 245
1971 246
1971 247
1971 248
1971 249
1971 250
1971 251
1972 234
1972 235
1972 236
1972 237
1972 238
1972 239
1972 240
1972 241
1972 242
1973 228
1973 229
1973 230
1973 231
1973 232
1973 233
1973 293
1973 294
1973 295
1973 296
1973 297
1973 298
1973 299
1973 300
1974 284
1974 285
1974 286
1974 287
1974 288
1974 289
1974 290
1974 291
1974 292
1974 293
1974 294
1975 276
1975 277
1975 278
1975 279
1975 280
1975 281
1975 282
1975 283
1975 284
1975 285
1975 286
1975 287
1976 268
1976 269
1976 270
1976 271
1976 272
1976 273
1976 274
1976 275
1976 276
1976 277
1976 278
1976 279
1976 280
1977 260
1977 261
1977 262
1977 263
1977 264
1977 265
1977 266
1977 267
1977 268
1977 269
1977 270
1977 271
1977 272
1977 273
1978 253
1978 254
1978 255
1978 256
1978 257
1978 258
1978 259
1978 260
1978 261
1978 262
1978 263
1978 264
1978 265
1979 246
1979 247
1979 248
1979 249
1979 250
1979 251
1979 252
1979 253
1979 254
1979 255
1979 256
1979 257
1980 239
1980 240
1980 241
1980 242
1980 243
1980 244
1980 245
1980 246
1980 247
1980 248
1980 249
1981 232
1981 233
1981 234
1981 235
1981 236
1981 237
1981 238
1981 239
1981 240
1981 241
1981 302
1982 227
1982 228
1982 229
1982 230
1982 231
1982 291
1982 292
1982 293
1982 294
1982 295
1982 296
1982 297
1982 298
1983 282
1983 283
1983 284
1983 285
1983 286
1983 287
1983 288
1983 289
1983 290
1983 291
1983 292
1984 274
1984 275
1984 276
1984 277
1984 278
1984 279
1984 280
1984 281
1984 282
1984 283
1984 284
1984 285
1985 266
1985 267
1985 268
1985 269
1985 270
1985 271
1985 272
1985 273
1985 274
1985 275
1985 276
1985 277
1985 278
1986 258
1986 259
1986 260
1986 261
1986 262
1986 263
1986 264
1986 265
1986 266
1986 267
1986 268
1986 269
1986 270
1986 271
1987 251
1987 252
1987 253
1987 254
1987 255
1987 256
1987 257
1987 258
1987 259
1987 260
1987 261
1987 262
1987 263
1988 244
1988 245
1988 246
1988 247
1988 248
1988 249
1988 250
1988 251
1988 252
1988 253
1988 254
1988 255
1989 237
1989 238
1989 239
1989 240
1989 241
1989 242
1989 243
1989 244
1989 245
1989 246
1989 247
1990 231
1990 232
1990 233
1990 234
1990 235
1990 236
1990 237
1990 238
1990 239
1990 298
1990 299
1990 300
1990 301
1990 302
1991 226
1991 227
1991 228
1991 289
1991 290
1991 291
1991 292
1991 293
1991 294
1991 295
1991 296
1991 297
1992 280
1992 281
1992 282
1992 283
1992 284
1992 285
1992 286
1992 287
1992 288
1992 289
1992 290
1992 291
1993 272
1993 273
1993 274
1993 275
1993 276
1993 277
1993 278
1993 279
1993 280
1993 281
1993 282
1993 283
1993 284
1994 264
1994 265
1994 266
1994 267
1994 268
1994 269
1994 270
1994 271
1994 272
1994 273
1994 274
1994 275
1994 276
1994 277
1995 257
1995 258
1995 259
1995 260
1995 261
1995 262
1995 263
1995 264
1995 265
1995 266
1995 267
1995 268
1995 269
1996 249
1996 250
1996 251
1996 252
1996 253
1996 254
1996 255
1996 256
1996 257
1996 258
1996 259
1996 260
1996 261
1997 242
1997 243
1997 244
1997 245
1997 246
1997 247
1997 248
1997 249
1997 250
1997 251
1997 252
1997 253
1997 254
1998 235
1998 236
1998 237
1998 238
1998 239
1998 240
1998 241
1998 242
1998 243
1998 244
1998 245
1999 229
1999 230
1999 231
1999 232
1999 233
1999 234
1999 235
1999 236
1999 296
1999 297
1999 298
1999 299
1999 300
1999 301
2000 287
2000 288
2000 289
2000 290
2000 291
2000 292
2000 293
2000 294
2000 295
2000 296
2001 278
2001 279
2001 280
2001 281
2001 282
2001 283
2001 284
2001 285
2001 286
2001 287
2001 288
2001 289
2002 270
2002 271
2002 272
2002 273
2002 274
2002 275
2002 276
2002 277
2002 278
2002 279
2002 280
2002 281
2002 282
2003 262
2003 263
2003 264
2003 265
2003 266
2003 267
2003 268
2003 269
2003 270
2003 271
2003 272
2003 273
2003 274
2003 275
2004 255
2004 256
2004 257
2004 258
2004 259
2004 260
2004 261
2004 262
2004 263
2004 264
2004 265
2004 266
2004 267
2005 248
2005 249
2005 250
2005 251
2005 252
2005 253
2005 254
2005 255
2005 256
2005 257
2005 258
2005 259
2005 260
2006 240
2006 241
2006 242
2006 243
2006 244
2006 245
2006 246
2006 247
2006 248
2006 249
2006 250
2006 251
2006 252
2007 234
2007 235
2007 236
2007 237
2007 238
2007 239
2007 240
2007 241
2007 242
2007 243
2008 228
2008 229
2008 230
2008 231
2008 232
2008 233
2008 234
2008 293
2008 294
2008 295
2008 296
2008 297
2008 298
2008 299
2008 300
2009 284
2009 285
2009 286
2009 287
2009 288
2009 289
2009 290
2009 291
2009 292
2009 293
2009 294
2010 276
2010 277
2010 278
2010 279
2010 280
2010 281
2010 282
2010 283
2010 284
2010 285
2010 286
2010 287
2011 268
2011 269
2011 270
2011 271
2011 272
2011 273
2011 274
2011 275
2011 276
2011 277
2011 278
2011 279
2011 280
2012 260
2012 261
2012 262
2012 263
2012 264
2012 265
2012 266
2012 267
2012 268
2012 269
2012 270
2012 271
2012 272
2012 273
2013 253
2013 254
2013 255
2013 256
2013 257
2013 258
2013 259
2013 260
2013 261
2013 262
2013 263
2013 264
2013 265
2013 266
2014 246
2014 247
2014 248
2014 249
2014 250
2014 251
2014 252
2014 253
2014 254
2014 255
2014 256
2014 257
2014 258
2015 239
2015 240
2015 241
2015 242
2015 243
2015 244
2015 245
2015 246
2015 247
2015 248
2015 249
2015 250
2016 232
2016 233
2016 234
2016 235
2016 236
2016 237
2016 238
2016 239
2016 240
2016 241
2017 227
2017 228
2017 229
2017 230
2017 231
2017 232
2017 291
2017 292
2017 293
2017 294
2017 295
2017 296
2017 297
2017 298
2017 299
2018 282
2018 283
2018 284
2018 285
2018 286
2018 287
2018 288
2018 289
2018 290
2018 291
2018 292
2018 293
2019 274
2019 275
2019 276
2019 277
2019 278
2019 279
2019 280
2019 281
2019 282
2019 283
2019 284
2019 285
2019 286
2020 266
2020 267
2020 268
2020 269
2020 270
2020 271
2020 272
2020 273
2020 274
2020 275
2020 276
2020 277
2020 278
2020 279
2021 259
2021 260
2021 261
2021 262
2021 263
2021 264
2021 265
2021 266
2021 267
2021 268
2021 269
2021 270
2021 271
2022 251
2022 252
2022 253
2022 254
2022 255
2022 256
2022 257
2022 258
2022 259
2022 260
2022 261
2022 262
2022 263
2022 264
2023 244
2023 245
2023 246
2023 247
2023 248
2023 249
2023 250
2023 251
2023 252
2023 253
2023 254
2023 255
2023 256
2024 237
2024 238
2024 239
2024 240
2024 241
2024 242
2024 243
2024 244
2024 245
2024 246
2024 247
2024 248
2025 231
2025 232
2025 233
2025 234
2025 235
2025 236
2025 237
2025 238
2025 239
2025 299
2025 300
2025 301
2025 302
2026 226
2026 227
2026 228
2026 229
2026 230
2026 289
2026 290
2026 291
2026 292
2026 293
2026 294
2026 295
2026 296
2026 297
2027 280
2027 281
2027 282
2027 283
2027 284
2027 285
2027 286
2027 287
2027 288
2027 289
2027 290
2027 291
2028 272
2028 273
2028 274
2028 275
2028 276
2028 277
2028 278
2028 279
2028 280
2028 281
2028 282
2028 283
2028 284
2029 264
2029 265
2029 266
2029 267
2029 268
2029 269
2029 270
2029 271
2029 272
2029 273
2029 274
2029 275
2029 276
2029 277
2030 257
2030 258
2030 259
2030 260
2030 261
2030 262
2030 263
2030 264
2030 265
2030 266
2030 267
2030 268
2030 269
2030 270
2031 249
2031 250
2031 251
2031 252
2031 253
2031 254
2031 255
2031 256
2031 257
2031 258
2031 259
2031 260
2031 261
2031 262
2032 242
2032 243
2032 244
2032 245
2032 246
2032 247
2032 248
2032 249
2032 250
2032 251
2032 252
2032 253
2032 254
2033 236
2033 237
2033 238
2033 239
2033 240
2033 241
2033 242
2033 243
2033 244
2033 245
2033 246
2034 229
2034 230
2034 231
2034 232
2034 233
2034 234
2034 235
2034 236
2034 237
2034 296
2034 297
2034 298
2034 299
2034 300
2034 301
2035 225
2035 226
2035 227
2035 287
2035 288
2035 289
2035 290
2035 291
2035 292
2035 293
2035 294
2035 295
2035 296
2036 278
2036 279
2036 280
2036 281
2036 282
2036 283
2036 284
2036 285
2036 286
2036 287
2036 288
2036 289
2036 290
2037 270
2037 271
2037 272
2037 273
2037 274
2037 275
2037 276
2037 277
2037 278
2037 279
2037 280
2037 281
2037 282
2037 283
2038 263
2038 264
2038 265
2038 266
2038 267
2038 268
2038 269
2038 270
2038 271
2038 272
2038 273
2038 274
2038 275
2039 255
2039 256
2039 257
2039 258
2039 259
2039 260
2039 261
2039 262
2039 263
2039 264
2039 265
2039 266
2039 267
2039 268
2040 248
2040 249
2040 250
2040 251
2040 252
2040 253
2040 254
2040 255
2040 256
2040 257
2040 258
2040 259
2040 260
2041 241
2041 242
2041 243
2041 244
2041 245
2041 246
2041 247
2041 248
2041 249
2041 250
2041 251
2041 252
2042 234
2042 235
2042 236
2042 237
2042 238
2042 239
2042 240
2042 241
2042 242
2042 243
2042 244
2043 228
2043 229
2043 230
2043 231
2043 232
2043 233
2043 234
2043 235
2043 294
2043 295
2043 296
2043 297
2043 298
2043 299
2043 300
2044 285
2044 286
2044 287
2044 288
2044 289
2044 290
2044 291
2044 292
2044 293
2044 294
2044 295
2045 276
2045 277
2045 278
2045 279
2045 280
2045 281
2045 282
2045 283
2045 284
2045 285
2045 286
2045 287
2045 288
2046 268
2046 269
2046 270
2046 271
2046 272
2046 273
2046 274
2046 275
2046 276
2046 277
2046 278
2046 279
2046 280
2046 281
2047 261
2047 262
2047 263
2047 264
2047 265
2047 266
2047 267
2047 268
2047 269
2047 270
2047 271
2047 272
2047 273
2047 274
2048 253
2048 254
2048 255
2048 256
2048 257
2048 258
2048 259
2048 260
2048 261
2048 262
2048 263
2048 264
2048 265
2048 266
2049 246
2049 247
2049 248
2049 249
2049 250
2049 251
2049 252
2049 253
2049 254
2049 255
2049 256
2049 257
2049 258
2049 259
2050 239
2050 240
2050 241
2050 242
2050 243
2050 244
2050 245
2050 246
2050 247
2050 248
2050 249
2050 250
2050 251
2051 232
2051 233
2051 234
2051 235
2051 236
2051 237
2051 238
2051 239
2051 240
2051 241
2051 242
2052 226
2052 227
2052 228
2052 229
2052 230
2052 231
2052 232
2052 233
2052 292
2052 293
2052 294
2052 295
2052 296
2052 297
2052 298
2052 299
2053 283
2053 284
2053 285
2053 286
2053 287
2053 288
2053 289
2053 290
2053 291
2053 292
2053 293
2054 275
2054 276
2054 277
2054 278
2054 279
2054 280
2054 281
2054 282
2054 283
2054 284
2054 285
2054 286
2055 267
2055 268
2055 269
2055 270
2055 271
2055 272
2055 273
2055 274
2055 275
2055 276
2055 277
2055 278
2055 279
2056 259
2056 260
2056 261
2056 262
2056 263
2056 264
2056 265
2056 266
2056 267
2056 268
2056 269
2056 270
2056 271
2056 272
2057 251
2057 252
2057 253
2057 254
2057 255
2057 256
2057 257
2057 258
2057 259
2057 260
2057 261
2057 262
2057 263
2057 264
2057 265
2058 244
2058 245
2058 246
2058 247
2058 248
2058 249
2058 250
2058 251
2058 252
2058 253
2058 254
2058 255
2058 256
2058 257
2059 237
2059 238
2059 239
2059 240
2059 241
2059 242
2059 243
2059 244
2059 245
2059 246
2059 247
2059 248
2059 249
2060 231
2060 232
2060 233
2060 234
2060 235
2060 236
2060 237
2060 238
2060 239
2060 240
2060 300
2060 301
2060 302
2061 225
2061 226
2061 227
2061 228
2061 229
2061 230
2061 231
2061 289
2061 290
2061 291
2061 292
2061 293
2061 294
2061 295
2061 296
2061 297
2061 298
2062 281
2062 282
2062 283
2062 284
2062 285
2062 286
2062 287
2062 288
2062 289
2062 290
2062 291
2063 273
2063 274
2063 275
2063 276
2063 277
2063 278
2063 279
2063 280
2063 281
2063 282
2063 283
2063 284
2063 285
2064 265
2064 266
2064 267
2064 268
2064 269
2064 270
2064 271
2064 272
2064 273
2064 274
2064 275
2064 276
2064 277
2064 278
2065 257
2065 258
2065 259
2065 260
2065 261
2065 262
2065 263
2065 264
2065 265
2065 266
2065 267
2065 268
2065 269
2065 270
2066 250
2066 251
2066 252
2066 253
2066 254
2066 255
2066 256
2066 257
2066 258
2066 259
2066 260
2066 261
2066 262
2066 263
2067 243
2067 244
2067 245
2067 246
2067 247
2067 248
2067 249
2067 250
2067 251
2067 252
2067 253
2067 254
2067 255
2068 236
2068 237
2068 238
2068 239
2068 240
2068 241
2068 242
2068 243
2068 244
2068 245
2068 246
2068 247
2069 229
2069 230
2069 231
2069 232
2069 233
2069 234
2069 235
2069 236
2069 237
2069 238
2069 297
2069 298
2069 299
2069 300
2069 301
2069 302
2070 224
2070 225
2070 226
2070 227
2070 228
2070 229
2070 287
2070 288
2070 289
2070 290
2070 291
2070 292
2070 293
2070 294
2070 295
2070 296
2071 279
2071 280
2071 281
2071 282
2071 283
2071 284
2071 285
2071 286
2071 287
2071 288
2071 289
2071 290
2072 271
2072 272
2072 273
2072 274
2072 275
2072 276
2072 277
2072 278
2072 279
2072 280
2072 281
2072 282
2072 283
2073 263
2073 264
2073 265
2073 266
2073 267
2073 268
2073 269
2073 270
2073 271
2073 272
2073 273
2073 274
2073 275
2073 276
2074 255
2074 256
2074 257
2074 258
2074 259
2074 260
2074 261
2074 262
2074 263
2074 264
2074 265
2074 266
2074 267
2074 268
2074 269
2075 248
2075 249
2075 250
2075 251
2075 252
2075 253
2075 254
2075 255
2075 256
2075 257
2075 258
2075 259
2075 260
2075 261
2076 241
2076 242
2076 243
2076 244
2076 245
2076 246
2076 247
2076 248
2076 249
2076 250
2076 251
2076 252
2076 253
2077 234
2077 235
2077 236
2077 237
2077 238
2077 239
2077 240
2077 241
2077 242
2077 243
2077 244
2077 245
2078 228
2078 229
2078 230
2078 231
2078 232
2078 233
2078 234
2078 235
2078 236
2078 294
2078 295
2078 296
2078 297
2078 298
2078 299
2078 300
2079 223
2079 224
2079 225
2079 226
2079 285
2079 286
2079 287
2079 288
2079 289
2079 290
2079 291
2079 292
2079 293
2079 294
2079 295
2080 277
2080 278
2080 279
2080 280
2080 281
2080 282
2080 283
2080 284
2080 285
2080 286
2080 287
2080 288
2081 269
2081 270
2081 271
2081 272
2081 273
2081 274
2081 275
2081 276
2081 277
2081 278
2081 279
2081 280
2081 281
2082 261
2082 262
2082 263
2082 264
2082 265
2082 266
2082 267
2082 268
2082 269
2082 270
2082 271
2082 272
2082 273
2082 274
2083 254
2083 255
2083 256
2083 257
2083 258
2083 259
2083 260
2083 261
2083 262
2083 263
2083 264
2083 265
2083 266
2083 267
2084 246
2084 247
2084 248
2084 249
2084 250
2084 251
2084 252
2084 253
2084 254
2084 255
2084 256
2084 257
2084 258
2084 259
2085 239
2085 240
2085 241
2085 242
2085 243
2085 244
2085 245
2085 246
2085 247
2085 248
2085 249
2085 250
2085 251
2086 232
2086 233
2086 234
2086 235
2086 236
2086 237
2086 238
2086 239
2086 240
2086 241
2086 242
2086 243
2087 226
2087 227
2087 228
2087 229
2087 230
2087 231
2087 232
2087 233
2087 234
2087 292
2087 293
2087 294
2087 295
2087 296
2087 297
2087 298
2087 299
2088 283
2088 284
2088 285
2088 286
2088 287
2088 288
2088 289
2088 290
2088 291
2088 292
2088 293
2089 275
2089 276
2089 277
2089 278
2089 279
2089 280
2089 281
2089 282
2089 283
2089 284
2089 285
2089 286
2089 287
2090 267
2090 268
2090 269
2090 270
2090 271
2090 272
2090 273
2090 274
2090 275
2090 276
2090 277
2090 278
2090 279
2090 280
2091 259
2091 260
2091 261
2091 262
2091 263
2091 264
2091 265
2091 266
2091 267
2091 268
2091 269
2091 270
2091 271
2091 272
2091 273
2092 252
2092 253
2092 254
2092 255
2092 256
2092 257
2092 258
2092 259
2092 260
2092 261
2092 262
2092 263
2092 264
2092 265
2093 244
2093 245
2093 246
2093 247
2093 248
2093 249
2093 250
2093 251
2093 252
2093 253
2093 254
2093 255
2093 256
2093 257
2094 237
2094 238
2094 239
2094 240
2094 241
2094 242
2094 243
2094 244
2094 245
2094 246
2094 247
2094 248
2094 249
2095 231
2095 232
2095 233
2095 234
2095 235
2095 236
2095 237
2095 238
2095 239
2095 240
2095 241
2095 301
2095 302
2096 225
2096 226
2096 227
2096 228
2096 229
2096 230
2096 231
2096 232
2096 290
2096 291
2096 292
2096 293
2096 294
2096 295
2096 296
2096 297
2096 298
2097 281
2097 282
2097 283
2097 284
2097 285
2097 286
2097 287
2097 288
2097 289
2097 290
2097 291
2097 292
2098 273
2098 274
2098 275
2098 276
2098 277
2098 278
2098 279
2098 280
2098 281
2098 282
2098 283
2098 284
2098 285
2099 265
2099 266
2099 267
2099 268
2099 269
2099 270
2099 271
2099 272
2099 273
2099 274
2099 275
2099 276
2099 277
2099 278
2100 257
2100 258
2100 259
2100 260
2100 261
2100 262
2100 263
2100 264
2100 265
2100 266
2100 267
2100 268
2100 269
2100 270
2100 271
2101 250
2101 251
2101 252
2101 253
2101 254
2101 255
2101 256
2101 257
2101 258
2101 259
2101 260
2101 261
2101 262
2101 263
2102 243
2102 244
2102 245
2102 246
2102 247
2102 248
2102 249
2102 250
2102 251
2102 252
2102 253
2102 254
2102 255
2103 236
2103 237
2103 238
2103 239
2103 240
2103 241
2103 242
2103 243
2103 244
2103 245
2103 246
2103 247
2104 229
2104 230
2104 231
2104 232
2104 233
2104 234
2104 235
2104 236
2104 237
2104 238
2104 239
2104 298
2104 299
2104 300
2104 301
2105 224
2105 225
2105 226
2105 227
2105 228
2105 229
2105 230
2105 288
2105 289
2105 290
2105 291
2105 292
2105 293
2105 294
2105 295
2105 296
2105 297
2106 279
2106 280
2106 281
2106 282
2106 283
2106 284
2106 285
2106 286
2106 287
2106 288
2106 289
2106 290
2107 271
2107 272
2107 273
2107 274
2107 275
2107 276
2107 277
2107 278
2107 279
2107 280
2107 281
2107 282
2107 283
2107 284
2108 263
2108 264
2108 265
2108 266
2108 267
2108 268
2108 269
2108 270
2108 271
2108 272
2108 273
2108 274
2108 275
2108 276
2109 256
2109 257
2109 258
2109 259
2109 260
2109 261
2109 262
2109 263
2109 264
2109 265
2109 266
2109 267
2109 268
2109 269
2110 248
2110 249
2110 250
2110 251
2110 252
2110 253
2110 254
2110 255
2110 256
2110 257
2110 258
2110 259
2110 260
2110 261
2111 241
2111 242
2111 243
2111 244
2111 245
2111 246
2111 247
2111 248
2111 249
2111 250
2111 251
2111 252
2111 253
2111 254
2112 234
2112 235
2112 236
2112 237
2112 238
2112 239
2112 240
2112 241
2112 242
2112 243
2112 244
2112 245
2113 228
2113 229
2113 230
2113 231
2113 232
2113 233
2113 234
2113 235
2113 236
2113 237
2113 295
2113 296
2113 297
2113 298
2113 299
2113 300
2114 223
2114 224
2114 225
2114 226
2114 227
2114 286
2114 287
2114 288
2114 289
2114 290
2114 291
2114 292
2114 293
2114 294
2114 295
2115 277
2115 278
2115 279
2115 280
2115 281
2115 282
2115 283
2115 284
2115 285
2115 286
2115 287
2115 288
2115 289
2116 269
2116 270
2116 271
2116 272
2116 273
2116 274
2116 275
2116 276
2116 277
2116 278
2116 279
2116 280
2116 281
2116 282
2117 261
2117 262
2117 263
2117 264
2117 265
2117 266
2117 267
2117 268
2117 269
2117 270
2117 271
2117 272
2117 273
2117 274
2117 275
2118 254
2118 255
2118 256
2118 257
2118 258
2118 259
2118 260
2118 261
2118 262
2118 263
2118 264
2118 265
2118 266
2118 267
2119 246
2119 247
2119 248
2119 249
2119 250
2119 251
2119 252
2119 253
2119 254
2119 255
2119 256
2119 257
2119 258
2119 259
2119 260
2120 239
2120 240
2120 241
2120 242
2120 243
2120 244
2120 245
2120 246
2120 247
2120 248
2120 249
2120 250
2120 251
2120 252
2121 233
2121 234
2121 235
2121 236
2121 237
2121 238
2121 239
2121 240
2121 241
2121 242
2121 243
2121 244
2122 226
2122 227
2122 228
2122 229
2122 230
2122 231
2122 232
2122 233
2122 234
2122 235
2122 293
2122 294
2122 295
2122 296
2122 297
2122 298
2122 299
2123 222
2123 223
2123 224
2123 284
2123 285
2123 286
2123 287
2123 288
2123 289
2123 290
2123 291
2123 292
2123 293
2123 294
2124 275
2124 276
2124 277
2124 278
2124 279
2124 280
2124 281
2124 282
2124 283
2124 284
2124 285
2124 286
2124 287
2125 267
2125 268
2125 269
2125 270
2125 271
2125 272
2125 273
2125 274
2125 275
2125 276
2125 277
2125 278
2125 279
2125 280
2126 260
2126 261
2126 262
2126 263
2126 264
2126 265
2126 266
2126 267
2126 268
2126 269
2126 270
2126 271
2126 272
2126 273
2127 252
2127 253
2127 254
2127 255
2127 256
2127 257
2127 258
2127 259
2127 260
2127 261
2127 262
2127 263
2127 264
2127 265
2128 245
2128 246
2128 247
2128 248
2128 249
2128 250
2128 251
2128 252
2128 253
2128 254
2128 255
2128 256
2128 257
2128 258
2129 238
2129 239
2129 240
2129 241
2129 242
2129 243
2129 244
2129 245
2129 246
2129 247
2129 248
2129 249
2129 250
2130 231
2130 232
2130 233
2130 234
2130 235
2130 236
2130 237
2130 238
2130 239
2130 240
2130 241
2130 242
2131 225
2131 226
2131 227
2131 228
2131 229
2131 230
2131 231
2131 232
2131 233
2131 290
2131 291
2131 292
2131 293
2131 294
2131 295
2131 296
2131 297
2131 298
2132 282
2132 283
2132 284
2132 285
2132 286
2132 287
2132 288
2132 289
2132 290
2132 291
2132 292
2133 273
2133 274
2133 275
2133 276
2133 277
2133 278
2133 279
2133 280
2133 281
2133 282
2133 283
2133 284
2133 285
2134 265
2134 266
2134 267
2134 268
2134 269
2134 270
2134 271
2134 272
2134 273
2134 274
2134 275
2134 276
2134 277
2134 278
2135 258
2135 259
2135 260
2135 261
2135 262
2135 263
2135 264
2135 265
2135 266
2135 267
2135 268
2135 269
2135 270
2135 271
2136 250
2136 251
2136 252
2136 253
2136 254
2136 255
2136 256
2136 257
2136 258
2136 259
2136 260
2136 261
2136 262
2136 263
2136 264
2137 243
2137 244
2137 245
2137 246
2137 247
2137 248
2137 249
2137 250
2137 251
2137 252
2137 253
2137 254
2137 255
2137 256
2138 236
2138 237
2138 238
2138 239
2138 240
2138 241
2138 242
2138 243
2138 244
2138 245
2138 246
2138 247
2138 248
2139 229
2139 230
2139 231
2139 232
2139 233
2139 234
2139 235
2139 236
2139 237
2139 238
2139 239
2139 240
2139 299
2139 300
2139 301
2140 224
2140 225
2140 226
2140 227
2140 228
2140 229
2140 230
2140 288
2140 289
2140 290
2140 291
2140 292
2140 293
2140 294
2140 295
2140 296
2140 297
2141 280
2141 281
2141 282
2141 283
2141 284
2141 285
2141 286
2141 287
2141 288
2141 289
2141 290
2141 291
2142 271
2142 272
2142 273
2142 274
2142 275
2142 276
2142 277
2142 278
2142 279
2142 280
2142 281
2142 282
2142 283
2142 284
2143 264
2143 265
2143 266
2143 267
2143 268
2143 269
2143 270
2143 271
2143 272
2143 273
2143 274
2143 275
2143 276
2143 277
2144 256
2144 257
2144 258
2144 259
2144 260
2144 261
2144 262
2144 263
2144 264
2144 265
2144 266
2144 267
2144 268
2144 269
2145 248
2145 249
2145 250
2145 251
2145 252
2145 253
2145 254
2145 255
2145 256
2145 257
2145 258
2145 259
2145 260
2145 261
2145 262
2146 241
2146 242
2146 243
2146 244
2146 245
2146 246
2146 247
2146 248
2146 249
2146 250
2146 251
2146 252
2146 253
2146 254
2147 234
2147 235
2147 236
2147 237
2147 238
2147 239
2147 240
2147 241
2147 242
2147 243
2147 244
2147 245
2147 246
2148 228
2148 229
2148 230
2148 231
2148 232
2148 233
2148 234
2148 235
2148 236
2148 237
2148 296
2148 297
2148 298
2148 299
2148 300
2149 223
2149 224
2149 225
2149 226
2149 227
2149 228
2149 286
2149 287
2149 288
2149 289
2149 290
2149 291
2149 292
2149 293
2149 294
2149 295
2150 278
2150 279
2150 280
2150 281
2150 282
2150 283
2150 284
2150 285
2150 286
2150 287
2150 288
2150 289
2151 269
2151 270
2151 271
2151 272
2151 273
2151 274
2151 275
2151 276
2151 277
2151 278
2151 279
2151 280
2151 281
2151 282
2152 262
2152 263
2152 264
2152 265
2152 266
2152 267
2152 268
2152 269
2152 270
2152 271
2152 272
2152 273
2152 274
2152 275
2153 254
2153 255
2153 256
2153 257
2153 258
2153 259
2153 260
2153 261
2153 262
2153 263
2153 264
2153 265
2153 266
2153 267
2153 268
2154 247
2154 248
2154 249
2154 250
2154 251
2154 252
2154 253
2154 254
2154 255
2154 256
2154 257
2154 258
2154 259
2154 260
2155 240
2155 241
2155 242
2155 243
2155 244
2155 245
2155 246
2155 247
2155 248
2155 249
2155 250
2155 251
2155 252
2156 233
2156 234
2156 235
2156 236
2156 237
2156 238
2156 239
2156 240
2156 241
2156 242
2156 243
2156 244
2157 226
2157 227
2157 228
2157 229
2157 230
2157 231
2157 232
2157 233
2157 234
2157 235
2157 293
2157 294
2157 295
2157 296
2157 297
2157 298
2157 299
2158 222
2158 223
2158 224
2158 225
2158 284
2158 285
2158 286
2158 287
2158 288
2158 289
2158 290
2158 291
2158 292
2158 293
2158 294
2159 276
2159 277
2159 278
2159 279
2159 280
2159 281
2159 282
2159 283
2159 284
2159 285
2159 286
2159 287
2160 268
2160 269
2160 270
2160 271
2160 272
2160 273
2160 274
2160 275
2160 276
2160 277
2160 278
2160 279
2160 280
2161 260
2161 261
2161 262
2161 263
2161 264
2161 265
2161 266
2161 267
2161 268
2161 269
2161 270
2161 271
2161 272
2161 273
2162 252
2162 253
2162 254
2162 255
2162 256
2162 257
2162 258
2162 259
2162 260
2162 261
2162 262
2162 263
2162 264
2162 265
2162 266
2163 245
2163 246
2163 247
2163 248
2163 249
2163 250
2163 251
2163 252
2163 253
2163 254
2163 255
2163 256
2163 257
2163 258
2164 238
2164 239
2164 240
2164 241
2164 242
2164 243
2164 244
2164 245
2164 246
2164 247
2164 248
2164 249
2164 250
2165 231
2165 232
2165 233
2165 234
2165 235
2165 236
2165 237
2165 238
2165 239
2165 240
2165 241
2165 242
2166 225
2166 226
2166 227
2166 228
2166 229
2166 230
2166 231
2166 232
2166 233
2166 291
2166 292
2166 293
2166 294
2166 295
2166 296
2166 297
2166 298
2167 222
2167 282
2167 283
2167 284
2167 285
2167 286
2167 287
2167 288
2167 289
2167 290
2167 291
2167 292
2168 274
2168 275
2168 276
2168 277
2168 278
2168 279
2168 280
2168 281
2168 282
2168 283
2168 284
2168 285
2168 286
2169 266
2169 267
2169 268
2169 269
2169 270
2169 271
2169 272
2169 273
2169 274
2169 275
2169 276
2169 277
2169 278
2169 279
2170 258
2170 259
2170 260
2170 261
2170 262
2170 263
2170 264
2170 265
2170 266
2170 267
2170 268
2170 269
2170 270
2170 271
2170 272
2171 251
2171 252
2171 253
2171 254
2171 255
2171 256
2171 257
2171 258
2171 259
2171 260
2171 261
2171 262
2171 263
2171 264
2172 243
2172 244
2172 245
2172 246
2172 247
2172 248
2172 249
2172 250
2172 251
2172 252
2172 253
2172 254
2172 255
2172 256
2173 236
2173 237
2173 238
2173 239
2173 240
2173 241
2173 242
2173 243
2173 244
2173 245
2173 246
2173 247
2173 248
2174 230
2174 231
2174 232
2174 233
2174 234
2174 235
2174 236
2174 237
2174 238
2174 239
2174 240
2175 224
2175 225
2175 226
2175 227
2175 228
2175 229
2175 230
2175 231
2175 289
2175 290
2175 291
2175 292
2175 293
2175 294
2175 295
2175 296
2175 297
2176 280
2176 281
2176 282
2176 283
2176 284
2176 285
2176 286
2176 287
2176 288
2176 289
2176 290
2176 291
2177 272
2177 273
2177 274
2177 275
2177 276
2177 277
2177 278
2177 279
2177 280
2177 281
2177 282
2177 283
2177 284
2178 264
2178 265
2178 266
2178 267
2178 268
2178 269
2178 270
2178 271
2178 272
2178 273
2178 274
2178 275
2178 276
2178 277
2179 256
2179 257
2179 258
2179 259
2179 260
2179 261
2179 262
2179 263
2179 264
2179 265
2179 266
2179 267
2179 268
2179 269
2179 270
2180 249
2180 250
2180 251
2180 252
2180 253
2180 254
2180 255
2180 256
2180 257
2180 258
2180 259
2180 260
2180 261
2180 262
2181 242
2181 243
2181 244
2181 245
2181 246
2181 247
2181 248
2181 249
2181 250
2181 251
2181 252
2181 253
2181 254
2181 255
2182 235
2182 236
2182 237
2182 238
2182 239
2182 240
2182 241
2182 242
2182 243
2182 244
2182 245
2182 246
2183 228
2183 229
2183 230
2183 231
2183 232
2183 233
2183 234
2183 235
2183 236
2183 237
2183 238
2183 297
2183 298
2183 299
2183 300
2184 222
2184 223
2184 224
2184 225
2184 226
2184 227
2184 228
2184 229
2184 287
2184 288
2184 289
2184 290
2184 291
2184 292
2184 293
2184 294
2184 295
2185 278
2185 279
2185 280
2185 281
2185 282
2185 283
2185 284
2185 285
2185 286
2185 287
2185 288
2185 289
2186 270
2186 271
2186 272
2186 273
2186 274
2186 275
2186 276
2186 277
2186 278
2186 279
2186 280
2186 281
2186 282
2187 262
2187 263
2187 264
2187 265
2187 266
2187 267
2187 268
2187 269
2187 270
2187 271
2187 272
2187 273
2187 274
2187 275
2188 254
2188 255
2188 256
2188 257
2188 258
2188 259
2188 260
2188 261
2188 262
2188 263
2188 264
2188 265
2188 266
2188 267
2188 268
2189 247
2189 248
2189 249
2189 250
2189 251
2189 252
2189 253
2189 254
2189 255
2189 256
2189 257
2189 258
2189 259
2189 260
2190 240
2190 241
2190 242
2190 243
2190 244
2190 245
2190 246
2190 247
2190 248
2190 249
2190 250
2190 251
2190 252
2190 253
2191 233
2191 234
2191 235
2191 236
2191 237
2191 238
2191 239
2191 240
2191 241
2191 242
2191 243
2191 244
2192 227
2192 228
2192 229
2192 230
2192 231
2192 232
2192 233
2192 234
2192 235
2192 236
2192 294
2192 295
2192 296
2192 297
2192 298
2192 299
2193 221
2193 222
2193 223
2193 224
2193 225
2193 226
2193 285
2193 286
2193 287
2193 288
2193 289
2193 290
2193 291
2193 292
2193 293
2193 294
2194 276
2194 277
2194 278
2194 279
2194 280
2194 281
2194 282
2194 283
2194 284
2194 285
2194 286
2194 287
2194 288
2195 268
2195 269
2195 270
2195 271
2195 272
2195 273
2195 274
2195 275
2195 276
2195 277
2195 278
2195 279
2195 280
2195 281
2196 260
2196 261
2196 262
2196 263
2196 264
2196 265
2196 266
2196 267
2196 268
2196 269
2196 270
2196 271
2196 272
2196 273
2196 274
2197 253
2197 254
2197 255
2197 256
2197 257
2197 258
2197 259
2197 260
2197 261
2197 262
2197 263
2197 264
2197 265
2197 266
2198 245
2198 246
2198 247
2198 248
2198 249
2198 250
2198 251
2198 252
2198 253
2198 254
2198 255
2198 256
2198 257
2198 258
2198 259
2199 238
2199 239
2199 240
2199 241
2199 242
2199 243
2199 244
2199 245
2199 246
2199 247
2199 248
2199 249
2199 250
2199 251
2200 231
2200 232
2200 233
2200 234
2200 235
2200 236
2200 237
2200 238
2200 239
2200 240
2200 241
2200 242
2201 225
2201 226
2201 227
2201 228
2201 229
2201 230
2201 231
2201 232
2201 233
2201 234
2201 292
2201 293
2201 294
2201 295
2201 296
2201 297
2201 298
2202 221
2202 222
2202 223
2202 282
2202 283
2202 284
2202 285
2202 286
2202 287
2202 288
2202 289
2202 290
2202 291
2202 292
2203 274
2203 275
2203 276
2203 277
2203 278
2203 279
2203 280
2203 281
2203 282
2203 283
2203 284
2203 285
2203 286
2204 266
2204 267
2204 268
2204 269
2204 270
2204 271
2204 272
2204 273
2204 274
2204 275
2204 276
2204 277
2204 278
2204 279
2205 258
2205 259
2205 260
2205 261
2205 262
2205 263
2205 264
2205 265
2205 266
2205 267
2205 268
2205 269
2205 270
2205 271
2205 272
2206 251
2206 252
2206 253
2206 254
2206 255
2206 256
2206 257
2206 258
2206 259
2206 260
2206 261
2206 262
2206 263
2206 264
2207 244
2207 245
2207 246
2207 247
2207 248
2207 249
2207 250
2207 251
2207 252
2207 253
2207 254
2207 255
2207 256
2207 257
2208 236
2208 237
2208 238
2208 239
2208 240
2208 241
2208 242
2208 243
2208 244
2208 245
2208 246
2208 247
2208 248
2208 249
2209 230
2209 231
2209 232
2209 233
2209 234
2209 235
2209 236
2209 237
2209 238
2209 239
2209 240
2210 224
2210 225
2210 226
2210 227
2210 228
2210 229
2210 230
2210 231
2210 289
2210 290
2210 291
2210 292
2210 293
2210 294
2210 295
2210 296
2210 297
2211 280
2211 281
2211 282
2211 283
2211 284
2211 285
2211 286
2211 287
2211 288
2211 289
2211 290
2211 291
2212 272
2212 273
2212 274
2212 275
2212 276
2212 277
2212 278
2212 279
2212 280
2212 281
2212 282
2212 283
2212 284
2213 264
2213 265
2213 266
2213 267
2213 268
2213 269
2213 270
2213 271
2213 272
2213 273
2213 274
2213 275
2213 276
2213 277
2214 257
2214 258
2214 259
2214 260
2214 261
2214 262
2214 263
2214 264
2214 265
2214 266
2214 267
2214 268
2214 269
2214 270
2215 249
2215 250
2215 251
2215 252
2215 253
2215 254
2215 255
2215 256
2215 257
2215 258
2215 259
2215 260
2215 261
2215 262
2215 263
2216 242
2216 243
2216 244
2216 245
2216 246
2216 247
2216 248
2216 249
2216 250
2216 251
2216 252
2216 253
2216 254
2216 255
2217 235
2217 236
2217 237
2217 238
2217 239
2217 240
2217 241
2217 242
2217 243
2217 244
2217 245
2217 246
2217 247
2218 228
2218 229
2218 230
2218 231
2218 232
2218 233
2218 234
2218 235
2218 236
2218 237
2218 238
2218 298
2218 299
2219 223
2219 224
2219 225
2219 226
2219 227
2219 228
2219 229
2219 287
2219 288
2219 289
2219 290
2219 291
2219 292
2219 293
2219 294
2219 295
2220 278
2220 279
2220 280
2220 281
2220 282
2220 283
2220 284
2220 285
2220 286
2220 287
2220 288
2220 289
2221 270
2221 271
2221 272
2221 273
2221 274
2221 275
2221 276
2221 277
2221 278
2221 279
2221 280
2221 281
2221 282
2221 283
2222 262
2222 263
2222 264
2222 265
2222 266
2222 267
2222 268
2222 269
2222 270
2222 271
2222 272
2222 273
2222 274
2222 275
2222 276
2223 255
2223 256
2223 257
2223 258
2223 259
2223 260
2223 261
2223 262
2223 263
2223 264
2223 265
2223 266
2223 267
2223 268
2224 247
2224 248
2224 249
2224 250
2224 251
2224 252
2224 253
2224 254
2224 255
2224 256
2224 257
2224 258
2224 259
2224 260
2224 261
2225 240
2225 241
2225 242
2225 243
2225 244
2225 245
2225 246
2225 247
2225 248
2225 249
2225 250
2225 251
2225 252
2225 253
2226 233
2226 234
2226 235
2226 236
2226 237
2226 238
2226 239
2226 240
2226 241
2226 242
2226 243
2226 244
2226 245
2227 227
2227 228
2227 229
2227 230
2227 231
2227 232
2227 233
2227 234
2227 235
2227 236
2227 295
2227 296
2227 297
2227 298
2227 299
2228 221
2228 222
2228 223
2228 224
2228 225
2228 226
2228 227
2228 285
2228 286
2228 287
2228 288
2228 289
2228 290
2228 291
2228 292
2228 293
2228 294
2229 277
2229 278
2229 279
2229 280
2229 281
2229 282
2229 283
2229 284
2229 285
2229 286
2229 287
2229 288
2230 268
2230 269
2230 270
2230 271
2230 272
2230 273
2230 274
2230 275
2230 276
2230 277
2230 278
2230 279
2230 280
2230 281
2231 261
2231 262
2231 263
2231 264
2231 265
2231 266
2231 267
2231 268
2231 269
2231 270
2231 271
2231 272
2231 273
2231 274
2232 253
2232 254
2232 255
2232 256
2232 257
2232 258
2232 259
2232 260
2232 261
2232 262
2232 263
2232 264
2232 265
2232 266
2233 246
2233 247
2233 248
2233 249
2233 250
2233 251
2233 252
2233 253
2233 254
2233 255
2233 256
2233 257
2233 258
2233 259
2234 238
2234 239
2234 240
2234 241
2234 242
2234 243
2234 244
2234 245
2234 246
2234 247
2234 248
2234 249
2234 250
2234 251
2235 232
2235 233
2235 234
2235 235
2235 236
2235 237
2235 238
2235 239
2235 240
2235 241
2235 242
2235 243
2236 225
2236 226
2236 227
2236 228
2236 229
2236 230
2236 231
2236 232
2236 233
2236 234
2236 293
2236 294
2236 295
2236 296
2236 297
2236 298
2237 221
2237 222
2237 223
2237 224
2237 283
2237 284
2237 285
2237 286
2237 287
2237 288
2237 289
2237 290
2237 291
2237 292
2238 275
2238 276
2238 277
2238 278
2238 279
2238 280
2238 281
2238 282
2238 283
2238 284
2238 285
2238 286
2239 267
2239 268
2239 269
2239 270
2239 271
2239 272
2239 273
2239 274
2239 275
2239 276
2239 277
2239 278
2239 279
2240 259
2240 260
2240 261
2240 262
2240 263
2240 264
2240 265
2240 266
2240 267
2240 268
2240 269
2240 270
2240 271
2240 272
2241 251
2241 252
2241 253
2241 254
2241 255
2241 256
2241 257
2241 258
2241 259
2241 260
2241 261
2241 262
2241 263
2241 264
2241 265
2242 244
2242 245
2242 246
2242 247
2242 248
2242 249
2242 250
2242 251
2242 252
2242 253
2242 254
2242 255
2242 256
2242 257
2243 237
2243 238
2243 239
2243 240
2243 241
2243 242
2243 243
2243 244
2243 245
2243 246
2243 247
2243 248
2243 249
2244 230
2244 231
2244 232
2244 233
2244 234
2244 235
2244 236
2244 237
2244 238
2244 239
2244 240
2244 241
2245 224
2245 225
2245 226
2245 227
2245 228
2245 229
2245 230
2245 231
2245 232
2245 290
2245 291
2245 292
2245 293
2245 294
2245 295
2245 296
2246 281
2246 282
2246 283
2246 284
2246 285
2246 286
2246 287
2246 288
2246 289
2246 290
2246 291
2247 273
2247 274
2247 275
2247 276
2247 277
2247 278
2247 279
2247 280
2247 281
2247 282
2247 283
2247 284
2248 265
2248 266
2248 267
2248 268
2248 269
2248 270
2248 271
2248 272
2248 273
2248 274
2248 275
2248 276
2248 277
2249 257
2249 258
2249 259
2249 260
2249 261
2249 262
2249 263
2249 264
2249 265
2249 266
2249 267
2249 268
2249 269
2249 270
2250 249
2250 250
2250 251
2250 252
2250 253
2250 254
2250 255
2250 256
2250 257
2250 258
2250 259
2250 260
2250 261
2250 262
2250 263
2251 242
2251 243
2251 244
2251 245
2251 246
2251 247
2251 248
2251 249
2251 250
2251 251
2251 252
2251 253
2251 254
2251 255
2252 235
2252 236
2252 237
2252 238
2252 239
2252 240
2252 241
2252 242
2252 243
2252 244
2252 245
2252 246
2252 247
2253 228
2253 229
2253 230
2253 231
2253 232
2253 233
2253 234
2253 235
2253 236
2253 237
2253 238
2253 239
2254 223
2254 224
2254 225
2254 226
2254 227
2254 228
2254 229
2254 230
2254 288
2254 289
2254 290
2254 291
2254 292
2254 293
2254 294
2254 295
2255 279
2255 280
2255 281
2255 282
2255 283
2255 284
2255 285
2255 286
2255 287
2255 288
2255 289
2256 271
2256 272
2256 273
2256 274
2256 275
2256 276
2256 277
2256 278
2256 279
2256 280
2256 281
2256 282
2256 283
2257 263
2257 264
2257 265
2257 266
2257 267
2257 268
2257 269
2257 270
2257 271
2257 272
2257 273
2257 274
2257 275
2257 276
2258 255
2258 256
2258 257
2258 258
2258 259
2258 260
2258 261
2258 262
2258 263
2258 264
2258 265
2258 266
2258 267
2258 268
2259 248
2259 249
2259 250
2259 251
2259 252
2259 253
2259 254
2259 255
2259 256
2259 257
2259 258
2259 259
2259 260
2259 261
2260 240
2260 241
2260 242
2260 243
2260 244
2260 245
2260 246
2260 247
2260 248
2260 249
2260 250
2260 251
2260 252
2260 253
2261 233
2261 234
2261 235
2261 236
2261 237
2261 238
2261 239
2261 240
2261 241
2261 242
2261 243
2261 244
2261 245
2262 227
2262 228
2262 229
2262 230
2262 231
2262 232
2262 233
2262 234
2262 235
2262 236
2262 237
2262 297
2263 221
2263 222
2263 223
2263 224
2263 225
2263 226
2263 227
2263 286
2263 287
2263 288
2263 289
2263 290
2263 291
2263 292
2263 293
2263 294
2264 277
2264 278
2264 279
2264 280
2264 281
2264 282
2264 283
2264 284
2264 285
2264 286
2264 287
2264 288
2265 269
2265 270
2265 271
2265 272
2265 273
2265 274
2265 275
2265 276
2265 277
2265 278
2265 279
2265 280
2265 281
2266 261
2266 262
2266 263
2266 264
2266 265
2266 266
2266 267
2266 268
2266 269
2266 270
2266 271
2266 272
2266 273
2266 274
2267 253
2267 254
2267 255
2267 256
2267 257
2267 258
2267 259
2267 260
2267 261
2267 262
2267 263
2267 264
2267 265
2267 266
2267 267
2268 246
2268 247
2268 248
2268 249
2268 250
2268 251
2268 252
2268 253
2268 254
2268 255
2268 256
2268 257
2268 258
2268 259
2269 239
2269 240
2269 241
2269 242
2269 243
2269 244
2269 245
2269 246
2269 247
2269 248
2269 249
2269 250
2269 251
2270 232
2270 233
2270 234
2270 235
2270 236
2270 237
2270 238
2270 239
2270 240
2270 241
2270 242
2270 243
2271 225
2271 226
2271 227
2271 228
2271 229
2271 230
2271 231
2271 232
2271 233
2271 234
2271 294
2271 295
2271 296
2271 297
2272 221
2272 222
2272 223
2272 224
2272 284
2272 285
2272 286
2272 287
2272 288
2272 289
2272 290
2272 291
2272 292
2273 275
2273 276
2273 277
2273 278
2273 279
2273 280
2273 281
2273 282
2273 283
2273 284
2273 285
2273 286
2274 267
2274 268
2274 269
2274 270
2274 271
2274 272
2274 273
2274 274
2274 275
2274 276
2274 277
2274 278
2274 279
2275 259
2275 260
2275 261
2275 262
2275 263
2275 264
2275 265
2275 266
2275 267
2275 268
2275 269
2275 270
2275 271
2275 272
2276 252
2276 253
2276 254
2276 255
2276 256
2276 257
2276 258
2276 259
2276 260
2276 261
2276 262
2276 263
2276 264
2276 265
2277 244
2277 245
2277 246
2277 247
2277 248
2277 249
2277 250
2277 251
2277 252
2277 253
2277 254
2277 255
2277 256
2277 257
2278 237
2278 238
2278 239
2278 240
2278 241
2278 242
2278 243
2278 244
2278 245
2278 246
2278 247
2278 248
2278 249
2279 230
2279 231
2279 232
2279 233
2279 234
2279 235
2279 236
2279 237
2279 238
2279 239
2279 240
2279 241
2280 224
2280 225
2280 226
2280 227
2280 228
2280 229
2280 230
2280 231
2280 232
2280 291
2280 292
2280 293
2280 294
2280 295
2280 296
2281 282
2281 283
2281 284
2281 285
2281 286
2281 287
2281 288
2281 289
2281 290
2281 291
2282 273
2282 274
2282 275
2282 276
2282 277
2282 278
2282 279
2282 280
2282 281
2282 282
2282 283
2282 284
2283 265
2283 266
2283 267
2283 268
2283 269
2283 270
2283 271
2283 272
2283 273
2283 274
2283 275
2283 276
2283 277
2283 278
2284 257
2284 258
2284 259
2284 260
2284 261
2284 262
2284 263
2284 264
2284 265
2284 266
2284 267
2284 268
2284 269
2284 270
2285 250
2285 251
2285 252
2285 253
2285 254
2285 255
2285 256
2285 257
2285 258
2285 259
2285 260
2285 261
2285 262
2285 263
2286 242
2286 243
2286 244
2286 245
2286 246
2286 247
2286 248
2286 249
2286 250
2286 251
2286 252
2286 253
2286 254
2286 255
2287 235
2287 236
2287 237
2287 238
2287 239
2287 240
2287 241
2287 242
2287 243
2287 244
2287 245
2287 246
2287 247
2288 229
2288 230
2288 231
2288 232
2288 233
2288 234
2288 235
2288 236
2288 237
2288 238
2288 239
2289 223
2289 224
2289 225
2289 226
2289 227
2289 228
2289 229
2289 230
2289 289
2289 290
2289 291
2289 292
2289 293
2289 294
2289 295
2290 280
2290 281
2290 282
2290 283
2290 284
2290 285
2290 286
2290 287
2290 288
2290 289
2291 271
2291 272
2291 273
2291 274
2291 275
2291 276
2291 277
2291 278
2291 279
2291 280
2291 281
2291 282
2291 283
2292 263
2292 264
2292 265
2292 266
2292 267
2292 268
2292 269
2292 270
2292 271
2292 272
2292 273
2292 274
2292 275
2292 276
2293 255
2293 256
2293 257
2293 258
2293 259
2293 260
2293 261
2293 262
2293 263
2293 264
2293 265
2293 266
2293 267
2293 268
2293 269
2294 248
2294 249
2294 250
2294 251
2294 252
2294 253
2294 254
2294 255
2294 256
2294 257
2294 258
2294 259
2294 260
2294 261
2295 241
2295 242
2295 243
2295 244
2295 245
2295 246
2295 247
2295 248
2295 249
2295 250
2295 251
2295 252
2295 253
2296 234
2296 235
2296 236
2296 237
2296 238
2296 239
2296 240
2296 241
2296 242
2296 243
2296 244
2296 245
2297 227
2297 228
2297 229
2297 230
2297 231
2297 232
2297 233
2297 234
2297 235
2297 236
2297 237
2298 222
2298 223
2298 224
2298 225
2298 226
2298 227
2298 286
2298 287
2298 288
2298 289
2298 290
2298 291
2298 292
2298 293
2299 278
2299 279
2299 280
2299 281
2299 282
2299 283
2299 284
2299 285
2299 286
2299 287
2299 288
2300 269
2300 270
2300 271
2300 272
2300 273
2300 274
2300 275
2300 276
2300 277
2300 278
2300 279
2300 280
2300 281
2301 261
2301 262
2301 263
2301 264
2301 265
2301 266
2301 267
2301 268
2301 269
2301 270
2301 271
2301 272
2301 273
2301 274
2302 254
2302 255
2302 256
2302 257
2302 258
2302 259
2302 260
2302 261
2302 262
2302 263
2302 264
2302 265
2302 266
2302 267
2303 246
2303 247
2303 248
2303 249
2303 250
2303 251
2303 252
2303 253
2303 254
2303 255
2303 256
2303 257
2303 258
2303 259
2304 239
2304 240
2304 241
2304 242
2304 243
2304 244
2304 245
2304 246
2304 247
2304 248
2304 249
2304 250
2304 251
2305 232
2305 233
2305 234
2305 235
2305 236
2305 237
2305 238
2305 239
2305 240
2305 241
2305 242
2305 243
2306 226
2306 227
2306 228
2306 229
2306 230
2306 231
2306 232
2306 233
2306 234
2306 235
2307 221
2307 222
2307 223
2307 224
2307 225
2307 284
2307 285
2307 286
2307 287
2307 288
2307 289
2307 290
2307 291
2307 292
2308 276
2308 277
2308 278
2308 279
2308 280
2308 281
2308 282
2308 283
2308 284
2308 285
2308 286
2309 267
2309 268
2309 269
2309 270
2309 271
2309 272
2309 273
2309 274
2309 275
2309 276
2309 277
2309 278
2309 279
2310 260
2310 261
2310 262
2310 263
2310 264
2310 265
2310 266
2310 267
2310 268
2310 269
2310 270
2310 271
2310 272
2311 252
2311 253
2311 254
2311 255
2311 256
2311 257
2311 258
2311 259
2311 260
2311 261
2311 262
2311 263
2311 264
2311 265
2312 244
2312 245
2312 246
2312 247
2312 248
2312 249
2312 250
2312 251
2312 252
2312 253
2312 254
2312 255
2312 256
2312 257
2313 237
2313 238
2313 239
2313 240
2313 241
2313 242
2313 243
2313 244
2313 245
2313 246
2313 247
2313 248
2313 249
2314 231
2314 232
2314 233
2314 234
2314 235
2314 236
2314 237
2314 238
2314 239
2314 240
2314 241
2315 224
2315 225
2315 226
2315 227
2315 228
2315 229
2315 230
2315 231
2315 232
2315 292
2315 293
2315 294
2315 295
2316 221
2316 282
2316 283
2316 284
2316 285
2316 286
2316 287
2316 288
2316 289
2316 290
2316 291
2317 274
2317 275
2317 276
2317 277
2317 278
2317 279
2317 280
2317 281
2317 282
2317 283
2317 284
2318 266
2318 267
2318 268
2318 269
2318 270
2318 271
2318 272
2318 273
2318 274
2318 275
2318 276
2318 277
2318 278
2319 258
2319 259
2319 260
2319 261
2319 262
2319 263
2319 264
2319 265
2319 266
2319 267
2319 268
2319 269
2319 270
2319 271
2320 250
2320 251
2320 252
2320 253
2320 254
2320 255
2320 256
2320 257
2320 258
2320 259
2320 260
2320 261
2320 262
2320 263
2321 243
2321 244
2321 245
2321 246
2321 247
2321 248
2321 249
2321 250
2321 251
2321 252
2321 253
2321 254
2321 255
2322 236
2322 237
2322 238
2322 239
2322 240
2322 241
2322 242
2322 243
2322 244
2322 245
2322 246
2322 247
2323 229
2323 230
2323 231
2323 232
2323 233
2323 234
2323 235
2323 236
2323 237
2323 238
2323 239
2324 223
2324 224
2324 225
2324 226
2324 227
2324 228
2324 229
2324 230
2324 290
2324 291
2324 292
2324 293
2324 294
2325 280
2325 281
2325 282
2325 283
2325 284
2325 285
2325 286
2325 287
2325 288
2325 289
2326 272
2326 273
2326 274
2326 275
2326 276
2326 277
2326 278
2326 279
2326 280
2326 281
2326 282
2326 283
2327 264
2327 265
2327 266
2327 267
2327 268
2327 269
2327 270
2327 271
2327 272
2327 273
2327 274
2327 275
2327 276
2328 256
2328 257
2328 258
2328 259
2328 260
2328 261
2328 262
2328 263
2328 264
2328 265
2328 266
2328 267
2328 268
2328 269
2329 248
2329 249
2329 250
2329 251
2329 252
2329 253
2329 254
2329 255
2329 256
2329 257
2329 258
2329 259
2329 260
2329 261
2330 241
2330 242
2330 243
2330 244
2330 245
2330 246
2330 247
2330 248
2330 249
2330 250
2330 251
2330 252
2330 253
2331 234
2331 235
2331 236
2331 237
2331 238
2331 239
2331 240
2331 241
2331 242
2331 243
2331 244
2331 245
2332 227
2332 228
2332 229
2332 230
2332 231
2332 232
2332 233
2332 234
2332 235
2332 236
2332 237
2333 222
2333 223
2333 224
2333 225
2333 226
2333 227
2333 287
2333 288
2333 289
2333 290
2333 291
2333 292
2333 293
2334 278
2334 279
2334 280
2334 281
2334 282
2334 283
2334 284
2334 285
2334 286
2334 287
2335 270
2335 271
2335 272
2335 273
2335 274
2335 275
2335 276
2335 277
2335 278
2335 279
2335 280
2335 281
2336 262
2336 263
2336 264
2336 265
2336 266
2336 267
2336 268
2336 269
2336 270
2336 271
2336 272
2336 273
2336 274
2337 254
2337 255
2337 256
2337 257
2337 258
2337 259
2337 260
2337 261
2337 262
2337 263
2337 264
2337 265
2337 266
2337 267
2338 247
2338 248
2338 249
2338 250
2338 251
2338 252
2338 253
2338 254
2338 255
2338 256
2338 257
2338 258
2338 259
2339 239
2339 240
2339 241
2339 242
2339 243
2339 244
2339 245
2339 246
2339 247
2339 248
2339 249
2339 250
2339 251
2339 252
2340 232
2340 233
2340 234
2340 235
2340 236
2340 237
2340 238
2340 239
2340 240
2340 241
2340 242
2340 243
2341 226
2341 227
2341 228
2341 229
2341 230
2341 231
2341 232
2341 233
2341 234
2341 235
2342 221
2342 222
2342 223
2342 224
2342 225
2342 285
2342 286
2342 287
2342 288
2342 289
2342 290
2342 291
2342 292
2343 276
2343 277
2343 278
2343 279
2343 280
2343 281
2343 282
2343 283
2343 284
2343 285
2343 286
2344 268
2344 269
2344 270
2344 271
2344 272
2344 273
2344 274
2344 275
2344 276
2344 277
2344 278
2344 279
2345 260
2345 261
2345 262
2345 263
2345 264
2345 265
2345 266
2345 267
2345 268
2345 269
2345 270
2345 271
2345 272
2346 252
2346 253
2346 254
2346 255
2346 256
2346 257
2346 258
2346 259
2346 260
2346 261
2346 262
2346 263
2346 264
2346 265
2347 245
2347 246
2347 247
2347 248
2347 249
2347 250
2347 251
2347 252
2347 253
2347 254
2347 255
2347 256
2347 257
2348 238
2348 239
2348 240
2348 241
2348 242
2348 243
2348 244
2348 245
2348 246
2348 247
2348 248
2348 249
2348 250
2349 231
2349 232
2349 233
2349 234
2349 235
2349 236
2349 237
2349 238
2349 239
2349 240
2349 241
2350 225
2350 226
2350 227
2350 228
2350 229
2350 230
2350 231
2350 232
2351 283
2351 284
2351 285
2351 286
2351 287
2351 288
2351 289
2351 290
2352 274
2352 275
2352 276
2352 277
2352 278
2352 279
2352 280
2352 281
2352 282
2352 283
2352 284
2353 266
2353 267
2353 268
2353 269
2353 270
2353 271
2353 272
2353 273
2353 274
2353 275
2353 276
2353 277
2353 278
2354 258
2354 259
2354 260
2354 261
2354 262
2354 263
2354 264
2354 265
2354 266
2354 267
2354 268
2354 269
2354 270
2354 271
2355 251
2355 252
2355 253
2355 254
2355 255
2355 256
2355 257
2355 258
2355 259
2355 260
2355 261
2355 262
2355 263
2356 243
2356 244
2356 245
2356 246
2356 247
2356 248
2356 249
2356 250
2356 251
2356 252
2356 253
2356 254
2356 255
2357 236
2357 237
2357 238
2357 239
2357 240
2357 241
2357 242
2357 243
2357 244
2357 245
2357 246
2357 247
2357 248
2358 229
2358 230
2358 231
2358 232
2358 233
2358 234
2358 235
2358 236
2358 237
2358 238
2358 239
2359 223
2359 224
2359 225
2359 226
2359 227
2359 228
2359 229
2359 230
2359 291
2359 292
2359 293
2360 281
2360 282
2360 283
2360 284
2360 285
2360 286
2360 287
2360 288
2360 289
2361 272
2361 273
2361 274
2361 275
2361 276
2361 277
2361 278
2361 279
2361 280
2361 281
2361 282
2361 283
2362 264
2362 265
2362 266
2362 267
2362 268
2362 269
2362 270
2362 271
2362 272
2362 273
2362 274
2362 275
2362 276
2363 256
2363 257
2363 258
2363 259
2363 260
2363 261
2363 262
2363 263
2363 264
2363 265
2363 266
2363 267
2363 268
2363 269
2364 249
2364 250
2364 251
2364 252
2364 253
2364 254
2364 255
2364 256
2364 257
2364 258
2364 259
2364 260
2364 261
2365 241
2365 242
2365 243
2365 244
2365 245
2365 246
2365 247
2365 248
2365 249
2365 250
2365 251
2365 252
2365 253
2365 254
2366 234
2366 235
2366 236
2366 237
2366 238
2366 239
2366 240
2366 241
2366 242
2366 243
2366 244
2366 245
2367 228
2367 229
2367 230
2367 231
2367 232
2367 233
2367 234
2367 235
2367 236
2367 237
2368 222
2368 223
2368 224
2368 225
2368 226
2368 227
2368 289
2368 290
2368 291
2368 292
2369 279
2369 280
2369 281
2369 282
2369 283
2369 284
2369 285
2369 286
2369 287
2370 270
2370 271
2370 272
2370 273
2370 274
2370 275
2370 276
2370 277
2370 278
2370 279
2370 280
2370 281
2371 262
2371 263
2371 264
2371 265
2371 266
2371 267
2371 268
2371 269
2371 270
2371 271
2371 272
2371 273
2371 274
2372 255
2372 256
2372 257
2372 258
2372 259
2372 260
2372 261
2372 262
2372 263
2372 264
2372 265
2372 266
2372 267
2373 247
2373 248
2373 249
2373 250
2373 251
2373 252
2373 253
2373 254
2373 255
2373 256
2373 257
2373 258
2373 259
2374 240
2374 241
2374 242
2374 243
2374 244
2374 245
2374 246
2374 247
2374 248
2374 249
2374 250
2374 251
2374 252
2375 233
2375 234
2375 235
2375 236
2375 237
2375 238
2375 239
2375 240
2375 241
2375 242
2375 243
2376 226
2376 227
2376 228
2376 229
2376 230
2376 231
2376 232
2376 233
2376 234
2376 235
2377 221
2377 222
2377 223
2377 224
2377 286
2377 287
2377 288
2377 289
2377 290
2377 291
2378 277
2378 278
2378 279
2378 280
2378 281
2378 282
2378 283
2378 284
2378 285
2378 286
2379 268
2379 269
2379 270
2379 271
2379 272
2379 273
2379 274
2379 275
2379 276
2379 277
2379 278
2379 279
2380 260
2380 261
2380 262
2380 263
2380 264
2380 265
2380 266
2380 267
2380 268
2380 269
2380 270
2380 271
2380 272
2381 253
2381 254
2381 255
2381 256
2381 257
2381 258
2381 259
2381 260
2381 261
2381 262
2381 263
2381 264
2381 265
2382 245
2382 246
2382 247
2382 248
2382 249
2382 250
2382 251
2382 252
2382 253
2382 254
2382 255
2382 256
2382 257
2383 238
2383 239
2383 240
2383 241
2383 242
2383 243
2383 244
2383 245
2383 246
2383 247
2383 248
2383 249
2383 250
2384 231
2384 232
2384 233
2384 234
2384 235
2384 236
2384 237
2384 238
2384 239
2384 240
2384 241
2385 225
2385 226
2385 227
2385 228
2385 229
2385 230
2385 231
2385 232
2386 284
2386 285
2386 286
2386 287
2386 288
2386 289
2386 290
2387 275
2387 276
2387 277
2387 278
2387 279
2387 280
2387 281
2387 282
2387 283
2387 284
2388 267
2388 268
2388 269
2388 270
2388 271
2388 272
2388 273
2388 274
2388 275
2388 276
2388 277
2389 259
2389 260
2389 261
2389 262
2389 263
2389 264
2389 265
2389 266
2389 267
2389 268
2389 269
2389 270
2390 251
2390 252
2390 253
2390 254
2390 255
2390 256
2390 257
2390 258
2390 259
2390 260
2390 261
2390 262
2390 263
2391 244
2391 245
2391 246
2391 247
2391 248
2391 249
2391 250
2391 251
2391 252
2391 253
2391 254
2391 255
2392 236
2392 237
2392 238
2392 239
2392 240
2392 241
2392 242
2392 243
2392 244
2392 245
2392 246
2392 247
2392 248
2393 230
2393 231
2393 232
2393 233
2393 234
2393 235
2393 236
2393 237
2393 238
2393 239
2394 224
2394 225
2394 226
2394 227
2394 228
2394 229
2394 230
2395 282
2395 283
2395 284
2395 285
2395 286
2395 287
2395 288
2396 273
2396 274
2396 275
2396 276
2396 277
2396 278
2396 279
2396 280
2396 281
2396 282
2397 265
2397 266
2397 267
2397 268
2397 269
2397 270
2397 271
2397 272
2397 273
2397 274
2397 275
2397 276
2398 257
2398 258
2398 259
2398 260
2398 261
2398 262
2398 263
2398 264
2398 265
2398 266
2398 267
2398 268
2398 269
2399 249
2399 250
2399 251
2399 252
2399 253
2399 254
2399 255
2399 256
2399 257
2399 258
2399 259
2399 260
2399 261
2400 242
2400 243
2400 244
2400 245
2400 246
2400 247
2400 248
2400 249
2400 250
2400 251
2400 252
2400 253
2401 235
2401 236
2401 237
2401 238
2401 239
2401 240
2401 241
2401 242
2401 243
2401 244
2401 245
2402 228
2402 229
2402 230
2402 231
2402 232
2402 233
2402 234
2402 235
2402 236
2402 237
2403 223
2403 224
2403 225
2403 226
2403 227
2404 280
2404 281
2404 282
2404 283
2404 284
2404 285
2404 286
2404 287
2405 271
2405 272
2405 273
2405 274
2405 275
2405 276
2405 277
2405 278
2405 279
2405 280
2405 281
2406 263
2406 264
2406 265
2406 266
2406 267
2406 268
2406 269
2406 270
2406 271
2406 272
2406 273
2406 274
2407 255
2407 256
2407 257
2407 258
2407 259
2407 260
2407 261
2407 262
2407 263
2407 264
2407 265
2407 266
2407 267
2408 247
2408 248
2408 249
2408 250
2408 251
2408 252
2408 253
2408 254
2408 255
2408 256
2408 257
2408 258
2408 259
2409 240
2409 241
2409 242
2409 243
2409 244
2409 245
2409 246
2409 247
2409 248
2409 249
2409 250
2409 251
2410 233
2410 234
2410 235
2410 236
2410 237
2410 238
2410 239
2410 240
2410 241
2410 242
2410 243
2411 227
2411 228
2411 229
2411 230
2411 231
2411 232
2411 233
2411 234
2411 235
2412 222
2412 223
2412 224
2412 288
2412 289
2412 290
2413 278
2413 279
2413 280
2413 281
2413 282
2413 283
2413 284
2413 285
2414 269
2414 270
2414 271
2414 272
2414 273
2414 274
2414 275
2414 276
2414 277
2414 278
2414 279
2415 261
2415 262
2415 263
2415 264
2415 265
2415 266
2415 267
2415 268
2415 269
2415 270
2415 271
2415 272
2416 253
2416 254
2416 255
2416 256
2416 257
2416 258
2416 259
2416 260
2416 261
2416 262
2416 263
2416 264
2416 265
2417 246
2417 247
2417 248
2417 249
2417 250
2417 251
2417 252
2417 253
2417 254
2417 255
2417 256
2417 257
2418 238
2418 239
2418 240
2418 241
2418 242
2418 243
2418 244
2418 245
2418 246
2418 247
2418 248
2418 249
2419 232
2419 233
2419 234
2419 235
2419 236
2419 237
2419 238
2419 239
2419 240
2419 241
2420 225
2420 226
2420 227
2420 228
2420 229
2420 230
2420 231
2420 232
2421 285
2421 286
2421 287
2421 288
2421 289
2422 276
2422 277
2422 278
2422 279
2422 280
2422 281
2422 282
2422 283
2422 284
2423 267
2423 268
2423 269
2423 270
2423 271
2423 272
2423 273
2423 274
2423 275
2423 276
2423 277
2424 259
2424 260
2424 261
2424 262
2424 263
2424 264
2424 265
2424 266
2424 267
2424 268
2424 269
2424 270
2425 251
2425 252
2425 253
2425 254
2425 255
2425 256
2425 257
2425 258
2425 259
2425 260
2425 261
2425 262
2425 263
2426 244
2426 245
2426 246
2426 247
2426 248
2426 249
2426 250
2426 251
2426 252
2426 253
2426 254
2426 255
2427 237
2427 238
2427 239
2427 240
2427 241
2427 242
2427 243
2427 244
2427 245
2427 246
2427 247
2428 230
2428 231
2428 232
2428 233
2428 234
2428 235
2428 236
2428 237
2428 238
2428 239
2429 224
2429 225
2429 226
2429 227
2429 228
2429 229
2429 230
2430 283
2430 284
2430 285
2430 286
2430 287
2431 274
2431 275
2431 276
2431 277
2431 278
2431 279
2431 280
2431 281
2431 282
2432 265
2432 266
2432 267
2432 268
2432 269
2432 270
2432 271
2432 272
2432 273
2432 274
2432 275
2433 257
2433 258
2433 259
2433 260
2433 261
2433 262
2433 263
2433 264
2433 265
2433 266
2433 267
2433 268
2434 250
2434 251
2434 252
2434 253
2434 254
2434 255
2434 256
2434 257
2434 258
2434 259
2434 260
2434 261
2435 242
2435 243
2435 244
2435 245
2435 246
2435 247
2435 248
2435 249
2435 250
2435 251
2435 252
2435 253
2436 235
2436 236
2436 237
2436 238
2436 239
2436 240
2436 241
2436 242
2436 243
2436 244
2436 245
2437 229
2437 230
2437 231
2437 232
2437 233
2437 234
2437 235
2437 236
2437 237
2438 223
2438 224
2438 225
2438 226
2438 227
2439 281
2439 282
2439 283
2439 284
2439 285
2439 286
2440 272
2440 273
2440 274
2440 275
2440 276
2440 277
2440 278
2440 279
2440 280
2441 263
2441 264
2441 265
2441 266
2441 267
2441 268
2441 269
2441 270
2441 271
2441 272
2441 273
2441 274
2442 256
2442 257
2442 258
2442 259
2442 260
2442 261
2442 262
2442 263
2442 264
2442 265
2442 266
2442 267
2443 248
2443 249
2443 250
2443 251
2443 252
2443 253
2443 254
2443 255
2443 256
2443 257
2443 258
2443 259
2444 241
2444 242
2444 243
2444 244
2444 245
2444 246
2444 247
2444 248
2444 249
2444 250
2444 251
2445 234
2445 235
2445 236
2445 237
2445 238
2445 239
2445 240
2445 241
2445 242
2445 243
2446 227
2446 228
2446 229
2446 230
2446 231
2446 232
2446 233
2446 234
2448 279
2448 280
2448 281
2448 282
2448 283
2448 284
2448 285
2449 270
2449 271
2449 272
2449 273
2449 274
2449 275
2449 276
2449 277
2449 278
2449 279
2450 262
2450 263
2450 264
2450 265
2450 266
2450 267
2450 268
2450 269
2450 270
2450 271
2450 272
2451 254
2451 255
2451 256
2451 257
2451 258
2451 259
2451 260
2451 261
2451 262
2451 263
2451 264
2451 265
2452 246
2452 247
2452 248
2452 249
2452 250
2452 251
2452 252
2452 253
2452 254
2452 255
2452 256
2452 257
2453 239
2453 240
2453 241
2453 242
2453 243
2453 244
2453 245
2453 246
2453 247
2453 248
2453 249
2454 232
2454 233
2454 234
2454 235
2454 236
2454 237
2454 238
2454 239
2454 240
2454 241
2455 226
2455 227
2455 228
2455 229
2455 230
2455 231
2455 232
2457 276
2457 277
2457 278
2457 279
2457 280
2457 281
2457 282
2457 283
2458 268
2458 269
2458 270
2458 271
2458 272
2458 273
2458 274
2458 275
2458 276
2458 277
2459 260
2459 261
2459 262
2459 263
2459 264
2459 265
2459 266
2459 267
2459 268
2459 269
2459 270
2460 252
2460 253
2460 254
2460 255
2460 256
2460 257
2460 258
2460 259
2460 260
2460 261
2460 262
2460 263
2461 245
2461 246
2461 247
2461 248
2461 249
2461 250
2461 251
2461 252
2461 253
2461 254
2461 255
2462 237
2462 238
2462 239
2462 240
2462 241
2462 242
2462 243
2462 244
2462 245
2462 246
2462 247
2463 231
2463 232
2463 233
2463 234
2463 235
2463 236
2463 237
2463 238
2463 239
2464 225
2464 226
2464 227
2464 228
2464 229
2465 285
2465 286
2466 274
2466 275
2466 276
2466 277
2466 278
2466 279
2466 280
2466 281
2467 266
2467 267
2467 268
2467 269
2467 270
2467 271
2467 272
2467 273
2467 274
2467 275
2468 258
2468 259
2468 260
2468 261
2468 262
2468 263
2468 264
2468 265
2468 266
2468 267
2468 268
2469 250
2469 251
2469 252
2469 253
2469 254
2469 255
2469 256
2469 257
2469 258
2469 259
2469 260
2469 261
2470 243
2470 244
2470 245
2470 246
2470 247
2470 248
2470 249
2470 250
2470 251
2470 252
2470 253
2471 236
2471 237
2471 238
2471 239
2471 240
2471 241
2471 242
2471 243
2471 244
2471 245
2472 229
2472 230
2472 231
2472 232
2472 233
2472 234
2472 235
2472 236
2473 225
2473 226
2474 282
2474 283
2474 284
2474 285
2475 273
2475 274
2475 275
2475 276
2475 277
2475 278
2475 279
2475 280
2476 264
2476 265
2476 266
2476 267
2476 268
2476 269
2476 270
2476 271
2476 272
2476 273
2477 256
2477 257
2477 258
2477 259
2477 260
2477 261
2477 262
2477 263
2477 264
2477 265
2477 266
2478 249
2478 250
2478 251
2478 252
2478 253
2478 254
2478 255
2478 256
2478 257
2478 258
2478 259
2479 241
2479 242
2479 243
2479 244
2479 245
2479 246
2479 247
2479 248
2479 249
2479 250
2479 251
2480 234
2480 235
2480 236
2480 237
2480 238
2480 239
2480 240
2480 241
2480 242
2480 243
2481 228
2481 229
2481 230
2481 231
2481 232
2481 233
2481 234
2483 280
2483 281
2483 282
2483 283
2484 271
2484 272
2484 273
2484 274
2484 275
2484 276
2484 277
2484 278
2485 262
2485 263
2485 264
2485 265
2485 266
2485 267
2485 268
2485 269
2485 270
2485 271
2486 254
2486 255
2486 256
2486 257
2486 258
2486 259
2486 260
2486 261
2486 262
2486 263
2486 264
2487 247
2487 248
2487 249
2487 250
2487 251
2487 252
2487 253
2487 254
2487 255
2487 256
2487 257
2488 240
2488 241
2488 242
2488 243
2488 244
2488 245
2488 246
2488 247
2488 248
2488 249
2489 233
2489 234
2489 235
2489 236
2489 237
2489 238
2489 239
2489 240
2489 241
2490 227
2490 228
2490 229
2490 230
2490 231
2492 278
2492 279
2492 280
2492 281
2492 282
2493 269
2493 270
2493 271
2493 272
2493 273
2493 274
2493 275
2493 276
2494 260
2494 261
2494 262
2494 263
2494 264
2494 265
2494 266
2494 267
2494 268
2494 269
2494 270
2495 253
2495 254
2495 255
2495 256
2495 257
2495 258
2495 259
2495 260
2495 261
2495 262
2496 245
2496 246
2496 247
2496 248
2496 249
2496 250
2496 251
2496 252
2496 253
2496 254
2496 255
2497 238
2497 239
2497 240
2497 241
2497 242
2497 243
2497 244
2497 245
2497 246
2497 247
2498 231
2498 232
2498 233
2498 234
2498 235
2498 236
2498 237
2498 238
2499 226
2499 227
2499 228
2501 276
2501 277
2501 278
2501 279
2501 280
2502 267
2502 268
2502 269
2502 270
2502 271
2502 272
2502 273
2502 274
2503 259
2503 260
2503 261
2503 262
2503 263
2503 264
2503 265
2503 266
2503 267
2503 268
2504 251
2504 252
2504 253
2504 254
2504 255
2504 256
2504 257
2504 258
2504 259
2504 260
2505 243
2505 244
2505 245
2505 246
2505 247
2505 248
2505 249
2505 250
2505 251
2505 252
2505 253
2506 236
2506 237
2506 238
2506 239
2506 240
2506 241
2506 242
2506 243
2506 244
2506 245
2507 230
2507 231
2507 232
2507 233
2507 234
2507 235
2507 236
2510 274
2510 275
2510 276
2510 277
2510 278
2510 279
2511 265
2511 266
2511 267
2511 268
2511 269
2511 270
2511 271
2511 272
2511 273
2512 257
2512 258
2512 259
2512 260
2512 261
2512 262
2512 263
2512 264
2512 265
2512 266
2513 249
2513 250
2513 251
2513 252
2513 253
2513 254
2513 255
2513 256
2513 257
2513 258
2514 242
2514 243
2514 244
2514 245
2514 246
2514 247
2514 248
2514 249
2514 250
2514 251
2515 235
2515 236
2515 237
2515 238
2515 239
2515 240
2515 241
2515 242
2516 229
2516 230
2516 231
2516 232
2516 233
2519 272
2519 273
2519 274
2519 275
2519 276
2519 277
2520 263
2520 264
2520 265
2520 266
2520 267
2520 268
2520 269
2520 270
2520 271
2521 255
2521 256
2521 257
2521 258
2521 259
2521 260
2521 261
2521 262
2521 263
2521 264
2522 247
2522 248
2522 249
2522 250
2522 251
2522 252
2522 253
2522 254
2522 255
2522 256
2523 240
2523 241
2523 242
2523 243
2523 244
2523 245
2523 246
2523 247
2523 248
2524 234
2524 235
2524 236
2524 237
2524 238
2524 239
2524 240
2525 228
2525 229
2525 230
2528 270
2528 271
2528 272
2528 273
2528 274
2528 275
2529 261
2529 262
2529 263
2529 264
2529 265
2529 266
2529 267
2529 268
2529 269
2530 253
2530 254
2530 255
2530 256
2530 257
2530 258
2530 259
2530 260
2530 261
2530 262
2531 246
2531 247
2531 248
2531 249
2531 250
2531 251
2531 252
2531 253
2531 254
2532 239
2532 240
2532 241
2532 242
2532 243
2532 244
2532 245
2532 246
2533 232
2533 233
2533 234
2533 235
2533 236
2533 237
2537 268
2537 269
2537 270
2537 271
2537 272
2537 273
2537 274
2538 260
2538 261
2538 262
2538 263
2538 264
2538 265
2538 266
2538 267
2539 252
2539 253
2539 254
2539 255
2539 256
2539 257
2539 258
2539 259
2539 260
2540 244
2540 245
2540 246
2540 247
2540 248
2540 249
2540 250
2540 251
2540 252
2541 237
2541 238
2541 239
2541 240
2541 241
2541 242
2541 243
2541 244
2542 231
2542 232
2542 233
2542 234
2542 235
2545 276
2545 277
2546 266
2546 267
2546 268
2546 269
2546 270
2546 271
2546 272
2547 258
2547 259
2547 260
2547 261
2547 262
2547 263
2547 264
2547 265
2548 250
2548 251
2548 252
2548 253
2548 254
2548 255
2548 256
2548 257
2548 258
2549 243
2549 244
2549 245
2549 246
2549 247
2549 248
2549 249
2549 250
2550 236
2550 237
2550 238
2550 239
2550 240
2550 241
2551 231
2554 274
2554 275
2555 264
2555 265
2555 266
2555 267
2555 268
2555 269
2555 270
2556 256
2556 257
2556 258
2556 259
2556 260
2556 261
2556 262
2556 263
2557 248
2557 249
2557 250
2557 251
2557 252
2557 253
2557 254
2557 255
2557 256
2558 241
2558 242
2558 243
2558 244
2558 245
2558 246
2558 247
2558 248
2559 235
2559 236
2559 237
2559 238
2559 239
2563 272
2563 273
2563 274
2564 262
2564 263
2564 264
2564 265
2564 266
2564 267
2564 268
2565 254
2565 255
2565 256
2565 257
2565 258
2565 259
2565 260
2565 261
2566 247
2566 248
2566 249
2566 250
2566 251
2566 252
2566 253
2567 240
2567 241
2567 242
2567 243
2567 244
2567 245
2568 234
2568 235
2568 236
2572 270
2572 271
2572 272
2573 261
2573 262
2573 263
2573 264
2573 265
2573 266
2574 253
2574 254
2574 255
2574 256
2574 257
2574 258
2574 259
2575 245
2575 246
2575 247
2575 248
2575 249
2575 250
2575 251
2576 238
2576 239
2576 240
2576 241
2576 242
2576 243
2581 268
2581 269
2581 270
2582 259
2582 260
2582 261
2582 262
2582 263
2582 264
2583 251
2583 252
2583 253
2583 254
2583 255
2583 256
2583 257
2584 244
2584 245
2584 246
2584 247
2584 248
2584 249
2585 237
2585 238
2585 239
2585 240
2590 266
2590 267
2590 268
2591 257
2591 258
2591 259
2591 260
2591 261
2591 262
2592 250
2592 251
2592 252
2592 253
2592 254
2593 242
2593 243
2593 244
2593 245
2593 246
2599 265
2599 266
2600 256
2600 257
2600 258
2600 259
2601 248
2601 249
2601 250
2601 251
2601 252
2602 242
2602 243
2609 254
2609 255
2609 256
2609 257
2610 247
2610 248
2610 249
2618 253
2618 254
3425 222
3425 223
3425 224
3426 215
3426 216
3426 217
3433 227
3433 228
3433 229
3433 230
3434 219
3434 220
3434 221
3434 222
3434 223
3435 212
3435 213
3435 214
3435 215
3436 206
3436 207
3441 233
3441 234
3441 235
3442 224
3442 225
3442 226
3442 227
3442 228
3442 229
3443 217
3443 218
3443 219
3443 220
3443 221
3443 222
3444 210
3444 211
3444 212
3444 213
3444 214
3445 204
3445 205
3450 230
3450 231
3450 232
3450 233
3450 234
3451 222
3451 223
3451 224
3451 225
3451 226
3451 227
3452 215
3452 216
3452 217
3452 218
3452 219
3452 220
3453 208
3453 209
3453 210
3453 211
3453 212
3453 213
3454 202
3454 203
3454 204
3458 236
3458 237
3458 238
3458 239
3459 227
3459 228
3459 229
3459 230
3459 231
3459 232
3459 233
3460 220
3460 221
3460 222
3460 223
3460 224
3460 225
3460 226
3461 212
3461 213
3461 214
3461 215
3461 216
3461 217
3461 218
3461 219
3462 206
3462 207
3462 208
3462 209
3462 210
3462 211
3463 200
3463 201
3463 202
3466 242
3466 243
3467 233
3467 234
3467 235
3467 236
3467 237
3467 238
3468 225
3468 226
3468 227
3468 228
3468 229
3468 230
3468 231
3469 218
3469 219
3469 220
3469 221
3469 222
3469 223
3469 224
3469 225
3470 210
3470 211
3470 212
3470 213
3470 214
3470 215
3470 216
3470 217
3471 204
3471 205
3471 206
3471 207
3471 208
3471 209
3472 198
3472 199
3472 200
3475 239
3475 240
3475 241
3475 242
3475 243
3476 231
3476 232
3476 233
3476 234
3476 235
3476 236
3476 237
3477 223
3477 224
3477 225
3477 226
3477 227
3477 228
3477 229
3477 230
3478 215
3478 216
3478 217
3478 218
3478 219
3478 220
3478 221
3478 222
3478 223
3479 208
3479 209
3479 210
3479 211
3479 212
3479 213
3479 214
3479 215
3479 216
3480 202
3480 203
3480 204
3480 205
3480 206
3480 207
3480 208
3481 196
3481 197
3481 198
3481 199
3483 246
3484 236
3484 237
3484 238
3484 239
3484 240
3484 241
3484 242
3485 228
3485 229
3485 230
3485 231
3485 232
3485 233
3485 234
3485 235
3486 221
3486 222
3486 223
3486 224
3486 225
3486 226
3486 227
3486 228
3486 229
3487 213
3487 214
3487 215
3487 216
3487 217
3487 218
3487 219
3487 220
3487 221
3488 206
3488 207
3488 208
3488 209
3488 210
3488 211
3488 212
3488 213
3488 214
3489 200
3489 201
3489 202
3489 203
3489 204
3489 205
3489 206
3490 194
3490 195
3490 196
3490 197
3492 242
3492 243
3492 244
3492 245
3492 246
3493 234
3493 235
3493 236
3493 237
3493 238
3493 239
3493 240
3494 226
3494 227
3494 228
3494 229
3494 230
3494 231
3494 232
3494 233
3494 234
3495 219
3495 220
3495 221
3495 222
3495 223
3495 224
3495 225
3495 226
3495 227
3496 211
3496 212
3496 213
3496 214
3496 215
3496 216
3496 217
3496 218
3496 219
3496 220
3497 204
3497 205
3497 206
3497 207
3497 208
3497 209
3497 210
3497 211
3497 212
3498 198
3498 199
3498 200
3498 201
3498 202
3498 203
3498 204
3499 192
3499 193
3499 194
3499 195
3501 240
3501 241
3501 242
3501 243
3501 244
3501 245
3502 232
3502 233
3502 234
3502 235
3502 236
3502 237
3502 238
3502 239
3503 224
3503 225
3503 226
3503 227
3503 228
3503 229
3503 230
3503 231
3503 232
3503 233
3504 217
3504 218
3504 219
3504 220
3504 221
3504 222
3504 223
3504 224
3504 225
3504 226
3505 209
3505 210
3505 211
3505 212
3505 213
3505 214
3505 215
3505 216
3505 217
3505 218
3506 202
3506 203
3506 204
3506 205
3506 206
3506 207
3506 208
3506 209
3506 210
3507 196
3507 197
3507 198
3507 199
3507 200
3507 201
3507 202
3508 191
3508 192
3508 193
3509 246
3509 247
3509 248
3509 249
3509 250
3510 237
3510 238
3510 239
3510 240
3510 241
3510 242
3510 243
3510 244
3511 229
3511 230
3511 231
3511 232
3511 233
3511 234
3511 235
3511 236
3511 237
3511 238
3512 222
3512 223
3512 224
3512 225
3512 226
3512 227
3512 228
3512 229
3512 230
3512 231
3513 215
3513 216
3513 217
3513 218
3513 219
3513 220
3513 221
3513 222
3513 223
3513 224
3514 207
3514 208
3514 209
3514 210
3514 211
3514 212
3514 213
3514 214
3514 215
3514 216
3514 217
3515 200
3515 201
3515 202
3515 203
3515 204
3515 205
3515 206
3515 207
3515 208
3515 209
3516 194
3516 195
3516 196
3516 197
3516 198
3516 199
3516 200
3517 189
3517 190
3517 191
3518 243
3518 244
3518 245
3518 246
3518 247
3518 248
3518 249
3519 235
3519 236
3519 237
3519 238
3519 239
3519 240
3519 241
3519 242
3519 243
3520 227
3520 228
3520 229
3520 230
3520 231
3520 232
3520 233
3520 234
3520 235
3520 236
3521 220
3521 221
3521 222
3521 223
3521 224
3521 225
3521 226
3521 227
3521 228
3521 229
3521 230
3522 213
3522 214
3522 215
3522 216
3522 217
3522 218
3522 219
3522 220
3522 221
3522 222
3523 205
3523 206
3523 207
3523 208
3523 209
3523 210
3523 211
3523 212
3523 213
3523 214
3523 215
3524 199
3524 200
3524 201
3524 202
3524 203
3524 204
3524 205
3524 206
3524 207
3525 192
3525 193
3525 194
3525 195
3525 196
3525 197
3525 198
3525 199
3526 188
3526 250
3526 251
3526 252
3526 253
3527 241
3527 242
3527 243
3527 244
3527 245
3527 246
3527 247
3527 248
3528 233
3528 234
3528 235
3528 236
3528 237
3528 238
3528 239
3528 240
3528 241
3528 242
3529 225
3529 226
3529 227
3529 228
3529 229
3529 230
3529 231
3529 232
3529 233
3529 234
3529 235
3530 218
3530 219
3530 220
3530 221
3530 222
3530 223
3530 224
3530 225
3530 226
3530 227
3530 228
3531 211
3531 212
3531 213
3531 214
3531 215
3531 216
3531 217
3531 218
3531 219
3531 220
3531 221
3532 204
3532 205
3532 206
3532 207
3532 208
3532 209
3532 210
3532 211
3532 212
3532 213
3533 197
3533 198
3533 199
3533 200
3533 201
3533 202
3533 203
3533 204
3533 205
3534 191
3534 192
3534 193
3534 194
3534 195
3534 196
3534 197
3535 247
3535 248
3535 249
3535 250
3535 251
3535 252
3536 239
3536 240
3536 241
3536 242
3536 243
3536 244
3536 245
3536 246
3537 231
3537 232
3537 233
3537 234
3537 235
3537 236
3537 237
3537 238
3537 239
3537 240
3538 223
3538 224
3538 225
3538 226
3538 227
3538 228
3538 229
3538 230
3538 231
3538 232
3538 233
3539 216
3539 217
3539 218
3539 219
3539 220
3539 221
3539 222
3539 223
3539 224
3539 225
3539 226
3540 209
3540 210
3540 211
3540 212
3540 213
3540 214
3540 215
3540 216
3540 217
3540 218
3540 219
3541 202
3541 203
3541 204
3541 205
3541 206
3541 207
3541 208
3541 209
3541 210
3541 211
3542 195
3542 196
3542 197
3542 198
3542 199
3542 200
3542 201
3542 202
3542 203
3543 189
3543 190
3543 191
3543 192
3543 193
3543 194
3543 195
3543 254
3543 255
3543 256
3544 245
3544 246
3544 247
3544 248
3544 249
3544 250
3544 251
3545 236
3545 237
3545 238
3545 239
3545 240
3545 241
3545 242
3545 243
3545 244
3545 245
3546 229
3546 230
3546 231
3546 232
3546 233
3546 234
3546 235
3546 236
3546 237
3546 238
3546 239
3547 221
3547 222
3547 223
3547 224
3547 225
3547 226
3547 227
3547 228
3547 229
3547 230
3547 231
3547 232
3548 214
3548 215
3548 216
3548 217
3548 218
3548 219
3548 220
3548 221
3548 222
3548 223
3548 224
3548 225
3549 207
3549 208
3549 209
3549 210
3549 211
3549 212
3549 213
3549 214
3549 215
3549 216
3549 217
3550 200
3550 201
3550 202
3550 203
3550 204
3550 205
3550 206
3550 207
3550 208
3550 209
3550 210
3551 193
3551 194
3551 195
3551 196
3551 197
3551 198
3551 199
3551 200
3551 201
3551 202
3552 187
3552 188
3552 189
3552 190
3552 191
3552 192
3552 193
3552 251
3552 252
3552 253
3552 254
3552 255
3553 242
3553 243
3553 244
3553 245
3553 246
3553 247
3553 248
3553 249
3553 250
3554 234
3554 235
3554 236
3554 237
3554 238
3554 239
3554 240
3554 241
3554 242
3554 243
3554 244
3555 227
3555 228
3555 229
3555 230
3555 231
3555 232
3555 233
3555 234
3555 235
3555 236
3555 237
3556 219
3556 220
3556 221
3556 222
3556 223
3556 224
3556 225
3556 226
3556 227
3556 228
3556 229
3556 230
3557 212
3557 213
3557 214
3557 215
3557 216
3557 217
3557 218
3557 219
3557 220
3557 221
3557 222
3557 223
3558 205
3558 206
3558 207
3558 208
3558 209
3558 210
3558 211
3558 212
3558 213
3558 214
3558 215
3558 216
3559 198
3559 199
3559 200
3559 201
3559 202
3559 203
3559 204
3559 205
3559 206
3559 207
3559 208
3560 191
3560 192
3560 193
3560 194
3560 195
3560 196
3560 197
3560 198
3560 199
3560 200
3561 185
3561 186
3561 187
3561 188
3561 189
3561 190
3561 191
3561 248
3561 249
3561 250
3561 251
3561 252
3561 253
3561 254
3562 240
3562 241
3562 242
3562 243
3562 244
3562 245
3562 246
3562 247
3562 248
3562 249
3563 232
3563 233
3563 234
3563 235
3563 236
3563 237
3563 238
3563 239
3563 240
3563 241
3563 242
3564 225
3564 226
3564 227
3564 228
3564 229
3564 230
3564 231
3564 232
3564 233
3564 234
3564 235
3564 236
3565 217
3565 218
3565 219
3565 220
3565 221
3565 222
3565 223
3565 224
3565 225
3565 226
3565 227
3565 228
3565 229
3566 210
3566 211
3566 212
3566 213
3566 214
3566 215
3566 216
3566 217
3566 218
3566 219
3566 220
3566 221
3567 203
3567 204
3567 205
3567 206
3567 207
3567 208
3567 209
3567 210
3567 211
3567 212
3567 213
3567 214
3568 196
3568 197
3568 198
3568 199
3568 200
3568 201
3568 202
3568 203
3568 204
3568 205
3568 206
3569 190
3569 191
3569 192
3569 193
3569 194
3569 195
3569 196
3569 197
3569 198
3569 255
3569 256
3569 257
3569 258
3570 184
3570 185
3570 186
3570 187
3570 188
3570 189
3570 246
3570 247
3570 248
3570 249
3570 250
3570 251
3570 252
3570 253
3571 238
3571 239
3571 240
3571 241
3571 242
3571 243
3571 244
3571 245
3571 246
3571 247
3572 230
3572 231
3572 232
3572 233
3572 234
3572 235
3572 236
3572 237
3572 238
3572 239
3572 240
3572 241
3573 223
3573 224
3573 225
3573 226
3573 227
3573 228
3573 229
3573 230
3573 231
3573 232
3573 233
3573 234
3574 215
3574 216
3574 217
3574 218
3574 219
3574 220
3574 221
3574 222
3574 223
3574 224
3574 225
3574 226
3574 227
3575 208
3575 209
3575 210
3575 211
3575 212
3575 213
3575 214
3575 215
3575 216
3575 217
3575 218
3575 219
3575 220
3576 201
3576 202
3576 203
3576 204
3576 205
3576 206
3576 207
3576 208
3576 209
3576 210
3576 211
3576 212
3577 194
3577 195
3577 196
3577 197
3577 198
3577 199
3577 200
3577 201
3577 202
3577 203
3577 204
3578 188
3578 189
3578 190
3578 191
3578 192
3578 193
3578 194
3578 195
3578 196
3578 252
3578 253
3578 254
3578 255
3578 256
3578 257
3578 258
3579 182
3579 183
3579 184
3579 185
3579 186
3579 244
3579 245
3579 246
3579 247
3579 248
3579 249
3579 250
3579 251
3579 252
3580 236
3580 237
3580 238
3580 239
3580 240
3580 241
3580 242
3580 243
3580 244
3580 245
3580 246
3581 228
3581 229
3581 230
3581 231
3581 232
3581 233
3581 234
3581 235
3581 236
3581 237
3581 238
3581 239
3582 221
3582 222
3582 223
3582 224
3582 225
3582 226
3582 227
3582 228
3582 229
3582 230
3582 231
3582 232
3583 213
3583 214
3583 215
3583 216
3583 217
3583 218
3583 219
3583 220
3583 221
3583 222
3583 223
3583 224
3583 225
3584 206
3584 207
3584 208
3584 209
3584 210
3584 211
3584 212
3584 213
3584 214
3584 215
3584 216
3584 217
3584 218
3585 199
3585 200
3585 201
3585 202
3585 203
3585 204
3585 205
3585 206
3585 207
3585 208
3585 209
3585 210
3586 193
3586 194
3586 195
3586 196
3586 197
3586 198
3586 199
3586 200
3586 201
3586 202
3586 259
3586 260
3586 261
3587 186
3587 187
3587 188
3587 189
3587 190
3587 191
3587 192
3587 193
3587 194
3587 250
3587 251
3587 252
3587 253
3587 254
3587 255
3587 256
3587 257
3588 181
3588 182
3588 183
3588 184
3588 242
3588 243
3588 244
3588 245
3588 246
3588 247
3588 248
3588 249
3588 250
3588 251
3589 234
3589 235
3589 236
3589 237
3589 238
3589 239
3589 240
3589 241
3589 242
3589 243
3589 244
3590 226
3590 227
3590 228
3590 229
3590 230
3590 231
3590 232
3590 233
3590 234
3590 235
3590 236
3590 237
3590 238
3591 219
3591 220
3591 221
3591 222
3591 223
3591 224
3591 225
3591 226
3591 227
3591 228
3591 229
3591 230
3591 231
3592 212
3592 213
3592 214
3592 215
3592 216
3592 217
3592 218
3592 219
3592 220
3592 221
3592 222
3592 223
3592 224
3593 204
3593 205
3593 206
3593 207
3593 208
3593 209
3593 210
3593 211
3593 212
3593 213
3593 214
3593 215
3593 216
3594 197
3594 198
3594 199
3594 200
3594 201
3594 202
3594 203
3594 204
3594 205
3594 206
3594 207
3594 208
3594 209
3595 191
3595 192
3595 193
3595 194
3595 195
3595 196
3595 197
3595 198
3595 199
3595 200
3595 256
3595 257
3595 258
3595 259
3595 260
3596 185
3596 186
3596 187
3596 188
3596 189
3596 190
3596 191
3596 192
3596 247
3596 248
3596 249
3596 250
3596 251
3596 252
3596 253
3596 254
3596 255
3597 180
3597 181
3597 182
3597 239
3597 240
3597 241
3597 242
3597 243
3597 244
3597 245
3597 246
3597 247
3597 248
3597 249
3598 232
3598 233
3598 234
3598 235
3598 236
3598 237
3598 238
3598 239
3598 240
3598 241
3598 242
3598 243
3599 224
3599 225
3599 226
3599 227
3599 228
3599 229
3599 230
3599 231
3599 232
3599 233
3599 234
3599 235
3599 236
3600 217
3600 218
3600 219
3600 220
3600 221
3600 222
3600 223
3600 224
3600 225
3600 226
3600 227
3600 228
3600 229
3601 210
3601 211
3601 212
3601 213
3601 214
3601 215
3601 216
3601 217
3601 218
3601 219
3601 220
3601 221
3601 222
3602 203
3602 204
3602 205
3602 206
3602 207
3602 208
3602 209
3602 210
3602 211
3602 212
3602 213
3602 214
3603 196
3603 197
3603 198
3603 199
3603 200
3603 201
3603 202
3603 203
3603 204
3603 205
3603 206
3603 207
3604 189
3604 190
3604 191
3604 192
3604 193
3604 194
3604 195
3604 196
3604 197
3604 198
3604 199
3604 254
3604 255
3604 256
3604 257
3604 258
3604 259
3604 260
3605 183
3605 184
3605 185
3605 186
3605 187
3605 188
3605 189
3605 190
3605 245
3605 246
3605 247
3605 248
3605 249
3605 250
3605 251
3605 252
3605 253
3605 254
3606 237
3606 238
3606 239
3606 240
3606 241
3606 242
3606 243
3606 244
3606 245
3606 246
3606 247
3606 248
3607 230
3607 231
3607 232
3607 233
3607 234
3607 235
3607 236
3607 237
3607 238
3607 239
3607 240
3607 241
3608 222
3608 223
3608 224
3608 225
3608 226
3608 227
3608 228
3608 229
3608 230
3608 231
3608 232
3608 233
3608 234
3608 235
3609 215
3609 216
3609 217
3609 218
3609 219
3609 220
3609 221
3609 222
3609 223
3609 224
3609 225
3609 226
3609 227
3609 228
3610 208
3610 209
3610 210
3610 211
3610 212
3610 213
3610 214
3610 215
3610 216
3610 217
3610 218
3610 219
3610 220
3611 201
3611 202
3611 203
3611 204
3611 205
3611 206
3611 207
3611 208
3611 209
3611 210
3611 211
3611 212
3611 213
3612 194
3612 195
3612 196
3612 197
3612 198
3612 199
3612 200
3612 201
3612 202
3612 203
3612 204
3612 205
3612 260
3612 261
3612 262
3612 263
3613 187
3613 188
3613 189
3613 190
3613 191
3613 192
3613 193
3613 194
3613 195
3613 196
3613 197
3613 251
3613 252
3613 253
3613 254
3613 255
3613 256
3613 257
3613 258
3613 259
3614 181
3614 182
3614 183
3614 184
3614 185
3614 186
3614 187
3614 188
3614 243
3614 244
3614 245
3614 246
3614 247
3614 248
3614 249
3614 250
3614 251
3614 252
3614 253
3615 235
3615 236
3615 237
3615 238
3615 239
3615 240
3615 241
3615 242
3615 243
3615 244
3615 245
3615 246
3615 247
3616 228
3616 229
3616 230
3616 231
3616 232
3616 233
3616 234
3616 235
3616 236
3616 237
3616 238
3616 239
3616 240
3617 220
3617 221
3617 222
3617 223
3617 224
3617 225
3617 226
3617 227
3617 228
3617 229
3617 230
3617 231
3617 232
3617 233
3618 213
3618 214
3618 215
3618 216
3618 217
3618 218
3618 219
3618 220
3618 221
3618 222
3618 223
3618 224
3618 225
3618 226
3619 206
3619 207
3619 208
3619 209
3619 210
3619 211
3619 212
3619 213
3619 214
3619 215
3619 216
3619 217
3619 218
3619 219
3620 199
3620 200
3620 201
3620 202
3620 203
3620 204
3620 205
3620 206
3620 207
3620 208
3620 209
3620 210
3620 211
3621 192
3621 193
3621 194
3621 195
3621 196
3621 197
3621 198
3621 199
3621 200
3621 201
3621 202
3621 203
3621 258
3621 259
3621 260
3621 261
3621 262
3621 263
3622 186
3622 187
3622 188
3622 189
3622 190
3622 191
3622 192
3622 193
3622 194
3622 195
3622 249
3622 250
3622 251
3622 252
3622 253
3622 254
3622 255
3622 256
3622 257
3623 180
3623 181
3623 182
3623 183
3623 184
3623 185
3623 186
3623 241
3623 242
3623 243
3623 244
3623 245
3623 246
3623 247
3623 248
3623 249
3623 250
3623 251
3624 233
3624 234
3624 235
3624 236
3624 237
3624 238
3624 239
3624 240
3624 241
3624 242
3624 243
3624 244
3624 245
3625 226
3625 227
3625 228
3625 229
3625 230
3625 231
3625 232
3625 233
3625 234
3625 235
3625 236
3625 237
3625 238
3626 219
3626 220
3626 221
3626 222
3626 223
3626 224
3626 225
3626 226
3626 227
3626 228
3626 229
3626 230
3626 231
3627 211
3627 212
3627 213
3627 214
3627 215
3627 216
3627 217
3627 218
3627 219
3627 220
3627 221
3627 222
3627 223
3627 224
3628 204
3628 205
3628 206
3628 207
3628 208
3628 209
3628 210
3628 211
3628 212
3628 213
3628 214
3628 215
3628 216
3628 217
3629 197
3629 198
3629 199
3629 200
3629 201
3629 202
3629 203
3629 204
3629 205
3629 206
3629 207
3629 208
3629 209
3630 190
3630 191
3630 192
3630 193
3630 194
3630 195
3630 196
3630 197
3630 198
3630 199
3630 200
3630 201
3630 255
3630 256
3630 257
3630 258
3630 259
3630 260
3630 261
3630 262
3631 184
3631 185
3631 186
3631 187
3631 188
3631 189
3631 190
3631 191
3631 192
3631 193
3631 247
3631 248
3631 249
3631 250
3631 251
3631 252
3631 253
3631 254
3631 255
3631 256
3632 178
3632 179
3632 180
3632 181
3632 182
3632 183
3632 184
3632 239
3632 240
3632 241
3632 242
3632 243
3632 244
3632 245
3632 246
3632 247
3632 248
3632 249
3632 250
3633 231
3633 232
3633 233
3633 234
3633 235
3633 236
3633 237
3633 238
3633 239
3633 240
3633 241
3633 242
3633 243
3634 224
3634 225
3634 226
3634 227
3634 228
3634 229
3634 230
3634 231
3634 232
3634 233
3634 234
3634 235
3634 236
3634 237
3635 217
3635 218
3635 219
3635 220
3635 221
3635 222
3635 223
3635 224
3635 225
3635 226
3635 227
3635 228
3635 229
3635 230
3636 209
3636 210
3636 211
3636 212
3636 213
3636 214
3636 215
3636 216
3636 217
3636 218
3636 219
3636 220
3636 221
3636 222
3637 202
3637 203
3637 204
3637 205
3637 206
3637 207
3637 208
3637 209
3637 210
3637 211
3637 212
3637 213
3637 214
3637 215
3638 195
3638 196
3638 197
3638 198
3638 199
3638 200
3638 201
3638 202
3638 203
3638 204
3638 205
3638 206
3638 207
3638 262
3638 263
3638 264
3638 265
3639 189
3639 190
3639 191
3639 192
3639 193
3639 194
3639 195
3639 196
3639 197
3639 198
3639 199
3639 253
3639 254
3639 255
3639 256
3639 257
3639 258
3639 259
3639 260
3639 261
3640 182
3640 183
3640 184
3640 185
3640 186
3640 187
3640 188
3640 189
3640 190
3640 191
3640 245
3640 246
3640 247
3640 248
3640 249
3640 250
3640 251
3640 252
3640 253
3640 254
3640 255
3641 177
3641 178
3641 179
3641 180
3641 181
3641 237
3641 238
3641 239
3641 240
3641 241
3641 242
3641 243
3641 244
3641 245
3641 246
3641 247
3641 248
3641 249
3642 230
3642 231
3642 232
3642 233
3642 234
3642 235
3642 236
3642 237
3642 238
3642 239
3642 240
3642 241
3642 242
3643 222
3643 223
3643 224
3643 225
3643 226
3643 227
3643 228
3643 229
3643 230
3643 231
3643 232
3643 233
3643 234
3643 235
3644 215
3644 216
3644 217
3644 218
3644 219
3644 220
3644 221
3644 222
3644 223
3644 224
3644 225
3644 226
3644 227
3644 228
3645 208
3645 209
3645 210
3645 211
3645 212
3645 213
3645 214
3645 215
3645 216
3645 217
3645 218
3645 219
3645 220
3645 221
3646 201
3646 202
3646 203
3646 204
3646 205
3646 206
3646 207
3646 208
3646 209
3646 210
3646 211
3646 212
3646 213
3647 194
3647 195
3647 196
3647 197
3647 198
3647 199
3647 200
3647 201
3647 202
3647 203
3647 204
3647 205
3647 206
3647 259
3647 260
3647 261
3647 262
3647 263
3647 264
3647 265
3648 187
3648 188
3648 189
3648 190
3648 191
3648 192
3648 193
3648 194
3648 195
3648 196
3648 197
3648 251
3648 252
3648 253
3648 254
3648 255
3648 256
3648 257
3648 258
3648 259
3649 181
3649 182
3649 183
3649 184
3649 185
3649 186
3649 187
3649 188
3649 189
3649 243
3649 244
3649 245
3649 246
3649 247
3649 248
3649 249
3649 250
3649 251
3649 252
3649 253
3650 176
3650 177
3650 178
3650 179
3650 235
3650 236
3650 237
3650 238
3650 239
3650 240
3650 241
3650 242
3650 243
3650 244
3650 245
3650 246
3650 247
3651 228
3651 229
3651 230
3651 231
3651 232
3651 233
3651 234
3651 235
3651 236
3651 237
3651 238
3651 239
3651 240
3652 220
3652 221
3652 222
3652 223
3652 224
3652 225
3652 226
3652 227
3652 228
3652 229
3652 230
3652 231
3652 232
3652 233
3653 213
3653 214
3653 215
3653 216
3653 217
3653 218
3653 219
3653 220
3653 221
3653 222
3653 223
3653 224
3653 225
3653 226
3654 206
3654 207
3654 208
3654 209
3654 210
3654 211
3654 212
3654 213
3654 214
3654 215
3654 216
3654 217
3654 218
3654 219
3655 199
3655 200
3655 201
3655 202
3655 203
3655 204
3655 205
3655 206
3655 207
3655 208
3655 209
3655 210
3655 211
3656 192
3656 193
3656 194
3656 195
3656 196
3656 197
3656 198
3656 199
3656 200
3656 201
3656 202
3656 203
3656 204
3656 257
3656 258
3656 259
3656 260
3656 261
3656 262
3656 263
3656 264
3657 185
3657 186
3657 187
3657 188
3657 189
3657 190
3657 191
3657 192
3657 193
3657 194
3657 195
3657 196
3657 249
3657 250
3657 251
3657 252
3657 253
3657 254
3657 255
3657 256
3657 257
3657 258
3658 179
3658 180
3658 181
3658 182
3658 183
3658 184
3658 185
3658 186
3658 187
3658 241
3658 242
3658 243
3658 244
3658 245
3658 246
3658 247
3658 248
3658 249
3658 250
3658 251
3658 252
3659 175
3659 176
3659 233
3659 234
3659 235
3659 236
3659 237
3659 238
3659 239
3659 240
3659 241
3659 242
3659 243
3659 244
3659 245
3659 246
3660 226
3660 227
3660 228
3660 229
3660 230
3660 231
3660 232
3660 233
3660 234
3660 235
3660 236
3660 237
3660 238
3660 239
3661 218
3661 219
3661 220
3661 221
3661 222
3661 223
3661 224
3661 225
3661 226
3661 227
3661 228
3661 229
3661 230
3661 231
3661 232
3662 211
3662 212
3662 213
3662 214
3662 215
3662 216
3662 217
3662 218
3662 219
3662 220
3662 221
3662 222
3662 223
3662 224
3662 225
3663 204
3663 205
3663 206
3663 207
3663 208
3663 209
3663 210
3663 211
3663 212
3663 213
3663 214
3663 215
3663 216
3663 217
3664 197
3664 198
3664 199
3664 200
3664 201
3664 202
3664 203
3664 204
3664 205
3664 206
3664 207
3664 208
3664 209
3664 210
3664 264
3664 265
3664 266
3664 267
3665 190
3665 191
3665 192
3665 193
3665 194
3665 195
3665 196
3665 197
3665 198
3665 199
3665 200
3665 201
3665 202
3665 255
3665 256
3665 257
3665 258
3665 259
3665 260
3665 261
3665 262
3666 184
3666 185
3666 186
3666 187
3666 188
3666 189
3666 190
3666 191
3666 192
3666 193
3666 194
3666 247
3666 248
3666 249
3666 250
3666 251
3666 252
3666 253
3666 254
3666 255
3666 256
3666 257
3667 178
3667 179
3667 180
3667 181
3667 182
3667 183
3667 184
3667 185
3667 239
3667 240
3667 241
3667 242
3667 243
3667 244
3667 245
3667 246
3667 247
3667 248
3667 249
3667 250
3667 251
3668 231
3668 232
3668 233
3668 234
3668 235
3668 236
3668 237
3668 238
3668 239
3668 240
3668 241
3668 242
3668 243
3668 244
3669 224
3669 225
3669 226
3669 227
3669 228
3669 229
3669 230
3669 231
3669 232
3669 233
3669 234
3669 235
3669 236
3669 237
3670 217
3670 218
3670 219
3670 220
3670 221
3670 222
3670 223
3670 224
3670 225
3670 226
3670 227
3670 228
3670 229
3670 230
3671 209
3671 210
3671 211
3671 212
3671 213
3671 214
3671 215
3671 216
3671 217
3671 218
3671 219
3671 220
3671 221
3671 222
3671 223
3672 202
3672 203
3672 204
3672 205
3672 206
3672 207
3672 208
3672 209
3672 210
3672 211
3672 212
3672 213
3672 214
3672 215
3672 216
3673 195
3673 196
3673 197
3673 198
3673 199
3673 200
3673 201
3673 202
3673 203
3673 204
3673 205
3673 206
3673 207
3673 208
3673 261
3673 262
3673 263
3673 264
3673 265
3673 266
3674 189
3674 190
3674 191
3674 192
3674 193
3674 194
3674 195
3674 196
3674 197
3674 198
3674 199
3674 200
3674 253
3674 254
3674 255
3674 256
3674 257
3674 258
3674 259
3674 260
3674 261
3675 182
3675 183
3675 184
3675 185
3675 186
3675 187
3675 188
3675 189
3675 190
3675 191
3675 192
3675 245
3675 246
3675 247
3675 248
3675 249
3675 250
3675 251
3675 252
3675 253
3675 254
3675 255
3676 176
3676 177
3676 178
3676 179
3676 180
3676 181
3676 182
3676 183
3676 237
3676 238
3676 239
3676 240
3676 241
3676 242
3676 243
3676 244
3676 245
3676 246
3676 247
3676 248
3676 249
3677 229
3677 230
3677 231
3677 232
3677 233
3677 234
3677 235
3677 236
3677 237
3677 238
3677 239
3677 240
3677 241
3677 242
3678 222
3678 223
3678 224
3678 225
3678 226
3678 227
3678 228
3678 229
3678 230
3678 231
3678 232
3678 233
3678 234
3678 235
3678 236
3679 215
3679 216
3679 217
3679 218
3679 219
3679 220
3679 221
3679 222
3679 223
3679 224
3679 225
3679 226
3679 227
3679 228
3680 208
3680 209
3680 210
3680 211
3680 212
3680 213
3680 214
3680 215
3680 216
3680 217
3680 218
3680 219
3680 220
3680 221
3681 201
3681 202
3681 203
3681 204
3681 205
3681 206
3681 207
3681 208
3681 209
3681 210
3681 211
3681 212
3681 213
3681 214
3682 194
3682 195
3682 196
3682 197
3682 198
3682 199
3682 200
3682 201
3682 202
3682 203
3682 204
3682 205
3682 206
3682 259
3682 260
3682 261
3682 262
3682 263
3682 264
3682 265
3683 187
3683 188
3683 189
3683 190
3683 191
3683 192
3683 193
3683 194
3683 195
3683 196
3683 197
3683 198
3683 250
3683 251
3683 252
3683 253
3683 254
3683 255
3683 256
3683 257
3683 258
3683 259
3683 260
3684 181
3684 182
3684 183
3684 184
3684 185
3684 186
3684 187
3684 188
3684 189
3684 190
3684 243
3684 244
3684 245
3684 246
3684 247
3684 248
3684 249
3684 250
3684 251
3684 252
3684 253
3684 254
3685 175
3685 176
3685 177
3685 178
3685 179
3685 180
3685 181
3685 235
3685 236
3685 237
3685 238
3685 239
3685 240
3685 241
3685 242
3685 243
3685 244
3685 245
3685 246
3685 247
3685 248
3686 228
3686 229
3686 230
3686 231
3686 232
3686 233
3686 234
3686 235
3686 236
3686 237
3686 238
3686 239
3686 240
3686 241
3687 220
3687 221
3687 222
3687 223
3687 224
3687 225
3687 226
3687 227
3687 228
3687 229
3687 230
3687 231
3687 232
3687 233
3687 234
3688 213
3688 214
3688 215
3688 216
3688 217
3688 218
3688 219
3688 220
3688 221
3688 222
3688 223
3688 224
3688 225
3688 226
3688 227
3689 206
3689 207
3689 208
3689 209
3689 210
3689 211
3689 212
3689 213
3689 214
3689 215
3689 216
3689 217
3689 218
3689 219
3690 199
3690 200
3690 201
3690 202
3690 203
3690 204
3690 205
3690 206
3690 207
3690 208
3690 209
3690 210
3690 211
3690 212
3690 265
3690 266
3690 267
3690 268
3690 269
3691 192
3691 193
3691 194
3691 195
3691 196
3691 197
3691 198
3691 199
3691 200
3691 201
3691 202
3691 203
3691 204
3691 256
3691 257
3691 258
3691 259
3691 260
3691 261
3691 262
3691 263
3691 264
3692 185
3692 186
3692 187
3692 188
3692 189
3692 190
3692 191
3692 192
3692 193
3692 194
3692 195
3692 196
3692 248
3692 249
3692 250
3692 251
3692 252
3692 253
3692 254
3692 255
3692 256
3692 257
3692 258
3692 259
3693 179
3693 180
3693 181
3693 182
3693 183
3693 184
3693 185
3693 186
3693 187
3693 188
3693 241
3693 242
3693 243
3693 244
3693 245
3693 246
3693 247
3693 248
3693 249
3693 250
3693 251
3693 252
3694 174
3694 175
3694 176
3694 177
3694 178
3694 233
3694 234
3694 235
3694 236
3694 237
3694 238
3694 239
3694 240
3694 241
3694 242
3694 243
3694 244
3694 245
3694 246
3695 226
3695 227
3695 228
3695 229
3695 230
3695 231
3695 232
3695 233
3695 234
3695 235
3695 236
3695 237
3695 238
3695 239
3696 218
3696 219
3696 220
3696 221
3696 222
3696 223
3696 224
3696 225
3696 226
3696 227
3696 228
3696 229
3696 230
3696 231
3696 232
3697 211
3697 212
3697 213
3697 214
3697 215
3697 216
3697 217
3697 218
3697 219
3697 220
3697 221
3697 222
3697 223
3697 224
3697 225
3698 204
3698 205
3698 206
3698 207
3698 208
3698 209
3698 210
3698 211
3698 212
3698 213
3698 214
3698 215
3698 216
3698 217
3698 218
3699 197
3699 198
3699 199
3699 200
3699 201
3699 202
3699 203
3699 204
3699 205
3699 206
3699 207
3699 208
3699 209
3699 210
3699 263
3699 264
3699 265
3699 266
3699 267
3699 268
3700 190
3700 191
3700 192
3700 193
3700 194
3700 195
3700 196
3700 197
3700 198
3700 199
3700 200
3700 201
3700 202
3700 254
3700 255
3700 256
3700 257
3700 258
3700 259
3700 260
3700 261
3700 262
3700 263
3701 184
3701 185
3701 186
3701 187
3701 188
3701 189
3701 190
3701 191
3701 192
3701 193
3701 194
3701 246
3701 247
3701 248
3701 249
3701 250
3701 251
3701 252
3701 253
3701 254
3701 255
3701 256
3701 257
3702 178
3702 179
3702 180
3702 181
3702 182
3702 183
3702 184
3702 185
3702 186
3702 239
3702 240
3702 241
3702 242
3702 243
3702 244
3702 245
3702 246
3702 247
3702 248
3702 249
3702 250
3702 251
3703 173
3703 174
3703 175
3703 176
3703 231
3703 232
3703 233
3703 234
3703 235
3703 236
3703 237
3703 238
3703 239
3703 240
3703 241
3703 242
3703 243
3703 244
3704 224
3704 225
3704 226
3704 227
3704 228
3704 229
3704 230
3704 231
3704 232
3704 233
3704 234
3704 235
3704 236
3704 237
3704 238
3705 217
3705 218
3705 219
3705 220
3705 221
3705 222
3705 223
3705 224
3705 225
3705 226
3705 227
3705 228
3705 229
3705 230
3705 231
3706 209
3706 210
3706 211
3706 212
3706 213
3706 214
3706 215
3706 216
3706 217
3706 218
3706 219
3706 220
3706 221
3706 222
3706 223
3707 202
3707 203
3707 204
3707 205
3707 206
3707 207
3707 208
3707 209
3707 210
3707 211
3707 212
3707 213
3707 214
3707 215
3707 216
3708 195
3708 196
3708 197
3708 198
3708 199
3708 200
3708 201
3708 202
3708 203
3708 204
3708 205
3708 206
3708 207
3708 208
3708 260
3708 261
3708 262
3708 263
3708 264
3708 265
3708 266
3708 267
3709 189
3709 190
3709 191
3709 192
3709 193
3709 194
3709 195
3709 196
3709 197
3709 198
3709 199
3709 200
3709 201
3709 252
3709 253
3709 254
3709 255
3709 256
3709 257
3709 258
3709 259
3709 260
3709 261
3709 262
3710 182
3710 183
3710 184
3710 185
3710 186
3710 187
3710 188
3710 189
3710 190
3710 191
3710 192
3710 244
3710 245
3710 246
3710 247
3710 248
3710 249
3710 250
3710 251
3710 252
3710 253
3710 254
3710 255
3710 256
3711 176
3711 177
3711 178
3711 179
3711 180
3711 181
3711 182
3711 183
3711 184
3711 237
3711 238
3711 239
3711 240
3711 241
3711 242
3711 243
3711 244
3711 245
3711 246
3711 247
3711 248
3711 249
3712 172
3712 173
3712 229
3712 230
3712 231
3712 232
3712 233
3712 234
3712 235
3712 236
3712 237
3712 238
3712 239
3712 240
3712 241
3712 242
3712 243
3713 222
3713 223
3713 224
3713 225
3713 226
3713 227
3713 228
3713 229
3713 230
3713 231
3713 232
3713 233
3713 234
3713 235
3713 236
3714 215
3714 216
3714 217
3714 218
3714 219
3714 220
3714 221
3714 222
3714 223
3714 224
3714 225
3714 226
3714 227
3714 228
3714 229
3715 208
3715 209
3715 210
3715 211
3715 212
3715 213
3715 214
3715 215
3715 216
3715 217
3715 218
3715 219
3715 220
3715 221
3715 222
3716 201
3716 202
3716 203
3716 204
3716 205
3716 206
3716 207
3716 208
3716 209
3716 210
3716 211
3716 212
3716 213
3716 214
3716 267
3716 268
3716 269
3716 270
3716 271
3717 194
3717 195
3717 196
3717 197
3717 198
3717 199
3717 200
3717 201
3717 202
3717 203
3717 204
3717 205
3717 206
3717 207
3717 258
3717 259
3717 260
3717 261
3717 262
3717 263
3717 264
3717 265
3717 266
3718 187
3718 188
3718 189
3718 190
3718 191
3718 192
3718 193
3718 194
3718 195
3718 196
3718 197
3718 198
3718 199
3718 250
3718 251
3718 252
3718 253
3718 254
3718 255
3718 256
3718 257
3718 258
3718 259
3718 260
3718 261
3719 180
3719 181
3719 182
3719 183
3719 184
3719 185
3719 186
3719 187
3719 188
3719 189
3719 190
3719 243
3719 244
3719 245
3719 246
3719 247
3719 248
3719 249
3719 250
3719 251
3719 252
3719 253
3719 254
3720 175
3720 176
3720 177
3720 178
3720 179
3720 180
3720 181
3720 182
3720 235
3720 236
3720 237
3720 238
3720 239
3720 240
3720 241
3720 242
3720 243
3720 244
3720 245
3720 246
3720 247
3720 248
3721 227
3721 228
3721 229
3721 230
3721 231
3721 232
3721 233
3721 234
3721 235
3721 236
3721 237
3721 238
3721 239
3721 240
3721 241
3722 220
3722 221
3722 222
3722 223
3722 224
3722 225
3722 226
3722 227
3722 228
3722 229
3722 230
3722 231
3722 232
3722 233
3722 234
3723 213
3723 214
3723 215
3723 216
3723 217
3723 218
3723 219
3723 220
3723 221
3723 222
3723 223
3723 224
3723 225
3723 226
3723 227
3724 206
3724 207
3724 208
3724 209
3724 210
3724 211
3724 212
3724 213
3724 214
3724 215
3724 216
3724 217
3724 218
3724 219
3724 220
3725 199
3725 200
3725 201
3725 202
3725 203
3725 204
3725 205
3725 206
3725 207
3725 208
3725 209
3725 210
3725 211
3725 212
3725 265
3725 266
3725 267
3725 268
3725 269
3725 270
3726 192
3726 193
3726 194
3726 195
3726 196
3726 197
3726 198
3726 199
3726 200
3726 201
3726 202
3726 203
3726 204
3726 205
3726 256
3726 257
3726 258
3726 259
3726 260
3726 261
3726 262
3726 263
3726 264
3726 265
3727 185
3727 186
3727 187
3727 188
3727 189
3727 190
3727 191
3727 192
3727 193
3727 194
3727 195
3727 196
3727 197
3727 248
3727 249
3727 250
3727 251
3727 252
3727 253
3727 254
3727 255
3727 256
3727 257
3727 258
3727 259
3728 179
3728 180
3728 181
3728 182
3728 183
3728 184
3728 185
3728 186
3728 187
3728 188
3728 241
3728 242
3728 243
3728 244
3728 245
3728 246
3728 247
3728 248
3728 249
3728 250
3728 251
3728 252
3728 253
3729 173
3729 174
3729 175
3729 176
3729 177
3729 178
3729 179
3729 233
3729 234
3729 235
3729 236
3729 237
3729 238
3729 239
3729 240
3729 241
3729 242
3729 243
3729 244
3729 245
3729 246
3730 226
3730 227
3730 228
3730 229
3730 230
3730 231
3730 232
3730 233
3730 234
3730 235
3730 236
3730 237
3730 238
3730 239
3730 240
3731 218
3731 219
3731 220
3731 221
3731 222
3731 223
3731 224
3731 225
3731 226
3731 227
3731 228
3731 229
3731 230
3731 231
3731 232
3731 233
3732 211
3732 212
3732 213
3732 214
3732 215
3732 216
3732 217
3732 218
3732 219
3732 220
3732 221
3732 222
3732 223
3732 224
3732 225
3733 204
3733 205
3733 206
3733 207
3733 208
3733 209
3733 210
3733 211
3733 212
3733 213
3733 214
3733 215
3733 216
3733 217
3733 218
3734 197
3734 198
3734 199
3734 200
3734 201
3734 202
3734 203
3734 204
3734 205
3734 206
3734 207
3734 208
3734 209
3734 210
3734 211
3734 262
3734 263
3734 264
3734 265
3734 266
3734 267
3734 268
3734 269
3735 190
3735 191
3735 192
3735 193
3735 194
3735 195
3735 196
3735 197
3735 198
3735 199
3735 200
3735 201
3735 202
3735 203
3735 254
3735 255
3735 256
3735 257
3735 258
3735 259
3735 260
3735 261
3735 262
3735 263
3735 264
3736 184
3736 185
3736 186
3736 187
3736 188
3736 189
3736 190
3736 191
3736 192
3736 193
3736 194
3736 195
3736 246
3736 247
3736 248
3736 249
3736 250
3736 251
3736 252
3736 253
3736 254
3736 255
3736 256
3736 257
3736 258
3737 177
3737 178
3737 179
3737 180
3737 181
3737 182
3737 183
3737 184
3737 185
3737 186
3737 239
3737 240
3737 241
3737 242
3737 243
3737 244
3737 245
3737 246
3737 247
3737 248
3737 249
3737 250
3737 251
3738 172
3738 173
3738 174
3738 175
3738 176
3738 177
3738 231
3738 232
3738 233
3738 234
3738 235
3738 236
3738 237
3738 238
3738 239
3738 240
3738 241
3738 242
3738 243
3738 244
3738 245
3739 224
3739 225
3739 226
3739 227
3739 228
3739 229
3739 230
3739 231
3739 232
3739 233
3739 234
3739 235
3739 236
3739 237
3739 238
3740 217
3740 218
3740 219
3740 220
3740 221
3740 222
3740 223
3740 224
3740 225
3740 226
3740 227
3740 228
3740 229
3740 230
3740 231
3741 209
3741 210
3741 211
3741 212
3741 213
3741 214
3741 215
3741 216
3741 217
3741 218
3741 219
3741 220
3741 221
3741 222
3741 223
3741 224
3742 202
3742 203
3742 204
3742 205
3742 206
3742 207
3742 208
3742 209
3742 210
3742 211
3742 212
3742 213
3742 214
3742 215
3742 216
3742 269
3742 270
3742 271
3742 272
3743 195
3743 196
3743 197
3743 198
3743 199
3743 200
3743 201
3743 202
3743 203
3743 204
3743 205
3743 206
3743 207
3743 208
3743 209
3743 260
3743 261
3743 262
3743 263
3743 264
3743 265
3743 266
3743 267
3743 268
3744 189
3744 190
3744 191
3744 192
3744 193
3744 194
3744 195
3744 196
3744 197
3744 198
3744 199
3744 200
3744 201
3744 252
3744 253
3744 254
3744 255
3744 256
3744 257
3744 258
3744 259
3744 260
3744 261
3744 262
3745 182
3745 183
3745 184
3745 185
3745 186
3745 187
3745 188
3745 189
3745 190
3745 191
3745 192
3745 193
3745 244
3745 245
3745 246
3745 247
3745 248
3745 249
3745 250
3745 251
3745 252
3745 253
3745 254
3745 255
3745 256
3746 176
3746 177
3746 178
3746 179
3746 180
3746 181
3746 182
3746 183
3746 184
3746 237
3746 238
3746 239
3746 240
3746 241
3746 242
3746 243
3746 244
3746 245
3746 246
3746 247
3746 248
3746 249
3746 250
3747 171
3747 172
3747 173
3747 174
3747 175
3747 229
3747 230
3747 231
3747 232
3747 233
3747 234
3747 235
3747 236
3747 237
3747 238
3747 239
3747 240
3747 241
3747 242
3747 243
3748 222
3748 223
3748 224
3748 225
3748 226
3748 227
3748 228
3748 229
3748 230
3748 231
3748 232
3748 233
3748 234
3748 235
3748 236
3749 215
3749 216
3749 217
3749 218
3749 219
3749 220
3749 221
3749 222
3749 223
3749 224
3749 225
3749 226
3749 227
3749 228
3749 229
3750 208
3750 209
3750 210
3750 211
3750 212
3750 213
3750 214
3750 215
3750 216
3750 217
3750 218
3750 219
3750 220
3750 221
3750 222
3751 201
3751 202
3751 203
3751 204
3751 205
3751 206
3751 207
3751 208
3751 209
3751 210
3751 211
3751 212
3751 213
3751 214
3751 215
3751 267
3751 268
3751 269
3751 270
3751 271
3751 272
3752 194
3752 195
3752 196
3752 197
3752 198
3752 199
3752 200
3752 201
3752 202
3752 203
3752 204
3752 205
3752 206
3752 207
3752 258
3752 259
3752 260
3752 261
3752 262
3752 263
3752 264
3752 265
3752 266
3752 267
3753 187
3753 188
3753 189
3753 190
3753 191
3753 192
3753 193
3753 194
3753 195
3753 196
3753 197
3753 198
3753 199
3753 250
3753 251
3753 252
3753 253
3753 254
3753 255
3753 256
3753 257
3753 258
3753 259
3753 260
3753 261
3754 181
3754 182
3754 183
3754 184
3754 185
3754 186
3754 187
3754 188
3754 189
3754 190
3754 191
3754 242
3754 243
3754 244
3754 245
3754 246
3754 247
3754 248
3754 249
3754 250
3754 251
3754 252
3754 253
3754 254
3754 255
3755 175
3755 176
3755 177
3755 178
3755 179
3755 180
3755 181
3755 182
3755 235
3755 236
3755 237
3755 238
3755 239
3755 240
3755 241
3755 242
3755 243
3755 244
3755 245
3755 246
3755 247
3755 248
3756 170
3756 171
3756 172
3756 228
3756 229
3756 230
3756 231
3756 232
3756 233
3756 234
3756 235
3756 236
3756 237
3756 238
3756 239
3756 240
3756 241
3756 242
3757 220
3757 221
3757 222
3757 223
3757 224
3757 225
3757 226
3757 227
3757 228
3757 229
3757 230
3757 231
3757 232
3757 233
3757 234
3757 235
3758 213
3758 214
3758 215
3758 216
3758 217
3758 218
3758 219
3758 220
3758 221
3758 222
3758 223
3758 224
3758 225
3758 226
3758 227
3758 228
3759 206
3759 207
3759 208
3759 209
3759 210
3759 211
3759 212
3759 213
3759 214
3759 215
3759 216
3759 217
3759 218
3759 219
3759 220
3760 199
3760 200
3760 201
3760 202
3760 203
3760 204
3760 205
3760 206
3760 207
3760 208
3760 209
3760 210
3760 211
3760 212
3760 213
3760 264
3760 265
3760 266
3760 267
3760 268
3760 269
3760 270
3760 271
3761 192
3761 193
3761 194
3761 195
3761 196
3761 197
3761 198
3761 199
3761 200
3761 201
3761 202
3761 203
3761 204
3761 205
3761 256
3761 257
3761 258
3761 259
3761 260
3761 261
3761 262
3761 263
3761 264
3761 265
3762 185
3762 186
3762 187
3762 188
3762 189
3762 190
3762 191
3762 192
3762 193
3762 194
3762 195
3762 196
3762 197
3762 248
3762 249
3762 250
3762 251
3762 252
3762 253
3762 254
3762 255
3762 256
3762 257
3762 258
3762 259
3762 260
3763 179
3763 180
3763 181
3763 182
3763 183
3763 184
3763 185
3763 186
3763 187
3763 188
3763 189
3763 241
3763 242
3763 243
3763 244
3763 245
3763 246
3763 247
3763 248
3763 249
3763 250
3763 251
3763 252
3763 253
3764 173
3764 174
3764 175
3764 176
3764 177
3764 178
3764 179
3764 180
3764 233
3764 234
3764 235
3764 236
3764 237
3764 238
3764 239
3764 240
3764 241
3764 242
3764 243
3764 244
3764 245
3764 246
3764 247
3765 226
3765 227
3765 228
3765 229
3765 230
3765 231
3765 232
3765 233
3765 234
3765 235
3765 236
3765 237
3765 238
3765 239
3765 240
3766 218
3766 219
3766 220
3766 221
3766 222
3766 223
3766 224
3766 225
3766 226
3766 227
3766 228
3766 229
3766 230
3766 231
3766 232
3766 233
3767 211
3767 212
3767 213
3767 214
3767 215
3767 216
3767 217
3767 218
3767 219
3767 220
3767 221
3767 222
3767 223
3767 224
3767 225
3767 226
3768 204
3768 205
3768 206
3768 207
3768 208
3768 209
3768 210
3768 211
3768 212
3768 213
3768 214
3768 215
3768 216
3768 217
3768 218
3768 271
3768 272
3768 273
3768 274
3769 197
3769 198
3769 199
3769 200
3769 201
3769 202
3769 203
3769 204
3769 205
3769 206
3769 207
3769 208
3769 209
3769 210
3769 211
3769 262
3769 263
3769 264
3769 265
3769 266
3769 267
3769 268
3769 269
3769 270
3770 190
3770 191
3770 192
3770 193
3770 194
3770 195
3770 196
3770 197
3770 198
3770 199
3770 200
3770 201
3770 202
3770 203
3770 254
3770 255
3770 256
3770 257
3770 258
3770 259
3770 260
3770 261
3770 262
3770 263
3770 264
3771 184
3771 185
3771 186
3771 187
3771 188
3771 189
3771 190
3771 191
3771 192
3771 193
3771 194
3771 195
3771 246
3771 247
3771 248
3771 249
3771 250
3771 251
3771 252
3771 253
3771 254
3771 255
3771 256
3771 257
3771 258
3772 178
3772 179
3772 180
3772 181
3772 182
3772 183
3772 184
3772 185
3772 186
3772 187
3772 239
3772 240
3772 241
3772 242
3772 243
3772 244
3772 245
3772 246
3772 247
3772 248
3772 249
3772 250
3772 251
3772 252
3773 172
3773 173
3773 174
3773 175
3773 176
3773 177
3773 178
3773 231
3773 232
3773 233
3773 234
3773 235
3773 236
3773 237
3773 238
3773 239
3773 240
3773 241
3773 242
3773 243
3773 244
3773 245
3774 224
3774 225
3774 226
3774 227
3774 228
3774 229
3774 230
3774 231
3774 232
3774 233
3774 234
3774 235
3774 236
3774 237
3774 238
3775 217
3775 218
3775 219
3775 220
3775 221
3775 222
3775 223
3775 224
3775 225
3775 226
3775 227
3775 228
3775 229
3775 230
3775 231
3776 210
3776 211
3776 212
3776 213
3776 214
3776 215
3776 216
3776 217
3776 218
3776 219
3776 220
3776 221
3776 222
3776 223
3776 224
3777 202
3777 203
3777 204
3777 205
3777 206
3777 207
3777 208
3777 209
3777 210
3777 211
3777 212
3777 213
3777 214
3777 215
3777 216
3777 217
3777 269
3777 270
3777 271
3777 272
3777 273
3778 196
3778 197
3778 198
3778 199
3778 200
3778 201
3778 202
3778 203
3778 204
3778 205
3778 206
3778 207
3778 208
3778 209
3778 260
3778 261
3778 262
3778 263
3778 264
3778 265
3778 266
3778 267
3778 268
3779 189
3779 190
3779 191
3779 192
3779 193
3779 194
3779 195
3779 196
3779 197
3779 198
3779 199
3779 200
3779 201
3779 252
3779 253
3779 254
3779 255
3779 256
3779 257
3779 258
3779 259
3779 260
3779 261
3779 262
3779 263
3780 182
3780 183
3780 184
3780 185
3780 186
3780 187
3780 188
3780 189
3780 190
3780 191
3780 192
3780 193
3780 194
3780 244
3780 245
3780 246
3780 247
3780 248
3780 249
3780 250
3780 251
3780 252
3780 253
3780 254
3780 255
3780 256
3780 257
3781 176
3781 177
3781 178
3781 179
3781 180
3781 181
3781 182
3781 183
3781 184
3781 185
3781 237
3781 238
3781 239
3781 240
3781 241
3781 242
3781 243
3781 244
3781 245
3781 246
3781 247
3781 248
3781 249
3781 250
3782 171
3782 172
3782 173
3782 174
3782 175
3782 176
3782 229
3782 230
3782 231
3782 232
3782 233
3782 234
3782 235
3782 236
3782 237
3782 238
3782 239
3782 240
3782 241
3782 242
3782 243
3782 244
3783 222
3783 223
3783 224
3783 225
3783 226
3783 227
3783 228
3783 229
3783 230
3783 231
3783 232
3783 233
3783 234
3783 235
3783 236
3783 237
3784 215
3784 216
3784 217
3784 218
3784 219
3784 220
3784 221
3784 222
3784 223
3784 224
3784 225
3784 226
3784 227
3784 228
3784 229
3784 230
3785 208
3785 209
3785 210
3785 211
3785 212
3785 213
3785 214
3785 215
3785 216
3785 217
3785 218
3785 219
3785 220
3785 221
3785 222
3786 201
3786 202
3786 203
3786 204
3786 205
3786 206
3786 207
3786 208
3786 209
3786 210
3786 211
3786 212
3786 213
3786 214
3786 215
3786 266
3786 267
3786 268
3786 269
3786 270
3786 271
3786 272
3787 194
3787 195
3787 196
3787 197
3787 198
3787 199
3787 200
3787 201
3787 202
3787 203
3787 204
3787 205
3787 206
3787 207
3787 258
3787 259
3787 260
3787 261
3787 262
3787 263
3787 264
3787 265
3787 266
3787 267
3788 187
3788 188
3788 189
3788 190
3788 191
3788 192
3788 193
3788 194
3788 195
3788 196
3788 197
3788 198
3788 199
3788 200
3788 250
3788 251
3788 252
3788 253
3788 254
3788 255
3788 256
3788 257
3788 258
3788 259
3788 260
3788 261
3789 181
3789 182
3789 183
3789 184
3789 185
3789 186
3789 187
3789 188
3789 189
3789 190
3789 191
3789 192
3789 243
3789 244
3789 245
3789 246
3789 247
3789 248
3789 249
3789 250
3789 251
3789 252
3789 253
3789 254
3789 255
3790 175
3790 176
3790 177
3790 178
3790 179
3790 180
3790 181
3790 182
3790 183
3790 235
3790 236
3790 237
3790 238
3790 239
3790 240
3790 241
3790 242
3790 243
3790 244
3790 245
3790 246
3790 247
3790 248
3790 249
3791 170
3791 171
3791 172
3791 173
3791 174
3791 228
3791 229
3791 230
3791 231
3791 232
3791 233
3791 234
3791 235
3791 236
3791 237
3791 238
3791 239
3791 240
3791 241
3791 242
3792 220
3792 221
3792 222
3792 223
3792 224
3792 225
3792 226
3792 227
3792 228
3792 229
3792 230
3792 231
3792 232
3792 233
3792 234
3792 235
3793 213
3793 214
3793 215
3793 216
3793 217
3793 218
3793 219
3793 220
3793 221
3793 222
3793 223
3793 224
3793 225
3793 226
3793 227
3793 228
3794 206
3794 207
3794 208
3794 209
3794 210
3794 211
3794 212
3794 213
3794 214
3794 215
3794 216
3794 217
3794 218
3794 219
3794 220
3794 221
3794 273
3794 274
3794 275
3795 199
3795 200
3795 201
3795 202
3795 203
3795 204
3795 205
3795 206
3795 207
3795 208
3795 209
3795 210
3795 211
3795 212
3795 213
3795 264
3795 265
3795 266
3795 267
3795 268
3795 269
3795 270
3795 271
3796 192
3796 193
3796 194
3796 195
3796 196
3796 197
3796 198
3796 199
3796 200
3796 201
3796 202
3796 203
3796 204
3796 205
3796 206
3796 256
3796 257
3796 258
3796 259
3796 260
3796 261
3796 262
3796 263
3796 264
3796 265
3796 266
3797 186
3797 187
3797 188
3797 189
3797 190
3797 191
3797 192
3797 193
3797 194
3797 195
3797 196
3797 197
3797 198
3797 248
3797 249
3797 250
3797 251
3797 252
3797 253
3797 254
3797 255
3797 256
3797 257
3797 258
3797 259
3797 260
3798 179
3798 180
3798 181
3798 182
3798 183
3798 184
3798 185
3798 186
3798 187
3798 188
3798 189
3798 190
3798 241
3798 242
3798 243
3798 244
3798 245
3798 246
3798 247
3798 248
3798 249
3798 250
3798 251
3798 252
3798 253
3798 254
3799 173
3799 174
3799 175
3799 176
3799 177
3799 178
3799 179
3799 180
3799 181
3799 233
3799 234
3799 235
3799 236
3799 237
3799 238
3799 239
3799 240
3799 241
3799 242
3799 243
3799 244
3799 245
3799 246
3799 247
3800 169
3800 170
3800 171
3800 226
3800 227
3800 228
3800 229
3800 230
3800 231
3800 232
3800 233
3800 234
3800 235
3800 236
3800 237
3800 238
3800 239
3800 240
3801 219
3801 220
3801 221
3801 222
3801 223
3801 224
3801 225
3801 226
3801 227
3801 228
3801 229
3801 230
3801 231
3801 232
3801 233
3802 211
3802 212
3802 213
3802 214
3802 215
3802 216
3802 217
3802 218
3802 219
3802 220
3802 221
3802 222
3802 223
3802 224
3802 225
3802 226
3803 204
3803 205
3803 206
3803 207
3803 208
3803 209
3803 210
3803 211
3803 212
3803 213
3803 214
3803 215
3803 216
3803 217
3803 218
3803 219
3803 271
3803 272
3803 273
3803 274
3803 275
3804 197
3804 198
3804 199
3804 200
3804 201
3804 202
3804 203
3804 204
3804 205
3804 206
3804 207
3804 208
3804 209
3804 210
3804 211
3804 262
3804 263
3804 264
3804 265
3804 266
3804 267
3804 268
3804 269
3804 270
3805 191
3805 192
3805 193
3805 194
3805 195
3805 196
3805 197
3805 198
3805 199
3805 200
3805 201
3805 202
3805 203
3805 204
3805 254
3805 255
3805 256
3805 257
3805 258
3805 259
3805 260
3805 261
3805 262
3805 263
3805 264
3805 265
3806 184
3806 185
3806 186
3806 187
3806 188
3806 189
3806 190
3806 191
3806 192
3806 193
3806 194
3806 195
3806 196
3806 246
3806 247
3806 248
3806 249
3806 250
3806 251
3806 252
3806 253
3806 254
3806 255
3806 256
3806 257
3806 258
3807 178
3807 179
3807 180
3807 181
3807 182
3807 183
3807 184
3807 185
3807 186
3807 187
3807 188
3807 239
3807 240
3807 241
3807 242
3807 243
3807 244
3807 245
3807 246
3807 247
3807 248
3807 249
3807 250
3807 251
3807 252
3808 172
3808 173
3808 174
3808 175
3808 176
3808 177
3808 178
3808 179
3808 231
3808 232
3808 233
3808 234
3808 235
3808 236
3808 237
3808 238
3808 239
3808 240
3808 241
3808 242
3808 243
3808 244
3808 245
3809 224
3809 225
3809 226
3809 227
3809 228
3809 229
3809 230
3809 231
3809 232
3809 233
3809 234
3809 235
3809 236
3809 237
3809 238
3809 239
3810 217
3810 218
3810 219
3810 220
3810 221
3810 222
3810 223
3810 224
3810 225
3810 226
3810 227
3810 228
3810 229
3810 230
3810 231
3810 232
3811 210
3811 211
3811 212
3811 213
3811 214
3811 215
3811 216
3811 217
3811 218
3811 219
3811 220
3811 221
3811 222
3811 223
3811 224
3812 203
3812 204
3812 205
3812 206
3812 207
3812 208
3812 209
3812 210
3812 211
3812 212
3812 213
3812 214
3812 215
3812 216
3812 217
3812 268
3812 269
3812 270
3812 271
3812 272
3812 273
3812 274
3813 196
3813 197
3813 198
3813 199
3813 200
3813 201
3813 202
3813 203
3813 204
3813 205
3813 206
3813 207
3813 208
3813 209
3813 210
3813 260
3813 261
3813 262
3813 263
3813 264
3813 265
3813 266
3813 267
3813 268
3813 269
3814 189
3814 190
3814 191
3814 192
3814 193
3814 194
3814 195
3814 196
3814 197
3814 198
3814 199
3814 200
3814 201
3814 202
3814 252
3814 253
3814 254
3814 255
3814 256
3814 257
3814 258
3814 259
3814 260
3814 261
3814 262
3814 263
3815 183
3815 184
3815 185
3815 186
3815 187
3815 188
3815 189
3815 190
3815 191
3815 192
3815 193
3815 194
3815 244
3815 245
3815 246
3815 247
3815 248
3815 249
3815 250
3815 251
3815 252
3815 253
3815 254
3815 255
3815 256
3815 257
3816 176
3816 177
3816 178
3816 179
3816 180
3816 181
3816 182
3816 183
3816 184
3816 185
3816 186
3816 237
3816 238
3816 239
3816 240
3816 241
3816 242
3816 243
3816 244
3816 245
3816 246
3816 247
3816 248
3816 249
3816 250
3817 171
3817 172
3817 173
3817 174
3817 175
3817 176
3817 177
3817 230
3817 231
3817 232
3817 233
3817 234
3817 235
3817 236
3817 237
3817 238
3817 239
3817 240
3817 241
3817 242
3817 243
3817 244
3818 222
3818 223
3818 224
3818 225
3818 226
3818 227
3818 228
3818 229
3818 230
3818 231
3818 232
3818 233
3818 234
3818 235
3818 236
3818 237
3819 215
3819 216
3819 217
3819 218
3819 219
3819 220
3819 221
3819 222
3819 223
3819 224
3819 225
3819 226
3819 227
3819 228
3819 229
3819 230
3820 208
3820 209
3820 210
3820 211
3820 212
3820 213
3820 214
3820 215
3820 216
3820 217
3820 218
3820 219
3820 220
3820 221
3820 222
3820 223
3820 276
3821 201
3821 202
3821 203
3821 204
3821 205
3821 206
3821 207
3821 208
3821 209
3821 210
3821 211
3821 212
3821 213
3821 214
3821 215
3821 266
3821 267
3821 268
3821 269
3821 270
3821 271
3821 272
3821 273
3822 194
3822 195
3822 196
3822 197
3822 198
3822 199
3822 200
3822 201
3822 202
3822 203
3822 204
3822 205
3822 206
3822 207
3822 208
3822 258
3822 259
3822 260
3822 261
3822 262
3822 263
3822 264
3822 265
3822 266
3822 267
3822 268
3823 187
3823 188
3823 189
3823 190
3823 191
3823 192
3823 193
3823 194
3823 195
3823 196
3823 197
3823 198
3823 199
3823 200
3823 250
3823 251
3823 252
3823 253
3823 254
3823 255
3823 256
3823 257
3823 258
3823 259
3823 260
3823 261
3823 262
3824 181
3824 182
3824 183
3824 184
3824 185
3824 186
3824 187
3824 188
3824 189
3824 190
3824 191
3824 192
3824 243
3824 244
3824 245
3824 246
3824 247
3824 248
3824 249
3824 250
3824 251
3824 252
3824 253
3824 254
3824 255
3825 175
3825 176
3825 177
3825 178
3825 179
3825 180
3825 181
3825 182
3825 183
3825 184
3825 235
3825 236
3825 237
3825 238
3825 239
3825 240
3825 241
3825 242
3825 243
3825 244
3825 245
3825 246
3825 247
3825 248
3825 249
3826 170
3826 171
3826 172
3826 173
3826 174
3826 228
3826 229
3826 230
3826 231
3826 232
3826 233
3826 234
3826 235
3826 236
3826 237
3826 238
3826 239
3826 240
3826 241
3826 242
3827 221
3827 222
3827 223
3827 224
3827 225
3827 226
3827 227
3827 228
3827 229
3827 230
3827 231
3827 232
3827 233
3827 234
3827 235
3828 213
3828 214
3828 215
3828 216
3828 217
3828 218
3828 219
3828 220
3828 221
3828 222
3828 223
3828 224
3828 225
3828 226
3828 227
3828 228
3829 206
3829 207
3829 208
3829 209
3829 210
3829 211
3829 212
3829 213
3829 214
3829 215
3829 216
3829 217
3829 218
3829 219
3829 220
3829 221
3829 273
3829 274
3829 275
3829 276
3830 199
3830 200
3830 201
3830 202
3830 203
3830 204
3830 205
3830 206
3830 207
3830 208
3830 209
3830 210
3830 211
3830 212
3830 213
3830 264
3830 265
3830 266
3830 267
3830 268
3830 269
3830 270
3830 271
3830 272
3831 193
3831 194
3831 195
3831 196
3831 197
3831 198
3831 199
3831 200
3831 201
3831 202
3831 203
3831 204
3831 205
3831 206
3831 256
3831 257
3831 258
3831 259
3831 260
3831 261
3831 262
3831 263
3831 264
3831 265
3831 266
3832 186
3832 187
3832 188
3832 189
3832 190
3832 191
3832 192
3832 193
3832 194
3832 195
3832 196
3832 197
3832 198
3832 248
3832 249
3832 250
3832 251
3832 252
3832 253
3832 254
3832 255
3832 256
3832 257
3832 258
3832 259
3832 260
3833 180
3833 181
3833 182
3833 183
3833 184
3833 185
3833 186
3833 187
3833 188
3833 189
3833 190
3833 241
3833 242
3833 243
3833 244
3833 245
3833 246
3833 247
3833 248
3833 249
3833 250
3833 251
3833 252
3833 253
3833 254
3834 174
3834 175
3834 176
3834 177
3834 178
3834 179
3834 180
3834 181
3834 182
3834 233
3834 234
3834 235
3834 236
3834 237
3834 238
3834 239
3834 240
3834 241
3834 242
3834 243
3834 244
3834 245
3834 246
3834 247
3835 169
3835 170
3835 171
3835 172
3835 226
3835 227
3835 228
3835 229
3835 230
3835 231
3835 232
3835 233
3835 234
3835 235
3835 236
3835 237
3835 238
3835 239
3835 240
3835 241
3836 219
3836 220
3836 221
3836 222
3836 223
3836 224
3836 225
3836 226
3836 227
3836 228
3836 229
3836 230
3836 231
3836 232
3836 233
3836 234
3837 212
3837 213
3837 214
3837 215
3837 216
3837 217
3837 218
3837 219
3837 220
3837 221
3837 222
3837 223
3837 224
3837 225
3837 226
3838 205
3838 206
3838 207
3838 208
3838 209
3838 210
3838 211
3838 212
3838 213
3838 214
3838 215
3838 216
3838 217
3838 218
3838 219
3838 270
3838 271
3838 272
3838 273
3838 274
3838 275
3838 276
3839 198
3839 199
3839 200
3839 201
3839 202
3839 203
3839 204
3839 205
3839 206
3839 207
3839 208
3839 209
3839 210
3839 211
3839 212
3839 262
3839 263
3839 264
3839 265
3839 266
3839 267
3839 268
3839 269
3839 270
3839 271
3840 191
3840 192
3840 193
3840 194
3840 195
3840 196
3840 197
3840 198
3840 199
3840 200
3840 201
3840 202
3840 203
3840 204
3840 254
3840 255
3840 256
3840 257
3840 258
3840 259
3840 260
3840 261
3840 262
3840 263
3840 264
3840 265
3841 184
3841 185
3841 186
3841 187
3841 188
3841 189
3841 190
3841 191
3841 192
3841 193
3841 194
3841 195
3841 196
3841 246
3841 247
3841 248
3841 249
3841 250
3841 251
3841 252
3841 253
3841 254
3841 255
3841 256
3841 257
3841 258
3841 259
3842 178
3842 179
3842 180
3842 181
3842 182
3842 183
3842 184
3842 185
3842 186
3842 187
3842 188
3842 239
3842 240
3842 241
3842 242
3842 243
3842 244
3842 245
3842 246
3842 247
3842 248
3842 249
3842 250
3842 251
3842 252
3843 172
3843 173
3843 174
3843 175
3843 176
3843 177
3843 178
3843 179
3843 180
3843 232
3843 233
3843 234
3843 235
3843 236
3843 237
3843 238
3843 239
3843 240
3843 241
3843 242
3843 243
3843 244
3843 245
3843 246
3844 169
3844 224
3844 225
3844 226
3844 227
3844 228
3844 229
3844 230
3844 231
3844 232
3844 233
3844 234
3844 235
3844 236
3844 237
3844 238
3844 239
3845 217
3845 218
3845 219
3845 220
3845 221
3845 222
3845 223
3845 224
3845 225
3845 226
3845 227
3845 228
3845 229
3845 230
3845 231
3845 232
3846 210
3846 211
3846 212
3846 213
3846 214
3846 215
3846 216
3846 217
3846 218
3846 219
3846 220
3846 221
3846 222
3846 223
3846 224
3846 225
3847 203
3847 204
3847 205
3847 206
3847 207
3847 208
3847 209
3847 210
3847 211
3847 212
3847 213
3847 214
3847 215
3847 216
3847 217
3847 268
3847 269
3847 270
3847 271
3847 272
3847 273
3847 274
3847 275
3848 196
3848 197
3848 198
3848 199
3848 200
3848 201
3848 202
3848 203
3848 204
3848 205
3848 206
3848 207
3848 208
3848 209
3848 210
3848 260
3848 261
3848 262
3848 263
3848 264
3848 265
3848 266
3848 267
3848 268
3848 269
3849 189
3849 190
3849 191
3849 192
3849 193
3849 194
3849 195
3849 196
3849 197
3849 198
3849 199
3849 200
3849 201
3849 202
3849 252
3849 253
3849 254
3849 255
3849 256
3849 257
3849 258
3849 259
3849 260
3849 261
3849 262
3849 263
3850 183
3850 184
3850 185
3850 186
3850 187
3850 188
3850 189
3850 190
3850 191
3850 192
3850 193
3850 194
3850 245
3850 246
3850 247
3850 248
3850 249
3850 250
3850 251
3850 252
3850 253
3850 254
3850 255
3850 256
3850 257
3851 177
3851 178
3851 179
3851 180
3851 181
3851 182
3851 183
3851 184
3851 185
3851 186
3851 237
3851 238
3851 239
3851 240
3851 241
3851 242
3851 243
3851 244
3851 245
3851 246
3851 247
3851 248
3851 249
3851 250
3851 251
3852 171
3852 172
3852 173
3852 174
3852 175
3852 176
3852 177
3852 230
3852 231
3852 232
3852 233
3852 234
3852 235
3852 236
3852 237
3852 238
3852 239
3852 240
3852 241
3852 242
3852 243
3852 244
3853 223
3853 224
3853 225
3853 226
3853 227
3853 228
3853 229
3853 230
3853 231
3853 232
3853 233
3853 234
3853 235
3853 236
3853 237
3854 215
3854 216
3854 217
3854 218
3854 219
3854 220
3854 221
3854 222
3854 223
3854 224
3854 225
3854 226
3854 227
3854 228
3854 229
3854 230
3855 208
3855 209
3855 210
3855 211
3855 212
3855 213
3855 214
3855 215
3855 216
3855 217
3855 218
3855 219
3855 220
3855 221
3855 222
3855 223
3855 275
3855 276
3855 277
3855 278
3856 201
3856 202
3856 203
3856 204
3856 205
3856 206
3856 207
3856 208
3856 209
3856 210
3856 211
3856 212
3856 213
3856 214
3856 215
3856 216
3856 266
3856 267
3856 268
3856 269
3856 270
3856 271
3856 272
3856 273
3857 194
3857 195
3857 196
3857 197
3857 198
3857 199
3857 200
3857 201
3857 202
3857 203
3857 204
3857 205
3857 206
3857 207
3857 208
3857 258
3857 259
3857 260
3857 261
3857 262
3857 263
3857 264
3857 265
3857 266
3857 267
3857 268
3858 188
3858 189
3858 190
3858 191
3858 192
3858 193
3858 194
3858 195
3858 196
3858 197
3858 198
3858 199
3858 200
3858 250
3858 251
3858 252
3858 253
3858 254
3858 255
3858 256
3858 257
3858 258
3858 259
3858 260
3858 261
3858 262
3859 181
3859 182
3859 183
3859 184
3859 185
3859 186
3859 187
3859 188
3859 189
3859 190
3859 191
3859 192
3859 243
3859 244
3859 245
3859 246
3859 247
3859 248
3859 249
3859 250
3859 251
3859 252
3859 253
3859 254
3859 255
3859 256
3860 175
3860 176
3860 177
3860 178
3860 179
3860 180
3860 181
3860 182
3860 183
3860 184
3860 235
3860 236
3860 237
3860 238
3860 239
3860 240
3860 241
3860 242
3860 243
3860 244
3860 245
3860 246
3860 247
3860 248
3860 249
3861 170
3861 171
3861 172
3861 173
3861 174
3861 175
3861 228
3861 229
3861 230
3861 231
3861 232
3861 233
3861 234
3861 235
3861 236
3861 237
3861 238
3861 239
3861 240
3861 241
3861 242
3862 221
3862 222
3862 223
3862 224
3862 225
3862 226
3862 227
3862 228
3862 229
3862 230
3862 231
3862 232
3862 233
3862 234
3862 235
3863 214
3863 215
3863 216
3863 217
3863 218
3863 219
3863 220
3863 221
3863 222
3863 223
3863 224
3863 225
3863 226
3863 227
3863 228
3864 207
3864 208
3864 209
3864 210
3864 211
3864 212
3864 213
3864 214
3864 215
3864 216
3864 217
3864 218
3864 219
3864 220
3864 221
3864 273
3864 274
3864 275
3864 276
3864 277
3865 200
3865 201
3865 202
3865 203
3865 204
3865 205
3865 206
3865 207
3865 208
3865 209
3865 210
3865 211
3865 212
3865 213
3865 214
3865 264
3865 265
3865 266
3865 267
3865 268
3865 269
3865 270
3865 271
3865 272
3866 193
3866 194
3866 195
3866 196
3866 197
3866 198
3866 199
3866 200
3866 201
3866 202
3866 203
3866 204
3866 205
3866 206
3866 256
3866 257
3866 258
3866 259
3866 260
3866 261
3866 262
3866 263
3866 264
3866 265
3866 266
3866 267
3867 186
3867 187
3867 188
3867 189
3867 190
3867 191
3867 192
3867 193
3867 194
3867 195
3867 196
3867 197
3867 198
3867 199
3867 249
3867 250
3867 251
3867 252
3867 253
3867 254
3867 255
3867 256
3867 257
3867 258
3867 259
3867 260
3867 261
3868 180
3868 181
3868 182
3868 183
3868 184
3868 185
3868 186
3868 187
3868 188
3868 189
3868 190
3868 191
3868 241
3868 242
3868 243
3868 244
3868 245
3868 246
3868 247
3868 248
3868 249
3868 250
3868 251
3868 252
3868 253
3868 254
3869 174
3869 175
3869 176
3869 177
3869 178
3869 179
3869 180
3869 181
3869 182
3869 234
3869 235
3869 236
3869 237
3869 238
3869 239
3869 240
3869 241
3869 242
3869 243
3869 244
3869 245
3869 246
3869 247
3869 248
3870 169
3870 170
3870 171
3870 172
3870 173
3870 226
3870 227
3870 228
3870 229
3870 230
3870 231
3870 232
3870 233
3870 234
3870 235
3870 236
3870 237
3870 238
3870 239
3870 240
3870 241
3871 219
3871 220
3871 221
3871 222
3871 223
3871 224
3871 225
3871 226
3871 227
3871 228
3871 229
3871 230
3871 231
3871 232
3871 233
3871 234
3872 212
3872 213
3872 214
3872 215
3872 216
3872 217
3872 218
3872 219
3872 220
3872 221
3872 222
3872 223
3872 224
3872 225
3872 226
3872 227
3873 205
3873 206
3873 207
3873 208
3873 209
3873 210
3873 211
3873 212
3873 213
3873 214
3873 215
3873 216
3873 217
3873 218
3873 219
3873 270
3873 271
3873 272
3873 273
3873 274
3873 275
3873 276
3874 198
3874 199
3874 200
3874 201
3874 202
3874 203
3874 204
3874 205
3874 206
3874 207
3874 208
3874 209
3874 210
3874 211
3874 212
3874 262
3874 263
3874 264
3874 265
3874 266
3874 267
3874 268
3874 269
3874 270
3874 271
3875 191
3875 192
3875 193
3875 194
3875 195
3875 196
3875 197
3875 198
3875 199
3875 200
3875 201
3875 202
3875 203
3875 204
3875 254
3875 255
3875 256
3875 257
3875 258
3875 259
3875 260
3875 261
3875 262
3875 263
3875 264
3875 265
3876 185
3876 186
3876 187
3876 188
3876 189
3876 190
3876 191
3876 192
3876 193
3876 194
3876 195
3876 196
3876 197
3876 247
3876 248
3876 249
3876 250
3876 251
3876 252
3876 253
3876 254
3876 255
3876 256
3876 257
3876 258
3876 259
3877 178
3877 179
3877 180
3877 181
3877 182
3877 183
3877 184
3877 185
3877 186
3877 187
3877 188
3877 189
3877 239
3877 240
3877 241
3877 242
3877 243
3877 244
3877 245
3877 246
3877 247
3877 248
3877 249
3877 250
3877 251
3877 252
3877 253
3878 173
3878 174
3878 175
3878 176
3878 177
3878 178
3878 179
3878 180
3878 232
3878 233
3878 234
3878 235
3878 236
3878 237
3878 238
3878 239
3878 240
3878 241
3878 242
3878 243
3878 244
3878 245
3878 246
3879 168
3879 169
3879 170
3879 225
3879 226
3879 227
3879 228
3879 229
3879 230
3879 231
3879 232
3879 233
3879 234
3879 235
3879 236
3879 237
3879 238
3879 239
3880 217
3880 218
3880 219
3880 220
3880 221
3880 222
3880 223
3880 224
3880 225
3880 226
3880 227
3880 228
3880 229
3880 230
3880 231
3880 232
3881 210
3881 211
3881 212
3881 213
3881 214
3881 215
3881 216
3881 217
3881 218
3881 219
3881 220
3881 221
3881 222
3881 223
3881 224
3881 225
3881 278
3882 203
3882 204
3882 205
3882 206
3882 207
3882 208
3882 209
3882 210
3882 211
3882 212
3882 213
3882 214
3882 215
3882 216
3882 217
3882 218
3882 268
3882 269
3882 270
3882 271
3882 272
3882 273
3882 274
3882 275
3883 196
3883 197
3883 198
3883 199
3883 200
3883 201
3883 202
3883 203
3883 204
3883 205
3883 206
3883 207
3883 208
3883 209
3883 210
3883 260
3883 261
3883 262
3883 263
3883 264
3883 265
3883 266
3883 267
3883 268
3883 269
3883 270
3884 190
3884 191
3884 192
3884 193
3884 194
3884 195
3884 196
3884 197
3884 198
3884 199
3884 200
3884 201
3884 202
3884 203
3884 252
3884 253
3884 254
3884 255
3884 256
3884 257
3884 258
3884 259
3884 260
3884 261
3884 262
3884 263
3884 264
3885 183
3885 184
3885 185
3885 186
3885 187
3885 188
3885 189
3885 190
3885 191
3885 192
3885 193
3885 194
3885 195
3885 245
3885 246
3885 247
3885 248
3885 249
3885 250
3885 251
3885 252
3885 253
3885 254
3885 255
3885 256
3885 257
3885 258
3886 177
3886 178
3886 179
3886 180
3886 181
3886 182
3886 183
3886 184
3886 185
3886 186
3886 187
3886 237
3886 238
3886 239
3886 240
3886 241
3886 242
3886 243
3886 244
3886 245
3886 246
3886 247
3886 248
3886 249
3886 250
3886 251
3887 171
3887 172
3887 173
3887 174
3887 175
3887 176
3887 177
3887 178
3887 230
3887 231
3887 232
3887 233
3887 234
3887 235
3887 236
3887 237
3887 238
3887 239
3887 240
3887 241
3887 242
3887 243
3887 244
3888 223
3888 224
3888 225
3888 226
3888 227
3888 228
3888 229
3888 230
3888 231
3888 232
3888 233
3888 234
3888 235
3888 236
3888 237
3889 216
3889 217
3889 218
3889 219
3889 220
3889 221
3889 222
3889 223
3889 224
3889 225
3889 226
3889 227
3889 228
3889 229
3889 230
3890 209
3890 210
3890 211
3890 212
3890 213
3890 214
3890 215
3890 216
3890 217
3890 218
3890 219
3890 220
3890 221
3890 222
3890 223
3890 275
3890 276
3890 277
3890 278
3891 202
3891 203
3891 204
3891 205
3891 206
3891 207
3891 208
3891 209
3891 210
3891 211
3891 212
3891 213
3891 214
3891 215
3891 216
3891 266
3891 267
3891 268
3891 269
3891 270
3891 271
3891 272
3891 273
3891 274
3892 195
3892 196
3892 197
3892 198
3892 199
3892 200
3892 201
3892 202
3892 203
3892 204
3892 205
3892 206
3892 207
3892 208
3892 258
3892 259
3892 260
3892 261
3892 262
3892 263
3892 264
3892 265
3892 266
3892 267
3892 268
3893 188
3893 189
3893 190
3893 191
3893 192
3893 193
3893 194
3893 195
3893 196
3893 197
3893 198
3893 199
3893 200
3893 201
3893 251
3893 252
3893 253
3893 254
3893 255
3893 256
3893 257
3893 258
3893 259
3893 260
3893 261
3893 262
3894 182
3894 183
3894 184
3894 185
3894 186
3894 187
3894 188
3894 189
3894 190
3894 191
3894 192
3894 193
3894 243
3894 244
3894 245
3894 246
3894 247
3894 248
3894 249
3894 250
3894 251
3894 252
3894 253
3894 254
3894 255
3894 256
3895 176
3895 177
3895 178
3895 179
3895 180
3895 181
3895 182
3895 183
3895 184
3895 185
3895 236
3895 237
3895 238
3895 239
3895 240
3895 241
3895 242
3895 243
3895 244
3895 245
3895 246
3895 247
3895 248
3895 249
3896 170
3896 171
3896 172
3896 173
3896 174
3896 175
3896 176
3896 228
3896 229
3896 230
3896 231
3896 232
3896 233
3896 234
3896 235
3896 236
3896 237
3896 238
3896 239
3896 240
3896 241
3896 242
3896 243
3897 221
3897 222
3897 223
3897 224
3897 225
3897 226
3897 227
3897 228
3897 229
3897 230
3897 231
3897 232
3897 233
3897 234
3897 235
3897 236
3898 214
3898 215
3898 216
3898 217
3898 218
3898 219
3898 220
3898 221
3898 222
3898 223
3898 224
3898 225
3898 226
3898 227
3898 228
3898 229
3899 207
3899 208
3899 209
3899 210
3899 211
3899 212
3899 213
3899 214
3899 215
3899 216
3899 217
3899 218
3899 219
3899 220
3899 221
3899 273
3899 274
3899 275
3899 276
3899 277
3899 278
3900 200
3900 201
3900 202
3900 203
3900 204
3900 205
3900 206
3900 207
3900 208
3900 209
3900 210
3900 211
3900 212
3900 213
3900 214
3900 264
3900 265
3900 266
3900 267
3900 268
3900 269
3900 270
3900 271
3900 272
3900 273
3901 193
3901 194
3901 195
3901 196
3901 197
3901 198
3901 199
3901 200
3901 201
3901 202
3901 203
3901 204
3901 205
3901 206
3901 207
3901 256
3901 257
3901 258
3901 259
3901 260
3901 261
3901 262
3901 263
3901 264
3901 265
3901 266
3901 267
3902 187
3902 188
3902 189
3902 190
3902 191
3902 192
3902 193
3902 194
3902 195
3902 196
3902 197
3902 198
3902 199
3902 249
3902 250
3902 251
3902 252
3902 253
3902 254
3902 255
3902 256
3902 257
3902 258
3902 259
3902 260
3902 261
3903 180
3903 181
3903 182
3903 183
3903 184
3903 185
3903 186
3903 187
3903 188
3903 189
3903 190
3903 191
3903 241
3903 242
3903 243
3903 244
3903 245
3903 246
3903 247
3903 248
3903 249
3903 250
3903 251
3903 252
3903 253
3903 254
3904 174
3904 175
3904 176
3904 177
3904 178
3904 179
3904 180
3904 181
3904 182
3904 183
3904 234
3904 235
3904 236
3904 237
3904 238
3904 239
3904 240
3904 241
3904 242
3904 243
3904 244
3904 245
3904 246
3904 247
3904 248
3905 169
3905 170
3905 171
3905 172
3905 173
3905 227
3905 228
3905 229
3905 230
3905 231
3905 232
3905 233
3905 234
3905 235
3905 236
3905 237
3905 238
3905 239
3905 240
3905 241
3906 219
3906 220
3906 221
3906 222
3906 223
3906 224
3906 225
3906 226
3906 227
3906 228
3906 229
3906 230
3906 231
3906 232
3906 233
3906 234
3907 212
3907 213
3907 214
3907 215
3907 216
3907 217
3907 218
3907 219
3907 220
3907 221
3907 222
3907 223
3907 224
3907 225
3907 226
3907 227
3908 205
3908 206
3908 207
3908 208
3908 209
3908 210
3908 211
3908 212
3908 213
3908 214
3908 215
3908 216
3908 217
3908 218
3908 219
3908 220
3908 271
3908 272
3908 273
3908 274
3908 275
3908 276
3909 199
3909 200
3909 201
3909 202
3909 203
3909 204
3909 205
3909 206
3909 207
3909 208
3909 209
3909 210
3909 211
3909 212
3909 262
3909 263
3909 264
3909 265
3909 266
3909 267
3909 268
3909 269
3909 270
3909 271
3910 192
3910 193
3910 194
3910 195
3910 196
3910 197
3910 198
3910 199
3910 200
3910 201
3910 202
3910 203
3910 204
3910 205
3910 255
3910 256
3910 257
3910 258
3910 259
3910 260
3910 261
3910 262
3910 263
3910 264
3910 265
3911 185
3911 186
3911 187
3911 188
3911 189
3911 190
3911 191
3911 192
3911 193
3911 194
3911 195
3911 196
3911 197
3911 247
3911 248
3911 249
3911 250
3911 251
3911 252
3911 253
3911 254
3911 255
3911 256
3911 257
3911 258
3911 259
3912 179
3912 180
3912 181
3912 182
3912 183
3912 184
3912 185
3912 186
3912 187
3912 188
3912 189
3912 240
3912 241
3912 242
3912 243
3912 244
3912 245
3912 246
3912 247
3912 248
3912 249
3912 250
3912 251
3912 252
3912 253
3913 173
3913 174
3913 175
3913 176
3913 177
3913 178
3913 179
3913 180
3913 181
3913 232
3913 233
3913 234
3913 235
3913 236
3913 237
3913 238
3913 239
3913 240
3913 241
3913 242
3913 243
3913 244
3913 245
3913 246
3914 169
3914 170
3914 171
3914 225
3914 226
3914 227
3914 228
3914 229
3914 230
3914 231
3914 232
3914 233
3914 234
3914 235
3914 236
3914 237
3914 238
3914 239
3915 218
3915 219
3915 220
3915 221
3915 222
3915 223
3915 224
3915 225
3915 226
3915 227
3915 228
3915 229
3915 230
3915 231
3915 232
3916 211
3916 212
3916 213
3916 214
3916 215
3916 216
3916 217
3916 218
3916 219
3916 220
3916 221
3916 222
3916 223
3916 224
3916 225
3916 278
3916 279
3917 204
3917 205
3917 206
3917 207
3917 208
3917 209
3917 210
3917 211
3917 212
3917 213
3917 214
3917 215
3917 216
3917 217
3917 218
3917 268
3917 269
3917 270
3917 271
3917 272
3917 273
3917 274
3917 275
3918 197
3918 198
3918 199
3918 200
3918 201
3918 202
3918 203
3918 204
3918 205
3918 206
3918 207
3918 208
3918 209
3918 210
3918 260
3918 261
3918 262
3918 263
3918 264
3918 265
3918 266
3918 267
3918 268
3918 269
3918 270
3919 190
3919 191
3919 192
3919 193
3919 194
3919 195
3919 196
3919 197
3919 198
3919 199
3919 200
3919 201
3919 202
3919 203
3919 253
3919 254
3919 255
3919 256
3919 257
3919 258
3919 259
3919 260
3919 261
3919 262
3919 263
3919 264
3920 184
3920 185
3920 186
3920 187
3920 188
3920 189
3920 190
3920 191
3920 192
3920 193
3920 194
3920 195
3920 245
3920 246
3920 247
3920 248
3920 249
3920 250
3920 251
3920 252
3920 253
3920 254
3920 255
3920 256
3920 257
3920 258
3921 178
3921 179
3921 180
3921 181
3921 182
3921 183
3921 184
3921 185
3921 186
3921 187
3921 238
3921 239
3921 240
3921 241
3921 242
3921 243
3921 244
3921 245
3921 246
3921 247
3921 248
3921 249
3921 250
3921 251
3922 172
3922 173
3922 174
3922 175
3922 176
3922 177
3922 178
3922 230
3922 231
3922 232
3922 233
3922 234
3922 235
3922 236
3922 237
3922 238
3922 239
3922 240
3922 241
3922 242
3922 243
3922 244
3922 245
3923 223
3923 224
3923 225
3923 226
3923 227
3923 228
3923 229
3923 230
3923 231
3923 232
3923 233
3923 234
3923 235
3923 236
3923 237
3923 238
3924 216
3924 217
3924 218
3924 219
3924 220
3924 221
3924 222
3924 223
3924 224
3924 225
3924 226
3924 227
3924 228
3924 229
3924 230
3924 231
3925 209
3925 210
3925 211
3925 212
3925 213
3925 214
3925 215
3925 216
3925 217
3925 218
3925 219
3925 220
3925 221
3925 222
3925 223
3925 275
3925 276
3925 277
3925 278
3925 279
3926 202
3926 203
3926 204
3926 205
3926 206
3926 207
3926 208
3926 209
3926 210
3926 211
3926 212
3926 213
3926 214
3926 215
3926 216
3926 266
3926 267
3926 268
3926 269
3926 270
3926 271
3926 272
3926 273
3926 274
3927 195
3927 196
3927 197
3927 198
3927 199
3927 200
3927 201
3927 202
3927 203
3927 204
3927 205
3927 206
3927 207
3927 208
3927 209
3927 259
3927 260
3927 261
3927 262
3927 263
3927 264
3927 265
3927 266
3927 267
3927 268
3927 269
3928 189
3928 190
3928 191
3928 192
3928 193
3928 194
3928 195
3928 196
3928 197
3928 198
3928 199
3928 200
3928 201
3928 251
3928 252
3928 253
3928 254
3928 255
3928 256
3928 257
3928 258
3928 259
3928 260
3928 261
3928 262
3928 263
3929 182
3929 183
3929 184
3929 185
3929 186
3929 187
3929 188
3929 189
3929 190
3929 191
3929 192
3929 193
3929 243
3929 244
3929 245
3929 246
3929 247
3929 248
3929 249
3929 250
3929 251
3929 252
3929 253
3929 254
3929 255
3929 256
3930 176
3930 177
3930 178
3930 179
3930 180
3930 181
3930 182
3930 183
3930 184
3930 185
3930 236
3930 237
3930 238
3930 239
3930 240
3930 241
3930 242
3930 243
3930 244
3930 245
3930 246
3930 247
3930 248
3930 249
3930 250
3931 171
3931 172
3931 173
3931 174
3931 175
3931 176
3931 229
3931 230
3931 231
3931 232
3931 233
3931 234
3931 235
3931 236
3931 237
3931 238
3931 239
3931 240
3931 241
3931 242
3931 243
3932 222
3932 223
3932 224
3932 225
3932 226
3932 227
3932 228
3932 229
3932 230
3932 231
3932 232
3932 233
3932 234
3932 235
3932 236
3933 214
3933 215
3933 216
3933 217
3933 218
3933 219
3933 220
3933 221
3933 222
3933 223
3933 224
3933 225
3933 226
3933 227
3933 228
3933 229
3934 207
3934 208
3934 209
3934 210
3934 211
3934 212
3934 213
3934 214
3934 215
3934 216
3934 217
3934 218
3934 219
3934 220
3934 221
3934 222
3934 273
3934 274
3934 275
3934 276
3934 277
3934 278
3935 201
3935 202
3935 203
3935 204
3935 205
3935 206
3935 207
3935 208
3935 209
3935 210
3935 211
3935 212
3935 213
3935 214
3935 265
3935 266
3935 267
3935 268
3935 269
3935 270
3935 271
3935 272
3935 273
3936 194
3936 195
3936 196
3936 197
3936 198
3936 199
3936 200
3936 201
3936 202
3936 203
3936 204
3936 205
3936 206
3936 207
3936 257
3936 258
3936 259
3936 260
3936 261
3936 262
3936 263
3936 264
3936 265
3936 266
3936 267
3937 187
3937 188
3937 189
3937 190
3937 191
3937 192
3937 193
3937 194
3937 195
3937 196
3937 197
3937 198
3937 199
3937 249
3937 250
3937 251
3937 252
3937 253
3937 254
3937 255
3937 256
3937 257
3937 258
3937 259
3937 260
3937 261
3938 181
3938 182
3938 183
3938 184
3938 185
3938 186
3938 187
3938 188
3938 189
3938 190
3938 191
3938 242
3938 243
3938 244
3938 245
3938 246
3938 247
3938 248
3938 249
3938 250
3938 251
3938 252
3938 253
3938 254
3938 255
3939 175
3939 176
3939 177
3939 178
3939 179
3939 180
3939 181
3939 182
3939 183
3939 234
3939 235
3939 236
3939 237
3939 238
3939 239
3939 240
3939 241
3939 242
3939 243
3939 244
3939 245
3939 246
3939 247
3939 248
3940 170
3940 171
3940 172
3940 173
3940 174
3940 227
3940 228
3940 229
3940 230
3940 231
3940 232
3940 233
3940 234
3940 235
3940 236
3940 237
3940 238
3940 239
3940 240
3940 241
3941 220
3941 221
3941 222
3941 223
3941 224
3941 225
3941 226
3941 227
3941 228
3941 229
3941 230
3941 231
3941 232
3941 233
3941 234
3942 213
3942 214
3942 215
3942 216
3942 217
3942 218
3942 219
3942 220
3942 221
3942 222
3942 223
3942 224
3942 225
3942 226
3942 227
3943 206
3943 207
3943 208
3943 209
3943 210
3943 211
3943 212
3943 213
3943 214
3943 215
3943 216
3943 217
3943 218
3943 219
3943 220
3943 271
3943 272
3943 273
3943 274
3943 275
3943 276
3943 277
3944 199
3944 200
3944 201
3944 202
3944 203
3944 204
3944 205
3944 206
3944 207
3944 208
3944 209
3944 210
3944 211
3944 212
3944 263
3944 264
3944 265
3944 266
3944 267
3944 268
3944 269
3944 270
3944 271
3944 272
3945 192
3945 193
3945 194
3945 195
3945 196
3945 197
3945 198
3945 199
3945 200
3945 201
3945 202
3945 203
3945 204
3945 205
3945 255
3945 256
3945 257
3945 258
3945 259
3945 260
3945 261
3945 262
3945 263
3945 264
3945 265
3945 266
3946 186
3946 187
3946 188
3946 189
3946 190
3946 191
3946 192
3946 193
3946 194
3946 195
3946 196
3946 197
3946 247
3946 248
3946 249
3946 250
3946 251
3946 252
3946 253
3946 254
3946 255
3946 256
3946 257
3946 258
3946 259
3947 180
3947 181
3947 182
3947 183
3947 184
3947 185
3947 186
3947 187
3947 188
3947 189
3947 240
3947 241
3947 242
3947 243
3947 244
3947 245
3947 246
3947 247
3947 248
3947 249
3947 250
3947 251
3947 252
3947 253
3948 174
3948 175
3948 176
3948 177
3948 178
3948 179
3948 180
3948 181
3948 233
3948 234
3948 235
3948 236
3948 237
3948 238
3948 239
3948 240
3948 241
3948 242
3948 243
3948 244
3948 245
3948 246
3949 170
3949 171
3949 225
3949 226
3949 227
3949 228
3949 229
3949 230
3949 231
3949 232
3949 233
3949 234
3949 235
3949 236
3949 237
3949 238
3949 239
3950 218
3950 219
3950 220
3950 221
3950 222
3950 223
3950 224
3950 225
3950 226
3950 227
3950 228
3950 229
3950 230
3950 231
3950 232
3951 211
3951 212
3951 213
3951 214
3951 215
3951 216
3951 217
3951 218
3951 219
3951 220
3951 221
3951 222
3951 223
3951 224
3951 225
3951 278
3951 279
3951 280
3952 204
3952 205
3952 206
3952 207
3952 208
3952 209
3952 210
3952 211
3952 212
3952 213
3952 214
3952 215
3952 216
3952 217
3952 218
3952 269
3952 270
3952 271
3952 272
3952 273
3952 274
3952 275
3952 276
3953 197
3953 198
3953 199
3953 200
3953 201
3953 202
3953 203
3953 204
3953 205
3953 206
3953 207
3953 208
3953 209
3953 210
3953 211
3953 261
3953 262
3953 263
3953 264
3953 265
3953 266
3953 267
3953 268
3953 269
3953 270
3954 191
3954 192
3954 193
3954 194
3954 195
3954 196
3954 197
3954 198
3954 199
3954 200
3954 201
3954 202
3954 203
3954 253
3954 254
3954 255
3954 256
3954 257
3954 258
3954 259
3954 260
3954 261
3954 262
3954 263
3954 264
3955 184
3955 185
3955 186
3955 187
3955 188
3955 189
3955 190
3955 191
3955 192
3955 193
3955 194
3955 195
3955 246
3955 247
3955 248
3955 249
3955 250
3955 251
3955 252
3955 253
3955 254
3955 255
3955 256
3955 257
3955 258
3956 178
3956 179
3956 180
3956 181
3956 182
3956 183
3956 184
3956 185
3956 186
3956 187
3956 238
3956 239
3956 240
3956 241
3956 242
3956 243
3956 244
3956 245
3956 246
3956 247
3956 248
3956 249
3956 250
3956 251
3957 173
3957 174
3957 175
3957 176
3957 177
3957 178
3957 179
3957 231
3957 232
3957 233
3957 234
3957 235
3957 236
3957 237
3957 238
3957 239
3957 240
3957 241
3957 242
3957 243
3957 244
3957 245
3958 224
3958 225
3958 226
3958 227
3958 228
3958 229
3958 230
3958 231
3958 232
3958 233
3958 234
3958 235
3958 236
3958 237
3958 238
3959 217
3959 218
3959 219
3959 220
3959 221
3959 222
3959 223
3959 224
3959 225
3959 226
3959 227
3959 228
3959 229
3959 230
3959 231
3960 210
3960 211
3960 212
3960 213
3960 214
3960 215
3960 216
3960 217
3960 218
3960 219
3960 220
3960 221
3960 222
3960 223
3960 224
3960 275
3960 276
3960 277
3960 278
3960 279
3961 203
3961 204
3961 205
3961 206
3961 207
3961 208
3961 209
3961 210
3961 211
3961 212
3961 213
3961 214
3961 215
3961 216
3961 267
3961 268
3961 269
3961 270
3961 271
3961 272
3961 273
3961 274
3962 196
3962 197
3962 198
3962 199
3962 200
3962 201
3962 202
3962 203
3962 204
3962 205
3962 206
3962 207
3962 208
3962 209
3962 259
3962 260
3962 261
3962 262
3962 263
3962 264
3962 265
3962 266
3962 267
3962 268
3962 269
3963 189
3963 190
3963 191
3963 192
3963 193
3963 194
3963 195
3963 196
3963 197
3963 198
3963 199
3963 200
3963 201
3963 251
3963 252
3963 253
3963 254
3963 255
3963 256
3963 257
3963 258
3963 259
3963 260
3963 261
3963 262
3963 263
3964 183
3964 184
3964 185
3964 186
3964 187
3964 188
3964 189
3964 190
3964 191
3964 192
3964 193
3964 244
3964 245
3964 246
3964 247
3964 248
3964 249
3964 250
3964 251
3964 252
3964 253
3964 254
3964 255
3964 256
3965 177
3965 178
3965 179
3965 180
3965 181
3965 182
3965 183
3965 184
3965 185
3965 236
3965 237
3965 238
3965 239
3965 240
3965 241
3965 242
3965 243
3965 244
3965 245
3965 246
3965 247
3965 248
3965 249
3965 250
3966 172
3966 173
3966 174
3966 175
3966 176
3966 177
3966 229
3966 230
3966 231
3966 232
3966 233
3966 234
3966 235
3966 236
3966 237
3966 238
3966 239
3966 240
3966 241
3966 242
3966 243
3967 222
3967 223
3967 224
3967 225
3967 226
3967 227
3967 228
3967 229
3967 230
3967 231
3967 232
3967 233
3967 234
3967 235
3967 236
3968 215
3968 216
3968 217
3968 218
3968 219
3968 220
3968 221
3968 222
3968 223
3968 224
3968 225
3968 226
3968 227
3968 228
3968 229
3969 208
3969 209
3969 210
3969 211
3969 212
3969 213
3969 214
3969 215
3969 216
3969 217
3969 218
3969 219
3969 220
3969 221
3969 222
3969 273
3969 274
3969 275
3969 276
3969 277
3969 278
3970 201
3970 202
3970 203
3970 204
3970 205
3970 206
3970 207
3970 208
3970 209
3970 210
3970 211
3970 212
3970 213
3970 214
3970 265
3970 266
3970 267
3970 268
3970 269
3970 270
3970 271
3970 272
3970 273
3971 194
3971 195
3971 196
3971 197
3971 198
3971 199
3971 200
3971 201
3971 202
3971 203
3971 204
3971 205
3971 206
3971 207
3971 257
3971 258
3971 259
3971 260
3971 261
3971 262
3971 263
3971 264
3971 265
3971 266
3971 267
3972 188
3972 189
3972 190
3972 191
3972 192
3972 193
3972 194
3972 195
3972 196
3972 197
3972 198
3972 199
3972 249
3972 250
3972 251
3972 252
3972 253
3972 254
3972 255
3972 256
3972 257
3972 258
3972 259
3972 260
3972 261
3973 182
3973 183
3973 184
3973 185
3973 186
3973 187
3973 188
3973 189
3973 190
3973 191
3973 242
3973 243
3973 244
3973 245
3973 246
3973 247
3973 248
3973 249
3973 250
3973 251
3973 252
3973 253
3973 254
3973 255
3974 176
3974 177
3974 178
3974 179
3974 180
3974 181
3974 182
3974 183
3974 235
3974 236
3974 237
3974 238
3974 239
3974 240
3974 241
3974 242
3974 243
3974 244
3974 245
3974 246
3974 247
3974 248
3975 171
3975 172
3975 173
3975 174
3975 227
3975 228
3975 229
3975 230
3975 231
3975 232
3975 233
3975 234
3975 235
3975 236
3975 237
3975 238
3975 239
3975 240
3975 241
3976 220
3976 221
3976 222
3976 223
3976 224
3976 225
3976 226
3976 227
3976 228
3976 229
3976 230
3976 231
3976 232
3976 233
3976 234
3977 213
3977 214
3977 215
3977 216
3977 217
3977 218
3977 219
3977 220
3977 221
3977 222
3977 223
3977 224
3977 225
3977 226
3977 227
3978 206
3978 207
3978 208
3978 209
3978 210
3978 211
3978 212
3978 213
3978 214
3978 215
3978 216
3978 217
3978 218
3978 219
3978 220
3978 271
3978 272
3978 273
3978 274
3978 275
3978 276
3978 277
3979 200
3979 201
3979 202
3979 203
3979 204
3979 205
3979 206
3979 207
3979 208
3979 209
3979 210
3979 211
3979 212
3979 213
3979 263
3979 264
3979 265
3979 266
3979 267
3979 268
3979 269
3979 270
3979 271
3979 272
3980 193
3980 194
3980 195
3980 196
3980 197
3980 198
3980 199
3980 200
3980 201
3980 202
3980 203
3980 204
3980 205
3980 255
3980 256
3980 257
3980 258
3980 259
3980 260
3980 261
3980 262
3980 263
3980 264
3980 265
3980 266
3981 187
3981 188
3981 189
3981 190
3981 191
3981 192
3981 193
3981 194
3981 195
3981 196
3981 197
3981 248
3981 249
3981 250
3981 251
3981 252
3981 253
3981 254
3981 255
3981 256
3981 257
3981 258
3981 259
3981 260
3982 180
3982 181
3982 182
3982 183
3982 184
3982 185
3982 186
3982 187
3982 188
3982 189
3982 190
3982 240
3982 241
3982 242
3982 243
3982 244
3982 245
3982 246
3982 247
3982 248
3982 249
3982 250
3982 251
3982 252
3982 253
3983 175
3983 176
3983 177
3983 178
3983 179
3983 180
3983 181
3983 233
3983 234
3983 235
3983 236
3983 237
3983 238
3983 239
3983 240
3983 241
3983 242
3983 243
3983 244
3983 245
3983 246
3984 226
3984 227
3984 228
3984 229
3984 230
3984 231
3984 232
3984 233
3984 234
3984 235
3984 236
3984 237
3984 238
3984 239
3984 240
3985 219
3985 220
3985 221
3985 222
3985 223
3985 224
3985 225
3985 226
3985 227
3985 228
3985 229
3985 230
3985 231
3985 232
3985 233
3986 212
3986 213
3986 214
3986 215
3986 216
3986 217
3986 218
3986 219
3986 220
3986 221
3986 222
3986 223
3986 224
3986 225
3986 226
3986 278
3986 279
3986 280
3987 205
3987 206
3987 207
3987 208
3987 209
3987 210
3987 211
3987 212
3987 213
3987 214
3987 215
3987 216
3987 217
3987 218
3987 269
3987 270
3987 271
3987 272
3987 273
3987 274
3987 275
3987 276
3988 198
3988 199
3988 200
3988 201
3988 202
3988 203
3988 204
3988 205
3988 206
3988 207
3988 208
3988 209
3988 210
3988 211
3988 261
3988 262
3988 263
3988 264
3988 265
3988 266
3988 267
3988 268
3988 269
3988 270
3989 192
3989 193
3989 194
3989 195
3989 196
3989 197
3989 198
3989 199
3989 200
3989 201
3989 202
3989 203
3989 253
3989 254
3989 255
3989 256
3989 257
3989 258
3989 259
3989 260
3989 261
3989 262
3989 263
3989 264
3990 185
3990 186
3990 187
3990 188
3990 189
3990 190
3990 191
3990 192
3990 193
3990 194
3990 195
3990 196
3990 246
3990 247
3990 248
3990 249
3990 250
3990 251
3990 252
3990 253
3990 254
3990 255
3990 256
3990 257
3990 258
3991 179
3991 180
3991 181
3991 182
3991 183
3991 184
3991 185
3991 186
3991 187
3991 188
3991 239
3991 240
3991 241
3991 242
3991 243
3991 244
3991 245
3991 246
3991 247
3991 248
3991 249
3991 250
3991 251
3991 252
3992 174
3992 175
3992 176
3992 177
3992 178
3992 179
3992 231
3992 232
3992 233
3992 234
3992 235
3992 236
3992 237
3992 238
3992 239
3992 240
3992 241
3992 242
3992 243
3992 244
3992 245
3993 224
3993 225
3993 226
3993 227
3993 228
3993 229
3993 230
3993 231
3993 232
3993 233
3993 234
3993 235
3993 236
3993 237
3993 238
3994 217
3994 218
3994 219
3994 220
3994 221
3994 222
3994 223
3994 224
3994 225
3994 226
3994 227
3994 228
3994 229
3994 230
3994 231
3995 210
3995 211
3995 212
3995 213
3995 214
3995 215
3995 216
3995 217
3995 218
3995 219
3995 220
3995 221
3995 222
3995 223
3995 224
3995 276
3995 277
3995 278
3995 279
3996 203
3996 204
3996 205
3996 206
3996 207
3996 208
3996 209
3996 210
3996 211
3996 212
3996 213
3996 214
3996 215
3996 216
3996 267
3996 268
3996 269
3996 270
3996 271
3996 272
3996 273
3996 274
3996 275
3997 197
3997 198
3997 199
3997 200
3997 201
3997 202
3997 203
3997 204
3997 205
3997 206
3997 207
3997 208
3997 209
3997 259
3997 260
3997 261
3997 262
3997 263
3997 264
3997 265
3997 266
3997 267
3997 268
3997 269
3998 190
3998 191
3998 192
3998 193
3998 194
3998 195
3998 196
3998 197
3998 198
3998 199
3998 200
3998 201
3998 252
3998 253
3998 254
3998 255
3998 256
3998 257
3998 258
3998 259
3998 260
3998 261
3998 262
3998 263
3999 184
3999 185
3999 186
3999 187
3999 188
3999 189
3999 190
3999 191
3999 192
3999 193
3999 194
3999 244
3999 245
3999 246
3999 247
3999 248
3999 249
3999 250
3999 251
3999 252
3999 253
3999 254
3999 255
3999 256
4000 178
4000 179
4000 180
4000 181
4000 182
4000 183
4000 184
4000 185
4000 237
4000 238
4000 239
4000 240
4000 241
4000 242
4000 243
4000 244
4000 245
4000 246
4000 247
4000 248
4000 249
4000 250
4001 173
4001 174
4001 175
4001 176
4001 177
4001 230
4001 231
4001 232
4001 233
4001 234
4001 235
4001 236
4001 237
4001 238
4001 239
4001 240
4001 241
4001 242
4001 243
4002 223
4002 224
4002 225
4002 226
4002 227
4002 228
4002 229
4002 230
4002 231
4002 232
4002 233
4002 234
4002 235
4002 236
4003 216
4003 217
4003 218
4003 219
4003 220
4003 221
4003 222
4003 223
4003 224
4003 225
4003 226
4003 227
4003 228
4003 229
4004 209
4004 210
4004 211
4004 212
4004 213
4004 214
4004 215
4004 216
4004 217
4004 218
4004 219
4004 220
4004 221
4004 222
4004 274
4004 275
4004 276
4004 277
4004 278
4005 202
4005 203
4005 204
4005 205
4005 206
4005 207
4005 208
4005 209
4005 210
4005 211
4005 212
4005 213
4005 214
4005 215
4005 265
4005 266
4005 267
4005 268
4005 269
4005 270
4005 271
4005 272
4005 273
4006 195
4006 196
4006 197
4006 198
4006 199
4006 200
4006 201
4006 202
4006 203
4006 204
4006 205
4006 206
4006 207
4006 257
4006 258
4006 259
4006 260
4006 261
4006 262
4006 263
4006 264
4006 265
4006 266
4006 267
4007 189
4007 190
4007 191
4007 192
4007 193
4007 194
4007 195
4007 196
4007 197
4007 198
4007 199
4007 200
4007 250
4007 251
4007 252
4007 253
4007 254
4007 255
4007 256
4007 257
4007 258
4007 259
4007 260
4007 261
4008 182
4008 183
4008 184
4008 185
4008 186
4008 187
4008 188
4008 189
4008 190
4008 191
4008 192
4008 243
4008 244
4008 245
4008 246
4008 247
4008 248
4008 249
4008 250
4008 251
4008 252
4008 253
4008 254
4008 255
4009 177
4009 178
4009 179
4009 180
4009 181
4009 182
4009 183
4009 235
4009 236
4009 237
4009 238
4009 239
4009 240
4009 241
4009 242
4009 243
4009 244
4009 245
4009 246
4009 247
4009 248
4010 172
4010 173
4010 174
4010 228
4010 229
4010 230
4010 231
4010 232
4010 233
4010 234
4010 235
4010 236
4010 237
4010 238
4010 239
4010 240
4010 241
4011 221
4011 222
4011 223
4011 224
4011 225
4011 226
4011 227
4011 228
4011 229
4011 230
4011 231
4011 232
4011 233
4011 234
4012 214
4012 215
4012 216
4012 217
4012 218
4012 219
4012 220
4012 221
4012 222
4012 223
4012 224
4012 225
4012 226
4012 227
4013 207
4013 208
4013 209
4013 210
4013 211
4013 212
4013 213
4013 214
4013 215
4013 216
4013 217
4013 218
4013 219
4013 220
4013 272
4013 273
4013 274
4013 275
4013 276
4013 277
4014 200
4014 201
4014 202
4014 203
4014 204
4014 205
4014 206
4014 207
4014 208
4014 209
4014 210
4014 211
4014 212
4014 213
4014 263
4014 264
4014 265
4014 266
4014 267
4014 268
4014 269
4014 270
4014 271
4014 272
4015 194
4015 195
4015 196
4015 197
4015 198
4015 199
4015 200
4015 201
4015 202
4015 203
4015 204
4015 205
4015 256
4015 257
4015 258
4015 259
4015 260
4015 261
4015 262
4015 263
4015 264
4015 265
4015 266
4016 187
4016 188
4016 189
4016 190
4016 191
4016 192
4016 193
4016 194
4016 195
4016 196
4016 197
4016 198
4016 248
4016 249
4016 250
4016 251
4016 252
4016 253
4016 254
4016 255
4016 256
4016 257
4016 258
4016 259
4016 260
4017 181
4017 182
4017 183
4017 184
4017 185
4017 186
4017 187
4017 188
4017 189
4017 190
4017 241
4017 242
4017 243
4017 244
4017 245
4017 246
4017 247
4017 248
4017 249
4017 250
4017 251
4017 252
4017 253
4018 176
4018 177
4018 178
4018 179
4018 180
4018 181
4018 234
4018 235
4018 236
4018 237
4018 238
4018 239
4018 240
4018 241
4018 242
4018 243
4018 244
4018 245
4018 246
4018 247
4019 226
4019 227
4019 228
4019 229
4019 230
4019 231
4019 232
4019 233
4019 234
4019 235
4019 236
4019 237
4019 238
4019 239
4019 240
4020 219
4020 220
4020 221
4020 222
4020 223
4020 224
4020 225
4020 226
4020 227
4020 228
4020 229
4020 230
4020 231
4020 232
4020 233
4021 212
4021 213
4021 214
4021 215
4021 216
4021 217
4021 218
4021 219
4021 220
4021 221
4021 222
4021 223
4021 224
4021 225
4021 226
4021 279
4021 280
4022 205
4022 206
4022 207
4022 208
4022 209
4022 210
4022 211
4022 212
4022 213
4022 214
4022 215
4022 216
4022 217
4022 218
4022 270
4022 271
4022 272
4022 273
4022 274
4022 275
4022 276
4023 199
4023 200
4023 201
4023 202
4023 203
4023 204
4023 205
4023 206
4023 207
4023 208
4023 209
4023 210
4023 211
4023 262
4023 263
4023 264
4023 265
4023 266
4023 267
4023 268
4023 269
4023 270
4024 192
4024 193
4024 194
4024 195
4024 196
4024 197
4024 198
4024 199
4024 200
4024 201
4024 202
4024 203
4024 254
4024 255
4024 256
4024 257
4024 258
4024 259
4024 260
4024 261
4024 262
4024 263
4024 264
4025 186
4025 187
4025 188
4025 189
4025 190
4025 191
4025 192
4025 193
4025 194
4025 195
4025 196
4025 246
4025 247
4025 248
4025 249
4025 250
4025 251
4025 252
4025 253
4025 254
4025 255
4025 256
4025 257
4025 258
4026 180
4026 181
4026 182
4026 183
4026 184
4026 185
4026 186
4026 187
4026 188
4026 239
4026 240
4026 241
4026 242
4026 243
4026 244
4026 245
4026 246
4026 247
4026 248
4026 249
4026 250
4026 251
4026 252
4027 175
4027 176
4027 177
4027 178
4027 179
4027 232
4027 233
4027 234
4027 235
4027 236
4027 237
4027 238
4027 239
4027 240
4027 241
4027 242
4027 243
4027 244
4027 245
4028 225
4028 226
4028 227
4028 228
4028 229
4028 230
4028 231
4028 232
4028 233
4028 234
4028 235
4028 236
4028 237
4028 238
4029 218
4029 219
4029 220
4029 221
4029 222
4029 223
4029 224
4029 225
4029 226
4029 227
4029 228
4029 229
4029 230
4029 231
4030 211
4030 212
4030 213
4030 214
4030 215
4030 216
4030 217
4030 218
4030 219
4030 220
4030 221
4030 222
4030 223
4030 224
4030 276
4030 277
4030 278
4030 279
4031 204
4031 205
4031 206
4031 207
4031 208
4031 209
4031 210
4031 211
4031 212
4031 213
4031 214
4031 215
4031 216
4031 217
4031 268
4031 269
4031 270
4031 271
4031 272
4031 273
4031 274
4031 275
4032 197
4032 198
4032 199
4032 200
4032 201
4032 202
4032 203
4032 204
4032 205
4032 206
4032 207
4032 208
4032 209
4032 260
4032 261
4032 262
4032 263
4032 264
4032 265
4032 266
4032 267
4032 268
4032 269
4033 191
4033 192
4033 193
4033 194
4033 195
4033 196
4033 197
4033 198
4033 199
4033 200
4033 201
4033 202
4033 252
4033 253
4033 254
4033 255
4033 256
4033 257
4033 258
4033 259
4033 260
4033 261
4033 262
4033 263
4034 185
4034 186
4034 187
4034 188
4034 189
4034 190
4034 191
4034 192
4034 193
4034 194
4034 245
4034 246
4034 247
4034 248
4034 249
4034 250
4034 251
4034 252
4034 253
4034 254
4034 255
4034 256
4034 257
4035 179
4035 180
4035 181
4035 182
4035 183
4035 184
4035 185
4035 186
4035 237
4035 238
4035 239
4035 240
4035 241
4035 242
4035 243
4035 244
4035 245
4035 246
4035 247
4035 248
4035 249
4035 250
4036 174
4036 175
4036 176
4036 230
4036 231
4036 232
4036 233
4036 234
4036 235
4036 236
4036 237
4036 238
4036 239
4036 240
4036 241
4036 242
4036 243
4037 223
4037 224
4037 225
4037 226
4037 227
4037 228
4037 229
4037 230
4037 231
4037 232
4037 233
4037 234
4037 235
4037 236
4038 216
4038 217
4038 218
4038 219
4038 220
4038 221
4038 222
4038 223
4038 224
4038 225
4038 226
4038 227
4038 228
4038 229
4039 209
4039 210
4039 211
4039 212
4039 213
4039 214
4039 215
4039 216
4039 217
4039 218
4039 219
4039 220
4039 221
4039 222
4039 274
4039 275
4039 276
4039 277
4039 278
4040 203
4040 204
4040 205
4040 206
4040 207
4040 208
4040 209
4040 210
4040 211
4040 212
4040 213
4040 214
4040 215
4040 266
4040 267
4040 268
4040 269
4040 270
4040 271
4040 272
4040 273
4041 196
4041 197
4041 198
4041 199
4041 200
4041 201
4041 202
4041 203
4041 204
4041 205
4041 206
4041 207
4041 258
4041 259
4041 260
4041 261
4041 262
4041 263
4041 264
4041 265
4041 266
4041 267
4041 268
4042 190
4042 191
4042 192
4042 193
4042 194
4042 195
4042 196
4042 197
4042 198
4042 199
4042 200
4042 250
4042 251
4042 252
4042 253
4042 254
4042 255
4042 256
4042 257
4042 258
4042 259
4042 260
4042 261
4043 183
4043 184
4043 185
4043 186
4043 187
4043 188
4043 189
4043 190
4043 191
4043 192
4043 243
4043 244
4043 245
4043 246
4043 247
4043 248
4043 249
4043 250
4043 251
4043 252
4043 253
4043 254
4043 255
4044 178
4044 179
4044 180
4044 181
4044 182
4044 183
4044 236
4044 237
4044 238
4044 239
4044 240
4044 241
4044 242
4044 243
4044 244
4044 245
4044 246
4044 247
4044 248
4045 229
4045 230
4045 231
4045 232
4045 233
4045 234
4045 235
4045 236
4045 237
4045 238
4045 239
4045 240
4045 241
4045 242
4046 222
4046 223
4046 224
4046 225
4046 226
4046 227
4046 228
4046 229
4046 230
4046 231
4046 232
4046 233
4046 234
4046 235
4047 215
4047 216
4047 217
4047 218
4047 219
4047 220
4047 221
4047 222
4047 223
4047 224
4047 225
4047 226
4047 227
4048 208
4048 209
4048 210
4048 211
4048 212
4048 213
4048 214
4048 215
4048 216
4048 217
4048 218
4048 219
4048 220
4048 272
4048 273
4048 274
4048 275
4048 276
4048 277
4049 201
4049 202
4049 203
4049 204
4049 205
4049 206
4049 207
4049 208
4049 209
4049 210
4049 211
4049 212
4049 213
4049 264
4049 265
4049 266
4049 267
4049 268
4049 269
4049 270
4049 271
4049 272
4050 195
4050 196
4050 197
4050 198
4050 199
4050 200
4050 201
4050 202
4050 203
4050 204
4050 205
4050 256
4050 257
4050 258
4050 259
4050 260
4050 261
4050 262
4050 263
4050 264
4050 265
4050 266
4051 188
4051 189
4051 190
4051 191
4051 192
4051 193
4051 194
4051 195
4051 196
4051 197
4051 198
4051 249
4051 250
4051 251
4051 252
4051 253
4051 254
4051 255
4051 256
4051 257
4051 258
4051 259
4051 260
4052 182
4052 183
4052 184
4052 185
4052 186
4052 187
4052 188
4052 189
4052 190
4052 241
4052 242
4052 243
4052 244
4052 245
4052 246
4052 247
4052 248
4052 249
4052 250
4052 251
4052 252
4052 253
4053 177
4053 178
4053 179
4053 180
4053 181
4053 234
4053 235
4053 236
4053 237
4053 238
4053 239
4053 240
4053 241
4053 242
4053 243
4053 244
4053 245
4053 246
4053 247
4054 227
4054 228
4054 229
4054 230
4054 231
4054 232
4054 233
4054 234
4054 235
4054 236
4054 237
4054 238
4054 239
4054 240
4055 220
4055 221
4055 222
4055 223
4055 224
4055 225
4055 226
4055 227
4055 228
4055 229
4055 230
4055 231
4055 232
4055 233
4056 213
4056 214
4056 215
4056 216
4056 217
4056 218
4056 219
4056 220
4056 221
4056 222
4056 223
4056 224
4056 225
4056 226
4057 206
4057 207
4057 208
4057 209
4057 210
4057 211
4057 212
4057 213
4057 214
4057 215
4057 216
4057 217
4057 218
4057 270
4057 271
4057 272
4057 273
4057 274
4057 275
4057 276
4058 200
4058 201
4058 202
4058 203
4058 204
4058 205
4058 206
4058 207
4058 208
4058 209
4058 210
4058 211
4058 262
4058 263
4058 264
4058 265
4058 266
4058 267
4058 268
4058 269
4058 270
4059 193
4059 194
4059 195
4059 196
4059 197
4059 198
4059 199
4059 200
4059 201
4059 202
4059 203
4059 255
4059 256
4059 257
4059 258
4059 259
4059 260
4059 261
4059 262
4059 263
4059 264
4059 265
4060 187
4060 188
4060 189
4060 190
4060 191
4060 192
4060 193
4060 194
4060 195
4060 196
4060 247
4060 248
4060 249
4060 250
4060 251
4060 252
4060 253
4060 254
4060 255
4060 256
4060 257
4060 258
4061 181
4061 182
4061 183
4061 184
4061 185
4061 186
4061 187
4061 188
4061 240
4061 241
4061 242
4061 243
4061 244
4061 245
4061 246
4061 247
4061 248
4061 249
4061 250
4061 251
4061 252
4062 176
4062 177
4062 178
4062 179
4062 232
4062 233
4062 234
4062 235
4062 236
4062 237
4062 238
4062 239
4062 240
4062 241
4062 242
4062 243
4062 244
4062 245
4063 225
4063 226
4063 227
4063 228
4063 229
4063 230
4063 231
4063 232
4063 233
4063 234
4063 235
4063 236
4063 237
4063 238
4064 218
4064 219
4064 220
4064 221
4064 222
4064 223
4064 224
4064 225
4064 226
4064 227
4064 228
4064 229
4064 230
4064 231
4065 212
4065 213
4065 214
4065 215
4065 216
4065 217
4065 218
4065 219
4065 220
4065 221
4065 222
4065 223
4065 224
4065 277
4065 278
4065 279
4066 205
4066 206
4066 207
4066 208
4066 209
4066 210
4066 211
4066 212
4066 213
4066 214
4066 215
4066 216
4066 217
4066 268
4066 269
4066 270
4066 271
4066 272
4066 273
4066 274
4066 275
4067 198
4067 199
4067 200
4067 201
4067 202
4067 203
4067 204
4067 205
4067 206
4067 207
4067 208
4067 209
4067 260
4067 261
4067 262
4067 263
4067 264
4067 265
4067 266
4067 267
4067 268
4067 269
4068 192
4068 193
4068 194
4068 195
4068 196
4068 197
4068 198
4068 199
4068 200
4068 201
4068 202
4068 253
4068 254
4068 255
4068 256
4068 257
4068 258
4068 259
4068 260
4068 261
4068 262
4068 263
4069 186
4069 187
4069 188
4069 189
4069 190
4069 191
4069 192
4069 193
4069 194
4069 245
4069 246
4069 247
4069 248
4069 249
4069 250
4069 251
4069 252
4069 253
4069 254
4069 255
4069 256
4069 257
4070 180
4070 181
4070 182
4070 183
4070 184
4070 185
4070 238
4070 239
4070 240
4070 241
4070 242
4070 243
4070 244
4070 245
4070 246
4070 247
4070 248
4070 249
4070 250
4071 231
4071 232
4071 233
4071 234
4071 235
4071 236
4071 237
4071 238
4071 239
4071 240
4071 241
4071 242
4071 243
4072 224
4072 225
4072 226
4072 227
4072 228
4072 229
4072 230
4072 231
4072 232
4072 233
4072 234
4072 235
4072 236
4073 217
4073 218
4073 219
4073 220
4073 221
4073 222
4073 223
4073 224
4073 225
4073 226
4073 227
4073 228
4073 229
4074 210
4074 211
4074 212
4074 213
4074 214
4074 215
4074 216
4074 217
4074 218
4074 219
4074 220
4074 221
4074 222
4074 275
4074 276
4074 277
4074 278
4075 203
4075 204
4075 205
4075 206
4075 207
4075 208
4075 209
4075 210
4075 211
4075 212
4075 213
4075 214
4075 215
4075 266
4075 267
4075 268
4075 269
4075 270
4075 271
4075 272
4075 273
4076 197
4076 198
4076 199
4076 200
4076 201
4076 202
4076 203
4076 204
4076 205
4076 206
4076 207
4076 259
4076 260
4076 261
4076 262
4076 263
4076 264
4076 265
4076 266
4076 267
4076 268
4077 191
4077 192
4077 193
4077 194
4077 195
4077 196
4077 197
4077 198
4077 199
4077 200
4077 251
4077 252
4077 253
4077 254
4077 255
4077 256
4077 257
4077 258
4077 259
4077 260
4077 261
4078 185
4078 186
4078 187
4078 188
4078 189
4078 190
4078 191
4078 192
4078 244
4078 245
4078 246
4078 247
4078 248
4078 249
4078 250
4078 251
4078 252
4078 253
4078 254
4078 255
4079 179
4079 180
4079 181
4079 182
4079 183
4079 236
4079 237
4079 238
4079 239
4079 240
4079 241
4079 242
4079 243
4079 244
4079 245
4079 246
4079 247
4079 248
4080 229
4080 230
4080 231
4080 232
4080 233
4080 234
4080 235
4080 236
4080 237
4080 238
4080 239
4080 240
4080 241
4080 242
4081 222
4081 223
4081 224
4081 225
4081 226
4081 227
4081 228
4081 229
4081 230
4081 231
4081 232
4081 233
4081 234
4081 235
4082 215
4082 216
4082 217
4082 218
4082 219
4082 220
4082 221
4082 222
4082 223
4082 224
4082 225
4082 226
4082 227
4083 209
4083 210
4083 211
4083 212
4083 213
4083 214
4083 215
4083 216
4083 217
4083 218
4083 219
4083 220
4083 273
4083 274
4083 275
4083 276
4083 277
4084 202
4084 203
4084 204
4084 205
4084 206
4084 207
4084 208
4084 209
4084 210
4084 211
4084 212
4084 213
4084 265
4084 266
4084 267
4084 268
4084 269
4084 270
4084 271
4084 272
4085 195
4085 196
4085 197
4085 198
4085 199
4085 200
4085 201
4085 202
4085 203
4085 204
4085 205
4085 257
4085 258
4085 259
4085 260
4085 261
4085 262
4085 263
4085 264
4085 265
4085 266
4086 189
4086 190
4086 191
4086 192
4086 193
4086 194
4086 195
4086 196
4086 197
4086 198
4086 249
4086 250
4086 251
4086 252
4086 253
4086 254
4086 255
4086 256
4086 257
4086 258
4086 259
4086 260
4087 183
4087 184
4087 185
4087 186
4087 187
4087 188
4087 189
4087 190
4087 242
4087 243
4087 244
4087 245
4087 246
4087 247
4087 248
4087 249
4087 250
4087 251
4087 252
4087 253
4088 179
4088 180
4088 235
4088 236
4088 237
4088 238
4088 239
4088 240
4088 241
4088 242
4088 243
4088 244
4088 245
4088 246
4088 247
4089 228
4089 229
4089 230
4089 231
4089 232
4089 233
4089 234
4089 235
4089 236
4089 237
4089 238
4089 239
4089 240
4090 221
4090 222
4090 223
4090 224
4090 225
4090 226
4090 227
4090 228
4090 229
4090 230
4090 231
4090 232
4090 233
4091 214
4091 215
4091 216
4091 217
4091 218
4091 219
4091 220
4091 221
4091 222
4091 223
4091 224
4091 225
4091 226
4092 207
4092 208
4092 209
4092 210
4092 211
4092 212
4092 213
4092 214
4092 215
4092 216
4092 217
4092 218
4092 271
4092 272
4092 273
4092 274
4092 275
4092 276
4093 201
4093 202
4093 203
4093 204
4093 205
4093 206
4093 207
4093 208
4093 209
4093 210
4093 211
4093 263
4093 264
4093 265
4093 266
4093 267
4093 268
4093 269
4093 270
4094 194
4094 195
4094 196
4094 197
4094 198
4094 199
4094 200
4094 201
4094 202
4094 203
4094 255
4094 256
4094 257
4094 258
4094 259
4094 260
4094 261
4094 262
4094 263
4094 264
4095 188
4095 189
4095 190
4095 191
4095 192
4095 193
4095 194
4095 195
4095 196
4095 248
4095 249
4095 250
4095 251
4095 252
4095 253
4095 254
4095 255
4095 256
4095 257
4095 258
4096 183
4096 184
4096 185
4096 186
4096 187
4096 240
4096 241
4096 242
4096 243
4096 244
4096 245
4096 246
4096 247
4096 248
4096 249
4096 250
4096 251
4096 252
4097 233
4097 234
4097 235
4097 236
4097 237
4097 238
4097 239
4097 240
4097 241
4097 242
4097 243
4097 244
4097 245
4098 226
4098 227
4098 228
4098 229
4098 230
4098 231
4098 232
4098 233
4098 234
4098 235
4098 236
4098 237
4098 238
4099 219
4099 220
4099 221
4099 222
4099 223
4099 224
4099 225
4099 226
4099 227
4099 228
4099 229
4099 230
4099 231
4100 212
4100 213
4100 214
4100 215
4100 216
4100 217
4100 218
4100 219
4100 220
4100 221
4100 222
4100 223
4100 224
4101 206
4101 207
4101 208
4101 209
4101 210
4101 211
4101 212
4101 213
4101 214
4101 215
4101 216
4101 217
4101 269
4101 270
4101 271
4101 272
4101 273
4101 274
4101 275
4102 199
4102 200
4102 201
4102 202
4102 203
4102 204
4102 205
4102 206
4102 207
4102 208
4102 209
4102 261
4102 262
4102 263
4102 264
4102 265
4102 266
4102 267
4102 268
4102 269
4103 193
4103 194
4103 195
4103 196
4103 197
4103 198
4103 199
4103 200
4103 201
4103 253
4103 254
4103 255
4103 256
4103 257
4103 258
4103 259
4103 260
4103 261
4103 262
4103 263
4104 187
4104 188
4104 189
4104 190
4104 191
4104 192
4104 193
4104 194
4104 246
4104 247
4104 248
4104 249
4104 250
4104 251
4104 252
4104 253
4104 254
4104 255
4104 256
4104 257
4105 182
4105 183
4105 184
4105 185
4105 239
4105 240
4105 241
4105 242
4105 243
4105 244
4105 245
4105 246
4105 247
4105 248
4105 249
4105 250
4106 232
4106 233
4106 234
4106 235
4106 236
4106 237
4106 238
4106 239
4106 240
4106 241
4106 242
4106 243
4107 225
4107 226
4107 227
4107 228
4107 229
4107 230
4107 231
4107 232
4107 233
4107 234
4107 235
4107 236
4108 218
4108 219
4108 220
4108 221
4108 222
4108 223
4108 224
4108 225
4108 226
4108 227
4108 228
4108 229
4109 211
4109 212
4109 213
4109 214
4109 215
4109 216
4109 217
4109 218
4109 219
4109 220
4109 221
4109 222
4109 276
4109 277
4109 278
4110 204
4110 205
4110 206
4110 207
4110 208
4110 209
4110 210
4110 211
4110 212
4110 213
4110 214
4110 215
4110 267
4110 268
4110 269
4110 270
4110 271
4110 272
4110 273
4111 198
4111 199
4111 200
4111 201
4111 202
4111 203
4111 204
4111 205
4111 206
4111 207
4111 259
4111 260
4111 261
4111 262
4111 263
4111 264
4111 265
4111 266
4111 267
4112 192
4112 193
4112 194
4112 195
4112 196
4112 197
4112 198
4112 199
4112 252
4112 253
4112 254
4112 255
4112 256
4112 257
4112 258
4112 259
4112 260
4112 261
4113 186
4113 187
4113 188
4113 189
4113 190
4113 191
4113 244
4113 245
4113 246
4113 247
4113 248
4113 249
4113 250
4113 251
4113 252
4113 253
4113 254
4113 255
4114 182
4114 237
4114 238
4114 239
4114 240
4114 241
4114 242
4114 243
4114 244
4114 245
4114 246
4114 247
4114 248
4115 230
4115 231
4115 232
4115 233
4115 234
4115 235
4115 236
4115 237
4115 238
4115 239
4115 240
4115 241
4116 223
4116 224
4116 225
4116 226
4116 227
4116 228
4116 229
4116 230
4116 231
4116 232
4116 233
4116 234
4116 235
4117 216
4117 217
4117 218
4117 219
4117 220
4117 221
4117 222
4117 223
4117 224
4117 225
4117 226
4117 227
4118 210
4118 211
4118 212
4118 213
4118 214
4118 215
4118 216
4118 217
4118 218
4118 219
4118 220
4118 274
4118 275
4118 276
4118 277
4119 203
4119 204
4119 205
4119 206
4119 207
4119 208
4119 209
4119 210
4119 211
4119 212
4119 213
4119 266
4119 267
4119 268
4119 269
4119 270
4119 271
4119 272
4120 197
4120 198
4120 199
4120 200
4120 201
4120 202
4120 203
4120 204
4120 205
4120 258
4120 259
4120 260
4120 261
4120 262
4120 263
4120 264
4120 265
4120 266
4121 191
4121 192
4121 193
4121 194
4121 195
4121 196
4121 197
4121 250
4121 251
4121 252
4121 253
4121 254
4121 255
4121 256
4121 257
4121 258
4121 259
4121 260
4122 185
4122 186
4122 187
4122 188
4122 189
4122 243
4122 244
4122 245
4122 246
4122 247
4122 248
4122 249
4122 250
4122 251
4122 252
4122 253
4123 236
4123 237
4123 238
4123 239
4123 240
4123 241
4123 242
4123 243
4123 244
4123 245
4123 246
4123 247
4124 229
4124 230
4124 231
4124 232
4124 233
4124 234
4124 235
4124 236
4124 237
4124 238
4124 239
4124 240
4125 222
4125 223
4125 224
4125 225
4125 226
4125 227
4125 228
4125 229
4125 230
4125 231
4125 232
4125 233
4126 215
4126 216
4126 217
4126 218
4126 219
4126 220
4126 221
4126 222
4126 223
4126 224
4126 225
4126 226
4127 208
4127 209
4127 210
4127 211
4127 212
4127 213
4127 214
4127 215
4127 216
4127 217
4127 218
4127 272
4127 273
4127 274
4127 275
4128 202
4128 203
4128 204
4128 205
4128 206
4128 207
4128 208
4128 209
4128 210
4128 211
4128 264
4128 265
4128 266
4128 267
4128 268
4128 269
4128 270
4129 195
4129 196
4129 197
4129 198
4129 199
4129 200
4129 201
4129 202
4129 203
4129 256
4129 257
4129 258
4129 259
4129 260
4129 261
4129 262
4129 263
4129 264
4130 190
4130 191
4130 192
4130 193
4130 194
4130 195
4130 249
4130 250
4130 251
4130 252
4130 253
4130 254
4130 255
4130 256
4130 257
4130 258
4131 185
4131 186
4131 241
4131 242
4131 243
4131 244
4131 245
4131 246
4131 247
4131 248
4131 249
4131 250
4131 251
4131 252
4132 234
4132 235
4132 236
4132 237
4132 238
4132 239
4132 240
4132 241
4132 242
4132 243
4132 244
4132 245
4133 227
4133 228
4133 229
4133 230
4133 231
4133 232
4133 233
4133 234
4133 235
4133 236
4133 237
4133 238
4134 220
4134 221
4134 222
4134 223
4134 224
4134 225
4134 226
4134 227
4134 228
4134 229
4134 230
4134 231
4135 213
4135 214
4135 215
4135 216
4135 217
4135 218
4135 219
4135 220
4135 221
4135 222
4135 223
4135 224
4136 207
4136 208
4136 209
4136 210
4136 211
4136 212
4136 213
4136 214
4136 215
4136 216
4136 270
4136 271
4136 272
4136 273
4136 274
4137 200
4137 201
4137 202
4137 203
4137 204
4137 205
4137 206
4137 207
4137 208
4137 209
4137 262
4137 263
4137 264
4137 265
4137 266
4137 267
4137 268
4137 269
4138 194
4138 195
4138 196
4138 197
4138 198
4138 199
4138 200
4138 201
4138 254
4138 255
4138 256
4138 257
4138 258
4138 259
4138 260
4138 261
4138 262
4138 263
4139 189
4139 190
4139 191
4139 192
4139 193
4139 247
4139 248
4139 249
4139 250
4139 251
4139 252
4139 253
4139 254
4139 255
4139 256
4140 240
4140 241
4140 242
4140 243
4140 244
4140 245
4140 246
4140 247
4140 248
4140 249
4140 250
4141 233
4141 234
4141 235
4141 236
4141 237
4141 238
4141 239
4141 240
4141 241
4141 242
4141 243
4142 226
4142 227
4142 228
4142 229
4142 230
4142 231
4142 232
4142 233
4142 234
4142 235
4142 236
4143 219
4143 220
4143 221
4143 222
4143 223
4143 224
4143 225
4143 226
4143 227
4143 228
4143 229
4144 212
4144 213
4144 214
4144 215
4144 216
4144 217
4144 218
4144 219
4144 220
4144 221
4144 222
4145 205
4145 206
4145 207
4145 208
4145 209
4145 210
4145 211
4145 212
4145 213
4145 214
4145 268
4145 269
4145 270
4145 271
4145 272
4145 273
4146 199
4146 200
4146 201
4146 202
4146 203
4146 204
4146 205
4146 206
4146 207
4146 260
4146 261
4146 262
4146 263
4146 264
4146 265
4146 266
4146 267
4147 193
4147 194
4147 195
4147 196
4147 197
4147 198
4147 199
4147 253
4147 254
4147 255
4147 256
4147 257
4147 258
4147 259
4147 260
4147 261
4148 188
4148 189
4148 190
4148 191
4148 245
4148 246
4148 247
4148 248
4148 249
4148 250
4148 251
4148 252
4148 253
4148 254
4148 255
4149 238
4149 239
4149 240
4149 241
4149 242
4149 243
4149 244
4149 245
4149 246
4149 247
4149 248
4150 231
4150 232
4150 233
4150 234
4150 235
4150 236
4150 237
4150 238
4150 239
4150 240
4150 241
4151 224
4151 225
4151 226
4151 227
4151 228
4151 229
4151 230
4151 231
4151 232
4151 233
4151 234
4152 217
4152 218
4152 219
4152 220
4152 221
4152 222
4152 223
4152 224
4152 225
4152 226
4152 227
4153 211
4153 212
4153 213
4153 214
4153 215
4153 216
4153 217
4153 218
4153 219
4153 220
4154 204
4154 205
4154 206
4154 207
4154 208
4154 209
4154 210
4154 211
4154 212
4154 213
4154 267
4154 268
4154 269
4154 270
4154 271
4155 198
4155 199
4155 200
4155 201
4155 202
4155 203
4155 204
4155 205
4155 259
4155 260
4155 261
4155 262
4155 263
4155 264
4155 265
4155 266
4156 192
4156 193
4156 194
4156 195
4156 196
4156 197
4156 251
4156 252
4156 253
4156 254
4156 255
4156 256
4156 257
4156 258
4156 259
4156 260
4157 244
4157 245
4157 246
4157 247
4157 248
4157 249
4157 250
4157 251
4157 252
4157 253
4158 237
4158 238
4158 239
4158 240
4158 241
4158 242
4158 243
4158 244
4158 245
4158 246
4159 230
4159 231
4159 232
4159 233
4159 234
4159 235
4159 236
4159 237
4159 238
4159 239
4159 240
4160 223
4160 224
4160 225
4160 226
4160 227
4160 228
4160 229
4160 230
4160 231
4160 232
4160 233
4161 216
4161 217
4161 218
4161 219
4161 220
4161 221
4161 222
4161 223
4161 224
4161 225
4162 209
4162 210
4162 211
4162 212
4162 213
4162 214
4162 215
4162 216
4162 217
4162 218
4162 274
4163 203
4163 204
4163 205
4163 206
4163 207
4163 208
4163 209
4163 210
4163 211
4163 265
4163 266
4163 267
4163 268
4163 269
4163 270
4164 197
4164 198
4164 199
4164 200
4164 201
4164 202
4164 203
4164 257
4164 258
4164 259
4164 260
4164 261
4164 262
4164 263
4164 264
4165 192
4165 193
4165 194
4165 249
4165 250
4165 251
4165 252
4165 253
4165 254
4165 255
4165 256
4165 257
4165 258
4166 242
4166 243
4166 244
4166 245
4166 246
4166 247
4166 248
4166 249
4166 250
4166 251
4167 235
4167 236
4167 237
4167 238
4167 239
4167 240
4167 241
4167 242
4167 243
4167 244
4167 245
4168 228
4168 229
4168 230
4168 231
4168 232
4168 233
4168 234
4168 235
4168 236
4168 237
4168 238
4169 221
4169 222
4169 223
4169 224
4169 225
4169 226
4169 227
4169 228
4169 229
4169 230
4169 231
4170 215
4170 216
4170 217
4170 218
4170 219
4170 220
4170 221
4170 222
4170 223
4171 208
4171 209
4171 210
4171 211
4171 212
4171 213
4171 214
4171 215
4171 216
4171 272
4171 273
4172 202
4172 203
4172 204
4172 205
4172 206
4172 207
4172 208
4172 263
4172 264
4172 265
4172 266
4172 267
4172 268
4173 196
4173 197
4173 198
4173 199
4173 200
4173 201
4173 255
4173 256
4173 257
4173 258
4173 259
4173 260
4173 261
4173 262
4174 248
4174 249
4174 250
4174 251
4174 252
4174 253
4174 254
4174 255
4174 256
4175 241
4175 242
4175 243
4175 244
4175 245
4175 246
4175 247
4175 248
4175 249
4175 250
4176 234
4176 235
4176 236
4176 237
4176 238
4176 239
4176 240
4176 241
4176 242
4176 243
4177 227
4177 228
4177 229
4177 230
4177 231
4177 232
4177 233
4177 234
4177 235
4177 236
4178 220
4178 221
4178 222
4178 223
4178 224
4178 225
4178 226
4178 227
4178 228
4178 229
4179 213
4179 214
4179 215
4179 216
4179 217
4179 218
4179 219
4179 220
4179 221
4179 222
4180 207
4180 208
4180 209
4180 210
4180 211
4180 212
4180 213
4180 214
4180 270
4180 271
4180 272
4181 201
4181 202
4181 203
4181 204
4181 205
4181 206
4181 261
4181 262
4181 263
4181 264
4181 265
4181 266
4181 267
4182 195
4182 196
4182 197
4182 198
4182 254
4182 255
4182 256
4182 257
4182 258
4182 259
4182 260
4182 261
4183 246
4183 247
4183 248
4183 249
4183 250
4183 251
4183 252
4183 253
4183 254
4184 239
4184 240
4184 241
4184 242
4184 243
4184 244
4184 245
4184 246
4184 247
4184 248
4185 232
4185 233
4185 234
4185 235
4185 236
4185 237
4185 238
4185 239
4185 240
4185 241
4186 225
4186 226
4186 227
4186 228
4186 229
4186 230
4186 231
4186 232
4186 233
4186 234
4187 219
4187 220
4187 221
4187 222
4187 223
4187 224
4187 225
4187 226
4187 227
4188 212
4188 213
4188 214
4188 215
4188 216
4188 217
4188 218
4188 219
4188 220
4189 206
4189 207
4189 208
4189 209
4189 210
4189 211
4189 212
4189 268
4189 269
4189 270
4190 200
4190 201
4190 202
4190 203
4190 204
4190 260
4190 261
4190 262
4190 263
4190 264
4190 265
4191 252
4191 253
4191 254
4191 255
4191 256
4191 257
4191 258
4191 259
4192 245
4192 246
4192 247
4192 248
4192 249
4192 250
4192 251
4192 252
4192 253
4193 238
4193 239
4193 240
4193 241
4193 242
4193 243
4193 244
4193 245
4193 246
4194 231
4194 232
4194 233
4194 234
4194 235
4194 236
4194 237
4194 238
4194 239
4195 224
4195 225
4195 226
4195 227
4195 228
4195 229
4195 230
4195 231
4195 232
4196 217
4196 218
4196 219
4196 220
4196 221
4196 222
4196 223
4196 224
4196 225
4197 211
4197 212
4197 213
4197 214
4197 215
4197 216
4197 217
4197 218
4198 205
4198 206
4198 207
4198 208
4198 209
4198 210
4198 266
4198 267
4198 268
4198 269
4199 199
4199 200
4199 201
4199 258
4199 259
4199 260
4199 261
4199 262
4199 263
4199 264
4200 251
4200 252
4200 253
4200 254
4200 255
4200 256
4200 257
4201 243
4201 244
4201 245
4201 246
4201 247
4201 248
4201 249
4201 250
4201 251
4202 236
4202 237
4202 238
4202 239
4202 240
4202 241
4202 242
4202 243
4202 244
4203 229
4203 230
4203 231
4203 232
4203 233
4203 234
4203 235
4203 236
4203 237
4204 223
4204 224
4204 225
4204 226
4204 227
4204 228
4204 229
4204 230
4205 216
4205 217
4205 218
4205 219
4205 220
4205 221
4205 222
4205 223
4206 210
4206 211
4206 212
4206 213
4206 214
4206 215
4207 204
4207 205
4207 206
4207 207
4207 265
4207 266
4207 267
4208 257
4208 258
4208 259
4208 260
4208 261
4208 262
4209 249
4209 250
4209 251
4209 252
4209 253
4209 254
4209 255
4209 256
4210 242
4210 243
4210 244
4210 245
4210 246
4210 247
4210 248
4210 249
4211 235
4211 236
4211 237
4211 238
4211 239
4211 240
4211 241
4211 242
4212 228
4212 229
4212 230
4212 231
4212 232
4212 233
4212 234
4212 235
4213 221
4213 222
4213 223
4213 224
4213 225
4213 226
4213 227
4213 228
4214 215
4214 216
4214 217
4214 218
4214 219
4214 220
4214 221
4215 209
4215 210
4215 211
4215 212
4215 213
4216 204
4216 205
4216 263
4216 264
4216 265
4216 266
4217 255
4217 256
4217 257
4217 258
4217 259
4217 260
4218 248
4218 249
4218 250
4218 251
4218 252
4218 253
4218 254
4219 241
4219 242
4219 243
4219 244
4219 245
4219 246
4219 247
4220 234
4220 235
4220 236
4220 237
4220 238
4220 239
4220 240
4221 227
4221 228
4221 229
4221 230
4221 231
4221 232
4221 233
4222 220
4222 221
4222 222
4222 223
4222 224
4222 225
4222 226
4223 214
4223 215
4223 216
4223 217
4223 218
4223 219
4224 208
4224 209
4224 210
4224 211
4225 262
4225 263
4225 264
4226 254
4226 255
4226 256
4226 257
4226 258
4227 246
4227 247
4227 248
4227 249
4227 250
4227 251
4227 252
4228 239
4228 240
4228 241
4228 242
4228 243
4228 244
4228 245
4229 232
4229 233
4229 234
4229 235
4229 236
4229 237
4229 238
4229 239
4230 226
4230 227
4230 228
4230 229
4230 230
4230 231
4231 219
4231 220
4231 221
4231 222
4231 223
4231 224
4232 213
4232 214
4232 215
4232 216
4234 260
4234 261
4234 262
4235 252
4235 253
4235 254
4235 255
4235 256
4235 257
4236 245
4236 246
4236 247
4236 248
4236 249
4236 250
4237 238
4237 239
4237 240
4237 241
4237 242
4237 243
4238 231
4238 232
4238 233
4238 234
4238 235
4238 236
4238 237
4239 224
4239 225
4239 226
4239 227
4239 228
4239 229
4240 218
4240 219
4240 220
4240 221
4240 222
4241 213
4243 259
4243 260
4244 251
4244 252
4244 253
4244 254
4244 255
4245 244
4245 245
4245 246
4245 247
4245 248
4246 237
4246 238
4246 239
4246 240
4246 241
4247 230
4247 231
4247 232
4247 233
4247 234
4248 224
4248 225
4248 226
4248 227
4249 218
4249 219
4252 258
4253 250
4253 251
4253 252
4253 253
4254 243
4254 244
4254 245
4254 246
4255 236
4255 237
4255 238
4255 239
4256 229
4256 230
4256 231
4256 232
4257 223
4257 224
4262 249
4262 250
4263 242
4263 243
4263 244
4264 235
4264 236
4264 237
4265 229
4272 241
