250 120
250 121
251 129
251 130
256 117
256 118
256 119
257 126
257 127
257 128
258 136
262 114
262 115
262 116
262 117
263 123
263 124
263 125
263 126
264 132
264 133
264 134
264 135
268 112
268 113
268 114
268 115
269 120
269 121
269 122
269 123
269 124
270 129
270 130
270 131
270 132
270 133
271 139
271 140
271 141
274 109
274 110
274 111
274 112
274 113
275 118
275 119
275 120
275 121
275 122
276 127
276 128
276 129
276 130
276 131
277 136
277 137
277 138
277 139
280 107
280 108
280 109
280 110
281 115
281 116
281 117
281 118
281 119
281 120
282 124
282 125
282 126
282 127
282 128
282 129
283 133
283 134
283 135
283 136
283 137
283 138
284 144
284 145
286 105
286 106
286 107
286 108
287 113
287 114
287 115
287 116
287 117
287 118
288 121
288 122
288 123
288 124
288 125
288 126
288 127
289 131
289 132
289 133
289 134
289 135
289 136
290 140
290 141
290 142
290 143
290 144
292 102
292 103
292 104
292 105
293 110
293 111
293 112
293 113
293 114
293 115
293 116
294 119
294 120
294 121
294 122
294 123
294 124
294 125
295 128
295 129
295 130
295 131
295 132
295 133
295 134
296 137
296 138
296 139
296 140
296 141
296 142
297 148
297 149
298 100
298 101
298 102
298 103
299 108
299 109
299 110
299 111
299 112
299 113
300 116
300 117
300 118
300 119
300 120
300 121
300 122
300 123
301 125
301 126
301 127
301 128
301 129
301 130
301 131
301 132
302 135
302 136
302 137
302 138
302 139
302 140
303 145
303 146
303 147
303 148
304 99
304 100
305 106
305 107
305 108
305 109
305 110
305 111
306 114
306 115
306 116
306 117
306 118
306 119
306 120
307 123
307 124
307 125
307 126
307 127
307 128
307 129
307 130
308 132
308 133
308 134
308 135
308 136
308 137
308 138
309 142
309 143
309 144
309 145
309 146
311 103
311 104
311 105
311 106
311 107
311 108
312 112
312 113
312 114
312 115
312 116
312 117
312 118
313 120
313 121
313 122
313 123
313 124
313 125
313 126
313 127
314 129
314 130
314 131
314 132
314 133
314 134
314 135
314 136
315 139
315 140
315 141
315 142
315 143
315 144
315 145
316 149
316 150
316 151
316 152
317 101
317 102
317 103
317 104
317 105
317 106
318 109
318 110
318 111
318 112
318 113
318 114
318 115
318 116
319 118
319 119
319 120
319 121
319 122
319 123
319 124
319 125
320 127
320 128
320 129
320 130
320 131
320 132
320 133
320 134
321 136
321 137
321 138
321 139
321 140
321 141
321 142
321 143
322 146
322 147
322 148
322 149
322 150
323 99
323 100
323 101
323 102
323 103
324 107
324 108
324 109
324 110
324 111
324 112
324 113
324 114
325 116
325 117
325 118
325 119
325 120
325 121
325 122
325 123
326 124
326 125
326 126
326 127
326 128
326 129
326 130
326 131
326 132
327 133
327 134
327 135
327 136
327 137
327 138
327 139
327 140
327 141
328 143
328 144
328 145
328 146
328 147
328 148
328 149
329 97
329 98
329 99
329 100
329 101
329 154
329 155
329 156
330 105
330 106
330 107
330 108
330 109
330 110
330 111
331 113
331 114
331 115
331 116
331 117
331 118
331 119
331 120
331 121
332 122
332 123
332 124
332 125
332 126
332 127
332 128
332 129
332 130
333 131
333 132
333 133
333 134
333 135
333 136
333 137
333 138
333 139
334 140
334 141
334 142
334 143
334 144
334 145
334 146
334 147
335 95
335 96
335 97
335 98
335 150
335 151
335 152
335 153
335 154
336 103
336 104
336 105
336 106
336 107
336 108
336 109
337 111
337 112
337 113
337 114
337 115
337 116
337 117
337 118
338 119
338 120
338 121
338 122
338 123
338 124
338 125
338 126
338 127
338 128
339 128
339 129
339 130
339 131
339 132
339 133
339 134
339 135
339 136
340 138
340 139
340 140
340 141
340 142
340 143
340 144
340 145
341 94
341 95
341 147
341 148
341 149
341 150
341 151
341 152
341 153
342 100
342 101
342 102
342 103
342 104
342 105
342 106
343 109
343 110
343 111
343 112
343 113
343 114
343 115
343 116
344 117
344 118
344 119
344 120
344 121
344 122
344 123
344 124
344 125
345 126
345 127
345 128
345 129
345 130
345 131
345 132
345 133
345 134
346 135
346 136
346 137
346 138
346 139
346 140
346 141
346 142
346 143
347 145
347 146
347 147
347 148
347 149
347 150
347 151
348 98
348 99
348 100
348 101
348 102
348 103
348 104
348 155
348 156
348 157
348 158
349 106
349 107
349 108
349 109
349 110
349 111
349 112
349 113
349 114
350 115
350 116
350 117
350 118
350 119
350 120
350 121
350 122
350 123
351 124
351 125
351 126
351 127
351 128
351 129
351 130
351 131
351 132
352 133
352 134
352 135
352 136
352 137
352 138
352 139
352 140
352 141
353 142
353 143
353 144
353 145
353 146
353 147
353 148
353 149
354 96
354 97
354 98
354 99
354 100
354 101
354 152
354 153
354 154
354 155
354 156
354 157
355 104
355 105
355 106
355 107
355 108
355 109
355 110
355 111
356 112
356 113
356 114
356 115
356 116
356 117
356 118
356 119
356 120
356 121
357 121
357 122
357 123
357 124
357 125
357 126
357 127
357 128
357 129
357 130
358 130
358 131
358 132
358 133
358 134
358 135
358 136
358 137
358 138
358 139
359 139
359 140
359 141
359 142
359 143
359 144
359 145
359 146
359 147
360 94
360 95
360 96
360 97
360 98
360 149
360 150
360 151
360 152
360 153
360 154
360 155
361 102
361 103
361 104
361 105
361 106
361 107
361 108
361 109
361 160
361 161
362 110
362 111
362 112
362 113
362 114
362 115
362 116
362 117
362 118
363 119
363 120
363 121
363 122
363 123
363 124
363 125
363 126
363 127
363 128
364 128
364 129
364 130
364 131
364 132
364 133
364 134
364 135
364 136
365 137
365 138
365 139
365 140
365 141
365 142
365 143
365 144
365 145
366 93
366 94
366 95
366 146
366 147
366 148
366 149
366 150
366 151
366 152
366 153
367 100
367 101
367 102
367 103
367 104
367 105
367 106
367 157
367 158
367 159
367 160
368 108
368 109
368 110
368 111
368 112
368 113
368 114
368 115
368 116
369 116
369 117
369 118
369 119
369 120
369 121
369 122
369 123
369 124
369 125
370 125
370 126
370 127
370 128
370 129
370 130
370 131
370 132
370 133
370 134
371 134
371 135
371 136
371 137
371 138
371 139
371 140
371 141
371 142
371 143
372 92
372 144
372 145
372 146
372 147
372 148
372 149
372 150
372 151
373 98
373 99
373 100
373 101
373 102
373 103
373 104
373 154
373 155
373 156
373 157
373 158
373 159
374 106
374 107
374 108
374 109
374 110
374 111
374 112
374 113
374 114
375 114
375 115
375 116
375 117
375 118
375 119
375 120
375 121
375 122
375 123
376 123
376 124
376 125
376 126
376 127
376 128
376 129
376 130
376 131
376 132
377 132
377 133
377 134
377 135
377 136
377 137
377 138
377 139
377 140
377 141
378 141
378 142
378 143
378 144
378 145
378 146
378 147
378 148
378 149
379 96
379 97
379 98
379 99
379 100
379 101
379 151
379 152
379 153
379 154
379 155
379 156
379 157
380 103
380 104
380 105
380 106
380 107
380 108
380 109
380 110
380 111
380 162
380 163
380 164
381 112
381 113
381 114
381 115
381 116
381 117
381 118
381 119
381 120
381 121
382 120
382 121
382 122
382 123
382 124
382 125
382 126
382 127
382 128
382 129
382 130
383 129
383 130
383 131
383 132
383 133
383 134
383 135
383 136
383 137
383 138
383 139
384 138
384 139
384 140
384 141
384 142
384 143
384 144
384 145
384 146
384 147
385 94
385 95
385 96
385 97
385 98
385 148
385 149
385 150
385 151
385 152
385 153
385 154
385 155
386 101
386 102
386 103
386 104
386 105
386 106
386 107
386 108
386 109
386 158
386 159
386 160
386 161
386 162
387 110
387 111
387 112
387 113
387 114
387 115
387 116
387 117
387 118
388 118
388 119
388 120
388 121
388 122
388 123
388 124
388 125
388 126
388 127
389 127
389 128
389 129
389 130
389 131
389 132
389 133
389 134
389 135
389 136
390 136
390 137
390 138
390 139
390 140
390 141
390 142
390 143
390 144
390 145
391 92
391 93
391 94
391 95
391 145
391 146
391 147
391 148
391 149
391 150
391 151
391 152
391 153
392 99
392 100
392 101
392 102
392 103
392 104
392 105
392 106
392 155
392 156
392 157
392 158
392 159
392 160
392 161
393 107
393 108
393 109
393 110
393 111
393 112
393 113
393 114
393 115
393 116
394 116
394 117
394 118
394 119
394 120
394 121
394 122
394 123
394 124
394 125
395 125
395 126
395 127
395 128
395 129
395 130
395 131
395 132
395 133
395 134
396 133
396 134
396 135
396 136
396 137
396 138
396 139
396 140
396 141
396 142
396 143
397 91
397 92
397 143
397 144
397 145
397 146
397 147
397 148
397 149
397 150
397 151
398 97
398 98
398 99
398 100
398 101
398 102
398 103
398 104
398 152
398 153
398 154
398 155
398 156
398 157
398 158
398 159
399 105
399 106
399 107
399 108
399 109
399 110
399 111
399 112
399 113
399 164
399 165
399 166
400 114
400 115
400 116
400 117
400 118
400 119
400 120
400 121
400 122
400 123
401 122
401 123
401 124
401 125
401 126
401 127
401 128
401 129
401 130
401 131
401 132
402 131
402 132
402 133
402 134
402 135
402 136
402 137
402 138
402 139
402 140
402 141
403 140
403 141
403 142
403 143
403 144
403 145
403 146
403 147
403 148
403 149
404 95
404 96
404 97
404 98
404 99
404 100
404 101
404 150
404 151
404 152
404 153
404 154
404 155
404 156
404 157
405 103
405 104
405 105
405 106
405 107
405 108
405 109
405 110
405 111
405 160
405 161
405 162
405 163
405 164
406 111
406 112
406 113
406 114
406 115
406 116
406 117
406 118
406 119
406 120
407 120
407 121
407 122
407 123
407 124
407 125
407 126
407 127
407 128
407 129
407 130
408 129
408 130
408 131
408 132
408 133
408 134
408 135
408 136
408 137
408 138
409 138
409 139
409 140
409 141
409 142
409 143
409 144
409 145
409 146
409 147
410 93
410 94
410 95
410 96
410 97
410 98
410 147
410 148
410 149
410 150
410 151
410 152
410 153
410 154
410 155
411 101
411 102
411 103
411 104
411 105
411 106
411 107
411 108
411 109
411 157
411 158
411 159
411 160
411 161
411 162
411 163
412 109
412 110
412 111
412 112
412 113
412 114
412 115
412 116
412 117
412 118
413 118
413 119
413 120
413 121
413 122
413 123
413 124
413 125
413 126
413 127
414 126
414 127
414 128
414 129
414 130
414 131
414 132
414 133
414 134
414 135
414 136
415 135
415 136
415 137
415 138
415 139
415 140
415 141
415 142
415 143
415 144
415 145
416 92
416 93
416 94
416 95
416 145
416 146
416 147
416 148
416 149
416 150
416 151
416 152
416 153
417 99
417 100
417 101
417 102
417 103
417 104
417 105
417 106
417 154
417 155
417 156
417 157
417 158
417 159
417 160
417 161
418 107
418 108
418 109
418 110
418 111
418 112
418 113
418 114
418 115
418 116
418 165
418 166
418 167
418 168
419 115
419 116
419 117
419 118
419 119
419 120
419 121
419 122
419 123
419 124
419 125
420 124
420 125
420 126
420 127
420 128
420 129
420 130
420 131
420 132
420 133
420 134
421 133
421 134
421 135
421 136
421 137
421 138
421 139
421 140
421 141
421 142
421 143
422 90
422 91
422 92
422 142
422 143
422 144
422 145
422 146
422 147
422 148
422 149
422 150
422 151
423 97
423 98
423 99
423 100
423 101
423 102
423 103
423 152
423 153
423 154
423 155
423 156
423 157
423 158
423 159
424 105
424 106
424 107
424 108
424 109
424 110
424 111
424 112
424 113
424 162
424 163
424 164
424 165
424 166
425 113
425 114
425 115
425 116
425 117
425 118
425 119
425 120
425 121
425 122
425 123
426 122
426 123
426 124
426 125
426 126
426 127
426 128
426 129
426 130
426 131
426 132
427 130
427 131
427 132
427 133
427 134
427 135
427 136
427 137
427 138
427 139
427 140
428 139
428 140
428 141
428 142
428 143
428 144
428 145
428 146
428 147
428 148
428 149
429 95
429 96
429 97
429 98
429 99
429 100
429 101
429 149
429 150
429 151
429 152
429 153
429 154
429 155
429 156
429 157
430 103
430 104
430 105
430 106
430 107
430 108
430 109
430 110
430 111
430 159
430 160
430 161
430 162
430 163
430 164
430 165
431 111
431 112
431 113
431 114
431 115
431 116
431 117
431 118
431 119
431 120
432 119
432 120
432 121
432 122
432 123
432 124
432 125
432 126
432 127
432 128
432 129
433 128
433 129
433 130
433 131
433 132
433 133
433 134
433 135
433 136
433 137
433 138
434 137
434 138
434 139
434 140
434 141
434 142
434 143
434 144
434 145
434 146
434 147
435 93
435 94
435 95
435 96
435 97
435 98
435 146
435 147
435 148
435 149
435 150
435 151
435 152
435 153
435 154
435 155
436 100
436 101
436 102
436 103
436 104
436 105
436 106
436 107
436 108
436 156
436 157
436 158
436 159
436 160
436 161
436 162
436 163
437 109
437 110
437 111
437 112
437 113
437 114
437 115
437 116
437 117
437 118
437 167
437 168
437 169
438 117
438 118
438 119
438 120
438 121
438 122
438 123
438 124
438 125
438 126
438 127
439 126
439 127
439 128
439 129
439 130
439 131
439 132
439 133
439 134
439 135
439 136
440 135
440 136
440 137
440 138
440 139
440 140
440 141
440 142
440 143
440 144
440 145
441 91
441 92
441 93
441 94
441 95
441 144
441 145
441 146
441 147
441 148
441 149
441 150
441 151
441 152
441 153
442 98
442 99
442 100
442 101
442 102
442 103
442 104
442 105
442 106
442 153
442 154
442 155
442 156
442 157
442 158
442 159
442 160
442 161
443 106
443 107
443 108
443 109
443 110
443 111
443 112
443 113
443 114
443 115
443 164
443 165
443 166
443 167
443 168
444 115
444 116
444 117
444 118
444 119
444 120
444 121
444 122
444 123
444 124
444 125
445 123
445 124
445 125
445 126
445 127
445 128
445 129
445 130
445 131
445 132
445 133
445 134
446 132
446 133
446 134
446 135
446 136
446 137
446 138
446 139
446 140
446 141
446 142
447 90
447 91
447 92
447 141
447 142
447 143
447 144
447 145
447 146
447 147
447 148
447 149
447 150
447 151
448 96
448 97
448 98
448 99
448 100
448 101
448 102
448 103
448 151
448 152
448 153
448 154
448 155
448 156
448 157
448 158
448 159
449 104
449 105
449 106
449 107
449 108
449 109
449 110
449 111
449 112
449 113
449 161
449 162
449 163
449 164
449 165
449 166
449 167
450 113
450 114
450 115
450 116
450 117
450 118
450 119
450 120
450 121
450 122
451 121
451 122
451 123
451 124
451 125
451 126
451 127
451 128
451 129
451 130
451 131
452 130
452 131
452 132
452 133
452 134
452 135
452 136
452 137
452 138
452 139
452 140
453 139
453 140
453 141
453 142
453 143
453 144
453 145
453 146
453 147
453 148
453 149
454 94
454 95
454 96
454 97
454 98
454 99
454 100
454 101
454 148
454 149
454 150
454 151
454 152
454 153
454 154
454 155
454 156
454 157
455 102
455 103
455 104
455 105
455 106
455 107
455 108
455 109
455 110
455 111
455 158
455 159
455 160
455 161
455 162
455 163
455 164
455 165
456 110
456 111
456 112
456 113
456 114
456 115
456 116
456 117
456 118
456 119
456 120
456 169
456 170
456 171
457 119
457 120
457 121
457 122
457 123
457 124
457 125
457 126
457 127
457 128
457 129
458 127
458 128
458 129
458 130
458 131
458 132
458 133
458 134
458 135
458 136
458 137
458 138
459 136
459 137
459 138
459 139
459 140
459 141
459 142
459 143
459 144
459 145
459 146
460 93
460 94
460 95
460 96
460 97
460 98
460 146
460 147
460 148
460 149
460 150
460 151
460 152
460 153
460 154
460 155
461 100
461 101
461 102
461 103
461 104
461 105
461 106
461 107
461 108
461 155
461 156
461 157
461 158
461 159
461 160
461 161
461 162
461 163
462 108
462 109
462 110
462 111
462 112
462 113
462 114
462 115
462 116
462 117
462 118
462 166
462 167
462 168
462 169
462 170
463 117
463 118
463 119
463 120
463 121
463 122
463 123
463 124
463 125
463 126
463 127
464 125
464 126
464 127
464 128
464 129
464 130
464 131
464 132
464 133
464 134
464 135
464 136
465 134
465 135
465 136
465 137
465 138
465 139
465 140
465 141
465 142
465 143
465 144
466 91
466 92
466 93
466 94
466 95
466 143
466 144
466 145
466 146
466 147
466 148
466 149
466 150
466 151
466 152
466 153
467 98
467 99
467 100
467 101
467 102
467 103
467 104
467 105
467 153
467 154
467 155
467 156
467 157
467 158
467 159
467 160
467 161
468 106
468 107
468 108
468 109
468 110
468 111
468 112
468 113
468 114
468 115
468 163
468 164
468 165
468 166
468 167
468 168
469 114
469 115
469 116
469 117
469 118
469 119
469 120
469 121
469 122
469 123
469 124
470 123
470 124
470 125
470 126
470 127
470 128
470 129
470 130
470 131
470 132
470 133
471 132
471 133
471 134
471 135
471 136
471 137
471 138
471 139
471 140
471 141
471 142
472 90
472 91
472 141
472 142
472 143
472 144
472 145
472 146
472 147
472 148
472 149
472 150
472 151
473 96
473 97
473 98
473 99
473 100
473 101
473 102
473 103
473 150
473 151
473 152
473 153
473 154
473 155
473 156
473 157
473 158
473 159
474 104
474 105
474 106
474 107
474 108
474 109
474 110
474 111
474 112
474 113
474 160
474 161
474 162
474 163
474 164
474 165
474 166
474 167
475 112
475 113
475 114
475 115
475 116
475 117
475 118
475 119
475 120
475 121
475 122
475 171
475 172
475 173
476 121
476 122
476 123
476 124
476 125
476 126
476 127
476 128
476 129
476 130
476 131
477 129
477 130
477 131
477 132
477 133
477 134
477 135
477 136
477 137
477 138
477 139
477 140
478 138
478 139
478 140
478 141
478 142
478 143
478 144
478 145
478 146
478 147
478 148
479 94
479 95
479 96
479 97
479 98
479 99
479 100
479 148
479 149
479 150
479 151
479 152
479 153
479 154
479 155
479 156
479 157
480 102
480 103
480 104
480 105
480 106
480 107
480 108
480 109
480 110
480 157
480 158
480 159
480 160
480 161
480 162
480 163
480 164
480 165
481 110
481 111
481 112
481 113
481 114
481 115
481 116
481 117
481 118
481 119
481 120
481 168
481 169
481 170
481 171
481 172
482 118
482 119
482 120
482 121
482 122
482 123
482 124
482 125
482 126
482 127
482 128
482 129
483 127
483 128
483 129
483 130
483 131
483 132
483 133
483 134
483 135
483 136
483 137
483 138
484 136
484 137
484 138
484 139
484 140
484 141
484 142
484 143
484 144
484 145
484 146
485 92
485 93
485 94
485 95
485 96
485 97
485 145
485 146
485 147
485 148
485 149
485 150
485 151
485 152
485 153
485 154
485 155
486 100
486 101
486 102
486 103
486 104
486 105
486 106
486 107
486 108
486 155
486 156
486 157
486 158
486 159
486 160
486 161
486 162
486 163
487 108
487 109
487 110
487 111
487 112
487 113
487 114
487 115
487 116
487 117
487 165
487 166
487 167
487 168
487 169
487 170
488 116
488 117
488 118
488 119
488 120
488 121
488 122
488 123
488 124
488 125
488 126
489 125
489 126
489 127
489 128
489 129
489 130
489 131
489 132
489 133
489 134
489 135
490 134
490 135
490 136
490 137
490 138
490 139
490 140
490 141
490 142
490 143
490 144
491 91
491 92
491 93
491 94
491 143
491 144
491 145
491 146
491 147
491 148
491 149
491 150
491 151
491 152
492 98
492 99
492 100
492 101
492 102
492 103
492 104
492 105
492 152
492 153
492 154
492 155
492 156
492 157
492 158
492 159
492 160
492 161
493 106
493 107
493 108
493 109
493 110
493 111
493 112
493 113
493 114
493 115
493 162
493 163
493 164
493 165
493 166
493 167
493 168
494 114
494 115
494 116
494 117
494 118
494 119
494 120
494 121
494 122
494 123
494 124
494 174
495 122
495 123
495 124
495 125
495 126
495 127
495 128
495 129
495 130
495 131
495 132
495 133
496 131
496 132
496 133
496 134
496 135
496 136
496 137
496 138
496 139
496 140
496 141
496 142
497 90
497 91
497 140
497 141
497 142
497 143
497 144
497 145
497 146
497 147
497 148
497 149
497 150
498 96
498 97
498 98
498 99
498 100
498 101
498 102
498 149
498 150
498 151
498 152
498 153
498 154
498 155
498 156
498 157
498 158
498 159
499 104
499 105
499 106
499 107
499 108
499 109
499 110
499 111
499 112
499 159
499 160
499 161
499 162
499 163
499 164
499 165
499 166
500 112
500 113
500 114
500 115
500 116
500 117
500 118
500 119
500 120
500 121
500 122
500 170
500 171
500 172
500 173
501 120
501 121
501 122
501 123
501 124
501 125
501 126
501 127
501 128
501 129
501 130
501 131
502 129
502 130
502 131
502 132
502 133
502 134
502 135
502 136
502 137
502 138
502 139
503 138
503 139
503 140
503 141
503 142
503 143
503 144
503 145
503 146
503 147
503 148
504 94
504 95
504 96
504 97
504 98
504 99
504 100
504 147
504 148
504 149
504 150
504 151
504 152
504 153
504 154
504 155
504 156
505 101
505 102
505 103
505 104
505 105
505 106
505 107
505 108
505 109
505 110
505 157
505 158
505 159
505 160
505 161
505 162
505 163
505 164
505 165
506 110
506 111
506 112
506 113
506 114
506 115
506 116
506 117
506 118
506 119
506 167
506 168
506 169
506 170
506 171
506 172
507 118
507 119
507 120
507 121
507 122
507 123
507 124
507 125
507 126
507 127
507 128
508 127
508 128
508 129
508 130
508 131
508 132
508 133
508 134
508 135
508 136
508 137
509 135
509 136
509 137
509 138
509 139
509 140
509 141
509 142
509 143
509 144
509 145
509 146
510 92
510 93
510 94
510 95
510 96
510 97
510 144
510 145
510 146
510 147
510 148
510 149
510 150
510 151
510 152
510 153
510 154
511 99
511 100
511 101
511 102
511 103
511 104
511 105
511 106
511 107
511 154
511 155
511 156
511 157
511 158
511 159
511 160
511 161
511 162
512 107
512 108
512 109
512 110
512 111
512 112
512 113
512 114
512 115
512 116
512 117
512 164
512 165
512 166
512 167
512 168
512 169
512 170
513 116
513 117
513 118
513 119
513 120
513 121
513 122
513 123
513 124
513 125
513 126
514 124
514 125
514 126
514 127
514 128
514 129
514 130
514 131
514 132
514 133
514 134
514 135
515 133
515 134
515 135
515 136
515 137
515 138
515 139
515 140
515 141
515 142
515 143
515 144
516 91
516 92
516 93
516 94
516 142
516 143
516 144
516 145
516 146
516 147
516 148
516 149
516 150
516 151
516 152
517 98
517 99
517 100
517 101
517 102
517 103
517 104
517 105
517 151
517 152
517 153
517 154
517 155
517 156
517 157
517 158
517 159
517 160
518 105
518 106
518 107
518 108
518 109
518 110
518 111
518 112
518 113
518 114
518 161
518 162
518 163
518 164
518 165
518 166
518 167
518 168
519 114
519 115
519 116
519 117
519 118
519 119
519 120
519 121
519 122
519 123
519 124
519 172
519 173
519 174
519 175
520 122
520 123
520 124
520 125
520 126
520 127
520 128
520 129
520 130
520 131
520 132
520 133
521 131
521 132
521 133
521 134
521 135
521 136
521 137
521 138
521 139
521 140
521 141
522 140
522 141
522 142
522 143
522 144
522 145
522 146
522 147
522 148
522 149
522 150
523 96
523 97
523 98
523 99
523 100
523 101
523 102
523 149
523 150
523 151
523 152
523 153
523 154
523 155
523 156
523 157
523 158
524 103
524 104
524 105
524 106
524 107
524 108
524 109
524 110
524 111
524 112
524 158
524 159
524 160
524 161
524 162
524 163
524 164
524 165
524 166
525 111
525 112
525 113
525 114
525 115
525 116
525 117
525 118
525 119
525 120
525 121
525 169
525 170
525 171
525 172
525 173
525 174
526 120
526 121
526 122
526 123
526 124
526 125
526 126
526 127
526 128
526 129
526 130
527 128
527 129
527 130
527 131
527 132
527 133
527 134
527 135
527 136
527 137
527 138
527 139
528 137
528 138
528 139
528 140
528 141
528 142
528 143
528 144
528 145
528 146
528 147
528 148
529 94
529 95
529 96
529 97
529 98
529 99
529 146
529 147
529 148
529 149
529 150
529 151
529 152
529 153
529 154
529 155
529 156
530 101
530 102
530 103
530 104
530 105
530 106
530 107
530 108
530 109
530 156
530 157
530 158
530 159
530 160
530 161
530 162
530 163
530 164
531 109
531 110
531 111
531 112
531 113
531 114
531 115
531 116
531 117
531 118
531 119
531 166
531 167
531 168
531 169
531 170
531 171
531 172
532 118
532 119
532 120
532 121
532 122
532 123
532 124
532 125
532 126
532 127
532 128
533 126
533 127
533 128
533 129
533 130
533 131
533 132
533 133
533 134
533 135
533 136
533 137
534 135
534 136
534 137
534 138
534 139
534 140
534 141
534 142
534 143
534 144
534 145
534 146
535 92
535 93
535 94
535 95
535 96
535 144
535 145
535 146
535 147
535 148
535 149
535 150
535 151
535 152
535 153
535 154
536 99
536 100
536 101
536 102
536 103
536 104
536 105
536 106
536 107
536 153
536 154
536 155
536 156
536 157
536 158
536 159
536 160
536 161
536 162
537 107
537 108
537 109
537 110
537 111
537 112
537 113
537 114
537 115
537 116
537 163
537 164
537 165
537 166
537 167
537 168
537 169
537 170
538 115
538 116
538 117
538 118
538 119
538 120
538 121
538 122
538 123
538 124
538 125
538 126
538 175
538 176
539 124
539 125
539 126
539 127
539 128
539 129
539 130
539 131
539 132
539 133
539 134
539 135
540 133
540 134
540 135
540 136
540 137
540 138
540 139
540 140
540 141
540 142
540 143
541 91
541 92
541 93
541 142
541 143
541 144
541 145
541 146
541 147
541 148
541 149
541 150
541 151
541 152
542 97
542 98
542 99
542 100
542 101
542 102
542 103
542 104
542 151
542 152
542 153
542 154
542 155
542 156
542 157
542 158
542 159
542 160
543 105
543 106
543 107
543 108
543 109
543 110
543 111
543 112
543 113
543 114
543 161
543 162
543 163
543 164
543 165
543 166
543 167
543 168
544 113
544 114
544 115
544 116
544 117
544 118
544 119
544 120
544 121
544 122
544 123
544 171
544 172
544 173
544 174
544 175
545 122
545 123
545 124
545 125
545 126
545 127
545 128
545 129
545 130
545 131
545 132
546 130
546 131
546 132
546 133
546 134
546 135
546 136
546 137
546 138
546 139
546 140
546 141
547 139
547 140
547 141
547 142
547 143
547 144
547 145
547 146
547 147
547 148
547 149
547 150
548 96
548 97
548 98
548 99
548 100
548 101
548 148
548 149
548 150
548 151
548 152
548 153
548 154
548 155
548 156
548 157
548 158
549 103
549 104
549 105
549 106
549 107
549 108
549 109
549 110
549 111
549 158
549 159
549 160
549 161
549 162
549 163
549 164
549 165
549 166
550 111
550 112
550 113
550 114
550 115
550 116
550 117
550 118
550 119
550 120
550 121
550 168
550 169
550 170
550 171
550 172
550 173
550 174
551 119
551 120
551 121
551 122
551 123
551 124
551 125
551 126
551 127
551 128
551 129
551 130
552 128
552 129
552 130
552 131
552 132
552 133
552 134
552 135
552 136
552 137
552 138
552 139
553 137
553 138
553 139
553 140
553 141
553 142
553 143
553 144
553 145
553 146
553 147
554 94
554 95
554 96
554 97
554 98
554 146
554 147
554 148
554 149
554 150
554 151
554 152
554 153
554 154
554 155
554 156
555 101
555 102
555 103
555 104
555 105
555 106
555 107
555 108
555 109
555 155
555 156
555 157
555 158
555 159
555 160
555 161
555 162
555 163
555 164
556 109
556 110
556 111
556 112
556 113
556 114
556 115
556 116
556 117
556 118
556 165
556 166
556 167
556 168
556 169
556 170
556 171
556 172
557 117
557 118
557 119
557 120
557 121
557 122
557 123
557 124
557 125
557 126
557 127
557 177
558 126
558 127
558 128
558 129
558 130
558 131
558 132
558 133
558 134
558 135
558 136
559 135
559 136
559 137
559 138
559 139
559 140
559 141
559 142
559 143
559 144
559 145
560 93
560 94
560 95
560 144
560 145
560 146
560 147
560 148
560 149
560 150
560 151
560 152
560 153
560 154
561 99
561 100
561 101
561 102
561 103
561 104
561 105
561 106
561 153
561 154
561 155
561 156
561 157
561 158
561 159
561 160
561 161
561 162
562 107
562 108
562 109
562 110
562 111
562 112
562 113
562 114
562 115
562 116
562 163
562 164
562 165
562 166
562 167
562 168
562 169
562 170
563 115
563 116
563 117
563 118
563 119
563 120
563 121
563 122
563 123
563 124
563 125
563 173
563 174
563 175
563 176
563 177
564 124
564 125
564 126
564 127
564 128
564 129
564 130
564 131
564 132
564 133
564 134
565 132
565 133
565 134
565 135
565 136
565 137
565 138
565 139
565 140
565 141
565 142
565 143
566 141
566 142
566 143
566 144
566 145
566 146
566 147
566 148
566 149
566 150
566 151
567 97
567 98
567 99
567 100
567 101
567 102
567 103
567 150
567 151
567 152
567 153
567 154
567 155
567 156
567 157
567 158
567 159
567 160
568 105
568 106
568 107
568 108
568 109
568 110
568 111
568 112
568 113
568 160
568 161
568 162
568 163
568 164
568 165
568 166
568 167
568 168
569 113
569 114
569 115
569 116
569 117
569 118
569 119
569 120
569 121
569 122
569 123
569 170
569 171
569 172
569 173
569 174
569 175
570 121
570 122
570 123
570 124
570 125
570 126
570 127
570 128
570 129
570 130
570 131
570 132
571 130
571 131
571 132
571 133
571 134
571 135
571 136
571 137
571 138
571 139
571 140
571 141
572 139
572 140
572 141
572 142
572 143
572 144
572 145
572 146
572 147
572 148
572 149
573 96
573 97
573 98
573 99
573 100
573 101
573 148
573 149
573 150
573 151
573 152
573 153
573 154
573 155
573 156
573 157
573 158
574 103
574 104
574 105
574 106
574 107
574 108
574 109
574 110
574 111
574 157
574 158
574 159
574 160
574 161
574 162
574 163
574 164
574 165
574 166
575 111
575 112
575 113
575 114
575 115
575 116
575 117
575 118
575 119
575 120
575 167
575 168
575 169
575 170
575 171
575 172
575 173
576 119
576 120
576 121
576 122
576 123
576 124
576 125
576 126
576 127
576 128
576 129
577 128
577 129
577 130
577 131
577 132
577 133
577 134
577 135
577 136
577 137
577 138
578 136
578 137
578 138
578 139
578 140
578 141
578 142
578 143
578 144
578 145
578 146
578 147
579 94
579 95
579 96
579 97
579 98
579 146
579 147
579 148
579 149
579 150
579 151
579 152
579 153
579 154
579 155
580 101
580 102
580 103
580 104
580 105
580 106
580 107
580 108
580 155
580 156
580 157
580 158
580 159
580 160
580 161
580 162
580 163
580 164
581 109
581 110
581 111
581 112
581 113
581 114
581 115
581 116
581 117
581 118
581 165
581 166
581 167
581 168
581 169
581 170
581 171
581 172
582 117
582 118
582 119
582 120
582 121
582 122
582 123
582 124
582 125
582 126
582 127
582 176
582 177
582 178
583 125
583 126
583 127
583 128
583 129
583 130
583 131
583 132
583 133
583 134
583 135
583 136
584 134
584 135
584 136
584 137
584 138
584 139
584 140
584 141
584 142
584 143
584 144
584 145
585 143
585 144
585 145
585 146
585 147
585 148
585 149
585 150
585 151
585 152
585 153
586 99
586 100
586 101
586 102
586 103
586 104
586 105
586 152
586 153
586 154
586 155
586 156
586 157
586 158
586 159
586 160
586 161
586 162
587 107
587 108
587 109
587 110
587 111
587 112
587 113
587 114
587 115
587 162
587 163
587 164
587 165
587 166
587 167
587 168
587 169
587 170
588 115
588 116
588 117
588 118
588 119
588 120
588 121
588 122
588 123
588 124
588 125
588 173
588 174
588 175
588 176
588 177
589 123
589 124
589 125
589 126
589 127
589 128
589 129
589 130
589 131
589 132
589 133
589 134
590 132
590 133
590 134
590 135
590 136
590 137
590 138
590 139
590 140
590 141
590 142
591 141
591 142
591 143
591 144
591 145
591 146
591 147
591 148
591 149
591 150
591 151
592 97
592 98
592 99
592 100
592 101
592 102
592 103
592 150
592 151
592 152
592 153
592 154
592 155
592 156
592 157
592 158
592 159
593 105
593 106
593 107
593 108
593 109
593 110
593 111
593 112
593 113
593 159
593 160
593 161
593 162
593 163
593 164
593 165
593 166
593 167
594 113
594 114
594 115
594 116
594 117
594 118
594 119
594 120
594 121
594 122
594 170
594 171
594 172
594 173
594 174
594 175
595 121
595 122
595 123
595 124
595 125
595 126
595 127
595 128
595 129
595 130
595 131
596 130
596 131
596 132
596 133
596 134
596 135
596 136
596 137
596 138
596 139
596 140
597 138
597 139
597 140
597 141
597 142
597 143
597 144
597 145
597 146
597 147
597 148
597 149
598 96
598 97
598 98
598 99
598 100
598 148
598 149
598 150
598 151
598 152
598 153
598 154
598 155
598 156
598 157
599 103
599 104
599 105
599 106
599 107
599 108
599 109
599 110
599 157
599 158
599 159
599 160
599 161
599 162
599 163
599 164
599 165
600 111
600 112
600 113
600 114
600 115
600 116
600 117
600 118
600 119
600 120
600 167
600 168
600 169
600 170
600 171
600 172
600 173
601 119
601 120
601 121
601 122
601 123
601 124
601 125
601 126
601 127
601 128
601 129
601 179
602 127
602 128
602 129
602 130
602 131
602 132
602 133
602 134
602 135
602 136
602 137
602 138
603 136
603 137
603 138
603 139
603 140
603 141
603 142
603 143
603 144
603 145
603 146
604 95
604 96
604 145
604 146
604 147
604 148
604 149
604 150
604 151
604 152
604 153
604 154
604 155
605 101
605 102
605 103
605 104
605 105
605 106
605 107
605 154
605 155
605 156
605 157
605 158
605 159
605 160
605 161
605 162
605 163
606 109
606 110
606 111
606 112
606 113
606 114
606 115
606 116
606 117
606 164
606 165
606 166
606 167
606 168
606 169
606 170
606 171
607 117
607 118
607 119
607 120
607 121
607 122
607 123
607 124
607 125
607 126
607 175
607 176
607 177
607 178
608 125
608 126
608 127
608 128
608 129
608 130
608 131
608 132
608 133
608 134
608 135
609 134
609 135
609 136
609 137
609 138
609 139
609 140
609 141
609 142
609 143
609 144
610 143
610 144
610 145
610 146
610 147
610 148
610 149
610 150
610 151
610 152
610 153
611 99
611 100
611 101
611 102
611 103
611 104
611 105
611 152
611 153
611 154
611 155
611 156
611 157
611 158
611 159
611 160
611 161
612 107
612 108
612 109
612 110
612 111
612 112
612 113
612 114
612 115
612 162
612 163
612 164
612 165
612 166
612 167
612 168
612 169
613 115
613 116
613 117
613 118
613 119
613 120
613 121
613 122
613 123
613 124
613 172
613 173
613 174
613 175
613 176
613 177
614 123
614 124
614 125
614 126
614 127
614 128
614 129
614 130
614 131
614 132
614 133
615 132
615 133
615 134
615 135
615 136
615 137
615 138
615 139
615 140
615 141
615 142
616 140
616 141
616 142
616 143
616 144
616 145
616 146
616 147
616 148
616 149
616 150
617 98
617 99
617 100
617 101
617 102
617 150
617 151
617 152
617 153
617 154
617 155
617 156
617 157
617 158
617 159
618 105
618 106
618 107
618 108
618 109
618 110
618 111
618 112
618 159
618 160
618 161
618 162
618 163
618 164
618 165
618 166
618 167
619 113
619 114
619 115
619 116
619 117
619 118
619 119
619 120
619 121
619 169
619 170
619 171
619 172
619 173
619 174
619 175
620 121
620 122
620 123
620 124
620 125
620 126
620 127
620 128
620 129
620 130
620 131
621 129
621 130
621 131
621 132
621 133
621 134
621 135
621 136
621 137
621 138
621 139
622 138
622 139
622 140
622 141
622 142
622 143
622 144
622 145
622 146
622 147
622 148
623 97
623 98
623 147
623 148
623 149
623 150
623 151
623 152
623 153
623 154
623 155
623 156
623 157
624 103
624 104
624 105
624 106
624 107
624 108
624 109
624 157
624 158
624 159
624 160
624 161
624 162
624 163
624 164
624 165
625 111
625 112
625 113
625 114
625 115
625 116
625 117
625 118
625 119
625 166
625 167
625 168
625 169
625 170
625 171
625 172
625 173
626 119
626 120
626 121
626 122
626 123
626 124
626 125
626 126
626 127
626 128
626 178
626 179
627 127
627 128
627 129
627 130
627 131
627 132
627 133
627 134
627 135
627 136
627 137
628 136
628 137
628 138
628 139
628 140
628 141
628 142
628 143
628 144
628 145
628 146
629 145
629 146
629 147
629 148
629 149
629 150
629 151
629 152
629 153
629 154
630 101
630 102
630 103
630 104
630 105
630 106
630 107
630 154
630 155
630 156
630 157
630 158
630 159
630 160
630 161
630 162
630 163
631 109
631 110
631 111
631 112
631 113
631 114
631 115
631 116
631 164
631 165
631 166
631 167
631 168
631 169
631 170
631 171
632 117
632 118
632 119
632 120
632 121
632 122
632 123
632 124
632 125
632 126
632 174
632 175
632 176
632 177
632 178
633 125
633 126
633 127
633 128
633 129
633 130
633 131
633 132
633 133
633 134
633 135
634 134
634 135
634 136
634 137
634 138
634 139
634 140
634 141
634 142
634 143
634 144
635 142
635 143
635 144
635 145
635 146
635 147
635 148
635 149
635 150
635 151
635 152
636 100
636 101
636 102
636 103
636 104
636 152
636 153
636 154
636 155
636 156
636 157
636 158
636 159
636 160
636 161
637 107
637 108
637 109
637 110
637 111
637 112
637 113
637 114
637 161
637 162
637 163
637 164
637 165
637 166
637 167
637 168
637 169
638 115
638 116
638 117
638 118
638 119
638 120
638 121
638 122
638 123
638 171
638 172
638 173
638 174
638 175
638 176
639 123
639 124
639 125
639 126
639 127
639 128
639 129
639 130
639 131
639 132
640 131
640 132
640 133
640 134
640 135
640 136
640 137
640 138
640 139
640 140
640 141
641 140
641 141
641 142
641 143
641 144
641 145
641 146
641 147
641 148
641 149
641 150
642 99
642 100
642 149
642 150
642 151
642 152
642 153
642 154
642 155
642 156
642 157
642 158
643 105
643 106
643 107
643 108
643 109
643 110
643 111
643 159
643 160
643 161
643 162
643 163
643 164
643 165
643 166
643 167
644 113
644 114
644 115
644 116
644 117
644 118
644 119
644 120
644 121
644 169
644 170
644 171
644 172
644 173
644 174
645 121
645 122
645 123
645 124
645 125
645 126
645 127
645 128
645 129
645 130
646 129
646 130
646 131
646 132
646 133
646 134
646 135
646 136
646 137
646 138
646 139
647 138
647 139
647 140
647 141
647 142
647 143
647 144
647 145
647 146
647 147
647 148
648 147
648 148
648 149
648 150
648 151
648 152
648 153
648 154
648 155
648 156
649 103
649 104
649 105
649 106
649 107
649 108
649 156
649 157
649 158
649 159
649 160
649 161
649 162
649 163
649 164
650 111
650 112
650 113
650 114
650 115
650 116
650 117
650 118
650 166
650 167
650 168
650 169
650 170
650 171
650 172
651 119
651 120
651 121
651 122
651 123
651 124
651 125
651 126
651 127
651 128
651 177
651 178
651 179
652 127
652 128
652 129
652 130
652 131
652 132
652 133
652 134
652 135
652 136
652 137
653 136
653 137
653 138
653 139
653 140
653 141
653 142
653 143
653 144
653 145
654 145
654 146
654 147
654 148
654 149
654 150
654 151
654 152
654 153
654 154
655 102
655 103
655 104
655 105
655 154
655 155
655 156
655 157
655 158
655 159
655 160
655 161
655 162
656 109
656 110
656 111
656 112
656 113
656 114
656 115
656 116
656 163
656 164
656 165
656 166
656 167
656 168
656 169
656 170
657 117
657 118
657 119
657 120
657 121
657 122
657 123
657 124
657 125
657 174
657 175
657 176
657 177
657 178
658 125
658 126
658 127
658 128
658 129
658 130
658 131
658 132
658 133
658 134
659 133
659 134
659 135
659 136
659 137
659 138
659 139
659 140
659 141
659 142
659 143
660 142
660 143
660 144
660 145
660 146
660 147
660 148
660 149
660 150
660 151
660 152
661 101
661 102
661 151
661 152
661 153
661 154
661 155
661 156
661 157
661 158
661 159
661 160
662 107
662 108
662 109
662 110
662 111
662 112
662 113
662 161
662 162
662 163
662 164
662 165
662 166
662 167
662 168
663 115
663 116
663 117
663 118
663 119
663 120
663 121
663 122
663 123
663 171
663 172
663 173
663 174
663 175
663 176
664 123
664 124
664 125
664 126
664 127
664 128
664 129
664 130
664 131
664 132
665 131
665 132
665 133
665 134
665 135
665 136
665 137
665 138
665 139
665 140
665 141
666 140
666 141
666 142
666 143
666 144
666 145
666 146
666 147
666 148
666 149
667 149
667 150
667 151
667 152
667 153
667 154
667 155
667 156
667 157
667 158
668 105
668 106
668 107
668 108
668 109
668 110
668 158
668 159
668 160
668 161
668 162
668 163
668 164
668 165
668 166
669 113
669 114
669 115
669 116
669 117
669 118
669 119
669 120
669 168
669 169
669 170
669 171
669 172
669 173
669 174
670 121
670 122
670 123
670 124
670 125
670 126
670 127
670 128
670 129
671 129
671 130
671 131
671 132
671 133
671 134
671 135
671 136
671 137
671 138
672 138
672 139
672 140
672 141
672 142
672 143
672 144
672 145
672 146
672 147
673 147
673 148
673 149
673 150
673 151
673 152
673 153
673 154
673 155
673 156
674 104
674 105
674 106
674 107
674 156
674 157
674 158
674 159
674 160
674 161
674 162
674 163
674 164
675 111
675 112
675 113
675 114
675 115
675 116
675 117
675 166
675 167
675 168
675 169
675 170
675 171
675 172
676 119
676 120
676 121
676 122
676 123
676 124
676 125
676 126
676 127
676 177
676 178
676 179
677 127
677 128
677 129
677 130
677 131
677 132
677 133
677 134
677 135
677 136
678 135
678 136
678 137
678 138
678 139
678 140
678 141
678 142
678 143
678 144
678 145
679 144
679 145
679 146
679 147
679 148
679 149
679 150
679 151
679 152
679 153
680 103
680 153
680 154
680 155
680 156
680 157
680 158
680 159
680 160
680 161
680 162
681 109
681 110
681 111
681 112
681 113
681 114
681 115
681 163
681 164
681 165
681 166
681 167
681 168
681 169
681 170
682 117
682 118
682 119
682 120
682 121
682 122
682 123
682 124
682 174
682 175
682 176
682 177
683 125
683 126
683 127
683 128
683 129
683 130
683 131
683 132
683 133
684 133
684 134
684 135
684 136
684 137
684 138
684 139
684 140
684 141
684 142
685 142
685 143
685 144
685 145
685 146
685 147
685 148
685 149
685 150
685 151
686 151
686 152
686 153
686 154
686 155
686 156
686 157
686 158
686 159
686 160
687 107
687 108
687 109
687 110
687 111
687 112
687 161
687 162
687 163
687 164
687 165
687 166
687 167
687 168
688 115
688 116
688 117
688 118
688 119
688 120
688 121
688 122
688 171
688 172
688 173
688 174
688 175
688 176
689 123
689 124
689 125
689 126
689 127
689 128
689 129
689 130
689 131
690 131
690 132
690 133
690 134
690 135
690 136
690 137
690 138
690 139
690 140
691 140
691 141
691 142
691 143
691 144
691 145
691 146
691 147
691 148
691 149
692 149
692 150
692 151
692 152
692 153
692 154
692 155
692 156
692 157
693 106
693 107
693 108
693 109
693 158
693 159
693 160
693 161
693 162
693 163
693 164
693 165
693 166
694 113
694 114
694 115
694 116
694 117
694 118
694 119
694 168
694 169
694 170
694 171
694 172
694 173
694 174
695 121
695 122
695 123
695 124
695 125
695 126
695 127
695 128
696 129
696 130
696 131
696 132
696 133
696 134
696 135
696 136
696 137
696 138
697 138
697 139
697 140
697 141
697 142
697 143
697 144
697 145
697 146
698 146
698 147
698 148
698 149
698 150
698 151
698 152
698 153
698 154
698 155
699 156
699 157
699 158
699 159
699 160
699 161
699 162
699 163
700 111
700 112
700 113
700 114
700 115
700 116
700 165
700 166
700 167
700 168
700 169
700 170
700 171
701 119
701 120
701 121
701 122
701 123
701 124
701 125
701 126
701 176
701 177
701 178
701 179
702 127
702 128
702 129
702 130
702 131
702 132
702 133
702 134
702 135
703 135
703 136
703 137
703 138
703 139
703 140
703 141
703 142
703 143
703 144
704 144
704 145
704 146
704 147
704 148
704 149
704 150
704 151
704 152
704 153
705 153
705 154
705 155
705 156
705 157
705 158
705 159
705 160
705 161
706 109
706 110
706 111
706 112
706 113
706 163
706 164
706 165
706 166
706 167
706 168
706 169
707 117
707 118
707 119
707 120
707 121
707 122
707 123
707 173
707 174
707 175
707 176
707 177
708 125
708 126
708 127
708 128
708 129
708 130
708 131
708 132
708 133
709 133
709 134
709 135
709 136
709 137
709 138
709 139
709 140
709 141
709 142
710 142
710 143
710 144
710 145
710 146
710 147
710 148
710 149
710 150
711 151
711 152
711 153
711 154
711 155
711 156
711 157
711 158
711 159
712 108
712 109
712 110
712 160
712 161
712 162
712 163
712 164
712 165
712 166
712 167
713 115
713 116
713 117
713 118
713 119
713 120
713 121
713 171
713 172
713 173
713 174
713 175
714 123
714 124
714 125
714 126
714 127
714 128
714 129
714 130
715 131
715 132
715 133
715 134
715 135
715 136
715 137
715 138
715 139
716 140
716 141
716 142
716 143
716 144
716 145
716 146
716 147
716 148
717 149
717 150
717 151
717 152
717 153
717 154
717 155
717 156
717 157
718 158
718 159
718 160
718 161
718 162
718 163
718 164
718 165
719 113
719 114
719 115
719 116
719 117
719 118
719 168
719 169
719 170
719 171
719 172
719 173
720 121
720 122
720 123
720 124
720 125
720 126
720 127
721 129
721 130
721 131
721 132
721 133
721 134
721 135
721 136
721 137
722 137
722 138
722 139
722 140
722 141
722 142
722 143
722 144
722 145
722 146
723 146
723 147
723 148
723 149
723 150
723 151
723 152
723 153
723 154
724 156
724 157
724 158
724 159
724 160
724 161
724 162
724 163
725 112
725 113
725 114
725 115
725 165
725 166
725 167
725 168
725 169
725 170
725 171
726 119
726 120
726 121
726 122
726 123
726 124
726 125
726 176
726 177
726 178
727 127
727 128
727 129
727 130
727 131
727 132
727 133
727 134
728 135
728 136
728 137
728 138
728 139
728 140
728 141
728 142
728 143
729 144
729 145
729 146
729 147
729 148
729 149
729 150
729 151
729 152
730 153
730 154
730 155
730 156
730 157
730 158
730 159
730 160
731 111
731 163
731 164
731 165
731 166
731 167
731 168
731 169
732 117
732 118
732 119
732 120
732 121
732 122
732 173
732 174
732 175
732 176
733 125
733 126
733 127
733 128
733 129
733 130
733 131
733 132
734 133
734 134
734 135
734 136
734 137
734 138
734 139
734 140
734 141
735 142
735 143
735 144
735 145
735 146
735 147
735 148
735 149
735 150
736 151
736 152
736 153
736 154
736 155
736 156
736 157
736 158
737 160
737 161
737 162
737 163
737 164
737 165
737 166
738 115
738 116
738 117
738 118
738 119
738 171
738 172
738 173
738 174
739 123
739 124
739 125
739 126
739 127
739 128
739 129
740 131
740 132
740 133
740 134
740 135
740 136
740 137
740 138
741 140
741 141
741 142
741 143
741 144
741 145
741 146
741 147
742 149
742 150
742 151
742 152
742 153
742 154
742 155
742 156
743 158
743 159
743 160
743 161
743 162
743 163
743 164
744 114
744 115
744 116
744 168
744 169
744 170
744 171
744 172
745 121
745 122
745 123
745 124
745 125
745 126
746 129
746 130
746 131
746 132
746 133
746 134
746 135
746 136
747 138
747 139
747 140
747 141
747 142
747 143
747 144
747 145
748 146
748 147
748 148
748 149
748 150
748 151
748 152
748 153
749 156
749 157
749 158
749 159
749 160
749 161
749 162
750 165
750 166
750 167
750 168
750 169
750 170
751 119
751 120
751 121
751 122
751 123
751 124
751 177
752 127
752 128
752 129
752 130
752 131
752 132
752 133
753 135
753 136
753 137
753 138
753 139
753 140
753 141
753 142
754 144
754 145
754 146
754 147
754 148
754 149
754 150
754 151
755 153
755 154
755 155
755 156
755 157
755 158
755 159
755 160
756 163
756 164
756 165
756 166
756 167
756 168
757 118
757 119
757 120
757 174
757 175
758 125
758 126
758 127
758 128
758 129
758 130
759 133
759 134
759 135
759 136
759 137
759 138
759 139
759 140
760 142
760 143
760 144
760 145
760 146
760 147
760 148
760 149
761 151
761 152
761 153
761 154
761 155
761 156
761 157
762 160
762 161
762 162
762 163
762 164
762 165
762 166
763 171
763 172
763 173
764 123
764 124
764 125
764 126
764 127
764 128
765 131
765 132
765 133
765 134
765 135
765 136
765 137
766 140
766 141
766 142
766 143
766 144
766 145
766 146
767 149
767 150
767 151
767 152
767 153
767 154
767 155
768 158
768 159
768 160
768 161
768 162
768 163
769 168
769 169
769 170
769 171
770 122
770 123
770 124
770 125
771 129
771 130
771 131
771 132
771 133
771 134
771 135
772 138
772 139
772 140
772 141
772 142
772 143
772 144
773 146
773 147
773 148
773 149
773 150
773 151
773 152
773 153
774 156
774 157
774 158
774 159
774 160
774 161
775 166
775 167
775 168
775 169
776 121
777 128
777 129
777 130
777 131
777 132
778 136
778 137
778 138
778 139
778 140
778 141
779 144
779 145
779 146
779 147
779 148
779 149
779 150
780 153
780 154
780 155
780 156
780 157
780 158
780 159
781 163
781 164
781 165
781 166
781 167
783 126
783 127
783 128
783 129
784 134
784 135
784 136
784 137
784 138
785 142
785 143
785 144
785 145
785 146
785 147
785 148
786 151
786 152
786 153
786 154
786 155
786 156
787 161
787 162
787 163
787 164
787 165
788 172
789 125
790 132
790 133
790 134
790 135
790 136
791 140
791 141
791 142
791 143
791 144
791 145
792 149
792 150
792 151
792 152
792 153
792 154
793 158
793 159
793 160
793 161
793 162
794 169
794 170
796 130
796 131
796 132
796 133
797 138
797 139
797 140
797 141
797 142
798 147
798 148
798 149
798 150
798 151
799 156
799 157
799 158
799 159
799 160
800 166
800 167
800 168
803 136
803 137
803 138
803 139
803 140
804 145
804 146
804 147
804 148
804 149
805 154
805 155
805 156
805 157
806 164
806 165
806 166
809 135
809 136
809 137
810 143
810 144
810 145
810 146
811 152
811 153
811 154
811 155
812 161
812 162
812 163
816 141
816 142
816 143
817 150
817 151
817 152
818 159
818 160
818 161
823 148
823 149
823 150
824 157
824 158
918 278
924 275
924 276
925 284
925 285
930 272
930 273
930 274
931 281
931 282
931 283
932 291
936 270
936 271
936 272
937 278
937 279
937 280
937 281
938 288
938 289
938 290
942 268
942 269
942 270
943 276
943 277
943 278
943 279
944 285
944 286
944 287
944 288
945 295
948 265
948 266
948 267
949 274
949 275
949 276
949 277
950 282
950 283
950 284
950 285
950 286
951 292
951 293
951 294
954 263
954 264
954 265
955 271
955 272
955 273
955 274
955 275
956 280
956 281
956 282
956 283
956 284
957 289
957 290
957 291
957 292
960 261
960 262
961 269
961 270
961 271
961 272
962 277
962 278
962 279
962 280
962 281
962 282
963 286
963 287
963 288
963 289
963 290
964 296
964 297
964 298
966 259
967 266
967 267
967 268
967 269
967 270
968 275
968 276
968 277
968 278
968 279
969 284
969 285
969 286
969 287
969 288
970 293
970 294
970 295
970 296
973 264
973 265
973 266
973 267
973 268
974 273
974 274
974 275
974 276
974 277
975 281
975 282
975 283
975 284
975 285
975 286
976 290
976 291
976 292
976 293
976 294
977 300
977 301
977 302
979 262
979 263
979 264
979 265
980 270
980 271
980 272
980 273
980 274
980 275
981 279
981 280
981 281
981 282
981 283
981 284
982 288
982 289
982 290
982 291
982 292
983 297
983 298
983 299
983 300
985 260
985 261
985 262
985 263
986 268
986 269
986 270
986 271
986 272
987 277
987 278
987 279
987 280
987 281
987 282
988 285
988 286
988 287
988 288
988 289
988 290
989 295
989 296
989 297
989 298
991 258
991 259
991 260
992 266
992 267
992 268
992 269
992 270
993 274
993 275
993 276
993 277
993 278
993 279
994 283
994 284
994 285
994 286
994 287
994 288
995 292
995 293
995 294
995 295
995 296
995 297
996 302
996 303
996 304
997 256
997 257
998 263
998 264
998 265
998 266
998 267
998 268
999 272
999 273
999 274
999 275
999 276
999 277
1000 281
1000 282
1000 283
1000 284
1000 285
1000 286
1001 290
1001 291
1001 292
1001 293
1001 294
1001 295
1002 299
1002 300
1002 301
1002 302
1003 254
1004 261
1004 262
1004 263
1004 264
1004 265
1005 270
1005 271
1005 272
1005 273
1005 274
1005 275
1006 278
1006 279
1006 280
1006 281
1006 282
1006 283
1006 284
1007 287
1007 288
1007 289
1007 290
1007 291
1007 292
1007 293
1008 296
1008 297
1008 298
1008 299
1008 300
1008 301
1009 307
1010 259
1010 260
1010 261
1010 262
1010 263
1011 267
1011 268
1011 269
1011 270
1011 271
1011 272
1012 276
1012 277
1012 278
1012 279
1012 280
1012 281
1012 282
1012 472
1013 285
1013 286
1013 287
1013 288
1013 289
1013 290
1014 294
1014 295
1014 296
1014 297
1014 298
1014 299
1015 304
1015 305
1015 306
1016 257
1016 258
1016 259
1016 260
1017 265
1017 266
1017 267
1017 268
1017 269
1017 270
1018 273
1018 274
1018 275
1018 276
1018 277
1018 278
1018 279
1018 469
1018 470
1019 282
1019 283
1019 284
1019 285
1019 286
1019 287
1019 288
1020 291
1020 292
1020 293
1020 294
1020 295
1020 296
1020 297
1021 301
1021 302
1021 303
1021 304
1021 305
1022 255
1022 256
1022 257
1023 263
1023 264
1023 265
1023 266
1023 267
1023 268
1024 271
1024 272
1024 273
1024 274
1024 275
1024 276
1024 277
1024 467
1024 468
1025 280
1025 281
1025 282
1025 283
1025 284
1025 285
1025 286
1025 476
1026 289
1026 290
1026 291
1026 292
1026 293
1026 294
1026 295
1027 298
1027 299
1027 300
1027 301
1027 302
1027 303
1028 253
1028 254
1028 308
1028 309
1028 310
1029 261
1029 262
1029 263
1029 264
1029 265
1030 269
1030 270
1030 271
1030 272
1030 273
1030 274
1030 275
1030 464
1030 465
1030 466
1031 278
1031 279
1031 280
1031 281
1031 282
1031 283
1031 284
1031 473
1031 474
1032 286
1032 287
1032 288
1032 289
1032 290
1032 291
1032 292
1032 293
1033 296
1033 297
1033 298
1033 299
1033 300
1033 301
1034 305
1034 306
1034 307
1034 308
1035 258
1035 259
1035 260
1035 261
1035 262
1036 267
1036 268
1036 269
1036 270
1036 271
1036 272
1036 462
1036 463
1036 464
1037 275
1037 276
1037 277
1037 278
1037 279
1037 280
1037 281
1037 282
1037 470
1037 471
1037 472
1038 284
1038 285
1038 286
1038 287
1038 288
1038 289
1038 290
1038 479
1038 480
1039 293
1039 294
1039 295
1039 296
1039 297
1039 298
1039 299
1040 303
1040 304
1040 305
1040 306
1040 307
1041 256
1041 257
1041 258
1041 259
1041 260
1042 264
1042 265
1042 266
1042 267
1042 268
1042 269
1042 270
1042 460
1042 461
1043 273
1043 274
1043 275
1043 276
1043 277
1043 278
1043 279
1043 468
1043 469
1043 470
1044 282
1044 283
1044 284
1044 285
1044 286
1044 287
1044 288
1044 477
1044 478
1044 479
1045 291
1045 292
1045 293
1045 294
1045 295
1045 296
1045 297
1046 300
1046 301
1046 302
1046 303
1046 304
1046 305
1047 254
1047 255
1047 256
1047 257
1047 310
1047 311
1047 312
1048 262
1048 263
1048 264
1048 265
1048 266
1048 267
1048 458
1049 271
1049 272
1049 273
1049 274
1049 275
1049 276
1049 277
1049 465
1049 466
1049 467
1049 468
1050 279
1050 280
1050 281
1050 282
1050 283
1050 284
1050 285
1050 286
1050 474
1050 475
1050 476
1050 477
1051 288
1051 289
1051 290
1051 291
1051 292
1051 293
1051 294
1051 295
1051 484
1052 297
1052 298
1052 299
1052 300
1052 301
1052 302
1052 303
1053 253
1053 254
1053 307
1053 308
1053 309
1053 310
1054 260
1054 261
1054 262
1054 263
1054 264
1054 265
1055 268
1055 269
1055 270
1055 271
1055 272
1055 273
1055 274
1055 275
1055 463
1055 464
1055 465
1055 466
1056 277
1056 278
1056 279
1056 280
1056 281
1056 282
1056 283
1056 284
1056 471
1056 472
1056 473
1056 474
1056 475
1057 286
1057 287
1057 288
1057 289
1057 290
1057 291
1057 292
1057 293
1057 481
1057 482
1057 483
1058 295
1058 296
1058 297
1058 298
1058 299
1058 300
1058 301
1059 304
1059 305
1059 306
1059 307
1059 308
1059 309
1060 258
1060 259
1060 260
1060 261
1060 262
1061 266
1061 267
1061 268
1061 269
1061 270
1061 271
1061 272
1061 461
1061 462
1061 463
1062 275
1062 276
1062 277
1062 278
1062 279
1062 280
1062 281
1062 469
1062 470
1062 471
1062 472
1063 283
1063 284
1063 285
1063 286
1063 287
1063 288
1063 289
1063 290
1063 478
1063 479
1063 480
1063 481
1064 292
1064 293
1064 294
1064 295
1064 296
1064 297
1064 298
1064 299
1065 302
1065 303
1065 304
1065 305
1065 306
1065 307
1066 256
1066 257
1066 258
1066 259
1066 260
1066 312
1066 313
1066 314
1067 264
1067 265
1067 266
1067 267
1067 268
1067 269
1067 270
1067 459
1067 460
1067 461
1068 272
1068 273
1068 274
1068 275
1068 276
1068 277
1068 278
1068 279
1068 467
1068 468
1068 469
1068 470
1069 281
1069 282
1069 283
1069 284
1069 285
1069 286
1069 287
1069 288
1069 475
1069 476
1069 477
1069 478
1069 479
1070 290
1070 291
1070 292
1070 293
1070 294
1070 295
1070 296
1070 297
1070 485
1070 486
1071 299
1071 300
1071 301
1071 302
1071 303
1071 304
1071 305
1072 254
1072 255
1072 256
1072 257
1072 309
1072 310
1072 311
1072 312
1073 262
1073 263
1073 264
1073 265
1073 266
1073 267
1073 457
1073 458
1074 270
1074 271
1074 272
1074 273
1074 274
1074 275
1074 276
1074 277
1074 464
1074 465
1074 466
1074 467
1074 468
1075 279
1075 280
1075 281
1075 282
1075 283
1075 284
1075 285
1075 286
1075 473
1075 474
1075 475
1075 476
1075 477
1076 288
1076 289
1076 290
1076 291
1076 292
1076 293
1076 294
1076 295
1076 482
1076 483
1076 484
1076 485
1077 297
1077 298
1077 299
1077 300
1077 301
1077 302
1077 303
1078 252
1078 253
1078 254
1078 306
1078 307
1078 308
1078 309
1078 310
1078 311
1079 260
1079 261
1079 262
1079 263
1079 264
1079 265
1080 268
1080 269
1080 270
1080 271
1080 272
1080 273
1080 274
1080 462
1080 463
1080 464
1080 465
1080 466
1081 277
1081 278
1081 279
1081 280
1081 281
1081 282
1081 283
1081 284
1081 470
1081 471
1081 472
1081 473
1081 474
1082 285
1082 286
1082 287
1082 288
1082 289
1082 290
1082 291
1082 292
1082 479
1082 480
1082 481
1082 482
1082 483
1083 294
1083 295
1083 296
1083 297
1083 298
1083 299
1083 300
1083 301
1083 489
1083 490
1084 304
1084 305
1084 306
1084 307
1084 308
1084 309
1085 258
1085 259
1085 260
1085 261
1085 262
1085 314
1085 315
1085 316
1086 266
1086 267
1086 268
1086 269
1086 270
1086 271
1086 272
1086 460
1086 461
1086 462
1086 463
1087 274
1087 275
1087 276
1087 277
1087 278
1087 279
1087 280
1087 281
1087 468
1087 469
1087 470
1087 471
1087 472
1088 283
1088 284
1088 285
1088 286
1088 287
1088 288
1088 289
1088 290
1088 477
1088 478
1088 479
1088 480
1088 481
1089 292
1089 293
1089 294
1089 295
1089 296
1089 297
1089 298
1089 299
1089 486
1089 487
1089 488
1089 489
1090 301
1090 302
1090 303
1090 304
1090 305
1090 306
1090 307
1091 256
1091 257
1091 258
1091 259
1091 311
1091 312
1091 313
1091 314
1092 264
1092 265
1092 266
1092 267
1092 268
1092 269
1092 458
1092 459
1092 460
1092 461
1093 272
1093 273
1093 274
1093 275
1093 276
1093 277
1093 278
1093 279
1093 466
1093 467
1093 468
1093 469
1093 470
1094 281
1094 282
1094 283
1094 284
1094 285
1094 286
1094 287
1094 288
1094 474
1094 475
1094 476
1094 477
1094 478
1094 479
1095 290
1095 291
1095 292
1095 293
1095 294
1095 295
1095 296
1095 297
1095 483
1095 484
1095 485
1095 486
1095 487
1096 299
1096 300
1096 301
1096 302
1096 303
1096 304
1096 305
1097 254
1097 255
1097 256
1097 257
1097 308
1097 309
1097 310
1097 311
1097 312
1097 313
1098 261
1098 262
1098 263
1098 264
1098 265
1098 266
1098 267
1098 456
1098 457
1098 458
1099 270
1099 271
1099 272
1099 273
1099 274
1099 275
1099 276
1099 464
1099 465
1099 466
1099 467
1099 468
1100 278
1100 279
1100 280
1100 281
1100 282
1100 283
1100 284
1100 285
1100 286
1100 472
1100 473
1100 474
1100 475
1100 476
1101 287
1101 288
1101 289
1101 290
1101 291
1101 292
1101 293
1101 294
1101 481
1101 482
1101 483
1101 484
1101 485
1102 296
1102 297
1102 298
1102 299
1102 300
1102 301
1102 302
1102 303
1102 490
1102 491
1102 492
1103 252
1103 253
1103 306
1103 307
1103 308
1103 309
1103 310
1103 311
1104 259
1104 260
1104 261
1104 262
1104 263
1104 264
1104 316
1104 317
1104 318
1105 268
1105 269
1105 270
1105 271
1105 272
1105 273
1105 274
1105 461
1105 462
1105 463
1105 464
1105 465
1106 276
1106 277
1106 278
1106 279
1106 280
1106 281
1106 282
1106 283
1106 470
1106 471
1106 472
1106 473
1106 474
1107 285
1107 286
1107 287
1107 288
1107 289
1107 290
1107 291
1107 292
1107 478
1107 479
1107 480
1107 481
1107 482
1107 483
1108 294
1108 295
1108 296
1108 297
1108 298
1108 299
1108 300
1108 301
1108 487
1108 488
1108 489
1108 490
1108 491
1109 303
1109 304
1109 305
1109 306
1109 307
1109 308
1109 309
1110 257
1110 258
1110 259
1110 260
1110 261
1110 262
1110 313
1110 314
1110 315
1110 316
1111 265
1111 266
1111 267
1111 268
1111 269
1111 270
1111 271
1111 272
1111 459
1111 460
1111 461
1111 462
1111 463
1112 274
1112 275
1112 276
1112 277
1112 278
1112 279
1112 280
1112 281
1112 467
1112 468
1112 469
1112 470
1112 471
1112 472
1113 283
1113 284
1113 285
1113 286
1113 287
1113 288
1113 289
1113 290
1113 476
1113 477
1113 478
1113 479
1113 480
1113 481
1114 292
1114 293
1114 294
1114 295
1114 296
1114 297
1114 298
1114 299
1114 485
1114 486
1114 487
1114 488
1114 489
1115 301
1115 302
1115 303
1115 304
1115 305
1115 306
1115 307
1115 495
1115 496
1116 255
1116 256
1116 257
1116 258
1116 259
1116 310
1116 311
1116 312
1116 313
1116 314
1116 315
1117 263
1117 264
1117 265
1117 266
1117 267
1117 268
1117 269
1117 457
1117 458
1117 459
1117 460
1118 272
1118 273
1118 274
1118 275
1118 276
1118 277
1118 278
1118 279
1118 465
1118 466
1118 467
1118 468
1118 469
1118 470
1119 280
1119 281
1119 282
1119 283
1119 284
1119 285
1119 286
1119 287
1119 288
1119 473
1119 474
1119 475
1119 476
1119 477
1119 478
1120 289
1120 290
1120 291
1120 292
1120 293
1120 294
1120 295
1120 296
1120 297
1120 482
1120 483
1120 484
1120 485
1120 486
1120 487
1121 298
1121 299
1121 300
1121 301
1121 302
1121 303
1121 304
1121 305
1121 492
1121 493
1121 494
1122 254
1122 255
1122 256
1122 308
1122 309
1122 310
1122 311
1122 312
1122 313
1123 261
1123 262
1123 263
1123 264
1123 265
1123 266
1123 267
1123 318
1123 319
1123 456
1123 457
1124 270
1124 271
1124 272
1124 273
1124 274
1124 275
1124 276
1124 463
1124 464
1124 465
1124 466
1124 467
1125 278
1125 279
1125 280
1125 281
1125 282
1125 283
1125 284
1125 285
1125 471
1125 472
1125 473
1125 474
1125 475
1125 476
1126 287
1126 288
1126 289
1126 290
1126 291
1126 292
1126 293
1126 294
1126 480
1126 481
1126 482
1126 483
1126 484
1126 485
1127 296
1127 297
1127 298
1127 299
1127 300
1127 301
1127 302
1127 303
1127 489
1127 490
1127 491
1127 492
1127 493
1128 252
1128 253
1128 305
1128 306
1128 307
1128 308
1128 309
1128 310
1128 311
1129 259
1129 260
1129 261
1129 262
1129 263
1129 264
1129 315
1129 316
1129 317
1129 318
1130 267
1130 268
1130 269
1130 270
1130 271
1130 272
1130 273
1130 274
1130 461
1130 462
1130 463
1130 464
1130 465
1131 276
1131 277
1131 278
1131 279
1131 280
1131 281
1131 282
1131 283
1131 469
1131 470
1131 471
1131 472
1131 473
1131 474
1132 285
1132 286
1132 287
1132 288
1132 289
1132 290
1132 291
1132 292
1132 477
1132 478
1132 479
1132 480
1132 481
1132 482
1132 483
1133 294
1133 295
1133 296
1133 297
1133 298
1133 299
1133 300
1133 301
1133 486
1133 487
1133 488
1133 489
1133 490
1133 491
1134 303
1134 304
1134 305
1134 306
1134 307
1134 308
1134 309
1134 496
1134 497
1134 498
1135 257
1135 258
1135 259
1135 260
1135 261
1135 312
1135 313
1135 314
1135 315
1135 316
1135 317
1136 265
1136 266
1136 267
1136 268
1136 269
1136 270
1136 271
1136 459
1136 460
1136 461
1136 462
1137 274
1137 275
1137 276
1137 277
1137 278
1137 279
1137 280
1137 281
1137 466
1137 467
1137 468
1137 469
1137 470
1137 471
1137 472
1138 282
1138 283
1138 284
1138 285
1138 286
1138 287
1138 288
1138 289
1138 290
1138 475
1138 476
1138 477
1138 478
1138 479
1138 480
1139 291
1139 292
1139 293
1139 294
1139 295
1139 296
1139 297
1139 298
1139 299
1139 484
1139 485
1139 486
1139 487
1139 488
1139 489
1140 300
1140 301
1140 302
1140 303
1140 304
1140 305
1140 306
1140 307
1140 493
1140 494
1140 495
1140 496
1141 255
1141 256
1141 257
1141 258
1141 310
1141 311
1141 312
1141 313
1141 314
1141 315
1142 263
1142 264
1142 265
1142 266
1142 267
1142 268
1142 269
1142 321
1142 457
1142 458
1142 459
1142 460
1143 271
1143 272
1143 273
1143 274
1143 275
1143 276
1143 277
1143 278
1143 464
1143 465
1143 466
1143 467
1143 468
1143 469
1144 280
1144 281
1144 282
1144 283
1144 284
1144 285
1144 286
1144 287
1144 288
1144 473
1144 474
1144 475
1144 476
1144 477
1144 478
1145 289
1145 290
1145 291
1145 292
1145 293
1145 294
1145 295
1145 296
1145 481
1145 482
1145 483
1145 484
1145 485
1145 486
1145 487
1146 298
1146 299
1146 300
1146 301
1146 302
1146 303
1146 304
1146 305
1146 491
1146 492
1146 493
1146 494
1147 254
1147 255
1147 307
1147 308
1147 309
1147 310
1147 311
1147 312
1147 313
1148 261
1148 262
1148 263
1148 264
1148 265
1148 266
1148 317
1148 318
1148 319
1148 320
1148 455
1148 456
1148 457
1149 269
1149 270
1149 271
1149 272
1149 273
1149 274
1149 275
1149 276
1149 462
1149 463
1149 464
1149 465
1149 466
1149 467
1150 278
1150 279
1150 280
1150 281
1150 282
1150 283
1150 284
1150 285
1150 470
1150 471
1150 472
1150 473
1150 474
1150 475
1150 476
1151 287
1151 288
1151 289
1151 290
1151 291
1151 292
1151 293
1151 294
1151 479
1151 480
1151 481
1151 482
1151 483
1151 484
1152 296
1152 297
1152 298
1152 299
1152 300
1152 301
1152 302
1152 303
1152 488
1152 489
1152 490
1152 491
1152 492
1152 493
1153 305
1153 306
1153 307
1153 308
1153 309
1153 310
1153 311
1153 498
1153 499
1153 500
1154 259
1154 260
1154 261
1154 262
1154 263
1154 264
1154 315
1154 316
1154 317
1154 318
1155 267
1155 268
1155 269
1155 270
1155 271
1155 272
1155 273
1155 460
1155 461
1155 462
1155 463
1155 464
1156 276
1156 277
1156 278
1156 279
1156 280
1156 281
1156 282
1156 283
1156 468
1156 469
1156 470
1156 471
1156 472
1156 473
1156 474
1157 284
1157 285
1157 286
1157 287
1157 288
1157 289
1157 290
1157 291
1157 292
1157 476
1157 477
1157 478
1157 479
1157 480
1157 481
1157 482
1158 293
1158 294
1158 295
1158 296
1158 297
1158 298
1158 299
1158 300
1158 301
1158 485
1158 486
1158 487
1158 488
1158 489
1158 490
1158 491
1159 302
1159 303
1159 304
1159 305
1159 306
1159 307
1159 308
1159 309
1159 495
1159 496
1159 497
1159 498
1160 257
1160 258
1160 259
1160 260
1160 261
1160 312
1160 313
1160 314
1160 315
1160 316
1160 317
1161 265
1161 266
1161 267
1161 268
1161 269
1161 270
1161 271
1161 458
1161 459
1161 460
1161 461
1161 462
1162 273
1162 274
1162 275
1162 276
1162 277
1162 278
1162 279
1162 280
1162 466
1162 467
1162 468
1162 469
1162 470
1162 471
1163 282
1163 283
1163 284
1163 285
1163 286
1163 287
1163 288
1163 289
1163 290
1163 474
1163 475
1163 476
1163 477
1163 478
1163 479
1163 480
1164 291
1164 292
1164 293
1164 294
1164 295
1164 296
1164 297
1164 298
1164 483
1164 484
1164 485
1164 486
1164 487
1164 488
1165 300
1165 301
1165 302
1165 303
1165 304
1165 305
1165 306
1165 307
1165 492
1165 493
1165 494
1165 495
1165 496
1166 255
1166 256
1166 257
1166 258
1166 309
1166 310
1166 311
1166 312
1166 313
1166 314
1166 315
1167 263
1167 264
1167 265
1167 266
1167 267
1167 268
1167 320
1167 321
1167 322
1167 456
1167 457
1167 458
1167 459
1168 271
1168 272
1168 273
1168 274
1168 275
1168 276
1168 277
1168 278
1168 464
1168 465
1168 466
1168 467
1168 468
1168 469
1169 280
1169 281
1169 282
1169 283
1169 284
1169 285
1169 286
1169 287
1169 472
1169 473
1169 474
1169 475
1169 476
1169 477
1169 478
1170 289
1170 290
1170 291
1170 292
1170 293
1170 294
1170 295
1170 296
1170 480
1170 481
1170 482
1170 483
1170 484
1170 485
1170 486
1171 298
1171 299
1171 300
1171 301
1171 302
1171 303
1171 304
1171 305
1171 489
1171 490
1171 491
1171 492
1171 493
1171 494
1172 254
1172 307
1172 308
1172 309
1172 310
1172 311
1172 312
1172 313
1172 500
1172 501
1173 261
1173 262
1173 263
1173 264
1173 265
1173 266
1173 317
1173 318
1173 319
1173 320
1173 455
1173 456
1174 269
1174 270
1174 271
1174 272
1174 273
1174 274
1174 275
1174 276
1174 462
1174 463
1174 464
1174 465
1174 466
1175 278
1175 279
1175 280
1175 281
1175 282
1175 283
1175 284
1175 285
1175 470
1175 471
1175 472
1175 473
1175 474
1175 475
1175 476
1176 286
1176 287
1176 288
1176 289
1176 290
1176 291
1176 292
1176 293
1176 294
1176 478
1176 479
1176 480
1176 481
1176 482
1176 483
1176 484
1177 295
1177 296
1177 297
1177 298
1177 299
1177 300
1177 301
1177 302
1177 303
1177 487
1177 488
1177 489
1177 490
1177 491
1177 492
1178 304
1178 305
1178 306
1178 307
1178 308
1178 309
1178 310
1178 311
1178 497
1178 498
1178 499
1178 500
1179 259
1179 260
1179 261
1179 262
1179 263
1179 314
1179 315
1179 316
1179 317
1179 318
1179 319
1180 267
1180 268
1180 269
1180 270
1180 271
1180 272
1180 273
1180 460
1180 461
1180 462
1180 463
1180 464
1181 275
1181 276
1181 277
1181 278
1181 279
1181 280
1181 281
1181 282
1181 283
1181 467
1181 468
1181 469
1181 470
1181 471
1181 472
1181 473
1182 284
1182 285
1182 286
1182 287
1182 288
1182 289
1182 290
1182 291
1182 292
1182 476
1182 477
1182 478
1182 479
1182 480
1182 481
1182 482
1183 293
1183 294
1183 295
1183 296
1183 297
1183 298
1183 299
1183 300
1183 484
1183 485
1183 486
1183 487
1183 488
1183 489
1183 490
1184 302
1184 303
1184 304
1184 305
1184 306
1184 307
1184 308
1184 309
1184 494
1184 495
1184 496
1184 497
1184 498
1185 257
1185 258
1185 259
1185 260
1185 311
1185 312
1185 313
1185 314
1185 315
1185 316
1185 317
1186 265
1186 266
1186 267
1186 268
1186 269
1186 270
1186 271
1186 322
1186 323
1186 458
1186 459
1186 460
1186 461
1187 273
1187 274
1187 275
1187 276
1187 277
1187 278
1187 279
1187 280
1187 465
1187 466
1187 467
1187 468
1187 469
1187 470
1187 471
1188 282
1188 283
1188 284
1188 285
1188 286
1188 287
1188 288
1188 289
1188 473
1188 474
1188 475
1188 476
1188 477
1188 478
1188 479
1188 480
1189 291
1189 292
1189 293
1189 294
1189 295
1189 296
1189 297
1189 298
1189 482
1189 483
1189 484
1189 485
1189 486
1189 487
1189 488
1190 300
1190 301
1190 302
1190 303
1190 304
1190 305
1190 306
1190 307
1190 491
1190 492
1190 493
1190 494
1190 495
1190 496
1191 256
1191 257
1191 309
1191 310
1191 311
1191 312
1191 313
1191 314
1191 315
1191 501
1191 502
1191 503
1192 263
1192 264
1192 265
1192 266
1192 267
1192 268
1192 319
1192 320
1192 321
1192 322
1192 456
1192 457
1192 458
1192 459
1193 271
1193 272
1193 273
1193 274
1193 275
1193 276
1193 277
1193 278
1193 463
1193 464
1193 465
1193 466
1193 467
1193 468
1194 280
1194 281
1194 282
1194 283
1194 284
1194 285
1194 286
1194 287
1194 471
1194 472
1194 473
1194 474
1194 475
1194 476
1194 477
1195 288
1195 289
1195 290
1195 291
1195 292
1195 293
1195 294
1195 295
1195 296
1195 480
1195 481
1195 482
1195 483
1195 484
1195 485
1195 486
1196 297
1196 298
1196 299
1196 300
1196 301
1196 302
1196 303
1196 304
1196 305
1196 489
1196 490
1196 491
1196 492
1196 493
1196 494
1197 307
1197 308
1197 309
1197 310
1197 311
1197 312
1197 313
1197 498
1197 499
1197 500
1197 501
1197 502
1198 261
1198 262
1198 263
1198 264
1198 265
1198 316
1198 317
1198 318
1198 319
1198 320
1198 321
1198 455
1198 456
1199 269
1199 270
1199 271
1199 272
1199 273
1199 274
1199 275
1199 461
1199 462
1199 463
1199 464
1199 465
1199 466
1200 277
1200 278
1200 279
1200 280
1200 281
1200 282
1200 283
1200 284
1200 285
1200 469
1200 470
1200 471
1200 472
1200 473
1200 474
1200 475
1201 286
1201 287
1201 288
1201 289
1201 290
1201 291
1201 292
1201 293
1201 294
1201 477
1201 478
1201 479
1201 480
1201 481
1201 482
1201 483
1201 484
1202 295
1202 296
1202 297
1202 298
1202 299
1202 300
1202 301
1202 302
1202 486
1202 487
1202 488
1202 489
1202 490
1202 491
1202 492
1203 304
1203 305
1203 306
1203 307
1203 308
1203 309
1203 310
1203 311
1203 496
1203 497
1203 498
1203 499
1203 500
1204 259
1204 260
1204 261
1204 262
1204 314
1204 315
1204 316
1204 317
1204 318
1204 319
1205 267
1205 268
1205 269
1205 270
1205 271
1205 272
1205 273
1205 325
1205 459
1205 460
1205 461
1205 462
1205 463
1206 275
1206 276
1206 277
1206 278
1206 279
1206 280
1206 281
1206 282
1206 467
1206 468
1206 469
1206 470
1206 471
1206 472
1206 473
1207 284
1207 285
1207 286
1207 287
1207 288
1207 289
1207 290
1207 291
1207 475
1207 476
1207 477
1207 478
1207 479
1207 480
1207 481
1207 482
1208 293
1208 294
1208 295
1208 296
1208 297
1208 298
1208 299
1208 300
1208 484
1208 485
1208 486
1208 487
1208 488
1208 489
1208 490
1209 302
1209 303
1209 304
1209 305
1209 306
1209 307
1209 308
1209 309
1209 493
1209 494
1209 495
1209 496
1209 497
1209 498
1210 258
1210 259
1210 311
1210 312
1210 313
1210 314
1210 315
1210 316
1210 317
1210 503
1210 504
1210 505
1211 265
1211 266
1211 267
1211 268
1211 269
1211 270
1211 321
1211 322
1211 323
1211 324
1211 457
1211 458
1211 459
1211 460
1211 461
1212 273
1212 274
1212 275
1212 276
1212 277
1212 278
1212 279
1212 280
1212 465
1212 466
1212 467
1212 468
1212 469
1212 470
1213 282
1213 283
1213 284
1213 285
1213 286
1213 287
1213 288
1213 289
1213 473
1213 474
1213 475
1213 476
1213 477
1213 478
1213 479
1214 290
1214 291
1214 292
1214 293
1214 294
1214 295
1214 296
1214 297
1214 298
1214 481
1214 482
1214 483
1214 484
1214 485
1214 486
1214 487
1214 488
1215 299
1215 300
1215 301
1215 302
1215 303
1215 304
1215 305
1215 306
1215 307
1215 490
1215 491
1215 492
1215 493
1215 494
1215 495
1215 496
1216 309
1216 310
1216 311
1216 312
1216 313
1216 314
1216 315
1216 500
1216 501
1216 502
1216 503
1217 263
1217 264
1217 265
1217 266
1217 267
1217 318
1217 319
1217 320
1217 321
1217 322
1217 456
1217 457
1217 458
1218 271
1218 272
1218 273
1218 274
1218 275
1218 276
1218 277
1218 463
1218 464
1218 465
1218 466
1218 467
1218 468
1219 280
1219 281
1219 282
1219 283
1219 284
1219 285
1219 286
1219 287
1219 471
1219 472
1219 473
1219 474
1219 475
1219 476
1219 477
1220 288
1220 289
1220 290
1220 291
1220 292
1220 293
1220 294
1220 295
1220 296
1220 479
1220 480
1220 481
1220 482
1220 483
1220 484
1220 485
1220 486
1221 297
1221 298
1221 299
1221 300
1221 301
1221 302
1221 303
1221 304
1221 488
1221 489
1221 490
1221 491
1221 492
1221 493
1221 494
1222 306
1222 307
1222 308
1222 309
1222 310
1222 311
1222 312
1222 313
1222 497
1222 498
1222 499
1222 500
1222 501
1222 502
1223 261
1223 262
1223 263
1223 264
1223 265
1223 316
1223 317
1223 318
1223 319
1223 320
1223 321
1223 455
1224 269
1224 270
1224 271
1224 272
1224 273
1224 274
1224 275
1224 461
1224 462
1224 463
1224 464
1224 465
1224 466
1225 277
1225 278
1225 279
1225 280
1225 281
1225 282
1225 283
1225 284
1225 468
1225 469
1225 470
1225 471
1225 472
1225 473
1225 474
1225 475
1226 286
1226 287
1226 288
1226 289
1226 290
1226 291
1226 292
1226 293
1226 477
1226 478
1226 479
1226 480
1226 481
1226 482
1226 483
1227 295
1227 296
1227 297
1227 298
1227 299
1227 300
1227 301
1227 302
1227 485
1227 486
1227 487
1227 488
1227 489
1227 490
1227 491
1227 492
1228 304
1228 305
1228 306
1228 307
1228 308
1228 309
1228 310
1228 311
1228 495
1228 496
1228 497
1228 498
1228 499
1228 500
1229 260
1229 261
1229 313
1229 314
1229 315
1229 316
1229 317
1229 318
1229 319
1229 505
1229 506
1230 267
1230 268
1230 269
1230 270
1230 271
1230 272
1230 324
1230 325
1230 326
1230 459
1230 460
1230 461
1230 462
1230 463
1231 275
1231 276
1231 277
1231 278
1231 279
1231 280
1231 281
1231 282
1231 466
1231 467
1231 468
1231 469
1231 470
1231 471
1231 472
1232 284
1232 285
1232 286
1232 287
1232 288
1232 289
1232 290
1232 291
1232 474
1232 475
1232 476
1232 477
1232 478
1232 479
1232 480
1232 481
1233 293
1233 294
1233 295
1233 296
1233 297
1233 298
1233 299
1233 300
1233 483
1233 484
1233 485
1233 486
1233 487
1233 488
1233 489
1233 490
1234 302
1234 303
1234 304
1234 305
1234 306
1234 307
1234 308
1234 309
1234 492
1234 493
1234 494
1234 495
1234 496
1234 497
1234 498
1235 311
1235 312
1235 313
1235 314
1235 315
1235 316
1235 317
1235 502
1235 503
1235 504
1235 505
1236 265
1236 266
1236 267
1236 268
1236 269
1236 321
1236 322
1236 323
1236 324
1236 457
1236 458
1236 459
1236 460
1237 273
1237 274
1237 275
1237 276
1237 277
1237 278
1237 279
1237 464
1237 465
1237 466
1237 467
1237 468
1237 469
1237 470
1238 282
1238 283
1238 284
1238 285
1238 286
1238 287
1238 288
1238 289
1238 472
1238 473
1238 474
1238 475
1238 476
1238 477
1238 478
1238 479
1239 290
1239 291
1239 292
1239 293
1239 294
1239 295
1239 296
1239 297
1239 298
1239 481
1239 482
1239 483
1239 484
1239 485
1239 486
1239 487
1239 488
1240 299
1240 300
1240 301
1240 302
1240 303
1240 304
1240 305
1240 306
1240 490
1240 491
1240 492
1240 493
1240 494
1240 495
1240 496
1241 308
1241 309
1241 310
1241 311
1241 312
1241 313
1241 314
1241 315
1241 499
1241 500
1241 501
1241 502
1241 503
1242 263
1242 264
1242 265
1242 266
1242 267
1242 318
1242 319
1242 320
1242 321
1242 322
1242 455
1242 456
1242 457
1243 271
1243 272
1243 273
1243 274
1243 275
1243 276
1243 277
1243 462
1243 463
1243 464
1243 465
1243 466
1243 467
1243 468
1244 279
1244 280
1244 281
1244 282
1244 283
1244 284
1244 285
1244 286
1244 470
1244 471
1244 472
1244 473
1244 474
1244 475
1244 476
1244 477
1245 288
1245 289
1245 290
1245 291
1245 292
1245 293
1245 294
1245 295
1245 478
1245 479
1245 480
1245 481
1245 482
1245 483
1245 484
1245 485
1246 297
1246 298
1246 299
1246 300
1246 301
1246 302
1246 303
1246 304
1246 487
1246 488
1246 489
1246 490
1246 491
1246 492
1246 493
1246 494
1247 306
1247 307
1247 308
1247 309
1247 310
1247 311
1247 312
1247 313
1247 496
1247 497
1247 498
1247 499
1247 500
1247 501
1248 262
1248 263
1248 264
1248 315
1248 316
1248 317
1248 318
1248 319
1248 320
1248 321
1249 269
1249 270
1249 271
1249 272
1249 273
1249 274
1249 326
1249 327
1249 460
1249 461
1249 462
1249 463
1249 464
1249 465
1250 277
1250 278
1250 279
1250 280
1250 281
1250 282
1250 283
1250 284
1250 468
1250 469
1250 470
1250 471
1250 472
1250 473
1250 474
1251 286
1251 287
1251 288
1251 289
1251 290
1251 291
1251 292
1251 293
1251 476
1251 477
1251 478
1251 479
1251 480
1251 481
1251 482
1251 483
1252 295
1252 296
1252 297
1252 298
1252 299
1252 300
1252 301
1252 302
1252 485
1252 486
1252 487
1252 488
1252 489
1252 490
1252 491
1253 304
1253 305
1253 306
1253 307
1253 308
1253 309
1253 310
1253 311
1253 494
1253 495
1253 496
1253 497
1253 498
1253 499
1254 313
1254 314
1254 315
1254 316
1254 317
1254 318
1254 319
1254 504
1254 505
1254 506
1255 267
1255 268
1255 269
1255 270
1255 271
1255 272
1255 323
1255 324
1255 325
1255 326
1255 458
1255 459
1255 460
1255 461
1255 462
1256 275
1256 276
1256 277
1256 278
1256 279
1256 280
1256 281
1256 466
1256 467
1256 468
1256 469
1256 470
1256 471
1256 472
1257 284
1257 285
1257 286
1257 287
1257 288
1257 289
1257 290
1257 291
1257 474
1257 475
1257 476
1257 477
1257 478
1257 479
1257 480
1257 481
1258 292
1258 293
1258 294
1258 295
1258 296
1258 297
1258 298
1258 299
1258 300
1258 482
1258 483
1258 484
1258 485
1258 486
1258 487
1258 488
1258 489
1259 301
1259 302
1259 303
1259 304
1259 305
1259 306
1259 307
1259 308
1259 491
1259 492
1259 493
1259 494
1259 495
1259 496
1259 497
1260 311
1260 312
1260 313
1260 314
1260 315
1260 316
1260 317
1260 501
1260 502
1260 503
1260 504
1260 505
1261 265
1261 266
1261 267
1261 268
1261 269
1261 320
1261 321
1261 322
1261 323
1261 324
1261 457
1261 458
1261 459
1261 460
1262 273
1262 274
1262 275
1262 276
1262 277
1262 278
1262 279
1262 464
1262 465
1262 466
1262 467
1262 468
1262 469
1263 282
1263 283
1263 284
1263 285
1263 286
1263 287
1263 288
1263 472
1263 473
1263 474
1263 475
1263 476
1263 477
1263 478
1264 290
1264 291
1264 292
1264 293
1264 294
1264 295
1264 296
1264 297
1264 480
1264 481
1264 482
1264 483
1264 484
1264 485
1264 486
1264 487
1265 299
1265 300
1265 301
1265 302
1265 303
1265 304
1265 305
1265 306
1265 489
1265 490
1265 491
1265 492
1265 493
1265 494
1265 495
1266 308
1266 309
1266 310
1266 311
1266 312
1266 313
1266 314
1266 315
1266 498
1266 499
1266 500
1266 501
1266 502
1266 503
1267 264
1267 265
1267 266
1267 318
1267 319
1267 320
1267 321
1267 322
1267 456
1268 271
1268 272
1268 273
1268 274
1268 275
1268 276
1268 462
1268 463
1268 464
1268 465
1268 466
1268 467
1269 279
1269 280
1269 281
1269 282
1269 283
1269 284
1269 285
1269 286
1269 470
1269 471
1269 472
1269 473
1269 474
1269 475
1269 476
1270 288
1270 289
1270 290
1270 291
1270 292
1270 293
1270 294
1270 295
1270 478
1270 479
1270 480
1270 481
1270 482
1270 483
1270 484
1270 485
1271 297
1271 298
1271 299
1271 300
1271 301
1271 302
1271 303
1271 304
1271 486
1271 487
1271 488
1271 489
1271 490
1271 491
1271 492
1271 493
1272 306
1272 307
1272 308
1272 309
1272 310
1272 311
1272 312
1272 313
1272 496
1272 497
1272 498
1272 499
1272 500
1272 501
1273 315
1273 316
1273 317
1273 318
1273 319
1273 320
1273 321
1273 506
1273 507
1273 508
1274 269
1274 270
1274 271
1274 272
1274 273
1274 274
1274 326
1274 327
1274 328
1274 460
1274 461
1274 462
1274 463
1274 464
1275 277
1275 278
1275 279
1275 280
1275 281
1275 282
1275 283
1275 467
1275 468
1275 469
1275 470
1275 471
1275 472
1275 473
1275 474
1276 286
1276 287
1276 288
1276 289
1276 290
1276 291
1276 292
1276 293
1276 476
1276 477
1276 478
1276 479
1276 480
1276 481
1276 482
1276 483
1277 295
1277 296
1277 297
1277 298
1277 299
1277 300
1277 301
1277 302
1277 484
1277 485
1277 486
1277 487
1277 488
1277 489
1277 490
1277 491
1278 304
1278 305
1278 306
1278 307
1278 308
1278 309
1278 310
1278 493
1278 494
1278 495
1278 496
1278 497
1278 498
1278 499
1279 313
1279 314
1279 315
1279 316
1279 317
1279 318
1279 319
1279 503
1279 504
1279 505
1279 506
1280 268
1280 269
1280 270
1280 271
1280 323
1280 324
1280 325
1280 326
1280 458
1280 459
1280 460
1280 461
1280 462
1281 275
1281 276
1281 277
1281 278
1281 279
1281 280
1281 281
1281 465
1281 466
1281 467
1281 468
1281 469
1281 470
1281 471
1282 284
1282 285
1282 286
1282 287
1282 288
1282 289
1282 290
1282 473
1282 474
1282 475
1282 476
1282 477
1282 478
1282 479
1282 480
1283 292
1283 293
1283 294
1283 295
1283 296
1283 297
1283 298
1283 299
1283 300
1283 482
1283 483
1283 484
1283 485
1283 486
1283 487
1283 488
1283 489
1284 301
1284 302
1284 303
1284 304
1284 305
1284 306
1284 307
1284 308
1284 491
1284 492
1284 493
1284 494
1284 495
1284 496
1284 497
1285 310
1285 311
1285 312
1285 313
1285 314
1285 315
1285 316
1285 317
1285 500
1285 501
1285 502
1285 503
1285 504
1286 266
1286 267
1286 268
1286 320
1286 321
1286 322
1286 323
1286 324
1286 457
1286 458
1286 459
1287 273
1287 274
1287 275
1287 276
1287 277
1287 278
1287 463
1287 464
1287 465
1287 466
1287 467
1287 468
1287 469
1288 282
1288 283
1288 284
1288 285
1288 286
1288 287
1288 288
1288 471
1288 472
1288 473
1288 474
1288 475
1288 476
1288 477
1288 478
1289 290
1289 291
1289 292
1289 293
1289 294
1289 295
1289 296
1289 297
1289 480
1289 481
1289 482
1289 483
1289 484
1289 485
1289 486
1289 487
1290 299
1290 300
1290 301
1290 302
1290 303
1290 304
1290 305
1290 306
1290 488
1290 489
1290 490
1290 491
1290 492
1290 493
1290 494
1290 495
1291 308
1291 309
1291 310
1291 311
1291 312
1291 313
1291 314
1291 497
1291 498
1291 499
1291 500
1291 501
1291 502
1291 503
1292 317
1292 318
1292 319
1292 320
1292 321
1292 322
1292 508
1292 509
1293 272
1293 273
1293 274
1293 275
1293 276
1293 328
1293 329
1293 461
1293 462
1293 463
1293 464
1293 465
1293 466
1294 280
1294 281
1294 282
1294 283
1294 284
1294 285
1294 286
1294 469
1294 470
1294 471
1294 472
1294 473
1294 474
1294 475
1294 476
1295 288
1295 289
1295 290
1295 291
1295 292
1295 293
1295 294
1295 295
1295 477
1295 478
1295 479
1295 480
1295 481
1295 482
1295 483
1295 484
1296 297
1296 298
1296 299
1296 300
1296 301
1296 302
1296 303
1296 304
1296 486
1296 487
1296 488
1296 489
1296 490
1296 491
1296 492
1296 493
1297 306
1297 307
1297 308
1297 309
1297 310
1297 311
1297 312
1297 495
1297 496
1297 497
1297 498
1297 499
1297 500
1297 501
1298 315
1298 316
1298 317
1298 318
1298 319
1298 320
1298 505
1298 506
1298 507
1298 508
1299 270
1299 271
1299 272
1299 273
1299 325
1299 326
1299 327
1299 328
1299 460
1299 461
1299 462
1299 463
1299 464
1300 278
1300 279
1300 280
1300 281
1300 282
1300 283
1300 467
1300 468
1300 469
1300 470
1300 471
1300 472
1300 473
1301 286
1301 287
1301 288
1301 289
1301 290
1301 291
1301 292
1301 475
1301 476
1301 477
1301 478
1301 479
1301 480
1301 481
1301 482
1302 295
1302 296
1302 297
1302 298
1302 299
1302 300
1302 301
1302 302
1302 484
1302 485
1302 486
1302 487
1302 488
1302 489
1302 490
1302 491
1303 303
1303 304
1303 305
1303 306
1303 307
1303 308
1303 309
1303 310
1303 492
1303 493
1303 494
1303 495
1303 496
1303 497
1303 498
1303 499
1304 313
1304 314
1304 315
1304 316
1304 317
1304 318
1304 502
1304 503
1304 504
1304 505
1304 506
1305 268
1305 269
1305 270
1305 322
1305 323
1305 324
1305 325
1305 326
1305 458
1305 459
1305 460
1305 461
1306 276
1306 277
1306 278
1306 279
1306 280
1306 465
1306 466
1306 467
1306 468
1306 469
1306 470
1306 471
1307 284
1307 285
1307 286
1307 287
1307 288
1307 289
1307 290
1307 473
1307 474
1307 475
1307 476
1307 477
1307 478
1307 479
1307 480
1308 292
1308 293
1308 294
1308 295
1308 296
1308 297
1308 298
1308 299
1308 481
1308 482
1308 483
1308 484
1308 485
1308 486
1308 487
1308 488
1309 301
1309 302
1309 303
1309 304
1309 305
1309 306
1309 307
1309 308
1309 490
1309 491
1309 492
1309 493
1309 494
1309 495
1309 496
1309 497
1310 310
1310 311
1310 312
1310 313
1310 314
1310 315
1310 316
1310 499
1310 500
1310 501
1310 502
1310 503
1310 504
1311 320
1311 321
1311 322
1311 323
1311 324
1311 457
1311 458
1312 274
1312 275
1312 276
1312 277
1312 278
1312 463
1312 464
1312 465
1312 466
1312 467
1312 468
1313 282
1313 283
1313 284
1313 285
1313 286
1313 287
1313 288
1313 471
1313 472
1313 473
1313 474
1313 475
1313 476
1313 477
1314 290
1314 291
1314 292
1314 293
1314 294
1314 295
1314 296
1314 297
1314 479
1314 480
1314 481
1314 482
1314 483
1314 484
1314 485
1314 486
1315 299
1315 300
1315 301
1315 302
1315 303
1315 304
1315 305
1315 306
1315 488
1315 489
1315 490
1315 491
1315 492
1315 493
1315 494
1316 308
1316 309
1316 310
1316 311
1316 312
1316 313
1316 314
1316 497
1316 498
1316 499
1316 500
1316 501
1316 502
1317 317
1317 318
1317 319
1317 320
1317 321
1317 322
1317 507
1317 508
1317 509
1318 272
1318 273
1318 274
1318 275
1318 328
1318 329
1318 461
1318 462
1318 463
1318 464
1318 465
1318 466
1319 280
1319 281
1319 282
1319 283
1319 284
1319 285
1319 469
1319 470
1319 471
1319 472
1319 473
1319 474
1319 475
1320 288
1320 289
1320 290
1320 291
1320 292
1320 293
1320 294
1320 477
1320 478
1320 479
1320 480
1320 481
1320 482
1320 483
1320 484
1321 297
1321 298
1321 299
1321 300
1321 301
1321 302
1321 303
1321 304
1321 485
1321 486
1321 487
1321 488
1321 489
1321 490
1321 491
1321 492
1322 306
1322 307
1322 308
1322 309
1322 310
1322 311
1322 312
1322 494
1322 495
1322 496
1322 497
1322 498
1322 499
1322 500
1323 315
1323 316
1323 317
1323 318
1323 319
1323 320
1323 504
1323 505
1323 506
1323 507
1324 271
1324 272
1324 325
1324 326
1324 327
1324 328
1324 459
1324 460
1324 461
1324 462
1324 463
1325 278
1325 279
1325 280
1325 281
1325 282
1325 467
1325 468
1325 469
1325 470
1325 471
1325 472
1325 473
1326 286
1326 287
1326 288
1326 289
1326 290
1326 291
1326 292
1326 475
1326 476
1326 477
1326 478
1326 479
1326 480
1326 481
1326 482
1327 295
1327 296
1327 297
1327 298
1327 299
1327 300
1327 301
1327 483
1327 484
1327 485
1327 486
1327 487
1327 488
1327 489
1327 490
1328 303
1328 304
1328 305
1328 306
1328 307
1328 308
1328 309
1328 310
1328 492
1328 493
1328 494
1328 495
1328 496
1328 497
1328 498
1329 312
1329 313
1329 314
1329 315
1329 316
1329 317
1329 318
1329 501
1329 502
1329 503
1329 504
1329 505
1329 506
1330 322
1330 323
1330 324
1330 325
1330 326
1330 458
1330 459
1330 460
1331 276
1331 277
1331 278
1331 279
1331 280
1331 465
1331 466
1331 467
1331 468
1331 469
1331 470
1332 284
1332 285
1332 286
1332 287
1332 288
1332 289
1332 290
1332 473
1332 474
1332 475
1332 476
1332 477
1332 478
1332 479
1333 292
1333 293
1333 294
1333 295
1333 296
1333 297
1333 298
1333 299
1333 481
1333 482
1333 483
1333 484
1333 485
1333 486
1333 487
1333 488
1334 301
1334 302
1334 303
1334 304
1334 305
1334 306
1334 307
1334 308
1334 490
1334 491
1334 492
1334 493
1334 494
1334 495
1334 496
1335 310
1335 311
1335 312
1335 313
1335 314
1335 315
1335 316
1335 499
1335 500
1335 501
1335 502
1335 503
1335 504
1336 320
1336 321
1336 322
1336 323
1336 324
1337 274
1337 275
1337 276
1337 277
1337 463
1337 464
1337 465
1337 466
1337 467
1337 468
1338 282
1338 283
1338 284
1338 285
1338 286
1338 287
1338 470
1338 471
1338 472
1338 473
1338 474
1338 475
1338 476
1338 477
1339 290
1339 291
1339 292
1339 293
1339 294
1339 295
1339 296
1339 297
1339 479
1339 480
1339 481
1339 482
1339 483
1339 484
1339 485
1339 486
1340 299
1340 300
1340 301
1340 302
1340 303
1340 304
1340 305
1340 487
1340 488
1340 489
1340 490
1340 491
1340 492
1340 493
1340 494
1341 308
1341 309
1341 310
1341 311
1341 312
1341 313
1341 314
1341 496
1341 497
1341 498
1341 499
1341 500
1341 501
1341 502
1342 317
1342 318
1342 319
1342 320
1342 321
1342 322
1342 506
1342 507
1342 508
1343 273
1343 327
1343 328
1343 329
1343 461
1343 462
1343 463
1343 464
1343 465
1344 280
1344 281
1344 282
1344 283
1344 284
1344 285
1344 468
1344 469
1344 470
1344 471
1344 472
1344 473
1344 474
1344 475
1345 288
1345 289
1345 290
1345 291
1345 292
1345 293
1345 294
1345 476
1345 477
1345 478
1345 479
1345 480
1345 481
1345 482
1345 483
1346 297
1346 298
1346 299
1346 300
1346 301
1346 302
1346 303
1346 485
1346 486
1346 487
1346 488
1346 489
1346 490
1346 491
1346 492
1347 306
1347 307
1347 308
1347 309
1347 310
1347 311
1347 312
1347 494
1347 495
1347 496
1347 497
1347 498
1347 499
1347 500
1348 315
1348 316
1348 317
1348 318
1348 319
1348 320
1348 503
1348 504
1348 505
1348 506
1348 507
1349 324
1349 325
1349 326
1349 327
1349 328
1349 459
1349 460
1349 461
1349 462
1350 278
1350 279
1350 280
1350 281
1350 282
1350 466
1350 467
1350 468
1350 469
1350 470
1350 471
1350 472
1351 286
1351 287
1351 288
1351 289
1351 290
1351 291
1351 292
1351 474
1351 475
1351 476
1351 477
1351 478
1351 479
1351 480
1351 481
1352 295
1352 296
1352 297
1352 298
1352 299
1352 300
1352 301
1352 483
1352 484
1352 485
1352 486
1352 487
1352 488
1352 489
1352 490
1353 303
1353 304
1353 305
1353 306
1353 307
1353 308
1353 309
1353 310
1353 491
1353 492
1353 493
1353 494
1353 495
1353 496
1353 497
1353 498
1354 312
1354 313
1354 314
1354 315
1354 316
1354 317
1354 318
1354 501
1354 502
1354 503
1354 504
1354 505
1355 322
1355 323
1355 324
1355 325
1355 326
1355 458
1355 459
1356 277
1356 278
1356 279
1356 464
1356 465
1356 466
1356 467
1356 468
1356 469
1356 470
1357 284
1357 285
1357 286
1357 287
1357 288
1357 289
1357 472
1357 473
1357 474
1357 475
1357 476
1357 477
1357 478
1357 479
1358 293
1358 294
1358 295
1358 296
1358 297
1358 298
1358 299
1358 480
1358 481
1358 482
1358 483
1358 484
1358 485
1358 486
1358 487
1359 301
1359 302
1359 303
1359 304
1359 305
1359 306
1359 307
1359 489
1359 490
1359 491
1359 492
1359 493
1359 494
1359 495
1359 496
1360 310
1360 311
1360 312
1360 313
1360 314
1360 315
1360 316
1360 498
1360 499
1360 500
1360 501
1360 502
1360 503
1361 319
1361 320
1361 321
1361 322
1361 323
1361 324
1362 330
1362 331
1362 463
1362 464
1362 465
1362 466
1362 467
1363 282
1363 283
1363 284
1363 285
1363 286
1363 287
1363 470
1363 471
1363 472
1363 473
1363 474
1363 475
1363 476
1364 291
1364 292
1364 293
1364 294
1364 295
1364 296
1364 478
1364 479
1364 480
1364 481
1364 482
1364 483
1364 484
1364 485
1365 299
1365 300
1365 301
1365 302
1365 303
1365 304
1365 305
1365 487
1365 488
1365 489
1365 490
1365 491
1365 492
1365 493
1366 308
1366 309
1366 310
1366 311
1366 312
1366 313
1366 314
1366 496
1366 497
1366 498
1366 499
1366 500
1366 501
1367 317
1367 318
1367 319
1367 320
1367 321
1367 322
1367 506
1367 507
1367 508
1368 327
1368 328
1368 329
1368 461
1368 462
1368 463
1368 464
1369 281
1369 282
1369 283
1369 284
1369 468
1369 469
1369 470
1369 471
1369 472
1369 473
1369 474
1370 289
1370 290
1370 291
1370 292
1370 293
1370 294
1370 476
1370 477
1370 478
1370 479
1370 480
1370 481
1370 482
1370 483
1371 297
1371 298
1371 299
1371 300
1371 301
1371 302
1371 303
1371 484
1371 485
1371 486
1371 487
1371 488
1371 489
1371 490
1371 491
1372 306
1372 307
1372 308
1372 309
1372 310
1372 311
1372 312
1372 493
1372 494
1372 495
1372 496
1372 497
1372 498
1372 499
1373 315
1373 316
1373 317
1373 318
1373 319
1373 320
1373 503
1373 504
1373 505
1373 506
1374 324
1374 325
1374 326
1374 327
1374 328
1374 460
1374 461
1375 279
1375 280
1375 281
1375 466
1375 467
1375 468
1375 469
1375 470
1375 471
1376 287
1376 288
1376 289
1376 290
1376 291
1376 474
1376 475
1376 476
1376 477
1376 478
1376 479
1376 480
1376 481
1377 295
1377 296
1377 297
1377 298
1377 299
1377 300
1377 301
1377 482
1377 483
1377 484
1377 485
1377 486
1377 487
1377 488
1377 489
1378 303
1378 304
1378 305
1378 306
1378 307
1378 308
1378 309
1378 491
1378 492
1378 493
1378 494
1378 495
1378 496
1378 497
1379 312
1379 313
1379 314
1379 315
1379 316
1379 317
1379 318
1379 500
1379 501
1379 502
1379 503
1379 504
1379 505
1380 322
1380 323
1380 324
1380 325
1380 326
1381 464
1381 465
1381 466
1381 467
1381 468
1381 469
1382 285
1382 286
1382 287
1382 288
1382 289
1382 472
1382 473
1382 474
1382 475
1382 476
1382 477
1382 478
1383 293
1383 294
1383 295
1383 296
1383 297
1383 298
1383 480
1383 481
1383 482
1383 483
1383 484
1383 485
1383 486
1383 487
1384 301
1384 302
1384 303
1384 304
1384 305
1384 306
1384 307
1384 489
1384 490
1384 491
1384 492
1384 493
1384 494
1384 495
1385 310
1385 311
1385 312
1385 313
1385 314
1385 315
1385 316
1385 498
1385 499
1385 500
1385 501
1385 502
1385 503
1386 319
1386 320
1386 321
1386 322
1386 323
1386 324
1387 330
1387 331
1387 463
1387 464
1387 465
1387 466
1388 283
1388 284
1388 285
1388 286
1388 470
1388 471
1388 472
1388 473
1388 474
1388 475
1388 476
1389 291
1389 292
1389 293
1389 294
1389 295
1389 296
1389 478
1389 479
1389 480
1389 481
1389 482
1389 483
1389 484
1389 485
1390 299
1390 300
1390 301
1390 302
1390 303
1390 304
1390 305
1390 486
1390 487
1390 488
1390 489
1390 490
1390 491
1390 492
1390 493
1391 308
1391 309
1391 310
1391 311
1391 312
1391 313
1391 314
1391 495
1391 496
1391 497
1391 498
1391 499
1391 500
1391 501
1392 317
1392 318
1392 319
1392 320
1392 321
1392 322
1392 505
1392 506
1392 507
1393 327
1393 328
1393 329
1393 461
1393 462
1393 463
1394 282
1394 283
1394 468
1394 469
1394 470
1394 471
1394 472
1394 473
1395 289
1395 290
1395 291
1395 292
1395 293
1395 476
1395 477
1395 478
1395 479
1395 480
1395 481
1395 482
1396 297
1396 298
1396 299
1396 300
1396 301
1396 302
1396 484
1396 485
1396 486
1396 487
1396 488
1396 489
1396 490
1396 491
1397 306
1397 307
1397 308
1397 309
1397 310
1397 311
1397 493
1397 494
1397 495
1397 496
1397 497
1397 498
1397 499
1398 315
1398 316
1398 317
1398 318
1398 319
1398 320
1398 502
1398 503
1398 504
1398 505
1398 506
1399 324
1399 325
1399 326
1399 327
1399 328
1400 466
1400 467
1400 468
1400 469
1400 470
1400 471
1401 287
1401 288
1401 289
1401 290
1401 474
1401 475
1401 476
1401 477
1401 478
1401 479
1401 480
1402 295
1402 296
1402 297
1402 298
1402 299
1402 300
1402 482
1402 483
1402 484
1402 485
1402 486
1402 487
1402 488
1403 304
1403 305
1403 306
1403 307
1403 308
1403 309
1403 491
1403 492
1403 493
1403 494
1403 495
1403 496
1404 312
1404 313
1404 314
1404 315
1404 316
1404 317
1404 318
1404 500
1404 501
1404 502
1404 503
1404 504
1405 322
1405 323
1405 324
1405 325
1405 326
1406 464
1406 465
1406 466
1406 467
1406 468
1407 286
1407 287
1407 288
1407 472
1407 473
1407 474
1407 475
1407 476
1407 477
1407 478
1408 293
1408 294
1408 295
1408 296
1408 297
1408 298
1408 480
1408 481
1408 482
1408 483
1408 484
1408 485
1408 486
1409 302
1409 303
1409 304
1409 305
1409 306
1409 307
1409 488
1409 489
1409 490
1409 491
1409 492
1409 493
1409 494
1410 310
1410 311
1410 312
1410 313
1410 314
1410 315
1410 497
1410 498
1410 499
1410 500
1410 501
1410 502
1411 319
1411 320
1411 321
1411 322
1411 323
1411 324
1412 330
1412 331
1412 463
1412 464
1412 465
1413 470
1413 471
1413 472
1413 473
1413 474
1413 475
1414 291
1414 292
1414 293
1414 294
1414 295
1414 478
1414 479
1414 480
1414 481
1414 482
1414 483
1414 484
1415 299
1415 300
1415 301
1415 302
1415 303
1415 304
1415 486
1415 487
1415 488
1415 489
1415 490
1415 491
1415 492
1416 308
1416 309
1416 310
1416 311
1416 312
1416 313
1416 495
1416 496
1416 497
1416 498
1416 499
1416 500
1417 317
1417 318
1417 319
1417 320
1417 321
1417 322
1417 505
1417 506
1417 507
1418 327
1418 328
1418 329
1418 462
1419 468
1419 469
1419 470
1419 471
1419 472
1419 473
1420 290
1420 291
1420 292
1420 475
1420 476
1420 477
1420 478
1420 479
1420 480
1420 481
1420 482
1421 297
1421 298
1421 299
1421 300
1421 301
1421 302
1421 484
1421 485
1421 486
1421 487
1421 488
1421 489
1421 490
1422 306
1422 307
1422 308
1422 309
1422 310
1422 311
1422 493
1422 494
1422 495
1422 496
1422 497
1422 498
1423 315
1423 316
1423 317
1423 318
1423 319
1423 320
1423 502
1423 503
1423 504
1423 505
1424 324
1424 325
1424 326
1424 327
1425 466
1425 467
1425 468
1425 469
1425 470
1426 288
1426 289
1426 290
1426 473
1426 474
1426 475
1426 476
1426 477
1426 478
1426 479
1427 296
1427 297
1427 298
1427 299
1427 300
1427 482
1427 483
1427 484
1427 485
1427 486
1427 487
1427 488
1428 304
1428 305
1428 306
1428 307
1428 308
1428 309
1428 490
1428 491
1428 492
1428 493
1428 494
1428 495
1428 496
1429 313
1429 314
1429 315
1429 316
1429 317
1429 499
1429 500
1429 501
1429 502
1429 503
1430 322
1430 323
1430 324
1430 325
1431 464
1431 465
1431 466
1431 467
1432 471
1432 472
1432 473
1432 474
1432 475
1432 476
1432 477
1433 294
1433 295
1433 296
1433 297
1433 479
1433 480
1433 481
1433 482
1433 483
1433 484
1433 485
1433 486
1434 302
1434 303
1434 304
1434 305
1434 306
1434 488
1434 489
1434 490
1434 491
1434 492
1434 493
1434 494
1435 310
1435 311
1435 312
1435 313
1435 314
1435 315
1435 497
1435 498
1435 499
1435 500
1435 501
1436 319
1436 320
1436 321
1436 322
1436 323
1437 330
1437 463
1437 464
1438 470
1438 471
1438 472
1438 473
1438 474
1439 292
1439 293
1439 294
1439 477
1439 478
1439 479
1439 480
1439 481
1439 482
1439 483
1440 300
1440 301
1440 302
1440 303
1440 304
1440 486
1440 487
1440 488
1440 489
1440 490
1440 491
1440 492
1441 308
1441 309
1441 310
1441 311
1441 312
1441 313
1441 495
1441 496
1441 497
1441 498
1441 499
1442 317
1442 318
1442 319
1442 320
1442 321
1442 505
1442 506
1443 327
1443 328
1443 329
1444 468
1444 469
1444 470
1444 471
1444 472
1445 291
1445 475
1445 476
1445 477
1445 478
1445 479
1445 480
1445 481
1446 298
1446 299
1446 300
1446 301
1446 302
1446 484
1446 485
1446 486
1446 487
1446 488
1446 489
1447 306
1447 307
1447 308
1447 309
1447 310
1447 311
1447 492
1447 493
1447 494
1447 495
1447 496
1447 497
1448 315
1448 316
1448 317
1448 318
1448 319
1448 502
1448 503
1448 504
1449 324
1449 325
1449 326
1449 327
1450 466
1450 467
1450 468
1450 469
1451 473
1451 474
1451 475
1451 476
1451 477
1451 478
1451 479
1452 296
1452 297
1452 298
1452 299
1452 481
1452 482
1452 483
1452 484
1452 485
1452 486
1452 487
1453 304
1453 305
1453 306
1453 307
1453 308
1453 490
1453 491
1453 492
1453 493
1453 494
1453 495
1454 313
1454 314
1454 315
1454 316
1454 317
1454 499
1454 500
1454 501
1454 502
1455 322
1455 323
1455 324
1455 325
1456 465
1456 466
1457 471
1457 472
1457 473
1457 474
1457 475
1457 476
1458 294
1458 295
1458 296
1458 479
1458 480
1458 481
1458 482
1458 483
1458 484
1458 485
1459 302
1459 303
1459 304
1459 305
1459 306
1459 488
1459 489
1459 490
1459 491
1459 492
1459 493
1460 311
1460 312
1460 313
1460 314
1460 315
1460 497
1460 498
1460 499
1460 500
1460 501
1461 320
1461 321
1461 322
1461 323
1462 330
1463 470
1463 471
1463 472
1463 473
1463 474
1464 477
1464 478
1464 479
1464 480
1464 481
1464 482
1465 300
1465 301
1465 302
1465 303
1465 485
1465 486
1465 487
1465 488
1465 489
1465 490
1465 491
1466 309
1466 310
1466 311
1466 312
1466 313
1466 494
1466 495
1466 496
1466 497
1466 498
1466 499
1467 317
1467 318
1467 319
1467 320
1467 321
1468 327
1468 328
1469 468
1469 469
1469 470
1469 471
1470 475
1470 476
1470 477
1470 478
1470 479
1470 480
1471 298
1471 299
1471 300
1471 301
1471 483
1471 484
1471 485
1471 486
1471 487
1471 488
1471 489
1472 306
1472 307
1472 308
1472 309
1472 310
1472 492
1472 493
1472 494
1472 495
1472 496
1473 315
1473 316
1473 317
1473 318
1473 319
1473 502
1473 503
1474 324
1474 325
1474 326
1474 327
1475 466
1475 467
1475 468
1476 473
1476 474
1476 475
1476 476
1476 477
1476 478
1477 297
1477 298
1477 481
1477 482
1477 483
1477 484
1477 485
1477 486
1478 305
1478 306
1478 307
1478 308
1478 490
1478 491
1478 492
1478 493
1478 494
1479 313
1479 314
1479 315
1479 316
1479 317
1479 499
1479 500
1479 501
1479 502
1480 322
1480 323
1480 324
1480 325
1482 471
1482 472
1482 473
1482 474
1482 475
1483 479
1483 480
1483 481
1483 482
1483 483
1483 484
1484 303
1484 304
1484 305
1484 488
1484 489
1484 490
1484 491
1484 492
1485 311
1485 312
1485 313
1485 314
1485 497
1485 498
1485 499
1485 500
1486 320
1486 321
1486 322
1486 323
1488 470
1488 471
1488 472
1488 473
1489 477
1489 478
1489 479
1489 480
1489 481
1489 482
1490 301
1490 302
1490 303
1490 485
1490 486
1490 487
1490 488
1490 489
1490 490
1491 309
1491 310
1491 311
1491 312
1491 494
1491 495
1491 496
1491 497
1491 498
1492 318
1492 319
1492 320
1492 321
1493 327
1493 328
1494 468
1494 469
1494 470
1495 475
1495 476
1495 477
1495 478
1495 479
1496 300
1496 483
1496 484
1496 485
1496 486
1496 487
1496 488
1497 307
1497 308
1497 309
1497 310
1497 492
1497 493
1497 494
1497 495
1497 496
1498 315
1498 316
1498 317
1498 318
1498 502
1499 325
1499 326
1501 473
1501 474
1501 475
1501 476
1501 477
1502 481
1502 482
1502 483
1502 484
1502 485
1502 486
1503 305
1503 306
1503 307
1503 490
1503 491
1503 492
1503 493
1503 494
1504 313
1504 314
1504 315
1504 316
1504 499
1504 500
1505 322
1505 323
1505 324
1507 472
1507 473
1507 474
1508 479
1508 480
1508 481
1508 482
1508 483
1509 304
1509 487
1509 488
1509 489
1509 490
1509 491
1510 311
1510 312
1510 313
1510 314
1510 497
1510 498
1510 499
1511 320
1511 321
1511 322
1513 470
1513 471
1514 477
1514 478
1514 479
1514 480
1514 481
1515 485
1515 486
1515 487
1515 488
1515 489
1516 309
1516 310
1516 311
1516 494
1516 495
1516 496
1516 497
1517 318
1517 319
1517 320
1520 475
1520 476
1520 477
1520 478
1521 483
1521 484
1521 485
1521 486
1521 487
1522 308
1522 309
1522 492
1522 493
1522 494
1522 495
1523 316
1523 317
1523 318
1526 474
1526 475
1526 476
1527 481
1527 482
1527 483
1527 484
1527 485
1528 490
1528 491
1528 492
1529 314
1529 315
1530 323
1533 479
1533 480
1533 481
1533 482
1534 488
1534 489
1534 490
1535 312
1535 313
1536 321
1539 478
1539 479
1539 480
1540 486
1540 487
1540 488
1541 495
1542 319
1545 476
1545 477
1546 484
1546 485
1546 486
1547 492
1547 493
1552 482
1552 483
1553 490
1553 491
1558 480
1559 488
1559 489
1575 75
1575 76
1581 73
1581 74
1582 82
1587 71
1587 72
1588 79
1588 80
1593 68
1593 69
1593 70
1594 76
1594 77
1594 78
1599 66
1599 67
1599 68
1600 74
1600 75
1600 76
1601 83
1601 84
1605 64
1605 65
1605 66
1606 72
1606 73
1606 74
1607 80
1607 81
1607 82
1611 62
1611 63
1611 64
1612 70
1612 71
1612 72
1613 78
1613 79
1613 80
1617 60
1617 61
1618 68
1618 69
1618 70
1619 76
1619 77
1619 78
1620 85
1620 86
1623 59
1624 65
1624 66
1624 67
1624 68
1625 73
1625 74
1625 75
1625 76
1626 82
1626 83
1626 84
1630 63
1630 64
1630 65
1630 66
1631 71
1631 72
1631 73
1631 74
1632 80
1632 81
1632 82
1636 61
1636 62
1636 63
1636 64
1637 69
1637 70
1637 71
1637 72
1638 77
1638 78
1638 79
1638 80
1639 86
1639 87
1642 60
1642 61
1642 62
1643 67
1643 68
1643 69
1643 70
1644 75
1644 76
1644 77
1644 78
1645 84
1645 85
1645 86
1648 58
1648 59
1649 65
1649 66
1649 67
1649 68
1650 73
1650 74
1650 75
1650 76
1651 81
1651 82
1651 83
1651 84
1654 56
1654 57
1655 63
1655 64
1655 65
1655 66
1656 71
1656 72
1656 73
1656 74
1657 79
1657 80
1657 81
1657 82
1658 88
1658 89
1661 61
1661 62
1661 63
1661 64
1662 69
1662 70
1662 71
1662 72
1663 77
1663 78
1663 79
1663 80
1664 86
1664 87
1667 59
1667 60
1667 61
1667 62
1668 66
1668 67
1668 68
1668 69
1668 70
1669 75
1669 76
1669 77
1669 78
1670 83
1670 84
1670 85
1673 57
1673 58
1673 59
1674 64
1674 65
1674 66
1674 67
1674 68
1675 72
1675 73
1675 74
1675 75
1675 76
1676 81
1676 82
1676 83
1676 84
1679 55
1679 56
1679 57
1680 62
1680 63
1680 64
1680 65
1680 66
1681 70
1681 71
1681 72
1681 73
1681 74
1682 79
1682 80
1682 81
1682 82
1683 88
1685 54
1686 60
1686 61
1686 62
1686 63
1686 64
1687 68
1687 69
1687 70
1687 71
1687 72
1688 76
1688 77
1688 78
1688 79
1688 80
1689 85
1689 86
1689 87
1692 59
1692 60
1692 61
1693 66
1693 67
1693 68
1693 69
1693 70
1694 74
1694 75
1694 76
1694 77
1694 78
1695 83
1695 84
1695 85
1698 57
1698 58
1698 59
1699 64
1699 65
1699 66
1699 67
1699 68
1700 72
1700 73
1700 74
1700 75
1700 76
1701 81
1701 82
1701 83
1704 55
1704 56
1704 57
1705 62
1705 63
1705 64
1705 65
1706 70
1706 71
1706 72
1706 73
1706 74
1707 78
1707 79
1707 80
1707 81
1708 88
1710 53
1710 54
1711 60
1711 61
1711 62
1711 63
1712 68
1712 69
1712 70
1712 71
1713 76
1713 77
1713 78
1713 79
1714 85
1714 86
1717 58
1717 59
1717 60
1717 61
1718 66
1718 67
1718 68
1718 69
1719 74
1719 75
1719 76
1719 77
1720 83
1720 84
1723 56
1723 57
1723 58
1723 59
1724 64
1724 65
1724 66
1724 67
1725 72
1725 73
1725 74
1725 75
1726 80
1726 81
1726 82
1726 83
1729 55
1729 56
1730 62
1730 63
1730 64
1730 65
1731 70
1731 71
1731 72
1731 73
1732 78
1732 79
1732 80
1732 81
1735 53
1735 54
1736 60
1736 61
1736 62
1736 63
1737 68
1737 69
1737 70
1737 71
1738 76
1738 77
1738 78
1738 79
1739 85
1742 58
1742 59
1742 60
1742 61
1743 66
1743 67
1743 68
1743 69
1744 74
1744 75
1744 76
1744 77
1745 83
1745 84
1748 56
1748 57
1748 58
1749 64
1749 65
1749 66
1749 67
1750 72
1750 73
1750 74
1750 75
1751 80
1751 81
1751 82
1754 54
1754 55
1754 56
1755 62
1755 63
1755 64
1755 65
1756 70
1756 71
1756 72
1757 78
1757 79
1757 80
1760 53
1760 54
1761 60
1761 61
1761 62
1762 68
1762 69
1762 70
1763 76
1763 77
1763 78
1767 58
1767 59
1767 60
1768 66
1768 67
1768 68
1769 74
1769 75
1769 76
1773 56
1773 57
1773 58
1774 64
1774 65
1774 66
1775 72
1775 73
1775 74
1779 54
1779 55
1779 56
1780 62
1780 63
1780 64
1781 70
1781 71
1781 72
1785 53
1786 60
1786 61
1786 62
1787 68
1787 69
1787 70
1788 77
1792 58
1792 59
1793 66
1793 67
1794 74
1794 75
1798 56
1798 57
1799 64
1799 65
1800 72
1800 73
1804 55
1805 62
1805 63
1806 70
1811 60
1811 61
1812 68
2198 266
2204 264
2205 272
2210 262
2211 270
2211 271
2217 268
2217 269
2223 266
2223 267
2224 274
2229 263
2229 264
2229 265
2230 272
2230 273
2235 262
2236 269
2236 270
2236 271
2241 260
2242 267
2242 268
2242 269
2248 265
2248 266
2248 267
2249 274
2254 263
2254 264
2254 265
2255 271
2255 272
2255 273
2260 261
2260 262
2261 269
2261 270
2261 271
2266 259
2266 260
2267 267
2267 268
2267 269
2272 258
2273 265
2273 266
2273 267
2274 274
2279 263
2279 264
2280 271
2280 272
2285 261
2285 262
2286 269
2286 270
2291 259
2291 260
2292 267
2292 268
2298 265
2298 266
2304 263
2304 264
2305 271
2305 272
2310 261
2310 262
2311 269
2311 270
2316 259
2317 267
2317 268
2323 265
2323 266
2329 263
