0 186
0 187
0 188
0 189
0 190
0 191
0 192
0 193
0 225
0 226
0 227
0 228
0 229
0 230
0 231
0 232
0 452
0 453
0 454
0 455
0 456
0 457
0 458
0 459
0 460
0 491
0 492
0 493
0 494
0 495
0 496
0 497
0 498
0 499
0 534
0 535
1 160
1 161
1 162
1 163
1 196
1 197
1 198
1 199
1 200
1 201
1 202
1 203
1 204
1 236
1 237
1 238
1 239
1 240
1 241
1 242
1 425
1 426
1 427
1 428
1 429
1 462
1 463
1 464
1 465
1 466
1 467
1 468
1 469
1 470
1 471
1 502
1 503
1 504
1 505
1 506
1 507
1 508
1 509
1 510
2 170
2 171
2 172
2 173
2 174
2 175
2 207
2 208
2 209
2 210
2 211
2 212
2 213
2 214
2 215
2 247
2 248
2 249
2 250
2 251
2 252
2 435
2 436
2 437
2 438
2 439
2 440
2 441
2 473
2 474
2 475
2 476
2 477
2 478
2 479
2 480
2 481
2 482
2 513
2 514
2 515
2 516
2 517
2 518
2 519
2 520
3 179
3 180
3 181
3 182
3 183
3 184
3 185
3 186
3 218
3 219
3 220
3 221
3 222
3 223
3 224
3 225
3 260
3 261
3 445
3 446
3 447
3 448
3 449
3 450
3 451
3 452
3 453
3 484
3 485
3 486
3 487
3 488
3 489
3 490
3 491
3 492
3 525
3 526
3 527
3 528
3 529
3 530
4 190
4 191
4 192
4 193
4 194
4 195
4 196
4 197
4 229
4 230
4 231
4 232
4 233
4 234
4 235
4 236
4 419
4 420
4 421
4 455
4 456
4 457
4 458
4 459
4 460
4 461
4 462
4 463
4 464
4 495
4 496
4 497
4 498
4 499
4 500
4 501
4 502
4 503
5 163
5 164
5 165
5 166
5 167
5 168
5 200
5 201
5 202
5 203
5 204
5 205
5 206
5 207
5 208
5 240
5 241
5 242
5 243
5 244
5 245
5 246
5 428
5 429
5 430
5 431
5 432
5 433
5 434
5 466
5 467
5 468
5 469
5 470
5 471
5 472
5 473
5 474
5 475
5 506
5 507
5 508
5 509
5 510
5 511
5 512
5 513
6 173
6 174
6 175
6 176
6 177
6 178
6 179
6 211
6 212
6 213
6 214
6 215
6 216
6 217
6 218
6 219
6 252
6 253
6 254
6 255
6 438
6 439
6 440
6 441
6 442
6 443
6 444
6 445
6 477
6 478
6 479
6 480
6 481
6 482
6 483
6 484
6 485
6 518
6 519
6 520
6 521
6 522
6 523
7 183
7 184
7 185
7 186
7 187
7 188
7 189
7 190
7 222
7 223
7 224
7 225
7 226
7 227
7 228
7 229
7 449
7 450
7 451
7 452
7 453
7 454
7 455
7 456
7 488
7 489
7 490
7 491
7 492
7 493
7 494
7 495
7 496
7 530
7 531
7 532
7 533
8 158
8 159
8 193
8 194
8 195
8 196
8 197
8 198
8 199
8 200
8 201
8 233
8 234
8 235
8 236
8 237
8 238
8 239
8 422
8 423
8 424
8 425
8 426
8 459
8 460
8 461
8 462
8 463
8 464
8 465
8 466
8 467
8 468
8 499
8 500
8 501
8 502
8 503
8 504
8 505
8 506
8 507
9 167
9 168
9 169
9 170
9 171
9 172
9 204
9 205
9 206
9 207
9 208
9 209
9 210
9 211
9 212
9 244
9 245
9 246
9 247
9 248
9 249
9 432
9 433
9 434
9 435
9 436
9 437
9 438
9 470
9 471
9 472
9 473
9 474
9 475
9 476
9 477
9 478
9 510
9 511
9 512
9 513
9 514
9 515
9 516
9 517
10 176
10 177
10 178
10 179
10 180
10 181
10 182
10 183
10 215
10 216
10 217
10 218
10 219
10 220
10 221
10 222
10 256
10 257
10 258
10 442
10 443
10 444
10 445
10 446
10 447
10 448
10 449
10 480
10 481
10 482
10 483
10 484
10 485
10 486
10 487
10 488
10 489
10 522
10 523
10 524
10 525
10 526
10 527
11 187
11 188
11 189
11 190
11 191
11 192
11 193
11 194
11 225
11 226
11 227
11 228
11 229
11 230
11 231
11 232
11 233
11 417
11 452
11 453
11 454
11 455
11 456
11 457
11 458
11 459
11 460
11 491
11 492
11 493
11 494
11 495
11 496
11 497
11 498
11 499
11 500
11 535
12 161
12 162
12 163
12 164
12 197
12 198
12 199
12 200
12 201
12 202
12 203
12 204
12 205
12 237
12 238
12 239
12 240
12 241
12 242
12 243
12 425
12 426
12 427
12 428
12 429
12 430
12 463
12 464
12 465
12 466
12 467
12 468
12 469
12 470
12 471
12 503
12 504
12 505
12 506
12 507
12 508
12 509
12 510
13 170
13 171
13 172
13 173
13 174
13 175
13 176
13 208
13 209
13 210
13 211
13 212
13 213
13 214
13 215
13 248
13 249
13 250
13 251
13 252
13 253
13 435
13 436
13 437
13 438
13 439
13 440
13 441
13 442
13 473
13 474
13 475
13 476
13 477
13 478
13 479
13 480
13 481
13 482
13 514
13 515
13 516
13 517
13 518
13 519
13 520
14 180
14 181
14 182
14 183
14 184
14 185
14 186
14 187
14 218
14 219
14 220
14 221
14 222
14 223
14 224
14 225
14 226
14 261
14 445
14 446
14 447
14 448
14 449
14 450
14 451
14 452
14 453
14 484
14 485
14 486
14 487
14 488
14 489
14 490
14 491
14 492
14 493
14 526
14 527
14 528
14 529
14 530
15 190
15 191
15 192
15 193
15 194
15 195
15 196
15 197
15 198
15 229
15 230
15 231
15 232
15 233
15 234
15 235
15 236
15 419
15 420
15 421
15 422
15 456
15 457
15 458
15 459
15 460
15 461
15 462
15 463
15 464
15 495
15 496
15 497
15 498
15 499
15 500
15 501
15 502
15 503
16 164
16 165
16 166
16 167
16 168
16 201
16 202
16 203
16 204
16 205
16 206
16 207
16 208
16 209
16 240
16 241
16 242
16 243
16 244
16 245
16 246
16 429
16 430
16 431
16 432
16 433
16 434
16 466
16 467
16 468
16 469
16 470
16 471
16 472
16 473
16 474
16 475
16 507
16 508
16 509
16 510
16 511
16 512
16 513
16 514
17 173
17 174
17 175
17 176
17 177
17 178
17 179
17 180
17 211
17 212
17 213
17 214
17 215
17 216
17 217
17 218
17 219
17 252
17 253
17 254
17 255
17 256
17 439
17 440
17 441
17 442
17 443
17 444
17 445
17 446
17 477
17 478
17 479
17 480
17 481
17 482
17 483
17 484
17 485
17 486
17 518
17 519
17 520
17 521
17 522
17 523
17 524
18 183
18 184
18 185
18 186
18 187
18 188
18 189
18 190
18 191
18 222
18 223
18 224
18 225
18 226
18 227
18 228
18 229
18 230
18 449
18 450
18 451
18 452
18 453
18 454
18 455
18 456
18 457
18 488
18 489
18 490
18 491
18 492
18 493
18 494
18 495
18 496
18 497
18 530
18 531
18 532
18 533
19 158
19 159
19 160
19 194
19 195
19 196
19 197
19 198
19 199
19 200
19 201
19 202
19 233
19 234
19 235
19 236
19 237
19 238
19 239
19 240
19 422
19 423
19 424
19 425
19 426
19 427
19 459
19 460
19 461
19 462
19 463
19 464
19 465
19 466
19 467
19 468
19 499
19 500
19 501
19 502
19 503
19 504
19 505
19 506
19 507
20 167
20 168
20 169
20 170
20 171
20 172
20 204
20 205
20 206
20 207
20 208
20 209
20 210
20 211
20 212
20 245
20 246
20 247
20 248
20 249
20 250
20 432
20 433
20 434
20 435
20 436
20 437
20 438
20 470
20 471
20 472
20 473
20 474
20 475
20 476
20 477
20 478
20 479
20 510
20 511
20 512
20 513
20 514
20 515
20 516
20 517
21 177
21 178
21 179
21 180
21 181
21 182
21 183
21 184
21 215
21 216
21 217
21 218
21 219
21 220
21 221
21 222
21 223
21 257
21 258
21 259
21 442
21 443
21 444
21 445
21 446
21 447
21 448
21 449
21 450
21 481
21 482
21 483
21 484
21 485
21 486
21 487
21 488
21 489
21 490
21 522
21 523
21 524
21 525
21 526
21 527
22 187
22 188
22 189
22 190
22 191
22 192
22 193
22 194
22 195
22 226
22 227
22 228
22 229
22 230
22 231
22 232
22 233
22 417
22 418
22 453
22 454
22 455
22 456
22 457
22 458
22 459
22 460
22 461
22 492
22 493
22 494
22 495
22 496
22 497
22 498
22 499
22 500
22 536
23 161
23 162
23 163
23 164
23 197
23 198
23 199
23 200
23 201
23 202
23 203
23 204
23 205
23 237
23 238
23 239
23 240
23 241
23 242
23 243
23 426
23 427
23 428
23 429
23 430
23 431
23 463
23 464
23 465
23 466
23 467
23 468
23 469
23 470
23 471
23 472
23 503
23 504
23 505
23 506
23 507
23 508
23 509
23 510
23 511
24 170
24 171
24 172
24 173
24 174
24 175
24 176
24 208
24 209
24 210
24 211
24 212
24 213
24 214
24 215
24 216
24 249
24 250
24 251
24 252
24 253
24 436
24 437
24 438
24 439
24 440
24 441
24 442
24 474
24 475
24 476
24 477
24 478
24 479
24 480
24 481
24 482
24 483
24 515
24 516
24 517
24 518
24 519
24 520
24 521
25 180
25 181
25 182
25 183
25 184
25 185
25 186
25 187
25 219
25 220
25 221
25 222
25 223
25 224
25 225
25 226
25 227
25 446
25 447
25 448
25 449
25 450
25 451
25 452
25 453
25 454
25 485
25 486
25 487
25 488
25 489
25 490
25 491
25 492
25 493
25 527
25 528
25 529
25 530
25 531
26 191
26 192
26 193
26 194
26 195
26 196
26 197
26 198
26 230
26 231
26 232
26 233
26 234
26 235
26 236
26 237
26 420
26 421
26 422
26 423
26 456
26 457
26 458
26 459
26 460
26 461
26 462
26 463
26 464
26 465
26 496
26 497
26 498
26 499
26 500
26 501
26 502
26 503
26 504
27 164
27 165
27 166
27 167
27 168
27 169
27 201
27 202
27 203
27 204
27 205
27 206
27 207
27 208
27 209
27 241
27 242
27 243
27 244
27 245
27 246
27 247
27 429
27 430
27 431
27 432
27 433
27 434
27 435
27 467
27 468
27 469
27 470
27 471
27 472
27 473
27 474
27 475
27 476
27 507
27 508
27 509
27 510
27 511
27 512
27 513
27 514
28 174
28 175
28 176
28 177
28 178
28 179
28 180
28 212
28 213
28 214
28 215
28 216
28 217
28 218
28 219
28 220
28 253
28 254
28 255
28 256
28 439
28 440
28 441
28 442
28 443
28 444
28 445
28 446
28 478
28 479
28 480
28 481
28 482
28 483
28 484
28 485
28 486
28 487
28 519
28 520
28 521
28 522
28 523
28 524
28 525
29 184
29 185
29 186
29 187
29 188
29 189
29 190
29 191
29 223
29 224
29 225
29 226
29 227
29 228
29 229
29 230
29 449
29 450
29 451
29 452
29 453
29 454
29 455
29 456
29 457
29 458
29 489
29 490
29 491
29 492
29 493
29 494
29 495
29 496
29 497
29 531
29 532
29 533
29 534
30 159
30 160
30 161
30 194
30 195
30 196
30 197
30 198
30 199
30 200
30 201
30 202
30 234
30 235
30 236
30 237
30 238
30 239
30 240
30 423
30 424
30 425
30 426
30 427
30 460
30 461
30 462
30 463
30 464
30 465
30 466
30 467
30 468
30 469
30 500
30 501
30 502
30 503
30 504
30 505
30 506
30 507
30 508
31 167
31 168
31 169
31 170
31 171
31 172
31 173
31 205
31 206
31 207
31 208
31 209
31 210
31 211
31 212
31 213
31 245
31 246
31 247
31 248
31 249
31 250
31 432
31 433
31 434
31 435
31 436
31 437
31 438
31 439
31 471
31 472
31 473
31 474
31 475
31 476
31 477
31 478
31 479
31 480
31 511
31 512
31 513
31 514
31 515
31 516
31 517
31 518
32 177
32 178
32 179
32 180
32 181
32 182
32 183
32 184
32 216
32 217
32 218
32 219
32 220
32 221
32 222
32 223
32 257
32 258
32 259
32 443
32 444
32 445
32 446
32 447
32 448
32 449
32 450
32 481
32 482
32 483
32 484
32 485
32 486
32 487
32 488
32 489
32 490
32 523
32 524
32 525
32 526
32 527
32 528
33 187
33 188
33 189
33 190
33 191
33 192
33 193
33 194
33 195
33 226
33 227
33 228
33 229
33 230
33 231
33 232
33 233
33 234
33 417
33 418
33 419
33 453
33 454
33 455
33 456
33 457
33 458
33 459
33 460
33 461
33 462
33 492
33 493
33 494
33 495
33 496
33 497
33 498
33 499
33 500
33 501
33 536
34 161
34 162
34 163
34 164
34 165
34 198
34 199
34 200
34 201
34 202
34 203
34 204
34 205
34 206
34 238
34 239
34 240
34 241
34 242
34 243
34 244
34 426
34 427
34 428
34 429
34 430
34 431
34 464
34 465
34 466
34 467
34 468
34 469
34 470
34 471
34 472
34 504
34 505
34 506
34 507
34 508
34 509
34 510
34 511
35 171
35 172
35 173
35 174
35 175
35 176
35 177
35 209
35 210
35 211
35 212
35 213
35 214
35 215
35 216
35 217
35 249
35 250
35 251
35 252
35 253
35 254
35 436
35 437
35 438
35 439
35 440
35 441
35 442
35 443
35 474
35 475
35 476
35 477
35 478
35 479
35 480
35 481
35 482
35 483
35 515
35 516
35 517
35 518
35 519
35 520
35 521
35 522
36 181
36 182
36 183
36 184
36 185
36 186
36 187
36 188
36 219
36 220
36 221
36 222
36 223
36 224
36 225
36 226
36 227
36 446
36 447
36 448
36 449
36 450
36 451
36 452
36 453
36 454
36 485
36 486
36 487
36 488
36 489
36 490
36 491
36 492
36 493
36 494
36 527
36 528
36 529
36 530
36 531
37 191
37 192
37 193
37 194
37 195
37 196
37 197
37 198
37 199
37 230
37 231
37 232
37 233
37 234
37 235
37 236
37 237
37 420
37 421
37 422
37 423
37 424
37 457
37 458
37 459
37 460
37 461
37 462
37 463
37 464
37 465
37 496
37 497
37 498
37 499
37 500
37 501
37 502
37 503
37 504
37 505
38 165
38 166
38 167
38 168
38 169
38 202
38 203
38 204
38 205
38 206
38 207
38 208
38 209
38 210
38 242
38 243
38 244
38 245
38 246
38 247
38 429
38 430
38 431
38 432
38 433
38 434
38 435
38 436
38 467
38 468
38 469
38 470
38 471
38 472
38 473
38 474
38 475
38 476
38 508
38 509
38 510
38 511
38 512
38 513
38 514
38 515
39 174
39 175
39 176
39 177
39 178
39 179
39 180
39 181
39 212
39 213
39 214
39 215
39 216
39 217
39 218
39 219
39 220
39 253
39 254
39 255
39 256
39 257
39 439
39 440
39 441
39 442
39 443
39 444
39 445
39 446
39 447
39 478
39 479
39 480
39 481
39 482
39 483
39 484
39 485
39 486
39 487
39 519
39 520
39 521
39 522
39 523
39 524
39 525
40 184
40 185
40 186
40 187
40 188
40 189
40 190
40 191
40 192
40 223
40 224
40 225
40 226
40 227
40 228
40 229
40 230
40 231
40 450
40 451
40 452
40 453
40 454
40 455
40 456
40 457
40 458
40 489
40 490
40 491
40 492
40 493
40 494
40 495
40 496
40 497
40 498
40 532
40 533
40 534
41 159
41 160
41 161
41 195
41 196
41 197
41 198
41 199
41 200
41 201
41 202
41 203
41 234
41 235
41 236
41 237
41 238
41 239
41 240
41 241
41 423
41 424
41 425
41 426
41 427
41 428
41 460
41 461
41 462
41 463
41 464
41 465
41 466
41 467
41 468
41 469
41 500
41 501
41 502
41 503
41 504
41 505
41 506
41 507
41 508
42 168
42 169
42 170
42 171
42 172
42 173
42 205
42 206
42 207
42 208
42 209
42 210
42 211
42 212
42 213
42 246
42 247
42 248
42 249
42 250
42 251
42 433
42 434
42 435
42 436
42 437
42 438
42 439
42 440
42 471
42 472
42 473
42 474
42 475
42 476
42 477
42 478
42 479
42 480
42 512
42 513
42 514
42 515
42 516
42 517
42 518
42 519
43 178
43 179
43 180
43 181
43 182
43 183
43 184
43 185
43 216
43 217
43 218
43 219
43 220
43 221
43 222
43 223
43 224
43 258
43 259
43 260
43 443
43 444
43 445
43 446
43 447
43 448
43 449
43 450
43 451
43 482
43 483
43 484
43 485
43 486
43 487
43 488
43 489
43 490
43 491
43 523
43 524
43 525
43 526
43 527
43 528
43 529
44 188
44 189
44 190
44 191
44 192
44 193
44 194
44 195
44 196
44 227
44 228
44 229
44 230
44 231
44 232
44 233
44 234
44 417
44 418
44 419
44 420
44 453
44 454
44 455
44 456
44 457
44 458
44 459
44 460
44 461
44 462
44 493
44 494
44 495
44 496
44 497
44 498
44 499
44 500
44 501
44 537
45 162
45 163
45 164
45 165
45 166
45 198
45 199
45 200
45 201
45 202
45 203
45 204
45 205
45 206
45 238
45 239
45 240
45 241
45 242
45 243
45 244
45 426
45 427
45 428
45 429
45 430
45 431
45 432
45 464
45 465
45 466
45 467
45 468
45 469
45 470
45 471
45 472
45 473
45 504
45 505
45 506
45 507
45 508
45 509
45 510
45 511
45 512
46 171
46 172
46 173
46 174
46 175
46 176
46 177
46 209
46 210
46 211
46 212
46 213
46 214
46 215
46 216
46 217
46 250
46 251
46 252
46 253
46 254
46 436
46 437
46 438
46 439
46 440
46 441
46 442
46 443
46 444
46 475
46 476
46 477
46 478
46 479
46 480
46 481
46 482
46 483
46 484
46 516
46 517
46 518
46 519
46 520
46 521
46 522
47 181
47 182
47 183
47 184
47 185
47 186
47 187
47 188
47 220
47 221
47 222
47 223
47 224
47 225
47 226
47 227
47 228
47 447
47 448
47 449
47 450
47 451
47 452
47 453
47 454
47 455
47 486
47 487
47 488
47 489
47 490
47 491
47 492
47 493
47 494
47 495
47 528
47 529
47 530
47 531
47 532
48 157
48 192
48 193
48 194
48 195
48 196
48 197
48 198
48 199
48 231
48 232
48 233
48 234
48 235
48 236
48 237
48 238
48 420
48 421
48 422
48 423
48 424
48 457
48 458
48 459
48 460
48 461
48 462
48 463
48 464
48 465
48 466
48 497
48 498
48 499
48 500
48 501
48 502
48 503
48 504
48 505
49 165
49 166
49 167
49 168
49 169
49 170
49 202
49 203
49 204
49 205
49 206
49 207
49 208
49 209
49 210
49 242
49 243
49 244
49 245
49 246
49 247
49 248
49 430
49 431
49 432
49 433
49 434
49 435
49 436
49 468
49 469
49 470
49 471
49 472
49 473
49 474
49 475
49 476
49 477
49 508
49 509
49 510
49 511
49 512
49 513
49 514
49 515
49 516
50 175
50 176
50 177
50 178
50 179
50 180
50 181
50 213
50 214
50 215
50 216
50 217
50 218
50 219
50 220
50 221
50 254
50 255
50 256
50 257
50 440
50 441
50 442
50 443
50 444
50 445
50 446
50 447
50 448
50 479
50 480
50 481
50 482
50 483
50 484
50 485
50 486
50 487
50 488
50 520
50 521
50 522
50 523
50 524
50 525
50 526
51 185
51 186
51 187
51 188
51 189
51 190
51 191
51 192
51 224
51 225
51 226
51 227
51 228
51 229
51 230
51 231
51 415
51 416
51 450
51 451
51 452
51 453
51 454
51 455
51 456
51 457
51 458
51 459
51 490
51 491
51 492
51 493
51 494
51 495
51 496
51 497
51 498
51 532
51 533
51 534
51 535
52 159
52 160
52 161
52 162
52 195
52 196
52 197
52 198
52 199
52 200
52 201
52 202
52 203
52 235
52 236
52 237
52 238
52 239
52 240
52 241
52 423
52 424
52 425
52 426
52 427
52 428
52 461
52 462
52 463
52 464
52 465
52 466
52 467
52 468
52 469
52 470
52 501
52 502
52 503
52 504
52 505
52 506
52 507
52 508
52 509
53 168
53 169
53 170
53 171
53 172
53 173
53 174
53 206
53 207
53 208
53 209
53 210
53 211
53 212
53 213
53 214
53 246
53 247
53 248
53 249
53 250
53 251
53 433
53 434
53 435
53 436
53 437
53 438
53 439
53 440
53 472
53 473
53 474
53 475
53 476
53 477
53 478
53 479
53 480
53 481
53 512
53 513
53 514
53 515
53 516
53 517
53 518
53 519
54 178
54 179
54 180
54 181
54 182
54 183
54 184
54 185
54 217
54 218
54 219
54 220
54 221
54 222
54 223
54 224
54 259
54 260
54 443
54 444
54 445
54 446
54 447
54 448
54 449
54 450
54 451
54 452
54 482
54 483
54 484
54 485
54 486
54 487
54 488
54 489
54 490
54 491
54 524
54 525
54 526
54 527
54 528
54 529
55 188
55 189
55 190
55 191
55 192
55 193
55 194
55 195
55 196
55 228
55 229
55 230
55 231
55 232
55 233
55 234
55 235
55 417
55 418
55 419
55 420
55 421
55 454
55 455
55 456
55 457
55 458
55 459
55 460
55 461
55 462
55 463
55 493
55 494
55 495
55 496
55 497
55 498
55 499
55 500
55 501
55 502
56 162
56 163
56 164
56 165
56 166
56 199
56 200
56 201
56 202
56 203
56 204
56 205
56 206
56 207
56 239
56 240
56 241
56 242
56 243
56 244
56 245
56 427
56 428
56 429
56 430
56 431
56 432
56 433
56 465
56 466
56 467
56 468
56 469
56 470
56 471
56 472
56 473
56 474
56 505
56 506
56 507
56 508
56 509
56 510
56 511
56 512
57 172
57 173
57 174
57 175
57 176
57 177
57 178
57 210
57 211
57 212
57 213
57 214
57 215
57 216
57 217
57 218
57 250
57 251
57 252
57 253
57 254
57 255
57 437
57 438
57 439
57 440
57 441
57 442
57 443
57 444
57 475
57 476
57 477
57 478
57 479
57 480
57 481
57 482
57 483
57 484
57 516
57 517
57 518
57 519
57 520
57 521
57 522
57 523
58 182
58 183
58 184
58 185
58 186
58 187
58 188
58 189
58 220
58 221
58 222
58 223
58 224
58 225
58 226
58 227
58 228
58 447
58 448
58 449
58 450
58 451
58 452
58 453
58 454
58 455
58 486
58 487
58 488
58 489
58 490
58 491
58 492
58 493
58 494
58 495
58 528
58 529
58 530
58 531
58 532
59 157
59 158
59 192
59 193
59 194
59 195
59 196
59 197
59 198
59 199
59 200
59 231
59 232
59 233
59 234
59 235
59 236
59 237
59 238
59 420
59 421
59 422
59 423
59 424
59 425
59 458
59 459
59 460
59 461
59 462
59 463
59 464
59 465
59 466
59 497
59 498
59 499
59 500
59 501
59 502
59 503
59 504
59 505
59 506
60 165
60 166
60 167
60 168
60 169
60 170
60 203
60 204
60 205
60 206
60 207
60 208
60 209
60 210
60 211
60 243
60 244
60 245
60 246
60 247
60 248
60 430
60 431
60 432
60 433
60 434
60 435
60 436
60 437
60 468
60 469
60 470
60 471
60 472
60 473
60 474
60 475
60 476
60 477
60 509
60 510
60 511
60 512
60 513
60 514
60 515
60 516
61 175
61 176
61 177
61 178
61 179
61 180
61 181
61 182
61 213
61 214
61 215
61 216
61 217
61 218
61 219
61 220
61 221
61 255
61 256
61 257
61 258
61 440
61 441
61 442
61 443
61 444
61 445
61 446
61 447
61 448
61 479
61 480
61 481
61 482
61 483
61 484
61 485
61 486
61 487
61 488
61 520
61 521
61 522
61 523
61 524
61 525
61 526
62 185
62 186
62 187
62 188
62 189
62 190
62 191
62 192
62 193
62 224
62 225
62 226
62 227
62 228
62 229
62 230
62 231
62 232
62 415
62 416
62 417
62 451
62 452
62 453
62 454
62 455
62 456
62 457
62 458
62 459
62 490
62 491
62 492
62 493
62 494
62 495
62 496
62 497
62 498
62 499
62 533
62 534
62 535
63 160
63 161
63 162
63 196
63 197
63 198
63 199
63 200
63 201
63 202
63 203
63 204
63 235
63 236
63 237
63 238
63 239
63 240
63 241
63 242
63 424
63 425
63 426
63 427
63 428
63 429
63 461
63 462
63 463
63 464
63 465
63 466
63 467
63 468
63 469
63 470
63 501
63 502
63 503
63 504
63 505
63 506
63 507
63 508
63 509
64 169
64 170
64 171
64 172
64 173
64 174
64 206
64 207
64 208
64 209
64 210
64 211
64 212
64 213
64 214
64 247
64 248
64 249
64 250
64 251
64 252
64 434
64 435
64 436
64 437
64 438
64 439
64 440
64 441
64 472
64 473
64 474
64 475
64 476
64 477
64 478
64 479
64 480
64 481
64 513
64 514
64 515
64 516
64 517
64 518
64 519
64 520
65 179
65 180
65 181
65 182
65 183
65 184
65 185
65 186
65 217
65 218
65 219
65 220
65 221
65 222
65 223
65 224
65 225
65 259
65 260
65 261
65 444
65 445
65 446
65 447
65 448
65 449
65 450
65 451
65 452
65 483
65 484
65 485
65 486
65 487
65 488
65 489
65 490
65 491
65 492
65 524
65 525
65 526
65 527
65 528
65 529
65 530
66 189
66 190
66 191
66 192
66 193
66 194
66 195
66 196
66 197
66 228
66 229
66 230
66 231
66 232
66 233
66 234
66 235
66 418
66 419
66 420
66 421
66 454
66 455
66 456
66 457
66 458
66 459
66 460
66 461
66 462
66 463
66 494
66 495
66 496
66 497
66 498
66 499
66 500
66 501
66 502
66 503
67 163
67 164
67 165
67 166
67 167
67 199
67 200
67 201
67 202
67 203
67 204
67 205
67 206
67 207
67 239
67 240
67 241
67 242
67 243
67 244
67 245
67 427
67 428
67 429
67 430
67 431
67 432
67 433
67 465
67 466
67 467
67 468
67 469
67 470
67 471
67 472
67 473
67 474
67 505
67 506
67 507
67 508
67 509
67 510
67 511
67 512
67 513
68 172
68 173
68 174
68 175
68 176
68 177
68 178
68 210
68 211
68 212
68 213
68 214
68 215
68 216
68 217
68 218
68 251
68 252
68 253
68 254
68 255
68 437
68 438
68 439
68 440
68 441
68 442
68 443
68 444
68 445
68 476
68 477
68 478
68 479
68 480
68 481
68 482
68 483
68 484
68 485
68 517
68 518
68 519
68 520
68 521
68 522
68 523
69 182
69 183
69 184
69 185
69 186
69 187
69 188
69 189
69 190
69 221
69 222
69 223
69 224
69 225
69 226
69 227
69 228
69 229
69 448
69 449
69 450
69 451
69 452
69 453
69 454
69 455
69 456
69 487
69 488
69 489
69 490
69 491
69 492
69 493
69 494
69 495
69 496
69 529
69 530
69 531
69 532
69 533
70 157
70 158
70 193
70 194
70 195
70 196
70 197
70 198
70 199
70 200
70 232
70 233
70 234
70 235
70 236
70 237
70 238
70 239
70 421
70 422
70 423
70 424
70 425
70 426
70 458
70 459
70 460
70 461
70 462
70 463
70 464
70 465
70 466
70 467
70 498
70 499
70 500
70 501
70 502
70 503
70 504
70 505
70 506
71 166
71 167
71 168
71 169
71 170
71 171
71 203
71 204
71 205
71 206
71 207
71 208
71 209
71 210
71 211
71 243
71 244
71 245
71 246
71 247
71 248
71 249
71 431
71 432
71 433
71 434
71 435
71 436
71 437
71 469
71 470
71 471
71 472
71 473
71 474
71 475
71 476
71 477
71 478
71 509
71 510
71 511
71 512
71 513
71 514
71 515
71 516
71 517
72 176
72 177
72 178
72 179
72 180
72 181
72 182
72 214
72 215
72 216
72 217
72 218
72 219
72 220
72 221
72 222
72 255
72 256
72 257
72 258
72 441
72 442
72 443
72 444
72 445
72 446
72 447
72 448
72 449
72 480
72 481
72 482
72 483
72 484
72 485
72 486
72 487
72 488
72 489
72 521
72 522
72 523
72 524
72 525
72 526
72 527
73 186
73 187
73 188
73 189
73 190
73 191
73 192
73 193
73 225
73 226
73 227
73 228
73 229
73 230
73 231
73 232
73 415
73 416
73 417
73 451
73 452
73 453
73 454
73 455
73 456
73 457
73 458
73 459
73 460
73 491
73 492
73 493
73 494
73 495
73 496
73 497
73 498
73 499
73 533
73 534
73 535
73 536
74 160
74 161
74 162
74 163
74 196
74 197
74 198
74 199
74 200
74 201
74 202
74 203
74 204
74 236
74 237
74 238
74 239
74 240
74 241
74 242
74 424
74 425
74 426
74 427
74 428
74 429
74 430
74 462
74 463
74 464
74 465
74 466
74 467
74 468
74 469
74 470
74 471
74 502
74 503
74 504
74 505
74 506
74 507
74 508
74 509
74 510
75 169
75 170
75 171
75 172
75 173
75 174
75 175
75 207
75 208
75 209
75 210
75 211
75 212
75 213
75 214
75 215
75 247
75 248
75 249
75 250
75 251
75 252
75 434
75 435
75 436
75 437
75 438
75 439
75 440
75 441
75 473
75 474
75 475
75 476
75 477
75 478
75 479
75 480
75 481
75 482
75 513
75 514
75 515
75 516
75 517
75 518
75 519
75 520
76 179
76 180
76 181
76 182
76 183
76 184
76 185
76 186
76 218
76 219
76 220
76 221
76 222
76 223
76 224
76 225
76 260
76 261
76 444
76 445
76 446
76 447
76 448
76 449
76 450
76 451
76 452
76 453
76 483
76 484
76 485
76 486
76 487
76 488
76 489
76 490
76 491
76 492
76 493
76 525
76 526
76 527
76 528
76 529
76 530
77 189
77 190
77 191
77 192
77 193
77 194
77 195
77 196
77 197
77 229
77 230
77 231
77 232
77 233
77 234
77 235
77 236
77 418
77 419
77 420
77 421
77 422
77 455
77 456
77 457
77 458
77 459
77 460
77 461
77 462
77 463
77 464
77 494
77 495
77 496
77 497
77 498
77 499
77 500
77 501
77 502
77 503
78 163
78 164
78 165
78 166
78 167
78 200
78 201
78 202
78 203
78 204
78 205
78 206
78 207
78 208
78 240
78 241
78 242
78 243
78 244
78 245
78 246
78 427
78 428
78 429
78 430
78 431
78 432
78 433
78 434
78 466
78 467
78 468
78 469
78 470
78 471
78 472
78 473
78 474
78 475
78 506
78 507
78 508
78 509
78 510
78 511
78 512
78 513
78 514
79 173
79 174
79 175
79 176
79 177
79 178
79 179
79 211
79 212
79 213
79 214
79 215
79 216
79 217
79 218
79 219
79 252
79 253
79 254
79 255
79 256
79 438
79 439
79 440
79 441
79 442
79 443
79 444
79 445
79 476
79 477
79 478
79 479
79 480
79 481
79 482
79 483
79 484
79 485
79 486
79 517
79 518
79 519
79 520
79 521
79 522
79 523
79 524
80 183
80 184
80 185
80 186
80 187
80 188
80 189
80 190
80 221
80 222
80 223
80 224
80 225
80 226
80 227
80 228
80 229
80 413
80 448
80 449
80 450
80 451
80 452
80 453
80 454
80 455
80 456
80 457
80 487
80 488
80 489
80 490
80 491
80 492
80 493
80 494
80 495
80 496
80 529
80 530
80 531
80 532
80 533
81 157
81 158
81 159
81 193
81 194
81 195
81 196
81 197
81 198
81 199
81 200
81 201
81 233
81 234
81 235
81 236
81 237
81 238
81 239
81 421
81 422
81 423
81 424
81 425
81 426
81 459
81 460
81 461
81 462
81 463
81 464
81 465
81 466
81 467
81 468
81 498
81 499
81 500
81 501
81 502
81 503
81 504
81 505
81 506
81 507
82 166
82 167
82 168
82 169
82 170
82 171
82 204
82 205
82 206
82 207
82 208
82 209
82 210
82 211
82 212
82 244
82 245
82 246
82 247
82 248
82 249
82 431
82 432
82 433
82 434
82 435
82 436
82 437
82 438
82 469
82 470
82 471
82 472
82 473
82 474
82 475
82 476
82 477
82 478
82 479
82 510
82 511
82 512
82 513
82 514
82 515
82 516
82 517
83 176
83 177
83 178
83 179
83 180
83 181
83 182
83 183
83 214
83 215
83 216
83 217
83 218
83 219
83 220
83 221
83 222
83 256
83 257
83 258
83 259
83 441
83 442
83 443
83 444
83 445
83 446
83 447
83 448
83 449
83 480
83 481
83 482
83 483
83 484
83 485
83 486
83 487
83 488
83 489
83 521
83 522
83 523
83 524
83 525
83 526
83 527
84 186
84 187
84 188
84 189
84 190
84 191
84 192
84 193
84 194
84 225
84 226
84 227
84 228
84 229
84 230
84 231
84 232
84 233
84 415
84 416
84 417
84 418
84 452
84 453
84 454
84 455
84 456
84 457
84 458
84 459
84 460
84 491
84 492
84 493
84 494
84 495
84 496
84 497
84 498
84 499
84 500
84 534
84 535
84 536
84 537
85 160
85 161
85 162
85 163
85 164
85 197
85 198
85 199
85 200
85 201
85 202
85 203
85 204
85 205
85 237
85 238
85 239
85 240
85 241
85 242
85 243
85 424
85 425
85 426
85 427
85 428
85 429
85 430
85 462
85 463
85 464
85 465
85 466
85 467
85 468
85 469
85 470
85 471
85 502
85 503
85 504
85 505
85 506
85 507
85 508
85 509
85 510
85 511
86 170
86 171
86 172
86 173
86 174
86 175
86 207
86 208
86 209
86 210
86 211
86 212
86 213
86 214
86 215
86 248
86 249
86 250
86 251
86 252
86 253
86 434
86 435
86 436
86 437
86 438
86 439
86 440
86 441
86 442
86 473
86 474
86 475
86 476
86 477
86 478
86 479
86 480
86 481
86 482
86 514
86 515
86 516
86 517
86 518
86 519
86 520
86 521
87 180
87 181
87 182
87 183
87 184
87 185
87 186
87 187
87 218
87 219
87 220
87 221
87 222
87 223
87 224
87 225
87 226
87 261
87 445
87 446
87 447
87 448
87 449
87 450
87 451
87 452
87 453
87 484
87 485
87 486
87 487
87 488
87 489
87 490
87 491
87 492
87 493
87 526
87 527
87 528
87 529
87 530
87 531
88 190
88 191
88 192
88 193
88 194
88 195
88 196
88 197
88 198
88 229
88 230
88 231
88 232
88 233
88 234
88 235
88 236
88 418
88 419
88 420
88 421
88 422
88 423
88 455
88 456
88 457
88 458
88 459
88 460
88 461
88 462
88 463
88 464
88 495
88 496
88 497
88 498
88 499
88 500
88 501
88 502
88 503
88 504
89 163
89 164
89 165
89 166
89 167
89 168
89 200
89 201
89 202
89 203
89 204
89 205
89 206
89 207
89 208
89 241
89 242
89 243
89 244
89 245
89 246
89 247
89 428
89 429
89 430
89 431
89 432
89 433
89 434
89 466
89 467
89 468
89 469
89 470
89 471
89 472
89 473
89 474
89 475
89 506
89 507
89 508
89 509
89 510
89 511
89 512
89 513
89 514
90 173
90 174
90 175
90 176
90 177
90 178
90 179
90 211
90 212
90 213
90 214
90 215
90 216
90 217
90 218
90 219
90 252
90 253
90 254
90 255
90 256
90 438
90 439
90 440
90 441
90 442
90 443
90 444
90 445
90 446
90 477
90 478
90 479
90 480
90 481
90 482
90 483
90 484
90 485
90 486
90 518
90 519
90 520
90 521
90 522
90 523
90 524
91 183
91 184
91 185
91 186
91 187
91 188
91 189
91 190
91 191
91 222
91 223
91 224
91 225
91 226
91 227
91 228
91 229
91 230
91 413
91 414
91 448
91 449
91 450
91 451
91 452
91 453
91 454
91 455
91 456
91 457
91 488
91 489
91 490
91 491
91 492
91 493
91 494
91 495
91 496
91 497
91 530
91 531
91 532
91 533
91 534
92 158
92 159
92 160
92 194
92 195
92 196
92 197
92 198
92 199
92 200
92 201
92 233
92 234
92 235
92 236
92 237
92 238
92 239
92 240
92 421
92 422
92 423
92 424
92 425
92 426
92 427
92 459
92 460
92 461
92 462
92 463
92 464
92 465
92 466
92 467
92 468
92 499
92 500
92 501
92 502
92 503
92 504
92 505
92 506
92 507
93 167
93 168
93 169
93 170
93 171
93 172
93 204
93 205
93 206
93 207
93 208
93 209
93 210
93 211
93 212
93 245
93 246
93 247
93 248
93 249
93 250
93 431
93 432
93 433
93 434
93 435
93 436
93 437
93 438
93 470
93 471
93 472
93 473
93 474
93 475
93 476
93 477
93 478
93 479
93 510
93 511
93 512
93 513
93 514
93 515
93 516
93 517
93 518
94 177
94 178
94 179
94 180
94 181
94 182
94 183
94 215
94 216
94 217
94 218
94 219
94 220
94 221
94 222
94 223
94 257
94 258
94 259
94 442
94 443
94 444
94 445
94 446
94 447
94 448
94 449
94 450
94 481
94 482
94 483
94 484
94 485
94 486
94 487
94 488
94 489
94 490
94 522
94 523
94 524
94 525
94 526
94 527
94 528
95 187
95 188
95 189
95 190
95 191
95 192
95 193
95 194
95 226
95 227
95 228
95 229
95 230
95 231
95 232
95 233
95 415
95 416
95 417
95 418
95 419
95 452
95 453
95 454
95 455
95 456
95 457
95 458
95 459
95 460
95 461
95 492
95 493
95 494
95 495
95 496
95 497
95 498
95 499
95 500
95 501
95 535
95 536
95 537
96 161
96 162
96 163
96 164
96 197
96 198
96 199
96 200
96 201
96 202
96 203
96 204
96 205
96 237
96 238
96 239
96 240
96 241
96 242
96 243
96 244
96 425
96 426
96 427
96 428
96 429
96 430
96 431
96 463
96 464
96 465
96 466
96 467
96 468
96 469
96 470
96 471
96 472
96 503
96 504
96 505
96 506
96 507
96 508
96 509
96 510
96 511
97 170
97 171
97 172
97 173
97 174
97 175
97 176
97 208
97 209
97 210
97 211
97 212
97 213
97 214
97 215
97 216
97 249
97 250
97 251
97 252
97 253
97 435
97 436
97 437
97 438
97 439
97 440
97 441
97 442
97 474
97 475
97 476
97 477
97 478
97 479
97 480
97 481
97 482
97 483
97 514
97 515
97 516
97 517
97 518
97 519
97 520
97 521
98 180
98 181
98 182
98 183
98 184
98 185
98 186
98 187
98 219
98 220
98 221
98 222
98 223
98 224
98 225
98 226
98 227
98 445
98 446
98 447
98 448
98 449
98 450
98 451
98 452
98 453
98 454
98 484
98 485
98 486
98 487
98 488
98 489
98 490
98 491
98 492
98 493
98 494
98 526
98 527
98 528
98 529
98 530
98 531
99 190
99 191
99 192
99 193
99 194
99 195
99 196
99 197
99 198
99 230
99 231
99 232
99 233
99 234
99 235
99 236
99 237
99 418
99 419
99 420
99 421
99 422
99 423
99 456
99 457
99 458
99 459
99 460
99 461
99 462
99 463
99 464
99 465
99 496
99 497
99 498
99 499
99 500
99 501
99 502
99 503
99 504
100 164
100 165
100 166
100 167
100 168
100 201
100 202
100 203
100 204
100 205
100 206
100 207
100 208
100 209
100 241
100 242
100 243
100 244
100 245
100 246
100 247
100 428
100 429
100 430
100 431
100 432
100 433
100 434
100 435
100 466
100 467
100 468
100 469
100 470
100 471
100 472
100 473
100 474
100 475
100 476
100 507
100 508
100 509
100 510
100 511
100 512
100 513
100 514
100 515
101 173
101 174
101 175
101 176
101 177
101 178
101 179
101 180
101 212
101 213
101 214
101 215
101 216
101 217
101 218
101 219
101 220
101 253
101 254
101 255
101 256
101 257
101 438
101 439
101 440
101 441
101 442
101 443
101 444
101 445
101 446
101 477
101 478
101 479
101 480
101 481
101 482
101 483
101 484
101 485
101 486
101 487
101 518
101 519
101 520
101 521
101 522
101 523
101 524
101 525
102 184
102 185
102 186
102 187
102 188
102 189
102 190
102 191
102 223
102 224
102 225
102 226
102 227
102 228
102 229
102 230
102 413
102 414
102 415
102 449
102 450
102 451
102 452
102 453
102 454
102 455
102 456
102 457
102 458
102 488
102 489
102 490
102 491
102 492
102 493
102 494
102 495
102 496
102 497
102 531
102 532
102 533
102 534
102 535
103 158
103 159
103 160
103 194
103 195
103 196
103 197
103 198
103 199
103 200
103 201
103 202
103 234
103 235
103 236
103 237
103 238
103 239
103 240
103 422
103 423
103 424
103 425
103 426
103 427
103 459
103 460
103 461
103 462
103 463
103 464
103 465
103 466
103 467
103 468
103 469
103 499
103 500
103 501
103 502
103 503
103 504
103 505
103 506
103 507
103 508
104 167
104 168
104 169
104 170
104 171
104 172
104 205
104 206
104 207
104 208
104 209
104 210
104 211
104 212
104 213
104 245
104 246
104 247
104 248
104 249
104 250
104 432
104 433
104 434
104 435
104 436
104 437
104 438
104 439
104 470
104 471
104 472
104 473
104 474
104 475
104 476
104 477
104 478
104 479
104 480
104 511
104 512
104 513
104 514
104 515
104 516
104 517
104 518
105 177
105 178
105 179
105 180
105 181
105 182
105 183
105 184
105 215
105 216
105 217
105 218
105 219
105 220
105 221
105 222
105 223
105 257
105 258
105 259
105 260
105 442
105 443
105 444
105 445
105 446
105 447
105 448
105 449
105 450
105 481
105 482
105 483
105 484
105 485
105 486
105 487
105 488
105 489
105 490
105 523
105 524
105 525
105 526
105 527
105 528
106 187
106 188
106 189
106 190
106 191
106 192
106 193
106 194
106 195
106 226
106 227
106 228
106 229
106 230
106 231
106 232
106 233
106 234
106 416
106 417
106 418
106 419
106 453
106 454
106 455
106 456
106 457
106 458
106 459
106 460
106 461
106 462
106 492
106 493
106 494
106 495
106 496
106 497
106 498
106 499
106 500
106 501
106 535
106 536
106 537
106 538
107 161
107 162
107 163
107 164
107 165
107 198
107 199
107 200
107 201
107 202
107 203
107 204
107 205
107 206
107 238
107 239
107 240
107 241
107 242
107 243
107 244
107 425
107 426
107 427
107 428
107 429
107 430
107 431
107 432
107 463
107 464
107 465
107 466
107 467
107 468
107 469
107 470
107 471
107 472
107 473
107 503
107 504
107 505
107 506
107 507
107 508
107 509
107 510
107 511
107 512
108 170
108 171
108 172
108 173
108 174
108 175
108 176
108 208
108 209
108 210
108 211
108 212
108 213
108 214
108 215
108 216
108 249
108 250
108 251
108 252
108 253
108 254
108 435
108 436
108 437
108 438
108 439
108 440
108 441
108 442
108 443
108 474
108 475
108 476
108 477
108 478
108 479
108 480
108 481
108 482
108 483
108 515
108 516
108 517
108 518
108 519
108 520
108 521
108 522
109 181
109 182
109 183
109 184
109 185
109 186
109 187
109 188
109 219
109 220
109 221
109 222
109 223
109 224
109 225
109 226
109 227
109 446
109 447
109 448
109 449
109 450
109 451
109 452
109 453
109 454
109 485
109 486
109 487
109 488
109 489
109 490
109 491
109 492
109 493
109 494
109 527
109 528
109 529
109 530
109 531
109 532
110 191
110 192
110 193
110 194
110 195
110 196
110 197
110 198
110 199
110 230
110 231
110 232
110 233
110 234
110 235
110 236
110 237
110 419
110 420
110 421
110 422
110 423
110 424
110 456
110 457
110 458
110 459
110 460
110 461
110 462
110 463
110 464
110 465
110 496
110 497
110 498
110 499
110 500
110 501
110 502
110 503
110 504
110 505
111 164
111 165
111 166
111 167
111 168
111 169
111 201
111 202
111 203
111 204
111 205
111 206
111 207
111 208
111 209
111 210
111 242
111 243
111 244
111 245
111 246
111 247
111 248
111 429
111 430
111 431
111 432
111 433
111 434
111 435
111 436
111 467
111 468
111 469
111 470
111 471
111 472
111 473
111 474
111 475
111 476
111 507
111 508
111 509
111 510
111 511
111 512
111 513
111 514
111 515
112 174
112 175
112 176
112 177
112 178
112 179
112 180
112 212
112 213
112 214
112 215
112 216
112 217
112 218
112 219
112 220
112 254
112 255
112 256
112 257
112 439
112 440
112 441
112 442
112 443
112 444
112 445
112 446
112 447
112 478
112 479
112 480
112 481
112 482
112 483
112 484
112 485
112 486
112 487
112 519
112 520
112 521
112 522
112 523
112 524
112 525
113 184
113 185
113 186
113 187
113 188
113 189
113 190
113 191
113 192
113 223
113 224
113 225
113 226
113 227
113 228
113 229
113 230
113 231
113 413
113 414
113 415
113 416
113 449
113 450
113 451
113 452
113 453
113 454
113 455
113 456
113 457
113 458
113 489
113 490
113 491
113 492
113 493
113 494
113 495
113 496
113 497
113 498
113 531
113 532
113 533
113 534
113 535
114 158
114 159
114 160
114 161
114 195
114 196
114 197
114 198
114 199
114 200
114 201
114 202
114 203
114 234
114 235
114 236
114 237
114 238
114 239
114 240
114 241
114 422
114 423
114 424
114 425
114 426
114 427
114 428
114 460
114 461
114 462
114 463
114 464
114 465
114 466
114 467
114 468
114 469
114 500
114 501
114 502
114 503
114 504
114 505
114 506
114 507
114 508
115 168
115 169
115 170
115 171
115 172
115 173
115 205
115 206
115 207
115 208
115 209
115 210
115 211
115 212
115 213
115 246
115 247
115 248
115 249
115 250
115 251
115 432
115 433
115 434
115 435
115 436
115 437
115 438
115 439
115 440
115 471
115 472
115 473
115 474
115 475
115 476
115 477
115 478
115 479
115 480
115 511
115 512
115 513
115 514
115 515
115 516
115 517
115 518
115 519
116 177
116 178
116 179
116 180
116 181
116 182
116 183
116 184
116 216
116 217
116 218
116 219
116 220
116 221
116 222
116 223
116 224
116 258
116 259
116 260
116 443
116 444
116 445
116 446
116 447
116 448
116 449
116 450
116 451
116 482
116 483
116 484
116 485
116 486
116 487
116 488
116 489
116 490
116 491
116 523
116 524
116 525
116 526
116 527
116 528
116 529
117 188
117 189
117 190
117 191
117 192
117 193
117 194
117 195
117 227
117 228
117 229
117 230
117 231
117 232
117 233
117 234
117 416
117 417
117 418
117 419
117 420
117 453
117 454
117 455
117 456
117 457
117 458
117 459
117 460
117 461
117 462
117 493
117 494
117 495
117 496
117 497
117 498
117 499
117 500
117 501
117 502
117 536
117 537
117 538
118 161
118 162
118 163
118 164
118 165
118 198
118 199
118 200
118 201
118 202
118 203
118 204
118 205
118 206
118 238
118 239
118 240
118 241
118 242
118 243
118 244
118 245
118 426
118 427
118 428
118 429
118 430
118 431
118 432
118 464
118 465
118 466
118 467
118 468
118 469
118 470
118 471
118 472
118 473
118 504
118 505
118 506
118 507
118 508
118 509
118 510
118 511
118 512
119 171
119 172
119 173
119 174
119 175
119 176
119 177
119 209
119 210
119 211
119 212
119 213
119 214
119 215
119 216
119 217
119 250
119 251
119 252
119 253
119 254
119 436
119 437
119 438
119 439
119 440
119 441
119 442
119 443
119 444
119 475
119 476
119 477
119 478
119 479
119 480
119 481
119 482
119 483
119 484
119 515
119 516
119 517
119 518
119 519
119 520
119 521
119 522
120 181
120 182
120 183
120 184
120 185
120 186
120 187
120 188
120 220
120 221
120 222
120 223
120 224
120 225
120 226
120 227
120 228
120 411
120 446
120 447
120 448
120 449
120 450
120 451
120 452
120 453
120 454
120 455
120 485
120 486
120 487
120 488
120 489
120 490
120 491
120 492
120 493
120 494
120 495
120 527
120 528
120 529
120 530
120 531
120 532
121 191
121 192
121 193
121 194
121 195
121 196
121 197
121 198
121 199
121 231
121 232
121 233
121 234
121 235
121 236
121 237
121 238
121 419
121 420
121 421
121 422
121 423
121 424
121 457
121 458
121 459
121 460
121 461
121 462
121 463
121 464
121 465
121 466
121 497
121 498
121 499
121 500
121 501
121 502
121 503
121 504
121 505
122 165
122 166
122 167
122 168
122 169
122 202
122 203
122 204
122 205
122 206
122 207
122 208
122 209
122 210
122 242
122 243
122 244
122 245
122 246
122 247
122 248
122 429
122 430
122 431
122 432
122 433
122 434
122 435
122 436
122 467
122 468
122 469
122 470
122 471
122 472
122 473
122 474
122 475
122 476
122 477
122 508
122 509
122 510
122 511
122 512
122 513
122 514
122 515
122 516
123 174
123 175
123 176
123 177
123 178
123 179
123 180
123 181
123 213
123 214
123 215
123 216
123 217
123 218
123 219
123 220
123 221
123 254
123 255
123 256
123 257
123 439
123 440
123 441
123 442
123 443
123 444
123 445
123 446
123 447
123 448
123 478
123 479
123 480
123 481
123 482
123 483
123 484
123 485
123 486
123 487
123 488
123 520
123 521
123 522
123 523
123 524
123 525
123 526
124 185
124 186
124 187
124 188
124 189
124 190
124 191
124 192
124 224
124 225
124 226
124 227
124 228
124 229
124 230
124 231
124 413
124 414
124 415
124 416
124 450
124 451
124 452
124 453
124 454
124 455
124 456
124 457
124 458
124 459
124 489
124 490
124 491
124 492
124 493
124 494
124 495
124 496
124 497
124 498
124 532
124 533
124 534
124 535
124 536
125 159
125 160
125 161
125 195
125 196
125 197
125 198
125 199
125 200
125 201
125 202
125 203
125 235
125 236
125 237
125 238
125 239
125 240
125 241
125 242
125 423
125 424
125 425
125 426
125 427
125 428
125 429
125 460
125 461
125 462
125 463
125 464
125 465
125 466
125 467
125 468
125 469
125 470
125 501
125 502
125 503
125 504
125 505
125 506
125 507
125 508
125 509
126 168
126 169
126 170
126 171
126 172
126 173
126 174
126 206
126 207
126 208
126 209
126 210
126 211
126 212
126 213
126 214
126 246
126 247
126 248
126 249
126 250
126 251
126 433
126 434
126 435
126 436
126 437
126 438
126 439
126 440
126 471
126 472
126 473
126 474
126 475
126 476
126 477
126 478
126 479
126 480
126 481
126 512
126 513
126 514
126 515
126 516
126 517
126 518
126 519
127 178
127 179
127 180
127 181
127 182
127 183
127 184
127 185
127 217
127 218
127 219
127 220
127 221
127 222
127 223
127 224
127 259
127 260
127 443
127 444
127 445
127 446
127 447
127 448
127 449
127 450
127 451
127 482
127 483
127 484
127 485
127 486
127 487
127 488
127 489
127 490
127 491
127 524
127 525
127 526
127 527
127 528
127 529
127 530
128 188
128 189
128 190
128 191
128 192
128 193
128 194
128 195
128 196
128 228
128 229
128 230
128 231
128 232
128 233
128 234
128 235
128 416
128 417
128 418
128 419
128 420
128 421
128 454
128 455
128 456
128 457
128 458
128 459
128 460
128 461
128 462
128 463
128 493
128 494
128 495
128 496
128 497
128 498
128 499
128 500
128 501
128 502
128 537
128 538
128 539
129 162
129 163
129 164
129 165
129 166
129 199
129 200
129 201
129 202
129 203
129 204
129 205
129 206
129 207
129 239
129 240
129 241
129 242
129 243
129 244
129 245
129 426
129 427
129 428
129 429
129 430
129 431
129 432
129 433
129 464
129 465
129 466
129 467
129 468
129 469
129 470
129 471
129 472
129 473
129 474
129 504
129 505
129 506
129 507
129 508
129 509
129 510
129 511
129 512
129 513
130 171
130 172
130 173
130 174
130 175
130 176
130 177
130 178
130 209
130 210
130 211
130 212
130 213
130 214
130 215
130 216
130 217
130 218
130 251
130 252
130 253
130 254
130 255
130 436
130 437
130 438
130 439
130 440
130 441
130 442
130 443
130 444
130 475
130 476
130 477
130 478
130 479
130 480
130 481
130 482
130 483
130 484
130 516
130 517
130 518
130 519
130 520
130 521
130 522
130 523
131 181
131 182
131 183
131 184
131 185
131 186
131 187
131 188
131 189
131 220
131 221
131 222
131 223
131 224
131 225
131 226
131 227
131 228
131 411
131 412
131 447
131 448
131 449
131 450
131 451
131 452
131 453
131 454
131 455
131 486
131 487
131 488
131 489
131 490
131 491
131 492
131 493
131 494
131 495
131 528
131 529
131 530
131 531
131 532
131 533
132 157
132 192
132 193
132 194
132 195
132 196
132 197
132 198
132 199
132 200
132 231
132 232
132 233
132 234
132 235
132 236
132 237
132 238
132 420
132 421
132 422
132 423
132 424
132 425
132 457
132 458
132 459
132 460
132 461
132 462
132 463
132 464
132 465
132 466
132 497
132 498
132 499
132 500
132 501
132 502
132 503
132 504
132 505
132 506
133 165
133 166
133 167
133 168
133 169
133 170
133 202
133 203
133 204
133 205
133 206
133 207
133 208
133 209
133 210
133 211
133 243
133 244
133 245
133 246
133 247
133 248
133 249
133 430
133 431
133 432
133 433
133 434
133 435
133 436
133 437
133 468
133 469
133 470
133 471
133 472
133 473
133 474
133 475
133 476
133 477
133 508
133 509
133 510
133 511
133 512
133 513
133 514
133 515
133 516
134 175
134 176
134 177
134 178
134 179
134 180
134 181
134 213
134 214
134 215
134 216
134 217
134 218
134 219
134 220
134 221
134 255
134 256
134 257
134 258
134 440
134 441
134 442
134 443
134 444
134 445
134 446
134 447
134 448
134 479
134 480
134 481
134 482
134 483
134 484
134 485
134 486
134 487
134 488
134 520
134 521
134 522
134 523
134 524
134 525
134 526
134 527
135 185
135 186
135 187
135 188
135 189
135 190
135 191
135 192
135 193
135 224
135 225
135 226
135 227
135 228
135 229
135 230
135 231
135 232
135 414
135 415
135 416
135 417
135 450
135 451
135 452
135 453
135 454
135 455
135 456
135 457
135 458
135 459
135 490
135 491
135 492
135 493
135 494
135 495
135 496
135 497
135 498
135 499
135 532
135 533
135 534
135 535
135 536
136 159
136 160
136 161
136 162
136 196
136 197
136 198
136 199
136 200
136 201
136 202
136 203
136 204
136 235
136 236
136 237
136 238
136 239
136 240
136 241
136 242
136 423
136 424
136 425
136 426
136 427
136 428
136 429
136 461
136 462
136 463
136 464
136 465
136 466
136 467
136 468
136 469
136 470
136 501
136 502
136 503
136 504
136 505
136 506
136 507
136 508
136 509
136 510
137 168
137 169
137 170
137 171
137 172
137 173
137 174
137 206
137 207
137 208
137 209
137 210
137 211
137 212
137 213
137 214
137 247
137 248
137 249
137 250
137 251
137 252
137 433
137 434
137 435
137 436
137 437
137 438
137 439
137 440
137 441
137 472
137 473
137 474
137 475
137 476
137 477
137 478
137 479
137 480
137 481
137 512
137 513
137 514
137 515
137 516
137 517
137 518
137 519
137 520
138 178
138 179
138 180
138 181
138 182
138 183
138 184
138 185
138 217
138 218
138 219
138 220
138 221
138 222
138 223
138 224
138 225
138 260
138 261
138 443
138 444
138 445
138 446
138 447
138 448
138 449
138 450
138 451
138 452
138 483
138 484
138 485
138 486
138 487
138 488
138 489
138 490
138 491
138 492
138 524
138 525
138 526
138 527
138 528
138 529
138 530
139 189
139 190
139 191
139 192
139 193
139 194
139 195
139 196
139 228
139 229
139 230
139 231
139 232
139 233
139 234
139 235
139 417
139 418
139 419
139 420
139 421
139 454
139 455
139 456
139 457
139 458
139 459
139 460
139 461
139 462
139 463
139 494
139 495
139 496
139 497
139 498
139 499
139 500
139 501
139 502
139 503
139 537
139 538
139 539
140 162
140 163
140 164
140 165
140 166
140 199
140 200
140 201
140 202
140 203
140 204
140 205
140 206
140 207
140 239
140 240
140 241
140 242
140 243
140 244
140 245
140 246
140 426
140 427
140 428
140 429
140 430
140 431
140 432
140 433
140 465
140 466
140 467
140 468
140 469
140 470
140 471
140 472
140 473
140 474
140 505
140 506
140 507
140 508
140 509
140 510
140 511
140 512
140 513
141 172
141 173
141 174
141 175
141 176
141 177
141 178
141 210
141 211
141 212
141 213
141 214
141 215
141 216
141 217
141 218
141 251
141 252
141 253
141 254
141 255
141 437
141 438
141 439
141 440
141 441
141 442
141 443
141 444
141 445
141 476
141 477
141 478
141 479
141 480
141 481
141 482
141 483
141 484
141 485
141 517
141 518
141 519
141 520
141 521
141 522
141 523
141 524
142 182
142 183
142 184
142 185
142 186
142 187
142 188
142 189
142 221
142 222
142 223
142 224
142 225
142 226
142 227
142 228
142 229
142 411
142 412
142 413
142 447
142 448
142 449
142 450
142 451
142 452
142 453
142 454
142 455
142 456
142 487
142 488
142 489
142 490
142 491
142 492
142 493
142 494
142 495
142 496
142 529
142 530
142 531
142 532
142 533
143 157
143 158
143 192
143 193
143 194
143 195
143 196
143 197
143 198
143 199
143 200
143 232
143 233
143 234
143 235
143 236
143 237
143 238
143 239
143 420
143 421
143 422
143 423
143 424
143 425
143 426
143 458
143 459
143 460
143 461
143 462
143 463
143 464
143 465
143 466
143 467
143 498
143 499
143 500
143 501
143 502
143 503
143 504
143 505
143 506
144 165
144 166
144 167
144 168
144 169
144 170
144 203
144 204
144 205
144 206
144 207
144 208
144 209
144 210
144 211
144 244
144 245
144 246
144 247
144 248
144 249
144 430
144 431
144 432
144 433
144 434
144 435
144 436
144 437
144 468
144 469
144 470
144 471
144 472
144 473
144 474
144 475
144 476
144 477
144 478
144 509
144 510
144 511
144 512
144 513
144 514
144 515
144 516
144 517
145 175
145 176
145 177
145 178
145 179
145 180
145 181
145 182
145 214
145 215
145 216
145 217
145 218
145 219
145 220
145 221
145 222
145 256
145 257
145 258
145 440
145 441
145 442
145 443
145 444
145 445
145 446
145 447
145 448
145 449
145 479
145 480
145 481
145 482
145 483
145 484
145 485
145 486
145 487
145 488
145 489
145 521
145 522
145 523
145 524
145 525
145 526
145 527
146 186
146 187
146 188
146 189
146 190
146 191
146 192
146 193
146 225
146 226
146 227
146 228
146 229
146 230
146 231
146 232
146 414
146 415
146 416
146 417
146 418
146 451
146 452
146 453
146 454
146 455
146 456
146 457
146 458
146 459
146 460
146 490
146 491
146 492
146 493
146 494
146 495
146 496
146 497
146 498
146 499
146 500
146 533
146 534
146 535
146 536
146 537
147 160
147 161
147 162
147 163
147 196
147 197
147 198
147 199
147 200
147 201
147 202
147 203
147 204
147 236
147 237
147 238
147 239
147 240
147 241
147 242
147 243
147 423
147 424
147 425
147 426
147 427
147 428
147 429
147 430
147 461
147 462
147 463
147 464
147 465
147 466
147 467
147 468
147 469
147 470
147 471
147 502
147 503
147 504
147 505
147 506
147 507
147 508
147 509
147 510
148 169
148 170
148 171
148 172
148 173
148 174
148 175
148 207
148 208
148 209
148 210
148 211
148 212
148 213
148 214
148 215
148 248
148 249
148 250
148 251
148 252
148 433
148 434
148 435
148 436
148 437
148 438
148 439
148 440
148 441
148 472
148 473
148 474
148 475
148 476
148 477
148 478
148 479
148 480
148 481
148 482
148 513
148 514
148 515
148 516
148 517
148 518
148 519
148 520
148 521
149 179
149 180
149 181
149 182
149 183
149 184
149 185
149 186
149 218
149 219
149 220
149 221
149 222
149 223
149 224
149 225
149 261
149 444
149 445
149 446
149 447
149 448
149 449
149 450
149 451
149 452
149 453
149 483
149 484
149 485
149 486
149 487
149 488
149 489
149 490
149 491
149 492
149 493
149 525
149 526
149 527
149 528
149 529
149 530
149 531
150 189
150 190
150 191
150 192
150 193
150 194
150 195
150 196
150 197
150 229
150 230
150 231
150 232
150 233
150 234
150 235
150 236
150 417
150 418
150 419
150 420
150 421
150 422
150 454
150 455
150 456
150 457
150 458
150 459
150 460
150 461
150 462
150 463
150 464
150 494
150 495
150 496
150 497
150 498
150 499
150 500
150 501
150 502
150 503
150 538
150 539
150 540
151 163
151 164
151 165
151 166
151 167
151 200
151 201
151 202
151 203
151 204
151 205
151 206
151 207
151 208
151 240
151 241
151 242
151 243
151 244
151 245
151 246
151 427
151 428
151 429
151 430
151 431
151 432
151 433
151 434
151 465
151 466
151 467
151 468
151 469
151 470
151 471
151 472
151 473
151 474
151 475
151 506
151 507
151 508
151 509
151 510
151 511
151 512
151 513
151 514
152 172
152 173
152 174
152 175
152 176
152 177
152 178
152 179
152 211
152 212
152 213
152 214
152 215
152 216
152 217
152 218
152 219
152 252
152 253
152 254
152 255
152 256
152 437
152 438
152 439
152 440
152 441
152 442
152 443
152 444
152 445
152 476
152 477
152 478
152 479
152 480
152 481
152 482
152 483
152 484
152 485
152 486
152 517
152 518
152 519
152 520
152 521
152 522
152 523
152 524
153 182
153 183
153 184
153 185
153 186
153 187
153 188
153 189
153 190
153 221
153 222
153 223
153 224
153 225
153 226
153 227
153 228
153 229
153 411
153 412
153 413
153 414
153 448
153 449
153 450
153 451
153 452
153 453
153 454
153 455
153 456
153 457
153 487
153 488
153 489
153 490
153 491
153 492
153 493
153 494
153 495
153 496
153 529
153 530
153 531
153 532
153 533
153 534
154 157
154 158
154 193
154 194
154 195
154 196
154 197
154 198
154 199
154 200
154 201
154 233
154 234
154 235
154 236
154 237
154 238
154 239
154 420
154 421
154 422
154 423
154 424
154 425
154 426
154 458
154 459
154 460
154 461
154 462
154 463
154 464
154 465
154 466
154 467
154 468
154 498
154 499
154 500
154 501
154 502
154 503
154 504
154 505
154 506
154 507
155 166
155 167
155 168
155 169
155 170
155 171
155 204
155 205
155 206
155 207
155 208
155 209
155 210
155 211
155 212
155 244
155 245
155 246
155 247
155 248
155 249
155 430
155 431
155 432
155 433
155 434
155 435
155 436
155 437
155 438
155 469
155 470
155 471
155 472
155 473
155 474
155 475
155 476
155 477
155 478
155 479
155 510
155 511
155 512
155 513
155 514
155 515
155 516
155 517
156 176
156 177
156 178
156 179
156 180
156 181
156 182
156 214
156 215
156 216
156 217
156 218
156 219
156 220
156 221
156 222
156 256
156 257
156 258
156 259
156 441
156 442
156 443
156 444
156 445
156 446
156 447
156 448
156 449
156 480
156 481
156 482
156 483
156 484
156 485
156 486
156 487
156 488
156 489
156 521
156 522
156 523
156 524
156 525
156 526
156 527
156 528
157 186
157 187
157 188
157 189
157 190
157 191
157 192
157 193
157 194
157 225
157 226
157 227
157 228
157 229
157 230
157 231
157 232
157 233
157 414
157 415
157 416
157 417
157 418
157 451
157 452
157 453
157 454
157 455
157 456
157 457
157 458
157 459
157 460
157 491
157 492
157 493
157 494
157 495
157 496
157 497
157 498
157 499
157 500
157 534
157 535
157 536
157 537
158 160
158 161
158 162
158 163
158 197
158 198
158 199
158 200
158 201
158 202
158 203
158 204
158 205
158 237
158 238
158 239
158 240
158 241
158 242
158 243
158 424
158 425
158 426
158 427
158 428
158 429
158 430
158 462
158 463
158 464
158 465
158 466
158 467
158 468
158 469
158 470
158 471
158 502
158 503
158 504
158 505
158 506
158 507
158 508
158 509
158 510
158 511
159 169
159 170
159 171
159 172
159 173
159 174
159 175
159 207
159 208
159 209
159 210
159 211
159 212
159 213
159 214
159 215
159 248
159 249
159 250
159 251
159 252
159 253
159 434
159 435
159 436
159 437
159 438
159 439
159 440
159 441
159 442
159 473
159 474
159 475
159 476
159 477
159 478
159 479
159 480
159 481
159 482
159 514
159 515
159 516
159 517
159 518
159 519
159 520
159 521
160 179
160 180
160 181
160 182
160 183
160 184
160 185
160 186
160 218
160 219
160 220
160 221
160 222
160 223
160 224
160 225
160 226
160 444
160 445
160 446
160 447
160 448
160 449
160 450
160 451
160 452
160 453
160 484
160 485
160 486
160 487
160 488
160 489
160 490
160 491
160 492
160 493
160 526
160 527
160 528
160 529
160 530
160 531
161 190
161 191
161 192
161 193
161 194
161 195
161 196
161 197
161 229
161 230
161 231
161 232
161 233
161 234
161 235
161 236
161 417
161 418
161 419
161 420
161 421
161 422
161 423
161 455
161 456
161 457
161 458
161 459
161 460
161 461
161 462
161 463
161 464
161 495
161 496
161 497
161 498
161 499
161 500
161 501
161 502
161 503
161 504
161 539
161 540
162 163
162 164
162 165
162 166
162 167
162 200
162 201
162 202
162 203
162 204
162 205
162 206
162 207
162 208
162 241
162 242
162 243
162 244
162 245
162 246
162 247
162 427
162 428
162 429
162 430
162 431
162 432
162 433
162 434
162 466
162 467
162 468
162 469
162 470
162 471
162 472
162 473
162 474
162 475
162 506
162 507
162 508
162 509
162 510
162 511
162 512
162 513
162 514
163 173
163 174
163 175
163 176
163 177
163 178
163 179
163 211
163 212
163 213
163 214
163 215
163 216
163 217
163 218
163 219
163 253
163 254
163 255
163 256
163 438
163 439
163 440
163 441
163 442
163 443
163 444
163 445
163 446
163 477
163 478
163 479
163 480
163 481
163 482
163 483
163 484
163 485
163 486
163 518
163 519
163 520
163 521
163 522
163 523
163 524
163 525
164 183
164 184
164 185
164 186
164 187
164 188
164 189
164 190
164 222
164 223
164 224
164 225
164 226
164 227
164 228
164 229
164 230
164 412
164 413
164 414
164 448
164 449
164 450
164 451
164 452
164 453
164 454
164 455
164 456
164 457
164 488
164 489
164 490
164 491
164 492
164 493
164 494
164 495
164 496
164 497
164 530
164 531
164 532
164 533
164 534
164 535
165 158
165 159
165 193
165 194
165 195
165 196
165 197
165 198
165 199
165 200
165 201
165 233
165 234
165 235
165 236
165 237
165 238
165 239
165 240
165 421
165 422
165 423
165 424
165 425
165 426
165 427
165 459
165 460
165 461
165 462
165 463
165 464
165 465
165 466
165 467
165 468
165 499
165 500
165 501
165 502
165 503
165 504
165 505
165 506
165 507
165 508
166 166
166 167
166 168
166 169
166 170
166 171
166 204
166 205
166 206
166 207
166 208
166 209
166 210
166 211
166 212
166 245
166 246
166 247
166 248
166 249
166 250
166 431
166 432
166 433
166 434
166 435
166 436
166 437
166 438
166 469
166 470
166 471
166 472
166 473
166 474
166 475
166 476
166 477
166 478
166 479
166 510
166 511
166 512
166 513
166 514
166 515
166 516
166 517
166 518
167 176
167 177
167 178
167 179
167 180
167 181
167 182
167 183
167 215
167 216
167 217
167 218
167 219
167 220
167 221
167 222
167 223
167 257
167 258
167 259
167 441
167 442
167 443
167 444
167 445
167 446
167 447
167 448
167 449
167 450
167 480
167 481
167 482
167 483
167 484
167 485
167 486
167 487
167 488
167 489
167 490
167 522
167 523
167 524
167 525
167 526
167 527
167 528
168 187
168 188
168 189
168 190
168 191
168 192
168 193
168 194
168 226
168 227
168 228
168 229
168 230
168 231
168 232
168 233
168 415
168 416
168 417
168 418
168 419
168 452
168 453
168 454
168 455
168 456
168 457
168 458
168 459
168 460
168 461
168 491
168 492
168 493
168 494
168 495
168 496
168 497
168 498
168 499
168 500
168 501
168 534
168 535
168 536
168 537
168 538
169 160
169 161
169 162
169 163
169 164
169 197
169 198
169 199
169 200
169 201
169 202
169 203
169 204
169 205
169 237
169 238
169 239
169 240
169 241
169 242
169 243
169 424
169 425
169 426
169 427
169 428
169 429
169 430
169 431
169 462
169 463
169 464
169 465
169 466
169 467
169 468
169 469
169 470
169 471
169 472
169 503
169 504
169 505
169 506
169 507
169 508
169 509
169 510
169 511
170 170
170 171
170 172
170 173
170 174
170 175
170 176
170 208
170 209
170 210
170 211
170 212
170 213
170 214
170 215
170 216
170 249
170 250
170 251
170 252
170 253
170 434
170 435
170 436
170 437
170 438
170 439
170 440
170 441
170 442
170 473
170 474
170 475
170 476
170 477
170 478
170 479
170 480
170 481
170 482
170 483
170 514
170 515
170 516
170 517
170 518
170 519
170 520
170 521
170 522
171 180
171 181
171 182
171 183
171 184
171 185
171 186
171 187
171 219
171 220
171 221
171 222
171 223
171 224
171 225
171 226
171 409
171 410
171 445
171 446
171 447
171 448
171 449
171 450
171 451
171 452
171 453
171 454
171 484
171 485
171 486
171 487
171 488
171 489
171 490
171 491
171 492
171 493
171 494
171 526
171 527
171 528
171 529
171 530
171 531
171 532
172 190
172 191
172 192
172 193
172 194
172 195
172 196
172 197
172 198
172 230
172 231
172 232
172 233
172 234
172 235
172 236
172 237
172 418
172 419
172 420
172 421
172 422
172 423
172 455
172 456
172 457
172 458
172 459
172 460
172 461
172 462
172 463
172 464
172 465
172 495
172 496
172 497
172 498
172 499
172 500
172 501
172 502
172 503
172 504
172 539
172 540
172 541
173 163
173 164
173 165
173 166
173 167
173 168
173 201
173 202
173 203
173 204
173 205
173 206
173 207
173 208
173 209
173 241
173 242
173 243
173 244
173 245
173 246
173 247
173 428
173 429
173 430
173 431
173 432
173 433
173 434
173 435
173 466
173 467
173 468
173 469
173 470
173 471
173 472
173 473
173 474
173 475
173 476
173 507
173 508
173 509
173 510
173 511
173 512
173 513
173 514
173 515
174 173
174 174
174 175
174 176
174 177
174 178
174 179
174 180
174 212
174 213
174 214
174 215
174 216
174 217
174 218
174 219
174 220
174 253
174 254
174 255
174 256
174 438
174 439
174 440
174 441
174 442
174 443
174 444
174 445
174 446
174 477
174 478
174 479
174 480
174 481
174 482
174 483
174 484
174 485
174 486
174 487
174 518
174 519
174 520
174 521
174 522
174 523
174 524
174 525
175 183
175 184
175 185
175 186
175 187
175 188
175 189
175 190
175 191
175 223
175 224
175 225
175 226
175 227
175 228
175 229
175 230
175 412
175 413
175 414
175 415
175 449
175 450
175 451
175 452
175 453
175 454
175 455
175 456
175 457
175 458
175 488
175 489
175 490
175 491
175 492
175 493
175 494
175 495
175 496
175 497
175 530
175 531
175 532
175 533
175 534
175 535
176 158
176 159
176 160
176 194
176 195
176 196
176 197
176 198
176 199
176 200
176 201
176 202
176 234
176 235
176 236
176 237
176 238
176 239
176 240
176 421
176 422
176 423
176 424
176 425
176 426
176 427
176 459
176 460
176 461
176 462
176 463
176 464
176 465
176 466
176 467
176 468
176 469
176 499
176 500
176 501
176 502
176 503
176 504
176 505
176 506
176 507
176 508
177 167
177 168
177 169
177 170
177 171
177 172
177 205
177 206
177 207
177 208
177 209
177 210
177 211
177 212
177 213
177 245
177 246
177 247
177 248
177 249
177 250
177 431
177 432
177 433
177 434
177 435
177 436
177 437
177 438
177 439
177 470
177 471
177 472
177 473
177 474
177 475
177 476
177 477
177 478
177 479
177 480
177 511
177 512
177 513
177 514
177 515
177 516
177 517
177 518
177 519
178 177
178 178
178 179
178 180
178 181
178 182
178 183
178 215
178 216
178 217
178 218
178 219
178 220
178 221
178 222
178 223
178 258
178 259
178 442
178 443
178 444
178 445
178 446
178 447
178 448
178 449
178 450
178 481
178 482
178 483
178 484
178 485
178 486
178 487
178 488
178 489
178 490
178 522
178 523
178 524
178 525
178 526
178 527
178 528
178 529
179 187
179 188
179 189
179 190
179 191
179 192
179 193
179 194
179 195
179 227
179 228
179 229
179 230
179 231
179 232
179 233
179 234
179 415
179 416
179 417
179 418
179 419
179 452
179 453
179 454
179 455
179 456
179 457
179 458
179 459
179 460
179 461
179 492
179 493
179 494
179 495
179 496
179 497
179 498
179 499
179 500
179 501
179 535
179 536
179 537
179 538
180 161
180 162
180 163
180 164
180 198
180 199
180 200
180 201
180 202
180 203
180 204
180 205
180 206
180 238
180 239
180 240
180 241
180 242
180 243
180 244
180 425
180 426
180 427
180 428
180 429
180 430
180 431
180 463
180 464
180 465
180 466
180 467
180 468
180 469
180 470
180 471
180 472
180 503
180 504
180 505
180 506
180 507
180 508
180 509
180 510
180 511
180 512
181 170
181 171
181 172
181 173
181 174
181 175
181 176
181 208
181 209
181 210
181 211
181 212
181 213
181 214
181 215
181 216
181 250
181 251
181 252
181 253
181 254
181 435
181 436
181 437
181 438
181 439
181 440
181 441
181 442
181 443
181 474
181 475
181 476
181 477
181 478
181 479
181 480
181 481
181 482
181 483
181 515
181 516
181 517
181 518
181 519
181 520
181 521
181 522
182 180
182 181
182 182
182 183
182 184
182 185
182 186
182 187
182 219
182 220
182 221
182 222
182 223
182 224
182 225
182 226
182 227
182 410
182 411
182 445
182 446
182 447
182 448
182 449
182 450
182 451
182 452
182 453
182 454
182 485
182 486
182 487
182 488
182 489
182 490
182 491
182 492
182 493
182 494
182 527
182 528
182 529
182 530
182 531
182 532
183 191
183 192
183 193
183 194
183 195
183 196
183 197
183 198
183 230
183 231
183 232
183 233
183 234
183 235
183 236
183 237
183 418
183 419
183 420
183 421
183 422
183 423
183 424
183 456
183 457
183 458
183 459
183 460
183 461
183 462
183 463
183 464
183 465
183 496
183 497
183 498
183 499
183 500
183 501
183 502
183 503
183 504
183 505
183 540
183 541
184 164
184 165
184 166
184 167
184 168
184 201
184 202
184 203
184 204
184 205
184 206
184 207
184 208
184 209
184 242
184 243
184 244
184 245
184 246
184 247
184 428
184 429
184 430
184 431
184 432
184 433
184 434
184 435
184 436
184 467
184 468
184 469
184 470
184 471
184 472
184 473
184 474
184 475
184 476
184 507
184 508
184 509
184 510
184 511
184 512
184 513
184 514
184 515
185 174
185 175
185 176
185 177
185 178
185 179
185 180
185 212
185 213
185 214
185 215
185 216
185 217
185 218
185 219
185 220
185 254
185 255
185 256
185 257
185 438
185 439
185 440
185 441
185 442
185 443
185 444
185 445
185 446
185 447
185 478
185 479
185 480
185 481
185 482
185 483
185 484
185 485
185 486
185 487
185 519
185 520
185 521
185 522
185 523
185 524
185 525
185 526
186 184
186 185
186 186
186 187
186 188
186 189
186 190
186 191
186 223
186 224
186 225
186 226
186 227
186 228
186 229
186 230
186 231
186 412
186 413
186 414
186 415
186 416
186 449
186 450
186 451
186 452
186 453
186 454
186 455
186 456
186 457
186 458
186 489
186 490
186 491
186 492
186 493
186 494
186 495
186 496
186 497
186 498
186 531
186 532
186 533
186 534
186 535
186 536
187 158
187 159
187 160
187 194
187 195
187 196
187 197
187 198
187 199
187 200
187 201
187 202
187 234
187 235
187 236
187 237
187 238
187 239
187 240
187 241
187 422
187 423
187 424
187 425
187 426
187 427
187 428
187 460
187 461
187 462
187 463
187 464
187 465
187 466
187 467
187 468
187 469
187 500
187 501
187 502
187 503
187 504
187 505
187 506
187 507
187 508
187 509
188 167
188 168
188 169
188 170
188 171
188 172
188 205
188 206
188 207
188 208
188 209
188 210
188 211
188 212
188 213
188 246
188 247
188 248
188 249
188 250
188 251
188 432
188 433
188 434
188 435
188 436
188 437
188 438
188 439
188 440
188 471
188 472
188 473
188 474
188 475
188 476
188 477
188 478
188 479
188 480
188 511
188 512
188 513
188 514
188 515
188 516
188 517
188 518
188 519
189 177
189 178
189 179
189 180
189 181
189 182
189 183
189 184
189 216
189 217
189 218
189 219
189 220
189 221
189 222
189 223
189 224
189 259
189 260
189 442
189 443
189 444
189 445
189 446
189 447
189 448
189 449
189 450
189 451
189 481
189 482
189 483
189 484
189 485
189 486
189 487
189 488
189 489
189 490
189 491
189 523
189 524
189 525
189 526
189 527
189 528
189 529
190 188
190 189
190 190
190 191
190 192
190 193
190 194
190 195
190 227
190 228
190 229
190 230
190 231
190 232
190 233
190 234
190 415
190 416
190 417
190 418
190 419
190 420
190 453
190 454
190 455
190 456
190 457
190 458
190 459
190 460
190 461
190 462
190 493
190 494
190 495
190 496
190 497
190 498
190 499
190 500
190 501
190 502
190 536
190 537
190 538
190 539
191 161
191 162
191 163
191 164
191 165
191 198
191 199
191 200
191 201
191 202
191 203
191 204
191 205
191 206
191 238
191 239
191 240
191 241
191 242
191 243
191 244
191 425
191 426
191 427
191 428
191 429
191 430
191 431
191 432
191 463
191 464
191 465
191 466
191 467
191 468
191 469
191 470
191 471
191 472
191 473
191 504
191 505
191 506
191 507
191 508
191 509
191 510
191 511
191 512
192 171
192 172
192 173
192 174
192 175
192 176
192 177
192 209
192 210
192 211
192 212
192 213
192 214
192 215
192 216
192 217
192 250
192 251
192 252
192 253
192 254
192 435
192 436
192 437
192 438
192 439
192 440
192 441
192 442
192 443
192 474
192 475
192 476
192 477
192 478
192 479
192 480
192 481
192 482
192 483
192 484
192 515
192 516
192 517
192 518
192 519
192 520
192 521
192 522
192 523
193 181
193 182
193 183
193 184
193 185
193 186
193 187
193 188
193 220
193 221
193 222
193 223
193 224
193 225
193 226
193 227
193 410
193 411
193 412
193 446
193 447
193 448
193 449
193 450
193 451
193 452
193 453
193 454
193 455
193 485
193 486
193 487
193 488
193 489
193 490
193 491
193 492
193 493
193 494
193 495
193 527
193 528
193 529
193 530
193 531
193 532
193 533
194 191
194 192
194 193
194 194
194 195
194 196
194 197
194 198
194 199
194 231
194 232
194 233
194 234
194 235
194 236
194 237
194 238
194 419
194 420
194 421
194 422
194 423
194 424
194 456
194 457
194 458
194 459
194 460
194 461
194 462
194 463
194 464
194 465
194 466
194 496
194 497
194 498
194 499
194 500
194 501
194 502
194 503
194 504
194 505
194 541
195 164
195 165
195 166
195 167
195 168
195 169
195 202
195 203
195 204
195 205
195 206
195 207
195 208
195 209
195 210
195 243
195 244
195 245
195 246
195 247
195 248
195 429
195 430
195 431
195 432
195 433
195 434
195 435
195 436
195 467
195 468
195 469
195 470
195 471
195 472
195 473
195 474
195 475
195 476
195 477
195 508
195 509
195 510
195 511
195 512
195 513
195 514
195 515
195 516
196 174
196 175
196 176
196 177
196 178
196 179
196 180
196 213
196 214
196 215
196 216
196 217
196 218
196 219
196 220
196 221
196 255
196 256
196 257
196 439
196 440
196 441
196 442
196 443
196 444
196 445
196 446
196 447
196 478
196 479
196 480
196 481
196 482
196 483
196 484
196 485
196 486
196 487
196 488
196 520
196 521
196 522
196 523
196 524
196 525
196 526
197 184
197 185
197 186
197 187
197 188
197 189
197 190
197 191
197 192
197 224
197 225
197 226
197 227
197 228
197 229
197 230
197 231
197 413
197 414
197 415
197 416
197 449
197 450
197 451
197 452
197 453
197 454
197 455
197 456
197 457
197 458
197 459
197 489
197 490
197 491
197 492
197 493
197 494
197 495
197 496
197 497
197 498
197 532
197 533
197 534
197 535
197 536
198 159
198 160
198 161
198 195
198 196
198 197
198 198
198 199
198 200
198 201
198 202
198 203
198 235
198 236
198 237
198 238
198 239
198 240
198 241
198 422
198 423
198 424
198 425
198 426
198 427
198 428
198 460
198 461
198 462
198 463
198 464
198 465
198 466
198 467
198 468
198 469
198 470
198 500
198 501
198 502
198 503
198 504
198 505
198 506
198 507
198 508
198 509
199 168
199 169
199 170
199 171
199 172
199 173
199 206
199 207
199 208
199 209
199 210
199 211
199 212
199 213
199 214
199 247
199 248
199 249
199 250
199 251
199 432
199 433
199 434
199 435
199 436
199 437
199 438
199 439
199 440
199 471
199 472
199 473
199 474
199 475
199 476
199 477
199 478
199 479
199 480
199 481
199 512
199 513
199 514
199 515
199 516
199 517
199 518
199 519
199 520
200 178
200 179
200 180
200 181
200 182
200 183
200 184
200 217
200 218
200 219
200 220
200 221
200 222
200 223
200 224
200 443
200 444
200 445
200 446
200 447
200 448
200 449
200 450
200 451
200 482
200 483
200 484
200 485
200 486
200 487
200 488
200 489
200 490
200 491
200 492
200 524
200 525
200 526
200 527
200 528
200 529
200 530
201 188
201 189
201 190
201 191
201 192
201 193
201 194
201 195
201 196
201 228
201 229
201 230
201 231
201 232
201 233
201 234
201 235
201 416
201 417
201 418
201 419
201 420
201 421
201 453
201 454
201 455
201 456
201 457
201 458
201 459
201 460
201 461
201 462
201 463
201 493
201 494
201 495
201 496
201 497
201 498
201 499
201 500
201 501
201 502
201 536
201 537
201 538
201 539
202 162
202 163
202 164
202 165
202 199
202 200
202 201
202 202
202 203
202 204
202 205
202 206
202 207
202 239
202 240
202 241
202 242
202 243
202 244
202 245
202 426
202 427
202 428
202 429
202 430
202 431
202 432
202 433
202 464
202 465
202 466
202 467
202 468
202 469
202 470
202 471
202 472
202 473
202 474
202 504
202 505
202 506
202 507
202 508
202 509
202 510
202 511
202 512
202 513
203 171
203 172
203 173
203 174
203 175
203 176
203 177
203 209
203 210
203 211
203 212
203 213
203 214
203 215
203 216
203 217
203 251
203 252
203 253
203 254
203 255
203 436
203 437
203 438
203 439
203 440
203 441
203 442
203 443
203 444
203 475
203 476
203 477
203 478
203 479
203 480
203 481
203 482
203 483
203 484
203 516
203 517
203 518
203 519
203 520
203 521
203 522
203 523
204 181
204 182
204 183
204 184
204 185
204 186
204 187
204 188
204 220
204 221
204 222
204 223
204 224
204 225
204 226
204 227
204 228
204 410
204 411
204 412
204 446
204 447
204 448
204 449
204 450
204 451
204 452
204 453
204 454
204 455
204 486
204 487
204 488
204 489
204 490
204 491
204 492
204 493
204 494
204 495
204 528
204 529
204 530
204 531
204 532
204 533
205 192
205 193
205 194
205 195
205 196
205 197
205 198
205 199
205 232
205 233
205 234
205 235
205 236
205 237
205 238
205 419
205 420
205 421
205 422
205 423
205 424
205 425
205 457
205 458
205 459
205 460
205 461
205 462
205 463
205 464
205 465
205 466
205 497
205 498
205 499
205 500
205 501
205 502
205 503
205 504
205 505
205 506
206 165
206 166
206 167
206 168
206 169
206 202
206 203
206 204
206 205
206 206
206 207
206 208
206 209
206 210
206 243
206 244
206 245
206 246
206 247
206 248
206 429
206 430
206 431
206 432
206 433
206 434
206 435
206 436
206 437
206 468
206 469
206 470
206 471
206 472
206 473
206 474
206 475
206 476
206 477
206 508
206 509
206 510
206 511
206 512
206 513
206 514
206 515
206 516
206 517
207 175
207 176
207 177
207 178
207 179
207 180
207 181
207 213
207 214
207 215
207 216
207 217
207 218
207 219
207 220
207 221
207 256
207 257
207 258
207 439
207 440
207 441
207 442
207 443
207 444
207 445
207 446
207 447
207 448
207 479
207 480
207 481
207 482
207 483
207 484
207 485
207 486
207 487
207 488
207 520
207 521
207 522
207 523
207 524
207 525
207 526
207 527
208 185
208 186
208 187
208 188
208 189
208 190
208 191
208 192
208 224
208 225
208 226
208 227
208 228
208 229
208 230
208 231
208 232
208 413
208 414
208 415
208 416
208 417
208 450
208 451
208 452
208 453
208 454
208 455
208 456
208 457
208 458
208 459
208 490
208 491
208 492
208 493
208 494
208 495
208 496
208 497
208 498
208 499
208 532
208 533
208 534
208 535
208 536
208 537
209 159
209 160
209 161
209 195
209 196
209 197
209 198
209 199
209 200
209 201
209 202
209 203
209 236
209 237
209 238
209 239
209 240
209 241
209 242
209 423
209 424
209 425
209 426
209 427
209 428
209 429
209 461
209 462
209 463
209 464
209 465
209 466
209 467
209 468
209 469
209 470
209 501
209 502
209 503
209 504
209 505
209 506
209 507
209 508
209 509
209 510
210 168
210 169
210 170
210 171
210 172
210 173
210 206
210 207
210 208
210 209
210 210
210 211
210 212
210 213
210 214
210 247
210 248
210 249
210 250
210 251
210 252
210 433
210 434
210 435
210 436
210 437
210 438
210 439
210 440
210 441
210 472
210 473
210 474
210 475
210 476
210 477
210 478
210 479
210 480
210 481
210 512
210 513
210 514
210 515
210 516
210 517
210 518
210 519
210 520
211 178
211 179
211 180
211 181
211 182
211 183
211 184
211 185
211 217
211 218
211 219
211 220
211 221
211 222
211 223
211 224
211 225
211 443
211 444
211 445
211 446
211 447
211 448
211 449
211 450
211 451
211 452
211 483
211 484
211 485
211 486
211 487
211 488
211 489
211 490
211 491
211 492
211 524
211 525
211 526
211 527
211 528
211 529
211 530
212 189
212 190
212 191
212 192
212 193
212 194
212 195
212 196
212 228
212 229
212 230
212 231
212 232
212 233
212 234
212 235
212 416
212 417
212 418
212 419
212 420
212 421
212 454
212 455
212 456
212 457
212 458
212 459
212 460
212 461
212 462
212 463
212 494
212 495
212 496
212 497
212 498
212 499
212 500
212 501
212 502
212 503
212 537
212 538
212 539
212 540
213 162
213 163
213 164
213 165
213 166
213 199
213 200
213 201
213 202
213 203
213 204
213 205
213 206
213 207
213 240
213 241
213 242
213 243
213 244
213 245
213 426
213 427
213 428
213 429
213 430
213 431
213 432
213 433
213 464
213 465
213 466
213 467
213 468
213 469
213 470
213 471
213 472
213 473
213 474
213 505
213 506
213 507
213 508
213 509
213 510
213 511
213 512
213 513
214 172
214 173
214 174
214 175
214 176
214 177
214 210
214 211
214 212
214 213
214 214
214 215
214 216
214 217
214 218
214 252
214 253
214 254
214 255
214 436
214 437
214 438
214 439
214 440
214 441
214 442
214 443
214 444
214 445
214 475
214 476
214 477
214 478
214 479
214 480
214 481
214 482
214 483
214 484
214 485
214 517
214 518
214 519
214 520
214 521
214 522
214 523
214 524
215 182
215 183
215 184
215 185
215 186
215 187
215 188
215 189
215 221
215 222
215 223
215 224
215 225
215 226
215 227
215 228
215 410
215 411
215 412
215 413
215 447
215 448
215 449
215 450
215 451
215 452
215 453
215 454
215 455
215 456
215 486
215 487
215 488
215 489
215 490
215 491
215 492
215 493
215 494
215 495
215 496
215 529
215 530
215 531
215 532
215 533
215 534
216 192
216 193
216 194
216 195
216 196
216 197
216 198
216 199
216 200
216 232
216 233
216 234
216 235
216 236
216 237
216 238
216 239
216 420
216 421
216 422
216 423
216 424
216 425
216 457
216 458
216 459
216 460
216 461
216 462
216 463
216 464
216 465
216 466
216 467
216 498
216 499
216 500
216 501
216 502
216 503
216 504
216 505
216 506
216 507
217 165
217 166
217 167
217 168
217 169
217 170
217 203
217 204
217 205
217 206
217 207
217 208
217 209
217 210
217 211
217 244
217 245
217 246
217 247
217 248
217 249
217 430
217 431
217 432
217 433
217 434
217 435
217 436
217 437
217 468
217 469
217 470
217 471
217 472
217 473
217 474
217 475
217 476
217 477
217 478
217 509
217 510
217 511
217 512
217 513
217 514
217 515
217 516
217 517
218 175
218 176
218 177
218 178
218 179
218 180
218 181
218 214
218 215
218 216
218 217
218 218
218 219
218 220
218 221
218 256
218 257
218 258
218 440
218 441
218 442
218 443
218 444
218 445
218 446
218 447
218 448
218 449
218 479
218 480
218 481
218 482
218 483
218 484
218 485
218 486
218 487
218 488
218 489
218 521
218 522
218 523
218 524
218 525
218 526
218 527
219 185
219 186
219 187
219 188
219 189
219 190
219 191
219 192
219 193
219 225
219 226
219 227
219 228
219 229
219 230
219 231
219 232
219 413
219 414
219 415
219 416
219 417
219 418
219 450
219 451
219 452
219 453
219 454
219 455
219 456
219 457
219 458
219 459
219 460
219 490
219 491
219 492
219 493
219 494
219 495
219 496
219 497
219 498
219 499
219 500
219 533
219 534
219 535
219 536
219 537
220 159
220 160
220 161
220 162
220 196
220 197
220 198
220 199
220 200
220 201
220 202
220 203
220 204
220 236
220 237
220 238
220 239
220 240
220 241
220 242
220 423
220 424
220 425
220 426
220 427
220 428
220 429
220 430
220 461
220 462
220 463
220 464
220 465
220 466
220 467
220 468
220 469
220 470
220 471
220 502
220 503
220 504
220 505
220 506
220 507
220 508
220 509
220 510
221 169
221 170
221 171
221 172
221 173
221 174
221 207
221 208
221 209
221 210
221 211
221 212
221 213
221 214
221 215
221 248
221 249
221 250
221 251
221 252
221 433
221 434
221 435
221 436
221 437
221 438
221 439
221 440
221 441
221 472
221 473
221 474
221 475
221 476
221 477
221 478
221 479
221 480
221 481
221 482
221 513
221 514
221 515
221 516
221 517
221 518
221 519
221 520
221 521
222 179
222 180
222 181
222 182
222 183
222 184
222 185
222 218
222 219
222 220
222 221
222 222
222 223
222 224
222 225
222 408
222 444
222 445
222 446
222 447
222 448
222 449
222 450
222 451
222 452
222 483
222 484
222 485
222 486
222 487
222 488
222 489
222 490
222 491
222 492
222 493
222 525
222 526
222 527
222 528
222 529
222 530
222 531
223 189
223 190
223 191
223 192
223 193
223 194
223 195
223 196
223 197
223 229
223 230
223 231
223 232
223 233
223 234
223 235
223 236
223 417
223 418
223 419
223 420
223 421
223 422
223 454
223 455
223 456
223 457
223 458
223 459
223 460
223 461
223 462
223 463
223 464
223 494
223 495
223 496
223 497
223 498
223 499
223 500
223 501
223 502
223 503
223 538
223 539
223 540
224 162
224 163
224 164
224 165
224 166
224 200
224 201
224 202
224 203
224 204
224 205
224 206
224 207
224 240
224 241
224 242
224 243
224 244
224 245
224 246
224 426
224 427
224 428
224 429
224 430
224 431
224 432
224 433
224 434
224 465
224 466
224 467
224 468
224 469
224 470
224 471
224 472
224 473
224 474
224 475
224 506
224 507
224 508
224 509
224 510
224 511
224 512
224 513
224 514
225 172
225 173
225 174
225 175
225 176
225 177
225 178
225 211
225 212
225 213
225 214
225 215
225 216
225 217
225 218
225 253
225 254
225 255
225 437
225 438
225 439
225 440
225 441
225 442
225 443
225 444
225 445
225 476
225 477
225 478
225 479
225 480
225 481
225 482
225 483
225 484
225 485
225 486
225 517
225 518
225 519
225 520
225 521
225 522
225 523
225 524
226 182
226 183
226 184
226 185
226 186
226 187
226 188
226 189
226 222
226 223
226 224
226 225
226 226
226 227
226 228
226 229
226 411
226 412
226 413
226 414
226 447
226 448
226 449
226 450
226 451
226 452
226 453
226 454
226 455
226 456
226 487
226 488
226 489
226 490
226 491
226 492
226 493
226 494
226 495
226 496
226 529
226 530
226 531
226 532
226 533
226 534
227 193
227 194
227 195
227 196
227 197
227 198
227 199
227 200
227 233
227 234
227 235
227 236
227 237
227 238
227 239
227 420
227 421
227 422
227 423
227 424
227 425
227 426
227 458
227 459
227 460
227 461
227 462
227 463
227 464
227 465
227 466
227 467
227 498
227 499
227 500
227 501
227 502
227 503
227 504
227 505
227 506
227 507
228 166
228 167
228 168
228 169
228 170
228 204
228 205
228 206
228 207
228 208
228 209
228 210
228 211
228 245
228 246
228 247
228 248
228 249
228 430
228 431
228 432
228 433
228 434
228 435
228 436
228 437
228 438
228 469
228 470
228 471
228 472
228 473
228 474
228 475
228 476
228 477
228 478
228 510
228 511
228 512
228 513
228 514
228 515
228 516
228 517
228 518
229 176
229 177
229 178
229 179
229 180
229 181
229 182
229 214
229 215
229 216
229 217
229 218
229 219
229 220
229 221
229 222
229 257
229 258
229 440
229 441
229 442
229 443
229 444
229 445
229 446
229 447
229 448
229 449
229 480
229 481
229 482
229 483
229 484
229 485
229 486
229 487
229 488
229 489
229 521
229 522
229 523
229 524
229 525
229 526
229 527
229 528
230 186
230 187
230 188
230 189
230 190
230 191
230 192
230 193
230 226
230 227
230 228
230 229
230 230
230 231
230 232
230 233
230 414
230 415
230 416
230 417
230 418
230 451
230 452
230 453
230 454
230 455
230 456
230 457
230 458
230 459
230 460
230 491
230 492
230 493
230 494
230 495
230 496
230 497
230 498
230 499
230 500
230 534
230 535
230 536
230 537
230 538
231 160
231 161
231 162
231 197
231 198
231 199
231 200
231 201
231 202
231 203
231 204
231 237
231 238
231 239
231 240
231 241
231 242
231 243
231 423
231 424
231 425
231 426
231 427
231 428
231 429
231 430
231 462
231 463
231 464
231 465
231 466
231 467
231 468
231 469
231 470
231 471
231 502
231 503
231 504
231 505
231 506
231 507
231 508
231 509
231 510
231 511
232 169
232 170
232 171
232 172
232 173
232 174
232 207
232 208
232 209
232 210
232 211
232 212
232 213
232 214
232 215
232 249
232 250
232 251
232 252
232 253
232 434
232 435
232 436
232 437
232 438
232 439
232 440
232 441
232 442
232 473
232 474
232 475
232 476
232 477
232 478
232 479
232 480
232 481
232 482
232 514
232 515
232 516
232 517
232 518
232 519
232 520
232 521
233 179
233 180
233 181
233 182
233 183
233 184
233 185
233 186
233 218
233 219
233 220
233 221
233 222
233 223
233 224
233 225
233 226
233 408
233 409
233 444
233 445
233 446
233 447
233 448
233 449
233 450
233 451
233 452
233 453
233 484
233 485
233 486
233 487
233 488
233 489
233 490
233 491
233 492
233 493
233 526
233 527
233 528
233 529
233 530
233 531
234 190
234 191
234 192
234 193
234 194
234 195
234 196
234 197
234 230
234 231
234 232
234 233
234 234
234 235
234 236
234 417
234 418
234 419
234 420
234 421
234 422
234 455
234 456
234 457
234 458
234 459
234 460
234 461
234 462
234 463
234 464
234 495
234 496
234 497
234 498
234 499
234 500
234 501
234 502
234 503
234 504
234 538
234 539
234 540
234 541
235 163
235 164
235 165
235 166
235 167
235 200
235 201
235 202
235 203
235 204
235 205
235 206
235 207
235 208
235 241
235 242
235 243
235 244
235 245
235 246
235 427
235 428
235 429
235 430
235 431
235 432
235 433
235 434
235 466
235 467
235 468
235 469
235 470
235 471
235 472
235 473
235 474
235 475
235 506
235 507
235 508
235 509
235 510
235 511
235 512
235 513
235 514
236 173
236 174
236 175
236 176
236 177
236 178
236 211
236 212
236 213
236 214
236 215
236 216
236 217
236 218
236 219
236 253
236 254
236 255
236 256
236 437
236 438
236 439
236 440
236 441
236 442
236 443
236 444
236 445
236 446
236 476
236 477
236 478
236 479
236 480
236 481
236 482
236 483
236 484
236 485
236 486
236 518
236 519
236 520
236 521
236 522
236 523
236 524
236 525
237 183
237 184
237 185
237 186
237 187
237 188
237 189
237 190
237 222
237 223
237 224
237 225
237 226
237 227
237 228
237 229
237 411
237 412
237 413
237 414
237 448
237 449
237 450
237 451
237 452
237 453
237 454
237 455
237 456
237 457
237 488
237 489
237 490
237 491
237 492
237 493
237 494
237 495
237 496
237 497
237 530
237 531
237 532
237 533
237 534
237 535
238 193
238 194
238 195
238 196
238 197
238 198
238 199
238 200
238 201
238 234
238 235
238 236
238 237
238 238
238 239
238 240
238 420
238 421
238 422
238 423
238 424
238 425
238 426
238 427
238 458
238 459
238 460
238 461
238 462
238 463
238 464
238 465
238 466
238 467
238 468
238 499
238 500
238 501
238 502
238 503
238 504
238 505
238 506
238 507
238 508
239 166
239 167
239 168
239 169
239 170
239 171
239 204
239 205
239 206
239 207
239 208
239 209
239 210
239 211
239 212
239 245
239 246
239 247
239 248
239 249
239 250
239 430
239 431
239 432
239 433
239 434
239 435
239 436
239 437
239 438
239 469
239 470
239 471
239 472
239 473
239 474
239 475
239 476
239 477
239 478
239 479
239 510
239 511
239 512
239 513
239 514
239 515
239 516
239 517
239 518
240 176
240 177
240 178
240 179
240 180
240 181
240 182
240 215
240 216
240 217
240 218
240 219
240 220
240 221
240 222
240 441
240 442
240 443
240 444
240 445
240 446
240 447
240 448
240 449
240 450
240 480
240 481
240 482
240 483
240 484
240 485
240 486
240 487
240 488
240 489
240 490
240 522
240 523
240 524
240 525
240 526
240 527
240 528
241 186
241 187
241 188
241 189
241 190
241 191
241 192
241 193
241 194
241 226
241 227
241 228
241 229
241 230
241 231
241 232
241 233
241 414
241 415
241 416
241 417
241 418
241 419
241 451
241 452
241 453
241 454
241 455
241 456
241 457
241 458
241 459
241 460
241 461
241 491
241 492
241 493
241 494
241 495
241 496
241 497
241 498
241 499
241 500
241 501
241 534
241 535
241 536
241 537
241 538
242 160
242 161
242 162
242 163
242 197
242 198
242 199
242 200
242 201
242 202
242 203
242 204
242 205
242 238
242 239
242 240
242 241
242 242
242 243
242 424
242 425
242 426
242 427
242 428
242 429
242 430
242 431
242 462
242 463
242 464
242 465
242 466
242 467
242 468
242 469
242 470
242 471
242 472
242 503
242 504
242 505
242 506
242 507
242 508
242 509
242 510
242 511
243 170
243 171
243 172
243 173
243 174
243 175
243 208
243 209
243 210
243 211
243 212
243 213
243 214
243 215
243 250
243 251
243 252
243 253
243 434
243 435
243 436
243 437
243 438
243 439
243 440
243 441
243 442
243 473
243 474
243 475
243 476
243 477
243 478
243 479
243 480
243 481
243 482
243 483
243 514
243 515
243 516
243 517
243 518
243 519
243 520
243 521
243 522
244 180
244 181
244 182
244 183
244 184
244 185
244 186
244 219
244 220
244 221
244 222
244 223
244 224
244 225
244 226
244 409
244 410
244 445
244 446
244 447
244 448
244 449
244 450
244 451
244 452
244 453
244 454
244 484
244 485
244 486
244 487
244 488
244 489
244 490
244 491
244 492
244 493
244 494
244 526
244 527
244 528
244 529
244 530
244 531
244 532
245 190
245 191
245 192
245 193
245 194
245 195
245 196
245 197
245 230
245 231
245 232
245 233
245 234
245 235
245 236
245 237
245 417
245 418
245 419
245 420
245 421
245 422
245 423
245 455
245 456
245 457
245 458
245 459
245 460
245 461
245 462
245 463
245 464
245 465
245 495
245 496
245 497
245 498
245 499
245 500
245 501
245 502
245 503
245 504
245 539
245 540
245 541
246 163
246 164
246 165
246 166
246 167
246 201
246 202
246 203
246 204
246 205
246 206
246 207
246 208
246 242
246 243
246 244
246 245
246 246
246 247
246 427
246 428
246 429
246 430
246 431
246 432
246 433
246 434
246 435
246 466
246 467
246 468
246 469
246 470
246 471
246 472
246 473
246 474
246 475
246 476
246 507
246 508
246 509
246 510
246 511
246 512
246 513
246 514
246 515
247 173
247 174
247 175
247 176
247 177
247 178
247 179
247 212
247 213
247 214
247 215
247 216
247 217
247 218
247 219
247 254
247 255
247 256
247 438
247 439
247 440
247 441
247 442
247 443
247 444
247 445
247 446
247 477
247 478
247 479
247 480
247 481
247 482
247 483
247 484
247 485
247 486
247 487
247 518
247 519
247 520
247 521
247 522
247 523
247 524
247 525
248 183
248 184
248 185
248 186
248 187
248 188
248 189
248 190
248 223
248 224
248 225
248 226
248 227
248 228
248 229
248 230
248 411
248 412
248 413
248 414
248 415
248 448
248 449
248 450
248 451
248 452
248 453
248 454
248 455
248 456
248 457
248 488
248 489
248 490
248 491
248 492
248 493
248 494
248 495
248 496
248 497
248 531
248 532
248 533
248 534
248 535
249 158
249 194
249 195
249 196
249 197
249 198
249 199
249 200
249 201
249 234
249 235
249 236
249 237
249 238
249 239
249 240
249 421
249 422
249 423
249 424
249 425
249 426
249 427
249 459
249 460
249 461
249 462
249 463
249 464
249 465
249 466
249 467
249 468
249 469
249 499
249 500
249 501
249 502
249 503
249 504
249 505
249 506
249 507
249 508
250 167
250 168
250 169
250 170
250 171
250 205
250 206
250 207
250 208
250 209
250 210
250 211
250 212
250 246
250 247
250 248
250 249
250 250
250 431
250 432
250 433
250 434
250 435
250 436
250 437
250 438
250 439
250 470
250 471
250 472
250 473
250 474
250 475
250 476
250 477
250 478
250 479
250 480
250 511
250 512
250 513
250 514
250 515
250 516
250 517
250 518
250 519
251 177
251 178
251 179
251 180
251 181
251 182
251 183
251 216
251 217
251 218
251 219
251 220
251 221
251 222
251 223
251 441
251 442
251 443
251 444
251 445
251 446
251 447
251 448
251 449
251 450
251 481
251 482
251 483
251 484
251 485
251 486
251 487
251 488
251 489
251 490
251 523
251 524
251 525
251 526
251 527
251 528
251 529
252 187
252 188
252 189
252 190
252 191
252 192
252 193
252 194
252 227
252 228
252 229
252 230
252 231
252 232
252 233
252 415
252 416
252 417
252 418
252 419
252 452
252 453
252 454
252 455
252 456
252 457
252 458
252 459
252 460
252 461
252 492
252 493
252 494
252 495
252 496
252 497
252 498
252 499
252 500
252 501
252 535
252 536
252 537
252 538
252 539
253 161
253 162
253 163
253 198
253 199
253 200
253 201
253 202
253 203
253 204
253 205
253 238
253 239
253 240
253 241
253 242
253 243
253 244
253 424
253 425
253 426
253 427
253 428
253 429
253 430
253 431
253 463
253 464
253 465
253 466
253 467
253 468
253 469
253 470
253 471
253 472
253 503
253 504
253 505
253 506
253 507
253 508
253 509
253 510
253 511
253 512
254 170
254 171
254 172
254 173
254 174
254 175
254 208
254 209
254 210
254 211
254 212
254 213
254 214
254 215
254 216
254 250
254 251
254 252
254 253
254 435
254 436
254 437
254 438
254 439
254 440
254 441
254 442
254 443
254 474
254 475
254 476
254 477
254 478
254 479
254 480
254 481
254 482
254 483
254 515
254 516
254 517
254 518
254 519
254 520
254 521
254 522
255 180
255 181
255 182
255 183
255 184
255 185
255 186
255 187
255 219
255 220
255 221
255 222
255 223
255 224
255 225
255 226
255 227
255 409
255 410
255 411
255 445
255 446
255 447
255 448
255 449
255 450
255 451
255 452
255 453
255 454
255 485
255 486
255 487
255 488
255 489
255 490
255 491
255 492
255 493
255 494
255 527
255 528
255 529
255 530
255 531
255 532
256 191
256 192
256 193
256 194
256 195
256 196
256 197
256 198
256 231
256 232
256 233
256 234
256 235
256 236
256 237
256 418
256 419
256 420
256 421
256 422
256 423
256 424
256 456
256 457
256 458
256 459
256 460
256 461
256 462
256 463
256 464
256 465
256 496
256 497
256 498
256 499
256 500
256 501
256 502
256 503
256 504
256 505
256 540
256 541
256 542
257 164
257 165
257 166
257 167
257 168
257 201
257 202
257 203
257 204
257 205
257 206
257 207
257 208
257 209
257 242
257 243
257 244
257 245
257 246
257 247
257 428
257 429
257 430
257 431
257 432
257 433
257 434
257 435
257 467
257 468
257 469
257 470
257 471
257 472
257 473
257 474
257 475
257 476
257 507
257 508
257 509
257 510
257 511
257 512
257 513
257 514
257 515
257 516
258 174
258 175
258 176
258 177
258 178
258 179
258 212
258 213
258 214
258 215
258 216
258 217
258 218
258 219
258 220
258 255
258 256
258 438
258 439
258 440
258 441
258 442
258 443
258 444
258 445
258 446
258 447
258 478
258 479
258 480
258 481
258 482
258 483
258 484
258 485
258 486
258 487
258 519
258 520
258 521
258 522
258 523
258 524
258 525
258 526
259 184
259 185
259 186
259 187
259 188
259 189
259 190
259 191
259 223
259 224
259 225
259 226
259 227
259 228
259 229
259 230
259 412
259 413
259 414
259 415
259 449
259 450
259 451
259 452
259 453
259 454
259 455
259 456
259 457
259 458
259 489
259 490
259 491
259 492
259 493
259 494
259 495
259 496
259 497
259 498
259 531
259 532
259 533
259 534
259 535
259 536
260 159
260 194
260 195
260 196
260 197
260 198
260 199
260 200
260 201
260 202
260 235
260 236
260 237
260 238
260 239
260 240
260 241
260 421
260 422
260 423
260 424
260 425
260 426
260 427
260 428
260 460
260 461
260 462
260 463
260 464
260 465
260 466
260 467
260 468
260 469
260 500
260 501
260 502
260 503
260 504
260 505
260 506
260 507
260 508
260 509
261 167
261 168
261 169
261 170
261 171
261 172
261 205
261 206
261 207
261 208
261 209
261 210
261 211
261 212
261 213
261 247
261 248
261 249
261 250
261 251
261 431
261 432
261 433
261 434
261 435
261 436
261 437
261 438
261 439
261 470
261 471
261 472
261 473
261 474
261 475
261 476
261 477
261 478
261 479
261 480
261 511
261 512
261 513
261 514
261 515
261 516
261 517
261 518
261 519
262 177
262 178
262 179
262 180
262 181
262 182
262 183
262 216
262 217
262 218
262 219
262 220
262 221
262 222
262 223
262 442
262 443
262 444
262 445
262 446
262 447
262 448
262 449
262 450
262 451
262 481
262 482
262 483
262 484
262 485
262 486
262 487
262 488
262 489
262 490
262 491
262 523
262 524
262 525
262 526
262 527
262 528
262 529
263 187
263 188
263 189
263 190
263 191
263 192
263 193
263 194
263 195
263 227
263 228
263 229
263 230
263 231
263 232
263 233
263 234
263 415
263 416
263 417
263 418
263 419
263 420
263 453
263 454
263 455
263 456
263 457
263 458
263 459
263 460
263 461
263 462
263 493
263 494
263 495
263 496
263 497
263 498
263 499
263 500
263 501
263 502
263 536
263 537
263 538
263 539
264 161
264 162
264 163
264 164
264 198
264 199
264 200
264 201
264 202
264 203
264 204
264 205
264 206
264 239
264 240
264 241
264 242
264 243
264 244
264 425
264 426
264 427
264 428
264 429
264 430
264 431
264 432
264 463
264 464
264 465
264 466
264 467
264 468
264 469
264 470
264 471
264 472
264 473
264 504
264 505
264 506
264 507
264 508
264 509
264 510
264 511
264 512
265 171
265 172
265 173
265 174
265 175
265 176
265 209
265 210
265 211
265 212
265 213
265 214
265 215
265 216
265 251
265 252
265 253
265 254
265 435
265 436
265 437
265 438
265 439
265 440
265 441
265 442
265 443
265 474
265 475
265 476
265 477
265 478
265 479
265 480
265 481
265 482
265 483
265 484
265 515
265 516
265 517
265 518
265 519
265 520
265 521
265 522
265 523
266 181
266 182
266 183
266 184
266 185
266 186
266 187
266 220
266 221
266 222
266 223
266 224
266 225
266 226
266 227
266 409
266 410
266 411
266 446
266 447
266 448
266 449
266 450
266 451
266 452
266 453
266 454
266 455
266 485
266 486
266 487
266 488
266 489
266 490
266 491
266 492
266 493
266 494
266 495
266 527
266 528
266 529
266 530
266 531
266 532
266 533
267 191
267 192
267 193
267 194
267 195
267 196
267 197
267 198
267 231
267 232
267 233
267 234
267 235
267 236
267 237
267 238
267 418
267 419
267 420
267 421
267 422
267 423
267 424
267 456
267 457
267 458
267 459
267 460
267 461
267 462
267 463
267 464
267 465
267 466
267 496
267 497
267 498
267 499
267 500
267 501
267 502
267 503
267 504
267 505
267 541
267 542
268 164
268 165
268 166
268 167
268 168
268 202
268 203
268 204
268 205
268 206
268 207
268 208
268 209
268 243
268 244
268 245
268 246
268 247
268 248
268 428
268 429
268 430
268 431
268 432
268 433
268 434
268 435
268 436
268 467
268 468
268 469
268 470
268 471
268 472
268 473
268 474
268 475
268 476
268 477
268 508
268 509
268 510
268 511
268 512
268 513
268 514
268 515
268 516
269 174
269 175
269 176
269 177
269 178
269 179
269 180
269 213
269 214
269 215
269 216
269 217
269 218
269 219
269 220
269 256
269 439
269 440
269 441
269 442
269 443
269 444
269 445
269 446
269 447
269 478
269 479
269 480
269 481
269 482
269 483
269 484
269 485
269 486
269 487
269 488
269 520
269 521
269 522
269 523
269 524
269 525
269 526
270 184
270 185
270 186
270 187
270 188
270 189
270 190
270 191
270 224
270 225
270 226
270 227
270 228
270 229
270 230
270 231
270 412
270 413
270 414
270 415
270 416
270 449
270 450
270 451
270 452
270 453
270 454
270 455
270 456
270 457
270 458
270 489
270 490
270 491
270 492
270 493
270 494
270 495
270 496
270 497
270 498
270 532
270 533
270 534
270 535
270 536
271 159
271 195
271 196
271 197
271 198
271 199
271 200
271 201
271 202
271 235
271 236
271 237
271 238
271 239
271 240
271 241
271 422
271 423
271 424
271 425
271 426
271 427
271 428
271 460
271 461
271 462
271 463
271 464
271 465
271 466
271 467
271 468
271 469
271 470
271 500
271 501
271 502
271 503
271 504
271 505
271 506
271 507
271 508
271 509
272 168
272 169
272 170
272 171
272 172
272 206
272 207
272 208
272 209
272 210
272 211
272 212
272 213
272 247
272 248
272 249
272 250
272 251
272 432
272 433
272 434
272 435
272 436
272 437
272 438
272 439
272 440
272 471
272 472
272 473
272 474
272 475
272 476
272 477
272 478
272 479
272 480
272 481
272 512
272 513
272 514
272 515
272 516
272 517
272 518
272 519
272 520
273 178
273 179
273 180
273 181
273 182
273 183
273 184
273 217
273 218
273 219
273 220
273 221
273 222
273 223
273 224
273 442
273 443
273 444
273 445
273 446
273 447
273 448
273 449
273 450
273 451
273 482
273 483
273 484
273 485
273 486
273 487
273 488
273 489
273 490
273 491
273 524
273 525
273 526
273 527
273 528
273 529
273 530
274 188
274 189
274 190
274 191
274 192
274 193
274 194
274 195
274 228
274 229
274 230
274 231
274 232
274 233
274 234
274 415
274 416
274 417
274 418
274 419
274 420
274 453
274 454
274 455
274 456
274 457
274 458
274 459
274 460
274 461
274 462
274 493
274 494
274 495
274 496
274 497
274 498
274 499
274 500
274 501
274 502
274 536
274 537
274 538
274 539
274 540
275 162
275 163
275 164
275 199
275 200
275 201
275 202
275 203
275 204
275 205
275 206
275 240
275 241
275 242
275 243
275 244
275 245
275 425
275 426
275 427
275 428
275 429
275 430
275 431
275 432
275 464
275 465
275 466
275 467
275 468
275 469
275 470
275 471
275 472
275 473
275 504
275 505
275 506
275 507
275 508
275 509
275 510
275 511
275 512
275 513
276 171
276 172
276 173
276 174
276 175
276 176
276 210
276 211
276 212
276 213
276 214
276 215
276 216
276 217
276 252
276 253
276 254
276 436
276 437
276 438
276 439
276 440
276 441
276 442
276 443
276 444
276 475
276 476
276 477
276 478
276 479
276 480
276 481
276 482
276 483
276 484
276 516
276 517
276 518
276 519
276 520
276 521
276 522
276 523
277 181
277 182
277 183
277 184
277 185
277 186
277 187
277 188
277 221
277 222
277 223
277 224
277 225
277 226
277 227
277 228
277 410
277 411
277 412
277 446
277 447
277 448
277 449
277 450
277 451
277 452
277 453
277 454
277 455
277 486
277 487
277 488
277 489
277 490
277 491
277 492
277 493
277 494
277 495
277 528
277 529
277 530
277 531
277 532
277 533
277 534
278 192
278 193
278 194
278 195
278 196
278 197
278 198
278 199
278 232
278 233
278 234
278 235
278 236
278 237
278 238
278 419
278 420
278 421
278 422
278 423
278 424
278 425
278 457
278 458
278 459
278 460
278 461
278 462
278 463
278 464
278 465
278 466
278 497
278 498
278 499
278 500
278 501
278 502
278 503
278 504
278 505
278 506
278 542
279 165
279 166
279 167
279 168
279 202
279 203
279 204
279 205
279 206
279 207
279 208
279 209
279 210
279 244
279 245
279 246
279 247
279 248
279 429
279 430
279 431
279 432
279 433
279 434
279 435
279 436
279 468
279 469
279 470
279 471
279 472
279 473
279 474
279 475
279 476
279 477
279 508
279 509
279 510
279 511
279 512
279 513
279 514
279 515
279 516
279 517
280 175
280 176
280 177
280 178
280 179
280 180
280 213
280 214
280 215
280 216
280 217
280 218
280 219
280 220
280 221
280 439
280 440
280 441
280 442
280 443
280 444
280 445
280 446
280 447
280 448
280 479
280 480
280 481
280 482
280 483
280 484
280 485
280 486
280 487
280 488
280 520
280 521
280 522
280 523
280 524
280 525
280 526
280 527
281 185
281 186
281 187
281 188
281 189
281 190
281 191
281 192
281 225
281 226
281 227
281 228
281 229
281 230
281 231
281 413
281 414
281 415
281 416
281 417
281 450
281 451
281 452
281 453
281 454
281 455
281 456
281 457
281 458
281 459
281 490
281 491
281 492
281 493
281 494
281 495
281 496
281 497
281 498
281 499
281 532
281 533
281 534
281 535
281 536
281 537
282 159
282 160
282 195
282 196
282 197
282 198
282 199
282 200
282 201
282 202
282 203
282 236
282 237
282 238
282 239
282 240
282 241
282 242
282 422
282 423
282 424
282 425
282 426
282 427
282 428
282 429
282 461
282 462
282 463
282 464
282 465
282 466
282 467
282 468
282 469
282 470
282 501
282 502
282 503
282 504
282 505
282 506
282 507
282 508
282 509
282 510
283 168
283 169
283 170
283 171
283 172
283 173
283 206
283 207
283 208
283 209
283 210
283 211
283 212
283 213
283 214
283 248
283 249
283 250
283 251
283 432
283 433
283 434
283 435
283 436
283 437
283 438
283 439
283 440
283 471
283 472
283 473
283 474
283 475
283 476
283 477
283 478
283 479
283 480
283 481
283 513
283 514
283 515
283 516
283 517
283 518
283 519
283 520
284 178
284 179
284 180
284 181
284 182
284 183
284 184
284 217
284 218
284 219
284 220
284 221
284 222
284 223
284 224
284 443
284 444
284 445
284 446
284 447
284 448
284 449
284 450
284 451
284 452
284 482
284 483
284 484
284 485
284 486
284 487
284 488
284 489
284 490
284 491
284 492
284 524
284 525
284 526
284 527
284 528
284 529
284 530
284 531
285 189
285 190
285 191
285 192
285 193
285 194
285 195
285 229
285 230
285 231
285 232
285 233
285 234
285 235
285 416
285 417
285 418
285 419
285 420
285 421
285 454
285 455
285 456
285 457
285 458
285 459
285 460
285 461
285 462
285 463
285 494
285 495
285 496
285 497
285 498
285 499
285 500
285 501
285 502
285 503
285 537
285 538
285 539
285 540
286 162
286 163
286 164
286 165
286 199
286 200
286 201
286 202
286 203
286 204
286 205
286 206
286 207
286 240
286 241
286 242
286 243
286 244
286 245
286 426
286 427
286 428
286 429
286 430
286 431
286 432
286 433
286 464
286 465
286 466
286 467
286 468
286 469
286 470
286 471
286 472
286 473
286 474
286 505
286 506
286 507
286 508
286 509
286 510
286 511
286 512
286 513
287 172
287 173
287 174
287 175
287 176
287 177
287 210
287 211
287 212
287 213
287 214
287 215
287 216
287 217
287 253
287 254
287 436
287 437
287 438
287 439
287 440
287 441
287 442
287 443
287 444
287 475
287 476
287 477
287 478
287 479
287 480
287 481
287 482
287 483
287 484
287 485
287 517
287 518
287 519
287 520
287 521
287 522
287 523
287 524
288 182
288 183
288 184
288 185
288 186
288 187
288 188
288 221
288 222
288 223
288 224
288 225
288 226
288 227
288 228
288 410
288 411
288 412
288 413
288 447
288 448
288 449
288 450
288 451
288 452
288 453
288 454
288 455
288 456
288 486
288 487
288 488
288 489
288 490
288 491
288 492
288 493
288 494
288 495
288 496
288 529
288 530
288 531
288 532
288 533
288 534
289 192
289 193
289 194
289 195
289 196
289 197
289 198
289 199
289 233
289 234
289 235
289 236
289 237
289 238
289 419
289 420
289 421
289 422
289 423
289 424
289 425
289 457
289 458
289 459
289 460
289 461
289 462
289 463
289 464
289 465
289 466
289 467
289 498
289 499
289 500
289 501
289 502
289 503
289 504
289 505
289 506
289 507
289 542
289 543
290 165
290 166
290 167
290 168
290 169
290 203
290 204
290 205
290 206
290 207
290 208
290 209
290 210
290 245
290 246
290 247
290 248
290 429
290 430
290 431
290 432
290 433
290 434
290 435
290 436
290 437
290 468
290 469
290 470
290 471
290 472
290 473
290 474
290 475
290 476
290 477
290 478
290 509
290 510
290 511
290 512
290 513
290 514
290 515
290 516
290 517
291 175
291 176
291 177
291 178
291 179
291 180
291 181
291 214
291 215
291 216
291 217
291 218
291 219
291 220
291 221
291 440
291 441
291 442
291 443
291 444
291 445
291 446
291 447
291 448
291 479
291 480
291 481
291 482
291 483
291 484
291 485
291 486
291 487
291 488
291 489
291 521
291 522
291 523
291 524
291 525
291 526
291 527
292 185
292 186
292 187
292 188
292 189
292 190
292 191
292 192
292 225
292 226
292 227
292 228
292 229
292 230
292 231
292 232
292 413
292 414
292 415
292 416
292 417
292 450
292 451
292 452
292 453
292 454
292 455
292 456
292 457
292 458
292 459
292 460
292 490
292 491
292 492
292 493
292 494
292 495
292 496
292 497
292 498
292 499
292 500
292 533
292 534
292 535
292 536
292 537
293 160
293 196
293 197
293 198
293 199
293 200
293 201
293 202
293 203
293 237
293 238
293 239
293 240
293 241
293 242
293 423
293 424
293 425
293 426
293 427
293 428
293 429
293 461
293 462
293 463
293 464
293 465
293 466
293 467
293 468
293 469
293 470
293 471
293 502
293 503
293 504
293 505
293 506
293 507
293 508
293 509
293 510
294 169
294 170
294 171
294 172
294 173
294 207
294 208
294 209
294 210
294 211
294 212
294 213
294 214
294 249
294 250
294 251
294 252
294 433
294 434
294 435
294 436
294 437
294 438
294 439
294 440
294 441
294 472
294 473
294 474
294 475
294 476
294 477
294 478
294 479
294 480
294 481
294 482
294 513
294 514
294 515
294 516
294 517
294 518
294 519
294 520
294 521
295 179
295 180
295 181
295 182
295 183
295 184
295 185
295 218
295 219
295 220
295 221
295 222
295 223
295 224
295 225
295 443
295 444
295 445
295 446
295 447
295 448
295 449
295 450
295 451
295 452
295 483
295 484
295 485
295 486
295 487
295 488
295 489
295 490
295 491
295 492
295 493
295 525
295 526
295 527
295 528
295 529
295 530
295 531
296 189
296 190
296 191
296 192
296 193
296 194
296 195
296 196
296 229
296 230
296 231
296 232
296 233
296 234
296 235
296 416
296 417
296 418
296 419
296 420
296 421
296 422
296 454
296 455
296 456
296 457
296 458
296 459
296 460
296 461
296 462
296 463
296 494
296 495
296 496
296 497
296 498
296 499
296 500
296 501
296 502
296 503
296 538
296 539
296 540
296 541
297 162
297 163
297 164
297 165
297 200
297 201
297 202
297 203
297 204
297 205
297 206
297 207
297 241
297 242
297 243
297 244
297 245
297 426
297 427
297 428
297 429
297 430
297 431
297 432
297 433
297 465
297 466
297 467
297 468
297 469
297 470
297 471
297 472
297 473
297 474
297 506
297 507
297 508
297 509
297 510
297 511
297 512
297 513
297 514
298 172
298 173
298 174
298 175
298 176
298 177
298 211
298 212
298 213
298 214
298 215
298 216
298 217
298 218
298 254
298 437
298 438
298 439
298 440
298 441
298 442
298 443
298 444
298 445
298 476
298 477
298 478
298 479
298 480
298 481
298 482
298 483
298 484
298 485
298 517
298 518
298 519
298 520
298 521
298 522
298 523
298 524
299 182
299 183
299 184
299 185
299 186
299 187
299 188
299 189
299 222
299 223
299 224
299 225
299 226
299 227
299 228
299 410
299 411
299 412
299 413
299 447
299 448
299 449
299 450
299 451
299 452
299 453
299 454
299 455
299 456
299 487
299 488
299 489
299 490
299 491
299 492
299 493
299 494
299 495
299 496
299 529
299 530
299 531
299 532
299 533
299 534
299 535
300 193
300 194
300 195
300 196
300 197
300 198
300 199
300 200
300 233
300 234
300 235
300 236
300 237
300 238
300 239
300 420
300 421
300 422
300 423
300 424
300 425
300 426
300 458
300 459
300 460
300 461
300 462
300 463
300 464
300 465
300 466
300 467
300 498
300 499
300 500
300 501
300 502
300 503
300 504
300 505
300 506
300 507
301 166
301 167
301 168
301 169
301 204
301 205
301 206
301 207
301 208
301 209
301 210
301 211
301 245
301 246
301 247
301 248
301 249
301 430
301 431
301 432
301 433
301 434
301 435
301 436
301 437
301 469
301 470
301 471
301 472
301 473
301 474
301 475
301 476
301 477
301 478
301 510
301 511
301 512
301 513
301 514
301 515
301 516
301 517
301 518
302 176
302 177
302 178
302 179
302 180
302 181
302 215
302 216
302 217
302 218
302 219
302 220
302 221
302 222
302 440
302 441
302 442
302 443
302 444
302 445
302 446
302 447
302 448
302 449
302 480
302 481
302 482
302 483
302 484
302 485
302 486
302 487
302 488
302 489
302 521
302 522
302 523
302 524
302 525
302 526
302 527
302 528
303 186
303 187
303 188
303 189
303 190
303 191
303 192
303 193
303 226
303 227
303 228
303 229
303 230
303 231
303 232
303 414
303 415
303 416
303 417
303 418
303 451
303 452
303 453
303 454
303 455
303 456
303 457
303 458
303 459
303 460
303 491
303 492
303 493
303 494
303 495
303 496
303 497
303 498
303 499
303 500
303 534
303 535
303 536
303 537
303 538
304 160
304 161
304 197
304 198
304 199
304 200
304 201
304 202
304 203
304 204
304 237
304 238
304 239
304 240
304 241
304 242
304 423
304 424
304 425
304 426
304 427
304 428
304 429
304 430
304 462
304 463
304 464
304 465
304 466
304 467
304 468
304 469
304 470
304 471
304 502
304 503
304 504
304 505
304 506
304 507
304 508
304 509
304 510
304 511
305 169
305 170
305 171
305 172
305 173
305 174
305 207
305 208
305 209
305 210
305 211
305 212
305 213
305 214
305 215
305 250
305 251
305 252
305 433
305 434
305 435
305 436
305 437
305 438
305 439
305 440
305 441
305 473
305 474
305 475
305 476
305 477
305 478
305 479
305 480
305 481
305 482
305 514
305 515
305 516
305 517
305 518
305 519
305 520
305 521
306 179
306 180
306 181
306 182
306 183
306 184
306 185
306 219
306 220
306 221
306 222
306 223
306 224
306 225
306 409
306 444
306 445
306 446
306 447
306 448
306 449
306 450
306 451
306 452
306 453
306 484
306 485
306 486
306 487
306 488
306 489
306 490
306 491
306 492
306 493
306 526
306 527
306 528
306 529
306 530
306 531
306 532
307 190
307 191
307 192
307 193
307 194
307 195
307 196
307 230
307 231
307 232
307 233
307 234
307 235
307 236
307 417
307 418
307 419
307 420
307 421
307 422
307 455
307 456
307 457
307 458
307 459
307 460
307 461
307 462
307 463
307 464
307 495
307 496
307 497
307 498
307 499
307 500
307 501
307 502
307 503
307 504
307 539
307 540
307 541
308 163
308 164
308 165
308 166
308 200
308 201
308 202
308 203
308 204
308 205
308 206
308 207
308 242
308 243
308 244
308 245
308 246
308 427
308 428
308 429
308 430
308 431
308 432
308 433
308 434
308 465
308 466
308 467
308 468
308 469
308 470
308 471
308 472
308 473
308 474
308 475
308 506
308 507
308 508
308 509
308 510
308 511
308 512
308 513
308 514
309 172
309 173
309 174
309 175
309 176
309 177
309 178
309 211
309 212
309 213
309 214
309 215
309 216
309 217
309 218
309 437
309 438
309 439
309 440
309 441
309 442
309 443
309 444
309 445
309 476
309 477
309 478
309 479
309 480
309 481
309 482
309 483
309 484
309 485
309 486
309 518
309 519
309 520
309 521
309 522
309 523
309 524
309 525
310 183
310 184
310 185
310 186
310 187
310 188
310 189
310 223
310 224
310 225
310 226
310 227
310 228
310 229
310 411
310 412
310 413
310 414
310 448
310 449
310 450
310 451
310 452
310 453
310 454
310 455
310 456
310 457
310 488
310 489
310 490
310 491
310 492
310 493
310 494
310 495
310 496
310 497
310 530
310 531
310 532
310 533
310 534
310 535
311 193
311 194
311 195
311 196
311 197
311 198
311 199
311 200
311 234
311 235
311 236
311 237
311 238
311 239
311 420
311 421
311 422
311 423
311 424
311 425
311 426
311 458
311 459
311 460
311 461
311 462
311 463
311 464
311 465
311 466
311 467
311 468
311 499
311 500
311 501
311 502
311 503
311 504
311 505
311 506
311 507
311 508
312 166
312 167
312 168
312 169
312 170
312 204
312 205
312 206
312 207
312 208
312 209
312 210
312 211
312 246
312 247
312 248
312 249
312 430
312 431
312 432
312 433
312 434
312 435
312 436
312 437
312 438
312 469
312 470
312 471
312 472
312 473
312 474
312 475
312 476
312 477
312 478
312 479
312 510
312 511
312 512
312 513
312 514
312 515
312 516
312 517
312 518
313 176
313 177
313 178
313 179
313 180
313 181
313 182
313 215
313 216
313 217
313 218
313 219
313 220
313 221
313 222
313 441
313 442
313 443
313 444
313 445
313 446
313 447
313 448
313 449
313 480
313 481
313 482
313 483
313 484
313 485
313 486
313 487
313 488
313 489
313 490
313 522
313 523
313 524
313 525
313 526
313 527
313 528
313 529
314 186
314 187
314 188
314 189
314 190
314 191
314 192
314 193
314 227
314 228
314 229
314 230
314 231
314 232
314 233
314 414
314 415
314 416
314 417
314 418
314 451
314 452
314 453
314 454
314 455
314 456
314 457
314 458
314 459
314 460
314 461
314 491
314 492
314 493
314 494
314 495
314 496
314 497
314 498
314 499
314 500
314 501
314 535
314 536
314 537
314 538
315 161
315 197
315 198
315 199
315 200
315 201
315 202
315 203
315 204
315 238
315 239
315 240
315 241
315 242
315 243
315 424
315 425
315 426
315 427
315 428
315 429
315 430
315 462
315 463
315 464
315 465
315 466
315 467
315 468
315 469
315 470
315 471
315 472
315 503
315 504
315 505
315 506
315 507
315 508
315 509
315 510
315 511
316 170
316 171
316 172
316 173
316 174
316 208
316 209
316 210
316 211
316 212
316 213
316 214
316 215
316 251
316 252
316 434
316 435
316 436
316 437
316 438
316 439
316 440
316 441
316 442
316 473
316 474
316 475
316 476
316 477
316 478
316 479
316 480
316 481
316 482
316 483
316 514
316 515
316 516
316 517
316 518
316 519
316 520
316 521
316 522
317 180
317 181
317 182
317 183
317 184
317 185
317 186
317 219
317 220
317 221
317 222
317 223
317 224
317 225
317 226
317 409
317 444
317 445
317 446
317 447
317 448
317 449
317 450
317 451
317 452
317 453
317 484
317 485
317 486
317 487
317 488
317 489
317 490
317 491
317 492
317 493
317 494
317 526
317 527
317 528
317 529
317 530
317 531
317 532
318 190
318 191
318 192
318 193
318 194
318 195
318 196
318 197
318 231
318 232
318 233
318 234
318 235
318 236
318 417
318 418
318 419
318 420
318 421
318 422
318 423
318 455
318 456
318 457
318 458
318 459
318 460
318 461
318 462
318 463
318 464
318 495
318 496
318 497
318 498
318 499
318 500
318 501
318 502
318 503
318 504
318 539
318 540
318 541
319 163
319 164
319 165
319 166
319 201
319 202
319 203
319 204
319 205
319 206
319 207
319 208
319 242
319 243
319 244
319 245
319 246
319 427
319 428
319 429
319 430
319 431
319 432
319 433
319 434
319 466
319 467
319 468
319 469
319 470
319 471
319 472
319 473
319 474
319 475
319 476
319 507
319 508
319 509
319 510
319 511
319 512
319 513
319 514
319 515
320 173
320 174
320 175
320 176
320 177
320 178
320 212
320 213
320 214
320 215
320 216
320 217
320 218
320 219
320 438
320 439
320 440
320 441
320 442
320 443
320 444
320 445
320 446
320 477
320 478
320 479
320 480
320 481
320 482
320 483
320 484
320 485
320 486
320 519
320 520
320 521
320 522
320 523
320 524
320 525
321 183
321 184
321 185
321 186
321 187
321 188
321 189
321 190
321 223
321 224
321 225
321 226
321 227
321 228
321 229
321 411
321 412
321 413
321 414
321 448
321 449
321 450
321 451
321 452
321 453
321 454
321 455
321 456
321 457
321 488
321 489
321 490
321 491
321 492
321 493
321 494
321 495
321 496
321 497
321 531
321 532
321 533
321 534
321 535
321 536
322 194
322 195
322 196
322 197
322 198
322 199
322 200
322 201
322 235
322 236
322 237
322 238
322 239
322 240
322 421
322 422
322 423
322 424
322 425
322 426
322 427
322 459
322 460
322 461
322 462
322 463
322 464
322 465
322 466
322 467
322 468
322 499
322 500
322 501
322 502
322 503
322 504
322 505
322 506
322 507
322 508
323 167
323 168
323 169
323 170
323 205
323 206
323 207
323 208
323 209
323 210
323 211
323 212
323 247
323 248
323 249
323 431
323 432
323 433
323 434
323 435
323 436
323 437
323 438
323 470
323 471
323 472
323 473
323 474
323 475
323 476
323 477
323 478
323 479
323 511
323 512
323 513
323 514
323 515
323 516
323 517
323 518
323 519
324 177
324 178
324 179
324 180
324 181
324 182
324 216
324 217
324 218
324 219
324 220
324 221
324 222
324 441
324 442
324 443
324 444
324 445
324 446
324 447
324 448
324 449
324 450
324 481
324 482
324 483
324 484
324 485
324 486
324 487
324 488
324 489
324 490
324 523
324 524
324 525
324 526
324 527
324 528
324 529
325 187
325 188
325 189
325 190
325 191
325 192
325 193
325 227
325 228
325 229
325 230
325 231
325 232
325 233
325 414
325 415
325 416
325 417
325 418
325 419
325 452
325 453
325 454
325 455
325 456
325 457
325 458
325 459
325 460
325 461
325 492
325 493
325 494
325 495
325 496
325 497
325 498
325 499
325 500
325 501
325 535
325 536
325 537
325 538
325 539
326 161
326 162
326 198
326 199
326 200
326 201
326 202
326 203
326 204
326 239
326 240
326 241
326 242
326 243
326 424
326 425
326 426
326 427
326 428
326 429
326 430
326 431
326 463
326 464
326 465
326 466
326 467
326 468
326 469
326 470
326 471
326 472
326 503
326 504
326 505
326 506
326 507
326 508
326 509
326 510
326 511
326 512
327 170
327 171
327 172
327 173
327 174
327 209
327 210
327 211
327 212
327 213
327 214
327 215
327 252
327 434
327 435
327 436
327 437
327 438
327 439
327 440
327 441
327 442
327 474
327 475
327 476
327 477
327 478
327 479
327 480
327 481
327 482
327 483
327 515
327 516
327 517
327 518
327 519
327 520
327 521
327 522
328 180
328 181
328 182
328 183
328 184
328 185
328 186
328 220
328 221
328 222
328 223
328 224
328 225
328 226
328 409
328 410
328 445
328 446
328 447
328 448
328 449
328 450
328 451
328 452
328 453
328 454
328 485
328 486
328 487
328 488
328 489
328 490
328 491
328 492
328 493
328 494
328 527
328 528
328 529
328 530
328 531
328 532
328 533
329 191
329 192
329 193
329 194
329 195
329 196
329 197
329 231
329 232
329 233
329 234
329 235
329 236
329 237
329 418
329 419
329 420
329 421
329 422
329 423
329 456
329 457
329 458
329 459
329 460
329 461
329 462
329 463
329 464
329 465
329 496
329 497
329 498
329 499
329 500
329 501
329 502
329 503
329 504
329 505
329 540
329 541
329 542
330 164
330 165
330 166
330 202
330 203
330 204
330 205
330 206
330 207
330 208
330 243
330 244
330 245
330 246
330 428
330 429
330 430
330 431
330 432
330 433
330 434
330 435
330 467
330 468
330 469
330 470
330 471
330 472
330 473
330 474
330 475
330 476
330 507
330 508
330 509
330 510
330 511
330 512
330 513
330 514
330 515
330 516
331 174
331 175
331 176
331 177
331 178
331 213
331 214
331 215
331 216
331 217
331 218
331 219
331 438
331 439
331 440
331 441
331 442
331 443
331 444
331 445
331 446
331 478
331 479
331 480
331 481
331 482
331 483
331 484
331 485
331 486
331 487
331 519
331 520
331 521
331 522
331 523
331 524
331 525
331 526
332 184
332 185
332 186
332 187
332 188
332 189
332 190
332 224
332 225
332 226
332 227
332 228
332 229
332 230
332 412
332 413
332 414
332 415
332 449
332 450
332 451
332 452
332 453
332 454
332 455
332 456
332 457
332 458
332 489
332 490
332 491
332 492
332 493
332 494
332 495
332 496
332 497
332 498
332 531
332 532
332 533
332 534
332 535
332 536
333 194
333 195
333 196
333 197
333 198
333 199
333 200
333 201
333 235
333 236
333 237
333 238
333 239
333 240
333 421
333 422
333 423
333 424
333 425
333 426
333 427
333 459
333 460
333 461
333 462
333 463
333 464
333 465
333 466
333 467
333 468
333 469
333 500
333 501
333 502
333 503
333 504
333 505
333 506
333 507
333 508
333 509
334 167
334 168
334 169
334 170
334 171
334 205
334 206
334 207
334 208
334 209
334 210
334 211
334 212
334 248
334 249
334 250
334 431
334 432
334 433
334 434
334 435
334 436
334 437
334 438
334 439
334 470
334 471
334 472
334 473
334 474
334 475
334 476
334 477
334 478
334 479
334 480
334 511
334 512
334 513
334 514
334 515
334 516
334 517
334 518
334 519
335 177
335 178
335 179
335 180
335 181
335 182
335 216
335 217
335 218
335 219
335 220
335 221
335 222
335 223
335 442
335 443
335 444
335 445
335 446
335 447
335 448
335 449
335 450
335 481
335 482
335 483
335 484
335 485
335 486
335 487
335 488
335 489
335 490
335 491
335 523
335 524
335 525
335 526
335 527
335 528
335 529
335 530
336 188
336 189
336 190
336 191
336 192
336 193
336 194
336 228
336 229
336 230
336 231
336 232
336 233
336 415
336 416
336 417
336 418
336 419
336 452
336 453
336 454
336 455
336 456
336 457
336 458
336 459
336 460
336 461
336 462
336 493
336 494
336 495
336 496
336 497
336 498
336 499
336 500
336 501
336 502
336 536
336 537
336 538
336 539
337 162
337 198
337 199
337 200
337 201
337 202
337 203
337 204
337 205
337 240
337 241
337 242
337 243
337 425
337 426
337 427
337 428
337 429
337 430
337 431
337 463
337 464
337 465
337 466
337 467
337 468
337 469
337 470
337 471
337 472
337 473
337 504
337 505
337 506
337 507
337 508
337 509
337 510
337 511
337 512
338 171
338 172
338 173
338 174
338 175
338 209
338 210
338 211
338 212
338 213
338 214
338 215
338 216
338 435
338 436
338 437
338 438
338 439
338 440
338 441
338 442
338 443
338 474
338 475
338 476
338 477
338 478
338 479
338 480
338 481
338 482
338 483
338 484
338 516
338 517
338 518
338 519
338 520
338 521
338 522
338 523
339 181
339 182
339 183
339 184
339 185
339 186
339 220
339 221
339 222
339 223
339 224
339 225
339 226
339 227
339 409
339 410
339 411
339 445
339 446
339 447
339 448
339 449
339 450
339 451
339 452
339 453
339 454
339 485
339 486
339 487
339 488
339 489
339 490
339 491
339 492
339 493
339 494
339 495
339 528
339 529
339 530
339 531
339 532
339 533
340 191
340 192
340 193
340 194
340 195
340 196
340 197
340 198
340 232
340 233
340 234
340 235
340 236
340 237
340 418
340 419
340 420
340 421
340 422
340 423
340 424
340 456
340 457
340 458
340 459
340 460
340 461
340 462
340 463
340 464
340 465
340 497
340 498
340 499
340 500
340 501
340 502
340 503
340 504
340 505
340 541
340 542
341 164
341 165
341 166
341 167
341 202
341 203
341 204
341 205
341 206
341 207
341 208
341 209
341 244
341 245
341 246
341 247
341 428
341 429
341 430
341 431
341 432
341 433
341 434
341 435
341 467
341 468
341 469
341 470
341 471
341 472
341 473
341 474
341 475
341 476
341 477
341 508
341 509
341 510
341 511
341 512
341 513
341 514
341 515
341 516
342 174
342 175
342 176
342 177
342 178
342 179
342 213
342 214
342 215
342 216
342 217
342 218
342 219
342 220
342 439
342 440
342 441
342 442
342 443
342 444
342 445
342 446
342 447
342 478
342 479
342 480
342 481
342 482
342 483
342 484
342 485
342 486
342 487
342 488
342 520
342 521
342 522
342 523
342 524
342 525
342 526
342 527
343 184
343 185
343 186
343 187
343 188
343 189
343 190
343 224
343 225
343 226
343 227
343 228
343 229
343 230
343 412
343 413
343 414
343 415
343 416
343 449
343 450
343 451
343 452
343 453
343 454
343 455
343 456
343 457
343 458
343 489
343 490
343 491
343 492
343 493
343 494
343 495
343 496
343 497
343 498
343 532
343 533
343 534
343 535
343 536
343 537
344 195
344 196
344 197
344 198
344 199
344 200
344 201
344 202
344 236
344 237
344 238
344 239
344 240
344 422
344 423
344 424
344 425
344 426
344 427
344 428
344 460
344 461
344 462
344 463
344 464
344 465
344 466
344 467
344 468
344 469
344 501
344 502
344 503
344 504
344 505
344 506
344 507
344 508
344 509
345 168
345 169
345 170
345 171
345 206
345 207
345 208
345 209
345 210
345 211
345 212
345 213
345 249
345 250
345 432
345 433
345 434
345 435
345 436
345 437
345 438
345 439
345 440
345 471
345 472
345 473
345 474
345 475
345 476
345 477
345 478
345 479
345 480
345 512
345 513
345 514
345 515
345 516
345 517
345 518
345 519
345 520
346 178
346 179
346 180
346 181
346 182
346 183
346 217
346 218
346 219
346 220
346 221
346 222
346 223
346 442
346 443
346 444
346 445
346 446
346 447
346 448
346 449
346 450
346 451
346 482
346 483
346 484
346 485
346 486
346 487
346 488
346 489
346 490
346 491
346 524
346 525
346 526
346 527
346 528
346 529
346 530
347 188
347 189
347 190
347 191
347 192
347 193
347 194
347 229
347 230
347 231
347 232
347 233
347 234
347 415
347 416
347 417
347 418
347 419
347 420
347 453
347 454
347 455
347 456
347 457
347 458
347 459
347 460
347 461
347 462
347 493
347 494
347 495
347 496
347 497
347 498
347 499
347 500
347 501
347 502
347 537
347 538
347 539
347 540
348 162
348 199
348 200
348 201
348 202
348 203
348 204
348 205
348 240
348 241
348 242
348 243
348 244
348 425
348 426
348 427
348 428
348 429
348 430
348 431
348 432
348 464
348 465
348 466
348 467
348 468
348 469
348 470
348 471
348 472
348 473
348 505
348 506
348 507
348 508
348 509
348 510
348 511
348 512
348 513
349 171
349 172
349 173
349 174
349 175
349 210
349 211
349 212
349 213
349 214
349 215
349 216
349 435
349 436
349 437
349 438
349 439
349 440
349 441
349 442
349 443
349 444
349 475
349 476
349 477
349 478
349 479
349 480
349 481
349 482
349 483
349 484
349 516
349 517
349 518
349 519
349 520
349 521
349 522
349 523
350 181
350 182
350 183
350 184
350 185
350 186
350 187
350 221
350 222
350 223
350 224
350 225
350 226
350 227
350 410
350 411
350 446
350 447
350 448
350 449
350 450
350 451
350 452
350 453
350 454
350 455
350 486
350 487
350 488
350 489
350 490
350 491
350 492
350 493
350 494
350 495
350 528
350 529
350 530
350 531
350 532
350 533
350 534
351 192
351 193
351 194
351 195
351 196
351 197
351 198
351 233
351 234
351 235
351 236
351 237
351 419
351 420
351 421
351 422
351 423
351 424
351 457
351 458
351 459
351 460
351 461
351 462
351 463
351 464
351 465
351 466
351 497
351 498
351 499
351 500
351 501
351 502
351 503
351 504
351 505
351 506
351 542
351 543
352 165
352 166
352 167
352 203
352 204
352 205
352 206
352 207
352 208
352 209
352 245
352 246
352 247
352 429
352 430
352 431
352 432
352 433
352 434
352 435
352 436
352 468
352 469
352 470
352 471
352 472
352 473
352 474
352 475
352 476
352 477
352 509
352 510
352 511
352 512
352 513
352 514
352 515
352 516
352 517
353 175
353 176
353 177
353 178
353 179
353 214
353 215
353 216
353 217
353 218
353 219
353 220
353 439
353 440
353 441
353 442
353 443
353 444
353 445
353 446
353 447
353 479
353 480
353 481
353 482
353 483
353 484
353 485
353 486
353 487
353 488
353 520
353 521
353 522
353 523
353 524
353 525
353 526
353 527
354 185
354 186
354 187
354 188
354 189
354 190
354 191
354 225
354 226
354 227
354 228
354 229
354 230
354 231
354 413
354 414
354 415
354 416
354 450
354 451
354 452
354 453
354 454
354 455
354 456
354 457
354 458
354 459
354 490
354 491
354 492
354 493
354 494
354 495
354 496
354 497
354 498
354 499
354 533
354 534
354 535
354 536
354 537
355 196
355 197
355 198
355 199
355 200
355 201
355 202
355 237
355 238
355 239
355 240
355 241
355 422
355 423
355 424
355 425
355 426
355 427
355 428
355 461
355 462
355 463
355 464
355 465
355 466
355 467
355 468
355 469
355 470
355 501
355 502
355 503
355 504
355 505
355 506
355 507
355 508
355 509
355 510
356 168
356 169
356 170
356 171
356 172
356 207
356 208
356 209
356 210
356 211
356 212
356 213
356 432
356 433
356 434
356 435
356 436
356 437
356 438
356 439
356 440
356 471
356 472
356 473
356 474
356 475
356 476
356 477
356 478
356 479
356 480
356 481
356 513
356 514
356 515
356 516
356 517
356 518
356 519
356 520
357 178
357 179
357 180
357 181
357 182
357 183
357 218
357 219
357 220
357 221
357 222
357 223
357 224
357 443
357 444
357 445
357 446
357 447
357 448
357 449
357 450
357 451
357 483
357 484
357 485
357 486
357 487
357 488
357 489
357 490
357 491
357 492
357 525
357 526
357 527
357 528
357 529
357 530
357 531
358 189
358 190
358 191
358 192
358 193
358 194
358 195
358 229
358 230
358 231
358 232
358 233
358 234
358 416
358 417
358 418
358 419
358 420
358 453
358 454
358 455
358 456
358 457
358 458
358 459
358 460
358 461
358 462
358 463
358 494
358 495
358 496
358 497
358 498
358 499
358 500
358 501
358 502
358 503
358 537
358 538
358 539
358 540
359 163
359 199
359 200
359 201
359 202
359 203
359 204
359 205
359 206
359 241
359 242
359 243
359 244
359 426
359 427
359 428
359 429
359 430
359 431
359 432
359 464
359 465
359 466
359 467
359 468
359 469
359 470
359 471
359 472
359 473
359 474
359 505
359 506
359 507
359 508
359 509
359 510
359 511
359 512
359 513
360 172
360 173
360 174
360 175
360 176
360 210
360 211
360 212
360 213
360 214
360 215
360 216
360 217
360 436
360 437
360 438
360 439
360 440
360 441
360 442
360 443
360 444
360 475
360 476
360 477
360 478
360 479
360 480
360 481
360 482
360 483
360 484
360 485
360 517
360 518
360 519
360 520
360 521
360 522
360 523
360 524
361 182
361 183
361 184
361 185
361 186
361 187
361 222
361 223
361 224
361 225
361 226
361 227
361 410
361 411
361 412
361 447
361 448
361 449
361 450
361 451
361 452
361 453
361 454
361 455
361 486
361 487
361 488
361 489
361 490
361 491
361 492
361 493
361 494
361 495
361 496
361 529
361 530
361 531
361 532
361 533
361 534
362 192
362 193
362 194
362 195
362 196
362 197
362 198
362 199
362 233
362 234
362 235
362 236
362 237
362 238
362 419
362 420
362 421
362 422
362 423
362 424
362 425
362 457
362 458
362 459
362 460
362 461
362 462
362 463
362 464
362 465
362 466
362 467
362 498
362 499
362 500
362 501
362 502
362 503
362 504
362 505
362 506
362 543
363 165
363 166
363 167
363 168
363 203
363 204
363 205
363 206
363 207
363 208
363 209
363 210
363 246
363 247
363 429
363 430
363 431
363 432
363 433
363 434
363 435
363 436
363 437
363 468
363 469
363 470
363 471
363 472
363 473
363 474
363 475
363 476
363 477
363 478
363 509
363 510
363 511
363 512
363 513
363 514
363 515
363 516
363 517
364 175
364 176
364 177
364 178
364 179
364 180
364 214
364 215
364 216
364 217
364 218
364 219
364 220
364 440
364 441
364 442
364 443
364 444
364 445
364 446
364 447
364 448
364 479
364 480
364 481
364 482
364 483
364 484
364 485
364 486
364 487
364 488
364 489
364 521
364 522
364 523
364 524
364 525
364 526
364 527
364 528
365 185
365 186
365 187
365 188
365 189
365 190
365 191
365 226
365 227
365 228
365 229
365 230
365 231
365 413
365 414
365 415
365 416
365 417
365 450
365 451
365 452
365 453
365 454
365 455
365 456
365 457
365 458
365 459
365 490
365 491
365 492
365 493
365 494
365 495
365 496
365 497
365 498
365 499
365 533
365 534
365 535
365 536
365 537
365 538
366 196
366 197
366 198
366 199
366 200
366 201
366 202
366 238
366 239
366 240
366 241
366 423
366 424
366 425
366 426
366 427
366 428
366 429
366 461
366 462
366 463
366 464
366 465
366 466
366 467
366 468
366 469
366 470
366 502
366 503
366 504
366 505
366 506
366 507
366 508
366 509
366 510
367 169
367 170
367 171
367 172
367 207
367 208
367 209
367 210
367 211
367 212
367 213
367 433
367 434
367 435
367 436
367 437
367 438
367 439
367 440
367 441
367 472
367 473
367 474
367 475
367 476
367 477
367 478
367 479
367 480
367 481
367 513
367 514
367 515
367 516
367 517
367 518
367 519
367 520
367 521
368 179
368 180
368 181
368 182
368 183
368 184
368 218
368 219
368 220
368 221
368 222
368 223
368 224
368 443
368 444
368 445
368 446
368 447
368 448
368 449
368 450
368 451
368 452
368 483
368 484
368 485
368 486
368 487
368 488
368 489
368 490
368 491
368 492
368 525
368 526
368 527
368 528
368 529
368 530
368 531
369 189
369 190
369 191
369 192
369 193
369 194
369 195
369 230
369 231
369 232
369 233
369 234
369 235
369 416
369 417
369 418
369 419
369 420
369 421
369 454
369 455
369 456
369 457
369 458
369 459
369 460
369 461
369 462
369 463
369 494
369 495
369 496
369 497
369 498
369 499
369 500
369 501
369 502
369 503
369 538
369 539
369 540
369 541
370 200
370 201
370 202
370 203
370 204
370 205
370 206
370 242
370 243
370 244
370 426
370 427
370 428
370 429
370 430
370 431
370 432
370 433
370 465
370 466
370 467
370 468
370 469
370 470
370 471
370 472
370 473
370 474
370 506
370 507
370 508
370 509
370 510
370 511
370 512
370 513
370 514
371 172
371 173
371 174
371 175
371 176
371 211
371 212
371 213
371 214
371 215
371 216
371 217
371 436
371 437
371 438
371 439
371 440
371 441
371 442
371 443
371 444
371 445
371 476
371 477
371 478
371 479
371 480
371 481
371 482
371 483
371 484
371 485
371 518
371 519
371 520
371 521
371 522
371 523
371 524
372 182
372 183
372 184
372 185
372 186
372 187
372 188
372 222
372 223
372 224
372 225
372 226
372 227
372 228
372 411
372 412
372 447
372 448
372 449
372 450
372 451
372 452
372 453
372 454
372 455
372 456
372 487
372 488
372 489
372 490
372 491
372 492
372 493
372 494
372 495
372 496
372 530
372 531
372 532
372 533
372 534
372 535
373 193
373 194
373 195
373 196
373 197
373 198
373 199
373 234
373 235
373 236
373 237
373 238
373 420
373 421
373 422
373 423
373 424
373 425
373 458
373 459
373 460
373 461
373 462
373 463
373 464
373 465
373 466
373 467
373 498
373 499
373 500
373 501
373 502
373 503
373 504
373 505
373 506
373 507
374 166
374 167
374 168
374 204
374 205
374 206
374 207
374 208
374 209
374 210
374 430
374 431
374 432
374 433
374 434
374 435
374 436
374 437
374 469
374 470
374 471
374 472
374 473
374 474
374 475
374 476
374 477
374 478
374 510
374 511
374 512
374 513
374 514
374 515
374 516
374 517
374 518
375 176
375 177
375 178
375 179
375 180
375 215
375 216
375 217
375 218
375 219
375 220
375 221
375 440
375 441
375 442
375 443
375 444
375 445
375 446
375 447
375 448
375 480
375 481
375 482
375 483
375 484
375 485
375 486
375 487
375 488
375 489
375 522
375 523
375 524
375 525
375 526
375 527
375 528
376 186
376 187
376 188
376 189
376 190
376 191
376 192
376 227
376 228
376 229
376 230
376 231
376 414
376 415
376 416
376 417
376 451
376 452
376 453
376 454
376 455
376 456
376 457
376 458
376 459
376 460
376 491
376 492
376 493
376 494
376 495
376 496
376 497
376 498
376 499
376 500
376 534
376 535
376 536
376 537
376 538
377 197
377 198
377 199
377 200
377 201
377 202
377 203
377 239
377 240
377 241
377 423
377 424
377 425
377 426
377 427
377 428
377 429
377 462
377 463
377 464
377 465
377 466
377 467
377 468
377 469
377 470
377 471
377 502
377 503
377 504
377 505
377 506
377 507
377 508
377 509
377 510
377 511
378 169
378 170
378 171
378 172
378 208
378 209
378 210
378 211
378 212
378 213
378 214
378 433
378 434
378 435
378 436
378 437
378 438
378 439
378 440
378 441
378 473
378 474
378 475
378 476
378 477
378 478
378 479
378 480
378 481
378 482
378 514
378 515
378 516
378 517
378 518
378 519
378 520
378 521
379 179
379 180
379 181
379 182
379 183
379 184
379 219
379 220
379 221
379 222
379 223
379 224
379 444
379 445
379 446
379 447
379 448
379 449
379 450
379 451
379 452
379 484
379 485
379 486
379 487
379 488
379 489
379 490
379 491
379 492
379 493
379 526
379 527
379 528
379 529
379 530
379 531
379 532
380 190
380 191
380 192
380 193
380 194
380 195
380 231
380 232
380 233
380 234
380 235
380 417
380 418
380 419
380 420
380 421
380 422
380 455
380 456
380 457
380 458
380 459
380 460
380 461
380 462
380 463
380 464
380 495
380 496
380 497
380 498
380 499
380 500
380 501
380 502
380 503
380 504
380 539
380 540
380 541
381 201
381 202
381 203
381 204
381 205
381 206
381 207
381 243
381 244
381 427
381 428
381 429
381 430
381 431
381 432
381 433
381 465
381 466
381 467
381 468
381 469
381 470
381 471
381 472
381 473
381 474
381 475
381 506
381 507
381 508
381 509
381 510
381 511
381 512
381 513
381 514
382 173
382 174
382 175
382 176
382 212
382 213
382 214
382 215
382 216
382 217
382 437
382 438
382 439
382 440
382 441
382 442
382 443
382 444
382 445
382 476
382 477
382 478
382 479
382 480
382 481
382 482
382 483
382 484
382 485
382 486
382 518
382 519
382 520
382 521
382 522
382 523
382 524
382 525
383 183
383 184
383 185
383 186
383 187
383 188
383 223
383 224
383 225
383 226
383 227
383 228
383 411
383 412
383 413
383 448
383 449
383 450
383 451
383 452
383 453
383 454
383 455
383 456
383 488
383 489
383 490
383 491
383 492
383 493
383 494
383 495
383 496
383 497
383 530
383 531
383 532
383 533
383 534
383 535
384 194
384 195
384 196
384 197
384 198
384 199
384 235
384 236
384 237
384 238
384 420
384 421
384 422
384 423
384 424
384 425
384 426
384 458
384 459
384 460
384 461
384 462
384 463
384 464
384 465
384 466
384 467
384 468
384 499
384 500
384 501
384 502
384 503
384 504
384 505
384 506
384 507
385 167
385 168
385 205
385 206
385 207
385 208
385 209
385 210
385 430
385 431
385 432
385 433
385 434
385 435
385 436
385 437
385 438
385 469
385 470
385 471
385 472
385 473
385 474
385 475
385 476
385 477
385 478
385 479
385 511
385 512
385 513
385 514
385 515
385 516
385 517
385 518
386 176
386 177
386 178
386 179
386 180
386 181
386 216
386 217
386 218
386 219
386 220
386 221
386 441
386 442
386 443
386 444
386 445
386 446
386 447
386 448
386 449
386 480
386 481
386 482
386 483
386 484
386 485
386 486
386 487
386 488
386 489
386 490
386 522
386 523
386 524
386 525
386 526
386 527
386 528
386 529
387 187
387 188
387 189
387 190
387 191
387 192
387 227
387 228
387 229
387 230
387 231
387 232
387 414
387 415
387 416
387 417
387 418
387 451
387 452
387 453
387 454
387 455
387 456
387 457
387 458
387 459
387 460
387 492
387 493
387 494
387 495
387 496
387 497
387 498
387 499
387 500
387 535
387 536
387 537
387 538
388 197
388 198
388 199
388 200
388 201
388 202
388 203
388 239
388 240
388 241
388 242
388 424
388 425
388 426
388 427
388 428
388 429
388 430
388 462
388 463
388 464
388 465
388 466
388 467
388 468
388 469
388 470
388 471
388 503
388 504
388 505
388 506
388 507
388 508
388 509
388 510
388 511
389 170
389 171
389 172
389 173
389 208
389 209
389 210
389 211
389 212
389 213
389 214
389 434
389 435
389 436
389 437
389 438
389 439
389 440
389 441
389 442
389 473
389 474
389 475
389 476
389 477
389 478
389 479
389 480
389 481
389 482
389 515
389 516
389 517
389 518
389 519
389 520
389 521
389 522
390 180
390 181
390 182
390 183
390 184
390 185
390 220
390 221
390 222
390 223
390 224
390 225
390 444
390 445
390 446
390 447
390 448
390 449
390 450
390 451
390 452
390 453
390 484
390 485
390 486
390 487
390 488
390 489
390 490
390 491
390 492
390 493
390 527
390 528
390 529
390 530
390 531
390 532
391 190
391 191
391 192
391 193
391 194
391 195
391 196
391 231
391 232
391 233
391 234
391 235
391 417
391 418
391 419
391 420
391 421
391 422
391 455
391 456
391 457
391 458
391 459
391 460
391 461
391 462
391 463
391 464
391 496
391 497
391 498
391 499
391 500
391 501
391 502
391 503
391 504
391 540
391 541
391 542
392 201
392 202
392 203
392 204
392 205
392 206
392 207
392 427
392 428
392 429
392 430
392 431
392 432
392 433
392 434
392 466
392 467
392 468
392 469
392 470
392 471
392 472
392 473
392 474
392 475
392 507
392 508
392 509
392 510
392 511
392 512
392 513
392 514
392 515
393 173
393 174
393 175
393 176
393 177
393 212
393 213
393 214
393 215
393 216
393 217
393 218
393 438
393 439
393 440
393 441
393 442
393 443
393 444
393 445
393 446
393 477
393 478
393 479
393 480
393 481
393 482
393 483
393 484
393 485
393 486
393 519
393 520
393 521
393 522
393 523
393 524
393 525
394 183
394 184
394 185
394 186
394 187
394 188
394 224
394 225
394 226
394 227
394 228
394 412
394 413
394 414
394 448
394 449
394 450
394 451
394 452
394 453
394 454
394 455
394 456
394 457
394 488
394 489
394 490
394 491
394 492
394 493
394 494
394 495
394 496
394 497
394 531
394 532
394 533
394 534
394 535
394 536
395 194
395 195
395 196
395 197
395 198
395 199
395 200
395 236
395 237
395 238
395 239
395 421
395 422
395 423
395 424
395 425
395 426
395 459
395 460
395 461
395 462
395 463
395 464
395 465
395 466
395 467
395 468
395 500
395 501
395 502
395 503
395 504
395 505
395 506
395 507
395 508
396 167
396 168
396 169
396 205
396 206
396 207
396 208
396 209
396 210
396 211
396 431
396 432
396 433
396 434
396 435
396 436
396 437
396 438
396 470
396 471
396 472
396 473
396 474
396 475
396 476
396 477
396 478
396 479
396 511
396 512
396 513
396 514
396 515
396 516
396 517
396 518
396 519
397 177
397 178
397 179
397 180
397 181
397 216
397 217
397 218
397 219
397 220
397 221
397 222
397 441
397 442
397 443
397 444
397 445
397 446
397 447
397 448
397 449
397 450
397 481
397 482
397 483
397 484
397 485
397 486
397 487
397 488
397 489
397 490
397 523
397 524
397 525
397 526
397 527
397 528
397 529
398 187
398 188
398 189
398 190
398 191
398 192
398 228
398 229
398 230
398 231
398 232
398 415
398 416
398 417
398 418
398 452
398 453
398 454
398 455
398 456
398 457
398 458
398 459
398 460
398 461
398 492
398 493
398 494
398 495
398 496
398 497
398 498
398 499
398 500
398 501
398 536
398 537
398 538
398 539
399 198
399 199
399 200
399 201
399 202
399 203
399 204
399 240
399 241
399 242
399 424
399 425
399 426
399 427
399 428
399 429
399 430
399 463
399 464
399 465
399 466
399 467
399 468
399 469
399 470
399 471
399 472
399 504
399 505
399 506
399 507
399 508
399 509
399 510
399 511
399 512
400 170
400 171
400 172
400 173
400 209
400 210
400 211
400 212
400 213
400 214
400 215
400 434
400 435
400 436
400 437
400 438
400 439
400 440
400 441
400 442
400 474
400 475
400 476
400 477
400 478
400 479
400 480
400 481
400 482
400 483
400 515
400 516
400 517
400 518
400 519
400 520
400 521
400 522
401 180
401 181
401 182
401 183
401 184
401 185
401 220
401 221
401 222
401 223
401 224
401 225
401 445
401 446
401 447
401 448
401 449
401 450
401 451
401 452
401 453
401 485
401 486
401 487
401 488
401 489
401 490
401 491
401 492
401 493
401 494
401 527
401 528
401 529
401 530
401 531
401 532
401 533
402 191
402 192
402 193
402 194
402 195
402 196
402 232
402 233
402 234
402 235
402 418
402 419
402 420
402 421
402 422
402 423
402 456
402 457
402 458
402 459
402 460
402 461
402 462
402 463
402 464
402 465
402 496
402 497
402 498
402 499
402 500
402 501
402 502
402 503
402 504
402 505
402 541
402 542
403 202
403 203
403 204
403 205
403 206
403 207
403 428
403 429
403 430
403 431
403 432
403 433
403 434
403 435
403 467
403 468
403 469
403 470
403 471
403 472
403 473
403 474
403 475
403 476
403 508
403 509
403 510
403 511
403 512
403 513
403 514
403 515
404 174
404 175
404 176
404 177
404 213
404 214
404 215
404 216
404 217
404 218
404 438
404 439
404 440
404 441
404 442
404 443
404 444
404 445
404 446
404 478
404 479
404 480
404 481
404 482
404 483
404 484
404 485
404 486
404 487
404 519
404 520
404 521
404 522
404 523
404 524
404 525
404 526
405 184
405 185
405 186
405 187
405 188
405 189
405 225
405 226
405 227
405 228
405 229
405 412
405 413
405 414
405 449
405 450
405 451
405 452
405 453
405 454
405 455
405 456
405 457
405 489
405 490
405 491
405 492
405 493
405 494
405 495
405 496
405 497
405 498
405 532
405 533
405 534
405 535
405 536
406 195
406 196
406 197
406 198
406 199
406 200
406 237
406 238
406 239
406 421
406 422
406 423
406 424
406 425
406 426
406 427
406 459
406 460
406 461
406 462
406 463
406 464
406 465
406 466
406 467
406 468
406 469
406 500
406 501
406 502
406 503
406 504
406 505
406 506
406 507
406 508
407 168
407 169
407 206
407 207
407 208
407 209
407 210
407 211
407 431
407 432
407 433
407 434
407 435
407 436
407 437
407 438
407 439
407 470
407 471
407 472
407 473
407 474
407 475
407 476
407 477
407 478
407 479
407 480
407 512
407 513
407 514
407 515
407 516
407 517
407 518
407 519
408 177
408 178
408 179
408 180
408 181
408 217
408 218
408 219
408 220
408 221
408 222
408 442
408 443
408 444
408 445
408 446
408 447
408 448
408 449
408 450
408 482
408 483
408 484
408 485
408 486
408 487
408 488
408 489
408 490
408 491
408 524
408 525
408 526
408 527
408 528
408 529
408 530
409 188
409 189
409 190
409 191
409 192
409 193
409 229
409 230
409 231
409 232
409 415
409 416
409 417
409 418
409 419
409 452
409 453
409 454
409 455
409 456
409 457
409 458
409 459
409 460
409 461
409 493
409 494
409 495
409 496
409 497
409 498
409 499
409 500
409 501
409 536
409 537
409 538
409 539
410 199
410 200
410 201
410 202
410 203
410 204
410 425
410 426
410 427
410 428
410 429
410 430
410 431
410 463
410 464
410 465
410 466
410 467
410 468
410 469
410 470
410 471
410 472
410 504
410 505
410 506
410 507
410 508
410 509
410 510
410 511
410 512
411 171
411 172
411 173
411 210
411 211
411 212
411 213
411 214
411 215
411 435
411 436
411 437
411 438
411 439
411 440
411 441
411 442
411 443
411 474
411 475
411 476
411 477
411 478
411 479
411 480
411 481
411 482
411 483
411 516
411 517
411 518
411 519
411 520
411 521
411 522
411 523
412 181
412 182
412 183
412 184
412 185
412 221
412 222
412 223
412 224
412 225
412 226
412 445
412 446
412 447
412 448
412 449
412 450
412 451
412 452
412 453
412 454
412 485
412 486
412 487
412 488
412 489
412 490
412 491
412 492
412 493
412 494
412 528
412 529
412 530
412 531
412 532
412 533
413 192
413 193
413 194
413 195
413 196
413 197
413 233
413 234
413 235
413 236
413 418
413 419
413 420
413 421
413 422
413 423
413 456
413 457
413 458
413 459
413 460
413 461
413 462
413 463
413 464
413 465
413 497
413 498
413 499
413 500
413 501
413 502
413 503
413 504
413 505
413 541
413 542
414 203
414 204
414 205
414 206
414 207
414 208
414 428
414 429
414 430
414 431
414 432
414 433
414 434
414 435
414 467
414 468
414 469
414 470
414 471
414 472
414 473
414 474
414 475
414 476
414 508
414 509
414 510
414 511
414 512
414 513
414 514
414 515
414 516
415 174
415 175
415 176
415 177
415 178
415 214
415 215
415 216
415 217
415 218
415 219
415 439
415 440
415 441
415 442
415 443
415 444
415 445
415 446
415 447
415 478
415 479
415 480
415 481
415 482
415 483
415 484
415 485
415 486
415 487
415 520
415 521
415 522
415 523
415 524
415 525
415 526
416 185
416 186
416 187
416 188
416 189
416 225
416 226
416 227
416 228
416 229
416 413
416 414
416 415
416 449
416 450
416 451
416 452
416 453
416 454
416 455
416 456
416 457
416 458
416 489
416 490
416 491
416 492
416 493
416 494
416 495
416 496
416 497
416 498
416 532
416 533
416 534
416 535
416 536
416 537
417 195
417 196
417 197
417 198
417 199
417 200
417 238
417 239
417 422
417 423
417 424
417 425
417 426
417 427
417 460
417 461
417 462
417 463
417 464
417 465
417 466
417 467
417 468
417 469
417 501
417 502
417 503
417 504
417 505
417 506
417 507
417 508
417 509
418 168
418 169
418 206
418 207
418 208
418 209
418 210
418 211
418 432
418 433
418 434
418 435
418 436
418 437
418 438
418 439
418 471
418 472
418 473
418 474
418 475
418 476
418 477
418 478
418 479
418 480
418 512
418 513
418 514
418 515
418 516
418 517
418 518
418 519
418 520
419 178
419 179
419 180
419 181
419 182
419 218
419 219
419 220
419 221
419 222
419 442
419 443
419 444
419 445
419 446
419 447
419 448
419 449
419 450
419 451
419 482
419 483
419 484
419 485
419 486
419 487
419 488
419 489
419 490
419 491
419 524
419 525
419 526
419 527
419 528
419 529
419 530
420 188
420 189
420 190
420 191
420 192
420 193
420 230
420 231
420 232
420 233
420 416
420 417
420 418
420 419
420 453
420 454
420 455
420 456
420 457
420 458
420 459
420 460
420 461
420 462
420 493
420 494
420 495
420 496
420 497
420 498
420 499
420 500
420 501
420 502
420 537
420 538
420 539
420 540
421 199
421 200
421 201
421 202
421 203
421 204
421 425
421 426
421 427
421 428
421 429
421 430
421 431
421 464
421 465
421 466
421 467
421 468
421 469
421 470
421 471
421 472
421 473
421 505
421 506
421 507
421 508
421 509
421 510
421 511
421 512
421 513
422 171
422 172
422 173
422 174
422 210
422 211
422 212
422 213
422 214
422 215
422 435
422 436
422 437
422 438
422 439
422 440
422 441
422 442
422 443
422 475
422 476
422 477
422 478
422 479
422 480
422 481
422 482
422 483
422 484
422 517
422 518
422 519
422 520
422 521
422 522
422 523
423 182
423 183
423 184
423 185
423 186
423 222
423 223
423 224
423 225
423 226
423 446
423 447
423 448
423 449
423 450
423 451
423 452
423 453
423 454
423 486
423 487
423 488
423 489
423 490
423 491
423 492
423 493
423 494
423 495
423 529
423 530
423 531
423 532
423 533
423 534
424 192
424 193
424 194
424 195
424 196
424 197
424 234
424 235
424 236
424 419
424 420
424 421
424 422
424 423
424 424
424 457
424 458
424 459
424 460
424 461
424 462
424 463
424 464
424 465
424 466
424 497
424 498
424 499
424 500
424 501
424 502
424 503
424 504
424 505
424 506
424 542
425 203
425 204
425 205
425 206
425 207
425 208
425 429
425 430
425 431
425 432
425 433
425 434
425 435
425 436
425 468
425 469
425 470
425 471
425 472
425 473
425 474
425 475
425 476
425 477
425 509
425 510
425 511
425 512
425 513
425 514
425 515
425 516
426 175
426 176
426 177
426 178
426 215
426 216
426 217
426 218
426 219
426 439
426 440
426 441
426 442
426 443
426 444
426 445
426 446
426 447
426 479
426 480
426 481
426 482
426 483
426 484
426 485
426 486
426 487
426 488
426 521
426 522
426 523
426 524
426 525
426 526
426 527
427 185
427 186
427 187
427 188
427 189
427 190
427 226
427 227
427 228
427 229
427 413
427 414
427 415
427 450
427 451
427 452
427 453
427 454
427 455
427 456
427 457
427 458
427 490
427 491
427 492
427 493
427 494
427 495
427 496
427 497
427 498
427 499
427 533
427 534
427 535
427 536
427 537
428 196
428 197
428 198
428 199
428 200
428 201
428 422
428 423
428 424
428 425
428 426
428 427
428 428
428 461
428 462
428 463
428 464
428 465
428 466
428 467
428 468
428 469
428 470
428 501
428 502
428 503
428 504
428 505
428 506
428 507
428 508
428 509
428 510
429 169
429 207
429 208
429 209
429 210
429 211
429 212
429 432
429 433
429 434
429 435
429 436
429 437
429 438
429 439
429 440
429 472
429 473
429 474
429 475
429 476
429 477
429 478
429 479
429 480
429 481
429 513
429 514
429 515
429 516
429 517
429 518
429 519
429 520
430 179
430 180
430 181
430 182
430 219
430 220
430 221
430 222
430 223
430 443
430 444
430 445
430 446
430 447
430 448
430 449
430 450
430 451
430 483
430 484
430 485
430 486
430 487
430 488
430 489
430 490
430 491
430 492
430 525
430 526
430 527
430 528
430 529
430 530
430 531
431 189
431 190
431 191
431 192
431 193
431 231
431 232
431 233
431 416
431 417
431 418
431 419
431 420
431 454
431 455
431 456
431 457
431 458
431 459
431 460
431 461
431 462
431 494
431 495
431 496
431 497
431 498
431 499
431 500
431 501
431 502
431 503
431 538
431 539
431 540
432 200
432 201
432 202
432 203
432 204
432 205
432 426
432 427
432 428
432 429
432 430
432 431
432 432
432 464
432 465
432 466
432 467
432 468
432 469
432 470
432 471
432 472
432 473
432 505
432 506
432 507
432 508
432 509
432 510
432 511
432 512
432 513
433 172
433 173
433 174
433 211
433 212
433 213
433 214
433 215
433 216
433 436
433 437
433 438
433 439
433 440
433 441
433 442
433 443
433 444
433 475
433 476
433 477
433 478
433 479
433 480
433 481
433 482
433 483
433 484
433 517
433 518
433 519
433 520
433 521
433 522
433 523
433 524
434 182
434 183
434 184
434 185
434 186
434 223
434 224
434 225
434 226
434 447
434 448
434 449
434 450
434 451
434 452
434 453
434 454
434 455
434 487
434 488
434 489
434 490
434 491
434 492
434 493
434 494
434 495
434 529
434 530
434 531
434 532
434 533
434 534
435 193
435 194
435 195
435 196
435 197
435 235
435 236
435 419
435 420
435 421
435 422
435 423
435 424
435 457
435 458
435 459
435 460
435 461
435 462
435 463
435 464
435 465
435 466
435 498
435 499
435 500
435 501
435 502
435 503
435 504
435 505
435 506
436 204
436 205
436 206
436 207
436 208
436 429
436 430
436 431
436 432
436 433
436 434
436 435
436 436
436 468
436 469
436 470
436 471
436 472
436 473
436 474
436 475
436 476
436 477
436 510
436 511
436 512
436 513
436 514
436 515
436 516
436 517
437 176
437 177
437 178
437 215
437 216
437 217
437 218
437 219
437 440
437 441
437 442
437 443
437 444
437 445
437 446
437 447
437 448
437 479
437 480
437 481
437 482
437 483
437 484
437 485
437 486
437 487
437 488
437 521
437 522
437 523
437 524
437 525
437 526
437 527
438 186
438 187
438 188
438 189
438 190
438 227
438 228
438 229
438 230
438 414
438 415
438 416
438 450
438 451
438 452
438 453
438 454
438 455
438 456
438 457
438 458
438 459
438 491
438 492
438 493
438 494
438 495
438 496
438 497
438 498
438 499
438 534
438 535
438 536
438 537
439 197
439 198
439 199
439 200
439 201
439 423
439 424
439 425
439 426
439 427
439 428
439 461
439 462
439 463
439 464
439 465
439 466
439 467
439 468
439 469
439 470
439 502
439 503
439 504
439 505
439 506
439 507
439 508
439 509
439 510
440 208
440 209
440 210
440 211
440 212
440 433
440 434
440 435
440 436
440 437
440 438
440 439
440 440
440 472
440 473
440 474
440 475
440 476
440 477
440 478
440 479
440 480
440 481
440 514
440 515
440 516
440 517
440 518
440 519
440 520
440 521
441 179
441 180
441 181
441 182
441 219
441 220
441 221
441 222
441 223
441 443
441 444
441 445
441 446
441 447
441 448
441 449
441 450
441 451
441 452
441 483
441 484
441 485
441 486
441 487
441 488
441 489
441 490
441 491
441 492
441 526
441 527
441 528
441 529
441 530
441 531
442 190
442 191
442 192
442 193
442 194
442 232
442 233
442 417
442 418
442 419
442 420
442 454
442 455
442 456
442 457
442 458
442 459
442 460
442 461
442 462
442 463
442 495
442 496
442 497
442 498
442 499
442 500
442 501
442 502
442 503
442 539
442 540
442 541
443 201
443 202
443 203
443 204
443 205
443 426
443 427
443 428
443 429
443 430
443 431
443 432
443 465
443 466
443 467
443 468
443 469
443 470
443 471
443 472
443 473
443 474
443 506
443 507
443 508
443 509
443 510
443 511
443 512
443 513
443 514
444 173
444 174
444 212
444 213
444 214
444 215
444 216
444 437
444 438
444 439
444 440
444 441
444 442
444 443
444 444
444 476
444 477
444 478
444 479
444 480
444 481
444 482
444 483
444 484
444 485
444 518
444 519
444 520
444 521
444 522
444 523
444 524
445 183
445 184
445 185
445 186
445 224
445 225
445 226
445 447
445 448
445 449
445 450
445 451
445 452
445 453
445 454
445 455
445 487
445 488
445 489
445 490
445 491
445 492
445 493
445 494
445 495
445 496
445 530
445 531
445 532
445 533
445 534
445 535
446 194
446 195
446 196
446 197
446 198
446 420
446 421
446 422
446 423
446 424
446 425
446 458
446 459
446 460
446 461
446 462
446 463
446 464
446 465
446 466
446 467
446 499
446 500
446 501
446 502
446 503
446 504
446 505
446 506
446 507
447 205
447 206
447 207
447 208
447 209
447 430
447 431
447 432
447 433
447 434
447 435
447 436
447 437
447 469
447 470
447 471
447 472
447 473
447 474
447 475
447 476
447 477
447 478
447 510
447 511
447 512
447 513
447 514
447 515
447 516
447 517
448 176
448 177
448 178
448 216
448 217
448 218
448 219
448 440
448 441
448 442
448 443
448 444
448 445
448 446
448 447
448 448
448 480
448 481
448 482
448 483
448 484
448 485
448 486
448 487
448 488
448 489
448 522
448 523
448 524
448 525
448 526
448 527
448 528
449 187
449 188
449 189
449 190
449 228
449 229
449 230
449 414
449 415
449 416
449 451
449 452
449 453
449 454
449 455
449 456
449 457
449 458
449 459
449 491
449 492
449 493
449 494
449 495
449 496
449 497
449 498
449 499
449 500
449 535
449 536
449 537
449 538
450 197
450 198
450 199
450 200
450 201
450 423
450 424
450 425
450 426
450 427
450 428
450 429
450 462
450 463
450 464
450 465
450 466
450 467
450 468
450 469
450 470
450 471
450 503
450 504
450 505
450 506
450 507
450 508
450 509
450 510
450 511
451 209
451 210
451 211
451 212
451 433
451 434
451 435
451 436
451 437
451 438
451 439
451 440
451 441
451 473
451 474
451 475
451 476
451 477
451 478
451 479
451 480
451 481
451 482
451 514
451 515
451 516
451 517
451 518
451 519
451 520
451 521
452 180
452 181
452 182
452 183
452 220
452 221
452 222
452 223
452 444
452 445
452 446
452 447
452 448
452 449
452 450
452 451
452 452
452 484
452 485
452 486
452 487
452 488
452 489
452 490
452 491
452 492
452 493
452 526
452 527
452 528
452 529
452 530
452 531
452 532
453 190
453 191
453 192
453 193
453 194
453 417
453 418
453 419
453 420
453 421
453 455
453 456
453 457
453 458
453 459
453 460
453 461
453 462
453 463
453 495
453 496
453 497
453 498
453 499
453 500
453 501
453 502
453 503
453 504
453 540
453 541
454 201
454 202
454 203
454 204
454 205
454 427
454 428
454 429
454 430
454 431
454 432
454 433
454 466
454 467
454 468
454 469
454 470
454 471
454 472
454 473
454 474
454 507
454 508
454 509
454 510
454 511
454 512
454 513
454 514
455 173
455 174
455 213
455 214
455 215
455 216
455 437
455 438
455 439
455 440
455 441
455 442
455 443
455 444
455 445
455 477
455 478
455 479
455 480
455 481
455 482
455 483
455 484
455 485
455 486
455 519
455 520
455 521
455 522
455 523
455 524
455 525
456 183
456 184
456 185
456 186
456 187
456 225
456 226
456 448
456 449
456 450
456 451
456 452
456 453
456 454
456 455
456 456
456 488
456 489
456 490
456 491
456 492
456 493
456 494
456 495
456 496
456 531
456 532
456 533
456 534
456 535
457 194
457 195
457 196
457 197
457 198
457 420
457 421
457 422
457 423
457 424
457 425
457 459
457 460
457 461
457 462
457 463
457 464
457 465
457 466
457 467
457 499
457 500
457 501
457 502
457 503
457 504
457 505
457 506
457 507
458 205
458 206
458 207
458 208
458 209
458 430
458 431
458 432
458 433
458 434
458 435
458 436
458 437
458 469
458 470
458 471
458 472
458 473
458 474
458 475
458 476
458 477
458 478
458 511
458 512
458 513
458 514
458 515
458 516
458 517
458 518
459 177
459 178
459 179
459 217
459 218
459 219
459 220
459 441
459 442
459 443
459 444
459 445
459 446
459 447
459 448
459 449
459 481
459 482
459 483
459 484
459 485
459 486
459 487
459 488
459 489
459 523
459 524
459 525
459 526
459 527
459 528
460 187
460 188
460 189
460 190
460 415
460 416
460 417
460 451
460 452
460 453
460 454
460 455
460 456
460 457
460 458
460 459
460 460
460 492
460 493
460 494
460 495
460 496
460 497
460 498
460 499
460 500
460 535
460 536
460 537
460 538
461 198
461 199
461 200
461 201
461 202
461 424
461 425
461 426
461 427
461 428
461 429
461 462
461 463
461 464
461 465
461 466
461 467
461 468
461 469
461 470
461 471
461 503
461 504
461 505
461 506
461 507
461 508
461 509
461 510
461 511
462 209
462 210
462 211
462 212
462 213
462 434
462 435
462 436
462 437
462 438
462 439
462 440
462 441
462 473
462 474
462 475
462 476
462 477
462 478
462 479
462 480
462 481
462 482
462 515
462 516
462 517
462 518
462 519
462 520
462 521
462 522
463 180
463 181
463 182
463 183
463 221
463 222
463 223
463 445
463 446
463 447
463 448
463 449
463 450
463 451
463 452
463 453
463 485
463 486
463 487
463 488
463 489
463 490
463 491
463 492
463 493
463 527
463 528
463 529
463 530
463 531
463 532
464 191
464 192
464 193
464 194
464 418
464 419
464 420
464 421
464 455
464 456
464 457
464 458
464 459
464 460
464 461
464 462
464 463
464 464
464 496
464 497
464 498
464 499
464 500
464 501
464 502
464 503
464 504
464 540
464 541
465 202
465 203
465 204
465 205
465 427
465 428
465 429
465 430
465 431
465 432
465 433
465 466
465 467
465 468
465 469
465 470
465 471
465 472
465 473
465 474
465 475
465 507
465 508
465 509
465 510
465 511
465 512
465 513
465 514
465 515
466 174
466 214
466 215
466 216
466 438
466 439
466 440
466 441
466 442
466 443
466 444
466 445
466 477
466 478
466 479
466 480
466 481
466 482
466 483
466 484
466 485
466 486
466 519
466 520
466 521
466 522
466 523
466 524
466 525
467 184
467 185
467 186
467 187
467 226
467 448
467 449
467 450
467 451
467 452
467 453
467 454
467 455
467 456
467 488
467 489
467 490
467 491
467 492
467 493
467 494
467 495
467 496
467 497
467 532
467 533
467 534
467 535
468 195
468 196
468 197
468 198
468 421
468 422
468 423
468 424
468 425
468 426
468 459
468 460
468 461
468 462
468 463
468 464
468 465
468 466
468 467
468 468
468 500
468 501
468 502
468 503
468 504
468 505
468 506
468 507
468 508
469 206
469 207
469 208
469 209
469 431
469 432
469 433
469 434
469 435
469 436
469 437
469 438
469 470
469 471
469 472
469 473
469 474
469 475
469 476
469 477
469 478
469 479
469 512
469 513
469 514
469 515
469 516
469 517
469 518
470 178
470 179
470 218
470 219
470 220
470 441
470 442
470 443
470 444
470 445
470 446
470 447
470 448
470 449
470 481
470 482
470 483
470 484
470 485
470 486
470 487
470 488
470 489
470 490
470 524
470 525
470 526
470 527
470 528
470 529
471 188
471 189
471 190
471 191
471 415
471 416
471 417
471 452
471 453
471 454
471 455
471 456
471 457
471 458
471 459
471 460
471 492
471 493
471 494
471 495
471 496
471 497
471 498
471 499
471 500
471 501
471 536
471 537
471 538
471 539
472 199
472 200
472 201
472 202
472 424
472 425
472 426
472 427
472 428
472 429
472 430
472 463
472 464
472 465
472 466
472 467
472 468
472 469
472 470
472 471
472 472
472 504
472 505
472 506
472 507
472 508
472 509
472 510
472 511
472 512
473 210
473 211
473 212
473 213
473 435
473 436
473 437
473 438
473 439
473 440
473 441
473 442
473 474
473 475
473 476
473 477
473 478
473 479
473 480
473 481
473 482
473 483
473 516
473 517
473 518
473 519
473 520
473 521
473 522
474 181
474 182
474 183
474 222
474 223
474 445
474 446
474 447
474 448
474 449
474 450
474 451
474 452
474 453
474 485
474 486
474 487
474 488
474 489
474 490
474 491
474 492
474 493
474 494
474 528
474 529
474 530
474 531
474 532
475 192
475 193
475 194
475 195
475 418
475 419
475 420
475 421
475 422
475 456
475 457
475 458
475 459
475 460
475 461
475 462
475 463
475 464
475 496
475 497
475 498
475 499
475 500
475 501
475 502
475 503
475 504
475 505
476 203
476 204
476 205
476 206
476 428
476 429
476 430
476 431
476 432
476 433
476 434
476 467
476 468
476 469
476 470
476 471
476 472
476 473
476 474
476 475
476 508
476 509
476 510
476 511
476 512
476 513
476 514
476 515
477 214
477 215
477 216
477 438
477 439
477 440
477 441
477 442
477 443
477 444
477 445
477 446
477 478
477 479
477 480
477 481
477 482
477 483
477 484
477 485
477 486
477 487
477 520
477 521
477 522
477 523
477 524
477 525
477 526
478 185
478 186
478 187
478 449
478 450
478 451
478 452
478 453
478 454
478 455
478 456
478 457
478 489
478 490
478 491
478 492
478 493
478 494
478 495
478 496
478 497
478 532
478 533
478 534
478 535
478 536
479 196
479 197
479 198
479 422
479 423
479 424
479 425
479 426
479 460
479 461
479 462
479 463
479 464
479 465
479 466
479 467
479 468
479 501
479 502
479 503
479 504
479 505
479 506
479 507
479 508
480 207
480 208
480 209
480 432
480 433
480 434
480 435
480 436
480 437
480 438
480 471
480 472
480 473
480 474
480 475
480 476
480 477
480 478
480 479
480 512
480 513
480 514
480 515
480 516
480 517
480 518
480 519
481 178
481 179
481 219
481 220
481 442
481 443
481 444
481 445
481 446
481 447
481 448
481 449
481 450
481 482
481 483
481 484
481 485
481 486
481 487
481 488
481 489
481 490
481 524
481 525
481 526
481 527
481 528
481 529
482 189
482 190
482 191
482 416
482 417
482 453
482 454
482 455
482 456
482 457
482 458
482 459
482 460
482 461
482 493
482 494
482 495
482 496
482 497
482 498
482 499
482 500
482 501
482 537
482 538
482 539
483 200
483 201
483 202
483 425
483 426
483 427
483 428
483 429
483 430
483 464
483 465
483 466
483 467
483 468
483 469
483 470
483 471
483 472
483 505
483 506
483 507
483 508
483 509
483 510
483 511
483 512
484 211
484 212
484 213
484 435
484 436
484 437
484 438
484 439
484 440
484 441
484 442
484 475
484 476
484 477
484 478
484 479
484 480
484 481
484 482
484 483
484 516
484 517
484 518
484 519
484 520
484 521
484 522
484 523
485 182
485 183
485 446
485 447
485 448
485 449
485 450
485 451
485 452
485 453
485 454
485 486
485 487
485 488
485 489
485 490
485 491
485 492
485 493
485 494
485 529
485 530
485 531
485 532
485 533
486 193
486 194
486 195
486 419
486 420
486 421
486 422
486 456
486 457
486 458
486 459
486 460
486 461
486 462
486 463
486 464
486 465
486 497
486 498
486 499
486 500
486 501
486 502
486 503
486 504
486 505
487 204
487 205
487 206
487 429
487 430
487 431
487 432
487 433
487 434
487 467
487 468
487 469
487 470
487 471
487 472
487 473
487 474
487 475
487 476
487 509
487 510
487 511
487 512
487 513
487 514
487 515
487 516
488 216
488 439
488 440
488 441
488 442
488 443
488 444
488 445
488 446
488 478
488 479
488 480
488 481
488 482
488 483
488 484
488 485
488 486
488 487
488 521
488 522
488 523
488 524
488 525
488 526
489 186
489 187
489 449
489 450
489 451
489 452
489 453
489 454
489 455
489 456
489 457
489 490
489 491
489 492
489 493
489 494
489 495
489 496
489 497
489 498
489 533
489 534
489 535
489 536
490 196
490 197
490 198
490 199
490 422
490 423
490 424
490 425
490 426
490 460
490 461
490 462
490 463
490 464
490 465
490 466
490 467
490 468
490 469
490 501
490 502
490 503
490 504
490 505
490 506
490 507
490 508
490 509
491 208
491 209
491 432
491 433
491 434
491 435
491 436
491 437
491 438
491 471
491 472
491 473
491 474
491 475
491 476
491 477
491 478
491 479
491 480
491 513
491 514
491 515
491 516
491 517
491 518
491 519
492 443
492 444
492 445
492 446
492 447
492 448
492 449
492 450
492 482
492 483
492 484
492 485
492 486
492 487
492 488
492 489
492 490
492 491
492 525
492 526
492 527
492 528
492 529
492 530
493 189
493 190
493 191
493 417
493 418
493 453
493 454
493 455
493 456
493 457
493 458
493 459
493 460
493 461
493 494
493 495
493 496
493 497
493 498
493 499
493 500
493 501
493 502
493 538
493 539
494 201
494 202
494 426
494 427
494 428
494 429
494 430
494 431
494 464
494 465
494 466
494 467
494 468
494 469
494 470
494 471
494 472
494 473
494 505
494 506
494 507
494 508
494 509
494 510
494 511
494 512
494 513
495 212
495 213
495 436
495 437
495 438
495 439
495 440
495 441
495 442
495 443
495 475
495 476
495 477
495 478
495 479
495 480
495 481
495 482
495 483
495 484
495 517
495 518
495 519
495 520
495 521
495 522
495 523
496 183
496 446
496 447
496 448
496 449
496 450
496 451
496 452
496 453
496 454
496 486
496 487
496 488
496 489
496 490
496 491
496 492
496 493
496 494
496 495
496 529
496 530
496 531
496 532
496 533
497 193
497 194
497 195
497 419
497 420
497 421
497 422
497 423
497 457
497 458
497 459
497 460
497 461
497 462
497 463
497 464
497 465
497 498
497 499
497 500
497 501
497 502
497 503
497 504
497 505
497 506
498 205
498 206
498 429
498 430
498 431
498 432
498 433
498 434
498 435
498 468
498 469
498 470
498 471
498 472
498 473
498 474
498 475
498 476
498 509
498 510
498 511
498 512
498 513
498 514
498 515
498 516
499 439
499 440
499 441
499 442
499 443
499 444
499 445
499 446
499 447
499 479
499 480
499 481
499 482
499 483
499 484
499 485
499 486
499 487
499 488
499 521
499 522
499 523
499 524
499 525
499 526
499 527
500 187
500 450
500 451
500 452
500 453
500 454
500 455
500 456
500 457
500 458
500 490
500 491
500 492
500 493
500 494
500 495
500 496
500 497
500 498
500 534
500 535
500 536
500 537
501 197
501 198
501 199
501 423
501 424
501 425
501 426
501 427
501 461
501 462
501 463
501 464
501 465
501 466
501 467
501 468
501 469
501 502
501 503
501 504
501 505
501 506
501 507
501 508
501 509
502 209
502 433
502 434
502 435
502 436
502 437
502 438
502 439
502 472
502 473
502 474
502 475
502 476
502 477
502 478
502 479
502 480
502 514
502 515
502 516
502 517
502 518
502 519
502 520
503 443
503 444
503 445
503 446
503 447
503 448
503 449
503 450
503 451
503 483
503 484
503 485
503 486
503 487
503 488
503 489
503 490
503 491
503 526
503 527
503 528
503 529
503 530
504 190
504 191
504 417
504 418
504 454
504 455
504 456
504 457
504 458
504 459
504 460
504 461
504 462
504 494
504 495
504 496
504 497
504 498
504 499
504 500
504 501
504 502
504 539
504 540
505 202
505 426
505 427
505 428
505 429
505 430
505 431
505 465
505 466
505 467
505 468
505 469
505 470
505 471
505 472
505 473
505 506
505 507
505 508
505 509
505 510
505 511
505 512
505 513
506 436
506 437
506 438
506 439
506 440
506 441
506 442
506 443
506 476
506 477
506 478
506 479
506 480
506 481
506 482
506 483
506 484
506 518
506 519
506 520
506 521
506 522
506 523
506 524
507 447
507 448
507 449
507 450
507 451
507 452
507 453
507 454
507 487
507 488
507 489
507 490
507 491
507 492
507 493
507 494
507 495
507 530
507 531
507 532
507 533
507 534
508 195
508 420
508 421
508 422
508 423
508 458
508 459
508 460
508 461
508 462
508 463
508 464
508 465
508 466
508 498
508 499
508 500
508 501
508 502
508 503
508 504
508 505
508 506
509 430
509 431
509 432
509 433
509 434
509 435
509 469
509 470
509 471
509 472
509 473
509 474
509 475
509 476
509 477
509 510
509 511
509 512
509 513
509 514
509 515
509 516
509 517
510 440
510 441
510 442
510 443
510 444
510 445
510 446
510 447
510 480
510 481
510 482
510 483
510 484
510 485
510 486
510 487
510 488
510 522
510 523
510 524
510 525
510 526
510 527
511 451
511 452
511 453
511 454
511 455
511 456
511 457
511 458
511 491
511 492
511 493
511 494
511 495
511 496
511 497
511 498
511 499
511 535
511 536
511 537
512 423
512 424
512 425
512 426
512 427
512 461
512 462
512 463
512 464
512 465
512 466
512 467
512 468
512 469
512 470
512 502
512 503
512 504
512 505
512 506
512 507
512 508
512 509
512 510
513 433
513 434
513 435
513 436
513 437
513 438
513 439
513 472
513 473
513 474
513 475
513 476
513 477
513 478
513 479
513 480
513 481
513 514
513 515
513 516
513 517
513 518
513 519
513 520
514 444
514 445
514 446
514 447
514 448
514 449
514 450
514 451
514 484
514 485
514 486
514 487
514 488
514 489
514 490
514 491
514 492
514 526
514 527
514 528
514 529
514 530
514 531
515 418
515 419
515 454
515 455
515 456
515 457
515 458
515 459
515 460
515 461
515 462
515 495
515 496
515 497
515 498
515 499
515 500
515 501
515 502
515 503
515 540
516 427
516 428
516 429
516 430
516 431
516 432
516 465
516 466
516 467
516 468
516 469
516 470
516 471
516 472
516 473
516 474
516 507
516 508
516 509
516 510
516 511
516 512
516 513
516 514
517 437
517 438
517 439
517 440
517 441
517 442
517 443
517 476
517 477
517 478
517 479
517 480
517 481
517 482
517 483
517 484
517 485
517 518
517 519
517 520
517 521
517 522
517 523
517 524
518 447
518 448
518 449
518 450
518 451
518 452
518 453
518 454
518 455
518 488
518 489
518 490
518 491
518 492
518 493
518 494
518 495
518 496
518 531
518 532
518 533
518 534
519 421
519 422
519 423
519 458
519 459
519 460
519 461
519 462
519 463
519 464
519 465
519 466
519 499
519 500
519 501
519 502
519 503
519 504
519 505
519 506
519 507
520 430
520 431
520 432
520 433
520 434
520 435
520 436
520 469
520 470
520 471
520 472
520 473
520 474
520 475
520 476
520 477
520 511
520 512
520 513
520 514
520 515
520 516
520 517
521 441
521 442
521 443
521 444
521 445
521 446
521 447
521 448
521 480
521 481
521 482
521 483
521 484
521 485
521 486
521 487
521 488
521 523
521 524
521 525
521 526
521 527
521 528
522 451
522 452
522 453
522 454
522 455
522 456
522 457
522 458
522 459
522 492
522 493
522 494
522 495
522 496
522 497
522 498
522 499
522 535
522 536
522 537
522 538
523 424
523 425
523 426
523 427
523 428
523 462
523 463
523 464
523 465
523 466
523 467
523 468
523 469
523 470
523 503
523 504
523 505
523 506
523 507
523 508
523 509
523 510
524 434
524 435
524 436
524 437
524 438
524 439
524 440
524 473
524 474
524 475
524 476
524 477
524 478
524 479
524 480
524 481
524 515
524 516
524 517
524 518
524 519
524 520
524 521
525 444
525 445
525 446
525 447
525 448
525 449
525 450
525 451
525 484
525 485
525 486
525 487
525 488
525 489
525 490
525 491
525 492
525 527
525 528
525 529
525 530
525 531
526 419
526 455
526 456
526 457
526 458
526 459
526 460
526 461
526 462
526 463
526 496
526 497
526 498
526 499
526 500
526 501
526 502
526 503
527 427
527 428
527 429
527 430
527 431
527 432
527 466
527 467
527 468
527 469
527 470
527 471
527 472
527 473
527 474
527 507
527 508
527 509
527 510
527 511
527 512
527 513
527 514
528 437
528 438
528 439
528 440
528 441
528 442
528 443
528 444
528 477
528 478
528 479
528 480
528 481
528 482
528 483
528 484
528 485
528 519
528 520
528 521
528 522
528 523
528 524
528 525
529 448
529 449
529 450
529 451
529 452
529 453
529 454
529 455
529 488
529 489
529 490
529 491
529 492
529 493
529 494
529 495
529 496
529 532
529 533
529 534
529 535
530 421
530 422
530 423
530 424
530 459
530 460
530 461
530 462
530 463
530 464
530 465
530 466
530 467
530 500
530 501
530 502
530 503
530 504
530 505
530 506
530 507
531 431
531 432
531 433
531 434
531 435
531 436
531 470
531 471
531 472
531 473
531 474
531 475
531 476
531 477
531 478
531 511
531 512
531 513
531 514
531 515
531 516
531 517
531 518
532 441
532 442
532 443
532 444
532 445
532 446
532 447
532 448
532 481
532 482
532 483
532 484
532 485
532 486
532 487
532 488
532 489
532 523
532 524
532 525
532 526
532 527
532 528
533 452
533 453
533 454
533 455
533 456
533 457
533 458
533 459
533 492
533 493
533 494
533 495
533 496
533 497
533 498
533 499
533 500
533 536
533 537
533 538
534 425
534 426
534 427
534 428
534 463
534 464
534 465
534 466
534 467
534 468
534 469
534 470
534 471
534 504
534 505
534 506
534 507
534 508
534 509
534 510
534 511
535 434
535 435
535 436
535 437
535 438
535 439
535 440
535 474
535 475
535 476
535 477
535 478
535 479
535 480
535 481
535 482
535 516
535 517
535 518
535 519
535 520
535 521
536 445
536 446
536 447
536 448
536 449
536 450
536 451
536 452
536 485
536 486
536 487
536 488
536 489
536 490
536 491
536 492
536 493
536 528
536 529
536 530
536 531
536 532
537 456
537 457
537 458
537 459
537 460
537 461
537 462
537 463
537 496
537 497
537 498
537 499
537 500
537 501
537 502
537 503
537 504
538 428
538 429
538 430
538 431
538 432
538 433
538 467
538 468
538 469
538 470
538 471
538 472
538 473
538 474
538 475
538 508
538 509
538 510
538 511
538 512
538 513
538 514
538 515
539 438
539 439
539 440
539 441
539 442
539 443
539 444
539 478
539 479
539 480
539 481
539 482
539 483
539 484
539 485
539 486
539 520
539 521
539 522
539 523
539 524
539 525
540 449
540 450
540 451
540 452
540 453
540 454
540 455
540 456
540 489
540 490
540 491
540 492
540 493
540 494
540 495
540 496
540 497
540 532
540 533
540 534
540 535
541 422
541 423
541 424
541 459
541 460
541 461
541 462
541 463
541 464
541 465
541 466
541 467
541 500
541 501
541 502
541 503
541 504
541 505
541 506
541 507
541 508
542 431
542 432
542 433
542 434
542 435
542 436
542 437
542 470
542 471
542 472
542 473
542 474
542 475
542 476
542 477
542 478
542 512
542 513
542 514
542 515
542 516
542 517
542 518
543 442
543 443
543 444
543 445
543 446
543 447
543 448
543 482
543 483
543 484
543 485
543 486
543 487
543 488
543 489
543 524
543 525
543 526
543 527
543 528
543 529
544 452
544 453
544 454
544 455
544 456
544 457
544 458
544 459
544 460
544 493
544 494
544 495
544 496
544 497
544 498
544 499
544 500
544 537
544 538
545 425
545 426
545 427
545 428
545 429
545 463
545 464
545 465
545 466
545 467
545 468
545 469
545 470
545 471
545 505
545 506
545 507
545 508
545 509
545 510
545 511
546 435
546 436
546 437
546 438
546 439
546 440
546 441
546 474
546 475
546 476
546 477
546 478
546 479
546 480
546 481
546 482
546 516
546 517
546 518
546 519
546 520
546 521
546 522
547 445
547 446
547 447
547 448
547 449
547 450
547 451
547 452
547 486
547 487
547 488
547 489
547 490
547 491
547 492
547 493
547 529
547 530
547 531
547 532
548 456
548 457
548 458
548 459
548 460
548 461
548 462
548 463
548 464
548 497
548 498
548 499
548 500
548 501
548 502
548 503
548 504
549 429
549 430
549 431
549 432
549 433
549 467
549 468
549 469
549 470
549 471
549 472
549 473
549 474
549 475
549 509
549 510
549 511
549 512
549 513
549 514
549 515
550 439
550 440
550 441
550 442
550 443
550 444
550 445
550 478
550 479
550 480
550 481
550 482
550 483
550 484
550 485
550 486
550 521
550 522
550 523
550 524
550 525
550 526
551 449
551 450
551 451
551 452
551 453
551 454
551 455
551 456
551 490
551 491
551 492
551 493
551 494
551 495
551 496
551 497
551 533
551 534
551 535
552 423
552 424
552 425
552 460
552 461
552 462
552 463
552 464
552 465
552 466
552 467
552 468
552 501
552 502
552 503
552 504
552 505
552 506
552 507
552 508
553 432
553 433
553 434
553 435
553 436
553 437
553 471
553 472
553 473
553 474
553 475
553 476
553 477
553 478
553 479
553 513
553 514
553 515
553 516
553 517
553 518
553 519
554 442
554 443
554 444
554 445
554 446
554 447
554 448
554 449
554 482
554 483
554 484
554 485
554 486
554 487
554 488
554 489
554 490
554 525
554 526
554 527
554 528
554 529
555 453
555 454
555 455
555 456
555 457
555 458
555 459
555 460
555 494
555 495
555 496
555 497
555 498
555 499
555 500
555 501
556 426
556 427
556 428
556 429
556 464
556 465
556 466
556 467
556 468
556 469
556 470
556 471
556 472
556 505
556 506
556 507
556 508
556 509
556 510
556 511
556 512
557 436
557 437
557 438
557 439
557 440
557 441
557 475
557 476
557 477
557 478
557 479
557 480
557 481
557 482
557 483
557 517
557 518
557 519
557 520
557 521
557 522
558 446
558 447
558 448
558 449
558 450
558 451
558 452
558 453
558 486
558 487
558 488
558 489
558 490
558 491
558 492
558 493
558 494
558 529
558 530
558 531
558 532
558 533
559 457
559 458
559 459
559 460
559 461
559 462
559 463
559 464
559 498
559 499
559 500
559 501
559 502
559 503
559 504
559 505
560 429
560 430
560 431
560 432
560 433
560 468
560 469
560 470
560 471
560 472
560 473
560 474
560 475
560 476
560 509
560 510
560 511
560 512
560 513
560 514
560 515
561 439
561 440
561 441
561 442
561 443
561 444
561 445
561 479
561 480
561 481
561 482
561 483
561 484
561 485
561 486
561 487
561 521
561 522
561 523
561 524
561 525
561 526
562 450
562 451
562 452
562 453
562 454
562 455
562 456
562 457
562 490
562 491
562 492
562 493
562 494
562 495
562 496
562 497
562 498
562 534
562 535
562 536
563 423
563 424
563 425
563 461
563 462
563 463
563 464
563 465
563 466
563 467
563 468
563 502
563 503
563 504
563 505
563 506
563 507
563 508
564 433
564 434
564 435
564 436
564 437
564 438
564 472
564 473
564 474
564 475
564 476
564 477
564 478
564 479
564 514
564 515
564 516
564 517
564 518
564 519
565 443
565 444
565 445
565 446
565 447
565 448
565 449
565 483
565 484
565 485
565 486
565 487
565 488
565 489
565 490
565 526
565 527
565 528
565 529
565 530
566 454
566 455
566 456
566 457
566 458
566 459
566 460
566 461
566 494
566 495
566 496
566 497
566 498
566 499
566 500
566 501
567 426
567 427
567 428
567 429
567 430
567 465
567 466
567 467
567 468
567 469
567 470
567 471
567 472
567 506
567 507
567 508
567 509
567 510
567 511
567 512
568 436
568 437
568 438
568 439
568 440
568 441
568 442
568 476
568 477
568 478
568 479
568 480
568 481
568 482
568 483
568 518
568 519
568 520
568 521
568 522
568 523
569 447
569 448
569 449
569 450
569 451
569 452
569 453
569 487
569 488
569 489
569 490
569 491
569 492
569 493
569 494
569 530
569 531
569 532
569 533
570 457
570 458
570 459
570 460
570 461
570 462
570 463
570 464
570 465
570 498
570 499
570 500
570 501
570 502
570 503
570 504
570 505
571 430
571 431
571 432
571 433
571 434
571 468
571 469
571 470
571 471
571 472
571 473
571 474
571 475
571 476
571 510
571 511
571 512
571 513
571 514
571 515
571 516
572 440
572 441
572 442
572 443
572 444
572 445
572 446
572 480
572 481
572 482
572 483
572 484
572 485
572 486
572 487
572 522
572 523
572 524
572 525
572 526
573 450
573 451
573 452
573 453
573 454
573 455
573 456
573 457
573 491
573 492
573 493
573 494
573 495
573 496
573 497
573 498
573 535
573 536
574 424
574 425
574 461
574 462
574 463
574 464
574 465
574 466
574 467
574 468
574 469
574 502
574 503
574 504
574 505
574 506
574 507
574 508
574 509
575 433
575 434
575 435
575 436
575 437
575 438
575 472
575 473
575 474
575 475
575 476
575 477
575 478
575 479
575 480
575 514
575 515
575 516
575 517
575 518
575 519
575 520
576 444
576 445
576 446
576 447
576 448
576 449
576 450
576 484
576 485
576 486
576 487
576 488
576 489
576 490
576 491
576 526
576 527
576 528
576 529
576 530
577 454
577 455
577 456
577 457
577 458
577 459
577 460
577 461
577 495
577 496
577 497
577 498
577 499
577 500
577 501
577 502
578 427
578 428
578 429
578 430
578 465
578 466
578 467
578 468
578 469
578 470
578 471
578 472
578 473
578 507
578 508
578 509
578 510
578 511
578 512
578 513
579 437
579 438
579 439
579 440
579 441
579 442
579 476
579 477
579 478
579 479
579 480
579 481
579 482
579 483
579 484
579 519
579 520
579 521
579 522
579 523
580 447
580 448
580 449
580 450
580 451
580 452
580 453
580 454
580 488
580 489
580 490
580 491
580 492
580 493
580 494
580 495
580 531
580 532
580 533
581 458
581 459
581 460
581 461
581 462
581 463
581 464
581 465
581 499
581 500
581 501
581 502
581 503
581 504
581 505
581 506
582 430
582 431
582 432
582 433
582 434
582 469
582 470
582 471
582 472
582 473
582 474
582 475
582 476
582 511
582 512
582 513
582 514
582 515
582 516
583 441
583 442
583 443
583 444
583 445
583 446
583 480
583 481
583 482
583 483
583 484
583 485
583 486
583 487
583 488
583 523
583 524
583 525
583 526
583 527
584 451
584 452
584 453
584 454
584 455
584 456
584 457
584 458
584 492
584 493
584 494
584 495
584 496
584 497
584 498
584 499
584 536
585 425
585 426
585 462
585 463
585 464
585 465
585 466
585 467
585 468
585 469
585 503
585 504
585 505
585 506
585 507
585 508
585 509
586 434
586 435
586 436
586 437
586 438
586 439
586 473
586 474
586 475
586 476
586 477
586 478
586 479
586 480
586 515
586 516
586 517
586 518
586 519
586 520
587 444
587 445
587 446
587 447
587 448
587 449
587 450
587 484
587 485
587 486
587 487
587 488
587 489
587 490
587 491
587 527
587 528
587 529
587 530
588 455
588 456
588 457
588 458
588 459
588 460
588 461
588 462
588 496
588 497
588 498
588 499
588 500
588 501
588 502
589 428
589 429
589 430
589 466
589 467
589 468
589 469
589 470
589 471
589 472
589 473
589 507
589 508
589 509
589 510
589 511
589 512
589 513
590 438
590 439
590 440
590 441
590 442
590 443
590 477
590 478
590 479
590 480
590 481
590 482
590 483
590 484
590 519
590 520
590 521
590 522
590 523
590 524
591 448
591 449
591 450
591 451
591 452
591 453
591 454
591 488
591 489
591 490
591 491
591 492
591 493
591 494
591 495
591 532
591 533
591 534
592 459
592 460
592 461
592 462
592 463
592 464
592 465
592 466
592 500
592 501
592 502
592 503
592 504
592 505
592 506
593 431
593 432
593 433
593 434
593 435
593 470
593 471
593 472
593 473
593 474
593 475
593 476
593 477
593 511
593 512
593 513
593 514
593 515
593 516
593 517
594 441
594 442
594 443
594 444
594 445
594 446
594 447
594 481
594 482
594 483
594 484
594 485
594 486
594 487
594 488
594 524
594 525
594 526
594 527
595 452
595 453
595 454
595 455
595 456
595 457
595 458
595 492
595 493
595 494
595 495
595 496
595 497
595 498
595 499
596 426
596 463
596 464
596 465
596 466
596 467
596 468
596 469
596 470
596 504
596 505
596 506
596 507
596 508
596 509
596 510
597 435
597 436
597 437
597 438
597 439
597 474
597 475
597 476
597 477
597 478
597 479
597 480
597 481
597 516
597 517
597 518
597 519
597 520
597 521
598 445
598 446
598 447
598 448
598 449
598 450
598 451
598 485
598 486
598 487
598 488
598 489
598 490
598 491
598 492
598 528
598 529
598 530
598 531
599 456
599 457
599 458
599 459
599 460
599 461
599 462
599 496
599 497
599 498
599 499
599 500
599 501
599 502
599 503
600 429
600 430
600 431
600 466
600 467
600 468
600 469
600 470
600 471
600 472
600 473
600 474
600 508
600 509
600 510
600 511
600 512
600 513
600 514
601 438
601 439
601 440
601 441
601 442
601 443
601 478
601 479
601 480
601 481
601 482
601 483
601 484
601 485
601 520
601 521
601 522
601 523
601 524
602 449
602 450
602 451
602 452
602 453
602 454
602 455
602 489
602 490
602 491
602 492
602 493
602 494
602 495
602 496
602 533
602 534
603 459
603 460
603 461
603 462
603 463
603 464
603 465
603 466
603 500
603 501
603 502
603 503
603 504
603 505
603 506
603 507
604 432
604 433
604 434
604 435
604 470
604 471
604 472
604 473
604 474
604 475
604 476
604 477
604 512
604 513
604 514
604 515
604 516
604 517
605 442
605 443
605 444
605 445
605 446
605 447
605 482
605 483
605 484
605 485
605 486
605 487
605 488
605 489
605 524
605 525
605 526
605 527
605 528
606 452
606 453
606 454
606 455
606 456
606 457
606 458
606 459
606 493
606 494
606 495
606 496
606 497
606 498
606 499
606 500
607 463
607 464
607 465
607 466
607 467
607 468
607 469
607 470
607 505
607 506
607 507
607 508
607 509
607 510
608 435
608 436
608 437
608 438
608 439
608 474
608 475
608 476
608 477
608 478
608 479
608 480
608 481
608 516
608 517
608 518
608 519
608 520
608 521
609 446
609 447
609 448
609 449
609 450
609 451
609 486
609 487
609 488
609 489
609 490
609 491
609 492
609 529
609 530
609 531
610 456
610 457
610 458
610 459
610 460
610 461
610 462
610 463
610 497
610 498
610 499
610 500
610 501
610 502
610 503
611 429
611 430
611 431
611 467
611 468
611 469
611 470
611 471
611 472
611 473
611 474
611 509
611 510
611 511
611 512
611 513
611 514
612 439
612 440
612 441
612 442
612 443
612 478
612 479
612 480
612 481
612 482
612 483
612 484
612 485
612 521
612 522
612 523
612 524
612 525
613 449
613 450
613 451
613 452
613 453
613 454
613 455
613 490
613 491
613 492
613 493
613 494
613 495
613 496
614 460
614 461
614 462
614 463
614 464
614 465
614 466
614 467
614 501
614 502
614 503
614 504
614 505
614 506
614 507
615 433
615 434
615 435
615 471
615 472
615 473
615 474
615 475
615 476
615 477
615 478
615 513
615 514
615 515
615 516
615 517
615 518
616 443
616 444
616 445
616 446
616 447
616 448
616 482
616 483
616 484
616 485
616 486
616 487
616 488
616 489
616 525
616 526
616 527
616 528
617 453
617 454
617 455
617 456
617 457
617 458
617 459
617 494
617 495
617 496
617 497
617 498
617 499
617 500
618 464
618 465
618 466
618 467
618 468
618 469
618 470
618 471
618 505
618 506
618 507
618 508
618 509
618 510
618 511
619 436
619 437
619 438
619 439
619 440
619 475
619 476
619 477
619 478
619 479
619 480
619 481
619 482
619 517
619 518
619 519
619 520
619 521
620 446
620 447
620 448
620 449
620 450
620 451
620 452
620 486
620 487
620 488
620 489
620 490
620 491
620 492
620 493
620 530
620 531
621 457
621 458
621 459
621 460
621 461
621 462
621 463
621 498
621 499
621 500
621 501
621 502
621 503
621 504
622 430
622 431
622 468
622 469
622 470
622 471
622 472
622 473
622 474
622 509
622 510
622 511
622 512
622 513
622 514
622 515
623 440
623 441
623 442
623 443
623 444
623 479
623 480
623 481
623 482
623 483
623 484
623 485
623 486
623 522
623 523
623 524
623 525
624 450
624 451
624 452
624 453
624 454
624 455
624 456
624 490
624 491
624 492
624 493
624 494
624 495
624 496
624 497
625 461
625 462
625 463
625 464
625 465
625 466
625 467
625 502
625 503
625 504
625 505
625 506
625 507
625 508
626 433
626 434
626 435
626 436
626 472
626 473
626 474
626 475
626 476
626 477
626 478
626 514
626 515
626 516
626 517
626 518
627 443
627 444
627 445
627 446
627 447
627 448
627 483
627 484
627 485
627 486
627 487
627 488
627 489
627 526
627 527
627 528
628 454
628 455
628 456
628 457
628 458
628 459
628 460
628 494
628 495
628 496
628 497
628 498
628 499
628 500
629 465
629 466
629 467
629 468
629 469
629 470
629 471
629 506
629 507
629 508
629 509
629 510
629 511
630 437
630 438
630 439
630 440
630 476
630 477
630 478
630 479
630 480
630 481
630 482
630 518
630 519
630 520
630 521
630 522
631 447
631 448
631 449
631 450
631 451
631 452
631 487
631 488
631 489
631 490
631 491
631 492
631 493
631 531
632 458
632 459
632 460
632 461
632 462
632 463
632 464
632 498
632 499
632 500
632 501
632 502
632 503
632 504
633 431
633 469
633 470
633 471
633 472
633 473
633 474
633 475
633 510
633 511
633 512
633 513
633 514
633 515
634 440
634 441
634 442
634 443
634 444
634 480
634 481
634 482
634 483
634 484
634 485
634 486
634 522
634 523
634 524
634 525
635 451
635 452
635 453
635 454
635 455
635 456
635 491
635 492
635 493
635 494
635 495
635 496
635 497
636 461
636 462
636 463
636 464
636 465
636 466
636 467
636 468
636 503
636 504
636 505
636 506
636 507
636 508
637 434
637 435
637 436
637 472
637 473
637 474
637 475
637 476
637 477
637 478
637 479
637 515
637 516
637 517
637 518
637 519
638 444
638 445
638 446
638 447
638 448
638 484
638 485
638 486
638 487
638 488
638 489
638 490
638 527
638 528
638 529
639 454
639 455
639 456
639 457
639 458
639 459
639 460
639 495
639 496
639 497
639 498
639 499
639 500
639 501
640 465
640 466
640 467
640 468
640 469
640 470
640 471
640 507
640 508
640 509
640 510
640 511
640 512
641 437
641 438
641 439
641 440
641 476
641 477
641 478
641 479
641 480
641 481
641 482
641 483
641 519
641 520
641 521
641 522
642 448
642 449
642 450
642 451
642 452
642 488
642 489
642 490
642 491
642 492
642 493
642 494
643 458
643 459
643 460
643 461
643 462
643 463
643 464
643 499
643 500
643 501
643 502
643 503
643 504
643 505
644 469
644 470
644 471
644 472
644 473
644 474
644 475
644 511
644 512
644 513
644 514
644 515
645 441
645 442
645 443
645 444
645 445
645 480
645 481
645 482
645 483
645 484
645 485
645 486
645 523
645 524
645 525
645 526
646 451
646 452
646 453
646 454
646 455
646 456
646 492
646 493
646 494
646 495
646 496
646 497
646 498
647 462
647 463
647 464
647 465
647 466
647 467
647 468
647 503
647 504
647 505
647 506
647 507
647 508
648 435
648 436
648 473
648 474
648 475
648 476
648 477
648 478
648 479
648 515
648 516
648 517
648 518
648 519
649 445
649 446
649 447
649 448
649 449
649 484
649 485
649 486
649 487
649 488
649 489
649 490
649 528
649 529
650 455
650 456
650 457
650 458
650 459
650 460
650 496
650 497
650 498
650 499
650 500
650 501
651 466
651 467
651 468
651 469
651 470
651 471
651 472
651 508
651 509
651 510
651 511
651 512
652 438
652 439
652 440
652 441
652 477
652 478
652 479
652 480
652 481
652 482
652 483
652 520
652 521
652 522
652 523
653 448
653 449
653 450
653 451
653 452
653 453
653 488
653 489
653 490
653 491
653 492
653 493
653 494
654 459
654 460
654 461
654 462
654 463
654 464
654 500
654 501
654 502
654 503
654 504
654 505
655 470
655 471
655 472
655 473
655 474
655 475
655 476
655 512
655 513
655 514
655 515
655 516
656 442
656 443
656 444
656 445
656 481
656 482
656 483
656 484
656 485
656 486
656 487
656 524
656 525
656 526
657 452
657 453
657 454
657 455
657 456
657 457
657 492
657 493
657 494
657 495
657 496
657 497
657 498
658 463
658 464
658 465
658 466
658 467
658 468
658 504
658 505
658 506
658 507
658 508
658 509
659 436
659 474
659 475
659 476
659 477
659 478
659 479
659 480
659 516
659 517
659 518
659 519
660 445
660 446
660 447
660 448
660 449
660 485
660 486
660 487
660 488
660 489
660 490
660 491
661 456
661 457
661 458
661 459
661 460
661 461
661 497
661 498
661 499
661 500
661 501
661 502
662 467
662 468
662 469
662 470
662 471
662 472
662 508
662 509
662 510
662 511
662 512
662 513
663 439
663 440
663 441
663 478
663 479
663 480
663 481
663 482
663 483
663 484
663 521
663 522
663 523
664 449
664 450
664 451
664 452
664 453
664 489
664 490
664 491
664 492
664 493
664 494
664 495
665 460
665 461
665 462
665 463
665 464
665 465
665 501
665 502
665 503
665 504
665 505
665 506
666 471
666 472
666 473
666 474
666 475
666 476
666 513
666 514
666 515
666 516
667 443
667 444
667 445
667 482
667 483
667 484
667 485
667 486
667 487
667 525
667 526
668 453
668 454
668 455
668 456
668 457
668 493
668 494
668 495
668 496
668 497
668 498
669 464
669 465
669 466
669 467
669 468
669 469
669 505
669 506
669 507
669 508
669 509
670 475
670 476
670 477
670 478
670 479
670 480
670 517
670 518
670 519
670 520
671 446
671 447
671 448
671 449
671 450
671 486
671 487
671 488
671 489
671 490
671 491
672 457
672 458
672 459
672 460
672 461
672 497
672 498
672 499
672 500
672 501
672 502
673 467
673 468
673 469
673 470
673 471
673 472
673 473
673 509
673 510
673 511
673 512
673 513
674 440
674 441
674 479
674 480
674 481
674 482
674 483
674 484
674 522
674 523
675 450
675 451
675 452
675 453
675 454
675 490
675 491
675 492
675 493
675 494
675 495
676 460
676 461
676 462
676 463
676 464
676 465
676 502
676 503
676 504
676 505
676 506
677 471
677 472
677 473
677 474
677 475
677 476
677 477
677 513
677 514
677 515
677 516
677 517
678 443
678 444
678 445
678 446
678 483
678 484
678 485
678 486
678 487
678 488
679 454
679 455
679 456
679 457
679 458
679 494
679 495
679 496
679 497
679 498
679 499
680 464
680 465
680 466
680 467
680 468
680 469
680 506
680 507
680 508
680 509
680 510
681 475
681 476
681 477
681 478
681 479
681 480
681 518
681 519
681 520
682 447
682 448
682 449
682 450
682 487
682 488
682 489
682 490
682 491
682 492
683 457
683 458
683 459
683 460
683 461
683 462
683 498
683 499
683 500
683 501
683 502
683 503
684 468
684 469
684 470
684 471
684 472
684 473
684 510
684 511
684 512
684 513
685 441
685 479
685 480
685 481
685 482
685 483
685 484
685 523
686 451
686 452
686 453
686 454
686 491
686 492
686 493
686 494
686 495
687 461
687 462
687 463
687 464
687 465
687 466
687 502
687 503
687 504
687 505
687 506
688 472
688 473
688 474
688 475
688 476
688 477
688 514
688 515
688 516
688 517
689 444
689 445
689 446
689 483
689 484
689 485
689 486
689 487
689 488
690 454
690 455
690 456
690 457
690 458
690 495
690 496
690 497
690 498
690 499
691 465
691 466
691 467
691 468
691 469
691 470
691 507
691 508
691 509
691 510
692 476
692 477
692 478
692 479
692 480
692 481
692 519
692 520
693 448
693 449
693 450
693 487
693 488
693 489
693 490
693 491
693 492
694 458
694 459
694 460
694 461
694 462
694 499
694 500
694 501
694 502
694 503
695 469
695 470
695 471
695 472
695 473
695 511
695 512
695 513
695 514
696 480
696 481
696 482
696 483
696 484
696 485
697 451
697 452
697 453
697 454
697 491
697 492
697 493
697 494
697 495
697 496
698 462
698 463
698 464
698 465
698 466
698 503
698 504
698 505
698 506
698 507
699 473
699 474
699 475
699 476
699 477
699 515
699 516
699 517
700 445
700 446
700 484
700 485
700 486
700 487
700 488
700 489
701 455
701 456
701 457
701 458
701 496
701 497
701 498
701 499
701 500
702 466
702 467
702 468
702 469
702 470
702 507
702 508
702 509
702 510
703 477
703 478
703 479
703 480
703 481
703 520
704 449
704 450
704 488
704 489
704 490
704 491
704 492
705 459
705 460
705 461
705 462
705 500
705 501
705 502
705 503
706 470
706 471
706 472
706 473
706 474
706 512
706 513
706 514
707 481
707 482
707 483
707 484
707 485
708 452
708 453
708 454
708 455
708 492
708 493
708 494
708 495
708 496
709 463
709 464
709 465
709 466
709 504
709 505
709 506
709 507
710 474
710 475
710 476
710 477
710 478
710 516
710 517
711 485
711 486
711 487
711 488
711 489
712 456
712 457
712 458
712 459
712 496
712 497
712 498
712 499
712 500
713 467
713 468
713 469
713 470
713 508
713 509
713 510
713 511
714 478
714 479
714 480
714 481
714 482
715 450
715 489
715 490
715 491
715 492
715 493
716 460
716 461
716 462
716 463
716 501
716 502
716 503
716 504
717 471
717 472
717 473
717 474
717 513
717 514
718 482
718 483
718 484
718 485
719 453
719 454
719 455
719 493
719 494
719 495
719 496
719 497
720 464
720 465
720 466
720 467
720 505
720 506
720 507
721 475
721 476
721 477
721 478
722 486
722 487
722 488
722 489
723 457
723 458
723 459
723 497
723 498
723 499
723 500
724 467
724 468
724 469
724 470
724 471
724 509
724 510
724 511
725 479
725 480
725 481
725 482
726 490
726 491
726 492
726 493
727 461
727 462
727 463
727 502
727 503
727 504
728 471
728 472
728 473
728 474
728 475
728 514
729 483
729 484
729 485
729 486
730 455
730 494
730 495
730 496
730 497
731 465
731 466
731 467
731 506
731 507
731 508
732 475
732 476
732 477
732 478
733 487
733 488
733 489
733 490
734 458
734 459
734 498
734 499
734 500
734 501
735 468
735 469
735 470
735 471
735 511
736 479
736 480
736 481
736 482
737 491
737 492
737 493
738 462
738 463
738 503
738 504
739 472
739 473
739 474
739 475
740 483
740 484
740 485
740 486
741 495
741 496
741 497
742 466
742 467
742 507
742 508
743 476
743 477
743 478
743 479
744 488
744 489
744 490
745 499
745 500
745 501
746 469
746 470
746 471
747 480
747 481
747 482
747 483
748 492
748 493
748 494
749 463
749 504
750 473
750 474
750 475
751 484
751 485
751 486
752 496
752 497
753 467
754 477
754 478
754 479
755 489
755 490
756 501
757 471
758 481
758 482
758 483
759 493
759 494
761 475
762 486
765 479
766 490
4042 212
4045 205
4046 215
4046 216
4049 208
4049 209
4050 219
4050 220
4052 202
4052 203
4053 212
4053 213
4054 222
4054 223
4056 205
4056 206
4056 207
4057 215
4057 216
4057 217
4058 226
4058 227
4059 198
4059 199
4059 200
4060 208
4060 209
4060 210
4061 219
4061 220
4061 221
4062 192
4063 202
4063 203
4063 204
4064 212
4064 213
4064 214
4065 223
4065 224
4066 195
4066 196
4066 197
4067 205
4067 206
4067 207
4068 215
4068 216
4068 217
4068 218
4069 226
4069 227
4069 228
4070 198
4070 199
4070 200
4070 201
4071 209
4071 210
4071 211
4072 219
4072 220
4072 221
4073 192
4073 193
4073 230
4073 231
4074 202
4074 203
4074 204
4075 212
4075 213
4075 214
4075 215
4076 223
4076 224
4076 225
4077 195
4077 196
4077 197
4077 198
4078 205
4078 206
4078 207
4078 208
4079 216
4079 217
4079 218
4079 219
4080 189
4080 190
4080 227
4080 228
4080 229
4081 199
4081 200
4081 201
4082 209
4082 210
4082 211
4082 212
4083 219
4083 220
4083 221
4083 222
4084 192
4084 193
4084 194
4084 230
4084 231
4084 232
4085 202
4085 203
4085 204
4085 205
4086 212
4086 213
4086 214
4086 215
4086 216
4087 186
4087 187
4087 223
4087 224
4087 225
4087 226
4088 196
4088 197
4088 198
4088 235
4089 206
4089 207
4089 208
4089 209
4090 216
4090 217
4090 218
4090 219
4091 189
4091 190
4091 191
4091 227
4091 228
4091 229
4092 199
4092 200
4092 201
4092 202
4093 209
4093 210
4093 211
4093 212
4093 213
4094 183
4094 184
4094 220
4094 221
4094 222
4094 223
4095 192
4095 193
4095 194
4095 195
4095 231
4095 232
4095 233
4096 202
4096 203
4096 204
4096 205
4096 206
4097 213
4097 214
4097 215
4097 216
4098 186
4098 187
4098 188
4098 223
4098 224
4098 225
4098 226
4098 227
4099 196
4099 197
4099 198
4099 199
4099 235
4099 236
4100 206
4100 207
4100 208
4100 209
4100 210
4101 216
4101 217
4101 218
4101 219
4101 220
4101 485
4102 189
4102 190
4102 191
4102 192
4102 227
4102 228
4102 229
4102 230
4103 199
4103 200
4103 201
4103 202
4103 203
4103 239
4104 210
4104 211
4104 212
4104 213
4104 478
4104 479
4105 183
4105 184
4105 185
4105 220
4105 221
4105 222
4105 223
4105 224
4105 489
4106 193
4106 194
4106 195
4106 196
4106 231
4106 232
4106 233
4106 234
4107 203
4107 204
4107 205
4107 206
4107 207
4108 213
4108 214
4108 215
4108 216
4108 217
4108 481
4108 482
4108 483
4109 186
4109 187
4109 188
4109 189
4109 224
4109 225
4109 226
4109 227
4109 492
4109 493
4110 196
4110 197
4110 198
4110 199
4110 200
4110 235
4110 236
4110 237
4111 206
4111 207
4111 208
4111 209
4111 210
4111 475
4111 476
4112 180
4112 181
4112 217
4112 218
4112 219
4112 220
4112 221
4112 485
4112 486
4112 487
4113 190
4113 191
4113 192
4113 193
4113 228
4113 229
4113 230
4113 231
4113 496
4113 497
4114 200
4114 201
4114 202
4114 203
4114 204
4114 239
4114 240
4115 210
4115 211
4115 212
4115 213
4115 214
4115 478
4115 479
4115 480
4116 183
4116 184
4116 185
4116 186
4116 220
4116 221
4116 222
4116 223
4116 224
4116 488
4116 489
4116 490
4117 193
4117 194
4117 195
4117 196
4117 197
4117 231
4117 232
4117 233
4117 234
4117 500
4118 203
4118 204
4118 205
4118 206
4118 207
4118 471
4118 472
4118 473
4119 178
4119 213
4119 214
4119 215
4119 216
4119 217
4119 218
4119 481
4119 482
4119 483
4119 484
4120 187
4120 188
4120 189
4120 190
4120 224
4120 225
4120 226
4120 227
4120 228
4120 492
4120 493
4120 494
4121 196
4121 197
4121 198
4121 199
4121 200
4121 201
4121 235
4121 236
4121 237
4121 238
4121 465
4121 504
4122 207
4122 208
4122 209
4122 210
4122 211
4122 475
4122 476
4122 477
4123 180
4123 181
4123 182
4123 217
4123 218
4123 219
4123 220
4123 221
4123 485
4123 486
4123 487
4123 488
4124 190
4124 191
4124 192
4124 193
4124 194
4124 228
4124 229
4124 230
4124 231
4124 232
4124 496
4124 497
4124 498
4125 200
4125 201
4125 202
4125 203
4125 204
4125 239
4125 240
4125 241
4125 468
4125 469
4125 470
4126 210
4126 211
4126 212
4126 213
4126 214
4126 215
4126 478
4126 479
4126 480
4126 481
4127 184
4127 185
4127 186
4127 221
4127 222
4127 223
4127 224
4127 225
4127 489
4127 490
4127 491
4128 193
4128 194
4128 195
4128 196
4128 197
4128 232
4128 233
4128 234
4128 235
4128 462
4128 500
4128 501
4129 203
4129 204
4129 205
4129 206
4129 207
4129 208
4129 244
4129 471
4129 472
4129 473
4129 474
4130 178
4130 179
4130 214
4130 215
4130 216
4130 217
4130 218
4130 219
4130 482
4130 483
4130 484
4130 485
4131 187
4131 188
4131 189
4131 190
4131 225
4131 226
4131 227
4131 228
4131 229
4131 492
4131 493
4131 494
4131 495
4132 197
4132 198
4132 199
4132 200
4132 201
4132 236
4132 237
4132 238
4132 465
4132 466
4132 504
4132 505
4133 207
4133 208
4133 209
4133 210
4133 211
4133 212
4133 475
4133 476
4133 477
4133 478
4134 181
4134 182
4134 183
4134 218
4134 219
4134 220
4134 221
4134 222
4134 485
4134 486
4134 487
4134 488
4135 190
4135 191
4135 192
4135 193
4135 194
4135 228
4135 229
4135 230
4135 231
4135 232
4135 496
4135 497
4135 498
4135 499
4136 200
4136 201
4136 202
4136 203
4136 204
4136 205
4136 240
4136 241
4136 242
4136 468
4136 469
4136 470
4136 471
4136 508
4137 175
4137 211
4137 212
4137 213
4137 214
4137 215
4137 216
4137 478
4137 479
4137 480
4137 481
4137 482
4138 184
4138 185
4138 186
4138 187
4138 221
4138 222
4138 223
4138 224
4138 225
4138 226
4138 489
4138 490
4138 491
4138 492
4139 194
4139 195
4139 196
4139 197
4139 198
4139 232
4139 233
4139 234
4139 235
4139 236
4139 462
4139 463
4139 500
4139 501
4139 502
4140 204
4140 205
4140 206
4140 207
4140 208
4140 209
4140 244
4140 245
4140 471
4140 472
4140 473
4140 474
4140 475
4141 178
4141 179
4141 180
4141 214
4141 215
4141 216
4141 217
4141 218
4141 219
4141 482
4141 483
4141 484
4141 485
4142 187
4142 188
4142 189
4142 190
4142 191
4142 225
4142 226
4142 227
4142 228
4142 229
4142 493
4142 494
4142 495
4142 496
4143 197
4143 198
4143 199
4143 200
4143 201
4143 202
4143 236
4143 237
4143 238
4143 239
4143 465
4143 466
4143 467
4143 504
4143 505
4143 506
4144 207
4144 208
4144 209
4144 210
4144 211
4144 212
4144 213
4144 475
4144 476
4144 477
4144 478
4144 479
4145 181
4145 182
4145 183
4145 184
4145 218
4145 219
4145 220
4145 221
4145 222
4145 223
4145 485
4145 486
4145 487
4145 488
4145 489
4146 191
4146 192
4146 193
4146 194
4146 195
4146 229
4146 230
4146 231
4146 232
4146 233
4146 459
4146 460
4146 496
4146 497
4146 498
4146 499
4147 201
4147 202
4147 203
4147 204
4147 205
4147 206
4147 240
4147 241
4147 242
4147 468
4147 469
4147 470
4147 471
4147 508
4147 509
4148 175
4148 176
4148 211
4148 212
4148 213
4148 214
4148 215
4148 216
4148 478
4148 479
4148 480
4148 481
4148 482
4149 184
4149 185
4149 186
4149 187
4149 188
4149 222
4149 223
4149 224
4149 225
4149 226
4149 489
4149 490
4149 491
4149 492
4149 493
4150 194
4150 195
4150 196
4150 197
4150 198
4150 199
4150 233
4150 234
4150 235
4150 236
4150 462
4150 463
4150 464
4150 500
4150 501
4150 502
4150 503
4151 204
4151 205
4151 206
4151 207
4151 208
4151 209
4151 244
4151 245
4151 472
4151 473
4151 474
4151 475
4151 512
4152 178
4152 179
4152 180
4152 181
4152 215
4152 216
4152 217
4152 218
4152 219
4152 220
4152 482
4152 483
4152 484
4152 485
4152 486
4153 187
4153 188
4153 189
4153 190
4153 191
4153 192
4153 225
4153 226
4153 227
4153 228
4153 229
4153 230
4153 455
4153 456
4153 457
4153 493
4153 494
4153 495
4153 496
4153 497
4154 198
4154 199
4154 200
4154 201
4154 202
4154 203
4154 237
4154 238
4154 239
4154 240
4154 465
4154 466
4154 467
4154 468
4154 504
4154 505
4154 506
4154 507
4155 172
4155 173
4155 208
4155 209
4155 210
4155 211
4155 212
4155 213
4155 475
4155 476
4155 477
4155 478
4155 479
4156 181
4156 182
4156 183
4156 184
4156 185
4156 218
4156 219
4156 220
4156 221
4156 222
4156 223
4156 486
4156 487
4156 488
4156 489
4156 490
4157 191
4157 192
4157 193
4157 194
4157 195
4157 196
4157 229
4157 230
4157 231
4157 232
4157 233
4157 234
4157 458
4157 459
4157 460
4157 461
4157 497
4157 498
4157 499
4157 500
4158 201
4158 202
4158 203
4158 204
4158 205
4158 206
4158 241
4158 242
4158 243
4158 468
4158 469
4158 470
4158 471
4158 472
4158 508
4158 509
4158 510
4159 175
4159 176
4159 177
4159 211
4159 212
4159 213
4159 214
4159 215
4159 216
4159 217
4159 479
4159 480
4159 481
4159 482
4159 483
4160 184
4160 185
4160 186
4160 187
4160 188
4160 189
4160 222
4160 223
4160 224
4160 225
4160 226
4160 227
4160 452
4160 453
4160 489
4160 490
4160 491
4160 492
4160 493
4160 494
4161 194
4161 195
4161 196
4161 197
4161 198
4161 199
4161 200
4161 233
4161 234
4161 235
4161 236
4161 237
4161 462
4161 463
4161 464
4161 465
4161 500
4161 501
4161 502
4161 503
4161 504
4162 205
4162 206
4162 207
4162 208
4162 209
4162 210
4162 245
4162 246
4162 472
4162 473
4162 474
4162 475
4162 476
4162 512
4162 513
4163 178
4163 179
4163 180
4163 181
4163 215
4163 216
4163 217
4163 218
4163 219
4163 220
4163 221
4163 482
4163 483
4163 484
4163 485
4163 486
4163 487
4164 188
4164 189
4164 190
4164 191
4164 192
4164 193
4164 226
4164 227
4164 228
4164 229
4164 230
4164 231
4164 455
4164 456
4164 457
4164 458
4164 493
4164 494
4164 495
4164 496
4164 497
4165 198
4165 199
4165 200
4165 201
4165 202
4165 203
4165 237
4165 238
4165 239
4165 240
4165 465
4165 466
4165 467
4165 468
4165 469
4165 504
4165 505
4165 506
4165 507
4166 172
4166 173
4166 174
4166 208
4166 209
4166 210
4166 211
4166 212
4166 213
4166 214
4166 475
4166 476
4166 477
4166 478
4166 479
4166 480
4167 181
4167 182
4167 183
4167 184
4167 185
4167 219
4167 220
4167 221
4167 222
4167 223
4167 224
4167 450
4167 486
4167 487
4167 488
4167 489
4167 490
4167 491
4168 191
4168 192
4168 193
4168 194
4168 195
4168 196
4168 230
4168 231
4168 232
4168 233
4168 234
4168 459
4168 460
4168 461
4168 462
4168 497
4168 498
4168 499
4168 500
4168 501
4169 201
4169 202
4169 203
4169 204
4169 205
4169 206
4169 207
4169 241
4169 242
4169 243
4169 244
4169 469
4169 470
4169 471
4169 472
4169 473
4169 508
4169 509
4169 510
4169 511
4170 175
4170 176
4170 177
4170 178
4170 212
4170 213
4170 214
4170 215
4170 216
4170 217
4170 479
4170 480
4170 481
4170 482
4170 483
4170 484
4171 185
4171 186
4171 187
4171 188
4171 189
4171 223
4171 224
4171 225
4171 226
4171 227
4171 228
4171 452
4171 453
4171 454
4171 490
4171 491
4171 492
4171 493
4171 494
4172 195
4172 196
4172 197
4172 198
4172 199
4172 200
4172 234
4172 235
4172 236
4172 237
4172 238
4172 462
4172 463
4172 464
4172 465
4172 466
4172 501
4172 502
4172 503
4172 504
4172 505
4173 170
4173 205
4173 206
4173 207
4173 208
4173 209
4173 210
4173 211
4173 245
4173 246
4173 247
4173 472
4173 473
4173 474
4173 475
4173 476
4173 477
4173 512
4173 513
4173 514
4174 178
4174 179
4174 180
4174 181
4174 182
4174 216
4174 217
4174 218
4174 219
4174 220
4174 221
4174 483
4174 484
4174 485
4174 486
4174 487
4174 488
4175 188
4175 189
4175 190
4175 191
4175 192
4175 193
4175 226
4175 227
4175 228
4175 229
4175 230
4175 231
4175 455
4175 456
4175 457
4175 458
4175 459
4175 493
4175 494
4175 495
4175 496
4175 497
4175 498
4176 198
4176 199
4176 200
4176 201
4176 202
4176 203
4176 204
4176 237
4176 238
4176 239
4176 240
4176 241
4176 465
4176 466
4176 467
4176 468
4176 469
4176 470
4176 505
4176 506
4176 507
4176 508
4177 172
4177 173
4177 174
4177 175
4177 209
4177 210
4177 211
4177 212
4177 213
4177 214
4177 476
4177 477
4177 478
4177 479
4177 480
4177 481
4177 517
4178 182
4178 183
4178 184
4178 185
4178 186
4178 219
4178 220
4178 221
4178 222
4178 223
4178 224
4178 225
4178 449
4178 450
4178 451
4178 486
4178 487
4178 488
4178 489
4178 490
4178 491
4179 192
4179 193
4179 194
4179 195
4179 196
4179 197
4179 230
4179 231
4179 232
4179 233
4179 234
4179 235
4179 459
4179 460
4179 461
4179 462
4179 463
4179 497
4179 498
4179 499
4179 500
4179 501
4179 502
4180 202
4180 203
4180 204
4180 205
4180 206
4180 207
4180 208
4180 241
4180 242
4180 243
4180 244
4180 469
4180 470
4180 471
4180 472
4180 473
4180 474
4180 509
4180 510
4180 511
4180 512
4181 176
4181 177
4181 178
4181 179
4181 212
4181 213
4181 214
4181 215
4181 216
4181 217
4181 218
4181 479
4181 480
4181 481
4181 482
4181 483
4181 484
4181 485
4182 185
4182 186
4182 187
4182 188
4182 189
4182 190
4182 223
4182 224
4182 225
4182 226
4182 227
4182 228
4182 452
4182 453
4182 454
4182 455
4182 490
4182 491
4182 492
4182 493
4182 494
4182 495
4183 195
4183 196
4183 197
4183 198
4183 199
4183 200
4183 201
4183 234
4183 235
4183 236
4183 237
4183 238
4183 462
4183 463
4183 464
4183 465
4183 466
4183 467
4183 501
4183 502
4183 503
4183 504
4183 505
4184 170
4184 171
4184 205
4184 206
4184 207
4184 208
4184 209
4184 210
4184 211
4184 246
4184 247
4184 248
4184 472
4184 473
4184 474
4184 475
4184 476
4184 477
4184 478
4184 513
4184 514
4184 515
4185 179
4185 180
4185 181
4185 182
4185 183
4185 216
4185 217
4185 218
4185 219
4185 220
4185 221
4185 222
4185 446
4185 447
4185 483
4185 484
4185 485
4185 486
4185 487
4185 488
4186 189
4186 190
4186 191
4186 192
4186 193
4186 194
4186 227
4186 228
4186 229
4186 230
4186 231
4186 232
4186 456
4186 457
4186 458
4186 459
4186 494
4186 495
4186 496
4186 497
4186 498
4186 499
4187 199
4187 200
4187 201
4187 202
4187 203
4187 204
4187 205
4187 238
4187 239
4187 240
4187 241
4187 242
4187 466
4187 467
4187 468
4187 469
4187 470
4187 471
4187 505
4187 506
4187 507
4187 508
4187 509
4188 173
4188 174
4188 175
4188 209
4188 210
4188 211
4188 212
4188 213
4188 214
4188 215
4188 250
4188 476
4188 477
4188 478
4188 479
4188 480
4188 481
4188 517
4188 518
4189 182
4189 183
4189 184
4189 185
4189 186
4189 187
4189 220
4189 221
4189 222
4189 223
4189 224
4189 225
4189 449
4189 450
4189 451
4189 452
4189 487
4189 488
4189 489
4189 490
4189 491
4189 492
4190 192
4190 193
4190 194
4190 195
4190 196
4190 197
4190 198
4190 231
4190 232
4190 233
4190 234
4190 235
4190 459
4190 460
4190 461
4190 462
4190 463
4190 498
4190 499
4190 500
4190 501
4190 502
4191 202
4191 203
4191 204
4191 205
4191 206
4191 207
4191 208
4191 242
4191 243
4191 244
4191 245
4191 469
4191 470
4191 471
4191 472
4191 473
4191 474
4191 509
4191 510
4191 511
4191 512
4192 176
4192 177
4192 178
4192 179
4192 180
4192 213
4192 214
4192 215
4192 216
4192 217
4192 218
4192 219
4192 444
4192 480
4192 481
4192 482
4192 483
4192 484
4192 485
4193 185
4193 186
4193 187
4193 188
4193 189
4193 190
4193 191
4193 223
4193 224
4193 225
4193 226
4193 227
4193 228
4193 229
4193 452
4193 453
4193 454
4193 455
4193 456
4193 490
4193 491
4193 492
4193 493
4193 494
4193 495
4193 496
4194 196
4194 197
4194 198
4194 199
4194 200
4194 201
4194 234
4194 235
4194 236
4194 237
4194 238
4194 239
4194 462
4194 463
4194 464
4194 465
4194 466
4194 467
4194 501
4194 502
4194 503
4194 504
4194 505
4194 506
4195 170
4195 171
4195 172
4195 206
4195 207
4195 208
4195 209
4195 210
4195 211
4195 212
4195 246
4195 247
4195 248
4195 473
4195 474
4195 475
4195 476
4195 477
4195 478
4195 513
4195 514
4195 515
4195 516
4196 179
4196 180
4196 181
4196 182
4196 183
4196 216
4196 217
4196 218
4196 219
4196 220
4196 221
4196 222
4196 446
4196 447
4196 448
4196 449
4196 483
4196 484
4196 485
4196 486
4196 487
4196 488
4196 489
4197 189
4197 190
4197 191
4197 192
4197 193
4197 194
4197 227
4197 228
4197 229
4197 230
4197 231
4197 232
4197 233
4197 456
4197 457
4197 458
4197 459
4197 460
4197 494
4197 495
4197 496
4197 497
4197 498
4197 499
4198 199
4198 200
4198 201
4198 202
4198 203
4198 204
4198 205
4198 238
4198 239
4198 240
4198 241
4198 242
4198 466
4198 467
4198 468
4198 469
4198 470
4198 471
4198 505
4198 506
4198 507
4198 508
4198 509
4199 173
4199 174
4199 175
4199 176
4199 210
4199 211
4199 212
4199 213
4199 214
4199 215
4199 216
4199 251
4199 476
4199 477
4199 478
4199 479
4199 480
4199 481
4199 482
4199 517
4199 518
4199 519
4200 182
4200 183
4200 184
4200 185
4200 186
4200 187
4200 220
4200 221
4200 222
4200 223
4200 224
4200 225
4200 226
4200 449
4200 450
4200 451
4200 452
4200 453
4200 487
4200 488
4200 489
4200 490
4200 491
4200 492
4200 493
4201 192
4201 193
4201 194
4201 195
4201 196
4201 197
4201 198
4201 231
4201 232
4201 233
4201 234
4201 235
4201 236
4201 459
4201 460
4201 461
4201 462
4201 463
4201 464
4201 498
4201 499
4201 500
4201 501
4201 502
4201 503
4202 167
4202 168
4202 203
4202 204
4202 205
4202 206
4202 207
4202 208
4202 209
4202 242
4202 243
4202 244
4202 245
4202 246
4202 470
4202 471
4202 472
4202 473
4202 474
4202 475
4202 509
4202 510
4202 511
4202 512
4202 513
4203 176
4203 177
4203 178
4203 179
4203 180
4203 213
4203 214
4203 215
4203 216
4203 217
4203 218
4203 219
4203 443
4203 444
4203 445
4203 480
4203 481
4203 482
4203 483
4203 484
4203 485
4203 486
4204 186
4204 187
4204 188
4204 189
4204 190
4204 191
4204 224
4204 225
4204 226
4204 227
4204 228
4204 229
4204 230
4204 453
4204 454
4204 455
4204 456
4204 457
4204 491
4204 492
4204 493
4204 494
4204 495
4204 496
4205 196
4205 197
4205 198
4205 199
4205 200
4205 201
4205 202
4205 235
4205 236
4205 237
4205 238
4205 239
4205 240
4205 463
4205 464
4205 465
4205 466
4205 467
4205 468
4205 502
4205 503
4205 504
4205 505
4205 506
4205 507
4206 170
4206 171
4206 172
4206 173
4206 206
4206 207
4206 208
4206 209
4206 210
4206 211
4206 212
4206 213
4206 247
4206 248
4206 249
4206 473
4206 474
4206 475
4206 476
4206 477
4206 478
4206 479
4206 513
4206 514
4206 515
4206 516
4207 179
4207 180
4207 181
4207 182
4207 183
4207 184
4207 217
4207 218
4207 219
4207 220
4207 221
4207 222
4207 223
4207 446
4207 447
4207 448
4207 449
4207 484
4207 485
4207 486
4207 487
4207 488
4207 489
4207 490
4208 189
4208 190
4208 191
4208 192
4208 193
4208 194
4208 195
4208 228
4208 229
4208 230
4208 231
4208 232
4208 233
4208 456
4208 457
4208 458
4208 459
4208 460
4208 461
4208 495
4208 496
4208 497
4208 498
4208 499
4208 500
4209 200
4209 201
4209 202
4209 203
4209 204
4209 205
4209 206
4209 239
4209 240
4209 241
4209 242
4209 243
4209 466
4209 467
4209 468
4209 469
4209 470
4209 471
4209 472
4209 506
4209 507
4209 508
4209 509
4209 510
4210 173
4210 174
4210 175
4210 176
4210 177
4210 210
4210 211
4210 212
4210 213
4210 214
4210 215
4210 216
4210 251
4210 252
4210 441
4210 477
4210 478
4210 479
4210 480
4210 481
4210 482
4210 483
4210 518
4210 519
4211 183
4211 184
4211 185
4211 186
4211 187
4211 188
4211 221
4211 222
4211 223
4211 224
4211 225
4211 226
4211 227
4211 450
4211 451
4211 452
4211 453
4211 454
4211 487
4211 488
4211 489
4211 490
4211 491
4211 492
4211 493
4212 193
4212 194
4212 195
4212 196
4212 197
4212 198
4212 199
4212 232
4212 233
4212 234
4212 235
4212 236
4212 237
4212 460
4212 461
4212 462
4212 463
4212 464
4212 465
4212 498
4212 499
4212 500
4212 501
4212 502
4212 503
4212 504
4213 167
4213 168
4213 169
4213 203
4213 204
4213 205
4213 206
4213 207
4213 208
4213 209
4213 210
4213 243
4213 244
4213 245
4213 246
4213 470
4213 471
4213 472
4213 473
4213 474
4213 475
4213 476
4213 510
4213 511
4213 512
4213 513
4213 514
4214 176
4214 177
4214 178
4214 179
4214 180
4214 181
4214 214
4214 215
4214 216
4214 217
4214 218
4214 219
4214 220
4214 443
4214 444
4214 445
4214 446
4214 480
4214 481
4214 482
4214 483
4214 484
4214 485
4214 486
4214 487
4215 186
4215 187
4215 188
4215 189
4215 190
4215 191
4215 192
4215 224
4215 225
4215 226
4215 227
4215 228
4215 229
4215 230
4215 453
4215 454
4215 455
4215 456
4215 457
4215 458
4215 491
4215 492
4215 493
4215 494
4215 495
4215 496
4215 497
4216 196
4216 197
4216 198
4216 199
4216 200
4216 201
4216 202
4216 203
4216 235
4216 236
4216 237
4216 238
4216 239
4216 240
4216 463
4216 464
4216 465
4216 466
4216 467
4216 468
4216 469
4216 502
4216 503
4216 504
4216 505
4216 506
4216 507
4217 170
4217 171
4217 172
4217 173
4217 207
4217 208
4217 209
4217 210
4217 211
4217 212
4217 213
4217 247
4217 248
4217 249
4217 250
4217 473
4217 474
4217 475
4217 476
4217 477
4217 478
4217 479
4217 480
4217 514
4217 515
4217 516
4217 517
4218 180
4218 181
4218 182
4218 183
4218 184
4218 185
4218 217
4218 218
4218 219
4218 220
4218 221
4218 222
4218 223
4218 224
4218 446
4218 447
4218 448
4218 449
4218 450
4218 484
4218 485
4218 486
4218 487
4218 488
4218 489
4218 490
4219 190
4219 191
4219 192
4219 193
4219 194
4219 195
4219 196
4219 228
4219 229
4219 230
4219 231
4219 232
4219 233
4219 234
4219 456
4219 457
4219 458
4219 459
4219 460
4219 461
4219 462
4219 495
4219 496
4219 497
4219 498
4219 499
4219 500
4219 501
4220 200
4220 201
4220 202
4220 203
4220 204
4220 205
4220 206
4220 239
4220 240
4220 241
4220 242
4220 243
4220 244
4220 467
4220 468
4220 469
4220 470
4220 471
4220 472
4220 473
4220 506
4220 507
4220 508
4220 509
4220 510
4220 511
4221 174
4221 175
4221 176
4221 177
4221 210
4221 211
4221 212
4221 213
4221 214
4221 215
4221 216
4221 217
4221 251
4221 252
4221 253
4221 440
4221 441
4221 442
4221 477
4221 478
4221 479
4221 480
4221 481
4221 482
4221 483
4221 518
4221 519
4221 520
4222 183
4222 184
4222 185
4222 186
4222 187
4222 188
4222 189
4222 221
4222 222
4222 223
4222 224
4222 225
4222 226
4222 227
4222 450
4222 451
4222 452
4222 453
4222 454
4222 488
4222 489
4222 490
4222 491
4222 492
4222 493
4222 494
4223 193
4223 194
4223 195
4223 196
4223 197
4223 198
4223 199
4223 232
4223 233
4223 234
4223 235
4223 236
4223 237
4223 460
4223 461
4223 462
4223 463
4223 464
4223 465
4223 466
4223 499
4223 500
4223 501
4223 502
4223 503
4223 504
4224 168
4224 169
4224 170
4224 204
4224 205
4224 206
4224 207
4224 208
4224 209
4224 210
4224 243
4224 244
4224 245
4224 246
4224 247
4224 470
4224 471
4224 472
4224 473
4224 474
4224 475
4224 476
4224 510
4224 511
4224 512
4224 513
4224 514
4225 177
4225 178
4225 179
4225 180
4225 181
4225 214
4225 215
4225 216
4225 217
4225 218
4225 219
4225 220
4225 221
4225 443
4225 444
4225 445
4225 446
4225 447
4225 481
4225 482
4225 483
4225 484
4225 485
4225 486
4225 487
4225 523
4226 187
4226 188
4226 189
4226 190
4226 191
4226 192
4226 193
4226 225
4226 226
4226 227
4226 228
4226 229
4226 230
4226 231
4226 453
4226 454
4226 455
4226 456
4226 457
4226 458
4226 492
4226 493
4226 494
4226 495
4226 496
4226 497
4226 498
4227 197
4227 198
4227 199
4227 200
4227 201
4227 202
4227 203
4227 236
4227 237
4227 238
4227 239
4227 240
4227 241
4227 463
4227 464
4227 465
4227 466
4227 467
4227 468
4227 469
4227 503
4227 504
4227 505
4227 506
4227 507
4227 508
4228 171
4228 172
4228 173
4228 174
4228 207
4228 208
4228 209
4228 210
4228 211
4228 212
4228 213
4228 214
4228 248
4228 249
4228 250
4228 438
4228 439
4228 474
4228 475
4228 476
4228 477
4228 478
4228 479
4228 480
4228 514
4228 515
4228 516
4228 517
4228 518
4229 180
4229 181
4229 182
4229 183
4229 184
4229 185
4229 218
4229 219
4229 220
4229 221
4229 222
4229 223
4229 224
4229 447
4229 448
4229 449
4229 450
4229 451
4229 485
4229 486
4229 487
4229 488
4229 489
4229 490
4229 491
4230 190
4230 191
4230 192
4230 193
4230 194
4230 195
4230 196
4230 229
4230 230
4230 231
4230 232
4230 233
4230 234
4230 457
4230 458
4230 459
4230 460
4230 461
4230 462
4230 495
4230 496
4230 497
4230 498
4230 499
4230 500
4230 501
4231 165
4231 166
4231 200
4231 201
4231 202
4231 203
4231 204
4231 205
4231 206
4231 207
4231 240
4231 241
4231 242
4231 243
4231 244
4231 467
4231 468
4231 469
4231 470
4231 471
4231 472
4231 473
4231 507
4231 508
4231 509
4231 510
4231 511
4232 174
4232 175
4232 176
4232 177
4232 178
4232 211
4232 212
4232 213
4232 214
4232 215
4232 216
4232 217
4232 252
4232 253
4232 440
4232 441
4232 442
4232 443
4232 478
4232 479
4232 480
4232 481
4232 482
4232 483
4232 484
4232 518
4232 519
4232 520
4232 521
4233 184
4233 185
4233 186
4233 187
4233 188
4233 189
4233 222
4233 223
4233 224
4233 225
4233 226
4233 227
4233 228
4233 450
4233 451
4233 452
4233 453
4233 454
4233 455
4233 488
4233 489
4233 490
4233 491
4233 492
4233 493
4233 494
4233 495
4234 194
4234 195
4234 196
4234 197
4234 198
4234 199
4234 200
4234 233
4234 234
4234 235
4234 236
4234 237
4234 238
4234 460
4234 461
4234 462
4234 463
4234 464
4234 465
4234 466
4234 499
4234 500
4234 501
4234 502
4234 503
4234 504
4234 505
4235 168
4235 169
4235 170
4235 171
4235 204
4235 205
4235 206
4235 207
4235 208
4235 209
4235 210
4235 211
4235 244
4235 245
4235 246
4235 247
4235 248
4235 471
4235 472
4235 473
4235 474
4235 475
4235 476
4235 477
4235 511
4235 512
4235 513
4235 514
4235 515
4236 177
4236 178
4236 179
4236 180
4236 181
4236 182
4236 215
4236 216
4236 217
4236 218
4236 219
4236 220
4236 221
4236 444
4236 445
4236 446
4236 447
4236 448
4236 481
4236 482
4236 483
4236 484
4236 485
4236 486
4236 487
4236 488
4236 523
4236 524
4237 187
4237 188
4237 189
4237 190
4237 191
4237 192
4237 193
4237 225
4237 226
4237 227
4237 228
4237 229
4237 230
4237 231
4237 454
4237 455
4237 456
4237 457
4237 458
4237 459
4237 492
4237 493
4237 494
4237 495
4237 496
4237 497
4237 498
4238 197
4238 198
4238 199
4238 200
4238 201
4238 202
4238 203
4238 204
4238 236
4238 237
4238 238
4238 239
4238 240
4238 241
4238 464
4238 465
4238 466
4238 467
4238 468
4238 469
4238 470
4238 503
4238 504
4238 505
4238 506
4238 507
4238 508
4238 509
4239 171
4239 172
4239 173
4239 174
4239 175
4239 208
4239 209
4239 210
4239 211
4239 212
4239 213
4239 214
4239 248
4239 249
4239 250
4239 251
4239 438
4239 439
4239 440
4239 474
4239 475
4239 476
4239 477
4239 478
4239 479
4239 480
4239 481
4239 515
4239 516
4239 517
4239 518
4240 181
4240 182
4240 183
4240 184
4240 185
4240 186
4240 218
4240 219
4240 220
4240 221
4240 222
4240 223
4240 224
4240 225
4240 447
4240 448
4240 449
4240 450
4240 451
4240 452
4240 485
4240 486
4240 487
4240 488
4240 489
4240 490
4240 491
4240 492
4241 191
4241 192
4241 193
4241 194
4241 195
4241 196
4241 197
4241 229
4241 230
4241 231
4241 232
4241 233
4241 234
4241 235
4241 457
4241 458
4241 459
4241 460
4241 461
4241 462
4241 463
4241 496
4241 497
4241 498
4241 499
4241 500
4241 501
4241 502
4242 165
4242 166
4242 167
4242 201
4242 202
4242 203
4242 204
4242 205
4242 206
4242 207
4242 208
4242 240
4242 241
4242 242
4242 243
4242 244
4242 245
4242 467
4242 468
4242 469
4242 470
4242 471
4242 472
4242 473
4242 474
4242 507
4242 508
4242 509
4242 510
4242 511
4242 512
4243 174
4243 175
4243 176
4243 177
4243 178
4243 179
4243 211
4243 212
4243 213
4243 214
4243 215
4243 216
4243 217
4243 218
4243 252
4243 253
4243 254
4243 441
4243 442
4243 443
4243 444
4243 478
4243 479
4243 480
4243 481
4243 482
4243 483
4243 484
4243 485
4243 519
4243 520
4243 521
4243 522
4244 184
4244 185
4244 186
4244 187
4244 188
4244 189
4244 190
4244 222
4244 223
4244 224
4244 225
4244 226
4244 227
4244 228
4244 450
4244 451
4244 452
4244 453
4244 454
4244 455
4244 456
4244 489
4244 490
4244 491
4244 492
4244 493
4244 494
4244 495
4245 194
4245 195
4245 196
4245 197
4245 198
4245 199
4245 200
4245 201
4245 233
4245 234
4245 235
4245 236
4245 237
4245 238
4245 461
4245 462
4245 463
4245 464
4245 465
4245 466
4245 467
4245 500
4245 501
4245 502
4245 503
4245 504
4245 505
4245 506
4246 168
4246 169
4246 170
4246 171
4246 204
4246 205
4246 206
4246 207
4246 208
4246 209
4246 210
4246 211
4246 244
4246 245
4246 246
4246 247
4246 248
4246 435
4246 436
4246 471
4246 472
4246 473
4246 474
4246 475
4246 476
4246 477
4246 478
4246 511
4246 512
4246 513
4246 514
4246 515
4246 516
4247 178
4247 179
4247 180
4247 181
4247 182
4247 183
4247 215
4247 216
4247 217
4247 218
4247 219
4247 220
4247 221
4247 222
4247 444
4247 445
4247 446
4247 447
4247 448
4247 482
4247 483
4247 484
4247 485
4247 486
4247 487
4247 488
4247 523
4247 524
4247 525
4248 187
4248 188
4248 189
4248 190
4248 191
4248 192
4248 193
4248 194
4248 226
4248 227
4248 228
4248 229
4248 230
4248 231
4248 232
4248 454
4248 455
4248 456
4248 457
4248 458
4248 459
4248 460
4248 492
4248 493
4248 494
4248 495
4248 496
4248 497
4248 498
4248 499
4249 198
4249 199
4249 200
4249 201
4249 202
4249 203
4249 204
4249 237
4249 238
4249 239
4249 240
4249 241
4249 242
4249 464
4249 465
4249 466
4249 467
4249 468
4249 469
4249 470
4249 471
4249 504
4249 505
4249 506
4249 507
4249 508
4249 509
4250 171
4250 172
4250 173
4250 174
4250 175
4250 208
4250 209
4250 210
4250 211
4250 212
4250 213
4250 214
4250 215
4250 249
4250 250
4250 251
4250 438
4250 439
4250 440
4250 441
4250 475
4250 476
4250 477
4250 478
4250 479
4250 480
4250 481
4250 482
4250 515
4250 516
4250 517
4250 518
4250 519
4251 181
4251 182
4251 183
4251 184
4251 185
4251 186
4251 187
4251 219
4251 220
4251 221
4251 222
4251 223
4251 224
4251 225
4251 447
4251 448
4251 449
4251 450
4251 451
4251 452
4251 485
4251 486
4251 487
4251 488
4251 489
4251 490
4251 491
4251 492
4252 191
4252 192
4252 193
4252 194
4252 195
4252 196
4252 197
4252 198
4252 230
4252 231
4252 232
4252 233
4252 234
4252 235
4252 236
4252 457
4252 458
4252 459
4252 460
4252 461
4252 462
4252 463
4252 464
4252 496
4252 497
4252 498
4252 499
4252 500
4252 501
4252 502
4252 503
4253 165
4253 166
4253 167
4253 168
4253 201
4253 202
4253 203
4253 204
4253 205
4253 206
4253 207
4253 208
4253 241
4253 242
4253 243
4253 244
4253 245
4253 468
4253 469
4253 470
4253 471
4253 472
4253 473
4253 474
4253 475
4253 507
4253 508
4253 509
4253 510
4253 511
4253 512
4253 513
4254 175
4254 176
4254 177
4254 178
4254 179
4254 212
4254 213
4254 214
4254 215
4254 216
4254 217
4254 218
4254 219
4254 253
4254 254
4254 441
4254 442
4254 443
4254 444
4254 445
4254 478
4254 479
4254 480
4254 481
4254 482
4254 483
4254 484
4254 485
4254 519
4254 520
4254 521
4254 522
4255 184
4255 185
4255 186
4255 187
4255 188
4255 189
4255 190
4255 223
4255 224
4255 225
4255 226
4255 227
4255 228
4255 229
4255 451
4255 452
4255 453
4255 454
4255 455
4255 456
4255 489
4255 490
4255 491
4255 492
4255 493
4255 494
4255 495
4255 496
4256 195
4256 196
4256 197
4256 198
4256 199
4256 200
4256 201
4256 234
4256 235
4256 236
4256 237
4256 238
4256 239
4256 461
4256 462
4256 463
4256 464
4256 465
4256 466
4256 467
4256 500
4256 501
4256 502
4256 503
4256 504
4256 505
4256 506
4257 168
4257 169
4257 170
4257 171
4257 172
4257 205
4257 206
4257 207
4257 208
4257 209
4257 210
4257 211
4257 212
4257 245
4257 246
4257 247
4257 248
4257 249
4257 435
4257 436
4257 437
4257 471
4257 472
4257 473
4257 474
4257 475
4257 476
4257 477
4257 478
4257 511
4257 512
4257 513
4257 514
4257 515
4257 516
4258 178
4258 179
4258 180
4258 181
4258 182
4258 183
4258 216
4258 217
4258 218
4258 219
4258 220
4258 221
4258 222
4258 444
4258 445
4258 446
4258 447
4258 448
4258 449
4258 482
4258 483
4258 484
4258 485
4258 486
4258 487
4258 488
4258 489
4258 524
4258 525
4259 188
4259 189
4259 190
4259 191
4259 192
4259 193
4259 194
4259 226
4259 227
4259 228
4259 229
4259 230
4259 231
4259 232
4259 233
4259 454
4259 455
4259 456
4259 457
4259 458
4259 459
4259 460
4259 493
4259 494
4259 495
4259 496
4259 497
4259 498
4259 499
4259 500
4260 163
4260 164
4260 198
4260 199
4260 200
4260 201
4260 202
4260 203
4260 204
4260 205
4260 237
4260 238
4260 239
4260 240
4260 241
4260 242
4260 243
4260 465
4260 466
4260 467
4260 468
4260 469
4260 470
4260 471
4260 504
4260 505
4260 506
4260 507
4260 508
4260 509
4260 510
4261 172
4261 173
4261 174
4261 175
4261 176
4261 209
4261 210
4261 211
4261 212
4261 213
4261 214
4261 215
4261 216
4261 249
4261 250
4261 251
4261 252
4261 438
4261 439
4261 440
4261 441
4261 475
4261 476
4261 477
4261 478
4261 479
4261 480
4261 481
4261 482
4261 516
4261 517
4261 518
4261 519
4261 520
4262 181
4262 182
4262 183
4262 184
4262 185
4262 186
4262 187
4262 219
4262 220
4262 221
4262 222
4262 223
4262 224
4262 225
4262 226
4262 448
4262 449
4262 450
4262 451
4262 452
4262 453
4262 486
4262 487
4262 488
4262 489
4262 490
4262 491
4262 492
4262 493
4263 191
4263 192
4263 193
4263 194
4263 195
4263 196
4263 197
4263 198
4263 230
4263 231
4263 232
4263 233
4263 234
4263 235
4263 236
4263 458
4263 459
4263 460
4263 461
4263 462
4263 463
4263 464
4263 497
4263 498
4263 499
4263 500
4263 501
4263 502
4263 503
4264 166
4264 167
4264 168
4264 202
4264 203
4264 204
4264 205
4264 206
4264 207
4264 208
4264 209
4264 241
4264 242
4264 243
4264 244
4264 245
4264 246
4264 432
4264 433
4264 468
4264 469
4264 470
4264 471
4264 472
4264 473
4264 474
4264 475
4264 508
4264 509
4264 510
4264 511
4264 512
4264 513
4265 175
4265 176
4265 177
4265 178
4265 179
4265 180
4265 212
4265 213
4265 214
4265 215
4265 216
4265 217
4265 218
4265 219
4265 253
4265 254
4265 255
4265 441
4265 442
4265 443
4265 444
4265 445
4265 446
4265 479
4265 480
4265 481
4265 482
4265 483
4265 484
4265 485
4265 486
4265 520
4265 521
4265 522
4265 523
4266 185
4266 186
4266 187
4266 188
4266 189
4266 190
4266 191
4266 223
4266 224
4266 225
4266 226
4266 227
4266 228
4266 229
4266 230
4266 451
4266 452
4266 453
4266 454
4266 455
4266 456
4266 457
4266 490
4266 491
4266 492
4266 493
4266 494
4266 495
4266 496
4267 195
4267 196
4267 197
4267 198
4267 199
4267 200
4267 201
4267 202
4267 234
4267 235
4267 236
4267 237
4267 238
4267 239
4267 240
4267 461
4267 462
4267 463
4267 464
4267 465
4267 466
4267 467
4267 468
4267 501
4267 502
4267 503
4267 504
4267 505
4267 506
4267 507
4268 169
4268 170
4268 171
4268 172
4268 173
4268 205
4268 206
4268 207
4268 208
4268 209
4268 210
4268 211
4268 212
4268 245
4268 246
4268 247
4268 248
4268 249
4268 435
4268 436
4268 437
4268 438
4268 472
4268 473
4268 474
4268 475
4268 476
4268 477
4268 478
4268 479
4268 512
4268 513
4268 514
4268 515
4268 516
4268 517
4269 178
4269 179
4269 180
4269 181
4269 182
4269 183
4269 184
4269 216
4269 217
4269 218
4269 219
4269 220
4269 221
4269 222
4269 223
4269 444
4269 445
4269 446
4269 447
4269 448
4269 449
4269 450
4269 482
4269 483
4269 484
4269 485
4269 486
4269 487
4269 488
4269 489
4269 490
4269 524
4269 525
4269 526
4270 188
4270 189
4270 190
4270 191
4270 192
4270 193
4270 194
4270 195
4270 227
4270 228
4270 229
4270 230
4270 231
4270 232
4270 233
4270 455
4270 456
4270 457
4270 458
4270 459
4270 460
4270 461
4270 493
4270 494
4270 495
4270 496
4270 497
4270 498
4270 499
4270 500
4271 163
4271 164
4271 165
4271 199
4271 200
4271 201
4271 202
4271 203
4271 204
4271 205
4271 206
4271 238
4271 239
4271 240
4271 241
4271 242
4271 243
4271 465
4271 466
4271 467
4271 468
4271 469
4271 470
4271 471
4271 472
4271 504
4271 505
4271 506
4271 507
4271 508
4271 509
4271 510
4272 172
4272 173
4272 174
4272 175
4272 176
4272 177
4272 209
4272 210
4272 211
4272 212
4272 213
4272 214
4272 215
4272 216
4272 250
4272 251
4272 252
4272 253
4272 438
4272 439
4272 440
4272 441
4272 442
4272 475
4272 476
4272 477
4272 478
4272 479
4272 480
4272 481
4272 482
4272 483
4272 516
4272 517
4272 518
4272 519
4272 520
4273 182
4273 183
4273 184
4273 185
4273 186
4273 187
4273 188
4273 220
4273 221
4273 222
4273 223
4273 224
4273 225
4273 226
4273 227
4273 448
4273 449
4273 450
4273 451
4273 452
4273 453
4273 454
4273 486
4273 487
4273 488
4273 489
4273 490
4273 491
4273 492
4273 493
4274 192
4274 193
4274 194
4274 195
4274 196
4274 197
4274 198
4274 199
4274 231
4274 232
4274 233
4274 234
4274 235
4274 236
4274 237
4274 458
4274 459
4274 460
4274 461
4274 462
4274 463
4274 464
4274 465
4274 497
4274 498
4274 499
4274 500
4274 501
4274 502
4274 503
4274 504
4275 166
4275 167
4275 168
4275 169
4275 202
4275 203
4275 204
4275 205
4275 206
4275 207
4275 208
4275 209
4275 242
4275 243
4275 244
4275 245
4275 246
4275 247
4275 432
4275 433
4275 434
4275 469
4275 470
4275 471
4275 472
4275 473
4275 474
4275 475
4275 476
4275 508
4275 509
4275 510
4275 511
4275 512
4275 513
4275 514
4276 175
4276 176
4276 177
4276 178
4276 179
4276 180
4276 181
4276 213
4276 214
4276 215
4276 216
4276 217
4276 218
4276 219
4276 220
4276 254
4276 255
4276 256
4276 441
4276 442
4276 443
4276 444
4276 445
4276 446
4276 479
4276 480
4276 481
4276 482
4276 483
4276 484
4276 485
4276 486
4276 487
4276 520
4276 521
4276 522
4276 523
4276 524
4277 185
4277 186
4277 187
4277 188
4277 189
4277 190
4277 191
4277 192
4277 224
4277 225
4277 226
4277 227
4277 228
4277 229
4277 230
4277 451
4277 452
4277 453
4277 454
4277 455
4277 456
4277 457
4277 458
4277 490
4277 491
4277 492
4277 493
4277 494
4277 495
4277 496
4277 497
4278 195
4278 196
4278 197
4278 198
4278 199
4278 200
4278 201
4278 202
4278 235
4278 236
4278 237
4278 238
4278 239
4278 240
4278 462
4278 463
4278 464
4278 465
4278 466
4278 467
4278 468
4278 469
4278 501
4278 502
4278 503
4278 504
4278 505
4278 506
4278 507
4279 169
4279 170
4279 171
4279 172
4279 173
4279 206
4279 207
4279 208
4279 209
4279 210
4279 211
4279 212
4279 213
4279 246
4279 247
4279 248
4279 249
4279 250
4279 435
4279 436
4279 437
4279 438
4279 439
4279 472
4279 473
4279 474
4279 475
4279 476
4279 477
4279 478
4279 479
4279 480
4279 512
4279 513
4279 514
4279 515
4279 516
4279 517
4280 179
4280 180
4280 181
4280 182
4280 183
4280 184
4280 185
4280 217
4280 218
4280 219
4280 220
4280 221
4280 222
4280 223
4280 445
4280 446
4280 447
4280 448
4280 449
4280 450
4280 483
4280 484
4280 485
4280 486
4280 487
4280 488
4280 489
4280 490
4280 525
4280 526
4280 527
4281 189
4281 190
4281 191
4281 192
4281 193
4281 194
4281 195
4281 227
4281 228
4281 229
4281 230
4281 231
4281 232
4281 233
4281 234
4281 455
4281 456
4281 457
4281 458
4281 459
4281 460
4281 461
4281 462
4281 494
4281 495
4281 496
4281 497
4281 498
4281 499
4281 500
4281 501
4282 163
4282 164
4282 165
4282 199
4282 200
4282 201
4282 202
4282 203
4282 204
4282 205
4282 206
4282 238
4282 239
4282 240
4282 241
4282 242
4282 243
4282 244
4282 429
4282 430
4282 431
4282 465
4282 466
4282 467
4282 468
4282 469
4282 470
4282 471
4282 472
4282 473
4282 505
4282 506
4282 507
4282 508
4282 509
4282 510
4282 511
4283 172
4283 173
4283 174
4283 175
4283 176
4283 177
4283 210
4283 211
4283 212
4283 213
4283 214
4283 215
4283 216
4283 217
4283 250
4283 251
4283 252
4283 253
4283 438
4283 439
4283 440
4283 441
4283 442
4283 443
4283 476
4283 477
4283 478
4283 479
4283 480
4283 481
4283 482
4283 483
4283 516
4283 517
4283 518
4283 519
4283 520
4283 521
4284 182
4284 183
4284 184
4284 185
4284 186
4284 187
4284 188
4284 220
4284 221
4284 222
4284 223
4284 224
4284 225
4284 226
4284 227
4284 448
4284 449
4284 450
4284 451
4284 452
4284 453
4284 454
4284 487
4284 488
4284 489
4284 490
4284 491
4284 492
4284 493
4284 494
4285 192
4285 193
4285 194
4285 195
4285 196
4285 197
4285 198
4285 199
4285 231
4285 232
4285 233
4285 234
4285 235
4285 236
4285 237
4285 458
4285 459
4285 460
4285 461
4285 462
4285 463
4285 464
4285 465
4285 498
4285 499
4285 500
4285 501
4285 502
4285 503
4285 504
4286 166
4286 167
4286 168
4286 169
4286 170
4286 203
4286 204
4286 205
4286 206
4286 207
4286 208
4286 209
4286 210
4286 242
4286 243
4286 244
4286 245
4286 246
4286 247
4286 432
4286 433
4286 434
4286 435
4286 469
4286 470
4286 471
4286 472
4286 473
4286 474
4286 475
4286 476
4286 509
4286 510
4286 511
4286 512
4286 513
4286 514
4286 515
4287 176
4287 177
4287 178
4287 179
4287 180
4287 181
4287 213
4287 214
4287 215
4287 216
4287 217
4287 218
4287 219
4287 220
4287 255
4287 256
4287 442
4287 443
4287 444
4287 445
4287 446
4287 447
4287 480
4287 481
4287 482
4287 483
4287 484
4287 485
4287 486
4287 487
4287 521
4287 522
4287 523
4287 524
4288 186
4288 187
4288 188
4288 189
4288 190
4288 191
4288 192
4288 224
4288 225
4288 226
4288 227
4288 228
4288 229
4288 230
4288 231
4288 452
4288 453
4288 454
4288 455
4288 456
4288 457
4288 458
4288 490
4288 491
4288 492
4288 493
4288 494
4288 495
4288 496
4288 497
4288 498
4289 161
4289 196
4289 197
4289 198
4289 199
4289 200
4289 201
4289 202
4289 203
4289 235
4289 236
4289 237
4289 238
4289 239
4289 240
4289 241
4289 462
4289 463
4289 464
4289 465
4289 466
4289 467
4289 468
4289 469
4289 502
4289 503
4289 504
4289 505
4289 506
4289 507
4289 508
4290 169
4290 170
4290 171
4290 172
4290 173
4290 174
4290 206
4290 207
4290 208
4290 209
4290 210
4290 211
4290 212
4290 213
4290 214
4290 247
4290 248
4290 249
4290 250
4290 435
4290 436
4290 437
4290 438
4290 439
4290 473
4290 474
4290 475
4290 476
4290 477
4290 478
4290 479
4290 480
4290 513
4290 514
4290 515
4290 516
4290 517
4290 518
4291 179
4291 180
4291 181
4291 182
4291 183
4291 184
4291 185
4291 217
4291 218
4291 219
4291 220
4291 221
4291 222
4291 223
4291 224
4291 445
4291 446
4291 447
4291 448
4291 449
4291 450
4291 451
4291 483
4291 484
4291 485
4291 486
4291 487
4291 488
4291 489
4291 490
4291 491
4291 525
4291 526
4291 527
4292 189
4292 190
4292 191
4292 192
4292 193
4292 194
4292 195
4292 196
4292 228
4292 229
4292 230
4292 231
4292 232
4292 233
4292 234
4292 455
4292 456
4292 457
4292 458
4292 459
4292 460
4292 461
4292 462
4292 494
4292 495
4292 496
4292 497
4292 498
4292 499
4292 500
4292 501
4293 164
4293 165
4293 166
4293 199
4293 200
4293 201
4293 202
4293 203
4293 204
4293 205
4293 206
4293 207
4293 239
4293 240
4293 241
4293 242
4293 243
4293 244
4293 429
4293 430
4293 431
4293 432
4293 466
4293 467
4293 468
4293 469
4293 470
4293 471
4293 472
4293 473
4293 505
4293 506
4293 507
4293 508
4293 509
4293 510
4293 511
4293 512
4294 173
4294 174
4294 175
4294 176
4294 177
4294 178
4294 210
4294 211
4294 212
4294 213
4294 214
4294 215
4294 216
4294 217
4294 251
4294 252
4294 253
4294 254
4294 439
4294 440
4294 441
4294 442
4294 443
4294 444
4294 476
4294 477
4294 478
4294 479
4294 480
4294 481
4294 482
4294 483
4294 484
4294 517
4294 518
4294 519
4294 520
4294 521
4295 183
4295 184
4295 185
4295 186
4295 187
4295 188
4295 189
4295 221
4295 222
4295 223
4295 224
4295 225
4295 226
4295 227
4295 228
4295 449
4295 450
4295 451
4295 452
4295 453
4295 454
4295 455
4295 487
4295 488
4295 489
4295 490
4295 491
4295 492
4295 493
4295 494
4295 495
4296 193
4296 194
4296 195
4296 196
4296 197
4296 198
4296 199
4296 200
4296 232
4296 233
4296 234
4296 235
4296 236
4296 237
4296 238
4296 459
4296 460
4296 461
4296 462
4296 463
4296 464
4296 465
4296 466
4296 498
4296 499
4296 500
4296 501
4296 502
4296 503
4296 504
4296 505
4297 167
4297 168
4297 169
4297 170
4297 203
4297 204
4297 205
4297 206
4297 207
4297 208
4297 209
4297 210
4297 243
4297 244
4297 245
4297 246
4297 247
4297 248
4297 432
4297 433
4297 434
4297 435
4297 436
4297 469
4297 470
4297 471
4297 472
4297 473
4297 474
4297 475
4297 476
4297 477
4297 509
4297 510
4297 511
4297 512
4297 513
4297 514
4297 515
4298 176
4298 177
4298 178
4298 179
4298 180
4298 181
4298 182
4298 214
4298 215
4298 216
4298 217
4298 218
4298 219
4298 220
4298 221
4298 255
4298 256
4298 257
4298 442
4298 443
4298 444
4298 445
4298 446
4298 447
4298 448
4298 480
4298 481
4298 482
4298 483
4298 484
4298 485
4298 486
4298 487
4298 488
4298 521
4298 522
4298 523
4298 524
4298 525
4299 186
4299 187
4299 188
4299 189
4299 190
4299 191
4299 192
4299 193
4299 225
4299 226
4299 227
4299 228
4299 229
4299 230
4299 231
4299 452
4299 453
4299 454
4299 455
4299 456
4299 457
4299 458
4299 459
4299 491
4299 492
4299 493
4299 494
4299 495
4299 496
4299 497
4299 498
4300 161
4300 162
4300 196
4300 197
4300 198
4300 199
4300 200
4300 201
4300 202
4300 203
4300 204
4300 236
4300 237
4300 238
4300 239
4300 240
4300 241
4300 427
4300 428
4300 462
4300 463
4300 464
4300 465
4300 466
4300 467
4300 468
4300 469
4300 470
4300 502
4300 503
4300 504
4300 505
4300 506
4300 507
4300 508
4300 509
4301 170
4301 171
4301 172
4301 173
4301 174
4301 207
4301 208
4301 209
4301 210
4301 211
4301 212
4301 213
4301 214
4301 247
4301 248
4301 249
4301 250
4301 251
4301 435
4301 436
4301 437
4301 438
4301 439
4301 440
4301 473
4301 474
4301 475
4301 476
4301 477
4301 478
4301 479
4301 480
4301 481
4301 513
4301 514
4301 515
4301 516
4301 517
4301 518
4301 519
4302 179
4302 180
4302 181
4302 182
4302 183
4302 184
4302 185
4302 186
4302 217
4302 218
4302 219
4302 220
4302 221
4302 222
4302 223
4302 224
4302 225
4302 445
4302 446
4302 447
4302 448
4302 449
4302 450
4302 451
4302 452
4302 484
4302 485
4302 486
4302 487
4302 488
4302 489
4302 490
4302 491
4302 526
4302 527
4302 528
4303 190
4303 191
4303 192
4303 193
4303 194
4303 195
4303 196
4303 197
4303 228
4303 229
4303 230
4303 231
4303 232
4303 233
4303 234
4303 235
4303 456
4303 457
4303 458
4303 459
4303 460
4303 461
4303 462
4303 463
4303 495
4303 496
4303 497
4303 498
4303 499
4303 500
4303 501
4303 502
4304 164
4304 165
4304 166
4304 167
4304 200
4304 201
4304 202
4304 203
4304 204
4304 205
4304 206
4304 207
4304 240
4304 241
4304 242
4304 243
4304 244
4304 245
4304 429
4304 430
4304 431
4304 432
4304 466
4304 467
4304 468
4304 469
4304 470
4304 471
4304 472
4304 473
4304 474
4304 506
4304 507
4304 508
4304 509
4304 510
4304 511
4304 512
4305 173
4305 174
4305 175
4305 176
4305 177
4305 178
4305 211
4305 212
4305 213
4305 214
4305 215
4305 216
4305 217
4305 218
4305 251
4305 252
4305 253
4305 254
4305 439
4305 440
4305 441
4305 442
4305 443
4305 444
4305 477
4305 478
4305 479
4305 480
4305 481
4305 482
4305 483
4305 484
4305 485
4305 517
4305 518
4305 519
4305 520
4305 521
4305 522
4306 183
4306 184
4306 185
4306 186
4306 187
4306 188
4306 189
4306 190
4306 221
4306 222
4306 223
4306 224
4306 225
4306 226
4306 227
4306 228
4306 449
4306 450
4306 451
4306 452
4306 453
4306 454
4306 455
4306 456
4306 488
4306 489
4306 490
4306 491
4306 492
4306 493
4306 494
4306 495
4307 193
4307 194
4307 195
4307 196
4307 197
4307 198
4307 199
4307 200
4307 232
4307 233
4307 234
4307 235
4307 236
4307 237
4307 238
4307 459
4307 460
4307 461
4307 462
4307 463
4307 464
4307 465
4307 466
4307 467
4307 499
4307 500
4307 501
4307 502
4307 503
4307 504
4307 505
4307 506
4308 167
4308 168
4308 169
4308 170
4308 171
4308 204
4308 205
4308 206
4308 207
4308 208
4308 209
4308 210
4308 211
4308 244
4308 245
4308 246
4308 247
4308 248
4308 432
4308 433
4308 434
4308 435
4308 436
4308 437
4308 470
4308 471
4308 472
4308 473
4308 474
4308 475
4308 476
4308 477
4308 478
4308 510
4308 511
4308 512
4308 513
4308 514
4308 515
4308 516
4309 176
4309 177
4309 178
4309 179
4309 180
4309 181
4309 182
4309 214
4309 215
4309 216
4309 217
4309 218
4309 219
4309 220
4309 221
4309 222
4309 256
4309 257
4309 442
4309 443
4309 444
4309 445
4309 446
4309 447
4309 448
4309 480
4309 481
4309 482
4309 483
4309 484
4309 485
4309 486
4309 487
4309 488
4309 522
4309 523
4309 524
4309 525
4310 186
4310 187
4310 188
4310 189
4310 190
4310 191
4310 192
4310 193
4310 225
4310 226
4310 227
4310 228
4310 229
4310 230
4310 231
4310 232
4310 452
4310 453
4310 454
4310 455
4310 456
4310 457
4310 458
4310 459
4310 460
4310 491
4310 492
4310 493
4310 494
4310 495
4310 496
4310 497
4310 498
4310 499
4311 161
4311 162
4311 163
4311 197
4311 198
4311 199
4311 200
4311 201
4311 202
4311 203
4311 204
4311 236
4311 237
4311 238
4311 239
4311 240
4311 241
4311 242
4311 427
4311 428
4311 429
4311 463
4311 464
4311 465
4311 466
4311 467
4311 468
4311 469
4311 470
4311 471
4311 502
4311 503
4311 504
4311 505
4311 506
4311 507
4311 508
4311 509
4312 170
4312 171
4312 172
4312 173
4312 174
4312 175
4312 207
4312 208
4312 209
4312 210
4312 211
4312 212
4312 213
4312 214
4312 215
4312 248
4312 249
4312 250
4312 251
4312 252
4312 436
4312 437
4312 438
4312 439
4312 440
4312 441
4312 473
4312 474
4312 475
4312 476
4312 477
4312 478
4312 479
4312 480
4312 481
4312 514
4312 515
4312 516
4312 517
4312 518
4312 519
4313 180
4313 181
4313 182
4313 183
4313 184
4313 185
4313 186
4313 218
4313 219
4313 220
4313 221
4313 222
4313 223
4313 224
4313 225
4313 446
4313 447
4313 448
4313 449
4313 450
4313 451
4313 452
4313 484
4313 485
4313 486
4313 487
4313 488
4313 489
4313 490
4313 491
4313 492
4313 526
4313 527
4313 528
4313 529
4314 190
4314 191
4314 192
4314 193
4314 194
4314 195
4314 196
4314 197
4314 229
4314 230
4314 231
4314 232
4314 233
4314 234
4314 235
4314 456
4314 457
4314 458
4314 459
4314 460
4314 461
4314 462
4314 463
4314 495
4314 496
4314 497
4314 498
4314 499
4314 500
4314 501
4314 502
4314 503
4315 164
4315 165
4315 166
4315 167
4315 200
4315 201
4315 202
4315 203
4315 204
4315 205
4315 206
4315 207
4315 208
4315 240
4315 241
4315 242
4315 243
4315 244
4315 245
4315 430
4315 431
4315 432
4315 433
4315 467
4315 468
4315 469
4315 470
4315 471
4315 472
4315 473
4315 474
4315 506
4315 507
4315 508
4315 509
4315 510
4315 511
4315 512
4315 513
4316 173
4316 174
4316 175
4316 176
4316 177
4316 178
4316 179
4316 211
4316 212
4316 213
4316 214
4316 215
4316 216
4316 217
4316 218
4316 252
4316 253
4316 254
4316 255
4316 439
4316 440
4316 441
4316 442
4316 443
4316 444
4316 445
4316 477
4316 478
4316 479
4316 480
4316 481
4316 482
4316 483
4316 484
4316 485
4316 518
4316 519
4316 520
4316 521
4316 522
4316 523
4317 183
4317 184
4317 185
4317 186
4317 187
4317 188
4317 189
4317 190
4317 222
4317 223
4317 224
4317 225
4317 226
4317 227
4317 228
4317 229
4317 449
4317 450
4317 451
4317 452
4317 453
4317 454
4317 455
4317 456
4317 488
4317 489
4317 490
4317 491
4317 492
4317 493
4317 494
4317 495
4317 496
4317 531
4318 194
4318 195
4318 196
4318 197
4318 198
4318 199
4318 200
4318 201
4318 233
4318 234
4318 235
4318 236
4318 237
4318 238
4318 239
4318 424
4318 425
4318 460
4318 461
4318 462
4318 463
4318 464
4318 465
4318 466
4318 467
4318 499
4318 500
4318 501
4318 502
4318 503
4318 504
4318 505
4318 506
4319 167
4319 168
4319 169
4319 170
4319 171
4319 172
4319 204
4319 205
4319 206
4319 207
4319 208
4319 209
4319 210
4319 211
4319 212
4319 244
4319 245
4319 246
4319 247
4319 248
4319 249
4319 433
4319 434
4319 435
4319 436
4319 437
4319 470
4319 471
4319 472
4319 473
4319 474
4319 475
4319 476
4319 477
4319 478
4319 510
4319 511
4319 512
4319 513
4319 514
4319 515
4319 516
4320 177
4320 178
4320 179
4320 180
4320 181
4320 182
4320 183
4320 215
4320 216
4320 217
4320 218
4320 219
4320 220
4320 221
4320 222
4320 256
4320 257
4320 258
4320 443
4320 444
4320 445
4320 446
4320 447
4320 448
4320 449
4320 481
4320 482
4320 483
4320 484
4320 485
4320 486
4320 487
4320 488
4320 489
4320 522
4320 523
4320 524
4320 525
4320 526
4321 187
4321 188
4321 189
4321 190
4321 191
4321 192
4321 193
4321 194
4321 226
4321 227
4321 228
4321 229
4321 230
4321 231
4321 232
4321 453
4321 454
4321 455
4321 456
4321 457
4321 458
4321 459
4321 460
4321 492
4321 493
4321 494
4321 495
4321 496
4321 497
4321 498
4321 499
4322 162
4322 163
4322 164
4322 197
4322 198
4322 199
4322 200
4322 201
4322 202
4322 203
4322 204
4322 205
4322 237
4322 238
4322 239
4322 240
4322 241
4322 242
4322 243
4322 427
4322 428
4322 429
4322 463
4322 464
4322 465
4322 466
4322 467
4322 468
4322 469
4322 470
4322 471
4322 503
4322 504
4322 505
4322 506
4322 507
4322 508
4322 509
4322 510
4323 171
4323 172
4323 173
4323 174
4323 175
4323 176
4323 208
4323 209
4323 210
4323 211
4323 212
4323 213
4323 214
4323 215
4323 248
4323 249
4323 250
4323 251
4323 252
4323 436
4323 437
4323 438
4323 439
4323 440
4323 441
4323 442
4323 474
4323 475
4323 476
4323 477
4323 478
4323 479
4323 480
4323 481
4323 482
4323 514
4323 515
4323 516
4323 517
4323 518
4323 519
4323 520
4324 180
4324 181
4324 182
4324 183
4324 184
4324 185
4324 186
4324 187
4324 218
4324 219
4324 220
4324 221
4324 222
4324 223
4324 224
4324 225
4324 226
4324 446
4324 447
4324 448
4324 449
4324 450
4324 451
4324 452
4324 453
4324 485
4324 486
4324 487
4324 488
4324 489
4324 490
4324 491
4324 492
4324 493
4324 527
4324 528
4324 529
4325 191
4325 192
4325 193
4325 194
4325 195
4325 196
4325 197
4325 198
4325 229
4325 230
4325 231
4325 232
4325 233
4325 234
4325 235
4325 236
4325 456
4325 457
4325 458
4325 459
4325 460
4325 461
4325 462
4325 463
4325 464
4325 496
4325 497
4325 498
4325 499
4325 500
4325 501
4325 502
4325 503
4326 164
4326 165
4326 166
4326 167
4326 168
4326 201
4326 202
4326 203
4326 204
4326 205
4326 206
4326 207
4326 208
4326 241
4326 242
4326 243
4326 244
4326 245
4326 246
4326 430
4326 431
4326 432
4326 433
4326 434
4326 467
4326 468
4326 469
4326 470
4326 471
4326 472
4326 473
4326 474
4326 475
4326 507
4326 508
4326 509
4326 510
4326 511
4326 512
4326 513
4327 174
4327 175
4327 176
4327 177
4327 178
4327 179
4327 180
4327 211
4327 212
4327 213
4327 214
4327 215
4327 216
4327 217
4327 218
4327 219
4327 252
4327 253
4327 254
4327 255
4327 439
4327 440
4327 441
4327 442
4327 443
4327 444
4327 445
4327 446
4327 478
4327 479
4327 480
4327 481
4327 482
4327 483
4327 484
4327 485
4327 486
4327 518
4327 519
4327 520
4327 521
4327 522
4327 523
4328 184
4328 185
4328 186
4328 187
4328 188
4328 189
4328 190
4328 191
4328 222
4328 223
4328 224
4328 225
4328 226
4328 227
4328 228
4328 229
4328 450
4328 451
4328 452
4328 453
4328 454
4328 455
4328 456
4328 457
4328 489
4328 490
4328 491
4328 492
4328 493
4328 494
4328 495
4328 496
4328 532
4329 159
4329 160
4329 194
4329 195
4329 196
4329 197
4329 198
4329 199
4329 200
4329 201
4329 202
4329 233
4329 234
4329 235
4329 236
4329 237
4329 238
4329 239
4329 240
4329 424
4329 425
4329 426
4329 460
4329 461
4329 462
4329 463
4329 464
4329 465
4329 466
4329 467
4329 468
4329 500
4329 501
4329 502
4329 503
4329 504
4329 505
4329 506
4329 507
4330 168
4330 169
4330 170
4330 171
4330 172
4330 205
4330 206
4330 207
4330 208
4330 209
4330 210
4330 211
4330 212
4330 245
4330 246
4330 247
4330 248
4330 249
4330 433
4330 434
4330 435
4330 436
4330 437
4330 438
4330 471
4330 472
4330 473
4330 474
4330 475
4330 476
4330 477
4330 478
4330 479
4330 511
4330 512
4330 513
4330 514
4330 515
4330 516
4330 517
4331 177
4331 178
4331 179
4331 180
4331 181
4331 182
4331 183
4331 184
4331 215
4331 216
4331 217
4331 218
4331 219
4331 220
4331 221
4331 222
4331 223
4331 257
4331 258
4331 443
4331 444
4331 445
4331 446
4331 447
4331 448
4331 449
4331 450
4331 481
4331 482
4331 483
4331 484
4331 485
4331 486
4331 487
4331 488
4331 489
4331 523
4331 524
4331 525
4331 526
4331 527
4332 187
4332 188
4332 189
4332 190
4332 191
4332 192
4332 193
4332 194
4332 195
4332 226
4332 227
4332 228
4332 229
4332 230
4332 231
4332 232
4332 233
4332 453
4332 454
4332 455
4332 456
4332 457
4332 458
4332 459
4332 460
4332 461
4332 492
4332 493
4332 494
4332 495
4332 496
4332 497
4332 498
4332 499
4332 500
4333 162
4333 163
4333 164
4333 198
4333 199
4333 200
4333 201
4333 202
4333 203
4333 204
4333 205
4333 237
4333 238
4333 239
4333 240
4333 241
4333 242
4333 243
4333 427
4333 428
4333 429
4333 430
4333 464
4333 465
4333 466
4333 467
4333 468
4333 469
4333 470
4333 471
4333 472
4333 503
4333 504
4333 505
4333 506
4333 507
4333 508
4333 509
4333 510
4334 171
4334 172
4334 173
4334 174
4334 175
4334 176
4334 208
4334 209
4334 210
4334 211
4334 212
4334 213
4334 214
4334 215
4334 216
4334 249
4334 250
4334 251
4334 252
4334 253
4334 436
4334 437
4334 438
4334 439
4334 440
4334 441
4334 442
4334 474
4334 475
4334 476
4334 477
4334 478
4334 479
4334 480
4334 481
4334 482
4334 483
4334 515
4334 516
4334 517
4334 518
4334 519
4334 520
4335 181
4335 182
4335 183
4335 184
4335 185
4335 186
4335 187
4335 219
4335 220
4335 221
4335 222
4335 223
4335 224
4335 225
4335 226
4335 446
4335 447
4335 448
4335 449
4335 450
4335 451
4335 452
4335 453
4335 454
4335 485
4335 486
4335 487
4335 488
4335 489
4335 490
4335 491
4335 492
4335 493
4335 527
4335 528
4335 529
4335 530
4336 191
4336 192
4336 193
4336 194
4336 195
4336 196
4336 197
4336 198
4336 230
4336 231
4336 232
4336 233
4336 234
4336 235
4336 236
4336 237
4336 457
4336 458
4336 459
4336 460
4336 461
4336 462
4336 463
4336 464
4336 465
4336 496
4336 497
4336 498
4336 499
4336 500
4336 501
4336 502
4336 503
4336 504
4337 165
4337 166
4337 167
4337 168
4337 169
4337 201
4337 202
4337 203
4337 204
4337 205
4337 206
4337 207
4337 208
4337 209
4337 241
4337 242
4337 243
4337 244
4337 245
4337 246
4337 247
4337 430
4337 431
4337 432
4337 433
4337 434
4337 435
4337 467
4337 468
4337 469
4337 470
4337 471
4337 472
4337 473
4337 474
4337 475
4337 476
4337 507
4337 508
4337 509
4337 510
4337 511
4337 512
4337 513
4337 514
4338 174
4338 175
4338 176
4338 177
4338 178
4338 179
4338 180
4338 212
4338 213
4338 214
4338 215
4338 216
4338 217
4338 218
4338 219
4338 220
4338 253
4338 254
4338 255
4338 256
4338 440
4338 441
4338 442
4338 443
4338 444
4338 445
4338 446
4338 478
4338 479
4338 480
4338 481
4338 482
4338 483
4338 484
4338 485
4338 486
4338 519
4338 520
4338 521
4338 522
4338 523
4338 524
4339 184
4339 185
4339 186
4339 187
4339 188
4339 189
4339 190
4339 191
4339 223
4339 224
4339 225
4339 226
4339 227
4339 228
4339 229
4339 230
4339 450
4339 451
4339 452
4339 453
4339 454
4339 455
4339 456
4339 457
4339 489
4339 490
4339 491
4339 492
4339 493
4339 494
4339 495
4339 496
4339 497
4339 532
4340 159
4340 160
4340 195
4340 196
4340 197
4340 198
4340 199
4340 200
4340 201
4340 202
4340 234
4340 235
4340 236
4340 237
4340 238
4340 239
4340 240
4340 424
4340 425
4340 426
4340 427
4340 460
4340 461
4340 462
4340 463
4340 464
4340 465
4340 466
4340 467
4340 468
4340 500
4340 501
4340 502
4340 503
4340 504
4340 505
4340 506
4340 507
4341 168
4341 169
4341 170
4341 171
4341 172
4341 173
4341 205
4341 206
4341 207
4341 208
4341 209
4341 210
4341 211
4341 212
4341 213
4341 245
4341 246
4341 247
4341 248
4341 249
4341 250
4341 433
4341 434
4341 435
4341 436
4341 437
4341 438
4341 439
4341 471
4341 472
4341 473
4341 474
4341 475
4341 476
4341 477
4341 478
4341 479
4341 511
4341 512
4341 513
4341 514
4341 515
4341 516
4341 517
4341 518
4342 178
4342 179
4342 180
4342 181
4342 182
4342 183
4342 184
4342 216
4342 217
4342 218
4342 219
4342 220
4342 221
4342 222
4342 223
4342 257
4342 258
4342 259
4342 443
4342 444
4342 445
4342 446
4342 447
4342 448
4342 449
4342 450
4342 482
4342 483
4342 484
4342 485
4342 486
4342 487
4342 488
4342 489
4342 490
4342 523
4342 524
4342 525
4342 526
4342 527
4343 188
4343 189
4343 190
4343 191
4343 192
4343 193
4343 194
4343 195
4343 227
4343 228
4343 229
4343 230
4343 231
4343 232
4343 233
4343 234
4343 454
4343 455
4343 456
4343 457
4343 458
4343 459
4343 460
4343 461
4343 493
4343 494
4343 495
4343 496
4343 497
4343 498
4343 499
4343 500
4343 501
4344 162
4344 163
4344 164
4344 165
4344 198
4344 199
4344 200
4344 201
4344 202
4344 203
4344 204
4344 205
4344 206
4344 238
4344 239
4344 240
4344 241
4344 242
4344 243
4344 244
4344 427
4344 428
4344 429
4344 430
4344 431
4344 464
4344 465
4344 466
4344 467
4344 468
4344 469
4344 470
4344 471
4344 472
4344 504
4344 505
4344 506
4344 507
4344 508
4344 509
4344 510
4344 511
4345 171
4345 172
4345 173
4345 174
4345 175
4345 176
4345 177
4345 209
4345 210
4345 211
4345 212
4345 213
4345 214
4345 215
4345 216
4345 249
4345 250
4345 251
4345 252
4345 253
4345 437
4345 438
4345 439
4345 440
4345 441
4345 442
4345 443
4345 475
4345 476
4345 477
4345 478
4345 479
4345 480
4345 481
4345 482
4345 483
4345 515
4345 516
4345 517
4345 518
4345 519
4345 520
4345 521
4346 181
4346 182
4346 183
4346 184
4346 185
4346 186
4346 187
4346 188
4346 220
4346 221
4346 222
4346 223
4346 224
4346 225
4346 226
4346 227
4346 447
4346 448
4346 449
4346 450
4346 451
4346 452
4346 453
4346 454
4346 486
4346 487
4346 488
4346 489
4346 490
4346 491
4346 492
4346 493
4346 494
4346 528
4346 529
4346 530
4347 191
4347 192
4347 193
4347 194
4347 195
4347 196
4347 197
4347 198
4347 199
4347 230
4347 231
4347 232
4347 233
4347 234
4347 235
4347 236
4347 237
4347 421
4347 422
4347 423
4347 457
4347 458
4347 459
4347 460
4347 461
4347 462
4347 463
4347 464
4347 465
4347 497
4347 498
4347 499
4347 500
4347 501
4347 502
4347 503
4347 504
4348 165
4348 166
4348 167
4348 168
4348 169
4348 202
4348 203
4348 204
4348 205
4348 206
4348 207
4348 208
4348 209
4348 210
4348 242
4348 243
4348 244
4348 245
4348 246
4348 247
4348 430
4348 431
4348 432
4348 433
4348 434
4348 435
4348 468
4348 469
4348 470
4348 471
4348 472
4348 473
4348 474
4348 475
4348 476
4348 508
4348 509
4348 510
4348 511
4348 512
4348 513
4348 514
4348 515
4349 175
4349 176
4349 177
4349 178
4349 179
4349 180
4349 181
4349 212
4349 213
4349 214
4349 215
4349 216
4349 217
4349 218
4349 219
4349 220
4349 254
4349 255
4349 256
4349 440
4349 441
4349 442
4349 443
4349 444
4349 445
4349 446
4349 447
4349 479
4349 480
4349 481
4349 482
4349 483
4349 484
4349 485
4349 486
4349 487
4349 520
4349 521
4349 522
4349 523
4349 524
4350 185
4350 186
4350 187
4350 188
4350 189
4350 190
4350 191
4350 192
4350 223
4350 224
4350 225
4350 226
4350 227
4350 228
4350 229
4350 230
4350 231
4350 450
4350 451
4350 452
4350 453
4350 454
4350 455
4350 456
4350 457
4350 458
4350 489
4350 490
4350 491
4350 492
4350 493
4350 494
4350 495
4350 496
4350 497
4350 498
4350 533
4351 160
4351 161
4351 195
4351 196
4351 197
4351 198
4351 199
4351 200
4351 201
4351 202
4351 203
4351 234
4351 235
4351 236
4351 237
4351 238
4351 239
4351 240
4351 241
4351 424
4351 425
4351 426
4351 427
4351 461
4351 462
4351 463
4351 464
4351 465
4351 466
4351 467
4351 468
4351 469
4351 501
4351 502
4351 503
4351 504
4351 505
4351 506
4351 507
4351 508
4352 168
4352 169
4352 170
4352 171
4352 172
4352 173
4352 206
4352 207
4352 208
4352 209
4352 210
4352 211
4352 212
4352 213
4352 246
4352 247
4352 248
4352 249
4352 250
4352 434
4352 435
4352 436
4352 437
4352 438
4352 439
4352 472
4352 473
4352 474
4352 475
4352 476
4352 477
4352 478
4352 479
4352 480
4352 512
4352 513
4352 514
4352 515
4352 516
4352 517
4352 518
4353 178
4353 179
4353 180
4353 181
4353 182
4353 183
4353 184
4353 185
4353 216
4353 217
4353 218
4353 219
4353 220
4353 221
4353 222
4353 223
4353 224
4353 258
4353 259
4353 444
4353 445
4353 446
4353 447
4353 448
4353 449
4353 450
4353 451
4353 482
4353 483
4353 484
4353 485
4353 486
4353 487
4353 488
4353 489
4353 490
4353 491
4353 524
4353 525
4353 526
4353 527
4353 528
4354 188
4354 189
4354 190
4354 191
4354 192
4354 193
4354 194
4354 195
4354 196
4354 227
4354 228
4354 229
4354 230
4354 231
4354 232
4354 233
4354 234
4354 454
4354 455
4354 456
4354 457
4354 458
4354 459
4354 460
4354 461
4354 462
4354 493
4354 494
4354 495
4354 496
4354 497
4354 498
4354 499
4354 500
4354 501
4355 162
4355 163
4355 164
4355 165
4355 166
4355 199
4355 200
4355 201
4355 202
4355 203
4355 204
4355 205
4355 206
4355 238
4355 239
4355 240
4355 241
4355 242
4355 243
4355 244
4355 427
4355 428
4355 429
4355 430
4355 431
4355 432
4355 465
4355 466
4355 467
4355 468
4355 469
4355 470
4355 471
4355 472
4355 473
4355 504
4355 505
4355 506
4355 507
4355 508
4355 509
4355 510
4355 511
4355 512
4356 172
4356 173
4356 174
4356 175
4356 176
4356 177
4356 209
4356 210
4356 211
4356 212
4356 213
4356 214
4356 215
4356 216
4356 217
4356 250
4356 251
4356 252
4356 253
4356 254
4356 437
4356 438
4356 439
4356 440
4356 441
4356 442
4356 443
4356 475
4356 476
4356 477
4356 478
4356 479
4356 480
4356 481
4356 482
4356 483
4356 484
4356 516
4356 517
4356 518
4356 519
4356 520
4356 521
4356 522
4357 182
4357 183
4357 184
4357 185
4357 186
4357 187
4357 188
4357 189
4357 220
4357 221
4357 222
4357 223
4357 224
4357 225
4357 226
4357 227
4357 447
4357 448
4357 449
4357 450
4357 451
4357 452
4357 453
4357 454
4357 455
4357 486
4357 487
4357 488
4357 489
4357 490
4357 491
4357 492
4357 493
4357 494
4357 528
4357 529
4357 530
4357 531
4358 192
4358 193
4358 194
4358 195
4358 196
4358 197
4358 198
4358 199
4358 231
4358 232
4358 233
4358 234
4358 235
4358 236
4358 237
4358 238
4358 421
4358 422
4358 423
4358 424
4358 458
4358 459
4358 460
4358 461
4358 462
4358 463
4358 464
4358 465
4358 466
4358 497
4358 498
4358 499
4358 500
4358 501
4358 502
4358 503
4358 504
4358 505
4359 166
4359 167
4359 168
4359 169
4359 170
4359 202
4359 203
4359 204
4359 205
4359 206
4359 207
4359 208
4359 209
4359 210
4359 242
4359 243
4359 244
4359 245
4359 246
4359 247
4359 248
4359 431
4359 432
4359 433
4359 434
4359 435
4359 436
4359 468
4359 469
4359 470
4359 471
4359 472
4359 473
4359 474
4359 475
4359 476
4359 477
4359 508
4359 509
4359 510
4359 511
4359 512
4359 513
4359 514
4359 515
4360 175
4360 176
4360 177
4360 178
4360 179
4360 180
4360 181
4360 213
4360 214
4360 215
4360 216
4360 217
4360 218
4360 219
4360 220
4360 221
4360 254
4360 255
4360 256
4360 257
4360 441
4360 442
4360 443
4360 444
4360 445
4360 446
4360 447
4360 479
4360 480
4360 481
4360 482
4360 483
4360 484
4360 485
4360 486
4360 487
4360 520
4360 521
4360 522
4360 523
4360 524
4360 525
4361 185
4361 186
4361 187
4361 188
4361 189
4361 190
4361 191
4361 192
4361 224
4361 225
4361 226
4361 227
4361 228
4361 229
4361 230
4361 231
4361 451
4361 452
4361 453
4361 454
4361 455
4361 456
4361 457
4361 458
4361 459
4361 490
4361 491
4361 492
4361 493
4361 494
4361 495
4361 496
4361 497
4361 498
4361 533
4361 534
4362 160
4362 161
4362 162
4362 196
4362 197
4362 198
4362 199
4362 200
4362 201
4362 202
4362 203
4362 235
4362 236
4362 237
4362 238
4362 239
4362 240
4362 241
4362 424
4362 425
4362 426
4362 427
4362 428
4362 461
4362 462
4362 463
4362 464
4362 465
4362 466
4362 467
4362 468
4362 469
4362 470
4362 501
4362 502
4362 503
4362 504
4362 505
4362 506
4362 507
4362 508
4362 509
4363 169
4363 170
4363 171
4363 172
4363 173
4363 174
4363 206
4363 207
4363 208
4363 209
4363 210
4363 211
4363 212
4363 213
4363 214
4363 246
4363 247
4363 248
4363 249
4363 250
4363 251
4363 434
4363 435
4363 436
4363 437
4363 438
4363 439
4363 440
4363 472
4363 473
4363 474
4363 475
4363 476
4363 477
4363 478
4363 479
4363 480
4363 512
4363 513
4363 514
4363 515
4363 516
4363 517
4363 518
4363 519
4364 179
4364 180
4364 181
4364 182
4364 183
4364 184
4364 185
4364 217
4364 218
4364 219
4364 220
4364 221
4364 222
4364 223
4364 224
4364 259
4364 260
4364 444
4364 445
4364 446
4364 447
4364 448
4364 449
4364 450
4364 451
4364 483
4364 484
4364 485
4364 486
4364 487
4364 488
4364 489
4364 490
4364 491
4364 524
4364 525
4364 526
4364 527
4364 528
4365 189
4365 190
4365 191
4365 192
4365 193
4365 194
4365 195
4365 196
4365 228
4365 229
4365 230
4365 231
4365 232
4365 233
4365 234
4365 235
4365 419
4365 454
4365 455
4365 456
4365 457
4365 458
4365 459
4365 460
4365 461
4365 462
4365 463
4365 494
4365 495
4365 496
4365 497
4365 498
4365 499
4365 500
4365 501
4365 502
4366 163
4366 164
4366 165
4366 166
4366 199
4366 200
4366 201
4366 202
4366 203
4366 204
4366 205
4366 206
4366 207
4366 239
4366 240
4366 241
4366 242
4366 243
4366 244
4366 245
4366 428
4366 429
4366 430
4366 431
4366 432
4366 465
4366 466
4366 467
4366 468
4366 469
4366 470
4366 471
4366 472
4366 473
4366 505
4366 506
4366 507
4366 508
4366 509
4366 510
4366 511
4366 512
4367 172
4367 173
4367 174
4367 175
4367 176
4367 177
4367 178
4367 210
4367 211
4367 212
4367 213
4367 214
4367 215
4367 216
4367 217
4367 218
4367 250
4367 251
4367 252
4367 253
4367 254
4367 437
4367 438
4367 439
4367 440
4367 441
4367 442
4367 443
4367 444
4367 476
4367 477
4367 478
4367 479
4367 480
4367 481
4367 482
4367 483
4367 484
4367 516
4367 517
4367 518
4367 519
4367 520
4367 521
4367 522
4368 182
4368 183
4368 184
4368 185
4368 186
4368 187
4368 188
4368 189
4368 221
4368 222
4368 223
4368 224
4368 225
4368 226
4368 227
4368 228
4368 448
4368 449
4368 450
4368 451
4368 452
4368 453
4368 454
4368 455
4368 487
4368 488
4368 489
4368 490
4368 491
4368 492
4368 493
4368 494
4368 495
4368 529
4368 530
4368 531
4368 532
4369 192
4369 193
4369 194
4369 195
4369 196
4369 197
4369 198
4369 199
4369 200
4369 232
4369 233
4369 234
4369 235
4369 236
4369 237
4369 238
4369 422
4369 423
4369 424
4369 458
4369 459
4369 460
4369 461
4369 462
4369 463
4369 464
4369 465
4369 466
4369 498
4369 499
4369 500
4369 501
4369 502
4369 503
4369 504
4369 505
4370 166
4370 167
4370 168
4370 169
4370 170
4370 203
4370 204
4370 205
4370 206
4370 207
4370 208
4370 209
4370 210
4370 211
4370 243
4370 244
4370 245
4370 246
4370 247
4370 248
4370 431
4370 432
4370 433
4370 434
4370 435
4370 436
4370 437
4370 469
4370 470
4370 471
4370 472
4370 473
4370 474
4370 475
4370 476
4370 477
4370 509
4370 510
4370 511
4370 512
4370 513
4370 514
4370 515
4370 516
4371 176
4371 177
4371 178
4371 179
4371 180
4371 181
4371 182
4371 213
4371 214
4371 215
4371 216
4371 217
4371 218
4371 219
4371 220
4371 221
4371 255
4371 256
4371 257
4371 441
4371 442
4371 443
4371 444
4371 445
4371 446
4371 447
4371 448
4371 480
4371 481
4371 482
4371 483
4371 484
4371 485
4371 486
4371 487
4371 488
4371 521
4371 522
4371 523
4371 524
4371 525
4371 526
4372 186
4372 187
4372 188
4372 189
4372 190
4372 191
4372 192
4372 193
4372 224
4372 225
4372 226
4372 227
4372 228
4372 229
4372 230
4372 231
4372 232
4372 451
4372 452
4372 453
4372 454
4372 455
4372 456
4372 457
4372 458
4372 459
4372 490
4372 491
4372 492
4372 493
4372 494
4372 495
4372 496
4372 497
4372 498
4372 499
4372 534
4373 160
4373 161
4373 162
4373 163
4373 196
4373 197
4373 198
4373 199
4373 200
4373 201
4373 202
4373 203
4373 204
4373 235
4373 236
4373 237
4373 238
4373 239
4373 240
4373 241
4373 242
4373 425
4373 426
4373 427
4373 428
4373 429
4373 462
4373 463
4373 464
4373 465
4373 466
4373 467
4373 468
4373 469
4373 470
4373 502
4373 503
4373 504
4373 505
4373 506
4373 507
4373 508
4373 509
4374 169
4374 170
4374 171
4374 172
4374 173
4374 174
4374 175
4374 207
4374 208
4374 209
4374 210
4374 211
4374 212
4374 213
4374 214
4374 247
4374 248
4374 249
4374 250
4374 251
4374 252
4374 434
4374 435
4374 436
4374 437
4374 438
4374 439
4374 440
4374 441
4374 472
4374 473
4374 474
4374 475
4374 476
4374 477
4374 478
4374 479
4374 480
4374 481
4374 513
4374 514
4374 515
4374 516
4374 517
4374 518
4374 519
4375 179
4375 180
4375 181
4375 182
4375 183
4375 184
4375 185
4375 186
4375 217
4375 218
4375 219
4375 220
4375 221
4375 222
4375 223
4375 224
4375 225
4375 259
4375 260
4375 445
4375 446
4375 447
4375 448
4375 449
4375 450
4375 451
4375 452
4375 483
4375 484
4375 485
4375 486
4375 487
4375 488
4375 489
4375 490
4375 491
4375 492
4375 525
4375 526
4375 527
4375 528
4375 529
4376 189
4376 190
4376 191
4376 192
4376 193
4376 194
4376 195
4376 196
4376 197
4376 228
4376 229
4376 230
4376 231
4376 232
4376 233
4376 234
4376 235
4376 419
4376 420
4376 455
4376 456
4376 457
4376 458
4376 459
4376 460
4376 461
4376 462
4376 463
4376 494
4376 495
4376 496
4376 497
4376 498
4376 499
4376 500
4376 501
4376 502
4377 163
4377 164
4377 165
4377 166
4377 167
4377 200
4377 201
4377 202
4377 203
4377 204
4377 205
4377 206
4377 207
4377 239
4377 240
4377 241
4377 242
4377 243
4377 244
4377 245
4377 428
4377 429
4377 430
4377 431
4377 432
4377 433
4377 465
4377 466
4377 467
4377 468
4377 469
4377 470
4377 471
4377 472
4377 473
4377 474
4377 505
4377 506
4377 507
4377 508
4377 509
4377 510
4377 511
4377 512
4377 513
4378 173
4378 174
4378 175
4378 176
4378 177
4378 178
4378 179
4378 210
4378 211
4378 212
4378 213
4378 214
4378 215
4378 216
4378 217
4378 218
4378 251
4378 252
4378 253
4378 254
4378 255
4378 438
4378 439
4378 440
4378 441
4378 442
4378 443
4378 444
4378 445
4378 476
4378 477
4378 478
4378 479
4378 480
4378 481
4378 482
4378 483
4378 484
4378 485
4378 517
4378 518
4378 519
4378 520
4378 521
4378 522
4378 523
4379 183
4379 184
4379 185
4379 186
4379 187
4379 188
4379 189
4379 190
4379 221
4379 222
4379 223
4379 224
4379 225
4379 226
4379 227
4379 228
4379 229
4379 448
4379 449
4379 450
4379 451
4379 452
4379 453
4379 454
4379 455
4379 456
4379 487
4379 488
4379 489
4379 490
4379 491
4379 492
4379 493
4379 494
4379 495
4379 496
4379 529
4379 530
4379 531
4379 532
4380 158
4380 193
4380 194
4380 195
4380 196
4380 197
4380 198
4380 199
4380 200
4380 232
4380 233
4380 234
4380 235
4380 236
4380 237
4380 238
4380 239
4380 422
4380 423
4380 424
4380 425
4380 459
4380 460
4380 461
4380 462
4380 463
4380 464
4380 465
4380 466
4380 467
4380 498
4380 499
4380 500
4380 501
4380 502
4380 503
4380 504
4380 505
4380 506
4381 166
4381 167
4381 168
4381 169
4381 170
4381 171
4381 203
4381 204
4381 205
4381 206
4381 207
4381 208
4381 209
4381 210
4381 211
4381 243
4381 244
4381 245
4381 246
4381 247
4381 248
4381 249
4381 431
4381 432
4381 433
4381 434
4381 435
4381 436
4381 437
4381 469
4381 470
4381 471
4381 472
4381 473
4381 474
4381 475
4381 476
4381 477
4381 478
4381 509
4381 510
4381 511
4381 512
4381 513
4381 514
4381 515
4381 516
4382 176
4382 177
4382 178
4382 179
4382 180
4382 181
4382 182
4382 214
4382 215
4382 216
4382 217
4382 218
4382 219
4382 220
4382 221
4382 222
4382 255
4382 256
4382 257
4382 258
4382 441
4382 442
4382 443
4382 444
4382 445
4382 446
4382 447
4382 448
4382 449
4382 480
4382 481
4382 482
4382 483
4382 484
4382 485
4382 486
4382 487
4382 488
4382 489
4382 521
4382 522
4382 523
4382 524
4382 525
4382 526
