1903 174
1904 176
1905 177
1905 178
1906 179
1906 180
1907 181
1907 182
1908 182
1908 183
1909 184
1909 185
1910 186
1910 187
1911 188
1911 189
1912 190
1913 192
1914 193
1914 194
1916 157
1917 158
1917 159
1918 159
1918 160
1918 161
1919 161
1919 162
1919 163
1920 163
1920 164
1920 165
1921 164
1921 165
1921 166
1922 166
1922 167
1922 168
1923 167
1923 168
1923 169
1923 170
1924 169
1924 170
1924 171
1924 172
1925 171
1925 172
1925 173
1925 174
1926 173
1926 174
1926 175
1926 176
1927 174
1927 175
1927 176
1927 177
1928 176
1928 177
1928 178
1928 179
1929 178
1929 179
1929 180
1929 181
1930 179
1930 180
1930 181
1930 182
1930 183
1931 181
1931 182
1931 183
1931 184
1932 183
1932 184
1932 185
1932 186
1933 185
1933 186
1933 187
1933 188
1934 148
1934 187
1934 188
1934 189
1934 190
1935 149
1935 150
1935 188
1935 189
1935 190
1935 191
1936 151
1936 152
1936 190
1936 191
1936 192
1936 193
1937 152
1937 153
1937 154
1937 192
1937 193
1937 194
1937 195
1938 154
1938 155
1938 156
1938 194
1938 195
1938 196
1939 155
1939 156
1939 157
1939 158
1939 196
1939 197
1939 198
1940 157
1940 158
1940 159
1940 160
1940 197
1940 198
1940 199
1940 200
1941 158
1941 159
1941 160
1941 161
1941 162
1941 199
1941 200
1941 201
1942 160
1942 161
1942 162
1942 163
1942 164
1942 201
1942 202
1942 203
1943 162
1943 163
1943 164
1943 165
1943 203
1943 204
1943 205
1944 163
1944 164
1944 165
1944 166
1944 167
1944 205
1944 206
1945 165
1945 166
1945 167
1945 168
1945 169
1945 207
1946 167
1946 168
1946 169
1946 170
1946 171
1947 168
1947 169
1947 170
1947 171
1947 172
1947 173
1948 170
1948 171
1948 172
1948 173
1948 174
1949 172
1949 173
1949 174
1949 175
1949 176
1950 174
1950 175
1950 176
1950 177
1950 178
1951 175
1951 176
1951 177
1951 178
1951 179
1951 180
1952 177
1952 178
1952 179
1952 180
1952 181
1953 141
1953 179
1953 180
1953 181
1953 182
1953 183
1954 142
1954 143
1954 144
1954 180
1954 181
1954 182
1954 183
1954 184
1954 185
1955 144
1955 145
1955 146
1955 182
1955 183
1955 184
1955 185
1955 186
1955 187
1956 145
1956 146
1956 147
1956 148
1956 184
1956 185
1956 186
1956 187
1956 188
1957 147
1957 148
1957 149
1957 150
1957 186
1957 187
1957 188
1957 189
1957 190
1958 148
1958 149
1958 150
1958 151
1958 188
1958 189
1958 190
1958 191
1958 192
1959 150
1959 151
1959 152
1959 153
1959 189
1959 190
1959 191
1959 192
1959 193
1959 194
1960 151
1960 152
1960 153
1960 154
1960 155
1960 191
1960 192
1960 193
1960 194
1960 195
1961 153
1961 154
1961 155
1961 156
1961 157
1961 193
1961 194
1961 195
1961 196
1961 197
1962 154
1962 155
1962 156
1962 157
1962 158
1962 159
1962 195
1962 196
1962 197
1962 198
1962 199
1963 156
1963 157
1963 158
1963 159
1963 160
1963 161
1963 197
1963 198
1963 199
1963 200
1964 158
1964 159
1964 160
1964 161
1964 162
1964 198
1964 199
1964 200
1964 201
1964 202
1965 159
1965 160
1965 161
1965 162
1965 163
1965 164
1965 200
1965 201
1965 202
1965 203
1965 204
1966 161
1966 162
1966 163
1966 164
1966 165
1966 166
1966 202
1966 203
1966 204
1966 205
1967 163
1967 164
1967 165
1967 166
1967 167
1967 168
1967 204
1967 205
1967 206
1967 207
1968 164
1968 165
1968 166
1968 167
1968 168
1968 169
1968 170
1968 206
1968 207
1968 208
1969 166
1969 167
1969 168
1969 169
1969 170
1969 171
1969 208
1969 209
1969 210
1970 168
1970 169
1970 170
1970 171
1970 172
1970 173
1970 210
1970 211
1971 170
1971 171
1971 172
1971 173
1971 174
1971 175
1971 212
1971 213
1972 171
1972 172
1972 173
1972 174
1972 175
1972 176
1972 177
1972 214
1973 136
1973 137
1973 173
1973 174
1973 175
1973 176
1973 177
1973 178
1974 137
1974 138
1974 139
1974 175
1974 176
1974 177
1974 178
1974 179
1974 180
1975 138
1975 139
1975 140
1975 141
1975 176
1975 177
1975 178
1975 179
1975 180
1975 181
1975 182
1976 140
1976 141
1976 142
1976 143
1976 178
1976 179
1976 180
1976 181
1976 182
1976 183
1976 184
1977 141
1977 142
1977 143
1977 144
1977 145
1977 180
1977 181
1977 182
1977 183
1977 184
1977 185
1978 143
1978 144
1978 145
1978 146
1978 182
1978 183
1978 184
1978 185
1978 186
1978 187
1979 144
1979 145
1979 146
1979 147
1979 148
1979 183
1979 184
1979 185
1979 186
1979 187
1979 188
1979 189
1980 146
1980 147
1980 148
1980 149
1980 150
1980 185
1980 186
1980 187
1980 188
1980 189
1980 190
1981 147
1981 148
1981 149
1981 150
1981 151
1981 152
1981 187
1981 188
1981 189
1981 190
1981 191
1981 192
1982 149
1982 150
1982 151
1982 152
1982 153
1982 154
1982 189
1982 190
1982 191
1982 192
1982 193
1982 194
1983 151
1983 152
1983 153
1983 154
1983 155
1983 156
1983 191
1983 192
1983 193
1983 194
1983 195
1983 196
1984 152
1984 153
1984 154
1984 155
1984 156
1984 157
1984 192
1984 193
1984 194
1984 195
1984 196
1984 197
1985 154
1985 155
1985 156
1985 157
1985 158
1985 159
1985 194
1985 195
1985 196
1985 197
1985 198
1985 199
1986 156
1986 157
1986 158
1986 159
1986 160
1986 161
1986 196
1986 197
1986 198
1986 199
1986 200
1986 201
1987 157
1987 158
1987 159
1987 160
1987 161
1987 162
1987 163
1987 198
1987 199
1987 200
1987 201
1987 202
1988 159
1988 160
1988 161
1988 162
1988 163
1988 164
1988 165
1988 200
1988 201
1988 202
1988 203
1988 204
1989 161
1989 162
1989 163
1989 164
1989 165
1989 166
1989 201
1989 202
1989 203
1989 204
1989 205
1990 162
1990 163
1990 164
1990 165
1990 166
1990 167
1990 168
1990 203
1990 204
1990 205
1990 206
1990 207
1991 164
1991 165
1991 166
1991 167
1991 168
1991 169
1991 170
1991 205
1991 206
1991 207
1991 208
1991 209
1992 166
1992 167
1992 168
1992 169
1992 170
1992 171
1992 172
1992 207
1992 208
1992 209
1992 210
1993 131
1993 132
1993 167
1993 168
1993 169
1993 170
1993 171
1993 172
1993 173
1993 209
1993 210
1993 211
1993 212
1994 132
1994 133
1994 134
1994 169
1994 170
1994 171
1994 172
1994 173
1994 174
1994 175
1994 211
1994 212
1994 213
1995 133
1995 134
1995 135
1995 136
1995 171
1995 172
1995 173
1995 174
1995 175
1995 176
1995 177
1995 213
1995 214
1995 215
1996 135
1996 136
1996 137
1996 138
1996 173
1996 174
1996 175
1996 176
1996 177
1996 178
1996 179
1996 215
1996 216
1997 136
1997 137
1997 138
1997 139
1997 140
1997 174
1997 175
1997 176
1997 177
1997 178
1997 179
1997 180
1997 217
1997 218
1998 138
1998 139
1998 140
1998 141
1998 176
1998 177
1998 178
1998 179
1998 180
1998 181
1998 182
1999 139
1999 140
1999 141
1999 142
1999 143
1999 178
1999 179
1999 180
1999 181
1999 182
1999 183
1999 184
2000 141
2000 142
2000 143
2000 144
2000 145
2000 179
2000 180
2000 181
2000 182
2000 183
2000 184
2000 185
2000 186
2001 142
2001 143
2001 144
2001 145
2001 146
2001 147
2001 181
2001 182
2001 183
2001 184
2001 185
2001 186
2001 187
2002 144
2002 145
2002 146
2002 147
2002 148
2002 149
2002 183
2002 184
2002 185
2002 186
2002 187
2002 188
2002 189
2003 145
2003 146
2003 147
2003 148
2003 149
2003 150
2003 151
2003 185
2003 186
2003 187
2003 188
2003 189
2003 190
2003 191
2004 147
2004 148
2004 149
2004 150
2004 151
2004 152
2004 186
2004 187
2004 188
2004 189
2004 190
2004 191
2004 192
2005 149
2005 150
2005 151
2005 152
2005 153
2005 154
2005 188
2005 189
2005 190
2005 191
2005 192
2005 193
2005 194
2006 150
2006 151
2006 152
2006 153
2006 154
2006 155
2006 156
2006 190
2006 191
2006 192
2006 193
2006 194
2006 195
2006 196
2007 152
2007 153
2007 154
2007 155
2007 156
2007 157
2007 158
2007 192
2007 193
2007 194
2007 195
2007 196
2007 197
2008 154
2008 155
2008 156
2008 157
2008 158
2008 159
2008 160
2008 194
2008 195
2008 196
2008 197
2008 198
2008 199
2009 155
2009 156
2009 157
2009 158
2009 159
2009 160
2009 161
2009 195
2009 196
2009 197
2009 198
2009 199
2009 200
2009 201
2010 157
2010 158
2010 159
2010 160
2010 161
2010 162
2010 163
2010 197
2010 198
2010 199
2010 200
2010 201
2010 202
2011 159
2011 160
2011 161
2011 162
2011 163
2011 164
2011 165
2011 199
2011 200
2011 201
2011 202
2011 203
2011 204
2012 160
2012 161
2012 162
2012 163
2012 164
2012 165
2012 166
2012 167
2012 201
2012 202
2012 203
2012 204
2012 205
2012 206
2013 126
2013 162
2013 163
2013 164
2013 165
2013 166
2013 167
2013 168
2013 203
2013 204
2013 205
2013 206
2013 207
2014 127
2014 128
2014 129
2014 164
2014 165
2014 166
2014 167
2014 168
2014 169
2014 170
2014 205
2014 206
2014 207
2014 208
2014 209
2015 128
2015 129
2015 130
2015 131
2015 165
2015 166
2015 167
2015 168
2015 169
2015 170
2015 171
2015 172
2015 206
2015 207
2015 208
2015 209
2015 210
2016 130
2016 131
2016 132
2016 133
2016 167
2016 168
2016 169
2016 170
2016 171
2016 172
2016 173
2016 174
2016 208
2016 209
2016 210
2016 211
2016 212
2017 131
2017 132
2017 133
2017 134
2017 169
2017 170
2017 171
2017 172
2017 173
2017 174
2017 175
2017 210
2017 211
2017 212
2017 213
2017 214
2018 133
2018 134
2018 135
2018 136
2018 170
2018 171
2018 172
2018 173
2018 174
2018 175
2018 176
2018 177
2018 212
2018 213
2018 214
2018 215
2019 134
2019 135
2019 136
2019 137
2019 138
2019 172
2019 173
2019 174
2019 175
2019 176
2019 177
2019 178
2019 179
2019 214
2019 215
2019 216
2019 217
2020 136
2020 137
2020 138
2020 139
2020 140
2020 174
2020 175
2020 176
2020 177
2020 178
2020 179
2020 180
2020 181
2020 216
2020 217
2020 218
2021 137
2021 138
2021 139
2021 140
2021 141
2021 142
2021 176
2021 177
2021 178
2021 179
2021 180
2021 181
2021 182
2021 218
2021 219
2022 139
2022 140
2022 141
2022 142
2022 143
2022 144
2022 177
2022 178
2022 179
2022 180
2022 181
2022 182
2022 183
2022 184
2022 220
2022 221
2023 140
2023 141
2023 142
2023 143
2023 144
2023 145
2023 146
2023 179
2023 180
2023 181
2023 182
2023 183
2023 184
2023 185
2023 186
2024 142
2024 143
2024 144
2024 145
2024 146
2024 147
2024 181
2024 182
2024 183
2024 184
2024 185
2024 186
2024 187
2025 143
2025 144
2025 145
2025 146
2025 147
2025 148
2025 149
2025 183
2025 184
2025 185
2025 186
2025 187
2025 188
2025 189
2026 145
2026 146
2026 147
2026 148
2026 149
2026 150
2026 151
2026 184
2026 185
2026 186
2026 187
2026 188
2026 189
2026 190
2026 191
2027 147
2027 148
2027 149
2027 150
2027 151
2027 152
2027 153
2027 186
2027 187
2027 188
2027 189
2027 190
2027 191
2027 192
2027 193
2028 148
2028 149
2028 150
2028 151
2028 152
2028 153
2028 154
2028 155
2028 188
2028 189
2028 190
2028 191
2028 192
2028 193
2028 194
2029 150
2029 151
2029 152
2029 153
2029 154
2029 155
2029 156
2029 190
2029 191
2029 192
2029 193
2029 194
2029 195
2029 196
2030 151
2030 152
2030 153
2030 154
2030 155
2030 156
2030 157
2030 158
2030 191
2030 192
2030 193
2030 194
2030 195
2030 196
2030 197
2030 198
2031 153
2031 154
2031 155
2031 156
2031 157
2031 158
2031 159
2031 160
2031 193
2031 194
2031 195
2031 196
2031 197
2031 198
2031 199
2032 155
2032 156
2032 157
2032 158
2032 159
2032 160
2032 161
2032 162
2032 195
2032 196
2032 197
2032 198
2032 199
2032 200
2032 201
2033 156
2033 157
2033 158
2033 159
2033 160
2033 161
2033 162
2033 163
2033 197
2033 198
2033 199
2033 200
2033 201
2033 202
2034 122
2034 123
2034 158
2034 159
2034 160
2034 161
2034 162
2034 163
2034 164
2034 165
2034 199
2034 200
2034 201
2034 202
2034 203
2034 204
2035 124
2035 125
2035 160
2035 161
2035 162
2035 163
2035 164
2035 165
2035 166
2035 167
2035 200
2035 201
2035 202
2035 203
2035 204
2035 205
2035 206
2036 125
2036 126
2036 127
2036 162
2036 163
2036 164
2036 165
2036 166
2036 167
2036 168
2036 169
2036 202
2036 203
2036 204
2036 205
2036 206
2036 207
2037 126
2037 127
2037 128
2037 129
2037 163
2037 164
2037 165
2037 166
2037 167
2037 168
2037 169
2037 170
2037 204
2037 205
2037 206
2037 207
2037 208
2037 209
2038 128
2038 129
2038 130
2038 131
2038 165
2038 166
2038 167
2038 168
2038 169
2038 170
2038 171
2038 172
2038 206
2038 207
2038 208
2038 209
2038 210
2038 211
2039 129
2039 130
2039 131
2039 132
2039 133
2039 167
2039 168
2039 169
2039 170
2039 171
2039 172
2039 173
2039 174
2039 208
2039 209
2039 210
2039 211
2039 212
2040 131
2040 132
2040 133
2040 134
2040 135
2040 168
2040 169
2040 170
2040 171
2040 172
2040 173
2040 174
2040 175
2040 176
2040 210
2040 211
2040 212
2040 213
2040 214
2041 132
2041 133
2041 134
2041 135
2041 136
2041 137
2041 170
2041 171
2041 172
2041 173
2041 174
2041 175
2041 176
2041 177
2041 211
2041 212
2041 213
2041 214
2041 215
2042 134
2042 135
2042 136
2042 137
2042 138
2042 139
2042 172
2042 173
2042 174
2042 175
2042 176
2042 177
2042 178
2042 179
2042 213
2042 214
2042 215
2042 216
2042 217
2043 135
2043 136
2043 137
2043 138
2043 139
2043 140
2043 173
2043 174
2043 175
2043 176
2043 177
2043 178
2043 179
2043 180
2043 181
2043 215
2043 216
2043 217
2043 218
2044 137
2044 138
2044 139
2044 140
2044 141
2044 142
2044 175
2044 176
2044 177
2044 178
2044 179
2044 180
2044 181
2044 182
2044 217
2044 218
2044 219
2044 220
2045 138
2045 139
2045 140
2045 141
2045 142
2045 143
2045 144
2045 177
2045 178
2045 179
2045 180
2045 181
2045 182
2045 183
2045 184
2045 219
2045 220
2045 221
2046 140
2046 141
2046 142
2046 143
2046 144
2046 145
2046 146
2046 179
2046 180
2046 181
2046 182
2046 183
2046 184
2046 185
2046 186
2046 222
2047 141
2047 142
2047 143
2047 144
2047 145
2047 146
2047 147
2047 148
2047 180
2047 181
2047 182
2047 183
2047 184
2047 185
2047 186
2047 187
2047 188
2048 143
2048 144
2048 145
2048 146
2048 147
2048 148
2048 149
2048 182
2048 183
2048 184
2048 185
2048 186
2048 187
2048 188
2048 189
2049 145
2049 146
2049 147
2049 148
2049 149
2049 150
2049 151
2049 184
2049 185
2049 186
2049 187
2049 188
2049 189
2049 190
2049 191
2050 146
2050 147
2050 148
2050 149
2050 150
2050 151
2050 152
2050 153
2050 186
2050 187
2050 188
2050 189
2050 190
2050 191
2050 192
2050 193
2051 148
2051 149
2051 150
2051 151
2051 152
2051 153
2051 154
2051 155
2051 187
2051 188
2051 189
2051 190
2051 191
2051 192
2051 193
2051 194
2052 149
2052 150
2052 151
2052 152
2052 153
2052 154
2052 155
2052 156
2052 189
2052 190
2052 191
2052 192
2052 193
2052 194
2052 195
2052 196
2053 151
2053 152
2053 153
2053 154
2053 155
2053 156
2053 157
2053 158
2053 191
2053 192
2053 193
2053 194
2053 195
2053 196
2053 197
2053 198
2054 153
2054 154
2054 155
2054 156
2054 157
2054 158
2054 159
2054 160
2054 193
2054 194
2054 195
2054 196
2054 197
2054 198
2054 199
2055 119
2055 120
2055 154
2055 155
2055 156
2055 157
2055 158
2055 159
2055 160
2055 161
2055 162
2055 195
2055 196
2055 197
2055 198
2055 199
2055 200
2055 201
2056 120
2056 121
2056 122
2056 156
2056 157
2056 158
2056 159
2056 160
2056 161
2056 162
2056 163
2056 164
2056 196
2056 197
2056 198
2056 199
2056 200
2056 201
2056 202
2056 203
2057 121
2057 122
2057 123
2057 124
2057 158
2057 159
2057 160
2057 161
2057 162
2057 163
2057 164
2057 165
2057 198
2057 199
2057 200
2057 201
2057 202
2057 203
2057 204
2058 123
2058 124
2058 125
2058 126
2058 160
2058 161
2058 162
2058 163
2058 164
2058 165
2058 166
2058 167
2058 200
2058 201
2058 202
2058 203
2058 204
2058 205
2058 206
2059 124
2059 125
2059 126
2059 127
2059 128
2059 161
2059 162
2059 163
2059 164
2059 165
2059 166
2059 167
2059 168
2059 169
2059 202
2059 203
2059 204
2059 205
2059 206
2059 207
2060 126
2060 127
2060 128
2060 129
2060 130
2060 163
2060 164
2060 165
2060 166
2060 167
2060 168
2060 169
2060 170
2060 204
2060 205
2060 206
2060 207
2060 208
2060 209
2061 127
2061 128
2061 129
2061 130
2061 131
2061 165
2061 166
2061 167
2061 168
2061 169
2061 170
2061 171
2061 172
2061 205
2061 206
2061 207
2061 208
2061 209
2061 210
2061 211
2062 129
2062 130
2062 131
2062 132
2062 133
2062 166
2062 167
2062 168
2062 169
2062 170
2062 171
2062 172
2062 173
2062 174
2062 207
2062 208
2062 209
2062 210
2062 211
2062 212
2063 130
2063 131
2063 132
2063 133
2063 134
2063 135
2063 168
2063 169
2063 170
2063 171
2063 172
2063 173
2063 174
2063 175
2063 176
2063 209
2063 210
2063 211
2063 212
2063 213
2063 214
2064 132
2064 133
2064 134
2064 135
2064 136
2064 137
2064 170
2064 171
2064 172
2064 173
2064 174
2064 175
2064 176
2064 177
2064 211
2064 212
2064 213
2064 214
2064 215
2065 133
2065 134
2065 135
2065 136
2065 137
2065 138
2065 139
2065 171
2065 172
2065 173
2065 174
2065 175
2065 176
2065 177
2065 178
2065 179
2065 213
2065 214
2065 215
2065 216
2065 217
2066 135
2066 136
2066 137
2066 138
2066 139
2066 140
2066 141
2066 173
2066 174
2066 175
2066 176
2066 177
2066 178
2066 179
2066 180
2066 181
2066 215
2066 216
2066 217
2066 218
2067 136
2067 137
2067 138
2067 139
2067 140
2067 141
2067 142
2067 175
2067 176
2067 177
2067 178
2067 179
2067 180
2067 181
2067 182
2067 217
2067 218
2067 219
2067 220
2068 138
2068 139
2068 140
2068 141
2068 142
2068 143
2068 144
2068 177
2068 178
2068 179
2068 180
2068 181
2068 182
2068 183
2068 184
2068 219
2068 220
2068 221
2069 139
2069 140
2069 141
2069 142
2069 143
2069 144
2069 145
2069 146
2069 178
2069 179
2069 180
2069 181
2069 182
2069 183
2069 184
2069 185
2069 186
2069 221
2069 222
2069 223
2070 141
2070 142
2070 143
2070 144
2070 145
2070 146
2070 147
2070 148
2070 180
2070 181
2070 182
2070 183
2070 184
2070 185
2070 186
2070 187
2070 188
2070 223
2070 224
2071 143
2071 144
2071 145
2071 146
2071 147
2071 148
2071 149
2071 150
2071 182
2071 183
2071 184
2071 185
2071 186
2071 187
2071 188
2071 189
2072 144
2072 145
2072 146
2072 147
2072 148
2072 149
2072 150
2072 151
2072 184
2072 185
2072 186
2072 187
2072 188
2072 189
2072 190
2072 191
2073 146
2073 147
2073 148
2073 149
2073 150
2073 151
2073 152
2073 153
2073 185
2073 186
2073 187
2073 188
2073 189
2073 190
2073 191
2073 192
2073 193
2074 148
2074 149
2074 150
2074 151
2074 152
2074 153
2074 154
2074 155
2074 187
2074 188
2074 189
2074 190
2074 191
2074 192
2074 193
2074 194
2075 149
2075 150
2075 151
2075 152
2075 153
2075 154
2075 155
2075 156
2075 157
2075 189
2075 190
2075 191
2075 192
2075 193
2075 194
2075 195
2075 196
2076 116
2076 151
2076 152
2076 153
2076 154
2076 155
2076 156
2076 157
2076 158
2076 191
2076 192
2076 193
2076 194
2076 195
2076 196
2076 197
2076 198
2077 117
2077 118
2077 152
2077 153
2077 154
2077 155
2077 156
2077 157
2077 158
2077 159
2077 160
2077 192
2077 193
2077 194
2077 195
2077 196
2077 197
2077 198
2077 199
2078 118
2078 119
2078 120
2078 154
2078 155
2078 156
2078 157
2078 158
2078 159
2078 160
2078 161
2078 162
2078 194
2078 195
2078 196
2078 197
2078 198
2078 199
2078 200
2078 201
2079 119
2079 120
2079 121
2079 122
2079 156
2079 157
2079 158
2079 159
2079 160
2079 161
2079 162
2079 163
2079 164
2079 196
2079 197
2079 198
2079 199
2079 200
2079 201
2079 202
2079 203
2080 121
2080 122
2080 123
2080 124
2080 158
2080 159
2080 160
2080 161
2080 162
2080 163
2080 164
2080 165
2080 198
2080 199
2080 200
2080 201
2080 202
2080 203
2080 204
2081 122
2081 123
2081 124
2081 125
2081 126
2081 159
2081 160
2081 161
2081 162
2081 163
2081 164
2081 165
2081 166
2081 167
2081 200
2081 201
2081 202
2081 203
2081 204
2081 205
2081 206
2082 124
2082 125
2082 126
2082 127
2082 128
2082 161
2082 162
2082 163
2082 164
2082 165
2082 166
2082 167
2082 168
2082 169
2082 201
2082 202
2082 203
2082 204
2082 205
2082 206
2082 207
2083 125
2083 126
2083 127
2083 128
2083 129
2083 130
2083 163
2083 164
2083 165
2083 166
2083 167
2083 168
2083 169
2083 170
2083 171
2083 203
2083 204
2083 205
2083 206
2083 207
2083 208
2083 209
2084 127
2084 128
2084 129
2084 130
2084 131
2084 132
2084 164
2084 165
2084 166
2084 167
2084 168
2084 169
2084 170
2084 171
2084 172
2084 205
2084 206
2084 207
2084 208
2084 209
2084 210
2084 211
2085 128
2085 129
2085 130
2085 131
2085 132
2085 133
2085 134
2085 166
2085 167
2085 168
2085 169
2085 170
2085 171
2085 172
2085 173
2085 174
2085 207
2085 208
2085 209
2085 210
2085 211
2085 212
2086 130
2086 131
2086 132
2086 133
2086 134
2086 135
2086 168
2086 169
2086 170
2086 171
2086 172
2086 173
2086 174
2086 175
2086 176
2086 209
2086 210
2086 211
2086 212
2086 213
2086 214
2087 131
2087 132
2087 133
2087 134
2087 135
2087 136
2087 137
2087 169
2087 170
2087 171
2087 172
2087 173
2087 174
2087 175
2087 176
2087 177
2087 211
2087 212
2087 213
2087 214
2087 215
2088 133
2088 134
2088 135
2088 136
2088 137
2088 138
2088 139
2088 171
2088 172
2088 173
2088 174
2088 175
2088 176
2088 177
2088 178
2088 179
2088 213
2088 214
2088 215
2088 216
2088 217
2089 134
2089 135
2089 136
2089 137
2089 138
2089 139
2089 140
2089 141
2089 173
2089 174
2089 175
2089 176
2089 177
2089 178
2089 179
2089 180
2089 181
2089 214
2089 215
2089 216
2089 217
2089 218
2090 136
2090 137
2090 138
2090 139
2090 140
2090 141
2090 142
2090 143
2090 175
2090 176
2090 177
2090 178
2090 179
2090 180
2090 181
2090 182
2090 183
2090 216
2090 217
2090 218
2090 219
2090 220
2091 137
2091 138
2091 139
2091 140
2091 141
2091 142
2091 143
2091 144
2091 176
2091 177
2091 178
2091 179
2091 180
2091 181
2091 182
2091 183
2091 184
2091 218
2091 219
2091 220
2091 221
2092 139
2092 140
2092 141
2092 142
2092 143
2092 144
2092 145
2092 146
2092 178
2092 179
2092 180
2092 181
2092 182
2092 183
2092 184
2092 185
2092 186
2092 220
2092 221
2092 222
2092 223
2093 141
2093 142
2093 143
2093 144
2093 145
2093 146
2093 147
2093 148
2093 180
2093 181
2093 182
2093 183
2093 184
2093 185
2093 186
2093 187
2093 188
2093 223
2093 224
2094 142
2094 143
2094 144
2094 145
2094 146
2094 147
2094 148
2094 149
2094 150
2094 182
2094 183
2094 184
2094 185
2094 186
2094 187
2094 188
2094 189
2094 225
2095 144
2095 145
2095 146
2095 147
2095 148
2095 149
2095 150
2095 151
2095 183
2095 184
2095 185
2095 186
2095 187
2095 188
2095 189
2095 190
2095 191
2096 146
2096 147
2096 148
2096 149
2096 150
2096 151
2096 152
2096 153
2096 185
2096 186
2096 187
2096 188
2096 189
2096 190
2096 191
2096 192
2096 193
2097 147
2097 148
2097 149
2097 150
2097 151
2097 152
2097 153
2097 154
2097 155
2097 187
2097 188
2097 189
2097 190
2097 191
2097 192
2097 193
2097 194
2098 114
2098 149
2098 150
2098 151
2098 152
2098 153
2098 154
2098 155
2098 156
2098 157
2098 189
2098 190
2098 191
2098 192
2098 193
2098 194
2098 195
2098 196
2099 115
2099 116
2099 117
2099 151
2099 152
2099 153
2099 154
2099 155
2099 156
2099 157
2099 158
2099 190
2099 191
2099 192
2099 193
2099 194
2099 195
2099 196
2099 197
2099 198
2100 116
2100 117
2100 118
2100 119
2100 152
2100 153
2100 154
2100 155
2100 156
2100 157
2100 158
2100 159
2100 160
2100 192
2100 193
2100 194
2100 195
2100 196
2100 197
2100 198
2100 199
2101 117
2101 118
2101 119
2101 120
2101 121
2101 154
2101 155
2101 156
2101 157
2101 158
2101 159
2101 160
2101 161
2101 162
2101 194
2101 195
2101 196
2101 197
2101 198
2101 199
2101 200
2101 201
2102 119
2102 120
2102 121
2102 122
2102 123
2102 156
2102 157
2102 158
2102 159
2102 160
2102 161
2102 162
2102 163
2102 164
2102 196
2102 197
2102 198
2102 199
2102 200
2102 201
2102 202
2103 120
2103 121
2103 122
2103 123
2103 124
2103 157
2103 158
2103 159
2103 160
2103 161
2103 162
2103 163
2103 164
2103 165
2103 198
2103 199
2103 200
2103 201
2103 202
2103 203
2103 204
2104 122
2104 123
2104 124
2104 125
2104 126
2104 159
2104 160
2104 161
2104 162
2104 163
2104 164
2104 165
2104 166
2104 167
2104 199
2104 200
2104 201
2104 202
2104 203
2104 204
2104 205
2104 206
2105 123
2105 124
2105 125
2105 126
2105 127
2105 128
2105 161
2105 162
2105 163
2105 164
2105 165
2105 166
2105 167
2105 168
2105 169
2105 201
2105 202
2105 203
2105 204
2105 205
2105 206
2105 207
2106 125
2106 126
2106 127
2106 128
2106 129
2106 130
2106 162
2106 163
2106 164
2106 165
2106 166
2106 167
2106 168
2106 169
2106 170
2106 171
2106 203
2106 204
2106 205
2106 206
2106 207
2106 208
2106 209
2107 126
2107 127
2107 128
2107 129
2107 130
2107 131
2107 132
2107 164
2107 165
2107 166
2107 167
2107 168
2107 169
2107 170
2107 171
2107 172
2107 205
2107 206
2107 207
2107 208
2107 209
2107 210
2107 211
2108 128
2108 129
2108 130
2108 131
2108 132
2108 133
2108 134
2108 166
2108 167
2108 168
2108 169
2108 170
2108 171
2108 172
2108 173
2108 174
2108 207
2108 208
2108 209
2108 210
2108 211
2108 212
2109 129
2109 130
2109 131
2109 132
2109 133
2109 134
2109 135
2109 167
2109 168
2109 169
2109 170
2109 171
2109 172
2109 173
2109 174
2109 175
2109 176
2109 208
2109 209
2109 210
2109 211
2109 212
2109 213
2109 214
2110 131
2110 132
2110 133
2110 134
2110 135
2110 136
2110 137
2110 169
2110 170
2110 171
2110 172
2110 173
2110 174
2110 175
2110 176
2110 177
2110 210
2110 211
2110 212
2110 213
2110 214
2110 215
2111 132
2111 133
2111 134
2111 135
2111 136
2111 137
2111 138
2111 139
2111 171
2111 172
2111 173
2111 174
2111 175
2111 176
2111 177
2111 178
2111 179
2111 212
2111 213
2111 214
2111 215
2111 216
2111 217
2112 134
2112 135
2112 136
2112 137
2112 138
2112 139
2112 140
2112 141
2112 173
2112 174
2112 175
2112 176
2112 177
2112 178
2112 179
2112 180
2112 181
2112 214
2112 215
2112 216
2112 217
2112 218
2113 136
2113 137
2113 138
2113 139
2113 140
2113 141
2113 142
2113 143
2113 174
2113 175
2113 176
2113 177
2113 178
2113 179
2113 180
2113 181
2113 182
2113 216
2113 217
2113 218
2113 219
2113 220
2114 137
2114 138
2114 139
2114 140
2114 141
2114 142
2114 143
2114 144
2114 176
2114 177
2114 178
2114 179
2114 180
2114 181
2114 182
2114 183
2114 184
2114 218
2114 219
2114 220
2114 221
2115 139
2115 140
2115 141
2115 142
2115 143
2115 144
2115 145
2115 146
2115 178
2115 179
2115 180
2115 181
2115 182
2115 183
2115 184
2115 185
2115 186
2115 220
2115 221
2115 222
2115 223
2116 140
2116 141
2116 142
2116 143
2116 144
2116 145
2116 146
2116 147
2116 148
2116 180
2116 181
2116 182
2116 183
2116 184
2116 185
2116 186
2116 187
2116 188
2116 222
2116 223
2116 224
2117 142
2117 143
2117 144
2117 145
2117 146
2117 147
2117 148
2117 149
2117 150
2117 181
2117 182
2117 183
2117 184
2117 185
2117 186
2117 187
2117 188
2117 189
2117 224
2117 225
2118 144
2118 145
2118 146
2118 147
2118 148
2118 149
2118 150
2118 151
2118 183
2118 184
2118 185
2118 186
2118 187
2118 188
2118 189
2118 190
2118 191
2119 145
2119 146
2119 147
2119 148
2119 149
2119 150
2119 151
2119 152
2119 153
2119 185
2119 186
2119 187
2119 188
2119 189
2119 190
2119 191
2119 192
2119 193
2120 112
2120 113
2120 147
2120 148
2120 149
2120 150
2120 151
2120 152
2120 153
2120 154
2120 155
2120 187
2120 188
2120 189
2120 190
2120 191
2120 192
2120 193
2120 194
2121 113
2121 114
2121 115
2121 149
2121 150
2121 151
2121 152
2121 153
2121 154
2121 155
2121 156
2121 157
2121 188
2121 189
2121 190
2121 191
2121 192
2121 193
2121 194
2121 195
2121 196
2122 114
2122 115
2122 116
2122 117
2122 150
2122 151
2122 152
2122 153
2122 154
2122 155
2122 156
2122 157
2122 158
2122 190
2122 191
2122 192
2122 193
2122 194
2122 195
2122 196
2122 197
2122 198
2123 116
2123 117
2123 118
2123 119
2123 152
2123 153
2123 154
2123 155
2123 156
2123 157
2123 158
2123 159
2123 160
2123 192
2123 193
2123 194
2123 195
2123 196
2123 197
2123 198
2123 199
2124 117
2124 118
2124 119
2124 120
2124 121
2124 154
2124 155
2124 156
2124 157
2124 158
2124 159
2124 160
2124 161
2124 162
2124 194
2124 195
2124 196
2124 197
2124 198
2124 199
2124 200
2124 201
2125 118
2125 119
2125 120
2125 121
2125 122
2125 123
2125 155
2125 156
2125 157
2125 158
2125 159
2125 160
2125 161
2125 162
2125 163
2125 164
2125 195
2125 196
2125 197
2125 198
2125 199
2125 200
2125 201
2125 202
2126 120
2126 121
2126 122
2126 123
2126 124
2126 125
2126 157
2126 158
2126 159
2126 160
2126 161
2126 162
2126 163
2126 164
2126 165
2126 197
2126 198
2126 199
2126 200
2126 201
2126 202
2126 203
2126 204
2127 121
2127 122
2127 123
2127 124
2127 125
2127 126
2127 159
2127 160
2127 161
2127 162
2127 163
2127 164
2127 165
2127 166
2127 167
2127 199
2127 200
2127 201
2127 202
2127 203
2127 204
2127 205
2127 206
2128 123
2128 124
2128 125
2128 126
2128 127
2128 128
2128 160
2128 161
2128 162
2128 163
2128 164
2128 165
2128 166
2128 167
2128 168
2128 169
2128 201
2128 202
2128 203
2128 204
2128 205
2128 206
2128 207
2129 124
2129 125
2129 126
2129 127
2129 128
2129 129
2129 130
2129 162
2129 163
2129 164
2129 165
2129 166
2129 167
2129 168
2129 169
2129 170
2129 171
2129 203
2129 204
2129 205
2129 206
2129 207
2129 208
2129 209
2130 126
2130 127
2130 128
2130 129
2130 130
2130 131
2130 132
2130 164
2130 165
2130 166
2130 167
2130 168
2130 169
2130 170
2130 171
2130 172
2130 205
2130 206
2130 207
2130 208
2130 209
2130 210
2131 127
2131 128
2131 129
2131 130
2131 131
2131 132
2131 133
2131 134
2131 165
2131 166
2131 167
2131 168
2131 169
2131 170
2131 171
2131 172
2131 173
2131 174
2131 206
2131 207
2131 208
2131 209
2131 210
2131 211
2131 212
2132 129
2132 130
2132 131
2132 132
2132 133
2132 134
2132 135
2132 167
2132 168
2132 169
2132 170
2132 171
2132 172
2132 173
2132 174
2132 175
2132 176
2132 208
2132 209
2132 210
2132 211
2132 212
2132 213
2132 214
2133 130
2133 131
2133 132
2133 133
2133 134
2133 135
2133 136
2133 137
2133 169
2133 170
2133 171
2133 172
2133 173
2133 174
2133 175
2133 176
2133 177
2133 210
2133 211
2133 212
2133 213
2133 214
2133 215
2134 132
2134 133
2134 134
2134 135
2134 136
2134 137
2134 138
2134 139
2134 171
2134 172
2134 173
2134 174
2134 175
2134 176
2134 177
2134 178
2134 179
2134 212
2134 213
2134 214
2134 215
2134 216
2134 217
2135 134
2135 135
2135 136
2135 137
2135 138
2135 139
2135 140
2135 141
2135 172
2135 173
2135 174
2135 175
2135 176
2135 177
2135 178
2135 179
2135 180
2135 181
2135 214
2135 215
2135 216
2135 217
2135 218
2136 135
2136 136
2136 137
2136 138
2136 139
2136 140
2136 141
2136 142
2136 143
2136 174
2136 175
2136 176
2136 177
2136 178
2136 179
2136 180
2136 181
2136 182
2136 216
2136 217
2136 218
2136 219
2136 220
2137 137
2137 138
2137 139
2137 140
2137 141
2137 142
2137 143
2137 144
2137 176
2137 177
2137 178
2137 179
2137 180
2137 181
2137 182
2137 183
2137 184
2137 218
2137 219
2137 220
2137 221
2138 138
2138 139
2138 140
2138 141
2138 142
2138 143
2138 144
2138 145
2138 146
2138 178
2138 179
2138 180
2138 181
2138 182
2138 183
2138 184
2138 185
2138 186
2138 220
2138 221
2138 222
2139 140
2139 141
2139 142
2139 143
2139 144
2139 145
2139 146
2139 147
2139 148
2139 179
2139 180
2139 181
2139 182
2139 183
2139 184
2139 185
2139 186
2139 187
2139 188
2139 222
2139 223
2139 224
2140 142
2140 143
2140 144
2140 145
2140 146
2140 147
2140 148
2140 149
2140 150
2140 181
2140 182
2140 183
2140 184
2140 185
2140 186
2140 187
2140 188
2140 189
2140 224
2140 225
2141 143
2141 144
2141 145
2141 146
2141 147
2141 148
2141 149
2141 150
2141 151
2141 183
2141 184
2141 185
2141 186
2141 187
2141 188
2141 189
2141 190
2141 191
2142 110
2142 145
2142 146
2142 147
2142 148
2142 149
2142 150
2142 151
2142 152
2142 153
2142 185
2142 186
2142 187
2142 188
2142 189
2142 190
2142 191
2142 192
2142 193
2143 111
2143 112
2143 113
2143 147
2143 148
2143 149
2143 150
2143 151
2143 152
2143 153
2143 154
2143 155
2143 186
2143 187
2143 188
2143 189
2143 190
2143 191
2143 192
2143 193
2143 194
2144 112
2144 113
2144 114
2144 115
2144 148
2144 149
2144 150
2144 151
2144 152
2144 153
2144 154
2144 155
2144 156
2144 157
2144 188
2144 189
2144 190
2144 191
2144 192
2144 193
2144 194
2144 195
2144 196
2145 114
2145 115
2145 116
2145 117
2145 150
2145 151
2145 152
2145 153
2145 154
2145 155
2145 156
2145 157
2145 158
2145 190
2145 191
2145 192
2145 193
2145 194
2145 195
2145 196
2145 197
2146 115
2146 116
2146 117
2146 118
2146 119
2146 152
2146 153
2146 154
2146 155
2146 156
2146 157
2146 158
2146 159
2146 160
2146 192
2146 193
2146 194
2146 195
2146 196
2146 197
2146 198
2146 199
2147 117
2147 118
2147 119
2147 120
2147 121
2147 153
2147 154
2147 155
2147 156
2147 157
2147 158
2147 159
2147 160
2147 161
2147 162
2147 193
2147 194
2147 195
2147 196
2147 197
2147 198
2147 199
2147 200
2147 201
2148 118
2148 119
2148 120
2148 121
2148 122
2148 123
2148 155
2148 156
2148 157
2148 158
2148 159
2148 160
2148 161
2148 162
2148 163
2148 164
2148 195
2148 196
2148 197
2148 198
2148 199
2148 200
2148 201
2148 202
2149 119
2149 120
2149 121
2149 122
2149 123
2149 124
2149 125
2149 157
2149 158
2149 159
2149 160
2149 161
2149 162
2149 163
2149 164
2149 165
2149 197
2149 198
2149 199
2149 200
2149 201
2149 202
2149 203
2149 204
2150 121
2150 122
2150 123
2150 124
2150 125
2150 126
2150 158
2150 159
2150 160
2150 161
2150 162
2150 163
2150 164
2150 165
2150 166
2150 167
2150 199
2150 200
2150 201
2150 202
2150 203
2150 204
2150 205
2150 206
2151 122
2151 123
2151 124
2151 125
2151 126
2151 127
2151 128
2151 160
2151 161
2151 162
2151 163
2151 164
2151 165
2151 166
2151 167
2151 168
2151 169
2151 201
2151 202
2151 203
2151 204
2151 205
2151 206
2151 207
2152 124
2152 125
2152 126
2152 127
2152 128
2152 129
2152 130
2152 162
2152 163
2152 164
2152 165
2152 166
2152 167
2152 168
2152 169
2152 170
2152 171
2152 202
2152 203
2152 204
2152 205
2152 206
2152 207
2152 208
2152 209
2153 125
2153 126
2153 127
2153 128
2153 129
2153 130
2153 131
2153 132
2153 164
2153 165
2153 166
2153 167
2153 168
2153 169
2153 170
2153 171
2153 172
2153 204
2153 205
2153 206
2153 207
2153 208
2153 209
2153 210
2154 127
2154 128
2154 129
2154 130
2154 131
2154 132
2154 133
2154 134
2154 165
2154 166
2154 167
2154 168
2154 169
2154 170
2154 171
2154 172
2154 173
2154 174
2154 206
2154 207
2154 208
2154 209
2154 210
2154 211
2154 212
2155 129
2155 130
2155 131
2155 132
2155 133
2155 134
2155 135
2155 167
2155 168
2155 169
2155 170
2155 171
2155 172
2155 173
2155 174
2155 175
2155 176
2155 208
2155 209
2155 210
2155 211
2155 212
2155 213
2156 130
2156 131
2156 132
2156 133
2156 134
2156 135
2156 136
2156 137
2156 169
2156 170
2156 171
2156 172
2156 173
2156 174
2156 175
2156 176
2156 177
2156 210
2156 211
2156 212
2156 213
2156 214
2156 215
2157 132
2157 133
2157 134
2157 135
2157 136
2157 137
2157 138
2157 139
2157 170
2157 171
2157 172
2157 173
2157 174
2157 175
2157 176
2157 177
2157 178
2157 179
2157 212
2157 213
2157 214
2157 215
2157 216
2157 217
2158 133
2158 134
2158 135
2158 136
2158 137
2158 138
2158 139
2158 140
2158 141
2158 172
2158 173
2158 174
2158 175
2158 176
2158 177
2158 178
2158 179
2158 180
2158 181
2158 214
2158 215
2158 216
2158 217
2158 218
2159 135
2159 136
2159 137
2159 138
2159 139
2159 140
2159 141
2159 142
2159 143
2159 174
2159 175
2159 176
2159 177
2159 178
2159 179
2159 180
2159 181
2159 182
2159 216
2159 217
2159 218
2159 219
2160 137
2160 138
2160 139
2160 140
2160 141
2160 142
2160 143
2160 144
2160 176
2160 177
2160 178
2160 179
2160 180
2160 181
2160 182
2160 183
2160 184
2160 218
2160 219
2160 220
2160 221
2161 138
2161 139
2161 140
2161 141
2161 142
2161 143
2161 144
2161 145
2161 146
2161 177
2161 178
2161 179
2161 180
2161 181
2161 182
2161 183
2161 184
2161 185
2161 186
2161 220
2161 221
2161 222
2162 140
2162 141
2162 142
2162 143
2162 144
2162 145
2162 146
2162 147
2162 148
2162 179
2162 180
2162 181
2162 182
2162 183
2162 184
2162 185
2162 186
2162 187
2162 222
2162 223
2162 224
2163 141
2163 142
2163 143
2163 144
2163 145
2163 146
2163 147
2163 148
2163 149
2163 150
2163 181
2163 182
2163 183
2163 184
2163 185
2163 186
2163 187
2163 188
2163 189
2163 224
2163 225
2164 143
2164 144
2164 145
2164 146
2164 147
2164 148
2164 149
2164 150
2164 151
2164 183
2164 184
2164 185
2164 186
2164 187
2164 188
2164 189
2164 190
2164 191
2165 110
2165 111
2165 145
2165 146
2165 147
2165 148
2165 149
2165 150
2165 151
2165 152
2165 153
2165 184
2165 185
2165 186
2165 187
2165 188
2165 189
2165 190
2165 191
2165 192
2166 111
2166 112
2166 113
2166 146
2166 147
2166 148
2166 149
2166 150
2166 151
2166 152
2166 153
2166 154
2166 155
2166 186
2166 187
2166 188
2166 189
2166 190
2166 191
2166 192
2166 193
2166 194
2167 112
2167 113
2167 114
2167 115
2167 148
2167 149
2167 150
2167 151
2167 152
2167 153
2167 154
2167 155
2167 156
2167 157
2167 188
2167 189
2167 190
2167 191
2167 192
2167 193
2167 194
2167 195
2167 196
2168 113
2168 114
2168 115
2168 116
2168 117
2168 150
2168 151
2168 152
2168 153
2168 154
2168 155
2168 156
2168 157
2168 158
2168 190
2168 191
2168 192
2168 193
2168 194
2168 195
2168 196
2168 197
2169 115
2169 116
2169 117
2169 118
2169 119
2169 151
2169 152
2169 153
2169 154
2169 155
2169 156
2169 157
2169 158
2169 159
2169 160
2169 191
2169 192
2169 193
2169 194
2169 195
2169 196
2169 197
2169 198
2169 199
2170 116
2170 117
2170 118
2170 119
2170 120
2170 121
2170 153
2170 154
2170 155
2170 156
2170 157
2170 158
2170 159
2170 160
2170 161
2170 162
2170 193
2170 194
2170 195
2170 196
2170 197
2170 198
2170 199
2170 200
2170 201
2171 118
2171 119
2171 120
2171 121
2171 122
2171 123
2171 155
2171 156
2171 157
2171 158
2171 159
2171 160
2171 161
2171 162
2171 163
2171 164
2171 195
2171 196
2171 197
2171 198
2171 199
2171 200
2171 201
2171 202
2172 119
2172 120
2172 121
2172 122
2172 123
2172 124
2172 156
2172 157
2172 158
2172 159
2172 160
2172 161
2172 162
2172 163
2172 164
2172 165
2172 197
2172 198
2172 199
2172 200
2172 201
2172 202
2172 203
2172 204
2173 121
2173 122
2173 123
2173 124
2173 125
2173 126
2173 158
2173 159
2173 160
2173 161
2173 162
2173 163
2173 164
2173 165
2173 166
2173 167
2173 199
2173 200
2173 201
2173 202
2173 203
2173 204
2173 205
2174 122
2174 123
2174 124
2174 125
2174 126
2174 127
2174 128
2174 160
2174 161
2174 162
2174 163
2174 164
2174 165
2174 166
2174 167
2174 168
2174 169
2174 200
2174 201
2174 202
2174 203
2174 204
2174 205
2174 206
2174 207
2175 124
2175 125
2175 126
2175 127
2175 128
2175 129
2175 130
2175 162
2175 163
2175 164
2175 165
2175 166
2175 167
2175 168
2175 169
2175 170
2175 202
2175 203
2175 204
2175 205
2175 206
2175 207
2175 208
2175 209
2176 125
2176 126
2176 127
2176 128
2176 129
2176 130
2176 131
2176 132
2176 163
2176 164
2176 165
2176 166
2176 167
2176 168
2176 169
2176 170
2176 171
2176 172
2176 204
2176 205
2176 206
2176 207
2176 208
2176 209
2176 210
2177 127
2177 128
2177 129
2177 130
2177 131
2177 132
2177 133
2177 134
2177 165
2177 166
2177 167
2177 168
2177 169
2177 170
2177 171
2177 172
2177 173
2177 174
2177 206
2177 207
2177 208
2177 209
2177 210
2177 211
2177 212
2178 128
2178 129
2178 130
2178 131
2178 132
2178 133
2178 134
2178 135
2178 167
2178 168
2178 169
2178 170
2178 171
2178 172
2178 173
2178 174
2178 175
2178 176
2178 208
2178 209
2178 210
2178 211
2178 212
2178 213
2179 130
2179 131
2179 132
2179 133
2179 134
2179 135
2179 136
2179 137
2179 168
2179 169
2179 170
2179 171
2179 172
2179 173
2179 174
2179 175
2179 176
2179 177
2179 210
2179 211
2179 212
2179 213
2179 214
2179 215
2180 131
2180 132
2180 133
2180 134
2180 135
2180 136
2180 137
2180 138
2180 139
2180 170
2180 171
2180 172
2180 173
2180 174
2180 175
2180 176
2180 177
2180 178
2180 179
2180 212
2180 213
2180 214
2180 215
2180 216
2181 133
2181 134
2181 135
2181 136
2181 137
2181 138
2181 139
2181 140
2181 141
2181 172
2181 173
2181 174
2181 175
2181 176
2181 177
2181 178
2181 179
2181 180
2181 181
2181 213
2181 214
2181 215
2181 216
2181 217
2181 218
2182 135
2182 136
2182 137
2182 138
2182 139
2182 140
2182 141
2182 142
2182 174
2182 175
2182 176
2182 177
2182 178
2182 179
2182 180
2182 181
2182 182
2182 215
2182 216
2182 217
2182 218
2182 219
2183 136
2183 137
2183 138
2183 139
2183 140
2183 141
2183 142
2183 143
2183 144
2183 175
2183 176
2183 177
2183 178
2183 179
2183 180
2183 181
2183 182
2183 183
2183 184
2183 217
2183 218
2183 219
2183 220
2183 221
2184 138
2184 139
2184 140
2184 141
2184 142
2184 143
2184 144
2184 145
2184 146
2184 177
2184 178
2184 179
2184 180
2184 181
2184 182
2184 183
2184 184
2184 185
2184 186
2184 219
2184 220
2184 221
2184 222
2185 140
2185 141
2185 142
2185 143
2185 144
2185 145
2185 146
2185 147
2185 148
2185 179
2185 180
2185 181
2185 182
2185 183
2185 184
2185 185
2185 186
2185 187
2185 222
2185 223
2186 141
2186 142
2186 143
2186 144
2186 145
2186 146
2186 147
2186 148
2186 149
2186 150
2186 181
2186 182
2186 183
2186 184
2186 185
2186 186
2186 187
2186 188
2186 189
2186 224
2187 143
2187 144
2187 145
2187 146
2187 147
2187 148
2187 149
2187 150
2187 151
2187 182
2187 183
2187 184
2187 185
2187 186
2187 187
2187 188
2187 189
2187 190
2187 191
2188 109
2188 110
2188 111
2188 144
2188 145
2188 146
2188 147
2188 148
2188 149
2188 150
2188 151
2188 152
2188 153
2188 184
2188 185
2188 186
2188 187
2188 188
2188 189
2188 190
2188 191
2188 192
2189 110
2189 111
2189 112
2189 113
2189 146
2189 147
2189 148
2189 149
2189 150
2189 151
2189 152
2189 153
2189 154
2189 155
2189 186
2189 187
2189 188
2189 189
2189 190
2189 191
2189 192
2189 193
2189 194
2190 112
2190 113
2190 114
2190 115
2190 148
2190 149
2190 150
2190 151
2190 152
2190 153
2190 154
2190 155
2190 156
2190 157
2190 188
2190 189
2190 190
2190 191
2190 192
2190 193
2190 194
2190 195
2190 196
2191 113
2191 114
2191 115
2191 116
2191 117
2191 149
2191 150
2191 151
2191 152
2191 153
2191 154
2191 155
2191 156
2191 157
2191 158
2191 189
2191 190
2191 191
2191 192
2191 193
2191 194
2191 195
2191 196
2191 197
2192 114
2192 115
2192 116
2192 117
2192 118
2192 119
2192 151
2192 152
2192 153
2192 154
2192 155
2192 156
2192 157
2192 158
2192 159
2192 160
2192 191
2192 192
2192 193
2192 194
2192 195
2192 196
2192 197
2192 198
2192 199
2193 116
2193 117
2193 118
2193 119
2193 120
2193 121
2193 153
2193 154
2193 155
2193 156
2193 157
2193 158
2193 159
2193 160
2193 161
2193 162
2193 193
2193 194
2193 195
2193 196
2193 197
2193 198
2193 199
2193 200
2193 201
2194 117
2194 118
2194 119
2194 120
2194 121
2194 122
2194 155
2194 156
2194 157
2194 158
2194 159
2194 160
2194 161
2194 162
2194 163
2194 195
2194 196
2194 197
2194 198
2194 199
2194 200
2194 201
2194 202
2195 119
2195 120
2195 121
2195 122
2195 123
2195 124
2195 156
2195 157
2195 158
2195 159
2195 160
2195 161
2195 162
2195 163
2195 164
2195 165
2195 197
2195 198
2195 199
2195 200
2195 201
2195 202
2195 203
2195 204
2196 120
2196 121
2196 122
2196 123
2196 124
2196 125
2196 126
2196 158
2196 159
2196 160
2196 161
2196 162
2196 163
2196 164
2196 165
2196 166
2196 167
2196 198
2196 199
2196 200
2196 201
2196 202
2196 203
2196 204
2196 205
2197 122
2197 123
2197 124
2197 125
2197 126
2197 127
2197 128
2197 160
2197 161
2197 162
2197 163
2197 164
2197 165
2197 166
2197 167
2197 168
2197 169
2197 200
2197 201
2197 202
2197 203
2197 204
2197 205
2197 206
2197 207
2198 123
2198 124
2198 125
2198 126
2198 127
2198 128
2198 129
2198 130
2198 161
2198 162
2198 163
2198 164
2198 165
2198 166
2198 167
2198 168
2198 169
2198 170
2198 202
2198 203
2198 204
2198 205
2198 206
2198 207
2198 208
2198 209
2199 125
2199 126
2199 127
2199 128
2199 129
2199 130
2199 131
2199 132
2199 163
2199 164
2199 165
2199 166
2199 167
2199 168
2199 169
2199 170
2199 171
2199 172
2199 204
2199 205
2199 206
2199 207
2199 208
2199 209
2199 210
2200 126
2200 127
2200 128
2200 129
2200 130
2200 131
2200 132
2200 133
2200 165
2200 166
2200 167
2200 168
2200 169
2200 170
2200 171
2200 172
2200 173
2200 174
2200 206
2200 207
2200 208
2200 209
2200 210
2200 211
2200 212
2201 128
2201 129
2201 130
2201 131
2201 132
2201 133
2201 134
2201 135
2201 166
2201 167
2201 168
2201 169
2201 170
2201 171
2201 172
2201 173
2201 174
2201 175
2201 208
2201 209
2201 210
2201 211
2201 212
2201 213
2202 130
2202 131
2202 132
2202 133
2202 134
2202 135
2202 136
2202 137
2202 168
2202 169
2202 170
2202 171
2202 172
2202 173
2202 174
2202 175
2202 176
2202 177
2202 210
2202 211
2202 212
2202 213
2202 214
2202 215
2203 131
2203 132
2203 133
2203 134
2203 135
2203 136
2203 137
2203 138
2203 139
2203 170
2203 171
2203 172
2203 173
2203 174
2203 175
2203 176
2203 177
2203 178
2203 179
2203 211
2203 212
2203 213
2203 214
2203 215
2203 216
2204 133
2204 134
2204 135
2204 136
2204 137
2204 138
2204 139
2204 140
2204 141
2204 172
2204 173
2204 174
2204 175
2204 176
2204 177
2204 178
2204 179
2204 180
2204 181
2204 213
2204 214
2204 215
2204 216
2204 217
2204 218
2205 134
2205 135
2205 136
2205 137
2205 138
2205 139
2205 140
2205 141
2205 142
2205 173
2205 174
2205 175
2205 176
2205 177
2205 178
2205 179
2205 180
2205 181
2205 182
2205 215
2205 216
2205 217
2205 218
2205 219
2206 136
2206 137
2206 138
2206 139
2206 140
2206 141
2206 142
2206 143
2206 144
2206 175
2206 176
2206 177
2206 178
2206 179
2206 180
2206 181
2206 182
2206 183
2206 184
2206 217
2206 218
2206 219
2206 220
2207 138
2207 139
2207 140
2207 141
2207 142
2207 143
2207 144
2207 145
2207 146
2207 177
2207 178
2207 179
2207 180
2207 181
2207 182
2207 183
2207 184
2207 185
2207 186
2207 219
2207 220
2207 221
2207 222
2208 139
2208 140
2208 141
2208 142
2208 143
2208 144
2208 145
2208 146
2208 147
2208 148
2208 179
2208 180
2208 181
2208 182
2208 183
2208 184
2208 185
2208 186
2208 187
2208 222
2208 223
2209 141
2209 142
2209 143
2209 144
2209 145
2209 146
2209 147
2209 148
2209 149
2209 180
2209 181
2209 182
2209 183
2209 184
2209 185
2209 186
2209 187
2209 188
2209 189
2209 224
2210 143
2210 144
2210 145
2210 146
2210 147
2210 148
2210 149
2210 150
2210 151
2210 182
2210 183
2210 184
2210 185
2210 186
2210 187
2210 188
2210 189
2210 190
2210 191
2211 109
2211 110
2211 144
2211 145
2211 146
2211 147
2211 148
2211 149
2211 150
2211 151
2211 152
2211 153
2211 184
2211 185
2211 186
2211 187
2211 188
2211 189
2211 190
2211 191
2211 192
2212 110
2212 111
2212 112
2212 113
2212 146
2212 147
2212 148
2212 149
2212 150
2212 151
2212 152
2212 153
2212 154
2212 155
2212 186
2212 187
2212 188
2212 189
2212 190
2212 191
2212 192
2212 193
2212 194
2213 111
2213 112
2213 113
2213 114
2213 115
2213 148
2213 149
2213 150
2213 151
2213 152
2213 153
2213 154
2213 155
2213 156
2213 187
2213 188
2213 189
2213 190
2213 191
2213 192
2213 193
2213 194
2213 195
2213 196
2214 113
2214 114
2214 115
2214 116
2214 117
2214 149
2214 150
2214 151
2214 152
2214 153
2214 154
2214 155
2214 156
2214 157
2214 158
2214 189
2214 190
2214 191
2214 192
2214 193
2214 194
2214 195
2214 196
2214 197
2215 114
2215 115
2215 116
2215 117
2215 118
2215 119
2215 151
2215 152
2215 153
2215 154
2215 155
2215 156
2215 157
2215 158
2215 159
2215 160
2215 191
2215 192
2215 193
2215 194
2215 195
2215 196
2215 197
2215 198
2215 199
2216 116
2216 117
2216 118
2216 119
2216 120
2216 153
2216 154
2216 155
2216 156
2216 157
2216 158
2216 159
2216 160
2216 161
2216 162
2216 193
2216 194
2216 195
2216 196
2216 197
2216 198
2216 199
2216 200
2217 117
2217 118
2217 119
2217 120
2217 121
2217 122
2217 154
2217 155
2217 156
2217 157
2217 158
2217 159
2217 160
2217 161
2217 162
2217 163
2217 195
2217 196
2217 197
2217 198
2217 199
2217 200
2217 201
2217 202
2218 118
2218 119
2218 120
2218 121
2218 122
2218 123
2218 124
2218 156
2218 157
2218 158
2218 159
2218 160
2218 161
2218 162
2218 163
2218 164
2218 165
2218 196
2218 197
2218 198
2218 199
2218 200
2218 201
2218 202
2218 203
2218 204
2219 120
2219 121
2219 122
2219 123
2219 124
2219 125
2219 126
2219 158
2219 159
2219 160
2219 161
2219 162
2219 163
2219 164
2219 165
2219 166
2219 167
2219 198
2219 199
2219 200
2219 201
2219 202
2219 203
2219 204
2219 205
2220 121
2220 122
2220 123
2220 124
2220 125
2220 126
2220 127
2220 128
2220 159
2220 160
2220 161
2220 162
2220 163
2220 164
2220 165
2220 166
2220 167
2220 168
2220 169
2220 200
2220 201
2220 202
2220 203
2220 204
2220 205
2220 206
2220 207
2221 123
2221 124
2221 125
2221 126
2221 127
2221 128
2221 129
2221 130
2221 161
2221 162
2221 163
2221 164
2221 165
2221 166
2221 167
2221 168
2221 169
2221 170
2221 202
2221 203
2221 204
2221 205
2221 206
2221 207
2221 208
2222 125
2222 126
2222 127
2222 128
2222 129
2222 130
2222 131
2222 132
2222 163
2222 164
2222 165
2222 166
2222 167
2222 168
2222 169
2222 170
2222 171
2222 172
2222 204
2222 205
2222 206
2222 207
2222 208
2222 209
2222 210
2223 126
2223 127
2223 128
2223 129
2223 130
2223 131
2223 132
2223 133
2223 165
2223 166
2223 167
2223 168
2223 169
2223 170
2223 171
2223 172
2223 173
2223 174
2223 206
2223 207
2223 208
2223 209
2223 210
2223 211
2224 128
2224 129
2224 130
2224 131
2224 132
2224 133
2224 134
2224 135
2224 166
2224 167
2224 168
2224 169
2224 170
2224 171
2224 172
2224 173
2224 174
2224 175
2224 208
2224 209
2224 210
2224 211
2224 212
2224 213
2225 129
2225 130
2225 131
2225 132
2225 133
2225 134
2225 135
2225 136
2225 137
2225 168
2225 169
2225 170
2225 171
2225 172
2225 173
2225 174
2225 175
2225 176
2225 177
2225 209
2225 210
2225 211
2225 212
2225 213
2225 214
2226 131
2226 132
2226 133
2226 134
2226 135
2226 136
2226 137
2226 138
2226 139
2226 170
2226 171
2226 172
2226 173
2226 174
2226 175
2226 176
2226 177
2226 178
2226 179
2226 211
2226 212
2226 213
2226 214
2226 215
2226 216
2227 133
2227 134
2227 135
2227 136
2227 137
2227 138
2227 139
2227 140
2227 171
2227 172
2227 173
2227 174
2227 175
2227 176
2227 177
2227 178
2227 179
2227 180
2227 213
2227 214
2227 215
2227 216
2227 217
2228 134
2228 135
2228 136
2228 137
2228 138
2228 139
2228 140
2228 141
2228 142
2228 173
2228 174
2228 175
2228 176
2228 177
2228 178
2228 179
2228 180
2228 181
2228 182
2228 215
2228 216
2228 217
2228 218
2228 219
2229 136
2229 137
2229 138
2229 139
2229 140
2229 141
2229 142
2229 143
2229 144
2229 175
2229 176
2229 177
2229 178
2229 179
2229 180
2229 181
2229 182
2229 183
2229 184
2229 217
2229 218
2229 219
2229 220
2230 137
2230 138
2230 139
2230 140
2230 141
2230 142
2230 143
2230 144
2230 145
2230 146
2230 177
2230 178
2230 179
2230 180
2230 181
2230 182
2230 183
2230 184
2230 185
2230 219
2230 220
2230 221
2230 222
2231 139
2231 140
2231 141
2231 142
2231 143
2231 144
2231 145
2231 146
2231 147
2231 148
2231 178
2231 179
2231 180
2231 181
2231 182
2231 183
2231 184
2231 185
2231 186
2231 187
2231 222
2231 223
2232 141
2232 142
2232 143
2232 144
2232 145
2232 146
2232 147
2232 148
2232 149
2232 180
2232 181
2232 182
2232 183
2232 184
2232 185
2232 186
2232 187
2232 188
2232 189
2233 142
2233 143
2233 144
2233 145
2233 146
2233 147
2233 148
2233 149
2233 150
2233 151
2233 182
2233 183
2233 184
2233 185
2233 186
2233 187
2233 188
2233 189
2233 190
2234 109
2234 110
2234 144
2234 145
2234 146
2234 147
2234 148
2234 149
2234 150
2234 151
2234 152
2234 153
2234 184
2234 185
2234 186
2234 187
2234 188
2234 189
2234 190
2234 191
2234 192
2235 110
2235 111
2235 112
2235 146
2235 147
2235 148
2235 149
2235 150
2235 151
2235 152
2235 153
2235 154
2235 155
2235 186
2235 187
2235 188
2235 189
2235 190
2235 191
2235 192
2235 193
2235 194
2236 111
2236 112
2236 113
2236 114
2236 147
2236 148
2236 149
2236 150
2236 151
2236 152
2236 153
2236 154
2236 155
2236 156
2236 187
2236 188
2236 189
2236 190
2236 191
2236 192
2236 193
2236 194
2236 195
2237 112
2237 113
2237 114
2237 115
2237 116
2237 149
2237 150
2237 151
2237 152
2237 153
2237 154
2237 155
2237 156
2237 157
2237 158
2237 189
2237 190
2237 191
2237 192
2237 193
2237 194
2237 195
2237 196
2237 197
2238 114
2238 115
2238 116
2238 117
2238 118
2238 151
2238 152
2238 153
2238 154
2238 155
2238 156
2238 157
2238 158
2238 159
2238 160
2238 191
2238 192
2238 193
2238 194
2238 195
2238 196
2238 197
2238 198
2238 199
2239 115
2239 116
2239 117
2239 118
2239 119
2239 120
2239 152
2239 153
2239 154
2239 155
2239 156
2239 157
2239 158
2239 159
2239 160
2239 161
2239 162
2239 193
2239 194
2239 195
2239 196
2239 197
2239 198
2239 199
2239 200
2240 117
2240 118
2240 119
2240 120
2240 121
2240 122
2240 154
2240 155
2240 156
2240 157
2240 158
2240 159
2240 160
2240 161
2240 162
2240 163
2240 194
2240 195
2240 196
2240 197
2240 198
2240 199
2240 200
2240 201
2240 202
2241 118
2241 119
2241 120
2241 121
2241 122
2241 123
2241 124
2241 156
2241 157
2241 158
2241 159
2241 160
2241 161
2241 162
2241 163
2241 164
2241 165
2241 196
2241 197
2241 198
2241 199
2241 200
2241 201
2241 202
2241 203
2242 120
2242 121
2242 122
2242 123
2242 124
2242 125
2242 126
2242 157
2242 158
2242 159
2242 160
2242 161
2242 162
2242 163
2242 164
2242 165
2242 166
2242 167
2242 198
2242 199
2242 200
2242 201
2242 202
2242 203
2242 204
2242 205
2243 121
2243 122
2243 123
2243 124
2243 125
2243 126
2243 127
2243 128
2243 159
2243 160
2243 161
2243 162
2243 163
2243 164
2243 165
2243 166
2243 167
2243 168
2243 200
2243 201
2243 202
2243 203
2243 204
2243 205
2243 206
2243 207
2244 123
2244 124
2244 125
2244 126
2244 127
2244 128
2244 129
2244 130
2244 161
2244 162
2244 163
2244 164
2244 165
2244 166
2244 167
2244 168
2244 169
2244 170
2244 202
2244 203
2244 204
2244 205
2244 206
2244 207
2244 208
2245 124
2245 125
2245 126
2245 127
2245 128
2245 129
2245 130
2245 131
2245 163
2245 164
2245 165
2245 166
2245 167
2245 168
2245 169
2245 170
2245 171
2245 172
2245 204
2245 205
2245 206
2245 207
2245 208
2245 209
2245 210
2246 126
2246 127
2246 128
2246 129
2246 130
2246 131
2246 132
2246 133
2246 164
2246 165
2246 166
2246 167
2246 168
2246 169
2246 170
2246 171
2246 172
2246 173
2246 174
2246 206
2246 207
2246 208
2246 209
2246 210
2246 211
2247 127
2247 128
2247 129
2247 130
2247 131
2247 132
2247 133
2247 134
2247 135
2247 166
2247 167
2247 168
2247 169
2247 170
2247 171
2247 172
2247 173
2247 174
2247 175
2247 207
2247 208
2247 209
2247 210
2247 211
2247 212
2247 213
2248 129
2248 130
2248 131
2248 132
2248 133
2248 134
2248 135
2248 136
2248 137
2248 168
2248 169
2248 170
2248 171
2248 172
2248 173
2248 174
2248 175
2248 176
2248 177
2248 209
2248 210
2248 211
2248 212
2248 213
2248 214
2249 131
2249 132
2249 133
2249 134
2249 135
2249 136
2249 137
2249 138
2249 139
2249 170
2249 171
2249 172
2249 173
2249 174
2249 175
2249 176
2249 177
2249 178
2249 179
2249 211
2249 212
2249 213
2249 214
2249 215
2249 216
2250 132
2250 133
2250 134
2250 135
2250 136
2250 137
2250 138
2250 139
2250 140
2250 171
2250 172
2250 173
2250 174
2250 175
2250 176
2250 177
2250 178
2250 179
2250 180
2250 213
2250 214
2250 215
2250 216
2250 217
2251 134
2251 135
2251 136
2251 137
2251 138
2251 139
2251 140
2251 141
2251 142
2251 173
2251 174
2251 175
2251 176
2251 177
2251 178
2251 179
2251 180
2251 181
2251 182
2251 215
2251 216
2251 217
2251 218
2251 219
2252 136
2252 137
2252 138
2252 139
2252 140
2252 141
2252 142
2252 143
2252 144
2252 175
2252 176
2252 177
2252 178
2252 179
2252 180
2252 181
2252 182
2252 183
2252 184
2252 217
2252 218
2252 219
2252 220
2253 137
2253 138
2253 139
2253 140
2253 141
2253 142
2253 143
2253 144
2253 145
2253 146
2253 177
2253 178
2253 179
2253 180
2253 181
2253 182
2253 183
2253 184
2253 185
2253 219
2253 220
2253 221
2254 139
2254 140
2254 141
2254 142
2254 143
2254 144
2254 145
2254 146
2254 147
2254 178
2254 179
2254 180
2254 181
2254 182
2254 183
2254 184
2254 185
2254 186
2254 187
2254 222
2255 140
2255 141
2255 142
2255 143
2255 144
2255 145
2255 146
2255 147
2255 148
2255 149
2255 180
2255 181
2255 182
2255 183
2255 184
2255 185
2255 186
2255 187
2255 188
2255 189
2256 142
2256 143
2256 144
2256 145
2256 146
2256 147
2256 148
2256 149
2256 150
2256 151
2256 182
2256 183
2256 184
2256 185
2256 186
2256 187
2256 188
2256 189
2256 190
2257 109
2257 110
2257 144
2257 145
2257 146
2257 147
2257 148
2257 149
2257 150
2257 151
2257 152
2257 153
2257 184
2257 185
2257 186
2257 187
2257 188
2257 189
2257 190
2257 191
2257 192
2258 110
2258 111
2258 112
2258 145
2258 146
2258 147
2258 148
2258 149
2258 150
2258 151
2258 152
2258 153
2258 154
2258 185
2258 186
2258 187
2258 188
2258 189
2258 190
2258 191
2258 192
2258 193
2258 194
2259 111
2259 112
2259 113
2259 114
2259 147
2259 148
2259 149
2259 150
2259 151
2259 152
2259 153
2259 154
2259 155
2259 156
2259 187
2259 188
2259 189
2259 190
2259 191
2259 192
2259 193
2259 194
2259 195
2260 112
2260 113
2260 114
2260 115
2260 116
2260 149
2260 150
2260 151
2260 152
2260 153
2260 154
2260 155
2260 156
2260 157
2260 158
2260 189
2260 190
2260 191
2260 192
2260 193
2260 194
2260 195
2260 196
2260 197
2261 114
2261 115
2261 116
2261 117
2261 118
2261 150
2261 151
2261 152
2261 153
2261 154
2261 155
2261 156
2261 157
2261 158
2261 159
2261 160
2261 191
2261 192
2261 193
2261 194
2261 195
2261 196
2261 197
2261 198
2262 115
2262 116
2262 117
2262 118
2262 119
2262 120
2262 152
2262 153
2262 154
2262 155
2262 156
2262 157
2262 158
2262 159
2262 160
2262 161
2262 193
2262 194
2262 195
2262 196
2262 197
2262 198
2262 199
2262 200
2263 117
2263 118
2263 119
2263 120
2263 121
2263 122
2263 154
2263 155
2263 156
2263 157
2263 158
2263 159
2263 160
2263 161
2263 162
2263 163
2263 194
2263 195
2263 196
2263 197
2263 198
2263 199
2263 200
2263 201
2263 202
2264 118
2264 119
2264 120
2264 121
2264 122
2264 123
2264 124
2264 156
2264 157
2264 158
2264 159
2264 160
2264 161
2264 162
2264 163
2264 164
2264 165
2264 196
2264 197
2264 198
2264 199
2264 200
2264 201
2264 202
2264 203
2265 119
2265 120
2265 121
2265 122
2265 123
2265 124
2265 125
2265 126
2265 157
2265 158
2265 159
2265 160
2265 161
2265 162
2265 163
2265 164
2265 165
2265 166
2265 167
2265 198
2265 199
2265 200
2265 201
2265 202
2265 203
2265 204
2265 205
2266 121
2266 122
2266 123
2266 124
2266 125
2266 126
2266 127
2266 159
2266 160
2266 161
2266 162
2266 163
2266 164
2266 165
2266 166
2266 167
2266 168
2266 200
2266 201
2266 202
2266 203
2266 204
2266 205
2266 206
2267 123
2267 124
2267 125
2267 126
2267 127
2267 128
2267 129
2267 161
2267 162
2267 163
2267 164
2267 165
2267 166
2267 167
2267 168
2267 169
2267 170
2267 202
2267 203
2267 204
2267 205
2267 206
2267 207
2267 208
2268 124
2268 125
2268 126
2268 127
2268 128
2268 129
2268 130
2268 131
2268 162
2268 163
2268 164
2268 165
2268 166
2268 167
2268 168
2268 169
2268 170
2268 171
2268 172
2268 204
2268 205
2268 206
2268 207
2268 208
2268 209
2268 210
2269 126
2269 127
2269 128
2269 129
2269 130
2269 131
2269 132
2269 133
2269 164
2269 165
2269 166
2269 167
2269 168
2269 169
2269 170
2269 171
2269 172
2269 173
2269 205
2269 206
2269 207
2269 208
2269 209
2269 210
2269 211
2270 127
2270 128
2270 129
2270 130
2270 131
2270 132
2270 133
2270 134
2270 135
2270 166
2270 167
2270 168
2270 169
2270 170
2270 171
2270 172
2270 173
2270 174
2270 175
2270 207
2270 208
2270 209
2270 210
2270 211
2270 212
2270 213
2271 129
2271 130
2271 131
2271 132
2271 133
2271 134
2271 135
2271 136
2271 137
2271 168
2271 169
2271 170
2271 171
2271 172
2271 173
2271 174
2271 175
2271 176
2271 177
2271 209
2271 210
2271 211
2271 212
2271 213
2271 214
2272 130
2272 131
2272 132
2272 133
2272 134
2272 135
2272 136
2272 137
2272 138
2272 169
2272 170
2272 171
2272 172
2272 173
2272 174
2272 175
2272 176
2272 177
2272 178
2272 211
2272 212
2272 213
2272 214
2272 215
2273 132
2273 133
2273 134
2273 135
2273 136
2273 137
2273 138
2273 139
2273 140
2273 171
2273 172
2273 173
2273 174
2273 175
2273 176
2273 177
2273 178
2273 179
2273 180
2273 213
2273 214
2273 215
2273 216
2273 217
2274 134
2274 135
2274 136
2274 137
2274 138
2274 139
2274 140
2274 141
2274 142
2274 173
2274 174
2274 175
2274 176
2274 177
2274 178
2274 179
2274 180
2274 181
2274 182
2274 215
2274 216
2274 217
2274 218
2275 135
2275 136
2275 137
2275 138
2275 139
2275 140
2275 141
2275 142
2275 143
2275 144
2275 175
2275 176
2275 177
2275 178
2275 179
2275 180
2275 181
2275 182
2275 183
2275 184
2275 217
2275 218
2275 219
2275 220
2276 137
2276 138
2276 139
2276 140
2276 141
2276 142
2276 143
2276 144
2276 145
2276 176
2276 177
2276 178
2276 179
2276 180
2276 181
2276 182
2276 183
2276 184
2276 185
2276 220
2276 221
2277 139
2277 140
2277 141
2277 142
2277 143
2277 144
2277 145
2277 146
2277 147
2277 178
2277 179
2277 180
2277 181
2277 182
2277 183
2277 184
2277 185
2277 186
2277 187
2278 140
2278 141
2278 142
2278 143
2278 144
2278 145
2278 146
2278 147
2278 148
2278 149
2278 180
2278 181
2278 182
2278 183
2278 184
2278 185
2278 186
2278 187
2278 188
2278 189
2279 142
2279 143
2279 144
2279 145
2279 146
2279 147
2279 148
2279 149
2279 150
2279 151
2279 182
2279 183
2279 184
2279 185
2279 186
2279 187
2279 188
2279 189
2279 190
2280 144
2280 145
2280 146
2280 147
2280 148
2280 149
2280 150
2280 151
2280 152
2280 153
2280 183
2280 184
2280 185
2280 186
2280 187
2280 188
2280 189
2280 190
2280 191
2280 192
2281 110
2281 111
2281 145
2281 146
2281 147
2281 148
2281 149
2281 150
2281 151
2281 152
2281 153
2281 154
2281 185
2281 186
2281 187
2281 188
2281 189
2281 190
2281 191
2281 192
2281 193
2282 111
2282 112
2282 113
2282 114
2282 147
2282 148
2282 149
2282 150
2282 151
2282 152
2282 153
2282 154
2282 155
2282 156
2282 187
2282 188
2282 189
2282 190
2282 191
2282 192
2282 193
2282 194
2282 195
2283 112
2283 113
2283 114
2283 115
2283 116
2283 149
2283 150
2283 151
2283 152
2283 153
2283 154
2283 155
2283 156
2283 157
2283 158
2283 189
2283 190
2283 191
2283 192
2283 193
2283 194
2283 195
2283 196
2283 197
2284 114
2284 115
2284 116
2284 117
2284 118
2284 150
2284 151
2284 152
2284 153
2284 154
2284 155
2284 156
2284 157
2284 158
2284 159
2284 160
2284 191
2284 192
2284 193
2284 194
2284 195
2284 196
2284 197
2284 198
2285 115
2285 116
2285 117
2285 118
2285 119
2285 120
2285 152
2285 153
2285 154
2285 155
2285 156
2285 157
2285 158
2285 159
2285 160
2285 161
2285 192
2285 193
2285 194
2285 195
2285 196
2285 197
2285 198
2285 199
2285 200
2286 116
2286 117
2286 118
2286 119
2286 120
2286 121
2286 122
2286 154
2286 155
2286 156
2286 157
2286 158
2286 159
2286 160
2286 161
2286 162
2286 163
2286 194
2286 195
2286 196
2286 197
2286 198
2286 199
2286 200
2286 201
2287 118
2287 119
2287 120
2287 121
2287 122
2287 123
2287 155
2287 156
2287 157
2287 158
2287 159
2287 160
2287 161
2287 162
2287 163
2287 164
2287 165
2287 196
2287 197
2287 198
2287 199
2287 200
2287 201
2287 202
2287 203
2288 119
2288 120
2288 121
2288 122
2288 123
2288 124
2288 125
2288 157
2288 158
2288 159
2288 160
2288 161
2288 162
2288 163
2288 164
2288 165
2288 166
2288 198
2288 199
2288 200
2288 201
2288 202
2288 203
2288 204
2288 205
2289 121
2289 122
2289 123
2289 124
2289 125
2289 126
2289 127
2289 159
2289 160
2289 161
2289 162
2289 163
2289 164
2289 165
2289 166
2289 167
2289 168
2289 200
2289 201
2289 202
2289 203
2289 204
2289 205
2289 206
2290 122
2290 123
2290 124
2290 125
2290 126
2290 127
2290 128
2290 129
2290 161
2290 162
2290 163
2290 164
2290 165
2290 166
2290 167
2290 168
2290 169
2290 170
2290 202
2290 203
2290 204
2290 205
2290 206
2290 207
2290 208
2291 124
2291 125
2291 126
2291 127
2291 128
2291 129
2291 130
2291 131
2291 162
2291 163
2291 164
2291 165
2291 166
2291 167
2291 168
2291 169
2291 170
2291 171
2291 172
2291 203
2291 204
2291 205
2291 206
2291 207
2291 208
2291 209
2292 125
2292 126
2292 127
2292 128
2292 129
2292 130
2292 131
2292 132
2292 133
2292 164
2292 165
2292 166
2292 167
2292 168
2292 169
2292 170
2292 171
2292 172
2292 173
2292 205
2292 206
2292 207
2292 208
2292 209
2292 210
2292 211
2293 127
2293 128
2293 129
2293 130
2293 131
2293 132
2293 133
2293 134
2293 135
2293 166
2293 167
2293 168
2293 169
2293 170
2293 171
2293 172
2293 173
2293 174
2293 175
2293 207
2293 208
2293 209
2293 210
2293 211
2293 212
2294 129
2294 130
2294 131
2294 132
2294 133
2294 134
2294 135
2294 136
2294 167
2294 168
2294 169
2294 170
2294 171
2294 172
2294 173
2294 174
2294 175
2294 176
2294 177
2294 209
2294 210
2294 211
2294 212
2294 213
2294 214
2295 130
2295 131
2295 132
2295 133
2295 134
2295 135
2295 136
2295 137
2295 138
2295 169
2295 170
2295 171
2295 172
2295 173
2295 174
2295 175
2295 176
2295 177
2295 178
2295 211
2295 212
2295 213
2295 214
2295 215
2296 132
2296 133
2296 134
2296 135
2296 136
2296 137
2296 138
2296 139
2296 140
2296 171
2296 172
2296 173
2296 174
2296 175
2296 176
2296 177
2296 178
2296 179
2296 180
2296 213
2296 214
2296 215
2296 216
2296 217
2297 133
2297 134
2297 135
2297 136
2297 137
2297 138
2297 139
2297 140
2297 141
2297 142
2297 173
2297 174
2297 175
2297 176
2297 177
2297 178
2297 179
2297 180
2297 181
2297 182
2297 215
2297 216
2297 217
2297 218
2298 135
2298 136
2298 137
2298 138
2298 139
2298 140
2298 141
2298 142
2298 143
2298 144
2298 174
2298 175
2298 176
2298 177
2298 178
2298 179
2298 180
2298 181
2298 182
2298 183
2298 217
2298 218
2298 219
2299 137
2299 138
2299 139
2299 140
2299 141
2299 142
2299 143
2299 144
2299 145
2299 176
2299 177
2299 178
2299 179
2299 180
2299 181
2299 182
2299 183
2299 184
2299 185
2300 138
2300 139
2300 140
2300 141
2300 142
2300 143
2300 144
2300 145
2300 146
2300 147
2300 178
2300 179
2300 180
2300 181
2300 182
2300 183
2300 184
2300 185
2300 186
2300 187
2301 140
2301 141
2301 142
2301 143
2301 144
2301 145
2301 146
2301 147
2301 148
2301 149
2301 180
2301 181
2301 182
2301 183
2301 184
2301 185
2301 186
2301 187
2301 188
2302 142
2302 143
2302 144
2302 145
2302 146
2302 147
2302 148
2302 149
2302 150
2302 151
2302 182
2302 183
2302 184
2302 185
2302 186
2302 187
2302 188
2302 189
2302 190
2303 143
2303 144
2303 145
2303 146
2303 147
2303 148
2303 149
2303 150
2303 151
2303 152
2303 183
2303 184
2303 185
2303 186
2303 187
2303 188
2303 189
2303 190
2303 191
2303 192
2304 110
2304 111
2304 145
2304 146
2304 147
2304 148
2304 149
2304 150
2304 151
2304 152
2304 153
2304 154
2304 185
2304 186
2304 187
2304 188
2304 189
2304 190
2304 191
2304 192
2304 193
2305 111
2305 112
2305 113
2305 147
2305 148
2305 149
2305 150
2305 151
2305 152
2305 153
2305 154
2305 155
2305 156
2305 187
2305 188
2305 189
2305 190
2305 191
2305 192
2305 193
2305 194
2305 195
2306 112
2306 113
2306 114
2306 115
2306 148
2306 149
2306 150
2306 151
2306 152
2306 153
2306 154
2306 155
2306 156
2306 157
2306 158
2306 189
2306 190
2306 191
2306 192
2306 193
2306 194
2306 195
2306 196
2306 197
2307 113
2307 114
2307 115
2307 116
2307 117
2307 150
2307 151
2307 152
2307 153
2307 154
2307 155
2307 156
2307 157
2307 158
2307 159
2307 191
2307 192
2307 193
2307 194
2307 195
2307 196
2307 197
2307 198
2308 115
2308 116
2308 117
2308 118
2308 119
2308 152
2308 153
2308 154
2308 155
2308 156
2308 157
2308 158
2308 159
2308 160
2308 161
2308 192
2308 193
2308 194
2308 195
2308 196
2308 197
2308 198
2308 199
2308 200
2309 116
2309 117
2309 118
2309 119
2309 120
2309 121
2309 154
2309 155
2309 156
2309 157
2309 158
2309 159
2309 160
2309 161
2309 162
2309 163
2309 194
2309 195
2309 196
2309 197
2309 198
2309 199
2309 200
2309 201
2310 118
2310 119
2310 120
2310 121
2310 122
2310 123
2310 155
2310 156
2310 157
2310 158
2310 159
2310 160
2310 161
2310 162
2310 163
2310 164
2310 165
2310 196
2310 197
2310 198
2310 199
2310 200
2310 201
2310 202
2310 203
2311 119
2311 120
2311 121
2311 122
2311 123
2311 124
2311 125
2311 157
2311 158
2311 159
2311 160
2311 161
2311 162
2311 163
2311 164
2311 165
2311 166
2311 198
2311 199
2311 200
2311 201
2311 202
2311 203
2311 204
2312 121
2312 122
2312 123
2312 124
2312 125
2312 126
2312 127
2312 159
2312 160
2312 161
2312 162
2312 163
2312 164
2312 165
2312 166
2312 167
2312 168
2312 200
2312 201
2312 202
2312 203
2312 204
2312 205
2312 206
2313 122
2313 123
2313 124
2313 125
2313 126
2313 127
2313 128
2313 129
2313 160
2313 161
2313 162
2313 163
2313 164
2313 165
2313 166
2313 167
2313 168
2313 169
2313 170
2313 202
2313 203
2313 204
2313 205
2313 206
2313 207
2313 208
2314 124
2314 125
2314 126
2314 127
2314 128
2314 129
2314 130
2314 131
2314 162
2314 163
2314 164
2314 165
2314 166
2314 167
2314 168
2314 169
2314 170
2314 171
2314 203
2314 204
2314 205
2314 206
2314 207
2314 208
2314 209
2315 125
2315 126
2315 127
2315 128
2315 129
2315 130
2315 131
2315 132
2315 164
2315 165
2315 166
2315 167
2315 168
2315 169
2315 170
2315 171
2315 172
2315 173
2315 205
2315 206
2315 207
2315 208
2315 209
2315 210
2315 211
2316 127
2316 128
2316 129
2316 130
2316 131
2316 132
2316 133
2316 134
2316 166
2316 167
2316 168
2316 169
2316 170
2316 171
2316 172
2316 173
2316 174
2316 175
2316 207
2316 208
2316 209
2316 210
2316 211
2316 212
2317 128
2317 129
2317 130
2317 131
2317 132
2317 133
2317 134
2317 135
2317 136
2317 167
2317 168
2317 169
2317 170
2317 171
2317 172
2317 173
2317 174
2317 175
2317 176
2317 209
2317 210
2317 211
2317 212
2317 213
2318 130
2318 131
2318 132
2318 133
2318 134
2318 135
2318 136
2318 137
2318 138
2318 169
2318 170
2318 171
2318 172
2318 173
2318 174
2318 175
2318 176
2318 177
2318 178
2318 211
2318 212
2318 213
2318 214
2318 215
2319 132
2319 133
2319 134
2319 135
2319 136
2319 137
2319 138
2319 139
2319 140
2319 171
2319 172
2319 173
2319 174
2319 175
2319 176
2319 177
2319 178
2319 179
2319 180
2319 213
2319 214
2319 215
2319 216
2320 133
2320 134
2320 135
2320 136
2320 137
2320 138
2320 139
2320 140
2320 141
2320 142
2320 173
2320 174
2320 175
2320 176
2320 177
2320 178
2320 179
2320 180
2320 181
2320 182
2320 215
2320 216
2320 217
2321 135
2321 136
2321 137
2321 138
2321 139
2321 140
2321 141
2321 142
2321 143
2321 174
2321 175
2321 176
2321 177
2321 178
2321 179
2321 180
2321 181
2321 182
2321 183
2321 218
2322 137
2322 138
2322 139
2322 140
2322 141
2322 142
2322 143
2322 144
2322 145
2322 176
2322 177
2322 178
2322 179
2322 180
2322 181
2322 182
2322 183
2322 184
2322 185
2323 138
2323 139
2323 140
2323 141
2323 142
2323 143
2323 144
2323 145
2323 146
2323 147
2323 178
2323 179
2323 180
2323 181
2323 182
2323 183
2323 184
2323 185
2323 186
2323 187
2324 140
2324 141
2324 142
2324 143
2324 144
2324 145
2324 146
2324 147
2324 148
2324 149
2324 180
2324 181
2324 182
2324 183
2324 184
2324 185
2324 186
2324 187
2324 188
2325 142
2325 143
2325 144
2325 145
2325 146
2325 147
2325 148
2325 149
2325 150
2325 181
2325 182
2325 183
2325 184
2325 185
2325 186
2325 187
2325 188
2325 189
2325 190
2326 143
2326 144
2326 145
2326 146
2326 147
2326 148
2326 149
2326 150
2326 151
2326 152
2326 183
2326 184
2326 185
2326 186
2326 187
2326 188
2326 189
2326 190
2326 191
2327 145
2327 146
2327 147
2327 148
2327 149
2327 150
2327 151
2327 152
2327 153
2327 154
2327 185
2327 186
2327 187
2327 188
2327 189
2327 190
2327 191
2327 192
2327 193
2328 111
2328 112
2328 147
2328 148
2328 149
2328 150
2328 151
2328 152
2328 153
2328 154
2328 155
2328 156
2328 187
2328 188
2328 189
2328 190
2328 191
2328 192
2328 193
2328 194
2328 195
2329 112
2329 113
2329 114
2329 115
2329 148
2329 149
2329 150
2329 151
2329 152
2329 153
2329 154
2329 155
2329 156
2329 157
2329 189
2329 190
2329 191
2329 192
2329 193
2329 194
2329 195
2329 196
2330 113
2330 114
2330 115
2330 116
2330 117
2330 150
2330 151
2330 152
2330 153
2330 154
2330 155
2330 156
2330 157
2330 158
2330 159
2330 190
2330 191
2330 192
2330 193
2330 194
2330 195
2330 196
2330 197
2330 198
2331 115
2331 116
2331 117
2331 118
2331 119
2331 152
2331 153
2331 154
2331 155
2331 156
2331 157
2331 158
2331 159
2331 160
2331 161
2331 192
2331 193
2331 194
2331 195
2331 196
2331 197
2331 198
2331 199
2331 200
2332 116
2332 117
2332 118
2332 119
2332 120
2332 121
2332 153
2332 154
2332 155
2332 156
2332 157
2332 158
2332 159
2332 160
2332 161
2332 162
2332 163
2332 194
2332 195
2332 196
2332 197
2332 198
2332 199
2332 200
2332 201
2333 118
2333 119
2333 120
2333 121
2333 122
2333 123
2333 155
2333 156
2333 157
2333 158
2333 159
2333 160
2333 161
2333 162
2333 163
2333 164
2333 196
2333 197
2333 198
2333 199
2333 200
2333 201
2333 202
2333 203
2334 119
2334 120
2334 121
2334 122
2334 123
2334 124
2334 125
2334 157
2334 158
2334 159
2334 160
2334 161
2334 162
2334 163
2334 164
2334 165
2334 166
2334 198
2334 199
2334 200
2334 201
2334 202
2334 203
2334 204
2335 121
2335 122
2335 123
2335 124
2335 125
2335 126
2335 127
2335 159
2335 160
2335 161
2335 162
2335 163
2335 164
2335 165
2335 166
2335 167
2335 168
2335 200
2335 201
2335 202
2335 203
2335 204
2335 205
2335 206
2336 122
2336 123
2336 124
2336 125
2336 126
2336 127
2336 128
2336 160
2336 161
2336 162
2336 163
2336 164
2336 165
2336 166
2336 167
2336 168
2336 169
2336 170
2336 202
2336 203
2336 204
2336 205
2336 206
2336 207
2337 124
2337 125
2337 126
2337 127
2337 128
2337 129
2337 130
2337 162
2337 163
2337 164
2337 165
2337 166
2337 167
2337 168
2337 169
2337 170
2337 171
2337 203
2337 204
2337 205
2337 206
2337 207
2337 208
2337 209
2338 125
2338 126
2338 127
2338 128
2338 129
2338 130
2338 131
2338 132
2338 164
2338 165
2338 166
2338 167
2338 168
2338 169
2338 170
2338 171
2338 172
2338 173
2338 205
2338 206
2338 207
2338 208
2338 209
2338 210
2339 127
2339 128
2339 129
2339 130
2339 131
2339 132
2339 133
2339 134
2339 165
2339 166
2339 167
2339 168
2339 169
2339 170
2339 171
2339 172
2339 173
2339 174
2339 175
2339 207
2339 208
2339 209
2339 210
2339 211
2339 212
2340 128
2340 129
2340 130
2340 131
2340 132
2340 133
2340 134
2340 135
2340 136
2340 167
2340 168
2340 169
2340 170
2340 171
2340 172
2340 173
2340 174
2340 175
2340 176
2340 209
2340 210
2340 211
2340 212
2340 213
2341 130
2341 131
2341 132
2341 133
2341 134
2341 135
2341 136
2341 137
2341 138
2341 169
2341 170
2341 171
2341 172
2341 173
2341 174
2341 175
2341 176
2341 177
2341 178
2341 211
2341 212
2341 213
2341 214
2342 132
2342 133
2342 134
2342 135
2342 136
2342 137
2342 138
2342 139
2342 171
2342 172
2342 173
2342 174
2342 175
2342 176
2342 177
2342 178
2342 179
2342 180
2342 213
2342 214
2342 215
2342 216
2343 133
2343 134
2343 135
2343 136
2343 137
2343 138
2343 139
2343 140
2343 141
2343 172
2343 173
2343 174
2343 175
2343 176
2343 177
2343 178
2343 179
2343 180
2343 181
2343 216
2343 217
2344 135
2344 136
2344 137
2344 138
2344 139
2344 140
2344 141
2344 142
2344 143
2344 174
2344 175
2344 176
2344 177
2344 178
2344 179
2344 180
2344 181
2344 182
2344 183
2345 136
2345 137
2345 138
2345 139
2345 140
2345 141
2345 142
2345 143
2345 144
2345 145
2345 176
2345 177
2345 178
2345 179
2345 180
2345 181
2345 182
2345 183
2345 184
2345 185
2346 138
2346 139
2346 140
2346 141
2346 142
2346 143
2346 144
2346 145
2346 146
2346 147
2346 178
2346 179
2346 180
2346 181
2346 182
2346 183
2346 184
2346 185
2346 186
2347 140
2347 141
2347 142
2347 143
2347 144
2347 145
2347 146
2347 147
2347 148
2347 180
2347 181
2347 182
2347 183
2347 184
2347 185
2347 186
2347 187
2347 188
2348 141
2348 142
2348 143
2348 144
2348 145
2348 146
2348 147
2348 148
2348 149
2348 150
2348 181
2348 182
2348 183
2348 184
2348 185
2348 186
2348 187
2348 188
2348 189
2348 190
2349 143
2349 144
2349 145
2349 146
2349 147
2349 148
2349 149
2349 150
2349 151
2349 152
2349 183
2349 184
2349 185
2349 186
2349 187
2349 188
2349 189
2349 190
2349 191
2350 145
2350 146
2350 147
2350 148
2350 149
2350 150
2350 151
2350 152
2350 153
2350 154
2350 185
2350 186
2350 187
2350 188
2350 189
2350 190
2350 191
2350 192
2350 193
2351 146
2351 147
2351 148
2351 149
2351 150
2351 151
2351 152
2351 153
2351 154
2351 155
2351 187
2351 188
2351 189
2351 190
2351 191
2351 192
2351 193
2351 194
2351 195
2352 113
2352 114
2352 148
2352 149
2352 150
2352 151
2352 152
2352 153
2352 154
2352 155
2352 156
2352 157
2352 189
2352 190
2352 191
2352 192
2352 193
2352 194
2352 195
2352 196
2353 114
2353 115
2353 116
2353 150
2353 151
2353 152
2353 153
2353 154
2353 155
2353 156
2353 157
2353 158
2353 159
2353 190
2353 191
2353 192
2353 193
2353 194
2353 195
2353 196
2353 197
2353 198
2354 115
2354 116
2354 117
2354 118
2354 152
2354 153
2354 154
2354 155
2354 156
2354 157
2354 158
2354 159
2354 160
2354 161
2354 192
2354 193
2354 194
2354 195
2354 196
2354 197
2354 198
2354 199
2355 116
2355 117
2355 118
2355 119
2355 120
2355 153
2355 154
2355 155
2355 156
2355 157
2355 158
2355 159
2355 160
2355 161
2355 162
2355 194
2355 195
2355 196
2355 197
2355 198
2355 199
2355 200
2355 201
2356 118
2356 119
2356 120
2356 121
2356 122
2356 155
2356 156
2356 157
2356 158
2356 159
2356 160
2356 161
2356 162
2356 163
2356 164
2356 196
2356 197
2356 198
2356 199
2356 200
2356 201
2356 202
2357 119
2357 120
2357 121
2357 122
2357 123
2357 124
2357 157
2357 158
2357 159
2357 160
2357 161
2357 162
2357 163
2357 164
2357 165
2357 166
2357 198
2357 199
2357 200
2357 201
2357 202
2357 203
2357 204
2358 120
2358 121
2358 122
2358 123
2358 124
2358 125
2358 126
2358 158
2358 159
2358 160
2358 161
2358 162
2358 163
2358 164
2358 165
2358 166
2358 167
2358 168
2358 200
2358 201
2358 202
2358 203
2358 204
2358 205
2359 122
2359 123
2359 124
2359 125
2359 126
2359 127
2359 128
2359 160
2359 161
2359 162
2359 163
2359 164
2359 165
2359 166
2359 167
2359 168
2359 169
2359 202
2359 203
2359 204
2359 205
2359 206
2359 207
2360 124
2360 125
2360 126
2360 127
2360 128
2360 129
2360 130
2360 162
2360 163
2360 164
2360 165
2360 166
2360 167
2360 168
2360 169
2360 170
2360 171
2360 203
2360 204
2360 205
2360 206
2360 207
2360 208
2361 125
2361 126
2361 127
2361 128
2361 129
2361 130
2361 131
2361 132
2361 164
2361 165
2361 166
2361 167
2361 168
2361 169
2361 170
2361 171
2361 172
2361 173
2361 205
2361 206
2361 207
2361 208
2361 209
2361 210
2362 127
2362 128
2362 129
2362 130
2362 131
2362 132
2362 133
2362 134
2362 165
2362 166
2362 167
2362 168
2362 169
2362 170
2362 171
2362 172
2362 173
2362 174
2362 207
2362 208
2362 209
2362 210
2362 211
2363 128
2363 129
2363 130
2363 131
2363 132
2363 133
2363 134
2363 135
2363 136
2363 167
2363 168
2363 169
2363 170
2363 171
2363 172
2363 173
2363 174
2363 175
2363 176
2363 209
2363 210
2363 211
2363 212
2363 213
2364 130
2364 131
2364 132
2364 133
2364 134
2364 135
2364 136
2364 137
2364 169
2364 170
2364 171
2364 172
2364 173
2364 174
2364 175
2364 176
2364 177
2364 178
2364 212
2364 213
2364 214
2365 131
2365 132
2365 133
2365 134
2365 135
2365 136
2365 137
2365 138
2365 139
2365 171
2365 172
2365 173
2365 174
2365 175
2365 176
2365 177
2365 178
2365 179
2365 180
2365 214
2365 215
2366 133
2366 134
2366 135
2366 136
2366 137
2366 138
2366 139
2366 140
2366 141
2366 172
2366 173
2366 174
2366 175
2366 176
2366 177
2366 178
2366 179
2366 180
2366 181
2367 135
2367 136
2367 137
2367 138
2367 139
2367 140
2367 141
2367 142
2367 143
2367 174
2367 175
2367 176
2367 177
2367 178
2367 179
2367 180
2367 181
2367 182
2367 183
2368 136
2368 137
2368 138
2368 139
2368 140
2368 141
2368 142
2368 143
2368 144
2368 145
2368 176
2368 177
2368 178
2368 179
2368 180
2368 181
2368 182
2368 183
2368 184
2368 185
2369 138
2369 139
2369 140
2369 141
2369 142
2369 143
2369 144
2369 145
2369 146
2369 178
2369 179
2369 180
2369 181
2369 182
2369 183
2369 184
2369 185
2369 186
2370 140
2370 141
2370 142
2370 143
2370 144
2370 145
2370 146
2370 147
2370 148
2370 180
2370 181
2370 182
2370 183
2370 184
2370 185
2370 186
2370 187
2370 188
2371 141
2371 142
2371 143
2371 144
2371 145
2371 146
2371 147
2371 148
2371 149
2371 150
2371 181
2371 182
2371 183
2371 184
2371 185
2371 186
2371 187
2371 188
2371 189
2372 143
2372 144
2372 145
2372 146
2372 147
2372 148
2372 149
2372 150
2372 151
2372 152
2372 183
2372 184
2372 185
2372 186
2372 187
2372 188
2372 189
2372 190
2372 191
2373 145
2373 146
2373 147
2373 148
2373 149
2373 150
2373 151
2373 152
2373 153
2373 154
2373 185
2373 186
2373 187
2373 188
2373 189
2373 190
2373 191
2373 192
2373 193
2374 146
2374 147
2374 148
2374 149
2374 150
2374 151
2374 152
2374 153
2374 154
2374 155
2374 187
2374 188
2374 189
2374 190
2374 191
2374 192
2374 193
2374 194
2375 148
2375 149
2375 150
2375 151
2375 152
2375 153
2375 154
2375 155
2375 156
2375 157
2375 189
2375 190
2375 191
2375 192
2375 193
2375 194
2375 195
2375 196
2376 114
2376 115
2376 150
2376 151
2376 152
2376 153
2376 154
2376 155
2376 156
2376 157
2376 158
2376 159
2376 190
2376 191
2376 192
2376 193
2376 194
2376 195
2376 196
2376 197
2377 115
2377 116
2377 117
2377 118
2377 151
2377 152
2377 153
2377 154
2377 155
2377 156
2377 157
2377 158
2377 159
2377 160
2377 161
2377 192
2377 193
2377 194
2377 195
2377 196
2377 197
2377 198
2377 199
2378 116
2378 117
2378 118
2378 119
2378 120
2378 153
2378 154
2378 155
2378 156
2378 157
2378 158
2378 159
2378 160
2378 161
2378 162
2378 194
2378 195
2378 196
2378 197
2378 198
2378 199
2378 200
2378 201
2379 118
2379 119
2379 120
2379 121
2379 122
2379 155
2379 156
2379 157
2379 158
2379 159
2379 160
2379 161
2379 162
2379 163
2379 164
2379 196
2379 197
2379 198
2379 199
2379 200
2379 201
2379 202
2380 119
2380 120
2380 121
2380 122
2380 123
2380 124
2380 157
2380 158
2380 159
2380 160
2380 161
2380 162
2380 163
2380 164
2380 165
2380 166
2380 198
2380 199
2380 200
2380 201
2380 202
2380 203
2380 204
2381 121
2381 122
2381 123
2381 124
2381 125
2381 126
2381 158
2381 159
2381 160
2381 161
2381 162
2381 163
2381 164
2381 165
2381 166
2381 167
2381 200
2381 201
2381 202
2381 203
2381 204
2381 205
2382 122
2382 123
2382 124
2382 125
2382 126
2382 127
2382 128
2382 160
2382 161
2382 162
2382 163
2382 164
2382 165
2382 166
2382 167
2382 168
2382 169
2382 202
2382 203
2382 204
2382 205
2382 206
2382 207
2383 124
2383 125
2383 126
2383 127
2383 128
2383 129
2383 130
2383 162
2383 163
2383 164
2383 165
2383 166
2383 167
2383 168
2383 169
2383 170
2383 171
2383 204
2383 205
2383 206
2383 207
2383 208
2384 125
2384 126
2384 127
2384 128
2384 129
2384 130
2384 131
2384 132
2384 164
2384 165
2384 166
2384 167
2384 168
2384 169
2384 170
2384 171
2384 172
2384 173
2384 206
2384 207
2384 208
2384 209
2384 210
2385 127
2385 128
2385 129
2385 130
2385 131
2385 132
2385 133
2385 165
2385 166
2385 167
2385 168
2385 169
2385 170
2385 171
2385 172
2385 173
2385 174
2385 208
2385 209
2385 210
2385 211
2386 128
2386 129
2386 130
2386 131
2386 132
2386 133
2386 134
2386 135
2386 167
2386 168
2386 169
2386 170
2386 171
2386 172
2386 173
2386 174
2386 175
2386 176
2386 210
2386 211
2386 212
2387 130
2387 131
2387 132
2387 133
2387 134
2387 135
2387 136
2387 137
2387 169
2387 170
2387 171
2387 172
2387 173
2387 174
2387 175
2387 176
2387 177
2387 178
2387 212
2387 213
2388 131
2388 132
2388 133
2388 134
2388 135
2388 136
2388 137
2388 138
2388 139
2388 171
2388 172
2388 173
2388 174
2388 175
2388 176
2388 177
2388 178
2388 179
2389 133
2389 134
2389 135
2389 136
2389 137
2389 138
2389 139
2389 140
2389 141
2389 172
2389 173
2389 174
2389 175
2389 176
2389 177
2389 178
2389 179
2389 180
2389 181
2390 135
2390 136
2390 137
2390 138
2390 139
2390 140
2390 141
2390 142
2390 143
2390 174
2390 175
2390 176
2390 177
2390 178
2390 179
2390 180
2390 181
2390 182
2390 183
2391 136
2391 137
2391 138
2391 139
2391 140
2391 141
2391 142
2391 143
2391 144
2391 176
2391 177
2391 178
2391 179
2391 180
2391 181
2391 182
2391 183
2391 184
2392 138
2392 139
2392 140
2392 141
2392 142
2392 143
2392 144
2392 145
2392 146
2392 178
2392 179
2392 180
2392 181
2392 182
2392 183
2392 184
2392 185
2392 186
2393 140
2393 141
2393 142
2393 143
2393 144
2393 145
2393 146
2393 147
2393 148
2393 179
2393 180
2393 181
2393 182
2393 183
2393 184
2393 185
2393 186
2393 187
2393 188
2394 141
2394 142
2394 143
2394 144
2394 145
2394 146
2394 147
2394 148
2394 149
2394 150
2394 181
2394 182
2394 183
2394 184
2394 185
2394 186
2394 187
2394 188
2394 189
2395 143
2395 144
2395 145
2395 146
2395 147
2395 148
2395 149
2395 150
2395 151
2395 152
2395 183
2395 184
2395 185
2395 186
2395 187
2395 188
2395 189
2395 190
2395 191
2396 145
2396 146
2396 147
2396 148
2396 149
2396 150
2396 151
2396 152
2396 153
2396 185
2396 186
2396 187
2396 188
2396 189
2396 190
2396 191
2396 192
2397 146
2397 147
2397 148
2397 149
2397 150
2397 151
2397 152
2397 153
2397 154
2397 155
2397 187
2397 188
2397 189
2397 190
2397 191
2397 192
2397 193
2397 194
2398 148
2398 149
2398 150
2398 151
2398 152
2398 153
2398 154
2398 155
2398 156
2398 157
2398 189
2398 190
2398 191
2398 192
2398 193
2398 194
2398 195
2398 196
2399 150
2399 151
2399 152
2399 153
2399 154
2399 155
2399 156
2399 157
2399 158
2399 159
2399 190
2399 191
2399 192
2399 193
2399 194
2399 195
2399 196
2399 197
2400 116
2400 117
2400 151
2400 152
2400 153
2400 154
2400 155
2400 156
2400 157
2400 158
2400 159
2400 160
2400 192
2400 193
2400 194
2400 195
2400 196
2400 197
2400 198
2400 199
2401 117
2401 118
2401 119
2401 153
2401 154
2401 155
2401 156
2401 157
2401 158
2401 159
2401 160
2401 161
2401 162
2401 194
2401 195
2401 196
2401 197
2401 198
2401 199
2401 200
2402 118
2402 119
2402 120
2402 121
2402 155
2402 156
2402 157
2402 158
2402 159
2402 160
2402 161
2402 162
2402 163
2402 164
2402 196
2402 197
2402 198
2402 199
2402 200
2402 201
2402 202
2403 119
2403 120
2403 121
2403 122
2403 123
2403 157
2403 158
2403 159
2403 160
2403 161
2403 162
2403 163
2403 164
2403 165
2403 166
2403 198
2403 199
2403 200
2403 201
2403 202
2403 203
2404 121
2404 122
2404 123
2404 124
2404 125
2404 158
2404 159
2404 160
2404 161
2404 162
2404 163
2404 164
2404 165
2404 166
2404 167
2404 200
2404 201
2404 202
2404 203
2404 204
2404 205
2405 122
2405 123
2405 124
2405 125
2405 126
2405 127
2405 160
2405 161
2405 162
2405 163
2405 164
2405 165
2405 166
2405 167
2405 168
2405 169
2405 202
2405 203
2405 204
2405 205
2405 206
2406 124
2406 125
2406 126
2406 127
2406 128
2406 129
2406 162
2406 163
2406 164
2406 165
2406 166
2406 167
2406 168
2406 169
2406 170
2406 171
2406 204
2406 205
2406 206
2406 207
2406 208
2407 125
2407 126
2407 127
2407 128
2407 129
2407 130
2407 131
2407 164
2407 165
2407 166
2407 167
2407 168
2407 169
2407 170
2407 171
2407 172
2407 206
2407 207
2407 208
2407 209
2408 127
2408 128
2408 129
2408 130
2408 131
2408 132
2408 133
2408 165
2408 166
2408 167
2408 168
2408 169
2408 170
2408 171
2408 172
2408 173
2408 174
2408 208
2408 209
2408 210
2409 128
2409 129
2409 130
2409 131
2409 132
2409 133
2409 134
2409 135
2409 167
2409 168
2409 169
2409 170
2409 171
2409 172
2409 173
2409 174
2409 175
2409 176
2409 210
2409 211
2409 212
2410 130
2410 131
2410 132
2410 133
2410 134
2410 135
2410 136
2410 137
2410 169
2410 170
2410 171
2410 172
2410 173
2410 174
2410 175
2410 176
2410 177
2411 131
2411 132
2411 133
2411 134
2411 135
2411 136
2411 137
2411 138
2411 139
2411 171
2411 172
2411 173
2411 174
2411 175
2411 176
2411 177
2411 178
2411 179
2412 133
2412 134
2412 135
2412 136
2412 137
2412 138
2412 139
2412 140
2412 172
2412 173
2412 174
2412 175
2412 176
2412 177
2412 178
2412 179
2412 180
2412 181
2413 135
2413 136
2413 137
2413 138
2413 139
2413 140
2413 141
2413 142
2413 174
2413 175
2413 176
2413 177
2413 178
2413 179
2413 180
2413 181
2413 182
2414 136
2414 137
2414 138
2414 139
2414 140
2414 141
2414 142
2414 143
2414 144
2414 176
2414 177
2414 178
2414 179
2414 180
2414 181
2414 182
2414 183
2414 184
2415 138
2415 139
2415 140
2415 141
2415 142
2415 143
2415 144
2415 145
2415 146
2415 178
2415 179
2415 180
2415 181
2415 182
2415 183
2415 184
2415 185
2415 186
2416 140
2416 141
2416 142
2416 143
2416 144
2416 145
2416 146
2416 147
2416 148
2416 179
2416 180
2416 181
2416 182
2416 183
2416 184
2416 185
2416 186
2416 187
2417 141
2417 142
2417 143
2417 144
2417 145
2417 146
2417 147
2417 148
2417 149
2417 150
2417 181
2417 182
2417 183
2417 184
2417 185
2417 186
2417 187
2417 188
2417 189
2418 143
2418 144
2418 145
2418 146
2418 147
2418 148
2418 149
2418 150
2418 151
2418 183
2418 184
2418 185
2418 186
2418 187
2418 188
2418 189
2418 190
2418 191
2419 145
2419 146
2419 147
2419 148
2419 149
2419 150
2419 151
2419 152
2419 153
2419 185
2419 186
2419 187
2419 188
2419 189
2419 190
2419 191
2419 192
2420 146
2420 147
2420 148
2420 149
2420 150
2420 151
2420 152
2420 153
2420 154
2420 155
2420 187
2420 188
2420 189
2420 190
2420 191
2420 192
2420 193
2420 194
2421 148
2421 149
2421 150
2421 151
2421 152
2421 153
2421 154
2421 155
2421 156
2421 157
2421 189
2421 190
2421 191
2421 192
2421 193
2421 194
2421 195
2422 150
2422 151
2422 152
2422 153
2422 154
2422 155
2422 156
2422 157
2422 158
2422 190
2422 191
2422 192
2422 193
2422 194
2422 195
2422 196
2422 197
2423 151
2423 152
2423 153
2423 154
2423 155
2423 156
2423 157
2423 158
2423 159
2423 160
2423 192
2423 193
2423 194
2423 195
2423 196
2423 197
2423 198
2424 117
2424 118
2424 153
2424 154
2424 155
2424 156
2424 157
2424 158
2424 159
2424 160
2424 161
2424 162
2424 194
2424 195
2424 196
2424 197
2424 198
2424 199
2424 200
2425 118
2425 119
2425 120
2425 121
2425 155
2425 156
2425 157
2425 158
2425 159
2425 160
2425 161
2425 162
2425 163
2425 164
2425 196
2425 197
2425 198
2425 199
2425 200
2425 201
2425 202
2426 120
2426 121
2426 122
2426 123
2426 157
2426 158
2426 159
2426 160
2426 161
2426 162
2426 163
2426 164
2426 165
2426 198
2426 199
2426 200
2426 201
2426 202
2426 203
2427 121
2427 122
2427 123
2427 124
2427 125
2427 158
2427 159
2427 160
2427 161
2427 162
2427 163
2427 164
2427 165
2427 166
2427 167
2427 200
2427 201
2427 202
2427 203
2427 204
2428 122
2428 123
2428 124
2428 125
2428 126
2428 127
2428 160
2428 161
2428 162
2428 163
2428 164
2428 165
2428 166
2428 167
2428 168
2428 169
2428 202
2428 203
2428 204
2428 205
2428 206
2429 124
2429 125
2429 126
2429 127
2429 128
2429 129
2429 162
2429 163
2429 164
2429 165
2429 166
2429 167
2429 168
2429 169
2429 170
2429 204
2429 205
2429 206
2429 207
2430 125
2430 126
2430 127
2430 128
2430 129
2430 130
2430 131
2430 164
2430 165
2430 166
2430 167
2430 168
2430 169
2430 170
2430 171
2430 172
2430 206
2430 207
2430 208
2430 209
2431 127
2431 128
2431 129
2431 130
2431 131
2431 132
2431 133
2431 165
2431 166
2431 167
2431 168
2431 169
2431 170
2431 171
2431 172
2431 173
2431 174
2431 208
2431 209
2431 210
2432 128
2432 129
2432 130
2432 131
2432 132
2432 133
2432 134
2432 135
2432 167
2432 168
2432 169
2432 170
2432 171
2432 172
2432 173
2432 174
2432 175
2432 176
2433 130
2433 131
2433 132
2433 133
2433 134
2433 135
2433 136
2433 169
2433 170
2433 171
2433 172
2433 173
2433 174
2433 175
2433 176
2433 177
2434 131
2434 132
2434 133
2434 134
2434 135
2434 136
2434 137
2434 138
2434 171
2434 172
2434 173
2434 174
2434 175
2434 176
2434 177
2434 178
2434 179
2435 133
2435 134
2435 135
2435 136
2435 137
2435 138
2435 139
2435 140
2435 172
2435 173
2435 174
2435 175
2435 176
2435 177
2435 178
2435 179
2435 180
2435 181
2436 135
2436 136
2436 137
2436 138
2436 139
2436 140
2436 141
2436 142
2436 174
2436 175
2436 176
2436 177
2436 178
2436 179
2436 180
2436 181
2436 182
2437 136
2437 137
2437 138
2437 139
2437 140
2437 141
2437 142
2437 143
2437 144
2437 176
2437 177
2437 178
2437 179
2437 180
2437 181
2437 182
2437 183
2437 184
2438 138
2438 139
2438 140
2438 141
2438 142
2438 143
2438 144
2438 145
2438 146
2438 178
2438 179
2438 180
2438 181
2438 182
2438 183
2438 184
2438 185
2439 140
2439 141
2439 142
2439 143
2439 144
2439 145
2439 146
2439 147
2439 180
2439 181
2439 182
2439 183
2439 184
2439 185
2439 186
2439 187
2440 141
2440 142
2440 143
2440 144
2440 145
2440 146
2440 147
2440 148
2440 149
2440 181
2440 182
2440 183
2440 184
2440 185
2440 186
2440 187
2440 188
2440 189
2441 143
2441 144
2441 145
2441 146
2441 147
2441 148
2441 149
2441 150
2441 151
2441 183
2441 184
2441 185
2441 186
2441 187
2441 188
2441 189
2441 190
2442 145
2442 146
2442 147
2442 148
2442 149
2442 150
2442 151
2442 152
2442 153
2442 185
2442 186
2442 187
2442 188
2442 189
2442 190
2442 191
2442 192
2443 146
2443 147
2443 148
2443 149
2443 150
2443 151
2443 152
2443 153
2443 154
2443 155
2443 187
2443 188
2443 189
2443 190
2443 191
2443 192
2443 193
2443 194
2444 148
2444 149
2444 150
2444 151
2444 152
2444 153
2444 154
2444 155
2444 156
2444 189
2444 190
2444 191
2444 192
2444 193
2444 194
2444 195
2445 150
2445 151
2445 152
2445 153
2445 154
2445 155
2445 156
2445 157
2445 158
2445 190
2445 191
2445 192
2445 193
2445 194
2445 195
2445 196
2445 197
2446 151
2446 152
2446 153
2446 154
2446 155
2446 156
2446 157
2446 158
2446 159
2446 160
2446 192
2446 193
2446 194
2446 195
2446 196
2446 197
2446 198
2447 153
2447 154
2447 155
2447 156
2447 157
2447 158
2447 159
2447 160
2447 161
2447 162
2447 194
2447 195
2447 196
2447 197
2447 198
2447 199
2447 200
2448 155
2448 156
2448 157
2448 158
2448 159
2448 160
2448 161
2448 162
2448 163
2448 196
2448 197
2448 198
2448 199
2448 200
2448 201
2449 120
2449 121
2449 122
2449 157
2449 158
2449 159
2449 160
2449 161
2449 162
2449 163
2449 164
2449 165
2449 198
2449 199
2449 200
2449 201
2449 202
2449 203
2450 121
2450 122
2450 123
2450 124
2450 158
2450 159
2450 160
2450 161
2450 162
2450 163
2450 164
2450 165
2450 166
2450 167
2450 200
2450 201
2450 202
2450 203
2450 204
2451 123
2451 124
2451 125
2451 126
2451 160
2451 161
2451 162
2451 163
2451 164
2451 165
2451 166
2451 167
2451 168
2451 202
2451 203
2451 204
2451 205
2452 124
2452 125
2452 126
2452 127
2452 128
2452 162
2452 163
2452 164
2452 165
2452 166
2452 167
2452 168
2452 169
2452 170
2452 204
2452 205
2452 206
2452 207
2453 125
2453 126
2453 127
2453 128
2453 129
2453 130
2453 164
2453 165
2453 166
2453 167
2453 168
2453 169
2453 170
2453 171
2453 172
2453 206
2453 207
2453 208
2454 127
2454 128
2454 129
2454 130
2454 131
2454 132
2454 165
2454 166
2454 167
2454 168
2454 169
2454 170
2454 171
2454 172
2454 173
2454 174
2455 128
2455 129
2455 130
2455 131
2455 132
2455 133
2455 134
2455 167
2455 168
2455 169
2455 170
2455 171
2455 172
2455 173
2455 174
2455 175
2456 130
2456 131
2456 132
2456 133
2456 134
2456 135
2456 136
2456 169
2456 170
2456 171
2456 172
2456 173
2456 174
2456 175
2456 176
2456 177
2457 132
2457 133
2457 134
2457 135
2457 136
2457 137
2457 138
2457 171
2457 172
2457 173
2457 174
2457 175
2457 176
2457 177
2457 178
2457 179
2458 133
2458 134
2458 135
2458 136
2458 137
2458 138
2458 139
2458 140
2458 172
2458 173
2458 174
2458 175
2458 176
2458 177
2458 178
2458 179
2458 180
2459 135
2459 136
2459 137
2459 138
2459 139
2459 140
2459 141
2459 142
2459 174
2459 175
2459 176
2459 177
2459 178
2459 179
2459 180
2459 181
2459 182
2460 136
2460 137
2460 138
2460 139
2460 140
2460 141
2460 142
2460 143
2460 144
2460 176
2460 177
2460 178
2460 179
2460 180
2460 181
2460 182
2460 183
2460 184
2461 138
2461 139
2461 140
2461 141
2461 142
2461 143
2461 144
2461 145
2461 178
2461 179
2461 180
2461 181
2461 182
2461 183
2461 184
2461 185
2462 140
2462 141
2462 142
2462 143
2462 144
2462 145
2462 146
2462 147
2462 180
2462 181
2462 182
2462 183
2462 184
2462 185
2462 186
2462 187
2463 141
2463 142
2463 143
2463 144
2463 145
2463 146
2463 147
2463 148
2463 149
2463 181
2463 182
2463 183
2463 184
2463 185
2463 186
2463 187
2463 188
2464 143
2464 144
2464 145
2464 146
2464 147
2464 148
2464 149
2464 150
2464 151
2464 183
2464 184
2464 185
2464 186
2464 187
2464 188
2464 189
2464 190
2465 145
2465 146
2465 147
2465 148
2465 149
2465 150
2465 151
2465 152
2465 153
2465 185
2465 186
2465 187
2465 188
2465 189
2465 190
2465 191
2465 192
2466 146
2466 147
2466 148
2466 149
2466 150
2466 151
2466 152
2466 153
2466 154
2466 187
2466 188
2466 189
2466 190
2466 191
2466 192
2466 193
2467 148
2467 149
2467 150
2467 151
2467 152
2467 153
2467 154
2467 155
2467 156
2467 189
2467 190
2467 191
2467 192
2467 193
2467 194
2467 195
2468 150
2468 151
2468 152
2468 153
2468 154
2468 155
2468 156
2468 157
2468 158
2468 191
2468 192
2468 193
2468 194
2468 195
2468 196
2469 152
2469 153
2469 154
2469 155
2469 156
2469 157
2469 158
2469 159
2469 160
2469 193
2469 194
2469 195
2469 196
2469 197
2469 198
2470 153
2470 154
2470 155
2470 156
2470 157
2470 158
2470 159
2470 160
2470 161
2470 194
2470 195
2470 196
2470 197
2470 198
2470 199
2471 155
2471 156
2471 157
2471 158
2471 159
2471 160
2471 161
2471 162
2471 163
2471 196
2471 197
2471 198
2471 199
2471 200
2471 201
2472 157
2472 158
2472 159
2472 160
2472 161
2472 162
2472 163
2472 164
2472 165
2472 198
2472 199
2472 200
2472 201
2472 202
2473 122
2473 123
2473 158
2473 159
2473 160
2473 161
2473 162
2473 163
2473 164
2473 165
2473 166
2473 167
2473 200
2473 201
2473 202
2473 203
2473 204
2474 123
2474 124
2474 125
2474 160
2474 161
2474 162
2474 163
2474 164
2474 165
2474 166
2474 167
2474 168
2474 202
2474 203
2474 204
2474 205
2475 124
2475 125
2475 126
2475 127
2475 128
2475 162
2475 163
2475 164
2475 165
2475 166
2475 167
2475 168
2475 169
2475 170
2475 205
2475 206
2476 126
2476 127
2476 128
2476 129
2476 130
2476 164
2476 165
2476 166
2476 167
2476 168
2476 169
2476 170
2476 171
2476 172
2477 127
2477 128
2477 129
2477 130
2477 131
2477 132
2477 165
2477 166
2477 167
2477 168
2477 169
2477 170
2477 171
2477 172
2477 173
2478 129
2478 130
2478 131
2478 132
2478 133
2478 134
2478 167
2478 168
2478 169
2478 170
2478 171
2478 172
2478 173
2478 174
2478 175
2479 130
2479 131
2479 132
2479 133
2479 134
2479 135
2479 136
2479 169
2479 170
2479 171
2479 172
2479 173
2479 174
2479 175
2479 176
2479 177
2480 132
2480 133
2480 134
2480 135
2480 136
2480 137
2480 138
2480 171
2480 172
2480 173
2480 174
2480 175
2480 176
2480 177
2480 178
2481 133
2481 134
2481 135
2481 136
2481 137
2481 138
2481 139
2481 173
2481 174
2481 175
2481 176
2481 177
2481 178
2481 179
2481 180
2482 135
2482 136
2482 137
2482 138
2482 139
2482 140
2482 141
2482 174
2482 175
2482 176
2482 177
2482 178
2482 179
2482 180
2482 181
2482 182
2483 137
2483 138
2483 139
2483 140
2483 141
2483 142
2483 143
2483 176
2483 177
2483 178
2483 179
2483 180
2483 181
2483 182
2483 183
2484 138
2484 139
2484 140
2484 141
2484 142
2484 143
2484 144
2484 145
2484 178
2484 179
2484 180
2484 181
2484 182
2484 183
2484 184
2484 185
2485 140
2485 141
2485 142
2485 143
2485 144
2485 145
2485 146
2485 147
2485 180
2485 181
2485 182
2485 183
2485 184
2485 185
2485 186
2485 187
2486 142
2486 143
2486 144
2486 145
2486 146
2486 147
2486 148
2486 149
2486 182
2486 183
2486 184
2486 185
2486 186
2486 187
2486 188
2487 143
2487 144
2487 145
2487 146
2487 147
2487 148
2487 149
2487 150
2487 183
2487 184
2487 185
2487 186
2487 187
2487 188
2487 189
2487 190
2488 145
2488 146
2488 147
2488 148
2488 149
2488 150
2488 151
2488 152
2488 185
2488 186
2488 187
2488 188
2488 189
2488 190
2488 191
2489 147
2489 148
2489 149
2489 150
2489 151
2489 152
2489 153
2489 154
2489 187
2489 188
2489 189
2489 190
2489 191
2489 192
2489 193
2490 148
2490 149
2490 150
2490 151
2490 152
2490 153
2490 154
2490 155
2490 156
2490 189
2490 190
2490 191
2490 192
2490 193
2490 194
2491 150
2491 151
2491 152
2491 153
2491 154
2491 155
2491 156
2491 157
2491 158
2491 191
2491 192
2491 193
2491 194
2491 195
2491 196
2492 152
2492 153
2492 154
2492 155
2492 156
2492 157
2492 158
2492 159
2492 193
2492 194
2492 195
2492 196
2492 197
2493 153
2493 154
2493 155
2493 156
2493 157
2493 158
2493 159
2493 160
2493 161
2493 195
2493 196
2493 197
2493 198
2493 199
2494 155
2494 156
2494 157
2494 158
2494 159
2494 160
2494 161
2494 162
2494 163
2494 197
2494 198
2494 199
2494 200
2495 157
2495 158
2495 159
2495 160
2495 161
2495 162
2495 163
2495 164
2495 165
2495 199
2495 200
2495 201
2495 202
2496 159
2496 160
2496 161
2496 162
2496 163
2496 164
2496 165
2496 166
2496 201
2496 202
2496 203
2497 160
2497 161
2497 162
2497 163
2497 164
2497 165
2497 166
2497 167
2497 168
2497 203
2497 204
2498 126
2498 162
2498 163
2498 164
2498 165
2498 166
2498 167
2498 168
2498 169
2498 170
2499 127
2499 128
2499 129
2499 164
2499 165
2499 166
2499 167
2499 168
2499 169
2499 170
2499 171
2500 128
2500 129
2500 130
2500 131
2500 166
2500 167
2500 168
2500 169
2500 170
2500 171
2500 172
2500 173
2501 129
2501 130
2501 131
2501 132
2501 133
2501 167
2501 168
2501 169
2501 170
2501 171
2501 172
2501 173
2501 174
2501 175
2502 131
2502 132
2502 133
2502 134
2502 135
2502 169
2502 170
2502 171
2502 172
2502 173
2502 174
2502 175
2502 176
2503 132
2503 133
2503 134
2503 135
2503 136
2503 137
2503 171
2503 172
2503 173
2503 174
2503 175
2503 176
2503 177
2503 178
2504 134
2504 135
2504 136
2504 137
2504 138
2504 139
2504 173
2504 174
2504 175
2504 176
2504 177
2504 178
2504 179
2504 180
2505 135
2505 136
2505 137
2505 138
2505 139
2505 140
2505 141
2505 174
2505 175
2505 176
2505 177
2505 178
2505 179
2505 180
2505 181
2506 137
2506 138
2506 139
2506 140
2506 141
2506 142
2506 143
2506 176
2506 177
2506 178
2506 179
2506 180
2506 181
2506 182
2506 183
2507 139
2507 140
2507 141
2507 142
2507 143
2507 144
2507 145
2507 178
2507 179
2507 180
2507 181
2507 182
2507 183
2507 184
2507 185
2508 140
2508 141
2508 142
2508 143
2508 144
2508 145
2508 146
2508 180
2508 181
2508 182
2508 183
2508 184
2508 185
2508 186
2509 142
2509 143
2509 144
2509 145
2509 146
2509 147
2509 148
2509 182
2509 183
2509 184
2509 185
2509 186
2509 187
2509 188
2510 143
2510 144
2510 145
2510 146
2510 147
2510 148
2510 149
2510 150
2510 184
2510 185
2510 186
2510 187
2510 188
2510 189
2511 145
2511 146
2511 147
2511 148
2511 149
2511 150
2511 151
2511 152
2511 185
2511 186
2511 187
2511 188
2511 189
2511 190
2511 191
2512 147
2512 148
2512 149
2512 150
2512 151
2512 152
2512 153
2512 154
2512 187
2512 188
2512 189
2512 190
2512 191
2512 192
2513 148
2513 149
2513 150
2513 151
2513 152
2513 153
2513 154
2513 155
2513 189
2513 190
2513 191
2513 192
2513 193
2513 194
2514 150
2514 151
2514 152
2514 153
2514 154
2514 155
2514 156
2514 157
2514 191
2514 192
2514 193
2514 194
2514 195
2515 152
2515 153
2515 154
2515 155
2515 156
2515 157
2515 158
2515 159
2515 193
2515 194
2515 195
2515 196
2515 197
2516 154
2516 155
2516 156
2516 157
2516 158
2516 159
2516 160
2516 161
2516 195
2516 196
2516 197
2516 198
2517 155
2517 156
2517 157
2517 158
2517 159
2517 160
2517 161
2517 162
2517 197
2517 198
2517 199
2517 200
2518 157
2518 158
2518 159
2518 160
2518 161
2518 162
2518 163
2518 164
2518 199
2518 200
2518 201
2519 159
2519 160
2519 161
2519 162
2519 163
2519 164
2519 165
2519 166
2520 160
2520 161
2520 162
2520 163
2520 164
2520 165
2520 166
2520 167
2520 168
2521 162
2521 163
2521 164
2521 165
2521 166
2521 167
2521 168
2521 169
2522 164
2522 165
2522 166
2522 167
2522 168
2522 169
2522 170
2522 171
2523 129
2523 130
2523 166
2523 167
2523 168
2523 169
2523 170
2523 171
2523 172
2523 173
2524 130
2524 131
2524 132
2524 168
2524 169
2524 170
2524 171
2524 172
2524 173
2524 174
2525 131
2525 132
2525 133
2525 134
2525 169
2525 170
2525 171
2525 172
2525 173
2525 174
2525 175
2525 176
2526 133
2526 134
2526 135
2526 136
2526 171
2526 172
2526 173
2526 174
2526 175
2526 176
2526 177
2526 178
2527 134
2527 135
2527 136
2527 137
2527 138
2527 173
2527 174
2527 175
2527 176
2527 177
2527 178
2527 179
2528 136
2528 137
2528 138
2528 139
2528 140
2528 175
2528 176
2528 177
2528 178
2528 179
2528 180
2528 181
2529 137
2529 138
2529 139
2529 140
2529 141
2529 142
2529 177
2529 178
2529 179
2529 180
2529 181
2529 182
2529 183
2530 139
2530 140
2530 141
2530 142
2530 143
2530 144
2530 178
2530 179
2530 180
2530 181
2530 182
2530 183
2530 184
2531 141
2531 142
2531 143
2531 144
2531 145
2531 146
2531 180
2531 181
2531 182
2531 183
2531 184
2531 185
2531 186
2532 142
2532 143
2532 144
2532 145
2532 146
2532 147
2532 148
2532 182
2532 183
2532 184
2532 185
2532 186
2532 187
2533 144
2533 145
2533 146
2533 147
2533 148
2533 149
2533 150
2533 184
2533 185
2533 186
2533 187
2533 188
2533 189
2534 145
2534 146
2534 147
2534 148
2534 149
2534 150
2534 151
2534 186
2534 187
2534 188
2534 189
2534 190
2535 147
2535 148
2535 149
2535 150
2535 151
2535 152
2535 153
2535 188
2535 189
2535 190
2535 191
2535 192
2536 149
2536 150
2536 151
2536 152
2536 153
2536 154
2536 155
2536 190
2536 191
2536 192
2536 193
2537 150
2537 151
2537 152
2537 153
2537 154
2537 155
2537 156
2537 157
2537 192
2537 193
2537 194
2537 195
2538 152
2538 153
2538 154
2538 155
2538 156
2538 157
2538 158
2538 159
2538 194
2538 195
2538 196
2539 154
2539 155
2539 156
2539 157
2539 158
2539 159
2539 160
2539 196
2539 197
2540 156
2540 157
2540 158
2540 159
2540 160
2540 161
2540 162
2540 198
2541 157
2541 158
2541 159
2541 160
2541 161
2541 162
2541 163
2541 164
2542 159
2542 160
2542 161
2542 162
2542 163
2542 164
2542 165
2542 166
2543 161
2543 162
2543 163
2543 164
2543 165
2543 166
2543 167
2544 163
2544 164
2544 165
2544 166
2544 167
2544 168
2544 169
2545 164
2545 165
2545 166
2545 167
2545 168
2545 169
2545 170
2545 171
2546 166
2546 167
2546 168
2546 169
2546 170
2546 171
2546 172
2547 168
2547 169
2547 170
2547 171
2547 172
2547 173
2547 174
2548 170
2548 171
2548 172
2548 173
2548 174
2548 175
2548 176
2549 134
2549 135
2549 171
2549 172
2549 173
2549 174
2549 175
2549 176
2549 177
2550 135
2550 136
2550 137
2550 138
2550 173
2550 174
2550 175
2550 176
2550 177
2550 178
2550 179
2551 137
2551 138
2551 139
2551 140
2551 175
2551 176
2551 177
2551 178
2551 179
2551 180
2551 181
2552 138
2552 139
2552 140
2552 141
2552 142
2552 177
2552 178
2552 179
2552 180
2552 181
2552 182
2553 140
2553 141
2553 142
2553 143
2553 144
2553 179
2553 180
2553 181
2553 182
2553 183
2553 184
2554 141
2554 142
2554 143
2554 144
2554 145
2554 181
2554 182
2554 183
2554 184
2554 185
2555 143
2555 144
2555 145
2555 146
2555 147
2555 182
2555 183
2555 184
2555 185
2555 186
2555 187
2556 144
2556 145
2556 146
2556 147
2556 148
2556 149
2556 184
2556 185
2556 186
2556 187
2556 188
2557 146
2557 147
2557 148
2557 149
2557 150
2557 151
2557 186
2557 187
2557 188
2557 189
2557 190
2558 148
2558 149
2558 150
2558 151
2558 152
2558 153
2558 188
2558 189
2558 190
2558 191
2559 149
2559 150
2559 151
2559 152
2559 153
2559 154
2559 155
2559 190
2559 191
2559 192
2559 193
2560 151
2560 152
2560 153
2560 154
2560 155
2560 156
2560 192
2560 193
2560 194
2561 153
2561 154
2561 155
2561 156
2561 157
2561 158
2561 195
2562 154
2562 155
2562 156
2562 157
2562 158
2562 159
2562 160
2563 156
2563 157
2563 158
2563 159
2563 160
2563 161
2563 162
2564 158
2564 159
2564 160
2564 161
2564 162
2564 163
2565 159
2565 160
2565 161
2565 162
2565 163
2565 164
2565 165
2566 161
2566 162
2566 163
2566 164
2566 165
2566 166
2566 167
2567 163
2567 164
2567 165
2567 166
2567 167
2567 168
2567 169
2568 165
2568 166
2568 167
2568 168
2568 169
2568 170
2569 166
2569 167
2569 168
2569 169
2569 170
2569 171
2569 172
2570 168
2570 169
2570 170
2570 171
2570 172
2570 173
2570 174
2571 170
2571 171
2571 172
2571 173
2571 174
2571 175
2572 172
2572 173
2572 174
2572 175
2572 176
2572 177
2573 174
2573 175
2573 176
2573 177
2573 178
2574 175
2574 176
2574 177
2574 178
2574 179
2574 180
2575 139
2575 140
2575 177
2575 178
2575 179
2575 180
2575 181
2575 182
2576 141
2576 142
2576 143
2576 179
2576 180
2576 181
2576 182
2576 183
2577 142
2577 143
2577 144
2577 145
2577 181
2577 182
2577 183
2577 184
2577 185
2578 143
2578 144
2578 145
2578 146
2578 147
2578 183
2578 184
2578 185
2578 186
2579 145
2579 146
2579 147
2579 148
2579 149
2579 185
2579 186
2579 187
2579 188
2580 147
2580 148
2580 149
2580 150
2580 187
2580 188
2580 189
2581 148
2581 149
2581 150
2581 151
2581 152
2581 189
2581 190
2582 150
2582 151
2582 152
2582 153
2582 154
2583 151
2583 152
2583 153
2583 154
2583 155
2583 156
2584 153
2584 154
2584 155
2584 156
2584 157
2584 158
2585 155
2585 156
2585 157
2585 158
2585 159
2586 157
2586 158
2586 159
2586 160
2586 161
2587 158
2587 159
2587 160
2587 161
2587 162
2587 163
2588 160
2588 161
2588 162
2588 163
2588 164
2588 165
2589 162
2589 163
2589 164
2589 165
2589 166
2590 163
2590 164
2590 165
2590 166
2590 167
2590 168
2591 165
2591 166
2591 167
2591 168
2591 169
2591 170
2592 167
2592 168
2592 169
2592 170
2592 171
2593 169
2593 170
2593 171
2593 172
2593 173
2594 171
2594 172
2594 173
2594 174
2594 175
2595 172
2595 173
2595 174
2595 175
2595 176
2596 174
2596 175
2596 176
2596 177
2596 178
2597 176
2597 177
2597 178
2597 179
2598 178
2598 179
2598 180
2598 181
2599 180
2599 181
2599 182
2600 182
2600 183
2600 184
2601 145
2601 184
2601 185
2602 146
2602 147
2603 148
2603 149
2604 149
2604 150
2604 151
2605 151
2605 152
2605 153
2606 152
2606 153
2606 154
2606 155
2607 154
2607 155
2607 156
2607 157
2608 156
2608 157
2608 158
2608 159
2609 157
2609 158
2609 159
2609 160
2609 161
2610 159
2610 160
2610 161
2610 162
2611 161
2611 162
2611 163
2611 164
2612 163
2612 164
2612 165
2612 166
2613 164
2613 165
2613 166
2613 167
2614 166
2614 167
2614 168
2614 169
2615 168
2615 169
2615 170
2615 171
2616 170
2616 171
2616 172
2617 171
2617 172
2617 173
2617 174
2618 173
2618 174
2618 175
2619 175
2619 176
2619 177
2620 177
2620 178
2632 159
2633 161
2634 162
2634 163
2635 164
2636 166
