46 536
46 537
46 538
46 539
46 540
46 541
54 520
54 521
54 522
54 523
54 524
54 525
54 526
55 539
55 540
55 541
55 542
55 543
55 544
55 545
55 546
55 547
63 522
63 523
63 524
63 525
63 526
63 527
63 528
63 529
63 530
63 531
63 532
63 533
64 543
64 544
64 545
64 546
64 547
64 548
64 549
64 550
64 551
64 552
71 510
71 511
71 512
71 513
71 514
71 515
72 525
72 526
72 527
72 528
72 529
72 530
72 531
72 532
72 533
72 534
72 535
72 536
72 537
72 538
72 539
72 540
73 548
73 549
73 550
73 551
73 552
73 553
73 554
73 555
73 556
73 557
80 511
80 512
80 513
80 514
80 515
80 516
80 517
80 518
80 519
80 520
80 521
80 522
80 523
81 529
81 530
81 531
81 532
81 533
81 534
81 535
81 536
81 537
81 538
81 539
81 540
81 541
81 542
81 543
81 544
81 545
82 553
82 554
82 555
82 556
82 557
82 558
82 559
82 560
82 561
89 514
89 515
89 516
89 517
89 518
89 519
89 520
89 521
89 522
89 523
89 524
89 525
89 526
89 527
89 528
89 529
89 530
90 533
90 534
90 535
90 536
90 537
90 538
90 539
90 540
90 541
90 542
90 543
90 544
90 545
90 546
90 547
90 548
90 549
90 550
90 551
91 559
91 560
91 561
91 562
91 563
91 564
91 565
97 502
97 503
97 504
97 505
97 506
97 507
97 508
97 509
97 510
97 511
98 517
98 518
98 519
98 520
98 521
98 522
98 523
98 524
98 525
98 526
98 527
98 528
98 529
98 530
98 531
98 532
98 533
98 534
98 535
98 536
99 538
99 539
99 540
99 541
99 542
99 543
99 544
99 545
99 546
99 547
99 548
99 549
99 550
99 551
99 552
99 553
99 554
99 555
99 556
106 504
106 505
106 506
106 507
106 508
106 509
106 510
106 511
106 512
106 513
106 514
106 515
106 516
106 517
106 518
106 519
107 521
107 522
107 523
107 524
107 525
107 526
107 527
107 528
107 529
107 530
107 531
107 532
107 533
107 534
107 535
107 536
107 537
107 538
107 539
107 540
107 541
107 542
108 543
108 544
108 545
108 546
108 547
108 548
108 549
108 550
108 551
108 552
108 553
108 554
108 555
108 556
108 557
108 558
108 559
108 560
115 507
115 508
115 509
115 510
115 511
115 512
115 513
115 514
115 515
115 516
115 517
115 518
115 519
115 520
115 521
115 522
115 523
115 524
115 525
116 525
116 526
116 527
116 528
116 529
116 530
116 531
116 532
116 533
116 534
116 535
116 536
116 537
116 538
116 539
116 540
116 541
116 542
116 543
116 544
116 545
116 546
116 547
117 548
117 549
117 550
117 551
117 552
117 553
117 554
117 555
117 556
117 557
117 558
117 559
117 560
117 561
117 562
117 563
117 564
123 496
123 497
123 498
123 499
123 500
123 501
123 502
123 503
123 504
123 505
124 510
124 511
124 512
124 513
124 514
124 515
124 516
124 517
124 518
124 519
124 520
124 521
124 522
124 523
124 524
124 525
124 526
124 527
124 528
124 529
124 530
124 531
125 530
125 531
125 532
125 533
125 534
125 535
125 536
125 537
125 538
125 539
125 540
125 541
125 542
125 543
125 544
125 545
125 546
125 547
125 548
125 549
125 550
125 551
125 552
126 553
126 554
126 555
126 556
126 557
126 558
126 559
126 560
126 561
126 562
126 563
126 564
126 565
126 566
126 567
126 568
132 498
132 499
132 500
132 501
132 502
132 503
132 504
132 505
132 506
132 507
132 508
132 509
132 510
132 511
132 512
132 513
133 514
133 515
133 516
133 517
133 518
133 519
133 520
133 521
133 522
133 523
133 524
133 525
133 526
133 527
133 528
133 529
133 530
133 531
133 532
133 533
133 534
133 535
133 536
133 537
134 535
134 536
134 537
134 538
134 539
134 540
134 541
134 542
134 543
134 544
134 545
134 546
134 547
134 548
134 549
134 550
134 551
134 552
134 553
134 554
134 555
134 556
134 557
135 559
135 560
135 561
135 562
135 563
135 564
135 565
135 566
135 567
135 568
135 569
135 570
135 571
135 572
141 500
141 501
141 502
141 503
141 504
141 505
141 506
141 507
141 508
141 509
141 510
141 511
141 512
141 513
141 514
141 515
141 516
141 517
141 518
141 519
141 520
142 518
142 519
142 520
142 521
142 522
142 523
142 524
142 525
142 526
142 527
142 528
142 529
142 530
142 531
142 532
142 533
142 534
142 535
142 536
142 537
142 538
142 539
142 540
142 541
142 542
143 540
143 541
143 542
143 543
143 544
143 545
143 546
143 547
143 548
143 549
143 550
143 551
143 552
143 553
143 554
143 555
143 556
143 557
143 558
143 559
143 560
143 561
144 566
144 567
144 568
144 569
144 570
144 571
144 572
144 573
144 574
149 493
149 494
149 495
149 496
150 504
150 505
150 506
150 507
150 508
150 509
150 510
150 511
150 512
150 513
150 514
150 515
150 516
150 517
150 518
150 519
150 520
150 521
150 522
150 523
150 524
150 525
150 526
151 523
151 524
151 525
151 526
151 527
151 528
151 529
151 530
151 531
151 532
151 533
151 534
151 535
151 536
151 537
151 538
151 539
151 540
151 541
151 542
151 543
151 544
151 545
151 546
151 547
151 548
152 545
152 546
152 547
152 548
152 549
152 550
152 551
152 552
152 553
152 554
152 555
152 556
152 557
152 558
152 559
152 560
152 561
152 562
152 563
152 564
152 565
152 566
158 493
158 494
158 495
158 496
158 497
158 498
158 499
158 500
158 501
158 502
158 503
158 504
158 505
158 506
159 508
159 509
159 510
159 511
159 512
159 513
159 514
159 515
159 516
159 517
159 518
159 519
159 520
159 521
159 522
159 523
159 524
159 525
159 526
159 527
159 528
159 529
159 530
159 531
159 532
160 527
160 528
160 529
160 530
160 531
160 532
160 533
160 534
160 535
160 536
160 537
160 538
160 539
160 540
160 541
160 542
160 543
160 544
160 545
160 546
160 547
160 548
160 549
160 550
160 551
160 552
161 550
161 551
161 552
161 553
161 554
161 555
161 556
161 557
161 558
161 559
161 560
161 561
161 562
161 563
161 564
161 565
161 566
161 567
161 568
161 569
161 570
167 495
167 496
167 497
167 498
167 499
167 500
167 501
167 502
167 503
167 504
167 505
167 506
167 507
167 508
167 509
167 510
167 511
167 512
167 513
168 512
168 513
168 514
168 515
168 516
168 517
168 518
168 519
168 520
168 521
168 522
168 523
168 524
168 525
168 526
168 527
168 528
168 529
168 530
168 531
168 532
168 533
168 534
168 535
168 536
168 537
169 532
169 533
169 534
169 535
169 536
169 537
169 538
169 539
169 540
169 541
169 542
169 543
169 544
169 545
169 546
169 547
169 548
169 549
169 550
169 551
169 552
169 553
169 554
169 555
169 556
169 557
170 556
170 557
170 558
170 559
170 560
170 561
170 562
170 563
170 564
170 565
170 566
170 567
170 568
170 569
170 570
170 571
170 572
170 573
176 498
176 499
176 500
176 501
176 502
176 503
176 504
176 505
176 506
176 507
176 508
176 509
176 510
176 511
176 512
176 513
176 514
176 515
176 516
176 517
176 518
176 519
176 520
177 516
177 517
177 518
177 519
177 520
177 521
177 522
177 523
177 524
177 525
177 526
177 527
177 528
177 529
177 530
177 531
177 532
177 533
177 534
177 535
177 536
177 537
177 538
177 539
177 540
177 541
177 542
177 543
178 537
178 538
178 539
178 540
178 541
178 542
178 543
178 544
178 545
178 546
178 547
178 548
178 549
178 550
178 551
178 552
178 553
178 554
178 555
178 556
178 557
178 558
178 559
178 560
178 561
178 562
179 0
179 562
179 563
179 564
179 565
179 566
179 567
179 568
179 569
179 570
179 571
179 572
179 573
179 574
179 575
184 489
184 490
184 491
184 492
184 493
184 494
184 495
184 496
184 497
185 502
185 503
185 504
185 505
185 506
185 507
185 508
185 509
185 510
185 511
185 512
185 513
185 514
185 515
185 516
185 517
185 518
185 519
185 520
185 521
185 522
185 523
185 524
185 525
185 526
186 521
186 522
186 523
186 524
186 525
186 526
186 527
186 528
186 529
186 530
186 531
186 532
186 533
186 534
186 535
186 536
186 537
186 538
186 539
186 540
186 541
186 542
186 543
186 544
186 545
186 546
186 547
186 548
187 542
187 543
187 544
187 545
187 546
187 547
187 548
187 549
187 550
187 551
187 552
187 553
187 554
187 555
187 556
187 557
187 558
187 559
187 560
187 561
187 562
187 563
187 564
187 565
187 566
188 0
188 1
188 2
188 3
188 568
188 569
188 570
188 571
188 572
188 573
188 574
188 575
193 490
193 491
193 492
193 493
193 494
193 495
193 496
193 497
193 498
193 499
193 500
193 501
193 502
193 503
193 504
193 505
193 506
194 506
194 507
194 508
194 509
194 510
194 511
194 512
194 513
194 514
194 515
194 516
194 517
194 518
194 519
194 520
194 521
194 522
194 523
194 524
194 525
194 526
194 527
194 528
194 529
194 530
194 531
194 532
195 525
195 526
195 527
195 528
195 529
195 530
195 531
195 532
195 533
195 534
195 535
195 536
195 537
195 538
195 539
195 540
195 541
195 542
195 543
195 544
195 545
195 546
195 547
195 548
195 549
195 550
195 551
195 552
196 548
196 549
196 550
196 551
196 552
196 553
196 554
196 555
196 556
196 557
196 558
196 559
196 560
196 561
196 562
196 563
196 564
196 565
196 566
196 567
196 568
196 569
196 570
202 493
202 494
202 495
202 496
202 497
202 498
202 499
202 500
202 501
202 502
202 503
202 504
202 505
202 506
202 507
202 508
202 509
202 510
202 511
202 512
202 513
203 510
203 511
203 512
203 513
203 514
203 515
203 516
203 517
203 518
203 519
203 520
203 521
203 522
203 523
203 524
203 525
203 526
203 527
203 528
203 529
203 530
203 531
203 532
203 533
203 534
203 535
203 536
203 537
204 530
204 531
204 532
204 533
204 534
204 535
204 536
204 537
204 538
204 539
204 540
204 541
204 542
204 543
204 544
204 545
204 546
204 547
204 548
204 549
204 550
204 551
204 552
204 553
204 554
204 555
204 556
204 557
205 553
205 554
205 555
205 556
205 557
205 558
205 559
205 560
205 561
205 562
205 563
205 564
205 565
205 566
205 567
205 568
205 569
205 570
205 571
205 572
205 573
211 496
211 497
211 498
211 499
211 500
211 501
211 502
211 503
211 504
211 505
211 506
211 507
211 508
211 509
211 510
211 511
211 512
211 513
211 514
211 515
211 516
211 517
211 518
211 519
212 514
212 515
212 516
212 517
212 518
212 519
212 520
212 521
212 522
212 523
212 524
212 525
212 526
212 527
212 528
212 529
212 530
212 531
212 532
212 533
212 534
212 535
212 536
212 537
212 538
212 539
212 540
212 541
212 542
213 535
213 536
213 537
213 538
213 539
213 540
213 541
213 542
213 543
213 544
213 545
213 546
213 547
213 548
213 549
213 550
213 551
213 552
213 553
213 554
213 555
213 556
213 557
213 558
213 559
213 560
213 561
214 0
214 1
214 559
214 560
214 561
214 562
214 563
214 564
214 565
214 566
214 567
214 568
214 569
214 570
214 571
214 572
214 573
214 574
214 575
219 488
219 489
219 490
219 491
219 492
219 493
219 494
219 495
219 496
220 500
220 501
220 502
220 503
220 504
220 505
220 506
220 507
220 508
220 509
220 510
220 511
220 512
220 513
220 514
220 515
220 516
220 517
220 518
220 519
220 520
220 521
220 522
220 523
220 524
220 525
221 519
221 520
221 521
221 522
221 523
221 524
221 525
221 526
221 527
221 528
221 529
221 530
221 531
221 532
221 533
221 534
221 535
221 536
221 537
221 538
221 539
221 540
221 541
221 542
221 543
221 544
221 545
221 546
221 547
222 540
222 541
222 542
222 543
222 544
222 545
222 546
222 547
222 548
222 549
222 550
222 551
222 552
222 553
222 554
222 555
222 556
222 557
222 558
222 559
222 560
222 561
222 562
222 563
222 564
222 565
223 0
223 1
223 2
223 3
223 565
223 566
223 567
223 568
223 569
223 570
223 571
223 572
223 573
223 574
223 575
228 489
228 490
228 491
228 492
228 493
228 494
228 495
228 496
228 497
228 498
228 499
228 500
228 501
228 502
228 503
228 504
228 505
229 504
229 505
229 506
229 507
229 508
229 509
229 510
229 511
229 512
229 513
229 514
229 515
229 516
229 517
229 518
229 519
229 520
229 521
229 522
229 523
229 524
229 525
229 526
229 527
229 528
229 529
229 530
229 531
230 524
230 525
230 526
230 527
230 528
230 529
230 530
230 531
230 532
230 533
230 534
230 535
230 536
230 537
230 538
230 539
230 540
230 541
230 542
230 543
230 544
230 545
230 546
230 547
230 548
230 549
230 550
230 551
230 552
231 546
231 547
231 548
231 549
231 550
231 551
231 552
231 553
231 554
231 555
231 556
231 557
231 558
231 559
231 560
231 561
231 562
231 563
231 564
231 565
231 566
231 567
231 568
231 569
232 0
232 1
232 2
232 3
232 4
232 5
232 572
232 573
232 574
232 575
237 492
237 493
237 494
237 495
237 496
237 497
237 498
237 499
237 500
237 501
237 502
237 503
237 504
237 505
237 506
237 507
237 508
237 509
237 510
237 511
237 512
238 509
238 510
238 511
238 512
238 513
238 514
238 515
238 516
238 517
238 518
238 519
238 520
238 521
238 522
238 523
238 524
238 525
238 526
238 527
238 528
238 529
238 530
238 531
238 532
238 533
238 534
238 535
238 536
239 529
239 530
239 531
239 532
239 533
239 534
239 535
239 536
239 537
239 538
239 539
239 540
239 541
239 542
239 543
239 544
239 545
239 546
239 547
239 548
239 549
239 550
239 551
239 552
239 553
239 554
239 555
239 556
240 551
240 552
240 553
240 554
240 555
240 556
240 557
240 558
240 559
240 560
240 561
240 562
240 563
240 564
240 565
240 566
240 567
240 568
240 569
240 570
240 571
240 572
240 573
246 495
246 496
246 497
246 498
246 499
246 500
246 501
246 502
246 503
246 504
246 505
246 506
246 507
246 508
246 509
246 510
246 511
246 512
246 513
246 514
246 515
246 516
246 517
246 518
247 513
247 514
247 515
247 516
247 517
247 518
247 519
247 520
247 521
247 522
247 523
247 524
247 525
247 526
247 527
247 528
247 529
247 530
247 531
247 532
247 533
247 534
247 535
247 536
247 537
247 538
247 539
247 540
247 541
248 534
248 535
248 536
248 537
248 538
248 539
248 540
248 541
248 542
248 543
248 544
248 545
248 546
248 547
248 548
248 549
248 550
248 551
248 552
248 553
248 554
248 555
248 556
248 557
248 558
248 559
248 560
248 561
249 0
249 557
249 558
249 559
249 560
249 561
249 562
249 563
249 564
249 565
249 566
249 567
249 568
249 569
249 570
249 571
249 572
249 573
249 574
249 575
254 489
254 490
254 491
254 492
254 493
255 499
255 500
255 501
255 502
255 503
255 504
255 505
255 506
255 507
255 508
255 509
255 510
255 511
255 512
255 513
255 514
255 515
255 516
255 517
255 518
255 519
255 520
255 521
255 522
255 523
255 524
256 518
256 519
256 520
256 521
256 522
256 523
256 524
256 525
256 526
256 527
256 528
256 529
256 530
256 531
256 532
256 533
256 534
256 535
256 536
256 537
256 538
256 539
256 540
256 541
256 542
256 543
256 544
256 545
256 546
257 539
257 540
257 541
257 542
257 543
257 544
257 545
257 546
257 547
257 548
257 549
257 550
257 551
257 552
257 553
257 554
257 555
257 556
257 557
257 558
257 559
257 560
257 561
257 562
257 563
257 564
257 565
258 0
258 1
258 2
258 3
258 563
258 564
258 565
258 566
258 567
258 568
258 569
258 570
258 571
258 572
258 573
258 574
258 575
263 489
263 490
263 491
263 492
263 493
263 494
263 495
263 496
263 497
263 498
263 499
263 500
263 501
263 502
263 503
264 503
264 504
264 505
264 506
264 507
264 508
264 509
264 510
264 511
264 512
264 513
264 514
264 515
264 516
264 517
264 518
264 519
264 520
264 521
264 522
264 523
264 524
264 525
264 526
264 527
264 528
264 529
264 530
265 523
265 524
265 525
265 526
265 527
265 528
265 529
265 530
265 531
265 532
265 533
265 534
265 535
265 536
265 537
265 538
265 539
265 540
265 541
265 542
265 543
265 544
265 545
265 546
265 547
265 548
265 549
265 550
265 551
266 544
266 545
266 546
266 547
266 548
266 549
266 550
266 551
266 552
266 553
266 554
266 555
266 556
266 557
266 558
266 559
266 560
266 561
266 562
266 563
266 564
266 565
266 566
266 567
266 568
266 569
267 0
267 1
267 2
267 3
267 4
267 5
267 570
267 571
267 572
267 573
267 574
267 575
272 492
272 493
272 494
272 495
272 496
272 497
272 498
272 499
272 500
272 501
272 502
272 503
272 504
272 505
272 506
272 507
272 508
272 509
272 510
273 508
273 509
273 510
273 511
273 512
273 513
273 514
273 515
273 516
273 517
273 518
273 519
273 520
273 521
273 522
273 523
273 524
273 525
273 526
273 527
273 528
273 529
273 530
273 531
273 532
273 533
273 534
273 535
274 528
274 529
274 530
274 531
274 532
274 533
274 534
274 535
274 536
274 537
274 538
274 539
274 540
274 541
274 542
274 543
274 544
274 545
274 546
274 547
274 548
274 549
274 550
274 551
274 552
274 553
274 554
274 555
275 550
275 551
275 552
275 553
275 554
275 555
275 556
275 557
275 558
275 559
275 560
275 561
275 562
275 563
275 564
275 565
275 566
275 567
275 568
275 569
275 570
275 571
275 572
276 3
276 4
276 5
281 495
281 496
281 497
281 498
281 499
281 500
281 501
281 502
281 503
281 504
281 505
281 506
281 507
281 508
281 509
281 510
281 511
281 512
281 513
281 514
281 515
281 516
281 517
282 512
282 513
282 514
282 515
282 516
282 517
282 518
282 519
282 520
282 521
282 522
282 523
282 524
282 525
282 526
282 527
282 528
282 529
282 530
282 531
282 532
282 533
282 534
282 535
282 536
282 537
282 538
282 539
282 540
283 533
283 534
283 535
283 536
283 537
283 538
283 539
283 540
283 541
283 542
283 543
283 544
283 545
283 546
283 547
283 548
283 549
283 550
283 551
283 552
283 553
283 554
283 555
283 556
283 557
283 558
283 559
283 560
284 556
284 557
284 558
284 559
284 560
284 561
284 562
284 563
284 564
284 565
284 566
284 567
284 568
284 569
284 570
284 571
284 572
284 573
284 574
284 575
290 499
290 500
290 501
290 502
290 503
290 504
290 505
290 506
290 507
290 508
290 509
290 510
290 511
290 512
290 513
290 514
290 515
290 516
290 517
290 518
290 519
290 520
290 521
290 522
290 523
291 517
291 518
291 519
291 520
291 521
291 522
291 523
291 524
291 525
291 526
291 527
291 528
291 529
291 530
291 531
291 532
291 533
291 534
291 535
291 536
291 537
291 538
291 539
291 540
291 541
291 542
291 543
291 544
291 545
292 538
292 539
292 540
292 541
292 542
292 543
292 544
292 545
292 546
292 547
292 548
292 549
292 550
292 551
292 552
292 553
292 554
292 555
292 556
292 557
292 558
292 559
292 560
292 561
292 562
292 563
292 564
293 0
293 1
293 2
293 562
293 563
293 564
293 565
293 566
293 567
293 568
293 569
293 570
293 571
293 572
293 573
293 574
293 575
298 490
298 491
298 492
298 493
298 494
298 495
298 496
298 497
298 498
298 499
298 500
299 503
299 504
299 505
299 506
299 507
299 508
299 509
299 510
299 511
299 512
299 513
299 514
299 515
299 516
299 517
299 518
299 519
299 520
299 521
299 522
299 523
299 524
299 525
299 526
299 527
299 528
300 522
300 523
300 524
300 525
300 526
300 527
300 528
300 529
300 530
300 531
300 532
300 533
300 534
300 535
300 536
300 537
300 538
300 539
300 540
300 541
300 542
300 543
300 544
300 545
300 546
300 547
300 548
300 549
300 550
301 543
301 544
301 545
301 546
301 547
301 548
301 549
301 550
301 551
301 552
301 553
301 554
301 555
301 556
301 557
301 558
301 559
301 560
301 561
301 562
301 563
301 564
301 565
301 566
301 567
302 0
302 1
302 2
302 3
302 4
302 568
302 569
302 570
302 571
302 572
302 573
302 574
302 575
307 492
307 493
307 494
307 495
307 496
307 497
307 498
307 499
307 500
307 501
307 502
307 503
307 504
307 505
307 506
307 507
307 508
308 507
308 508
308 509
308 510
308 511
308 512
308 513
308 514
308 515
308 516
308 517
308 518
308 519
308 520
308 521
308 522
308 523
308 524
308 525
308 526
308 527
308 528
308 529
308 530
308 531
308 532
308 533
308 534
309 527
309 528
309 529
309 530
309 531
309 532
309 533
309 534
309 535
309 536
309 537
309 538
309 539
309 540
309 541
309 542
309 543
309 544
309 545
309 546
309 547
309 548
309 549
309 550
309 551
309 552
309 553
309 554
310 549
310 550
310 551
310 552
310 553
310 554
310 555
310 556
310 557
310 558
310 559
310 560
310 561
310 562
310 563
310 564
310 565
310 566
310 567
310 568
310 569
310 570
310 571
311 1
311 2
311 3
311 4
311 5
316 495
316 496
316 497
316 498
316 499
316 500
316 501
316 502
316 503
316 504
316 505
316 506
316 507
316 508
316 509
316 510
316 511
316 512
316 513
316 514
316 515
317 512
317 513
317 514
317 515
317 516
317 517
317 518
317 519
317 520
317 521
317 522
317 523
317 524
317 525
317 526
317 527
317 528
317 529
317 530
317 531
317 532
317 533
317 534
317 535
317 536
317 537
317 538
317 539
318 532
318 533
318 534
318 535
318 536
318 537
318 538
318 539
318 540
318 541
318 542
318 543
318 544
318 545
318 546
318 547
318 548
318 549
318 550
318 551
318 552
318 553
318 554
318 555
318 556
318 557
318 558
319 555
319 556
319 557
319 558
319 559
319 560
319 561
319 562
319 563
319 564
319 565
319 566
319 567
319 568
319 569
319 570
319 571
319 572
319 573
319 574
325 499
325 500
325 501
325 502
325 503
325 504
325 505
325 506
325 507
325 508
325 509
325 510
325 511
325 512
325 513
325 514
325 515
325 516
325 517
325 518
325 519
325 520
325 521
326 517
326 518
326 519
326 520
326 521
326 522
326 523
326 524
326 525
326 526
326 527
326 528
326 529
326 530
326 531
326 532
326 533
326 534
326 535
326 536
326 537
326 538
326 539
326 540
326 541
326 542
326 543
327 537
327 538
327 539
327 540
327 541
327 542
327 543
327 544
327 545
327 546
327 547
327 548
327 549
327 550
327 551
327 552
327 553
327 554
327 555
327 556
327 557
327 558
327 559
327 560
327 561
327 562
328 0
328 1
328 561
328 562
328 563
328 564
328 565
328 566
328 567
328 568
328 569
328 570
328 571
328 572
328 573
328 574
328 575
334 503
334 504
334 505
334 506
334 507
334 508
334 509
334 510
334 511
334 512
334 513
334 514
334 515
334 516
334 517
334 518
334 519
334 520
334 521
334 522
334 523
334 524
334 525
334 526
335 521
335 522
335 523
335 524
335 525
335 526
335 527
335 528
335 529
335 530
335 531
335 532
335 533
335 534
335 535
335 536
335 537
335 538
335 539
335 540
335 541
335 542
335 543
335 544
335 545
335 546
335 547
335 548
336 543
336 544
336 545
336 546
336 547
336 548
336 549
336 550
336 551
336 552
336 553
336 554
336 555
336 556
336 557
336 558
336 559
336 560
336 561
336 562
336 563
336 564
336 565
336 566
337 0
337 1
337 2
337 3
337 568
337 569
337 570
337 571
337 572
337 573
337 574
337 575
342 494
342 495
342 496
342 497
342 498
342 499
342 500
342 501
342 502
342 503
342 504
343 507
343 508
343 509
343 510
343 511
343 512
343 513
343 514
343 515
343 516
343 517
343 518
343 519
343 520
343 521
343 522
343 523
343 524
343 525
343 526
343 527
343 528
343 529
343 530
343 531
343 532
344 526
344 527
344 528
344 529
344 530
344 531
344 532
344 533
344 534
344 535
344 536
344 537
344 538
344 539
344 540
344 541
344 542
344 543
344 544
344 545
344 546
344 547
344 548
344 549
344 550
344 551
344 552
345 548
345 549
345 550
345 551
345 552
345 553
345 554
345 555
345 556
345 557
345 558
345 559
345 560
345 561
345 562
345 563
345 564
345 565
345 566
345 567
345 568
345 569
346 1
346 2
351 496
351 497
351 498
351 499
351 500
351 501
351 502
351 503
351 504
351 505
351 506
351 507
351 508
351 509
351 510
351 511
351 512
352 512
352 513
352 514
352 515
352 516
352 517
352 518
352 519
352 520
352 521
352 522
352 523
352 524
352 525
352 526
352 527
352 528
352 529
352 530
352 531
352 532
352 533
352 534
352 535
352 536
352 537
353 532
353 533
353 534
353 535
353 536
353 537
353 538
353 539
353 540
353 541
353 542
353 543
353 544
353 545
353 546
353 547
353 548
353 549
353 550
353 551
353 552
353 553
353 554
353 555
353 556
354 554
354 555
354 556
354 557
354 558
354 559
354 560
354 561
354 562
354 563
354 564
354 565
354 566
354 567
354 568
354 569
354 570
354 571
354 572
360 500
360 501
360 502
360 503
360 504
360 505
360 506
360 507
360 508
360 509
360 510
360 511
360 512
360 513
360 514
360 515
360 516
360 517
360 518
361 517
361 518
361 519
361 520
361 521
361 522
361 523
361 524
361 525
361 526
361 527
361 528
361 529
361 530
361 531
361 532
361 533
361 534
361 535
361 536
361 537
361 538
361 539
361 540
361 541
361 542
362 537
362 538
362 539
362 540
362 541
362 542
362 543
362 544
362 545
362 546
362 547
362 548
362 549
362 550
362 551
362 552
362 553
362 554
362 555
362 556
362 557
362 558
362 559
362 560
363 560
363 561
363 562
363 563
363 564
363 565
363 566
363 567
363 568
363 569
363 570
363 571
363 572
363 573
363 574
363 575
369 504
369 505
369 506
369 507
369 508
369 509
369 510
369 511
369 512
369 513
369 514
369 515
369 516
369 517
369 518
369 519
369 520
369 521
369 522
369 523
369 524
370 522
370 523
370 524
370 525
370 526
370 527
370 528
370 529
370 530
370 531
370 532
370 533
370 534
370 535
370 536
370 537
370 538
370 539
370 540
370 541
370 542
370 543
370 544
370 545
370 546
371 543
371 544
371 545
371 546
371 547
371 548
371 549
371 550
371 551
371 552
371 553
371 554
371 555
371 556
371 557
371 558
371 559
371 560
371 561
371 562
371 563
371 564
372 0
372 1
372 568
372 569
372 570
372 571
372 572
372 573
372 574
372 575
378 508
378 509
378 510
378 511
378 512
378 513
378 514
378 515
378 516
378 517
378 518
378 519
378 520
378 521
378 522
378 523
378 524
378 525
378 526
378 527
378 528
378 529
379 527
379 528
379 529
379 530
379 531
379 532
379 533
379 534
379 535
379 536
379 537
379 538
379 539
379 540
379 541
379 542
379 543
379 544
379 545
379 546
379 547
379 548
379 549
379 550
380 548
380 549
380 550
380 551
380 552
380 553
380 554
380 555
380 556
380 557
380 558
380 559
380 560
380 561
380 562
380 563
380 564
380 565
380 566
380 567
386 500
386 501
386 502
386 503
386 504
386 505
386 506
387 513
387 514
387 515
387 516
387 517
387 518
387 519
387 520
387 521
387 522
387 523
387 524
387 525
387 526
387 527
387 528
387 529
387 530
387 531
387 532
387 533
387 534
388 532
388 533
388 534
388 535
388 536
388 537
388 538
388 539
388 540
388 541
388 542
388 543
388 544
388 545
388 546
388 547
388 548
388 549
388 550
388 551
388 552
388 553
388 554
389 554
389 555
389 556
389 557
389 558
389 559
389 560
389 561
389 562
389 563
389 564
389 565
389 566
389 567
389 568
389 569
389 570
395 502
395 503
395 504
395 505
395 506
395 507
395 508
395 509
395 510
395 511
395 512
395 513
395 514
396 517
396 518
396 519
396 520
396 521
396 522
396 523
396 524
396 525
396 526
396 527
396 528
396 529
396 530
396 531
396 532
396 533
396 534
396 535
396 536
396 537
396 538
396 539
397 537
397 538
397 539
397 540
397 541
397 542
397 543
397 544
397 545
397 546
397 547
397 548
397 549
397 550
397 551
397 552
397 553
397 554
397 555
397 556
397 557
397 558
398 561
398 562
398 563
398 564
398 565
398 566
398 567
398 568
398 569
398 570
398 571
398 572
404 506
404 507
404 508
404 509
404 510
404 511
404 512
404 513
404 514
404 515
404 516
404 517
404 518
404 519
404 520
405 522
405 523
405 524
405 525
405 526
405 527
405 528
405 529
405 530
405 531
405 532
405 533
405 534
405 535
405 536
405 537
405 538
405 539
405 540
405 541
405 542
405 543
405 544
406 543
406 544
406 545
406 546
406 547
406 548
406 549
406 550
406 551
406 552
406 553
406 554
406 555
406 556
406 557
406 558
406 559
406 560
406 561
407 570
407 571
407 572
413 510
413 511
413 512
413 513
413 514
413 515
413 516
413 517
413 518
413 519
413 520
413 521
413 522
413 523
413 524
413 525
413 526
414 527
414 528
414 529
414 530
414 531
414 532
414 533
414 534
414 535
414 536
414 537
414 538
414 539
414 540
414 541
414 542
414 543
414 544
414 545
414 546
414 547
414 548
415 549
415 550
415 551
415 552
415 553
415 554
415 555
415 556
415 557
415 558
415 559
415 560
415 561
415 562
415 563
415 564
422 514
422 515
422 516
422 517
422 518
422 519
422 520
422 521
422 522
422 523
422 524
422 525
422 526
422 527
422 528
422 529
422 530
422 531
423 533
423 534
423 535
423 536
423 537
423 538
423 539
423 540
423 541
423 542
423 543
423 544
423 545
423 546
423 547
423 548
423 549
423 550
423 551
423 552
424 555
424 556
424 557
424 558
424 559
424 560
424 561
424 562
424 563
424 564
424 565
424 566
424 567
431 519
431 520
431 521
431 522
431 523
431 524
431 525
431 526
431 527
431 528
431 529
431 530
431 531
431 532
431 533
431 534
431 535
431 536
432 538
432 539
432 540
432 541
432 542
432 543
432 544
432 545
432 546
432 547
432 548
432 549
432 550
432 551
432 552
432 553
432 554
432 555
433 564
433 565
433 566
433 567
440 524
440 525
440 526
440 527
440 528
440 529
440 530
440 531
440 532
440 533
440 534
440 535
440 536
440 537
440 538
440 539
440 540
441 544
441 545
441 546
441 547
441 548
441 549
441 550
441 551
441 552
441 553
441 554
441 555
441 556
441 557
441 558
448 515
448 516
448 517
448 518
448 519
449 529
449 530
449 531
449 532
449 533
449 534
449 535
449 536
449 537
449 538
449 539
449 540
449 541
449 542
449 543
449 544
450 551
450 552
450 553
450 554
450 555
450 556
450 557
450 558
450 559
450 560
457 519
457 520
457 521
457 522
457 523
457 524
457 525
458 535
458 536
458 537
458 538
458 539
458 540
458 541
458 542
458 543
458 544
458 545
458 546
458 547
458 548
466 523
466 524
466 525
466 526
466 527
466 528
466 529
466 530
467 541
467 542
467 543
467 544
467 545
467 546
467 547
467 548
467 549
467 550
475 529
475 530
475 531
475 532
475 533
475 534
476 550
476 551
1689 214
1689 215
1689 216
1689 217
1698 216
1698 217
1698 218
1698 219
1698 220
1698 221
1698 222
1698 223
1706 204
1706 205
1706 206
1706 207
1706 208
1706 209
1706 210
1707 218
1707 219
1707 220
1707 221
1707 222
1707 223
1707 224
1707 225
1707 226
1707 227
1707 228
1715 206
1715 207
1715 208
1715 209
1715 210
1715 211
1715 212
1715 213
1715 214
1715 215
1715 216
1716 222
1716 223
1716 224
1716 225
1716 226
1716 227
1716 228
1716 229
1716 230
1716 231
1716 232
1716 233
1724 208
1724 209
1724 210
1724 211
1724 212
1724 213
1724 214
1724 215
1724 216
1724 217
1724 218
1724 219
1724 220
1724 221
1725 225
1725 226
1725 227
1725 228
1725 229
1725 230
1725 231
1725 232
1725 233
1725 234
1725 235
1725 236
1725 237
1732 198
1732 199
1732 200
1732 201
1732 202
1732 203
1732 204
1732 205
1732 206
1733 211
1733 212
1733 213
1733 214
1733 215
1733 216
1733 217
1733 218
1733 219
1733 220
1733 221
1733 222
1733 223
1733 224
1733 225
1733 226
1734 229
1734 230
1734 231
1734 232
1734 233
1734 234
1734 235
1734 236
1734 237
1734 238
1734 239
1734 240
1734 241
1741 200
1741 201
1741 202
1741 203
1741 204
1741 205
1741 206
1741 207
1741 208
1741 209
1741 210
1741 211
1741 212
1742 214
1742 215
1742 216
1742 217
1742 218
1742 219
1742 220
1742 221
1742 222
1742 223
1742 224
1742 225
1742 226
1742 227
1742 228
1742 229
1742 230
1743 234
1743 235
1743 236
1743 237
1743 238
1743 239
1743 240
1743 241
1743 242
1743 243
1743 244
1750 202
1750 203
1750 204
1750 205
1750 206
1750 207
1750 208
1750 209
1750 210
1750 211
1750 212
1750 213
1750 214
1750 215
1750 216
1750 217
1751 218
1751 219
1751 220
1751 221
1751 222
1751 223
1751 224
1751 225
1751 226
1751 227
1751 228
1751 229
1751 230
1751 231
1751 232
1751 233
1751 234
1751 235
1752 239
1752 240
1752 241
1752 242
1752 243
1752 244
1752 245
1752 246
1752 247
1758 193
1758 194
1758 195
1758 196
1758 197
1758 198
1758 199
1758 200
1758 201
1758 202
1759 205
1759 206
1759 207
1759 208
1759 209
1759 210
1759 211
1759 212
1759 213
1759 214
1759 215
1759 216
1759 217
1759 218
1759 219
1759 220
1759 221
1759 222
1760 222
1760 223
1760 224
1760 225
1760 226
1760 227
1760 228
1760 229
1760 230
1760 231
1760 232
1760 233
1760 234
1760 235
1760 236
1760 237
1760 238
1760 239
1761 245
1761 246
1761 247
1761 248
1761 249
1767 195
1767 196
1767 197
1767 198
1767 199
1767 200
1767 201
1767 202
1767 203
1767 204
1767 205
1767 206
1767 207
1767 208
1768 208
1768 209
1768 210
1768 211
1768 212
1768 213
1768 214
1768 215
1768 216
1768 217
1768 218
1768 219
1768 220
1768 221
1768 222
1768 223
1768 224
1768 225
1768 226
1768 227
1769 226
1769 227
1769 228
1769 229
1769 230
1769 231
1769 232
1769 233
1769 234
1769 235
1769 236
1769 237
1769 238
1769 239
1769 240
1769 241
1769 242
1776 197
1776 198
1776 199
1776 200
1776 201
1776 202
1776 203
1776 204
1776 205
1776 206
1776 207
1776 208
1776 209
1776 210
1776 211
1776 212
1776 213
1777 211
1777 212
1777 213
1777 214
1777 215
1777 216
1777 217
1777 218
1777 219
1777 220
1777 221
1777 222
1777 223
1777 224
1777 225
1777 226
1777 227
1777 228
1777 229
1777 230
1777 231
1778 230
1778 231
1778 232
1778 233
1778 234
1778 235
1778 236
1778 237
1778 238
1778 239
1778 240
1778 241
1778 242
1778 243
1778 244
1778 245
1778 246
1784 189
1784 190
1784 191
1784 192
1784 193
1784 194
1784 195
1784 196
1785 200
1785 201
1785 202
1785 203
1785 204
1785 205
1785 206
1785 207
1785 208
1785 209
1785 210
1785 211
1785 212
1785 213
1785 214
1785 215
1785 216
1785 217
1785 218
1786 215
1786 216
1786 217
1786 218
1786 219
1786 220
1786 221
1786 222
1786 223
1786 224
1786 225
1786 226
1786 227
1786 228
1786 229
1786 230
1786 231
1786 232
1786 233
1786 234
1786 235
1787 234
1787 235
1787 236
1787 237
1787 238
1787 239
1787 240
1787 241
1787 242
1787 243
1787 244
1787 245
1787 246
1787 247
1787 248
1787 249
1793 190
1793 191
1793 192
1793 193
1793 194
1793 195
1793 196
1793 197
1793 198
1793 199
1793 200
1793 201
1793 202
1793 203
1794 203
1794 204
1794 205
1794 206
1794 207
1794 208
1794 209
1794 210
1794 211
1794 212
1794 213
1794 214
1794 215
1794 216
1794 217
1794 218
1794 219
1794 220
1794 221
1794 222
1794 223
1795 219
1795 220
1795 221
1795 222
1795 223
1795 224
1795 225
1795 226
1795 227
1795 228
1795 229
1795 230
1795 231
1795 232
1795 233
1795 234
1795 235
1795 236
1795 237
1795 238
1795 239
1796 239
1796 240
1796 241
1796 242
1796 243
1796 244
1796 245
1796 246
1796 247
1796 248
1796 249
1796 250
1796 251
1796 252
1802 192
1802 193
1802 194
1802 195
1802 196
1802 197
1802 198
1802 199
1802 200
1802 201
1802 202
1802 203
1802 204
1802 205
1802 206
1802 207
1802 208
1803 206
1803 207
1803 208
1803 209
1803 210
1803 211
1803 212
1803 213
1803 214
1803 215
1803 216
1803 217
1803 218
1803 219
1803 220
1803 221
1803 222
1803 223
1803 224
1803 225
1803 226
1803 227
1804 223
1804 224
1804 225
1804 226
1804 227
1804 228
1804 229
1804 230
1804 231
1804 232
1804 233
1804 234
1804 235
1804 236
1804 237
1804 238
1804 239
1804 240
1804 241
1804 242
1804 243
1805 245
1805 246
1805 247
1805 248
1805 249
1805 250
1805 251
1805 252
1805 253
1805 254
1810 186
1810 187
1810 188
1810 189
1810 190
1811 195
1811 196
1811 197
1811 198
1811 199
1811 200
1811 201
1811 202
1811 203
1811 204
1811 205
1811 206
1811 207
1811 208
1811 209
1811 210
1811 211
1811 212
1811 213
1812 209
1812 210
1812 211
1812 212
1812 213
1812 214
1812 215
1812 216
1812 217
1812 218
1812 219
1812 220
1812 221
1812 222
1812 223
1812 224
1812 225
1812 226
1812 227
1812 228
1812 229
1812 230
1812 231
1813 227
1813 228
1813 229
1813 230
1813 231
1813 232
1813 233
1813 234
1813 235
1813 236
1813 237
1813 238
1813 239
1813 240
1813 241
1813 242
1813 243
1813 244
1813 245
1813 246
1813 247
1814 252
1814 253
1814 254
1814 255
1819 187
1819 188
1819 189
1819 190
1819 191
1819 192
1819 193
1819 194
1819 195
1819 196
1819 197
1820 198
1820 199
1820 200
1820 201
1820 202
1820 203
1820 204
1820 205
1820 206
1820 207
1820 208
1820 209
1820 210
1820 211
1820 212
1820 213
1820 214
1820 215
1820 216
1820 217
1820 218
1821 213
1821 214
1821 215
1821 216
1821 217
1821 218
1821 219
1821 220
1821 221
1821 222
1821 223
1821 224
1821 225
1821 226
1821 227
1821 228
1821 229
1821 230
1821 231
1821 232
1821 233
1821 234
1821 235
1821 236
1822 231
1822 232
1822 233
1822 234
1822 235
1822 236
1822 237
1822 238
1822 239
1822 240
1822 241
1822 242
1822 243
1822 244
1822 245
1822 246
1822 247
1822 248
1822 249
1822 250
1828 188
1828 189
1828 190
1828 191
1828 192
1828 193
1828 194
1828 195
1828 196
1828 197
1828 198
1828 199
1828 200
1828 201
1828 202
1828 203
1829 201
1829 202
1829 203
1829 204
1829 205
1829 206
1829 207
1829 208
1829 209
1829 210
1829 211
1829 212
1829 213
1829 214
1829 215
1829 216
1829 217
1829 218
1829 219
1829 220
1829 221
1829 222
1829 223
1830 217
1830 218
1830 219
1830 220
1830 221
1830 222
1830 223
1830 224
1830 225
1830 226
1830 227
1830 228
1830 229
1830 230
1830 231
1830 232
1830 233
1830 234
1830 235
1830 236
1830 237
1830 238
1830 239
1830 240
1831 236
1831 237
1831 238
1831 239
1831 240
1831 241
1831 242
1831 243
1831 244
1831 245
1831 246
1831 247
1831 248
1831 249
1831 250
1831 251
1831 252
1831 253
1837 191
1837 192
1837 193
1837 194
1837 195
1837 196
1837 197
1837 198
1837 199
1837 200
1837 201
1837 202
1837 203
1837 204
1837 205
1837 206
1837 207
1837 208
1838 204
1838 205
1838 206
1838 207
1838 208
1838 209
1838 210
1838 211
1838 212
1838 213
1838 214
1838 215
1838 216
1838 217
1838 218
1838 219
1838 220
1838 221
1838 222
1838 223
1838 224
1838 225
1838 226
1838 227
1839 221
1839 222
1839 223
1839 224
1839 225
1839 226
1839 227
1839 228
1839 229
1839 230
1839 231
1839 232
1839 233
1839 234
1839 235
1839 236
1839 237
1839 238
1839 239
1839 240
1839 241
1839 242
1839 243
1840 241
1840 242
1840 243
1840 244
1840 245
1840 246
1840 247
1840 248
1840 249
1840 250
1840 251
1840 252
1840 253
1840 254
1840 255
1840 256
1845 184
1845 185
1845 186
1845 187
1845 188
1845 189
1845 190
1845 191
1846 193
1846 194
1846 195
1846 196
1846 197
1846 198
1846 199
1846 200
1846 201
1846 202
1846 203
1846 204
1846 205
1846 206
1846 207
1846 208
1846 209
1846 210
1846 211
1846 212
1846 213
1847 208
1847 209
1847 210
1847 211
1847 212
1847 213
1847 214
1847 215
1847 216
1847 217
1847 218
1847 219
1847 220
1847 221
1847 222
1847 223
1847 224
1847 225
1847 226
1847 227
1847 228
1847 229
1847 230
1847 231
1848 225
1848 226
1848 227
1848 228
1848 229
1848 230
1848 231
1848 232
1848 233
1848 234
1848 235
1848 236
1848 237
1848 238
1848 239
1848 240
1848 241
1848 242
1848 243
1848 244
1848 245
1848 246
1848 247
1849 246
1849 247
1849 248
1849 249
1849 250
1849 251
1849 252
1849 253
1849 254
1849 255
1849 256
1849 257
1849 258
1854 185
1854 186
1854 187
1854 188
1854 189
1854 190
1854 191
1854 192
1854 193
1854 194
1854 195
1854 196
1854 197
1855 196
1855 197
1855 198
1855 199
1855 200
1855 201
1855 202
1855 203
1855 204
1855 205
1855 206
1855 207
1855 208
1855 209
1855 210
1855 211
1855 212
1855 213
1855 214
1855 215
1855 216
1855 217
1855 218
1856 211
1856 212
1856 213
1856 214
1856 215
1856 216
1856 217
1856 218
1856 219
1856 220
1856 221
1856 222
1856 223
1856 224
1856 225
1856 226
1856 227
1856 228
1856 229
1856 230
1856 231
1856 232
1856 233
1856 234
1856 235
1857 229
1857 230
1857 231
1857 232
1857 233
1857 234
1857 235
1857 236
1857 237
1857 238
1857 239
1857 240
1857 241
1857 242
1857 243
1857 244
1857 245
1857 246
1857 247
1857 248
1857 249
1857 250
1858 253
1858 254
1858 255
1858 256
1858 257
1858 258
1858 259
1863 187
1863 188
1863 189
1863 190
1863 191
1863 192
1863 193
1863 194
1863 195
1863 196
1863 197
1863 198
1863 199
1863 200
1863 201
1863 202
1863 203
1864 199
1864 200
1864 201
1864 202
1864 203
1864 204
1864 205
1864 206
1864 207
1864 208
1864 209
1864 210
1864 211
1864 212
1864 213
1864 214
1864 215
1864 216
1864 217
1864 218
1864 219
1864 220
1864 221
1864 222
1865 215
1865 216
1865 217
1865 218
1865 219
1865 220
1865 221
1865 222
1865 223
1865 224
1865 225
1865 226
1865 227
1865 228
1865 229
1865 230
1865 231
1865 232
1865 233
1865 234
1865 235
1865 236
1865 237
1865 238
1865 239
1866 234
1866 235
1866 236
1866 237
1866 238
1866 239
1866 240
1866 241
1866 242
1866 243
1866 244
1866 245
1866 246
1866 247
1866 248
1866 249
1866 250
1866 251
1866 252
1866 253
1866 254
1872 189
1872 190
1872 191
1872 192
1872 193
1872 194
1872 195
1872 196
1872 197
1872 198
1872 199
1872 200
1872 201
1872 202
1872 203
1872 204
1872 205
1872 206
1872 207
1872 208
1873 203
1873 204
1873 205
1873 206
1873 207
1873 208
1873 209
1873 210
1873 211
1873 212
1873 213
1873 214
1873 215
1873 216
1873 217
1873 218
1873 219
1873 220
1873 221
1873 222
1873 223
1873 224
1873 225
1873 226
1873 227
1874 219
1874 220
1874 221
1874 222
1874 223
1874 224
1874 225
1874 226
1874 227
1874 228
1874 229
1874 230
1874 231
1874 232
1874 233
1874 234
1874 235
1874 236
1874 237
1874 238
1874 239
1874 240
1874 241
1874 242
1874 243
1875 238
1875 239
1875 240
1875 241
1875 242
1875 243
1875 244
1875 245
1875 246
1875 247
1875 248
1875 249
1875 250
1875 251
1875 252
1875 253
1875 254
1875 255
1875 256
1875 257
1880 182
1880 183
1880 184
1880 185
1880 186
1880 187
1880 188
1880 189
1880 190
1880 191
1881 192
1881 193
1881 194
1881 195
1881 196
1881 197
1881 198
1881 199
1881 200
1881 201
1881 202
1881 203
1881 204
1881 205
1881 206
1881 207
1881 208
1881 209
1881 210
1881 211
1881 212
1881 213
1882 206
1882 207
1882 208
1882 209
1882 210
1882 211
1882 212
1882 213
1882 214
1882 215
1882 216
1882 217
1882 218
1882 219
1882 220
1882 221
1882 222
1882 223
1882 224
1882 225
1882 226
1882 227
1882 228
1882 229
1882 230
1882 231
1883 223
1883 224
1883 225
1883 226
1883 227
1883 228
1883 229
1883 230
1883 231
1883 232
1883 233
1883 234
1883 235
1883 236
1883 237
1883 238
1883 239
1883 240
1883 241
1883 242
1883 243
1883 244
1883 245
1883 246
1883 247
1884 244
1884 245
1884 246
1884 247
1884 248
1884 249
1884 250
1884 251
1884 252
1884 253
1884 254
1884 255
1884 256
1884 257
1884 258
1884 259
1889 184
1889 185
1889 186
1889 187
1889 188
1889 189
1889 190
1889 191
1889 192
1889 193
1889 194
1889 195
1889 196
1889 197
1890 195
1890 196
1890 197
1890 198
1890 199
1890 200
1890 201
1890 202
1890 203
1890 204
1890 205
1890 206
1890 207
1890 208
1890 209
1890 210
1890 211
1890 212
1890 213
1890 214
1890 215
1890 216
1890 217
1891 210
1891 211
1891 212
1891 213
1891 214
1891 215
1891 216
1891 217
1891 218
1891 219
1891 220
1891 221
1891 222
1891 223
1891 224
1891 225
1891 226
1891 227
1891 228
1891 229
1891 230
1891 231
1891 232
1891 233
1891 234
1891 235
1892 227
1892 228
1892 229
1892 230
1892 231
1892 232
1892 233
1892 234
1892 235
1892 236
1892 237
1892 238
1892 239
1892 240
1892 241
1892 242
1892 243
1892 244
1892 245
1892 246
1892 247
1892 248
1892 249
1892 250
1893 249
1893 250
1893 251
1893 252
1893 253
1893 254
1893 255
1893 256
1893 257
1893 258
1893 259
1893 260
1893 261
1898 186
1898 187
1898 188
1898 189
1898 190
1898 191
1898 192
1898 193
1898 194
1898 195
1898 196
1898 197
1898 198
1898 199
1898 200
1898 201
1898 202
1899 198
1899 199
1899 200
1899 201
1899 202
1899 203
1899 204
1899 205
1899 206
1899 207
1899 208
1899 209
1899 210
1899 211
1899 212
1899 213
1899 214
1899 215
1899 216
1899 217
1899 218
1899 219
1899 220
1899 221
1899 222
1900 214
1900 215
1900 216
1900 217
1900 218
1900 219
1900 220
1900 221
1900 222
1900 223
1900 224
1900 225
1900 226
1900 227
1900 228
1900 229
1900 230
1900 231
1900 232
1900 233
1900 234
1900 235
1900 236
1900 237
1900 238
1900 239
1901 232
1901 233
1901 234
1901 235
1901 236
1901 237
1901 238
1901 239
1901 240
1901 241
1901 242
1901 243
1901 244
1901 245
1901 246
1901 247
1901 248
1901 249
1901 250
1901 251
1901 252
1901 253
1901 254
1902 257
1902 258
1902 259
1902 260
1902 261
1907 188
1907 189
1907 190
1907 191
1907 192
1907 193
1907 194
1907 195
1907 196
1907 197
1907 198
1907 199
1907 200
1907 201
1907 202
1907 203
1907 204
1907 205
1907 206
1907 207
1908 202
1908 203
1908 204
1908 205
1908 206
1908 207
1908 208
1908 209
1908 210
1908 211
1908 212
1908 213
1908 214
1908 215
1908 216
1908 217
1908 218
1908 219
1908 220
1908 221
1908 222
1908 223
1908 224
1908 225
1908 226
1909 218
1909 219
1909 220
1909 221
1909 222
1909 223
1909 224
1909 225
1909 226
1909 227
1909 228
1909 229
1909 230
1909 231
1909 232
1909 233
1909 234
1909 235
1909 236
1909 237
1909 238
1909 239
1909 240
1909 241
1909 242
1909 243
1910 236
1910 237
1910 238
1910 239
1910 240
1910 241
1910 242
1910 243
1910 244
1910 245
1910 246
1910 247
1910 248
1910 249
1910 250
1910 251
1910 252
1910 253
1910 254
1910 255
1910 256
1910 257
1915 182
1915 183
1915 184
1915 185
1915 186
1915 187
1915 188
1915 189
1915 190
1915 191
1916 191
1916 192
1916 193
1916 194
1916 195
1916 196
1916 197
1916 198
1916 199
1916 200
1916 201
1916 202
1916 203
1916 204
1916 205
1916 206
1916 207
1916 208
1916 209
1916 210
1916 211
1916 212
1917 205
1917 206
1917 207
1917 208
1917 209
1917 210
1917 211
1917 212
1917 213
1917 214
1917 215
1917 216
1917 217
1917 218
1917 219
1917 220
1917 221
1917 222
1917 223
1917 224
1917 225
1917 226
1917 227
1917 228
1917 229
1917 230
1918 222
1918 223
1918 224
1918 225
1918 226
1918 227
1918 228
1918 229
1918 230
1918 231
1918 232
1918 233
1918 234
1918 235
1918 236
1918 237
1918 238
1918 239
1918 240
1918 241
1918 242
1918 243
1918 244
1918 245
1918 246
1918 247
1919 241
1919 242
1919 243
1919 244
1919 245
1919 246
1919 247
1919 248
1919 249
1919 250
1919 251
1919 252
1919 253
1919 254
1919 255
1919 256
1919 257
1919 258
1919 259
1924 183
1924 184
1924 185
1924 186
1924 187
1924 188
1924 189
1924 190
1924 191
1924 192
1924 193
1924 194
1924 195
1924 196
1925 194
1925 195
1925 196
1925 197
1925 198
1925 199
1925 200
1925 201
1925 202
1925 203
1925 204
1925 205
1925 206
1925 207
1925 208
1925 209
1925 210
1925 211
1925 212
1925 213
1925 214
1925 215
1925 216
1925 217
1926 209
1926 210
1926 211
1926 212
1926 213
1926 214
1926 215
1926 216
1926 217
1926 218
1926 219
1926 220
1926 221
1926 222
1926 223
1926 224
1926 225
1926 226
1926 227
1926 228
1926 229
1926 230
1926 231
1926 232
1926 233
1926 234
1927 226
1927 227
1927 228
1927 229
1927 230
1927 231
1927 232
1927 233
1927 234
1927 235
1927 236
1927 237
1927 238
1927 239
1927 240
1927 241
1927 242
1927 243
1927 244
1927 245
1927 246
1927 247
1927 248
1927 249
1927 250
1928 247
1928 248
1928 249
1928 250
1928 251
1928 252
1928 253
1928 254
1928 255
1928 256
1928 257
1928 258
1928 259
1928 260
1928 261
1928 262
1933 185
1933 186
1933 187
1933 188
1933 189
1933 190
1933 191
1933 192
1933 193
1933 194
1933 195
1933 196
1933 197
1933 198
1933 199
1933 200
1933 201
1933 202
1934 197
1934 198
1934 199
1934 200
1934 201
1934 202
1934 203
1934 204
1934 205
1934 206
1934 207
1934 208
1934 209
1934 210
1934 211
1934 212
1934 213
1934 214
1934 215
1934 216
1934 217
1934 218
1934 219
1934 220
1934 221
1935 213
1935 214
1935 215
1935 216
1935 217
1935 218
1935 219
1935 220
1935 221
1935 222
1935 223
1935 224
1935 225
1935 226
1935 227
1935 228
1935 229
1935 230
1935 231
1935 232
1935 233
1935 234
1935 235
1935 236
1935 237
1935 238
1936 230
1936 231
1936 232
1936 233
1936 234
1936 235
1936 236
1936 237
1936 238
1936 239
1936 240
1936 241
1936 242
1936 243
1936 244
1936 245
1936 246
1936 247
1936 248
1936 249
1936 250
1936 251
1936 252
1936 253
1937 253
1937 254
1937 255
1937 256
1937 257
1937 258
1937 259
1937 260
1937 261
1937 262
1937 263
1942 188
1942 189
1942 190
1942 191
1942 192
1942 193
1942 194
1942 195
1942 196
1942 197
1942 198
1942 199
1942 200
1942 201
1942 202
1942 203
1942 204
1942 205
1942 206
1942 207
1943 201
1943 202
1943 203
1943 204
1943 205
1943 206
1943 207
1943 208
1943 209
1943 210
1943 211
1943 212
1943 213
1943 214
1943 215
1943 216
1943 217
1943 218
1943 219
1943 220
1943 221
1943 222
1943 223
1943 224
1943 225
1944 216
1944 217
1944 218
1944 219
1944 220
1944 221
1944 222
1944 223
1944 224
1944 225
1944 226
1944 227
1944 228
1944 229
1944 230
1944 231
1944 232
1944 233
1944 234
1944 235
1944 236
1944 237
1944 238
1944 239
1944 240
1944 241
1944 242
1945 235
1945 236
1945 237
1945 238
1945 239
1945 240
1945 241
1945 242
1945 243
1945 244
1945 245
1945 246
1945 247
1945 248
1945 249
1945 250
1945 251
1945 252
1945 253
1945 254
1945 255
1945 256
1950 181
1950 182
1950 183
1950 184
1950 185
1950 186
1950 187
1950 188
1950 189
1950 190
1951 191
1951 192
1951 193
1951 194
1951 195
1951 196
1951 197
1951 198
1951 199
1951 200
1951 201
1951 202
1951 203
1951 204
1951 205
1951 206
1951 207
1951 208
1951 209
1951 210
1951 211
1952 204
1952 205
1952 206
1952 207
1952 208
1952 209
1952 210
1952 211
1952 212
1952 213
1952 214
1952 215
1952 216
1952 217
1952 218
1952 219
1952 220
1952 221
1952 222
1952 223
1952 224
1952 225
1952 226
1952 227
1952 228
1952 229
1952 230
1953 221
1953 222
1953 223
1953 224
1953 225
1953 226
1953 227
1953 228
1953 229
1953 230
1953 231
1953 232
1953 233
1953 234
1953 235
1953 236
1953 237
1953 238
1953 239
1953 240
1953 241
1953 242
1953 243
1953 244
1953 245
1953 246
1954 240
1954 241
1954 242
1954 243
1954 244
1954 245
1954 246
1954 247
1954 248
1954 249
1954 250
1954 251
1954 252
1954 253
1954 254
1954 255
1954 256
1954 257
1954 258
1954 259
1959 183
1959 184
1959 185
1959 186
1959 187
1959 188
1959 189
1959 190
1959 191
1959 192
1959 193
1959 194
1959 195
1960 194
1960 195
1960 196
1960 197
1960 198
1960 199
1960 200
1960 201
1960 202
1960 203
1960 204
1960 205
1960 206
1960 207
1960 208
1960 209
1960 210
1960 211
1960 212
1960 213
1960 214
1960 215
1960 216
1961 208
1961 209
1961 210
1961 211
1961 212
1961 213
1961 214
1961 215
1961 216
1961 217
1961 218
1961 219
1961 220
1961 221
1961 222
1961 223
1961 224
1961 225
1961 226
1961 227
1961 228
1961 229
1961 230
1961 231
1961 232
1961 233
1961 234
1962 225
1962 226
1962 227
1962 228
1962 229
1962 230
1962 231
1962 232
1962 233
1962 234
1962 235
1962 236
1962 237
1962 238
1962 239
1962 240
1962 241
1962 242
1962 243
1962 244
1962 245
1962 246
1962 247
1962 248
1962 249
1963 245
1963 246
1963 247
1963 248
1963 249
1963 250
1963 251
1963 252
1963 253
1963 254
1963 255
1963 256
1963 257
1963 258
1963 259
1963 260
1963 261
1963 262
1968 185
1968 186
1968 187
1968 188
1968 189
1968 190
1968 191
1968 192
1968 193
1968 194
1968 195
1968 196
1968 197
1968 198
1968 199
1968 200
1968 201
1969 197
1969 198
1969 199
1969 200
1969 201
1969 202
1969 203
1969 204
1969 205
1969 206
1969 207
1969 208
1969 209
1969 210
1969 211
1969 212
1969 213
1969 214
1969 215
1969 216
1969 217
1969 218
1969 219
1969 220
1970 212
1970 213
1970 214
1970 215
1970 216
1970 217
1970 218
1970 219
1970 220
1970 221
1970 222
1970 223
1970 224
1970 225
1970 226
1970 227
1970 228
1970 229
1970 230
1970 231
1970 232
1970 233
1970 234
1970 235
1970 236
1970 237
1970 238
1971 229
1971 230
1971 231
1971 232
1971 233
1971 234
1971 235
1971 236
1971 237
1971 238
1971 239
1971 240
1971 241
1971 242
1971 243
1971 244
1971 245
1971 246
1971 247
1971 248
1971 249
1971 250
1971 251
1971 252
1971 253
1972 251
1972 252
1972 253
1972 254
1972 255
1972 256
1972 257
1972 258
1972 259
1972 260
1972 261
1972 262
1972 263
1977 187
1977 188
1977 189
1977 190
1977 191
1977 192
1977 193
1977 194
1977 195
1977 196
1977 197
1977 198
1977 199
1977 200
1977 201
1977 202
1977 203
1977 204
1977 205
1977 206
1978 200
1978 201
1978 202
1978 203
1978 204
1978 205
1978 206
1978 207
1978 208
1978 209
1978 210
1978 211
1978 212
1978 213
1978 214
1978 215
1978 216
1978 217
1978 218
1978 219
1978 220
1978 221
1978 222
1978 223
1978 224
1978 225
1979 216
1979 217
1979 218
1979 219
1979 220
1979 221
1979 222
1979 223
1979 224
1979 225
1979 226
1979 227
1979 228
1979 229
1979 230
1979 231
1979 232
1979 233
1979 234
1979 235
1979 236
1979 237
1979 238
1979 239
1979 240
1979 241
1980 234
1980 235
1980 236
1980 237
1980 238
1980 239
1980 240
1980 241
1980 242
1980 243
1980 244
1980 245
1980 246
1980 247
1980 248
1980 249
1980 250
1980 251
1980 252
1980 253
1980 254
1980 255
1980 256
1981 258
1981 259
1981 260
1981 261
1981 262
1981 263
1981 264
1985 181
1985 182
1985 183
1985 184
1985 185
1985 186
1985 187
1985 188
1986 190
1986 191
1986 192
1986 193
1986 194
1986 195
1986 196
1986 197
1986 198
1986 199
1986 200
1986 201
1986 202
1986 203
1986 204
1986 205
1986 206
1986 207
1986 208
1986 209
1986 210
1987 204
1987 205
1987 206
1987 207
1987 208
1987 209
1987 210
1987 211
1987 212
1987 213
1987 214
1987 215
1987 216
1987 217
1987 218
1987 219
1987 220
1987 221
1987 222
1987 223
1987 224
1987 225
1987 226
1987 227
1987 228
1987 229
1988 220
1988 221
1988 222
1988 223
1988 224
1988 225
1988 226
1988 227
1988 228
1988 229
1988 230
1988 231
1988 232
1988 233
1988 234
1988 235
1988 236
1988 237
1988 238
1988 239
1988 240
1988 241
1988 242
1988 243
1988 244
1988 245
1989 239
1989 240
1989 241
1989 242
1989 243
1989 244
1989 245
1989 246
1989 247
1989 248
1989 249
1989 250
1989 251
1989 252
1989 253
1989 254
1989 255
1989 256
1989 257
1989 258
1989 259
1994 183
1994 184
1994 185
1994 186
1994 187
1994 188
1994 189
1994 190
1994 191
1994 192
1994 193
1994 194
1995 193
1995 194
1995 195
1995 196
1995 197
1995 198
1995 199
1995 200
1995 201
1995 202
1995 203
1995 204
1995 205
1995 206
1995 207
1995 208
1995 209
1995 210
1995 211
1995 212
1995 213
1995 214
1995 215
1996 207
1996 208
1996 209
1996 210
1996 211
1996 212
1996 213
1996 214
1996 215
1996 216
1996 217
1996 218
1996 219
1996 220
1996 221
1996 222
1996 223
1996 224
1996 225
1996 226
1996 227
1996 228
1996 229
1996 230
1996 231
1996 232
1996 233
1997 224
1997 225
1997 226
1997 227
1997 228
1997 229
1997 230
1997 231
1997 232
1997 233
1997 234
1997 235
1997 236
1997 237
1997 238
1997 239
1997 240
1997 241
1997 242
1997 243
1997 244
1997 245
1997 246
1997 247
1997 248
1997 249
1998 244
1998 245
1998 246
1998 247
1998 248
1998 249
1998 250
1998 251
1998 252
1998 253
1998 254
1998 255
1998 256
1998 257
1998 258
1998 259
1998 260
1998 261
2003 185
2003 186
2003 187
2003 188
2003 189
2003 190
2003 191
2003 192
2003 193
2003 194
2003 195
2003 196
2003 197
2003 198
2003 199
2004 196
2004 197
2004 198
2004 199
2004 200
2004 201
2004 202
2004 203
2004 204
2004 205
2004 206
2004 207
2004 208
2004 209
2004 210
2004 211
2004 212
2004 213
2004 214
2004 215
2004 216
2004 217
2004 218
2004 219
2005 211
2005 212
2005 213
2005 214
2005 215
2005 216
2005 217
2005 218
2005 219
2005 220
2005 221
2005 222
2005 223
2005 224
2005 225
2005 226
2005 227
2005 228
2005 229
2005 230
2005 231
2005 232
2005 233
2005 234
2005 235
2005 236
2005 237
2006 228
2006 229
2006 230
2006 231
2006 232
2006 233
2006 234
2006 235
2006 236
2006 237
2006 238
2006 239
2006 240
2006 241
2006 242
2006 243
2006 244
2006 245
2006 246
2006 247
2006 248
2006 249
2006 250
2006 251
2006 252
2007 249
2007 250
2007 251
2007 252
2007 253
2007 254
2007 255
2007 256
2007 257
2007 258
2007 259
2007 260
2007 261
2007 262
2007 263
2012 187
2012 188
2012 189
2012 190
2012 191
2012 192
2012 193
2012 194
2012 195
2012 196
2012 197
2012 198
2012 199
2012 200
2012 201
2012 202
2012 203
2012 204
2013 200
2013 201
2013 202
2013 203
2013 204
2013 205
2013 206
2013 207
2013 208
2013 209
2013 210
2013 211
2013 212
2013 213
2013 214
2013 215
2013 216
2013 217
2013 218
2013 219
2013 220
2013 221
2013 222
2013 223
2014 215
2014 216
2014 217
2014 218
2014 219
2014 220
2014 221
2014 222
2014 223
2014 224
2014 225
2014 226
2014 227
2014 228
2014 229
2014 230
2014 231
2014 232
2014 233
2014 234
2014 235
2014 236
2014 237
2014 238
2014 239
2014 240
2014 241
2015 233
2015 234
2015 235
2015 236
2015 237
2015 238
2015 239
2015 240
2015 241
2015 242
2015 243
2015 244
2015 245
2015 246
2015 247
2015 248
2015 249
2015 250
2015 251
2015 252
2015 253
2015 254
2015 255
2016 256
2016 257
2016 258
2016 259
2016 260
2016 261
2016 262
2016 263
2016 264
2020 183
2020 184
2020 185
2020 186
2021 190
2021 191
2021 192
2021 193
2021 194
2021 195
2021 196
2021 197
2021 198
2021 199
2021 200
2021 201
2021 202
2021 203
2021 204
2021 205
2021 206
2021 207
2021 208
2021 209
2022 203
2022 204
2022 205
2022 206
2022 207
2022 208
2022 209
2022 210
2022 211
2022 212
2022 213
2022 214
2022 215
2022 216
2022 217
2022 218
2022 219
2022 220
2022 221
2022 222
2022 223
2022 224
2022 225
2022 226
2022 227
2022 228
2023 219
2023 220
2023 221
2023 222
2023 223
2023 224
2023 225
2023 226
2023 227
2023 228
2023 229
2023 230
2023 231
2023 232
2023 233
2023 234
2023 235
2023 236
2023 237
2023 238
2023 239
2023 240
2023 241
2023 242
2023 243
2023 244
2024 238
2024 239
2024 240
2024 241
2024 242
2024 243
2024 244
2024 245
2024 246
2024 247
2024 248
2024 249
2024 250
2024 251
2024 252
2024 253
2024 254
2024 255
2024 256
2024 257
2024 258
2029 183
2029 184
2029 185
2029 186
2029 187
2029 188
2029 189
2029 190
2029 191
2029 192
2029 193
2030 193
2030 194
2030 195
2030 196
2030 197
2030 198
2030 199
2030 200
2030 201
2030 202
2030 203
2030 204
2030 205
2030 206
2030 207
2030 208
2030 209
2030 210
2030 211
2030 212
2030 213
2030 214
2031 207
2031 208
2031 209
2031 210
2031 211
2031 212
2031 213
2031 214
2031 215
2031 216
2031 217
2031 218
2031 219
2031 220
2031 221
2031 222
2031 223
2031 224
2031 225
2031 226
2031 227
2031 228
2031 229
2031 230
2031 231
2031 232
2032 223
2032 224
2032 225
2032 226
2032 227
2032 228
2032 229
2032 230
2032 231
2032 232
2032 233
2032 234
2032 235
2032 236
2032 237
2032 238
2032 239
2032 240
2032 241
2032 242
2032 243
2032 244
2032 245
2032 246
2032 247
2032 248
2033 243
2033 244
2033 245
2033 246
2033 247
2033 248
2033 249
2033 250
2033 251
2033 252
2033 253
2033 254
2033 255
2033 256
2033 257
2033 258
2033 259
2033 260
2033 261
2038 185
2038 186
2038 187
2038 188
2038 189
2038 190
2038 191
2038 192
2038 193
2038 194
2038 195
2038 196
2038 197
2038 198
2039 196
2039 197
2039 198
2039 199
2039 200
2039 201
2039 202
2039 203
2039 204
2039 205
2039 206
2039 207
2039 208
2039 209
2039 210
2039 211
2039 212
2039 213
2039 214
2039 215
2039 216
2039 217
2039 218
2040 211
2040 212
2040 213
2040 214
2040 215
2040 216
2040 217
2040 218
2040 219
2040 220
2040 221
2040 222
2040 223
2040 224
2040 225
2040 226
2040 227
2040 228
2040 229
2040 230
2040 231
2040 232
2040 233
2040 234
2040 235
2040 236
2041 228
2041 229
2041 230
2041 231
2041 232
2041 233
2041 234
2041 235
2041 236
2041 237
2041 238
2041 239
2041 240
2041 241
2041 242
2041 243
2041 244
2041 245
2041 246
2041 247
2041 248
2041 249
2041 250
2041 251
2042 248
2042 249
2042 250
2042 251
2042 252
2042 253
2042 254
2042 255
2042 256
2042 257
2042 258
2042 259
2042 260
2042 261
2042 262
2042 263
2047 188
2047 189
2047 190
2047 191
2047 192
2047 193
2047 194
2047 195
2047 196
2047 197
2047 198
2047 199
2047 200
2047 201
2047 202
2047 203
2048 200
2048 201
2048 202
2048 203
2048 204
2048 205
2048 206
2048 207
2048 208
2048 209
2048 210
2048 211
2048 212
2048 213
2048 214
2048 215
2048 216
2048 217
2048 218
2048 219
2048 220
2048 221
2048 222
2049 215
2049 216
2049 217
2049 218
2049 219
2049 220
2049 221
2049 222
2049 223
2049 224
2049 225
2049 226
2049 227
2049 228
2049 229
2049 230
2049 231
2049 232
2049 233
2049 234
2049 235
2049 236
2049 237
2049 238
2049 239
2050 232
2050 233
2050 234
2050 235
2050 236
2050 237
2050 238
2050 239
2050 240
2050 241
2050 242
2050 243
2050 244
2050 245
2050 246
2050 247
2050 248
2050 249
2050 250
2050 251
2050 252
2050 253
2050 254
2051 255
2051 256
2051 257
2051 258
2051 259
2051 260
2051 261
2051 262
2051 263
2051 264
2056 190
2056 191
2056 192
2056 193
2056 194
2056 195
2056 196
2056 197
2056 198
2056 199
2056 200
2056 201
2056 202
2056 203
2056 204
2056 205
2056 206
2056 207
2056 208
2057 203
2057 204
2057 205
2057 206
2057 207
2057 208
2057 209
2057 210
2057 211
2057 212
2057 213
2057 214
2057 215
2057 216
2057 217
2057 218
2057 219
2057 220
2057 221
2057 222
2057 223
2057 224
2057 225
2057 226
2058 219
2058 220
2058 221
2058 222
2058 223
2058 224
2058 225
2058 226
2058 227
2058 228
2058 229
2058 230
2058 231
2058 232
2058 233
2058 234
2058 235
2058 236
2058 237
2058 238
2058 239
2058 240
2058 241
2058 242
2058 243
2059 237
2059 238
2059 239
2059 240
2059 241
2059 242
2059 243
2059 244
2059 245
2059 246
2059 247
2059 248
2059 249
2059 250
2059 251
2059 252
2059 253
2059 254
2059 255
2059 256
2059 257
2064 185
2064 186
2064 187
2064 188
2064 189
2064 190
2065 193
2065 194
2065 195
2065 196
2065 197
2065 198
2065 199
2065 200
2065 201
2065 202
2065 203
2065 204
2065 205
2065 206
2065 207
2065 208
2065 209
2065 210
2065 211
2065 212
2066 207
2066 208
2066 209
2066 210
2066 211
2066 212
2066 213
2066 214
2066 215
2066 216
2066 217
2066 218
2066 219
2066 220
2066 221
2066 222
2066 223
2066 224
2066 225
2066 226
2066 227
2066 228
2066 229
2066 230
2067 223
2067 224
2067 225
2067 226
2067 227
2067 228
2067 229
2067 230
2067 231
2067 232
2067 233
2067 234
2067 235
2067 236
2067 237
2067 238
2067 239
2067 240
2067 241
2067 242
2067 243
2067 244
2067 245
2067 246
2067 247
2068 242
2068 243
2068 244
2068 245
2068 246
2068 247
2068 248
2068 249
2068 250
2068 251
2068 252
2068 253
2068 254
2068 255
2068 256
2068 257
2068 258
2068 259
2068 260
2073 186
2073 187
2073 188
2073 189
2073 190
2073 191
2073 192
2073 193
2073 194
2073 195
2073 196
2074 197
2074 198
2074 199
2074 200
2074 201
2074 202
2074 203
2074 204
2074 205
2074 206
2074 207
2074 208
2074 209
2074 210
2074 211
2074 212
2074 213
2074 214
2074 215
2074 216
2074 217
2075 211
2075 212
2075 213
2075 214
2075 215
2075 216
2075 217
2075 218
2075 219
2075 220
2075 221
2075 222
2075 223
2075 224
2075 225
2075 226
2075 227
2075 228
2075 229
2075 230
2075 231
2075 232
2075 233
2075 234
2076 227
2076 228
2076 229
2076 230
2076 231
2076 232
2076 233
2076 234
2076 235
2076 236
2076 237
2076 238
2076 239
2076 240
2076 241
2076 242
2076 243
2076 244
2076 245
2076 246
2076 247
2076 248
2076 249
2076 250
2077 248
2077 249
2077 250
2077 251
2077 252
2077 253
2077 254
2077 255
2077 256
2077 257
2077 258
2077 259
2077 260
2077 261
2077 262
2082 188
2082 189
2082 190
2082 191
2082 192
2082 193
2082 194
2082 195
2082 196
2082 197
2082 198
2082 199
2082 200
2082 201
2083 200
2083 201
2083 202
2083 203
2083 204
2083 205
2083 206
2083 207
2083 208
2083 209
2083 210
2083 211
2083 212
2083 213
2083 214
2083 215
2083 216
2083 217
2083 218
2083 219
2083 220
2083 221
2084 215
2084 216
2084 217
2084 218
2084 219
2084 220
2084 221
2084 222
2084 223
2084 224
2084 225
2084 226
2084 227
2084 228
2084 229
2084 230
2084 231
2084 232
2084 233
2084 234
2084 235
2084 236
2084 237
2084 238
2085 232
2085 233
2085 234
2085 235
2085 236
2085 237
2085 238
2085 239
2085 240
2085 241
2085 242
2085 243
2085 244
2085 245
2085 246
2085 247
2085 248
2085 249
2085 250
2085 251
2085 252
2085 253
2086 254
2086 255
2086 256
2086 257
2086 258
2086 259
2086 260
2086 261
2086 262
2086 263
2091 191
2091 192
2091 193
2091 194
2091 195
2091 196
2091 197
2091 198
2091 199
2091 200
2091 201
2091 202
2091 203
2091 204
2091 205
2091 206
2092 203
2092 204
2092 205
2092 206
2092 207
2092 208
2092 209
2092 210
2092 211
2092 212
2092 213
2092 214
2092 215
2092 216
2092 217
2092 218
2092 219
2092 220
2092 221
2092 222
2092 223
2092 224
2092 225
2093 219
2093 220
2093 221
2093 222
2093 223
2093 224
2093 225
2093 226
2093 227
2093 228
2093 229
2093 230
2093 231
2093 232
2093 233
2093 234
2093 235
2093 236
2093 237
2093 238
2093 239
2093 240
2093 241
2093 242
2094 237
2094 238
2094 239
2094 240
2094 241
2094 242
2094 243
2094 244
2094 245
2094 246
2094 247
2094 248
2094 249
2094 250
2094 251
2094 252
2094 253
2094 254
2094 255
2094 256
2100 194
2100 195
2100 196
2100 197
2100 198
2100 199
2100 200
2100 201
2100 202
2100 203
2100 204
2100 205
2100 206
2100 207
2100 208
2100 209
2100 210
2100 211
2101 207
2101 208
2101 209
2101 210
2101 211
2101 212
2101 213
2101 214
2101 215
2101 216
2101 217
2101 218
2101 219
2101 220
2101 221
2101 222
2101 223
2101 224
2101 225
2101 226
2101 227
2101 228
2101 229
2102 223
2102 224
2102 225
2102 226
2102 227
2102 228
2102 229
2102 230
2102 231
2102 232
2102 233
2102 234
2102 235
2102 236
2102 237
2102 238
2102 239
2102 240
2102 241
2102 242
2102 243
2102 244
2102 245
2103 242
2103 243
2103 244
2103 245
2103 246
2103 247
2103 248
2103 249
2103 250
2103 251
2103 252
2103 253
2103 254
2103 255
2103 256
2103 257
2103 258
2108 188
2108 189
2108 190
2108 191
2108 192
2108 193
2109 197
2109 198
2109 199
2109 200
2109 201
2109 202
2109 203
2109 204
2109 205
2109 206
2109 207
2109 208
2109 209
2109 210
2109 211
2109 212
2109 213
2109 214
2109 215
2110 211
2110 212
2110 213
2110 214
2110 215
2110 216
2110 217
2110 218
2110 219
2110 220
2110 221
2110 222
2110 223
2110 224
2110 225
2110 226
2110 227
2110 228
2110 229
2110 230
2110 231
2110 232
2110 233
2111 227
2111 228
2111 229
2111 230
2111 231
2111 232
2111 233
2111 234
2111 235
2111 236
2111 237
2111 238
2111 239
2111 240
2111 241
2111 242
2111 243
2111 244
2111 245
2111 246
2111 247
2111 248
2112 248
2112 249
2112 250
2112 251
2112 252
2112 253
2112 254
2112 255
2112 256
2112 257
2112 258
2112 259
2112 260
2117 190
2117 191
2117 192
2117 193
2117 194
2117 195
2117 196
2117 197
2117 198
2117 199
2118 200
2118 201
2118 202
2118 203
2118 204
2118 205
2118 206
2118 207
2118 208
2118 209
2118 210
2118 211
2118 212
2118 213
2118 214
2118 215
2118 216
2118 217
2118 218
2118 219
2119 215
2119 216
2119 217
2119 218
2119 219
2119 220
2119 221
2119 222
2119 223
2119 224
2119 225
2119 226
2119 227
2119 228
2119 229
2119 230
2119 231
2119 232
2119 233
2119 234
2119 235
2119 236
2119 237
2120 232
2120 233
2120 234
2120 235
2120 236
2120 237
2120 238
2120 239
2120 240
2120 241
2120 242
2120 243
2120 244
2120 245
2120 246
2120 247
2120 248
2120 249
2120 250
2120 251
2121 254
2121 255
2121 256
2121 257
2121 258
2121 259
2121 260
2121 261
2126 192
2126 193
2126 194
2126 195
2126 196
2126 197
2126 198
2126 199
2126 200
2126 201
2126 202
2126 203
2126 204
2127 204
2127 205
2127 206
2127 207
2127 208
2127 209
2127 210
2127 211
2127 212
2127 213
2127 214
2127 215
2127 216
2127 217
2127 218
2127 219
2127 220
2127 221
2127 222
2127 223
2128 219
2128 220
2128 221
2128 222
2128 223
2128 224
2128 225
2128 226
2128 227
2128 228
2128 229
2128 230
2128 231
2128 232
2128 233
2128 234
2128 235
2128 236
2128 237
2128 238
2128 239
2128 240
2129 237
2129 238
2129 239
2129 240
2129 241
2129 242
2129 243
2129 244
2129 245
2129 246
2129 247
2129 248
2129 249
2129 250
2129 251
2129 252
2129 253
2129 254
2135 195
2135 196
2135 197
2135 198
2135 199
2135 200
2135 201
2135 202
2135 203
2135 204
2135 205
2135 206
2135 207
2135 208
2136 208
2136 209
2136 210
2136 211
2136 212
2136 213
2136 214
2136 215
2136 216
2136 217
2136 218
2136 219
2136 220
2136 221
2136 222
2136 223
2136 224
2136 225
2136 226
2136 227
2137 223
2137 224
2137 225
2137 226
2137 227
2137 228
2137 229
2137 230
2137 231
2137 232
2137 233
2137 234
2137 235
2137 236
2137 237
2137 238
2137 239
2137 240
2137 241
2137 242
2137 243
2137 244
2138 242
2138 243
2138 244
2138 245
2138 246
2138 247
2138 248
2138 249
2138 250
2138 251
2138 252
2138 253
2138 254
2138 255
2138 256
2138 257
2144 198
2144 199
2144 200
2144 201
2144 202
2144 203
2144 204
2144 205
2144 206
2144 207
2144 208
2144 209
2144 210
2144 211
2144 212
2144 213
2145 212
2145 213
2145 214
2145 215
2145 216
2145 217
2145 218
2145 219
2145 220
2145 221
2145 222
2145 223
2145 224
2145 225
2145 226
2145 227
2145 228
2145 229
2145 230
2145 231
2146 228
2146 229
2146 230
2146 231
2146 232
2146 233
2146 234
2146 235
2146 236
2146 237
2146 238
2146 239
2146 240
2146 241
2146 242
2146 243
2146 244
2146 245
2146 246
2146 247
2147 248
2147 249
2147 250
2147 251
2147 252
2147 253
2147 254
2147 255
2147 256
2147 257
2147 258
2153 202
2153 203
2153 204
2153 205
2153 206
2153 207
2153 208
2153 209
2153 210
2153 211
2153 212
2153 213
2153 214
2153 215
2153 216
2153 217
2154 216
2154 217
2154 218
2154 219
2154 220
2154 221
2154 222
2154 223
2154 224
2154 225
2154 226
2154 227
2154 228
2154 229
2154 230
2154 231
2154 232
2154 233
2154 234
2154 235
2155 233
2155 234
2155 235
2155 236
2155 237
2155 238
2155 239
2155 240
2155 241
2155 242
2155 243
2155 244
2155 245
2155 246
2155 247
2155 248
2155 249
2155 250
2156 257
2161 195
2161 196
2161 197
2161 198
2161 199
2161 200
2162 205
2162 206
2162 207
2162 208
2162 209
2162 210
2162 211
2162 212
2162 213
2162 214
2162 215
2162 216
2162 217
2162 218
2162 219
2162 220
2162 221
2163 220
2163 221
2163 222
2163 223
2163 224
2163 225
2163 226
2163 227
2163 228
2163 229
2163 230
2163 231
2163 232
2163 233
2163 234
2163 235
2163 236
2163 237
2163 238
2164 238
2164 239
2164 240
2164 241
2164 242
2164 243
2164 244
2164 245
2164 246
2164 247
2164 248
2164 249
2164 250
2164 251
2164 252
2170 197
2170 198
2170 199
2170 200
2170 201
2170 202
2170 203
2170 204
2170 205
2171 209
2171 210
2171 211
2171 212
2171 213
2171 214
2171 215
2171 216
2171 217
2171 218
2171 219
2171 220
2171 221
2171 222
2171 223
2171 224
2171 225
2172 224
2172 225
2172 226
2172 227
2172 228
2172 229
2172 230
2172 231
2172 232
2172 233
2172 234
2172 235
2172 236
2172 237
2172 238
2172 239
2172 240
2172 241
2172 242
2173 243
2173 244
2173 245
2173 246
2173 247
2173 248
2173 249
2173 250
2173 251
2173 252
2173 253
2173 254
2179 200
2179 201
2179 202
2179 203
2179 204
2179 205
2179 206
2179 207
2179 208
2179 209
2179 210
2180 213
2180 214
2180 215
2180 216
2180 217
2180 218
2180 219
2180 220
2180 221
2180 222
2180 223
2180 224
2180 225
2180 226
2180 227
2180 228
2180 229
2181 229
2181 230
2181 231
2181 232
2181 233
2181 234
2181 235
2181 236
2181 237
2181 238
2181 239
2181 240
2181 241
2181 242
2181 243
2181 244
2181 245
2182 250
2182 251
2182 252
2182 253
2182 254
2182 255
2188 204
2188 205
2188 206
2188 207
2188 208
2188 209
2188 210
2188 211
2188 212
2188 213
2188 214
2189 217
2189 218
2189 219
2189 220
2189 221
2189 222
2189 223
2189 224
2189 225
2189 226
2189 227
2189 228
2189 229
2189 230
2189 231
2189 232
2190 234
2190 235
2190 236
2190 237
2190 238
2190 239
2190 240
2190 241
2190 242
2190 243
2190 244
2190 245
2190 246
2190 247
2197 207
2197 208
2197 209
2197 210
2197 211
2197 212
2197 213
2197 214
2197 215
2197 216
2197 217
2197 218
2198 221
2198 222
2198 223
2198 224
2198 225
2198 226
2198 227
2198 228
2198 229
2198 230
2198 231
2198 232
2198 233
2198 234
2198 235
2198 236
2199 239
2199 240
2199 241
2199 242
2199 243
2199 244
2199 245
2199 246
2199 247
2199 248
2199 249
2199 250
2206 211
2206 212
2206 213
2206 214
2206 215
2206 216
2206 217
2206 218
2206 219
2206 220
2206 221
2206 222
2207 226
2207 227
2207 228
2207 229
2207 230
2207 231
2207 232
2207 233
2207 234
2207 235
2207 236
2207 237
2207 238
2207 239
2208 246
2208 247
2208 248
2208 249
2208 250
2208 251
2215 215
2215 216
2215 217
2215 218
2215 219
2215 220
2215 221
2215 222
2215 223
2215 224
2215 225
2215 226
2216 231
2216 232
2216 233
2216 234
2216 235
2216 236
2216 237
2216 238
2216 239
2216 240
2216 241
2216 242
2224 219
2224 220
2224 221
2224 222
2224 223
2224 224
2224 225
2224 226
2224 227
2224 228
2224 229
2225 236
2225 237
2225 238
2225 239
2225 240
2225 241
2225 242
2225 243
2225 244
2233 224
2233 225
2233 226
2233 227
2233 228
2233 229
2233 230
2233 231
2233 232
2242 229
2242 230
2242 231
2242 232
2242 233
2242 234
2919 37
2919 38
2919 39
2919 40
2919 41
2928 40
2928 41
2928 42
2928 43
2928 44
2928 45
2928 46
2928 47
2936 26
2936 27
2936 28
2936 29
2936 30
2936 31
2936 32
2936 33
2936 34
2936 35
2937 43
2937 44
2937 45
2937 46
2937 47
2937 48
2937 49
2937 50
2937 51
2945 29
2945 30
2945 31
2945 32
2945 33
2945 34
2945 35
2945 36
2945 37
2945 38
2945 39
2945 40
2946 47
2946 48
2946 49
2946 50
2946 51
2946 52
2946 53
2946 54
2946 55
2953 19
2953 20
2953 21
2953 22
2953 23
2953 24
2954 32
2954 33
2954 34
2954 35
2954 36
2954 37
2954 38
2954 39
2954 40
2954 41
2954 42
2954 43
2954 44
2954 45
2955 52
2955 53
2955 54
2955 55
2955 56
2955 57
2955 58
2962 20
2962 21
2962 22
2962 23
2962 24
2962 25
2962 26
2962 27
2962 28
2962 29
2962 30
2962 31
2963 35
2963 36
2963 37
2963 38
2963 39
2963 40
2963 41
2963 42
2963 43
2963 44
2963 45
2963 46
2963 47
2963 48
2963 49
2963 50
2964 57
2964 58
2964 59
2964 60
2964 61
2971 22
2971 23
2971 24
2971 25
2971 26
2971 27
2971 28
2971 29
2971 30
2971 31
2971 32
2971 33
2971 34
2971 35
2971 36
2971 37
2972 39
2972 40
2972 41
2972 42
2972 43
2972 44
2972 45
2972 46
2972 47
2972 48
2972 49
2972 50
2972 51
2972 52
2972 53
2972 54
2979 15
2979 16
2979 17
2979 18
2980 25
2980 26
2980 27
2980 28
2980 29
2980 30
2980 31
2980 32
2980 33
2980 34
2980 35
2980 36
2980 37
2980 38
2980 39
2980 40
2980 41
2980 42
2981 43
2981 44
2981 45
2981 46
2981 47
2981 48
2981 49
2981 50
2981 51
2981 52
2981 53
2981 54
2981 55
2981 56
2981 57
2981 58
2988 15
2988 16
2988 17
2988 18
2988 19
2988 20
2988 21
2988 22
2988 23
2988 24
2988 25
2988 26
2988 27
2989 28
2989 29
2989 30
2989 31
2989 32
2989 33
2989 34
2989 35
2989 36
2989 37
2989 38
2989 39
2989 40
2989 41
2989 42
2989 43
2989 44
2989 45
2989 46
2989 47
2990 47
2990 48
2990 49
2990 50
2990 51
2990 52
2990 53
2990 54
2990 55
2990 56
2990 57
2990 58
2990 59
2990 60
2990 61
2997 16
2997 17
2997 18
2997 19
2997 20
2997 21
2997 22
2997 23
2997 24
2997 25
2997 26
2997 27
2997 28
2997 29
2997 30
2997 31
2997 32
2997 33
2998 32
2998 33
2998 34
2998 35
2998 36
2998 37
2998 38
2998 39
2998 40
2998 41
2998 42
2998 43
2998 44
2998 45
2998 46
2998 47
2998 48
2998 49
2998 50
2998 51
2999 52
2999 53
2999 54
2999 55
2999 56
2999 57
2999 58
2999 59
2999 60
2999 61
2999 62
2999 63
2999 64
3006 19
3006 20
3006 21
3006 22
3006 23
3006 24
3006 25
3006 26
3006 27
3006 28
3006 29
3006 30
3006 31
3006 32
3006 33
3006 34
3006 35
3006 36
3006 37
3006 38
3007 36
3007 37
3007 38
3007 39
3007 40
3007 41
3007 42
3007 43
3007 44
3007 45
3007 46
3007 47
3007 48
3007 49
3007 50
3007 51
3007 52
3007 53
3007 54
3007 55
3008 57
3008 58
3008 59
3008 60
3008 61
3008 62
3008 63
3008 64
3008 65
3008 66
3008 67
3014 10
3014 11
3014 12
3014 13
3014 14
3014 15
3014 16
3014 17
3014 18
3014 19
3014 20
3015 22
3015 23
3015 24
3015 25
3015 26
3015 27
3015 28
3015 29
3015 30
3015 31
3015 32
3015 33
3015 34
3015 35
3015 36
3015 37
3015 38
3015 39
3015 40
3015 41
3015 42
3015 43
3016 40
3016 41
3016 42
3016 43
3016 44
3016 45
3016 46
3016 47
3016 48
3016 49
3016 50
3016 51
3016 52
3016 53
3016 54
3016 55
3016 56
3016 57
3016 58
3016 59
3017 62
3017 63
3017 64
3017 65
3017 66
3017 67
3017 68
3017 69
3017 70
3017 197
3017 198
3023 12
3023 13
3023 14
3023 15
3023 16
3023 17
3023 18
3023 19
3023 20
3023 21
3023 22
3023 23
3023 24
3023 25
3023 26
3023 27
3024 26
3024 27
3024 28
3024 29
3024 30
3024 31
3024 32
3024 33
3024 34
3024 35
3024 36
3024 37
3024 38
3024 39
3024 40
3024 41
3024 42
3024 43
3024 44
3024 45
3024 46
3024 47
3025 44
3025 45
3025 46
3025 47
3025 48
3025 49
3025 50
3025 51
3025 52
3025 53
3025 54
3025 55
3025 56
3025 57
3025 58
3025 59
3025 60
3025 61
3025 62
3025 183
3025 184
3025 185
3025 186
3025 187
3025 188
3025 189
3026 68
3026 69
3026 70
3026 71
3026 199
3026 200
3026 201
3026 202
3026 203
3026 204
3032 14
3032 15
3032 16
3032 17
3032 18
3032 19
3032 20
3032 21
3032 22
3032 23
3032 24
3032 25
3032 26
3032 27
3032 28
3032 29
3032 30
3032 31
3032 32
3032 33
3033 30
3033 31
3033 32
3033 33
3033 34
3033 35
3033 36
3033 37
3033 38
3033 39
3033 40
3033 41
3033 42
3033 43
3033 44
3033 45
3033 46
3033 47
3033 48
3033 49
3033 50
3033 51
3033 52
3034 49
3034 50
3034 51
3034 52
3034 53
3034 54
3034 55
3034 56
3034 57
3034 58
3034 59
3034 60
3034 61
3034 62
3034 63
3034 64
3034 65
3034 66
3034 185
3034 186
3034 187
3034 188
3034 189
3034 190
3034 191
3034 192
3034 193
3034 194
3034 195
3035 203
3035 204
3035 205
3035 206
3035 207
3035 208
3041 17
3041 18
3041 19
3041 20
3041 21
3041 22
3041 23
3041 24
3041 25
3041 26
3041 27
3041 28
3041 29
3041 30
3041 31
3041 32
3041 33
3041 34
3041 35
3041 36
3041 37
3041 38
3042 33
3042 34
3042 35
3042 36
3042 37
3042 38
3042 39
3042 40
3042 41
3042 42
3042 43
3042 44
3042 45
3042 46
3042 47
3042 48
3042 49
3042 50
3042 51
3042 52
3042 53
3042 54
3042 55
3042 56
3042 174
3042 175
3042 176
3042 177
3042 178
3042 179
3042 180
3042 181
3042 182
3043 53
3043 54
3043 55
3043 56
3043 57
3043 58
3043 59
3043 60
3043 61
3043 62
3043 63
3043 64
3043 65
3043 66
3043 67
3043 68
3043 69
3043 187
3043 188
3043 189
3043 190
3043 191
3043 192
3043 193
3043 194
3043 195
3043 196
3043 197
3043 198
3043 199
3043 200
3044 207
3044 208
3044 209
3044 210
3044 211
3049 8
3049 9
3049 10
3049 11
3049 12
3049 13
3049 14
3049 15
3049 16
3049 17
3049 18
3049 19
3049 20
3049 21
3050 20
3050 21
3050 22
3050 23
3050 24
3050 25
3050 26
3050 27
3050 28
3050 29
3050 30
3050 31
3050 32
3050 33
3050 34
3050 35
3050 36
3050 37
3050 38
3050 39
3050 40
3050 41
3050 42
3050 43
3051 38
3051 39
3051 40
3051 41
3051 42
3051 43
3051 44
3051 45
3051 46
3051 47
3051 48
3051 49
3051 50
3051 51
3051 52
3051 53
3051 54
3051 55
3051 56
3051 57
3051 58
3051 59
3051 176
3051 177
3051 178
3051 179
3051 180
3051 181
3051 182
3051 183
3051 184
3051 185
3051 186
3051 187
3051 188
3052 58
3052 59
3052 60
3052 61
3052 62
3052 63
3052 64
3052 65
3052 66
3052 67
3052 68
3052 69
3052 70
3052 71
3052 72
3052 191
3052 192
3052 193
3052 194
3052 195
3052 196
3052 197
3052 198
3052 199
3052 200
3052 201
3052 202
3052 203
3052 204
3058 9
3058 10
3058 11
3058 12
3058 13
3058 14
3058 15
3058 16
3058 17
3058 18
3058 19
3058 20
3058 21
3058 22
3058 23
3058 24
3058 25
3058 26
3058 27
3059 24
3059 25
3059 26
3059 27
3059 28
3059 29
3059 30
3059 31
3059 32
3059 33
3059 34
3059 35
3059 36
3059 37
3059 38
3059 39
3059 40
3059 41
3059 42
3059 43
3059 44
3059 45
3059 46
3059 47
3059 48
3059 168
3059 169
3059 170
3059 171
3059 172
3060 42
3060 43
3060 44
3060 45
3060 46
3060 47
3060 48
3060 49
3060 50
3060 51
3060 52
3060 53
3060 54
3060 55
3060 56
3060 57
3060 58
3060 59
3060 60
3060 61
3060 62
3060 63
3060 178
3060 179
3060 180
3060 181
3060 182
3060 183
3060 184
3060 185
3060 186
3060 187
3060 188
3060 189
3060 190
3060 191
3060 192
3060 193
3061 63
3061 64
3061 65
3061 66
3061 67
3061 68
3061 69
3061 70
3061 71
3061 72
3061 73
3061 74
3061 194
3061 195
3061 196
3061 197
3061 198
3061 199
3061 200
3061 201
3061 202
3061 203
3061 204
3061 205
3061 206
3061 207
3061 208
3061 209
3067 12
3067 13
3067 14
3067 15
3067 16
3067 17
3067 18
3067 19
3067 20
3067 21
3067 22
3067 23
3067 24
3067 25
3067 26
3067 27
3067 28
3067 29
3067 30
3067 31
3067 32
3067 33
3068 27
3068 28
3068 29
3068 30
3068 31
3068 32
3068 33
3068 34
3068 35
3068 36
3068 37
3068 38
3068 39
3068 40
3068 41
3068 42
3068 43
3068 44
3068 45
3068 46
3068 47
3068 48
3068 49
3068 50
3068 51
3068 52
3068 169
3068 170
3068 171
3068 172
3068 173
3068 174
3068 175
3068 176
3068 177
3068 178
3068 179
3069 46
3069 47
3069 48
3069 49
3069 50
3069 51
3069 52
3069 53
3069 54
3069 55
3069 56
3069 57
3069 58
3069 59
3069 60
3069 61
3069 62
3069 63
3069 64
3069 65
3069 66
3069 181
3069 182
3069 183
3069 184
3069 185
3069 186
3069 187
3069 188
3069 189
3069 190
3069 191
3069 192
3069 193
3069 194
3069 195
3069 196
3069 197
3069 198
3070 69
3070 70
3070 71
3070 72
3070 73
3070 74
3070 75
3070 76
3070 198
3070 199
3070 200
3070 201
3070 202
3070 203
3070 204
3070 205
3070 206
3070 207
3070 208
3070 209
3070 210
3070 211
3070 212
3070 213
3075 6
3075 7
3075 8
3075 9
3075 10
3075 11
3076 15
3076 16
3076 17
3076 18
3076 19
3076 20
3076 21
3076 22
3076 23
3076 24
3076 25
3076 26
3076 27
3076 28
3076 29
3076 30
3076 31
3076 32
3076 33
3076 34
3076 35
3076 36
3076 37
3076 38
3077 31
3077 32
3077 33
3077 34
3077 35
3077 36
3077 37
3077 38
3077 39
3077 40
3077 41
3077 42
3077 43
3077 44
3077 45
3077 46
3077 47
3077 48
3077 49
3077 50
3077 51
3077 52
3077 53
3077 54
3077 55
3077 56
3077 171
3077 172
3077 173
3077 174
3077 175
3077 176
3077 177
3077 178
3077 179
3077 180
3077 181
3077 182
3077 183
3077 184
3077 185
3078 51
3078 52
3078 53
3078 54
3078 55
3078 56
3078 57
3078 58
3078 59
3078 60
3078 61
3078 62
3078 63
3078 64
3078 65
3078 66
3078 67
3078 68
3078 69
3078 70
3078 184
3078 185
3078 186
3078 187
3078 188
3078 189
3078 190
3078 191
3078 192
3078 193
3078 194
3078 195
3078 196
3078 197
3078 198
3078 199
3078 200
3078 201
3078 202
3078 203
3079 202
3079 203
3079 204
3079 205
3079 206
3079 207
3079 208
3079 209
3079 210
3079 211
3079 212
3079 213
3079 214
3079 215
3079 216
3079 217
3084 5
3084 6
3084 7
3084 8
3084 9
3084 10
3084 11
3084 12
3084 13
3084 14
3084 15
3084 16
3084 17
3084 18
3084 19
3084 20
3085 18
3085 19
3085 20
3085 21
3085 22
3085 23
3085 24
3085 25
3085 26
3085 27
3085 28
3085 29
3085 30
3085 31
3085 32
3085 33
3085 34
3085 35
3085 36
3085 37
3085 38
3085 39
3085 40
3085 41
3085 42
3085 43
3085 163
3085 164
3085 165
3085 166
3085 167
3085 168
3085 169
3085 170
3086 36
3086 37
3086 38
3086 39
3086 40
3086 41
3086 42
3086 43
3086 44
3086 45
3086 46
3086 47
3086 48
3086 49
3086 50
3086 51
3086 52
3086 53
3086 54
3086 55
3086 56
3086 57
3086 58
3086 59
3086 60
3086 173
3086 174
3086 175
3086 176
3086 177
3086 178
3086 179
3086 180
3086 181
3086 182
3086 183
3086 184
3086 185
3086 186
3086 187
3086 188
3086 189
3086 190
3087 56
3087 57
3087 58
3087 59
3087 60
3087 61
3087 62
3087 63
3087 64
3087 65
3087 66
3087 67
3087 68
3087 69
3087 70
3087 71
3087 72
3087 73
3087 188
3087 189
3087 190
3087 191
3087 192
3087 193
3087 194
3087 195
3087 196
3087 197
3087 198
3087 199
3087 200
3087 201
3087 202
3087 203
3087 204
3087 205
3087 206
3087 207
3088 206
3088 207
3088 208
3088 209
3088 210
3088 211
3088 212
3088 213
3088 214
3088 215
3088 216
3088 217
3088 218
3088 219
3088 220
3093 7
3093 8
3093 9
3093 10
3093 11
3093 12
3093 13
3093 14
3093 15
3093 16
3093 17
3093 18
3093 19
3093 20
3093 21
3093 22
3093 23
3093 24
3093 25
3093 26
3093 27
3094 22
3094 23
3094 24
3094 25
3094 26
3094 27
3094 28
3094 29
3094 30
3094 31
3094 32
3094 33
3094 34
3094 35
3094 36
3094 37
3094 38
3094 39
3094 40
3094 41
3094 42
3094 43
3094 44
3094 45
3094 46
3094 47
3094 164
3094 165
3094 166
3094 167
3094 168
3094 169
3094 170
3094 171
3094 172
3094 173
3094 174
3094 175
3094 176
3095 40
3095 41
3095 42
3095 43
3095 44
3095 45
3095 46
3095 47
3095 48
3095 49
3095 50
3095 51
3095 52
3095 53
3095 54
3095 55
3095 56
3095 57
3095 58
3095 59
3095 60
3095 61
3095 62
3095 63
3095 176
3095 177
3095 178
3095 179
3095 180
3095 181
3095 182
3095 183
3095 184
3095 185
3095 186
3095 187
3095 188
3095 189
3095 190
3095 191
3095 192
3095 193
3095 194
3095 195
3096 61
3096 62
3096 63
3096 64
3096 65
3096 66
3096 67
3096 68
3096 69
3096 70
3096 71
3096 72
3096 73
3096 74
3096 75
3096 191
3096 192
3096 193
3096 194
3096 195
3096 196
3096 197
3096 198
3096 199
3096 200
3096 201
3096 202
3096 203
3096 204
3096 205
3096 206
3096 207
3096 208
3096 209
3096 210
3096 211
3097 211
3097 212
3097 213
3097 214
3097 215
3097 216
3097 217
3097 218
3097 219
3097 220
3097 221
3097 222
3097 223
3102 10
3102 11
3102 12
3102 13
3102 14
3102 15
3102 16
3102 17
3102 18
3102 19
3102 20
3102 21
3102 22
3102 23
3102 24
3102 25
3102 26
3102 27
3102 28
3102 29
3102 30
3102 31
3102 32
3103 25
3103 26
3103 27
3103 28
3103 29
3103 30
3103 31
3103 32
3103 33
3103 34
3103 35
3103 36
3103 37
3103 38
3103 39
3103 40
3103 41
3103 42
3103 43
3103 44
3103 45
3103 46
3103 47
3103 48
3103 49
3103 50
3103 51
3103 52
3103 166
3103 167
3103 168
3103 169
3103 170
3103 171
3103 172
3103 173
3103 174
3103 175
3103 176
3103 177
3103 178
3103 179
3103 180
3103 181
3103 182
3104 44
3104 45
3104 46
3104 47
3104 48
3104 49
3104 50
3104 51
3104 52
3104 53
3104 54
3104 55
3104 56
3104 57
3104 58
3104 59
3104 60
3104 61
3104 62
3104 63
3104 64
3104 65
3104 66
3104 67
3104 179
3104 180
3104 181
3104 182
3104 183
3104 184
3104 185
3104 186
3104 187
3104 188
3104 189
3104 190
3104 191
3104 192
3104 193
3104 194
3104 195
3104 196
3104 197
3104 198
3104 199
3104 200
3105 66
3105 67
3105 68
3105 69
3105 70
3105 71
3105 72
3105 73
3105 74
3105 75
3105 76
3105 77
3105 78
3105 195
3105 196
3105 197
3105 198
3105 199
3105 200
3105 201
3105 202
3105 203
3105 204
3105 205
3105 206
3105 207
3105 208
3105 209
3105 210
3105 211
3105 212
3105 213
3105 214
3105 215
3106 216
3106 217
3106 218
3106 219
3106 220
3106 221
3106 222
3106 223
3106 224
3106 225
3106 226
3110 4
3110 5
3110 6
3110 7
3110 8
3110 9
3110 10
3111 13
3111 14
3111 15
3111 16
3111 17
3111 18
3111 19
3111 20
3111 21
3111 22
3111 23
3111 24
3111 25
3111 26
3111 27
3111 28
3111 29
3111 30
3111 31
3111 32
3111 33
3111 34
3111 35
3111 36
3111 37
3111 159
3111 160
3111 161
3111 162
3111 163
3111 164
3111 165
3111 166
3112 30
3112 31
3112 32
3112 33
3112 34
3112 35
3112 36
3112 37
3112 38
3112 39
3112 40
3112 41
3112 42
3112 43
3112 44
3112 45
3112 46
3112 47
3112 48
3112 49
3112 50
3112 51
3112 52
3112 53
3112 54
3112 55
3112 56
3112 168
3112 169
3112 170
3112 171
3112 172
3112 173
3112 174
3112 175
3112 176
3112 177
3112 178
3112 179
3112 180
3112 181
3112 182
3112 183
3112 184
3112 185
3112 186
3112 187
3113 49
3113 50
3113 51
3113 52
3113 53
3113 54
3113 55
3113 56
3113 57
3113 58
3113 59
3113 60
3113 61
3113 62
3113 63
3113 64
3113 65
3113 66
3113 67
3113 68
3113 69
3113 70
3113 182
3113 183
3113 184
3113 185
3113 186
3113 187
3113 188
3113 189
3113 190
3113 191
3113 192
3113 193
3113 194
3113 195
3113 196
3113 197
3113 198
3113 199
3113 200
3113 201
3113 202
3113 203
3113 204
3114 71
3114 72
3114 73
3114 74
3114 75
3114 76
3114 77
3114 78
3114 79
3114 80
3114 199
3114 200
3114 201
3114 202
3114 203
3114 204
3114 205
3114 206
3114 207
3114 208
3114 209
3114 210
3114 211
3114 212
3114 213
3114 214
3114 215
3114 216
3114 217
3114 218
3114 219
3115 222
3115 223
3115 224
3115 225
3115 226
3115 227
3119 4
3119 5
3119 6
3119 7
3119 8
3119 9
3119 10
3119 11
3119 12
3119 13
3119 14
3119 15
3119 16
3119 17
3119 18
3119 19
3120 16
3120 17
3120 18
3120 19
3120 20
3120 21
3120 22
3120 23
3120 24
3120 25
3120 26
3120 27
3120 28
3120 29
3120 30
3120 31
3120 32
3120 33
3120 34
3120 35
3120 36
3120 37
3120 38
3120 39
3120 40
3120 41
3120 42
3120 160
3120 161
3120 162
3120 163
3120 164
3120 165
3120 166
3120 167
3120 168
3120 169
3120 170
3120 171
3120 172
3121 34
3121 35
3121 36
3121 37
3121 38
3121 39
3121 40
3121 41
3121 42
3121 43
3121 44
3121 45
3121 46
3121 47
3121 48
3121 49
3121 50
3121 51
3121 52
3121 53
3121 54
3121 55
3121 56
3121 57
3121 58
3121 59
3121 171
3121 172
3121 173
3121 174
3121 175
3121 176
3121 177
3121 178
3121 179
3121 180
3121 181
3121 182
3121 183
3121 184
3121 185
3121 186
3121 187
3121 188
3121 189
3121 190
3121 191
3121 192
3122 54
3122 55
3122 56
3122 57
3122 58
3122 59
3122 60
3122 61
3122 62
3122 63
3122 64
3122 65
3122 66
3122 67
3122 68
3122 69
3122 70
3122 71
3122 72
3122 73
3122 186
3122 187
3122 188
3122 189
3122 190
3122 191
3122 192
3122 193
3122 194
3122 195
3122 196
3122 197
3122 198
3122 199
3122 200
3122 201
3122 202
3122 203
3122 204
3122 205
3122 206
3122 207
3122 208
3122 209
3123 78
3123 79
3123 80
3123 81
3123 203
3123 204
3123 205
3123 206
3123 207
3123 208
3123 209
3123 210
3123 211
3123 212
3123 213
3123 214
3123 215
3123 216
3123 217
3123 218
3123 219
3123 220
3123 221
3123 222
3123 223
3128 5
3128 6
3128 7
3128 8
3128 9
3128 10
3128 11
3128 12
3128 13
3128 14
3128 15
3128 16
3128 17
3128 18
3128 19
3128 20
3128 21
3128 22
3128 23
3128 24
3128 25
3128 26
3129 20
3129 21
3129 22
3129 23
3129 24
3129 25
3129 26
3129 27
3129 28
3129 29
3129 30
3129 31
3129 32
3129 33
3129 34
3129 35
3129 36
3129 37
3129 38
3129 39
3129 40
3129 41
3129 42
3129 43
3129 44
3129 45
3129 46
3129 47
3129 162
3129 163
3129 164
3129 165
3129 166
3129 167
3129 168
3129 169
3129 170
3129 171
3129 172
3129 173
3129 174
3129 175
3129 176
3129 177
3129 178
3130 38
3130 39
3130 40
3130 41
3130 42
3130 43
3130 44
3130 45
3130 46
3130 47
3130 48
3130 49
3130 50
3130 51
3130 52
3130 53
3130 54
3130 55
3130 56
3130 57
3130 58
3130 59
3130 60
3130 61
3130 62
3130 63
3130 174
3130 175
3130 176
3130 177
3130 178
3130 179
3130 180
3130 181
3130 182
3130 183
3130 184
3130 185
3130 186
3130 187
3130 188
3130 189
3130 190
3130 191
3130 192
3130 193
3130 194
3130 195
3130 196
3130 197
3131 59
3131 60
3131 61
3131 62
3131 63
3131 64
3131 65
3131 66
3131 67
3131 68
3131 69
3131 70
3131 71
3131 72
3131 73
3131 74
3131 75
3131 76
3131 189
3131 190
3131 191
3131 192
3131 193
3131 194
3131 195
3131 196
3131 197
3131 198
3131 199
3131 200
3131 201
3131 202
3131 203
3131 204
3131 205
3131 206
3131 207
3131 208
3131 209
3131 210
3131 211
3131 212
3131 213
3132 208
3132 209
3132 210
3132 211
3132 212
3132 213
3132 214
3132 215
3132 216
3132 217
3132 218
3132 219
3132 220
3132 221
3132 222
3132 223
3132 224
3132 225
3132 226
3137 8
3137 9
3137 10
3137 11
3137 12
3137 13
3137 14
3137 15
3137 16
3137 17
3137 18
3137 19
3137 20
3137 21
3137 22
3137 23
3137 24
3137 25
3137 26
3137 27
3137 28
3137 29
3137 30
3137 31
3137 155
3137 156
3137 157
3137 158
3137 159
3137 160
3137 161
3138 24
3138 25
3138 26
3138 27
3138 28
3138 29
3138 30
3138 31
3138 32
3138 33
3138 34
3138 35
3138 36
3138 37
3138 38
3138 39
3138 40
3138 41
3138 42
3138 43
3138 44
3138 45
3138 46
3138 47
3138 48
3138 49
3138 50
3138 51
3138 164
3138 165
3138 166
3138 167
3138 168
3138 169
3138 170
3138 171
3138 172
3138 173
3138 174
3138 175
3138 176
3138 177
3138 178
3138 179
3138 180
3138 181
3138 182
3138 183
3139 43
3139 44
3139 45
3139 46
3139 47
3139 48
3139 49
3139 50
3139 51
3139 52
3139 53
3139 54
3139 55
3139 56
3139 57
3139 58
3139 59
3139 60
3139 61
3139 62
3139 63
3139 64
3139 65
3139 66
3139 177
3139 178
3139 179
3139 180
3139 181
3139 182
3139 183
3139 184
3139 185
3139 186
3139 187
3139 188
3139 189
3139 190
3139 191
3139 192
3139 193
3139 194
3139 195
3139 196
3139 197
3139 198
3139 199
3139 200
3139 201
3140 64
3140 65
3140 66
3140 67
3140 68
3140 69
3140 70
3140 71
3140 72
3140 73
3140 74
3140 75
3140 76
3140 77
3140 78
3140 193
3140 194
3140 195
3140 196
3140 197
3140 198
3140 199
3140 200
3140 201
3140 202
3140 203
3140 204
3140 205
3140 206
3140 207
3140 208
3140 209
3140 210
3140 211
3140 212
3140 213
3140 214
3140 215
3140 216
3140 217
3141 212
3141 213
3141 214
3141 215
3141 216
3141 217
3141 218
3141 219
3141 220
3141 221
3141 222
3141 223
3141 224
3141 225
3141 226
3141 227
3141 228
3141 229
3145 4
3145 5
3145 6
3145 7
3145 8
3146 11
3146 12
3146 13
3146 14
3146 15
3146 16
3146 17
3146 18
3146 19
3146 20
3146 21
3146 22
3146 23
3146 24
3146 25
3146 26
3146 27
3146 28
3146 29
3146 30
3146 31
3146 32
3146 33
3146 34
3146 35
3146 36
3146 37
3146 156
3146 157
3146 158
3146 159
3146 160
3146 161
3146 162
3146 163
3146 164
3146 165
3146 166
3146 167
3146 168
3147 28
3147 29
3147 30
3147 31
3147 32
3147 33
3147 34
3147 35
3147 36
3147 37
3147 38
3147 39
3147 40
3147 41
3147 42
3147 43
3147 44
3147 45
3147 46
3147 47
3147 48
3147 49
3147 50
3147 51
3147 52
3147 53
3147 54
3147 55
3147 167
3147 168
3147 169
3147 170
3147 171
3147 172
3147 173
3147 174
3147 175
3147 176
3147 177
3147 178
3147 179
3147 180
3147 181
3147 182
3147 183
3147 184
3147 185
3147 186
3147 187
3147 188
3148 47
3148 48
3148 49
3148 50
3148 51
3148 52
3148 53
3148 54
3148 55
3148 56
3148 57
3148 58
3148 59
3148 60
3148 61
3148 62
3148 63
3148 64
3148 65
3148 66
3148 67
3148 68
3148 69
3148 70
3148 180
3148 181
3148 182
3148 183
3148 184
3148 185
3148 186
3148 187
3148 188
3148 189
3148 190
3148 191
3148 192
3148 193
3148 194
3148 195
3148 196
3148 197
3148 198
3148 199
3148 200
3148 201
3148 202
3148 203
3148 204
3148 205
3148 206
3149 69
3149 70
3149 71
3149 72
3149 73
3149 74
3149 75
3149 76
3149 77
3149 78
3149 79
3149 80
3149 81
3149 197
3149 198
3149 199
3149 200
3149 201
3149 202
3149 203
3149 204
3149 205
3149 206
3149 207
3149 208
3149 209
3149 210
3149 211
3149 212
3149 213
3149 214
3149 215
3149 216
3149 217
3149 218
3149 219
3149 220
3149 221
3150 217
3150 218
3150 219
3150 220
3150 221
3150 222
3150 223
3150 224
3150 225
3150 226
3150 227
3150 228
3150 229
3150 230
3150 231
3150 232
3154 2
3154 3
3154 4
3154 5
3154 6
3154 7
3154 8
3154 9
3154 10
3154 11
3154 12
3154 13
3154 14
3154 15
3154 16
3154 17
3154 18
3155 14
3155 15
3155 16
3155 17
3155 18
3155 19
3155 20
3155 21
3155 22
3155 23
3155 24
3155 25
3155 26
3155 27
3155 28
3155 29
3155 30
3155 31
3155 32
3155 33
3155 34
3155 35
3155 36
3155 37
3155 38
3155 39
3155 40
3155 41
3155 158
3155 159
3155 160
3155 161
3155 162
3155 163
3155 164
3155 165
3155 166
3155 167
3155 168
3155 169
3155 170
3155 171
3155 172
3155 173
3156 32
3156 33
3156 34
3156 35
3156 36
3156 37
3156 38
3156 39
3156 40
3156 41
3156 42
3156 43
3156 44
3156 45
3156 46
3156 47
3156 48
3156 49
3156 50
3156 51
3156 52
3156 53
3156 54
3156 55
3156 56
3156 57
3156 58
3156 59
3156 169
3156 170
3156 171
3156 172
3156 173
3156 174
3156 175
3156 176
3156 177
3156 178
3156 179
3156 180
3156 181
3156 182
3156 183
3156 184
3156 185
3156 186
3156 187
3156 188
3156 189
3156 190
3156 191
3156 192
3156 193
3157 52
3157 53
3157 54
3157 55
3157 56
3157 57
3157 58
3157 59
3157 60
3157 61
3157 62
3157 63
3157 64
3157 65
3157 66
3157 67
3157 68
3157 69
3157 70
3157 71
3157 72
3157 73
3157 184
3157 185
3157 186
3157 187
3157 188
3157 189
3157 190
3157 191
3157 192
3157 193
3157 194
3157 195
3157 196
3157 197
3157 198
3157 199
3157 200
3157 201
3157 202
3157 203
3157 204
3157 205
3157 206
3157 207
3157 208
3157 209
3157 210
3158 75
3158 76
3158 77
3158 78
3158 79
3158 80
3158 81
3158 82
3158 83
3158 201
3158 202
3158 203
3158 204
3158 205
3158 206
3158 207
3158 208
3158 209
3158 210
3158 211
3158 212
3158 213
3158 214
3158 215
3158 216
3158 217
3158 218
3158 219
3158 220
3158 221
3158 222
3158 223
3158 224
3159 223
3159 224
3159 225
3159 226
3159 227
3159 228
3159 229
3159 230
3159 231
3159 232
3159 233
3159 234
3163 4
3163 5
3163 6
3163 7
3163 8
3163 9
3163 10
3163 11
3163 12
3163 13
3163 14
3163 15
3163 16
3163 17
3163 18
3163 19
3163 20
3163 21
3163 22
3163 23
3163 24
3163 152
3163 153
3163 154
3163 155
3163 156
3164 18
3164 19
3164 20
3164 21
3164 22
3164 23
3164 24
3164 25
3164 26
3164 27
3164 28
3164 29
3164 30
3164 31
3164 32
3164 33
3164 34
3164 35
3164 36
3164 37
3164 38
3164 39
3164 40
3164 41
3164 42
3164 43
3164 44
3164 45
3164 46
3164 160
3164 161
3164 162
3164 163
3164 164
3164 165
3164 166
3164 167
3164 168
3164 169
3164 170
3164 171
3164 172
3164 173
3164 174
3164 175
3164 176
3164 177
3164 178
3164 179
3165 37
3165 38
3165 39
3165 40
3165 41
3165 42
3165 43
3165 44
3165 45
3165 46
3165 47
3165 48
3165 49
3165 50
3165 51
3165 52
3165 53
3165 54
3165 55
3165 56
3165 57
3165 58
3165 59
3165 60
3165 61
3165 62
3165 172
3165 173
3165 174
3165 175
3165 176
3165 177
3165 178
3165 179
3165 180
3165 181
3165 182
3165 183
3165 184
3165 185
3165 186
3165 187
3165 188
3165 189
3165 190
3165 191
3165 192
3165 193
3165 194
3165 195
3165 196
3165 197
3166 57
3166 58
3166 59
3166 60
3166 61
3166 62
3166 63
3166 64
3166 65
3166 66
3166 67
3166 68
3166 69
3166 70
3166 71
3166 72
3166 73
3166 74
3166 75
3166 76
3166 187
3166 188
3166 189
3166 190
3166 191
3166 192
3166 193
3166 194
3166 195
3166 196
3166 197
3166 198
3166 199
3166 200
3166 201
3166 202
3166 203
3166 204
3166 205
3166 206
3166 207
3166 208
3166 209
3166 210
3166 211
3166 212
3166 213
3166 214
3167 205
3167 206
3167 207
3167 208
3167 209
3167 210
3167 211
3167 212
3167 213
3167 214
3167 215
3167 216
3167 217
3167 218
3167 219
3167 220
3167 221
3167 222
3167 223
3167 224
3167 225
3167 226
3167 227
3167 228
3168 230
3168 231
3168 232
3168 233
3168 234
3168 235
3172 6
3172 7
3172 8
3172 9
3172 10
3172 11
3172 12
3172 13
3172 14
3172 15
3172 16
3172 17
3172 18
3172 19
3172 20
3172 21
3172 22
3172 23
3172 24
3172 25
3172 26
3172 27
3172 28
3172 29
3172 30
3172 152
3172 153
3172 154
3172 155
3172 156
3172 157
3172 158
3172 159
3172 160
3172 161
3172 162
3172 163
3173 22
3173 23
3173 24
3173 25
3173 26
3173 27
3173 28
3173 29
3173 30
3173 31
3173 32
3173 33
3173 34
3173 35
3173 36
3173 37
3173 38
3173 39
3173 40
3173 41
3173 42
3173 43
3173 44
3173 45
3173 46
3173 47
3173 48
3173 49
3173 50
3173 162
3173 163
3173 164
3173 165
3173 166
3173 167
3173 168
3173 169
3173 170
3173 171
3173 172
3173 173
3173 174
3173 175
3173 176
3173 177
3173 178
3173 179
3173 180
3173 181
3173 182
3173 183
3173 184
3174 41
3174 42
3174 43
3174 44
3174 45
3174 46
3174 47
3174 48
3174 49
3174 50
3174 51
3174 52
3174 53
3174 54
3174 55
3174 56
3174 57
3174 58
3174 59
3174 60
3174 61
3174 62
3174 63
3174 64
3174 65
3174 66
3174 176
3174 177
3174 178
3174 179
3174 180
3174 181
3174 182
3174 183
3174 184
3174 185
3174 186
3174 187
3174 188
3174 189
3174 190
3174 191
3174 192
3174 193
3174 194
3174 195
3174 196
3174 197
3174 198
3174 199
3174 200
3174 201
3174 202
3175 62
3175 63
3175 64
3175 65
3175 66
3175 67
3175 68
3175 69
3175 70
3175 71
3175 72
3175 73
3175 74
3175 75
3175 76
3175 77
3175 78
3175 191
3175 192
3175 193
3175 194
3175 195
3175 196
3175 197
3175 198
3175 199
3175 200
3175 201
3175 202
3175 203
3175 204
3175 205
3175 206
3175 207
3175 208
3175 209
3175 210
3175 211
3175 212
3175 213
3175 214
3175 215
3175 216
3175 217
3175 218
3176 210
3176 211
3176 212
3176 213
3176 214
3176 215
3176 216
3176 217
3176 218
3176 219
3176 220
3176 221
3176 222
3176 223
3176 224
3176 225
3176 226
3176 227
3176 228
3176 229
3176 230
3176 231
3181 9
3181 10
3181 11
3181 12
3181 13
3181 14
3181 15
3181 16
3181 17
3181 18
3181 19
3181 20
3181 21
3181 22
3181 23
3181 24
3181 25
3181 26
3181 27
3181 28
3181 29
3181 30
3181 31
3181 32
3181 33
3181 34
3181 35
3181 154
3181 155
3181 156
3181 157
3181 158
3181 159
3181 160
3181 161
3181 162
3181 163
3181 164
3181 165
3181 166
3181 167
3181 168
3181 169
3182 26
3182 27
3182 28
3182 29
3182 30
3182 31
3182 32
3182 33
3182 34
3182 35
3182 36
3182 37
3182 38
3182 39
3182 40
3182 41
3182 42
3182 43
3182 44
3182 45
3182 46
3182 47
3182 48
3182 49
3182 50
3182 51
3182 52
3182 53
3182 54
3182 165
3182 166
3182 167
3182 168
3182 169
3182 170
3182 171
3182 172
3182 173
3182 174
3182 175
3182 176
3182 177
3182 178
3182 179
3182 180
3182 181
3182 182
3182 183
3182 184
3182 185
3182 186
3182 187
3182 188
3183 46
3183 47
3183 48
3183 49
3183 50
3183 51
3183 52
3183 53
3183 54
3183 55
3183 56
3183 57
3183 58
3183 59
3183 60
3183 61
3183 62
3183 63
3183 64
3183 65
3183 66
3183 67
3183 68
3183 69
3183 179
3183 180
3183 181
3183 182
3183 183
3183 184
3183 185
3183 186
3183 187
3183 188
3183 189
3183 190
3183 191
3183 192
3183 193
3183 194
3183 195
3183 196
3183 197
3183 198
3183 199
3183 200
3183 201
3183 202
3183 203
3183 204
3183 205
3183 206
3184 67
3184 68
3184 69
3184 70
3184 71
3184 72
3184 73
3184 74
3184 75
3184 76
3184 77
3184 78
3184 79
3184 80
3184 81
3184 195
3184 196
3184 197
3184 198
3184 199
3184 200
3184 201
3184 202
3184 203
3184 204
3184 205
3184 206
3184 207
3184 208
3184 209
3184 210
3184 211
3184 212
3184 213
3184 214
3184 215
3184 216
3184 217
3184 218
3184 219
3184 220
3184 221
3184 222
3185 215
3185 216
3185 217
3185 218
3185 219
3185 220
3185 221
3185 222
3185 223
3185 224
3185 225
3185 226
3185 227
3185 228
3185 229
3185 230
3185 231
3185 232
3185 233
3185 234
3189 1
3189 2
3189 3
3189 4
3189 5
3189 6
3189 7
3189 8
3189 9
3189 10
3189 11
3189 12
3189 13
3189 14
3189 15
3189 16
3190 13
3190 14
3190 15
3190 16
3190 17
3190 18
3190 19
3190 20
3190 21
3190 22
3190 23
3190 24
3190 25
3190 26
3190 27
3190 28
3190 29
3190 30
3190 31
3190 32
3190 33
3190 34
3190 35
3190 36
3190 37
3190 38
3190 39
3190 40
3190 156
3190 157
3190 158
3190 159
3190 160
3190 161
3190 162
3190 163
3190 164
3190 165
3190 166
3190 167
3190 168
3190 169
3190 170
3190 171
3190 172
3190 173
3190 174
3191 31
3191 32
3191 33
3191 34
3191 35
3191 36
3191 37
3191 38
3191 39
3191 40
3191 41
3191 42
3191 43
3191 44
3191 45
3191 46
3191 47
3191 48
3191 49
3191 50
3191 51
3191 52
3191 53
3191 54
3191 55
3191 56
3191 57
3191 58
3191 168
3191 169
3191 170
3191 171
3191 172
3191 173
3191 174
3191 175
3191 176
3191 177
3191 178
3191 179
3191 180
3191 181
3191 182
3191 183
3191 184
3191 185
3191 186
3191 187
3191 188
3191 189
3191 190
3191 191
3191 192
3191 193
3192 51
3192 52
3192 53
3192 54
3192 55
3192 56
3192 57
3192 58
3192 59
3192 60
3192 61
3192 62
3192 63
3192 64
3192 65
3192 66
3192 67
3192 68
3192 69
3192 70
3192 71
3192 72
3192 182
3192 183
3192 184
3192 185
3192 186
3192 187
3192 188
3192 189
3192 190
3192 191
3192 192
3192 193
3192 194
3192 195
3192 196
3192 197
3192 198
3192 199
3192 200
3192 201
3192 202
3192 203
3192 204
3192 205
3192 206
3192 207
3192 208
3192 209
3192 210
3193 73
3193 74
3193 75
3193 76
3193 77
3193 78
3193 79
3193 80
3193 81
3193 82
3193 83
3193 199
3193 200
3193 201
3193 202
3193 203
3193 204
3193 205
3193 206
3193 207
3193 208
3193 209
3193 210
3193 211
3193 212
3193 213
3193 214
3193 215
3193 216
3193 217
3193 218
3193 219
3193 220
3193 221
3193 222
3193 223
3193 224
3193 225
3193 226
3194 220
3194 221
3194 222
3194 223
3194 224
3194 225
3194 226
3194 227
3194 228
3194 229
3194 230
3194 231
3194 232
3194 233
3194 234
3194 235
3194 236
3194 237
3198 3
3198 4
3198 5
3198 6
3198 7
3198 8
3198 9
3198 10
3198 11
3198 12
3198 13
3198 14
3198 15
3198 16
3198 17
3198 18
3198 19
3198 20
3198 21
3198 22
3198 23
3198 149
3198 150
3198 151
3198 152
3198 153
3198 154
3198 155
3198 156
3198 157
3198 158
3199 17
3199 18
3199 19
3199 20
3199 21
3199 22
3199 23
3199 24
3199 25
3199 26
3199 27
3199 28
3199 29
3199 30
3199 31
3199 32
3199 33
3199 34
3199 35
3199 36
3199 37
3199 38
3199 39
3199 40
3199 41
3199 42
3199 43
3199 44
3199 45
3199 158
3199 159
3199 160
3199 161
3199 162
3199 163
3199 164
3199 165
3199 166
3199 167
3199 168
3199 169
3199 170
3199 171
3199 172
3199 173
3199 174
3199 175
3199 176
3199 177
3199 178
3199 179
3200 35
3200 36
3200 37
3200 38
3200 39
3200 40
3200 41
3200 42
3200 43
3200 44
3200 45
3200 46
3200 47
3200 48
3200 49
3200 50
3200 51
3200 52
3200 53
3200 54
3200 55
3200 56
3200 57
3200 58
3200 59
3200 60
3200 61
3200 62
3200 171
3200 172
3200 173
3200 174
3200 175
3200 176
3200 177
3200 178
3200 179
3200 180
3200 181
3200 182
3200 183
3200 184
3200 185
3200 186
3200 187
3200 188
3200 189
3200 190
3200 191
3200 192
3200 193
3200 194
3200 195
3200 196
3200 197
3200 198
3201 56
3201 57
3201 58
3201 59
3201 60
3201 61
3201 62
3201 63
3201 64
3201 65
3201 66
3201 67
3201 68
3201 69
3201 70
3201 71
3201 72
3201 73
3201 74
3201 75
3201 186
3201 187
3201 188
3201 189
3201 190
3201 191
3201 192
3201 193
3201 194
3201 195
3201 196
3201 197
3201 198
3201 199
3201 200
3201 201
3201 202
3201 203
3201 204
3201 205
3201 206
3201 207
3201 208
3201 209
3201 210
3201 211
3201 212
3201 213
3201 214
3201 215
3202 79
3202 80
3202 81
3202 82
3202 83
3202 84
3202 203
3202 204
3202 205
3202 206
3202 207
3202 208
3202 209
3202 210
3202 211
3202 212
3202 213
3202 214
3202 215
3202 216
3202 217
3202 218
3202 219
3202 220
3202 221
3202 222
3202 223
3202 224
3202 225
3202 226
3202 227
3202 228
3202 229
3203 225
3203 226
3203 227
3203 228
3203 229
3203 230
3203 231
3203 232
3203 233
3203 234
3203 235
3203 236
3203 237
3203 238
3203 239
3207 5
3207 6
3207 7
3207 8
3207 9
3207 10
3207 11
3207 12
3207 13
3207 14
3207 15
3207 16
3207 17
3207 18
3207 19
3207 20
3207 21
3207 22
3207 23
3207 24
3207 25
3207 26
3207 27
3207 28
3207 29
3207 150
3207 151
3207 152
3207 153
3207 154
3207 155
3207 156
3207 157
3207 158
3207 159
3207 160
3207 161
3207 162
3207 163
3207 164
3208 21
3208 22
3208 23
3208 24
3208 25
3208 26
3208 27
3208 28
3208 29
3208 30
3208 31
3208 32
3208 33
3208 34
3208 35
3208 36
3208 37
3208 38
3208 39
3208 40
3208 41
3208 42
3208 43
3208 44
3208 45
3208 46
3208 47
3208 48
3208 49
3208 161
3208 162
3208 163
3208 164
3208 165
3208 166
3208 167
3208 168
3208 169
3208 170
3208 171
3208 172
3208 173
3208 174
3208 175
3208 176
3208 177
3208 178
3208 179
3208 180
3208 181
3208 182
3208 183
3208 184
3209 40
3209 41
3209 42
3209 43
3209 44
3209 45
3209 46
3209 47
3209 48
3209 49
3209 50
3209 51
3209 52
3209 53
3209 54
3209 55
3209 56
3209 57
3209 58
3209 59
3209 60
3209 61
3209 62
3209 63
3209 64
3209 65
3209 174
3209 175
3209 176
3209 177
3209 178
3209 179
3209 180
3209 181
3209 182
3209 183
3209 184
3209 185
3209 186
3209 187
3209 188
3209 189
3209 190
3209 191
3209 192
3209 193
3209 194
3209 195
3209 196
3209 197
3209 198
3209 199
3209 200
3209 201
3209 202
3210 61
3210 62
3210 63
3210 64
3210 65
3210 66
3210 67
3210 68
3210 69
3210 70
3210 71
3210 72
3210 73
3210 74
3210 75
3210 76
3210 77
3210 78
3210 190
3210 191
3210 192
3210 193
3210 194
3210 195
3210 196
3210 197
3210 198
3210 199
3210 200
3210 201
3210 202
3210 203
3210 204
3210 205
3210 206
3210 207
3210 208
3210 209
3210 210
3210 211
3210 212
3210 213
3210 214
3210 215
3210 216
3210 217
3210 218
3210 219
3211 208
3211 209
3211 210
3211 211
3211 212
3211 213
3211 214
3211 215
3211 216
3211 217
3211 218
3211 219
3211 220
3211 221
3211 222
3211 223
3211 224
3211 225
3211 226
3211 227
3211 228
3211 229
3211 230
3211 231
3211 232
3212 231
3212 232
3212 233
3212 234
3212 235
3212 236
3212 237
3212 238
3212 239
3212 240
3216 8
3216 9
3216 10
3216 11
3216 12
3216 13
3216 14
3216 15
3216 16
3216 17
3216 18
3216 19
3216 20
3216 21
3216 22
3216 23
3216 24
3216 25
3216 26
3216 27
3216 28
3216 29
3216 30
3216 31
3216 32
3216 33
3216 34
3216 152
3216 153
3216 154
3216 155
3216 156
3216 157
3216 158
3216 159
3216 160
3216 161
3216 162
3216 163
3216 164
3216 165
3216 166
3216 167
3216 168
3216 169
3217 25
3217 26
3217 27
3217 28
3217 29
3217 30
3217 31
3217 32
3217 33
3217 34
3217 35
3217 36
3217 37
3217 38
3217 39
3217 40
3217 41
3217 42
3217 43
3217 44
3217 45
3217 46
3217 47
3217 48
3217 49
3217 50
3217 51
3217 52
3217 53
3217 164
3217 165
3217 166
3217 167
3217 168
3217 169
3217 170
3217 171
3217 172
3217 173
3217 174
3217 175
3217 176
3217 177
3217 178
3217 179
3217 180
3217 181
3217 182
3217 183
3217 184
3217 185
3217 186
3217 187
3217 188
3217 189
3218 45
3218 46
3218 47
3218 48
3218 49
3218 50
3218 51
3218 52
3218 53
3218 54
3218 55
3218 56
3218 57
3218 58
3218 59
3218 60
3218 61
3218 62
3218 63
3218 64
3218 65
3218 66
3218 67
3218 68
3218 177
3218 178
3218 179
3218 180
3218 181
3218 182
3218 183
3218 184
3218 185
3218 186
3218 187
3218 188
3218 189
3218 190
3218 191
3218 192
3218 193
3218 194
3218 195
3218 196
3218 197
3218 198
3218 199
3218 200
3218 201
3218 202
3218 203
3218 204
3218 205
3218 206
3218 207
3219 66
3219 67
3219 68
3219 69
3219 70
3219 71
3219 72
3219 73
3219 74
3219 75
3219 76
3219 77
3219 78
3219 79
3219 80
3219 194
3219 195
3219 196
3219 197
3219 198
3219 199
3219 200
3219 201
3219 202
3219 203
3219 204
3219 205
3219 206
3219 207
3219 208
3219 209
3219 210
3219 211
3219 212
3219 213
3219 214
3219 215
3219 216
3219 217
3219 218
3219 219
3219 220
3219 221
3219 222
3219 223
3220 213
3220 214
3220 215
3220 216
3220 217
3220 218
3220 219
3220 220
3220 221
3220 222
3220 223
3220 224
3220 225
3220 226
3220 227
3220 228
3220 229
3220 230
3220 231
3220 232
3220 233
3220 234
3220 235
3220 236
3224 1
3224 2
3224 3
3224 4
3224 5
3224 6
3224 7
3224 8
3224 9
3224 10
3224 11
3224 12
3224 13
3224 146
3224 147
3224 148
3224 149
3224 150
3224 151
3224 152
3225 12
3225 13
3225 14
3225 15
3225 16
3225 17
3225 18
3225 19
3225 20
3225 21
3225 22
3225 23
3225 24
3225 25
3225 26
3225 27
3225 28
3225 29
3225 30
3225 31
3225 32
3225 33
3225 34
3225 35
3225 36
3225 37
3225 38
3225 39
3225 154
3225 155
3225 156
3225 157
3225 158
3225 159
3225 160
3225 161
3225 162
3225 163
3225 164
3225 165
3225 166
3225 167
3225 168
3225 169
3225 170
3225 171
3225 172
3225 173
3225 174
3226 30
3226 31
3226 32
3226 33
3226 34
3226 35
3226 36
3226 37
3226 38
3226 39
3226 40
3226 41
3226 42
3226 43
3226 44
3226 45
3226 46
3226 47
3226 48
3226 49
3226 50
3226 51
3226 52
3226 53
3226 54
3226 55
3226 56
3226 57
3226 167
3226 168
3226 169
3226 170
3226 171
3226 172
3226 173
3226 174
3226 175
3226 176
3226 177
3226 178
3226 179
3226 180
3226 181
3226 182
3226 183
3226 184
3226 185
3226 186
3226 187
3226 188
3226 189
3226 190
3226 191
3226 192
3226 193
3227 49
3227 50
3227 51
3227 52
3227 53
3227 54
3227 55
3227 56
3227 57
3227 58
3227 59
3227 60
3227 61
3227 62
3227 63
3227 64
3227 65
3227 66
3227 67
3227 68
3227 69
3227 70
3227 71
3227 72
3227 181
3227 182
3227 183
3227 184
3227 185
3227 186
3227 187
3227 188
3227 189
3227 190
3227 191
3227 192
3227 193
3227 194
3227 195
3227 196
3227 197
3227 198
3227 199
3227 200
3227 201
3227 202
3227 203
3227 204
3227 205
3227 206
3227 207
3227 208
3227 209
3227 210
3227 211
3228 71
3228 72
3228 73
3228 74
3228 75
3228 76
3228 77
3228 78
3228 79
3228 80
3228 81
3228 82
3228 198
3228 199
3228 200
3228 201
3228 202
3228 203
3228 204
3228 205
3228 206
3228 207
3228 208
3228 209
3228 210
3228 211
3228 212
3228 213
3228 214
3228 215
3228 216
3228 217
3228 218
3228 219
3228 220
3228 221
3228 222
3228 223
3228 224
3228 225
3228 226
3229 217
3229 218
3229 219
3229 220
3229 221
3229 222
3229 223
3229 224
3229 225
3229 226
3229 227
3229 228
3229 229
3229 230
3229 231
3229 232
3229 233
3229 234
3229 235
3229 236
3229 237
3229 238
3229 239
3233 2
3233 3
3233 4
3233 5
3233 6
3233 7
3233 8
3233 9
3233 10
3233 11
3233 12
3233 13
3233 14
3233 15
3233 16
3233 17
3233 18
3233 19
3233 20
3233 147
3233 148
3233 149
3233 150
3233 151
3233 152
3233 153
3233 154
3233 155
3233 156
3233 157
3233 158
3234 16
3234 17
3234 18
3234 19
3234 20
3234 21
3234 22
3234 23
3234 24
3234 25
3234 26
3234 27
3234 28
3234 29
3234 30
3234 31
3234 32
3234 33
3234 34
3234 35
3234 36
3234 37
3234 38
3234 39
3234 40
3234 41
3234 42
3234 43
3234 44
3234 157
3234 158
3234 159
3234 160
3234 161
3234 162
3234 163
3234 164
3234 165
3234 166
3234 167
3234 168
3234 169
3234 170
3234 171
3234 172
3234 173
3234 174
3234 175
3234 176
3234 177
3234 178
3234 179
3235 34
3235 35
3235 36
3235 37
3235 38
3235 39
3235 40
3235 41
3235 42
3235 43
3235 44
3235 45
3235 46
3235 47
3235 48
3235 49
3235 50
3235 51
3235 52
3235 53
3235 54
3235 55
3235 56
3235 57
3235 58
3235 59
3235 60
3235 61
3235 170
3235 171
3235 172
3235 173
3235 174
3235 175
3235 176
3235 177
3235 178
3235 179
3235 180
3235 181
3235 182
3235 183
3235 184
3235 185
3235 186
3235 187
3235 188
3235 189
3235 190
3235 191
3235 192
3235 193
3235 194
3235 195
3235 196
3235 197
3235 198
3236 54
3236 55
3236 56
3236 57
3236 58
3236 59
3236 60
3236 61
3236 62
3236 63
3236 64
3236 65
3236 66
3236 67
3236 68
3236 69
3236 70
3236 71
3236 72
3236 73
3236 74
3236 185
3236 186
3236 187
3236 188
3236 189
3236 190
3236 191
3236 192
3236 193
3236 194
3236 195
3236 196
3236 197
3236 198
3236 199
3236 200
3236 201
3236 202
3236 203
3236 204
3236 205
3236 206
3236 207
3236 208
3236 209
3236 210
3236 211
3236 212
3236 213
3236 214
3236 215
3237 77
3237 78
3237 79
3237 80
3237 81
3237 82
3237 83
3237 84
3237 202
3237 203
3237 204
3237 205
3237 206
3237 207
3237 208
3237 209
3237 210
3237 211
3237 212
3237 213
3237 214
3237 215
3237 216
3237 217
3237 218
3237 219
3237 220
3237 221
3237 222
3237 223
3237 224
3237 225
3237 226
3237 227
3237 228
3237 229
3237 230
3238 222
3238 223
3238 224
3238 225
3238 226
3238 227
3238 228
3238 229
3238 230
3238 231
3238 232
3238 233
3238 234
3238 235
3238 236
3238 237
3238 238
3238 239
3238 240
3238 241
3242 4
3242 5
3242 6
3242 7
3242 8
3242 9
3242 10
3242 11
3242 12
3242 13
3242 14
3242 15
3242 16
3242 17
3242 18
3242 19
3242 20
3242 21
3242 22
3242 23
3242 24
3242 25
3242 26
3242 27
3242 149
3242 150
3242 151
3242 152
3242 153
3242 154
3242 155
3242 156
3242 157
3242 158
3242 159
3242 160
3242 161
3242 162
3242 163
3242 164
3243 20
3243 21
3243 22
3243 23
3243 24
3243 25
3243 26
3243 27
3243 28
3243 29
3243 30
3243 31
3243 32
3243 33
3243 34
3243 35
3243 36
3243 37
3243 38
3243 39
3243 40
3243 41
3243 42
3243 43
3243 44
3243 45
3243 46
3243 47
3243 48
3243 160
3243 161
3243 162
3243 163
3243 164
3243 165
3243 166
3243 167
3243 168
3243 169
3243 170
3243 171
3243 172
3243 173
3243 174
3243 175
3243 176
3243 177
3243 178
3243 179
3243 180
3243 181
3243 182
3243 183
3243 184
3244 39
3244 40
3244 41
3244 42
3244 43
3244 44
3244 45
3244 46
3244 47
3244 48
3244 49
3244 50
3244 51
3244 52
3244 53
3244 54
3244 55
3244 56
3244 57
3244 58
3244 59
3244 60
3244 61
3244 62
3244 63
3244 64
3244 173
3244 174
3244 175
3244 176
3244 177
3244 178
3244 179
3244 180
3244 181
3244 182
3244 183
3244 184
3244 185
3244 186
3244 187
3244 188
3244 189
3244 190
3244 191
3244 192
3244 193
3244 194
3244 195
3244 196
3244 197
3244 198
3244 199
3244 200
3244 201
3244 202
3245 59
3245 60
3245 61
3245 62
3245 63
3245 64
3245 65
3245 66
3245 67
3245 68
3245 69
3245 70
3245 71
3245 72
3245 73
3245 74
3245 75
3245 76
3245 77
3245 188
3245 189
3245 190
3245 191
3245 192
3245 193
3245 194
3245 195
3245 196
3245 197
3245 198
3245 199
3245 200
3245 201
3245 202
3245 203
3245 204
3245 205
3245 206
3245 207
3245 208
3245 209
3245 210
3245 211
3245 212
3245 213
3245 214
3245 215
3245 216
3245 217
3245 218
3245 219
3246 206
3246 207
3246 208
3246 209
3246 210
3246 211
3246 212
3246 213
3246 214
3246 215
3246 216
3246 217
3246 218
3246 219
3246 220
3246 221
3246 222
3246 223
3246 224
3246 225
3246 226
3246 227
3246 228
3246 229
3246 230
3246 231
3246 232
3246 233
3247 228
3247 229
3247 230
3247 231
3247 232
3247 233
3247 234
3247 235
3247 236
3247 237
3247 238
3247 239
3247 240
3247 241
3247 242
3247 243
3251 7
3251 8
3251 9
3251 10
3251 11
3251 12
3251 13
3251 14
3251 15
3251 16
3251 17
3251 18
3251 19
3251 20
3251 21
3251 22
3251 23
3251 24
3251 25
3251 26
3251 27
3251 28
3251 29
3251 30
3251 31
3251 32
3251 151
3251 152
3251 153
3251 154
3251 155
3251 156
3251 157
3251 158
3251 159
3251 160
3251 161
3251 162
3251 163
3251 164
3251 165
3251 166
3251 167
3251 168
3251 169
3252 24
3252 25
3252 26
3252 27
3252 28
3252 29
3252 30
3252 31
3252 32
3252 33
3252 34
3252 35
3252 36
3252 37
3252 38
3252 39
3252 40
3252 41
3252 42
3252 43
3252 44
3252 45
3252 46
3252 47
3252 48
3252 49
3252 50
3252 51
3252 52
3252 162
3252 163
3252 164
3252 165
3252 166
3252 167
3252 168
3252 169
3252 170
3252 171
3252 172
3252 173
3252 174
3252 175
3252 176
3252 177
3252 178
3252 179
3252 180
3252 181
3252 182
3252 183
3252 184
3252 185
3252 186
3252 187
3252 188
3252 189
3253 44
3253 45
3253 46
3253 47
3253 48
3253 49
3253 50
3253 51
3253 52
3253 53
3253 54
3253 55
3253 56
3253 57
3253 58
3253 59
3253 60
3253 61
3253 62
3253 63
3253 64
3253 65
3253 66
3253 67
3253 176
3253 177
3253 178
3253 179
3253 180
3253 181
3253 182
3253 183
3253 184
3253 185
3253 186
3253 187
3253 188
3253 189
3253 190
3253 191
3253 192
3253 193
3253 194
3253 195
3253 196
3253 197
3253 198
3253 199
3253 200
3253 201
3253 202
3253 203
3253 204
3253 205
3253 206
3253 207
3254 65
3254 66
3254 67
3254 68
3254 69
3254 70
3254 71
3254 72
3254 73
3254 74
3254 75
3254 76
3254 77
3254 78
3254 79
3254 80
3254 192
3254 193
3254 194
3254 195
3254 196
3254 197
3254 198
3254 199
3254 200
3254 201
3254 202
3254 203
3254 204
3254 205
3254 206
3254 207
3254 208
3254 209
3254 210
3254 211
3254 212
3254 213
3254 214
3254 215
3254 216
3254 217
3254 218
3254 219
3254 220
3254 221
3254 222
3254 223
3255 211
3255 212
3255 213
3255 214
3255 215
3255 216
3255 217
3255 218
3255 219
3255 220
3255 221
3255 222
3255 223
3255 224
3255 225
3255 226
3255 227
3255 228
3255 229
3255 230
3255 231
3255 232
3255 233
3255 234
3255 235
3255 236
3255 237
3256 234
3256 235
3256 236
3256 237
3256 238
3256 239
3256 240
3256 241
3256 242
3256 243
3256 244
3256 245
3259 3
3259 4
3259 5
3259 6
3259 7
3259 8
3259 144
3259 145
3259 146
3259 147
3259 148
3259 149
3259 150
3259 151
3259 152
3259 153
3260 11
3260 12
3260 13
3260 14
3260 15
3260 16
3260 17
3260 18
3260 19
3260 20
3260 21
3260 22
3260 23
3260 24
3260 25
3260 26
3260 27
3260 28
3260 29
3260 30
3260 31
3260 32
3260 33
3260 34
3260 35
3260 36
3260 37
3260 153
3260 154
3260 155
3260 156
3260 157
3260 158
3260 159
3260 160
3260 161
3260 162
3260 163
3260 164
3260 165
3260 166
3260 167
3260 168
3260 169
3260 170
3260 171
3260 172
3260 173
3260 174
3261 29
3261 30
3261 31
3261 32
3261 33
3261 34
3261 35
3261 36
3261 37
3261 38
3261 39
3261 40
3261 41
3261 42
3261 43
3261 44
3261 45
3261 46
3261 47
3261 48
3261 49
3261 50
3261 51
3261 52
3261 53
3261 54
3261 55
3261 56
3261 165
3261 166
3261 167
3261 168
3261 169
3261 170
3261 171
3261 172
3261 173
3261 174
3261 175
3261 176
3261 177
3261 178
3261 179
3261 180
3261 181
3261 182
3261 183
3261 184
3261 185
3261 186
3261 187
3261 188
3261 189
3261 190
3261 191
3261 192
3261 193
3262 49
3262 50
3262 51
3262 52
3262 53
3262 54
3262 55
3262 56
3262 57
3262 58
3262 59
3262 60
3262 61
3262 62
3262 63
3262 64
3262 65
3262 66
3262 67
3262 68
3262 69
3262 70
3262 180
3262 181
3262 182
3262 183
3262 184
3262 185
3262 186
3262 187
3262 188
3262 189
3262 190
3262 191
3262 192
3262 193
3262 194
3262 195
3262 196
3262 197
3262 198
3262 199
3262 200
3262 201
3262 202
3262 203
3262 204
3262 205
3262 206
3262 207
3262 208
3262 209
3262 210
3262 211
3263 70
3263 71
3263 72
3263 73
3263 74
3263 75
3263 76
3263 77
3263 78
3263 79
3263 80
3263 81
3263 82
3263 196
3263 197
3263 198
3263 199
3263 200
3263 201
3263 202
3263 203
3263 204
3263 205
3263 206
3263 207
3263 208
3263 209
3263 210
3263 211
3263 212
3263 213
3263 214
3263 215
3263 216
3263 217
3263 218
3263 219
3263 220
3263 221
3263 222
3263 223
3263 224
3263 225
3263 226
3263 227
3264 215
3264 216
3264 217
3264 218
3264 219
3264 220
3264 221
3264 222
3264 223
3264 224
3264 225
3264 226
3264 227
3264 228
3264 229
3264 230
3264 231
3264 232
3264 233
3264 234
3264 235
3264 236
3264 237
3264 238
3264 239
3264 240
3268 2
3268 3
3268 4
3268 5
3268 6
3268 7
3268 8
3268 9
3268 10
3268 11
3268 12
3268 13
3268 14
3268 15
3268 16
3268 17
3268 18
3268 146
3268 147
3268 148
3268 149
3268 150
3268 151
3268 152
3268 153
3268 154
3268 155
3268 156
3268 157
3268 158
3269 15
3269 16
3269 17
3269 18
3269 19
3269 20
3269 21
3269 22
3269 23
3269 24
3269 25
3269 26
3269 27
3269 28
3269 29
3269 30
3269 31
3269 32
3269 33
3269 34
3269 35
3269 36
3269 37
3269 38
3269 39
3269 40
3269 41
3269 42
3269 156
3269 157
3269 158
3269 159
3269 160
3269 161
3269 162
3269 163
3269 164
3269 165
3269 166
3269 167
3269 168
3269 169
3269 170
3269 171
3269 172
3269 173
3269 174
3269 175
3269 176
3269 177
3269 178
3269 179
3270 33
3270 34
3270 35
3270 36
3270 37
3270 38
3270 39
3270 40
3270 41
3270 42
3270 43
3270 44
3270 45
3270 46
3270 47
3270 48
3270 49
3270 50
3270 51
3270 52
3270 53
3270 54
3270 55
3270 56
3270 57
3270 58
3270 59
3270 169
3270 170
3270 171
3270 172
3270 173
3270 174
3270 175
3270 176
3270 177
3270 178
3270 179
3270 180
3270 181
3270 182
3270 183
3270 184
3270 185
3270 186
3270 187
3270 188
3270 189
3270 190
3270 191
3270 192
3270 193
3270 194
3270 195
3270 196
3270 197
3270 198
3271 54
3271 55
3271 56
3271 57
3271 58
3271 59
3271 60
3271 61
3271 62
3271 63
3271 64
3271 65
3271 66
3271 67
3271 68
3271 69
3271 70
3271 71
3271 72
3271 73
3271 183
3271 184
3271 185
3271 186
3271 187
3271 188
3271 189
3271 190
3271 191
3271 192
3271 193
3271 194
3271 195
3271 196
3271 197
3271 198
3271 199
3271 200
3271 201
3271 202
3271 203
3271 204
3271 205
3271 206
3271 207
3271 208
3271 209
3271 210
3271 211
3271 212
3271 213
3271 214
3271 215
3272 76
3272 77
3272 78
3272 79
3272 80
3272 81
3272 82
3272 83
3272 200
3272 201
3272 202
3272 203
3272 204
3272 205
3272 206
3272 207
3272 208
3272 209
3272 210
3272 211
3272 212
3272 213
3272 214
3272 215
3272 216
3272 217
3272 218
3272 219
3272 220
3272 221
3272 222
3272 223
3272 224
3272 225
3272 226
3272 227
3272 228
3272 229
3272 230
3273 220
3273 221
3273 222
3273 223
3273 224
3273 225
3273 226
3273 227
3273 228
3273 229
3273 230
3273 231
3273 232
3273 233
3273 234
3273 235
3273 236
3273 237
3273 238
3273 239
3273 240
3273 241
3273 242
3273 243
3277 4
3277 5
3277 6
3277 7
3277 8
3277 9
3277 10
3277 11
3277 12
3277 13
3277 14
3277 15
3277 16
3277 17
3277 18
3277 19
3277 20
3277 21
3277 22
3277 23
3277 24
3277 148
3277 149
3277 150
3277 151
3277 152
3277 153
3277 154
3277 155
3277 156
3277 157
3277 158
3277 159
3277 160
3277 161
3277 162
3277 163
3277 164
3278 19
3278 20
3278 21
3278 22
3278 23
3278 24
3278 25
3278 26
3278 27
3278 28
3278 29
3278 30
3278 31
3278 32
3278 33
3278 34
3278 35
3278 36
3278 37
3278 38
3278 39
3278 40
3278 41
3278 42
3278 43
3278 44
3278 45
3278 46
3278 159
3278 160
3278 161
3278 162
3278 163
3278 164
3278 165
3278 166
3278 167
3278 168
3278 169
3278 170
3278 171
3278 172
3278 173
3278 174
3278 175
3278 176
3278 177
3278 178
3278 179
3278 180
3278 181
3278 182
3278 183
3278 184
3279 38
3279 39
3279 40
3279 41
3279 42
3279 43
3279 44
3279 45
3279 46
3279 47
3279 48
3279 49
3279 50
3279 51
3279 52
3279 53
3279 54
3279 55
3279 56
3279 57
3279 58
3279 59
3279 60
3279 61
3279 62
3279 63
3279 172
3279 173
3279 174
3279 175
3279 176
3279 177
3279 178
3279 179
3279 180
3279 181
3279 182
3279 183
3279 184
3279 185
3279 186
3279 187
3279 188
3279 189
3279 190
3279 191
3279 192
3279 193
3279 194
3279 195
3279 196
3279 197
3279 198
3279 199
3279 200
3279 201
3279 202
3280 59
3280 60
3280 61
3280 62
3280 63
3280 64
3280 65
3280 66
3280 67
3280 68
3280 69
3280 70
3280 71
3280 72
3280 73
3280 74
3280 75
3280 76
3280 187
3280 188
3280 189
3280 190
3280 191
3280 192
3280 193
3280 194
3280 195
3280 196
3280 197
3280 198
3280 199
3280 200
3280 201
3280 202
3280 203
3280 204
3280 205
3280 206
3280 207
3280 208
3280 209
3280 210
3280 211
3280 212
3280 213
3280 214
3280 215
3280 216
3280 217
3280 218
3280 219
3281 205
3281 206
3281 207
3281 208
3281 209
3281 210
3281 211
3281 212
3281 213
3281 214
3281 215
3281 216
3281 217
3281 218
3281 219
3281 220
3281 221
3281 222
3281 223
3281 224
3281 225
3281 226
3281 227
3281 228
3281 229
3281 230
3281 231
3281 232
3281 233
3281 234
3282 225
3282 226
3282 227
3282 228
3282 229
3282 230
3282 231
3282 232
3282 233
3282 234
3282 235
3282 236
3282 237
3282 238
3282 239
3282 240
3282 241
3282 242
3282 243
3282 244
3282 245
3285 143
3285 144
3285 145
3285 146
3286 7
3286 8
3286 9
3286 10
3286 11
3286 12
3286 13
3286 14
3286 15
3286 16
3286 17
3286 18
3286 19
3286 20
3286 21
3286 22
3286 23
3286 24
3286 25
3286 26
3286 27
3286 28
3286 29
3286 30
3286 150
3286 151
3286 152
3286 153
3286 154
3286 155
3286 156
3286 157
3286 158
3286 159
3286 160
3286 161
3286 162
3286 163
3286 164
3286 165
3286 166
3286 167
3286 168
3286 169
3287 23
3287 24
3287 25
3287 26
3287 27
3287 28
3287 29
3287 30
3287 31
3287 32
3287 33
3287 34
3287 35
3287 36
3287 37
3287 38
3287 39
3287 40
3287 41
3287 42
3287 43
3287 44
3287 45
3287 46
3287 47
3287 48
3287 49
3287 50
3287 161
3287 162
3287 163
3287 164
3287 165
3287 166
3287 167
3287 168
3287 169
3287 170
3287 171
3287 172
3287 173
3287 174
3287 175
3287 176
3287 177
3287 178
3287 179
3287 180
3287 181
3287 182
3287 183
3287 184
3287 185
3287 186
3287 187
3287 188
3288 43
3288 44
3288 45
3288 46
3288 47
3288 48
3288 49
3288 50
3288 51
3288 52
3288 53
3288 54
3288 55
3288 56
3288 57
3288 58
3288 59
3288 60
3288 61
3288 62
3288 63
3288 64
3288 65
3288 66
3288 175
3288 176
3288 177
3288 178
3288 179
3288 180
3288 181
3288 182
3288 183
3288 184
3288 185
3288 186
3288 187
3288 188
3288 189
3288 190
3288 191
3288 192
3288 193
3288 194
3288 195
3288 196
3288 197
3288 198
3288 199
3288 200
3288 201
3288 202
3288 203
3288 204
3288 205
3288 206
3288 207
3289 64
3289 65
3289 66
3289 67
3289 68
3289 69
3289 70
3289 71
3289 72
3289 73
3289 74
3289 75
3289 76
3289 77
3289 78
3289 191
3289 192
3289 193
3289 194
3289 195
3289 196
3289 197
3289 198
3289 199
3289 200
3289 201
3289 202
3289 203
3289 204
3289 205
3289 206
3289 207
3289 208
3289 209
3289 210
3289 211
3289 212
3289 213
3289 214
3289 215
3289 216
3289 217
3289 218
3289 219
3289 220
3289 221
3289 222
3289 223
3290 209
3290 210
3290 211
3290 212
3290 213
3290 214
3290 215
3290 216
3290 217
3290 218
3290 219
3290 220
3290 221
3290 222
3290 223
3290 224
3290 225
3290 226
3290 227
3290 228
3290 229
3290 230
3290 231
3290 232
3290 233
3290 234
3290 235
3290 236
3290 237
3291 231
3291 232
3291 233
3291 234
3291 235
3291 236
3291 237
3291 238
3291 239
3291 240
3291 241
3291 242
3291 243
3291 244
3291 245
3291 246
3291 247
3294 143
3294 144
3294 145
3294 146
3294 147
3294 148
3294 149
3294 150
3294 151
3294 152
3294 153
3295 10
3295 11
3295 12
3295 13
3295 14
3295 15
3295 16
3295 17
3295 18
3295 19
3295 20
3295 21
3295 22
3295 23
3295 24
3295 25
3295 26
3295 27
3295 28
3295 29
3295 30
3295 31
3295 32
3295 33
3295 34
3295 35
3295 152
3295 153
3295 154
3295 155
3295 156
3295 157
3295 158
3295 159
3295 160
3295 161
3295 162
3295 163
3295 164
3295 165
3295 166
3295 167
3295 168
3295 169
3295 170
3295 171
3295 172
3295 173
3295 174
3296 28
3296 29
3296 30
3296 31
3296 32
3296 33
3296 34
3296 35
3296 36
3296 37
3296 38
3296 39
3296 40
3296 41
3296 42
3296 43
3296 44
3296 45
3296 46
3296 47
3296 48
3296 49
3296 50
3296 51
3296 52
3296 53
3296 54
3296 164
3296 165
3296 166
3296 167
3296 168
3296 169
3296 170
3296 171
3296 172
3296 173
3296 174
3296 175
3296 176
3296 177
3296 178
3296 179
3296 180
3296 181
3296 182
3296 183
3296 184
3296 185
3296 186
3296 187
3296 188
3296 189
3296 190
3296 191
3296 192
3296 193
3297 48
3297 49
3297 50
3297 51
3297 52
3297 53
3297 54
3297 55
3297 56
3297 57
3297 58
3297 59
3297 60
3297 61
3297 62
3297 63
3297 64
3297 65
3297 66
3297 67
3297 68
3297 69
3297 179
3297 180
3297 181
3297 182
3297 183
3297 184
3297 185
3297 186
3297 187
3297 188
3297 189
3297 190
3297 191
3297 192
3297 193
3297 194
3297 195
3297 196
3297 197
3297 198
3297 199
3297 200
3297 201
3297 202
3297 203
3297 204
3297 205
3297 206
3297 207
3297 208
3297 209
3297 210
3297 211
3298 70
3298 71
3298 72
3298 73
3298 74
3298 75
3298 76
3298 77
3298 78
3298 79
3298 80
3298 195
3298 196
3298 197
3298 198
3298 199
3298 200
3298 201
3298 202
3298 203
3298 204
3298 205
3298 206
3298 207
3298 208
3298 209
3298 210
3298 211
3298 212
3298 213
3298 214
3298 215
3298 216
3298 217
3298 218
3298 219
3298 220
3298 221
3298 222
3298 223
3298 224
3298 225
3298 226
3298 227
3299 214
3299 215
3299 216
3299 217
3299 218
3299 219
3299 220
3299 221
3299 222
3299 223
3299 224
3299 225
3299 226
3299 227
3299 228
3299 229
3299 230
3299 231
3299 232
3299 233
3299 234
3299 235
3299 236
3299 237
3299 238
3299 239
3299 240
3300 237
3300 238
3300 239
3300 240
3300 241
3300 242
3300 243
3300 244
3300 245
3300 246
3300 247
3300 248
3300 249
3303 3
3303 4
3303 5
3303 6
3303 7
3303 8
3303 9
3303 10
3303 11
3303 12
3303 13
3303 14
3303 145
3303 146
3303 147
3303 148
3303 149
3303 150
3303 151
3303 152
3303 153
3303 154
3303 155
3303 156
3303 157
3303 158
3304 14
3304 15
3304 16
3304 17
3304 18
3304 19
3304 20
3304 21
3304 22
3304 23
3304 24
3304 25
3304 26
3304 27
3304 28
3304 29
3304 30
3304 31
3304 32
3304 33
3304 34
3304 35
3304 36
3304 37
3304 38
3304 39
3304 40
3304 155
3304 156
3304 157
3304 158
3304 159
3304 160
3304 161
3304 162
3304 163
3304 164
3304 165
3304 166
3304 167
3304 168
3304 169
3304 170
3304 171
3304 172
3304 173
3304 174
3304 175
3304 176
3304 177
3304 178
3304 179
3305 33
3305 34
3305 35
3305 36
3305 37
3305 38
3305 39
3305 40
3305 41
3305 42
3305 43
3305 44
3305 45
3305 46
3305 47
3305 48
3305 49
3305 50
3305 51
3305 52
3305 53
3305 54
3305 55
3305 56
3305 57
3305 58
3305 167
3305 168
3305 169
3305 170
3305 171
3305 172
3305 173
3305 174
3305 175
3305 176
3305 177
3305 178
3305 179
3305 180
3305 181
3305 182
3305 183
3305 184
3305 185
3305 186
3305 187
3305 188
3305 189
3305 190
3305 191
3305 192
3305 193
3305 194
3305 195
3305 196
3305 197
3305 198
3306 53
3306 54
3306 55
3306 56
3306 57
3306 58
3306 59
3306 60
3306 61
3306 62
3306 63
3306 64
3306 65
3306 66
3306 67
3306 68
3306 69
3306 70
3306 71
3306 72
3306 182
3306 183
3306 184
3306 185
3306 186
3306 187
3306 188
3306 189
3306 190
3306 191
3306 192
3306 193
3306 194
3306 195
3306 196
3306 197
3306 198
3306 199
3306 200
3306 201
3306 202
3306 203
3306 204
3306 205
3306 206
3306 207
3306 208
3306 209
3306 210
3306 211
3306 212
3306 213
3306 214
3306 215
3307 76
3307 77
3307 78
3307 79
3307 80
3307 81
3307 199
3307 200
3307 201
3307 202
3307 203
3307 204
3307 205
3307 206
3307 207
3307 208
3307 209
3307 210
3307 211
3307 212
3307 213
3307 214
3307 215
3307 216
3307 217
3307 218
3307 219
3307 220
3307 221
3307 222
3307 223
3307 224
3307 225
3307 226
3307 227
3307 228
3307 229
3307 230
3308 219
3308 220
3308 221
3308 222
3308 223
3308 224
3308 225
3308 226
3308 227
3308 228
3308 229
3308 230
3308 231
3308 232
3308 233
3308 234
3308 235
3308 236
3308 237
3308 238
3308 239
3308 240
3308 241
3308 242
3308 243
3309 245
3309 246
3309 247
3309 248
3312 4
3312 5
3312 6
3312 7
3312 8
3312 9
3312 10
3312 11
3312 12
3312 13
3312 14
3312 15
3312 16
3312 17
3312 18
3312 19
3312 20
3312 21
3312 147
3312 148
3312 149
3312 150
3312 151
3312 152
3312 153
3312 154
3312 155
3312 156
3312 157
3312 158
3312 159
3312 160
3312 161
3312 162
3312 163
3313 18
3313 19
3313 20
3313 21
3313 22
3313 23
3313 24
3313 25
3313 26
3313 27
3313 28
3313 29
3313 30
3313 31
3313 32
3313 33
3313 34
3313 35
3313 36
3313 37
3313 38
3313 39
3313 40
3313 41
3313 42
3313 43
3313 44
3313 158
3313 159
3313 160
3313 161
3313 162
3313 163
3313 164
3313 165
3313 166
3313 167
3313 168
3313 169
3313 170
3313 171
3313 172
3313 173
3313 174
3313 175
3313 176
3313 177
3313 178
3313 179
3313 180
3313 181
3313 182
3313 183
3314 37
3314 38
3314 39
3314 40
3314 41
3314 42
3314 43
3314 44
3314 45
3314 46
3314 47
3314 48
3314 49
3314 50
3314 51
3314 52
3314 53
3314 54
3314 55
3314 56
3314 57
3314 58
3314 59
3314 60
3314 61
3314 171
3314 172
3314 173
3314 174
3314 175
3314 176
3314 177
3314 178
3314 179
3314 180
3314 181
3314 182
3314 183
3314 184
3314 185
3314 186
3314 187
3314 188
3314 189
3314 190
3314 191
3314 192
3314 193
3314 194
3314 195
3314 196
3314 197
3314 198
3314 199
3314 200
3314 201
3314 202
3315 58
3315 59
3315 60
3315 61
3315 62
3315 63
3315 64
3315 65
3315 66
3315 67
3315 68
3315 69
3315 70
3315 71
3315 72
3315 73
3315 74
3315 186
3315 187
3315 188
3315 189
3315 190
3315 191
3315 192
3315 193
3315 194
3315 195
3315 196
3315 197
3315 198
3315 199
3315 200
3315 201
3315 202
3315 203
3315 204
3315 205
3315 206
3315 207
3315 208
3315 209
3315 210
3315 211
3315 212
3315 213
3315 214
3315 215
3315 216
3315 217
3315 218
3315 219
3316 203
3316 204
3316 205
3316 206
3316 207
3316 208
3316 209
3316 210
3316 211
3316 212
3316 213
3316 214
3316 215
3316 216
3316 217
3316 218
3316 219
3316 220
3316 221
3316 222
3316 223
3316 224
3316 225
3316 226
3316 227
3316 228
3316 229
3316 230
3316 231
3316 232
3316 233
3316 234
3317 224
3317 225
3317 226
3317 227
3317 228
3317 229
3317 230
3317 231
3317 232
3317 233
3317 234
3317 235
3317 236
3317 237
3317 238
3317 239
3317 240
3317 241
3317 242
3317 243
3317 244
3317 245
3317 246
3320 141
3320 142
3320 143
3320 144
3320 145
3321 7
3321 8
3321 9
3321 10
3321 11
3321 12
3321 13
3321 14
3321 15
3321 16
3321 17
3321 18
3321 19
3321 20
3321 21
3321 22
3321 23
3321 24
3321 25
3321 26
3321 27
3321 149
3321 150
3321 151
3321 152
3321 153
3321 154
3321 155
3321 156
3321 157
3321 158
3321 159
3321 160
3321 161
3321 162
3321 163
3321 164
3321 165
3321 166
3321 167
3321 168
3322 23
3322 24
3322 25
3322 26
3322 27
3322 28
3322 29
3322 30
3322 31
3322 32
3322 33
3322 34
3322 35
3322 36
3322 37
3322 38
3322 39
3322 40
3322 41
3322 42
3322 43
3322 44
3322 45
3322 46
3322 47
3322 48
3322 160
3322 161
3322 162
3322 163
3322 164
3322 165
3322 166
3322 167
3322 168
3322 169
3322 170
3322 171
3322 172
3322 173
3322 174
3322 175
3322 176
3322 177
3322 178
3322 179
3322 180
3322 181
3322 182
3322 183
3322 184
3322 185
3322 186
3322 187
3322 188
3323 42
3323 43
3323 44
3323 45
3323 46
3323 47
3323 48
3323 49
3323 50
3323 51
3323 52
3323 53
3323 54
3323 55
3323 56
3323 57
3323 58
3323 59
3323 60
3323 61
3323 62
3323 63
3323 64
3323 174
3323 175
3323 176
3323 177
3323 178
3323 179
3323 180
3323 181
3323 182
3323 183
3323 184
3323 185
3323 186
3323 187
3323 188
3323 189
3323 190
3323 191
3323 192
3323 193
3323 194
3323 195
3323 196
3323 197
3323 198
3323 199
3323 200
3323 201
3323 202
3323 203
3323 204
3323 205
3323 206
3324 64
3324 65
3324 66
3324 67
3324 68
3324 69
3324 70
3324 71
3324 72
3324 73
3324 74
3324 75
3324 76
3324 77
3324 190
3324 191
3324 192
3324 193
3324 194
3324 195
3324 196
3324 197
3324 198
3324 199
3324 200
3324 201
3324 202
3324 203
3324 204
3324 205
3324 206
3324 207
3324 208
3324 209
3324 210
3324 211
3324 212
3324 213
3324 214
3324 215
3324 216
3324 217
3324 218
3324 219
3324 220
3324 221
3324 222
3324 223
3325 208
3325 209
3325 210
3325 211
3325 212
3325 213
3325 214
3325 215
3325 216
3325 217
3325 218
3325 219
3325 220
3325 221
3325 222
3325 223
3325 224
3325 225
3325 226
3325 227
3325 228
3325 229
3325 230
3325 231
3325 232
3325 233
3325 234
3325 235
3325 236
3325 237
3326 229
3326 230
3326 231
3326 232
3326 233
3326 234
3326 235
3326 236
3326 237
3326 238
3326 239
3326 240
3326 241
3326 242
3326 243
3326 244
3326 245
3326 246
3326 247
3326 248
3326 249
3329 142
3329 143
3329 144
3329 145
3329 146
3329 147
3329 148
3329 149
3329 150
3329 151
3329 152
3330 10
3330 11
3330 12
3330 13
3330 14
3330 15
3330 16
3330 17
3330 18
3330 19
3330 20
3330 21
3330 22
3330 23
3330 24
3330 25
3330 26
3330 27
3330 28
3330 29
3330 30
3330 31
3330 32
3330 33
3330 151
3330 152
3330 153
3330 154
3330 155
3330 156
3330 157
3330 158
3330 159
3330 160
3330 161
3330 162
3330 163
3330 164
3330 165
3330 166
3330 167
3330 168
3330 169
3330 170
3330 171
3330 172
3330 173
3331 27
3331 28
3331 29
3331 30
3331 31
3331 32
3331 33
3331 34
3331 35
3331 36
3331 37
3331 38
3331 39
3331 40
3331 41
3331 42
3331 43
3331 44
3331 45
3331 46
3331 47
3331 48
3331 49
3331 50
3331 51
3331 52
3331 163
3331 164
3331 165
3331 166
3331 167
3331 168
3331 169
3331 170
3331 171
3331 172
3331 173
3331 174
3331 175
3331 176
3331 177
3331 178
3331 179
3331 180
3331 181
3331 182
3331 183
3331 184
3331 185
3331 186
3331 187
3331 188
3331 189
3331 190
3331 191
3331 192
3331 193
3332 47
3332 48
3332 49
3332 50
3332 51
3332 52
3332 53
3332 54
3332 55
3332 56
3332 57
3332 58
3332 59
3332 60
3332 61
3332 62
3332 63
3332 64
3332 65
3332 66
3332 67
3332 178
3332 179
3332 180
3332 181
3332 182
3332 183
3332 184
3332 185
3332 186
3332 187
3332 188
3332 189
3332 190
3332 191
3332 192
3332 193
3332 194
3332 195
3332 196
3332 197
3332 198
3332 199
3332 200
3332 201
3332 202
3332 203
3332 204
3332 205
3332 206
3332 207
3332 208
3332 209
3332 210
3333 70
3333 71
3333 72
3333 73
3333 74
3333 75
3333 76
3333 77
3333 78
3333 194
3333 195
3333 196
3333 197
3333 198
3333 199
3333 200
3333 201
3333 202
3333 203
3333 204
3333 205
3333 206
3333 207
3333 208
3333 209
3333 210
3333 211
3333 212
3333 213
3333 214
3333 215
3333 216
3333 217
3333 218
3333 219
3333 220
3333 221
3333 222
3333 223
3333 224
3333 225
3333 226
3333 227
3334 212
3334 213
3334 214
3334 215
3334 216
3334 217
3334 218
3334 219
3334 220
3334 221
3334 222
3334 223
3334 224
3334 225
3334 226
3334 227
3334 228
3334 229
3334 230
3334 231
3334 232
3334 233
3334 234
3334 235
3334 236
3334 237
3334 238
3334 239
3334 240
3334 241
3335 234
3335 235
3335 236
3335 237
3335 238
3335 239
3335 240
3335 241
3335 242
3335 243
3335 244
3335 245
3335 246
3335 247
3335 248
3335 249
3335 250
3335 251
3338 144
3338 145
3338 146
3338 147
3338 148
3338 149
3338 150
3338 151
3338 152
3338 153
3338 154
3338 155
3338 156
3338 157
3339 14
3339 15
3339 16
3339 17
3339 18
3339 19
3339 20
3339 21
3339 22
3339 23
3339 24
3339 25
3339 26
3339 27
3339 28
3339 29
3339 30
3339 31
3339 32
3339 33
3339 34
3339 35
3339 36
3339 37
3339 38
3339 154
3339 155
3339 156
3339 157
3339 158
3339 159
3339 160
3339 161
3339 162
3339 163
3339 164
3339 165
3339 166
3339 167
3339 168
3339 169
3339 170
3339 171
3339 172
3339 173
3339 174
3339 175
3339 176
3339 177
3339 178
3340 32
3340 33
3340 34
3340 35
3340 36
3340 37
3340 38
3340 39
3340 40
3340 41
3340 42
3340 43
3340 44
3340 45
3340 46
3340 47
3340 48
3340 49
3340 50
3340 51
3340 52
3340 53
3340 54
3340 55
3340 56
3340 167
3340 168
3340 169
3340 170
3340 171
3340 172
3340 173
3340 174
3340 175
3340 176
3340 177
3340 178
3340 179
3340 180
3340 181
3340 182
3340 183
3340 184
3340 185
3340 186
3340 187
3340 188
3340 189
3340 190
3340 191
3340 192
3340 193
3340 194
3340 195
3340 196
3340 197
3341 53
3341 54
3341 55
3341 56
3341 57
3341 58
3341 59
3341 60
3341 61
3341 62
3341 63
3341 64
3341 65
3341 66
3341 67
3341 68
3341 69
3341 70
3341 181
3341 182
3341 183
3341 184
3341 185
3341 186
3341 187
3341 188
3341 189
3341 190
3341 191
3341 192
3341 193
3341 194
3341 195
3341 196
3341 197
3341 198
3341 199
3341 200
3341 201
3341 202
3341 203
3341 204
3341 205
3341 206
3341 207
3341 208
3341 209
3341 210
3341 211
3341 212
3341 213
3341 214
3341 215
3342 198
3342 199
3342 200
3342 201
3342 202
3342 203
3342 204
3342 205
3342 206
3342 207
3342 208
3342 209
3342 210
3342 211
3342 212
3342 213
3342 214
3342 215
3342 216
3342 217
3342 218
3342 219
3342 220
3342 221
3342 222
3342 223
3342 224
3342 225
3342 226
3342 227
3342 228
3342 229
3342 230
3343 217
3343 218
3343 219
3343 220
3343 221
3343 222
3343 223
3343 224
3343 225
3343 226
3343 227
3343 228
3343 229
3343 230
3343 231
3343 232
3343 233
3343 234
3343 235
3343 236
3343 237
3343 238
3343 239
3343 240
3343 241
3343 242
3343 243
3343 244
3344 240
3344 241
3344 242
3344 243
3344 244
3344 245
3344 246
3344 247
3344 248
3344 249
3344 250
3344 251
3344 252
3347 6
3347 7
3347 8
3347 9
3347 10
3347 11
3347 12
3347 13
3347 14
3347 15
3347 16
3347 17
3347 146
3347 147
3347 148
3347 149
3347 150
3347 151
3347 152
3347 153
3347 154
3347 155
3347 156
3347 157
3347 158
3347 159
3347 160
3347 161
3347 162
3347 163
3348 18
3348 19
3348 20
3348 21
3348 22
3348 23
3348 24
3348 25
3348 26
3348 27
3348 28
3348 29
3348 30
3348 31
3348 32
3348 33
3348 34
3348 35
3348 36
3348 37
3348 38
3348 39
3348 40
3348 41
3348 42
3348 157
3348 158
3348 159
3348 160
3348 161
3348 162
3348 163
3348 164
3348 165
3348 166
3348 167
3348 168
3348 169
3348 170
3348 171
3348 172
3348 173
3348 174
3348 175
3348 176
3348 177
3348 178
3348 179
3348 180
3348 181
3348 182
3348 183
3349 37
3349 38
3349 39
3349 40
3349 41
3349 42
3349 43
3349 44
3349 45
3349 46
3349 47
3349 48
3349 49
3349 50
3349 51
3349 52
3349 53
3349 54
3349 55
3349 56
3349 57
3349 58
3349 59
3349 170
3349 171
3349 172
3349 173
3349 174
3349 175
3349 176
3349 177
3349 178
3349 179
3349 180
3349 181
3349 182
3349 183
3349 184
3349 185
3349 186
3349 187
3349 188
3349 189
3349 190
3349 191
3349 192
3349 193
3349 194
3349 195
3349 196
3349 197
3349 198
3349 199
3349 200
3349 201
3350 58
3350 59
3350 60
3350 61
3350 62
3350 63
3350 64
3350 65
3350 66
3350 67
3350 68
3350 69
3350 70
3350 71
3350 72
3350 73
3350 185
3350 186
3350 187
3350 188
3350 189
3350 190
3350 191
3350 192
3350 193
3350 194
3350 195
3350 196
3350 197
3350 198
3350 199
3350 200
3350 201
3350 202
3350 203
3350 204
3350 205
3350 206
3350 207
3350 208
3350 209
3350 210
3350 211
3350 212
3350 213
3350 214
3350 215
3350 216
3350 217
3350 218
3350 219
3351 202
3351 203
3351 204
3351 205
3351 206
3351 207
3351 208
3351 209
3351 210
3351 211
3351 212
3351 213
3351 214
3351 215
3351 216
3351 217
3351 218
3351 219
3351 220
3351 221
3351 222
3351 223
3351 224
3351 225
3351 226
3351 227
3351 228
3351 229
3351 230
3351 231
3351 232
3351 233
3351 234
3352 222
3352 223
3352 224
3352 225
3352 226
3352 227
3352 228
3352 229
3352 230
3352 231
3352 232
3352 233
3352 234
3352 235
3352 236
3352 237
3352 238
3352 239
3352 240
3352 241
3352 242
3352 243
3352 244
3352 245
3352 246
3352 247
3353 249
3353 250
3353 251
3355 141
3355 142
3355 143
3355 144
3356 8
3356 9
3356 10
3356 11
3356 12
3356 13
3356 14
3356 15
3356 16
3356 17
3356 18
3356 19
3356 20
3356 21
3356 22
3356 23
3356 24
3356 148
3356 149
3356 150
3356 151
3356 152
3356 153
3356 154
3356 155
3356 156
3356 157
3356 158
3356 159
3356 160
3356 161
3356 162
3356 163
3356 164
3356 165
3356 166
3356 167
3356 168
3357 23
3357 24
3357 25
3357 26
3357 27
3357 28
3357 29
3357 30
3357 31
3357 32
3357 33
3357 34
3357 35
3357 36
3357 37
3357 38
3357 39
3357 40
3357 41
3357 42
3357 43
3357 44
3357 45
3357 46
3357 160
3357 161
3357 162
3357 163
3357 164
3357 165
3357 166
3357 167
3357 168
3357 169
3357 170
3357 171
3357 172
3357 173
3357 174
3357 175
3357 176
3357 177
3357 178
3357 179
3357 180
3357 181
3357 182
3357 183
3357 184
3357 185
3357 186
3357 187
3358 42
3358 43
3358 44
3358 45
3358 46
3358 47
3358 48
3358 49
3358 50
3358 51
3358 52
3358 53
3358 54
3358 55
3358 56
3358 57
3358 58
3358 59
3358 60
3358 61
3358 62
3358 173
3358 174
3358 175
3358 176
3358 177
3358 178
3358 179
3358 180
3358 181
3358 182
3358 183
3358 184
3358 185
3358 186
3358 187
3358 188
3358 189
3358 190
3358 191
3358 192
3358 193
3358 194
3358 195
3358 196
3358 197
3358 198
3358 199
3358 200
3358 201
3358 202
3358 203
3358 204
3358 205
3358 206
3359 64
3359 65
3359 66
3359 67
3359 68
3359 69
3359 70
3359 71
3359 72
3359 73
3359 74
3359 189
3359 190
3359 191
3359 192
3359 193
3359 194
3359 195
3359 196
3359 197
3359 198
3359 199
3359 200
3359 201
3359 202
3359 203
3359 204
3359 205
3359 206
3359 207
3359 208
3359 209
3359 210
3359 211
3359 212
3359 213
3359 214
3359 215
3359 216
3359 217
3359 218
3359 219
3359 220
3359 221
3359 222
3359 223
3360 207
3360 208
3360 209
3360 210
3360 211
3360 212
3360 213
3360 214
3360 215
3360 216
3360 217
3360 218
3360 219
3360 220
3360 221
3360 222
3360 223
3360 224
3360 225
3360 226
3360 227
3360 228
3360 229
3360 230
3360 231
3360 232
3360 233
3360 234
3360 235
3360 236
3360 237
3361 227
3361 228
3361 229
3361 230
3361 231
3361 232
3361 233
3361 234
3361 235
3361 236
3361 237
3361 238
3361 239
3361 240
3361 241
3361 242
3361 243
3361 244
3361 245
3361 246
3361 247
3361 248
3361 249
3364 141
3364 142
3364 143
3364 144
3364 145
3364 146
3364 147
3364 148
3364 149
3364 150
3364 151
3365 11
3365 12
3365 13
3365 14
3365 15
3365 16
3365 17
3365 18
3365 19
3365 20
3365 21
3365 22
3365 23
3365 24
3365 25
3365 26
3365 27
3365 28
3365 29
3365 30
3365 150
3365 151
3365 152
3365 153
3365 154
3365 155
3365 156
3365 157
3365 158
3365 159
3365 160
3365 161
3365 162
3365 163
3365 164
3365 165
3365 166
3365 167
3365 168
3365 169
3365 170
3365 171
3365 172
3365 173
3366 27
3366 28
3366 29
3366 30
3366 31
3366 32
3366 33
3366 34
3366 35
3366 36
3366 37
3366 38
3366 39
3366 40
3366 41
3366 42
3366 43
3366 44
3366 45
3366 46
3366 47
3366 48
3366 49
3366 50
3366 163
3366 164
3366 165
3366 166
3366 167
3366 168
3366 169
3366 170
3366 171
3366 172
3366 173
3366 174
3366 175
3366 176
3366 177
3366 178
3366 179
3366 180
3366 181
3366 182
3366 183
3366 184
3366 185
3366 186
3366 187
3366 188
3366 189
3366 190
3366 191
3366 192
3367 47
3367 48
3367 49
3367 50
3367 51
3367 52
3367 53
3367 54
3367 55
3367 56
3367 57
3367 58
3367 59
3367 60
3367 61
3367 62
3367 63
3367 64
3367 65
3367 177
3367 178
3367 179
3367 180
3367 181
3367 182
3367 183
3367 184
3367 185
3367 186
3367 187
3367 188
3367 189
3367 190
3367 191
3367 192
3367 193
3367 194
3367 195
3367 196
3367 197
3367 198
3367 199
3367 200
3367 201
3367 202
3367 203
3367 204
3367 205
3367 206
3367 207
3367 208
3367 209
3367 210
3368 71
3368 72
3368 73
3368 74
3368 75
3368 193
3368 194
3368 195
3368 196
3368 197
3368 198
3368 199
3368 200
3368 201
3368 202
3368 203
3368 204
3368 205
3368 206
3368 207
3368 208
3368 209
3368 210
3368 211
3368 212
3368 213
3368 214
3368 215
3368 216
3368 217
3368 218
3368 219
3368 220
3368 221
3368 222
3368 223
3368 224
3368 225
3368 226
3369 211
3369 212
3369 213
3369 214
3369 215
3369 216
3369 217
3369 218
3369 219
3369 220
3369 221
3369 222
3369 223
3369 224
3369 225
3369 226
3369 227
3369 228
3369 229
3369 230
3369 231
3369 232
3369 233
3369 234
3369 235
3369 236
3369 237
3369 238
3369 239
3369 240
3369 241
3370 232
3370 233
3370 234
3370 235
3370 236
3370 237
3370 238
3370 239
3370 240
3370 241
3370 242
3370 243
3370 244
3370 245
3370 246
3370 247
3370 248
3370 249
3370 250
3370 251
3370 252
3373 143
3373 144
3373 145
3373 146
3373 147
3373 148
3373 149
3373 150
3373 151
3373 152
3373 153
3373 154
3373 155
3373 156
3374 15
3374 16
3374 17
3374 18
3374 19
3374 20
3374 21
3374 22
3374 23
3374 24
3374 25
3374 26
3374 27
3374 28
3374 29
3374 30
3374 31
3374 32
3374 33
3374 34
3374 35
3374 153
3374 154
3374 155
3374 156
3374 157
3374 158
3374 159
3374 160
3374 161
3374 162
3374 163
3374 164
3374 165
3374 166
3374 167
3374 168
3374 169
3374 170
3374 171
3374 172
3374 173
3374 174
3374 175
3374 176
3374 177
3375 32
3375 33
3375 34
3375 35
3375 36
3375 37
3375 38
3375 39
3375 40
3375 41
3375 42
3375 43
3375 44
3375 45
3375 46
3375 47
3375 48
3375 49
3375 50
3375 51
3375 52
3375 53
3375 54
3375 166
3375 167
3375 168
3375 169
3375 170
3375 171
3375 172
3375 173
3375 174
3375 175
3375 176
3375 177
3375 178
3375 179
3375 180
3375 181
3375 182
3375 183
3375 184
3375 185
3375 186
3375 187
3375 188
3375 189
3375 190
3375 191
3375 192
3375 193
3375 194
3375 195
3375 196
3376 53
3376 54
3376 55
3376 56
3376 57
3376 58
3376 59
3376 60
3376 61
3376 62
3376 63
3376 64
3376 65
3376 66
3376 67
3376 68
3376 180
3376 181
3376 182
3376 183
3376 184
3376 185
3376 186
3376 187
3376 188
3376 189
3376 190
3376 191
3376 192
3376 193
3376 194
3376 195
3376 196
3376 197
3376 198
3376 199
3376 200
3376 201
3376 202
3376 203
3376 204
3376 205
3376 206
3376 207
3376 208
3376 209
3376 210
3376 211
3376 212
3376 213
3376 214
3377 197
3377 198
3377 199
3377 200
3377 201
3377 202
3377 203
3377 204
3377 205
3377 206
3377 207
3377 208
3377 209
3377 210
3377 211
3377 212
3377 213
3377 214
3377 215
3377 216
3377 217
3377 218
3377 219
3377 220
3377 221
3377 222
3377 223
3377 224
3377 225
3377 226
3377 227
3377 228
3377 229
3377 230
3378 216
3378 217
3378 218
3378 219
3378 220
3378 221
3378 222
3378 223
3378 224
3378 225
3378 226
3378 227
3378 228
3378 229
3378 230
3378 231
3378 232
3378 233
3378 234
3378 235
3378 236
3378 237
3378 238
3378 239
3378 240
3378 241
3378 242
3378 243
3378 244
3379 238
3379 239
3379 240
3379 241
3379 242
3379 243
3379 244
3379 245
3379 246
3379 247
3379 248
3379 249
3379 250
3379 251
3379 252
3379 253
3379 254
3382 145
3382 146
3382 147
3382 148
3382 149
3382 150
3382 151
3382 152
3382 153
3382 154
3382 155
3382 156
3382 157
3382 158
3382 159
3382 160
3382 161
3382 162
3383 19
3383 20
3383 21
3383 22
3383 23
3383 24
3383 25
3383 26
3383 27
3383 28
3383 29
3383 30
3383 31
3383 32
3383 33
3383 34
3383 35
3383 36
3383 37
3383 38
3383 39
3383 156
3383 157
3383 158
3383 159
3383 160
3383 161
3383 162
3383 163
3383 164
3383 165
3383 166
3383 167
3383 168
3383 169
3383 170
3383 171
3383 172
3383 173
3383 174
3383 175
3383 176
3383 177
3383 178
3383 179
3383 180
3383 181
3383 182
3384 37
3384 38
3384 39
3384 40
3384 41
3384 42
3384 43
3384 44
3384 45
3384 46
3384 47
3384 48
3384 49
3384 50
3384 51
3384 52
3384 53
3384 54
3384 55
3384 56
3384 57
3384 169
3384 170
3384 171
3384 172
3384 173
3384 174
3384 175
3384 176
3384 177
3384 178
3384 179
3384 180
3384 181
3384 182
3384 183
3384 184
3384 185
3384 186
3384 187
3384 188
3384 189
3384 190
3384 191
3384 192
3384 193
3384 194
3384 195
3384 196
3384 197
3384 198
3384 199
3384 200
3384 201
3385 59
3385 60
3385 61
3385 62
3385 63
3385 64
3385 65
3385 66
3385 67
3385 68
3385 69
3385 70
3385 184
3385 185
3385 186
3385 187
3385 188
3385 189
3385 190
3385 191
3385 192
3385 193
3385 194
3385 195
3385 196
3385 197
3385 198
3385 199
3385 200
3385 201
3385 202
3385 203
3385 204
3385 205
3385 206
3385 207
3385 208
3385 209
3385 210
3385 211
3385 212
3385 213
3385 214
3385 215
3385 216
3385 217
3385 218
3386 201
3386 202
3386 203
3386 204
3386 205
3386 206
3386 207
3386 208
3386 209
3386 210
3386 211
3386 212
3386 213
3386 214
3386 215
3386 216
3386 217
3386 218
3386 219
3386 220
3386 221
3386 222
3386 223
3386 224
3386 225
3386 226
3386 227
3386 228
3386 229
3386 230
3386 231
3386 232
3386 233
3386 234
3387 220
3387 221
3387 222
3387 223
3387 224
3387 225
3387 226
3387 227
3387 228
3387 229
3387 230
3387 231
3387 232
3387 233
3387 234
3387 235
3387 236
3387 237
3387 238
3387 239
3387 240
3387 241
3387 242
3387 243
3387 244
3387 245
3387 246
3387 247
3388 244
3388 245
3388 246
3388 247
3388 248
3388 249
3388 250
3388 251
3388 252
3388 253
3388 254
3388 255
3391 11
3391 12
3391 13
3391 14
3391 15
3391 16
3391 17
3391 18
3391 147
3391 148
3391 149
3391 150
3391 151
3391 152
3391 153
3391 154
3391 155
3391 156
3391 157
3391 158
3391 159
3391 160
3391 161
3391 162
3391 163
3391 164
3391 165
3391 166
3391 167
3392 23
3392 24
3392 25
3392 26
3392 27
3392 28
3392 29
3392 30
3392 31
3392 32
3392 33
3392 34
3392 35
3392 36
3392 37
3392 38
3392 39
3392 40
3392 41
3392 42
3392 43
3392 159
3392 160
3392 161
3392 162
3392 163
3392 164
3392 165
3392 166
3392 167
3392 168
3392 169
3392 170
3392 171
3392 172
3392 173
3392 174
3392 175
3392 176
3392 177
3392 178
3392 179
3392 180
3392 181
3392 182
3392 183
3392 184
3392 185
3392 186
3392 187
3393 43
3393 44
3393 45
3393 46
3393 47
3393 48
3393 49
3393 50
3393 51
3393 52
3393 53
3393 54
3393 55
3393 56
3393 57
3393 58
3393 59
3393 60
3393 172
3393 173
3393 174
3393 175
3393 176
3393 177
3393 178
3393 179
3393 180
3393 181
3393 182
3393 183
3393 184
3393 185
3393 186
3393 187
3393 188
3393 189
3393 190
3393 191
3393 192
3393 193
3393 194
3393 195
3393 196
3393 197
3393 198
3393 199
3393 200
3393 201
3393 202
3393 203
3393 204
3393 205
3394 66
3394 67
3394 68
3394 69
3394 70
3394 71
3394 188
3394 189
3394 190
3394 191
3394 192
3394 193
3394 194
3394 195
3394 196
3394 197
3394 198
3394 199
3394 200
3394 201
3394 202
3394 203
3394 204
3394 205
3394 206
3394 207
3394 208
3394 209
3394 210
3394 211
3394 212
3394 213
3394 214
3394 215
3394 216
3394 217
3394 218
3394 219
3394 220
3394 221
3394 222
3395 205
3395 206
3395 207
3395 208
3395 209
3395 210
3395 211
3395 212
3395 213
3395 214
3395 215
3395 216
3395 217
3395 218
3395 219
3395 220
3395 221
3395 222
3395 223
3395 224
3395 225
3395 226
3395 227
3395 228
3395 229
3395 230
3395 231
3395 232
3395 233
3395 234
3395 235
3395 236
3395 237
3396 225
3396 226
3396 227
3396 228
3396 229
3396 230
3396 231
3396 232
3396 233
3396 234
3396 235
3396 236
3396 237
3396 238
3396 239
3396 240
3396 241
3396 242
3396 243
3396 244
3396 245
3396 246
3396 247
3396 248
3396 249
3396 250
3399 141
3399 142
3399 143
3399 144
3399 145
3399 146
3399 147
3399 148
3399 149
3400 13
3400 14
3400 15
3400 16
3400 17
3400 18
3400 19
3400 20
3400 21
3400 22
3400 23
3400 24
3400 25
3400 150
3400 151
3400 152
3400 153
3400 154
3400 155
3400 156
3400 157
3400 158
3400 159
3400 160
3400 161
3400 162
3400 163
3400 164
3400 165
3400 166
3400 167
3400 168
3400 169
3400 170
3400 171
3400 172
3401 28
3401 29
3401 30
3401 31
3401 32
3401 33
3401 34
3401 35
3401 36
3401 37
3401 38
3401 39
3401 40
3401 41
3401 42
3401 43
3401 44
3401 45
3401 46
3401 47
3401 162
3401 163
3401 164
3401 165
3401 166
3401 167
3401 168
3401 169
3401 170
3401 171
3401 172
3401 173
3401 174
3401 175
3401 176
3401 177
3401 178
3401 179
3401 180
3401 181
3401 182
3401 183
3401 184
3401 185
3401 186
3401 187
3401 188
3401 189
3401 190
3401 191
3402 48
3402 49
3402 50
3402 51
3402 52
3402 53
3402 54
3402 55
3402 56
3402 57
3402 58
3402 59
3402 60
3402 61
3402 62
3402 63
3402 176
3402 177
3402 178
3402 179
3402 180
3402 181
3402 182
3402 183
3402 184
3402 185
3402 186
3402 187
3402 188
3402 189
3402 190
3402 191
3402 192
3402 193
3402 194
3402 195
3402 196
3402 197
3402 198
3402 199
3402 200
3402 201
3402 202
3402 203
3402 204
3402 205
3402 206
3402 207
3402 208
3402 209
3403 192
3403 193
3403 194
3403 195
3403 196
3403 197
3403 198
3403 199
3403 200
3403 201
3403 202
3403 203
3403 204
3403 205
3403 206
3403 207
3403 208
3403 209
3403 210
3403 211
3403 212
3403 213
3403 214
3403 215
3403 216
3403 217
3403 218
3403 219
3403 220
3403 221
3403 222
3403 223
3403 224
3403 225
3403 226
3404 210
3404 211
3404 212
3404 213
3404 214
3404 215
3404 216
3404 217
3404 218
3404 219
3404 220
3404 221
3404 222
3404 223
3404 224
3404 225
3404 226
3404 227
3404 228
3404 229
3404 230
3404 231
3404 232
3404 233
3404 234
3404 235
3404 236
3404 237
3404 238
3404 239
3404 240
3404 241
3405 230
3405 231
3405 232
3405 233
3405 234
3405 235
3405 236
3405 237
3405 238
3405 239
3405 240
3405 241
3405 242
3405 243
3405 244
3405 245
3405 246
3405 247
3405 248
3405 249
3405 250
3405 251
3405 252
3405 253
3408 143
3408 144
3408 145
3408 146
3408 147
3408 148
3408 149
3408 150
3408 151
3408 152
3408 153
3408 154
3408 155
3409 16
3409 17
3409 18
3409 19
3409 20
3409 21
3409 22
3409 23
3409 24
3409 25
3409 26
3409 27
3409 28
3409 29
3409 30
3409 31
3409 152
3409 153
3409 154
3409 155
3409 156
3409 157
3409 158
3409 159
3409 160
3409 161
3409 162
3409 163
3409 164
3409 165
3409 166
3409 167
3409 168
3409 169
3409 170
3409 171
3409 172
3409 173
3409 174
3409 175
3409 176
3410 33
3410 34
3410 35
3410 36
3410 37
3410 38
3410 39
3410 40
3410 41
3410 42
3410 43
3410 44
3410 45
3410 46
3410 47
3410 48
3410 49
3410 50
3410 51
3410 165
3410 166
3410 167
3410 168
3410 169
3410 170
3410 171
3410 172
3410 173
3410 174
3410 175
3410 176
3410 177
3410 178
3410 179
3410 180
3410 181
3410 182
3410 183
3410 184
3410 185
3410 186
3410 187
3410 188
3410 189
3410 190
3410 191
3410 192
3410 193
3410 194
3410 195
3410 196
3411 54
3411 55
3411 56
3411 57
3411 58
3411 59
3411 60
3411 61
3411 62
3411 63
3411 64
3411 65
3411 179
3411 180
3411 181
3411 182
3411 183
3411 184
3411 185
3411 186
3411 187
3411 188
3411 189
3411 190
3411 191
3411 192
3411 193
3411 194
3411 195
3411 196
3411 197
3411 198
3411 199
3411 200
3411 201
3411 202
3411 203
3411 204
3411 205
3411 206
3411 207
3411 208
3411 209
3411 210
3411 211
3411 212
3411 213
3412 196
3412 197
3412 198
3412 199
3412 200
3412 201
3412 202
3412 203
3412 204
3412 205
3412 206
3412 207
3412 208
3412 209
3412 210
3412 211
3412 212
3412 213
3412 214
3412 215
3412 216
3412 217
3412 218
3412 219
3412 220
3412 221
3412 222
3412 223
3412 224
3412 225
3412 226
3412 227
3412 228
3412 229
3412 230
3413 214
3413 215
3413 216
3413 217
3413 218
3413 219
3413 220
3413 221
3413 222
3413 223
3413 224
3413 225
3413 226
3413 227
3413 228
3413 229
3413 230
3413 231
3413 232
3413 233
3413 234
3413 235
3413 236
3413 237
3413 238
3413 239
3413 240
3413 241
3413 242
3413 243
3413 244
3414 236
3414 237
3414 238
3414 239
3414 240
3414 241
3414 242
3414 243
3414 244
3414 245
3414 246
3414 247
3414 248
3414 249
3414 250
3414 251
3414 252
3414 253
3414 254
3414 255
3417 145
3417 146
3417 147
3417 148
3417 149
3417 150
3417 151
3417 152
3417 153
3417 154
3417 155
3417 156
3417 157
3417 158
3417 159
3417 160
3418 20
3418 21
3418 22
3418 23
3418 24
3418 25
3418 26
3418 27
3418 28
3418 29
3418 30
3418 31
3418 32
3418 33
3418 34
3418 35
3418 36
3418 155
3418 156
3418 157
3418 158
3418 159
3418 160
3418 161
3418 162
3418 163
3418 164
3418 165
3418 166
3418 167
3418 168
3418 169
3418 170
3418 171
3418 172
3418 173
3418 174
3418 175
3418 176
3418 177
3418 178
3418 179
3418 180
3418 181
3419 38
3419 39
3419 40
3419 41
3419 42
3419 43
3419 44
3419 45
3419 46
3419 47
3419 48
3419 49
3419 50
3419 51
3419 52
3419 53
3419 54
3419 168
3419 169
3419 170
3419 171
3419 172
3419 173
3419 174
3419 175
3419 176
3419 177
3419 178
3419 179
3419 180
3419 181
3419 182
3419 183
3419 184
3419 185
3419 186
3419 187
3419 188
3419 189
3419 190
3419 191
3419 192
3419 193
3419 194
3419 195
3419 196
3419 197
3419 198
3419 199
3419 200
3420 61
3420 62
3420 63
3420 64
3420 65
3420 183
3420 184
3420 185
3420 186
3420 187
3420 188
3420 189
3420 190
3420 191
3420 192
3420 193
3420 194
3420 195
3420 196
3420 197
3420 198
3420 199
3420 200
3420 201
3420 202
3420 203
3420 204
3420 205
3420 206
3420 207
3420 208
3420 209
3420 210
3420 211
3420 212
3420 213
3420 214
3420 215
3420 216
3420 217
3421 200
3421 201
3421 202
3421 203
3421 204
3421 205
3421 206
3421 207
3421 208
3421 209
3421 210
3421 211
3421 212
3421 213
3421 214
3421 215
3421 216
3421 217
3421 218
3421 219
3421 220
3421 221
3421 222
3421 223
3421 224
3421 225
3421 226
3421 227
3421 228
3421 229
3421 230
3421 231
3421 232
3421 233
3422 219
3422 220
3422 221
3422 222
3422 223
3422 224
3422 225
3422 226
3422 227
3422 228
3422 229
3422 230
3422 231
3422 232
3422 233
3422 234
3422 235
3422 236
3422 237
3422 238
3422 239
3422 240
3422 241
3422 242
3422 243
3422 244
3422 245
3422 246
3422 247
3423 242
3423 243
3423 244
3423 245
3423 246
3423 247
3423 248
3423 249
3423 250
3423 251
3423 252
3423 253
3423 254
3423 255
3423 256
3423 257
3426 147
3426 148
3426 149
3426 150
3426 151
3426 152
3426 153
3426 154
3426 155
3426 156
3426 157
3426 158
3426 159
3426 160
3426 161
3426 162
3426 163
3426 164
3426 165
3427 25
3427 26
3427 27
3427 28
3427 29
3427 30
3427 31
3427 32
3427 33
3427 34
3427 35
3427 36
3427 37
3427 38
3427 39
3427 40
3427 158
3427 159
3427 160
3427 161
3427 162
3427 163
3427 164
3427 165
3427 166
3427 167
3427 168
3427 169
3427 170
3427 171
3427 172
3427 173
3427 174
3427 175
3427 176
3427 177
3427 178
3427 179
3427 180
3427 181
3427 182
3427 183
3427 184
3427 185
3427 186
3428 44
3428 45
3428 46
3428 47
3428 48
3428 49
3428 50
3428 51
3428 52
3428 53
3428 54
3428 55
3428 56
3428 57
3428 171
3428 172
3428 173
3428 174
3428 175
3428 176
3428 177
3428 178
3428 179
3428 180
3428 181
3428 182
3428 183
3428 184
3428 185
3428 186
3428 187
3428 188
3428 189
3428 190
3428 191
3428 192
3428 193
3428 194
3428 195
3428 196
3428 197
3428 198
3428 199
3428 200
3428 201
3428 202
3428 203
3428 204
3429 187
3429 188
3429 189
3429 190
3429 191
3429 192
3429 193
3429 194
3429 195
3429 196
3429 197
3429 198
3429 199
3429 200
3429 201
3429 202
3429 203
3429 204
3429 205
3429 206
3429 207
3429 208
3429 209
3429 210
3429 211
3429 212
3429 213
3429 214
3429 215
3429 216
3429 217
3429 218
3429 219
3429 220
3429 221
3430 204
3430 205
3430 206
3430 207
3430 208
3430 209
3430 210
3430 211
3430 212
3430 213
3430 214
3430 215
3430 216
3430 217
3430 218
3430 219
3430 220
3430 221
3430 222
3430 223
3430 224
3430 225
3430 226
3430 227
3430 228
3430 229
3430 230
3430 231
3430 232
3430 233
3430 234
3430 235
3430 236
3430 237
3431 224
3431 225
3431 226
3431 227
3431 228
3431 229
3431 230
3431 231
3431 232
3431 233
3431 234
3431 235
3431 236
3431 237
3431 238
3431 239
3431 240
3431 241
3431 242
3431 243
3431 244
3431 245
3431 246
3431 247
3431 248
3431 249
3431 250
3432 248
3432 249
3432 250
3432 251
3432 252
3432 253
3432 254
3432 255
3432 256
3432 257
3432 258
3434 142
3434 143
3434 144
3434 145
3434 146
3434 147
3435 149
3435 150
3435 151
3435 152
3435 153
3435 154
3435 155
3435 156
3435 157
3435 158
3435 159
3435 160
3435 161
3435 162
3435 163
3435 164
3435 165
3435 166
3435 167
3435 168
3435 169
3435 170
3436 30
3436 31
3436 32
3436 33
3436 34
3436 35
3436 36
3436 37
3436 38
3436 39
3436 40
3436 41
3436 42
3436 43
3436 161
3436 162
3436 163
3436 164
3436 165
3436 166
3436 167
3436 168
3436 169
3436 170
3436 171
3436 172
3436 173
3436 174
3436 175
3436 176
3436 177
3436 178
3436 179
3436 180
3436 181
3436 182
3436 183
3436 184
3436 185
3436 186
3436 187
3436 188
3436 189
3436 190
3437 50
3437 51
3437 52
3437 53
3437 54
3437 55
3437 56
3437 57
3437 58
3437 175
3437 176
3437 177
3437 178
3437 179
3437 180
3437 181
3437 182
3437 183
3437 184
3437 185
3437 186
3437 187
3437 188
3437 189
3437 190
3437 191
3437 192
3437 193
3437 194
3437 195
3437 196
3437 197
3437 198
3437 199
3437 200
3437 201
3437 202
3437 203
3437 204
3437 205
3437 206
3437 207
3437 208
3438 191
3438 192
3438 193
3438 194
3438 195
3438 196
3438 197
3438 198
3438 199
3438 200
3438 201
3438 202
3438 203
3438 204
3438 205
3438 206
3438 207
3438 208
3438 209
3438 210
3438 211
3438 212
3438 213
3438 214
3438 215
3438 216
3438 217
3438 218
3438 219
3438 220
3438 221
3438 222
3438 223
3438 224
3438 225
3439 209
3439 210
3439 211
3439 212
3439 213
3439 214
3439 215
3439 216
3439 217
3439 218
3439 219
3439 220
3439 221
3439 222
3439 223
3439 224
3439 225
3439 226
3439 227
3439 228
3439 229
3439 230
3439 231
3439 232
3439 233
3439 234
3439 235
3439 236
3439 237
3439 238
3439 239
3439 240
3440 229
3440 230
3440 231
3440 232
3440 233
3440 234
3440 235
3440 236
3440 237
3440 238
3440 239
3440 240
3440 241
3440 242
3440 243
3440 244
3440 245
3440 246
3440 247
3440 248
3440 249
3440 250
3440 251
3440 252
3440 253
3443 143
3443 144
3443 145
3443 146
3443 147
3443 148
3443 149
3443 150
3443 151
3443 152
3443 153
3444 152
3444 153
3444 154
3444 155
3444 156
3444 157
3444 158
3444 159
3444 160
3444 161
3444 162
3444 163
3444 164
3444 165
3444 166
3444 167
3444 168
3444 169
3444 170
3444 171
3444 172
3444 173
3444 174
3444 175
3445 35
3445 36
3445 37
3445 38
3445 39
3445 40
3445 41
3445 42
3445 43
3445 44
3445 45
3445 46
3445 47
3445 164
3445 165
3445 166
3445 167
3445 168
3445 169
3445 170
3445 171
3445 172
3445 173
3445 174
3445 175
3445 176
3445 177
3445 178
3445 179
3445 180
3445 181
3445 182
3445 183
3445 184
3445 185
3445 186
3445 187
3445 188
3445 189
3445 190
3445 191
3445 192
3445 193
3445 194
3445 195
3446 179
3446 180
3446 181
3446 182
3446 183
3446 184
3446 185
3446 186
3446 187
3446 188
3446 189
3446 190
3446 191
3446 192
3446 193
3446 194
3446 195
3446 196
3446 197
3446 198
3446 199
3446 200
3446 201
3446 202
3446 203
3446 204
3446 205
3446 206
3446 207
3446 208
3446 209
3446 210
3446 211
3446 212
3446 213
3447 195
3447 196
3447 197
3447 198
3447 199
3447 200
3447 201
3447 202
3447 203
3447 204
3447 205
3447 206
3447 207
3447 208
3447 209
3447 210
3447 211
3447 212
3447 213
3447 214
3447 215
3447 216
3447 217
3447 218
3447 219
3447 220
3447 221
3447 222
3447 223
3447 224
3447 225
3447 226
3447 227
3447 228
3447 229
3448 213
3448 214
3448 215
3448 216
3448 217
3448 218
3448 219
3448 220
3448 221
3448 222
3448 223
3448 224
3448 225
3448 226
3448 227
3448 228
3448 229
3448 230
3448 231
3448 232
3448 233
3448 234
3448 235
3448 236
3448 237
3448 238
3448 239
3448 240
3448 241
3448 242
3448 243
3448 244
3449 234
3449 235
3449 236
3449 237
3449 238
3449 239
3449 240
3449 241
3449 242
3449 243
3449 244
3449 245
3449 246
3449 247
3449 248
3449 249
3449 250
3449 251
3449 252
3449 253
3449 254
3449 255
3452 144
3452 145
3452 146
3452 147
3452 148
3452 149
3452 150
3452 151
3452 152
3452 153
3452 154
3452 155
3452 156
3452 157
3452 158
3452 159
3453 25
3453 26
3453 27
3453 28
3453 155
3453 156
3453 157
3453 158
3453 159
3453 160
3453 161
3453 162
3453 163
3453 164
3453 165
3453 166
3453 167
3453 168
3453 169
3453 170
3453 171
3453 172
3453 173
3453 174
3453 175
3453 176
3453 177
3453 178
3453 179
3453 180
3454 41
3454 42
3454 43
3454 44
3454 45
3454 46
3454 47
3454 48
3454 49
3454 167
3454 168
3454 169
3454 170
3454 171
3454 172
3454 173
3454 174
3454 175
3454 176
3454 177
3454 178
3454 179
3454 180
3454 181
3454 182
3454 183
3454 184
3454 185
3454 186
3454 187
3454 188
3454 189
3454 190
3454 191
3454 192
3454 193
3454 194
3454 195
3454 196
3454 197
3454 198
3454 199
3455 182
3455 183
3455 184
3455 185
3455 186
3455 187
3455 188
3455 189
3455 190
3455 191
3455 192
3455 193
3455 194
3455 195
3455 196
3455 197
3455 198
3455 199
3455 200
3455 201
3455 202
3455 203
3455 204
3455 205
3455 206
3455 207
3455 208
3455 209
3455 210
3455 211
3455 212
3455 213
3455 214
3455 215
3455 216
3455 217
3456 199
3456 200
3456 201
3456 202
3456 203
3456 204
3456 205
3456 206
3456 207
3456 208
3456 209
3456 210
3456 211
3456 212
3456 213
3456 214
3456 215
3456 216
3456 217
3456 218
3456 219
3456 220
3456 221
3456 222
3456 223
3456 224
3456 225
3456 226
3456 227
3456 228
3456 229
3456 230
3456 231
3456 232
3456 233
3457 218
3457 219
3457 220
3457 221
3457 222
3457 223
3457 224
3457 225
3457 226
3457 227
3457 228
3457 229
3457 230
3457 231
3457 232
3457 233
3457 234
3457 235
3457 236
3457 237
3457 238
3457 239
3457 240
3457 241
3457 242
3457 243
3457 244
3457 245
3457 246
3457 247
3458 240
3458 241
3458 242
3458 243
3458 244
3458 245
3458 246
3458 247
3458 248
3458 249
3458 250
3458 251
3458 252
3458 253
3458 254
3458 255
3458 256
3458 257
3458 258
3461 146
3461 147
3461 148
3461 149
3461 150
3461 151
3461 152
3461 153
3461 154
3461 155
3461 156
3461 157
3461 158
3461 159
3461 160
3461 161
3461 162
3461 163
3461 164
3462 30
3462 31
3462 32
3462 33
3462 157
3462 158
3462 159
3462 160
3462 161
3462 162
3462 163
3462 164
3462 165
3462 166
3462 167
3462 168
3462 169
3462 170
3462 171
3462 172
3462 173
3462 174
3462 175
3462 176
3462 177
3462 178
3462 179
3462 180
3462 181
3462 182
3462 183
3462 184
3463 171
3463 172
3463 173
3463 174
3463 175
3463 176
3463 177
3463 178
3463 179
3463 180
3463 181
3463 182
3463 183
3463 184
3463 185
3463 186
3463 187
3463 188
3463 189
3463 190
3463 191
3463 192
3463 193
3463 194
3463 195
3463 196
3463 197
3463 198
3463 199
3463 200
3463 201
3463 202
3463 203
3464 186
3464 187
3464 188
3464 189
3464 190
3464 191
3464 192
3464 193
3464 194
3464 195
3464 196
3464 197
3464 198
3464 199
3464 200
3464 201
3464 202
3464 203
3464 204
3464 205
3464 206
3464 207
3464 208
3464 209
3464 210
3464 211
3464 212
3464 213
3464 214
3464 215
3464 216
3464 217
3464 218
3464 219
3464 220
3464 221
3465 203
3465 204
3465 205
3465 206
3465 207
3465 208
3465 209
3465 210
3465 211
3465 212
3465 213
3465 214
3465 215
3465 216
3465 217
3465 218
3465 219
3465 220
3465 221
3465 222
3465 223
3465 224
3465 225
3465 226
3465 227
3465 228
3465 229
3465 230
3465 231
3465 232
3465 233
3465 234
3465 235
3465 236
3466 223
3466 224
3466 225
3466 226
3466 227
3466 228
3466 229
3466 230
3466 231
3466 232
3466 233
3466 234
3466 235
3466 236
3466 237
3466 238
3466 239
3466 240
3466 241
3466 242
3466 243
3466 244
3466 245
3466 246
3466 247
3466 248
3466 249
3466 250
3467 245
3467 246
3467 247
3467 248
3467 249
3467 250
3467 251
3467 252
3467 253
3467 254
3467 255
3467 256
3467 257
3467 258
3467 259
3467 260
3470 149
3470 150
3470 151
3470 152
3470 153
3470 154
3470 155
3470 156
3470 157
3470 158
3470 159
3470 160
3470 161
3470 162
3470 163
3470 164
3470 165
3470 166
3470 167
3470 168
3470 169
3471 160
3471 161
3471 162
3471 163
3471 164
3471 165
3471 166
3471 167
3471 168
3471 169
3471 170
3471 171
3471 172
3471 173
3471 174
3471 175
3471 176
3471 177
3471 178
3471 179
3471 180
3471 181
3471 182
3471 183
3471 184
3471 185
3471 186
3471 187
3471 188
3471 189
3472 174
3472 175
3472 176
3472 177
3472 178
3472 179
3472 180
3472 181
3472 182
3472 183
3472 184
3472 185
3472 186
3472 187
3472 188
3472 189
3472 190
3472 191
3472 192
3472 193
3472 194
3472 195
3472 196
3472 197
3472 198
3472 199
3472 200
3472 201
3472 202
3472 203
3472 204
3472 205
3472 206
3472 207
3473 190
3473 191
3473 192
3473 193
3473 194
3473 195
3473 196
3473 197
3473 198
3473 199
3473 200
3473 201
3473 202
3473 203
3473 204
3473 205
3473 206
3473 207
3473 208
3473 209
3473 210
3473 211
3473 212
3473 213
3473 214
3473 215
3473 216
3473 217
3473 218
3473 219
3473 220
3473 221
3473 222
3473 223
3473 224
3473 225
3474 208
3474 209
3474 210
3474 211
3474 212
3474 213
3474 214
3474 215
3474 216
3474 217
3474 218
3474 219
3474 220
3474 221
3474 222
3474 223
3474 224
3474 225
3474 226
3474 227
3474 228
3474 229
3474 230
3474 231
3474 232
3474 233
3474 234
3474 235
3474 236
3474 237
3474 238
3474 239
3474 240
3475 228
3475 229
3475 230
3475 231
3475 232
3475 233
3475 234
3475 235
3475 236
3475 237
3475 238
3475 239
3475 240
3475 241
3475 242
3475 243
3475 244
3475 245
3475 246
3475 247
3475 248
3475 249
3475 250
3475 251
3475 252
3475 253
3476 252
3476 253
3476 254
3476 255
3476 256
3476 257
3476 258
3476 259
3476 260
3478 143
3478 144
3478 145
3478 146
3478 147
3478 148
3478 149
3478 150
3478 151
3479 151
3479 152
3479 153
3479 154
3479 155
3479 156
3479 157
3479 158
3479 159
3479 160
3479 161
3479 162
3479 163
3479 164
3479 165
3479 166
3479 167
3479 168
3479 169
3479 170
3479 171
3479 172
3479 173
3479 174
3480 163
3480 164
3480 165
3480 166
3480 167
3480 168
3480 169
3480 170
3480 171
3480 172
3480 173
3480 174
3480 175
3480 176
3480 177
3480 178
3480 179
3480 180
3480 181
3480 182
3480 183
3480 184
3480 185
3480 186
3480 187
3480 188
3480 189
3480 190
3480 191
3480 192
3480 193
3481 178
3481 179
3481 180
3481 181
3481 182
3481 183
3481 184
3481 185
3481 186
3481 187
3481 188
3481 189
3481 190
3481 191
3481 192
3481 193
3481 194
3481 195
3481 196
3481 197
3481 198
3481 199
3481 200
3481 201
3481 202
3481 203
3481 204
3481 205
3481 206
3481 207
3481 208
3481 209
3481 210
3481 211
3481 212
3482 194
3482 195
3482 196
3482 197
3482 198
3482 199
3482 200
3482 201
3482 202
3482 203
3482 204
3482 205
3482 206
3482 207
3482 208
3482 209
3482 210
3482 211
3482 212
3482 213
3482 214
3482 215
3482 216
3482 217
3482 218
3482 219
3482 220
3482 221
3482 222
3482 223
3482 224
3482 225
3482 226
3482 227
3482 228
3483 212
3483 213
3483 214
3483 215
3483 216
3483 217
3483 218
3483 219
3483 220
3483 221
3483 222
3483 223
3483 224
3483 225
3483 226
3483 227
3483 228
3483 229
3483 230
3483 231
3483 232
3483 233
3483 234
3483 235
3483 236
3483 237
3483 238
3483 239
3483 240
3483 241
3483 242
3483 243
3484 233
3484 234
3484 235
3484 236
3484 237
3484 238
3484 239
3484 240
3484 241
3484 242
3484 243
3484 244
3484 245
3484 246
3484 247
3484 248
3484 249
3484 250
3484 251
3484 252
3484 253
3484 254
3484 255
3484 256
3487 144
3487 145
3487 146
3487 147
3487 148
3487 149
3487 150
3487 151
3487 152
3487 153
3487 154
3487 155
3487 156
3487 157
3488 154
3488 155
3488 156
3488 157
3488 158
3488 159
3488 160
3488 161
3488 162
3488 163
3488 164
3488 165
3488 166
3488 167
3488 168
3488 169
3488 170
3488 171
3488 172
3488 173
3488 174
3488 175
3488 176
3488 177
3488 178
3488 179
3489 167
3489 168
3489 169
3489 170
3489 171
3489 172
3489 173
3489 174
3489 175
3489 176
3489 177
3489 178
3489 179
3489 180
3489 181
3489 182
3489 183
3489 184
3489 185
3489 186
3489 187
3489 188
3489 189
3489 190
3489 191
3489 192
3489 193
3489 194
3489 195
3489 196
3489 197
3489 198
3490 182
3490 183
3490 184
3490 185
3490 186
3490 187
3490 188
3490 189
3490 190
3490 191
3490 192
3490 193
3490 194
3490 195
3490 196
3490 197
3490 198
3490 199
3490 200
3490 201
3490 202
3490 203
3490 204
3490 205
3490 206
3490 207
3490 208
3490 209
3490 210
3490 211
3490 212
3490 213
3490 214
3490 215
3490 216
3491 198
3491 199
3491 200
3491 201
3491 202
3491 203
3491 204
3491 205
3491 206
3491 207
3491 208
3491 209
3491 210
3491 211
3491 212
3491 213
3491 214
3491 215
3491 216
3491 217
3491 218
3491 219
3491 220
3491 221
3491 222
3491 223
3491 224
3491 225
3491 226
3491 227
3491 228
3491 229
3491 230
3491 231
3491 232
3492 217
3492 218
3492 219
3492 220
3492 221
3492 222
3492 223
3492 224
3492 225
3492 226
3492 227
3492 228
3492 229
3492 230
3492 231
3492 232
3492 233
3492 234
3492 235
3492 236
3492 237
3492 238
3492 239
3492 240
3492 241
3492 242
3492 243
3492 244
3492 245
3492 246
3492 247
3493 238
3493 239
3493 240
3493 241
3493 242
3493 243
3493 244
3493 245
3493 246
3493 247
3493 248
3493 249
3493 250
3493 251
3493 252
3493 253
3493 254
3493 255
3493 256
3493 257
3493 258
3496 146
3496 147
3496 148
3496 149
3496 150
3496 151
3496 152
3496 153
3496 154
3496 155
3496 156
3496 157
3496 158
3496 159
3496 160
3496 161
3496 162
3497 157
3497 158
3497 159
3497 160
3497 161
3497 162
3497 163
3497 164
3497 165
3497 166
3497 167
3497 168
3497 169
3497 170
3497 171
3497 172
3497 173
3497 174
3497 175
3497 176
3497 177
3497 178
3497 179
3497 180
3497 181
3497 182
3497 183
3498 170
3498 171
3498 172
3498 173
3498 174
3498 175
3498 176
3498 177
3498 178
3498 179
3498 180
3498 181
3498 182
3498 183
3498 184
3498 185
3498 186
3498 187
3498 188
3498 189
3498 190
3498 191
3498 192
3498 193
3498 194
3498 195
3498 196
3498 197
3498 198
3498 199
3498 200
3498 201
3498 202
3499 185
3499 186
3499 187
3499 188
3499 189
3499 190
3499 191
3499 192
3499 193
3499 194
3499 195
3499 196
3499 197
3499 198
3499 199
3499 200
3499 201
3499 202
3499 203
3499 204
3499 205
3499 206
3499 207
3499 208
3499 209
3499 210
3499 211
3499 212
3499 213
3499 214
3499 215
3499 216
3499 217
3499 218
3499 219
3499 220
3500 202
3500 203
3500 204
3500 205
3500 206
3500 207
3500 208
3500 209
3500 210
3500 211
3500 212
3500 213
3500 214
3500 215
3500 216
3500 217
3500 218
3500 219
3500 220
3500 221
3500 222
3500 223
3500 224
3500 225
3500 226
3500 227
3500 228
3500 229
3500 230
3500 231
3500 232
3500 233
3500 234
3500 235
3500 236
3501 222
3501 223
3501 224
3501 225
3501 226
3501 227
3501 228
3501 229
3501 230
3501 231
3501 232
3501 233
3501 234
3501 235
3501 236
3501 237
3501 238
3501 239
3501 240
3501 241
3501 242
3501 243
3501 244
3501 245
3501 246
3501 247
3501 248
3501 249
3501 250
3502 243
3502 244
3502 245
3502 246
3502 247
3502 248
3502 249
3502 250
3502 251
3502 252
3502 253
3502 254
3502 255
3502 256
3502 257
3502 258
3502 259
3502 260
3505 149
3505 150
3505 151
3505 152
3505 153
3505 154
3505 155
3505 156
3505 157
3505 158
3505 159
3505 160
3505 161
3505 162
3505 163
3505 164
3505 165
3505 166
3505 167
3506 160
3506 161
3506 162
3506 163
3506 164
3506 165
3506 166
3506 167
3506 168
3506 169
3506 170
3506 171
3506 172
3506 173
3506 174
3506 175
3506 176
3506 177
3506 178
3506 179
3506 180
3506 181
3506 182
3506 183
3506 184
3506 185
3506 186
3506 187
3506 188
3507 174
3507 175
3507 176
3507 177
3507 178
3507 179
3507 180
3507 181
3507 182
3507 183
3507 184
3507 185
3507 186
3507 187
3507 188
3507 189
3507 190
3507 191
3507 192
3507 193
3507 194
3507 195
3507 196
3507 197
3507 198
3507 199
3507 200
3507 201
3507 202
3507 203
3507 204
3507 205
3507 206
3508 189
3508 190
3508 191
3508 192
3508 193
3508 194
3508 195
3508 196
3508 197
3508 198
3508 199
3508 200
3508 201
3508 202
3508 203
3508 204
3508 205
3508 206
3508 207
3508 208
3508 209
3508 210
3508 211
3508 212
3508 213
3508 214
3508 215
3508 216
3508 217
3508 218
3508 219
3508 220
3508 221
3508 222
3508 223
3508 224
3509 207
3509 208
3509 209
3509 210
3509 211
3509 212
3509 213
3509 214
3509 215
3509 216
3509 217
3509 218
3509 219
3509 220
3509 221
3509 222
3509 223
3509 224
3509 225
3509 226
3509 227
3509 228
3509 229
3509 230
3509 231
3509 232
3509 233
3509 234
3509 235
3509 236
3509 237
3509 238
3509 239
3510 226
3510 227
3510 228
3510 229
3510 230
3510 231
3510 232
3510 233
3510 234
3510 235
3510 236
3510 237
3510 238
3510 239
3510 240
3510 241
3510 242
3510 243
3510 244
3510 245
3510 246
3510 247
3510 248
3510 249
3510 250
3510 251
3510 252
3510 253
3511 250
3511 251
3511 252
3511 253
3511 254
3511 255
3511 256
3511 257
3511 258
3511 259
3511 260
3511 261
3511 262
3513 146
3513 147
3514 151
3514 152
3514 153
3514 154
3514 155
3514 156
3514 157
3514 158
3514 159
3514 160
3514 161
3514 162
3514 163
3514 164
3514 165
3514 166
3514 167
3514 168
3514 169
3514 170
3514 171
3514 172
3515 163
3515 164
3515 165
3515 166
3515 167
3515 168
3515 169
3515 170
3515 171
3515 172
3515 173
3515 174
3515 175
3515 176
3515 177
3515 178
3515 179
3515 180
3515 181
3515 182
3515 183
3515 184
3515 185
3515 186
3515 187
3515 188
3515 189
3515 190
3515 191
3515 192
3516 177
3516 178
3516 179
3516 180
3516 181
3516 182
3516 183
3516 184
3516 185
3516 186
3516 187
3516 188
3516 189
3516 190
3516 191
3516 192
3516 193
3516 194
3516 195
3516 196
3516 197
3516 198
3516 199
3516 200
3516 201
3516 202
3516 203
3516 204
3516 205
3516 206
3516 207
3516 208
3516 209
3516 210
3516 211
3517 193
3517 194
3517 195
3517 196
3517 197
3517 198
3517 199
3517 200
3517 201
3517 202
3517 203
3517 204
3517 205
3517 206
3517 207
3517 208
3517 209
3517 210
3517 211
3517 212
3517 213
3517 214
3517 215
3517 216
3517 217
3517 218
3517 219
3517 220
3517 221
3517 222
3517 223
3517 224
3517 225
3517 226
3517 227
3518 211
3518 212
3518 213
3518 214
3518 215
3518 216
3518 217
3518 218
3518 219
3518 220
3518 221
3518 222
3518 223
3518 224
3518 225
3518 226
3518 227
3518 228
3518 229
3518 230
3518 231
3518 232
3518 233
3518 234
3518 235
3518 236
3518 237
3518 238
3518 239
3518 240
3518 241
3518 242
3518 243
3519 231
3519 232
3519 233
3519 234
3519 235
3519 236
3519 237
3519 238
3519 239
3519 240
3519 241
3519 242
3519 243
3519 244
3519 245
3519 246
3519 247
3519 248
3519 249
3519 250
3519 251
3519 252
3519 253
3519 254
3519 255
3519 256
3520 257
3520 258
3520 259
3520 260
3520 261
3520 262
3522 145
3522 146
3522 147
3522 148
3522 149
3522 150
3522 151
3522 152
3522 153
3522 154
3523 154
3523 155
3523 156
3523 157
3523 158
3523 159
3523 160
3523 161
3523 162
3523 163
3523 164
3523 165
3523 166
3523 167
3523 168
3523 169
3523 170
3523 171
3523 172
3523 173
3523 174
3523 175
3523 176
3523 177
3524 166
3524 167
3524 168
3524 169
3524 170
3524 171
3524 172
3524 173
3524 174
3524 175
3524 176
3524 177
3524 178
3524 179
3524 180
3524 181
3524 182
3524 183
3524 184
3524 185
3524 186
3524 187
3524 188
3524 189
3524 190
3524 191
3524 192
3524 193
3524 194
3524 195
3524 196
3524 197
3525 181
3525 182
3525 183
3525 184
3525 185
3525 186
3525 187
3525 188
3525 189
3525 190
3525 191
3525 192
3525 193
3525 194
3525 195
3525 196
3525 197
3525 198
3525 199
3525 200
3525 201
3525 202
3525 203
3525 204
3525 205
3525 206
3525 207
3525 208
3525 209
3525 210
3525 211
3525 212
3525 213
3525 214
3525 215
3526 197
3526 198
3526 199
3526 200
3526 201
3526 202
3526 203
3526 204
3526 205
3526 206
3526 207
3526 208
3526 209
3526 210
3526 211
3526 212
3526 213
3526 214
3526 215
3526 216
3526 217
3526 218
3526 219
3526 220
3526 221
3526 222
3526 223
3526 224
3526 225
3526 226
3526 227
3526 228
3526 229
3526 230
3526 231
3527 216
3527 217
3527 218
3527 219
3527 220
3527 221
3527 222
3527 223
3527 224
3527 225
3527 226
3527 227
3527 228
3527 229
3527 230
3527 231
3527 232
3527 233
3527 234
3527 235
3527 236
3527 237
3527 238
3527 239
3527 240
3527 241
3527 242
3527 243
3527 244
3527 245
3527 246
3528 236
3528 237
3528 238
3528 239
3528 240
3528 241
3528 242
3528 243
3528 244
3528 245
3528 246
3528 247
3528 248
3528 249
3528 250
3528 251
3528 252
3528 253
3528 254
3528 255
3528 256
3528 257
3528 258
3531 147
3531 148
3531 149
3531 150
3531 151
3531 152
3531 153
3531 154
3531 155
3531 156
3531 157
3531 158
3531 159
3531 160
3532 157
3532 158
3532 159
3532 160
3532 161
3532 162
3532 163
3532 164
3532 165
3532 166
3532 167
3532 168
3532 169
3532 170
3532 171
3532 172
3532 173
3532 174
3532 175
3532 176
3532 177
3532 178
3532 179
3532 180
3532 181
3532 182
3533 169
3533 170
3533 171
3533 172
3533 173
3533 174
3533 175
3533 176
3533 177
3533 178
3533 179
3533 180
3533 181
3533 182
3533 183
3533 184
3533 185
3533 186
3533 187
3533 188
3533 189
3533 190
3533 191
3533 192
3533 193
3533 194
3533 195
3533 196
3533 197
3533 198
3533 199
3533 200
3533 201
3534 185
3534 186
3534 187
3534 188
3534 189
3534 190
3534 191
3534 192
3534 193
3534 194
3534 195
3534 196
3534 197
3534 198
3534 199
3534 200
3534 201
3534 202
3534 203
3534 204
3534 205
3534 206
3534 207
3534 208
3534 209
3534 210
3534 211
3534 212
3534 213
3534 214
3534 215
3534 216
3534 217
3534 218
3534 219
3535 202
3535 203
3535 204
3535 205
3535 206
3535 207
3535 208
3535 209
3535 210
3535 211
3535 212
3535 213
3535 214
3535 215
3535 216
3535 217
3535 218
3535 219
3535 220
3535 221
3535 222
3535 223
3535 224
3535 225
3535 226
3535 227
3535 228
3535 229
3535 230
3535 231
3535 232
3535 233
3535 234
3535 235
3536 221
3536 222
3536 223
3536 224
3536 225
3536 226
3536 227
3536 228
3536 229
3536 230
3536 231
3536 232
3536 233
3536 234
3536 235
3536 236
3536 237
3536 238
3536 239
3536 240
3536 241
3536 242
3536 243
3536 244
3536 245
3536 246
3536 247
3536 248
3536 249
3537 242
3537 243
3537 244
3537 245
3537 246
3537 247
3537 248
3537 249
3537 250
3537 251
3537 252
3537 253
3537 254
3537 255
3537 256
3537 257
3537 258
3537 259
3537 260
3537 261
3540 149
3540 150
3540 151
3540 152
3540 153
3540 154
3540 155
3540 156
3540 157
3540 158
3540 159
3540 160
3540 161
3540 162
3540 163
3540 164
3540 165
3541 159
3541 160
3541 161
3541 162
3541 163
3541 164
3541 165
3541 166
3541 167
3541 168
3541 169
3541 170
3541 171
3541 172
3541 173
3541 174
3541 175
3541 176
3541 177
3541 178
3541 179
3541 180
3541 181
3541 182
3541 183
3541 184
3541 185
3541 186
3542 173
3542 174
3542 175
3542 176
3542 177
3542 178
3542 179
3542 180
3542 181
3542 182
3542 183
3542 184
3542 185
3542 186
3542 187
3542 188
3542 189
3542 190
3542 191
3542 192
3542 193
3542 194
3542 195
3542 196
3542 197
3542 198
3542 199
3542 200
3542 201
3542 202
3542 203
3542 204
3542 205
3543 189
3543 190
3543 191
3543 192
3543 193
3543 194
3543 195
3543 196
3543 197
3543 198
3543 199
3543 200
3543 201
3543 202
3543 203
3543 204
3543 205
3543 206
3543 207
3543 208
3543 209
3543 210
3543 211
3543 212
3543 213
3543 214
3543 215
3543 216
3543 217
3543 218
3543 219
3543 220
3543 221
3543 222
3543 223
3544 206
3544 207
3544 208
3544 209
3544 210
3544 211
3544 212
3544 213
3544 214
3544 215
3544 216
3544 217
3544 218
3544 219
3544 220
3544 221
3544 222
3544 223
3544 224
3544 225
3544 226
3544 227
3544 228
3544 229
3544 230
3544 231
3544 232
3544 233
3544 234
3544 235
3544 236
3544 237
3544 238
3545 225
3545 226
3545 227
3545 228
3545 229
3545 230
3545 231
3545 232
3545 233
3545 234
3545 235
3545 236
3545 237
3545 238
3545 239
3545 240
3545 241
3545 242
3545 243
3545 244
3545 245
3545 246
3545 247
3545 248
3545 249
3545 250
3545 251
3545 252
3546 248
3546 249
3546 250
3546 251
3546 252
3546 253
3546 254
3546 255
3546 256
3546 257
3546 258
3546 259
3546 260
3546 261
3546 262
3546 263
3549 151
3549 152
3549 153
3549 154
3549 155
3549 156
3549 157
3549 158
3549 159
3549 160
3549 161
3549 162
3549 163
3549 164
3549 165
3549 166
3549 167
3549 168
3549 169
3549 170
3550 162
3550 163
3550 164
3550 165
3550 166
3550 167
3550 168
3550 169
3550 170
3550 171
3550 172
3550 173
3550 174
3550 175
3550 176
3550 177
3550 178
3550 179
3550 180
3550 181
3550 182
3550 183
3550 184
3550 185
3550 186
3550 187
3550 188
3550 189
3550 190
3550 191
3551 177
3551 178
3551 179
3551 180
3551 181
3551 182
3551 183
3551 184
3551 185
3551 186
3551 187
3551 188
3551 189
3551 190
3551 191
3551 192
3551 193
3551 194
3551 195
3551 196
3551 197
3551 198
3551 199
3551 200
3551 201
3551 202
3551 203
3551 204
3551 205
3551 206
3551 207
3551 208
3551 209
3552 193
3552 194
3552 195
3552 196
3552 197
3552 198
3552 199
3552 200
3552 201
3552 202
3552 203
3552 204
3552 205
3552 206
3552 207
3552 208
3552 209
3552 210
3552 211
3552 212
3552 213
3552 214
3552 215
3552 216
3552 217
3552 218
3552 219
3552 220
3552 221
3552 222
3552 223
3552 224
3552 225
3552 226
3553 210
3553 211
3553 212
3553 213
3553 214
3553 215
3553 216
3553 217
3553 218
3553 219
3553 220
3553 221
3553 222
3553 223
3553 224
3553 225
3553 226
3553 227
3553 228
3553 229
3553 230
3553 231
3553 232
3553 233
3553 234
3553 235
3553 236
3553 237
3553 238
3553 239
3553 240
3553 241
3553 242
3554 230
3554 231
3554 232
3554 233
3554 234
3554 235
3554 236
3554 237
3554 238
3554 239
3554 240
3554 241
3554 242
3554 243
3554 244
3554 245
3554 246
3554 247
3554 248
3554 249
3554 250
3554 251
3554 252
3554 253
3554 254
3554 255
3555 254
3555 255
3555 256
3555 257
3555 258
3555 259
3555 260
3555 261
3555 262
3555 263
3555 264
3557 148
3557 149
3557 150
3558 154
3558 155
3558 156
3558 157
3558 158
3558 159
3558 160
3558 161
3558 162
3558 163
3558 164
3558 165
3558 166
3558 167
3558 168
3558 169
3558 170
3558 171
3558 172
3558 173
3558 174
3558 175
3559 166
3559 167
3559 168
3559 169
3559 170
3559 171
3559 172
3559 173
3559 174
3559 175
3559 176
3559 177
3559 178
3559 179
3559 180
3559 181
3559 182
3559 183
3559 184
3559 185
3559 186
3559 187
3559 188
3559 189
3559 190
3559 191
3559 192
3559 193
3559 194
3559 195
3560 180
3560 181
3560 182
3560 183
3560 184
3560 185
3560 186
3560 187
3560 188
3560 189
3560 190
3560 191
3560 192
3560 193
3560 194
3560 195
3560 196
3560 197
3560 198
3560 199
3560 200
3560 201
3560 202
3560 203
3560 204
3560 205
3560 206
3560 207
3560 208
3560 209
3560 210
3560 211
3560 212
3560 213
3561 197
3561 198
3561 199
3561 200
3561 201
3561 202
3561 203
3561 204
3561 205
3561 206
3561 207
3561 208
3561 209
3561 210
3561 211
3561 212
3561 213
3561 214
3561 215
3561 216
3561 217
3561 218
3561 219
3561 220
3561 221
3561 222
3561 223
3561 224
3561 225
3561 226
3561 227
3561 228
3561 229
3561 230
3562 215
3562 216
3562 217
3562 218
3562 219
3562 220
3562 221
3562 222
3562 223
3562 224
3562 225
3562 226
3562 227
3562 228
3562 229
3562 230
3562 231
3562 232
3562 233
3562 234
3562 235
3562 236
3562 237
3562 238
3562 239
3562 240
3562 241
3562 242
3562 243
3562 244
3562 245
3563 235
3563 236
3563 237
3563 238
3563 239
3563 240
3563 241
3563 242
3563 243
3563 244
3563 245
3563 246
3563 247
3563 248
3563 249
3563 250
3563 251
3563 252
3563 253
3563 254
3563 255
3563 256
3563 257
3563 258
3566 148
3566 149
3566 150
3566 151
3566 152
3566 153
3566 154
3566 155
3566 156
3566 157
3567 156
3567 157
3567 158
3567 159
3567 160
3567 161
3567 162
3567 163
3567 164
3567 165
3567 166
3567 167
3567 168
3567 169
3567 170
3567 171
3567 172
3567 173
3567 174
3567 175
3567 176
3567 177
3567 178
3567 179
3567 180
3568 169
3568 170
3568 171
3568 172
3568 173
3568 174
3568 175
3568 176
3568 177
3568 178
3568 179
3568 180
3568 181
3568 182
3568 183
3568 184
3568 185
3568 186
3568 187
3568 188
3568 189
3568 190
3568 191
3568 192
3568 193
3568 194
3568 195
3568 196
3568 197
3568 198
3568 199
3569 184
3569 185
3569 186
3569 187
3569 188
3569 189
3569 190
3569 191
3569 192
3569 193
3569 194
3569 195
3569 196
3569 197
3569 198
3569 199
3569 200
3569 201
3569 202
3569 203
3569 204
3569 205
3569 206
3569 207
3569 208
3569 209
3569 210
3569 211
3569 212
3569 213
3569 214
3569 215
3569 216
3569 217
3570 201
3570 202
3570 203
3570 204
3570 205
3570 206
3570 207
3570 208
3570 209
3570 210
3570 211
3570 212
3570 213
3570 214
3570 215
3570 216
3570 217
3570 218
3570 219
3570 220
3570 221
3570 222
3570 223
3570 224
3570 225
3570 226
3570 227
3570 228
3570 229
3570 230
3570 231
3570 232
3570 233
3570 234
3571 220
3571 221
3571 222
3571 223
3571 224
3571 225
3571 226
3571 227
3571 228
3571 229
3571 230
3571 231
3571 232
3571 233
3571 234
3571 235
3571 236
3571 237
3571 238
3571 239
3571 240
3571 241
3571 242
3571 243
3571 244
3571 245
3571 246
3571 247
3571 248
3571 249
3572 240
3572 241
3572 242
3572 243
3572 244
3572 245
3572 246
3572 247
3572 248
3572 249
3572 250
3572 251
3572 252
3572 253
3572 254
3572 255
3572 256
3572 257
3572 258
3572 259
3572 260
3572 261
3575 149
3575 150
3575 151
3575 152
3575 153
3575 154
3575 155
3575 156
3575 157
3575 158
3575 159
3575 160
3575 161
3575 162
3575 163
3576 159
3576 160
3576 161
3576 162
3576 163
3576 164
3576 165
3576 166
3576 167
3576 168
3576 169
3576 170
3576 171
3576 172
3576 173
3576 174
3576 175
3576 176
3576 177
3576 178
3576 179
3576 180
3576 181
3576 182
3576 183
3576 184
3576 185
3577 172
3577 173
3577 174
3577 175
3577 176
3577 177
3577 178
3577 179
3577 180
3577 181
3577 182
3577 183
3577 184
3577 185
3577 186
3577 187
3577 188
3577 189
3577 190
3577 191
3577 192
3577 193
3577 194
3577 195
3577 196
3577 197
3577 198
3577 199
3577 200
3577 201
3577 202
3577 203
3577 204
3578 188
3578 189
3578 190
3578 191
3578 192
3578 193
3578 194
3578 195
3578 196
3578 197
3578 198
3578 199
3578 200
3578 201
3578 202
3578 203
3578 204
3578 205
3578 206
3578 207
3578 208
3578 209
3578 210
3578 211
3578 212
3578 213
3578 214
3578 215
3578 216
3578 217
3578 218
3578 219
3578 220
3578 221
3579 205
3579 206
3579 207
3579 208
3579 209
3579 210
3579 211
3579 212
3579 213
3579 214
3579 215
3579 216
3579 217
3579 218
3579 219
3579 220
3579 221
3579 222
3579 223
3579 224
3579 225
3579 226
3579 227
3579 228
3579 229
3579 230
3579 231
3579 232
3579 233
3579 234
3579 235
3579 236
3579 237
3580 224
3580 225
3580 226
3580 227
3580 228
3580 229
3580 230
3580 231
3580 232
3580 233
3580 234
3580 235
3580 236
3580 237
3580 238
3580 239
3580 240
3580 241
3580 242
3580 243
3580 244
3580 245
3580 246
3580 247
3580 248
3580 249
3580 250
3580 251
3580 252
3581 246
3581 247
3581 248
3581 249
3581 250
3581 251
3581 252
3581 253
3581 254
3581 255
3581 256
3581 257
3581 258
3581 259
3581 260
3581 261
3581 262
3581 263
3584 151
3584 152
3584 153
3584 154
3584 155
3584 156
3584 157
3584 158
3584 159
3584 160
3584 161
3584 162
3584 163
3584 164
3584 165
3584 166
3584 167
3584 168
3585 162
3585 163
3585 164
3585 165
3585 166
3585 167
3585 168
3585 169
3585 170
3585 171
3585 172
3585 173
3585 174
3585 175
3585 176
3585 177
3585 178
3585 179
3585 180
3585 181
3585 182
3585 183
3585 184
3585 185
3585 186
3585 187
3585 188
3585 189
3586 176
3586 177
3586 178
3586 179
3586 180
3586 181
3586 182
3586 183
3586 184
3586 185
3586 186
3586 187
3586 188
3586 189
3586 190
3586 191
3586 192
3586 193
3586 194
3586 195
3586 196
3586 197
3586 198
3586 199
3586 200
3586 201
3586 202
3586 203
3586 204
3586 205
3586 206
3586 207
3586 208
3587 192
3587 193
3587 194
3587 195
3587 196
3587 197
3587 198
3587 199
3587 200
3587 201
3587 202
3587 203
3587 204
3587 205
3587 206
3587 207
3587 208
3587 209
3587 210
3587 211
3587 212
3587 213
3587 214
3587 215
3587 216
3587 217
3587 218
3587 219
3587 220
3587 221
3587 222
3587 223
3587 224
3587 225
3588 210
3588 211
3588 212
3588 213
3588 214
3588 215
3588 216
3588 217
3588 218
3588 219
3588 220
3588 221
3588 222
3588 223
3588 224
3588 225
3588 226
3588 227
3588 228
3588 229
3588 230
3588 231
3588 232
3588 233
3588 234
3588 235
3588 236
3588 237
3588 238
3588 239
3588 240
3588 241
3589 229
3589 230
3589 231
3589 232
3589 233
3589 234
3589 235
3589 236
3589 237
3589 238
3589 239
3589 240
3589 241
3589 242
3589 243
3589 244
3589 245
3589 246
3589 247
3589 248
3589 249
3589 250
3589 251
3589 252
3589 253
3589 254
3589 255
3590 252
3590 253
3590 254
3590 255
3590 256
3590 257
3590 258
3590 259
3590 260
3590 261
3590 262
3590 263
3590 264
3590 265
3593 154
3593 155
3593 156
3593 157
3593 158
3593 159
3593 160
3593 161
3593 162
3593 163
3593 164
3593 165
3593 166
3593 167
3593 168
3593 169
3593 170
3593 171
3593 172
3593 173
3594 165
3594 166
3594 167
3594 168
3594 169
3594 170
3594 171
3594 172
3594 173
3594 174
3594 175
3594 176
3594 177
3594 178
3594 179
3594 180
3594 181
3594 182
3594 183
3594 184
3594 185
3594 186
3594 187
3594 188
3594 189
3594 190
3594 191
3594 192
3594 193
3594 194
3595 180
3595 181
3595 182
3595 183
3595 184
3595 185
3595 186
3595 187
3595 188
3595 189
3595 190
3595 191
3595 192
3595 193
3595 194
3595 195
3595 196
3595 197
3595 198
3595 199
3595 200
3595 201
3595 202
3595 203
3595 204
3595 205
3595 206
3595 207
3595 208
3595 209
3595 210
3595 211
3595 212
3596 196
3596 197
3596 198
3596 199
3596 200
3596 201
3596 202
3596 203
3596 204
3596 205
3596 206
3596 207
3596 208
3596 209
3596 210
3596 211
3596 212
3596 213
3596 214
3596 215
3596 216
3596 217
3596 218
3596 219
3596 220
3596 221
3596 222
3596 223
3596 224
3596 225
3596 226
3596 227
3596 228
3596 229
3597 214
3597 215
3597 216
3597 217
3597 218
3597 219
3597 220
3597 221
3597 222
3597 223
3597 224
3597 225
3597 226
3597 227
3597 228
3597 229
3597 230
3597 231
3597 232
3597 233
3597 234
3597 235
3597 236
3597 237
3597 238
3597 239
3597 240
3597 241
3597 242
3597 243
3597 244
3598 234
3598 235
3598 236
3598 237
3598 238
3598 239
3598 240
3598 241
3598 242
3598 243
3598 244
3598 245
3598 246
3598 247
3598 248
3598 249
3598 250
3598 251
3598 252
3598 253
3598 254
3598 255
3598 256
3598 257
3598 258
3599 258
3599 259
3599 260
3599 261
3599 262
3599 263
3599 264
3599 265
3599 266
3602 156
3602 157
3602 158
3602 159
3602 160
3602 161
3602 162
3602 163
3602 164
3602 165
3602 166
3602 167
3602 168
3602 169
3602 170
3602 171
3602 172
3602 173
3602 174
3602 175
3602 176
3602 177
3602 178
3603 169
3603 170
3603 171
3603 172
3603 173
3603 174
3603 175
3603 176
3603 177
3603 178
3603 179
3603 180
3603 181
3603 182
3603 183
3603 184
3603 185
3603 186
3603 187
3603 188
3603 189
3603 190
3603 191
3603 192
3603 193
3603 194
3603 195
3603 196
3603 197
3603 198
3604 183
3604 184
3604 185
3604 186
3604 187
3604 188
3604 189
3604 190
3604 191
3604 192
3604 193
3604 194
3604 195
3604 196
3604 197
3604 198
3604 199
3604 200
3604 201
3604 202
3604 203
3604 204
3604 205
3604 206
3604 207
3604 208
3604 209
3604 210
3604 211
3604 212
3604 213
3604 214
3604 215
3604 216
3605 200
3605 201
3605 202
3605 203
3605 204
3605 205
3605 206
3605 207
3605 208
3605 209
3605 210
3605 211
3605 212
3605 213
3605 214
3605 215
3605 216
3605 217
3605 218
3605 219
3605 220
3605 221
3605 222
3605 223
3605 224
3605 225
3605 226
3605 227
3605 228
3605 229
3605 230
3605 231
3605 232
3605 233
3606 219
3606 220
3606 221
3606 222
3606 223
3606 224
3606 225
3606 226
3606 227
3606 228
3606 229
3606 230
3606 231
3606 232
3606 233
3606 234
3606 235
3606 236
3606 237
3606 238
3606 239
3606 240
3606 241
3606 242
3606 243
3606 244
3606 245
3606 246
3606 247
3606 248
3607 239
3607 240
3607 241
3607 242
3607 243
3607 244
3607 245
3607 246
3607 247
3607 248
3607 249
3607 250
3607 251
3607 252
3607 253
3607 254
3607 255
3607 256
3607 257
3607 258
3607 259
3607 260
3610 150
3610 151
3610 152
3610 153
3610 154
3610 155
3610 156
3610 157
3610 158
3610 159
3611 159
3611 160
3611 161
3611 162
3611 163
3611 164
3611 165
3611 166
3611 167
3611 168
3611 169
3611 170
3611 171
3611 172
3611 173
3611 174
3611 175
3611 176
3611 177
3611 178
3611 179
3611 180
3611 181
3611 182
3611 183
3612 172
3612 173
3612 174
3612 175
3612 176
3612 177
3612 178
3612 179
3612 180
3612 181
3612 182
3612 183
3612 184
3612 185
3612 186
3612 187
3612 188
3612 189
3612 190
3612 191
3612 192
3612 193
3612 194
3612 195
3612 196
3612 197
3612 198
3612 199
3612 200
3612 201
3612 202
3613 187
3613 188
3613 189
3613 190
3613 191
3613 192
3613 193
3613 194
3613 195
3613 196
3613 197
3613 198
3613 199
3613 200
3613 201
3613 202
3613 203
3613 204
3613 205
3613 206
3613 207
3613 208
3613 209
3613 210
3613 211
3613 212
3613 213
3613 214
3613 215
3613 216
3613 217
3613 218
3613 219
3613 220
3614 204
3614 205
3614 206
3614 207
3614 208
3614 209
3614 210
3614 211
3614 212
3614 213
3614 214
3614 215
3614 216
3614 217
3614 218
3614 219
3614 220
3614 221
3614 222
3614 223
3614 224
3614 225
3614 226
3614 227
3614 228
3614 229
3614 230
3614 231
3614 232
3614 233
3614 234
3614 235
3614 236
3615 223
3615 224
3615 225
3615 226
3615 227
3615 228
3615 229
3615 230
3615 231
3615 232
3615 233
3615 234
3615 235
3615 236
3615 237
3615 238
3615 239
3615 240
3615 241
3615 242
3615 243
3615 244
3615 245
3615 246
3615 247
3615 248
3615 249
3615 250
3615 251
3616 244
3616 245
3616 246
3616 247
3616 248
3616 249
3616 250
3616 251
3616 252
3616 253
3616 254
3616 255
3616 256
3616 257
3616 258
3616 259
3616 260
3616 261
3616 262
3616 263
3619 152
3619 153
3619 154
3619 155
3619 156
3619 157
3619 158
3619 159
3619 160
3619 161
3619 162
3619 163
3619 164
3619 165
3620 162
3620 163
3620 164
3620 165
3620 166
3620 167
3620 168
3620 169
3620 170
3620 171
3620 172
3620 173
3620 174
3620 175
3620 176
3620 177
3620 178
3620 179
3620 180
3620 181
3620 182
3620 183
3620 184
3620 185
3620 186
3620 187
3621 176
3621 177
3621 178
3621 179
3621 180
3621 181
3621 182
3621 183
3621 184
3621 185
3621 186
3621 187
3621 188
3621 189
3621 190
3621 191
3621 192
3621 193
3621 194
3621 195
3621 196
3621 197
3621 198
3621 199
3621 200
3621 201
3621 202
3621 203
3621 204
3621 205
3621 206
3622 191
3622 192
3622 193
3622 194
3622 195
3622 196
3622 197
3622 198
3622 199
3622 200
3622 201
3622 202
3622 203
3622 204
3622 205
3622 206
3622 207
3622 208
3622 209
3622 210
3622 211
3622 212
3622 213
3622 214
3622 215
3622 216
3622 217
3622 218
3622 219
3622 220
3622 221
3622 222
3622 223
3622 224
3623 209
3623 210
3623 211
3623 212
3623 213
3623 214
3623 215
3623 216
3623 217
3623 218
3623 219
3623 220
3623 221
3623 222
3623 223
3623 224
3623 225
3623 226
3623 227
3623 228
3623 229
3623 230
3623 231
3623 232
3623 233
3623 234
3623 235
3623 236
3623 237
3623 238
3623 239
3623 240
3624 228
3624 229
3624 230
3624 231
3624 232
3624 233
3624 234
3624 235
3624 236
3624 237
3624 238
3624 239
3624 240
3624 241
3624 242
3624 243
3624 244
3624 245
3624 246
3624 247
3624 248
3624 249
3624 250
3624 251
3624 252
3624 253
3624 254
3625 250
3625 251
3625 252
3625 253
3625 254
3625 255
3625 256
3625 257
3625 258
3625 259
3625 260
3625 261
3625 262
3625 263
3625 264
3625 265
3628 154
3628 155
3628 156
3628 157
3628 158
3628 159
3628 160
3628 161
3628 162
3628 163
3628 164
3628 165
3628 166
3628 167
3628 168
3628 169
3628 170
3628 171
3629 165
3629 166
3629 167
3629 168
3629 169
3629 170
3629 171
3629 172
3629 173
3629 174
3629 175
3629 176
3629 177
3629 178
3629 179
3629 180
3629 181
3629 182
3629 183
3629 184
3629 185
3629 186
3629 187
3629 188
3629 189
3629 190
3629 191
3629 192
3630 179
3630 180
3630 181
3630 182
3630 183
3630 184
3630 185
3630 186
3630 187
3630 188
3630 189
3630 190
3630 191
3630 192
3630 193
3630 194
3630 195
3630 196
3630 197
3630 198
3630 199
3630 200
3630 201
3630 202
3630 203
3630 204
3630 205
3630 206
3630 207
3630 208
3630 209
3630 210
3631 195
3631 196
3631 197
3631 198
3631 199
3631 200
3631 201
3631 202
3631 203
3631 204
3631 205
3631 206
3631 207
3631 208
3631 209
3631 210
3631 211
3631 212
3631 213
3631 214
3631 215
3631 216
3631 217
3631 218
3631 219
3631 220
3631 221
3631 222
3631 223
3631 224
3631 225
3631 226
3631 227
3631 228
3632 213
3632 214
3632 215
3632 216
3632 217
3632 218
3632 219
3632 220
3632 221
3632 222
3632 223
3632 224
3632 225
3632 226
3632 227
3632 228
3632 229
3632 230
3632 231
3632 232
3632 233
3632 234
3632 235
3632 236
3632 237
3632 238
3632 239
3632 240
3632 241
3632 242
3632 243
3633 233
3633 234
3633 235
3633 236
3633 237
3633 238
3633 239
3633 240
3633 241
3633 242
3633 243
3633 244
3633 245
3633 246
3633 247
3633 248
3633 249
3633 250
3633 251
3633 252
3633 253
3633 254
3633 255
3633 256
3633 257
3634 256
3634 257
3634 258
3634 259
3634 260
3634 261
3634 262
3634 263
3634 264
3634 265
3634 266
3634 267
3637 157
3637 158
3637 159
3637 160
3637 161
3637 162
3637 163
3637 164
3637 165
3637 166
3637 167
3637 168
3637 169
3637 170
3637 171
3637 172
3637 173
3637 174
3637 175
3637 176
3638 168
3638 169
3638 170
3638 171
3638 172
3638 173
3638 174
3638 175
3638 176
3638 177
3638 178
3638 179
3638 180
3638 181
3638 182
3638 183
3638 184
3638 185
3638 186
3638 187
3638 188
3638 189
3638 190
3638 191
3638 192
3638 193
3638 194
3638 195
3638 196
3639 183
3639 184
3639 185
3639 186
3639 187
3639 188
3639 189
3639 190
3639 191
3639 192
3639 193
3639 194
3639 195
3639 196
3639 197
3639 198
3639 199
3639 200
3639 201
3639 202
3639 203
3639 204
3639 205
3639 206
3639 207
3639 208
3639 209
3639 210
3639 211
3639 212
3639 213
3639 214
3639 215
3640 200
3640 201
3640 202
3640 203
3640 204
3640 205
3640 206
3640 207
3640 208
3640 209
3640 210
3640 211
3640 212
3640 213
3640 214
3640 215
3640 216
3640 217
3640 218
3640 219
3640 220
3640 221
3640 222
3640 223
3640 224
3640 225
3640 226
3640 227
3640 228
3640 229
3640 230
3640 231
3641 218
3641 219
3641 220
3641 221
3641 222
3641 223
3641 224
3641 225
3641 226
3641 227
3641 228
3641 229
3641 230
3641 231
3641 232
3641 233
3641 234
3641 235
3641 236
3641 237
3641 238
3641 239
3641 240
3641 241
3641 242
3641 243
3641 244
3641 245
3641 246
3641 247
3642 238
3642 239
3642 240
3642 241
3642 242
3642 243
3642 244
3642 245
3642 246
3642 247
3642 248
3642 249
3642 250
3642 251
3642 252
3642 253
3642 254
3642 255
3642 256
3642 257
3642 258
3642 259
3642 260
3643 263
3643 264
3643 265
3643 266
3643 267
3643 268
3646 159
3646 160
3646 161
3646 162
3646 163
3646 164
3646 165
3646 166
3646 167
3646 168
3646 169
3646 170
3646 171
3646 172
3646 173
3646 174
3646 175
3646 176
3646 177
3646 178
3646 179
3646 180
3647 172
3647 173
3647 174
3647 175
3647 176
3647 177
3647 178
3647 179
3647 180
3647 181
3647 182
3647 183
3647 184
3647 185
3647 186
3647 187
3647 188
3647 189
3647 190
3647 191
3647 192
3647 193
3647 194
3647 195
3647 196
3647 197
3647 198
3647 199
3647 200
3648 187
3648 188
3648 189
3648 190
3648 191
3648 192
3648 193
3648 194
3648 195
3648 196
3648 197
3648 198
3648 199
3648 200
3648 201
3648 202
3648 203
3648 204
3648 205
3648 206
3648 207
3648 208
3648 209
3648 210
3648 211
3648 212
3648 213
3648 214
3648 215
3648 216
3648 217
3648 218
3649 204
3649 205
3649 206
3649 207
3649 208
3649 209
3649 210
3649 211
3649 212
3649 213
3649 214
3649 215
3649 216
3649 217
3649 218
3649 219
3649 220
3649 221
3649 222
3649 223
3649 224
3649 225
3649 226
3649 227
3649 228
3649 229
3649 230
3649 231
3649 232
3649 233
3649 234
3649 235
3650 222
3650 223
3650 224
3650 225
3650 226
3650 227
3650 228
3650 229
3650 230
3650 231
3650 232
3650 233
3650 234
3650 235
3650 236
3650 237
3650 238
3650 239
3650 240
3650 241
3650 242
3650 243
3650 244
3650 245
3650 246
3650 247
3650 248
3650 249
3650 250
3651 243
3651 244
3651 245
3651 246
3651 247
3651 248
3651 249
3651 250
3651 251
3651 252
3651 253
3651 254
3651 255
3651 256
3651 257
3651 258
3651 259
3651 260
3651 261
3651 262
3651 263
3654 154
3654 155
3654 156
3654 157
3654 158
3654 159
3654 160
3654 161
3655 162
3655 163
3655 164
3655 165
3655 166
3655 167
3655 168
3655 169
3655 170
3655 171
3655 172
3655 173
3655 174
3655 175
3655 176
3655 177
3655 178
3655 179
3655 180
3655 181
3655 182
3655 183
3655 184
3655 185
3656 175
3656 176
3656 177
3656 178
3656 179
3656 180
3656 181
3656 182
3656 183
3656 184
3656 185
3656 186
3656 187
3656 188
3656 189
3656 190
3656 191
3656 192
3656 193
3656 194
3656 195
3656 196
3656 197
3656 198
3656 199
3656 200
3656 201
3656 202
3656 203
3656 204
3656 205
3657 191
3657 192
3657 193
3657 194
3657 195
3657 196
3657 197
3657 198
3657 199
3657 200
3657 201
3657 202
3657 203
3657 204
3657 205
3657 206
3657 207
3657 208
3657 209
3657 210
3657 211
3657 212
3657 213
3657 214
3657 215
3657 216
3657 217
3657 218
3657 219
3657 220
3657 221
3657 222
3658 208
3658 209
3658 210
3658 211
3658 212
3658 213
3658 214
3658 215
3658 216
3658 217
3658 218
3658 219
3658 220
3658 221
3658 222
3658 223
3658 224
3658 225
3658 226
3658 227
3658 228
3658 229
3658 230
3658 231
3658 232
3658 233
3658 234
3658 235
3658 236
3658 237
3658 238
3658 239
3659 227
3659 228
3659 229
3659 230
3659 231
3659 232
3659 233
3659 234
3659 235
3659 236
3659 237
3659 238
3659 239
3659 240
3659 241
3659 242
3659 243
3659 244
3659 245
3659 246
3659 247
3659 248
3659 249
3659 250
3659 251
3659 252
3659 253
3660 249
3660 250
3660 251
3660 252
3660 253
3660 254
3660 255
3660 256
3660 257
3660 258
3660 259
3660 260
3660 261
3660 262
3660 263
3660 264
3660 265
3663 155
3663 156
3663 157
3663 158
3663 159
3663 160
3663 161
3663 162
3663 163
3663 164
3663 165
3663 166
3663 167
3664 165
3664 166
3664 167
3664 168
3664 169
3664 170
3664 171
3664 172
3664 173
3664 174
3664 175
3664 176
3664 177
3664 178
3664 179
3664 180
3664 181
3664 182
3664 183
3664 184
3664 185
3664 186
3664 187
3664 188
3664 189
3664 190
3665 179
3665 180
3665 181
3665 182
3665 183
3665 184
3665 185
3665 186
3665 187
3665 188
3665 189
3665 190
3665 191
3665 192
3665 193
3665 194
3665 195
3665 196
3665 197
3665 198
3665 199
3665 200
3665 201
3665 202
3665 203
3665 204
3665 205
3665 206
3665 207
3665 208
3665 209
3666 195
3666 196
3666 197
3666 198
3666 199
3666 200
3666 201
3666 202
3666 203
3666 204
3666 205
3666 206
3666 207
3666 208
3666 209
3666 210
3666 211
3666 212
3666 213
3666 214
3666 215
3666 216
3666 217
3666 218
3666 219
3666 220
3666 221
3666 222
3666 223
3666 224
3666 225
3666 226
3667 213
3667 214
3667 215
3667 216
3667 217
3667 218
3667 219
3667 220
3667 221
3667 222
3667 223
3667 224
3667 225
3667 226
3667 227
3667 228
3667 229
3667 230
3667 231
3667 232
3667 233
3667 234
3667 235
3667 236
3667 237
3667 238
3667 239
3667 240
3667 241
3667 242
3668 232
3668 233
3668 234
3668 235
3668 236
3668 237
3668 238
3668 239
3668 240
3668 241
3668 242
3668 243
3668 244
3668 245
3668 246
3668 247
3668 248
3668 249
3668 250
3668 251
3668 252
3668 253
3668 254
3668 255
3668 256
3669 254
3669 255
3669 256
3669 257
3669 258
3669 259
3669 260
3669 261
3669 262
3669 263
3669 264
3669 265
3669 266
3669 267
3669 268
3672 157
3672 158
3672 159
3672 160
3672 161
3672 162
3672 163
3672 164
3672 165
3672 166
3672 167
3672 168
3672 169
3672 170
3672 171
3672 172
3672 173
3673 168
3673 169
3673 170
3673 171
3673 172
3673 173
3673 174
3673 175
3673 176
3673 177
3673 178
3673 179
3673 180
3673 181
3673 182
3673 183
3673 184
3673 185
3673 186
3673 187
3673 188
3673 189
3673 190
3673 191
3673 192
3673 193
3673 194
3674 183
3674 184
3674 185
3674 186
3674 187
3674 188
3674 189
3674 190
3674 191
3674 192
3674 193
3674 194
3674 195
3674 196
3674 197
3674 198
3674 199
3674 200
3674 201
3674 202
3674 203
3674 204
3674 205
3674 206
3674 207
3674 208
3674 209
3674 210
3674 211
3674 212
3674 213
3675 199
3675 200
3675 201
3675 202
3675 203
3675 204
3675 205
3675 206
3675 207
3675 208
3675 209
3675 210
3675 211
3675 212
3675 213
3675 214
3675 215
3675 216
3675 217
3675 218
3675 219
3675 220
3675 221
3675 222
3675 223
3675 224
3675 225
3675 226
3675 227
3675 228
3675 229
3675 230
3676 217
3676 218
3676 219
3676 220
3676 221
3676 222
3676 223
3676 224
3676 225
3676 226
3676 227
3676 228
3676 229
3676 230
3676 231
3676 232
3676 233
3676 234
3676 235
3676 236
3676 237
3676 238
3676 239
3676 240
3676 241
3676 242
3676 243
3676 244
3676 245
3676 246
3677 237
3677 238
3677 239
3677 240
3677 241
3677 242
3677 243
3677 244
3677 245
3677 246
3677 247
3677 248
3677 249
3677 250
3677 251
3677 252
3677 253
3677 254
3677 255
3677 256
3677 257
3677 258
3677 259
3678 260
3678 261
3678 262
3678 263
3678 264
3678 265
3678 266
3678 267
3678 268
3678 269
3681 160
3681 161
3681 162
3681 163
3681 164
3681 165
3681 166
3681 167
3681 168
3681 169
3681 170
3681 171
3681 172
3681 173
3681 174
3681 175
3681 176
3681 177
3681 178
3682 172
3682 173
3682 174
3682 175
3682 176
3682 177
3682 178
3682 179
3682 180
3682 181
3682 182
3682 183
3682 184
3682 185
3682 186
3682 187
3682 188
3682 189
3682 190
3682 191
3682 192
3682 193
3682 194
3682 195
3682 196
3682 197
3682 198
3683 186
3683 187
3683 188
3683 189
3683 190
3683 191
3683 192
3683 193
3683 194
3683 195
3683 196
3683 197
3683 198
3683 199
3683 200
3683 201
3683 202
3683 203
3683 204
3683 205
3683 206
3683 207
3683 208
3683 209
3683 210
3683 211
3683 212
3683 213
3683 214
3683 215
3683 216
3683 217
3684 203
3684 204
3684 205
3684 206
3684 207
3684 208
3684 209
3684 210
3684 211
3684 212
3684 213
3684 214
3684 215
3684 216
3684 217
3684 218
3684 219
3684 220
3684 221
3684 222
3684 223
3684 224
3684 225
3684 226
3684 227
3684 228
3684 229
3684 230
3684 231
3684 232
3684 233
3684 234
3685 222
3685 223
3685 224
3685 225
3685 226
3685 227
3685 228
3685 229
3685 230
3685 231
3685 232
3685 233
3685 234
3685 235
3685 236
3685 237
3685 238
3685 239
3685 240
3685 241
3685 242
3685 243
3685 244
3685 245
3685 246
3685 247
3685 248
3685 249
3686 242
3686 243
3686 244
3686 245
3686 246
3686 247
3686 248
3686 249
3686 250
3686 251
3686 252
3686 253
3686 254
3686 255
3686 256
3686 257
3686 258
3686 259
3686 260
3686 261
3686 262
3690 162
3690 163
3690 164
3690 165
3690 166
3690 167
3690 168
3690 169
3690 170
3690 171
3690 172
3690 173
3690 174
3690 175
3690 176
3690 177
3690 178
3690 179
3690 180
3690 181
3690 182
3690 183
3691 175
3691 176
3691 177
3691 178
3691 179
3691 180
3691 181
3691 182
3691 183
3691 184
3691 185
3691 186
3691 187
3691 188
3691 189
3691 190
3691 191
3691 192
3691 193
3691 194
3691 195
3691 196
3691 197
3691 198
3691 199
3691 200
3691 201
3691 202
3691 203
3692 190
3692 191
3692 192
3692 193
3692 194
3692 195
3692 196
3692 197
3692 198
3692 199
3692 200
3692 201
3692 202
3692 203
3692 204
3692 205
3692 206
3692 207
3692 208
3692 209
3692 210
3692 211
3692 212
3692 213
3692 214
3692 215
3692 216
3692 217
3692 218
3692 219
3692 220
3692 221
3693 208
3693 209
3693 210
3693 211
3693 212
3693 213
3693 214
3693 215
3693 216
3693 217
3693 218
3693 219
3693 220
3693 221
3693 222
3693 223
3693 224
3693 225
3693 226
3693 227
3693 228
3693 229
3693 230
3693 231
3693 232
3693 233
3693 234
3693 235
3693 236
3693 237
3694 226
3694 227
3694 228
3694 229
3694 230
3694 231
3694 232
3694 233
3694 234
3694 235
3694 236
3694 237
3694 238
3694 239
3694 240
3694 241
3694 242
3694 243
3694 244
3694 245
3694 246
3694 247
3694 248
3694 249
3694 250
3694 251
3694 252
3695 247
3695 248
3695 249
3695 250
3695 251
3695 252
3695 253
3695 254
3695 255
3695 256
3695 257
3695 258
3695 259
3695 260
3695 261
3695 262
3695 263
3695 264
3695 265
3698 159
3698 160
3698 161
3698 162
3699 165
3699 166
3699 167
3699 168
3699 169
3699 170
3699 171
3699 172
3699 173
3699 174
3699 175
3699 176
3699 177
3699 178
3699 179
3699 180
3699 181
3699 182
3699 183
3699 184
3699 185
3699 186
3699 187
3700 179
3700 180
3700 181
3700 182
3700 183
3700 184
3700 185
3700 186
3700 187
3700 188
3700 189
3700 190
3700 191
3700 192
3700 193
3700 194
3700 195
3700 196
3700 197
3700 198
3700 199
3700 200
3700 201
3700 202
3700 203
3700 204
3700 205
3700 206
3700 207
3701 194
3701 195
3701 196
3701 197
3701 198
3701 199
3701 200
3701 201
3701 202
3701 203
3701 204
3701 205
3701 206
3701 207
3701 208
3701 209
3701 210
3701 211
3701 212
3701 213
3701 214
3701 215
3701 216
3701 217
3701 218
3701 219
3701 220
3701 221
3701 222
3701 223
3701 224
3701 225
3702 212
3702 213
3702 214
3702 215
3702 216
3702 217
3702 218
3702 219
3702 220
3702 221
3702 222
3702 223
3702 224
3702 225
3702 226
3702 227
3702 228
3702 229
3702 230
3702 231
3702 232
3702 233
3702 234
3702 235
3702 236
3702 237
3702 238
3702 239
3702 240
3702 241
3703 231
3703 232
3703 233
3703 234
3703 235
3703 236
3703 237
3703 238
3703 239
3703 240
3703 241
3703 242
3703 243
3703 244
3703 245
3703 246
3703 247
3703 248
3703 249
3703 250
3703 251
3703 252
3703 253
3703 254
3703 255
3704 253
3704 254
3704 255
3704 256
3704 257
3704 258
3704 259
3704 260
3704 261
3704 262
3704 263
3704 264
3704 265
3704 266
3704 267
3707 159
3707 160
3707 161
3707 162
3707 163
3707 164
3707 165
3707 166
3707 167
3707 168
3707 169
3708 168
3708 169
3708 170
3708 171
3708 172
3708 173
3708 174
3708 175
3708 176
3708 177
3708 178
3708 179
3708 180
3708 181
3708 182
3708 183
3708 184
3708 185
3708 186
3708 187
3708 188
3708 189
3708 190
3708 191
3708 192
3709 182
3709 183
3709 184
3709 185
3709 186
3709 187
3709 188
3709 189
3709 190
3709 191
3709 192
3709 193
3709 194
3709 195
3709 196
3709 197
3709 198
3709 199
3709 200
3709 201
3709 202
3709 203
3709 204
3709 205
3709 206
3709 207
3709 208
3709 209
3709 210
3709 211
3710 199
3710 200
3710 201
3710 202
3710 203
3710 204
3710 205
3710 206
3710 207
3710 208
3710 209
3710 210
3710 211
3710 212
3710 213
3710 214
3710 215
3710 216
3710 217
3710 218
3710 219
3710 220
3710 221
3710 222
3710 223
3710 224
3710 225
3710 226
3710 227
3710 228
3711 216
3711 217
3711 218
3711 219
3711 220
3711 221
3711 222
3711 223
3711 224
3711 225
3711 226
3711 227
3711 228
3711 229
3711 230
3711 231
3711 232
3711 233
3711 234
3711 235
3711 236
3711 237
3711 238
3711 239
3711 240
3711 241
3711 242
3711 243
3711 244
3712 236
3712 237
3712 238
3712 239
3712 240
3712 241
3712 242
3712 243
3712 244
3712 245
3712 246
3712 247
3712 248
3712 249
3712 250
3712 251
3712 252
3712 253
3712 254
3712 255
3712 256
3712 257
3712 258
3713 259
3713 260
3713 261
3713 262
3713 263
3713 264
3713 265
3713 266
3713 267
3713 268
3713 269
3713 270
3716 161
3716 162
3716 163
3716 164
3716 165
3716 166
3716 167
3716 168
3716 169
3716 170
3716 171
3716 172
3716 173
3716 174
3717 172
3717 173
3717 174
3717 175
3717 176
3717 177
3717 178
3717 179
3717 180
3717 181
3717 182
3717 183
3717 184
3717 185
3717 186
3717 187
3717 188
3717 189
3717 190
3717 191
3717 192
3717 193
3717 194
3717 195
3717 196
3718 186
3718 187
3718 188
3718 189
3718 190
3718 191
3718 192
3718 193
3718 194
3718 195
3718 196
3718 197
3718 198
3718 199
3718 200
3718 201
3718 202
3718 203
3718 204
3718 205
3718 206
3718 207
3718 208
3718 209
3718 210
3718 211
3718 212
3718 213
3718 214
3718 215
3719 203
3719 204
3719 205
3719 206
3719 207
3719 208
3719 209
3719 210
3719 211
3719 212
3719 213
3719 214
3719 215
3719 216
3719 217
3719 218
3719 219
3719 220
3719 221
3719 222
3719 223
3719 224
3719 225
3719 226
3719 227
3719 228
3719 229
3719 230
3719 231
3719 232
3720 221
3720 222
3720 223
3720 224
3720 225
3720 226
3720 227
3720 228
3720 229
3720 230
3720 231
3720 232
3720 233
3720 234
3720 235
3720 236
3720 237
3720 238
3720 239
3720 240
3720 241
3720 242
3720 243
3720 244
3720 245
3720 246
3720 247
3720 248
3721 241
3721 242
3721 243
3721 244
3721 245
3721 246
3721 247
3721 248
3721 249
3721 250
3721 251
3721 252
3721 253
3721 254
3721 255
3721 256
3721 257
3721 258
3721 259
3721 260
3721 261
3722 265
3722 266
3722 267
3722 268
3722 269
3722 270
3722 271
3725 163
3725 164
3725 165
3725 166
3725 167
3725 168
3725 169
3725 170
3725 171
3725 172
3725 173
3725 174
3725 175
3725 176
3725 177
3725 178
3725 179
3726 175
3726 176
3726 177
3726 178
3726 179
3726 180
3726 181
3726 182
3726 183
3726 184
3726 185
3726 186
3726 187
3726 188
3726 189
3726 190
3726 191
3726 192
3726 193
3726 194
3726 195
3726 196
3726 197
3726 198
3726 199
3726 200
3727 190
3727 191
3727 192
3727 193
3727 194
3727 195
3727 196
3727 197
3727 198
3727 199
3727 200
3727 201
3727 202
3727 203
3727 204
3727 205
3727 206
3727 207
3727 208
3727 209
3727 210
3727 211
3727 212
3727 213
3727 214
3727 215
3727 216
3727 217
3727 218
3727 219
3728 207
3728 208
3728 209
3728 210
3728 211
3728 212
3728 213
3728 214
3728 215
3728 216
3728 217
3728 218
3728 219
3728 220
3728 221
3728 222
3728 223
3728 224
3728 225
3728 226
3728 227
3728 228
3728 229
3728 230
3728 231
3728 232
3728 233
3728 234
3728 235
3728 236
3729 226
3729 227
3729 228
3729 229
3729 230
3729 231
3729 232
3729 233
3729 234
3729 235
3729 236
3729 237
3729 238
3729 239
3729 240
3729 241
3729 242
3729 243
3729 244
3729 245
3729 246
3729 247
3729 248
3729 249
3729 250
3729 251
3730 246
3730 247
3730 248
3730 249
3730 250
3730 251
3730 252
3730 253
3730 254
3730 255
3730 256
3730 257
3730 258
3730 259
3730 260
3730 261
3730 262
3730 263
3730 264
3734 166
3734 167
3734 168
3734 169
3734 170
3734 171
3734 172
3734 173
3734 174
3734 175
3734 176
3734 177
3734 178
3734 179
3734 180
3734 181
3734 182
3734 183
3734 184
3735 179
3735 180
3735 181
3735 182
3735 183
3735 184
3735 185
3735 186
3735 187
3735 188
3735 189
3735 190
3735 191
3735 192
3735 193
3735 194
3735 195
3735 196
3735 197
3735 198
3735 199
3735 200
3735 201
3735 202
3735 203
3735 204
3735 205
3736 194
3736 195
3736 196
3736 197
3736 198
3736 199
3736 200
3736 201
3736 202
3736 203
3736 204
3736 205
3736 206
3736 207
3736 208
3736 209
3736 210
3736 211
3736 212
3736 213
3736 214
3736 215
3736 216
3736 217
3736 218
3736 219
3736 220
3736 221
3736 222
3736 223
3737 211
3737 212
3737 213
3737 214
3737 215
3737 216
3737 217
3737 218
3737 219
3737 220
3737 221
3737 222
3737 223
3737 224
3737 225
3737 226
3737 227
3737 228
3737 229
3737 230
3737 231
3737 232
3737 233
3737 234
3737 235
3737 236
3737 237
3737 238
3737 239
3738 230
3738 231
3738 232
3738 233
3738 234
3738 235
3738 236
3738 237
3738 238
3738 239
3738 240
3738 241
3738 242
3738 243
3738 244
3738 245
3738 246
3738 247
3738 248
3738 249
3738 250
3738 251
3738 252
3738 253
3738 254
3739 252
3739 253
3739 254
3739 255
3739 256
3739 257
3739 258
3739 259
3739 260
3739 261
3739 262
3739 263
3739 264
3739 265
3739 266
3739 267
3743 169
3743 170
3743 171
3743 172
3743 173
3743 174
3743 175
3743 176
3743 177
3743 178
3743 179
3743 180
3743 181
3743 182
3743 183
3743 184
3743 185
3743 186
3743 187
3743 188
3743 189
3744 182
3744 183
3744 184
3744 185
3744 186
3744 187
3744 188
3744 189
3744 190
3744 191
3744 192
3744 193
3744 194
3744 195
3744 196
3744 197
3744 198
3744 199
3744 200
3744 201
3744 202
3744 203
3744 204
3744 205
3744 206
3744 207
3744 208
3744 209
3745 198
3745 199
3745 200
3745 201
3745 202
3745 203
3745 204
3745 205
3745 206
3745 207
3745 208
3745 209
3745 210
3745 211
3745 212
3745 213
3745 214
3745 215
3745 216
3745 217
3745 218
3745 219
3745 220
3745 221
3745 222
3745 223
3745 224
3745 225
3745 226
3745 227
3746 216
3746 217
3746 218
3746 219
3746 220
3746 221
3746 222
3746 223
3746 224
3746 225
3746 226
3746 227
3746 228
3746 229
3746 230
3746 231
3746 232
3746 233
3746 234
3746 235
3746 236
3746 237
3746 238
3746 239
3746 240
3746 241
3746 242
3746 243
3747 235
3747 236
3747 237
3747 238
3747 239
3747 240
3747 241
3747 242
3747 243
3747 244
3747 245
3747 246
3747 247
3747 248
3747 249
3747 250
3747 251
3747 252
3747 253
3747 254
3747 255
3747 256
3747 257
3748 257
3748 258
3748 259
3748 260
3748 261
3748 262
3748 263
3748 264
3748 265
3748 266
3748 267
3748 268
3748 269
3751 164
3751 165
3751 166
3751 167
3751 168
3751 169
3752 172
3752 173
3752 174
3752 175
3752 176
3752 177
3752 178
3752 179
3752 180
3752 181
3752 182
3752 183
3752 184
3752 185
3752 186
3752 187
3752 188
3752 189
3752 190
3752 191
3752 192
3752 193
3752 194
3753 186
3753 187
3753 188
3753 189
3753 190
3753 191
3753 192
3753 193
3753 194
3753 195
3753 196
3753 197
3753 198
3753 199
3753 200
3753 201
3753 202
3753 203
3753 204
3753 205
3753 206
3753 207
3753 208
3753 209
3753 210
3753 211
3753 212
3753 213
3754 202
3754 203
3754 204
3754 205
3754 206
3754 207
3754 208
3754 209
3754 210
3754 211
3754 212
3754 213
3754 214
3754 215
3754 216
3754 217
3754 218
3754 219
3754 220
3754 221
3754 222
3754 223
3754 224
3754 225
3754 226
3754 227
3754 228
3754 229
3754 230
3755 220
3755 221
3755 222
3755 223
3755 224
3755 225
3755 226
3755 227
3755 228
3755 229
3755 230
3755 231
3755 232
3755 233
3755 234
3755 235
3755 236
3755 237
3755 238
3755 239
3755 240
3755 241
3755 242
3755 243
3755 244
3755 245
3755 246
3756 240
3756 241
3756 242
3756 243
3756 244
3756 245
3756 246
3756 247
3756 248
3756 249
3756 250
3756 251
3756 252
3756 253
3756 254
3756 255
3756 256
3756 257
3756 258
3756 259
3756 260
3757 263
3757 264
3757 265
3757 266
3757 267
3757 268
3757 269
3757 270
3757 271
3760 165
3760 166
3760 167
3760 168
3760 169
3760 170
3760 171
3760 172
3760 173
3760 174
3760 175
3761 175
3761 176
3761 177
3761 178
3761 179
3761 180
3761 181
3761 182
3761 183
3761 184
3761 185
3761 186
3761 187
3761 188
3761 189
3761 190
3761 191
3761 192
3761 193
3761 194
3761 195
3761 196
3761 197
3761 198
3762 190
3762 191
3762 192
3762 193
3762 194
3762 195
3762 196
3762 197
3762 198
3762 199
3762 200
3762 201
3762 202
3762 203
3762 204
3762 205
3762 206
3762 207
3762 208
3762 209
3762 210
3762 211
3762 212
3762 213
3762 214
3762 215
3762 216
3762 217
3763 207
3763 208
3763 209
3763 210
3763 211
3763 212
3763 213
3763 214
3763 215
3763 216
3763 217
3763 218
3763 219
3763 220
3763 221
3763 222
3763 223
3763 224
3763 225
3763 226
3763 227
3763 228
3763 229
3763 230
3763 231
3763 232
3763 233
3763 234
3764 225
3764 226
3764 227
3764 228
3764 229
3764 230
3764 231
3764 232
3764 233
3764 234
3764 235
3764 236
3764 237
3764 238
3764 239
3764 240
3764 241
3764 242
3764 243
3764 244
3764 245
3764 246
3764 247
3764 248
3764 249
3764 250
3765 245
3765 246
3765 247
3765 248
3765 249
3765 250
3765 251
3765 252
3765 253
3765 254
3765 255
3765 256
3765 257
3765 258
3765 259
3765 260
3765 261
3765 262
3765 263
3769 167
3769 168
3769 169
3769 170
3769 171
3769 172
3769 173
3769 174
3769 175
3769 176
3769 177
3769 178
3769 179
3769 180
3769 181
3770 179
3770 180
3770 181
3770 182
3770 183
3770 184
3770 185
3770 186
3770 187
3770 188
3770 189
3770 190
3770 191
3770 192
3770 193
3770 194
3770 195
3770 196
3770 197
3770 198
3770 199
3770 200
3770 201
3770 202
3771 194
3771 195
3771 196
3771 197
3771 198
3771 199
3771 200
3771 201
3771 202
3771 203
3771 204
3771 205
3771 206
3771 207
3771 208
3771 209
3771 210
3771 211
3771 212
3771 213
3771 214
3771 215
3771 216
3771 217
3771 218
3771 219
3771 220
3771 221
3772 211
3772 212
3772 213
3772 214
3772 215
3772 216
3772 217
3772 218
3772 219
3772 220
3772 221
3772 222
3772 223
3772 224
3772 225
3772 226
3772 227
3772 228
3772 229
3772 230
3772 231
3772 232
3772 233
3772 234
3772 235
3772 236
3772 237
3772 238
3773 230
3773 231
3773 232
3773 233
3773 234
3773 235
3773 236
3773 237
3773 238
3773 239
3773 240
3773 241
3773 242
3773 243
3773 244
3773 245
3773 246
3773 247
3773 248
3773 249
3773 250
3773 251
3773 252
3773 253
3774 250
3774 251
3774 252
3774 253
3774 254
3774 255
3774 256
3774 257
3774 258
3774 259
3774 260
3774 261
3774 262
3774 263
3774 264
3774 265
3774 266
3778 170
3778 171
3778 172
3778 173
3778 174
3778 175
3778 176
3778 177
3778 178
3778 179
3778 180
3778 181
3778 182
3778 183
3778 184
3778 185
3778 186
3779 182
3779 183
3779 184
3779 185
3779 186
3779 187
3779 188
3779 189
3779 190
3779 191
3779 192
3779 193
3779 194
3779 195
3779 196
3779 197
3779 198
3779 199
3779 200
3779 201
3779 202
3779 203
3779 204
3779 205
3779 206
3780 198
3780 199
3780 200
3780 201
3780 202
3780 203
3780 204
3780 205
3780 206
3780 207
3780 208
3780 209
3780 210
3780 211
3780 212
3780 213
3780 214
3780 215
3780 216
3780 217
3780 218
3780 219
3780 220
3780 221
3780 222
3780 223
3780 224
3780 225
3781 215
3781 216
3781 217
3781 218
3781 219
3781 220
3781 221
3781 222
3781 223
3781 224
3781 225
3781 226
3781 227
3781 228
3781 229
3781 230
3781 231
3781 232
3781 233
3781 234
3781 235
3781 236
3781 237
3781 238
3781 239
3781 240
3781 241
3782 235
3782 236
3782 237
3782 238
3782 239
3782 240
3782 241
3782 242
3782 243
3782 244
3782 245
3782 246
3782 247
3782 248
3782 249
3782 250
3782 251
3782 252
3782 253
3782 254
3782 255
3782 256
3783 256
3783 257
3783 258
3783 259
3783 260
3783 261
3783 262
3783 263
3783 264
3783 265
3783 266
3783 267
3783 268
3783 269
3787 173
3787 174
3787 175
3787 176
3787 177
3787 178
3787 179
3787 180
3787 181
3787 182
3787 183
3787 184
3787 185
3787 186
3787 187
3787 188
3787 189
3787 190
3788 186
3788 187
3788 188
3788 189
3788 190
3788 191
3788 192
3788 193
3788 194
3788 195
3788 196
3788 197
3788 198
3788 199
3788 200
3788 201
3788 202
3788 203
3788 204
3788 205
3788 206
3788 207
3788 208
3788 209
3788 210
3788 211
3789 202
3789 203
3789 204
3789 205
3789 206
3789 207
3789 208
3789 209
3789 210
3789 211
3789 212
3789 213
3789 214
3789 215
3789 216
3789 217
3789 218
3789 219
3789 220
3789 221
3789 222
3789 223
3789 224
3789 225
3789 226
3789 227
3789 228
3790 220
3790 221
3790 222
3790 223
3790 224
3790 225
3790 226
3790 227
3790 228
3790 229
3790 230
3790 231
3790 232
3790 233
3790 234
3790 235
3790 236
3790 237
3790 238
3790 239
3790 240
3790 241
3790 242
3790 243
3790 244
3790 245
3791 239
3791 240
3791 241
3791 242
3791 243
3791 244
3791 245
3791 246
3791 247
3791 248
3791 249
3791 250
3791 251
3791 252
3791 253
3791 254
3791 255
3791 256
3791 257
3791 258
3791 259
3792 262
3792 263
3792 264
3792 265
3792 266
3792 267
3792 268
3792 269
3792 270
3792 271
3796 176
3796 177
3796 178
3796 179
3796 180
3796 181
3796 182
3796 183
3796 184
3796 185
3796 186
3796 187
3796 188
3796 189
3796 190
3796 191
3796 192
3796 193
3796 194
3796 195
3797 190
3797 191
3797 192
3797 193
3797 194
3797 195
3797 196
3797 197
3797 198
3797 199
3797 200
3797 201
3797 202
3797 203
3797 204
3797 205
3797 206
3797 207
3797 208
3797 209
3797 210
3797 211
3797 212
3797 213
3797 214
3797 215
3798 206
3798 207
3798 208
3798 209
3798 210
3798 211
3798 212
3798 213
3798 214
3798 215
3798 216
3798 217
3798 218
3798 219
3798 220
3798 221
3798 222
3798 223
3798 224
3798 225
3798 226
3798 227
3798 228
3798 229
3798 230
3798 231
3798 232
3799 225
3799 226
3799 227
3799 228
3799 229
3799 230
3799 231
3799 232
3799 233
3799 234
3799 235
3799 236
3799 237
3799 238
3799 239
3799 240
3799 241
3799 242
3799 243
3799 244
3799 245
3799 246
3799 247
3799 248
3800 244
3800 245
3800 246
3800 247
3800 248
3800 249
3800 250
3800 251
3800 252
3800 253
3800 254
3800 255
3800 256
3800 257
3800 258
3800 259
3800 260
3800 261
3800 262
3801 268
3801 269
3801 270
3801 271
3801 272
3804 171
3804 172
3804 173
3804 174
3804 175
3805 179
3805 180
3805 181
3805 182
3805 183
3805 184
3805 185
3805 186
3805 187
3805 188
3805 189
3805 190
3805 191
3805 192
3805 193
3805 194
3805 195
3805 196
3805 197
3805 198
3805 199
3806 194
3806 195
3806 196
3806 197
3806 198
3806 199
3806 200
3806 201
3806 202
3806 203
3806 204
3806 205
3806 206
3806 207
3806 208
3806 209
3806 210
3806 211
3806 212
3806 213
3806 214
3806 215
3806 216
3806 217
3806 218
3806 219
3807 211
3807 212
3807 213
3807 214
3807 215
3807 216
3807 217
3807 218
3807 219
3807 220
3807 221
3807 222
3807 223
3807 224
3807 225
3807 226
3807 227
3807 228
3807 229
3807 230
3807 231
3807 232
3807 233
3807 234
3807 235
3807 236
3808 229
3808 230
3808 231
3808 232
3808 233
3808 234
3808 235
3808 236
3808 237
3808 238
3808 239
3808 240
3808 241
3808 242
3808 243
3808 244
3808 245
3808 246
3808 247
3808 248
3808 249
3808 250
3808 251
3809 250
3809 251
3809 252
3809 253
3809 254
3809 255
3809 256
3809 257
3809 258
3809 259
3809 260
3809 261
3809 262
3809 263
3809 264
3809 265
3813 172
3813 173
3813 174
3813 175
3813 176
3813 177
3813 178
3813 179
3813 180
3813 181
3814 183
3814 184
3814 185
3814 186
3814 187
3814 188
3814 189
3814 190
3814 191
3814 192
3814 193
3814 194
3814 195
3814 196
3814 197
3814 198
3814 199
3814 200
3814 201
3814 202
3814 203
3814 204
3815 198
3815 199
3815 200
3815 201
3815 202
3815 203
3815 204
3815 205
3815 206
3815 207
3815 208
3815 209
3815 210
3815 211
3815 212
3815 213
3815 214
3815 215
3815 216
3815 217
3815 218
3815 219
3815 220
3815 221
3815 222
3816 215
3816 216
3816 217
3816 218
3816 219
3816 220
3816 221
3816 222
3816 223
3816 224
3816 225
3816 226
3816 227
3816 228
3816 229
3816 230
3816 231
3816 232
3816 233
3816 234
3816 235
3816 236
3816 237
3816 238
3816 239
3817 234
3817 235
3817 236
3817 237
3817 238
3817 239
3817 240
3817 241
3817 242
3817 243
3817 244
3817 245
3817 246
3817 247
3817 248
3817 249
3817 250
3817 251
3817 252
3817 253
3817 254
3817 255
3818 255
3818 256
3818 257
3818 258
3818 259
3818 260
3818 261
3818 262
3818 263
3818 264
3818 265
3818 266
3818 267
3818 268
3822 174
3822 175
3822 176
3822 177
3822 178
3822 179
3822 180
3822 181
3822 182
3822 183
3822 184
3822 185
3822 186
3823 186
3823 187
3823 188
3823 189
3823 190
3823 191
3823 192
3823 193
3823 194
3823 195
3823 196
3823 197
3823 198
3823 199
3823 200
3823 201
3823 202
3823 203
3823 204
3823 205
3823 206
3823 207
3823 208
3824 202
3824 203
3824 204
3824 205
3824 206
3824 207
3824 208
3824 209
3824 210
3824 211
3824 212
3824 213
3824 214
3824 215
3824 216
3824 217
3824 218
3824 219
3824 220
3824 221
3824 222
3824 223
3824 224
3824 225
3824 226
3825 220
3825 221
3825 222
3825 223
3825 224
3825 225
3825 226
3825 227
3825 228
3825 229
3825 230
3825 231
3825 232
3825 233
3825 234
3825 235
3825 236
3825 237
3825 238
3825 239
3825 240
3825 241
3825 242
3825 243
3826 239
3826 240
3826 241
3826 242
3826 243
3826 244
3826 245
3826 246
3826 247
3826 248
3826 249
3826 250
3826 251
3826 252
3826 253
3826 254
3826 255
3826 256
3826 257
3826 258
3827 260
3827 261
3827 262
3827 263
3827 264
3827 265
3827 266
3827 267
3827 268
3827 269
3827 270
3827 271
3831 177
3831 178
3831 179
3831 180
3831 181
3831 182
3831 183
3831 184
3831 185
3831 186
3831 187
3831 188
3831 189
3831 190
3831 191
3832 190
3832 191
3832 192
3832 193
3832 194
3832 195
3832 196
3832 197
3832 198
3832 199
3832 200
3832 201
3832 202
3832 203
3832 204
3832 205
3832 206
3832 207
3832 208
3832 209
3832 210
3832 211
3832 212
3833 206
3833 207
3833 208
3833 209
3833 210
3833 211
3833 212
3833 213
3833 214
3833 215
3833 216
3833 217
3833 218
3833 219
3833 220
3833 221
3833 222
3833 223
3833 224
3833 225
3833 226
3833 227
3833 228
3833 229
3833 230
3834 224
3834 225
3834 226
3834 227
3834 228
3834 229
3834 230
3834 231
3834 232
3834 233
3834 234
3834 235
3834 236
3834 237
3834 238
3834 239
3834 240
3834 241
3834 242
3834 243
3834 244
3834 245
3834 246
3835 244
3835 245
3835 246
3835 247
3835 248
3835 249
3835 250
3835 251
3835 252
3835 253
3835 254
3835 255
3835 256
3835 257
3835 258
3835 259
3835 260
3835 261
3836 267
3836 268
3836 269
3836 270
3836 271
3836 272
3836 273
3840 180
3840 181
3840 182
3840 183
3840 184
3840 185
3840 186
3840 187
3840 188
3840 189
3840 190
3840 191
3840 192
3840 193
3840 194
3840 195
3840 196
3841 194
3841 195
3841 196
3841 197
3841 198
3841 199
3841 200
3841 201
3841 202
3841 203
3841 204
3841 205
3841 206
3841 207
3841 208
3841 209
3841 210
3841 211
3841 212
3841 213
3841 214
3841 215
3841 216
3842 210
3842 211
3842 212
3842 213
3842 214
3842 215
3842 216
3842 217
3842 218
3842 219
3842 220
3842 221
3842 222
3842 223
3842 224
3842 225
3842 226
3842 227
3842 228
3842 229
3842 230
3842 231
3842 232
3842 233
3842 234
3843 229
3843 230
3843 231
3843 232
3843 233
3843 234
3843 235
3843 236
3843 237
3843 238
3843 239
3843 240
3843 241
3843 242
3843 243
3843 244
3843 245
3843 246
3843 247
3843 248
3843 249
3843 250
3844 249
3844 250
3844 251
3844 252
3844 253
3844 254
3844 255
3844 256
3844 257
3844 258
3844 259
3844 260
3844 261
3844 262
3844 263
3844 264
3849 184
3849 185
3849 186
3849 187
3849 188
3849 189
3849 190
3849 191
3849 192
3849 193
3849 194
3849 195
3849 196
3849 197
3849 198
3849 199
3849 200
3850 198
3850 199
3850 200
3850 201
3850 202
3850 203
3850 204
3850 205
3850 206
3850 207
3850 208
3850 209
3850 210
3850 211
3850 212
3850 213
3850 214
3850 215
3850 216
3850 217
3850 218
3850 219
3850 220
3851 215
3851 216
3851 217
3851 218
3851 219
3851 220
3851 221
3851 222
3851 223
3851 224
3851 225
3851 226
3851 227
3851 228
3851 229
3851 230
3851 231
3851 232
3851 233
3851 234
3851 235
3851 236
3851 237
3852 234
3852 235
3852 236
3852 237
3852 238
3852 239
3852 240
3852 241
3852 242
3852 243
3852 244
3852 245
3852 246
3852 247
3852 248
3852 249
3852 250
3852 251
3852 252
3852 253
3853 254
3853 255
3853 256
3853 257
3853 258
3853 259
3853 260
3853 261
3853 262
3853 263
3853 264
3853 265
3853 266
3853 267
3858 187
3858 188
3858 189
3858 190
3858 191
3858 192
3858 193
3858 194
3858 195
3858 196
3858 197
3858 198
3858 199
3858 200
3858 201
3858 202
3858 203
3858 204
3858 205
3859 202
3859 203
3859 204
3859 205
3859 206
3859 207
3859 208
3859 209
3859 210
3859 211
3859 212
3859 213
3859 214
3859 215
3859 216
3859 217
3859 218
3859 219
3859 220
3859 221
3859 222
3859 223
3859 224
3860 219
3860 220
3860 221
3860 222
3860 223
3860 224
3860 225
3860 226
3860 227
3860 228
3860 229
3860 230
3860 231
3860 232
3860 233
3860 234
3860 235
3860 236
3860 237
3860 238
3860 239
3860 240
3860 241
3861 238
3861 239
3861 240
3861 241
3861 242
3861 243
3861 244
3861 245
3861 246
3861 247
3861 248
3861 249
3861 250
3861 251
3861 252
3861 253
3861 254
3861 255
3861 256
3862 259
3862 260
3862 261
3862 262
3862 263
3862 264
3862 265
3862 266
3862 267
3862 268
3862 269
3862 270
3866 181
3866 182
3866 183
3866 184
3866 185
3867 191
3867 192
3867 193
3867 194
3867 195
3867 196
3867 197
3867 198
3867 199
3867 200
3867 201
3867 202
3867 203
3867 204
3867 205
3867 206
3867 207
3867 208
3867 209
3868 206
3868 207
3868 208
3868 209
3868 210
3868 211
3868 212
3868 213
3868 214
3868 215
3868 216
3868 217
3868 218
3868 219
3868 220
3868 221
3868 222
3868 223
3868 224
3868 225
3868 226
3868 227
3868 228
3869 224
3869 225
3869 226
3869 227
3869 228
3869 229
3869 230
3869 231
3869 232
3869 233
3869 234
3869 235
3869 236
3869 237
3869 238
3869 239
3869 240
3869 241
3869 242
3869 243
3869 244
3870 243
3870 244
3870 245
3870 246
3870 247
3870 248
3870 249
3870 250
3870 251
3870 252
3870 253
3870 254
3870 255
3870 256
3870 257
3870 258
3870 259
3870 260
3871 265
3871 266
3871 267
3871 268
3871 269
3871 270
3871 271
3871 272
3875 183
3875 184
3875 185
3875 186
3875 187
3875 188
3875 189
3875 190
3875 191
3876 194
3876 195
3876 196
3876 197
3876 198
3876 199
3876 200
3876 201
3876 202
3876 203
3876 204
3876 205
3876 206
3876 207
3876 208
3876 209
3876 210
3876 211
3876 212
3876 213
3877 211
3877 212
3877 213
3877 214
3877 215
3877 216
3877 217
3877 218
3877 219
3877 220
3877 221
3877 222
3877 223
3877 224
3877 225
3877 226
3877 227
3877 228
3877 229
3877 230
3877 231
3878 229
3878 230
3878 231
3878 232
3878 233
3878 234
3878 235
3878 236
3878 237
3878 238
3878 239
3878 240
3878 241
3878 242
3878 243
3878 244
3878 245
3878 246
3878 247
3878 248
3879 248
3879 249
3879 250
3879 251
3879 252
3879 253
3879 254
3879 255
3879 256
3879 257
3879 258
3879 259
3879 260
3879 261
3879 262
3879 263
3884 185
3884 186
3884 187
3884 188
3884 189
3884 190
3884 191
3884 192
3884 193
3884 194
3884 195
3884 196
3885 198
3885 199
3885 200
3885 201
3885 202
3885 203
3885 204
3885 205
3885 206
3885 207
3885 208
3885 209
3885 210
3885 211
3885 212
3885 213
3885 214
3885 215
3885 216
3885 217
3886 215
3886 216
3886 217
3886 218
3886 219
3886 220
3886 221
3886 222
3886 223
3886 224
3886 225
3886 226
3886 227
3886 228
3886 229
3886 230
3886 231
3886 232
3886 233
3886 234
3886 235
3887 233
3887 234
3887 235
3887 236
3887 237
3887 238
3887 239
3887 240
3887 241
3887 242
3887 243
3887 244
3887 245
3887 246
3887 247
3887 248
3887 249
3887 250
3887 251
3888 253
3888 254
3888 255
3888 256
3888 257
3888 258
3888 259
3888 260
3888 261
3888 262
3888 263
3888 264
3888 265
3888 266
3893 189
3893 190
3893 191
3893 192
3893 193
3893 194
3893 195
3893 196
3893 197
3893 198
3893 199
3893 200
3893 201
3894 202
3894 203
3894 204
3894 205
3894 206
3894 207
3894 208
3894 209
3894 210
3894 211
3894 212
3894 213
3894 214
3894 215
3894 216
3894 217
3894 218
3894 219
3894 220
3894 221
3895 219
3895 220
3895 221
3895 222
3895 223
3895 224
3895 225
3895 226
3895 227
3895 228
3895 229
3895 230
3895 231
3895 232
3895 233
3895 234
3895 235
3895 236
3895 237
3895 238
3895 239
3896 238
3896 239
3896 240
3896 241
3896 242
3896 243
3896 244
3896 245
3896 246
3896 247
3896 248
3896 249
3896 250
3896 251
3896 252
3896 253
3896 254
3896 255
3897 259
3897 260
3897 261
3897 262
3897 263
3897 264
3897 265
3897 266
3897 267
3897 268
3902 192
3902 193
3902 194
3902 195
3902 196
3902 197
3902 198
3902 199
3902 200
3902 201
3902 202
3902 203
3902 204
3902 205
3903 207
3903 208
3903 209
3903 210
3903 211
3903 212
3903 213
3903 214
3903 215
3903 216
3903 217
3903 218
3903 219
3903 220
3903 221
3903 222
3903 223
3903 224
3903 225
3904 224
3904 225
3904 226
3904 227
3904 228
3904 229
3904 230
3904 231
3904 232
3904 233
3904 234
3904 235
3904 236
3904 237
3904 238
3904 239
3904 240
3904 241
3904 242
3905 243
3905 244
3905 245
3905 246
3905 247
3905 248
3905 249
3905 250
3905 251
3905 252
3905 253
3905 254
3905 255
3905 256
3905 257
3905 258
3906 265
3906 266
3906 267
3906 268
3906 269
3906 270
3906 271
3911 196
3911 197
3911 198
3911 199
3911 200
3911 201
3911 202
3911 203
3911 204
3911 205
3911 206
3911 207
3911 208
3911 209
3912 211
3912 212
3912 213
3912 214
3912 215
3912 216
3912 217
3912 218
3912 219
3912 220
3912 221
3912 222
3912 223
3912 224
3912 225
3912 226
3912 227
3912 228
3912 229
3913 228
3913 229
3913 230
3913 231
3913 232
3913 233
3913 234
3913 235
3913 236
3913 237
3913 238
3913 239
3913 240
3913 241
3913 242
3913 243
3913 244
3913 245
3913 246
3914 248
3914 249
3914 250
3914 251
3914 252
3914 253
3914 254
3914 255
3914 256
3914 257
3914 258
3914 259
3914 260
3914 261
3920 199
3920 200
3920 201
3920 202
3920 203
3920 204
3920 205
3920 206
3920 207
3920 208
3920 209
3920 210
3920 211
3920 212
3920 213
3921 215
3921 216
3921 217
3921 218
3921 219
3921 220
3921 221
3921 222
3921 223
3921 224
3921 225
3921 226
3921 227
3921 228
3921 229
3921 230
3921 231
3921 232
3922 233
3922 234
3922 235
3922 236
3922 237
3922 238
3922 239
3922 240
3922 241
3922 242
3922 243
3922 244
3922 245
3922 246
3922 247
3922 248
3922 249
3923 253
3923 254
3923 255
3923 256
3923 257
3923 258
3923 259
3923 260
3923 261
3923 262
3923 263
3923 264
3929 203
3929 204
3929 205
3929 206
3929 207
3929 208
3929 209
3929 210
3929 211
3929 212
3929 213
3929 214
3929 215
3929 216
3929 217
3930 220
3930 221
3930 222
3930 223
3930 224
3930 225
3930 226
3930 227
3930 228
3930 229
3930 230
3930 231
3930 232
3930 233
3930 234
3930 235
3930 236
3931 238
3931 239
3931 240
3931 241
3931 242
3931 243
3931 244
3931 245
3931 246
3931 247
3931 248
3931 249
3931 250
3931 251
3931 252
3932 258
3932 259
3932 260
3932 261
3932 262
3932 263
3932 264
3932 265
3932 266
3932 267
3937 197
3938 207
3938 208
3938 209
3938 210
3938 211
3938 212
3938 213
3938 214
3938 215
3938 216
3938 217
3938 218
3938 219
3938 220
3938 221
3939 224
3939 225
3939 226
3939 227
3939 228
3939 229
3939 230
3939 231
3939 232
3939 233
3939 234
3939 235
3939 236
3939 237
3939 238
3939 239
3939 240
3940 243
3940 244
3940 245
3940 246
3940 247
3940 248
3940 249
3940 250
3940 251
3940 252
3940 253
3940 254
3940 255
3940 256
3941 264
3941 265
3941 266
3941 267
3941 268
3941 269
3946 199
3946 200
3946 201
3946 202
3946 203
3947 212
3947 213
3947 214
3947 215
3947 216
3947 217
3947 218
3947 219
3947 220
3947 221
3947 222
3947 223
3947 224
3947 225
3948 229
3948 230
3948 231
3948 232
3948 233
3948 234
3948 235
3948 236
3948 237
3948 238
3948 239
3948 240
3948 241
3948 242
3948 243
3949 248
3949 249
3949 250
3949 251
3949 252
3949 253
3949 254
3949 255
3949 256
3949 257
3949 258
3949 259
3955 202
3955 203
3955 204
3955 205
3955 206
3955 207
3955 208
3956 216
3956 217
3956 218
3956 219
3956 220
3956 221
3956 222
3956 223
3956 224
3956 225
3956 226
3956 227
3956 228
3956 229
3957 233
3957 234
3957 235
3957 236
3957 237
3957 238
3957 239
3957 240
3957 241
3957 242
3957 243
3957 244
3957 245
3957 246
3957 247
3958 253
3958 254
3958 255
3958 256
3958 257
3958 258
3958 259
3958 260
3958 261
3958 262
3964 206
3964 207
3964 208
3964 209
3964 210
3964 211
3964 212
3965 220
3965 221
3965 222
3965 223
3965 224
3965 225
3965 226
3965 227
3965 228
3965 229
3965 230
3965 231
3965 232
3965 233
3966 238
3966 239
3966 240
3966 241
3966 242
3966 243
3966 244
3966 245
3966 246
3966 247
3966 248
3966 249
3966 250
3967 258
3967 259
3967 260
3967 261
3967 262
3967 263
3967 264
3967 265
3973 210
3973 211
3973 212
3973 213
3973 214
3973 215
3973 216
3973 217
3974 225
3974 226
3974 227
3974 228
3974 229
3974 230
3974 231
3974 232
3974 233
3974 234
3974 235
3974 236
3975 243
3975 244
3975 245
3975 246
3975 247
3975 248
3975 249
3975 250
3975 251
3975 252
3975 253
3976 265
3976 266
3982 214
3982 215
3982 216
3982 217
3982 218
3982 219
3982 220
3982 221
3983 229
3983 230
3983 231
3983 232
3983 233
3983 234
3983 235
3983 236
3983 237
3983 238
3983 239
3983 240
3984 248
3984 249
3984 250
3984 251
3984 252
3984 253
3984 254
3984 255
3984 256
3991 218
3991 219
3991 220
3991 221
3991 222
3991 223
3991 224
3991 225
3992 234
3992 235
3992 236
3992 237
3992 238
3992 239
3992 240
3992 241
3992 242
3992 243
3993 253
3993 254
3993 255
3993 256
3993 257
3993 258
3993 259
4000 222
4000 223
4000 224
4000 225
4000 226
4000 227
4000 228
4001 239
4001 240
4001 241
4001 242
4001 243
4001 244
4001 245
4001 246
4001 247
4002 259
4002 260
4002 261
4009 227
4009 228
4009 229
4009 230
4009 231
4009 232
4010 244
4010 245
4010 246
4010 247
4010 248
4010 249
4010 250
4018 231
4018 232
4018 233
4018 234
4018 235
4019 249
4019 250
4019 251
4019 252
4019 253
4027 236
4027 237
4027 238
