7 107
7 108
7 109
7 110
7 111
7 112
7 113
7 114
7 115
7 116
7 117
7 118
7 119
7 120
8 106
8 107
8 108
8 109
8 110
8 111
8 112
8 113
8 114
8 115
8 116
8 117
8 118
8 119
8 120
8 121
8 122
8 123
8 124
8 125
8 126
8 127
8 128
8 129
8 130
8 131
9 108
9 109
9 110
9 111
9 112
9 113
9 114
9 115
9 116
9 117
9 118
9 119
9 120
9 121
9 122
9 123
9 124
9 125
9 126
9 127
9 128
9 129
9 130
9 131
9 132
9 133
9 134
9 135
9 136
9 137
9 138
9 139
9 140
10 112
10 113
10 114
10 115
10 116
10 117
10 118
10 119
10 120
10 121
10 122
10 123
10 124
10 125
10 126
10 127
10 128
10 129
10 130
10 131
10 132
10 133
10 134
10 135
10 136
10 137
10 138
10 139
10 140
10 141
10 142
10 143
10 144
10 145
10 146
10 147
10 148
11 116
11 117
11 118
11 119
11 120
11 121
11 122
11 123
11 124
11 125
11 126
11 127
11 128
11 129
11 130
11 131
11 132
11 133
11 134
11 135
11 136
11 137
11 138
11 139
11 140
11 141
11 142
11 143
11 144
11 145
11 146
11 147
11 148
11 149
11 150
11 151
11 152
11 153
11 154
11 155
12 121
12 122
12 123
12 124
12 125
12 126
12 127
12 128
12 129
12 130
12 131
12 132
12 133
12 134
12 135
12 136
12 137
12 138
12 139
12 140
12 141
12 142
12 143
12 144
12 145
12 146
12 147
12 148
12 149
12 150
12 151
12 152
12 153
12 154
12 155
12 156
12 157
12 158
12 159
12 160
12 161
13 126
13 127
13 128
13 129
13 130
13 131
13 132
13 133
13 134
13 135
13 136
13 137
13 138
13 139
13 140
13 141
13 142
13 143
13 144
13 145
13 146
13 147
13 148
13 149
13 150
13 151
13 152
13 153
13 154
13 155
13 156
13 157
13 158
13 159
13 160
13 161
13 162
13 163
13 164
13 165
13 166
13 167
14 132
14 133
14 134
14 135
14 136
14 137
14 138
14 139
14 140
14 141
14 142
14 143
14 144
14 145
14 146
14 147
14 148
14 149
14 150
14 151
14 152
14 153
14 154
14 155
14 156
14 157
14 158
14 159
14 160
14 161
14 162
14 163
14 164
14 165
14 166
14 167
14 168
14 169
14 170
14 171
14 172
14 173
15 139
15 140
15 141
15 142
15 143
15 144
15 145
15 146
15 147
15 148
15 149
15 150
15 151
15 152
15 153
15 154
15 155
15 156
15 157
15 158
15 159
15 160
15 161
15 162
15 163
15 164
15 165
15 166
15 167
15 168
15 169
15 170
15 171
15 172
15 173
15 174
15 175
15 176
15 177
15 178
16 147
16 148
16 149
16 150
16 151
16 152
16 153
16 154
16 155
16 156
16 157
16 158
16 159
16 160
16 161
16 162
16 163
16 164
16 165
16 166
16 167
16 168
16 169
16 170
16 171
16 172
16 173
16 174
16 175
16 176
16 177
16 178
16 179
16 180
16 181
16 182
17 156
17 157
17 158
17 159
17 160
17 161
17 162
17 163
17 164
17 165
17 166
17 167
17 168
17 169
17 170
17 171
17 172
17 173
17 174
17 175
17 176
17 177
17 178
17 179
17 180
17 181
17 182
17 183
17 184
17 185
18 167
18 168
18 169
18 170
18 171
18 172
18 173
18 174
18 175
18 176
18 177
18 178
18 179
18 180
18 181
18 182
18 183
18 184
18 185
18 186
38 105
38 106
38 107
38 108
38 109
38 110
38 111
38 112
38 113
38 114
39 103
39 104
39 105
39 106
39 107
39 108
39 109
39 110
39 111
39 112
39 113
39 114
39 115
39 116
39 117
39 118
39 119
39 120
39 121
39 122
39 123
39 124
39 125
39 126
40 104
40 105
40 106
40 107
40 108
40 109
40 110
40 111
40 112
40 113
40 114
40 115
40 116
40 117
40 118
40 119
40 120
40 121
40 122
40 123
40 124
40 125
40 126
40 127
40 128
40 129
40 130
40 131
40 132
40 133
40 134
40 135
40 136
41 107
41 108
41 109
41 110
41 111
41 112
41 113
41 114
41 115
41 116
41 117
41 118
41 119
41 120
41 121
41 122
41 123
41 124
41 125
41 126
41 127
41 128
41 129
41 130
41 131
41 132
41 133
41 134
41 135
41 136
41 137
41 138
41 139
41 140
41 141
41 142
41 143
41 144
42 111
42 112
42 113
42 114
42 115
42 116
42 117
42 118
42 119
42 120
42 121
42 122
42 123
42 124
42 125
42 126
42 127
42 128
42 129
42 130
42 131
42 132
42 133
42 134
42 135
42 136
42 137
42 138
42 139
42 140
42 141
42 142
42 143
42 144
42 145
42 146
42 147
42 148
42 149
42 150
42 151
43 115
43 116
43 117
43 118
43 119
43 120
43 121
43 122
43 123
43 124
43 125
43 126
43 127
43 128
43 129
43 130
43 131
43 132
43 133
43 134
43 135
43 136
43 137
43 138
43 139
43 140
43 141
43 142
43 143
43 144
43 145
43 146
43 147
43 148
43 149
43 150
43 151
43 152
43 153
43 154
43 155
43 156
43 157
43 158
44 121
44 122
44 123
44 124
44 125
44 126
44 127
44 128
44 129
44 130
44 131
44 132
44 133
44 134
44 135
44 136
44 137
44 138
44 139
44 140
44 141
44 142
44 143
44 144
44 145
44 146
44 147
44 148
44 149
44 150
44 151
44 152
44 153
44 154
44 155
44 156
44 157
44 158
44 159
44 160
44 161
44 162
44 163
44 164
44 165
45 126
45 127
45 128
45 129
45 130
45 131
45 132
45 133
45 134
45 135
45 136
45 137
45 138
45 139
45 140
45 141
45 142
45 143
45 144
45 145
45 146
45 147
45 148
45 149
45 150
45 151
45 152
45 153
45 154
45 155
45 156
45 157
45 158
45 159
45 160
45 161
45 162
45 163
45 164
45 165
45 166
45 167
45 168
45 169
45 170
45 171
46 133
46 134
46 135
46 136
46 137
46 138
46 139
46 140
46 141
46 142
46 143
46 144
46 145
46 146
46 147
46 148
46 149
46 150
46 151
46 152
46 153
46 154
46 155
46 156
46 157
46 158
46 159
46 160
46 161
46 162
46 163
46 164
46 165
46 166
46 167
46 168
46 169
46 170
46 171
46 172
46 173
46 174
46 175
46 176
47 140
47 141
47 142
47 143
47 144
47 145
47 146
47 147
47 148
47 149
47 150
47 151
47 152
47 153
47 154
47 155
47 156
47 157
47 158
47 159
47 160
47 161
47 162
47 163
47 164
47 165
47 166
47 167
47 168
47 169
47 170
47 171
47 172
47 173
47 174
47 175
47 176
47 177
47 178
47 179
47 180
47 181
48 148
48 149
48 150
48 151
48 152
48 153
48 154
48 155
48 156
48 157
48 158
48 159
48 160
48 161
48 162
48 163
48 164
48 165
48 166
48 167
48 168
48 169
48 170
48 171
48 172
48 173
48 174
48 175
48 176
48 177
48 178
48 179
48 180
48 181
48 182
48 183
48 184
48 185
48 186
49 157
49 158
49 159
49 160
49 161
49 162
49 163
49 164
49 165
49 166
49 167
49 168
49 169
49 170
49 171
49 172
49 173
49 174
49 175
49 176
49 177
49 178
49 179
49 180
49 181
49 182
49 183
49 184
49 185
49 186
49 187
49 188
50 169
50 170
50 171
50 172
50 173
50 174
50 175
50 176
50 177
50 178
50 179
50 180
50 181
50 182
50 183
50 184
50 185
50 186
50 187
50 188
70 100
70 101
70 102
70 103
70 104
70 105
70 106
70 107
70 108
70 109
70 110
70 111
70 112
70 113
70 114
70 115
70 116
70 117
70 118
70 119
70 120
70 121
71 101
71 102
71 103
71 104
71 105
71 106
71 107
71 108
71 109
71 110
71 111
71 112
71 113
71 114
71 115
71 116
71 117
71 118
71 119
71 120
71 121
71 122
71 123
71 124
71 125
71 126
71 127
71 128
71 129
71 130
71 131
72 103
72 104
72 105
72 106
72 107
72 108
72 109
72 110
72 111
72 112
72 113
72 114
72 115
72 116
72 117
72 118
72 119
72 120
72 121
72 122
72 123
72 124
72 125
72 126
72 127
72 128
72 129
72 130
72 131
72 132
72 133
72 134
72 135
72 136
72 137
72 138
72 139
72 140
73 107
73 108
73 109
73 110
73 111
73 112
73 113
73 114
73 115
73 116
73 117
73 118
73 119
73 120
73 121
73 122
73 123
73 124
73 125
73 126
73 127
73 128
73 129
73 130
73 131
73 132
73 133
73 134
73 135
73 136
73 137
73 138
73 139
73 140
73 141
73 142
73 143
73 144
73 145
73 146
73 147
74 111
74 112
74 113
74 114
74 115
74 116
74 117
74 118
74 119
74 120
74 121
74 122
74 123
74 124
74 125
74 126
74 127
74 128
74 129
74 130
74 131
74 132
74 133
74 134
74 135
74 136
74 137
74 138
74 139
74 140
74 141
74 142
74 143
74 144
74 145
74 146
74 147
74 148
74 149
74 150
74 151
74 152
74 153
74 154
74 155
75 116
75 117
75 118
75 119
75 120
75 121
75 122
75 123
75 124
75 125
75 126
75 127
75 128
75 129
75 130
75 131
75 132
75 133
75 134
75 135
75 136
75 137
75 138
75 139
75 140
75 141
75 142
75 143
75 144
75 145
75 146
75 147
75 148
75 149
75 150
75 151
75 152
75 153
75 154
75 155
75 156
75 157
75 158
75 159
75 160
75 161
75 162
76 121
76 122
76 123
76 124
76 125
76 126
76 127
76 128
76 129
76 130
76 131
76 132
76 133
76 134
76 135
76 136
76 137
76 138
76 139
76 140
76 141
76 142
76 143
76 144
76 145
76 146
76 147
76 148
76 149
76 150
76 151
76 152
76 153
76 154
76 155
76 156
76 157
76 158
76 159
76 160
76 161
76 162
76 163
76 164
76 165
76 166
76 167
76 168
77 128
77 129
77 130
77 131
77 132
77 133
77 134
77 135
77 136
77 137
77 138
77 139
77 140
77 141
77 142
77 143
77 144
77 145
77 146
77 147
77 148
77 149
77 150
77 151
77 152
77 153
77 154
77 155
77 156
77 157
77 158
77 159
77 160
77 161
77 162
77 163
77 164
77 165
77 166
77 167
77 168
77 169
77 170
77 171
77 172
77 173
77 174
78 134
78 135
78 136
78 137
78 138
78 139
78 140
78 141
78 142
78 143
78 144
78 145
78 146
78 147
78 148
78 149
78 150
78 151
78 152
78 153
78 154
78 155
78 156
78 157
78 158
78 159
78 160
78 161
78 162
78 163
78 164
78 165
78 166
78 167
78 168
78 169
78 170
78 171
78 172
78 173
78 174
78 175
78 176
78 177
78 178
78 179
78 180
79 142
79 143
79 144
79 145
79 146
79 147
79 148
79 149
79 150
79 151
79 152
79 153
79 154
79 155
79 156
79 157
79 158
79 159
79 160
79 161
79 162
79 163
79 164
79 165
79 166
79 167
79 168
79 169
79 170
79 171
79 172
79 173
79 174
79 175
79 176
79 177
79 178
79 179
79 180
79 181
79 182
79 183
79 184
80 151
80 152
80 153
80 154
80 155
80 156
80 157
80 158
80 159
80 160
80 161
80 162
80 163
80 164
80 165
80 166
80 167
80 168
80 169
80 170
80 171
80 172
80 173
80 174
80 175
80 176
80 177
80 178
80 179
80 180
80 181
80 182
80 183
80 184
80 185
80 186
80 187
80 188
81 161
81 162
81 163
81 164
81 165
81 166
81 167
81 168
81 169
81 170
81 171
81 172
81 173
81 174
81 175
81 176
81 177
81 178
81 179
81 180
81 181
81 182
81 183
81 184
81 185
81 186
81 187
81 188
81 189
81 190
82 177
82 178
82 179
82 180
82 181
82 182
82 183
82 184
82 185
82 186
82 187
101 99
101 100
101 101
101 102
101 103
101 104
101 105
101 106
101 107
101 108
101 109
101 110
101 111
101 112
101 113
101 114
102 99
102 100
102 101
102 102
102 103
102 104
102 105
102 106
102 107
102 108
102 109
102 110
102 111
102 112
102 113
102 114
102 115
102 116
102 117
102 118
102 119
102 120
102 121
102 122
102 123
102 124
102 125
102 126
103 100
103 101
103 102
103 103
103 104
103 105
103 106
103 107
103 108
103 109
103 110
103 111
103 112
103 113
103 114
103 115
103 116
103 117
103 118
103 119
103 120
103 121
103 122
103 123
103 124
103 125
103 126
103 127
103 128
103 129
103 130
103 131
103 132
103 133
103 134
103 135
104 103
104 104
104 105
104 106
104 107
104 108
104 109
104 110
104 111
104 112
104 113
104 114
104 115
104 116
104 117
104 118
104 119
104 120
104 121
104 122
104 123
104 124
104 125
104 126
104 127
104 128
104 129
104 130
104 131
104 132
104 133
104 134
104 135
104 136
104 137
104 138
104 139
104 140
104 141
104 142
104 143
105 107
105 108
105 109
105 110
105 111
105 112
105 113
105 114
105 115
105 116
105 117
105 118
105 119
105 120
105 121
105 122
105 123
105 124
105 125
105 126
105 127
105 128
105 129
105 130
105 131
105 132
105 133
105 134
105 135
105 136
105 137
105 138
105 139
105 140
105 141
105 142
105 143
105 144
105 145
105 146
105 147
105 148
105 149
105 150
105 151
106 112
106 113
106 114
106 115
106 116
106 117
106 118
106 119
106 120
106 121
106 122
106 123
106 124
106 125
106 126
106 127
106 128
106 129
106 130
106 131
106 132
106 133
106 134
106 135
106 136
106 137
106 138
106 139
106 140
106 141
106 142
106 143
106 144
106 145
106 146
106 147
106 148
106 149
106 150
106 151
106 152
106 153
106 154
106 155
106 156
106 157
106 158
107 117
107 118
107 119
107 120
107 121
107 122
107 123
107 124
107 125
107 126
107 127
107 128
107 129
107 130
107 131
107 132
107 133
107 134
107 135
107 136
107 137
107 138
107 139
107 140
107 141
107 142
107 143
107 144
107 145
107 146
107 147
107 148
107 149
107 150
107 151
107 152
107 153
107 154
107 155
107 156
107 157
107 158
107 159
107 160
107 161
107 162
107 163
107 164
107 165
108 123
108 124
108 125
108 126
108 127
108 128
108 129
108 130
108 131
108 132
108 133
108 134
108 135
108 136
108 137
108 138
108 139
108 140
108 141
108 142
108 143
108 144
108 145
108 146
108 147
108 148
108 149
108 150
108 151
108 152
108 153
108 154
108 155
108 156
108 157
108 158
108 159
108 160
108 161
108 162
108 163
108 164
108 165
108 166
108 167
108 168
108 169
108 170
108 171
109 130
109 131
109 132
109 133
109 134
109 135
109 136
109 137
109 138
109 139
109 140
109 141
109 142
109 143
109 144
109 145
109 146
109 147
109 148
109 149
109 150
109 151
109 152
109 153
109 154
109 155
109 156
109 157
109 158
109 159
109 160
109 161
109 162
109 163
109 164
109 165
109 166
109 167
109 168
109 169
109 170
109 171
109 172
109 173
109 174
109 175
109 176
109 177
110 137
110 138
110 139
110 140
110 141
110 142
110 143
110 144
110 145
110 146
110 147
110 148
110 149
110 150
110 151
110 152
110 153
110 154
110 155
110 156
110 157
110 158
110 159
110 160
110 161
110 162
110 163
110 164
110 165
110 166
110 167
110 168
110 169
110 170
110 171
110 172
110 173
110 174
110 175
110 176
110 177
110 178
110 179
110 180
110 181
110 182
111 145
111 146
111 147
111 148
111 149
111 150
111 151
111 152
111 153
111 154
111 155
111 156
111 157
111 158
111 159
111 160
111 161
111 162
111 163
111 164
111 165
111 166
111 167
111 168
111 169
111 170
111 171
111 172
111 173
111 174
111 175
111 176
111 177
111 178
111 179
111 180
111 181
111 182
111 183
111 184
111 185
111 186
111 187
112 155
112 156
112 157
112 158
112 159
112 160
112 161
112 162
112 163
112 164
112 165
112 166
112 167
112 168
112 169
112 170
112 171
112 172
112 173
112 174
112 175
112 176
112 177
112 178
112 179
112 180
112 181
112 182
112 183
112 184
112 185
112 186
112 187
112 188
112 189
113 168
113 169
113 170
113 171
113 172
113 173
113 174
113 175
113 176
113 177
113 178
113 179
113 180
113 181
113 182
113 183
113 184
113 185
113 186
113 187
113 188
113 189
133 98
133 99
133 100
133 101
133 102
133 103
133 104
133 105
133 106
133 107
133 108
133 109
133 110
133 111
133 112
133 113
133 114
133 115
133 116
133 117
133 118
133 119
134 99
134 100
134 101
134 102
134 103
134 104
134 105
134 106
134 107
134 108
134 109
134 110
134 111
134 112
134 113
134 114
134 115
134 116
134 117
134 118
134 119
134 120
134 121
134 122
134 123
134 124
134 125
134 126
134 127
134 128
134 129
135 101
135 102
135 103
135 104
135 105
135 106
135 107
135 108
135 109
135 110
135 111
135 112
135 113
135 114
135 115
135 116
135 117
135 118
135 119
135 120
135 121
135 122
135 123
135 124
135 125
135 126
135 127
135 128
135 129
135 130
135 131
135 132
135 133
135 134
135 135
135 136
135 137
135 138
136 104
136 105
136 106
136 107
136 108
136 109
136 110
136 111
136 112
136 113
136 114
136 115
136 116
136 117
136 118
136 119
136 120
136 121
136 122
136 123
136 124
136 125
136 126
136 127
136 128
136 129
136 130
136 131
136 132
136 133
136 134
136 135
136 136
136 137
136 138
136 139
136 140
136 141
136 142
136 143
136 144
136 145
136 146
137 109
137 110
137 111
137 112
137 113
137 114
137 115
137 116
137 117
137 118
137 119
137 120
137 121
137 122
137 123
137 124
137 125
137 126
137 127
137 128
137 129
137 130
137 131
137 132
137 133
137 134
137 135
137 136
137 137
137 138
137 139
137 140
137 141
137 142
137 143
137 144
137 145
137 146
137 147
137 148
137 149
137 150
137 151
137 152
137 153
138 114
138 115
138 116
138 117
138 118
138 119
138 120
138 121
138 122
138 123
138 124
138 125
138 126
138 127
138 128
138 129
138 130
138 131
138 132
138 133
138 134
138 135
138 136
138 137
138 138
138 139
138 140
138 141
138 142
138 143
138 144
138 145
138 146
138 147
138 148
138 149
138 150
138 151
138 152
138 153
138 154
138 155
138 156
138 157
138 158
138 159
138 160
139 119
139 120
139 121
139 122
139 123
139 124
139 125
139 126
139 127
139 128
139 129
139 130
139 131
139 132
139 133
139 134
139 135
139 136
139 137
139 138
139 139
139 140
139 141
139 142
139 143
139 144
139 145
139 146
139 147
139 148
139 149
139 150
139 151
139 152
139 153
139 154
139 155
139 156
139 157
139 158
139 159
139 160
139 161
139 162
139 163
139 164
139 165
139 166
139 167
140 126
140 127
140 128
140 129
140 130
140 131
140 132
140 133
140 134
140 135
140 136
140 137
140 138
140 139
140 140
140 141
140 142
140 143
140 144
140 145
140 146
140 147
140 148
140 149
140 150
140 151
140 152
140 153
140 154
140 155
140 156
140 157
140 158
140 159
140 160
140 161
140 162
140 163
140 164
140 165
140 166
140 167
140 168
140 169
140 170
140 171
140 172
140 173
141 133
141 134
141 135
141 136
141 137
141 138
141 139
141 140
141 141
141 142
141 143
141 144
141 145
141 146
141 147
141 148
141 149
141 150
141 151
141 152
141 153
141 154
141 155
141 156
141 157
141 158
141 159
141 160
141 161
141 162
141 163
141 164
141 165
141 166
141 167
141 168
141 169
141 170
141 171
141 172
141 173
141 174
141 175
141 176
141 177
141 178
141 179
142 141
142 142
142 143
142 144
142 145
142 146
142 147
142 148
142 149
142 150
142 151
142 152
142 153
142 154
142 155
142 156
142 157
142 158
142 159
142 160
142 161
142 162
142 163
142 164
142 165
142 166
142 167
142 168
142 169
142 170
142 171
142 172
142 173
142 174
142 175
142 176
142 177
142 178
142 179
142 180
142 181
142 182
142 183
142 184
143 150
143 151
143 152
143 153
143 154
143 155
143 156
143 157
143 158
143 159
143 160
143 161
143 162
143 163
143 164
143 165
143 166
143 167
143 168
143 169
143 170
143 171
143 172
143 173
143 174
143 175
143 176
143 177
143 178
143 179
143 180
143 181
143 182
143 183
143 184
143 185
143 186
143 187
144 162
144 163
144 164
144 165
144 166
144 167
144 168
144 169
144 170
144 171
144 172
144 173
144 174
144 175
144 176
144 177
144 178
144 179
144 180
144 181
144 182
144 183
144 184
144 185
144 186
144 187
164 100
164 101
164 102
164 103
164 104
164 105
164 106
164 107
164 108
164 109
164 110
165 98
165 99
165 100
165 101
165 102
165 103
165 104
165 105
165 106
165 107
165 108
165 109
165 110
165 111
165 112
165 113
165 114
165 115
165 116
165 117
165 118
165 119
165 120
165 121
165 122
165 123
166 100
166 101
166 102
166 103
166 104
166 105
166 106
166 107
166 108
166 109
166 110
166 111
166 112
166 113
166 114
166 115
166 116
166 117
166 118
166 119
166 120
166 121
166 122
166 123
166 124
166 125
166 126
166 127
166 128
166 129
166 130
166 131
166 132
167 103
167 104
167 105
167 106
167 107
167 108
167 109
167 110
167 111
167 112
167 113
167 114
167 115
167 116
167 117
167 118
167 119
167 120
167 121
167 122
167 123
167 124
167 125
167 126
167 127
167 128
167 129
167 130
167 131
167 132
167 133
167 134
167 135
167 136
167 137
167 138
167 139
167 140
168 106
168 107
168 108
168 109
168 110
168 111
168 112
168 113
168 114
168 115
168 116
168 117
168 118
168 119
168 120
168 121
168 122
168 123
168 124
168 125
168 126
168 127
168 128
168 129
168 130
168 131
168 132
168 133
168 134
168 135
168 136
168 137
168 138
168 139
168 140
168 141
168 142
168 143
168 144
168 145
168 146
168 147
168 148
169 111
169 112
169 113
169 114
169 115
169 116
169 117
169 118
169 119
169 120
169 121
169 122
169 123
169 124
169 125
169 126
169 127
169 128
169 129
169 130
169 131
169 132
169 133
169 134
169 135
169 136
169 137
169 138
169 139
169 140
169 141
169 142
169 143
169 144
169 145
169 146
169 147
169 148
169 149
169 150
169 151
169 152
169 153
169 154
169 155
170 116
170 117
170 118
170 119
170 120
170 121
170 122
170 123
170 124
170 125
170 126
170 127
170 128
170 129
170 130
170 131
170 132
170 133
170 134
170 135
170 136
170 137
170 138
170 139
170 140
170 141
170 142
170 143
170 144
170 145
170 146
170 147
170 148
170 149
170 150
170 151
170 152
170 153
170 154
170 155
170 156
170 157
170 158
170 159
170 160
170 161
170 162
171 122
171 123
171 124
171 125
171 126
171 127
171 128
171 129
171 130
171 131
171 132
171 133
171 134
171 135
171 136
171 137
171 138
171 139
171 140
171 141
171 142
171 143
171 144
171 145
171 146
171 147
171 148
171 149
171 150
171 151
171 152
171 153
171 154
171 155
171 156
171 157
171 158
171 159
171 160
171 161
171 162
171 163
171 164
171 165
171 166
171 167
171 168
171 169
172 129
172 130
172 131
172 132
172 133
172 134
172 135
172 136
172 137
172 138
172 139
172 140
172 141
172 142
172 143
172 144
172 145
172 146
172 147
172 148
172 149
172 150
172 151
172 152
172 153
172 154
172 155
172 156
172 157
172 158
172 159
172 160
172 161
172 162
172 163
172 164
172 165
172 166
172 167
172 168
172 169
172 170
172 171
172 172
172 173
172 174
173 137
173 138
173 139
173 140
173 141
173 142
173 143
173 144
173 145
173 146
173 147
173 148
173 149
173 150
173 151
173 152
173 153
173 154
173 155
173 156
173 157
173 158
173 159
173 160
173 161
173 162
173 163
173 164
173 165
173 166
173 167
173 168
173 169
173 170
173 171
173 172
173 173
173 174
173 175
173 176
173 177
173 178
173 179
174 146
174 147
174 148
174 149
174 150
174 151
174 152
174 153
174 154
174 155
174 156
174 157
174 158
174 159
174 160
174 161
174 162
174 163
174 164
174 165
174 166
174 167
174 168
174 169
174 170
174 171
174 172
174 173
174 174
174 175
174 176
174 177
174 178
174 179
174 180
174 181
174 182
175 159
175 160
175 161
175 162
175 163
175 164
175 165
175 166
175 167
175 168
175 169
175 170
175 171
175 172
175 173
175 174
175 175
175 176
175 177
175 178
175 179
175 180
175 181
175 182
175 183
196 101
196 102
196 103
196 104
196 105
196 106
196 107
196 108
196 109
196 110
196 111
196 112
196 113
197 100
197 101
197 102
197 103
197 104
197 105
197 106
197 107
197 108
197 109
197 110
197 111
197 112
197 113
197 114
197 115
197 116
197 117
197 118
197 119
197 120
197 121
197 122
197 123
197 124
197 125
198 102
198 103
198 104
198 105
198 106
198 107
198 108
198 109
198 110
198 111
198 112
198 113
198 114
198 115
198 116
198 117
198 118
198 119
198 120
198 121
198 122
198 123
198 124
198 125
198 126
198 127
198 128
198 129
198 130
198 131
198 132
198 133
198 134
199 105
199 106
199 107
199 108
199 109
199 110
199 111
199 112
199 113
199 114
199 115
199 116
199 117
199 118
199 119
199 120
199 121
199 122
199 123
199 124
199 125
199 126
199 127
199 128
199 129
199 130
199 131
199 132
199 133
199 134
199 135
199 136
199 137
199 138
199 139
199 140
199 141
199 142
200 109
200 110
200 111
200 112
200 113
200 114
200 115
200 116
200 117
200 118
200 119
200 120
200 121
200 122
200 123
200 124
200 125
200 126
200 127
200 128
200 129
200 130
200 131
200 132
200 133
200 134
200 135
200 136
200 137
200 138
200 139
200 140
200 141
200 142
200 143
200 144
200 145
200 146
200 147
200 148
200 149
201 114
201 115
201 116
201 117
201 118
201 119
201 120
201 121
201 122
201 123
201 124
201 125
201 126
201 127
201 128
201 129
201 130
201 131
201 132
201 133
201 134
201 135
201 136
201 137
201 138
201 139
201 140
201 141
201 142
201 143
201 144
201 145
201 146
201 147
201 148
201 149
201 150
201 151
201 152
201 153
201 154
201 155
201 156
202 120
202 121
202 122
202 123
202 124
202 125
202 126
202 127
202 128
202 129
202 130
202 131
202 132
202 133
202 134
202 135
202 136
202 137
202 138
202 139
202 140
202 141
202 142
202 143
202 144
202 145
202 146
202 147
202 148
202 149
202 150
202 151
202 152
202 153
202 154
202 155
202 156
202 157
202 158
202 159
202 160
202 161
202 162
202 163
203 127
203 128
203 129
203 130
203 131
203 132
203 133
203 134
203 135
203 136
203 137
203 138
203 139
203 140
203 141
203 142
203 143
203 144
203 145
203 146
203 147
203 148
203 149
203 150
203 151
203 152
203 153
203 154
203 155
203 156
203 157
203 158
203 159
203 160
203 161
203 162
203 163
203 164
203 165
203 166
203 167
203 168
204 134
204 135
204 136
204 137
204 138
204 139
204 140
204 141
204 142
204 143
204 144
204 145
204 146
204 147
204 148
204 149
204 150
204 151
204 152
204 153
204 154
204 155
204 156
204 157
204 158
204 159
204 160
204 161
204 162
204 163
204 164
204 165
204 166
204 167
204 168
204 169
204 170
204 171
204 172
204 173
205 144
205 145
205 146
205 147
205 148
205 149
205 150
205 151
205 152
205 153
205 154
205 155
205 156
205 157
205 158
205 159
205 160
205 161
205 162
205 163
205 164
205 165
205 166
205 167
205 168
205 169
205 170
205 171
205 172
205 173
205 174
205 175
205 176
206 158
206 159
206 160
206 161
206 162
206 163
206 164
206 165
206 166
206 167
206 168
206 169
206 170
206 171
206 172
206 173
206 174
228 104
228 105
228 106
228 107
228 108
228 109
228 110
228 111
228 112
228 113
228 114
229 103
229 104
229 105
229 106
229 107
229 108
229 109
229 110
229 111
229 112
229 113
229 114
229 115
229 116
229 117
229 118
229 119
229 120
229 121
229 122
229 123
229 124
229 125
230 105
230 106
230 107
230 108
230 109
230 110
230 111
230 112
230 113
230 114
230 115
230 116
230 117
230 118
230 119
230 120
230 121
230 122
230 123
230 124
230 125
230 126
230 127
230 128
230 129
230 130
230 131
230 132
230 133
230 134
231 109
231 110
231 111
231 112
231 113
231 114
231 115
231 116
231 117
231 118
231 119
231 120
231 121
231 122
231 123
231 124
231 125
231 126
231 127
231 128
231 129
231 130
231 131
231 132
231 133
231 134
231 135
231 136
231 137
231 138
231 139
231 140
231 141
231 142
232 113
232 114
232 115
232 116
232 117
232 118
232 119
232 120
232 121
232 122
232 123
232 124
232 125
232 126
232 127
232 128
232 129
232 130
232 131
232 132
232 133
232 134
232 135
232 136
232 137
232 138
232 139
232 140
232 141
232 142
232 143
232 144
232 145
232 146
232 147
232 148
232 149
233 119
233 120
233 121
233 122
233 123
233 124
233 125
233 126
233 127
233 128
233 129
233 130
233 131
233 132
233 133
233 134
233 135
233 136
233 137
233 138
233 139
233 140
233 141
233 142
233 143
233 144
233 145
233 146
233 147
233 148
233 149
233 150
233 151
233 152
233 153
233 154
233 155
234 125
234 126
234 127
234 128
234 129
234 130
234 131
234 132
234 133
234 134
234 135
234 136
234 137
234 138
234 139
234 140
234 141
234 142
234 143
234 144
234 145
234 146
234 147
234 148
234 149
234 150
234 151
234 152
234 153
234 154
234 155
234 156
234 157
234 158
234 159
234 160
234 161
235 133
235 134
235 135
235 136
235 137
235 138
235 139
235 140
235 141
235 142
235 143
235 144
235 145
235 146
235 147
235 148
235 149
235 150
235 151
235 152
235 153
235 154
235 155
235 156
235 157
235 158
235 159
235 160
235 161
235 162
235 163
235 164
235 165
236 143
236 144
236 145
236 146
236 147
236 148
236 149
236 150
236 151
236 152
236 153
236 154
236 155
236 156
236 157
236 158
236 159
236 160
236 161
236 162
236 163
236 164
236 165
236 166
261 108
261 109
261 110
261 111
261 112
261 113
261 114
261 115
261 116
261 117
261 118
261 119
261 120
261 121
261 122
261 123
262 110
262 111
262 112
262 113
262 114
262 115
262 116
262 117
262 118
262 119
262 120
262 121
262 122
262 123
262 124
262 125
262 126
262 127
262 128
262 129
262 130
262 131
262 132
263 114
263 115
263 116
263 117
263 118
263 119
263 120
263 121
263 122
263 123
263 124
263 125
263 126
263 127
263 128
263 129
263 130
263 131
263 132
263 133
263 134
263 135
263 136
263 137
263 138
263 139
263 140
264 119
264 120
264 121
264 122
264 123
264 124
264 125
264 126
264 127
264 128
264 129
264 130
264 131
264 132
264 133
264 134
264 135
264 136
264 137
264 138
264 139
264 140
264 141
264 142
264 143
264 144
264 145
264 146
265 125
265 126
265 127
265 128
265 129
265 130
265 131
265 132
265 133
265 134
265 135
265 136
265 137
265 138
265 139
265 140
265 141
265 142
265 143
265 144
265 145
265 146
265 147
265 148
265 149
265 150
266 134
266 135
266 136
266 137
266 138
266 139
266 140
266 141
266 142
266 143
266 144
266 145
266 146
266 147
266 148
266 149
266 150
266 151
266 152
266 153
295 126
295 127
295 128
295 129
2524 128
2524 129
2524 130
2524 131
2524 132
2524 133
2524 134
2524 135
2524 136
2524 137
2525 132
2525 133
2525 134
2525 135
2525 136
2525 137
2525 138
2525 139
2525 140
2525 141
2525 142
2525 143
2526 139
2526 140
2526 141
2526 142
2526 143
2526 144
2526 145
2526 146
2554 123
2554 124
2554 125
2554 126
2554 127
2554 128
2554 129
2554 130
2554 131
2554 132
2554 133
2554 134
2554 135
2555 125
2555 126
2555 127
2555 128
2555 129
2555 130
2555 131
2555 132
2555 133
2555 134
2555 135
2555 136
2555 137
2555 138
2555 139
2555 140
2555 141
2555 142
2555 143
2556 130
2556 131
2556 132
2556 133
2556 134
2556 135
2556 136
2556 137
2556 138
2556 139
2556 140
2556 141
2556 142
2556 143
2556 144
2556 145
2556 146
2556 147
2556 148
2556 149
2557 136
2557 137
2557 138
2557 139
2557 140
2557 141
2557 142
2557 143
2557 144
2557 145
2557 146
2557 147
2557 148
2557 149
2557 150
2557 151
2557 152
2557 153
2558 144
2558 145
2558 146
2558 147
2558 148
2558 149
2558 150
2558 151
2558 152
2558 153
2558 154
2558 155
2584 122
2584 123
2584 124
2584 125
2584 126
2584 127
2584 128
2585 121
2585 122
2585 123
2585 124
2585 125
2585 126
2585 127
2585 128
2585 129
2585 130
2585 131
2585 132
2585 133
2585 134
2585 135
2585 136
2585 137
2585 138
2585 139
2586 124
2586 125
2586 126
2586 127
2586 128
2586 129
2586 130
2586 131
2586 132
2586 133
2586 134
2586 135
2586 136
2586 137
2586 138
2586 139
2586 140
2586 141
2586 142
2586 143
2586 144
2586 145
2586 146
2586 147
2587 128
2587 129
2587 130
2587 131
2587 132
2587 133
2587 134
2587 135
2587 136
2587 137
2587 138
2587 139
2587 140
2587 141
2587 142
2587 143
2587 144
2587 145
2587 146
2587 147
2587 148
2587 149
2587 150
2587 151
2587 152
2587 153
2588 134
2588 135
2588 136
2588 137
2588 138
2588 139
2588 140
2588 141
2588 142
2588 143
2588 144
2588 145
2588 146
2588 147
2588 148
2588 149
2588 150
2588 151
2588 152
2588 153
2588 154
2588 155
2588 156
2588 157
2588 158
2589 141
2589 142
2589 143
2589 144
2589 145
2589 146
2589 147
2589 148
2589 149
2589 150
2589 151
2589 152
2589 153
2589 154
2589 155
2589 156
2589 157
2589 158
2589 159
2589 160
2589 161
2590 151
2590 152
2590 153
2590 154
2590 155
2590 156
2590 157
2590 158
2590 159
2590 160
2590 161
2615 119
2615 120
2615 121
2615 122
2615 123
2615 124
2615 125
2615 126
2615 127
2615 128
2615 129
2615 130
2615 131
2615 132
2615 133
2616 120
2616 121
2616 122
2616 123
2616 124
2616 125
2616 126
2616 127
2616 128
2616 129
2616 130
2616 131
2616 132
2616 133
2616 134
2616 135
2616 136
2616 137
2616 138
2616 139
2616 140
2616 141
2616 142
2616 143
2617 123
2617 124
2617 125
2617 126
2617 127
2617 128
2617 129
2617 130
2617 131
2617 132
2617 133
2617 134
2617 135
2617 136
2617 137
2617 138
2617 139
2617 140
2617 141
2617 142
2617 143
2617 144
2617 145
2617 146
2617 147
2617 148
2617 149
2617 150
2618 127
2618 128
2618 129
2618 130
2618 131
2618 132
2618 133
2618 134
2618 135
2618 136
2618 137
2618 138
2618 139
2618 140
2618 141
2618 142
2618 143
2618 144
2618 145
2618 146
2618 147
2618 148
2618 149
2618 150
2618 151
2618 152
2618 153
2618 154
2618 155
2618 156
2619 133
2619 134
2619 135
2619 136
2619 137
2619 138
2619 139
2619 140
2619 141
2619 142
2619 143
2619 144
2619 145
2619 146
2619 147
2619 148
2619 149
2619 150
2619 151
2619 152
2619 153
2619 154
2619 155
2619 156
2619 157
2619 158
2619 159
2619 160
2619 161
2620 140
2620 141
2620 142
2620 143
2620 144
2620 145
2620 146
2620 147
2620 148
2620 149
2620 150
2620 151
2620 152
2620 153
2620 154
2620 155
2620 156
2620 157
2620 158
2620 159
2620 160
2620 161
2620 162
2620 163
2620 164
2620 165
2621 148
2621 149
2621 150
2621 151
2621 152
2621 153
2621 154
2621 155
2621 156
2621 157
2621 158
2621 159
2621 160
2621 161
2621 162
2621 163
2621 164
2621 165
2621 166
2621 167
2621 168
2622 163
2646 118
2646 119
2646 120
2646 121
2646 122
2646 123
2646 124
2646 125
2646 126
2646 127
2646 128
2646 129
2646 130
2646 131
2646 132
2646 133
2646 134
2646 135
2646 136
2647 119
2647 120
2647 121
2647 122
2647 123
2647 124
2647 125
2647 126
2647 127
2647 128
2647 129
2647 130
2647 131
2647 132
2647 133
2647 134
2647 135
2647 136
2647 137
2647 138
2647 139
2647 140
2647 141
2647 142
2647 143
2647 144
2647 145
2648 122
2648 123
2648 124
2648 125
2648 126
2648 127
2648 128
2648 129
2648 130
2648 131
2648 132
2648 133
2648 134
2648 135
2648 136
2648 137
2648 138
2648 139
2648 140
2648 141
2648 142
2648 143
2648 144
2648 145
2648 146
2648 147
2648 148
2648 149
2648 150
2648 151
2648 152
2649 127
2649 128
2649 129
2649 130
2649 131
2649 132
2649 133
2649 134
2649 135
2649 136
2649 137
2649 138
2649 139
2649 140
2649 141
2649 142
2649 143
2649 144
2649 145
2649 146
2649 147
2649 148
2649 149
2649 150
2649 151
2649 152
2649 153
2649 154
2649 155
2649 156
2649 157
2649 158
2649 159
2650 132
2650 133
2650 134
2650 135
2650 136
2650 137
2650 138
2650 139
2650 140
2650 141
2650 142
2650 143
2650 144
2650 145
2650 146
2650 147
2650 148
2650 149
2650 150
2650 151
2650 152
2650 153
2650 154
2650 155
2650 156
2650 157
2650 158
2650 159
2650 160
2650 161
2650 162
2650 163
2650 164
2651 138
2651 139
2651 140
2651 141
2651 142
2651 143
2651 144
2651 145
2651 146
2651 147
2651 148
2651 149
2651 150
2651 151
2651 152
2651 153
2651 154
2651 155
2651 156
2651 157
2651 158
2651 159
2651 160
2651 161
2651 162
2651 163
2651 164
2651 165
2651 166
2651 167
2651 168
2652 146
2652 147
2652 148
2652 149
2652 150
2652 151
2652 152
2652 153
2652 154
2652 155
2652 156
2652 157
2652 158
2652 159
2652 160
2652 161
2652 162
2652 163
2652 164
2652 165
2652 166
2652 167
2652 168
2652 169
2652 170
2652 171
2652 172
2653 156
2653 157
2653 158
2653 159
2653 160
2653 161
2653 162
2653 163
2653 164
2653 165
2653 166
2653 167
2653 168
2653 169
2653 170
2653 171
2653 172
2677 118
2677 119
2677 120
2677 121
2677 122
2677 123
2677 124
2677 125
2677 126
2677 127
2677 128
2677 129
2677 130
2677 131
2677 132
2677 133
2677 134
2677 135
2677 136
2677 137
2677 138
2678 119
2678 120
2678 121
2678 122
2678 123
2678 124
2678 125
2678 126
2678 127
2678 128
2678 129
2678 130
2678 131
2678 132
2678 133
2678 134
2678 135
2678 136
2678 137
2678 138
2678 139
2678 140
2678 141
2678 142
2678 143
2678 144
2678 145
2678 146
2679 122
2679 123
2679 124
2679 125
2679 126
2679 127
2679 128
2679 129
2679 130
2679 131
2679 132
2679 133
2679 134
2679 135
2679 136
2679 137
2679 138
2679 139
2679 140
2679 141
2679 142
2679 143
2679 144
2679 145
2679 146
2679 147
2679 148
2679 149
2679 150
2679 151
2679 152
2679 153
2679 154
2680 126
2680 127
2680 128
2680 129
2680 130
2680 131
2680 132
2680 133
2680 134
2680 135
2680 136
2680 137
2680 138
2680 139
2680 140
2680 141
2680 142
2680 143
2680 144
2680 145
2680 146
2680 147
2680 148
2680 149
2680 150
2680 151
2680 152
2680 153
2680 154
2680 155
2680 156
2680 157
2680 158
2680 159
2680 160
2681 131
2681 132
2681 133
2681 134
2681 135
2681 136
2681 137
2681 138
2681 139
2681 140
2681 141
2681 142
2681 143
2681 144
2681 145
2681 146
2681 147
2681 148
2681 149
2681 150
2681 151
2681 152
2681 153
2681 154
2681 155
2681 156
2681 157
2681 158
2681 159
2681 160
2681 161
2681 162
2681 163
2681 164
2681 165
2681 166
2682 138
2682 139
2682 140
2682 141
2682 142
2682 143
2682 144
2682 145
2682 146
2682 147
2682 148
2682 149
2682 150
2682 151
2682 152
2682 153
2682 154
2682 155
2682 156
2682 157
2682 158
2682 159
2682 160
2682 161
2682 162
2682 163
2682 164
2682 165
2682 166
2682 167
2682 168
2682 169
2682 170
2682 171
2683 145
2683 146
2683 147
2683 148
2683 149
2683 150
2683 151
2683 152
2683 153
2683 154
2683 155
2683 156
2683 157
2683 158
2683 159
2683 160
2683 161
2683 162
2683 163
2683 164
2683 165
2683 166
2683 167
2683 168
2683 169
2683 170
2683 171
2683 172
2683 173
2683 174
2684 154
2684 155
2684 156
2684 157
2684 158
2684 159
2684 160
2684 161
2684 162
2684 163
2684 164
2684 165
2684 166
2684 167
2684 168
2684 169
2684 170
2684 171
2684 172
2684 173
2684 174
2684 175
2684 176
2685 167
2685 168
2685 169
2685 170
2685 171
2685 172
2685 173
2685 174
2708 119
2708 120
2708 121
2708 122
2708 123
2708 124
2708 125
2708 126
2708 127
2708 128
2708 129
2708 130
2708 131
2708 132
2708 133
2708 134
2708 135
2708 136
2708 137
2708 138
2709 119
2709 120
2709 121
2709 122
2709 123
2709 124
2709 125
2709 126
2709 127
2709 128
2709 129
2709 130
2709 131
2709 132
2709 133
2709 134
2709 135
2709 136
2709 137
2709 138
2709 139
2709 140
2709 141
2709 142
2709 143
2709 144
2709 145
2709 146
2709 147
2710 122
2710 123
2710 124
2710 125
2710 126
2710 127
2710 128
2710 129
2710 130
2710 131
2710 132
2710 133
2710 134
2710 135
2710 136
2710 137
2710 138
2710 139
2710 140
2710 141
2710 142
2710 143
2710 144
2710 145
2710 146
2710 147
2710 148
2710 149
2710 150
2710 151
2710 152
2710 153
2710 154
2710 155
2711 126
2711 127
2711 128
2711 129
2711 130
2711 131
2711 132
2711 133
2711 134
2711 135
2711 136
2711 137
2711 138
2711 139
2711 140
2711 141
2711 142
2711 143
2711 144
2711 145
2711 146
2711 147
2711 148
2711 149
2711 150
2711 151
2711 152
2711 153
2711 154
2711 155
2711 156
2711 157
2711 158
2711 159
2711 160
2711 161
2712 131
2712 132
2712 133
2712 134
2712 135
2712 136
2712 137
2712 138
2712 139
2712 140
2712 141
2712 142
2712 143
2712 144
2712 145
2712 146
2712 147
2712 148
2712 149
2712 150
2712 151
2712 152
2712 153
2712 154
2712 155
2712 156
2712 157
2712 158
2712 159
2712 160
2712 161
2712 162
2712 163
2712 164
2712 165
2712 166
2712 167
2713 137
2713 138
2713 139
2713 140
2713 141
2713 142
2713 143
2713 144
2713 145
2713 146
2713 147
2713 148
2713 149
2713 150
2713 151
2713 152
2713 153
2713 154
2713 155
2713 156
2713 157
2713 158
2713 159
2713 160
2713 161
2713 162
2713 163
2713 164
2713 165
2713 166
2713 167
2713 168
2713 169
2713 170
2713 171
2713 172
2714 144
2714 145
2714 146
2714 147
2714 148
2714 149
2714 150
2714 151
2714 152
2714 153
2714 154
2714 155
2714 156
2714 157
2714 158
2714 159
2714 160
2714 161
2714 162
2714 163
2714 164
2714 165
2714 166
2714 167
2714 168
2714 169
2714 170
2714 171
2714 172
2714 173
2714 174
2714 175
2714 176
2715 152
2715 153
2715 154
2715 155
2715 156
2715 157
2715 158
2715 159
2715 160
2715 161
2715 162
2715 163
2715 164
2715 165
2715 166
2715 167
2715 168
2715 169
2715 170
2715 171
2715 172
2715 173
2715 174
2715 175
2715 176
2715 177
2715 178
2715 179
2716 163
2716 164
2716 165
2716 166
2716 167
2716 168
2716 169
2716 170
2716 171
2716 172
2716 173
2716 174
2716 175
2716 176
2716 177
2716 178
2716 179
2739 120
2739 121
2739 122
2739 123
2739 124
2739 125
2739 126
2739 127
2739 128
2739 129
2739 130
2739 131
2739 132
2739 133
2739 134
2739 135
2739 136
2739 137
2740 120
2740 121
2740 122
2740 123
2740 124
2740 125
2740 126
2740 127
2740 128
2740 129
2740 130
2740 131
2740 132
2740 133
2740 134
2740 135
2740 136
2740 137
2740 138
2740 139
2740 140
2740 141
2740 142
2740 143
2740 144
2740 145
2740 146
2740 147
2741 123
2741 124
2741 125
2741 126
2741 127
2741 128
2741 129
2741 130
2741 131
2741 132
2741 133
2741 134
2741 135
2741 136
2741 137
2741 138
2741 139
2741 140
2741 141
2741 142
2741 143
2741 144
2741 145
2741 146
2741 147
2741 148
2741 149
2741 150
2741 151
2741 152
2741 153
2741 154
2741 155
2742 126
2742 127
2742 128
2742 129
2742 130
2742 131
2742 132
2742 133
2742 134
2742 135
2742 136
2742 137
2742 138
2742 139
2742 140
2742 141
2742 142
2742 143
2742 144
2742 145
2742 146
2742 147
2742 148
2742 149
2742 150
2742 151
2742 152
2742 153
2742 154
2742 155
2742 156
2742 157
2742 158
2742 159
2742 160
2742 161
2743 131
2743 132
2743 133
2743 134
2743 135
2743 136
2743 137
2743 138
2743 139
2743 140
2743 141
2743 142
2743 143
2743 144
2743 145
2743 146
2743 147
2743 148
2743 149
2743 150
2743 151
2743 152
2743 153
2743 154
2743 155
2743 156
2743 157
2743 158
2743 159
2743 160
2743 161
2743 162
2743 163
2743 164
2743 165
2743 166
2743 167
2744 137
2744 138
2744 139
2744 140
2744 141
2744 142
2744 143
2744 144
2744 145
2744 146
2744 147
2744 148
2744 149
2744 150
2744 151
2744 152
2744 153
2744 154
2744 155
2744 156
2744 157
2744 158
2744 159
2744 160
2744 161
2744 162
2744 163
2744 164
2744 165
2744 166
2744 167
2744 168
2744 169
2744 170
2744 171
2744 172
2745 144
2745 145
2745 146
2745 147
2745 148
2745 149
2745 150
2745 151
2745 152
2745 153
2745 154
2745 155
2745 156
2745 157
2745 158
2745 159
2745 160
2745 161
2745 162
2745 163
2745 164
2745 165
2745 166
2745 167
2745 168
2745 169
2745 170
2745 171
2745 172
2745 173
2745 174
2745 175
2745 176
2745 177
2746 151
2746 152
2746 153
2746 154
2746 155
2746 156
2746 157
2746 158
2746 159
2746 160
2746 161
2746 162
2746 163
2746 164
2746 165
2746 166
2746 167
2746 168
2746 169
2746 170
2746 171
2746 172
2746 173
2746 174
2746 175
2746 176
2746 177
2746 178
2746 179
2746 180
2747 161
2747 162
2747 163
2747 164
2747 165
2747 166
2747 167
2747 168
2747 169
2747 170
2747 171
2747 172
2747 173
2747 174
2747 175
2747 176
2747 177
2747 178
2747 179
2747 180
2747 181
2770 122
2770 123
2770 124
2770 125
2770 126
2770 127
2770 128
2770 129
2770 130
2770 131
2770 132
2770 133
2770 134
2770 135
2771 121
2771 122
2771 123
2771 124
2771 125
2771 126
2771 127
2771 128
2771 129
2771 130
2771 131
2771 132
2771 133
2771 134
2771 135
2771 136
2771 137
2771 138
2771 139
2771 140
2771 141
2771 142
2771 143
2771 144
2771 145
2771 146
2772 123
2772 124
2772 125
2772 126
2772 127
2772 128
2772 129
2772 130
2772 131
2772 132
2772 133
2772 134
2772 135
2772 136
2772 137
2772 138
2772 139
2772 140
2772 141
2772 142
2772 143
2772 144
2772 145
2772 146
2772 147
2772 148
2772 149
2772 150
2772 151
2772 152
2772 153
2772 154
2773 127
2773 128
2773 129
2773 130
2773 131
2773 132
2773 133
2773 134
2773 135
2773 136
2773 137
2773 138
2773 139
2773 140
2773 141
2773 142
2773 143
2773 144
2773 145
2773 146
2773 147
2773 148
2773 149
2773 150
2773 151
2773 152
2773 153
2773 154
2773 155
2773 156
2773 157
2773 158
2773 159
2773 160
2773 161
2774 132
2774 133
2774 134
2774 135
2774 136
2774 137
2774 138
2774 139
2774 140
2774 141
2774 142
2774 143
2774 144
2774 145
2774 146
2774 147
2774 148
2774 149
2774 150
2774 151
2774 152
2774 153
2774 154
2774 155
2774 156
2774 157
2774 158
2774 159
2774 160
2774 161
2774 162
2774 163
2774 164
2774 165
2774 166
2774 167
2775 137
2775 138
2775 139
2775 140
2775 141
2775 142
2775 143
2775 144
2775 145
2775 146
2775 147
2775 148
2775 149
2775 150
2775 151
2775 152
2775 153
2775 154
2775 155
2775 156
2775 157
2775 158
2775 159
2775 160
2775 161
2775 162
2775 163
2775 164
2775 165
2775 166
2775 167
2775 168
2775 169
2775 170
2775 171
2775 172
2776 143
2776 144
2776 145
2776 146
2776 147
2776 148
2776 149
2776 150
2776 151
2776 152
2776 153
2776 154
2776 155
2776 156
2776 157
2776 158
2776 159
2776 160
2776 161
2776 162
2776 163
2776 164
2776 165
2776 166
2776 167
2776 168
2776 169
2776 170
2776 171
2776 172
2776 173
2776 174
2776 175
2776 176
2776 177
2777 151
2777 152
2777 153
2777 154
2777 155
2777 156
2777 157
2777 158
2777 159
2777 160
2777 161
2777 162
2777 163
2777 164
2777 165
2777 166
2777 167
2777 168
2777 169
2777 170
2777 171
2777 172
2777 173
2777 174
2777 175
2777 176
2777 177
2777 178
2777 179
2777 180
2778 160
2778 161
2778 162
2778 163
2778 164
2778 165
2778 166
2778 167
2778 168
2778 169
2778 170
2778 171
2778 172
2778 173
2778 174
2778 175
2778 176
2778 177
2778 178
2778 179
2778 180
2778 181
2778 182
2779 174
2779 175
2779 176
2779 177
2779 178
2779 179
2802 124
2802 125
2802 126
2802 127
2802 128
2802 129
2802 130
2802 131
2802 132
2802 133
2802 134
2802 135
2802 136
2802 137
2802 138
2802 139
2802 140
2802 141
2802 142
2802 143
2802 144
2803 125
2803 126
2803 127
2803 128
2803 129
2803 130
2803 131
2803 132
2803 133
2803 134
2803 135
2803 136
2803 137
2803 138
2803 139
2803 140
2803 141
2803 142
2803 143
2803 144
2803 145
2803 146
2803 147
2803 148
2803 149
2803 150
2803 151
2803 152
2804 128
2804 129
2804 130
2804 131
2804 132
2804 133
2804 134
2804 135
2804 136
2804 137
2804 138
2804 139
2804 140
2804 141
2804 142
2804 143
2804 144
2804 145
2804 146
2804 147
2804 148
2804 149
2804 150
2804 151
2804 152
2804 153
2804 154
2804 155
2804 156
2804 157
2804 158
2804 159
2805 132
2805 133
2805 134
2805 135
2805 136
2805 137
2805 138
2805 139
2805 140
2805 141
2805 142
2805 143
2805 144
2805 145
2805 146
2805 147
2805 148
2805 149
2805 150
2805 151
2805 152
2805 153
2805 154
2805 155
2805 156
2805 157
2805 158
2805 159
2805 160
2805 161
2805 162
2805 163
2805 164
2805 165
2805 166
2806 138
2806 139
2806 140
2806 141
2806 142
2806 143
2806 144
2806 145
2806 146
2806 147
2806 148
2806 149
2806 150
2806 151
2806 152
2806 153
2806 154
2806 155
2806 156
2806 157
2806 158
2806 159
2806 160
2806 161
2806 162
2806 163
2806 164
2806 165
2806 166
2806 167
2806 168
2806 169
2806 170
2806 171
2807 144
2807 145
2807 146
2807 147
2807 148
2807 149
2807 150
2807 151
2807 152
2807 153
2807 154
2807 155
2807 156
2807 157
2807 158
2807 159
2807 160
2807 161
2807 162
2807 163
2807 164
2807 165
2807 166
2807 167
2807 168
2807 169
2807 170
2807 171
2807 172
2807 173
2807 174
2807 175
2807 176
2808 151
2808 152
2808 153
2808 154
2808 155
2808 156
2808 157
2808 158
2808 159
2808 160
2808 161
2808 162
2808 163
2808 164
2808 165
2808 166
2808 167
2808 168
2808 169
2808 170
2808 171
2808 172
2808 173
2808 174
2808 175
2808 176
2808 177
2808 178
2808 179
2808 180
2809 159
2809 160
2809 161
2809 162
2809 163
2809 164
2809 165
2809 166
2809 167
2809 168
2809 169
2809 170
2809 171
2809 172
2809 173
2809 174
2809 175
2809 176
2809 177
2809 178
2809 179
2809 180
2809 181
2809 182
2810 172
2810 173
2810 174
2810 175
2810 176
2810 177
2810 178
2810 179
2810 180
2833 128
2833 129
2833 130
2833 131
2833 132
2833 133
2833 134
2833 135
2833 136
2833 137
2833 138
2833 139
2834 127
2834 128
2834 129
2834 130
2834 131
2834 132
2834 133
2834 134
2834 135
2834 136
2834 137
2834 138
2834 139
2834 140
2834 141
2834 142
2834 143
2834 144
2834 145
2834 146
2834 147
2834 148
2834 149
2835 130
2835 131
2835 132
2835 133
2835 134
2835 135
2835 136
2835 137
2835 138
2835 139
2835 140
2835 141
2835 142
2835 143
2835 144
2835 145
2835 146
2835 147
2835 148
2835 149
2835 150
2835 151
2835 152
2835 153
2835 154
2835 155
2835 156
2835 157
2836 134
2836 135
2836 136
2836 137
2836 138
2836 139
2836 140
2836 141
2836 142
2836 143
2836 144
2836 145
2836 146
2836 147
2836 148
2836 149
2836 150
2836 151
2836 152
2836 153
2836 154
2836 155
2836 156
2836 157
2836 158
2836 159
2836 160
2836 161
2836 162
2836 163
2836 164
2837 139
2837 140
2837 141
2837 142
2837 143
2837 144
2837 145
2837 146
2837 147
2837 148
2837 149
2837 150
2837 151
2837 152
2837 153
2837 154
2837 155
2837 156
2837 157
2837 158
2837 159
2837 160
2837 161
2837 162
2837 163
2837 164
2837 165
2837 166
2837 167
2837 168
2837 169
2837 170
2838 145
2838 146
2838 147
2838 148
2838 149
2838 150
2838 151
2838 152
2838 153
2838 154
2838 155
2838 156
2838 157
2838 158
2838 159
2838 160
2838 161
2838 162
2838 163
2838 164
2838 165
2838 166
2838 167
2838 168
2838 169
2838 170
2838 171
2838 172
2838 173
2838 174
2838 175
2839 152
2839 153
2839 154
2839 155
2839 156
2839 157
2839 158
2839 159
2839 160
2839 161
2839 162
2839 163
2839 164
2839 165
2839 166
2839 167
2839 168
2839 169
2839 170
2839 171
2839 172
2839 173
2839 174
2839 175
2839 176
2839 177
2839 178
2839 179
2840 160
2840 161
2840 162
2840 163
2840 164
2840 165
2840 166
2840 167
2840 168
2840 169
2840 170
2840 171
2840 172
2840 173
2840 174
2840 175
2840 176
2840 177
2840 178
2840 179
2840 180
2840 181
2841 173
2841 174
2841 175
2841 176
2841 177
2841 178
2841 179
2865 132
2865 133
2865 134
2865 135
2865 136
2865 137
2865 138
2865 139
2865 140
2865 141
2865 142
2865 143
2865 144
2866 133
2866 134
2866 135
2866 136
2866 137
2866 138
2866 139
2866 140
2866 141
2866 142
2866 143
2866 144
2866 145
2866 146
2866 147
2866 148
2866 149
2866 150
2866 151
2866 152
2866 153
2866 154
2867 136
2867 137
2867 138
2867 139
2867 140
2867 141
2867 142
2867 143
2867 144
2867 145
2867 146
2867 147
2867 148
2867 149
2867 150
2867 151
2867 152
2867 153
2867 154
2867 155
2867 156
2867 157
2867 158
2867 159
2867 160
2867 161
2868 141
2868 142
2868 143
2868 144
2868 145
2868 146
2868 147
2868 148
2868 149
2868 150
2868 151
2868 152
2868 153
2868 154
2868 155
2868 156
2868 157
2868 158
2868 159
2868 160
2868 161
2868 162
2868 163
2868 164
2868 165
2868 166
2868 167
2869 146
2869 147
2869 148
2869 149
2869 150
2869 151
2869 152
2869 153
2869 154
2869 155
2869 156
2869 157
2869 158
2869 159
2869 160
2869 161
2869 162
2869 163
2869 164
2869 165
2869 166
2869 167
2869 168
2869 169
2869 170
2869 171
2869 172
2870 153
2870 154
2870 155
2870 156
2870 157
2870 158
2870 159
2870 160
2870 161
2870 162
2870 163
2870 164
2870 165
2870 166
2870 167
2870 168
2870 169
2870 170
2870 171
2870 172
2870 173
2870 174
2870 175
2870 176
2871 162
2871 163
2871 164
2871 165
2871 166
2871 167
2871 168
2871 169
2871 170
2871 171
2871 172
2871 173
2871 174
2871 175
2871 176
2871 177
2871 178
2897 140
2897 141
2897 142
2897 143
2897 144
2897 145
2897 146
2898 140
2898 141
2898 142
2898 143
2898 144
2898 145
2898 146
2898 147
2898 148
2898 149
2898 150
2898 151
2898 152
2898 153
2898 154
2898 155
2899 144
2899 145
2899 146
2899 147
2899 148
2899 149
2899 150
2899 151
2899 152
2899 153
2899 154
2899 155
2899 156
2899 157
2899 158
2899 159
2899 160
2899 161
2899 162
2900 149
2900 150
2900 151
2900 152
2900 153
2900 154
2900 155
2900 156
2900 157
2900 158
2900 159
2900 160
2900 161
2900 162
2900 163
2900 164
2900 165
2900 166
2900 167
2900 168
2901 156
2901 157
2901 158
2901 159
2901 160
2901 161
2901 162
2901 163
2901 164
2901 165
2901 166
2901 167
2901 168
2901 169
2901 170
2901 171
2901 172
2902 167
2902 168
2902 169
2902 170
2902 171
2902 172
3601 142
3601 143
3601 144
3601 145
3601 146
3601 147
3601 148
3601 149
3602 146
3602 147
3602 148
3602 149
3602 150
3602 151
3602 152
3602 153
3602 154
3602 155
3603 153
3603 154
3603 155
3603 156
3603 157
3603 158
3603 159
3631 129
3631 130
3631 131
3631 132
3631 133
3631 134
3631 135
3631 136
3631 137
3631 138
3631 139
3631 140
3631 141
3631 142
3631 143
3631 144
3631 145
3632 131
3632 132
3632 133
3632 134
3632 135
3632 136
3632 137
3632 138
3632 139
3632 140
3632 141
3632 142
3632 143
3632 144
3632 145
3632 146
3632 147
3632 148
3632 149
3632 150
3632 151
3632 152
3632 153
3633 136
3633 137
3633 138
3633 139
3633 140
3633 141
3633 142
3633 143
3633 144
3633 145
3633 146
3633 147
3633 148
3633 149
3633 150
3633 151
3633 152
3633 153
3633 154
3633 155
3633 156
3633 157
3633 158
3633 159
3633 160
3634 141
3634 142
3634 143
3634 144
3634 145
3634 146
3634 147
3634 148
3634 149
3634 150
3634 151
3634 152
3634 153
3634 154
3634 155
3634 156
3634 157
3634 158
3634 159
3634 160
3634 161
3634 162
3634 163
3634 164
3634 165
3635 148
3635 149
3635 150
3635 151
3635 152
3635 153
3635 154
3635 155
3635 156
3635 157
3635 158
3635 159
3635 160
3635 161
3635 162
3635 163
3635 164
3635 165
3635 166
3635 167
3635 168
3635 169
3635 170
3636 156
3636 157
3636 158
3636 159
3636 160
3636 161
3636 162
3636 163
3636 164
3636 165
3636 166
3636 167
3636 168
3636 169
3636 170
3636 171
3636 172
3661 122
3661 123
3661 124
3661 125
3661 126
3661 127
3661 128
3661 129
3661 130
3661 131
3661 132
3661 133
3661 134
3661 135
3661 136
3662 123
3662 124
3662 125
3662 126
3662 127
3662 128
3662 129
3662 130
3662 131
3662 132
3662 133
3662 134
3662 135
3662 136
3662 137
3662 138
3662 139
3662 140
3662 141
3662 142
3662 143
3662 144
3662 145
3662 146
3663 125
3663 126
3663 127
3663 128
3663 129
3663 130
3663 131
3663 132
3663 133
3663 134
3663 135
3663 136
3663 137
3663 138
3663 139
3663 140
3663 141
3663 142
3663 143
3663 144
3663 145
3663 146
3663 147
3663 148
3663 149
3663 150
3663 151
3663 152
3663 153
3663 154
3664 130
3664 131
3664 132
3664 133
3664 134
3664 135
3664 136
3664 137
3664 138
3664 139
3664 140
3664 141
3664 142
3664 143
3664 144
3664 145
3664 146
3664 147
3664 148
3664 149
3664 150
3664 151
3664 152
3664 153
3664 154
3664 155
3664 156
3664 157
3664 158
3664 159
3664 160
3664 161
3665 135
3665 136
3665 137
3665 138
3665 139
3665 140
3665 141
3665 142
3665 143
3665 144
3665 145
3665 146
3665 147
3665 148
3665 149
3665 150
3665 151
3665 152
3665 153
3665 154
3665 155
3665 156
3665 157
3665 158
3665 159
3665 160
3665 161
3665 162
3665 163
3665 164
3665 165
3665 166
3665 167
3666 141
3666 142
3666 143
3666 144
3666 145
3666 146
3666 147
3666 148
3666 149
3666 150
3666 151
3666 152
3666 153
3666 154
3666 155
3666 156
3666 157
3666 158
3666 159
3666 160
3666 161
3666 162
3666 163
3666 164
3666 165
3666 166
3666 167
3666 168
3666 169
3666 170
3666 171
3666 172
3667 148
3667 149
3667 150
3667 151
3667 152
3667 153
3667 154
3667 155
3667 156
3667 157
3667 158
3667 159
3667 160
3667 161
3667 162
3667 163
3667 164
3667 165
3667 166
3667 167
3667 168
3667 169
3667 170
3667 171
3667 172
3667 173
3667 174
3667 175
3667 176
3668 156
3668 157
3668 158
3668 159
3668 160
3668 161
3668 162
3668 163
3668 164
3668 165
3668 166
3668 167
3668 168
3668 169
3668 170
3668 171
3668 172
3668 173
3668 174
3668 175
3668 176
3668 177
3668 178
3668 179
3669 165
3669 166
3669 167
3669 168
3669 169
3669 170
3669 171
3669 172
3669 173
3669 174
3669 175
3669 176
3669 177
3669 178
3669 179
3669 180
3692 117
3692 118
3692 119
3692 120
3692 121
3692 122
3692 123
3692 124
3692 125
3692 126
3692 127
3692 128
3692 129
3692 130
3692 131
3692 132
3692 133
3692 134
3692 135
3693 118
3693 119
3693 120
3693 121
3693 122
3693 123
3693 124
3693 125
3693 126
3693 127
3693 128
3693 129
3693 130
3693 131
3693 132
3693 133
3693 134
3693 135
3693 136
3693 137
3693 138
3693 139
3693 140
3693 141
3693 142
3693 143
3693 144
3693 145
3694 121
3694 122
3694 123
3694 124
3694 125
3694 126
3694 127
3694 128
3694 129
3694 130
3694 131
3694 132
3694 133
3694 134
3694 135
3694 136
3694 137
3694 138
3694 139
3694 140
3694 141
3694 142
3694 143
3694 144
3694 145
3694 146
3694 147
3694 148
3694 149
3694 150
3694 151
3694 152
3694 153
3695 125
3695 126
3695 127
3695 128
3695 129
3695 130
3695 131
3695 132
3695 133
3695 134
3695 135
3695 136
3695 137
3695 138
3695 139
3695 140
3695 141
3695 142
3695 143
3695 144
3695 145
3695 146
3695 147
3695 148
3695 149
3695 150
3695 151
3695 152
3695 153
3695 154
3695 155
3695 156
3695 157
3695 158
3695 159
3695 160
3696 130
3696 131
3696 132
3696 133
3696 134
3696 135
3696 136
3696 137
3696 138
3696 139
3696 140
3696 141
3696 142
3696 143
3696 144
3696 145
3696 146
3696 147
3696 148
3696 149
3696 150
3696 151
3696 152
3696 153
3696 154
3696 155
3696 156
3696 157
3696 158
3696 159
3696 160
3696 161
3696 162
3696 163
3696 164
3696 165
3696 166
3696 167
3697 135
3697 136
3697 137
3697 138
3697 139
3697 140
3697 141
3697 142
3697 143
3697 144
3697 145
3697 146
3697 147
3697 148
3697 149
3697 150
3697 151
3697 152
3697 153
3697 154
3697 155
3697 156
3697 157
3697 158
3697 159
3697 160
3697 161
3697 162
3697 163
3697 164
3697 165
3697 166
3697 167
3697 168
3697 169
3697 170
3697 171
3697 172
3697 173
3698 142
3698 143
3698 144
3698 145
3698 146
3698 147
3698 148
3698 149
3698 150
3698 151
3698 152
3698 153
3698 154
3698 155
3698 156
3698 157
3698 158
3698 159
3698 160
3698 161
3698 162
3698 163
3698 164
3698 165
3698 166
3698 167
3698 168
3698 169
3698 170
3698 171
3698 172
3698 173
3698 174
3698 175
3698 176
3698 177
3698 178
3699 149
3699 150
3699 151
3699 152
3699 153
3699 154
3699 155
3699 156
3699 157
3699 158
3699 159
3699 160
3699 161
3699 162
3699 163
3699 164
3699 165
3699 166
3699 167
3699 168
3699 169
3699 170
3699 171
3699 172
3699 173
3699 174
3699 175
3699 176
3699 177
3699 178
3699 179
3699 180
3699 181
3699 182
3700 157
3700 158
3700 159
3700 160
3700 161
3700 162
3700 163
3700 164
3700 165
3700 166
3700 167
3700 168
3700 169
3700 170
3700 171
3700 172
3700 173
3700 174
3700 175
3700 176
3700 177
3700 178
3700 179
3700 180
3700 181
3700 182
3700 183
3700 184
3700 185
3701 166
3701 167
3701 168
3701 169
3701 170
3701 171
3701 172
3701 173
3701 174
3701 175
3701 176
3701 177
3701 178
3701 179
3701 180
3701 181
3701 182
3701 183
3701 184
3701 185
3701 186
3723 114
3723 115
3723 116
3723 117
3723 118
3723 119
3723 120
3723 121
3723 122
3723 123
3723 124
3723 125
3723 126
3723 127
3723 128
3723 129
3723 130
3723 131
3723 132
3724 114
3724 115
3724 116
3724 117
3724 118
3724 119
3724 120
3724 121
3724 122
3724 123
3724 124
3724 125
3724 126
3724 127
3724 128
3724 129
3724 130
3724 131
3724 132
3724 133
3724 134
3724 135
3724 136
3724 137
3724 138
3724 139
3724 140
3724 141
3724 142
3724 143
3725 116
3725 117
3725 118
3725 119
3725 120
3725 121
3725 122
3725 123
3725 124
3725 125
3725 126
3725 127
3725 128
3725 129
3725 130
3725 131
3725 132
3725 133
3725 134
3725 135
3725 136
3725 137
3725 138
3725 139
3725 140
3725 141
3725 142
3725 143
3725 144
3725 145
3725 146
3725 147
3725 148
3725 149
3725 150
3725 151
3726 120
3726 121
3726 122
3726 123
3726 124
3726 125
3726 126
3726 127
3726 128
3726 129
3726 130
3726 131
3726 132
3726 133
3726 134
3726 135
3726 136
3726 137
3726 138
3726 139
3726 140
3726 141
3726 142
3726 143
3726 144
3726 145
3726 146
3726 147
3726 148
3726 149
3726 150
3726 151
3726 152
3726 153
3726 154
3726 155
3726 156
3726 157
3726 158
3726 159
3727 125
3727 126
3727 127
3727 128
3727 129
3727 130
3727 131
3727 132
3727 133
3727 134
3727 135
3727 136
3727 137
3727 138
3727 139
3727 140
3727 141
3727 142
3727 143
3727 144
3727 145
3727 146
3727 147
3727 148
3727 149
3727 150
3727 151
3727 152
3727 153
3727 154
3727 155
3727 156
3727 157
3727 158
3727 159
3727 160
3727 161
3727 162
3727 163
3727 164
3727 165
3727 166
3728 130
3728 131
3728 132
3728 133
3728 134
3728 135
3728 136
3728 137
3728 138
3728 139
3728 140
3728 141
3728 142
3728 143
3728 144
3728 145
3728 146
3728 147
3728 148
3728 149
3728 150
3728 151
3728 152
3728 153
3728 154
3728 155
3728 156
3728 157
3728 158
3728 159
3728 160
3728 161
3728 162
3728 163
3728 164
3728 165
3728 166
3728 167
3728 168
3728 169
3728 170
3728 171
3728 172
3729 136
3729 137
3729 138
3729 139
3729 140
3729 141
3729 142
3729 143
3729 144
3729 145
3729 146
3729 147
3729 148
3729 149
3729 150
3729 151
3729 152
3729 153
3729 154
3729 155
3729 156
3729 157
3729 158
3729 159
3729 160
3729 161
3729 162
3729 163
3729 164
3729 165
3729 166
3729 167
3729 168
3729 169
3729 170
3729 171
3729 172
3729 173
3729 174
3729 175
3729 176
3729 177
3730 143
3730 144
3730 145
3730 146
3730 147
3730 148
3730 149
3730 150
3730 151
3730 152
3730 153
3730 154
3730 155
3730 156
3730 157
3730 158
3730 159
3730 160
3730 161
3730 162
3730 163
3730 164
3730 165
3730 166
3730 167
3730 168
3730 169
3730 170
3730 171
3730 172
3730 173
3730 174
3730 175
3730 176
3730 177
3730 178
3730 179
3730 180
3730 181
3730 182
3731 151
3731 152
3731 153
3731 154
3731 155
3731 156
3731 157
3731 158
3731 159
3731 160
3731 161
3731 162
3731 163
3731 164
3731 165
3731 166
3731 167
3731 168
3731 169
3731 170
3731 171
3731 172
3731 173
3731 174
3731 175
3731 176
3731 177
3731 178
3731 179
3731 180
3731 181
3731 182
3731 183
3731 184
3731 185
3731 186
3732 159
3732 160
3732 161
3732 162
3732 163
3732 164
3732 165
3732 166
3732 167
3732 168
3732 169
3732 170
3732 171
3732 172
3732 173
3732 174
3732 175
3732 176
3732 177
3732 178
3732 179
3732 180
3732 181
3732 182
3732 183
3732 184
3732 185
3732 186
3732 187
3732 188
3732 189
3733 169
3733 170
3733 171
3733 172
3733 173
3733 174
3733 175
3733 176
3733 177
3733 178
3733 179
3733 180
3733 181
3733 182
3733 183
3733 184
3733 185
3733 186
3733 187
3733 188
3733 189
3733 190
3754 111
3754 112
3754 113
3754 114
3754 115
3754 116
3754 117
3754 118
3754 119
3754 120
3754 121
3754 122
3754 123
3754 124
3754 125
3754 126
3754 127
3754 128
3754 129
3755 111
3755 112
3755 113
3755 114
3755 115
3755 116
3755 117
3755 118
3755 119
3755 120
3755 121
3755 122
3755 123
3755 124
3755 125
3755 126
3755 127
3755 128
3755 129
3755 130
3755 131
3755 132
3755 133
3755 134
3755 135
3755 136
3755 137
3755 138
3755 139
3755 140
3756 113
3756 114
3756 115
3756 116
3756 117
3756 118
3756 119
3756 120
3756 121
3756 122
3756 123
3756 124
3756 125
3756 126
3756 127
3756 128
3756 129
3756 130
3756 131
3756 132
3756 133
3756 134
3756 135
3756 136
3756 137
3756 138
3756 139
3756 140
3756 141
3756 142
3756 143
3756 144
3756 145
3756 146
3756 147
3756 148
3756 149
3757 117
3757 118
3757 119
3757 120
3757 121
3757 122
3757 123
3757 124
3757 125
3757 126
3757 127
3757 128
3757 129
3757 130
3757 131
3757 132
3757 133
3757 134
3757 135
3757 136
3757 137
3757 138
3757 139
3757 140
3757 141
3757 142
3757 143
3757 144
3757 145
3757 146
3757 147
3757 148
3757 149
3757 150
3757 151
3757 152
3757 153
3757 154
3757 155
3757 156
3758 121
3758 122
3758 123
3758 124
3758 125
3758 126
3758 127
3758 128
3758 129
3758 130
3758 131
3758 132
3758 133
3758 134
3758 135
3758 136
3758 137
3758 138
3758 139
3758 140
3758 141
3758 142
3758 143
3758 144
3758 145
3758 146
3758 147
3758 148
3758 149
3758 150
3758 151
3758 152
3758 153
3758 154
3758 155
3758 156
3758 157
3758 158
3758 159
3758 160
3758 161
3758 162
3758 163
3759 126
3759 127
3759 128
3759 129
3759 130
3759 131
3759 132
3759 133
3759 134
3759 135
3759 136
3759 137
3759 138
3759 139
3759 140
3759 141
3759 142
3759 143
3759 144
3759 145
3759 146
3759 147
3759 148
3759 149
3759 150
3759 151
3759 152
3759 153
3759 154
3759 155
3759 156
3759 157
3759 158
3759 159
3759 160
3759 161
3759 162
3759 163
3759 164
3759 165
3759 166
3759 167
3759 168
3759 169
3759 170
3760 132
3760 133
3760 134
3760 135
3760 136
3760 137
3760 138
3760 139
3760 140
3760 141
3760 142
3760 143
3760 144
3760 145
3760 146
3760 147
3760 148
3760 149
3760 150
3760 151
3760 152
3760 153
3760 154
3760 155
3760 156
3760 157
3760 158
3760 159
3760 160
3760 161
3760 162
3760 163
3760 164
3760 165
3760 166
3760 167
3760 168
3760 169
3760 170
3760 171
3760 172
3760 173
3760 174
3760 175
3760 176
3761 138
3761 139
3761 140
3761 141
3761 142
3761 143
3761 144
3761 145
3761 146
3761 147
3761 148
3761 149
3761 150
3761 151
3761 152
3761 153
3761 154
3761 155
3761 156
3761 157
3761 158
3761 159
3761 160
3761 161
3761 162
3761 163
3761 164
3761 165
3761 166
3761 167
3761 168
3761 169
3761 170
3761 171
3761 172
3761 173
3761 174
3761 175
3761 176
3761 177
3761 178
3761 179
3761 180
3761 181
3762 145
3762 146
3762 147
3762 148
3762 149
3762 150
3762 151
3762 152
3762 153
3762 154
3762 155
3762 156
3762 157
3762 158
3762 159
3762 160
3762 161
3762 162
3762 163
3762 164
3762 165
3762 166
3762 167
3762 168
3762 169
3762 170
3762 171
3762 172
3762 173
3762 174
3762 175
3762 176
3762 177
3762 178
3762 179
3762 180
3762 181
3762 182
3762 183
3762 184
3762 185
3762 186
3763 153
3763 154
3763 155
3763 156
3763 157
3763 158
3763 159
3763 160
3763 161
3763 162
3763 163
3763 164
3763 165
3763 166
3763 167
3763 168
3763 169
3763 170
3763 171
3763 172
3763 173
3763 174
3763 175
3763 176
3763 177
3763 178
3763 179
3763 180
3763 181
3763 182
3763 183
3763 184
3763 185
3763 186
3763 187
3763 188
3763 189
3763 190
3764 162
3764 163
3764 164
3764 165
3764 166
3764 167
3764 168
3764 169
3764 170
3764 171
3764 172
3764 173
3764 174
3764 175
3764 176
3764 177
3764 178
3764 179
3764 180
3764 181
3764 182
3764 183
3764 184
3764 185
3764 186
3764 187
3764 188
3764 189
3764 190
3764 191
3764 192
3765 172
3765 173
3765 174
3765 175
3765 176
3765 177
3765 178
3765 179
3765 180
3765 181
3765 182
3765 183
3765 184
3765 185
3765 186
3765 187
3765 188
3765 189
3765 190
3765 191
3765 192
3765 193
3785 110
3785 111
3785 112
3785 113
3785 114
3785 115
3785 116
3785 117
3785 118
3785 119
3785 120
3785 121
3785 122
3785 123
3786 109
3786 110
3786 111
3786 112
3786 113
3786 114
3786 115
3786 116
3786 117
3786 118
3786 119
3786 120
3786 121
3786 122
3786 123
3786 124
3786 125
3786 126
3786 127
3786 128
3786 129
3786 130
3786 131
3786 132
3786 133
3786 134
3786 135
3786 136
3787 110
3787 111
3787 112
3787 113
3787 114
3787 115
3787 116
3787 117
3787 118
3787 119
3787 120
3787 121
3787 122
3787 123
3787 124
3787 125
3787 126
3787 127
3787 128
3787 129
3787 130
3787 131
3787 132
3787 133
3787 134
3787 135
3787 136
3787 137
3787 138
3787 139
3787 140
3787 141
3787 142
3787 143
3787 144
3787 145
3788 113
3788 114
3788 115
3788 116
3788 117
3788 118
3788 119
3788 120
3788 121
3788 122
3788 123
3788 124
3788 125
3788 126
3788 127
3788 128
3788 129
3788 130
3788 131
3788 132
3788 133
3788 134
3788 135
3788 136
3788 137
3788 138
3788 139
3788 140
3788 141
3788 142
3788 143
3788 144
3788 145
3788 146
3788 147
3788 148
3788 149
3788 150
3788 151
3788 152
3788 153
3789 117
3789 118
3789 119
3789 120
3789 121
3789 122
3789 123
3789 124
3789 125
3789 126
3789 127
3789 128
3789 129
3789 130
3789 131
3789 132
3789 133
3789 134
3789 135
3789 136
3789 137
3789 138
3789 139
3789 140
3789 141
3789 142
3789 143
3789 144
3789 145
3789 146
3789 147
3789 148
3789 149
3789 150
3789 151
3789 152
3789 153
3789 154
3789 155
3789 156
3789 157
3789 158
3789 159
3789 160
3789 161
3790 122
3790 123
3790 124
3790 125
3790 126
3790 127
3790 128
3790 129
3790 130
3790 131
3790 132
3790 133
3790 134
3790 135
3790 136
3790 137
3790 138
3790 139
3790 140
3790 141
3790 142
3790 143
3790 144
3790 145
3790 146
3790 147
3790 148
3790 149
3790 150
3790 151
3790 152
3790 153
3790 154
3790 155
3790 156
3790 157
3790 158
3790 159
3790 160
3790 161
3790 162
3790 163
3790 164
3790 165
3790 166
3790 167
3791 128
3791 129
3791 130
3791 131
3791 132
3791 133
3791 134
3791 135
3791 136
3791 137
3791 138
3791 139
3791 140
3791 141
3791 142
3791 143
3791 144
3791 145
3791 146
3791 147
3791 148
3791 149
3791 150
3791 151
3791 152
3791 153
3791 154
3791 155
3791 156
3791 157
3791 158
3791 159
3791 160
3791 161
3791 162
3791 163
3791 164
3791 165
3791 166
3791 167
3791 168
3791 169
3791 170
3791 171
3791 172
3791 173
3791 174
3792 134
3792 135
3792 136
3792 137
3792 138
3792 139
3792 140
3792 141
3792 142
3792 143
3792 144
3792 145
3792 146
3792 147
3792 148
3792 149
3792 150
3792 151
3792 152
3792 153
3792 154
3792 155
3792 156
3792 157
3792 158
3792 159
3792 160
3792 161
3792 162
3792 163
3792 164
3792 165
3792 166
3792 167
3792 168
3792 169
3792 170
3792 171
3792 172
3792 173
3792 174
3792 175
3792 176
3792 177
3792 178
3792 179
3793 141
3793 142
3793 143
3793 144
3793 145
3793 146
3793 147
3793 148
3793 149
3793 150
3793 151
3793 152
3793 153
3793 154
3793 155
3793 156
3793 157
3793 158
3793 159
3793 160
3793 161
3793 162
3793 163
3793 164
3793 165
3793 166
3793 167
3793 168
3793 169
3793 170
3793 171
3793 172
3793 173
3793 174
3793 175
3793 176
3793 177
3793 178
3793 179
3793 180
3793 181
3793 182
3793 183
3793 184
3794 148
3794 149
3794 150
3794 151
3794 152
3794 153
3794 154
3794 155
3794 156
3794 157
3794 158
3794 159
3794 160
3794 161
3794 162
3794 163
3794 164
3794 165
3794 166
3794 167
3794 168
3794 169
3794 170
3794 171
3794 172
3794 173
3794 174
3794 175
3794 176
3794 177
3794 178
3794 179
3794 180
3794 181
3794 182
3794 183
3794 184
3794 185
3794 186
3794 187
3794 188
3794 189
3795 156
3795 157
3795 158
3795 159
3795 160
3795 161
3795 162
3795 163
3795 164
3795 165
3795 166
3795 167
3795 168
3795 169
3795 170
3795 171
3795 172
3795 173
3795 174
3795 175
3795 176
3795 177
3795 178
3795 179
3795 180
3795 181
3795 182
3795 183
3795 184
3795 185
3795 186
3795 187
3795 188
3795 189
3795 190
3795 191
3795 192
3796 165
3796 166
3796 167
3796 168
3796 169
3796 170
3796 171
3796 172
3796 173
3796 174
3796 175
3796 176
3796 177
3796 178
3796 179
3796 180
3796 181
3796 182
3796 183
3796 184
3796 185
3796 186
3796 187
3796 188
3796 189
3796 190
3796 191
3796 192
3796 193
3796 194
3797 177
3797 178
3797 179
3797 180
3797 181
3797 182
3797 183
3797 184
3797 185
3797 186
3797 187
3797 188
3797 189
3797 190
3797 191
3797 192
3797 193
3817 107
3817 108
3817 109
3817 110
3817 111
3817 112
3817 113
3817 114
3817 115
3817 116
3817 117
3817 118
3817 119
3817 120
3817 121
3817 122
3817 123
3817 124
3817 125
3817 126
3817 127
3817 128
3817 129
3817 130
3817 131
3818 108
3818 109
3818 110
3818 111
3818 112
3818 113
3818 114
3818 115
3818 116
3818 117
3818 118
3818 119
3818 120
3818 121
3818 122
3818 123
3818 124
3818 125
3818 126
3818 127
3818 128
3818 129
3818 130
3818 131
3818 132
3818 133
3818 134
3818 135
3818 136
3818 137
3818 138
3818 139
3818 140
3818 141
3819 111
3819 112
3819 113
3819 114
3819 115
3819 116
3819 117
3819 118
3819 119
3819 120
3819 121
3819 122
3819 123
3819 124
3819 125
3819 126
3819 127
3819 128
3819 129
3819 130
3819 131
3819 132
3819 133
3819 134
3819 135
3819 136
3819 137
3819 138
3819 139
3819 140
3819 141
3819 142
3819 143
3819 144
3819 145
3819 146
3819 147
3819 148
3819 149
3820 114
3820 115
3820 116
3820 117
3820 118
3820 119
3820 120
3820 121
3820 122
3820 123
3820 124
3820 125
3820 126
3820 127
3820 128
3820 129
3820 130
3820 131
3820 132
3820 133
3820 134
3820 135
3820 136
3820 137
3820 138
3820 139
3820 140
3820 141
3820 142
3820 143
3820 144
3820 145
3820 146
3820 147
3820 148
3820 149
3820 150
3820 151
3820 152
3820 153
3820 154
3820 155
3820 156
3820 157
3821 119
3821 120
3821 121
3821 122
3821 123
3821 124
3821 125
3821 126
3821 127
3821 128
3821 129
3821 130
3821 131
3821 132
3821 133
3821 134
3821 135
3821 136
3821 137
3821 138
3821 139
3821 140
3821 141
3821 142
3821 143
3821 144
3821 145
3821 146
3821 147
3821 148
3821 149
3821 150
3821 151
3821 152
3821 153
3821 154
3821 155
3821 156
3821 157
3821 158
3821 159
3821 160
3821 161
3821 162
3821 163
3821 164
3822 124
3822 125
3822 126
3822 127
3822 128
3822 129
3822 130
3822 131
3822 132
3822 133
3822 134
3822 135
3822 136
3822 137
3822 138
3822 139
3822 140
3822 141
3822 142
3822 143
3822 144
3822 145
3822 146
3822 147
3822 148
3822 149
3822 150
3822 151
3822 152
3822 153
3822 154
3822 155
3822 156
3822 157
3822 158
3822 159
3822 160
3822 161
3822 162
3822 163
3822 164
3822 165
3822 166
3822 167
3822 168
3822 169
3822 170
3822 171
3823 130
3823 131
3823 132
3823 133
3823 134
3823 135
3823 136
3823 137
3823 138
3823 139
3823 140
3823 141
3823 142
3823 143
3823 144
3823 145
3823 146
3823 147
3823 148
3823 149
3823 150
3823 151
3823 152
3823 153
3823 154
3823 155
3823 156
3823 157
3823 158
3823 159
3823 160
3823 161
3823 162
3823 163
3823 164
3823 165
3823 166
3823 167
3823 168
3823 169
3823 170
3823 171
3823 172
3823 173
3823 174
3823 175
3823 176
3823 177
3824 136
3824 137
3824 138
3824 139
3824 140
3824 141
3824 142
3824 143
3824 144
3824 145
3824 146
3824 147
3824 148
3824 149
3824 150
3824 151
3824 152
3824 153
3824 154
3824 155
3824 156
3824 157
3824 158
3824 159
3824 160
3824 161
3824 162
3824 163
3824 164
3824 165
3824 166
3824 167
3824 168
3824 169
3824 170
3824 171
3824 172
3824 173
3824 174
3824 175
3824 176
3824 177
3824 178
3824 179
3824 180
3824 181
3824 182
3825 143
3825 144
3825 145
3825 146
3825 147
3825 148
3825 149
3825 150
3825 151
3825 152
3825 153
3825 154
3825 155
3825 156
3825 157
3825 158
3825 159
3825 160
3825 161
3825 162
3825 163
3825 164
3825 165
3825 166
3825 167
3825 168
3825 169
3825 170
3825 171
3825 172
3825 173
3825 174
3825 175
3825 176
3825 177
3825 178
3825 179
3825 180
3825 181
3825 182
3825 183
3825 184
3825 185
3825 186
3825 187
3826 151
3826 152
3826 153
3826 154
3826 155
3826 156
3826 157
3826 158
3826 159
3826 160
3826 161
3826 162
3826 163
3826 164
3826 165
3826 166
3826 167
3826 168
3826 169
3826 170
3826 171
3826 172
3826 173
3826 174
3826 175
3826 176
3826 177
3826 178
3826 179
3826 180
3826 181
3826 182
3826 183
3826 184
3826 185
3826 186
3826 187
3826 188
3826 189
3826 190
3826 191
3827 159
3827 160
3827 161
3827 162
3827 163
3827 164
3827 165
3827 166
3827 167
3827 168
3827 169
3827 170
3827 171
3827 172
3827 173
3827 174
3827 175
3827 176
3827 177
3827 178
3827 179
3827 180
3827 181
3827 182
3827 183
3827 184
3827 185
3827 186
3827 187
3827 188
3827 189
3827 190
3827 191
3827 192
3827 193
3827 194
3828 169
3828 170
3828 171
3828 172
3828 173
3828 174
3828 175
3828 176
3828 177
3828 178
3828 179
3828 180
3828 181
3828 182
3828 183
3828 184
3828 185
3828 186
3828 187
3828 188
3828 189
3828 190
3828 191
3828 192
3828 193
3828 194
3828 195
3829 186
3829 187
3829 188
3829 189
3848 108
3848 109
3848 110
3848 111
3848 112
3848 113
3848 114
3848 115
3848 116
3848 117
3848 118
3848 119
3848 120
3848 121
3848 122
3848 123
3848 124
3849 107
3849 108
3849 109
3849 110
3849 111
3849 112
3849 113
3849 114
3849 115
3849 116
3849 117
3849 118
3849 119
3849 120
3849 121
3849 122
3849 123
3849 124
3849 125
3849 126
3849 127
3849 128
3849 129
3849 130
3849 131
3849 132
3849 133
3849 134
3849 135
3850 109
3850 110
3850 111
3850 112
3850 113
3850 114
3850 115
3850 116
3850 117
3850 118
3850 119
3850 120
3850 121
3850 122
3850 123
3850 124
3850 125
3850 126
3850 127
3850 128
3850 129
3850 130
3850 131
3850 132
3850 133
3850 134
3850 135
3850 136
3850 137
3850 138
3850 139
3850 140
3850 141
3850 142
3850 143
3850 144
3851 112
3851 113
3851 114
3851 115
3851 116
3851 117
3851 118
3851 119
3851 120
3851 121
3851 122
3851 123
3851 124
3851 125
3851 126
3851 127
3851 128
3851 129
3851 130
3851 131
3851 132
3851 133
3851 134
3851 135
3851 136
3851 137
3851 138
3851 139
3851 140
3851 141
3851 142
3851 143
3851 144
3851 145
3851 146
3851 147
3851 148
3851 149
3851 150
3851 151
3851 152
3851 153
3852 116
3852 117
3852 118
3852 119
3852 120
3852 121
3852 122
3852 123
3852 124
3852 125
3852 126
3852 127
3852 128
3852 129
3852 130
3852 131
3852 132
3852 133
3852 134
3852 135
3852 136
3852 137
3852 138
3852 139
3852 140
3852 141
3852 142
3852 143
3852 144
3852 145
3852 146
3852 147
3852 148
3852 149
3852 150
3852 151
3852 152
3852 153
3852 154
3852 155
3852 156
3852 157
3852 158
3852 159
3852 160
3853 121
3853 122
3853 123
3853 124
3853 125
3853 126
3853 127
3853 128
3853 129
3853 130
3853 131
3853 132
3853 133
3853 134
3853 135
3853 136
3853 137
3853 138
3853 139
3853 140
3853 141
3853 142
3853 143
3853 144
3853 145
3853 146
3853 147
3853 148
3853 149
3853 150
3853 151
3853 152
3853 153
3853 154
3853 155
3853 156
3853 157
3853 158
3853 159
3853 160
3853 161
3853 162
3853 163
3853 164
3853 165
3853 166
3853 167
3854 126
3854 127
3854 128
3854 129
3854 130
3854 131
3854 132
3854 133
3854 134
3854 135
3854 136
3854 137
3854 138
3854 139
3854 140
3854 141
3854 142
3854 143
3854 144
3854 145
3854 146
3854 147
3854 148
3854 149
3854 150
3854 151
3854 152
3854 153
3854 154
3854 155
3854 156
3854 157
3854 158
3854 159
3854 160
3854 161
3854 162
3854 163
3854 164
3854 165
3854 166
3854 167
3854 168
3854 169
3854 170
3854 171
3854 172
3854 173
3855 133
3855 134
3855 135
3855 136
3855 137
3855 138
3855 139
3855 140
3855 141
3855 142
3855 143
3855 144
3855 145
3855 146
3855 147
3855 148
3855 149
3855 150
3855 151
3855 152
3855 153
3855 154
3855 155
3855 156
3855 157
3855 158
3855 159
3855 160
3855 161
3855 162
3855 163
3855 164
3855 165
3855 166
3855 167
3855 168
3855 169
3855 170
3855 171
3855 172
3855 173
3855 174
3855 175
3855 176
3855 177
3855 178
3855 179
3856 139
3856 140
3856 141
3856 142
3856 143
3856 144
3856 145
3856 146
3856 147
3856 148
3856 149
3856 150
3856 151
3856 152
3856 153
3856 154
3856 155
3856 156
3856 157
3856 158
3856 159
3856 160
3856 161
3856 162
3856 163
3856 164
3856 165
3856 166
3856 167
3856 168
3856 169
3856 170
3856 171
3856 172
3856 173
3856 174
3856 175
3856 176
3856 177
3856 178
3856 179
3856 180
3856 181
3856 182
3856 183
3856 184
3857 146
3857 147
3857 148
3857 149
3857 150
3857 151
3857 152
3857 153
3857 154
3857 155
3857 156
3857 157
3857 158
3857 159
3857 160
3857 161
3857 162
3857 163
3857 164
3857 165
3857 166
3857 167
3857 168
3857 169
3857 170
3857 171
3857 172
3857 173
3857 174
3857 175
3857 176
3857 177
3857 178
3857 179
3857 180
3857 181
3857 182
3857 183
3857 184
3857 185
3857 186
3857 187
3857 188
3858 154
3858 155
3858 156
3858 157
3858 158
3858 159
3858 160
3858 161
3858 162
3858 163
3858 164
3858 165
3858 166
3858 167
3858 168
3858 169
3858 170
3858 171
3858 172
3858 173
3858 174
3858 175
3858 176
3858 177
3858 178
3858 179
3858 180
3858 181
3858 182
3858 183
3858 184
3858 185
3858 186
3858 187
3858 188
3858 189
3858 190
3858 191
3858 192
3859 164
3859 165
3859 166
3859 167
3859 168
3859 169
3859 170
3859 171
3859 172
3859 173
3859 174
3859 175
3859 176
3859 177
3859 178
3859 179
3859 180
3859 181
3859 182
3859 183
3859 184
3859 185
3859 186
3859 187
3859 188
3859 189
3859 190
3859 191
3859 192
3859 193
3859 194
3860 175
3860 176
3860 177
3860 178
3860 179
3860 180
3860 181
3860 182
3860 183
3860 184
3860 185
3860 186
3860 187
3860 188
3860 189
3860 190
3860 191
3860 192
3860 193
3880 107
3880 108
3880 109
3880 110
3880 111
3880 112
3880 113
3880 114
3880 115
3880 116
3880 117
3880 118
3880 119
3880 120
3880 121
3880 122
3880 123
3880 124
3880 125
3880 126
3880 127
3880 128
3880 129
3881 108
3881 109
3881 110
3881 111
3881 112
3881 113
3881 114
3881 115
3881 116
3881 117
3881 118
3881 119
3881 120
3881 121
3881 122
3881 123
3881 124
3881 125
3881 126
3881 127
3881 128
3881 129
3881 130
3881 131
3881 132
3881 133
3881 134
3881 135
3881 136
3881 137
3881 138
3881 139
3882 110
3882 111
3882 112
3882 113
3882 114
3882 115
3882 116
3882 117
3882 118
3882 119
3882 120
3882 121
3882 122
3882 123
3882 124
3882 125
3882 126
3882 127
3882 128
3882 129
3882 130
3882 131
3882 132
3882 133
3882 134
3882 135
3882 136
3882 137
3882 138
3882 139
3882 140
3882 141
3882 142
3882 143
3882 144
3882 145
3882 146
3882 147
3883 114
3883 115
3883 116
3883 117
3883 118
3883 119
3883 120
3883 121
3883 122
3883 123
3883 124
3883 125
3883 126
3883 127
3883 128
3883 129
3883 130
3883 131
3883 132
3883 133
3883 134
3883 135
3883 136
3883 137
3883 138
3883 139
3883 140
3883 141
3883 142
3883 143
3883 144
3883 145
3883 146
3883 147
3883 148
3883 149
3883 150
3883 151
3883 152
3883 153
3883 154
3883 155
3884 118
3884 119
3884 120
3884 121
3884 122
3884 123
3884 124
3884 125
3884 126
3884 127
3884 128
3884 129
3884 130
3884 131
3884 132
3884 133
3884 134
3884 135
3884 136
3884 137
3884 138
3884 139
3884 140
3884 141
3884 142
3884 143
3884 144
3884 145
3884 146
3884 147
3884 148
3884 149
3884 150
3884 151
3884 152
3884 153
3884 154
3884 155
3884 156
3884 157
3884 158
3884 159
3884 160
3884 161
3884 162
3885 123
3885 124
3885 125
3885 126
3885 127
3885 128
3885 129
3885 130
3885 131
3885 132
3885 133
3885 134
3885 135
3885 136
3885 137
3885 138
3885 139
3885 140
3885 141
3885 142
3885 143
3885 144
3885 145
3885 146
3885 147
3885 148
3885 149
3885 150
3885 151
3885 152
3885 153
3885 154
3885 155
3885 156
3885 157
3885 158
3885 159
3885 160
3885 161
3885 162
3885 163
3885 164
3885 165
3885 166
3885 167
3885 168
3885 169
3886 129
3886 130
3886 131
3886 132
3886 133
3886 134
3886 135
3886 136
3886 137
3886 138
3886 139
3886 140
3886 141
3886 142
3886 143
3886 144
3886 145
3886 146
3886 147
3886 148
3886 149
3886 150
3886 151
3886 152
3886 153
3886 154
3886 155
3886 156
3886 157
3886 158
3886 159
3886 160
3886 161
3886 162
3886 163
3886 164
3886 165
3886 166
3886 167
3886 168
3886 169
3886 170
3886 171
3886 172
3886 173
3886 174
3886 175
3887 135
3887 136
3887 137
3887 138
3887 139
3887 140
3887 141
3887 142
3887 143
3887 144
3887 145
3887 146
3887 147
3887 148
3887 149
3887 150
3887 151
3887 152
3887 153
3887 154
3887 155
3887 156
3887 157
3887 158
3887 159
3887 160
3887 161
3887 162
3887 163
3887 164
3887 165
3887 166
3887 167
3887 168
3887 169
3887 170
3887 171
3887 172
3887 173
3887 174
3887 175
3887 176
3887 177
3887 178
3887 179
3887 180
3888 142
3888 143
3888 144
3888 145
3888 146
3888 147
3888 148
3888 149
3888 150
3888 151
3888 152
3888 153
3888 154
3888 155
3888 156
3888 157
3888 158
3888 159
3888 160
3888 161
3888 162
3888 163
3888 164
3888 165
3888 166
3888 167
3888 168
3888 169
3888 170
3888 171
3888 172
3888 173
3888 174
3888 175
3888 176
3888 177
3888 178
3888 179
3888 180
3888 181
3888 182
3888 183
3888 184
3888 185
3889 150
3889 151
3889 152
3889 153
3889 154
3889 155
3889 156
3889 157
3889 158
3889 159
3889 160
3889 161
3889 162
3889 163
3889 164
3889 165
3889 166
3889 167
3889 168
3889 169
3889 170
3889 171
3889 172
3889 173
3889 174
3889 175
3889 176
3889 177
3889 178
3889 179
3889 180
3889 181
3889 182
3889 183
3889 184
3889 185
3889 186
3889 187
3889 188
3889 189
3890 159
3890 160
3890 161
3890 162
3890 163
3890 164
3890 165
3890 166
3890 167
3890 168
3890 169
3890 170
3890 171
3890 172
3890 173
3890 174
3890 175
3890 176
3890 177
3890 178
3890 179
3890 180
3890 181
3890 182
3890 183
3890 184
3890 185
3890 186
3890 187
3890 188
3890 189
3890 190
3890 191
3891 169
3891 170
3891 171
3891 172
3891 173
3891 174
3891 175
3891 176
3891 177
3891 178
3891 179
3891 180
3891 181
3891 182
3891 183
3891 184
3891 185
3891 186
3891 187
3891 188
3891 189
3891 190
3891 191
3891 192
3911 110
3911 111
3911 112
3911 113
3911 114
3911 115
3911 116
3911 117
3911 118
3911 119
3912 107
3912 108
3912 109
3912 110
3912 111
3912 112
3912 113
3912 114
3912 115
3912 116
3912 117
3912 118
3912 119
3912 120
3912 121
3912 122
3912 123
3912 124
3912 125
3912 126
3912 127
3912 128
3912 129
3912 130
3912 131
3912 132
3913 109
3913 110
3913 111
3913 112
3913 113
3913 114
3913 115
3913 116
3913 117
3913 118
3913 119
3913 120
3913 121
3913 122
3913 123
3913 124
3913 125
3913 126
3913 127
3913 128
3913 129
3913 130
3913 131
3913 132
3913 133
3913 134
3913 135
3913 136
3913 137
3913 138
3913 139
3913 140
3913 141
3914 112
3914 113
3914 114
3914 115
3914 116
3914 117
3914 118
3914 119
3914 120
3914 121
3914 122
3914 123
3914 124
3914 125
3914 126
3914 127
3914 128
3914 129
3914 130
3914 131
3914 132
3914 133
3914 134
3914 135
3914 136
3914 137
3914 138
3914 139
3914 140
3914 141
3914 142
3914 143
3914 144
3914 145
3914 146
3914 147
3914 148
3914 149
3915 116
3915 117
3915 118
3915 119
3915 120
3915 121
3915 122
3915 123
3915 124
3915 125
3915 126
3915 127
3915 128
3915 129
3915 130
3915 131
3915 132
3915 133
3915 134
3915 135
3915 136
3915 137
3915 138
3915 139
3915 140
3915 141
3915 142
3915 143
3915 144
3915 145
3915 146
3915 147
3915 148
3915 149
3915 150
3915 151
3915 152
3915 153
3915 154
3915 155
3915 156
3915 157
3916 121
3916 122
3916 123
3916 124
3916 125
3916 126
3916 127
3916 128
3916 129
3916 130
3916 131
3916 132
3916 133
3916 134
3916 135
3916 136
3916 137
3916 138
3916 139
3916 140
3916 141
3916 142
3916 143
3916 144
3916 145
3916 146
3916 147
3916 148
3916 149
3916 150
3916 151
3916 152
3916 153
3916 154
3916 155
3916 156
3916 157
3916 158
3916 159
3916 160
3916 161
3916 162
3916 163
3916 164
3917 126
3917 127
3917 128
3917 129
3917 130
3917 131
3917 132
3917 133
3917 134
3917 135
3917 136
3917 137
3917 138
3917 139
3917 140
3917 141
3917 142
3917 143
3917 144
3917 145
3917 146
3917 147
3917 148
3917 149
3917 150
3917 151
3917 152
3917 153
3917 154
3917 155
3917 156
3917 157
3917 158
3917 159
3917 160
3917 161
3917 162
3917 163
3917 164
3917 165
3917 166
3917 167
3917 168
3917 169
3917 170
3918 132
3918 133
3918 134
3918 135
3918 136
3918 137
3918 138
3918 139
3918 140
3918 141
3918 142
3918 143
3918 144
3918 145
3918 146
3918 147
3918 148
3918 149
3918 150
3918 151
3918 152
3918 153
3918 154
3918 155
3918 156
3918 157
3918 158
3918 159
3918 160
3918 161
3918 162
3918 163
3918 164
3918 165
3918 166
3918 167
3918 168
3918 169
3918 170
3918 171
3918 172
3918 173
3918 174
3918 175
3918 176
3919 139
3919 140
3919 141
3919 142
3919 143
3919 144
3919 145
3919 146
3919 147
3919 148
3919 149
3919 150
3919 151
3919 152
3919 153
3919 154
3919 155
3919 156
3919 157
3919 158
3919 159
3919 160
3919 161
3919 162
3919 163
3919 164
3919 165
3919 166
3919 167
3919 168
3919 169
3919 170
3919 171
3919 172
3919 173
3919 174
3919 175
3919 176
3919 177
3919 178
3919 179
3919 180
3919 181
3920 146
3920 147
3920 148
3920 149
3920 150
3920 151
3920 152
3920 153
3920 154
3920 155
3920 156
3920 157
3920 158
3920 159
3920 160
3920 161
3920 162
3920 163
3920 164
3920 165
3920 166
3920 167
3920 168
3920 169
3920 170
3920 171
3920 172
3920 173
3920 174
3920 175
3920 176
3920 177
3920 178
3920 179
3920 180
3920 181
3920 182
3920 183
3920 184
3920 185
3921 154
3921 155
3921 156
3921 157
3921 158
3921 159
3921 160
3921 161
3921 162
3921 163
3921 164
3921 165
3921 166
3921 167
3921 168
3921 169
3921 170
3921 171
3921 172
3921 173
3921 174
3921 175
3921 176
3921 177
3921 178
3921 179
3921 180
3921 181
3921 182
3921 183
3921 184
3921 185
3921 186
3921 187
3921 188
3922 164
3922 165
3922 166
3922 167
3922 168
3922 169
3922 170
3922 171
3922 172
3922 173
3922 174
3922 175
3922 176
3922 177
3922 178
3922 179
3922 180
3922 181
3922 182
3922 183
3922 184
3922 185
3922 186
3922 187
3922 188
3922 189
3923 179
3923 180
3923 181
3923 182
3923 183
3923 184
3923 185
3943 110
3943 111
3943 112
3943 113
3943 114
3943 115
3943 116
3943 117
3943 118
3943 119
3943 120
3943 121
3943 122
3944 109
3944 110
3944 111
3944 112
3944 113
3944 114
3944 115
3944 116
3944 117
3944 118
3944 119
3944 120
3944 121
3944 122
3944 123
3944 124
3944 125
3944 126
3944 127
3944 128
3944 129
3944 130
3944 131
3944 132
3944 133
3944 134
3945 111
3945 112
3945 113
3945 114
3945 115
3945 116
3945 117
3945 118
3945 119
3945 120
3945 121
3945 122
3945 123
3945 124
3945 125
3945 126
3945 127
3945 128
3945 129
3945 130
3945 131
3945 132
3945 133
3945 134
3945 135
3945 136
3945 137
3945 138
3945 139
3945 140
3945 141
3945 142
3945 143
3946 114
3946 115
3946 116
3946 117
3946 118
3946 119
3946 120
3946 121
3946 122
3946 123
3946 124
3946 125
3946 126
3946 127
3946 128
3946 129
3946 130
3946 131
3946 132
3946 133
3946 134
3946 135
3946 136
3946 137
3946 138
3946 139
3946 140
3946 141
3946 142
3946 143
3946 144
3946 145
3946 146
3946 147
3946 148
3946 149
3946 150
3946 151
3947 118
3947 119
3947 120
3947 121
3947 122
3947 123
3947 124
3947 125
3947 126
3947 127
3947 128
3947 129
3947 130
3947 131
3947 132
3947 133
3947 134
3947 135
3947 136
3947 137
3947 138
3947 139
3947 140
3947 141
3947 142
3947 143
3947 144
3947 145
3947 146
3947 147
3947 148
3947 149
3947 150
3947 151
3947 152
3947 153
3947 154
3947 155
3947 156
3947 157
3947 158
3948 123
3948 124
3948 125
3948 126
3948 127
3948 128
3948 129
3948 130
3948 131
3948 132
3948 133
3948 134
3948 135
3948 136
3948 137
3948 138
3948 139
3948 140
3948 141
3948 142
3948 143
3948 144
3948 145
3948 146
3948 147
3948 148
3948 149
3948 150
3948 151
3948 152
3948 153
3948 154
3948 155
3948 156
3948 157
3948 158
3948 159
3948 160
3948 161
3948 162
3948 163
3948 164
3949 129
3949 130
3949 131
3949 132
3949 133
3949 134
3949 135
3949 136
3949 137
3949 138
3949 139
3949 140
3949 141
3949 142
3949 143
3949 144
3949 145
3949 146
3949 147
3949 148
3949 149
3949 150
3949 151
3949 152
3949 153
3949 154
3949 155
3949 156
3949 157
3949 158
3949 159
3949 160
3949 161
3949 162
3949 163
3949 164
3949 165
3949 166
3949 167
3949 168
3949 169
3949 170
3950 135
3950 136
3950 137
3950 138
3950 139
3950 140
3950 141
3950 142
3950 143
3950 144
3950 145
3950 146
3950 147
3950 148
3950 149
3950 150
3950 151
3950 152
3950 153
3950 154
3950 155
3950 156
3950 157
3950 158
3950 159
3950 160
3950 161
3950 162
3950 163
3950 164
3950 165
3950 166
3950 167
3950 168
3950 169
3950 170
3950 171
3950 172
3950 173
3950 174
3950 175
3951 142
3951 143
3951 144
3951 145
3951 146
3951 147
3951 148
3951 149
3951 150
3951 151
3951 152
3951 153
3951 154
3951 155
3951 156
3951 157
3951 158
3951 159
3951 160
3951 161
3951 162
3951 163
3951 164
3951 165
3951 166
3951 167
3951 168
3951 169
3951 170
3951 171
3951 172
3951 173
3951 174
3951 175
3951 176
3951 177
3951 178
3951 179
3951 180
3952 150
3952 151
3952 152
3952 153
3952 154
3952 155
3952 156
3952 157
3952 158
3952 159
3952 160
3952 161
3952 162
3952 163
3952 164
3952 165
3952 166
3952 167
3952 168
3952 169
3952 170
3952 171
3952 172
3952 173
3952 174
3952 175
3952 176
3952 177
3952 178
3952 179
3952 180
3952 181
3952 182
3952 183
3953 159
3953 160
3953 161
3953 162
3953 163
3953 164
3953 165
3953 166
3953 167
3953 168
3953 169
3953 170
3953 171
3953 172
3953 173
3953 174
3953 175
3953 176
3953 177
3953 178
3953 179
3953 180
3953 181
3953 182
3953 183
3953 184
3953 185
3954 172
3954 173
3954 174
3954 175
3954 176
3954 177
3954 178
3954 179
3954 180
3954 181
3954 182
3954 183
3975 113
3975 114
3975 115
3975 116
3975 117
3975 118
3975 119
3975 120
3975 121
3975 122
3976 112
3976 113
3976 114
3976 115
3976 116
3976 117
3976 118
3976 119
3976 120
3976 121
3976 122
3976 123
3976 124
3976 125
3976 126
3976 127
3976 128
3976 129
3976 130
3976 131
3976 132
3976 133
3976 134
3977 114
3977 115
3977 116
3977 117
3977 118
3977 119
3977 120
3977 121
3977 122
3977 123
3977 124
3977 125
3977 126
3977 127
3977 128
3977 129
3977 130
3977 131
3977 132
3977 133
3977 134
3977 135
3977 136
3977 137
3977 138
3977 139
3977 140
3977 141
3977 142
3977 143
3978 117
3978 118
3978 119
3978 120
3978 121
3978 122
3978 123
3978 124
3978 125
3978 126
3978 127
3978 128
3978 129
3978 130
3978 131
3978 132
3978 133
3978 134
3978 135
3978 136
3978 137
3978 138
3978 139
3978 140
3978 141
3978 142
3978 143
3978 144
3978 145
3978 146
3978 147
3978 148
3978 149
3978 150
3978 151
3979 121
3979 122
3979 123
3979 124
3979 125
3979 126
3979 127
3979 128
3979 129
3979 130
3979 131
3979 132
3979 133
3979 134
3979 135
3979 136
3979 137
3979 138
3979 139
3979 140
3979 141
3979 142
3979 143
3979 144
3979 145
3979 146
3979 147
3979 148
3979 149
3979 150
3979 151
3979 152
3979 153
3979 154
3979 155
3979 156
3979 157
3979 158
3980 126
3980 127
3980 128
3980 129
3980 130
3980 131
3980 132
3980 133
3980 134
3980 135
3980 136
3980 137
3980 138
3980 139
3980 140
3980 141
3980 142
3980 143
3980 144
3980 145
3980 146
3980 147
3980 148
3980 149
3980 150
3980 151
3980 152
3980 153
3980 154
3980 155
3980 156
3980 157
3980 158
3980 159
3980 160
3980 161
3980 162
3980 163
3980 164
3981 132
3981 133
3981 134
3981 135
3981 136
3981 137
3981 138
3981 139
3981 140
3981 141
3981 142
3981 143
3981 144
3981 145
3981 146
3981 147
3981 148
3981 149
3981 150
3981 151
3981 152
3981 153
3981 154
3981 155
3981 156
3981 157
3981 158
3981 159
3981 160
3981 161
3981 162
3981 163
3981 164
3981 165
3981 166
3981 167
3981 168
3981 169
3982 139
3982 140
3982 141
3982 142
3982 143
3982 144
3982 145
3982 146
3982 147
3982 148
3982 149
3982 150
3982 151
3982 152
3982 153
3982 154
3982 155
3982 156
3982 157
3982 158
3982 159
3982 160
3982 161
3982 162
3982 163
3982 164
3982 165
3982 166
3982 167
3982 168
3982 169
3982 170
3982 171
3982 172
3982 173
3982 174
3983 146
3983 147
3983 148
3983 149
3983 150
3983 151
3983 152
3983 153
3983 154
3983 155
3983 156
3983 157
3983 158
3983 159
3983 160
3983 161
3983 162
3983 163
3983 164
3983 165
3983 166
3983 167
3983 168
3983 169
3983 170
3983 171
3983 172
3983 173
3983 174
3983 175
3983 176
3983 177
3983 178
3984 155
3984 156
3984 157
3984 158
3984 159
3984 160
3984 161
3984 162
3984 163
3984 164
3984 165
3984 166
3984 167
3984 168
3984 169
3984 170
3984 171
3984 172
3984 173
3984 174
3984 175
3984 176
3984 177
3984 178
3984 179
3984 180
3985 166
3985 167
3985 168
3985 169
3985 170
3985 171
3985 172
3985 173
3985 174
3985 175
3985 176
3985 177
3985 178
3985 179
4008 115
4008 116
4008 117
4008 118
4008 119
4008 120
4008 121
4008 122
4008 123
4008 124
4008 125
4008 126
4008 127
4008 128
4008 129
4008 130
4008 131
4008 132
4008 133
4009 117
4009 118
4009 119
4009 120
4009 121
4009 122
4009 123
4009 124
4009 125
4009 126
4009 127
4009 128
4009 129
4009 130
4009 131
4009 132
4009 133
4009 134
4009 135
4009 136
4009 137
4009 138
4009 139
4009 140
4009 141
4009 142
4010 120
4010 121
4010 122
4010 123
4010 124
4010 125
4010 126
4010 127
4010 128
4010 129
4010 130
4010 131
4010 132
4010 133
4010 134
4010 135
4010 136
4010 137
4010 138
4010 139
4010 140
4010 141
4010 142
4010 143
4010 144
4010 145
4010 146
4010 147
4010 148
4010 149
4010 150
4011 124
4011 125
4011 126
4011 127
4011 128
4011 129
4011 130
4011 131
4011 132
4011 133
4011 134
4011 135
4011 136
4011 137
4011 138
4011 139
4011 140
4011 141
4011 142
4011 143
4011 144
4011 145
4011 146
4011 147
4011 148
4011 149
4011 150
4011 151
4011 152
4011 153
4011 154
4011 155
4011 156
4012 130
4012 131
4012 132
4012 133
4012 134
4012 135
4012 136
4012 137
4012 138
4012 139
4012 140
4012 141
4012 142
4012 143
4012 144
4012 145
4012 146
4012 147
4012 148
4012 149
4012 150
4012 151
4012 152
4012 153
4012 154
4012 155
4012 156
4012 157
4012 158
4012 159
4012 160
4012 161
4012 162
4013 136
4013 137
4013 138
4013 139
4013 140
4013 141
4013 142
4013 143
4013 144
4013 145
4013 146
4013 147
4013 148
4013 149
4013 150
4013 151
4013 152
4013 153
4013 154
4013 155
4013 156
4013 157
4013 158
4013 159
4013 160
4013 161
4013 162
4013 163
4013 164
4013 165
4013 166
4013 167
4014 143
4014 144
4014 145
4014 146
4014 147
4014 148
4014 149
4014 150
4014 151
4014 152
4014 153
4014 154
4014 155
4014 156
4014 157
4014 158
4014 159
4014 160
4014 161
4014 162
4014 163
4014 164
4014 165
4014 166
4014 167
4014 168
4014 169
4014 170
4014 171
4015 151
4015 152
4015 153
4015 154
4015 155
4015 156
4015 157
4015 158
4015 159
4015 160
4015 161
4015 162
4015 163
4015 164
4015 165
4015 166
4015 167
4015 168
4015 169
4015 170
4015 171
4015 172
4015 173
4015 174
4016 162
4016 163
4016 164
4016 165
4016 166
4016 167
4016 168
4016 169
4016 170
4016 171
4016 172
4016 173
4040 119
4040 120
4040 121
4040 122
4040 123
4040 124
4040 125
4040 126
4040 127
4040 128
4040 129
4040 130
4041 120
4041 121
4041 122
4041 123
4041 124
4041 125
4041 126
4041 127
4041 128
4041 129
4041 130
4041 131
4041 132
4041 133
4041 134
4041 135
4041 136
4041 137
4041 138
4041 139
4041 140
4042 123
4042 124
4042 125
4042 126
4042 127
4042 128
4042 129
4042 130
4042 131
4042 132
4042 133
4042 134
4042 135
4042 136
4042 137
4042 138
4042 139
4042 140
4042 141
4042 142
4042 143
4042 144
4042 145
4042 146
4042 147
4043 128
4043 129
4043 130
4043 131
4043 132
4043 133
4043 134
4043 135
4043 136
4043 137
4043 138
4043 139
4043 140
4043 141
4043 142
4043 143
4043 144
4043 145
4043 146
4043 147
4043 148
4043 149
4043 150
4043 151
4043 152
4043 153
4043 154
4044 133
4044 134
4044 135
4044 136
4044 137
4044 138
4044 139
4044 140
4044 141
4044 142
4044 143
4044 144
4044 145
4044 146
4044 147
4044 148
4044 149
4044 150
4044 151
4044 152
4044 153
4044 154
4044 155
4044 156
4044 157
4044 158
4044 159
4045 140
4045 141
4045 142
4045 143
4045 144
4045 145
4045 146
4045 147
4045 148
4045 149
4045 150
4045 151
4045 152
4045 153
4045 154
4045 155
4045 156
4045 157
4045 158
4045 159
4045 160
4045 161
4045 162
4045 163
4045 164
4046 147
4046 148
4046 149
4046 150
4046 151
4046 152
4046 153
4046 154
4046 155
4046 156
4046 157
4046 158
4046 159
4046 160
4046 161
4046 162
4046 163
4046 164
4046 165
4046 166
4046 167
4047 158
4047 159
4047 160
4047 161
4047 162
4047 163
4047 164
4047 165
4047 166
4073 125
4073 126
4073 127
4073 128
4073 129
4073 130
4073 131
4073 132
4073 133
4073 134
4073 135
4074 128
4074 129
4074 130
4074 131
4074 132
4074 133
4074 134
4074 135
4074 136
4074 137
4074 138
4074 139
4074 140
4074 141
4074 142
4074 143
4074 144
4075 132
4075 133
4075 134
4075 135
4075 136
4075 137
4075 138
4075 139
4075 140
4075 141
4075 142
4075 143
4075 144
4075 145
4075 146
4075 147
4075 148
4075 149
4075 150
4076 137
4076 138
4076 139
4076 140
4076 141
4076 142
4076 143
4076 144
4076 145
4076 146
4076 147
4076 148
4076 149
4076 150
4076 151
4076 152
4076 153
4076 154
4076 155
4077 144
4077 145
4077 146
4077 147
4077 148
4077 149
4077 150
4077 151
4077 152
4077 153
4077 154
4077 155
4077 156
4077 157
4077 158
4107 138
4107 139
4107 140
4107 141
4107 142
4107 143
4107 144
4108 144
4108 145
4108 146
4108 147
4266 131
4266 132
4266 133
4266 134
4266 135
4267 132
4267 133
4267 134
4267 135
4267 136
4267 137
4267 138
4267 139
4267 140
4267 141
4267 142
4267 143
4267 144
4268 136
4268 137
4268 138
4268 139
4268 140
4268 141
4268 142
4268 143
4268 144
4268 145
4268 146
4268 147
4268 148
4268 149
4268 150
4269 142
4269 143
4269 144
4269 145
4269 146
4269 147
4269 148
4269 149
4269 150
4269 151
4269 152
4269 153
4269 154
4269 155
4270 149
4270 150
4270 151
4270 152
4270 153
4270 154
4270 155
4270 156
4270 157
4270 158
4297 122
4297 123
4297 124
4297 125
4297 126
4297 127
4297 128
4297 129
4297 130
4297 131
4297 132
4297 133
4298 124
4298 125
4298 126
4298 127
4298 128
4298 129
4298 130
4298 131
4298 132
4298 133
4298 134
4298 135
4298 136
4298 137
4298 138
4298 139
4298 140
4298 141
4298 142
4299 127
4299 128
4299 129
4299 130
4299 131
4299 132
4299 133
4299 134
4299 135
4299 136
4299 137
4299 138
4299 139
4299 140
4299 141
4299 142
4299 143
4299 144
4299 145
4299 146
4299 147
4299 148
4299 149
4300 132
4300 133
4300 134
4300 135
4300 136
4300 137
4300 138
4300 139
4300 140
4300 141
4300 142
4300 143
4300 144
4300 145
4300 146
4300 147
4300 148
4300 149
4300 150
4300 151
4300 152
4300 153
4300 154
4300 155
4301 137
4301 138
4301 139
4301 140
4301 141
4301 142
4301 143
4301 144
4301 145
4301 146
4301 147
4301 148
4301 149
4301 150
4301 151
4301 152
4301 153
4301 154
4301 155
4301 156
4301 157
4301 158
4301 159
4301 160
4301 161
4302 144
4302 145
4302 146
4302 147
4302 148
4302 149
4302 150
4302 151
4302 152
4302 153
4302 154
4302 155
4302 156
4302 157
4302 158
4302 159
4302 160
4302 161
4302 162
4302 163
4302 164
4302 165
4303 152
4303 153
4303 154
4303 155
4303 156
4303 157
4303 158
4303 159
4303 160
4303 161
4303 162
4303 163
4303 164
4303 165
4303 166
4303 167
4303 168
4304 165
4328 116
4328 117
4328 118
4328 119
4328 120
4328 121
4328 122
4328 123
4328 124
4328 125
4328 126
4328 127
4328 128
4328 129
4329 117
4329 118
4329 119
4329 120
4329 121
4329 122
4329 123
4329 124
4329 125
4329 126
4329 127
4329 128
4329 129
4329 130
4329 131
4329 132
4329 133
4329 134
4329 135
4329 136
4329 137
4329 138
4329 139
4330 120
4330 121
4330 122
4330 123
4330 124
4330 125
4330 126
4330 127
4330 128
4330 129
4330 130
4330 131
4330 132
4330 133
4330 134
4330 135
4330 136
4330 137
4330 138
4330 139
4330 140
4330 141
4330 142
4330 143
4330 144
4330 145
4330 146
4330 147
4331 124
4331 125
4331 126
4331 127
4331 128
4331 129
4331 130
4331 131
4331 132
4331 133
4331 134
4331 135
4331 136
4331 137
4331 138
4331 139
4331 140
4331 141
4331 142
4331 143
4331 144
4331 145
4331 146
4331 147
4331 148
4331 149
4331 150
4331 151
4331 152
4331 153
4332 129
4332 130
4332 131
4332 132
4332 133
4332 134
4332 135
4332 136
4332 137
4332 138
4332 139
4332 140
4332 141
4332 142
4332 143
4332 144
4332 145
4332 146
4332 147
4332 148
4332 149
4332 150
4332 151
4332 152
4332 153
4332 154
4332 155
4332 156
4332 157
4332 158
4332 159
4332 160
4333 134
4333 135
4333 136
4333 137
4333 138
4333 139
4333 140
4333 141
4333 142
4333 143
4333 144
4333 145
4333 146
4333 147
4333 148
4333 149
4333 150
4333 151
4333 152
4333 153
4333 154
4333 155
4333 156
4333 157
4333 158
4333 159
4333 160
4333 161
4333 162
4333 163
4333 164
4333 165
4334 141
4334 142
4334 143
4334 144
4334 145
4334 146
4334 147
4334 148
4334 149
4334 150
4334 151
4334 152
4334 153
4334 154
4334 155
4334 156
4334 157
4334 158
4334 159
4334 160
4334 161
4334 162
4334 163
4334 164
4334 165
4334 166
4334 167
4334 168
4334 169
4334 170
4335 148
4335 149
4335 150
4335 151
4335 152
4335 153
4335 154
4335 155
4335 156
4335 157
4335 158
4335 159
4335 160
4335 161
4335 162
4335 163
4335 164
4335 165
4335 166
4335 167
4335 168
4335 169
4335 170
4335 171
4335 172
4335 173
4336 157
4336 158
4336 159
4336 160
4336 161
4336 162
4336 163
4336 164
4336 165
4336 166
4336 167
4336 168
4336 169
4336 170
4336 171
4336 172
4336 173
4336 174
4336 175
4336 176
4359 111
4359 112
4359 113
4359 114
4359 115
4359 116
4359 117
4359 118
4359 119
4359 120
4359 121
4359 122
4359 123
4359 124
4359 125
4360 111
4360 112
4360 113
4360 114
4360 115
4360 116
4360 117
4360 118
4360 119
4360 120
4360 121
4360 122
4360 123
4360 124
4360 125
4360 126
4360 127
4360 128
4360 129
4360 130
4360 131
4360 132
4360 133
4360 134
4360 135
4361 113
4361 114
4361 115
4361 116
4361 117
4361 118
4361 119
4361 120
4361 121
4361 122
4361 123
4361 124
4361 125
4361 126
4361 127
4361 128
4361 129
4361 130
4361 131
4361 132
4361 133
4361 134
4361 135
4361 136
4361 137
4361 138
4361 139
4361 140
4361 141
4361 142
4361 143
4362 117
4362 118
4362 119
4362 120
4362 121
4362 122
4362 123
4362 124
4362 125
4362 126
4362 127
4362 128
4362 129
4362 130
4362 131
4362 132
4362 133
4362 134
4362 135
4362 136
4362 137
4362 138
4362 139
4362 140
4362 141
4362 142
4362 143
4362 144
4362 145
4362 146
4362 147
4362 148
4362 149
4362 150
4362 151
4363 122
4363 123
4363 124
4363 125
4363 126
4363 127
4363 128
4363 129
4363 130
4363 131
4363 132
4363 133
4363 134
4363 135
4363 136
4363 137
4363 138
4363 139
4363 140
4363 141
4363 142
4363 143
4363 144
4363 145
4363 146
4363 147
4363 148
4363 149
4363 150
4363 151
4363 152
4363 153
4363 154
4363 155
4363 156
4363 157
4364 127
4364 128
4364 129
4364 130
4364 131
4364 132
4364 133
4364 134
4364 135
4364 136
4364 137
4364 138
4364 139
4364 140
4364 141
4364 142
4364 143
4364 144
4364 145
4364 146
4364 147
4364 148
4364 149
4364 150
4364 151
4364 152
4364 153
4364 154
4364 155
4364 156
4364 157
4364 158
4364 159
4364 160
4364 161
4364 162
4364 163
4364 164
4365 133
4365 134
4365 135
4365 136
4365 137
4365 138
4365 139
4365 140
4365 141
4365 142
4365 143
4365 144
4365 145
4365 146
4365 147
4365 148
4365 149
4365 150
4365 151
4365 152
4365 153
4365 154
4365 155
4365 156
4365 157
4365 158
4365 159
4365 160
4365 161
4365 162
4365 163
4365 164
4365 165
4365 166
4365 167
4365 168
4365 169
4366 139
4366 140
4366 141
4366 142
4366 143
4366 144
4366 145
4366 146
4366 147
4366 148
4366 149
4366 150
4366 151
4366 152
4366 153
4366 154
4366 155
4366 156
4366 157
4366 158
4366 159
4366 160
4366 161
4366 162
4366 163
4366 164
4366 165
4366 166
4366 167
4366 168
4366 169
4366 170
4366 171
4366 172
4366 173
4366 174
4367 147
4367 148
4367 149
4367 150
4367 151
4367 152
4367 153
4367 154
4367 155
4367 156
4367 157
4367 158
4367 159
4367 160
4367 161
4367 162
4367 163
4367 164
4367 165
4367 166
4367 167
4367 168
4367 169
4367 170
4367 171
4367 172
4367 173
4367 174
4367 175
4367 176
4367 177
4367 178
4368 155
4368 156
4368 157
4368 158
4368 159
4368 160
4368 161
4368 162
4368 163
4368 164
4368 165
4368 166
4368 167
4368 168
4368 169
4368 170
4368 171
4368 172
4368 173
4368 174
4368 175
4368 176
4368 177
4368 178
4368 179
4368 180
4368 181
4369 166
4369 167
4369 168
4369 169
4369 170
4369 171
4369 172
4369 173
4369 174
4369 175
4369 176
4369 177
4369 178
4369 179
4369 180
4369 181
