2818 188
2819 191
2819 192
2820 194
2820 195
2820 196
2844 174
2844 175
2844 176
2844 177
2844 178
2845 176
2845 177
2845 178
2845 179
2845 180
2845 181
2845 182
2845 183
2846 179
2846 180
2846 181
2846 182
2846 183
2846 184
2846 185
2846 186
2846 187
2846 188
2847 182
2847 183
2847 184
2847 185
2847 186
2847 187
2847 188
2847 189
2847 190
2847 191
2848 185
2848 186
2848 187
2848 188
2848 189
2848 190
2848 191
2848 192
2848 193
2848 194
2848 195
2849 189
2849 190
2849 191
2849 192
2849 193
2849 194
2849 195
2849 196
2849 197
2849 198
2849 199
2850 193
2850 194
2850 195
2850 196
2850 197
2850 198
2850 199
2850 200
2850 201
2850 202
2851 197
2851 198
2851 199
2851 200
2851 201
2851 202
2851 203
2851 204
2851 205
2852 202
2852 203
2852 204
2852 205
2852 206
2852 207
2871 166
2871 167
2871 168
2871 169
2872 167
2872 168
2872 169
2872 170
2872 171
2872 172
2872 173
2872 174
2872 175
2873 169
2873 170
2873 171
2873 172
2873 173
2873 174
2873 175
2873 176
2873 177
2873 178
2873 179
2873 180
2874 172
2874 173
2874 174
2874 175
2874 176
2874 177
2874 178
2874 179
2874 180
2874 181
2874 182
2874 183
2874 184
2875 175
2875 176
2875 177
2875 178
2875 179
2875 180
2875 181
2875 182
2875 183
2875 184
2875 185
2875 186
2875 187
2875 188
2876 178
2876 179
2876 180
2876 181
2876 182
2876 183
2876 184
2876 185
2876 186
2876 187
2876 188
2876 189
2876 190
2876 191
2876 192
2877 182
2877 183
2877 184
2877 185
2877 186
2877 187
2877 188
2877 189
2877 190
2877 191
2877 192
2877 193
2877 194
2877 195
2877 196
2878 185
2878 186
2878 187
2878 188
2878 189
2878 190
2878 191
2878 192
2878 193
2878 194
2878 195
2878 196
2878 197
2878 198
2878 199
2878 200
2879 189
2879 190
2879 191
2879 192
2879 193
2879 194
2879 195
2879 196
2879 197
2879 198
2879 199
2879 200
2879 201
2879 202
2879 203
2880 194
2880 195
2880 196
2880 197
2880 198
2880 199
2880 200
2880 201
2880 202
2880 203
2880 204
2880 205
2880 206
2881 198
2881 199
2881 200
2881 201
2881 202
2881 203
2881 204
2881 205
2881 206
2881 207
2881 208
2881 209
2882 204
2882 205
2882 206
2882 207
2882 208
2882 209
2882 210
2882 211
2899 160
2899 161
2899 162
2899 163
2899 164
2900 161
2900 162
2900 163
2900 164
2900 165
2900 166
2900 167
2900 168
2900 169
2900 170
2901 163
2901 164
2901 165
2901 166
2901 167
2901 168
2901 169
2901 170
2901 171
2901 172
2901 173
2901 174
2901 175
2902 165
2902 166
2902 167
2902 168
2902 169
2902 170
2902 171
2902 172
2902 173
2902 174
2902 175
2902 176
2902 177
2902 178
2902 179
2902 180
2903 168
2903 169
2903 170
2903 171
2903 172
2903 173
2903 174
2903 175
2903 176
2903 177
2903 178
2903 179
2903 180
2903 181
2903 182
2903 183
2903 184
2904 172
2904 173
2904 174
2904 175
2904 176
2904 177
2904 178
2904 179
2904 180
2904 181
2904 182
2904 183
2904 184
2904 185
2904 186
2904 187
2904 188
2905 175
2905 176
2905 177
2905 178
2905 179
2905 180
2905 181
2905 182
2905 183
2905 184
2905 185
2905 186
2905 187
2905 188
2905 189
2905 190
2905 191
2905 192
2906 179
2906 180
2906 181
2906 182
2906 183
2906 184
2906 185
2906 186
2906 187
2906 188
2906 189
2906 190
2906 191
2906 192
2906 193
2906 194
2906 195
2906 196
2907 183
2907 184
2907 185
2907 186
2907 187
2907 188
2907 189
2907 190
2907 191
2907 192
2907 193
2907 194
2907 195
2907 196
2907 197
2907 198
2907 199
2907 200
2908 187
2908 188
2908 189
2908 190
2908 191
2908 192
2908 193
2908 194
2908 195
2908 196
2908 197
2908 198
2908 199
2908 200
2908 201
2908 202
2908 203
2909 191
2909 192
2909 193
2909 194
2909 195
2909 196
2909 197
2909 198
2909 199
2909 200
2909 201
2909 202
2909 203
2909 204
2909 205
2909 206
2910 196
2910 197
2910 198
2910 199
2910 200
2910 201
2910 202
2910 203
2910 204
2910 205
2910 206
2910 207
2910 208
2910 209
2911 201
2911 202
2911 203
2911 204
2911 205
2911 206
2911 207
2911 208
2911 209
2911 210
2911 211
2912 207
2912 208
2912 209
2912 210
2912 211
2912 212
2912 213
2927 155
2927 156
2927 157
2927 158
2928 155
2928 156
2928 157
2928 158
2928 159
2928 160
2928 161
2928 162
2928 163
2928 164
2928 165
2929 157
2929 158
2929 159
2929 160
2929 161
2929 162
2929 163
2929 164
2929 165
2929 166
2929 167
2929 168
2929 169
2929 170
2930 159
2930 160
2930 161
2930 162
2930 163
2930 164
2930 165
2930 166
2930 167
2930 168
2930 169
2930 170
2930 171
2930 172
2930 173
2930 174
2930 175
2931 162
2931 163
2931 164
2931 165
2931 166
2931 167
2931 168
2931 169
2931 170
2931 171
2931 172
2931 173
2931 174
2931 175
2931 176
2931 177
2931 178
2931 179
2931 180
2932 166
2932 167
2932 168
2932 169
2932 170
2932 171
2932 172
2932 173
2932 174
2932 175
2932 176
2932 177
2932 178
2932 179
2932 180
2932 181
2932 182
2932 183
2932 184
2933 169
2933 170
2933 171
2933 172
2933 173
2933 174
2933 175
2933 176
2933 177
2933 178
2933 179
2933 180
2933 181
2933 182
2933 183
2933 184
2933 185
2933 186
2933 187
2933 188
2934 173
2934 174
2934 175
2934 176
2934 177
2934 178
2934 179
2934 180
2934 181
2934 182
2934 183
2934 184
2934 185
2934 186
2934 187
2934 188
2934 189
2934 190
2934 191
2934 192
2935 176
2935 177
2935 178
2935 179
2935 180
2935 181
2935 182
2935 183
2935 184
2935 185
2935 186
2935 187
2935 188
2935 189
2935 190
2935 191
2935 192
2935 193
2935 194
2935 195
2935 196
2936 180
2936 181
2936 182
2936 183
2936 184
2936 185
2936 186
2936 187
2936 188
2936 189
2936 190
2936 191
2936 192
2936 193
2936 194
2936 195
2936 196
2936 197
2936 198
2936 199
2936 200
2937 185
2937 186
2937 187
2937 188
2937 189
2937 190
2937 191
2937 192
2937 193
2937 194
2937 195
2937 196
2937 197
2937 198
2937 199
2937 200
2937 201
2937 202
2937 203
2938 189
2938 190
2938 191
2938 192
2938 193
2938 194
2938 195
2938 196
2938 197
2938 198
2938 199
2938 200
2938 201
2938 202
2938 203
2938 204
2938 205
2938 206
2939 194
2939 195
2939 196
2939 197
2939 198
2939 199
2939 200
2939 201
2939 202
2939 203
2939 204
2939 205
2939 206
2939 207
2939 208
2939 209
2940 199
2940 200
2940 201
2940 202
2940 203
2940 204
2940 205
2940 206
2940 207
2940 208
2940 209
2940 210
2940 211
2941 205
2941 206
2941 207
2941 208
2941 209
2941 210
2941 211
2941 212
2941 213
2956 150
2956 151
2956 152
2956 153
2956 154
2956 155
2956 156
2956 157
2956 158
2956 159
2957 151
2957 152
2957 153
2957 154
2957 155
2957 156
2957 157
2957 158
2957 159
2957 160
2957 161
2957 162
2957 163
2957 164
2957 165
2958 154
2958 155
2958 156
2958 157
2958 158
2958 159
2958 160
2958 161
2958 162
2958 163
2958 164
2958 165
2958 166
2958 167
2958 168
2958 169
2958 170
2959 156
2959 157
2959 158
2959 159
2959 160
2959 161
2959 162
2959 163
2959 164
2959 165
2959 166
2959 167
2959 168
2959 169
2959 170
2959 171
2959 172
2959 173
2959 174
2959 175
2960 160
2960 161
2960 162
2960 163
2960 164
2960 165
2960 166
2960 167
2960 168
2960 169
2960 170
2960 171
2960 172
2960 173
2960 174
2960 175
2960 176
2960 177
2960 178
2960 179
2961 163
2961 164
2961 165
2961 166
2961 167
2961 168
2961 169
2961 170
2961 171
2961 172
2961 173
2961 174
2961 175
2961 176
2961 177
2961 178
2961 179
2961 180
2961 181
2961 182
2961 183
2961 184
2962 166
2962 167
2962 168
2962 169
2962 170
2962 171
2962 172
2962 173
2962 174
2962 175
2962 176
2962 177
2962 178
2962 179
2962 180
2962 181
2962 182
2962 183
2962 184
2962 185
2962 186
2962 187
2962 188
2963 170
2963 171
2963 172
2963 173
2963 174
2963 175
2963 176
2963 177
2963 178
2963 179
2963 180
2963 181
2963 182
2963 183
2963 184
2963 185
2963 186
2963 187
2963 188
2963 189
2963 190
2963 191
2963 192
2964 174
2964 175
2964 176
2964 177
2964 178
2964 179
2964 180
2964 181
2964 182
2964 183
2964 184
2964 185
2964 186
2964 187
2964 188
2964 189
2964 190
2964 191
2964 192
2964 193
2964 194
2964 195
2964 196
2965 178
2965 179
2965 180
2965 181
2965 182
2965 183
2965 184
2965 185
2965 186
2965 187
2965 188
2965 189
2965 190
2965 191
2965 192
2965 193
2965 194
2965 195
2965 196
2965 197
2965 198
2965 199
2966 183
2966 184
2966 185
2966 186
2966 187
2966 188
2966 189
2966 190
2966 191
2966 192
2966 193
2966 194
2966 195
2966 196
2966 197
2966 198
2966 199
2966 200
2966 201
2966 202
2966 203
2967 187
2967 188
2967 189
2967 190
2967 191
2967 192
2967 193
2967 194
2967 195
2967 196
2967 197
2967 198
2967 199
2967 200
2967 201
2967 202
2967 203
2967 204
2967 205
2967 206
2968 192
2968 193
2968 194
2968 195
2968 196
2968 197
2968 198
2968 199
2968 200
2968 201
2968 202
2968 203
2968 204
2968 205
2968 206
2968 207
2968 208
2968 209
2969 198
2969 199
2969 200
2969 201
2969 202
2969 203
2969 204
2969 205
2969 206
2969 207
2969 208
2969 209
2969 210
2969 211
2970 204
2970 205
2970 206
2970 207
2970 208
2970 209
2970 210
2970 211
2970 212
2984 145
2984 146
2984 147
2984 148
2984 149
2984 150
2984 151
2984 152
2985 146
2985 147
2985 148
2985 149
2985 150
2985 151
2985 152
2985 153
2985 154
2985 155
2985 156
2985 157
2985 158
2985 159
2986 148
2986 149
2986 150
2986 151
2986 152
2986 153
2986 154
2986 155
2986 156
2986 157
2986 158
2986 159
2986 160
2986 161
2986 162
2986 163
2986 164
2987 151
2987 152
2987 153
2987 154
2987 155
2987 156
2987 157
2987 158
2987 159
2987 160
2987 161
2987 162
2987 163
2987 164
2987 165
2987 166
2987 167
2987 168
2987 169
2988 154
2988 155
2988 156
2988 157
2988 158
2988 159
2988 160
2988 161
2988 162
2988 163
2988 164
2988 165
2988 166
2988 167
2988 168
2988 169
2988 170
2988 171
2988 172
2988 173
2988 174
2989 157
2989 158
2989 159
2989 160
2989 161
2989 162
2989 163
2989 164
2989 165
2989 166
2989 167
2989 168
2989 169
2989 170
2989 171
2989 172
2989 173
2989 174
2989 175
2989 176
2989 177
2989 178
2989 179
2990 160
2990 161
2990 162
2990 163
2990 164
2990 165
2990 166
2990 167
2990 168
2990 169
2990 170
2990 171
2990 172
2990 173
2990 174
2990 175
2990 176
2990 177
2990 178
2990 179
2990 180
2990 181
2990 182
2990 183
2991 164
2991 165
2991 166
2991 167
2991 168
2991 169
2991 170
2991 171
2991 172
2991 173
2991 174
2991 175
2991 176
2991 177
2991 178
2991 179
2991 180
2991 181
2991 182
2991 183
2991 184
2991 185
2991 186
2991 187
2992 168
2992 169
2992 170
2992 171
2992 172
2992 173
2992 174
2992 175
2992 176
2992 177
2992 178
2992 179
2992 180
2992 181
2992 182
2992 183
2992 184
2992 185
2992 186
2992 187
2992 188
2992 189
2992 190
2992 191
2993 172
2993 173
2993 174
2993 175
2993 176
2993 177
2993 178
2993 179
2993 180
2993 181
2993 182
2993 183
2993 184
2993 185
2993 186
2993 187
2993 188
2993 189
2993 190
2993 191
2993 192
2993 193
2993 194
2993 195
2994 176
2994 177
2994 178
2994 179
2994 180
2994 181
2994 182
2994 183
2994 184
2994 185
2994 186
2994 187
2994 188
2994 189
2994 190
2994 191
2994 192
2994 193
2994 194
2994 195
2994 196
2994 197
2994 198
2994 199
2995 181
2995 182
2995 183
2995 184
2995 185
2995 186
2995 187
2995 188
2995 189
2995 190
2995 191
2995 192
2995 193
2995 194
2995 195
2995 196
2995 197
2995 198
2995 199
2995 200
2995 201
2995 202
2996 186
2996 187
2996 188
2996 189
2996 190
2996 191
2996 192
2996 193
2996 194
2996 195
2996 196
2996 197
2996 198
2996 199
2996 200
2996 201
2996 202
2996 203
2996 204
2996 205
2997 191
2997 192
2997 193
2997 194
2997 195
2997 196
2997 197
2997 198
2997 199
2997 200
2997 201
2997 202
2997 203
2997 204
2997 205
2997 206
2997 207
2997 208
2998 197
2998 198
2998 199
2998 200
2998 201
2998 202
2998 203
2998 204
2998 205
2998 206
2998 207
2998 208
2998 209
2998 210
2999 204
2999 205
2999 206
2999 207
2999 208
2999 209
2999 210
2999 211
3013 141
3013 142
3013 143
3013 144
3013 145
3013 146
3013 147
3013 148
3013 149
3013 150
3013 151
3013 152
3014 142
3014 143
3014 144
3014 145
3014 146
3014 147
3014 148
3014 149
3014 150
3014 151
3014 152
3014 153
3014 154
3014 155
3014 156
3014 157
3014 158
3015 145
3015 146
3015 147
3015 148
3015 149
3015 150
3015 151
3015 152
3015 153
3015 154
3015 155
3015 156
3015 157
3015 158
3015 159
3015 160
3015 161
3015 162
3015 163
3015 164
3016 148
3016 149
3016 150
3016 151
3016 152
3016 153
3016 154
3016 155
3016 156
3016 157
3016 158
3016 159
3016 160
3016 161
3016 162
3016 163
3016 164
3016 165
3016 166
3016 167
3016 168
3016 169
3017 151
3017 152
3017 153
3017 154
3017 155
3017 156
3017 157
3017 158
3017 159
3017 160
3017 161
3017 162
3017 163
3017 164
3017 165
3017 166
3017 167
3017 168
3017 169
3017 170
3017 171
3017 172
3017 173
3018 154
3018 155
3018 156
3018 157
3018 158
3018 159
3018 160
3018 161
3018 162
3018 163
3018 164
3018 165
3018 166
3018 167
3018 168
3018 169
3018 170
3018 171
3018 172
3018 173
3018 174
3018 175
3018 176
3018 177
3018 178
3019 158
3019 159
3019 160
3019 161
3019 162
3019 163
3019 164
3019 165
3019 166
3019 167
3019 168
3019 169
3019 170
3019 171
3019 172
3019 173
3019 174
3019 175
3019 176
3019 177
3019 178
3019 179
3019 180
3019 181
3019 182
3020 162
3020 163
3020 164
3020 165
3020 166
3020 167
3020 168
3020 169
3020 170
3020 171
3020 172
3020 173
3020 174
3020 175
3020 176
3020 177
3020 178
3020 179
3020 180
3020 181
3020 182
3020 183
3020 184
3020 185
3020 186
3020 187
3021 166
3021 167
3021 168
3021 169
3021 170
3021 171
3021 172
3021 173
3021 174
3021 175
3021 176
3021 177
3021 178
3021 179
3021 180
3021 181
3021 182
3021 183
3021 184
3021 185
3021 186
3021 187
3021 188
3021 189
3021 190
3021 191
3022 170
3022 171
3022 172
3022 173
3022 174
3022 175
3022 176
3022 177
3022 178
3022 179
3022 180
3022 181
3022 182
3022 183
3022 184
3022 185
3022 186
3022 187
3022 188
3022 189
3022 190
3022 191
3022 192
3022 193
3022 194
3022 195
3023 175
3023 176
3023 177
3023 178
3023 179
3023 180
3023 181
3023 182
3023 183
3023 184
3023 185
3023 186
3023 187
3023 188
3023 189
3023 190
3023 191
3023 192
3023 193
3023 194
3023 195
3023 196
3023 197
3023 198
3024 180
3024 181
3024 182
3024 183
3024 184
3024 185
3024 186
3024 187
3024 188
3024 189
3024 190
3024 191
3024 192
3024 193
3024 194
3024 195
3024 196
3024 197
3024 198
3024 199
3024 200
3024 201
3024 202
3025 185
3025 186
3025 187
3025 188
3025 189
3025 190
3025 191
3025 192
3025 193
3025 194
3025 195
3025 196
3025 197
3025 198
3025 199
3025 200
3025 201
3025 202
3025 203
3025 204
3025 205
3026 190
3026 191
3026 192
3026 193
3026 194
3026 195
3026 196
3026 197
3026 198
3026 199
3026 200
3026 201
3026 202
3026 203
3026 204
3026 205
3026 206
3026 207
3026 208
3027 196
3027 197
3027 198
3027 199
3027 200
3027 201
3027 202
3027 203
3027 204
3027 205
3027 206
3027 207
3027 208
3027 209
3028 205
3028 206
3028 207
3028 208
3028 209
3041 137
3041 138
3041 139
3041 140
3041 141
3041 142
3041 143
3041 144
3042 137
3042 138
3042 139
3042 140
3042 141
3042 142
3042 143
3042 144
3042 145
3042 146
3042 147
3042 148
3042 149
3042 150
3042 151
3042 152
3043 140
3043 141
3043 142
3043 143
3043 144
3043 145
3043 146
3043 147
3043 148
3043 149
3043 150
3043 151
3043 152
3043 153
3043 154
3043 155
3043 156
3043 157
3044 142
3044 143
3044 144
3044 145
3044 146
3044 147
3044 148
3044 149
3044 150
3044 151
3044 152
3044 153
3044 154
3044 155
3044 156
3044 157
3044 158
3044 159
3044 160
3044 161
3044 162
3044 163
3045 145
3045 146
3045 147
3045 148
3045 149
3045 150
3045 151
3045 152
3045 153
3045 154
3045 155
3045 156
3045 157
3045 158
3045 159
3045 160
3045 161
3045 162
3045 163
3045 164
3045 165
3045 166
3045 167
3045 168
3046 149
3046 150
3046 151
3046 152
3046 153
3046 154
3046 155
3046 156
3046 157
3046 158
3046 159
3046 160
3046 161
3046 162
3046 163
3046 164
3046 165
3046 166
3046 167
3046 168
3046 169
3046 170
3046 171
3046 172
3046 173
3047 152
3047 153
3047 154
3047 155
3047 156
3047 157
3047 158
3047 159
3047 160
3047 161
3047 162
3047 163
3047 164
3047 165
3047 166
3047 167
3047 168
3047 169
3047 170
3047 171
3047 172
3047 173
3047 174
3047 175
3047 176
3047 177
3048 156
3048 157
3048 158
3048 159
3048 160
3048 161
3048 162
3048 163
3048 164
3048 165
3048 166
3048 167
3048 168
3048 169
3048 170
3048 171
3048 172
3048 173
3048 174
3048 175
3048 176
3048 177
3048 178
3048 179
3048 180
3048 181
3048 182
3049 160
3049 161
3049 162
3049 163
3049 164
3049 165
3049 166
3049 167
3049 168
3049 169
3049 170
3049 171
3049 172
3049 173
3049 174
3049 175
3049 176
3049 177
3049 178
3049 179
3049 180
3049 181
3049 182
3049 183
3049 184
3049 185
3049 186
3050 164
3050 165
3050 166
3050 167
3050 168
3050 169
3050 170
3050 171
3050 172
3050 173
3050 174
3050 175
3050 176
3050 177
3050 178
3050 179
3050 180
3050 181
3050 182
3050 183
3050 184
3050 185
3050 186
3050 187
3050 188
3050 189
3050 190
3051 169
3051 170
3051 171
3051 172
3051 173
3051 174
3051 175
3051 176
3051 177
3051 178
3051 179
3051 180
3051 181
3051 182
3051 183
3051 184
3051 185
3051 186
3051 187
3051 188
3051 189
3051 190
3051 191
3051 192
3051 193
3051 194
3052 173
3052 174
3052 175
3052 176
3052 177
3052 178
3052 179
3052 180
3052 181
3052 182
3052 183
3052 184
3052 185
3052 186
3052 187
3052 188
3052 189
3052 190
3052 191
3052 192
3052 193
3052 194
3052 195
3052 196
3052 197
3052 198
3053 178
3053 179
3053 180
3053 181
3053 182
3053 183
3053 184
3053 185
3053 186
3053 187
3053 188
3053 189
3053 190
3053 191
3053 192
3053 193
3053 194
3053 195
3053 196
3053 197
3053 198
3053 199
3053 200
3053 201
3054 184
3054 185
3054 186
3054 187
3054 188
3054 189
3054 190
3054 191
3054 192
3054 193
3054 194
3054 195
3054 196
3054 197
3054 198
3054 199
3054 200
3054 201
3054 202
3054 203
3054 204
3055 190
3055 191
3055 192
3055 193
3055 194
3055 195
3055 196
3055 197
3055 198
3055 199
3055 200
3055 201
3055 202
3055 203
3055 204
3055 205
3055 206
3056 196
3056 197
3056 198
3056 199
3056 200
3056 201
3056 202
3056 203
3056 204
3056 205
3056 206
3056 207
3056 208
3070 133
3070 134
3070 135
3070 136
3070 137
3070 138
3070 139
3070 140
3070 141
3070 142
3070 143
3070 144
3071 135
3071 136
3071 137
3071 138
3071 139
3071 140
3071 141
3071 142
3071 143
3071 144
3071 145
3071 146
3071 147
3071 148
3071 149
3071 150
3071 151
3072 137
3072 138
3072 139
3072 140
3072 141
3072 142
3072 143
3072 144
3072 145
3072 146
3072 147
3072 148
3072 149
3072 150
3072 151
3072 152
3072 153
3072 154
3072 155
3072 156
3073 140
3073 141
3073 142
3073 143
3073 144
3073 145
3073 146
3073 147
3073 148
3073 149
3073 150
3073 151
3073 152
3073 153
3073 154
3073 155
3073 156
3073 157
3073 158
3073 159
3073 160
3073 161
3073 162
3074 143
3074 144
3074 145
3074 146
3074 147
3074 148
3074 149
3074 150
3074 151
3074 152
3074 153
3074 154
3074 155
3074 156
3074 157
3074 158
3074 159
3074 160
3074 161
3074 162
3074 163
3074 164
3074 165
3074 166
3074 167
3075 147
3075 148
3075 149
3075 150
3075 151
3075 152
3075 153
3075 154
3075 155
3075 156
3075 157
3075 158
3075 159
3075 160
3075 161
3075 162
3075 163
3075 164
3075 165
3075 166
3075 167
3075 168
3075 169
3075 170
3075 171
3075 172
3076 150
3076 151
3076 152
3076 153
3076 154
3076 155
3076 156
3076 157
3076 158
3076 159
3076 160
3076 161
3076 162
3076 163
3076 164
3076 165
3076 166
3076 167
3076 168
3076 169
3076 170
3076 171
3076 172
3076 173
3076 174
3076 175
3076 176
3077 154
3077 155
3077 156
3077 157
3077 158
3077 159
3077 160
3077 161
3077 162
3077 163
3077 164
3077 165
3077 166
3077 167
3077 168
3077 169
3077 170
3077 171
3077 172
3077 173
3077 174
3077 175
3077 176
3077 177
3077 178
3077 179
3077 180
3077 181
3078 159
3078 160
3078 161
3078 162
3078 163
3078 164
3078 165
3078 166
3078 167
3078 168
3078 169
3078 170
3078 171
3078 172
3078 173
3078 174
3078 175
3078 176
3078 177
3078 178
3078 179
3078 180
3078 181
3078 182
3078 183
3078 184
3078 185
3079 163
3079 164
3079 165
3079 166
3079 167
3079 168
3079 169
3079 170
3079 171
3079 172
3079 173
3079 174
3079 175
3079 176
3079 177
3079 178
3079 179
3079 180
3079 181
3079 182
3079 183
3079 184
3079 185
3079 186
3079 187
3079 188
3079 189
3080 168
3080 169
3080 170
3080 171
3080 172
3080 173
3080 174
3080 175
3080 176
3080 177
3080 178
3080 179
3080 180
3080 181
3080 182
3080 183
3080 184
3080 185
3080 186
3080 187
3080 188
3080 189
3080 190
3080 191
3080 192
3080 193
3081 172
3081 173
3081 174
3081 175
3081 176
3081 177
3081 178
3081 179
3081 180
3081 181
3081 182
3081 183
3081 184
3081 185
3081 186
3081 187
3081 188
3081 189
3081 190
3081 191
3081 192
3081 193
3081 194
3081 195
3081 196
3081 197
3082 178
3082 179
3082 180
3082 181
3082 182
3082 183
3082 184
3082 185
3082 186
3082 187
3082 188
3082 189
3082 190
3082 191
3082 192
3082 193
3082 194
3082 195
3082 196
3082 197
3082 198
3082 199
3082 200
3083 183
3083 184
3083 185
3083 186
3083 187
3083 188
3083 189
3083 190
3083 191
3083 192
3083 193
3083 194
3083 195
3083 196
3083 197
3083 198
3083 199
3083 200
3083 201
3083 202
3083 203
3084 190
3084 191
3084 192
3084 193
3084 194
3084 195
3084 196
3084 197
3084 198
3084 199
3084 200
3084 201
3084 202
3084 203
3084 204
3084 205
3085 198
3085 199
3085 200
3085 201
3085 202
3085 203
3085 204
3085 205
3098 131
3098 132
3098 133
3098 134
3098 135
3099 131
3099 132
3099 133
3099 134
3099 135
3099 136
3099 137
3099 138
3099 139
3099 140
3099 141
3099 142
3099 143
3100 132
3100 133
3100 134
3100 135
3100 136
3100 137
3100 138
3100 139
3100 140
3100 141
3100 142
3100 143
3100 144
3100 145
3100 146
3100 147
3100 148
3100 149
3100 150
3101 135
3101 136
3101 137
3101 138
3101 139
3101 140
3101 141
3101 142
3101 143
3101 144
3101 145
3101 146
3101 147
3101 148
3101 149
3101 150
3101 151
3101 152
3101 153
3101 154
3101 155
3102 138
3102 139
3102 140
3102 141
3102 142
3102 143
3102 144
3102 145
3102 146
3102 147
3102 148
3102 149
3102 150
3102 151
3102 152
3102 153
3102 154
3102 155
3102 156
3102 157
3102 158
3102 159
3102 160
3102 161
3103 141
3103 142
3103 143
3103 144
3103 145
3103 146
3103 147
3103 148
3103 149
3103 150
3103 151
3103 152
3103 153
3103 154
3103 155
3103 156
3103 157
3103 158
3103 159
3103 160
3103 161
3103 162
3103 163
3103 164
3103 165
3103 166
3104 145
3104 146
3104 147
3104 148
3104 149
3104 150
3104 151
3104 152
3104 153
3104 154
3104 155
3104 156
3104 157
3104 158
3104 159
3104 160
3104 161
3104 162
3104 163
3104 164
3104 165
3104 166
3104 167
3104 168
3104 169
3104 170
3105 149
3105 150
3105 151
3105 152
3105 153
3105 154
3105 155
3105 156
3105 157
3105 158
3105 159
3105 160
3105 161
3105 162
3105 163
3105 164
3105 165
3105 166
3105 167
3105 168
3105 169
3105 170
3105 171
3105 172
3105 173
3105 174
3105 175
3106 153
3106 154
3106 155
3106 156
3106 157
3106 158
3106 159
3106 160
3106 161
3106 162
3106 163
3106 164
3106 165
3106 166
3106 167
3106 168
3106 169
3106 170
3106 171
3106 172
3106 173
3106 174
3106 175
3106 176
3106 177
3106 178
3106 179
3106 180
3107 157
3107 158
3107 159
3107 160
3107 161
3107 162
3107 163
3107 164
3107 165
3107 166
3107 167
3107 168
3107 169
3107 170
3107 171
3107 172
3107 173
3107 174
3107 175
3107 176
3107 177
3107 178
3107 179
3107 180
3107 181
3107 182
3107 183
3107 184
3108 162
3108 163
3108 164
3108 165
3108 166
3108 167
3108 168
3108 169
3108 170
3108 171
3108 172
3108 173
3108 174
3108 175
3108 176
3108 177
3108 178
3108 179
3108 180
3108 181
3108 182
3108 183
3108 184
3108 185
3108 186
3108 187
3108 188
3109 166
3109 167
3109 168
3109 169
3109 170
3109 171
3109 172
3109 173
3109 174
3109 175
3109 176
3109 177
3109 178
3109 179
3109 180
3109 181
3109 182
3109 183
3109 184
3109 185
3109 186
3109 187
3109 188
3109 189
3109 190
3109 191
3109 192
3110 172
3110 173
3110 174
3110 175
3110 176
3110 177
3110 178
3110 179
3110 180
3110 181
3110 182
3110 183
3110 184
3110 185
3110 186
3110 187
3110 188
3110 189
3110 190
3110 191
3110 192
3110 193
3110 194
3110 195
3110 196
3111 177
3111 178
3111 179
3111 180
3111 181
3111 182
3111 183
3111 184
3111 185
3111 186
3111 187
3111 188
3111 189
3111 190
3111 191
3111 192
3111 193
3111 194
3111 195
3111 196
3111 197
3111 198
3111 199
3112 183
3112 184
3112 185
3112 186
3112 187
3112 188
3112 189
3112 190
3112 191
3112 192
3112 193
3112 194
3112 195
3112 196
3112 197
3112 198
3112 199
3112 200
3112 201
3112 202
3113 190
3113 191
3113 192
3113 193
3113 194
3113 195
3113 196
3113 197
3113 198
3113 199
3113 200
3113 201
3113 202
3113 203
3127 128
3127 129
3127 130
3127 131
3127 132
3127 133
3127 134
3127 135
3128 129
3128 130
3128 131
3128 132
3128 133
3128 134
3128 135
3128 136
3128 137
3128 138
3128 139
3128 140
3128 141
3128 142
3129 131
3129 132
3129 133
3129 134
3129 135
3129 136
3129 137
3129 138
3129 139
3129 140
3129 141
3129 142
3129 143
3129 144
3129 145
3129 146
3129 147
3129 148
3130 133
3130 134
3130 135
3130 136
3130 137
3130 138
3130 139
3130 140
3130 141
3130 142
3130 143
3130 144
3130 145
3130 146
3130 147
3130 148
3130 149
3130 150
3130 151
3130 152
3130 153
3130 154
3131 137
3131 138
3131 139
3131 140
3131 141
3131 142
3131 143
3131 144
3131 145
3131 146
3131 147
3131 148
3131 149
3131 150
3131 151
3131 152
3131 153
3131 154
3131 155
3131 156
3131 157
3131 158
3131 159
3132 140
3132 141
3132 142
3132 143
3132 144
3132 145
3132 146
3132 147
3132 148
3132 149
3132 150
3132 151
3132 152
3132 153
3132 154
3132 155
3132 156
3132 157
3132 158
3132 159
3132 160
3132 161
3132 162
3132 163
3132 164
3133 144
3133 145
3133 146
3133 147
3133 148
3133 149
3133 150
3133 151
3133 152
3133 153
3133 154
3133 155
3133 156
3133 157
3133 158
3133 159
3133 160
3133 161
3133 162
3133 163
3133 164
3133 165
3133 166
3133 167
3133 168
3133 169
3134 148
3134 149
3134 150
3134 151
3134 152
3134 153
3134 154
3134 155
3134 156
3134 157
3134 158
3134 159
3134 160
3134 161
3134 162
3134 163
3134 164
3134 165
3134 166
3134 167
3134 168
3134 169
3134 170
3134 171
3134 172
3134 173
3134 174
3135 152
3135 153
3135 154
3135 155
3135 156
3135 157
3135 158
3135 159
3135 160
3135 161
3135 162
3135 163
3135 164
3135 165
3135 166
3135 167
3135 168
3135 169
3135 170
3135 171
3135 172
3135 173
3135 174
3135 175
3135 176
3135 177
3135 178
3136 156
3136 157
3136 158
3136 159
3136 160
3136 161
3136 162
3136 163
3136 164
3136 165
3136 166
3136 167
3136 168
3136 169
3136 170
3136 171
3136 172
3136 173
3136 174
3136 175
3136 176
3136 177
3136 178
3136 179
3136 180
3136 181
3136 182
3136 183
3137 161
3137 162
3137 163
3137 164
3137 165
3137 166
3137 167
3137 168
3137 169
3137 170
3137 171
3137 172
3137 173
3137 174
3137 175
3137 176
3137 177
3137 178
3137 179
3137 180
3137 181
3137 182
3137 183
3137 184
3137 185
3137 186
3137 187
3138 166
3138 167
3138 168
3138 169
3138 170
3138 171
3138 172
3138 173
3138 174
3138 175
3138 176
3138 177
3138 178
3138 179
3138 180
3138 181
3138 182
3138 183
3138 184
3138 185
3138 186
3138 187
3138 188
3138 189
3138 190
3138 191
3139 171
3139 172
3139 173
3139 174
3139 175
3139 176
3139 177
3139 178
3139 179
3139 180
3139 181
3139 182
3139 183
3139 184
3139 185
3139 186
3139 187
3139 188
3139 189
3139 190
3139 191
3139 192
3139 193
3139 194
3140 177
3140 178
3140 179
3140 180
3140 181
3140 182
3140 183
3140 184
3140 185
3140 186
3140 187
3140 188
3140 189
3140 190
3140 191
3140 192
3140 193
3140 194
3140 195
3140 196
3140 197
3141 184
3141 185
3141 186
3141 187
3141 188
3141 189
3141 190
3141 191
3141 192
3141 193
3141 194
3141 195
3141 196
3141 197
3141 198
3141 199
3141 200
3142 193
3142 194
3142 195
3142 196
3142 197
3142 198
3142 199
3156 127
3156 128
3156 129
3156 130
3156 131
3156 132
3156 133
3157 128
3157 129
3157 130
3157 131
3157 132
3157 133
3157 134
3157 135
3157 136
3157 137
3157 138
3157 139
3157 140
3157 141
3158 130
3158 131
3158 132
3158 133
3158 134
3158 135
3158 136
3158 137
3158 138
3158 139
3158 140
3158 141
3158 142
3158 143
3158 144
3158 145
3158 146
3158 147
3159 132
3159 133
3159 134
3159 135
3159 136
3159 137
3159 138
3159 139
3159 140
3159 141
3159 142
3159 143
3159 144
3159 145
3159 146
3159 147
3159 148
3159 149
3159 150
3159 151
3159 152
3159 153
3160 136
3160 137
3160 138
3160 139
3160 140
3160 141
3160 142
3160 143
3160 144
3160 145
3160 146
3160 147
3160 148
3160 149
3160 150
3160 151
3160 152
3160 153
3160 154
3160 155
3160 156
3160 157
3160 158
3161 139
3161 140
3161 141
3161 142
3161 143
3161 144
3161 145
3161 146
3161 147
3161 148
3161 149
3161 150
3161 151
3161 152
3161 153
3161 154
3161 155
3161 156
3161 157
3161 158
3161 159
3161 160
3161 161
3161 162
3161 163
3162 143
3162 144
3162 145
3162 146
3162 147
3162 148
3162 149
3162 150
3162 151
3162 152
3162 153
3162 154
3162 155
3162 156
3162 157
3162 158
3162 159
3162 160
3162 161
3162 162
3162 163
3162 164
3162 165
3162 166
3162 167
3162 168
3163 147
3163 148
3163 149
3163 150
3163 151
3163 152
3163 153
3163 154
3163 155
3163 156
3163 157
3163 158
3163 159
3163 160
3163 161
3163 162
3163 163
3163 164
3163 165
3163 166
3163 167
3163 168
3163 169
3163 170
3163 171
3163 172
3164 151
3164 152
3164 153
3164 154
3164 155
3164 156
3164 157
3164 158
3164 159
3164 160
3164 161
3164 162
3164 163
3164 164
3164 165
3164 166
3164 167
3164 168
3164 169
3164 170
3164 171
3164 172
3164 173
3164 174
3164 175
3164 176
3164 177
3165 156
3165 157
3165 158
3165 159
3165 160
3165 161
3165 162
3165 163
3165 164
3165 165
3165 166
3165 167
3165 168
3165 169
3165 170
3165 171
3165 172
3165 173
3165 174
3165 175
3165 176
3165 177
3165 178
3165 179
3165 180
3165 181
3166 160
3166 161
3166 162
3166 163
3166 164
3166 165
3166 166
3166 167
3166 168
3166 169
3166 170
3166 171
3166 172
3166 173
3166 174
3166 175
3166 176
3166 177
3166 178
3166 179
3166 180
3166 181
3166 182
3166 183
3166 184
3166 185
3167 165
3167 166
3167 167
3167 168
3167 169
3167 170
3167 171
3167 172
3167 173
3167 174
3167 175
3167 176
3167 177
3167 178
3167 179
3167 180
3167 181
3167 182
3167 183
3167 184
3167 185
3167 186
3167 187
3167 188
3167 189
3168 171
3168 172
3168 173
3168 174
3168 175
3168 176
3168 177
3168 178
3168 179
3168 180
3168 181
3168 182
3168 183
3168 184
3168 185
3168 186
3168 187
3168 188
3168 189
3168 190
3168 191
3168 192
3169 177
3169 178
3169 179
3169 180
3169 181
3169 182
3169 183
3169 184
3169 185
3169 186
3169 187
3169 188
3169 189
3169 190
3169 191
3169 192
3169 193
3169 194
3169 195
3170 186
3170 187
3170 188
3170 189
3170 190
3170 191
3170 192
3170 193
3170 194
3170 195
3170 196
3185 128
3185 129
3185 130
3186 127
3186 128
3186 129
3186 130
3186 131
3186 132
3186 133
3186 134
3186 135
3186 136
3186 137
3186 138
3186 139
3187 129
3187 130
3187 131
3187 132
3187 133
3187 134
3187 135
3187 136
3187 137
3187 138
3187 139
3187 140
3187 141
3187 142
3187 143
3187 144
3187 145
3188 132
3188 133
3188 134
3188 135
3188 136
3188 137
3188 138
3188 139
3188 140
3188 141
3188 142
3188 143
3188 144
3188 145
3188 146
3188 147
3188 148
3188 149
3188 150
3188 151
3189 135
3189 136
3189 137
3189 138
3189 139
3189 140
3189 141
3189 142
3189 143
3189 144
3189 145
3189 146
3189 147
3189 148
3189 149
3189 150
3189 151
3189 152
3189 153
3189 154
3189 155
3189 156
3190 138
3190 139
3190 140
3190 141
3190 142
3190 143
3190 144
3190 145
3190 146
3190 147
3190 148
3190 149
3190 150
3190 151
3190 152
3190 153
3190 154
3190 155
3190 156
3190 157
3190 158
3190 159
3190 160
3190 161
3191 142
3191 143
3191 144
3191 145
3191 146
3191 147
3191 148
3191 149
3191 150
3191 151
3191 152
3191 153
3191 154
3191 155
3191 156
3191 157
3191 158
3191 159
3191 160
3191 161
3191 162
3191 163
3191 164
3191 165
3191 166
3192 146
3192 147
3192 148
3192 149
3192 150
3192 151
3192 152
3192 153
3192 154
3192 155
3192 156
3192 157
3192 158
3192 159
3192 160
3192 161
3192 162
3192 163
3192 164
3192 165
3192 166
3192 167
3192 168
3192 169
3192 170
3192 171
3193 151
3193 152
3193 153
3193 154
3193 155
3193 156
3193 157
3193 158
3193 159
3193 160
3193 161
3193 162
3193 163
3193 164
3193 165
3193 166
3193 167
3193 168
3193 169
3193 170
3193 171
3193 172
3193 173
3193 174
3193 175
3194 155
3194 156
3194 157
3194 158
3194 159
3194 160
3194 161
3194 162
3194 163
3194 164
3194 165
3194 166
3194 167
3194 168
3194 169
3194 170
3194 171
3194 172
3194 173
3194 174
3194 175
3194 176
3194 177
3194 178
3194 179
3195 160
3195 161
3195 162
3195 163
3195 164
3195 165
3195 166
3195 167
3195 168
3195 169
3195 170
3195 171
3195 172
3195 173
3195 174
3195 175
3195 176
3195 177
3195 178
3195 179
3195 180
3195 181
3195 182
3195 183
3196 166
3196 167
3196 168
3196 169
3196 170
3196 171
3196 172
3196 173
3196 174
3196 175
3196 176
3196 177
3196 178
3196 179
3196 180
3196 181
3196 182
3196 183
3196 184
3196 185
3196 186
3196 187
3197 172
3197 173
3197 174
3197 175
3197 176
3197 177
3197 178
3197 179
3197 180
3197 181
3197 182
3197 183
3197 184
3197 185
3197 186
3197 187
3197 188
3197 189
3197 190
3198 179
3198 180
3198 181
3198 182
3198 183
3198 184
3198 185
3198 186
3198 187
3198 188
3198 189
3198 190
3198 191
3198 192
3215 128
3215 129
3215 130
3215 131
3215 132
3215 133
3215 134
3215 135
3215 136
3216 129
3216 130
3216 131
3216 132
3216 133
3216 134
3216 135
3216 136
3216 137
3216 138
3216 139
3216 140
3216 141
3216 142
3216 143
3217 132
3217 133
3217 134
3217 135
3217 136
3217 137
3217 138
3217 139
3217 140
3217 141
3217 142
3217 143
3217 144
3217 145
3217 146
3217 147
3217 148
3217 149
3218 135
3218 136
3218 137
3218 138
3218 139
3218 140
3218 141
3218 142
3218 143
3218 144
3218 145
3218 146
3218 147
3218 148
3218 149
3218 150
3218 151
3218 152
3218 153
3218 154
3219 138
3219 139
3219 140
3219 141
3219 142
3219 143
3219 144
3219 145
3219 146
3219 147
3219 148
3219 149
3219 150
3219 151
3219 152
3219 153
3219 154
3219 155
3219 156
3219 157
3219 158
3219 159
3220 142
3220 143
3220 144
3220 145
3220 146
3220 147
3220 148
3220 149
3220 150
3220 151
3220 152
3220 153
3220 154
3220 155
3220 156
3220 157
3220 158
3220 159
3220 160
3220 161
3220 162
3220 163
3220 164
3221 146
3221 147
3221 148
3221 149
3221 150
3221 151
3221 152
3221 153
3221 154
3221 155
3221 156
3221 157
3221 158
3221 159
3221 160
3221 161
3221 162
3221 163
3221 164
3221 165
3221 166
3221 167
3221 168
3222 151
3222 152
3222 153
3222 154
3222 155
3222 156
3222 157
3222 158
3222 159
3222 160
3222 161
3222 162
3222 163
3222 164
3222 165
3222 166
3222 167
3222 168
3222 169
3222 170
3222 171
3222 172
3222 173
3223 155
3223 156
3223 157
3223 158
3223 159
3223 160
3223 161
3223 162
3223 163
3223 164
3223 165
3223 166
3223 167
3223 168
3223 169
3223 170
3223 171
3223 172
3223 173
3223 174
3223 175
3223 176
3223 177
3224 161
3224 162
3224 163
3224 164
3224 165
3224 166
3224 167
3224 168
3224 169
3224 170
3224 171
3224 172
3224 173
3224 174
3224 175
3224 176
3224 177
3224 178
3224 179
3224 180
3224 181
3225 167
3225 168
3225 169
3225 170
3225 171
3225 172
3225 173
3225 174
3225 175
3225 176
3225 177
3225 178
3225 179
3225 180
3225 181
3225 182
3225 183
3225 184
3226 174
3226 175
3226 176
3226 177
3226 178
3226 179
3226 180
3226 181
3226 182
3226 183
3226 184
3226 185
3226 186
3245 131
3245 132
3245 133
3245 134
3245 135
3245 136
3245 137
3245 138
3245 139
3245 140
3246 133
3246 134
3246 135
3246 136
3246 137
3246 138
3246 139
3246 140
3246 141
3246 142
3246 143
3246 144
3246 145
3246 146
3247 136
3247 137
3247 138
3247 139
3247 140
3247 141
3247 142
3247 143
3247 144
3247 145
3247 146
3247 147
3247 148
3247 149
3247 150
3247 151
3248 139
3248 140
3248 141
3248 142
3248 143
3248 144
3248 145
3248 146
3248 147
3248 148
3248 149
3248 150
3248 151
3248 152
3248 153
3248 154
3248 155
3248 156
3248 157
3249 143
3249 144
3249 145
3249 146
3249 147
3249 148
3249 149
3249 150
3249 151
3249 152
3249 153
3249 154
3249 155
3249 156
3249 157
3249 158
3249 159
3249 160
3249 161
3250 147
3250 148
3250 149
3250 150
3250 151
3250 152
3250 153
3250 154
3250 155
3250 156
3250 157
3250 158
3250 159
3250 160
3250 161
3250 162
3250 163
3250 164
3250 165
3250 166
3251 151
3251 152
3251 153
3251 154
3251 155
3251 156
3251 157
3251 158
3251 159
3251 160
3251 161
3251 162
3251 163
3251 164
3251 165
3251 166
3251 167
3251 168
3251 169
3251 170
3252 157
3252 158
3252 159
3252 160
3252 161
3252 162
3252 163
3252 164
3252 165
3252 166
3252 167
3252 168
3252 169
3252 170
3252 171
3252 172
3252 173
3252 174
3253 162
3253 163
3253 164
3253 165
3253 166
3253 167
3253 168
3253 169
3253 170
3253 171
3253 172
3253 173
3253 174
3253 175
3253 176
3253 177
3254 170
3254 171
3254 172
3254 173
3254 174
3254 175
3254 176
3254 177
3254 178
3254 179
3261 238
3261 239
3261 240
3261 241
3261 242
3261 243
3262 239
3262 240
3262 241
3262 242
3262 243
3262 244
3262 245
3262 246
3262 247
3262 248
3262 249
3262 250
3262 251
3263 242
3263 243
3263 244
3263 245
3263 246
3263 247
3263 248
3263 249
3263 250
3263 251
3263 252
3263 253
3263 254
3263 255
3263 256
3263 257
3264 245
3264 246
3264 247
3264 248
3264 249
3264 250
3264 251
3264 252
3264 253
3264 254
3264 255
3264 256
3264 257
3264 258
3264 259
3264 260
3264 261
3264 262
3265 250
3265 251
3265 252
3265 253
3265 254
3265 255
3265 256
3265 257
3265 258
3265 259
3265 260
3265 261
3265 262
3265 263
3265 264
3265 265
3265 266
3266 254
3266 255
3266 256
3266 257
3266 258
3266 259
3266 260
3266 261
3266 262
3266 263
3266 264
3266 265
3266 266
3266 267
3266 268
3266 269
3266 270
3267 259
3267 260
3267 261
3267 262
3267 263
3267 264
3267 265
3267 266
3267 267
3267 268
3267 269
3267 270
3267 271
3267 272
3267 273
3267 274
3268 265
3268 266
3268 267
3268 268
3268 269
3268 270
3268 271
3268 272
3268 273
3268 274
3268 275
3268 276
3269 271
3269 272
3269 273
3269 274
3269 275
3269 276
3269 277
3269 278
3275 135
3275 136
3275 137
3275 138
3275 139
3275 140
3275 141
3275 142
3276 138
3276 139
3276 140
3276 141
3276 142
3276 143
3276 144
3276 145
3276 146
3276 147
3276 148
3277 141
3277 142
3277 143
3277 144
3277 145
3277 146
3277 147
3277 148
3277 149
3277 150
3277 151
3277 152
3277 153
3278 144
3278 145
3278 146
3278 147
3278 148
3278 149
3278 150
3278 151
3278 152
3278 153
3278 154
3278 155
3278 156
3278 157
3278 158
3279 149
3279 150
3279 151
3279 152
3279 153
3279 154
3279 155
3279 156
3279 157
3279 158
3279 159
3279 160
3279 161
3279 162
3280 154
3280 155
3280 156
3280 157
3280 158
3280 159
3280 160
3280 161
3280 162
3280 163
3280 164
3280 165
3280 166
3281 159
3281 160
3281 161
3281 162
3281 163
3281 164
3281 165
3281 166
3281 167
3281 168
3281 169
3289 229
3289 230
3289 231
3289 232
3289 233
3289 234
3289 235
3289 236
3289 237
3289 238
3289 239
3289 240
3289 241
3289 242
3290 231
3290 232
3290 233
3290 234
3290 235
3290 236
3290 237
3290 238
3290 239
3290 240
3290 241
3290 242
3290 243
3290 244
3290 245
3290 246
3290 247
3290 248
3290 249
3291 234
3291 235
3291 236
3291 237
3291 238
3291 239
3291 240
3291 241
3291 242
3291 243
3291 244
3291 245
3291 246
3291 247
3291 248
3291 249
3291 250
3291 251
3291 252
3291 253
3291 254
3291 255
3292 238
3292 239
3292 240
3292 241
3292 242
3292 243
3292 244
3292 245
3292 246
3292 247
3292 248
3292 249
3292 250
3292 251
3292 252
3292 253
3292 254
3292 255
3292 256
3292 257
3292 258
3292 259
3292 260
3293 242
3293 243
3293 244
3293 245
3293 246
3293 247
3293 248
3293 249
3293 250
3293 251
3293 252
3293 253
3293 254
3293 255
3293 256
3293 257
3293 258
3293 259
3293 260
3293 261
3293 262
3293 263
3293 264
3293 265
3294 246
3294 247
3294 248
3294 249
3294 250
3294 251
3294 252
3294 253
3294 254
3294 255
3294 256
3294 257
3294 258
3294 259
3294 260
3294 261
3294 262
3294 263
3294 264
3294 265
3294 266
3294 267
3294 268
3294 269
3295 250
3295 251
3295 252
3295 253
3295 254
3295 255
3295 256
3295 257
3295 258
3295 259
3295 260
3295 261
3295 262
3295 263
3295 264
3295 265
3295 266
3295 267
3295 268
3295 269
3295 270
3295 271
3295 272
3295 273
3296 255
3296 256
3296 257
3296 258
3296 259
3296 260
3296 261
3296 262
3296 263
3296 264
3296 265
3296 266
3296 267
3296 268
3296 269
3296 270
3296 271
3296 272
3296 273
3296 274
3296 275
3296 276
3296 277
3297 260
3297 261
3297 262
3297 263
3297 264
3297 265
3297 266
3297 267
3297 268
3297 269
3297 270
3297 271
3297 272
3297 273
3297 274
3297 275
3297 276
3297 277
3297 278
3297 279
3297 280
3298 265
3298 266
3298 267
3298 268
3298 269
3298 270
3298 271
3298 272
3298 273
3298 274
3298 275
3298 276
3298 277
3298 278
3298 279
3298 280
3298 281
3298 282
3298 283
3299 271
3299 272
3299 273
3299 274
3299 275
3299 276
3299 277
3299 278
3299 279
3299 280
3299 281
3299 282
3299 283
3299 284
3299 285
3300 278
3300 279
3300 280
3300 281
3300 282
3300 283
3300 284
3300 285
3300 286
3317 223
3317 224
3317 225
3317 226
3317 227
3317 228
3317 229
3317 230
3317 231
3317 232
3317 233
3317 234
3317 235
3317 236
3317 237
3317 238
3317 239
3318 225
3318 226
3318 227
3318 228
3318 229
3318 230
3318 231
3318 232
3318 233
3318 234
3318 235
3318 236
3318 237
3318 238
3318 239
3318 240
3318 241
3318 242
3318 243
3318 244
3318 245
3318 246
3319 228
3319 229
3319 230
3319 231
3319 232
3319 233
3319 234
3319 235
3319 236
3319 237
3319 238
3319 239
3319 240
3319 241
3319 242
3319 243
3319 244
3319 245
3319 246
3319 247
3319 248
3319 249
3319 250
3319 251
3319 252
3320 231
3320 232
3320 233
3320 234
3320 235
3320 236
3320 237
3320 238
3320 239
3320 240
3320 241
3320 242
3320 243
3320 244
3320 245
3320 246
3320 247
3320 248
3320 249
3320 250
3320 251
3320 252
3320 253
3320 254
3320 255
3320 256
3320 257
3321 235
3321 236
3321 237
3321 238
3321 239
3321 240
3321 241
3321 242
3321 243
3321 244
3321 245
3321 246
3321 247
3321 248
3321 249
3321 250
3321 251
3321 252
3321 253
3321 254
3321 255
3321 256
3321 257
3321 258
3321 259
3321 260
3321 261
3321 262
3322 239
3322 240
3322 241
3322 242
3322 243
3322 244
3322 245
3322 246
3322 247
3322 248
3322 249
3322 250
3322 251
3322 252
3322 253
3322 254
3322 255
3322 256
3322 257
3322 258
3322 259
3322 260
3322 261
3322 262
3322 263
3322 264
3322 265
3322 266
3323 243
3323 244
3323 245
3323 246
3323 247
3323 248
3323 249
3323 250
3323 251
3323 252
3323 253
3323 254
3323 255
3323 256
3323 257
3323 258
3323 259
3323 260
3323 261
3323 262
3323 263
3323 264
3323 265
3323 266
3323 267
3323 268
3323 269
3323 270
3324 248
3324 249
3324 250
3324 251
3324 252
3324 253
3324 254
3324 255
3324 256
3324 257
3324 258
3324 259
3324 260
3324 261
3324 262
3324 263
3324 264
3324 265
3324 266
3324 267
3324 268
3324 269
3324 270
3324 271
3324 272
3324 273
3324 274
3325 252
3325 253
3325 254
3325 255
3325 256
3325 257
3325 258
3325 259
3325 260
3325 261
3325 262
3325 263
3325 264
3325 265
3325 266
3325 267
3325 268
3325 269
3325 270
3325 271
3325 272
3325 273
3325 274
3325 275
3325 276
3325 277
3325 278
3326 257
3326 258
3326 259
3326 260
3326 261
3326 262
3326 263
3326 264
3326 265
3326 266
3326 267
3326 268
3326 269
3326 270
3326 271
3326 272
3326 273
3326 274
3326 275
3326 276
3326 277
3326 278
3326 279
3326 280
3326 281
3326 282
3327 262
3327 263
3327 264
3327 265
3327 266
3327 267
3327 268
3327 269
3327 270
3327 271
3327 272
3327 273
3327 274
3327 275
3327 276
3327 277
3327 278
3327 279
3327 280
3327 281
3327 282
3327 283
3327 284
3327 285
3328 267
3328 268
3328 269
3328 270
3328 271
3328 272
3328 273
3328 274
3328 275
3328 276
3328 277
3328 278
3328 279
3328 280
3328 281
3328 282
3328 283
3328 284
3328 285
3328 286
3328 287
3328 288
3329 273
3329 274
3329 275
3329 276
3329 277
3329 278
3329 279
3329 280
3329 281
3329 282
3329 283
3329 284
3329 285
3329 286
3329 287
3329 288
3329 289
3329 290
3330 279
3330 280
3330 281
3330 282
3330 283
3330 284
3330 285
3330 286
3330 287
3330 288
3330 289
3330 290
3330 291
3331 288
3331 289
3331 290
3331 291
3345 219
3345 220
3345 221
3345 222
3345 223
3345 224
3345 225
3345 226
3345 227
3345 228
3345 229
3345 230
3345 231
3345 232
3345 233
3345 234
3346 220
3346 221
3346 222
3346 223
3346 224
3346 225
3346 226
3346 227
3346 228
3346 229
3346 230
3346 231
3346 232
3346 233
3346 234
3346 235
3346 236
3346 237
3346 238
3346 239
3346 240
3346 241
3347 223
3347 224
3347 225
3347 226
3347 227
3347 228
3347 229
3347 230
3347 231
3347 232
3347 233
3347 234
3347 235
3347 236
3347 237
3347 238
3347 239
3347 240
3347 241
3347 242
3347 243
3347 244
3347 245
3347 246
3347 247
3348 226
3348 227
3348 228
3348 229
3348 230
3348 231
3348 232
3348 233
3348 234
3348 235
3348 236
3348 237
3348 238
3348 239
3348 240
3348 241
3348 242
3348 243
3348 244
3348 245
3348 246
3348 247
3348 248
3348 249
3348 250
3348 251
3348 252
3348 253
3349 229
3349 230
3349 231
3349 232
3349 233
3349 234
3349 235
3349 236
3349 237
3349 238
3349 239
3349 240
3349 241
3349 242
3349 243
3349 244
3349 245
3349 246
3349 247
3349 248
3349 249
3349 250
3349 251
3349 252
3349 253
3349 254
3349 255
3349 256
3349 257
3349 258
3350 233
3350 234
3350 235
3350 236
3350 237
3350 238
3350 239
3350 240
3350 241
3350 242
3350 243
3350 244
3350 245
3350 246
3350 247
3350 248
3350 249
3350 250
3350 251
3350 252
3350 253
3350 254
3350 255
3350 256
3350 257
3350 258
3350 259
3350 260
3350 261
3350 262
3350 263
3351 237
3351 238
3351 239
3351 240
3351 241
3351 242
3351 243
3351 244
3351 245
3351 246
3351 247
3351 248
3351 249
3351 250
3351 251
3351 252
3351 253
3351 254
3351 255
3351 256
3351 257
3351 258
3351 259
3351 260
3351 261
3351 262
3351 263
3351 264
3351 265
3351 266
3351 267
3352 242
3352 243
3352 244
3352 245
3352 246
3352 247
3352 248
3352 249
3352 250
3352 251
3352 252
3352 253
3352 254
3352 255
3352 256
3352 257
3352 258
3352 259
3352 260
3352 261
3352 262
3352 263
3352 264
3352 265
3352 266
3352 267
3352 268
3352 269
3352 270
3352 271
3353 246
3353 247
3353 248
3353 249
3353 250
3353 251
3353 252
3353 253
3353 254
3353 255
3353 256
3353 257
3353 258
3353 259
3353 260
3353 261
3353 262
3353 263
3353 264
3353 265
3353 266
3353 267
3353 268
3353 269
3353 270
3353 271
3353 272
3353 273
3353 274
3353 275
3354 250
3354 251
3354 252
3354 253
3354 254
3354 255
3354 256
3354 257
3354 258
3354 259
3354 260
3354 261
3354 262
3354 263
3354 264
3354 265
3354 266
3354 267
3354 268
3354 269
3354 270
3354 271
3354 272
3354 273
3354 274
3354 275
3354 276
3354 277
3354 278
3354 279
3355 255
3355 256
3355 257
3355 258
3355 259
3355 260
3355 261
3355 262
3355 263
3355 264
3355 265
3355 266
3355 267
3355 268
3355 269
3355 270
3355 271
3355 272
3355 273
3355 274
3355 275
3355 276
3355 277
3355 278
3355 279
3355 280
3355 281
3355 282
3356 260
3356 261
3356 262
3356 263
3356 264
3356 265
3356 266
3356 267
3356 268
3356 269
3356 270
3356 271
3356 272
3356 273
3356 274
3356 275
3356 276
3356 277
3356 278
3356 279
3356 280
3356 281
3356 282
3356 283
3356 284
3356 285
3356 286
3357 265
3357 266
3357 267
3357 268
3357 269
3357 270
3357 271
3357 272
3357 273
3357 274
3357 275
3357 276
3357 277
3357 278
3357 279
3357 280
3357 281
3357 282
3357 283
3357 284
3357 285
3357 286
3357 287
3357 288
3357 289
3358 270
3358 271
3358 272
3358 273
3358 274
3358 275
3358 276
3358 277
3358 278
3358 279
3358 280
3358 281
3358 282
3358 283
3358 284
3358 285
3358 286
3358 287
3358 288
3358 289
3358 290
3358 291
3359 275
3359 276
3359 277
3359 278
3359 279
3359 280
3359 281
3359 282
3359 283
3359 284
3359 285
3359 286
3359 287
3359 288
3359 289
3359 290
3359 291
3359 292
3359 293
3359 294
3360 281
3360 282
3360 283
3360 284
3360 285
3360 286
3360 287
3360 288
3360 289
3360 290
3360 291
3360 292
3360 293
3360 294
3360 295
3361 289
3361 290
3361 291
3361 292
3361 293
3361 294
3361 295
3373 217
3373 218
3373 219
3373 220
3373 221
3373 222
3373 223
3373 224
3373 225
3373 226
3373 227
3373 228
3374 217
3374 218
3374 219
3374 220
3374 221
3374 222
3374 223
3374 224
3374 225
3374 226
3374 227
3374 228
3374 229
3374 230
3374 231
3374 232
3374 233
3374 234
3374 235
3374 236
3375 218
3375 219
3375 220
3375 221
3375 222
3375 223
3375 224
3375 225
3375 226
3375 227
3375 228
3375 229
3375 230
3375 231
3375 232
3375 233
3375 234
3375 235
3375 236
3375 237
3375 238
3375 239
3375 240
3375 241
3375 242
3375 243
3376 221
3376 222
3376 223
3376 224
3376 225
3376 226
3376 227
3376 228
3376 229
3376 230
3376 231
3376 232
3376 233
3376 234
3376 235
3376 236
3376 237
3376 238
3376 239
3376 240
3376 241
3376 242
3376 243
3376 244
3376 245
3376 246
3376 247
3376 248
3377 224
3377 225
3377 226
3377 227
3377 228
3377 229
3377 230
3377 231
3377 232
3377 233
3377 234
3377 235
3377 236
3377 237
3377 238
3377 239
3377 240
3377 241
3377 242
3377 243
3377 244
3377 245
3377 246
3377 247
3377 248
3377 249
3377 250
3377 251
3377 252
3377 253
3378 228
3378 229
3378 230
3378 231
3378 232
3378 233
3378 234
3378 235
3378 236
3378 237
3378 238
3378 239
3378 240
3378 241
3378 242
3378 243
3378 244
3378 245
3378 246
3378 247
3378 248
3378 249
3378 250
3378 251
3378 252
3378 253
3378 254
3378 255
3378 256
3378 257
3378 258
3379 232
3379 233
3379 234
3379 235
3379 236
3379 237
3379 238
3379 239
3379 240
3379 241
3379 242
3379 243
3379 244
3379 245
3379 246
3379 247
3379 248
3379 249
3379 250
3379 251
3379 252
3379 253
3379 254
3379 255
3379 256
3379 257
3379 258
3379 259
3379 260
3379 261
3379 262
3379 263
3380 236
3380 237
3380 238
3380 239
3380 240
3380 241
3380 242
3380 243
3380 244
3380 245
3380 246
3380 247
3380 248
3380 249
3380 250
3380 251
3380 252
3380 253
3380 254
3380 255
3380 256
3380 257
3380 258
3380 259
3380 260
3380 261
3380 262
3380 263
3380 264
3380 265
3380 266
3380 267
3381 240
3381 241
3381 242
3381 243
3381 244
3381 245
3381 246
3381 247
3381 248
3381 249
3381 250
3381 251
3381 252
3381 253
3381 254
3381 255
3381 256
3381 257
3381 258
3381 259
3381 260
3381 261
3381 262
3381 263
3381 264
3381 265
3381 266
3381 267
3381 268
3381 269
3381 270
3381 271
3382 244
3382 245
3382 246
3382 247
3382 248
3382 249
3382 250
3382 251
3382 252
3382 253
3382 254
3382 255
3382 256
3382 257
3382 258
3382 259
3382 260
3382 261
3382 262
3382 263
3382 264
3382 265
3382 266
3382 267
3382 268
3382 269
3382 270
3382 271
3382 272
3382 273
3382 274
3382 275
3383 249
3383 250
3383 251
3383 252
3383 253
3383 254
3383 255
3383 256
3383 257
3383 258
3383 259
3383 260
3383 261
3383 262
3383 263
3383 264
3383 265
3383 266
3383 267
3383 268
3383 269
3383 270
3383 271
3383 272
3383 273
3383 274
3383 275
3383 276
3383 277
3383 278
3383 279
3384 253
3384 254
3384 255
3384 256
3384 257
3384 258
3384 259
3384 260
3384 261
3384 262
3384 263
3384 264
3384 265
3384 266
3384 267
3384 268
3384 269
3384 270
3384 271
3384 272
3384 273
3384 274
3384 275
3384 276
3384 277
3384 278
3384 279
3384 280
3384 281
3384 282
3384 283
3385 258
3385 259
3385 260
3385 261
3385 262
3385 263
3385 264
3385 265
3385 266
3385 267
3385 268
3385 269
3385 270
3385 271
3385 272
3385 273
3385 274
3385 275
3385 276
3385 277
3385 278
3385 279
3385 280
3385 281
3385 282
3385 283
3385 284
3385 285
3385 286
3386 262
3386 263
3386 264
3386 265
3386 266
3386 267
3386 268
3386 269
3386 270
3386 271
3386 272
3386 273
3386 274
3386 275
3386 276
3386 277
3386 278
3386 279
3386 280
3386 281
3386 282
3386 283
3386 284
3386 285
3386 286
3386 287
3386 288
3386 289
3387 267
3387 268
3387 269
3387 270
3387 271
3387 272
3387 273
3387 274
3387 275
3387 276
3387 277
3387 278
3387 279
3387 280
3387 281
3387 282
3387 283
3387 284
3387 285
3387 286
3387 287
3387 288
3387 289
3387 290
3387 291
3387 292
3388 273
3388 274
3388 275
3388 276
3388 277
3388 278
3388 279
3388 280
3388 281
3388 282
3388 283
3388 284
3388 285
3388 286
3388 287
3388 288
3388 289
3388 290
3388 291
3388 292
3388 293
3388 294
3388 295
3389 278
3389 279
3389 280
3389 281
3389 282
3389 283
3389 284
3389 285
3389 286
3389 287
3389 288
3389 289
3389 290
3389 291
3389 292
3389 293
3389 294
3389 295
3389 296
3389 297
3390 284
3390 285
3390 286
3390 287
3390 288
3390 289
3390 290
3390 291
3390 292
3390 293
3390 294
3390 295
3390 296
3390 297
3390 298
3391 292
3391 293
3391 294
3391 295
3391 296
3391 297
3391 298
3402 214
3402 215
3402 216
3402 217
3402 218
3402 219
3402 220
3402 221
3402 222
3402 223
3402 224
3402 225
3402 226
3402 227
3402 228
3402 229
3402 230
3403 215
3403 216
3403 217
3403 218
3403 219
3403 220
3403 221
3403 222
3403 223
3403 224
3403 225
3403 226
3403 227
3403 228
3403 229
3403 230
3403 231
3403 232
3403 233
3403 234
3403 235
3403 236
3403 237
3404 217
3404 218
3404 219
3404 220
3404 221
3404 222
3404 223
3404 224
3404 225
3404 226
3404 227
3404 228
3404 229
3404 230
3404 231
3404 232
3404 233
3404 234
3404 235
3404 236
3404 237
3404 238
3404 239
3404 240
3404 241
3404 242
3404 243
3405 220
3405 221
3405 222
3405 223
3405 224
3405 225
3405 226
3405 227
3405 228
3405 229
3405 230
3405 231
3405 232
3405 233
3405 234
3405 235
3405 236
3405 237
3405 238
3405 239
3405 240
3405 241
3405 242
3405 243
3405 244
3405 245
3405 246
3405 247
3405 248
3406 223
3406 224
3406 225
3406 226
3406 227
3406 228
3406 229
3406 230
3406 231
3406 232
3406 233
3406 234
3406 235
3406 236
3406 237
3406 238
3406 239
3406 240
3406 241
3406 242
3406 243
3406 244
3406 245
3406 246
3406 247
3406 248
3406 249
3406 250
3406 251
3406 252
3406 253
3407 227
3407 228
3407 229
3407 230
3407 231
3407 232
3407 233
3407 234
3407 235
3407 236
3407 237
3407 238
3407 239
3407 240
3407 241
3407 242
3407 243
3407 244
3407 245
3407 246
3407 247
3407 248
3407 249
3407 250
3407 251
3407 252
3407 253
3407 254
3407 255
3407 256
3407 257
3407 258
3408 230
3408 231
3408 232
3408 233
3408 234
3408 235
3408 236
3408 237
3408 238
3408 239
3408 240
3408 241
3408 242
3408 243
3408 244
3408 245
3408 246
3408 247
3408 248
3408 249
3408 250
3408 251
3408 252
3408 253
3408 254
3408 255
3408 256
3408 257
3408 258
3408 259
3408 260
3408 261
3408 262
3408 263
3409 234
3409 235
3409 236
3409 237
3409 238
3409 239
3409 240
3409 241
3409 242
3409 243
3409 244
3409 245
3409 246
3409 247
3409 248
3409 249
3409 250
3409 251
3409 252
3409 253
3409 254
3409 255
3409 256
3409 257
3409 258
3409 259
3409 260
3409 261
3409 262
3409 263
3409 264
3409 265
3409 266
3409 267
3410 239
3410 240
3410 241
3410 242
3410 243
3410 244
3410 245
3410 246
3410 247
3410 248
3410 249
3410 250
3410 251
3410 252
3410 253
3410 254
3410 255
3410 256
3410 257
3410 258
3410 259
3410 260
3410 261
3410 262
3410 263
3410 264
3410 265
3410 266
3410 267
3410 268
3410 269
3410 270
3410 271
3411 243
3411 244
3411 245
3411 246
3411 247
3411 248
3411 249
3411 250
3411 251
3411 252
3411 253
3411 254
3411 255
3411 256
3411 257
3411 258
3411 259
3411 260
3411 261
3411 262
3411 263
3411 264
3411 265
3411 266
3411 267
3411 268
3411 269
3411 270
3411 271
3411 272
3411 273
3411 274
3411 275
3412 247
3412 248
3412 249
3412 250
3412 251
3412 252
3412 253
3412 254
3412 255
3412 256
3412 257
3412 258
3412 259
3412 260
3412 261
3412 262
3412 263
3412 264
3412 265
3412 266
3412 267
3412 268
3412 269
3412 270
3412 271
3412 272
3412 273
3412 274
3412 275
3412 276
3412 277
3412 278
3412 279
3413 251
3413 252
3413 253
3413 254
3413 255
3413 256
3413 257
3413 258
3413 259
3413 260
3413 261
3413 262
3413 263
3413 264
3413 265
3413 266
3413 267
3413 268
3413 269
3413 270
3413 271
3413 272
3413 273
3413 274
3413 275
3413 276
3413 277
3413 278
3413 279
3413 280
3413 281
3413 282
3413 283
3414 256
3414 257
3414 258
3414 259
3414 260
3414 261
3414 262
3414 263
3414 264
3414 265
3414 266
3414 267
3414 268
3414 269
3414 270
3414 271
3414 272
3414 273
3414 274
3414 275
3414 276
3414 277
3414 278
3414 279
3414 280
3414 281
3414 282
3414 283
3414 284
3414 285
3414 286
3415 261
3415 262
3415 263
3415 264
3415 265
3415 266
3415 267
3415 268
3415 269
3415 270
3415 271
3415 272
3415 273
3415 274
3415 275
3415 276
3415 277
3415 278
3415 279
3415 280
3415 281
3415 282
3415 283
3415 284
3415 285
3415 286
3415 287
3415 288
3415 289
3416 265
3416 266
3416 267
3416 268
3416 269
3416 270
3416 271
3416 272
3416 273
3416 274
3416 275
3416 276
3416 277
3416 278
3416 279
3416 280
3416 281
3416 282
3416 283
3416 284
3416 285
3416 286
3416 287
3416 288
3416 289
3416 290
3416 291
3416 292
3417 270
3417 271
3417 272
3417 273
3417 274
3417 275
3417 276
3417 277
3417 278
3417 279
3417 280
3417 281
3417 282
3417 283
3417 284
3417 285
3417 286
3417 287
3417 288
3417 289
3417 290
3417 291
3417 292
3417 293
3417 294
3417 295
3418 276
3418 277
3418 278
3418 279
3418 280
3418 281
3418 282
3418 283
3418 284
3418 285
3418 286
3418 287
3418 288
3418 289
3418 290
3418 291
3418 292
3418 293
3418 294
3418 295
3418 296
3418 297
3418 298
3419 281
3419 282
3419 283
3419 284
3419 285
3419 286
3419 287
3419 288
3419 289
3419 290
3419 291
3419 292
3419 293
3419 294
3419 295
3419 296
3419 297
3419 298
3419 299
3419 300
3420 288
3420 289
3420 290
3420 291
3420 292
3420 293
3420 294
3420 295
3420 296
3420 297
3420 298
3420 299
3420 300
3420 301
3430 215
3430 216
3430 217
3430 218
3430 219
3430 220
3430 221
3431 213
3431 214
3431 215
3431 216
3431 217
3431 218
3431 219
3431 220
3431 221
3431 222
3431 223
3431 224
3431 225
3431 226
3431 227
3431 228
3431 229
3431 230
3432 214
3432 215
3432 216
3432 217
3432 218
3432 219
3432 220
3432 221
3432 222
3432 223
3432 224
3432 225
3432 226
3432 227
3432 228
3432 229
3432 230
3432 231
3432 232
3432 233
3432 234
3432 235
3432 236
3432 237
3433 216
3433 217
3433 218
3433 219
3433 220
3433 221
3433 222
3433 223
3433 224
3433 225
3433 226
3433 227
3433 228
3433 229
3433 230
3433 231
3433 232
3433 233
3433 234
3433 235
3433 236
3433 237
3433 238
3433 239
3433 240
3433 241
3433 242
3433 243
3434 219
3434 220
3434 221
3434 222
3434 223
3434 224
3434 225
3434 226
3434 227
3434 228
3434 229
3434 230
3434 231
3434 232
3434 233
3434 234
3434 235
3434 236
3434 237
3434 238
3434 239
3434 240
3434 241
3434 242
3434 243
3434 244
3434 245
3434 246
3434 247
3434 248
3435 222
3435 223
3435 224
3435 225
3435 226
3435 227
3435 228
3435 229
3435 230
3435 231
3435 232
3435 233
3435 234
3435 235
3435 236
3435 237
3435 238
3435 239
3435 240
3435 241
3435 242
3435 243
3435 244
3435 245
3435 246
3435 247
3435 248
3435 249
3435 250
3435 251
3435 252
3435 253
3436 226
3436 227
3436 228
3436 229
3436 230
3436 231
3436 232
3436 233
3436 234
3436 235
3436 236
3436 237
3436 238
3436 239
3436 240
3436 241
3436 242
3436 243
3436 244
3436 245
3436 246
3436 247
3436 248
3436 249
3436 250
3436 251
3436 252
3436 253
3436 254
3436 255
3436 256
3436 257
3436 258
3437 229
3437 230
3437 231
3437 232
3437 233
3437 234
3437 235
3437 236
3437 237
3437 238
3437 239
3437 240
3437 241
3437 242
3437 243
3437 244
3437 245
3437 246
3437 247
3437 248
3437 249
3437 250
3437 251
3437 252
3437 253
3437 254
3437 255
3437 256
3437 257
3437 258
3437 259
3437 260
3437 261
3437 262
3438 233
3438 234
3438 235
3438 236
3438 237
3438 238
3438 239
3438 240
3438 241
3438 242
3438 243
3438 244
3438 245
3438 246
3438 247
3438 248
3438 249
3438 250
3438 251
3438 252
3438 253
3438 254
3438 255
3438 256
3438 257
3438 258
3438 259
3438 260
3438 261
3438 262
3438 263
3438 264
3438 265
3438 266
3439 237
3439 238
3439 239
3439 240
3439 241
3439 242
3439 243
3439 244
3439 245
3439 246
3439 247
3439 248
3439 249
3439 250
3439 251
3439 252
3439 253
3439 254
3439 255
3439 256
3439 257
3439 258
3439 259
3439 260
3439 261
3439 262
3439 263
3439 264
3439 265
3439 266
3439 267
3439 268
3439 269
3439 270
3439 271
3440 241
3440 242
3440 243
3440 244
3440 245
3440 246
3440 247
3440 248
3440 249
3440 250
3440 251
3440 252
3440 253
3440 254
3440 255
3440 256
3440 257
3440 258
3440 259
3440 260
3440 261
3440 262
3440 263
3440 264
3440 265
3440 266
3440 267
3440 268
3440 269
3440 270
3440 271
3440 272
3440 273
3440 274
3440 275
3441 246
3441 247
3441 248
3441 249
3441 250
3441 251
3441 252
3441 253
3441 254
3441 255
3441 256
3441 257
3441 258
3441 259
3441 260
3441 261
3441 262
3441 263
3441 264
3441 265
3441 266
3441 267
3441 268
3441 269
3441 270
3441 271
3441 272
3441 273
3441 274
3441 275
3441 276
3441 277
3441 278
3442 250
3442 251
3442 252
3442 253
3442 254
3442 255
3442 256
3442 257
3442 258
3442 259
3442 260
3442 261
3442 262
3442 263
3442 264
3442 265
3442 266
3442 267
3442 268
3442 269
3442 270
3442 271
3442 272
3442 273
3442 274
3442 275
3442 276
3442 277
3442 278
3442 279
3442 280
3442 281
3442 282
3443 255
3443 256
3443 257
3443 258
3443 259
3443 260
3443 261
3443 262
3443 263
3443 264
3443 265
3443 266
3443 267
3443 268
3443 269
3443 270
3443 271
3443 272
3443 273
3443 274
3443 275
3443 276
3443 277
3443 278
3443 279
3443 280
3443 281
3443 282
3443 283
3443 284
3443 285
3443 286
3444 259
3444 260
3444 261
3444 262
3444 263
3444 264
3444 265
3444 266
3444 267
3444 268
3444 269
3444 270
3444 271
3444 272
3444 273
3444 274
3444 275
3444 276
3444 277
3444 278
3444 279
3444 280
3444 281
3444 282
3444 283
3444 284
3444 285
3444 286
3444 287
3444 288
3444 289
3445 264
3445 265
3445 266
3445 267
3445 268
3445 269
3445 270
3445 271
3445 272
3445 273
3445 274
3445 275
3445 276
3445 277
3445 278
3445 279
3445 280
3445 281
3445 282
3445 283
3445 284
3445 285
3445 286
3445 287
3445 288
3445 289
3445 290
3445 291
3445 292
3446 269
3446 270
3446 271
3446 272
3446 273
3446 274
3446 275
3446 276
3446 277
3446 278
3446 279
3446 280
3446 281
3446 282
3446 283
3446 284
3446 285
3446 286
3446 287
3446 288
3446 289
3446 290
3446 291
3446 292
3446 293
3446 294
3446 295
3447 274
3447 275
3447 276
3447 277
3447 278
3447 279
3447 280
3447 281
3447 282
3447 283
3447 284
3447 285
3447 286
3447 287
3447 288
3447 289
3447 290
3447 291
3447 292
3447 293
3447 294
3447 295
3447 296
3447 297
3447 298
3448 279
3448 280
3448 281
3448 282
3448 283
3448 284
3448 285
3448 286
3448 287
3448 288
3448 289
3448 290
3448 291
3448 292
3448 293
3448 294
3448 295
3448 296
3448 297
3448 298
3448 299
3448 300
3449 285
3449 286
3449 287
3449 288
3449 289
3449 290
3449 291
3449 292
3449 293
3449 294
3449 295
3449 296
3449 297
3449 298
3449 299
3449 300
3449 301
3449 302
3450 292
3450 293
3450 294
3450 295
3450 296
3450 297
3450 298
3450 299
3450 300
3450 301
3450 302
3459 212
3459 213
3459 214
3459 215
3459 216
3459 217
3459 218
3459 219
3459 220
3459 221
3459 222
3460 212
3460 213
3460 214
3460 215
3460 216
3460 217
3460 218
3460 219
3460 220
3460 221
3460 222
3460 223
3460 224
3460 225
3460 226
3460 227
3460 228
3460 229
3460 230
3461 213
3461 214
3461 215
3461 216
3461 217
3461 218
3461 219
3461 220
3461 221
3461 222
3461 223
3461 224
3461 225
3461 226
3461 227
3461 228
3461 229
3461 230
3461 231
3461 232
3461 233
3461 234
3461 235
3461 236
3461 237
3462 215
3462 216
3462 217
3462 218
3462 219
3462 220
3462 221
3462 222
3462 223
3462 224
3462 225
3462 226
3462 227
3462 228
3462 229
3462 230
3462 231
3462 232
3462 233
3462 234
3462 235
3462 236
3462 237
3462 238
3462 239
3462 240
3462 241
3462 242
3463 218
3463 219
3463 220
3463 221
3463 222
3463 223
3463 224
3463 225
3463 226
3463 227
3463 228
3463 229
3463 230
3463 231
3463 232
3463 233
3463 234
3463 235
3463 236
3463 237
3463 238
3463 239
3463 240
3463 241
3463 242
3463 243
3463 244
3463 245
3463 246
3463 247
3464 221
3464 222
3464 223
3464 224
3464 225
3464 226
3464 227
3464 228
3464 229
3464 230
3464 231
3464 232
3464 233
3464 234
3464 235
3464 236
3464 237
3464 238
3464 239
3464 240
3464 241
3464 242
3464 243
3464 244
3464 245
3464 246
3464 247
3464 248
3464 249
3464 250
3464 251
3464 252
3465 225
3465 226
3465 227
3465 228
3465 229
3465 230
3465 231
3465 232
3465 233
3465 234
3465 235
3465 236
3465 237
3465 238
3465 239
3465 240
3465 241
3465 242
3465 243
3465 244
3465 245
3465 246
3465 247
3465 248
3465 249
3465 250
3465 251
3465 252
3465 253
3465 254
3465 255
3465 256
3465 257
3466 228
3466 229
3466 230
3466 231
3466 232
3466 233
3466 234
3466 235
3466 236
3466 237
3466 238
3466 239
3466 240
3466 241
3466 242
3466 243
3466 244
3466 245
3466 246
3466 247
3466 248
3466 249
3466 250
3466 251
3466 252
3466 253
3466 254
3466 255
3466 256
3466 257
3466 258
3466 259
3466 260
3466 261
3467 232
3467 233
3467 234
3467 235
3467 236
3467 237
3467 238
3467 239
3467 240
3467 241
3467 242
3467 243
3467 244
3467 245
3467 246
3467 247
3467 248
3467 249
3467 250
3467 251
3467 252
3467 253
3467 254
3467 255
3467 256
3467 257
3467 258
3467 259
3467 260
3467 261
3467 262
3467 263
3467 264
3467 265
3467 266
3468 236
3468 237
3468 238
3468 239
3468 240
3468 241
3468 242
3468 243
3468 244
3468 245
3468 246
3468 247
3468 248
3468 249
3468 250
3468 251
3468 252
3468 253
3468 254
3468 255
3468 256
3468 257
3468 258
3468 259
3468 260
3468 261
3468 262
3468 263
3468 264
3468 265
3468 266
3468 267
3468 268
3468 269
3468 270
3469 240
3469 241
3469 242
3469 243
3469 244
3469 245
3469 246
3469 247
3469 248
3469 249
3469 250
3469 251
3469 252
3469 253
3469 254
3469 255
3469 256
3469 257
3469 258
3469 259
3469 260
3469 261
3469 262
3469 263
3469 264
3469 265
3469 266
3469 267
3469 268
3469 269
3469 270
3469 271
3469 272
3469 273
3469 274
3470 244
3470 245
3470 246
3470 247
3470 248
3470 249
3470 250
3470 251
3470 252
3470 253
3470 254
3470 255
3470 256
3470 257
3470 258
3470 259
3470 260
3470 261
3470 262
3470 263
3470 264
3470 265
3470 266
3470 267
3470 268
3470 269
3470 270
3470 271
3470 272
3470 273
3470 274
3470 275
3470 276
3470 277
3470 278
3471 249
3471 250
3471 251
3471 252
3471 253
3471 254
3471 255
3471 256
3471 257
3471 258
3471 259
3471 260
3471 261
3471 262
3471 263
3471 264
3471 265
3471 266
3471 267
3471 268
3471 269
3471 270
3471 271
3471 272
3471 273
3471 274
3471 275
3471 276
3471 277
3471 278
3471 279
3471 280
3471 281
3471 282
3472 253
3472 254
3472 255
3472 256
3472 257
3472 258
3472 259
3472 260
3472 261
3472 262
3472 263
3472 264
3472 265
3472 266
3472 267
3472 268
3472 269
3472 270
3472 271
3472 272
3472 273
3472 274
3472 275
3472 276
3472 277
3472 278
3472 279
3472 280
3472 281
3472 282
3472 283
3472 284
3472 285
3473 258
3473 259
3473 260
3473 261
3473 262
3473 263
3473 264
3473 265
3473 266
3473 267
3473 268
3473 269
3473 270
3473 271
3473 272
3473 273
3473 274
3473 275
3473 276
3473 277
3473 278
3473 279
3473 280
3473 281
3473 282
3473 283
3473 284
3473 285
3473 286
3473 287
3473 288
3473 289
3474 262
3474 263
3474 264
3474 265
3474 266
3474 267
3474 268
3474 269
3474 270
3474 271
3474 272
3474 273
3474 274
3474 275
3474 276
3474 277
3474 278
3474 279
3474 280
3474 281
3474 282
3474 283
3474 284
3474 285
3474 286
3474 287
3474 288
3474 289
3474 290
3474 291
3474 292
3475 267
3475 268
3475 269
3475 270
3475 271
3475 272
3475 273
3475 274
3475 275
3475 276
3475 277
3475 278
3475 279
3475 280
3475 281
3475 282
3475 283
3475 284
3475 285
3475 286
3475 287
3475 288
3475 289
3475 290
3475 291
3475 292
3475 293
3475 294
3475 295
3476 272
3476 273
3476 274
3476 275
3476 276
3476 277
3476 278
3476 279
3476 280
3476 281
3476 282
3476 283
3476 284
3476 285
3476 286
3476 287
3476 288
3476 289
3476 290
3476 291
3476 292
3476 293
3476 294
3476 295
3476 296
3476 297
3476 298
3477 277
3477 278
3477 279
3477 280
3477 281
3477 282
3477 283
3477 284
3477 285
3477 286
3477 287
3477 288
3477 289
3477 290
3477 291
3477 292
3477 293
3477 294
3477 295
3477 296
3477 297
3477 298
3477 299
3477 300
3478 283
3478 284
3478 285
3478 286
3478 287
3478 288
3478 289
3478 290
3478 291
3478 292
3478 293
3478 294
3478 295
3478 296
3478 297
3478 298
3478 299
3478 300
3478 301
3478 302
3479 289
3479 290
3479 291
3479 292
3479 293
3479 294
3479 295
3479 296
3479 297
3479 298
3479 299
3479 300
3479 301
3479 302
3479 303
3480 298
3480 299
3480 300
3480 301
3480 302
3488 211
3488 212
3488 213
3488 214
3488 215
3488 216
3488 217
3488 218
3488 219
3488 220
3488 221
3488 222
3489 211
3489 212
3489 213
3489 214
3489 215
3489 216
3489 217
3489 218
3489 219
3489 220
3489 221
3489 222
3489 223
3489 224
3489 225
3489 226
3489 227
3489 228
3489 229
3489 230
3490 212
3490 213
3490 214
3490 215
3490 216
3490 217
3490 218
3490 219
3490 220
3490 221
3490 222
3490 223
3490 224
3490 225
3490 226
3490 227
3490 228
3490 229
3490 230
3490 231
3490 232
3490 233
3490 234
3490 235
3490 236
3491 214
3491 215
3491 216
3491 217
3491 218
3491 219
3491 220
3491 221
3491 222
3491 223
3491 224
3491 225
3491 226
3491 227
3491 228
3491 229
3491 230
3491 231
3491 232
3491 233
3491 234
3491 235
3491 236
3491 237
3491 238
3491 239
3491 240
3491 241
3492 217
3492 218
3492 219
3492 220
3492 221
3492 222
3492 223
3492 224
3492 225
3492 226
3492 227
3492 228
3492 229
3492 230
3492 231
3492 232
3492 233
3492 234
3492 235
3492 236
3492 237
3492 238
3492 239
3492 240
3492 241
3492 242
3492 243
3492 244
3492 245
3492 246
3492 247
3493 220
3493 221
3493 222
3493 223
3493 224
3493 225
3493 226
3493 227
3493 228
3493 229
3493 230
3493 231
3493 232
3493 233
3493 234
3493 235
3493 236
3493 237
3493 238
3493 239
3493 240
3493 241
3493 242
3493 243
3493 244
3493 245
3493 246
3493 247
3493 248
3493 249
3493 250
3493 251
3494 224
3494 225
3494 226
3494 227
3494 228
3494 229
3494 230
3494 231
3494 232
3494 233
3494 234
3494 235
3494 236
3494 237
3494 238
3494 239
3494 240
3494 241
3494 242
3494 243
3494 244
3494 245
3494 246
3494 247
3494 248
3494 249
3494 250
3494 251
3494 252
3494 253
3494 254
3494 255
3494 256
3495 227
3495 228
3495 229
3495 230
3495 231
3495 232
3495 233
3495 234
3495 235
3495 236
3495 237
3495 238
3495 239
3495 240
3495 241
3495 242
3495 243
3495 244
3495 245
3495 246
3495 247
3495 248
3495 249
3495 250
3495 251
3495 252
3495 253
3495 254
3495 255
3495 256
3495 257
3495 258
3495 259
3495 260
3496 231
3496 232
3496 233
3496 234
3496 235
3496 236
3496 237
3496 238
3496 239
3496 240
3496 241
3496 242
3496 243
3496 244
3496 245
3496 246
3496 247
3496 248
3496 249
3496 250
3496 251
3496 252
3496 253
3496 254
3496 255
3496 256
3496 257
3496 258
3496 259
3496 260
3496 261
3496 262
3496 263
3496 264
3496 265
3497 235
3497 236
3497 237
3497 238
3497 239
3497 240
3497 241
3497 242
3497 243
3497 244
3497 245
3497 246
3497 247
3497 248
3497 249
3497 250
3497 251
3497 252
3497 253
3497 254
3497 255
3497 256
3497 257
3497 258
3497 259
3497 260
3497 261
3497 262
3497 263
3497 264
3497 265
3497 266
3497 267
3497 268
3497 269
3498 239
3498 240
3498 241
3498 242
3498 243
3498 244
3498 245
3498 246
3498 247
3498 248
3498 249
3498 250
3498 251
3498 252
3498 253
3498 254
3498 255
3498 256
3498 257
3498 258
3498 259
3498 260
3498 261
3498 262
3498 263
3498 264
3498 265
3498 266
3498 267
3498 268
3498 269
3498 270
3498 271
3498 272
3498 273
3499 243
3499 244
3499 245
3499 246
3499 247
3499 248
3499 249
3499 250
3499 251
3499 252
3499 253
3499 254
3499 255
3499 256
3499 257
3499 258
3499 259
3499 260
3499 261
3499 262
3499 263
3499 264
3499 265
3499 266
3499 267
3499 268
3499 269
3499 270
3499 271
3499 272
3499 273
3499 274
3499 275
3499 276
3499 277
3500 248
3500 249
3500 250
3500 251
3500 252
3500 253
3500 254
3500 255
3500 256
3500 257
3500 258
3500 259
3500 260
3500 261
3500 262
3500 263
3500 264
3500 265
3500 266
3500 267
3500 268
3500 269
3500 270
3500 271
3500 272
3500 273
3500 274
3500 275
3500 276
3500 277
3500 278
3500 279
3500 280
3500 281
3501 252
3501 253
3501 254
3501 255
3501 256
3501 257
3501 258
3501 259
3501 260
3501 261
3501 262
3501 263
3501 264
3501 265
3501 266
3501 267
3501 268
3501 269
3501 270
3501 271
3501 272
3501 273
3501 274
3501 275
3501 276
3501 277
3501 278
3501 279
3501 280
3501 281
3501 282
3501 283
3501 284
3502 256
3502 257
3502 258
3502 259
3502 260
3502 261
3502 262
3502 263
3502 264
3502 265
3502 266
3502 267
3502 268
3502 269
3502 270
3502 271
3502 272
3502 273
3502 274
3502 275
3502 276
3502 277
3502 278
3502 279
3502 280
3502 281
3502 282
3502 283
3502 284
3502 285
3502 286
3502 287
3502 288
3503 261
3503 262
3503 263
3503 264
3503 265
3503 266
3503 267
3503 268
3503 269
3503 270
3503 271
3503 272
3503 273
3503 274
3503 275
3503 276
3503 277
3503 278
3503 279
3503 280
3503 281
3503 282
3503 283
3503 284
3503 285
3503 286
3503 287
3503 288
3503 289
3503 290
3503 291
3504 266
3504 267
3504 268
3504 269
3504 270
3504 271
3504 272
3504 273
3504 274
3504 275
3504 276
3504 277
3504 278
3504 279
3504 280
3504 281
3504 282
3504 283
3504 284
3504 285
3504 286
3504 287
3504 288
3504 289
3504 290
3504 291
3504 292
3504 293
3504 294
3505 270
3505 271
3505 272
3505 273
3505 274
3505 275
3505 276
3505 277
3505 278
3505 279
3505 280
3505 281
3505 282
3505 283
3505 284
3505 285
3505 286
3505 287
3505 288
3505 289
3505 290
3505 291
3505 292
3505 293
3505 294
3505 295
3505 296
3505 297
3506 276
3506 277
3506 278
3506 279
3506 280
3506 281
3506 282
3506 283
3506 284
3506 285
3506 286
3506 287
3506 288
3506 289
3506 290
3506 291
3506 292
3506 293
3506 294
3506 295
3506 296
3506 297
3506 298
3506 299
3506 300
3507 281
3507 282
3507 283
3507 284
3507 285
3507 286
3507 287
3507 288
3507 289
3507 290
3507 291
3507 292
3507 293
3507 294
3507 295
3507 296
3507 297
3507 298
3507 299
3507 300
3507 301
3507 302
3508 287
3508 288
3508 289
3508 290
3508 291
3508 292
3508 293
3508 294
3508 295
3508 296
3508 297
3508 298
3508 299
3508 300
3508 301
3508 302
3508 303
3509 294
3509 295
3509 296
3509 297
3509 298
3509 299
3509 300
3509 301
3509 302
3509 303
3517 211
3517 212
3517 213
3517 214
3517 215
3517 216
3517 217
3517 218
3517 219
3517 220
3517 221
3518 210
3518 211
3518 212
3518 213
3518 214
3518 215
3518 216
3518 217
3518 218
3518 219
3518 220
3518 221
3518 222
3518 223
3518 224
3518 225
3518 226
3518 227
3518 228
3518 229
3519 212
3519 213
3519 214
3519 215
3519 216
3519 217
3519 218
3519 219
3519 220
3519 221
3519 222
3519 223
3519 224
3519 225
3519 226
3519 227
3519 228
3519 229
3519 230
3519 231
3519 232
3519 233
3519 234
3519 235
3520 214
3520 215
3520 216
3520 217
3520 218
3520 219
3520 220
3520 221
3520 222
3520 223
3520 224
3520 225
3520 226
3520 227
3520 228
3520 229
3520 230
3520 231
3520 232
3520 233
3520 234
3520 235
3520 236
3520 237
3520 238
3520 239
3520 240
3521 217
3521 218
3521 219
3521 220
3521 221
3521 222
3521 223
3521 224
3521 225
3521 226
3521 227
3521 228
3521 229
3521 230
3521 231
3521 232
3521 233
3521 234
3521 235
3521 236
3521 237
3521 238
3521 239
3521 240
3521 241
3521 242
3521 243
3521 244
3521 245
3522 220
3522 221
3522 222
3522 223
3522 224
3522 225
3522 226
3522 227
3522 228
3522 229
3522 230
3522 231
3522 232
3522 233
3522 234
3522 235
3522 236
3522 237
3522 238
3522 239
3522 240
3522 241
3522 242
3522 243
3522 244
3522 245
3522 246
3522 247
3522 248
3522 249
3522 250
3523 223
3523 224
3523 225
3523 226
3523 227
3523 228
3523 229
3523 230
3523 231
3523 232
3523 233
3523 234
3523 235
3523 236
3523 237
3523 238
3523 239
3523 240
3523 241
3523 242
3523 243
3523 244
3523 245
3523 246
3523 247
3523 248
3523 249
3523 250
3523 251
3523 252
3523 253
3523 254
3523 255
3524 227
3524 228
3524 229
3524 230
3524 231
3524 232
3524 233
3524 234
3524 235
3524 236
3524 237
3524 238
3524 239
3524 240
3524 241
3524 242
3524 243
3524 244
3524 245
3524 246
3524 247
3524 248
3524 249
3524 250
3524 251
3524 252
3524 253
3524 254
3524 255
3524 256
3524 257
3524 258
3524 259
3525 230
3525 231
3525 232
3525 233
3525 234
3525 235
3525 236
3525 237
3525 238
3525 239
3525 240
3525 241
3525 242
3525 243
3525 244
3525 245
3525 246
3525 247
3525 248
3525 249
3525 250
3525 251
3525 252
3525 253
3525 254
3525 255
3525 256
3525 257
3525 258
3525 259
3525 260
3525 261
3525 262
3525 263
3525 264
3526 234
3526 235
3526 236
3526 237
3526 238
3526 239
3526 240
3526 241
3526 242
3526 243
3526 244
3526 245
3526 246
3526 247
3526 248
3526 249
3526 250
3526 251
3526 252
3526 253
3526 254
3526 255
3526 256
3526 257
3526 258
3526 259
3526 260
3526 261
3526 262
3526 263
3526 264
3526 265
3526 266
3526 267
3526 268
3527 238
3527 239
3527 240
3527 241
3527 242
3527 243
3527 244
3527 245
3527 246
3527 247
3527 248
3527 249
3527 250
3527 251
3527 252
3527 253
3527 254
3527 255
3527 256
3527 257
3527 258
3527 259
3527 260
3527 261
3527 262
3527 263
3527 264
3527 265
3527 266
3527 267
3527 268
3527 269
3527 270
3527 271
3527 272
3528 242
3528 243
3528 244
3528 245
3528 246
3528 247
3528 248
3528 249
3528 250
3528 251
3528 252
3528 253
3528 254
3528 255
3528 256
3528 257
3528 258
3528 259
3528 260
3528 261
3528 262
3528 263
3528 264
3528 265
3528 266
3528 267
3528 268
3528 269
3528 270
3528 271
3528 272
3528 273
3528 274
3528 275
3528 276
3529 246
3529 247
3529 248
3529 249
3529 250
3529 251
3529 252
3529 253
3529 254
3529 255
3529 256
3529 257
3529 258
3529 259
3529 260
3529 261
3529 262
3529 263
3529 264
3529 265
3529 266
3529 267
3529 268
3529 269
3529 270
3529 271
3529 272
3529 273
3529 274
3529 275
3529 276
3529 277
3529 278
3529 279
3529 280
3530 251
3530 252
3530 253
3530 254
3530 255
3530 256
3530 257
3530 258
3530 259
3530 260
3530 261
3530 262
3530 263
3530 264
3530 265
3530 266
3530 267
3530 268
3530 269
3530 270
3530 271
3530 272
3530 273
3530 274
3530 275
3530 276
3530 277
3530 278
3530 279
3530 280
3530 281
3530 282
3530 283
3531 255
3531 256
3531 257
3531 258
3531 259
3531 260
3531 261
3531 262
3531 263
3531 264
3531 265
3531 266
3531 267
3531 268
3531 269
3531 270
3531 271
3531 272
3531 273
3531 274
3531 275
3531 276
3531 277
3531 278
3531 279
3531 280
3531 281
3531 282
3531 283
3531 284
3531 285
3531 286
3531 287
3532 260
3532 261
3532 262
3532 263
3532 264
3532 265
3532 266
3532 267
3532 268
3532 269
3532 270
3532 271
3532 272
3532 273
3532 274
3532 275
3532 276
3532 277
3532 278
3532 279
3532 280
3532 281
3532 282
3532 283
3532 284
3532 285
3532 286
3532 287
3532 288
3532 289
3532 290
3533 264
3533 265
3533 266
3533 267
3533 268
3533 269
3533 270
3533 271
3533 272
3533 273
3533 274
3533 275
3533 276
3533 277
3533 278
3533 279
3533 280
3533 281
3533 282
3533 283
3533 284
3533 285
3533 286
3533 287
3533 288
3533 289
3533 290
3533 291
3533 292
3533 293
3534 269
3534 270
3534 271
3534 272
3534 273
3534 274
3534 275
3534 276
3534 277
3534 278
3534 279
3534 280
3534 281
3534 282
3534 283
3534 284
3534 285
3534 286
3534 287
3534 288
3534 289
3534 290
3534 291
3534 292
3534 293
3534 294
3534 295
3534 296
3535 274
3535 275
3535 276
3535 277
3535 278
3535 279
3535 280
3535 281
3535 282
3535 283
3535 284
3535 285
3535 286
3535 287
3535 288
3535 289
3535 290
3535 291
3535 292
3535 293
3535 294
3535 295
3535 296
3535 297
3535 298
3535 299
3536 279
3536 280
3536 281
3536 282
3536 283
3536 284
3536 285
3536 286
3536 287
3536 288
3536 289
3536 290
3536 291
3536 292
3536 293
3536 294
3536 295
3536 296
3536 297
3536 298
3536 299
3536 300
3536 301
3537 285
3537 286
3537 287
3537 288
3537 289
3537 290
3537 291
3537 292
3537 293
3537 294
3537 295
3537 296
3537 297
3537 298
3537 299
3537 300
3537 301
3537 302
3537 303
3538 292
3538 293
3538 294
3538 295
3538 296
3538 297
3538 298
3538 299
3538 300
3538 301
3538 302
3538 303
3538 304
3546 211
3546 212
3546 213
3546 214
3546 215
3546 216
3546 217
3546 218
3546 219
3547 210
3547 211
3547 212
3547 213
3547 214
3547 215
3547 216
3547 217
3547 218
3547 219
3547 220
3547 221
3547 222
3547 223
3547 224
3547 225
3547 226
3547 227
3548 211
3548 212
3548 213
3548 214
3548 215
3548 216
3548 217
3548 218
3548 219
3548 220
3548 221
3548 222
3548 223
3548 224
3548 225
3548 226
3548 227
3548 228
3548 229
3548 230
3548 231
3548 232
3548 233
3549 214
3549 215
3549 216
3549 217
3549 218
3549 219
3549 220
3549 221
3549 222
3549 223
3549 224
3549 225
3549 226
3549 227
3549 228
3549 229
3549 230
3549 231
3549 232
3549 233
3549 234
3549 235
3549 236
3549 237
3549 238
3549 239
3550 216
3550 217
3550 218
3550 219
3550 220
3550 221
3550 222
3550 223
3550 224
3550 225
3550 226
3550 227
3550 228
3550 229
3550 230
3550 231
3550 232
3550 233
3550 234
3550 235
3550 236
3550 237
3550 238
3550 239
3550 240
3550 241
3550 242
3550 243
3550 244
3551 219
3551 220
3551 221
3551 222
3551 223
3551 224
3551 225
3551 226
3551 227
3551 228
3551 229
3551 230
3551 231
3551 232
3551 233
3551 234
3551 235
3551 236
3551 237
3551 238
3551 239
3551 240
3551 241
3551 242
3551 243
3551 244
3551 245
3551 246
3551 247
3551 248
3551 249
3552 222
3552 223
3552 224
3552 225
3552 226
3552 227
3552 228
3552 229
3552 230
3552 231
3552 232
3552 233
3552 234
3552 235
3552 236
3552 237
3552 238
3552 239
3552 240
3552 241
3552 242
3552 243
3552 244
3552 245
3552 246
3552 247
3552 248
3552 249
3552 250
3552 251
3552 252
3552 253
3553 226
3553 227
3553 228
3553 229
3553 230
3553 231
3553 232
3553 233
3553 234
3553 235
3553 236
3553 237
3553 238
3553 239
3553 240
3553 241
3553 242
3553 243
3553 244
3553 245
3553 246
3553 247
3553 248
3553 249
3553 250
3553 251
3553 252
3553 253
3553 254
3553 255
3553 256
3553 257
3553 258
3554 230
3554 231
3554 232
3554 233
3554 234
3554 235
3554 236
3554 237
3554 238
3554 239
3554 240
3554 241
3554 242
3554 243
3554 244
3554 245
3554 246
3554 247
3554 248
3554 249
3554 250
3554 251
3554 252
3554 253
3554 254
3554 255
3554 256
3554 257
3554 258
3554 259
3554 260
3554 261
3554 262
3555 233
3555 234
3555 235
3555 236
3555 237
3555 238
3555 239
3555 240
3555 241
3555 242
3555 243
3555 244
3555 245
3555 246
3555 247
3555 248
3555 249
3555 250
3555 251
3555 252
3555 253
3555 254
3555 255
3555 256
3555 257
3555 258
3555 259
3555 260
3555 261
3555 262
3555 263
3555 264
3555 265
3555 266
3555 267
3556 237
3556 238
3556 239
3556 240
3556 241
3556 242
3556 243
3556 244
3556 245
3556 246
3556 247
3556 248
3556 249
3556 250
3556 251
3556 252
3556 253
3556 254
3556 255
3556 256
3556 257
3556 258
3556 259
3556 260
3556 261
3556 262
3556 263
3556 264
3556 265
3556 266
3556 267
3556 268
3556 269
3556 270
3556 271
3557 241
3557 242
3557 243
3557 244
3557 245
3557 246
3557 247
3557 248
3557 249
3557 250
3557 251
3557 252
3557 253
3557 254
3557 255
3557 256
3557 257
3557 258
3557 259
3557 260
3557 261
3557 262
3557 263
3557 264
3557 265
3557 266
3557 267
3557 268
3557 269
3557 270
3557 271
3557 272
3557 273
3557 274
3557 275
3558 245
3558 246
3558 247
3558 248
3558 249
3558 250
3558 251
3558 252
3558 253
3558 254
3558 255
3558 256
3558 257
3558 258
3558 259
3558 260
3558 261
3558 262
3558 263
3558 264
3558 265
3558 266
3558 267
3558 268
3558 269
3558 270
3558 271
3558 272
3558 273
3558 274
3558 275
3558 276
3558 277
3558 278
3559 250
3559 251
3559 252
3559 253
3559 254
3559 255
3559 256
3559 257
3559 258
3559 259
3559 260
3559 261
3559 262
3559 263
3559 264
3559 265
3559 266
3559 267
3559 268
3559 269
3559 270
3559 271
3559 272
3559 273
3559 274
3559 275
3559 276
3559 277
3559 278
3559 279
3559 280
3559 281
3559 282
3560 254
3560 255
3560 256
3560 257
3560 258
3560 259
3560 260
3560 261
3560 262
3560 263
3560 264
3560 265
3560 266
3560 267
3560 268
3560 269
3560 270
3560 271
3560 272
3560 273
3560 274
3560 275
3560 276
3560 277
3560 278
3560 279
3560 280
3560 281
3560 282
3560 283
3560 284
3560 285
3560 286
3561 259
3561 260
3561 261
3561 262
3561 263
3561 264
3561 265
3561 266
3561 267
3561 268
3561 269
3561 270
3561 271
3561 272
3561 273
3561 274
3561 275
3561 276
3561 277
3561 278
3561 279
3561 280
3561 281
3561 282
3561 283
3561 284
3561 285
3561 286
3561 287
3561 288
3561 289
3562 263
3562 264
3562 265
3562 266
3562 267
3562 268
3562 269
3562 270
3562 271
3562 272
3562 273
3562 274
3562 275
3562 276
3562 277
3562 278
3562 279
3562 280
3562 281
3562 282
3562 283
3562 284
3562 285
3562 286
3562 287
3562 288
3562 289
3562 290
3562 291
3562 292
3563 268
3563 269
3563 270
3563 271
3563 272
3563 273
3563 274
3563 275
3563 276
3563 277
3563 278
3563 279
3563 280
3563 281
3563 282
3563 283
3563 284
3563 285
3563 286
3563 287
3563 288
3563 289
3563 290
3563 291
3563 292
3563 293
3563 294
3563 295
3564 273
3564 274
3564 275
3564 276
3564 277
3564 278
3564 279
3564 280
3564 281
3564 282
3564 283
3564 284
3564 285
3564 286
3564 287
3564 288
3564 289
3564 290
3564 291
3564 292
3564 293
3564 294
3564 295
3564 296
3564 297
3564 298
3565 278
3565 279
3565 280
3565 281
3565 282
3565 283
3565 284
3565 285
3565 286
3565 287
3565 288
3565 289
3565 290
3565 291
3565 292
3565 293
3565 294
3565 295
3565 296
3565 297
3565 298
3565 299
3565 300
3566 284
3566 285
3566 286
3566 287
3566 288
3566 289
3566 290
3566 291
3566 292
3566 293
3566 294
3566 295
3566 296
3566 297
3566 298
3566 299
3566 300
3566 301
3566 302
3567 290
3567 291
3567 292
3567 293
3567 294
3567 295
3567 296
3567 297
3567 298
3567 299
3567 300
3567 301
3567 302
3567 303
3575 213
3575 214
3575 215
3576 210
3576 211
3576 212
3576 213
3576 214
3576 215
3576 216
3576 217
3576 218
3576 219
3576 220
3576 221
3576 222
3576 223
3576 224
3576 225
3577 211
3577 212
3577 213
3577 214
3577 215
3577 216
3577 217
3577 218
3577 219
3577 220
3577 221
3577 222
3577 223
3577 224
3577 225
3577 226
3577 227
3577 228
3577 229
3577 230
3577 231
3578 213
3578 214
3578 215
3578 216
3578 217
3578 218
3578 219
3578 220
3578 221
3578 222
3578 223
3578 224
3578 225
3578 226
3578 227
3578 228
3578 229
3578 230
3578 231
3578 232
3578 233
3578 234
3578 235
3578 236
3578 237
3579 216
3579 217
3579 218
3579 219
3579 220
3579 221
3579 222
3579 223
3579 224
3579 225
3579 226
3579 227
3579 228
3579 229
3579 230
3579 231
3579 232
3579 233
3579 234
3579 235
3579 236
3579 237
3579 238
3579 239
3579 240
3579 241
3579 242
3580 219
3580 220
3580 221
3580 222
3580 223
3580 224
3580 225
3580 226
3580 227
3580 228
3580 229
3580 230
3580 231
3580 232
3580 233
3580 234
3580 235
3580 236
3580 237
3580 238
3580 239
3580 240
3580 241
3580 242
3580 243
3580 244
3580 245
3580 246
3580 247
3581 222
3581 223
3581 224
3581 225
3581 226
3581 227
3581 228
3581 229
3581 230
3581 231
3581 232
3581 233
3581 234
3581 235
3581 236
3581 237
3581 238
3581 239
3581 240
3581 241
3581 242
3581 243
3581 244
3581 245
3581 246
3581 247
3581 248
3581 249
3581 250
3581 251
3581 252
3582 225
3582 226
3582 227
3582 228
3582 229
3582 230
3582 231
3582 232
3582 233
3582 234
3582 235
3582 236
3582 237
3582 238
3582 239
3582 240
3582 241
3582 242
3582 243
3582 244
3582 245
3582 246
3582 247
3582 248
3582 249
3582 250
3582 251
3582 252
3582 253
3582 254
3582 255
3582 256
3583 229
3583 230
3583 231
3583 232
3583 233
3583 234
3583 235
3583 236
3583 237
3583 238
3583 239
3583 240
3583 241
3583 242
3583 243
3583 244
3583 245
3583 246
3583 247
3583 248
3583 249
3583 250
3583 251
3583 252
3583 253
3583 254
3583 255
3583 256
3583 257
3583 258
3583 259
3583 260
3583 261
3584 233
3584 234
3584 235
3584 236
3584 237
3584 238
3584 239
3584 240
3584 241
3584 242
3584 243
3584 244
3584 245
3584 246
3584 247
3584 248
3584 249
3584 250
3584 251
3584 252
3584 253
3584 254
3584 255
3584 256
3584 257
3584 258
3584 259
3584 260
3584 261
3584 262
3584 263
3584 264
3584 265
3585 236
3585 237
3585 238
3585 239
3585 240
3585 241
3585 242
3585 243
3585 244
3585 245
3585 246
3585 247
3585 248
3585 249
3585 250
3585 251
3585 252
3585 253
3585 254
3585 255
3585 256
3585 257
3585 258
3585 259
3585 260
3585 261
3585 262
3585 263
3585 264
3585 265
3585 266
3585 267
3585 268
3585 269
3586 240
3586 241
3586 242
3586 243
3586 244
3586 245
3586 246
3586 247
3586 248
3586 249
3586 250
3586 251
3586 252
3586 253
3586 254
3586 255
3586 256
3586 257
3586 258
3586 259
3586 260
3586 261
3586 262
3586 263
3586 264
3586 265
3586 266
3586 267
3586 268
3586 269
3586 270
3586 271
3586 272
3586 273
3587 245
3587 246
3587 247
3587 248
3587 249
3587 250
3587 251
3587 252
3587 253
3587 254
3587 255
3587 256
3587 257
3587 258
3587 259
3587 260
3587 261
3587 262
3587 263
3587 264
3587 265
3587 266
3587 267
3587 268
3587 269
3587 270
3587 271
3587 272
3587 273
3587 274
3587 275
3587 276
3587 277
3588 249
3588 250
3588 251
3588 252
3588 253
3588 254
3588 255
3588 256
3588 257
3588 258
3588 259
3588 260
3588 261
3588 262
3588 263
3588 264
3588 265
3588 266
3588 267
3588 268
3588 269
3588 270
3588 271
3588 272
3588 273
3588 274
3588 275
3588 276
3588 277
3588 278
3588 279
3588 280
3588 281
3589 253
3589 254
3589 255
3589 256
3589 257
3589 258
3589 259
3589 260
3589 261
3589 262
3589 263
3589 264
3589 265
3589 266
3589 267
3589 268
3589 269
3589 270
3589 271
3589 272
3589 273
3589 274
3589 275
3589 276
3589 277
3589 278
3589 279
3589 280
3589 281
3589 282
3589 283
3589 284
3590 257
3590 258
3590 259
3590 260
3590 261
3590 262
3590 263
3590 264
3590 265
3590 266
3590 267
3590 268
3590 269
3590 270
3590 271
3590 272
3590 273
3590 274
3590 275
3590 276
3590 277
3590 278
3590 279
3590 280
3590 281
3590 282
3590 283
3590 284
3590 285
3590 286
3590 287
3590 288
3591 262
3591 263
3591 264
3591 265
3591 266
3591 267
3591 268
3591 269
3591 270
3591 271
3591 272
3591 273
3591 274
3591 275
3591 276
3591 277
3591 278
3591 279
3591 280
3591 281
3591 282
3591 283
3591 284
3591 285
3591 286
3591 287
3591 288
3591 289
3591 290
3591 291
3592 267
3592 268
3592 269
3592 270
3592 271
3592 272
3592 273
3592 274
3592 275
3592 276
3592 277
3592 278
3592 279
3592 280
3592 281
3592 282
3592 283
3592 284
3592 285
3592 286
3592 287
3592 288
3592 289
3592 290
3592 291
3592 292
3592 293
3592 294
3593 272
3593 273
3593 274
3593 275
3593 276
3593 277
3593 278
3593 279
3593 280
3593 281
3593 282
3593 283
3593 284
3593 285
3593 286
3593 287
3593 288
3593 289
3593 290
3593 291
3593 292
3593 293
3593 294
3593 295
3593 296
3593 297
3594 277
3594 278
3594 279
3594 280
3594 281
3594 282
3594 283
3594 284
3594 285
3594 286
3594 287
3594 288
3594 289
3594 290
3594 291
3594 292
3594 293
3594 294
3594 295
3594 296
3594 297
3594 298
3594 299
3595 282
3595 283
3595 284
3595 285
3595 286
3595 287
3595 288
3595 289
3595 290
3595 291
3595 292
3595 293
3595 294
3595 295
3595 296
3595 297
3595 298
3595 299
3595 300
3595 301
3596 289
3596 290
3596 291
3596 292
3596 293
3596 294
3596 295
3596 296
3596 297
3596 298
3596 299
3596 300
3596 301
3596 302
3597 299
3605 211
3605 212
3605 213
3605 214
3605 215
3605 216
3605 217
3605 218
3605 219
3605 220
3605 221
3605 222
3606 212
3606 213
3606 214
3606 215
3606 216
3606 217
3606 218
3606 219
3606 220
3606 221
3606 222
3606 223
3606 224
3606 225
3606 226
3606 227
3606 228
3606 229
3607 213
3607 214
3607 215
3607 216
3607 217
3607 218
3607 219
3607 220
3607 221
3607 222
3607 223
3607 224
3607 225
3607 226
3607 227
3607 228
3607 229
3607 230
3607 231
3607 232
3607 233
3607 234
3607 235
3608 216
3608 217
3608 218
3608 219
3608 220
3608 221
3608 222
3608 223
3608 224
3608 225
3608 226
3608 227
3608 228
3608 229
3608 230
3608 231
3608 232
3608 233
3608 234
3608 235
3608 236
3608 237
3608 238
3608 239
3608 240
3609 218
3609 219
3609 220
3609 221
3609 222
3609 223
3609 224
3609 225
3609 226
3609 227
3609 228
3609 229
3609 230
3609 231
3609 232
3609 233
3609 234
3609 235
3609 236
3609 237
3609 238
3609 239
3609 240
3609 241
3609 242
3609 243
3609 244
3609 245
3610 222
3610 223
3610 224
3610 225
3610 226
3610 227
3610 228
3610 229
3610 230
3610 231
3610 232
3610 233
3610 234
3610 235
3610 236
3610 237
3610 238
3610 239
3610 240
3610 241
3610 242
3610 243
3610 244
3610 245
3610 246
3610 247
3610 248
3610 249
3610 250
3611 225
3611 226
3611 227
3611 228
3611 229
3611 230
3611 231
3611 232
3611 233
3611 234
3611 235
3611 236
3611 237
3611 238
3611 239
3611 240
3611 241
3611 242
3611 243
3611 244
3611 245
3611 246
3611 247
3611 248
3611 249
3611 250
3611 251
3611 252
3611 253
3611 254
3611 255
3612 228
3612 229
3612 230
3612 231
3612 232
3612 233
3612 234
3612 235
3612 236
3612 237
3612 238
3612 239
3612 240
3612 241
3612 242
3612 243
3612 244
3612 245
3612 246
3612 247
3612 248
3612 249
3612 250
3612 251
3612 252
3612 253
3612 254
3612 255
3612 256
3612 257
3612 258
3612 259
3613 232
3613 233
3613 234
3613 235
3613 236
3613 237
3613 238
3613 239
3613 240
3613 241
3613 242
3613 243
3613 244
3613 245
3613 246
3613 247
3613 248
3613 249
3613 250
3613 251
3613 252
3613 253
3613 254
3613 255
3613 256
3613 257
3613 258
3613 259
3613 260
3613 261
3613 262
3613 263
3614 236
3614 237
3614 238
3614 239
3614 240
3614 241
3614 242
3614 243
3614 244
3614 245
3614 246
3614 247
3614 248
3614 249
3614 250
3614 251
3614 252
3614 253
3614 254
3614 255
3614 256
3614 257
3614 258
3614 259
3614 260
3614 261
3614 262
3614 263
3614 264
3614 265
3614 266
3614 267
3615 240
3615 241
3615 242
3615 243
3615 244
3615 245
3615 246
3615 247
3615 248
3615 249
3615 250
3615 251
3615 252
3615 253
3615 254
3615 255
3615 256
3615 257
3615 258
3615 259
3615 260
3615 261
3615 262
3615 263
3615 264
3615 265
3615 266
3615 267
3615 268
3615 269
3615 270
3615 271
3616 244
3616 245
3616 246
3616 247
3616 248
3616 249
3616 250
3616 251
3616 252
3616 253
3616 254
3616 255
3616 256
3616 257
3616 258
3616 259
3616 260
3616 261
3616 262
3616 263
3616 264
3616 265
3616 266
3616 267
3616 268
3616 269
3616 270
3616 271
3616 272
3616 273
3616 274
3616 275
3617 248
3617 249
3617 250
3617 251
3617 252
3617 253
3617 254
3617 255
3617 256
3617 257
3617 258
3617 259
3617 260
3617 261
3617 262
3617 263
3617 264
3617 265
3617 266
3617 267
3617 268
3617 269
3617 270
3617 271
3617 272
3617 273
3617 274
3617 275
3617 276
3617 277
3617 278
3617 279
3618 252
3618 253
3618 254
3618 255
3618 256
3618 257
3618 258
3618 259
3618 260
3618 261
3618 262
3618 263
3618 264
3618 265
3618 266
3618 267
3618 268
3618 269
3618 270
3618 271
3618 272
3618 273
3618 274
3618 275
3618 276
3618 277
3618 278
3618 279
3618 280
3618 281
3618 282
3618 283
3619 257
3619 258
3619 259
3619 260
3619 261
3619 262
3619 263
3619 264
3619 265
3619 266
3619 267
3619 268
3619 269
3619 270
3619 271
3619 272
3619 273
3619 274
3619 275
3619 276
3619 277
3619 278
3619 279
3619 280
3619 281
3619 282
3619 283
3619 284
3619 285
3619 286
3620 261
3620 262
3620 263
3620 264
3620 265
3620 266
3620 267
3620 268
3620 269
3620 270
3620 271
3620 272
3620 273
3620 274
3620 275
3620 276
3620 277
3620 278
3620 279
3620 280
3620 281
3620 282
3620 283
3620 284
3620 285
3620 286
3620 287
3620 288
3620 289
3621 266
3621 267
3621 268
3621 269
3621 270
3621 271
3621 272
3621 273
3621 274
3621 275
3621 276
3621 277
3621 278
3621 279
3621 280
3621 281
3621 282
3621 283
3621 284
3621 285
3621 286
3621 287
3621 288
3621 289
3621 290
3621 291
3621 292
3622 271
3622 272
3622 273
3622 274
3622 275
3622 276
3622 277
3622 278
3622 279
3622 280
3622 281
3622 282
3622 283
3622 284
3622 285
3622 286
3622 287
3622 288
3622 289
3622 290
3622 291
3622 292
3622 293
3622 294
3622 295
3623 276
3623 277
3623 278
3623 279
3623 280
3623 281
3623 282
3623 283
3623 284
3623 285
3623 286
3623 287
3623 288
3623 289
3623 290
3623 291
3623 292
3623 293
3623 294
3623 295
3623 296
3623 297
3623 298
3624 281
3624 282
3624 283
3624 284
3624 285
3624 286
3624 287
3624 288
3624 289
3624 290
3624 291
3624 292
3624 293
3624 294
3624 295
3624 296
3624 297
3624 298
3624 299
3625 288
3625 289
3625 290
3625 291
3625 292
3625 293
3625 294
3625 295
3625 296
3625 297
3625 298
3625 299
3625 300
3634 216
3635 213
3635 214
3635 215
3635 216
3635 217
3635 218
3635 219
3635 220
3635 221
3635 222
3635 223
3635 224
3635 225
3635 226
3636 214
3636 215
3636 216
3636 217
3636 218
3636 219
3636 220
3636 221
3636 222
3636 223
3636 224
3636 225
3636 226
3636 227
3636 228
3636 229
3636 230
3636 231
3636 232
3637 216
3637 217
3637 218
3637 219
3637 220
3637 221
3637 222
3637 223
3637 224
3637 225
3637 226
3637 227
3637 228
3637 229
3637 230
3637 231
3637 232
3637 233
3637 234
3637 235
3637 236
3637 237
3637 238
3638 218
3638 219
3638 220
3638 221
3638 222
3638 223
3638 224
3638 225
3638 226
3638 227
3638 228
3638 229
3638 230
3638 231
3638 232
3638 233
3638 234
3638 235
3638 236
3638 237
3638 238
3638 239
3638 240
3638 241
3638 242
3638 243
3639 221
3639 222
3639 223
3639 224
3639 225
3639 226
3639 227
3639 228
3639 229
3639 230
3639 231
3639 232
3639 233
3639 234
3639 235
3639 236
3639 237
3639 238
3639 239
3639 240
3639 241
3639 242
3639 243
3639 244
3639 245
3639 246
3639 247
3639 248
3640 224
3640 225
3640 226
3640 227
3640 228
3640 229
3640 230
3640 231
3640 232
3640 233
3640 234
3640 235
3640 236
3640 237
3640 238
3640 239
3640 240
3640 241
3640 242
3640 243
3640 244
3640 245
3640 246
3640 247
3640 248
3640 249
3640 250
3640 251
3640 252
3641 228
3641 229
3641 230
3641 231
3641 232
3641 233
3641 234
3641 235
3641 236
3641 237
3641 238
3641 239
3641 240
3641 241
3641 242
3641 243
3641 244
3641 245
3641 246
3641 247
3641 248
3641 249
3641 250
3641 251
3641 252
3641 253
3641 254
3641 255
3641 256
3641 257
3642 231
3642 232
3642 233
3642 234
3642 235
3642 236
3642 237
3642 238
3642 239
3642 240
3642 241
3642 242
3642 243
3642 244
3642 245
3642 246
3642 247
3642 248
3642 249
3642 250
3642 251
3642 252
3642 253
3642 254
3642 255
3642 256
3642 257
3642 258
3642 259
3642 260
3642 261
3643 235
3643 236
3643 237
3643 238
3643 239
3643 240
3643 241
3643 242
3643 243
3643 244
3643 245
3643 246
3643 247
3643 248
3643 249
3643 250
3643 251
3643 252
3643 253
3643 254
3643 255
3643 256
3643 257
3643 258
3643 259
3643 260
3643 261
3643 262
3643 263
3643 264
3643 265
3644 239
3644 240
3644 241
3644 242
3644 243
3644 244
3644 245
3644 246
3644 247
3644 248
3644 249
3644 250
3644 251
3644 252
3644 253
3644 254
3644 255
3644 256
3644 257
3644 258
3644 259
3644 260
3644 261
3644 262
3644 263
3644 264
3644 265
3644 266
3644 267
3644 268
3644 269
3645 243
3645 244
3645 245
3645 246
3645 247
3645 248
3645 249
3645 250
3645 251
3645 252
3645 253
3645 254
3645 255
3645 256
3645 257
3645 258
3645 259
3645 260
3645 261
3645 262
3645 263
3645 264
3645 265
3645 266
3645 267
3645 268
3645 269
3645 270
3645 271
3645 272
3645 273
3646 247
3646 248
3646 249
3646 250
3646 251
3646 252
3646 253
3646 254
3646 255
3646 256
3646 257
3646 258
3646 259
3646 260
3646 261
3646 262
3646 263
3646 264
3646 265
3646 266
3646 267
3646 268
3646 269
3646 270
3646 271
3646 272
3646 273
3646 274
3646 275
3646 276
3646 277
3647 251
3647 252
3647 253
3647 254
3647 255
3647 256
3647 257
3647 258
3647 259
3647 260
3647 261
3647 262
3647 263
3647 264
3647 265
3647 266
3647 267
3647 268
3647 269
3647 270
3647 271
3647 272
3647 273
3647 274
3647 275
3647 276
3647 277
3647 278
3647 279
3647 280
3647 281
3648 256
3648 257
3648 258
3648 259
3648 260
3648 261
3648 262
3648 263
3648 264
3648 265
3648 266
3648 267
3648 268
3648 269
3648 270
3648 271
3648 272
3648 273
3648 274
3648 275
3648 276
3648 277
3648 278
3648 279
3648 280
3648 281
3648 282
3648 283
3648 284
3649 260
3649 261
3649 262
3649 263
3649 264
3649 265
3649 266
3649 267
3649 268
3649 269
3649 270
3649 271
3649 272
3649 273
3649 274
3649 275
3649 276
3649 277
3649 278
3649 279
3649 280
3649 281
3649 282
3649 283
3649 284
3649 285
3649 286
3649 287
3650 265
3650 266
3650 267
3650 268
3650 269
3650 270
3650 271
3650 272
3650 273
3650 274
3650 275
3650 276
3650 277
3650 278
3650 279
3650 280
3650 281
3650 282
3650 283
3650 284
3650 285
3650 286
3650 287
3650 288
3650 289
3650 290
3650 291
3651 270
3651 271
3651 272
3651 273
3651 274
3651 275
3651 276
3651 277
3651 278
3651 279
3651 280
3651 281
3651 282
3651 283
3651 284
3651 285
3651 286
3651 287
3651 288
3651 289
3651 290
3651 291
3651 292
3651 293
3652 275
3652 276
3652 277
3652 278
3652 279
3652 280
3652 281
3652 282
3652 283
3652 284
3652 285
3652 286
3652 287
3652 288
3652 289
3652 290
3652 291
3652 292
3652 293
3652 294
3652 295
3652 296
3653 281
3653 282
3653 283
3653 284
3653 285
3653 286
3653 287
3653 288
3653 289
3653 290
3653 291
3653 292
3653 293
3653 294
3653 295
3653 296
3653 297
3653 298
3654 287
3654 288
3654 289
3654 290
3654 291
3654 292
3654 293
3654 294
3654 295
3654 296
3654 297
3654 298
3664 215
3664 216
3664 217
3664 218
3664 219
3664 220
3664 221
3665 215
3665 216
3665 217
3665 218
3665 219
3665 220
3665 221
3665 222
3665 223
3665 224
3665 225
3665 226
3665 227
3665 228
3665 229
3666 216
3666 217
3666 218
3666 219
3666 220
3666 221
3666 222
3666 223
3666 224
3666 225
3666 226
3666 227
3666 228
3666 229
3666 230
3666 231
3666 232
3666 233
3666 234
3666 235
3667 219
3667 220
3667 221
3667 222
3667 223
3667 224
3667 225
3667 226
3667 227
3667 228
3667 229
3667 230
3667 231
3667 232
3667 233
3667 234
3667 235
3667 236
3667 237
3667 238
3667 239
3667 240
3668 221
3668 222
3668 223
3668 224
3668 225
3668 226
3668 227
3668 228
3668 229
3668 230
3668 231
3668 232
3668 233
3668 234
3668 235
3668 236
3668 237
3668 238
3668 239
3668 240
3668 241
3668 242
3668 243
3668 244
3668 245
3669 224
3669 225
3669 226
3669 227
3669 228
3669 229
3669 230
3669 231
3669 232
3669 233
3669 234
3669 235
3669 236
3669 237
3669 238
3669 239
3669 240
3669 241
3669 242
3669 243
3669 244
3669 245
3669 246
3669 247
3669 248
3669 249
3669 250
3670 227
3670 228
3670 229
3670 230
3670 231
3670 232
3670 233
3670 234
3670 235
3670 236
3670 237
3670 238
3670 239
3670 240
3670 241
3670 242
3670 243
3670 244
3670 245
3670 246
3670 247
3670 248
3670 249
3670 250
3670 251
3670 252
3670 253
3670 254
3671 231
3671 232
3671 233
3671 234
3671 235
3671 236
3671 237
3671 238
3671 239
3671 240
3671 241
3671 242
3671 243
3671 244
3671 245
3671 246
3671 247
3671 248
3671 249
3671 250
3671 251
3671 252
3671 253
3671 254
3671 255
3671 256
3671 257
3671 258
3671 259
3672 235
3672 236
3672 237
3672 238
3672 239
3672 240
3672 241
3672 242
3672 243
3672 244
3672 245
3672 246
3672 247
3672 248
3672 249
3672 250
3672 251
3672 252
3672 253
3672 254
3672 255
3672 256
3672 257
3672 258
3672 259
3672 260
3672 261
3672 262
3672 263
3673 238
3673 239
3673 240
3673 241
3673 242
3673 243
3673 244
3673 245
3673 246
3673 247
3673 248
3673 249
3673 250
3673 251
3673 252
3673 253
3673 254
3673 255
3673 256
3673 257
3673 258
3673 259
3673 260
3673 261
3673 262
3673 263
3673 264
3673 265
3673 266
3673 267
3674 242
3674 243
3674 244
3674 245
3674 246
3674 247
3674 248
3674 249
3674 250
3674 251
3674 252
3674 253
3674 254
3674 255
3674 256
3674 257
3674 258
3674 259
3674 260
3674 261
3674 262
3674 263
3674 264
3674 265
3674 266
3674 267
3674 268
3674 269
3674 270
3674 271
3675 246
3675 247
3675 248
3675 249
3675 250
3675 251
3675 252
3675 253
3675 254
3675 255
3675 256
3675 257
3675 258
3675 259
3675 260
3675 261
3675 262
3675 263
3675 264
3675 265
3675 266
3675 267
3675 268
3675 269
3675 270
3675 271
3675 272
3675 273
3675 274
3675 275
3676 251
3676 252
3676 253
3676 254
3676 255
3676 256
3676 257
3676 258
3676 259
3676 260
3676 261
3676 262
3676 263
3676 264
3676 265
3676 266
3676 267
3676 268
3676 269
3676 270
3676 271
3676 272
3676 273
3676 274
3676 275
3676 276
3676 277
3676 278
3676 279
3677 255
3677 256
3677 257
3677 258
3677 259
3677 260
3677 261
3677 262
3677 263
3677 264
3677 265
3677 266
3677 267
3677 268
3677 269
3677 270
3677 271
3677 272
3677 273
3677 274
3677 275
3677 276
3677 277
3677 278
3677 279
3677 280
3677 281
3677 282
3678 260
3678 261
3678 262
3678 263
3678 264
3678 265
3678 266
3678 267
3678 268
3678 269
3678 270
3678 271
3678 272
3678 273
3678 274
3678 275
3678 276
3678 277
3678 278
3678 279
3678 280
3678 281
3678 282
3678 283
3678 284
3678 285
3679 264
3679 265
3679 266
3679 267
3679 268
3679 269
3679 270
3679 271
3679 272
3679 273
3679 274
3679 275
3679 276
3679 277
3679 278
3679 279
3679 280
3679 281
3679 282
3679 283
3679 284
3679 285
3679 286
3679 287
3679 288
3680 269
3680 270
3680 271
3680 272
3680 273
3680 274
3680 275
3680 276
3680 277
3680 278
3680 279
3680 280
3680 281
3680 282
3680 283
3680 284
3680 285
3680 286
3680 287
3680 288
3680 289
3680 290
3680 291
3681 275
3681 276
3681 277
3681 278
3681 279
3681 280
3681 281
3681 282
3681 283
3681 284
3681 285
3681 286
3681 287
3681 288
3681 289
3681 290
3681 291
3681 292
3681 293
3682 281
3682 282
3682 283
3682 284
3682 285
3682 286
3682 287
3682 288
3682 289
3682 290
3682 291
3682 292
3682 293
3682 294
3682 295
3683 288
3683 289
3683 290
3683 291
3683 292
3683 293
3683 294
3683 295
3694 218
3694 219
3694 220
3694 221
3694 222
3694 223
3695 217
3695 218
3695 219
3695 220
3695 221
3695 222
3695 223
3695 224
3695 225
3695 226
3695 227
3695 228
3695 229
3695 230
3695 231
3696 219
3696 220
3696 221
3696 222
3696 223
3696 224
3696 225
3696 226
3696 227
3696 228
3696 229
3696 230
3696 231
3696 232
3696 233
3696 234
3696 235
3696 236
3696 237
3697 222
3697 223
3697 224
3697 225
3697 226
3697 227
3697 228
3697 229
3697 230
3697 231
3697 232
3697 233
3697 234
3697 235
3697 236
3697 237
3697 238
3697 239
3697 240
3697 241
3697 242
3698 224
3698 225
3698 226
3698 227
3698 228
3698 229
3698 230
3698 231
3698 232
3698 233
3698 234
3698 235
3698 236
3698 237
3698 238
3698 239
3698 240
3698 241
3698 242
3698 243
3698 244
3698 245
3698 246
3698 247
3699 227
3699 228
3699 229
3699 230
3699 231
3699 232
3699 233
3699 234
3699 235
3699 236
3699 237
3699 238
3699 239
3699 240
3699 241
3699 242
3699 243
3699 244
3699 245
3699 246
3699 247
3699 248
3699 249
3699 250
3699 251
3699 252
3700 231
3700 232
3700 233
3700 234
3700 235
3700 236
3700 237
3700 238
3700 239
3700 240
3700 241
3700 242
3700 243
3700 244
3700 245
3700 246
3700 247
3700 248
3700 249
3700 250
3700 251
3700 252
3700 253
3700 254
3700 255
3700 256
3701 234
3701 235
3701 236
3701 237
3701 238
3701 239
3701 240
3701 241
3701 242
3701 243
3701 244
3701 245
3701 246
3701 247
3701 248
3701 249
3701 250
3701 251
3701 252
3701 253
3701 254
3701 255
3701 256
3701 257
3701 258
3701 259
3701 260
3702 238
3702 239
3702 240
3702 241
3702 242
3702 243
3702 244
3702 245
3702 246
3702 247
3702 248
3702 249
3702 250
3702 251
3702 252
3702 253
3702 254
3702 255
3702 256
3702 257
3702 258
3702 259
3702 260
3702 261
3702 262
3702 263
3702 264
3703 242
3703 243
3703 244
3703 245
3703 246
3703 247
3703 248
3703 249
3703 250
3703 251
3703 252
3703 253
3703 254
3703 255
3703 256
3703 257
3703 258
3703 259
3703 260
3703 261
3703 262
3703 263
3703 264
3703 265
3703 266
3703 267
3703 268
3704 246
3704 247
3704 248
3704 249
3704 250
3704 251
3704 252
3704 253
3704 254
3704 255
3704 256
3704 257
3704 258
3704 259
3704 260
3704 261
3704 262
3704 263
3704 264
3704 265
3704 266
3704 267
3704 268
3704 269
3704 270
3704 271
3704 272
3705 250
3705 251
3705 252
3705 253
3705 254
3705 255
3705 256
3705 257
3705 258
3705 259
3705 260
3705 261
3705 262
3705 263
3705 264
3705 265
3705 266
3705 267
3705 268
3705 269
3705 270
3705 271
3705 272
3705 273
3705 274
3705 275
3705 276
3706 255
3706 256
3706 257
3706 258
3706 259
3706 260
3706 261
3706 262
3706 263
3706 264
3706 265
3706 266
3706 267
3706 268
3706 269
3706 270
3706 271
3706 272
3706 273
3706 274
3706 275
3706 276
3706 277
3706 278
3706 279
3707 259
3707 260
3707 261
3707 262
3707 263
3707 264
3707 265
3707 266
3707 267
3707 268
3707 269
3707 270
3707 271
3707 272
3707 273
3707 274
3707 275
3707 276
3707 277
3707 278
3707 279
3707 280
3707 281
3707 282
3707 283
3708 264
3708 265
3708 266
3708 267
3708 268
3708 269
3708 270
3708 271
3708 272
3708 273
3708 274
3708 275
3708 276
3708 277
3708 278
3708 279
3708 280
3708 281
3708 282
3708 283
3708 284
3708 285
3708 286
3709 269
3709 270
3709 271
3709 272
3709 273
3709 274
3709 275
3709 276
3709 277
3709 278
3709 279
3709 280
3709 281
3709 282
3709 283
3709 284
3709 285
3709 286
3709 287
3709 288
3710 275
3710 276
3710 277
3710 278
3710 279
3710 280
3710 281
3710 282
3710 283
3710 284
3710 285
3710 286
3710 287
3710 288
3710 289
3710 290
3711 281
3711 282
3711 283
3711 284
3711 285
3711 286
3711 287
3711 288
3711 289
3711 290
3711 291
3711 292
3725 221
3725 222
3725 223
3725 224
3725 225
3725 226
3725 227
3725 228
3725 229
3725 230
3725 231
3725 232
3726 222
3726 223
3726 224
3726 225
3726 226
3726 227
3726 228
3726 229
3726 230
3726 231
3726 232
3726 233
3726 234
3726 235
3726 236
3726 237
3726 238
3727 225
3727 226
3727 227
3727 228
3727 229
3727 230
3727 231
3727 232
3727 233
3727 234
3727 235
3727 236
3727 237
3727 238
3727 239
3727 240
3727 241
3727 242
3727 243
3728 228
3728 229
3728 230
3728 231
3728 232
3728 233
3728 234
3728 235
3728 236
3728 237
3728 238
3728 239
3728 240
3728 241
3728 242
3728 243
3728 244
3728 245
3728 246
3728 247
3728 248
3729 231
3729 232
3729 233
3729 234
3729 235
3729 236
3729 237
3729 238
3729 239
3729 240
3729 241
3729 242
3729 243
3729 244
3729 245
3729 246
3729 247
3729 248
3729 249
3729 250
3729 251
3729 252
3729 253
3730 234
3730 235
3730 236
3730 237
3730 238
3730 239
3730 240
3730 241
3730 242
3730 243
3730 244
3730 245
3730 246
3730 247
3730 248
3730 249
3730 250
3730 251
3730 252
3730 253
3730 254
3730 255
3730 256
3730 257
3731 238
3731 239
3731 240
3731 241
3731 242
3731 243
3731 244
3731 245
3731 246
3731 247
3731 248
3731 249
3731 250
3731 251
3731 252
3731 253
3731 254
3731 255
3731 256
3731 257
3731 258
3731 259
3731 260
3731 261
3732 242
3732 243
3732 244
3732 245
3732 246
3732 247
3732 248
3732 249
3732 250
3732 251
3732 252
3732 253
3732 254
3732 255
3732 256
3732 257
3732 258
3732 259
3732 260
3732 261
3732 262
3732 263
3732 264
3732 265
3733 246
3733 247
3733 248
3733 249
3733 250
3733 251
3733 252
3733 253
3733 254
3733 255
3733 256
3733 257
3733 258
3733 259
3733 260
3733 261
3733 262
3733 263
3733 264
3733 265
3733 266
3733 267
3733 268
3733 269
3734 250
3734 251
3734 252
3734 253
3734 254
3734 255
3734 256
3734 257
3734 258
3734 259
3734 260
3734 261
3734 262
3734 263
3734 264
3734 265
3734 266
3734 267
3734 268
3734 269
3734 270
3734 271
3734 272
3734 273
3735 255
3735 256
3735 257
3735 258
3735 259
3735 260
3735 261
3735 262
3735 263
3735 264
3735 265
3735 266
3735 267
3735 268
3735 269
3735 270
3735 271
3735 272
3735 273
3735 274
3735 275
3735 276
3736 259
3736 260
3736 261
3736 262
3736 263
3736 264
3736 265
3736 266
3736 267
3736 268
3736 269
3736 270
3736 271
3736 272
3736 273
3736 274
3736 275
3736 276
3736 277
3736 278
3736 279
3737 264
3737 265
3737 266
3737 267
3737 268
3737 269
3737 270
3737 271
3737 272
3737 273
3737 274
3737 275
3737 276
3737 277
3737 278
3737 279
3737 280
3737 281
3737 282
3738 269
3738 270
3738 271
3738 272
3738 273
3738 274
3738 275
3738 276
3738 277
3738 278
3738 279
3738 280
3738 281
3738 282
3738 283
3738 284
3738 285
3739 276
3739 277
3739 278
3739 279
3739 280
3739 281
3739 282
3739 283
3739 284
3739 285
3739 286
3755 226
3755 227
3755 228
3755 229
3755 230
3755 231
3756 227
3756 228
3756 229
3756 230
3756 231
3756 232
3756 233
3756 234
3756 235
3756 236
3756 237
3756 238
3757 229
3757 230
3757 231
3757 232
3757 233
3757 234
3757 235
3757 236
3757 237
3757 238
3757 239
3757 240
3757 241
3757 242
3757 243
3758 232
3758 233
3758 234
3758 235
3758 236
3758 237
3758 238
3758 239
3758 240
3758 241
3758 242
3758 243
3758 244
3758 245
3758 246
3758 247
3758 248
3759 235
3759 236
3759 237
3759 238
3759 239
3759 240
3759 241
3759 242
3759 243
3759 244
3759 245
3759 246
3759 247
3759 248
3759 249
3759 250
3759 251
3759 252
3759 253
3760 238
3760 239
3760 240
3760 241
3760 242
3760 243
3760 244
3760 245
3760 246
3760 247
3760 248
3760 249
3760 250
3760 251
3760 252
3760 253
3760 254
3760 255
3760 256
3760 257
3761 242
3761 243
3761 244
3761 245
3761 246
3761 247
3761 248
3761 249
3761 250
3761 251
3761 252
3761 253
3761 254
3761 255
3761 256
3761 257
3761 258
3761 259
3761 260
3761 261
3762 246
3762 247
3762 248
3762 249
3762 250
3762 251
3762 252
3762 253
3762 254
3762 255
3762 256
3762 257
3762 258
3762 259
3762 260
3762 261
3762 262
3762 263
3762 264
3762 265
3763 250
3763 251
3763 252
3763 253
3763 254
3763 255
3763 256
3763 257
3763 258
3763 259
3763 260
3763 261
3763 262
3763 263
3763 264
3763 265
3763 266
3763 267
3763 268
3763 269
3764 255
3764 256
3764 257
3764 258
3764 259
3764 260
3764 261
3764 262
3764 263
3764 264
3764 265
3764 266
3764 267
3764 268
3764 269
3764 270
3764 271
3764 272
3765 260
3765 261
3765 262
3765 263
3765 264
3765 265
3765 266
3765 267
3765 268
3765 269
3765 270
3765 271
3765 272
3765 273
3765 274
3765 275
3766 265
3766 266
3766 267
3766 268
3766 269
3766 270
3766 271
3766 272
3766 273
3766 274
3766 275
3766 276
3766 277
3766 278
3767 271
3767 272
3767 273
3767 274
3767 275
3767 276
3767 277
3767 278
3767 279
3787 235
3787 236
3787 237
3787 238
3787 239
3787 240
3787 241
3788 237
3788 238
3788 239
3788 240
3788 241
3788 242
3788 243
3788 244
3788 245
3788 246
3788 247
3789 240
3789 241
3789 242
3789 243
3789 244
3789 245
3789 246
3789 247
3789 248
3789 249
3789 250
3789 251
3789 252
3790 244
3790 245
3790 246
3790 247
3790 248
3790 249
3790 250
3790 251
3790 252
3790 253
3790 254
3790 255
3790 256
3791 248
3791 249
3791 250
3791 251
3791 252
3791 253
3791 254
3791 255
3791 256
3791 257
3791 258
3791 259
3791 260
3792 252
3792 253
3792 254
3792 255
3792 256
3792 257
3792 258
3792 259
3792 260
3792 261
3792 262
3792 263
3793 257
3793 258
3793 259
3793 260
3793 261
3793 262
3793 263
3793 264
3793 265
3793 266
3794 263
3794 264
3794 265
3794 266
3794 267
3794 268
