0 251
0 252
0 253
0 254
0 255
0 256
0 257
0 258
0 259
0 260
0 261
0 262
0 263
1 190
1 191
1 192
1 193
1 194
1 195
1 265
1 266
1 267
1 268
1 269
1 270
1 271
1 272
1 273
2 199
2 200
2 201
2 202
2 203
2 204
2 205
2 206
2 207
2 208
2 209
2 210
3 210
3 211
3 212
3 213
3 214
3 215
3 216
3 217
3 218
3 219
3 220
3 221
3 222
3 223
3 224
4 222
4 223
4 224
4 225
4 226
4 227
4 228
4 229
4 230
4 231
4 232
4 233
4 234
4 235
4 236
5 235
5 236
5 237
5 238
5 239
5 240
5 241
5 242
5 243
5 244
5 245
5 246
5 247
5 248
6 248
6 249
6 250
6 251
6 252
6 253
6 254
6 255
6 256
6 257
6 258
6 259
6 260
7 188
7 189
7 190
7 191
7 261
7 262
7 263
7 264
7 265
7 266
7 267
7 268
7 269
7 270
8 196
8 197
8 198
8 199
8 200
8 201
8 202
8 203
8 204
8 205
8 206
8 207
9 207
9 208
9 209
9 210
9 211
9 212
9 213
9 214
9 215
9 216
9 217
9 218
9 219
9 220
10 219
10 220
10 221
10 222
10 223
10 224
10 225
10 226
10 227
10 228
10 229
10 230
10 231
10 232
10 233
11 232
11 233
11 234
11 235
11 236
11 237
11 238
11 239
11 240
11 241
11 242
11 243
11 244
11 245
12 244
12 245
12 246
12 247
12 248
12 249
12 250
12 251
12 252
12 253
12 254
12 255
12 256
12 257
13 258
13 259
13 260
13 261
13 262
13 263
13 264
13 265
13 266
13 267
13 268
14 194
14 195
14 196
14 197
14 198
14 199
14 200
14 201
14 202
14 203
14 273
14 274
14 275
14 276
14 277
15 205
15 206
15 207
15 208
15 209
15 210
15 211
15 212
15 213
15 214
15 215
15 216
15 217
16 216
16 217
16 218
16 219
16 220
16 221
16 222
16 223
16 224
16 225
16 226
16 227
16 228
16 229
16 230
17 228
17 229
17 230
17 231
17 232
17 233
17 234
17 235
17 236
17 237
17 238
17 239
17 240
17 241
17 242
18 241
18 242
18 243
18 244
18 245
18 246
18 247
18 248
18 249
18 250
18 251
18 252
18 253
18 254
19 254
19 255
19 256
19 257
19 258
19 259
19 260
19 261
19 262
19 263
19 264
19 265
20 191
20 192
20 193
20 194
20 195
20 196
20 197
20 198
20 199
20 200
20 269
20 270
20 271
20 272
20 273
20 274
20 275
21 202
21 203
21 204
21 205
21 206
21 207
21 208
21 209
21 210
21 211
21 212
21 213
21 214
22 213
22 214
22 215
22 216
22 217
22 218
22 219
22 220
22 221
22 222
22 223
22 224
22 225
22 226
22 227
23 225
23 226
23 227
23 228
23 229
23 230
23 231
23 232
23 233
23 234
23 235
23 236
23 237
23 238
23 239
24 238
24 239
24 240
24 241
24 242
24 243
24 244
24 245
24 246
24 247
24 248
24 249
24 250
24 251
25 251
25 252
25 253
25 254
25 255
25 256
25 257
25 258
25 259
25 260
25 261
25 262
26 189
26 190
26 191
26 192
26 193
26 194
26 195
26 196
26 265
26 266
26 267
26 268
26 269
26 270
26 271
26 272
26 273
27 199
27 200
27 201
27 202
27 203
27 204
27 205
27 206
27 207
27 208
27 209
27 210
28 210
28 211
28 212
28 213
28 214
28 215
28 216
28 217
28 218
28 219
28 220
28 221
28 222
28 223
28 224
29 222
29 223
29 224
29 225
29 226
29 227
29 228
29 229
29 230
29 231
29 232
29 233
29 234
29 235
29 236
30 235
30 236
30 237
30 238
30 239
30 240
30 241
30 242
30 243
30 244
30 245
30 246
30 247
30 248
31 247
31 248
31 249
31 250
31 251
31 252
31 253
31 254
31 255
31 256
31 257
31 258
31 259
31 260
32 187
32 188
32 189
32 190
32 191
32 192
32 261
32 262
32 263
32 264
32 265
32 266
32 267
32 268
32 269
32 270
33 196
33 197
33 198
33 199
33 200
33 201
33 202
33 203
33 204
33 205
33 206
33 207
34 207
34 208
34 209
34 210
34 211
34 212
34 213
34 214
34 215
34 216
34 217
34 218
34 219
34 220
35 219
35 220
35 221
35 222
35 223
35 224
35 225
35 226
35 227
35 228
35 229
35 230
35 231
35 232
35 233
36 231
36 232
36 233
36 234
36 235
36 236
36 237
36 238
36 239
36 240
36 241
36 242
36 243
36 244
36 245
37 244
37 245
37 246
37 247
37 248
37 249
37 250
37 251
37 252
37 253
37 254
37 255
37 256
37 257
38 185
38 186
38 258
38 259
38 260
38 261
38 262
38 263
38 264
38 265
38 266
38 267
39 193
39 194
39 195
39 196
39 197
39 198
39 199
39 200
39 201
39 202
39 203
39 273
39 274
39 275
39 276
40 204
40 205
40 206
40 207
40 208
40 209
40 210
40 211
40 212
40 213
40 214
40 215
40 216
40 217
41 216
41 217
41 218
41 219
41 220
41 221
41 222
41 223
41 224
41 225
41 226
41 227
41 228
41 229
41 230
42 228
42 229
42 230
42 231
42 232
42 233
42 234
42 235
42 236
42 237
42 238
42 239
42 240
42 241
42 242
43 241
43 242
43 243
43 244
43 245
43 246
43 247
43 248
43 249
43 250
43 251
43 252
43 253
43 254
44 254
44 255
44 256
44 257
44 258
44 259
44 260
44 261
44 262
44 263
44 264
44 265
45 191
45 192
45 193
45 194
45 195
45 196
45 197
45 198
45 199
45 200
45 268
45 269
45 270
45 271
45 272
45 273
45 274
46 201
46 202
46 203
46 204
46 205
46 206
46 207
46 208
46 209
46 210
46 211
46 212
46 213
46 214
47 213
47 214
47 215
47 216
47 217
47 218
47 219
47 220
47 221
47 222
47 223
47 224
47 225
47 226
47 227
48 225
48 226
48 227
48 228
48 229
48 230
48 231
48 232
48 233
48 234
48 235
48 236
48 237
48 238
48 239
49 237
49 238
49 239
49 240
49 241
49 242
49 243
49 244
49 245
49 246
49 247
49 248
49 249
49 250
49 251
50 251
50 252
50 253
50 254
50 255
50 256
50 257
50 258
50 259
50 260
50 261
50 262
51 188
51 189
51 190
51 191
51 192
51 193
51 194
51 195
51 196
51 264
51 265
51 266
51 267
51 268
51 269
51 270
51 271
51 272
52 198
52 199
52 200
52 201
52 202
52 203
52 204
52 205
52 206
52 207
52 208
52 209
52 210
53 210
53 211
53 212
53 213
53 214
53 215
53 216
53 217
53 218
53 219
53 220
53 221
53 222
53 223
54 222
54 223
54 224
54 225
54 226
54 227
54 228
54 229
54 230
54 231
54 232
54 233
54 234
54 235
54 236
55 234
55 235
55 236
55 237
55 238
55 239
55 240
55 241
55 242
55 243
55 244
55 245
55 246
55 247
55 248
56 247
56 248
56 249
56 250
56 251
56 252
56 253
56 254
56 255
56 256
56 257
56 258
56 259
57 186
57 187
57 188
57 189
57 190
57 191
57 192
57 261
57 262
57 263
57 264
57 265
57 266
57 267
57 268
57 269
57 270
58 195
58 196
58 197
58 198
58 199
58 200
58 201
58 202
58 203
58 204
58 205
58 206
58 207
59 207
59 208
59 209
59 210
59 211
59 212
59 213
59 214
59 215
59 216
59 217
59 218
59 219
59 220
60 218
60 219
60 220
60 221
60 222
60 223
60 224
60 225
60 226
60 227
60 228
60 229
60 230
60 231
60 232
60 233
61 231
61 232
61 233
61 234
61 235
61 236
61 237
61 238
61 239
61 240
61 241
61 242
61 243
61 244
61 245
62 244
62 245
62 246
62 247
62 248
62 249
62 250
62 251
62 252
62 253
62 254
62 255
62 256
63 184
63 185
63 186
63 187
63 257
63 258
63 259
63 260
63 261
63 262
63 263
63 264
63 265
63 266
63 267
64 193
64 194
64 195
64 196
64 197
64 198
64 199
64 200
64 201
64 202
64 203
64 272
64 273
64 274
64 275
64 276
65 204
65 205
65 206
65 207
65 208
65 209
65 210
65 211
65 212
65 213
65 214
65 215
65 216
65 217
66 215
66 216
66 217
66 218
66 219
66 220
66 221
66 222
66 223
66 224
66 225
66 226
66 227
66 228
66 229
66 230
67 228
67 229
67 230
67 231
67 232
67 233
67 234
67 235
67 236
67 237
67 238
67 239
67 240
67 241
67 242
68 240
68 241
68 242
68 243
68 244
68 245
68 246
68 247
68 248
68 249
68 250
68 251
68 252
68 253
69 254
69 255
69 256
69 257
69 258
69 259
69 260
69 261
69 262
69 263
69 264
70 190
70 191
70 192
70 193
70 194
70 195
70 196
70 197
70 198
70 199
70 200
70 268
70 269
70 270
70 271
70 272
70 273
70 274
71 201
71 202
71 203
71 204
71 205
71 206
71 207
71 208
71 209
71 210
71 211
71 212
71 213
72 212
72 213
72 214
72 215
72 216
72 217
72 218
72 219
72 220
72 221
72 222
72 223
72 224
72 225
72 226
73 224
73 225
73 226
73 227
73 228
73 229
73 230
73 231
73 232
73 233
73 234
73 235
73 236
73 237
73 238
73 239
74 237
74 238
74 239
74 240
74 241
74 242
74 243
74 244
74 245
74 246
74 247
74 248
74 249
74 250
74 251
75 250
75 251
75 252
75 253
75 254
75 255
75 256
75 257
75 258
75 259
75 260
75 261
75 262
76 187
76 188
76 189
76 190
76 191
76 192
76 193
76 194
76 195
76 196
76 264
76 265
76 266
76 267
76 268
76 269
76 270
76 271
76 272
77 198
77 199
77 200
77 201
77 202
77 203
77 204
77 205
77 206
77 207
77 208
77 209
77 210
78 209
78 210
78 211
78 212
78 213
78 214
78 215
78 216
78 217
78 218
78 219
78 220
78 221
78 222
78 223
79 221
79 222
79 223
79 224
79 225
79 226
79 227
79 228
79 229
79 230
79 231
79 232
79 233
79 234
79 235
79 236
80 234
80 235
80 236
80 237
80 238
80 239
80 240
80 241
80 242
80 243
80 244
80 245
80 246
80 247
80 248
81 247
81 248
81 249
81 250
81 251
81 252
81 253
81 254
81 255
81 256
81 257
81 258
81 259
82 185
82 186
82 187
82 188
82 189
82 190
82 191
82 192
82 260
82 261
82 262
82 263
82 264
82 265
82 266
82 267
82 268
82 269
83 195
83 196
83 197
83 198
83 199
83 200
83 201
83 202
83 203
83 204
83 205
83 206
83 207
84 206
84 207
84 208
84 209
84 210
84 211
84 212
84 213
84 214
84 215
84 216
84 217
84 218
84 219
84 220
85 218
85 219
85 220
85 221
85 222
85 223
85 224
85 225
85 226
85 227
85 228
85 229
85 230
85 231
85 232
86 230
86 231
86 232
86 233
86 234
86 235
86 236
86 237
86 238
86 239
86 240
86 241
86 242
86 243
86 244
86 245
87 243
87 244
87 245
87 246
87 247
87 248
87 249
87 250
87 251
87 252
87 253
87 254
87 255
87 256
88 183
88 184
88 185
88 186
88 187
88 257
88 258
88 259
88 260
88 261
88 262
88 263
88 264
88 265
88 266
88 267
89 192
89 193
89 194
89 195
89 196
89 197
89 198
89 199
89 200
89 201
89 202
89 203
89 272
89 273
89 274
89 275
90 203
90 204
90 205
90 206
90 207
90 208
90 209
90 210
90 211
90 212
90 213
90 214
90 215
90 216
90 217
91 215
91 216
91 217
91 218
91 219
91 220
91 221
91 222
91 223
91 224
91 225
91 226
91 227
91 228
91 229
92 227
92 228
92 229
92 230
92 231
92 232
92 233
92 234
92 235
92 236
92 237
92 238
92 239
92 240
92 241
93 240
93 241
93 242
93 243
93 244
93 245
93 246
93 247
93 248
93 249
93 250
93 251
93 252
93 253
94 253
94 254
94 255
94 256
94 257
94 258
94 259
94 260
94 261
94 262
94 263
94 264
95 189
95 190
95 191
95 192
95 193
95 194
95 195
95 196
95 197
95 198
95 199
95 268
95 269
95 270
95 271
95 272
95 273
96 200
96 201
96 202
96 203
96 204
96 205
96 206
96 207
96 208
96 209
96 210
96 211
96 212
96 213
97 212
97 213
97 214
97 215
97 216
97 217
97 218
97 219
97 220
97 221
97 222
97 223
97 224
97 225
97 226
98 224
98 225
98 226
98 227
98 228
98 229
98 230
98 231
98 232
98 233
98 234
98 235
98 236
98 237
98 238
99 237
99 238
99 239
99 240
99 241
99 242
99 243
99 244
99 245
99 246
99 247
99 248
99 249
99 250
100 250
100 251
100 252
100 253
100 254
100 255
100 256
100 257
100 258
100 259
100 260
100 261
101 187
101 188
101 189
101 190
101 191
101 192
101 193
101 194
101 195
101 196
101 264
101 265
101 266
101 267
101 268
101 269
101 270
101 271
102 197
102 198
102 199
102 200
102 201
102 202
102 203
102 204
102 205
102 206
102 207
102 208
102 209
102 210
103 209
103 210
103 211
103 212
103 213
103 214
103 215
103 216
103 217
103 218
103 219
103 220
103 221
103 222
103 223
104 221
104 222
104 223
104 224
104 225
104 226
104 227
104 228
104 229
104 230
104 231
104 232
104 233
104 234
104 235
105 233
105 234
105 235
105 236
105 237
105 238
105 239
105 240
105 241
105 242
105 243
105 244
105 245
105 246
105 247
106 246
106 247
106 248
106 249
106 250
106 251
106 252
106 253
106 254
106 255
106 256
106 257
106 258
107 184
107 185
107 186
107 187
107 188
107 189
107 190
107 191
107 192
107 260
107 261
107 262
107 263
107 264
107 265
107 266
107 267
107 268
107 269
108 194
108 195
108 196
108 197
108 198
108 199
108 200
108 201
108 202
108 203
108 204
108 205
108 206
109 205
109 206
109 207
109 208
109 209
109 210
109 211
109 212
109 213
109 214
109 215
109 216
109 217
109 218
109 219
109 220
110 217
110 218
110 219
110 220
110 221
110 222
110 223
110 224
110 225
110 226
110 227
110 228
110 229
110 230
110 231
110 232
111 230
111 231
111 232
111 233
111 234
111 235
111 236
111 237
111 238
111 239
111 240
111 241
111 242
111 243
111 244
112 243
112 244
112 245
112 246
112 247
112 248
112 249
112 250
112 251
112 252
112 253
112 254
112 255
112 256
113 182
113 183
113 184
113 185
113 186
113 187
113 256
113 257
113 258
113 259
113 260
113 261
113 262
113 263
113 264
113 265
113 266
114 191
114 192
114 193
114 194
114 195
114 196
114 197
114 198
114 199
114 200
114 201
114 202
114 203
114 272
114 273
114 274
115 202
115 203
115 204
115 205
115 206
115 207
115 208
115 209
115 210
115 211
115 212
115 213
115 214
115 215
115 216
116 214
116 215
116 216
116 217
116 218
116 219
116 220
116 221
116 222
116 223
116 224
116 225
116 226
116 227
116 228
116 229
117 227
117 228
117 229
117 230
117 231
117 232
117 233
117 234
117 235
117 236
117 237
117 238
117 239
117 240
117 241
118 239
118 240
118 241
118 242
118 243
118 244
118 245
118 246
118 247
118 248
118 249
118 250
118 251
118 252
118 253
119 181
119 182
119 253
119 254
119 255
119 256
119 257
119 258
119 259
119 260
119 261
119 262
119 263
120 189
120 190
120 191
120 192
120 193
120 194
120 195
120 196
120 197
120 198
120 199
120 267
120 268
120 269
120 270
120 271
120 272
120 273
121 199
121 200
121 201
121 202
121 203
121 204
121 205
121 206
121 207
121 208
121 209
121 210
121 211
121 212
121 213
122 211
122 212
122 213
122 214
122 215
122 216
122 217
122 218
122 219
122 220
122 221
122 222
122 223
122 224
122 225
122 226
123 223
123 224
123 225
123 226
123 227
123 228
123 229
123 230
123 231
123 232
123 233
123 234
123 235
123 236
123 237
123 238
124 236
124 237
124 238
124 239
124 240
124 241
124 242
124 243
124 244
124 245
124 246
124 247
124 248
124 249
124 250
125 249
125 250
125 251
125 252
125 253
125 254
125 255
125 256
125 257
125 258
125 259
125 260
125 261
126 186
126 187
126 188
126 189
126 190
126 191
126 192
126 193
126 194
126 195
126 263
126 264
126 265
126 266
126 267
126 268
126 269
126 270
126 271
127 196
127 197
127 198
127 199
127 200
127 201
127 202
127 203
127 204
127 205
127 206
127 207
127 208
127 209
128 208
128 209
128 210
128 211
128 212
128 213
128 214
128 215
128 216
128 217
128 218
128 219
128 220
128 221
128 222
128 223
129 220
129 221
129 222
129 223
129 224
129 225
129 226
129 227
129 228
129 229
129 230
129 231
129 232
129 233
129 234
129 235
130 233
130 234
130 235
130 236
130 237
130 238
130 239
130 240
130 241
130 242
130 243
130 244
130 245
130 246
130 247
131 246
131 247
131 248
131 249
131 250
131 251
131 252
131 253
131 254
131 255
131 256
131 257
131 258
132 184
132 185
132 186
132 187
132 188
132 189
132 190
132 191
132 260
132 261
132 262
132 263
132 264
132 265
132 266
132 267
132 268
133 194
133 195
133 196
133 197
133 198
133 199
133 200
133 201
133 202
133 203
133 204
133 205
133 206
134 205
134 206
134 207
134 208
134 209
134 210
134 211
134 212
134 213
134 214
134 215
134 216
134 217
134 218
134 219
135 217
135 218
135 219
135 220
135 221
135 222
135 223
135 224
135 225
135 226
135 227
135 228
135 229
135 230
135 231
135 232
136 229
136 230
136 231
136 232
136 233
136 234
136 235
136 236
136 237
136 238
136 239
136 240
136 241
136 242
136 243
136 244
137 242
137 243
137 244
137 245
137 246
137 247
137 248
137 249
137 250
137 251
137 252
137 253
137 254
137 255
138 181
138 182
138 183
138 184
138 185
138 186
138 187
138 256
138 257
138 258
138 259
138 260
138 261
138 262
138 263
138 264
138 265
138 266
139 191
139 192
139 193
139 194
139 195
139 196
139 197
139 198
139 199
139 200
139 201
139 202
139 272
139 273
139 274
140 202
140 203
140 204
140 205
140 206
140 207
140 208
140 209
140 210
140 211
140 212
140 213
140 214
140 215
140 216
141 214
141 215
141 216
141 217
141 218
141 219
141 220
141 221
141 222
141 223
141 224
141 225
141 226
141 227
141 228
141 229
142 226
142 227
142 228
142 229
142 230
142 231
142 232
142 233
142 234
142 235
142 236
142 237
142 238
142 239
142 240
142 241
143 239
143 240
143 241
143 242
143 243
143 244
143 245
143 246
143 247
143 248
143 249
143 250
143 251
143 252
144 180
144 181
144 182
144 252
144 253
144 254
144 255
144 256
144 257
144 258
144 259
144 260
144 261
144 262
144 263
145 188
145 189
145 190
145 191
145 192
145 193
145 194
145 195
145 196
145 197
145 198
145 199
145 267
145 268
145 269
145 270
145 271
145 272
146 199
146 200
146 201
146 202
146 203
146 204
146 205
146 206
146 207
146 208
146 209
146 210
146 211
146 212
146 213
147 211
147 212
147 213
147 214
147 215
147 216
147 217
147 218
147 219
147 220
147 221
147 222
147 223
147 224
147 225
148 223
148 224
148 225
148 226
148 227
148 228
148 229
148 230
148 231
148 232
148 233
148 234
148 235
148 236
148 237
148 238
149 236
149 237
149 238
149 239
149 240
149 241
149 242
149 243
149 244
149 245
149 246
149 247
149 248
149 249
150 249
150 250
150 251
150 252
150 253
150 254
150 255
150 256
150 257
150 258
150 259
150 260
151 185
151 186
151 187
151 188
151 189
151 190
151 191
151 192
151 193
151 194
151 195
151 263
151 264
151 265
151 266
151 267
151 268
151 269
151 270
152 196
152 197
152 198
152 199
152 200
152 201
152 202
152 203
152 204
152 205
152 206
152 207
152 208
152 209
153 207
153 208
153 209
153 210
153 211
153 212
153 213
153 214
153 215
153 216
153 217
153 218
153 219
153 220
153 221
153 222
154 220
154 221
154 222
154 223
154 224
154 225
154 226
154 227
154 228
154 229
154 230
154 231
154 232
154 233
154 234
154 235
155 232
155 233
155 234
155 235
155 236
155 237
155 238
155 239
155 240
155 241
155 242
155 243
155 244
155 245
155 246
156 245
156 246
156 247
156 248
156 249
156 250
156 251
156 252
156 253
156 254
156 255
156 256
156 257
156 258
157 183
157 184
157 185
157 186
157 187
157 188
157 189
157 190
157 191
157 259
157 260
157 261
157 262
157 263
157 264
157 265
157 266
157 267
157 268
158 193
158 194
158 195
158 196
158 197
158 198
158 199
158 200
158 201
158 202
158 203
158 204
158 205
158 206
159 204
159 205
159 206
159 207
159 208
159 209
159 210
159 211
159 212
159 213
159 214
159 215
159 216
159 217
159 218
159 219
160 216
160 217
160 218
160 219
160 220
160 221
160 222
160 223
160 224
160 225
160 226
160 227
160 228
160 229
160 230
160 231
161 229
161 230
161 231
161 232
161 233
161 234
161 235
161 236
161 237
161 238
161 239
161 240
161 241
161 242
161 243
162 242
162 243
162 244
162 245
162 246
162 247
162 248
162 249
162 250
162 251
162 252
162 253
162 254
162 255
163 181
163 182
163 183
163 184
163 185
163 186
163 187
163 255
163 256
163 257
163 258
163 259
163 260
163 261
163 262
163 263
163 264
163 265
164 190
164 191
164 192
164 193
164 194
164 195
164 196
164 197
164 198
164 199
164 200
164 201
164 202
164 271
164 272
164 273
165 201
165 202
165 203
165 204
165 205
165 206
165 207
165 208
165 209
165 210
165 211
165 212
165 213
165 214
165 215
165 216
166 213
166 214
166 215
166 216
166 217
166 218
166 219
166 220
166 221
166 222
166 223
166 224
166 225
166 226
166 227
166 228
167 226
167 227
167 228
167 229
167 230
167 231
167 232
167 233
167 234
167 235
167 236
167 237
167 238
167 239
167 240
168 238
168 239
168 240
168 241
168 242
168 243
168 244
168 245
168 246
168 247
168 248
168 249
168 250
168 251
168 252
169 179
169 180
169 181
169 182
169 252
169 253
169 254
169 255
169 256
169 257
169 258
169 259
169 260
169 261
169 262
169 263
170 187
170 188
170 189
170 190
170 191
170 192
170 193
170 194
170 195
170 196
170 197
170 198
170 266
170 267
170 268
170 269
170 270
170 271
170 272
171 198
171 199
171 200
171 201
171 202
171 203
171 204
171 205
171 206
171 207
171 208
171 209
171 210
171 211
171 212
172 210
172 211
172 212
172 213
172 214
172 215
172 216
172 217
172 218
172 219
172 220
172 221
172 222
172 223
172 224
172 225
173 222
173 223
173 224
173 225
173 226
173 227
173 228
173 229
173 230
173 231
173 232
173 233
173 234
173 235
173 236
173 237
174 235
174 236
174 237
174 238
174 239
174 240
174 241
174 242
174 243
174 244
174 245
174 246
174 247
174 248
174 249
175 248
175 249
175 250
175 251
175 252
175 253
175 254
175 255
175 256
175 257
175 258
175 259
175 260
176 185
176 186
176 187
176 188
176 189
176 190
176 191
176 192
176 193
176 194
176 195
176 262
176 263
176 264
176 265
176 266
176 267
176 268
176 269
176 270
177 195
177 196
177 197
177 198
177 199
177 200
177 201
177 202
177 203
177 204
177 205
177 206
177 207
177 208
177 209
178 207
178 208
178 209
178 210
178 211
178 212
178 213
178 214
178 215
178 216
178 217
178 218
178 219
178 220
178 221
178 222
179 219
179 220
179 221
179 222
179 223
179 224
179 225
179 226
179 227
179 228
179 229
179 230
179 231
179 232
179 233
179 234
180 232
180 233
180 234
180 235
180 236
180 237
180 238
180 239
180 240
180 241
180 242
180 243
180 244
180 245
180 246
181 245
181 246
181 247
181 248
181 249
181 250
181 251
181 252
181 253
181 254
181 255
181 256
181 257
182 182
182 183
182 184
182 185
182 186
182 187
182 188
182 189
182 190
182 191
182 259
182 260
182 261
182 262
182 263
182 264
182 265
182 266
182 267
183 192
183 193
183 194
183 195
183 196
183 197
183 198
183 199
183 200
183 201
183 202
183 203
183 204
183 205
184 204
184 205
184 206
184 207
184 208
184 209
184 210
184 211
184 212
184 213
184 214
184 215
184 216
184 217
184 218
185 216
185 217
185 218
185 219
185 220
185 221
185 222
185 223
185 224
185 225
185 226
185 227
185 228
185 229
185 230
185 231
186 228
186 229
186 230
186 231
186 232
186 233
186 234
186 235
186 236
186 237
186 238
186 239
186 240
186 241
186 242
186 243
187 241
187 242
187 243
187 244
187 245
187 246
187 247
187 248
187 249
187 250
187 251
187 252
187 253
187 254
188 180
188 181
188 182
188 183
188 184
188 185
188 186
188 187
188 255
188 256
188 257
188 258
188 259
188 260
188 261
188 262
188 263
188 264
188 265
189 190
189 191
189 192
189 193
189 194
189 195
189 196
189 197
189 198
189 199
189 200
189 201
189 202
189 271
189 272
190 201
190 202
190 203
190 204
190 205
190 206
190 207
190 208
190 209
190 210
190 211
190 212
190 213
190 214
190 215
191 213
191 214
191 215
191 216
191 217
191 218
191 219
191 220
191 221
191 222
191 223
191 224
191 225
191 226
191 227
191 228
192 225
192 226
192 227
192 228
192 229
192 230
192 231
192 232
192 233
192 234
192 235
192 236
192 237
192 238
192 239
192 240
193 238
193 239
193 240
193 241
193 242
193 243
193 244
193 245
193 246
193 247
193 248
193 249
193 250
193 251
194 179
194 180
194 181
194 182
194 251
194 252
194 253
194 254
194 255
194 256
194 257
194 258
194 259
194 260
194 261
194 262
195 187
195 188
195 189
195 190
195 191
195 192
195 193
195 194
195 195
195 196
195 197
195 198
195 266
195 267
195 268
195 269
195 270
195 271
196 198
196 199
196 200
196 201
196 202
196 203
196 204
196 205
196 206
196 207
196 208
196 209
196 210
196 211
196 212
197 209
197 210
197 211
197 212
197 213
197 214
197 215
197 216
197 217
197 218
197 219
197 220
197 221
197 222
197 223
197 224
197 225
198 222
198 223
198 224
198 225
198 226
198 227
198 228
198 229
198 230
198 231
198 232
198 233
198 234
198 235
198 236
198 237
199 234
199 235
199 236
199 237
199 238
199 239
199 240
199 241
199 242
199 243
199 244
199 245
199 246
199 247
199 248
200 248
200 249
200 250
200 251
200 252
200 253
200 254
200 255
200 256
200 257
200 258
200 259
201 184
201 185
201 186
201 187
201 188
201 189
201 190
201 191
201 192
201 193
201 194
201 262
201 263
201 264
201 265
201 266
201 267
201 268
201 269
202 195
202 196
202 197
202 198
202 199
202 200
202 201
202 202
202 203
202 204
202 205
202 206
202 207
202 208
203 206
203 207
203 208
203 209
203 210
203 211
203 212
203 213
203 214
203 215
203 216
203 217
203 218
203 219
203 220
203 221
204 218
204 219
204 220
204 221
204 222
204 223
204 224
204 225
204 226
204 227
204 228
204 229
204 230
204 231
204 232
204 233
204 234
205 231
205 232
205 233
205 234
205 235
205 236
205 237
205 238
205 239
205 240
205 241
205 242
205 243
205 244
205 245
206 244
206 245
206 246
206 247
206 248
206 249
206 250
206 251
206 252
206 253
206 254
206 255
206 256
206 257
207 182
207 183
207 184
207 185
207 186
207 187
207 188
207 189
207 190
207 258
207 259
207 260
207 261
207 262
207 263
207 264
207 265
207 266
207 267
208 192
208 193
208 194
208 195
208 196
208 197
208 198
208 199
208 200
208 201
208 202
208 203
208 204
208 205
209 203
209 204
209 205
209 206
209 207
209 208
209 209
209 210
209 211
209 212
209 213
209 214
209 215
209 216
209 217
209 218
210 215
210 216
210 217
210 218
210 219
210 220
210 221
210 222
210 223
210 224
210 225
210 226
210 227
210 228
210 229
210 230
211 228
211 229
211 230
211 231
211 232
211 233
211 234
211 235
211 236
211 237
211 238
211 239
211 240
211 241
211 242
212 241
212 242
212 243
212 244
212 245
212 246
212 247
212 248
212 249
212 250
212 251
212 252
212 253
212 254
213 180
213 181
213 182
213 183
213 184
213 185
213 186
213 254
213 255
213 256
213 257
213 258
213 259
213 260
213 261
213 262
213 263
213 264
214 189
214 190
214 191
214 192
214 193
214 194
214 195
214 196
214 197
214 198
214 199
214 200
214 201
214 270
214 271
214 272
215 200
215 201
215 202
215 203
215 204
215 205
215 206
215 207
215 208
215 209
215 210
215 211
215 212
215 213
215 214
215 215
216 212
216 213
216 214
216 215
216 216
216 217
216 218
216 219
216 220
216 221
216 222
216 223
216 224
216 225
216 226
216 227
217 224
217 225
217 226
217 227
217 228
217 229
217 230
217 231
217 232
217 233
217 234
217 235
217 236
217 237
217 238
217 239
218 237
218 238
218 239
218 240
218 241
218 242
218 243
218 244
218 245
218 246
218 247
218 248
218 249
218 250
218 251
219 178
219 179
219 180
219 181
219 251
219 252
219 253
219 254
219 255
219 256
219 257
219 258
219 259
219 260
219 261
219 262
220 186
220 187
220 188
220 189
220 190
220 191
220 192
220 193
220 194
220 195
220 196
220 197
220 265
220 266
220 267
220 268
220 269
220 270
220 271
221 197
221 198
221 199
221 200
221 201
221 202
221 203
221 204
221 205
221 206
221 207
221 208
221 209
221 210
221 211
222 209
222 210
222 211
222 212
222 213
222 214
222 215
222 216
222 217
222 218
222 219
222 220
222 221
222 222
222 223
222 224
223 221
223 222
223 223
223 224
223 225
223 226
223 227
223 228
223 229
223 230
223 231
223 232
223 233
223 234
223 235
223 236
224 234
224 235
224 236
224 237
224 238
224 239
224 240
224 241
224 242
224 243
224 244
224 245
224 246
224 247
224 248
225 247
225 248
225 249
225 250
225 251
225 252
225 253
225 254
225 255
225 256
225 257
225 258
225 259
226 184
226 185
226 186
226 187
226 188
226 189
226 190
226 191
226 192
226 193
226 194
226 261
226 262
226 263
226 264
226 265
226 266
226 267
226 268
226 269
227 194
227 195
227 196
227 197
227 198
227 199
227 200
227 201
227 202
227 203
227 204
227 205
227 206
227 207
227 208
228 206
228 207
228 208
228 209
228 210
228 211
228 212
228 213
228 214
228 215
228 216
228 217
228 218
228 219
228 220
228 221
229 218
229 219
229 220
229 221
229 222
229 223
229 224
229 225
229 226
229 227
229 228
229 229
229 230
229 231
229 232
229 233
230 230
230 231
230 232
230 233
230 234
230 235
230 236
230 237
230 238
230 239
230 240
230 241
230 242
230 243
230 244
230 245
231 244
231 245
231 246
231 247
231 248
231 249
231 250
231 251
231 252
231 253
231 254
231 255
231 256
232 181
232 182
232 183
232 184
232 185
232 186
232 187
232 188
232 189
232 190
232 257
232 258
232 259
232 260
232 261
232 262
232 263
232 264
232 265
232 266
233 191
233 192
233 193
233 194
233 195
233 196
233 197
233 198
233 199
233 200
233 201
233 202
233 203
233 204
234 203
234 204
234 205
234 206
234 207
234 208
234 209
234 210
234 211
234 212
234 213
234 214
234 215
234 216
234 217
235 215
235 216
235 217
235 218
235 219
235 220
235 221
235 222
235 223
235 224
235 225
235 226
235 227
235 228
235 229
235 230
236 227
236 228
236 229
236 230
236 231
236 232
236 233
236 234
236 235
236 236
236 237
236 238
236 239
236 240
236 241
236 242
237 240
237 241
237 242
237 243
237 244
237 245
237 246
237 247
237 248
237 249
237 250
237 251
237 252
237 253
238 179
238 180
238 181
238 182
238 183
238 184
238 185
238 254
238 255
238 256
238 257
238 258
238 259
238 260
238 261
238 262
238 263
238 264
239 188
239 189
239 190
239 191
239 192
239 193
239 194
239 195
239 196
239 197
239 198
239 199
239 200
239 270
239 271
240 200
240 201
240 202
240 203
240 204
240 205
240 206
240 207
240 208
240 209
240 210
240 211
240 212
240 213
240 214
241 211
241 212
241 213
241 214
241 215
241 216
241 217
241 218
241 219
241 220
241 221
241 222
241 223
241 224
241 225
241 226
241 227
242 224
242 225
242 226
242 227
242 228
242 229
242 230
242 231
242 232
242 233
242 234
242 235
242 236
242 237
242 238
242 239
243 237
243 238
243 239
243 240
243 241
243 242
243 243
243 244
243 245
243 246
243 247
243 248
243 249
243 250
244 178
244 179
244 180
244 250
244 251
244 252
244 253
244 254
244 255
244 256
244 257
244 258
244 259
244 260
244 261
245 186
245 187
245 188
245 189
245 190
245 191
245 192
245 193
245 194
245 195
245 196
245 197
245 265
245 266
245 267
245 268
245 269
245 270
246 197
246 198
246 199
246 200
246 201
246 202
246 203
246 204
246 205
246 206
246 207
246 208
246 209
246 210
246 211
247 208
247 209
247 210
247 211
247 212
247 213
247 214
247 215
247 216
247 217
247 218
247 219
247 220
247 221
247 222
247 223
248 220
248 221
248 222
248 223
248 224
248 225
248 226
248 227
248 228
248 229
248 230
248 231
248 232
248 233
248 234
248 235
248 236
249 233
249 234
249 235
249 236
249 237
249 238
249 239
249 240
249 241
249 242
249 243
249 244
249 245
249 246
249 247
250 246
250 247
250 248
250 249
250 250
250 251
250 252
250 253
250 254
250 255
250 256
250 257
250 258
251 183
251 184
251 185
251 186
251 187
251 188
251 189
251 190
251 191
251 192
251 193
251 261
251 262
251 263
251 264
251 265
251 266
251 267
251 268
252 194
252 195
252 196
252 197
252 198
252 199
252 200
252 201
252 202
252 203
252 204
252 205
252 206
252 207
253 205
253 206
253 207
253 208
253 209
253 210
253 211
253 212
253 213
253 214
253 215
253 216
253 217
253 218
253 219
253 220
254 217
254 218
254 219
254 220
254 221
254 222
254 223
254 224
254 225
254 226
254 227
254 228
254 229
254 230
254 231
254 232
254 233
255 230
255 231
255 232
255 233
255 234
255 235
255 236
255 237
255 238
255 239
255 240
255 241
255 242
255 243
255 244
256 243
256 244
256 245
256 246
256 247
256 248
256 249
256 250
256 251
256 252
256 253
256 254
256 255
256 256
257 181
257 182
257 183
257 184
257 185
257 186
257 187
257 188
257 189
257 257
257 258
257 259
257 260
257 261
257 262
257 263
257 264
257 265
257 266
258 191
258 192
258 193
258 194
258 195
258 196
258 197
258 198
258 199
258 200
258 201
258 202
258 203
259 202
259 203
259 204
259 205
259 206
259 207
259 208
259 209
259 210
259 211
259 212
259 213
259 214
259 215
259 216
259 217
260 214
260 215
260 216
260 217
260 218
260 219
260 220
260 221
260 222
260 223
260 224
260 225
260 226
260 227
260 228
260 229
261 226
261 227
261 228
261 229
261 230
261 231
261 232
261 233
261 234
261 235
261 236
261 237
261 238
261 239
261 240
261 241
262 239
262 240
262 241
262 242
262 243
262 244
262 245
262 246
262 247
262 248
262 249
262 250
262 251
262 252
262 253
263 179
263 180
263 181
263 182
263 183
263 184
263 185
263 253
263 254
263 255
263 256
263 257
263 258
263 259
263 260
263 261
263 262
263 263
264 188
264 189
264 190
264 191
264 192
264 193
264 194
264 195
264 196
264 197
264 198
264 199
264 200
264 269
264 270
264 271
265 199
265 200
265 201
265 202
265 203
265 204
265 205
265 206
265 207
265 208
265 209
265 210
265 211
265 212
265 213
266 211
266 212
266 213
266 214
266 215
266 216
266 217
266 218
266 219
266 220
266 221
266 222
266 223
266 224
266 225
266 226
267 223
267 224
267 225
267 226
267 227
267 228
267 229
267 230
267 231
267 232
267 233
267 234
267 235
267 236
267 237
267 238
268 236
268 237
268 238
268 239
268 240
268 241
268 242
268 243
268 244
268 245
268 246
268 247
268 248
268 249
268 250
269 178
269 179
269 249
269 250
269 251
269 252
269 253
269 254
269 255
269 256
269 257
269 258
269 259
269 260
269 261
270 185
270 186
270 187
270 188
270 189
270 190
270 191
270 192
270 193
270 194
270 195
270 196
270 264
270 265
270 266
270 267
270 268
270 269
270 270
271 196
271 197
271 198
271 199
271 200
271 201
271 202
271 203
271 204
271 205
271 206
271 207
271 208
271 209
271 210
272 208
272 209
272 210
272 211
272 212
272 213
272 214
272 215
272 216
272 217
272 218
272 219
272 220
272 221
272 222
272 223
273 220
273 221
273 222
273 223
273 224
273 225
273 226
273 227
273 228
273 229
273 230
273 231
273 232
273 233
273 234
273 235
274 233
274 234
274 235
274 236
274 237
274 238
274 239
274 240
274 241
274 242
274 243
274 244
274 245
274 246
274 247
275 246
275 247
275 248
275 249
275 250
275 251
275 252
275 253
275 254
275 255
275 256
275 257
275 258
276 183
276 184
276 185
276 186
276 187
276 188
276 189
276 190
276 191
276 192
276 260
276 261
276 262
276 263
276 264
276 265
276 266
276 267
276 268
277 193
277 194
277 195
277 196
277 197
277 198
277 199
277 200
277 201
277 202
277 203
277 204
277 205
277 206
278 204
278 205
278 206
278 207
278 208
278 209
278 210
278 211
278 212
278 213
278 214
278 215
278 216
278 217
278 218
278 219
279 217
279 218
279 219
279 220
279 221
279 222
279 223
279 224
279 225
279 226
279 227
279 228
279 229
279 230
279 231
279 232
280 229
280 230
280 231
280 232
280 233
280 234
280 235
280 236
280 237
280 238
280 239
280 240
280 241
280 242
280 243
280 244
281 242
281 243
281 244
281 245
281 246
281 247
281 248
281 249
281 250
281 251
281 252
281 253
281 254
281 255
282 180
282 181
282 182
282 183
282 184
282 185
282 186
282 187
282 188
282 256
282 257
282 258
282 259
282 260
282 261
282 262
282 263
282 264
282 265
283 190
283 191
283 192
283 193
283 194
283 195
283 196
283 197
283 198
283 199
283 200
283 201
283 202
283 203
284 201
284 202
284 203
284 204
284 205
284 206
284 207
284 208
284 209
284 210
284 211
284 212
284 213
284 214
284 215
284 216
285 213
285 214
285 215
285 216
285 217
285 218
285 219
285 220
285 221
285 222
285 223
285 224
285 225
285 226
285 227
285 228
285 229
286 226
286 227
286 228
286 229
286 230
286 231
286 232
286 233
286 234
286 235
286 236
286 237
286 238
286 239
286 240
286 241
287 239
287 240
287 241
287 242
287 243
287 244
287 245
287 246
287 247
287 248
287 249
287 250
287 251
287 252
288 178
288 179
288 180
288 181
288 182
288 183
288 184
288 252
288 253
288 254
288 255
288 256
288 257
288 258
288 259
288 260
288 261
288 262
288 263
289 187
289 188
289 189
289 190
289 191
289 192
289 193
289 194
289 195
289 196
289 197
289 198
289 199
289 268
289 269
289 270
289 271
290 198
290 199
290 200
290 201
290 202
290 203
290 204
290 205
290 206
290 207
290 208
290 209
290 210
290 211
290 212
290 213
291 210
291 211
291 212
291 213
291 214
291 215
291 216
291 217
291 218
291 219
291 220
291 221
291 222
291 223
291 224
291 225
292 222
292 223
292 224
292 225
292 226
292 227
292 228
292 229
292 230
292 231
292 232
292 233
292 234
292 235
292 236
292 237
292 238
293 235
293 236
293 237
293 238
293 239
293 240
293 241
293 242
293 243
293 244
293 245
293 246
293 247
293 248
293 249
294 249
294 250
294 251
294 252
294 253
294 254
294 255
294 256
294 257
294 258
294 259
294 260
295 185
295 186
295 187
295 188
295 189
295 190
295 191
295 192
295 193
295 194
295 195
295 264
295 265
295 266
295 267
295 268
295 269
296 195
296 196
296 197
296 198
296 199
296 200
296 201
296 202
296 203
296 204
296 205
296 206
296 207
296 208
296 209
297 207
297 208
297 209
297 210
297 211
297 212
297 213
297 214
297 215
297 216
297 217
297 218
297 219
297 220
297 221
297 222
298 219
298 220
298 221
298 222
298 223
298 224
298 225
298 226
298 227
298 228
298 229
298 230
298 231
298 232
298 233
298 234
298 235
299 232
299 233
299 234
299 235
299 236
299 237
299 238
299 239
299 240
299 241
299 242
299 243
299 244
299 245
299 246
300 245
300 246
300 247
300 248
300 249
300 250
300 251
300 252
300 253
300 254
300 255
300 256
300 257
301 182
301 183
301 184
301 185
301 186
301 187
301 188
301 189
301 190
301 191
301 259
301 260
301 261
301 262
301 263
301 264
301 265
301 266
301 267
302 192
302 193
302 194
302 195
302 196
302 197
302 198
302 199
302 200
302 201
302 202
302 203
302 204
302 205
302 206
303 204
303 205
303 206
303 207
303 208
303 209
303 210
303 211
303 212
303 213
303 214
303 215
303 216
303 217
303 218
303 219
304 216
304 217
304 218
304 219
304 220
304 221
304 222
304 223
304 224
304 225
304 226
304 227
304 228
304 229
304 230
304 231
305 228
305 229
305 230
305 231
305 232
305 233
305 234
305 235
305 236
305 237
305 238
305 239
305 240
305 241
305 242
305 243
306 242
306 243
306 244
306 245
306 246
306 247
306 248
306 249
306 250
306 251
306 252
306 253
306 254
307 180
307 181
307 182
307 183
307 184
307 185
307 186
307 187
307 256
307 257
307 258
307 259
307 260
307 261
307 262
307 263
307 264
307 265
308 190
308 191
308 192
308 193
308 194
308 195
308 196
308 197
308 198
308 199
308 200
308 201
308 202
309 201
309 202
309 203
309 204
309 205
309 206
309 207
309 208
309 209
309 210
309 211
309 212
309 213
309 214
309 215
310 213
310 214
310 215
310 216
310 217
310 218
310 219
310 220
310 221
310 222
310 223
310 224
310 225
310 226
310 227
310 228
311 225
311 226
311 227
311 228
311 229
311 230
311 231
311 232
311 233
311 234
311 235
311 236
311 237
311 238
311 239
311 240
312 238
312 239
312 240
312 241
312 242
312 243
312 244
312 245
312 246
312 247
312 248
312 249
312 250
312 251
312 252
313 178
313 179
313 180
313 181
313 182
313 183
313 252
313 253
313 254
313 255
313 256
313 257
313 258
313 259
313 260
313 261
313 262
314 187
314 188
314 189
314 190
314 191
314 192
314 193
314 194
314 195
314 196
314 197
314 198
314 268
314 269
314 270
315 198
315 199
315 200
315 201
315 202
315 203
315 204
315 205
315 206
315 207
315 208
315 209
315 210
315 211
315 212
316 209
316 210
316 211
316 212
316 213
316 214
316 215
316 216
316 217
316 218
316 219
316 220
316 221
316 222
316 223
316 224
316 225
317 222
317 223
317 224
317 225
317 226
317 227
317 228
317 229
317 230
317 231
317 232
317 233
317 234
317 235
317 236
317 237
318 235
318 236
318 237
318 238
318 239
318 240
318 241
318 242
318 243
318 244
318 245
318 246
318 247
318 248
318 249
319 248
319 249
319 250
319 251
319 252
319 253
319 254
319 255
319 256
319 257
319 258
319 259
320 184
320 185
320 186
320 187
320 188
320 189
320 190
320 191
320 192
320 193
320 194
320 263
320 264
320 265
320 266
320 267
320 268
320 269
321 195
321 196
321 197
321 198
321 199
321 200
321 201
321 202
321 203
321 204
321 205
321 206
321 207
321 208
322 206
322 207
322 208
322 209
322 210
322 211
322 212
322 213
322 214
322 215
322 216
322 217
322 218
322 219
322 220
322 221
323 218
323 219
323 220
323 221
323 222
323 223
323 224
323 225
323 226
323 227
323 228
323 229
323 230
323 231
323 232
323 233
323 234
324 231
324 232
324 233
324 234
324 235
324 236
324 237
324 238
324 239
324 240
324 241
324 242
324 243
324 244
324 245
324 246
325 244
325 245
325 246
325 247
325 248
325 249
325 250
325 251
325 252
325 253
325 254
325 255
325 256
325 257
326 182
326 183
326 184
326 185
326 186
326 187
326 188
326 189
326 190
326 259
326 260
326 261
326 262
326 263
326 264
326 265
326 266
326 267
327 192
327 193
327 194
327 195
327 196
327 197
327 198
327 199
327 200
327 201
327 202
327 203
327 204
327 205
328 203
328 204
328 205
328 206
328 207
328 208
328 209
328 210
328 211
328 212
328 213
328 214
328 215
328 216
328 217
328 218
329 215
329 216
329 217
329 218
329 219
329 220
329 221
329 222
329 223
329 224
329 225
329 226
329 227
329 228
329 229
329 230
329 231
330 228
330 229
330 230
330 231
330 232
330 233
330 234
330 235
330 236
330 237
330 238
330 239
330 240
330 241
330 242
330 243
331 241
331 242
331 243
331 244
331 245
331 246
331 247
331 248
331 249
331 250
331 251
331 252
331 253
331 254
332 179
332 180
332 181
332 182
332 183
332 184
332 185
332 186
332 255
332 256
332 257
332 258
332 259
332 260
332 261
332 262
332 263
332 264
333 189
333 190
333 191
333 192
333 193
333 194
333 195
333 196
333 197
333 198
333 199
333 200
333 201
334 200
334 201
334 202
334 203
334 204
334 205
334 206
334 207
334 208
334 209
334 210
334 211
334 212
334 213
334 214
334 215
335 212
335 213
335 214
335 215
335 216
335 217
335 218
335 219
335 220
335 221
335 222
335 223
335 224
335 225
335 226
335 227
336 224
336 225
336 226
336 227
336 228
336 229
336 230
336 231
336 232
336 233
336 234
336 235
336 236
336 237
336 238
336 239
337 237
337 238
337 239
337 240
337 241
337 242
337 243
337 244
337 245
337 246
337 247
337 248
337 249
337 250
337 251
338 178
338 179
338 180
338 181
338 251
338 252
338 253
338 254
338 255
338 256
338 257
338 258
338 259
338 260
338 261
338 262
339 186
339 187
339 188
339 189
339 190
339 191
339 192
339 193
339 194
339 195
339 196
339 197
339 267
339 268
339 269
339 270
340 197
340 198
340 199
340 200
340 201
340 202
340 203
340 204
340 205
340 206
340 207
340 208
340 209
340 210
340 211
341 209
341 210
341 211
341 212
341 213
341 214
341 215
341 216
341 217
341 218
341 219
341 220
341 221
341 222
341 223
341 224
342 221
342 222
342 223
342 224
342 225
342 226
342 227
342 228
342 229
342 230
342 231
342 232
342 233
342 234
342 235
342 236
343 234
343 235
343 236
343 237
343 238
343 239
343 240
343 241
343 242
343 243
343 244
343 245
343 246
343 247
343 248
344 247
344 248
344 249
344 250
344 251
344 252
344 253
344 254
344 255
344 256
344 257
344 258
344 259
345 184
345 185
345 186
345 187
345 188
345 189
345 190
345 191
345 192
345 193
345 262
345 263
345 264
345 265
345 266
345 267
345 268
346 194
346 195
346 196
346 197
346 198
346 199
346 200
346 201
346 202
346 203
346 204
346 205
346 206
346 207
346 208
347 206
347 207
347 208
347 209
347 210
347 211
347 212
347 213
347 214
347 215
347 216
347 217
347 218
347 219
347 220
347 221
348 218
348 219
348 220
348 221
348 222
348 223
348 224
348 225
348 226
348 227
348 228
348 229
348 230
348 231
348 232
348 233
349 230
349 231
349 232
349 233
349 234
349 235
349 236
349 237
349 238
349 239
349 240
349 241
349 242
349 243
349 244
349 245
350 244
350 245
350 246
350 247
350 248
350 249
350 250
350 251
350 252
350 253
350 254
350 255
350 256
351 181
351 182
351 183
351 184
351 185
351 186
351 187
351 188
351 189
351 258
351 259
351 260
351 261
351 262
351 263
351 264
351 265
351 266
352 191
352 192
352 193
352 194
352 195
352 196
352 197
352 198
352 199
352 200
352 201
352 202
352 203
352 204
353 202
353 203
353 204
353 205
353 206
353 207
353 208
353 209
353 210
353 211
353 212
353 213
353 214
353 215
353 216
353 217
354 214
354 215
354 216
354 217
354 218
354 219
354 220
354 221
354 222
354 223
354 224
354 225
354 226
354 227
354 228
354 229
354 230
355 227
355 228
355 229
355 230
355 231
355 232
355 233
355 234
355 235
355 236
355 237
355 238
355 239
355 240
355 241
355 242
356 240
356 241
356 242
356 243
356 244
356 245
356 246
356 247
356 248
356 249
356 250
356 251
356 252
356 253
357 179
357 180
357 181
357 182
357 183
357 184
357 185
357 254
357 255
357 256
357 257
357 258
357 259
357 260
357 261
357 262
357 263
357 264
358 188
358 189
358 190
358 191
358 192
358 193
358 194
358 195
358 196
358 197
358 198
358 199
358 200
359 199
359 200
359 201
359 202
359 203
359 204
359 205
359 206
359 207
359 208
359 209
359 210
359 211
359 212
359 213
359 214
360 211
360 212
360 213
360 214
360 215
360 216
360 217
360 218
360 219
360 220
360 221
360 222
360 223
360 224
360 225
360 226
360 227
361 224
361 225
361 226
361 227
361 228
361 229
361 230
361 231
361 232
361 233
361 234
361 235
361 236
361 237
361 238
361 239
362 237
362 238
362 239
362 240
362 241
362 242
362 243
362 244
362 245
362 246
362 247
362 248
362 249
362 250
363 178
363 179
363 250
363 251
363 252
363 253
363 254
363 255
363 256
363 257
363 258
363 259
363 260
363 261
364 186
364 187
364 188
364 189
364 190
364 191
364 192
364 193
364 194
364 195
364 196
364 266
364 267
364 268
364 269
365 196
365 197
365 198
365 199
365 200
365 201
365 202
365 203
365 204
365 205
365 206
365 207
365 208
365 209
365 210
366 208
366 209
366 210
366 211
366 212
366 213
366 214
366 215
366 216
366 217
366 218
366 219
366 220
366 221
366 222
366 223
367 220
367 221
367 222
367 223
367 224
367 225
367 226
367 227
367 228
367 229
367 230
367 231
367 232
367 233
367 234
367 235
367 236
368 233
368 234
368 235
368 236
368 237
368 238
368 239
368 240
368 241
368 242
368 243
368 244
368 245
368 246
368 247
369 247
369 248
369 249
369 250
369 251
369 252
369 253
369 254
369 255
369 256
369 257
369 258
370 183
370 184
370 185
370 186
370 187
370 188
370 189
370 190
370 191
370 192
370 261
370 262
370 263
370 264
370 265
370 266
370 267
370 268
371 193
371 194
371 195
371 196
371 197
371 198
371 199
371 200
371 201
371 202
371 203
371 204
371 205
371 206
371 207
372 205
372 206
372 207
372 208
372 209
372 210
372 211
372 212
372 213
372 214
372 215
372 216
372 217
372 218
372 219
372 220
373 217
373 218
373 219
373 220
373 221
373 222
373 223
373 224
373 225
373 226
373 227
373 228
373 229
373 230
373 231
373 232
374 230
374 231
374 232
374 233
374 234
374 235
374 236
374 237
374 238
374 239
374 240
374 241
374 242
374 243
374 244
375 243
375 244
375 245
375 246
375 247
375 248
375 249
375 250
375 251
375 252
375 253
375 254
375 255
375 256
376 181
376 182
376 183
376 184
376 185
376 186
376 187
376 188
376 257
376 258
376 259
376 260
376 261
376 262
376 263
376 264
376 265
377 190
377 191
377 192
377 193
377 194
377 195
377 196
377 197
377 198
377 199
377 200
377 201
377 202
377 203
378 202
378 203
378 204
378 205
378 206
378 207
378 208
378 209
378 210
378 211
378 212
378 213
378 214
378 215
378 216
379 214
379 215
379 216
379 217
379 218
379 219
379 220
379 221
379 222
379 223
379 224
379 225
379 226
379 227
379 228
379 229
380 226
380 227
380 228
380 229
380 230
380 231
380 232
380 233
380 234
380 235
380 236
380 237
380 238
380 239
380 240
380 241
381 239
381 240
381 241
381 242
381 243
381 244
381 245
381 246
381 247
381 248
381 249
381 250
381 251
381 252
381 253
382 179
382 180
382 181
382 182
382 183
382 184
382 253
382 254
382 255
382 256
382 257
382 258
382 259
382 260
382 261
382 262
382 263
383 188
383 189
383 190
383 191
383 192
383 193
383 194
383 195
383 196
383 197
383 198
383 199
384 199
384 200
384 201
384 202
384 203
384 204
384 205
384 206
384 207
384 208
384 209
384 210
384 211
384 212
384 213
385 210
385 211
385 212
385 213
385 214
385 215
385 216
385 217
385 218
385 219
385 220
385 221
385 222
385 223
385 224
385 225
385 226
386 223
386 224
386 225
386 226
386 227
386 228
386 229
386 230
386 231
386 232
386 233
386 234
386 235
386 236
386 237
386 238
387 236
387 237
387 238
387 239
387 240
387 241
387 242
387 243
387 244
387 245
387 246
387 247
387 248
387 249
387 250
388 249
388 250
388 251
388 252
388 253
388 254
388 255
388 256
388 257
388 258
388 259
388 260
389 185
389 186
389 187
389 188
389 189
389 190
389 191
389 192
389 193
389 194
389 195
389 265
389 266
389 267
389 268
389 269
390 196
390 197
390 198
390 199
390 200
390 201
390 202
390 203
390 204
390 205
390 206
390 207
390 208
390 209
391 207
391 208
391 209
391 210
391 211
391 212
391 213
391 214
391 215
391 216
391 217
391 218
391 219
391 220
391 221
391 222
392 220
392 221
392 222
392 223
392 224
392 225
392 226
392 227
392 228
392 229
392 230
392 231
392 232
392 233
392 234
392 235
393 232
393 233
393 234
393 235
393 236
393 237
393 238
393 239
393 240
393 241
393 242
393 243
393 244
393 245
393 246
393 247
394 246
394 247
394 248
394 249
394 250
394 251
394 252
394 253
394 254
394 255
394 256
394 257
394 258
395 183
395 184
395 185
395 186
395 187
395 188
395 189
395 190
395 191
395 260
395 261
395 262
395 263
395 264
395 265
395 266
395 267
396 193
396 194
396 195
396 196
396 197
396 198
396 199
396 200
396 201
396 202
396 203
396 204
396 205
396 206
397 204
397 205
397 206
397 207
397 208
397 209
397 210
397 211
397 212
397 213
397 214
397 215
397 216
397 217
397 218
397 219
398 216
398 217
398 218
398 219
398 220
398 221
398 222
398 223
398 224
398 225
398 226
398 227
398 228
398 229
398 230
398 231
398 232
399 229
399 230
399 231
399 232
399 233
399 234
399 235
399 236
399 237
399 238
399 239
399 240
399 241
399 242
399 243
399 244
400 242
400 243
400 244
400 245
400 246
400 247
400 248
400 249
400 250
400 251
400 252
400 253
400 254
400 255
401 180
401 181
401 182
401 183
401 184
401 185
401 186
401 187
401 256
401 257
401 258
401 259
401 260
401 261
401 262
401 263
401 264
401 265
402 190
402 191
402 192
402 193
402 194
402 195
402 196
402 197
402 198
402 199
402 200
402 201
402 202
403 201
403 202
403 203
403 204
403 205
403 206
403 207
403 208
403 209
403 210
403 211
403 212
403 213
403 214
403 215
403 216
404 213
404 214
404 215
404 216
404 217
404 218
404 219
404 220
404 221
404 222
404 223
404 224
404 225
404 226
404 227
404 228
405 225
405 226
405 227
405 228
405 229
405 230
405 231
405 232
405 233
405 234
405 235
405 236
405 237
405 238
405 239
405 240
406 239
406 240
406 241
406 242
406 243
406 244
406 245
406 246
406 247
406 248
406 249
406 250
406 251
406 252
407 179
407 180
407 181
407 182
407 252
407 253
407 254
407 255
407 256
407 257
407 258
407 259
407 260
407 261
407 262
408 187
408 188
408 189
408 190
408 191
408 192
408 193
408 194
408 195
408 196
408 197
408 198
409 198
409 199
409 200
409 201
409 202
409 203
409 204
409 205
409 206
409 207
409 208
409 209
409 210
409 211
409 212
410 210
410 211
410 212
410 213
410 214
410 215
410 216
410 217
410 218
410 219
410 220
410 221
410 222
410 223
410 224
410 225
411 222
411 223
411 224
411 225
411 226
411 227
411 228
411 229
411 230
411 231
411 232
411 233
411 234
411 235
411 236
411 237
412 235
412 236
412 237
412 238
412 239
412 240
412 241
412 242
412 243
412 244
412 245
412 246
412 247
412 248
412 249
413 249
413 250
413 251
413 252
413 253
413 254
413 255
413 256
413 257
413 258
413 259
413 260
414 185
414 186
414 187
414 188
414 189
414 190
414 191
414 192
414 193
414 194
414 264
414 265
414 266
414 267
414 268
414 269
415 195
415 196
415 197
415 198
415 199
415 200
415 201
415 202
415 203
415 204
415 205
415 206
415 207
415 208
416 207
416 208
416 209
416 210
416 211
416 212
416 213
416 214
416 215
416 216
416 217
416 218
416 219
416 220
416 221
416 222
417 219
417 220
417 221
417 222
417 223
417 224
417 225
417 226
417 227
417 228
417 229
417 230
417 231
417 232
417 233
417 234
418 232
418 233
418 234
418 235
418 236
418 237
418 238
418 239
418 240
418 241
418 242
418 243
418 244
418 245
418 246
419 245
419 246
419 247
419 248
419 249
419 250
419 251
419 252
419 253
419 254
419 255
419 256
419 257
420 182
420 183
420 184
420 185
420 186
420 187
420 188
420 189
420 190
420 260
420 261
420 262
420 263
420 264
420 265
420 266
420 267
421 192
421 193
421 194
421 195
421 196
421 197
421 198
421 199
421 200
421 201
421 202
421 203
421 204
421 205
422 203
422 204
422 205
422 206
422 207
422 208
422 209
422 210
422 211
422 212
422 213
422 214
422 215
422 216
422 217
422 218
423 215
423 216
423 217
423 218
423 219
423 220
423 221
423 222
423 223
423 224
423 225
423 226
423 227
423 228
423 229
423 230
423 231
424 228
424 229
424 230
424 231
424 232
424 233
424 234
424 235
424 236
424 237
424 238
424 239
424 240
424 241
424 242
424 243
425 241
425 242
425 243
425 244
425 245
425 246
425 247
425 248
425 249
425 250
425 251
425 252
425 253
425 254
426 180
426 181
426 182
426 183
426 184
426 185
426 186
426 255
426 256
426 257
426 258
426 259
426 260
426 261
426 262
426 263
426 264
427 189
427 190
427 191
427 192
427 193
427 194
427 195
427 196
427 197
427 198
427 199
427 200
427 201
428 200
428 201
428 202
428 203
428 204
428 205
428 206
428 207
428 208
428 209
428 210
428 211
428 212
428 213
428 214
428 215
429 212
429 213
429 214
429 215
429 216
429 217
429 218
429 219
429 220
429 221
429 222
429 223
429 224
429 225
429 226
429 227
430 225
430 226
430 227
430 228
430 229
430 230
430 231
430 232
430 233
430 234
430 235
430 236
430 237
430 238
430 239
430 240
431 238
431 239
431 240
431 241
431 242
431 243
431 244
431 245
431 246
431 247
431 248
431 249
431 250
431 251
432 252
432 253
432 254
432 255
432 256
432 257
432 258
432 259
432 260
432 261
432 262
433 187
433 188
433 189
433 190
433 191
433 192
433 193
433 194
433 195
433 196
433 197
433 269
434 197
434 198
434 199
434 200
434 201
434 202
434 203
434 204
434 205
434 206
434 207
434 208
434 209
434 210
434 211
435 209
435 210
435 211
435 212
435 213
435 214
435 215
435 216
435 217
435 218
435 219
435 220
435 221
435 222
435 223
435 224
436 221
436 222
436 223
436 224
436 225
436 226
436 227
436 228
436 229
436 230
436 231
436 232
436 233
436 234
436 235
436 236
437 234
437 235
437 236
437 237
437 238
437 239
437 240
437 241
437 242
437 243
437 244
437 245
437 246
437 247
437 248
438 248
438 249
438 250
438 251
438 252
438 253
438 254
438 255
438 256
438 257
438 258
438 259
439 184
439 185
439 186
439 187
439 188
439 189
439 190
439 191
439 192
439 193
439 263
439 264
439 265
439 266
439 267
439 268
440 194
440 195
440 196
440 197
440 198
440 199
440 200
440 201
440 202
440 203
440 204
440 205
440 206
440 207
441 206
441 207
441 208
441 209
441 210
441 211
441 212
441 213
441 214
441 215
441 216
441 217
441 218
441 219
441 220
441 221
442 218
442 219
442 220
442 221
442 222
442 223
442 224
442 225
442 226
442 227
442 228
442 229
442 230
442 231
442 232
442 233
443 231
443 232
443 233
443 234
443 235
443 236
443 237
443 238
443 239
443 240
443 241
443 242
443 243
443 244
443 245
444 244
444 245
444 246
444 247
444 248
444 249
444 250
444 251
444 252
444 253
444 254
444 255
444 256
445 182
445 183
445 184
445 185
445 186
445 187
445 188
445 189
445 259
445 260
445 261
445 262
445 263
445 264
445 265
445 266
446 191
446 192
446 193
446 194
446 195
446 196
446 197
446 198
446 199
446 200
446 201
446 202
446 203
446 204
447 203
447 204
447 205
447 206
447 207
447 208
447 209
447 210
447 211
447 212
447 213
447 214
447 215
447 216
447 217
448 215
448 216
448 217
448 218
448 219
448 220
448 221
448 222
448 223
448 224
448 225
448 226
448 227
448 228
448 229
448 230
449 227
449 228
449 229
449 230
449 231
449 232
449 233
449 234
449 235
449 236
449 237
449 238
449 239
449 240
449 241
449 242
450 240
450 241
450 242
450 243
450 244
450 245
450 246
450 247
450 248
450 249
450 250
450 251
450 252
450 253
451 180
451 181
451 182
451 183
451 184
451 255
451 256
451 257
451 258
451 259
451 260
451 261
451 262
451 263
451 264
452 189
452 190
452 191
452 192
452 193
452 194
452 195
452 196
452 197
452 198
452 199
452 200
453 199
453 200
453 201
453 202
453 203
453 204
453 205
453 206
453 207
453 208
453 209
453 210
453 211
453 212
453 213
453 214
454 211
454 212
454 213
454 214
454 215
454 216
454 217
454 218
454 219
454 220
454 221
454 222
454 223
454 224
454 225
454 226
454 227
455 224
455 225
455 226
455 227
455 228
455 229
455 230
455 231
455 232
455 233
455 234
455 235
455 236
455 237
455 238
455 239
456 237
456 238
456 239
456 240
456 241
456 242
456 243
456 244
456 245
456 246
456 247
456 248
456 249
456 250
456 251
457 251
457 252
457 253
457 254
457 255
457 256
457 257
457 258
457 259
457 260
457 261
458 186
458 187
458 188
458 189
458 190
458 191
458 192
458 193
458 194
458 195
458 196
458 267
458 268
458 269
459 196
459 197
459 198
459 199
459 200
459 201
459 202
459 203
459 204
459 205
459 206
459 207
459 208
459 209
459 210
460 208
460 209
460 210
460 211
460 212
460 213
460 214
460 215
460 216
460 217
460 218
460 219
460 220
460 221
460 222
460 223
461 220
461 221
461 222
461 223
461 224
461 225
461 226
461 227
461 228
461 229
461 230
461 231
461 232
461 233
461 234
461 235
461 236
462 233
462 234
462 235
462 236
462 237
462 238
462 239
462 240
462 241
462 242
462 243
462 244
462 245
462 246
462 247
462 248
463 247
463 248
463 249
463 250
463 251
463 252
463 253
463 254
463 255
463 256
463 257
463 258
463 259
464 183
464 184
464 185
464 186
464 187
464 188
464 189
464 190
464 191
464 192
464 262
464 263
464 264
464 265
464 266
464 267
464 268
465 193
465 194
465 195
465 196
465 197
465 198
465 199
465 200
465 201
465 202
465 203
465 204
465 205
465 206
466 205
466 206
466 207
466 208
466 209
466 210
466 211
466 212
466 213
466 214
466 215
466 216
466 217
466 218
466 219
466 220
467 217
467 218
467 219
467 220
467 221
467 222
467 223
467 224
467 225
467 226
467 227
467 228
467 229
467 230
467 231
467 232
468 230
468 231
468 232
468 233
468 234
468 235
468 236
468 237
468 238
468 239
468 240
468 241
468 242
468 243
468 244
469 243
469 244
469 245
469 246
469 247
469 248
469 249
469 250
469 251
469 252
469 253
469 254
469 255
469 256
470 181
470 182
470 183
470 184
470 185
470 186
470 187
470 258
470 259
470 260
470 261
470 262
470 263
470 264
470 265
470 266
471 191
471 192
471 193
471 194
471 195
471 196
471 197
471 198
471 199
471 200
471 201
471 202
471 203
472 202
472 203
472 204
472 205
472 206
472 207
472 208
472 209
472 210
472 211
472 212
472 213
472 214
472 215
472 216
473 214
473 215
473 216
473 217
473 218
473 219
473 220
473 221
473 222
473 223
473 224
473 225
473 226
473 227
473 228
473 229
474 226
474 227
474 228
474 229
474 230
474 231
474 232
474 233
474 234
474 235
474 236
474 237
474 238
474 239
474 240
474 241
475 240
475 241
475 242
475 243
475 244
475 245
475 246
475 247
475 248
475 249
475 250
475 251
475 252
475 253
476 180
476 181
476 182
476 254
476 255
476 256
476 257
476 258
476 259
476 260
476 261
476 262
476 263
477 188
477 189
477 190
477 191
477 192
477 193
477 194
477 195
477 196
477 197
477 198
477 199
478 199
478 200
478 201
478 202
478 203
478 204
478 205
478 206
478 207
478 208
478 209
478 210
478 211
478 212
478 213
479 210
479 211
479 212
479 213
479 214
479 215
479 216
479 217
479 218
479 219
479 220
479 221
479 222
479 223
479 224
479 225
479 226
480 223
480 224
480 225
480 226
480 227
480 228
480 229
480 230
480 231
480 232
480 233
480 234
480 235
480 236
480 237
480 238
481 236
481 237
481 238
481 239
481 240
481 241
481 242
481 243
481 244
481 245
481 246
481 247
481 248
481 249
481 250
482 250
482 251
482 252
482 253
482 254
482 255
482 256
482 257
482 258
482 259
482 260
482 261
483 185
483 186
483 187
483 188
483 189
483 190
483 191
483 192
483 193
483 194
483 195
483 266
483 267
483 268
483 269
484 196
484 197
484 198
484 199
484 200
484 201
484 202
484 203
484 204
484 205
484 206
484 207
484 208
484 209
485 207
485 208
485 209
485 210
485 211
485 212
485 213
485 214
485 215
485 216
485 217
485 218
485 219
485 220
485 221
485 222
486 220
486 221
486 222
486 223
486 224
486 225
486 226
486 227
486 228
486 229
486 230
486 231
486 232
486 233
486 234
486 235
487 232
487 233
487 234
487 235
487 236
487 237
487 238
487 239
487 240
487 241
487 242
487 243
487 244
487 245
487 246
487 247
488 246
488 247
488 248
488 249
488 250
488 251
488 252
488 253
488 254
488 255
488 256
488 257
488 258
489 183
489 184
489 185
489 186
489 187
489 188
489 189
489 190
489 191
489 261
489 262
489 263
489 264
489 265
489 266
489 267
490 193
490 194
490 195
490 196
490 197
490 198
490 199
490 200
490 201
490 202
490 203
490 204
490 205
491 204
491 205
491 206
491 207
491 208
491 209
491 210
491 211
491 212
491 213
491 214
491 215
491 216
491 217
491 218
491 219
492 216
492 217
492 218
492 219
492 220
492 221
492 222
492 223
492 224
492 225
492 226
492 227
492 228
492 229
492 230
492 231
493 229
493 230
493 231
493 232
493 233
493 234
493 235
493 236
493 237
493 238
493 239
493 240
493 241
493 242
493 243
493 244
494 242
494 243
494 244
494 245
494 246
494 247
494 248
494 249
494 250
494 251
494 252
494 253
494 254
494 255
495 181
495 182
495 183
495 184
495 185
495 186
495 257
495 258
495 259
495 260
495 261
495 262
495 263
495 264
495 265
496 190
496 191
496 192
496 193
496 194
496 195
496 196
496 197
496 198
496 199
496 200
496 201
496 202
497 201
497 202
497 203
497 204
497 205
497 206
497 207
497 208
497 209
497 210
497 211
497 212
497 213
497 214
497 215
498 213
498 214
498 215
498 216
498 217
498 218
498 219
498 220
498 221
498 222
498 223
498 224
498 225
498 226
498 227
498 228
499 225
499 226
499 227
499 228
499 229
499 230
499 231
499 232
499 233
499 234
499 235
499 236
499 237
499 238
499 239
499 240
500 239
500 240
500 241
500 242
500 243
500 244
500 245
500 246
500 247
500 248
500 249
500 250
500 251
500 252
501 253
501 254
501 255
501 256
501 257
501 258
501 259
501 260
501 261
501 262
501 263
502 187
502 188
502 189
502 190
502 191
502 192
502 193
502 194
502 195
502 196
502 197
502 198
503 198
503 199
503 200
503 201
503 202
503 203
503 204
503 205
503 206
503 207
503 208
503 209
503 210
503 211
503 212
504 210
504 211
504 212
504 213
504 214
504 215
504 216
504 217
504 218
504 219
504 220
504 221
504 222
504 223
504 224
504 225
505 222
505 223
505 224
505 225
505 226
505 227
505 228
505 229
505 230
505 231
505 232
505 233
505 234
505 235
505 236
505 237
506 235
506 236
506 237
506 238
506 239
506 240
506 241
506 242
506 243
506 244
506 245
506 246
506 247
506 248
506 249
507 249
507 250
507 251
507 252
507 253
507 254
507 255
507 256
507 257
507 258
507 259
507 260
508 185
508 186
508 187
508 188
508 189
508 190
508 191
508 192
508 193
508 194
508 265
508 266
508 267
508 268
508 269
509 195
509 196
509 197
509 198
509 199
509 200
509 201
509 202
509 203
509 204
509 205
509 206
509 207
509 208
510 206
510 207
510 208
510 209
510 210
510 211
510 212
510 213
510 214
510 215
510 216
510 217
510 218
510 219
510 220
510 221
511 219
511 220
511 221
511 222
511 223
511 224
511 225
511 226
511 227
511 228
511 229
511 230
511 231
511 232
511 233
511 234
512 231
512 232
512 233
512 234
512 235
512 236
512 237
512 238
512 239
512 240
512 241
512 242
512 243
512 244
512 245
512 246
513 245
513 246
513 247
513 248
513 249
513 250
513 251
513 252
513 253
513 254
513 255
513 256
513 257
514 182
514 183
514 184
514 185
514 186
514 187
514 188
514 189
514 260
514 261
514 262
514 263
514 264
514 265
514 266
514 267
515 192
515 193
515 194
515 195
515 196
515 197
515 198
515 199
515 200
515 201
515 202
515 203
515 204
516 203
516 204
516 205
516 206
516 207
516 208
516 209
516 210
516 211
516 212
516 213
516 214
516 215
516 216
516 217
516 218
517 215
517 216
517 217
517 218
517 219
517 220
517 221
517 222
517 223
517 224
517 225
517 226
517 227
517 228
517 229
517 230
517 231
518 228
518 229
518 230
518 231
518 232
518 233
518 234
518 235
518 236
518 237
518 238
518 239
518 240
518 241
518 242
518 243
519 241
519 242
519 243
519 244
519 245
519 246
519 247
519 248
519 249
519 250
519 251
519 252
519 253
519 254
520 181
520 182
520 183
520 184
520 256
520 257
520 258
520 259
520 260
520 261
520 262
520 263
520 264
520 265
521 189
521 190
521 191
521 192
521 193
521 194
521 195
521 196
521 197
521 198
521 199
521 200
522 200
522 201
522 202
522 203
522 204
522 205
522 206
522 207
522 208
522 209
522 210
522 211
522 212
522 213
522 214
523 212
523 213
523 214
523 215
523 216
523 217
523 218
523 219
523 220
523 221
523 222
523 223
523 224
523 225
523 226
523 227
524 224
524 225
524 226
524 227
524 228
524 229
524 230
524 231
524 232
524 233
524 234
524 235
524 236
524 237
524 238
524 239
524 240
525 238
525 239
525 240
525 241
525 242
525 243
525 244
525 245
525 246
525 247
525 248
525 249
525 250
525 251
526 252
526 253
526 254
526 255
526 256
526 257
526 258
526 259
526 260
526 261
526 262
527 187
527 188
527 189
527 190
527 191
527 192
527 193
527 194
527 195
527 196
528 197
528 198
528 199
528 200
528 201
528 202
528 203
528 204
528 205
528 206
528 207
528 208
528 209
528 210
528 211
529 209
529 210
529 211
529 212
529 213
529 214
529 215
529 216
529 217
529 218
529 219
529 220
529 221
529 222
529 223
529 224
530 221
530 222
530 223
530 224
530 225
530 226
530 227
530 228
530 229
530 230
530 231
530 232
530 233
530 234
530 235
530 236
531 234
531 235
531 236
531 237
531 238
531 239
531 240
531 241
531 242
531 243
531 244
531 245
531 246
531 247
531 248
532 248
532 249
532 250
532 251
532 252
532 253
532 254
532 255
532 256
532 257
532 258
532 259
533 184
533 185
533 186
533 187
533 188
533 189
533 190
533 191
533 192
533 263
533 264
533 265
533 266
533 267
533 268
534 194
534 195
534 196
534 197
534 198
534 199
534 200
534 201
534 202
534 203
534 204
534 205
534 206
534 207
535 205
535 206
535 207
535 208
535 209
535 210
535 211
535 212
535 213
535 214
535 215
535 216
535 217
535 218
535 219
535 220
536 218
536 219
536 220
536 221
536 222
536 223
536 224
536 225
536 226
536 227
536 228
536 229
536 230
536 231
536 232
536 233
537 230
537 231
537 232
537 233
537 234
537 235
537 236
537 237
537 238
537 239
537 240
537 241
537 242
537 243
537 244
537 245
538 244
538 245
538 246
538 247
538 248
538 249
538 250
538 251
538 252
538 253
538 254
538 255
538 256
539 182
539 183
539 184
539 185
539 186
539 187
539 188
539 259
539 260
539 261
539 262
539 263
539 264
539 265
539 266
540 191
540 192
540 193
540 194
540 195
540 196
540 197
540 198
540 199
540 200
540 201
540 202
540 203
541 202
541 203
541 204
541 205
541 206
541 207
541 208
541 209
541 210
541 211
541 212
541 213
541 214
541 215
541 216
541 217
542 214
542 215
542 216
542 217
542 218
542 219
542 220
542 221
542 222
542 223
542 224
542 225
542 226
542 227
542 228
542 229
542 230
543 227
543 228
543 229
543 230
543 231
543 232
543 233
543 234
543 235
543 236
543 237
543 238
543 239
543 240
543 241
543 242
544 240
544 241
544 242
544 243
544 244
544 245
544 246
544 247
544 248
544 249
544 250
544 251
544 252
544 253
544 254
545 182
545 255
545 256
545 257
545 258
545 259
545 260
545 261
545 262
545 263
545 264
546 188
546 189
546 190
546 191
546 192
546 193
546 194
546 195
546 196
546 197
546 198
546 199
547 199
547 200
547 201
547 202
547 203
547 204
547 205
547 206
547 207
547 208
547 209
547 210
547 211
547 212
547 213
548 211
548 212
548 213
548 214
548 215
548 216
548 217
548 218
548 219
548 220
548 221
548 222
548 223
548 224
548 225
548 226
549 223
549 224
549 225
549 226
549 227
549 228
549 229
549 230
549 231
549 232
549 233
549 234
549 235
549 236
549 237
549 238
549 239
550 237
550 238
550 239
550 240
550 241
550 242
550 243
550 244
550 245
550 246
550 247
550 248
550 249
550 250
550 251
551 251
551 252
551 253
551 254
551 255
551 256
551 257
551 258
551 259
551 260
551 261
552 186
552 187
552 188
552 189
552 190
552 191
552 192
552 193
552 194
552 195
552 268
552 269
553 196
553 197
553 198
553 199
553 200
553 201
553 202
553 203
553 204
553 205
553 206
553 207
553 208
553 209
554 208
554 209
554 210
554 211
554 212
554 213
554 214
554 215
554 216
554 217
554 218
554 219
554 220
554 221
554 222
554 223
555 220
555 221
555 222
555 223
555 224
555 225
555 226
555 227
555 228
555 229
555 230
555 231
555 232
555 233
555 234
555 235
556 233
556 234
556 235
556 236
556 237
556 238
556 239
556 240
556 241
556 242
556 243
556 244
556 245
556 246
556 247
557 247
557 248
557 249
557 250
557 251
557 252
557 253
557 254
557 255
557 256
557 257
557 258
557 259
558 184
558 185
558 186
558 187
558 188
558 189
558 190
558 191
558 262
558 263
558 264
558 265
558 266
558 267
558 268
559 193
559 194
559 195
559 196
559 197
559 198
559 199
559 200
559 201
559 202
559 203
559 204
559 205
559 206
560 205
560 206
560 207
560 208
560 209
560 210
560 211
560 212
560 213
560 214
560 215
560 216
560 217
560 218
560 219
561 217
561 218
561 219
561 220
561 221
561 222
561 223
561 224
561 225
561 226
561 227
561 228
561 229
561 230
561 231
561 232
562 229
562 230
562 231
562 232
562 233
562 234
562 235
562 236
562 237
562 238
562 239
562 240
562 241
562 242
562 243
562 244
563 243
563 244
563 245
563 246
563 247
563 248
563 249
563 250
563 251
563 252
563 253
563 254
563 255
563 256
564 182
564 183
564 184
564 185
564 186
564 258
564 259
564 260
564 261
564 262
564 263
564 264
564 265
564 266
565 190
565 191
565 192
565 193
565 194
565 195
565 196
565 197
565 198
565 199
565 200
565 201
565 202
566 201
566 202
566 203
566 204
566 205
566 206
566 207
566 208
566 209
566 210
566 211
566 212
566 213
566 214
566 215
566 216
567 213
567 214
567 215
567 216
567 217
567 218
567 219
567 220
567 221
567 222
567 223
567 224
567 225
567 226
567 227
567 228
567 229
568 226
568 227
568 228
568 229
568 230
568 231
568 232
568 233
568 234
568 235
568 236
568 237
568 238
568 239
568 240
568 241
569 239
569 240
569 241
569 242
569 243
569 244
569 245
569 246
569 247
569 248
569 249
569 250
569 251
569 252
569 253
570 254
570 255
570 256
570 257
570 258
570 259
570 260
570 261
570 262
570 263
571 188
571 189
571 190
571 191
571 192
571 193
571 194
571 195
571 196
571 197
571 198
572 198
572 199
572 200
572 201
572 202
572 203
572 204
572 205
572 206
572 207
572 208
572 209
572 210
572 211
572 212
573 210
573 211
573 212
573 213
573 214
573 215
573 216
573 217
573 218
573 219
573 220
573 221
573 222
573 223
573 224
573 225
574 222
574 223
574 224
574 225
574 226
574 227
574 228
574 229
574 230
574 231
574 232
574 233
574 234
574 235
574 236
574 237
574 238
575 236
575 237
575 238
575 239
575 240
575 241
575 242
575 243
575 244
575 245
575 246
575 247
575 248
575 249
575 250
576 250
576 251
576 252
576 253
576 254
576 255
576 256
576 257
576 258
576 259
576 260
576 261
577 185
577 186
577 187
577 188
577 189
577 190
577 191
577 192
577 193
577 194
577 266
577 267
577 268
577 269
578 195
578 196
578 197
578 198
578 199
578 200
578 201
578 202
578 203
578 204
578 205
578 206
578 207
578 208
579 207
579 208
579 209
579 210
579 211
579 212
579 213
579 214
579 215
579 216
579 217
579 218
579 219
579 220
579 221
579 222
580 219
580 220
580 221
580 222
580 223
580 224
580 225
580 226
580 227
580 228
580 229
580 230
580 231
580 232
580 233
580 234
580 235
581 232
581 233
581 234
581 235
581 236
581 237
581 238
581 239
581 240
581 241
581 242
581 243
581 244
581 245
581 246
581 247
582 246
582 247
582 248
582 249
582 250
582 251
582 252
582 253
582 254
582 255
582 256
582 257
582 258
583 183
583 184
583 185
583 186
583 187
583 188
583 189
583 261
583 262
583 263
583 264
583 265
583 266
583 267
583 268
584 192
584 193
584 194
584 195
584 196
584 197
584 198
584 199
584 200
584 201
584 202
584 203
584 204
584 205
585 204
585 205
585 206
585 207
585 208
585 209
585 210
585 211
585 212
585 213
585 214
585 215
585 216
585 217
585 218
586 216
586 217
586 218
586 219
586 220
586 221
586 222
586 223
586 224
586 225
586 226
586 227
586 228
586 229
586 230
586 231
587 228
587 229
587 230
587 231
587 232
587 233
587 234
587 235
587 236
587 237
587 238
587 239
587 240
587 241
587 242
587 243
587 244
588 242
588 243
588 244
588 245
588 246
588 247
588 248
588 249
588 250
588 251
588 252
588 253
588 254
588 255
589 182
589 183
589 184
589 256
589 257
589 258
589 259
589 260
589 261
589 262
589 263
589 264
589 265
590 190
590 191
590 192
590 193
590 194
590 195
590 196
590 197
590 198
590 199
590 200
590 201
591 200
591 201
591 202
591 203
591 204
591 205
591 206
591 207
591 208
591 209
591 210
591 211
591 212
591 213
591 214
591 215
592 212
592 213
592 214
592 215
592 216
592 217
592 218
592 219
592 220
592 221
592 222
592 223
592 224
592 225
592 226
592 227
592 228
593 225
593 226
593 227
593 228
593 229
593 230
593 231
593 232
593 233
593 234
593 235
593 236
593 237
593 238
593 239
593 240
594 238
594 239
594 240
594 241
594 242
594 243
594 244
594 245
594 246
594 247
594 248
594 249
594 250
594 251
594 252
595 252
595 253
595 254
595 255
595 256
595 257
595 258
595 259
595 260
595 261
595 262
595 263
596 187
596 188
596 189
596 190
596 191
596 192
596 193
596 194
596 195
596 196
596 197
597 197
597 198
597 199
597 200
597 201
597 202
597 203
597 204
597 205
597 206
597 207
597 208
597 209
597 210
597 211
598 209
598 210
598 211
598 212
598 213
598 214
598 215
598 216
598 217
598 218
598 219
598 220
598 221
598 222
598 223
598 224
599 221
599 222
599 223
599 224
599 225
599 226
599 227
599 228
599 229
599 230
599 231
599 232
599 233
599 234
599 235
599 236
599 237
600 235
600 236
600 237
600 238
600 239
600 240
600 241
600 242
600 243
600 244
600 245
600 246
600 247
600 248
600 249
601 248
601 249
601 250
601 251
601 252
601 253
601 254
601 255
601 256
601 257
601 258
601 259
601 260
602 184
602 185
602 186
602 187
602 188
602 189
602 190
602 191
602 192
602 193
602 264
602 265
602 266
602 267
602 268
602 269
603 194
603 195
603 196
603 197
603 198
603 199
603 200
603 201
603 202
603 203
603 204
603 205
603 206
603 207
604 206
604 207
604 208
604 209
604 210
604 211
604 212
604 213
604 214
604 215
604 216
604 217
604 218
604 219
604 220
604 221
605 218
605 219
605 220
605 221
605 222
605 223
605 224
605 225
605 226
605 227
605 228
605 229
605 230
605 231
605 232
605 233
605 234
606 231
606 232
606 233
606 234
606 235
606 236
606 237
606 238
606 239
606 240
606 241
606 242
606 243
606 244
606 245
606 246
607 245
607 246
607 247
607 248
607 249
607 250
607 251
607 252
607 253
607 254
607 255
607 256
607 257
608 182
608 183
608 184
608 185
608 186
608 187
608 188
608 260
608 261
608 262
608 263
608 264
608 265
608 266
608 267
609 191
609 192
609 193
609 194
609 195
609 196
609 197
609 198
609 199
609 200
609 201
609 202
609 203
610 203
610 204
610 205
610 206
610 207
610 208
610 209
610 210
610 211
610 212
610 213
610 214
610 215
610 216
610 217
611 215
611 216
611 217
611 218
611 219
611 220
611 221
611 222
611 223
611 224
611 225
611 226
611 227
611 228
611 229
611 230
612 227
612 228
612 229
612 230
612 231
612 232
612 233
612 234
612 235
612 236
612 237
612 238
612 239
612 240
612 241
612 242
612 243
613 241
613 242
613 243
613 244
613 245
613 246
613 247
613 248
613 249
613 250
613 251
613 252
613 253
613 254
614 255
614 256
614 257
614 258
614 259
614 260
614 261
614 262
614 263
614 264
614 265
615 189
615 190
615 191
615 192
615 193
615 194
615 195
615 196
615 197
615 198
615 199
615 200
616 199
616 200
616 201
616 202
616 203
616 204
616 205
616 206
616 207
616 208
616 209
616 210
616 211
616 212
616 213
616 214
617 211
617 212
617 213
617 214
617 215
617 216
617 217
617 218
617 219
617 220
617 221
617 222
617 223
617 224
617 225
617 226
617 227
618 224
618 225
618 226
618 227
618 228
618 229
618 230
618 231
618 232
618 233
618 234
618 235
618 236
618 237
618 238
618 239
619 237
619 238
619 239
619 240
619 241
619 242
619 243
619 244
619 245
619 246
619 247
619 248
619 249
619 250
619 251
620 251
620 252
620 253
620 254
620 255
620 256
620 257
620 258
620 259
620 260
620 261
620 262
621 186
621 187
621 188
621 189
621 190
621 191
621 192
621 193
621 194
621 195
621 269
622 196
622 197
622 198
622 199
622 200
622 201
622 202
622 203
622 204
622 205
622 206
622 207
622 208
622 209
622 210
623 208
623 209
623 210
623 211
623 212
623 213
623 214
623 215
623 216
623 217
623 218
623 219
623 220
623 221
623 222
623 223
624 220
624 221
624 222
624 223
624 224
624 225
624 226
624 227
624 228
624 229
624 230
624 231
624 232
624 233
624 234
624 235
624 236
625 233
625 234
625 235
625 236
625 237
625 238
625 239
625 240
625 241
625 242
625 243
625 244
625 245
625 246
625 247
625 248
626 247
626 248
626 249
626 250
626 251
626 252
626 253
626 254
626 255
626 256
626 257
626 258
626 259
626 260
627 184
627 185
627 186
627 187
627 188
627 189
627 190
627 191
627 263
627 264
627 265
627 266
627 267
627 268
627 269
628 193
628 194
628 195
628 196
628 197
628 198
628 199
628 200
628 201
628 202
628 203
628 204
628 205
628 206
629 205
629 206
629 207
629 208
629 209
629 210
629 211
629 212
629 213
629 214
629 215
629 216
629 217
629 218
629 219
629 220
630 217
630 218
630 219
630 220
630 221
630 222
630 223
630 224
630 225
630 226
630 227
630 228
630 229
630 230
630 231
630 232
630 233
631 230
631 231
631 232
631 233
631 234
631 235
631 236
631 237
631 238
631 239
631 240
631 241
631 242
631 243
631 244
631 245
632 243
632 244
632 245
632 246
632 247
632 248
632 249
632 250
632 251
632 252
632 253
632 254
632 255
632 256
632 257
633 182
633 183
633 184
633 185
633 186
633 258
633 259
633 260
633 261
633 262
633 263
633 264
633 265
633 266
633 267
634 190
634 191
634 192
634 193
634 194
634 195
634 196
634 197
634 198
634 199
634 200
634 201
634 202
635 202
635 203
635 204
635 205
635 206
635 207
635 208
635 209
635 210
635 211
635 212
635 213
635 214
635 215
635 216
636 214
636 215
636 216
636 217
636 218
636 219
636 220
636 221
636 222
636 223
636 224
636 225
636 226
636 227
636 228
636 229
637 226
637 227
637 228
637 229
637 230
637 231
637 232
637 233
637 234
637 235
637 236
637 237
637 238
637 239
637 240
637 241
637 242
638 240
638 241
638 242
638 243
638 244
638 245
638 246
638 247
638 248
638 249
638 250
638 251
638 252
638 253
638 254
639 254
639 255
639 256
639 257
639 258
639 259
639 260
639 261
639 262
639 263
639 264
640 188
640 189
640 190
640 191
640 192
640 193
640 194
640 195
640 196
640 197
640 198
641 198
641 199
641 200
641 201
641 202
641 203
641 204
641 205
641 206
641 207
641 208
641 209
641 210
641 211
641 212
641 213
642 210
642 211
642 212
642 213
642 214
642 215
642 216
642 217
642 218
642 219
642 220
642 221
642 222
642 223
642 224
642 225
642 226
643 223
643 224
643 225
643 226
643 227
643 228
643 229
643 230
643 231
643 232
643 233
643 234
643 235
643 236
643 237
643 238
643 239
644 236
644 237
644 238
644 239
644 240
644 241
644 242
644 243
644 244
644 245
644 246
644 247
644 248
644 249
644 250
644 251
645 250
645 251
645 252
645 253
645 254
645 255
645 256
645 257
645 258
645 259
645 260
645 261
645 262
646 185
646 186
646 187
646 188
646 189
646 190
646 191
646 192
646 193
646 194
646 267
646 268
646 269
646 270
647 195
647 196
647 197
647 198
647 199
647 200
647 201
647 202
647 203
647 204
647 205
647 206
647 207
647 208
647 209
648 207
648 208
648 209
648 210
648 211
648 212
648 213
648 214
648 215
648 216
648 217
648 218
648 219
648 220
648 221
648 222
649 219
649 220
649 221
649 222
649 223
649 224
649 225
649 226
649 227
649 228
649 229
649 230
649 231
649 232
649 233
649 234
649 235
650 232
650 233
650 234
650 235
650 236
650 237
650 238
650 239
650 240
650 241
650 242
650 243
650 244
650 245
650 246
650 247
651 246
651 247
651 248
651 249
651 250
651 251
651 252
651 253
651 254
651 255
651 256
651 257
651 258
651 259
652 183
652 184
652 185
652 186
652 187
652 188
652 189
652 190
652 262
652 263
652 264
652 265
652 266
652 267
652 268
653 192
653 193
653 194
653 195
653 196
653 197
653 198
653 199
653 200
653 201
653 202
653 203
653 204
653 205
654 204
654 205
654 206
654 207
654 208
654 209
654 210
654 211
654 212
654 213
654 214
654 215
654 216
654 217
654 218
654 219
655 216
655 217
655 218
655 219
655 220
655 221
655 222
655 223
655 224
655 225
655 226
655 227
655 228
655 229
655 230
655 231
655 232
656 229
656 230
656 231
656 232
656 233
656 234
656 235
656 236
656 237
656 238
656 239
656 240
656 241
656 242
656 243
656 244
657 242
657 243
657 244
657 245
657 246
657 247
657 248
657 249
657 250
657 251
657 252
657 253
657 254
657 255
657 256
658 181
658 182
658 183
658 184
658 185
658 257
658 258
658 259
658 260
658 261
658 262
658 263
658 264
658 265
658 266
659 190
659 191
659 192
659 193
659 194
659 195
659 196
659 197
659 198
659 199
659 200
659 201
660 200
660 201
660 202
660 203
660 204
660 205
660 206
660 207
660 208
660 209
660 210
660 211
660 212
660 213
660 214
660 215
661 212
661 213
661 214
661 215
661 216
661 217
661 218
661 219
661 220
661 221
661 222
661 223
661 224
661 225
661 226
661 227
661 228
662 225
662 226
662 227
662 228
662 229
662 230
662 231
662 232
662 233
662 234
662 235
662 236
662 237
662 238
662 239
662 240
662 241
663 239
663 240
663 241
663 242
663 243
663 244
663 245
663 246
663 247
663 248
663 249
663 250
663 251
663 252
663 253
664 253
664 254
664 255
664 256
664 257
664 258
664 259
664 260
664 261
664 262
664 263
664 264
665 187
665 188
665 189
665 190
665 191
665 192
665 193
665 194
665 195
665 196
665 197
666 197
666 198
666 199
666 200
666 201
666 202
666 203
666 204
666 205
666 206
666 207
666 208
666 209
666 210
666 211
666 212
667 209
667 210
667 211
667 212
667 213
667 214
667 215
667 216
667 217
667 218
667 219
667 220
667 221
667 222
667 223
667 224
667 225
668 222
668 223
668 224
668 225
668 226
668 227
668 228
668 229
668 230
668 231
668 232
668 233
668 234
668 235
668 236
668 237
668 238
669 235
669 236
669 237
669 238
669 239
669 240
669 241
669 242
669 243
669 244
669 245
669 246
669 247
669 248
669 249
669 250
670 249
670 250
670 251
670 252
670 253
670 254
670 255
670 256
670 257
670 258
670 259
670 260
670 261
671 184
671 185
671 186
671 187
671 188
671 189
671 190
671 191
671 192
671 193
671 265
671 266
671 267
671 268
671 269
671 270
672 194
672 195
672 196
672 197
672 198
672 199
672 200
672 201
672 202
672 203
672 204
672 205
672 206
672 207
672 208
673 206
673 207
673 208
673 209
673 210
673 211
673 212
673 213
673 214
673 215
673 216
673 217
673 218
673 219
673 220
673 221
674 218
674 219
674 220
674 221
674 222
674 223
674 224
674 225
674 226
674 227
674 228
674 229
674 230
674 231
674 232
674 233
674 234
675 231
675 232
675 233
675 234
675 235
675 236
675 237
675 238
675 239
675 240
675 241
675 242
675 243
675 244
675 245
675 246
675 247
676 245
676 246
676 247
676 248
676 249
676 250
676 251
676 252
676 253
676 254
676 255
676 256
676 257
676 258
677 182
677 183
677 184
677 185
677 186
677 187
677 188
677 189
677 260
677 261
677 262
677 263
677 264
677 265
677 266
677 267
677 268
678 191
678 192
678 193
678 194
678 195
678 196
678 197
678 198
678 199
678 200
678 201
678 202
678 203
678 204
679 203
679 204
679 205
679 206
679 207
679 208
679 209
679 210
679 211
679 212
679 213
679 214
679 215
679 216
679 217
679 218
680 215
680 216
680 217
680 218
680 219
680 220
680 221
680 222
680 223
680 224
680 225
680 226
680 227
680 228
680 229
680 230
680 231
681 228
681 229
681 230
681 231
681 232
681 233
681 234
681 235
681 236
681 237
681 238
681 239
681 240
681 241
681 242
681 243
682 241
682 242
682 243
682 244
682 245
682 246
682 247
682 248
682 249
682 250
682 251
682 252
682 253
682 254
682 255
683 181
683 182
683 183
683 256
683 257
683 258
683 259
683 260
683 261
683 262
683 263
683 264
683 265
683 266
684 189
684 190
684 191
684 192
684 193
684 194
684 195
684 196
684 197
684 198
684 199
684 200
685 199
685 200
685 201
685 202
685 203
685 204
685 205
685 206
685 207
685 208
685 209
685 210
685 211
685 212
685 213
685 214
686 211
686 212
686 213
686 214
686 215
686 216
686 217
686 218
686 219
686 220
686 221
686 222
686 223
686 224
686 225
686 226
686 227
686 228
687 224
687 225
687 226
687 227
687 228
687 229
687 230
687 231
687 232
687 233
687 234
687 235
687 236
687 237
687 238
687 239
687 240
688 237
688 238
688 239
688 240
688 241
688 242
688 243
688 244
688 245
688 246
688 247
688 248
688 249
688 250
688 251
688 252
689 252
689 253
689 254
689 255
689 256
689 257
689 258
689 259
689 260
689 261
689 262
689 263
690 186
690 187
690 188
690 189
690 190
690 191
690 192
690 193
690 194
690 195
690 196
690 270
691 196
691 197
691 198
691 199
691 200
691 201
691 202
691 203
691 204
691 205
691 206
691 207
691 208
691 209
691 210
691 211
692 208
692 209
692 210
692 211
692 212
692 213
692 214
692 215
692 216
692 217
692 218
692 219
692 220
692 221
692 222
692 223
692 224
693 221
693 222
693 223
693 224
693 225
693 226
693 227
693 228
693 229
693 230
693 231
693 232
693 233
693 234
693 235
693 236
693 237
694 234
694 235
694 236
694 237
694 238
694 239
694 240
694 241
694 242
694 243
694 244
694 245
694 246
694 247
694 248
694 249
695 248
695 249
695 250
695 251
695 252
695 253
695 254
695 255
695 256
695 257
695 258
695 259
695 260
696 183
696 184
696 185
696 186
696 187
696 188
696 189
696 190
696 191
696 192
696 264
696 265
696 266
696 267
696 268
696 269
696 270
697 193
697 194
697 195
697 196
697 197
697 198
697 199
697 200
697 201
697 202
697 203
697 204
697 205
697 206
697 207
698 205
698 206
698 207
698 208
698 209
698 210
698 211
698 212
698 213
698 214
698 215
698 216
698 217
698 218
698 219
698 220
699 217
699 218
699 219
699 220
699 221
699 222
699 223
699 224
699 225
699 226
699 227
699 228
699 229
699 230
699 231
699 232
699 233
700 230
700 231
700 232
700 233
700 234
700 235
700 236
700 237
700 238
700 239
700 240
700 241
700 242
700 243
700 244
700 245
700 246
701 244
701 245
701 246
701 247
701 248
701 249
701 250
701 251
701 252
701 253
701 254
701 255
701 256
701 257
701 258
702 181
702 182
702 183
702 184
702 185
702 186
702 187
702 259
702 260
702 261
702 262
702 263
702 264
702 265
702 266
702 267
702 268
703 190
703 191
703 192
703 193
703 194
703 195
703 196
703 197
703 198
703 199
703 200
703 201
703 202
703 203
704 201
704 202
704 203
704 204
704 205
704 206
704 207
704 208
704 209
704 210
704 211
704 212
704 213
704 214
704 215
704 216
704 217
705 214
705 215
705 216
705 217
705 218
705 219
705 220
705 221
705 222
705 223
705 224
705 225
705 226
705 227
705 228
705 229
705 230
706 226
706 227
706 228
706 229
706 230
706 231
706 232
706 233
706 234
706 235
706 236
706 237
706 238
706 239
706 240
706 241
706 242
706 243
707 240
707 241
707 242
707 243
707 244
707 245
707 246
707 247
707 248
707 249
707 250
707 251
707 252
707 253
707 254
707 255
708 181
708 255
708 256
708 257
708 258
708 259
708 260
708 261
708 262
708 263
708 264
708 265
709 188
709 189
709 190
709 191
709 192
709 193
709 194
709 195
709 196
709 197
709 198
709 199
710 198
710 199
710 200
710 201
710 202
710 203
710 204
710 205
710 206
710 207
710 208
710 209
710 210
710 211
710 212
710 213
711 210
711 211
711 212
711 213
711 214
711 215
711 216
711 217
711 218
711 219
711 220
711 221
711 222
711 223
711 224
711 225
711 226
711 227
712 223
712 224
712 225
712 226
712 227
712 228
712 229
712 230
712 231
712 232
712 233
712 234
712 235
712 236
712 237
712 238
712 239
713 236
713 237
713 238
713 239
713 240
713 241
713 242
713 243
713 244
713 245
713 246
713 247
713 248
713 249
713 250
713 251
714 251
714 252
714 253
714 254
714 255
714 256
714 257
714 258
714 259
714 260
714 261
714 262
714 263
715 185
715 186
715 187
715 188
715 189
715 190
715 191
715 192
715 193
715 194
715 195
715 267
715 268
715 269
715 270
715 271
716 195
716 196
716 197
716 198
716 199
716 200
716 201
716 202
716 203
716 204
716 205
716 206
716 207
716 208
716 209
716 210
717 207
717 208
717 209
717 210
717 211
717 212
717 213
717 214
717 215
717 216
717 217
717 218
717 219
717 220
717 221
717 222
717 223
718 219
718 220
718 221
718 222
718 223
718 224
718 225
718 226
718 227
718 228
718 229
718 230
718 231
718 232
718 233
718 234
718 235
718 236
719 233
719 234
719 235
719 236
719 237
719 238
719 239
719 240
719 241
719 242
719 243
719 244
719 245
719 246
719 247
719 248
720 247
720 248
720 249
720 250
720 251
720 252
720 253
720 254
720 255
720 256
720 257
720 258
720 259
720 260
721 183
721 184
721 185
721 186
721 187
721 188
721 189
721 190
721 191
721 262
721 263
721 264
721 265
721 266
721 267
721 268
721 269
721 270
722 192
722 193
722 194
722 195
722 196
722 197
722 198
722 199
722 200
722 201
722 202
722 203
722 204
722 205
722 206
723 204
723 205
723 206
723 207
723 208
723 209
723 210
723 211
723 212
723 213
723 214
723 215
723 216
723 217
723 218
723 219
723 220
724 216
724 217
724 218
724 219
724 220
724 221
724 222
724 223
724 224
724 225
724 226
724 227
724 228
724 229
724 230
724 231
724 232
724 233
725 229
725 230
725 231
725 232
725 233
725 234
725 235
725 236
725 237
725 238
725 239
725 240
725 241
725 242
725 243
725 244
725 245
726 243
726 244
726 245
726 246
726 247
726 248
726 249
726 250
726 251
726 252
726 253
726 254
726 255
726 256
726 257
727 181
727 182
727 183
727 184
727 185
727 186
727 258
727 259
727 260
727 261
727 262
727 263
727 264
727 265
727 266
727 267
728 189
728 190
728 191
728 192
728 193
728 194
728 195
728 196
728 197
728 198
728 199
728 200
728 201
728 202
729 200
729 201
729 202
729 203
729 204
729 205
729 206
729 207
729 208
729 209
729 210
729 211
729 212
729 213
729 214
729 215
729 216
730 212
730 213
730 214
730 215
730 216
730 217
730 218
730 219
730 220
730 221
730 222
730 223
730 224
730 225
730 226
730 227
730 228
730 229
731 225
731 226
731 227
731 228
731 229
731 230
731 231
731 232
731 233
731 234
731 235
731 236
731 237
731 238
731 239
731 240
731 241
731 242
732 239
732 240
732 241
732 242
732 243
732 244
732 245
732 246
732 247
732 248
732 249
732 250
732 251
732 252
732 253
732 254
733 253
733 254
733 255
733 256
733 257
733 258
733 259
733 260
733 261
733 262
733 263
733 264
733 265
734 187
734 188
734 189
734 190
734 191
734 192
734 193
734 194
734 195
734 196
734 197
734 198
735 197
735 198
735 199
735 200
735 201
735 202
735 203
735 204
735 205
735 206
735 207
735 208
735 209
735 210
735 211
735 212
736 209
736 210
736 211
736 212
736 213
736 214
736 215
736 216
736 217
736 218
736 219
736 220
736 221
736 222
736 223
736 224
736 225
736 226
737 222
737 223
737 224
737 225
737 226
737 227
737 228
737 229
737 230
737 231
737 232
737 233
737 234
737 235
737 236
737 237
737 238
737 239
738 235
738 236
738 237
738 238
738 239
738 240
738 241
738 242
738 243
738 244
738 245
738 246
738 247
738 248
738 249
738 250
738 251
739 249
739 250
739 251
739 252
739 253
739 254
739 255
739 256
739 257
739 258
739 259
739 260
739 261
739 262
740 184
740 185
740 186
740 187
740 188
740 189
740 190
740 191
740 192
740 193
740 194
740 266
740 267
740 268
740 269
740 270
740 271
741 194
741 195
741 196
741 197
741 198
741 199
741 200
741 201
741 202
741 203
741 204
741 205
741 206
741 207
741 208
741 209
742 206
742 207
742 208
742 209
742 210
742 211
742 212
742 213
742 214
742 215
742 216
742 217
742 218
742 219
742 220
742 221
742 222
743 218
743 219
743 220
743 221
743 222
743 223
743 224
743 225
743 226
743 227
743 228
743 229
743 230
743 231
743 232
743 233
743 234
743 235
744 231
744 232
744 233
744 234
744 235
744 236
744 237
744 238
744 239
744 240
744 241
744 242
744 243
744 244
744 245
744 246
744 247
744 248
745 245
745 246
745 247
745 248
745 249
745 250
745 251
745 252
745 253
745 254
745 255
745 256
745 257
745 258
745 259
746 182
746 183
746 184
746 185
746 186
746 187
746 188
746 189
746 190
746 261
746 262
746 263
746 264
746 265
746 266
746 267
746 268
746 269
747 191
747 192
747 193
747 194
747 195
747 196
747 197
747 198
747 199
747 200
747 201
747 202
747 203
747 204
747 205
748 203
748 204
748 205
748 206
748 207
748 208
748 209
748 210
748 211
748 212
748 213
748 214
748 215
748 216
748 217
748 218
748 219
749 215
749 216
749 217
749 218
749 219
749 220
749 221
749 222
749 223
749 224
749 225
749 226
749 227
749 228
749 229
749 230
749 231
749 232
750 228
750 229
750 230
750 231
750 232
750 233
750 234
750 235
750 236
750 237
750 238
750 239
750 240
750 241
750 242
750 243
750 244
751 241
751 242
751 243
751 244
751 245
751 246
751 247
751 248
751 249
751 250
751 251
751 252
751 253
751 254
751 255
751 256
752 180
752 181
752 182
752 183
752 184
752 185
752 256
752 257
752 258
752 259
752 260
752 261
752 262
752 263
752 264
752 265
752 266
752 267
753 188
753 189
753 190
753 191
753 192
753 193
753 194
753 195
753 196
753 197
753 198
753 199
753 200
753 201
754 199
754 200
754 201
754 202
754 203
754 204
754 205
754 206
754 207
754 208
754 209
754 210
754 211
754 212
754 213
754 214
754 215
755 211
755 212
755 213
755 214
755 215
755 216
755 217
755 218
755 219
755 220
755 221
755 222
755 223
755 224
755 225
755 226
755 227
755 228
756 224
756 225
756 226
756 227
756 228
756 229
756 230
756 231
756 232
756 233
756 234
756 235
756 236
756 237
756 238
756 239
756 240
756 241
757 238
757 239
757 240
757 241
757 242
757 243
757 244
757 245
757 246
757 247
757 248
757 249
757 250
757 251
757 252
757 253
758 252
758 253
758 254
758 255
758 256
758 257
758 258
758 259
758 260
758 261
758 262
758 263
758 264
759 186
759 187
759 188
759 189
759 190
759 191
759 192
759 193
759 194
759 195
759 196
759 197
759 270
759 271
759 272
760 196
760 197
760 198
760 199
760 200
760 201
760 202
760 203
760 204
760 205
760 206
760 207
760 208
760 209
760 210
760 211
761 208
761 209
761 210
761 211
761 212
761 213
761 214
761 215
761 216
761 217
761 218
761 219
761 220
761 221
761 222
761 223
761 224
761 225
762 221
762 222
762 223
762 224
762 225
762 226
762 227
762 228
762 229
762 230
762 231
762 232
762 233
762 234
762 235
762 236
762 237
762 238
763 234
763 235
763 236
763 237
763 238
763 239
763 240
763 241
763 242
763 243
763 244
763 245
763 246
763 247
763 248
763 249
763 250
764 248
764 249
764 250
764 251
764 252
764 253
764 254
764 255
764 256
764 257
764 258
764 259
764 260
764 261
765 183
765 184
765 185
765 186
765 187
765 188
765 189
765 190
765 191
765 192
765 193
765 264
765 265
765 266
765 267
765 268
765 269
765 270
765 271
766 193
766 194
766 195
766 196
766 197
766 198
766 199
766 200
766 201
766 202
766 203
766 204
766 205
766 206
766 207
766 208
767 205
767 206
767 207
767 208
767 209
767 210
767 211
767 212
767 213
767 214
767 215
767 216
767 217
767 218
767 219
767 220
767 221
768 217
768 218
768 219
768 220
768 221
768 222
768 223
768 224
768 225
768 226
768 227
768 228
768 229
768 230
768 231
768 232
768 233
768 234
769 230
769 231
769 232
769 233
769 234
769 235
769 236
769 237
769 238
769 239
769 240
769 241
769 242
769 243
769 244
769 245
769 246
769 247
770 244
770 245
770 246
770 247
770 248
770 249
770 250
770 251
770 252
770 253
770 254
770 255
770 256
770 257
770 258
770 259
771 181
771 182
771 183
771 184
771 185
771 186
771 187
771 188
771 259
771 260
771 261
771 262
771 263
771 264
771 265
771 266
771 267
771 268
771 269
772 190
772 191
772 192
772 193
772 194
772 195
772 196
772 197
772 198
772 199
772 200
772 201
772 202
772 203
772 204
773 201
773 202
773 203
773 204
773 205
773 206
773 207
773 208
773 209
773 210
773 211
773 212
773 213
773 214
773 215
773 216
773 217
773 218
774 214
774 215
774 216
774 217
774 218
774 219
774 220
774 221
774 222
774 223
774 224
774 225
774 226
774 227
774 228
774 229
774 230
774 231
775 227
775 228
775 229
775 230
775 231
775 232
775 233
775 234
775 235
775 236
775 237
775 238
775 239
775 240
775 241
775 242
775 243
775 244
776 240
776 241
776 242
776 243
776 244
776 245
776 246
776 247
776 248
776 249
776 250
776 251
776 252
776 253
776 254
776 255
776 256
777 179
777 180
777 181
777 182
777 183
777 184
777 255
777 256
777 257
777 258
777 259
777 260
777 261
777 262
777 263
777 264
777 265
777 266
778 187
778 188
778 189
778 190
778 191
778 192
778 193
778 194
778 195
778 196
778 197
778 198
778 199
778 200
779 198
779 199
779 200
779 201
779 202
779 203
779 204
779 205
779 206
779 207
779 208
779 209
779 210
779 211
779 212
779 213
779 214
780 210
780 211
780 212
780 213
780 214
780 215
780 216
780 217
780 218
780 219
780 220
780 221
780 222
780 223
780 224
780 225
780 226
780 227
781 223
781 224
781 225
781 226
781 227
781 228
781 229
781 230
781 231
781 232
781 233
781 234
781 235
781 236
781 237
781 238
781 239
781 240
782 236
782 237
782 238
782 239
782 240
782 241
782 242
782 243
782 244
782 245
782 246
782 247
782 248
782 249
782 250
782 251
782 252
783 251
783 252
783 253
783 254
783 255
783 256
783 257
783 258
783 259
783 260
783 261
783 262
783 263
783 264
784 184
784 185
784 186
784 187
784 188
784 189
784 190
784 191
784 192
784 193
784 194
784 195
784 196
784 268
784 269
784 270
784 271
784 272
785 195
785 196
785 197
785 198
785 199
785 200
785 201
785 202
785 203
785 204
785 205
785 206
785 207
785 208
785 209
785 210
786 207
786 208
786 209
786 210
786 211
786 212
786 213
786 214
786 215
786 216
786 217
786 218
786 219
786 220
786 221
786 222
786 223
786 224
787 219
787 220
787 221
787 222
787 223
787 224
787 225
787 226
787 227
787 228
787 229
787 230
787 231
787 232
787 233
787 234
787 235
787 236
787 237
788 233
788 234
788 235
788 236
788 237
788 238
788 239
788 240
788 241
788 242
788 243
788 244
788 245
788 246
788 247
788 248
788 249
789 247
789 248
789 249
789 250
789 251
789 252
789 253
789 254
789 255
789 256
789 257
789 258
789 259
789 260
789 261
790 182
790 183
790 184
790 185
790 186
790 187
790 188
790 189
790 190
790 191
790 192
790 263
790 264
790 265
790 266
790 267
790 268
790 269
790 270
790 271
791 192
791 193
791 194
791 195
791 196
791 197
791 198
791 199
791 200
791 201
791 202
791 203
791 204
791 205
791 206
791 207
792 204
792 205
792 206
792 207
792 208
792 209
792 210
792 211
792 212
792 213
792 214
792 215
792 216
792 217
792 218
792 219
792 220
793 216
793 217
793 218
793 219
793 220
793 221
793 222
793 223
793 224
793 225
793 226
793 227
793 228
793 229
793 230
793 231
793 232
793 233
794 229
794 230
794 231
794 232
794 233
794 234
794 235
794 236
794 237
794 238
794 239
794 240
794 241
794 242
794 243
794 244
794 245
794 246
795 243
795 244
795 245
795 246
795 247
795 248
795 249
795 250
795 251
795 252
795 253
795 254
795 255
795 256
795 257
795 258
796 180
796 181
796 182
796 183
796 184
796 185
796 186
796 187
796 258
796 259
796 260
796 261
796 262
796 263
796 264
796 265
796 266
796 267
796 268
797 189
797 190
797 191
797 192
797 193
797 194
797 195
797 196
797 197
797 198
797 199
797 200
797 201
797 202
797 203
798 200
798 201
798 202
798 203
798 204
798 205
798 206
798 207
798 208
798 209
798 210
798 211
798 212
798 213
798 214
798 215
798 216
798 217
799 212
799 213
799 214
799 215
799 216
799 217
799 218
799 219
799 220
799 221
799 222
799 223
799 224
799 225
799 226
799 227
799 228
799 229
799 230
800 225
800 226
800 227
800 228
800 229
800 230
800 231
800 232
800 233
800 234
800 235
800 236
800 237
800 238
800 239
800 240
800 241
800 242
800 243
801 239
801 240
801 241
801 242
801 243
801 244
801 245
801 246
801 247
801 248
801 249
801 250
801 251
801 252
801 253
801 254
801 255
802 178
802 179
802 180
802 181
802 182
802 254
802 255
802 256
802 257
802 258
802 259
802 260
802 261
802 262
802 263
802 264
802 265
802 266
803 186
803 187
803 188
803 189
803 190
803 191
803 192
803 193
803 194
803 195
803 196
803 197
803 198
803 199
804 197
804 198
804 199
804 200
804 201
804 202
804 203
804 204
804 205
804 206
804 207
804 208
804 209
804 210
804 211
804 212
804 213
805 209
805 210
805 211
805 212
805 213
805 214
805 215
805 216
805 217
805 218
805 219
805 220
805 221
805 222
805 223
805 224
805 225
805 226
805 227
806 222
806 223
806 224
806 225
806 226
806 227
806 228
806 229
806 230
806 231
806 232
806 233
806 234
806 235
806 236
806 237
806 238
806 239
807 235
807 236
807 237
807 238
807 239
807 240
807 241
807 242
807 243
807 244
807 245
807 246
807 247
807 248
807 249
807 250
807 251
807 252
808 250
808 251
808 252
808 253
808 254
808 255
808 256
808 257
808 258
808 259
808 260
808 261
808 262
808 263
809 183
809 184
809 185
809 186
809 187
809 188
809 189
809 190
809 191
809 192
809 193
809 194
809 195
809 266
809 267
809 268
809 269
809 270
809 271
809 272
810 194
810 195
810 196
810 197
810 198
810 199
810 200
810 201
810 202
810 203
810 204
810 205
810 206
810 207
810 208
810 209
811 206
811 207
811 208
811 209
811 210
811 211
811 212
811 213
811 214
811 215
811 216
811 217
811 218
811 219
811 220
811 221
811 222
811 223
812 218
812 219
812 220
812 221
812 222
812 223
812 224
812 225
812 226
812 227
812 228
812 229
812 230
812 231
812 232
812 233
812 234
812 235
812 236
813 232
813 233
813 234
813 235
813 236
813 237
813 238
813 239
813 240
813 241
813 242
813 243
813 244
813 245
813 246
813 247
813 248
813 249
814 246
814 247
814 248
814 249
814 250
814 251
814 252
814 253
814 254
814 255
814 256
814 257
814 258
814 259
814 260
815 181
815 182
815 183
815 184
815 185
815 186
815 187
815 188
815 189
815 190
815 191
815 261
815 262
815 263
815 264
815 265
815 266
815 267
815 268
815 269
815 270
816 191
816 192
816 193
816 194
816 195
816 196
816 197
816 198
816 199
816 200
816 201
816 202
816 203
816 204
816 205
816 206
817 202
817 203
817 204
817 205
817 206
817 207
817 208
817 209
817 210
817 211
817 212
817 213
817 214
817 215
817 216
817 217
817 218
817 219
818 215
818 216
818 217
818 218
818 219
818 220
818 221
818 222
818 223
818 224
818 225
818 226
818 227
818 228
818 229
818 230
818 231
818 232
818 233
819 228
819 229
819 230
819 231
819 232
819 233
819 234
819 235
819 236
819 237
819 238
819 239
819 240
819 241
819 242
819 243
819 244
819 245
820 242
820 243
820 244
820 245
820 246
820 247
820 248
820 249
820 250
820 251
820 252
820 253
820 254
820 255
820 256
820 257
821 179
821 180
821 181
821 182
821 183
821 184
821 185
821 186
821 257
821 258
821 259
821 260
821 261
821 262
821 263
821 264
821 265
821 266
821 267
821 268
822 188
822 189
822 190
822 191
822 192
822 193
822 194
822 195
822 196
822 197
822 198
822 199
822 200
822 201
822 202
823 199
823 200
823 201
823 202
823 203
823 204
823 205
823 206
823 207
823 208
823 209
823 210
823 211
823 212
823 213
823 214
823 215
823 216
824 211
824 212
824 213
824 214
824 215
824 216
824 217
824 218
824 219
824 220
824 221
824 222
824 223
824 224
824 225
824 226
824 227
824 228
824 229
825 224
825 225
825 226
825 227
825 228
825 229
825 230
825 231
825 232
825 233
825 234
825 235
825 236
825 237
825 238
825 239
825 240
825 241
825 242
826 238
826 239
826 240
826 241
826 242
826 243
826 244
826 245
826 246
826 247
826 248
826 249
826 250
826 251
826 252
826 253
826 254
827 177
827 178
827 179
827 180
827 181
827 253
827 254
827 255
827 256
827 257
827 258
827 259
827 260
827 261
827 262
827 263
827 264
827 265
828 185
828 186
828 187
828 188
828 189
828 190
828 191
828 192
828 193
828 194
828 195
828 196
828 197
828 198
828 271
828 272
828 273
829 196
829 197
829 198
829 199
829 200
829 201
829 202
829 203
829 204
829 205
829 206
829 207
829 208
829 209
829 210
829 211
829 212
830 208
830 209
830 210
830 211
830 212
830 213
830 214
830 215
830 216
830 217
830 218
830 219
830 220
830 221
830 222
830 223
830 224
830 225
830 226
831 221
831 222
831 223
831 224
831 225
831 226
831 227
831 228
831 229
831 230
831 231
831 232
831 233
831 234
831 235
831 236
831 237
831 238
831 239
832 234
832 235
832 236
832 237
832 238
832 239
832 240
832 241
832 242
832 243
832 244
832 245
832 246
832 247
832 248
832 249
832 250
832 251
833 248
833 249
833 250
833 251
833 252
833 253
833 254
833 255
833 256
833 257
833 258
833 259
833 260
833 261
833 262
833 263
834 182
834 183
834 184
834 185
834 186
834 187
834 188
834 189
834 190
834 191
834 192
834 193
834 194
834 265
834 266
834 267
834 268
834 269
834 270
834 271
834 272
835 193
835 194
835 195
835 196
835 197
835 198
835 199
835 200
835 201
835 202
835 203
835 204
835 205
835 206
835 207
835 208
836 205
836 206
836 207
836 208
836 209
836 210
836 211
836 212
836 213
836 214
836 215
836 216
836 217
836 218
836 219
836 220
836 221
836 222
837 217
837 218
837 219
837 220
837 221
837 222
837 223
837 224
837 225
837 226
837 227
837 228
837 229
837 230
837 231
837 232
837 233
837 234
837 235
838 230
838 231
838 232
838 233
838 234
838 235
838 236
838 237
838 238
838 239
838 240
838 241
838 242
838 243
838 244
838 245
838 246
838 247
838 248
839 245
839 246
839 247
839 248
839 249
839 250
839 251
839 252
839 253
839 254
839 255
839 256
839 257
839 258
839 259
839 260
840 180
840 181
840 182
840 183
840 184
840 185
840 186
840 187
840 188
840 189
840 190
840 260
840 261
840 262
840 263
840 264
840 265
840 266
840 267
840 268
840 269
840 270
841 190
841 191
841 192
841 193
841 194
841 195
841 196
841 197
841 198
841 199
841 200
841 201
841 202
841 203
841 204
841 205
842 201
842 202
842 203
842 204
842 205
842 206
842 207
842 208
842 209
842 210
842 211
842 212
842 213
842 214
842 215
842 216
842 217
842 218
842 219
843 214
843 215
843 216
843 217
843 218
843 219
843 220
843 221
843 222
843 223
843 224
843 225
843 226
843 227
843 228
843 229
843 230
843 231
843 232
844 227
844 228
844 229
844 230
844 231
844 232
844 233
844 234
844 235
844 236
844 237
844 238
844 239
844 240
844 241
844 242
844 243
844 244
844 245
845 241
845 242
845 243
845 244
845 245
845 246
845 247
845 248
845 249
845 250
845 251
845 252
845 253
845 254
845 255
845 256
845 257
846 178
846 179
846 180
846 181
846 182
846 183
846 184
846 185
846 256
846 257
846 258
846 259
846 260
846 261
846 262
846 263
846 264
846 265
846 266
846 267
847 187
847 188
847 189
847 190
847 191
847 192
847 193
847 194
847 195
847 196
847 197
847 198
847 199
847 200
847 201
848 198
848 199
848 200
848 201
848 202
848 203
848 204
848 205
848 206
848 207
848 208
848 209
848 210
848 211
848 212
848 213
848 214
848 215
849 210
849 211
849 212
849 213
849 214
849 215
849 216
849 217
849 218
849 219
849 220
849 221
849 222
849 223
849 224
849 225
849 226
849 227
849 228
850 223
850 224
850 225
850 226
850 227
850 228
850 229
850 230
850 231
850 232
850 233
850 234
850 235
850 236
850 237
850 238
850 239
850 240
850 241
851 237
851 238
851 239
851 240
851 241
851 242
851 243
851 244
851 245
851 246
851 247
851 248
851 249
851 250
851 251
851 252
851 253
852 176
852 177
852 178
852 179
852 180
852 251
852 252
852 253
852 254
852 255
852 256
852 257
852 258
852 259
852 260
852 261
852 262
852 263
852 264
852 265
853 184
853 185
853 186
853 187
853 188
853 189
853 190
853 191
853 192
853 193
853 194
853 195
853 196
853 197
853 269
853 270
853 271
853 272
853 273
854 195
854 196
854 197
854 198
854 199
854 200
854 201
854 202
854 203
854 204
854 205
854 206
854 207
854 208
854 209
854 210
854 211
855 207
855 208
855 209
855 210
855 211
855 212
855 213
855 214
855 215
855 216
855 217
855 218
855 219
855 220
855 221
855 222
855 223
855 224
855 225
856 220
856 221
856 222
856 223
856 224
856 225
856 226
856 227
856 228
856 229
856 230
856 231
856 232
856 233
856 234
856 235
856 236
856 237
856 238
857 233
857 234
857 235
857 236
857 237
857 238
857 239
857 240
857 241
857 242
857 243
857 244
857 245
857 246
857 247
857 248
857 249
857 250
858 247
858 248
858 249
858 250
858 251
858 252
858 253
858 254
858 255
858 256
858 257
858 258
858 259
858 260
858 261
858 262
859 181
859 182
859 183
859 184
859 185
859 186
859 187
859 188
859 189
859 190
859 191
859 192
859 193
859 263
859 264
859 265
859 266
859 267
859 268
859 269
859 270
859 271
859 272
860 192
860 193
860 194
860 195
860 196
860 197
860 198
860 199
860 200
860 201
860 202
860 203
860 204
860 205
860 206
860 207
860 208
861 204
861 205
861 206
861 207
861 208
861 209
861 210
861 211
861 212
861 213
861 214
861 215
861 216
861 217
861 218
861 219
861 220
861 221
862 216
862 217
862 218
862 219
862 220
862 221
862 222
862 223
862 224
862 225
862 226
862 227
862 228
862 229
862 230
862 231
862 232
862 233
862 234
863 229
863 230
863 231
863 232
863 233
863 234
863 235
863 236
863 237
863 238
863 239
863 240
863 241
863 242
863 243
863 244
863 245
863 246
863 247
864 243
864 244
864 245
864 246
864 247
864 248
864 249
864 250
864 251
864 252
864 253
864 254
864 255
864 256
864 257
864 258
864 259
865 179
865 180
865 181
865 182
865 183
865 184
865 185
865 186
865 187
865 188
865 189
865 259
865 260
865 261
865 262
865 263
865 264
865 265
865 266
865 267
865 268
865 269
865 270
866 189
866 190
866 191
866 192
866 193
866 194
866 195
866 196
866 197
866 198
866 199
866 200
866 201
866 202
866 203
866 204
867 200
867 201
867 202
867 203
867 204
867 205
867 206
867 207
867 208
867 209
867 210
867 211
867 212
867 213
867 214
867 215
867 216
867 217
867 218
868 213
868 214
868 215
868 216
868 217
868 218
868 219
868 220
868 221
868 222
868 223
868 224
868 225
868 226
868 227
868 228
868 229
868 230
868 231
869 226
869 227
869 228
869 229
869 230
869 231
869 232
869 233
869 234
869 235
869 236
869 237
869 238
869 239
869 240
869 241
869 242
869 243
869 244
870 239
870 240
870 241
870 242
870 243
870 244
870 245
870 246
870 247
870 248
870 249
870 250
870 251
870 252
870 253
870 254
870 255
870 256
871 177
871 178
871 179
871 180
871 181
871 182
871 183
871 184
871 254
871 255
871 256
871 257
871 258
871 259
871 260
871 261
871 262
871 263
871 264
871 265
871 266
871 267
872 186
872 187
872 188
872 189
872 190
872 191
872 192
872 193
872 194
872 195
872 196
872 197
872 198
872 199
872 200
873 197
873 198
873 199
873 200
873 201
873 202
873 203
873 204
873 205
873 206
873 207
873 208
873 209
873 210
873 211
873 212
873 213
873 214
874 209
874 210
874 211
874 212
874 213
874 214
874 215
874 216
874 217
874 218
874 219
874 220
874 221
874 222
874 223
874 224
874 225
874 226
874 227
875 222
875 223
875 224
875 225
875 226
875 227
875 228
875 229
875 230
875 231
875 232
875 233
875 234
875 235
875 236
875 237
875 238
875 239
875 240
876 236
876 237
876 238
876 239
876 240
876 241
876 242
876 243
876 244
876 245
876 246
876 247
876 248
876 249
876 250
876 251
876 252
876 253
877 176
877 177
877 178
877 179
877 250
877 251
877 252
877 253
877 254
877 255
877 256
877 257
877 258
877 259
877 260
877 261
877 262
877 263
877 264
878 183
878 184
878 185
878 186
878 187
878 188
878 189
878 190
878 191
878 192
878 193
878 194
878 195
878 196
878 267
878 268
878 269
878 270
878 271
878 272
878 273
879 194
879 195
879 196
879 197
879 198
879 199
879 200
879 201
879 202
879 203
879 204
879 205
879 206
879 207
879 208
879 209
879 210
880 206
880 207
880 208
880 209
880 210
880 211
880 212
880 213
880 214
880 215
880 216
880 217
880 218
880 219
880 220
880 221
880 222
880 223
880 224
881 219
881 220
881 221
881 222
881 223
881 224
881 225
881 226
881 227
881 228
881 229
881 230
881 231
881 232
881 233
881 234
881 235
881 236
881 237
882 232
882 233
882 234
882 235
882 236
882 237
882 238
882 239
882 240
882 241
882 242
882 243
882 244
882 245
882 246
882 247
882 248
882 249
882 250
883 246
883 247
883 248
883 249
883 250
883 251
883 252
883 253
883 254
883 255
883 256
883 257
883 258
883 259
883 260
883 261
884 181
884 182
884 183
884 184
884 185
884 186
884 187
884 188
884 189
884 190
884 191
884 192
884 262
884 263
884 264
884 265
884 266
884 267
884 268
884 269
884 270
884 271
885 191
885 192
885 193
885 194
885 195
885 196
885 197
885 198
885 199
885 200
885 201
885 202
885 203
885 204
885 205
885 206
885 207
886 202
886 203
886 204
886 205
886 206
886 207
886 208
886 209
886 210
886 211
886 212
886 213
886 214
886 215
886 216
886 217
886 218
886 219
886 220
887 215
887 216
887 217
887 218
887 219
887 220
887 221
887 222
887 223
887 224
887 225
887 226
887 227
887 228
887 229
887 230
887 231
887 232
887 233
887 234
888 228
888 229
888 230
888 231
888 232
888 233
888 234
888 235
888 236
888 237
888 238
888 239
888 240
888 241
888 242
888 243
888 244
888 245
888 246
889 242
889 243
889 244
889 245
889 246
889 247
889 248
889 249
889 250
889 251
889 252
889 253
889 254
889 255
889 256
889 257
889 258
890 178
890 179
890 180
890 181
890 182
890 183
890 184
890 185
890 186
890 187
890 188
890 257
890 258
890 259
890 260
890 261
890 262
890 263
890 264
890 265
890 266
890 267
890 268
890 269
891 188
891 189
891 190
891 191
891 192
891 193
891 194
891 195
891 196
891 197
891 198
891 199
891 200
891 201
891 202
891 203
892 199
892 200
892 201
892 202
892 203
892 204
892 205
892 206
892 207
892 208
892 209
892 210
892 211
892 212
892 213
892 214
892 215
892 216
892 217
893 212
893 213
893 214
893 215
893 216
893 217
893 218
893 219
893 220
893 221
893 222
893 223
893 224
893 225
893 226
893 227
893 228
893 229
893 230
894 225
894 226
894 227
894 228
894 229
894 230
894 231
894 232
894 233
894 234
894 235
894 236
894 237
894 238
894 239
894 240
894 241
894 242
894 243
895 238
895 239
895 240
895 241
895 242
895 243
895 244
895 245
895 246
895 247
895 248
895 249
895 250
895 251
895 252
895 253
895 254
895 255
896 176
896 177
896 178
896 179
896 180
896 181
896 182
896 183
896 253
896 254
896 255
896 256
896 257
896 258
896 259
896 260
896 261
896 262
896 263
896 264
896 265
896 266
897 185
897 186
897 187
897 188
897 189
897 190
897 191
897 192
897 193
897 194
897 195
897 196
897 197
897 198
897 199
897 272
897 273
897 274
898 196
898 197
898 198
898 199
898 200
898 201
898 202
898 203
898 204
898 205
898 206
898 207
898 208
898 209
898 210
898 211
898 212
898 213
899 208
899 209
899 210
899 211
899 212
899 213
899 214
899 215
899 216
899 217
899 218
899 219
899 220
899 221
899 222
899 223
899 224
899 225
899 226
899 227
900 221
900 222
900 223
900 224
900 225
900 226
900 227
900 228
900 229
900 230
900 231
900 232
900 233
900 234
900 235
900 236
900 237
900 238
900 239
900 240
901 235
901 236
901 237
901 238
901 239
901 240
901 241
901 242
901 243
901 244
901 245
901 246
901 247
901 248
901 249
901 250
901 251
901 252
902 175
902 176
902 177
902 178
902 249
902 250
902 251
902 252
902 253
902 254
902 255
902 256
902 257
902 258
902 259
902 260
902 261
902 262
902 263
902 264
903 182
903 183
903 184
903 185
903 186
903 187
903 188
903 189
903 190
903 191
903 192
903 193
903 194
903 195
903 266
903 267
903 268
903 269
903 270
903 271
903 272
903 273
904 193
904 194
904 195
904 196
904 197
904 198
904 199
904 200
904 201
904 202
904 203
904 204
904 205
904 206
904 207
904 208
904 209
904 210
905 205
905 206
905 207
905 208
905 209
905 210
905 211
905 212
905 213
905 214
905 215
905 216
905 217
905 218
905 219
905 220
905 221
905 222
905 223
906 217
906 218
906 219
906 220
906 221
906 222
906 223
906 224
906 225
906 226
906 227
906 228
906 229
906 230
906 231
906 232
906 233
906 234
906 235
906 236
907 231
907 232
907 233
907 234
907 235
907 236
907 237
907 238
907 239
907 240
907 241
907 242
907 243
907 244
907 245
907 246
907 247
907 248
907 249
908 245
908 246
908 247
908 248
908 249
908 250
908 251
908 252
908 253
908 254
908 255
908 256
908 257
908 258
908 259
908 260
908 261
909 180
909 181
909 182
909 183
909 184
909 185
909 186
909 187
909 188
909 189
909 190
909 191
909 261
909 262
909 263
909 264
909 265
909 266
909 267
909 268
909 269
909 270
909 271
910 190
910 191
910 192
910 193
910 194
910 195
910 196
910 197
910 198
910 199
910 200
910 201
910 202
910 203
910 204
910 205
910 206
911 201
911 202
911 203
911 204
911 205
911 206
911 207
911 208
911 209
911 210
911 211
911 212
911 213
911 214
911 215
911 216
911 217
911 218
911 219
911 220
912 214
912 215
912 216
912 217
912 218
912 219
912 220
912 221
912 222
912 223
912 224
912 225
912 226
912 227
912 228
912 229
912 230
912 231
912 232
912 233
913 227
913 228
913 229
913 230
913 231
913 232
913 233
913 234
913 235
913 236
913 237
913 238
913 239
913 240
913 241
913 242
913 243
913 244
913 245
913 246
914 241
914 242
914 243
914 244
914 245
914 246
914 247
914 248
914 249
914 250
914 251
914 252
914 253
914 254
914 255
914 256
914 257
914 258
915 177
915 178
915 179
915 180
915 181
915 182
915 183
915 184
915 185
915 186
915 187
915 256
915 257
915 258
915 259
915 260
915 261
915 262
915 263
915 264
915 265
915 266
915 267
915 268
915 269
916 187
916 188
916 189
916 190
916 191
916 192
916 193
916 194
916 195
916 196
916 197
916 198
916 199
916 200
916 201
916 202
917 198
917 199
917 200
917 201
917 202
917 203
917 204
917 205
917 206
917 207
917 208
917 209
917 210
917 211
917 212
917 213
917 214
917 215
917 216
918 211
918 212
918 213
918 214
918 215
918 216
918 217
918 218
918 219
918 220
918 221
918 222
918 223
918 224
918 225
918 226
918 227
918 228
918 229
919 224
919 225
919 226
919 227
919 228
919 229
919 230
919 231
919 232
919 233
919 234
919 235
919 236
919 237
919 238
919 239
919 240
919 241
919 242
920 237
920 238
920 239
920 240
920 241
920 242
920 243
920 244
920 245
920 246
920 247
920 248
920 249
920 250
920 251
920 252
920 253
920 254
920 255
921 175
921 176
921 177
921 178
921 179
921 180
921 181
921 182
921 252
921 253
921 254
921 255
921 256
921 257
921 258
921 259
921 260
921 261
921 262
921 263
921 264
921 265
921 266
922 184
922 185
922 186
922 187
922 188
922 189
922 190
922 191
922 192
922 193
922 194
922 195
922 196
922 197
922 198
922 270
922 271
922 272
922 273
922 274
923 195
923 196
923 197
923 198
923 199
923 200
923 201
923 202
923 203
923 204
923 205
923 206
923 207
923 208
923 209
923 210
923 211
923 212
924 207
924 208
924 209
924 210
924 211
924 212
924 213
924 214
924 215
924 216
924 217
924 218
924 219
924 220
924 221
924 222
924 223
924 224
924 225
924 226
925 220
925 221
925 222
925 223
925 224
925 225
925 226
925 227
925 228
925 229
925 230
925 231
925 232
925 233
925 234
925 235
925 236
925 237
925 238
925 239
926 234
926 235
926 236
926 237
926 238
926 239
926 240
926 241
926 242
926 243
926 244
926 245
926 246
926 247
926 248
926 249
926 250
926 251
927 174
927 175
927 176
927 177
927 248
927 249
927 250
927 251
927 252
927 253
927 254
927 255
927 256
927 257
927 258
927 259
927 260
927 261
927 262
927 263
928 181
928 182
928 183
928 184
928 185
928 186
928 187
928 188
928 189
928 190
928 191
928 192
928 193
928 194
928 264
928 265
928 266
928 267
928 268
928 269
928 270
928 271
928 272
928 273
929 192
929 193
929 194
929 195
929 196
929 197
929 198
929 199
929 200
929 201
929 202
929 203
929 204
929 205
929 206
929 207
929 208
929 209
930 204
930 205
930 206
930 207
930 208
930 209
930 210
930 211
930 212
930 213
930 214
930 215
930 216
930 217
930 218
930 219
930 220
930 221
930 222
931 216
931 217
931 218
931 219
931 220
931 221
931 222
931 223
931 224
931 225
931 226
931 227
931 228
931 229
931 230
931 231
931 232
931 233
931 234
931 235
932 230
932 231
932 232
932 233
932 234
932 235
932 236
932 237
932 238
932 239
932 240
932 241
932 242
932 243
932 244
932 245
932 246
932 247
932 248
933 244
933 245
933 246
933 247
933 248
933 249
933 250
933 251
933 252
933 253
933 254
933 255
933 256
933 257
933 258
933 259
933 260
934 179
934 180
934 181
934 182
934 183
934 184
934 185
934 186
934 187
934 188
934 189
934 190
934 260
934 261
934 262
934 263
934 264
934 265
934 266
934 267
934 268
934 269
934 270
934 271
935 189
935 190
935 191
935 192
935 193
935 194
935 195
935 196
935 197
935 198
935 199
935 200
935 201
935 202
935 203
935 204
935 205
936 200
936 201
936 202
936 203
936 204
936 205
936 206
936 207
936 208
936 209
936 210
936 211
936 212
936 213
936 214
936 215
936 216
936 217
936 218
936 219
937 213
937 214
937 215
937 216
937 217
937 218
937 219
937 220
937 221
937 222
937 223
937 224
937 225
937 226
937 227
937 228
937 229
937 230
937 231
937 232
938 226
938 227
938 228
938 229
938 230
938 231
938 232
938 233
938 234
938 235
938 236
938 237
938 238
938 239
938 240
938 241
938 242
938 243
938 244
938 245
939 240
939 241
939 242
939 243
939 244
939 245
939 246
939 247
939 248
939 249
939 250
939 251
939 252
939 253
939 254
939 255
939 256
939 257
940 176
940 177
940 178
940 179
940 180
940 181
940 182
940 183
940 184
940 185
940 186
940 255
940 256
940 257
940 258
940 259
940 260
940 261
940 262
940 263
940 264
940 265
940 266
940 267
940 268
941 186
941 187
941 188
941 189
941 190
941 191
941 192
941 193
941 194
941 195
941 196
941 197
941 198
941 199
941 200
941 201
942 197
942 198
942 199
942 200
942 201
942 202
942 203
942 204
942 205
942 206
942 207
942 208
942 209
942 210
942 211
942 212
942 213
942 214
942 215
943 210
943 211
943 212
943 213
943 214
943 215
943 216
943 217
943 218
943 219
943 220
943 221
943 222
943 223
943 224
943 225
943 226
943 227
943 228
943 229
944 223
944 224
944 225
944 226
944 227
944 228
944 229
944 230
944 231
944 232
944 233
944 234
944 235
944 236
944 237
944 238
944 239
944 240
944 241
945 236
945 237
945 238
945 239
945 240
945 241
945 242
945 243
945 244
945 245
945 246
945 247
945 248
945 249
945 250
945 251
945 252
945 253
945 254
946 174
946 175
946 176
946 177
946 178
946 179
946 180
946 181
946 251
946 252
946 253
946 254
946 255
946 256
946 257
946 258
946 259
946 260
946 261
946 262
946 263
946 264
946 265
947 183
947 184
947 185
947 186
947 187
947 188
947 189
947 190
947 191
947 192
947 193
947 194
947 195
947 196
947 197
947 268
947 269
947 270
947 271
947 272
947 273
947 274
948 194
948 195
948 196
948 197
948 198
948 199
948 200
948 201
948 202
948 203
948 204
948 205
948 206
948 207
948 208
948 209
948 210
948 211
949 206
949 207
949 208
949 209
949 210
949 211
949 212
949 213
949 214
949 215
949 216
949 217
949 218
949 219
949 220
949 221
949 222
949 223
949 224
949 225
950 219
950 220
950 221
950 222
950 223
950 224
950 225
950 226
950 227
950 228
950 229
950 230
950 231
950 232
950 233
950 234
950 235
950 236
950 237
950 238
951 232
951 233
951 234
951 235
951 236
951 237
951 238
951 239
951 240
951 241
951 242
951 243
951 244
951 245
951 246
951 247
951 248
951 249
951 250
951 251
952 173
952 174
952 175
952 176
952 247
952 248
952 249
952 250
952 251
952 252
952 253
952 254
952 255
952 256
952 257
952 258
952 259
952 260
952 261
952 262
953 180
953 181
953 182
953 183
953 184
953 185
953 186
953 187
953 188
953 189
953 190
953 191
953 192
953 193
953 263
953 264
953 265
953 266
953 267
953 268
953 269
953 270
953 271
953 272
954 191
954 192
954 193
954 194
954 195
954 196
954 197
954 198
954 199
954 200
954 201
954 202
954 203
954 204
954 205
954 206
954 207
954 208
955 203
955 204
955 205
955 206
955 207
955 208
955 209
955 210
955 211
955 212
955 213
955 214
955 215
955 216
955 217
955 218
955 219
955 220
955 221
956 215
956 216
956 217
956 218
956 219
956 220
956 221
956 222
956 223
956 224
956 225
956 226
956 227
956 228
956 229
956 230
956 231
956 232
956 233
956 234
956 235
957 229
957 230
957 231
957 232
957 233
957 234
957 235
957 236
957 237
957 238
957 239
957 240
957 241
957 242
957 243
957 244
957 245
957 246
957 247
958 243
958 244
958 245
958 246
958 247
958 248
958 249
958 250
958 251
958 252
958 253
958 254
958 255
958 256
958 257
958 258
958 259
959 178
959 179
959 180
959 181
959 182
959 183
959 184
959 185
959 186
959 187
959 188
959 189
959 258
959 259
959 260
959 261
959 262
959 263
959 264
959 265
959 266
959 267
959 268
959 269
959 270
960 188
960 189
960 190
960 191
960 192
960 193
960 194
960 195
960 196
960 197
960 198
960 199
960 200
960 201
960 202
960 203
960 204
961 200
961 201
961 202
961 203
961 204
961 205
961 206
961 207
961 208
961 209
961 210
961 211
961 212
961 213
961 214
961 215
961 216
961 217
961 218
962 212
962 213
962 214
962 215
962 216
962 217
962 218
962 219
962 220
962 221
962 222
962 223
962 224
962 225
962 226
962 227
962 228
962 229
962 230
962 231
963 225
963 226
963 227
963 228
963 229
963 230
963 231
963 232
963 233
963 234
963 235
963 236
963 237
963 238
963 239
963 240
963 241
963 242
963 243
963 244
964 239
964 240
964 241
964 242
964 243
964 244
964 245
964 246
964 247
964 248
964 249
964 250
964 251
964 252
964 253
964 254
964 255
964 256
965 176
965 177
965 178
965 179
965 180
965 181
965 182
965 183
965 184
965 185
965 254
965 255
965 256
965 257
965 258
965 259
965 260
965 261
965 262
965 263
965 264
965 265
965 266
965 267
965 268
966 185
966 186
966 187
966 188
966 189
966 190
966 191
966 192
966 193
966 194
966 195
966 196
966 197
966 198
966 199
966 200
966 274
967 196
967 197
967 198
967 199
967 200
967 201
967 202
967 203
967 204
967 205
967 206
967 207
967 208
967 209
967 210
967 211
967 212
967 213
967 214
968 209
968 210
968 211
968 212
968 213
968 214
968 215
968 216
968 217
968 218
968 219
968 220
968 221
968 222
968 223
968 224
968 225
968 226
968 227
968 228
969 222
969 223
969 224
969 225
969 226
969 227
969 228
969 229
969 230
969 231
969 232
969 233
969 234
969 235
969 236
969 237
969 238
969 239
969 240
969 241
970 235
970 236
970 237
970 238
970 239
970 240
970 241
970 242
970 243
970 244
970 245
970 246
970 247
970 248
970 249
970 250
970 251
970 252
970 253
971 174
971 175
971 176
971 177
971 178
971 179
971 180
971 250
971 251
971 252
971 253
971 254
971 255
971 256
971 257
971 258
971 259
971 260
971 261
971 262
971 263
971 264
971 265
972 182
972 183
972 184
972 185
972 186
972 187
972 188
972 189
972 190
972 191
972 192
972 193
972 194
972 195
972 196
972 267
972 268
972 269
972 270
972 271
972 272
972 273
972 274
973 193
973 194
973 195
973 196
973 197
973 198
973 199
973 200
973 201
973 202
973 203
973 204
973 205
973 206
973 207
973 208
973 209
973 210
973 211
974 205
974 206
974 207
974 208
974 209
974 210
974 211
974 212
974 213
974 214
974 215
974 216
974 217
974 218
974 219
974 220
974 221
974 222
974 223
974 224
975 218
975 219
975 220
975 221
975 222
975 223
975 224
975 225
975 226
975 227
975 228
975 229
975 230
975 231
975 232
975 233
975 234
975 235
975 236
975 237
976 232
976 233
976 234
976 235
976 236
976 237
976 238
976 239
976 240
976 241
976 242
976 243
976 244
976 245
976 246
976 247
976 248
976 249
976 250
977 173
977 174
977 175
977 246
977 247
977 248
977 249
977 250
977 251
977 252
977 253
977 254
977 255
977 256
977 257
977 258
977 259
977 260
977 261
977 262
978 180
978 181
978 182
978 183
978 184
978 185
978 186
978 187
978 188
978 189
978 190
978 191
978 192
978 262
978 263
978 264
978 265
978 266
978 267
978 268
978 269
978 270
978 271
978 272
979 190
979 191
979 192
979 193
979 194
979 195
979 196
979 197
979 198
979 199
979 200
979 201
979 202
979 203
979 204
979 205
979 206
979 207
980 202
980 203
980 204
980 205
980 206
980 207
980 208
980 209
980 210
980 211
980 212
980 213
980 214
980 215
980 216
980 217
980 218
980 219
980 220
980 221
981 215
981 216
981 217
981 218
981 219
981 220
981 221
981 222
981 223
981 224
981 225
981 226
981 227
981 228
981 229
981 230
981 231
981 232
981 233
981 234
982 228
982 229
982 230
982 231
982 232
982 233
982 234
982 235
982 236
982 237
982 238
982 239
982 240
982 241
982 242
982 243
982 244
982 245
982 246
982 247
983 242
983 243
983 244
983 245
983 246
983 247
983 248
983 249
983 250
983 251
983 252
983 253
983 254
983 255
983 256
983 257
983 258
983 259
984 177
984 178
984 179
984 180
984 181
984 182
984 183
984 184
984 185
984 186
984 187
984 188
984 257
984 258
984 259
984 260
984 261
984 262
984 263
984 264
984 265
984 266
984 267
984 268
984 269
984 270
985 187
985 188
985 189
985 190
985 191
985 192
985 193
985 194
985 195
985 196
985 197
985 198
985 199
985 200
985 201
985 202
985 203
986 199
986 200
986 201
986 202
986 203
986 204
986 205
986 206
986 207
986 208
986 209
986 210
986 211
986 212
986 213
986 214
986 215
986 216
986 217
987 211
987 212
987 213
987 214
987 215
987 216
987 217
987 218
987 219
987 220
987 221
987 222
987 223
987 224
987 225
987 226
987 227
987 228
987 229
987 230
988 224
988 225
988 226
988 227
988 228
988 229
988 230
988 231
988 232
988 233
988 234
988 235
988 236
988 237
988 238
988 239
988 240
988 241
988 242
988 243
989 238
989 239
989 240
989 241
989 242
989 243
989 244
989 245
989 246
989 247
989 248
989 249
989 250
989 251
989 252
989 253
989 254
989 255
989 256
990 175
990 176
990 177
990 178
990 179
990 180
990 181
990 182
990 183
990 184
990 253
990 254
990 255
990 256
990 257
990 258
990 259
990 260
990 261
990 262
990 263
990 264
990 265
990 266
990 267
991 184
991 185
991 186
991 187
991 188
991 189
991 190
991 191
991 192
991 193
991 194
991 195
991 196
991 197
991 198
991 199
991 271
991 272
991 273
991 274
991 275
992 195
992 196
992 197
992 198
992 199
992 200
992 201
992 202
992 203
992 204
992 205
992 206
992 207
992 208
992 209
992 210
992 211
992 212
992 213
993 208
993 209
993 210
993 211
993 212
993 213
993 214
993 215
993 216
993 217
993 218
993 219
993 220
993 221
993 222
993 223
993 224
993 225
993 226
993 227
994 221
994 222
994 223
994 224
994 225
994 226
994 227
994 228
994 229
994 230
994 231
994 232
994 233
994 234
994 235
994 236
994 237
994 238
994 239
994 240
995 234
995 235
995 236
995 237
995 238
995 239
995 240
995 241
995 242
995 243
995 244
995 245
995 246
995 247
995 248
995 249
995 250
995 251
995 252
996 173
996 174
996 175
996 176
996 177
996 178
996 179
996 180
996 249
996 250
996 251
996 252
996 253
996 254
996 255
996 256
996 257
996 258
996 259
996 260
996 261
996 262
996 263
996 264
997 181
997 182
997 183
997 184
997 185
997 186
997 187
997 188
997 189
997 190
997 191
997 192
997 193
997 194
997 195
997 196
997 266
997 267
997 268
997 269
997 270
997 271
997 272
997 273
997 274
998 192
998 193
998 194
998 195
998 196
998 197
998 198
998 199
998 200
998 201
998 202
998 203
998 204
998 205
998 206
998 207
998 208
998 209
998 210
999 204
999 205
999 206
999 207
999 208
999 209
999 210
999 211
999 212
999 213
999 214
999 215
999 216
999 217
999 218
999 219
999 220
999 221
999 222
999 223
1000 217
1000 218
1000 219
1000 220
1000 221
1000 222
1000 223
1000 224
1000 225
1000 226
1000 227
1000 228
1000 229
1000 230
1000 231
1000 232
1000 233
1000 234
1000 235
1000 236
1000 237
1001 231
1001 232
1001 233
1001 234
1001 235
1001 236
1001 237
1001 238
1001 239
1001 240
1001 241
1001 242
1001 243
1001 244
1001 245
1001 246
1001 247
1001 248
1001 249
1002 173
1002 245
1002 246
1002 247
1002 248
1002 249
1002 250
1002 251
1002 252
1002 253
1002 254
1002 255
1002 256
1002 257
1002 258
1002 259
1002 260
1002 261
1003 179
1003 180
1003 181
1003 182
1003 183
1003 184
1003 185
1003 186
1003 187
1003 188
1003 189
1003 190
1003 191
1003 192
1003 261
1003 262
1003 263
1003 264
1003 265
1003 266
1003 267
1003 268
1003 269
1003 270
1003 271
1003 272
1004 189
1004 190
1004 191
1004 192
1004 193
1004 194
1004 195
1004 196
1004 197
1004 198
1004 199
1004 200
1004 201
1004 202
1004 203
1004 204
1004 205
1004 206
1005 201
1005 202
1005 203
1005 204
1005 205
1005 206
1005 207
1005 208
1005 209
1005 210
1005 211
1005 212
1005 213
1005 214
1005 215
1005 216
1005 217
1005 218
1005 219
1005 220
1006 214
1006 215
1006 216
1006 217
1006 218
1006 219
1006 220
1006 221
1006 222
1006 223
1006 224
1006 225
1006 226
1006 227
1006 228
1006 229
1006 230
1006 231
1006 232
1006 233
1007 227
1007 228
1007 229
1007 230
1007 231
1007 232
1007 233
1007 234
1007 235
1007 236
1007 237
1007 238
1007 239
1007 240
1007 241
1007 242
1007 243
1007 244
1007 245
1007 246
1008 241
1008 242
1008 243
1008 244
1008 245
1008 246
1008 247
1008 248
1008 249
1008 250
1008 251
1008 252
1008 253
1008 254
1008 255
1008 256
1008 257
1008 258
1009 176
1009 177
1009 178
1009 179
1009 180
1009 181
1009 182
1009 183
1009 184
1009 185
1009 186
1009 187
1009 188
1009 256
1009 257
1009 258
1009 259
1009 260
1009 261
1009 262
1009 263
1009 264
1009 265
1009 266
1009 267
1009 268
1009 269
1010 186
1010 187
1010 188
1010 189
1010 190
1010 191
1010 192
1010 193
1010 194
1010 195
1010 196
1010 197
1010 198
1010 199
1010 200
1010 201
1010 202
1011 198
1011 199
1011 200
1011 201
1011 202
1011 203
1011 204
1011 205
1011 206
1011 207
1011 208
1011 209
1011 210
1011 211
1011 212
1011 213
1011 214
1011 215
1011 216
1012 210
1012 211
1012 212
1012 213
1012 214
1012 215
1012 216
1012 217
1012 218
1012 219
1012 220
1012 221
1012 222
1012 223
1012 224
1012 225
1012 226
1012 227
1012 228
1012 229
1012 230
1013 223
1013 224
1013 225
1013 226
1013 227
1013 228
1013 229
1013 230
1013 231
1013 232
1013 233
1013 234
1013 235
1013 236
1013 237
1013 238
1013 239
1013 240
1013 241
1013 242
1013 243
1014 237
1014 238
1014 239
1014 240
1014 241
1014 242
1014 243
1014 244
1014 245
1014 246
1014 247
1014 248
1014 249
1014 250
1014 251
1014 252
1014 253
1014 254
1014 255
1015 174
1015 175
1015 176
1015 177
1015 178
1015 179
1015 180
1015 181
1015 182
1015 183
1015 252
1015 253
1015 254
1015 255
1015 256
1015 257
1015 258
1015 259
1015 260
1015 261
1015 262
1015 263
1015 264
1015 265
1015 266
1016 183
1016 184
1016 185
1016 186
1016 187
1016 188
1016 189
1016 190
1016 191
1016 192
1016 193
1016 194
1016 195
1016 196
1016 197
1016 198
1016 199
1016 270
1016 271
1016 272
1016 273
1016 274
1016 275
1017 195
1017 196
1017 197
1017 198
1017 199
1017 200
1017 201
1017 202
1017 203
1017 204
1017 205
1017 206
1017 207
1017 208
1017 209
1017 210
1017 211
1017 212
1017 213
1018 207
1018 208
1018 209
1018 210
1018 211
1018 212
1018 213
1018 214
1018 215
1018 216
1018 217
1018 218
1018 219
1018 220
1018 221
1018 222
1018 223
1018 224
1018 225
1018 226
1019 220
1019 221
1019 222
1019 223
1019 224
1019 225
1019 226
1019 227
1019 228
1019 229
1019 230
1019 231
1019 232
1019 233
1019 234
1019 235
1019 236
1019 237
1019 238
1019 239
1020 233
1020 234
1020 235
1020 236
1020 237
1020 238
1020 239
1020 240
1020 241
1020 242
1020 243
1020 244
1020 245
1020 246
1020 247
1020 248
1020 249
1020 250
1020 251
1020 252
1021 172
1021 173
1021 174
1021 175
1021 176
1021 177
1021 178
1021 179
1021 248
1021 249
1021 250
1021 251
1021 252
1021 253
1021 254
1021 255
1021 256
1021 257
1021 258
1021 259
1021 260
1021 261
1021 262
1021 263
1022 181
1022 182
1022 183
1022 184
1022 185
1022 186
1022 187
1022 188
1022 189
1022 190
1022 191
1022 192
1022 193
1022 194
1022 195
1022 264
1022 265
1022 266
1022 267
1022 268
1022 269
1022 270
1022 271
1022 272
1022 273
1023 192
1023 193
1023 194
1023 195
1023 196
1023 197
1023 198
1023 199
1023 200
1023 201
1023 202
1023 203
1023 204
1023 205
1023 206
1023 207
1023 208
1023 209
1024 203
1024 204
1024 205
1024 206
1024 207
1024 208
1024 209
1024 210
1024 211
1024 212
1024 213
1024 214
1024 215
1024 216
1024 217
1024 218
1024 219
1024 220
1024 221
1024 222
1024 223
1025 216
1025 217
1025 218
1025 219
1025 220
1025 221
1025 222
1025 223
1025 224
1025 225
1025 226
1025 227
1025 228
1025 229
1025 230
1025 231
1025 232
1025 233
1025 234
1025 235
1025 236
1026 230
1026 231
1026 232
1026 233
1026 234
1026 235
1026 236
1026 237
1026 238
1026 239
1026 240
1026 241
1026 242
1026 243
1026 244
1026 245
1026 246
1026 247
1026 248
1027 244
1027 245
1027 246
1027 247
1027 248
1027 249
1027 250
1027 251
1027 252
1027 253
1027 254
1027 255
1027 256
1027 257
1027 258
1027 259
1027 260
1028 178
1028 179
1028 180
1028 181
1028 182
1028 183
1028 184
1028 185
1028 186
1028 187
1028 188
1028 189
1028 190
1028 191
1028 260
1028 261
1028 262
1028 263
1028 264
1028 265
1028 266
1028 267
1028 268
1028 269
1028 270
1028 271
1029 188
1029 189
1029 190
1029 191
1029 192
1029 193
1029 194
1029 195
1029 196
1029 197
1029 198
1029 199
1029 200
1029 201
1029 202
1029 203
1029 204
1029 205
1030 200
1030 201
1030 202
1030 203
1030 204
1030 205
1030 206
1030 207
1030 208
1030 209
1030 210
1030 211
1030 212
1030 213
1030 214
1030 215
1030 216
1030 217
1030 218
1030 219
1031 213
1031 214
1031 215
1031 216
1031 217
1031 218
1031 219
1031 220
1031 221
1031 222
1031 223
1031 224
1031 225
1031 226
1031 227
1031 228
1031 229
1031 230
1031 231
1031 232
1032 226
1032 227
1032 228
1032 229
1032 230
1032 231
1032 232
1032 233
1032 234
1032 235
1032 236
1032 237
1032 238
1032 239
1032 240
1032 241
1032 242
1032 243
1032 244
1032 245
1033 240
1033 241
1033 242
1033 243
1033 244
1033 245
1033 246
1033 247
1033 248
1033 249
1033 250
1033 251
1033 252
1033 253
1033 254
1033 255
1033 256
1033 257
1034 176
1034 177
1034 178
1034 179
1034 180
1034 181
1034 182
1034 183
1034 184
1034 185
1034 186
1034 187
1034 255
1034 256
1034 257
1034 258
1034 259
1034 260
1034 261
1034 262
1034 263
1034 264
1034 265
1034 266
1034 267
1034 268
1035 186
1035 187
1035 188
1035 189
1035 190
1035 191
1035 192
1035 193
1035 194
1035 195
1035 196
1035 197
1035 198
1035 199
1035 200
1035 201
1035 202
1036 197
1036 198
1036 199
1036 200
1036 201
1036 202
1036 203
1036 204
1036 205
1036 206
1036 207
1036 208
1036 209
1036 210
1036 211
1036 212
1036 213
1036 214
1036 215
1037 209
1037 210
1037 211
1037 212
1037 213
1037 214
1037 215
1037 216
1037 217
1037 218
1037 219
1037 220
1037 221
1037 222
1037 223
1037 224
1037 225
1037 226
1037 227
1037 228
1037 229
1038 222
1038 223
1038 224
1038 225
1038 226
1038 227
1038 228
1038 229
1038 230
1038 231
1038 232
1038 233
1038 234
1038 235
1038 236
1038 237
1038 238
1038 239
1038 240
1038 241
1038 242
1039 236
1039 237
1039 238
1039 239
1039 240
1039 241
1039 242
1039 243
1039 244
1039 245
1039 246
1039 247
1039 248
1039 249
1039 250
1039 251
1039 252
1039 253
1039 254
1040 174
1040 175
1040 176
1040 177
1040 178
1040 179
1040 180
1040 181
1040 182
1040 251
1040 252
1040 253
1040 254
1040 255
1040 256
1040 257
1040 258
1040 259
1040 260
1040 261
1040 262
1040 263
1040 264
1040 265
1040 266
1041 183
1041 184
1041 185
1041 186
1041 187
1041 188
1041 189
1041 190
1041 191
1041 192
1041 193
1041 194
1041 195
1041 196
1041 197
1041 198
1041 269
1041 270
1041 271
1041 272
1041 273
1041 274
1041 275
1042 194
1042 195
1042 196
1042 197
1042 198
1042 199
1042 200
1042 201
1042 202
1042 203
1042 204
1042 205
1042 206
1042 207
1042 208
1042 209
1042 210
1042 211
1042 212
1043 206
1043 207
1043 208
1043 209
1043 210
1043 211
1043 212
1043 213
1043 214
1043 215
1043 216
1043 217
1043 218
1043 219
1043 220
1043 221
1043 222
1043 223
1043 224
1043 225
1044 219
1044 220
1044 221
1044 222
1044 223
1044 224
1044 225
1044 226
1044 227
1044 228
1044 229
1044 230
1044 231
1044 232
1044 233
1044 234
1044 235
1044 236
1044 237
1044 238
1045 232
1045 233
1045 234
1045 235
1045 236
1045 237
1045 238
1045 239
1045 240
1045 241
1045 242
1045 243
1045 244
1045 245
1045 246
1045 247
1045 248
1045 249
1045 250
1045 251
1046 172
1046 173
1046 174
1046 175
1046 176
1046 177
1046 178
1046 247
1046 248
1046 249
1046 250
1046 251
1046 252
1046 253
1046 254
1046 255
1046 256
1046 257
1046 258
1046 259
1046 260
1046 261
1046 262
1046 263
1047 180
1047 181
1047 182
1047 183
1047 184
1047 185
1047 186
1047 187
1047 188
1047 189
1047 190
1047 191
1047 192
1047 193
1047 194
1047 263
1047 264
1047 265
1047 266
1047 267
1047 268
1047 269
1047 270
1047 271
1047 272
1047 273
1048 191
1048 192
1048 193
1048 194
1048 195
1048 196
1048 197
1048 198
1048 199
1048 200
1048 201
1048 202
1048 203
1048 204
1048 205
1048 206
1048 207
1048 208
1049 203
1049 204
1049 205
1049 206
1049 207
1049 208
1049 209
1049 210
1049 211
1049 212
1049 213
1049 214
1049 215
1049 216
1049 217
1049 218
1049 219
1049 220
1049 221
1049 222
1050 215
1050 216
1050 217
1050 218
1050 219
1050 220
1050 221
1050 222
1050 223
1050 224
1050 225
1050 226
1050 227
1050 228
1050 229
1050 230
1050 231
1050 232
1050 233
1050 234
1050 235
1051 229
1051 230
1051 231
1051 232
1051 233
1051 234
1051 235
1051 236
1051 237
1051 238
1051 239
1051 240
1051 241
1051 242
1051 243
1051 244
1051 245
1051 246
1051 247
1051 248
1052 243
1052 244
1052 245
1052 246
1052 247
1052 248
1052 249
1052 250
1052 251
1052 252
1052 253
1052 254
1052 255
1052 256
1052 257
1052 258
1052 259
1052 260
1053 177
1053 178
1053 179
1053 180
1053 181
1053 182
1053 183
1053 184
1053 185
1053 186
1053 187
1053 188
1053 189
1053 190
1053 259
1053 260
1053 261
1053 262
1053 263
1053 264
1053 265
1053 266
1053 267
1053 268
1053 269
1053 270
1054 188
1054 189
1054 190
1054 191
1054 192
1054 193
1054 194
1054 195
1054 196
1054 197
1054 198
1054 199
1054 200
1054 201
1054 202
1054 203
1054 204
1055 199
1055 200
1055 201
1055 202
1055 203
1055 204
1055 205
1055 206
1055 207
1055 208
1055 209
1055 210
1055 211
1055 212
1055 213
1055 214
1055 215
1055 216
1055 217
1055 218
1056 212
1056 213
1056 214
1056 215
1056 216
1056 217
1056 218
1056 219
1056 220
1056 221
1056 222
1056 223
1056 224
1056 225
1056 226
1056 227
1056 228
1056 229
1056 230
1056 231
1056 232
1057 225
1057 226
1057 227
1057 228
1057 229
1057 230
1057 231
1057 232
1057 233
1057 234
1057 235
1057 236
1057 237
1057 238
1057 239
1057 240
1057 241
1057 242
1057 243
1057 244
1058 239
1058 240
1058 241
1058 242
1058 243
1058 244
1058 245
1058 246
1058 247
1058 248
1058 249
1058 250
1058 251
1058 252
1058 253
1058 254
1058 255
1058 256
1058 257
1059 175
1059 176
1059 177
1059 178
1059 179
1059 180
1059 181
1059 182
1059 183
1059 184
1059 185
1059 186
1059 254
1059 255
1059 256
1059 257
1059 258
1059 259
1059 260
1059 261
1059 262
1059 263
1059 264
1059 265
1059 266
1059 267
1059 268
1060 185
1060 186
1060 187
1060 188
1060 189
1060 190
1060 191
1060 192
1060 193
1060 194
1060 195
1060 196
1060 197
1060 198
1060 199
1060 200
1060 201
1061 196
1061 197
1061 198
1061 199
1061 200
1061 201
1061 202
1061 203
1061 204
1061 205
1061 206
1061 207
1061 208
1061 209
1061 210
1061 211
1061 212
1061 213
1061 214
1061 215
1062 209
1062 210
1062 211
1062 212
1062 213
1062 214
1062 215
1062 216
1062 217
1062 218
1062 219
1062 220
1062 221
1062 222
1062 223
1062 224
1062 225
1062 226
1062 227
1062 228
1063 222
1063 223
1063 224
1063 225
1063 226
1063 227
1063 228
1063 229
1063 230
1063 231
1063 232
1063 233
1063 234
1063 235
1063 236
1063 237
1063 238
1063 239
1063 240
1063 241
1064 235
1064 236
1064 237
1064 238
1064 239
1064 240
1064 241
1064 242
1064 243
1064 244
1064 245
1064 246
1064 247
1064 248
1064 249
1064 250
1064 251
1064 252
1064 253
1065 173
1065 174
1065 175
1065 176
1065 177
1065 178
1065 179
1065 180
1065 181
1065 250
1065 251
1065 252
1065 253
1065 254
1065 255
1065 256
1065 257
1065 258
1065 259
1065 260
1065 261
1065 262
1065 263
1065 264
1065 265
1066 182
1066 183
1066 184
1066 185
1066 186
1066 187
1066 188
1066 189
1066 190
1066 191
1066 192
1066 193
1066 194
1066 195
1066 196
1066 197
1066 267
1066 268
1066 269
1066 270
1066 271
1066 272
1066 273
1066 274
1067 193
1067 194
1067 195
1067 196
1067 197
1067 198
1067 199
1067 200
1067 201
1067 202
1067 203
1067 204
1067 205
1067 206
1067 207
1067 208
1067 209
1067 210
1067 211
1068 205
1068 206
1068 207
1068 208
1068 209
1068 210
1068 211
1068 212
1068 213
1068 214
1068 215
1068 216
1068 217
1068 218
1068 219
1068 220
1068 221
1068 222
1068 223
1068 224
1068 225
1069 218
1069 219
1069 220
1069 221
1069 222
1069 223
1069 224
1069 225
1069 226
1069 227
1069 228
1069 229
1069 230
1069 231
1069 232
1069 233
1069 234
1069 235
1069 236
1069 237
1069 238
1070 232
1070 233
1070 234
1070 235
1070 236
1070 237
1070 238
1070 239
1070 240
1070 241
1070 242
1070 243
1070 244
1070 245
1070 246
1070 247
1070 248
1070 249
1070 250
1071 172
1071 173
1071 174
1071 175
1071 176
1071 246
1071 247
1071 248
1071 249
1071 250
1071 251
1071 252
1071 253
1071 254
1071 255
1071 256
1071 257
1071 258
1071 259
1071 260
1071 261
1071 262
1072 179
1072 180
1072 181
1072 182
1072 183
1072 184
1072 185
1072 186
1072 187
1072 188
1072 189
1072 190
1072 191
1072 192
1072 193
1072 262
1072 263
1072 264
1072 265
1072 266
1072 267
1072 268
1072 269
1072 270
1072 271
1072 272
1073 190
1073 191
1073 192
1073 193
1073 194
1073 195
1073 196
1073 197
1073 198
1073 199
1073 200
1073 201
1073 202
1073 203
1073 204
1073 205
1073 206
1073 207
1074 202
1074 203
1074 204
1074 205
1074 206
1074 207
1074 208
1074 209
1074 210
1074 211
1074 212
1074 213
1074 214
1074 215
1074 216
1074 217
1074 218
1074 219
1074 220
1074 221
1075 215
1075 216
1075 217
1075 218
1075 219
1075 220
1075 221
1075 222
1075 223
1075 224
1075 225
1075 226
1075 227
1075 228
1075 229
1075 230
1075 231
1075 232
1075 233
1075 234
1076 228
1076 229
1076 230
1076 231
1076 232
1076 233
1076 234
1076 235
1076 236
1076 237
1076 238
1076 239
1076 240
1076 241
1076 242
1076 243
1076 244
1076 245
1076 246
1076 247
1077 242
1077 243
1077 244
1077 245
1077 246
1077 247
1077 248
1077 249
1077 250
1077 251
1077 252
1077 253
1077 254
1077 255
1077 256
1077 257
1077 258
1077 259
1078 177
1078 178
1078 179
1078 180
1078 181
1078 182
1078 183
1078 184
1078 185
1078 186
1078 187
1078 188
1078 189
1078 258
1078 259
1078 260
1078 261
1078 262
1078 263
1078 264
1078 265
1078 266
1078 267
1078 268
1078 269
1078 270
1079 187
1079 188
1079 189
1079 190
1079 191
1079 192
1079 193
1079 194
1079 195
1079 196
1079 197
1079 198
1079 199
1079 200
1079 201
1079 202
1079 203
1079 204
1080 199
1080 200
1080 201
1080 202
1080 203
1080 204
1080 205
1080 206
1080 207
1080 208
1080 209
1080 210
1080 211
1080 212
1080 213
1080 214
1080 215
1080 216
1080 217
1081 211
1081 212
1081 213
1081 214
1081 215
1081 216
1081 217
1081 218
1081 219
1081 220
1081 221
1081 222
1081 223
1081 224
1081 225
1081 226
1081 227
1081 228
1081 229
1081 230
1081 231
1082 224
1082 225
1082 226
1082 227
1082 228
1082 229
1082 230
1082 231
1082 232
1082 233
1082 234
1082 235
1082 236
1082 237
1082 238
1082 239
1082 240
1082 241
1082 242
1082 243
1082 244
1083 238
1083 239
1083 240
1083 241
1083 242
1083 243
1083 244
1083 245
1083 246
1083 247
1083 248
1083 249
1083 250
1083 251
1083 252
1083 253
1083 254
1083 255
1083 256
1084 175
1084 176
1084 177
1084 178
1084 179
1084 180
1084 181
1084 182
1084 183
1084 184
1084 185
1084 253
1084 254
1084 255
1084 256
1084 257
1084 258
1084 259
1084 260
1084 261
1084 262
1084 263
1084 264
1084 265
1084 266
1084 267
1085 184
1085 185
1085 186
1085 187
1085 188
1085 189
1085 190
1085 191
1085 192
1085 193
1085 194
1085 195
1085 196
1085 197
1085 198
1085 199
1085 200
1085 273
1085 274
1086 196
1086 197
1086 198
1086 199
1086 200
1086 201
1086 202
1086 203
1086 204
1086 205
1086 206
1086 207
1086 208
1086 209
1086 210
1086 211
1086 212
1086 213
1086 214
1087 208
1087 209
1087 210
1087 211
1087 212
1087 213
1087 214
1087 215
1087 216
1087 217
1087 218
1087 219
1087 220
1087 221
1087 222
1087 223
1087 224
1087 225
1087 226
1087 227
1088 221
1088 222
1088 223
1088 224
1088 225
1088 226
1088 227
1088 228
1088 229
1088 230
1088 231
1088 232
1088 233
1088 234
1088 235
1088 236
1088 237
1088 238
1088 239
1088 240
1089 235
1089 236
1089 237
1089 238
1089 239
1089 240
1089 241
1089 242
1089 243
1089 244
1089 245
1089 246
1089 247
1089 248
1089 249
1089 250
1089 251
1089 252
1089 253
1090 173
1090 174
1090 175
1090 176
1090 177
1090 178
1090 179
1090 180
1090 249
1090 250
1090 251
1090 252
1090 253
1090 254
1090 255
1090 256
1090 257
1090 258
1090 259
1090 260
1090 261
1090 262
1090 263
1090 264
1091 181
1091 182
1091 183
1091 184
1091 185
1091 186
1091 187
1091 188
1091 189
1091 190
1091 191
1091 192
1091 193
1091 194
1091 195
1091 196
1091 266
1091 267
1091 268
1091 269
1091 270
1091 271
1091 272
1091 273
1091 274
1092 192
1092 193
1092 194
1092 195
1092 196
1092 197
1092 198
1092 199
1092 200
1092 201
1092 202
1092 203
1092 204
1092 205
1092 206
1092 207
1092 208
1092 209
1092 210
1093 204
1093 205
1093 206
1093 207
1093 208
1093 209
1093 210
1093 211
1093 212
1093 213
1093 214
1093 215
1093 216
1093 217
1093 218
1093 219
1093 220
1093 221
1093 222
1093 223
1093 224
1094 217
1094 218
1094 219
1094 220
1094 221
1094 222
1094 223
1094 224
1094 225
1094 226
1094 227
1094 228
1094 229
1094 230
1094 231
1094 232
1094 233
1094 234
1094 235
1094 236
1094 237
1095 231
1095 232
1095 233
1095 234
1095 235
1095 236
1095 237
1095 238
1095 239
1095 240
1095 241
1095 242
1095 243
1095 244
1095 245
1095 246
1095 247
1095 248
1095 249
1096 172
1096 173
1096 174
1096 175
1096 245
1096 246
1096 247
1096 248
1096 249
1096 250
1096 251
1096 252
1096 253
1096 254
1096 255
1096 256
1096 257
1096 258
1096 259
1096 260
1096 261
1097 179
1097 180
1097 181
1097 182
1097 183
1097 184
1097 185
1097 186
1097 187
1097 188
1097 189
1097 190
1097 191
1097 192
1097 261
1097 262
1097 263
1097 264
1097 265
1097 266
1097 267
1097 268
1097 269
1097 270
1097 271
1097 272
1098 189
1098 190
1098 191
1098 192
1098 193
1098 194
1098 195
1098 196
1098 197
1098 198
1098 199
1098 200
1098 201
1098 202
1098 203
1098 204
1098 205
1098 206
1098 207
1099 201
1099 202
1099 203
1099 204
1099 205
1099 206
1099 207
1099 208
1099 209
1099 210
1099 211
1099 212
1099 213
1099 214
1099 215
1099 216
1099 217
1099 218
1099 219
1099 220
1100 214
1100 215
1100 216
1100 217
1100 218
1100 219
1100 220
1100 221
1100 222
1100 223
1100 224
1100 225
1100 226
1100 227
1100 228
1100 229
1100 230
1100 231
1100 232
1100 233
1101 227
1101 228
1101 229
1101 230
1101 231
1101 232
1101 233
1101 234
1101 235
1101 236
1101 237
1101 238
1101 239
1101 240
1101 241
1101 242
1101 243
1101 244
1101 245
1101 246
1102 241
1102 242
1102 243
1102 244
1102 245
1102 246
1102 247
1102 248
1102 249
1102 250
1102 251
1102 252
1102 253
1102 254
1102 255
1102 256
1102 257
1102 258
1103 176
1103 177
1103 178
1103 179
1103 180
1103 181
1103 182
1103 183
1103 184
1103 185
1103 186
1103 187
1103 188
1103 257
1103 258
1103 259
1103 260
1103 261
1103 262
1103 263
1103 264
1103 265
1103 266
1103 267
1103 268
1103 269
1104 187
1104 188
1104 189
1104 190
1104 191
1104 192
1104 193
1104 194
1104 195
1104 196
1104 197
1104 198
1104 199
1104 200
1104 201
1104 202
1104 203
1105 198
1105 199
1105 200
1105 201
1105 202
1105 203
1105 204
1105 205
1105 206
1105 207
1105 208
1105 209
1105 210
1105 211
1105 212
1105 213
1105 214
1105 215
1105 216
1105 217
1106 210
1106 211
1106 212
1106 213
1106 214
1106 215
1106 216
1106 217
1106 218
1106 219
1106 220
1106 221
1106 222
1106 223
1106 224
1106 225
1106 226
1106 227
1106 228
1106 229
1106 230
1107 224
1107 225
1107 226
1107 227
1107 228
1107 229
1107 230
1107 231
1107 232
1107 233
1107 234
1107 235
1107 236
1107 237
1107 238
1107 239
1107 240
1107 241
1107 242
1107 243
1108 238
1108 239
1108 240
1108 241
1108 242
1108 243
1108 244
1108 245
1108 246
1108 247
1108 248
1108 249
1108 250
1108 251
1108 252
1108 253
1108 254
1108 255
1109 174
1109 175
1109 176
1109 177
1109 178
1109 179
1109 180
1109 181
1109 182
1109 183
1109 184
1109 253
1109 254
1109 255
1109 256
1109 257
1109 258
1109 259
1109 260
1109 261
1109 262
1109 263
1109 264
1109 265
1109 266
1109 267
1110 184
1110 185
1110 186
1110 187
1110 188
1110 189
1110 190
1110 191
1110 192
1110 193
1110 194
1110 195
1110 196
1110 197
1110 198
1110 199
1110 272
1110 273
1110 274
1111 195
1111 196
1111 197
1111 198
1111 199
1111 200
1111 201
1111 202
1111 203
1111 204
1111 205
1111 206
1111 207
1111 208
1111 209
1111 210
1111 211
1111 212
1111 213
1112 207
1112 208
1112 209
1112 210
1112 211
1112 212
1112 213
1112 214
1112 215
1112 216
1112 217
1112 218
1112 219
1112 220
1112 221
1112 222
1112 223
1112 224
1112 225
1112 226
1113 220
1113 221
1113 222
1113 223
1113 224
1113 225
1113 226
1113 227
1113 228
1113 229
1113 230
1113 231
1113 232
1113 233
1113 234
1113 235
1113 236
1113 237
1113 238
1113 239
1114 234
1114 235
1114 236
1114 237
1114 238
1114 239
1114 240
1114 241
1114 242
1114 243
1114 244
1114 245
1114 246
1114 247
1114 248
1114 249
1114 250
1114 251
1114 252
1115 172
1115 173
1115 174
1115 175
1115 176
1115 177
1115 178
1115 179
1115 248
1115 249
1115 250
1115 251
1115 252
1115 253
1115 254
1115 255
1115 256
1115 257
1115 258
1115 259
1115 260
1115 261
1115 262
1115 263
1115 264
1116 181
1116 182
1116 183
1116 184
1116 185
1116 186
1116 187
1116 188
1116 189
1116 190
1116 191
1116 192
1116 193
1116 194
1116 195
1116 265
1116 266
1116 267
1116 268
1116 269
1116 270
1116 271
1116 272
1116 273
1117 192
1117 193
1117 194
1117 195
1117 196
1117 197
1117 198
1117 199
1117 200
1117 201
1117 202
1117 203
1117 204
1117 205
1117 206
1117 207
1117 208
1117 209
1118 204
1118 205
1118 206
1118 207
1118 208
1118 209
1118 210
1118 211
1118 212
1118 213
1118 214
1118 215
1118 216
1118 217
1118 218
1118 219
1118 220
1118 221
1118 222
1118 223
1119 217
1119 218
1119 219
1119 220
1119 221
1119 222
1119 223
1119 224
1119 225
1119 226
1119 227
1119 228
1119 229
1119 230
1119 231
1119 232
1119 233
1119 234
1119 235
1119 236
1120 230
1120 231
1120 232
1120 233
1120 234
1120 235
1120 236
1120 237
1120 238
1120 239
1120 240
1120 241
1120 242
1120 243
1120 244
1120 245
1120 246
1120 247
1120 248
1120 249
1121 172
1121 173
1121 174
1121 244
1121 245
1121 246
1121 247
1121 248
1121 249
1121 250
1121 251
1121 252
1121 253
1121 254
1121 255
1121 256
1121 257
1121 258
1121 259
1121 260
1121 261
1122 178
1122 179
1122 180
1122 181
1122 182
1122 183
1122 184
1122 185
1122 186
1122 187
1122 188
1122 189
1122 190
1122 191
1122 261
1122 262
1122 263
1122 264
1122 265
1122 266
1122 267
1122 268
1122 269
1122 270
1122 271
1123 189
1123 190
1123 191
1123 192
1123 193
1123 194
1123 195
1123 196
1123 197
1123 198
1123 199
1123 200
1123 201
1123 202
1123 203
1123 204
1123 205
1123 206
1124 201
1124 202
1124 203
1124 204
1124 205
1124 206
1124 207
1124 208
1124 209
1124 210
1124 211
1124 212
1124 213
1124 214
1124 215
1124 216
1124 217
1124 218
1124 219
1125 213
1125 214
1125 215
1125 216
1125 217
1125 218
1125 219
1125 220
1125 221
1125 222
1125 223
1125 224
1125 225
1125 226
1125 227
1125 228
1125 229
1125 230
1125 231
1125 232
1125 233
1126 226
1126 227
1126 228
1126 229
1126 230
1126 231
1126 232
1126 233
1126 234
1126 235
1126 236
1126 237
1126 238
1126 239
1126 240
1126 241
1126 242
1126 243
1126 244
1126 245
1127 241
1127 242
1127 243
1127 244
1127 245
1127 246
1127 247
1127 248
1127 249
1127 250
1127 251
1127 252
1127 253
1127 254
1127 255
1127 256
1127 257
1127 258
1128 176
1128 177
1128 178
1128 179
1128 180
1128 181
1128 182
1128 183
1128 184
1128 185
1128 186
1128 187
1128 256
1128 257
1128 258
1128 259
1128 260
1128 261
1128 262
1128 263
1128 264
1128 265
1128 266
1128 267
1128 268
1128 269
1129 186
1129 187
1129 188
1129 189
1129 190
1129 191
1129 192
1129 193
1129 194
1129 195
1129 196
1129 197
1129 198
1129 199
1129 200
1129 201
1129 202
1130 197
1130 198
1130 199
1130 200
1130 201
1130 202
1130 203
1130 204
1130 205
1130 206
1130 207
1130 208
1130 209
1130 210
1130 211
1130 212
1130 213
1130 214
1130 215
1130 216
1131 210
1131 211
1131 212
1131 213
1131 214
1131 215
1131 216
1131 217
1131 218
1131 219
1131 220
1131 221
1131 222
1131 223
1131 224
1131 225
1131 226
1131 227
1131 228
1131 229
1132 223
1132 224
1132 225
1132 226
1132 227
1132 228
1132 229
1132 230
1132 231
1132 232
1132 233
1132 234
1132 235
1132 236
1132 237
1132 238
1132 239
1132 240
1132 241
1132 242
1133 237
1133 238
1133 239
1133 240
1133 241
1133 242
1133 243
1133 244
1133 245
1133 246
1133 247
1133 248
1133 249
1133 250
1133 251
1133 252
1133 253
1133 254
1134 174
1134 175
1134 176
1134 177
1134 178
1134 179
1134 180
1134 181
1134 182
1134 183
1134 252
1134 253
1134 254
1134 255
1134 256
1134 257
1134 258
1134 259
1134 260
1134 261
1134 262
1134 263
1134 264
1134 265
1134 266
1135 183
1135 184
1135 185
1135 186
1135 187
1135 188
1135 189
1135 190
1135 191
1135 192
1135 193
1135 194
1135 195
1135 196
1135 197
1135 198
1135 271
1135 272
1135 273
1135 274
1136 194
1136 195
1136 196
1136 197
1136 198
1136 199
1136 200
1136 201
1136 202
1136 203
1136 204
1136 205
1136 206
1136 207
1136 208
1136 209
1136 210
1136 211
1136 212
1137 206
1137 207
1137 208
1137 209
1137 210
1137 211
1137 212
1137 213
1137 214
1137 215
1137 216
1137 217
1137 218
1137 219
1137 220
1137 221
1137 222
1137 223
1137 224
1137 225
1137 226
1138 219
1138 220
1138 221
1138 222
1138 223
1138 224
1138 225
1138 226
1138 227
1138 228
1138 229
1138 230
1138 231
1138 232
1138 233
1138 234
1138 235
1138 236
1138 237
1138 238
1138 239
1139 233
1139 234
1139 235
1139 236
1139 237
1139 238
1139 239
1139 240
1139 241
1139 242
1139 243
1139 244
1139 245
1139 246
1139 247
1139 248
1139 249
1139 250
1139 251
1140 172
1140 173
1140 174
1140 175
1140 176
1140 177
1140 178
1140 248
1140 249
1140 250
1140 251
1140 252
1140 253
1140 254
1140 255
1140 256
1140 257
1140 258
1140 259
1140 260
1140 261
1140 262
1140 263
1141 181
1141 182
1141 183
1141 184
1141 185
1141 186
1141 187
1141 188
1141 189
1141 190
1141 191
1141 192
1141 193
1141 194
1141 265
1141 266
1141 267
1141 268
1141 269
1141 270
1141 271
1141 272
1141 273
1142 191
1142 192
1142 193
1142 194
1142 195
1142 196
1142 197
1142 198
1142 199
1142 200
1142 201
1142 202
1142 203
1142 204
1142 205
1142 206
1142 207
1142 208
1142 209
1143 203
1143 204
1143 205
1143 206
1143 207
1143 208
1143 209
1143 210
1143 211
1143 212
1143 213
1143 214
1143 215
1143 216
1143 217
1143 218
1143 219
1143 220
1143 221
1143 222
1144 216
1144 217
1144 218
1144 219
1144 220
1144 221
1144 222
1144 223
1144 224
1144 225
1144 226
1144 227
1144 228
1144 229
1144 230
1144 231
1144 232
1144 233
1144 234
1144 235
1145 229
1145 230
1145 231
1145 232
1145 233
1145 234
1145 235
1145 236
1145 237
1145 238
1145 239
1145 240
1145 241
1145 242
1145 243
1145 244
1145 245
1145 246
1145 247
1145 248
1146 244
1146 245
1146 246
1146 247
1146 248
1146 249
1146 250
1146 251
1146 252
1146 253
1146 254
1146 255
1146 256
1146 257
1146 258
1146 259
1146 260
1147 178
1147 179
1147 180
1147 181
1147 182
1147 183
1147 184
1147 185
1147 186
1147 187
1147 188
1147 189
1147 190
1147 260
1147 261
1147 262
1147 263
1147 264
1147 265
1147 266
1147 267
1147 268
1147 269
1147 270
1148 188
1148 189
1148 190
1148 191
1148 192
1148 193
1148 194
1148 195
1148 196
1148 197
1148 198
1148 199
1148 200
1148 201
1148 202
1148 203
1148 204
1148 205
1149 200
1149 201
1149 202
1149 203
1149 204
1149 205
1149 206
1149 207
1149 208
1149 209
1149 210
1149 211
1149 212
1149 213
1149 214
1149 215
1149 216
1149 217
1149 218
1149 219
1150 213
1150 214
1150 215
1150 216
1150 217
1150 218
1150 219
1150 220
1150 221
1150 222
1150 223
1150 224
1150 225
1150 226
1150 227
1150 228
1150 229
1150 230
1150 231
1150 232
1151 226
1151 227
1151 228
1151 229
1151 230
1151 231
1151 232
1151 233
1151 234
1151 235
1151 236
1151 237
1151 238
1151 239
1151 240
1151 241
1151 242
1151 243
1151 244
1151 245
1152 240
1152 241
1152 242
1152 243
1152 244
1152 245
1152 246
1152 247
1152 248
1152 249
1152 250
1152 251
1152 252
1152 253
1152 254
1152 255
1152 256
1152 257
1153 176
1153 177
1153 178
1153 179
1153 180
1153 181
1153 182
1153 183
1153 184
1153 185
1153 186
1153 255
1153 256
1153 257
1153 258
1153 259
1153 260
1153 261
1153 262
1153 263
1153 264
1153 265
1153 266
1153 267
1153 268
1154 186
1154 187
1154 188
1154 189
1154 190
1154 191
1154 192
1154 193
1154 194
1154 195
1154 196
1154 197
1154 198
1154 199
1154 200
1154 201
1155 197
1155 198
1155 199
1155 200
1155 201
1155 202
1155 203
1155 204
1155 205
1155 206
1155 207
1155 208
1155 209
1155 210
1155 211
1155 212
1155 213
1155 214
1155 215
1156 209
1156 210
1156 211
1156 212
1156 213
1156 214
1156 215
1156 216
1156 217
1156 218
1156 219
1156 220
1156 221
1156 222
1156 223
1156 224
1156 225
1156 226
1156 227
1156 228
1157 222
1157 223
1157 224
1157 225
1157 226
1157 227
1157 228
1157 229
1157 230
1157 231
1157 232
1157 233
1157 234
1157 235
1157 236
1157 237
1157 238
1157 239
1157 240
1157 241
1158 236
1158 237
1158 238
1158 239
1158 240
1158 241
1158 242
1158 243
1158 244
1158 245
1158 246
1158 247
1158 248
1158 249
1158 250
1158 251
1158 252
1158 253
1158 254
1159 174
1159 175
1159 176
1159 177
1159 178
1159 179
1159 180
1159 181
1159 182
1159 251
1159 252
1159 253
1159 254
1159 255
1159 256
1159 257
1159 258
1159 259
1159 260
1159 261
1159 262
1159 263
1159 264
1159 265
1160 183
1160 184
1160 185
1160 186
1160 187
1160 188
1160 189
1160 190
1160 191
1160 192
1160 193
1160 194
1160 195
1160 196
1160 197
1160 270
1160 271
1160 272
1160 273
1161 194
1161 195
1161 196
1161 197
1161 198
1161 199
1161 200
1161 201
1161 202
1161 203
1161 204
1161 205
1161 206
1161 207
1161 208
1161 209
1161 210
1161 211
1162 206
1162 207
1162 208
1162 209
1162 210
1162 211
1162 212
1162 213
1162 214
1162 215
1162 216
1162 217
1162 218
1162 219
1162 220
1162 221
1162 222
1162 223
1162 224
1162 225
1163 219
1163 220
1163 221
1163 222
1163 223
1163 224
1163 225
1163 226
1163 227
1163 228
1163 229
1163 230
1163 231
1163 232
1163 233
1163 234
1163 235
1163 236
1163 237
1163 238
1164 232
1164 233
1164 234
1164 235
1164 236
1164 237
1164 238
1164 239
1164 240
1164 241
1164 242
1164 243
1164 244
1164 245
1164 246
1164 247
1164 248
1164 249
1164 250
1165 172
1165 173
1165 174
1165 175
1165 176
1165 177
1165 247
1165 248
1165 249
1165 250
1165 251
1165 252
1165 253
1165 254
1165 255
1165 256
1165 257
1165 258
1165 259
1165 260
1165 261
1165 262
1166 180
1166 181
1166 182
1166 183
1166 184
1166 185
1166 186
1166 187
1166 188
1166 189
1166 190
1166 191
1166 192
1166 193
1166 264
1166 265
1166 266
1166 267
1166 268
1166 269
1166 270
1166 271
1166 272
1167 191
1167 192
1167 193
1167 194
1167 195
1167 196
1167 197
1167 198
1167 199
1167 200
1167 201
1167 202
1167 203
1167 204
1167 205
1167 206
1167 207
1167 208
1168 203
1168 204
1168 205
1168 206
1168 207
1168 208
1168 209
1168 210
1168 211
1168 212
1168 213
1168 214
1168 215
1168 216
1168 217
1168 218
1168 219
1168 220
1168 221
1169 215
1169 216
1169 217
1169 218
1169 219
1169 220
1169 221
1169 222
1169 223
1169 224
1169 225
1169 226
1169 227
1169 228
1169 229
1169 230
1169 231
1169 232
1169 233
1169 234
1170 229
1170 230
1170 231
1170 232
1170 233
1170 234
1170 235
1170 236
1170 237
1170 238
1170 239
1170 240
1170 241
1170 242
1170 243
1170 244
1170 245
1170 246
1170 247
1171 243
1171 244
1171 245
1171 246
1171 247
1171 248
1171 249
1171 250
1171 251
1171 252
1171 253
1171 254
1171 255
1171 256
1171 257
1171 258
1171 259
1172 178
1172 179
1172 180
1172 181
1172 182
1172 183
1172 184
1172 185
1172 186
1172 187
1172 188
1172 189
1172 259
1172 260
1172 261
1172 262
1172 263
1172 264
1172 265
1172 266
1172 267
1172 268
1172 269
1172 270
1173 188
1173 189
1173 190
1173 191
1173 192
1173 193
1173 194
1173 195
1173 196
1173 197
1173 198
1173 199
1173 200
1173 201
1173 202
1173 203
1173 204
1174 200
1174 201
1174 202
1174 203
1174 204
1174 205
1174 206
1174 207
1174 208
1174 209
1174 210
1174 211
1174 212
1174 213
1174 214
1174 215
1174 216
1174 217
1174 218
1175 212
1175 213
1175 214
1175 215
1175 216
1175 217
1175 218
1175 219
1175 220
1175 221
1175 222
1175 223
1175 224
1175 225
1175 226
1175 227
1175 228
1175 229
1175 230
1175 231
1176 225
1176 226
1176 227
1176 228
1176 229
1176 230
1176 231
1176 232
1176 233
1176 234
1176 235
1176 236
1176 237
1176 238
1176 239
1176 240
1176 241
1176 242
1176 243
1176 244
1177 239
1177 240
1177 241
1177 242
1177 243
1177 244
1177 245
1177 246
1177 247
1177 248
1177 249
1177 250
1177 251
1177 252
1177 253
1177 254
1177 255
1177 256
1178 176
1178 177
1178 178
1178 179
1178 180
1178 181
1178 182
1178 183
1178 184
1178 185
1178 255
1178 256
1178 257
1178 258
1178 259
1178 260
1178 261
1178 262
1178 263
1178 264
1178 265
1178 266
1178 267
1179 185
1179 186
1179 187
1179 188
1179 189
1179 190
1179 191
1179 192
1179 193
1179 194
1179 195
1179 196
1179 197
1179 198
1179 199
1179 200
1180 196
1180 197
1180 198
1180 199
1180 200
1180 201
1180 202
1180 203
1180 204
1180 205
1180 206
1180 207
1180 208
1180 209
1180 210
1180 211
1180 212
1180 213
1180 214
1181 209
1181 210
1181 211
1181 212
1181 213
1181 214
1181 215
1181 216
1181 217
1181 218
1181 219
1181 220
1181 221
1181 222
1181 223
1181 224
1181 225
1181 226
1181 227
1182 222
1182 223
1182 224
1182 225
1182 226
1182 227
1182 228
1182 229
1182 230
1182 231
1182 232
1182 233
1182 234
1182 235
1182 236
1182 237
1182 238
1182 239
1182 240
1183 236
1183 237
1183 238
1183 239
1183 240
1183 241
1183 242
1183 243
1183 244
1183 245
1183 246
1183 247
1183 248
1183 249
1183 250
1183 251
1183 252
1183 253
1184 174
1184 175
1184 176
1184 177
1184 178
1184 179
1184 180
1184 181
1184 250
1184 251
1184 252
1184 253
1184 254
1184 255
1184 256
1184 257
1184 258
1184 259
1184 260
1184 261
1184 262
1184 263
1184 264
1185 182
1185 183
1185 184
1185 185
1185 186
1185 187
1185 188
1185 189
1185 190
1185 191
1185 192
1185 193
1185 194
1185 195
1185 196
1185 269
1185 270
1185 271
1185 272
1186 193
1186 194
1186 195
1186 196
1186 197
1186 198
1186 199
1186 200
1186 201
1186 202
1186 203
1186 204
1186 205
1186 206
1186 207
1186 208
1186 209
1186 210
1187 205
1187 206
1187 207
1187 208
1187 209
1187 210
1187 211
1187 212
1187 213
1187 214
1187 215
1187 216
1187 217
1187 218
1187 219
1187 220
1187 221
1187 222
1187 223
1187 224
1188 218
1188 219
1188 220
1188 221
1188 222
1188 223
1188 224
1188 225
1188 226
1188 227
1188 228
1188 229
1188 230
1188 231
1188 232
1188 233
1188 234
1188 235
1188 236
1188 237
1189 232
1189 233
1189 234
1189 235
1189 236
1189 237
1189 238
1189 239
1189 240
1189 241
1189 242
1189 243
1189 244
1189 245
1189 246
1189 247
1189 248
1189 249
1189 250
1190 173
1190 174
1190 175
1190 176
1190 246
1190 247
1190 248
1190 249
1190 250
1190 251
1190 252
1190 253
1190 254
1190 255
1190 256
1190 257
1190 258
1190 259
1190 260
1190 261
1191 180
1191 181
1191 182
1191 183
1191 184
1191 185
1191 186
1191 187
1191 188
1191 189
1191 190
1191 191
1191 192
1191 263
1191 264
1191 265
1191 266
1191 267
1191 268
1191 269
1191 270
1191 271
1192 190
1192 191
1192 192
1192 193
1192 194
1192 195
1192 196
1192 197
1192 198
1192 199
1192 200
1192 201
1192 202
1192 203
1192 204
1192 205
1192 206
1192 207
1193 202
1193 203
1193 204
1193 205
1193 206
1193 207
1193 208
1193 209
1193 210
1193 211
1193 212
1193 213
1193 214
1193 215
1193 216
1193 217
1193 218
1193 219
1193 220
1194 215
1194 216
1194 217
1194 218
1194 219
1194 220
1194 221
1194 222
1194 223
1194 224
1194 225
1194 226
1194 227
1194 228
1194 229
1194 230
1194 231
1194 232
1194 233
1194 234
1195 228
1195 229
1195 230
1195 231
1195 232
1195 233
1195 234
1195 235
1195 236
1195 237
1195 238
1195 239
1195 240
1195 241
1195 242
1195 243
1195 244
1195 245
1195 246
1196 243
1196 244
1196 245
1196 246
1196 247
1196 248
1196 249
1196 250
1196 251
1196 252
1196 253
1196 254
1196 255
1196 256
1196 257
1196 258
1197 178
1197 179
1197 180
1197 181
1197 182
1197 183
1197 184
1197 185
1197 186
1197 187
1197 188
1197 258
1197 259
1197 260
1197 261
1197 262
1197 263
1197 264
1197 265
1197 266
1197 267
1197 268
1197 269
1198 188
1198 189
1198 190
1198 191
1198 192
1198 193
1198 194
1198 195
1198 196
1198 197
1198 198
1198 199
1198 200
1198 201
1198 202
1198 203
1199 199
1199 200
1199 201
1199 202
1199 203
1199 204
1199 205
1199 206
1199 207
1199 208
1199 209
1199 210
1199 211
1199 212
1199 213
1199 214
1199 215
1199 216
1199 217
1200 211
1200 212
1200 213
1200 214
1200 215
1200 216
1200 217
1200 218
1200 219
1200 220
1200 221
1200 222
1200 223
1200 224
1200 225
1200 226
1200 227
1200 228
1200 229
1200 230
1201 225
1201 226
1201 227
1201 228
1201 229
1201 230
1201 231
1201 232
1201 233
1201 234
1201 235
1201 236
1201 237
1201 238
1201 239
1201 240
1201 241
1201 242
1201 243
1202 239
1202 240
1202 241
1202 242
1202 243
1202 244
1202 245
1202 246
1202 247
1202 248
1202 249
1202 250
1202 251
1202 252
1202 253
1202 254
1202 255
1203 175
1203 176
1203 177
1203 178
1203 179
1203 180
1203 181
1203 182
1203 183
1203 184
1203 254
1203 255
1203 256
1203 257
1203 258
1203 259
1203 260
1203 261
1203 262
1203 263
1203 264
1203 265
1203 266
1204 185
1204 186
1204 187
1204 188
1204 189
1204 190
1204 191
1204 192
1204 193
1204 194
1204 195
1204 196
1204 197
1204 198
1204 199
1205 196
1205 197
1205 198
1205 199
1205 200
1205 201
1205 202
1205 203
1205 204
1205 205
1205 206
1205 207
1205 208
1205 209
1205 210
1205 211
1205 212
1205 213
1206 208
1206 209
1206 210
1206 211
1206 212
1206 213
1206 214
1206 215
1206 216
1206 217
1206 218
1206 219
1206 220
1206 221
1206 222
1206 223
1206 224
1206 225
1206 226
1206 227
1207 221
1207 222
1207 223
1207 224
1207 225
1207 226
1207 227
1207 228
1207 229
1207 230
1207 231
1207 232
1207 233
1207 234
1207 235
1207 236
1207 237
1207 238
1207 239
1207 240
1208 235
1208 236
1208 237
1208 238
1208 239
1208 240
1208 241
1208 242
1208 243
1208 244
1208 245
1208 246
1208 247
1208 248
1208 249
1208 250
1208 251
1208 252
1209 174
1209 175
1209 176
1209 177
1209 178
1209 179
1209 180
1209 250
1209 251
1209 252
1209 253
1209 254
1209 255
1209 256
1209 257
1209 258
1209 259
1209 260
1209 261
1209 262
1209 263
1210 182
1210 183
1210 184
1210 185
1210 186
1210 187
1210 188
1210 189
1210 190
1210 191
1210 192
1210 193
1210 194
1210 195
1210 269
1210 270
1210 271
1211 193
1211 194
1211 195
1211 196
1211 197
1211 198
1211 199
1211 200
1211 201
1211 202
1211 203
1211 204
1211 205
1211 206
1211 207
1211 208
1211 209
1211 210
1212 205
1212 206
1212 207
1212 208
1212 209
1212 210
1212 211
1212 212
1212 213
1212 214
1212 215
1212 216
1212 217
1212 218
1212 219
1212 220
1212 221
1212 222
1212 223
1213 218
1213 219
1213 220
1213 221
1213 222
1213 223
1213 224
1213 225
1213 226
1213 227
1213 228
1213 229
1213 230
1213 231
1213 232
1213 233
1213 234
1213 235
1213 236
1214 231
1214 232
1214 233
1214 234
1214 235
1214 236
1214 237
1214 238
1214 239
1214 240
1214 241
1214 242
1214 243
1214 244
1214 245
1214 246
1214 247
1214 248
1214 249
1215 246
1215 247
1215 248
1215 249
1215 250
1215 251
1215 252
1215 253
1215 254
1215 255
1215 256
1215 257
1215 258
1215 259
1215 260
1215 261
1216 180
1216 181
1216 182
1216 183
1216 184
1216 185
1216 186
1216 187
1216 188
1216 189
1216 190
1216 191
1216 192
1216 263
1216 264
1216 265
1216 266
1216 267
1216 268
1216 269
1216 270
1217 190
1217 191
1217 192
1217 193
1217 194
1217 195
1217 196
1217 197
1217 198
1217 199
1217 200
1217 201
1217 202
1217 203
1217 204
1217 205
1217 206
1218 202
1218 203
1218 204
1218 205
1218 206
1218 207
1218 208
1218 209
1218 210
1218 211
1218 212
1218 213
1218 214
1218 215
1218 216
1218 217
1218 218
1218 219
1218 220
1219 214
1219 215
1219 216
1219 217
1219 218
1219 219
1219 220
1219 221
1219 222
1219 223
1219 224
1219 225
1219 226
1219 227
1219 228
1219 229
1219 230
1219 231
1219 232
1219 233
1220 228
1220 229
1220 230
1220 231
1220 232
1220 233
1220 234
1220 235
1220 236
1220 237
1220 238
1220 239
1220 240
1220 241
1220 242
1220 243
1220 244
1220 245
1221 242
1221 243
1221 244
1221 245
1221 246
1221 247
1221 248
1221 249
1221 250
1221 251
1221 252
1221 253
1221 254
1221 255
1221 256
1221 257
1222 177
1222 178
1222 179
1222 180
1222 181
1222 182
1222 183
1222 184
1222 185
1222 186
1222 187
1222 258
1222 259
1222 260
1222 261
1222 262
1222 263
1222 264
1222 265
1222 266
1222 267
1222 268
1223 187
1223 188
1223 189
1223 190
1223 191
1223 192
1223 193
1223 194
1223 195
1223 196
1223 197
1223 198
1223 199
1223 200
1223 201
1223 202
1224 199
1224 200
1224 201
1224 202
1224 203
1224 204
1224 205
1224 206
1224 207
1224 208
1224 209
1224 210
1224 211
1224 212
1224 213
1224 214
1224 215
1224 216
1225 211
1225 212
1225 213
1225 214
1225 215
1225 216
1225 217
1225 218
1225 219
1225 220
1225 221
1225 222
1225 223
1225 224
1225 225
1225 226
1225 227
1225 228
1225 229
1226 224
1226 225
1226 226
1226 227
1226 228
1226 229
1226 230
1226 231
1226 232
1226 233
1226 234
1226 235
1226 236
1226 237
1226 238
1226 239
1226 240
1226 241
1226 242
1227 238
1227 239
1227 240
1227 241
1227 242
1227 243
1227 244
1227 245
1227 246
1227 247
1227 248
1227 249
1227 250
1227 251
1227 252
1227 253
1227 254
1228 176
1228 177
1228 178
1228 179
1228 180
1228 181
1228 182
1228 183
1228 254
1228 255
1228 256
1228 257
1228 258
1228 259
1228 260
1228 261
1228 262
1228 263
1228 264
1228 265
1229 185
1229 186
1229 187
1229 188
1229 189
1229 190
1229 191
1229 192
1229 193
1229 194
1229 195
1229 196
1229 197
1229 198
1230 196
1230 197
1230 198
1230 199
1230 200
1230 201
1230 202
1230 203
1230 204
1230 205
1230 206
1230 207
1230 208
1230 209
1230 210
1230 211
1230 212
1231 208
1231 209
1231 210
1231 211
1231 212
1231 213
1231 214
1231 215
1231 216
1231 217
1231 218
1231 219
1231 220
1231 221
1231 222
1231 223
1231 224
1231 225
1231 226
1232 221
1232 222
1232 223
1232 224
1232 225
1232 226
1232 227
1232 228
1232 229
1232 230
1232 231
1232 232
1232 233
1232 234
1232 235
1232 236
1232 237
1232 238
1232 239
1233 234
1233 235
1233 236
1233 237
1233 238
1233 239
1233 240
1233 241
1233 242
1233 243
1233 244
1233 245
1233 246
1233 247
1233 248
1233 249
1233 250
1233 251
1234 174
1234 175
1234 176
1234 177
1234 178
1234 249
1234 250
1234 251
1234 252
1234 253
1234 254
1234 255
1234 256
1234 257
1234 258
1234 259
1234 260
1234 261
1234 262
1234 263
1235 182
1235 183
1235 184
1235 185
1235 186
1235 187
1235 188
1235 189
1235 190
1235 191
1235 192
1235 193
1235 194
1235 195
1235 269
1235 270
1236 193
1236 194
1236 195
1236 196
1236 197
1236 198
1236 199
1236 200
1236 201
1236 202
1236 203
1236 204
1236 205
1236 206
1236 207
1236 208
1236 209
1237 205
1237 206
1237 207
1237 208
1237 209
1237 210
1237 211
1237 212
1237 213
1237 214
1237 215
1237 216
1237 217
1237 218
1237 219
1237 220
1237 221
1237 222
1238 217
1238 218
1238 219
1238 220
1238 221
1238 222
1238 223
1238 224
1238 225
1238 226
1238 227
1238 228
1238 229
1238 230
1238 231
1238 232
1238 233
1238 234
1238 235
1239 231
1239 232
1239 233
1239 234
1239 235
1239 236
1239 237
1239 238
1239 239
1239 240
1239 241
1239 242
1239 243
1239 244
1239 245
1239 246
1239 247
1239 248
1240 245
1240 246
1240 247
1240 248
1240 249
1240 250
1240 251
1240 252
1240 253
1240 254
1240 255
1240 256
1240 257
1240 258
1240 259
1240 260
1241 180
1241 181
1241 182
1241 183
1241 184
1241 185
1241 186
1241 187
1241 188
1241 189
1241 190
1241 191
1241 262
1241 263
1241 264
1241 265
1241 266
1241 267
1241 268
1241 269
1242 190
1242 191
1242 192
1242 193
1242 194
1242 195
1242 196
1242 197
1242 198
1242 199
1242 200
1242 201
1242 202
1242 203
1242 204
1242 205
1243 201
1243 202
1243 203
1243 204
1243 205
1243 206
1243 207
1243 208
1243 209
1243 210
1243 211
1243 212
1243 213
1243 214
1243 215
1243 216
1243 217
1243 218
1243 219
1244 214
1244 215
1244 216
1244 217
1244 218
1244 219
1244 220
1244 221
1244 222
1244 223
1244 224
1244 225
1244 226
1244 227
1244 228
1244 229
1244 230
1244 231
1244 232
1245 227
1245 228
1245 229
1245 230
1245 231
1245 232
1245 233
1245 234
1245 235
1245 236
1245 237
1245 238
1245 239
1245 240
1245 241
1245 242
1245 243
1245 244
1245 245
1246 242
1246 243
1246 244
1246 245
1246 246
1246 247
1246 248
1246 249
1246 250
1246 251
1246 252
1246 253
1246 254
1246 255
1246 256
1246 257
1247 178
1247 179
1247 180
1247 181
1247 182
1247 183
1247 184
1247 185
1247 186
1247 258
1247 259
1247 260
1247 261
1247 262
1247 263
1247 264
1247 265
1247 266
1247 267
1248 187
1248 188
1248 189
1248 190
1248 191
1248 192
1248 193
1248 194
1248 195
1248 196
1248 197
1248 198
1248 199
1248 200
1248 201
1249 198
1249 199
1249 200
1249 201
1249 202
1249 203
1249 204
1249 205
1249 206
1249 207
1249 208
1249 209
1249 210
1249 211
1249 212
1249 213
1249 214
1249 215
1250 211
1250 212
1250 213
1250 214
1250 215
1250 216
1250 217
1250 218
1250 219
1250 220
1250 221
1250 222
1250 223
1250 224
1250 225
1250 226
1250 227
1250 228
1251 224
1251 225
1251 226
1251 227
1251 228
1251 229
1251 230
1251 231
1251 232
1251 233
1251 234
1251 235
1251 236
1251 237
1251 238
1251 239
1251 240
1251 241
1252 238
1252 239
1252 240
1252 241
1252 242
1252 243
1252 244
1252 245
1252 246
1252 247
1252 248
1252 249
1252 250
1252 251
1252 252
1252 253
1253 176
1253 177
1253 178
1253 179
1253 180
1253 181
1253 182
1253 253
1253 254
1253 255
1253 256
1253 257
1253 258
1253 259
1253 260
1253 261
1253 262
1253 263
1253 264
1254 185
1254 186
1254 187
1254 188
1254 189
1254 190
1254 191
1254 192
1254 193
1254 194
1254 195
1254 196
1254 197
1255 195
1255 196
1255 197
1255 198
1255 199
1255 200
1255 201
1255 202
1255 203
1255 204
1255 205
1255 206
1255 207
1255 208
1255 209
1255 210
1255 211
1256 207
1256 208
1256 209
1256 210
1256 211
1256 212
1256 213
1256 214
1256 215
1256 216
1256 217
1256 218
1256 219
1256 220
1256 221
1256 222
1256 223
1256 224
1256 225
1257 220
1257 221
1257 222
1257 223
1257 224
1257 225
1257 226
1257 227
1257 228
1257 229
1257 230
1257 231
1257 232
1257 233
1257 234
1257 235
1257 236
1257 237
1257 238
1258 234
1258 235
1258 236
1258 237
1258 238
1258 239
1258 240
1258 241
1258 242
1258 243
1258 244
1258 245
1258 246
1258 247
1258 248
1258 249
1258 250
1259 249
1259 250
1259 251
1259 252
1259 253
1259 254
1259 255
1259 256
1259 257
1259 258
1259 259
1259 260
1259 261
1259 262
1260 182
1260 183
1260 184
1260 185
1260 186
1260 187
1260 188
1260 189
1260 190
1260 191
1260 192
1260 193
1260 194
1261 193
1261 194
1261 195
1261 196
1261 197
1261 198
1261 199
1261 200
1261 201
1261 202
1261 203
1261 204
1261 205
1261 206
1261 207
1261 208
1262 204
1262 205
1262 206
1262 207
1262 208
1262 209
1262 210
1262 211
1262 212
1262 213
1262 214
1262 215
1262 216
1262 217
1262 218
1262 219
1262 220
1262 221
1263 217
1263 218
1263 219
1263 220
1263 221
1263 222
1263 223
1263 224
1263 225
1263 226
1263 227
1263 228
1263 229
1263 230
1263 231
1263 232
1263 233
1263 234
1264 230
1264 231
1264 232
1264 233
1264 234
1264 235
1264 236
1264 237
1264 238
1264 239
1264 240
1264 241
1264 242
1264 243
1264 244
1264 245
1264 246
1264 247
1265 245
1265 246
1265 247
1265 248
1265 249
1265 250
1265 251
1265 252
1265 253
1265 254
1265 255
1265 256
1265 257
1265 258
1265 259
1266 180
1266 181
1266 182
1266 183
1266 184
1266 185
1266 186
1266 187
1266 188
1266 189
1266 262
1266 263
1266 264
1266 265
1266 266
1266 267
1266 268
1267 190
1267 191
1267 192
1267 193
1267 194
1267 195
1267 196
1267 197
1267 198
1267 199
1267 200
1267 201
1267 202
1267 203
1267 204
1268 201
1268 202
1268 203
1268 204
1268 205
1268 206
1268 207
1268 208
1268 209
1268 210
1268 211
1268 212
1268 213
1268 214
1268 215
1268 216
1268 217
1268 218
1269 214
1269 215
1269 216
1269 217
1269 218
1269 219
1269 220
1269 221
1269 222
1269 223
1269 224
1269 225
1269 226
1269 227
1269 228
1269 229
1269 230
1269 231
1270 227
1270 228
1270 229
1270 230
1270 231
1270 232
1270 233
1270 234
1270 235
1270 236
1270 237
1270 238
1270 239
1270 240
1270 241
1270 242
1270 243
1270 244
1271 241
1271 242
1271 243
1271 244
1271 245
1271 246
1271 247
1271 248
1271 249
1271 250
1271 251
1271 252
1271 253
1271 254
1271 255
1271 256
1272 178
1272 179
1272 180
1272 181
1272 182
1272 183
1272 184
1272 185
1272 257
1272 258
1272 259
1272 260
1272 261
1272 262
1272 263
1272 264
1272 265
1272 266
1273 187
1273 188
1273 189
1273 190
1273 191
1273 192
1273 193
1273 194
1273 195
1273 196
1273 197
1273 198
1273 199
1273 200
1274 198
1274 199
1274 200
1274 201
1274 202
1274 203
1274 204
1274 205
1274 206
1274 207
1274 208
1274 209
1274 210
1274 211
1274 212
1274 213
1274 214
1275 210
1275 211
1275 212
1275 213
1275 214
1275 215
1275 216
1275 217
1275 218
1275 219
1275 220
1275 221
1275 222
1275 223
1275 224
1275 225
1275 226
1275 227
1276 223
1276 224
1276 225
1276 226
1276 227
1276 228
1276 229
1276 230
1276 231
1276 232
1276 233
1276 234
1276 235
1276 236
1276 237
1276 238
1276 239
1276 240
1277 237
1277 238
1277 239
1277 240
1277 241
1277 242
1277 243
1277 244
1277 245
1277 246
1277 247
1277 248
1277 249
1277 250
1277 251
1277 252
1277 253
1278 177
1278 178
1278 179
1278 180
1278 253
1278 254
1278 255
1278 256
1278 257
1278 258
1278 259
1278 260
1278 261
1278 262
1278 263
1279 185
1279 186
1279 187
1279 188
1279 189
1279 190
1279 191
1279 192
1279 193
1279 194
1279 195
1279 196
1280 195
1280 196
1280 197
1280 198
1280 199
1280 200
1280 201
1280 202
1280 203
1280 204
1280 205
1280 206
1280 207
1280 208
1280 209
1280 210
1280 211
1281 207
1281 208
1281 209
1281 210
1281 211
1281 212
1281 213
1281 214
1281 215
1281 216
1281 217
1281 218
1281 219
1281 220
1281 221
1281 222
1281 223
1281 224
1282 220
1282 221
1282 222
1282 223
1282 224
1282 225
1282 226
1282 227
1282 228
1282 229
1282 230
1282 231
1282 232
1282 233
1282 234
1282 235
1282 236
1282 237
1283 234
1283 235
1283 236
1283 237
1283 238
1283 239
1283 240
1283 241
1283 242
1283 243
1283 244
1283 245
1283 246
1283 247
1283 248
1283 249
1284 249
1284 250
1284 251
1284 252
1284 253
1284 254
1284 255
1284 256
1284 257
1284 258
1284 259
1284 260
1284 261
1285 182
1285 183
1285 184
1285 185
1285 186
1285 187
1285 188
1285 189
1285 190
1285 191
1285 192
1286 193
1286 194
1286 195
1286 196
1286 197
1286 198
1286 199
1286 200
1286 201
1286 202
1286 203
1286 204
1286 205
1286 206
1286 207
1287 204
1287 205
1287 206
1287 207
1287 208
1287 209
1287 210
1287 211
1287 212
1287 213
1287 214
1287 215
1287 216
1287 217
1287 218
1287 219
1287 220
1288 217
1288 218
1288 219
1288 220
1288 221
1288 222
1288 223
1288 224
1288 225
1288 226
1288 227
1288 228
1288 229
1288 230
1288 231
1288 232
1288 233
1289 230
1289 231
1289 232
1289 233
1289 234
1289 235
1289 236
1289 237
1289 238
1289 239
1289 240
1289 241
1289 242
1289 243
1289 244
1289 245
1289 246
1290 245
1290 246
1290 247
1290 248
1290 249
1290 250
1290 251
1290 252
1290 253
1290 254
1290 255
1290 256
1290 257
1290 258
1291 180
1291 181
1291 182
1291 183
1291 184
1291 185
1291 186
1291 187
1291 188
1291 262
1291 263
1291 264
1291 265
1291 266
1291 267
1292 190
1292 191
1292 192
1292 193
1292 194
1292 195
1292 196
1292 197
1292 198
1292 199
1292 200
1292 201
1292 202
1292 203
1293 201
1293 202
1293 203
1293 204
1293 205
1293 206
1293 207
1293 208
1293 209
1293 210
1293 211
1293 212
1293 213
1293 214
1293 215
1293 216
1293 217
1294 213
1294 214
1294 215
1294 216
1294 217
1294 218
1294 219
1294 220
1294 221
1294 222
1294 223
1294 224
1294 225
1294 226
1294 227
1294 228
1294 229
1294 230
1295 227
1295 228
1295 229
1295 230
1295 231
1295 232
1295 233
1295 234
1295 235
1295 236
1295 237
1295 238
1295 239
1295 240
1295 241
1295 242
1295 243
1296 241
1296 242
1296 243
1296 244
1296 245
1296 246
1296 247
1296 248
1296 249
1296 250
1296 251
1296 252
1296 253
1296 254
1296 255
1297 178
1297 179
1297 180
1297 181
1297 182
1297 183
1297 184
1297 257
1297 258
1297 259
1297 260
1297 261
1297 262
1297 263
1297 264
1297 265
1298 187
1298 188
1298 189
1298 190
1298 191
1298 192
1298 193
1298 194
1298 195
1298 196
1298 197
1298 198
1298 199
1299 198
1299 199
1299 200
1299 201
1299 202
1299 203
1299 204
1299 205
1299 206
1299 207
1299 208
1299 209
1299 210
1299 211
1299 212
1299 213
1300 210
1300 211
1300 212
1300 213
1300 214
1300 215
1300 216
1300 217
1300 218
1300 219
1300 220
1300 221
1300 222
1300 223
1300 224
1300 225
1300 226
1300 227
1301 223
1301 224
1301 225
1301 226
1301 227
1301 228
1301 229
1301 230
1301 231
1301 232
1301 233
1301 234
1301 235
1301 236
1301 237
1301 238
1301 239
1302 237
1302 238
1302 239
1302 240
1302 241
1302 242
1302 243
1302 244
1302 245
1302 246
1302 247
1302 248
1302 249
1302 250
1302 251
1302 252
1303 253
1303 254
1303 255
1303 256
1303 257
1303 258
1303 259
1303 260
1303 261
1303 262
1304 185
1304 186
1304 187
1304 188
1304 189
1304 190
1304 191
1304 192
1304 193
1304 194
1304 195
1305 195
1305 196
1305 197
1305 198
1305 199
1305 200
1305 201
1305 202
1305 203
1305 204
1305 205
1305 206
1305 207
1305 208
1305 209
1305 210
1306 207
1306 208
1306 209
1306 210
1306 211
1306 212
1306 213
1306 214
1306 215
1306 216
1306 217
1306 218
1306 219
1306 220
1306 221
1306 222
1306 223
1307 220
1307 221
1307 222
1307 223
1307 224
1307 225
1307 226
1307 227
1307 228
1307 229
1307 230
1307 231
1307 232
1307 233
1307 234
1307 235
1307 236
1308 234
1308 235
1308 236
1308 237
1308 238
1308 239
1308 240
1308 241
1308 242
1308 243
1308 244
1308 245
1308 246
1308 247
1308 248
1309 249
1309 250
1309 251
1309 252
1309 253
1309 254
1309 255
1309 256
1309 257
1309 258
1309 259
1309 260
1310 183
1310 184
1310 185
1310 186
1310 187
1310 188
1310 189
1310 190
1310 191
1311 193
1311 194
1311 195
1311 196
1311 197
1311 198
1311 199
1311 200
1311 201
1311 202
1311 203
1311 204
1311 205
1311 206
1312 204
1312 205
1312 206
1312 207
1312 208
1312 209
1312 210
1312 211
1312 212
1312 213
1312 214
1312 215
1312 216
1312 217
1312 218
1312 219
1313 217
1313 218
1313 219
1313 220
1313 221
1313 222
1313 223
1313 224
1313 225
1313 226
1313 227
1313 228
1313 229
1313 230
1313 231
1313 232
1313 233
1314 230
1314 231
1314 232
1314 233
1314 234
1314 235
1314 236
1314 237
1314 238
1314 239
1314 240
1314 241
1314 242
1314 243
1314 244
1314 245
1315 245
1315 246
1315 247
1315 248
1315 249
1315 250
1315 251
1315 252
1315 253
1315 254
1315 255
1315 256
1315 257
1316 181
1316 182
1316 183
1316 184
1316 185
1316 186
1316 187
1316 263
1316 264
1317 190
1317 191
1317 192
1317 193
1317 194
1317 195
1317 196
1317 197
1317 198
1317 199
1317 200
1317 201
1317 202
1318 201
1318 202
1318 203
1318 204
1318 205
1318 206
1318 207
1318 208
1318 209
1318 210
1318 211
1318 212
1318 213
1318 214
1318 215
1318 216
1319 213
1319 214
1319 215
1319 216
1319 217
1319 218
1319 219
1319 220
1319 221
1319 222
1319 223
1319 224
1319 225
1319 226
1319 227
1319 228
1319 229
1320 227
1320 228
1320 229
1320 230
1320 231
1320 232
1320 233
1320 234
1320 235
1320 236
1320 237
1320 238
1320 239
1320 240
1320 241
1320 242
1321 241
1321 242
1321 243
1321 244
1321 245
1321 246
1321 247
1321 248
1321 249
1321 250
1321 251
1321 252
1321 253
1321 254
1322 180
1322 181
1322 257
1322 258
1322 259
1322 260
1322 261
1322 262
1322 263
1323 187
1323 188
1323 189
1323 190
1323 191
1323 192
1323 193
1323 194
1323 195
1323 196
1323 197
1323 198
1324 198
1324 199
1324 200
1324 201
1324 202
1324 203
1324 204
1324 205
1324 206
1324 207
1324 208
1324 209
1324 210
1324 211
1324 212
1325 210
1325 211
1325 212
1325 213
1325 214
1325 215
1325 216
1325 217
1325 218
1325 219
1325 220
1325 221
1325 222
1325 223
1325 224
1325 225
1325 226
1326 223
1326 224
1326 225
1326 226
1326 227
1326 228
1326 229
1326 230
1326 231
1326 232
1326 233
1326 234
1326 235
1326 236
1326 237
1326 238
1327 237
1327 238
1327 239
1327 240
1327 241
1327 242
1327 243
1327 244
1327 245
1327 246
1327 247
1327 248
1327 249
1327 250
1328 253
1328 254
1328 255
1328 256
1328 257
1328 258
1328 259
1328 260
1328 261
1329 185
1329 186
1329 187
1329 188
1329 189
1329 190
1329 191
1329 192
1329 193
1329 194
1330 195
1330 196
1330 197
1330 198
1330 199
1330 200
1330 201
1330 202
1330 203
1330 204
1330 205
1330 206
1330 207
1330 208
1331 207
1331 208
1331 209
1331 210
1331 211
1331 212
1331 213
1331 214
1331 215
1331 216
1331 217
1331 218
1331 219
1331 220
1331 221
1331 222
1332 220
1332 221
1332 222
1332 223
1332 224
1332 225
1332 226
1332 227
1332 228
1332 229
1332 230
1332 231
1332 232
1332 233
1332 234
1332 235
1333 234
1333 235
1333 236
1333 237
1333 238
1333 239
1333 240
1333 241
1333 242
1333 243
1333 244
1333 245
1333 246
1333 247
1334 249
1334 250
1334 251
1334 252
1334 253
1334 254
1334 255
1334 256
1334 257
1334 258
1335 183
1335 184
1335 185
1335 186
1335 187
1335 188
1335 189
1335 190
1336 193
1336 194
1336 195
1336 196
1336 197
1336 198
1336 199
1336 200
1336 201
1336 202
1336 203
1336 204
1336 205
1337 204
1337 205
1337 206
1337 207
1337 208
1337 209
1337 210
1337 211
1337 212
1337 213
1337 214
1337 215
1337 216
1337 217
1337 218
1338 217
1338 218
1338 219
1338 220
1338 221
1338 222
1338 223
1338 224
1338 225
1338 226
1338 227
1338 228
1338 229
1338 230
1338 231
1339 230
1339 231
1339 232
1339 233
1339 234
1339 235
1339 236
1339 237
1339 238
1339 239
1339 240
1339 241
1339 242
1339 243
1339 244
1340 245
1340 246
1340 247
1340 248
1340 249
1340 250
1340 251
1340 252
1340 253
1340 254
1340 255
1341 182
1341 183
1341 184
1341 185
1342 190
1342 191
1342 192
1342 193
1342 194
1342 195
1342 196
1342 197
1342 198
1342 199
1342 200
1342 201
1343 201
1343 202
1343 203
1343 204
1343 205
1343 206
1343 207
1343 208
1343 209
1343 210
1343 211
1343 212
1343 213
1343 214
1343 215
1344 213
1344 214
1344 215
1344 216
1344 217
1344 218
1344 219
1344 220
1344 221
1344 222
1344 223
1344 224
1344 225
1344 226
1344 227
1344 228
1345 227
1345 228
1345 229
1345 230
1345 231
1345 232
1345 233
1345 234
1345 235
1345 236
1345 237
1345 238
1345 239
1345 240
1345 241
1346 241
1346 242
1346 243
1346 244
1346 245
1346 246
1346 247
1346 248
1346 249
1346 250
1346 251
1346 252
1347 258
1347 259
1347 260
1347 261
1348 188
1348 189
1348 190
1348 191
1348 192
1348 193
1348 194
1348 195
1348 196
1348 197
1349 198
1349 199
1349 200
1349 201
1349 202
1349 203
1349 204
1349 205
1349 206
1349 207
1349 208
1349 209
1349 210
1349 211
1350 210
1350 211
1350 212
1350 213
1350 214
1350 215
1350 216
1350 217
1350 218
1350 219
1350 220
1350 221
1350 222
1350 223
1350 224
1351 223
1351 224
1351 225
1351 226
1351 227
1351 228
1351 229
1351 230
1351 231
1351 232
1351 233
1351 234
1351 235
1351 236
1351 237
1352 237
1352 238
1352 239
1352 240
1352 241
1352 242
1352 243
1352 244
1352 245
1352 246
1352 247
1352 248
1352 249
1353 253
1353 254
1353 255
1353 256
1353 257
1353 258
1353 259
1354 186
1354 187
1354 188
1354 189
1354 190
1354 191
1354 192
1354 193
1355 196
1355 197
1355 198
1355 199
1355 200
1355 201
1355 202
1355 203
1355 204
1355 205
1355 206
1355 207
1356 207
1356 208
1356 209
1356 210
1356 211
1356 212
1356 213
1356 214
1356 215
1356 216
1356 217
1356 218
1356 219
1356 220
1356 221
1357 220
1357 221
1357 222
1357 223
1357 224
1357 225
1357 226
1357 227
1357 228
1357 229
1357 230
1357 231
1357 232
1357 233
1357 234
1358 234
1358 235
1358 236
1358 237
1358 238
1358 239
1358 240
1358 241
1358 242
1358 243
1358 244
1358 245
1358 246
1359 249
1359 250
1359 251
1359 252
1359 253
1359 254
1359 255
1359 256
1359 257
1360 184
1360 185
1360 186
1360 187
1360 188
1361 193
1361 194
1361 195
1361 196
1361 197
1361 198
1361 199
1361 200
1361 201
1361 202
1361 203
1362 204
1362 205
1362 206
1362 207
1362 208
1362 209
1362 210
1362 211
1362 212
1362 213
1362 214
1362 215
1362 216
1362 217
1363 217
1363 218
1363 219
1363 220
1363 221
1363 222
1363 223
1363 224
1363 225
1363 226
1363 227
1363 228
1363 229
1363 230
1364 230
1364 231
1364 232
1364 233
1364 234
1364 235
1364 236
1364 237
1364 238
1364 239
1364 240
1364 241
1364 242
1364 243
1365 245
1365 246
1365 247
1365 248
1365 249
1365 250
1365 251
1365 252
1365 253
1365 254
1367 191
1367 192
1367 193
1367 194
1367 195
1367 196
1367 197
1367 198
1367 199
1368 202
1368 203
1368 204
1368 205
1368 206
1368 207
1368 208
1368 209
1368 210
1368 211
1368 212
1368 213
1368 214
1369 214
1369 215
1369 216
1369 217
1369 218
1369 219
1369 220
1369 221
1369 222
1369 223
1369 224
1369 225
1369 226
1369 227
1370 227
1370 228
1370 229
1370 230
1370 231
1370 232
1370 233
1370 234
1370 235
1370 236
1370 237
1370 238
1370 239
1371 241
1371 242
1371 243
1371 244
1371 245
1371 246
1371 247
1371 248
1371 249
1371 250
1371 251
1373 189
1373 190
1373 191
1373 192
1373 193
1373 194
1373 195
1374 199
1374 200
1374 201
1374 202
1374 203
1374 204
1374 205
1374 206
1374 207
1374 208
1374 209
1374 210
1375 211
1375 212
1375 213
1375 214
1375 215
1375 216
1375 217
1375 218
1375 219
1375 220
1375 221
1375 222
1375 223
1376 223
1376 224
1376 225
1376 226
1376 227
1376 228
1376 229
1376 230
1376 231
1376 232
1376 233
1376 234
1376 235
1376 236
1377 237
1377 238
1377 239
1377 240
1377 241
1377 242
1377 243
1377 244
1377 245
1377 246
1377 247
1377 248
1378 255
1378 256
1378 257
1379 187
1379 188
1379 189
1379 190
1379 191
1380 196
1380 197
1380 198
1380 199
1380 200
1380 201
1380 202
1380 203
1380 204
1380 205
1380 206
1381 208
1381 209
1381 210
1381 211
1381 212
1381 213
1381 214
1381 215
1381 216
1381 217
1381 218
1381 219
1381 220
1382 220
1382 221
1382 222
1382 223
1382 224
1382 225
1382 226
1382 227
1382 228
1382 229
1382 230
1382 231
1382 232
1382 233
1383 234
1383 235
1383 236
1383 237
1383 238
1383 239
1383 240
1383 241
1383 242
1383 243
1383 244
1383 245
1384 250
1384 251
1384 252
1384 253
1384 254
1384 255
1386 194
1386 195
1386 196
1386 197
1386 198
1386 199
1386 200
1386 201
1386 202
1387 205
1387 206
1387 207
1387 208
1387 209
1387 210
1387 211
1387 212
1387 213
1387 214
1387 215
1387 216
1388 217
1388 218
1388 219
1388 220
1388 221
1388 222
1388 223
1388 224
1388 225
1388 226
1388 227
1388 228
1388 229
1389 230
1389 231
1389 232
1389 233
1389 234
1389 235
1389 236
1389 237
1389 238
1389 239
1389 240
1389 241
1390 246
1390 247
1390 248
1390 249
1390 250
1390 251
1390 252
1392 192
1392 193
1392 194
1392 195
1392 196
1392 197
1392 198
1393 202
1393 203
1393 204
1393 205
1393 206
1393 207
1393 208
1393 209
1393 210
1393 211
1393 212
1394 214
1394 215
1394 216
1394 217
1394 218
1394 219
1394 220
1394 221
1394 222
1394 223
1394 224
1394 225
1395 227
1395 228
1395 229
1395 230
1395 231
1395 232
1395 233
1395 234
1395 235
1395 236
1395 237
1395 238
1396 242
1396 243
1396 244
1396 245
1396 246
1396 247
1396 248
1396 249
1398 191
1398 192
1398 193
1399 200
1399 201
1399 202
1399 203
1399 204
1399 205
1399 206
1399 207
1399 208
1400 211
1400 212
1400 213
1400 214
1400 215
1400 216
1400 217
1400 218
1400 219
1400 220
1400 221
1400 222
1401 224
1401 225
1401 226
1401 227
1401 228
1401 229
1401 230
1401 231
1401 232
1401 233
1401 234
1401 235
1402 238
1402 239
1402 240
1402 241
1402 242
1402 243
1402 244
1402 245
1402 246
1405 197
1405 198
1405 199
1405 200
1405 201
1405 202
1405 203
1405 204
1406 208
1406 209
1406 210
1406 211
1406 212
1406 213
1406 214
1406 215
1406 216
1406 217
1406 218
1407 221
1407 222
1407 223
1407 224
1407 225
1407 226
1407 227
1407 228
1407 229
1407 230
1407 231
1408 235
1408 236
1408 237
1408 238
1408 239
1408 240
1408 241
1408 242
1408 243
1411 195
1411 196
1411 197
1411 198
1411 199
1411 200
1412 206
1412 207
1412 208
1412 209
1412 210
1412 211
1412 212
1412 213
1412 214
1413 218
1413 219
1413 220
1413 221
1413 222
1413 223
1413 224
1413 225
1413 226
1413 227
1413 228
1414 231
1414 232
1414 233
1414 234
1414 235
1414 236
1414 237
1414 238
1414 239
1414 240
1415 247
1415 248
1415 249
1418 203
1418 204
1418 205
1418 206
1418 207
1418 208
1418 209
1418 210
1418 211
1419 215
1419 216
1419 217
1419 218
1419 219
1419 220
1419 221
1419 222
1419 223
1419 224
1420 228
1420 229
1420 230
1420 231
1420 232
1420 233
1420 234
1420 235
1420 236
1421 243
1421 244
1421 245
1421 246
1421 247
1424 201
1424 202
1424 203
1424 204
1424 205
1424 206
1425 212
1425 213
1425 214
1425 215
1425 216
1425 217
1425 218
1425 219
1425 220
1426 225
1426 226
1426 227
1426 228
1426 229
1426 230
1426 231
1426 232
1426 233
1427 239
1427 240
1427 241
1427 242
1427 243
1427 244
1430 199
1430 200
1430 201
1430 202
1431 209
1431 210
1431 211
1431 212
1431 213
1431 214
1431 215
1431 216
1432 222
1432 223
1432 224
1432 225
1432 226
1432 227
1432 228
1432 229
1433 236
1433 237
1433 238
1433 239
1433 240
1433 241
1437 207
1437 208
1437 209
1437 210
1437 211
1437 212
1438 219
1438 220
1438 221
1438 222
1438 223
1438 224
1438 225
1438 226
1439 233
1439 234
1439 235
1439 236
1439 237
1443 205
1443 206
1443 207
1443 208
1444 216
1444 217
1444 218
1444 219
1444 220
1444 221
1444 222
1445 229
1445 230
1445 231
1445 232
1445 233
1445 234
1450 214
1450 215
1450 216
1450 217
1450 218
1451 227
1451 228
1451 229
1451 230
1456 212
1456 213
1457 224
1457 225
1457 226
1989 164
1990 176
1990 177
1990 178
1990 179
1990 180
1996 172
1996 173
1996 174
1996 175
1996 176
1996 177
1997 187
1997 188
1997 189
1997 190
2002 168
2002 169
2002 170
2002 171
2002 172
2002 173
2002 174
2003 182
2003 183
2003 184
2003 185
2003 186
2003 187
2003 188
2008 164
2008 165
2008 166
2008 167
2008 168
2008 169
2008 170
2008 171
2009 178
2009 179
2009 180
2009 181
2009 182
2009 183
2009 184
2009 185
2010 194
2010 195
2010 196
2010 197
2014 161
2014 162
2014 163
2014 164
2014 165
2014 166
2014 167
2015 174
2015 175
2015 176
2015 177
2015 178
2015 179
2015 180
2015 181
2015 182
2016 189
2016 190
2016 191
2016 192
2016 193
2016 194
2016 195
2020 157
2020 158
2020 159
2020 160
2020 161
2020 162
2020 163
2021 170
2021 171
2021 172
2021 173
2021 174
2021 175
2021 176
2021 177
2021 178
2021 179
2022 184
2022 185
2022 186
2022 187
2022 188
2022 189
2022 190
2022 191
2022 192
2022 193
2023 201
2023 202
2023 203
2026 154
2026 155
2026 156
2026 157
2026 158
2026 159
2027 166
2027 167
2027 168
2027 169
2027 170
2027 171
2027 172
2027 173
2027 174
2027 175
2027 176
2028 180
2028 181
2028 182
2028 183
2028 184
2028 185
2028 186
2028 187
2028 188
2028 189
2028 190
2029 195
2029 196
2029 197
2029 198
2029 199
2029 200
2029 201
2029 202
2032 152
2032 153
2032 154
2032 155
2033 163
2033 164
2033 165
2033 166
2033 167
2033 168
2033 169
2033 170
2033 171
2033 172
2034 176
2034 177
2034 178
2034 179
2034 180
2034 181
2034 182
2034 183
2034 184
2034 185
2034 186
2034 187
2035 191
2035 192
2035 193
2035 194
2035 195
2035 196
2035 197
2035 198
2035 199
2035 200
2039 159
2039 160
2039 161
2039 162
2039 163
2039 164
2039 165
2039 166
2039 167
2039 168
2039 169
2040 172
2040 173
2040 174
2040 175
2040 176
2040 177
2040 178
2040 179
2040 180
2040 181
2040 182
2040 183
2041 187
2041 188
2041 189
2041 190
2041 191
2041 192
2041 193
2041 194
2041 195
2041 196
2041 197
2042 203
2042 204
2042 205
2042 206
2042 207
2042 208
2042 209
2045 156
2045 157
2045 158
2045 159
2045 160
2045 161
2045 162
2045 163
2045 164
2045 165
2046 169
2046 170
2046 171
2046 172
2046 173
2046 174
2046 175
2046 176
2046 177
2046 178
2046 179
2046 180
2047 183
2047 184
2047 185
2047 186
2047 187
2047 188
2047 189
2047 190
2047 191
2047 192
2047 193
2047 194
2048 198
2048 199
2048 200
2048 201
2048 202
2048 203
2048 204
2048 205
2048 206
2051 153
2051 154
2051 155
2051 156
2051 157
2051 158
2051 159
2051 160
2051 161
2052 165
2052 166
2052 167
2052 168
2052 169
2052 170
2052 171
2052 172
2052 173
2052 174
2052 175
2052 176
2052 177
2053 179
2053 180
2053 181
2053 182
2053 183
2053 184
2053 185
2053 186
2053 187
2053 188
2053 189
2053 190
2053 191
2054 193
2054 194
2054 195
2054 196
2054 197
2054 198
2054 199
2054 200
2054 201
2054 202
2054 203
2054 204
2055 210
2055 211
2055 212
2055 213
2055 214
2057 150
2057 151
2057 152
2057 153
2057 154
2057 155
2057 156
2058 162
2058 163
2058 164
2058 165
2058 166
2058 167
2058 168
2058 169
2058 170
2058 171
2058 172
2058 173
2059 175
2059 176
2059 177
2059 178
2059 179
2059 180
2059 181
2059 182
2059 183
2059 184
2059 185
2059 186
2059 187
2059 188
2060 189
2060 190
2060 191
2060 192
2060 193
2060 194
2060 195
2060 196
2060 197
2060 198
2060 199
2060 200
2060 201
2061 205
2061 206
2061 207
2061 208
2061 209
2061 210
2061 211
2061 212
2061 213
2063 148
2063 149
2063 150
2063 151
2063 152
2064 158
2064 159
2064 160
2064 161
2064 162
2064 163
2064 164
2064 165
2064 166
2064 167
2064 168
2064 169
2065 171
2065 172
2065 173
2065 174
2065 175
2065 176
2065 177
2065 178
2065 179
2065 180
2065 181
2065 182
2065 183
2065 184
2066 185
2066 186
2066 187
2066 188
2066 189
2066 190
2066 191
2066 192
2066 193
2066 194
2066 195
2066 196
2066 197
2066 198
2067 200
2067 201
2067 202
2067 203
2067 204
2067 205
2067 206
2067 207
2067 208
2067 209
2067 210
2067 211
2070 155
2070 156
2070 157
2070 158
2070 159
2070 160
2070 161
2070 162
2070 163
2070 164
2070 165
2070 166
2071 168
2071 169
2071 170
2071 171
2071 172
2071 173
2071 174
2071 175
2071 176
2071 177
2071 178
2071 179
2071 180
2071 181
2072 181
2072 182
2072 183
2072 184
2072 185
2072 186
2072 187
2072 188
2072 189
2072 190
2072 191
2072 192
2072 193
2072 194
2072 195
2073 196
2073 197
2073 198
2073 199
2073 200
2073 201
2073 202
2073 203
2073 204
2073 205
2073 206
2073 207
2073 208
2074 213
2074 214
2074 215
2074 216
2074 217
2074 218
2074 219
2076 152
2076 153
2076 154
2076 155
2076 156
2076 157
2076 158
2076 159
2076 160
2076 161
2077 164
2077 165
2077 166
2077 167
2077 168
2077 169
2077 170
2077 171
2077 172
2077 173
2077 174
2077 175
2077 176
2077 177
2078 178
2078 179
2078 180
2078 181
2078 182
2078 183
2078 184
2078 185
2078 186
2078 187
2078 188
2078 189
2078 190
2078 191
2078 192
2079 192
2079 193
2079 194
2079 195
2079 196
2079 197
2079 198
2079 199
2079 200
2079 201
2079 202
2079 203
2079 204
2079 205
2080 208
2080 209
2080 210
2080 211
2080 212
2080 213
2080 214
2080 215
2080 216
2080 217
2082 149
2082 150
2082 151
2082 152
2082 153
2082 154
2082 155
2082 156
2082 157
2083 161
2083 162
2083 163
2083 164
2083 165
2083 166
2083 167
2083 168
2083 169
2083 170
2083 171
2083 172
2083 173
2083 174
2084 174
2084 175
2084 176
2084 177
2084 178
2084 179
2084 180
2084 181
2084 182
2084 183
2084 184
2084 185
2084 186
2084 187
2084 188
2084 189
2085 188
2085 189
2085 190
2085 191
2085 192
2085 193
2085 194
2085 195
2085 196
2085 197
2085 198
2085 199
2085 200
2085 201
2085 202
2086 203
2086 204
2086 205
2086 206
2086 207
2086 208
2086 209
2086 210
2086 211
2086 212
2086 213
2086 214
2086 215
2087 222
2087 223
2087 224
2088 146
2088 147
2088 148
2088 149
2088 150
2088 151
2088 152
2089 157
2089 158
2089 159
2089 160
2089 161
2089 162
2089 163
2089 164
2089 165
2089 166
2089 167
2089 168
2089 169
2089 170
2090 170
2090 171
2090 172
2090 173
2090 174
2090 175
2090 176
2090 177
2090 178
2090 179
2090 180
2090 181
2090 182
2090 183
2090 184
2090 185
2091 184
2091 185
2091 186
2091 187
2091 188
2091 189
2091 190
2091 191
2091 192
2091 193
2091 194
2091 195
2091 196
2091 197
2091 198
2091 199
2092 199
2092 200
2092 201
2092 202
2092 203
2092 204
2092 205
2092 206
2092 207
2092 208
2092 209
2092 210
2092 211
2092 212
2093 215
2093 216
2093 217
2093 218
2093 219
2093 220
2093 221
2093 222
2093 223
2094 145
2094 146
2095 154
2095 155
2095 156
2095 157
2095 158
2095 159
2095 160
2095 161
2095 162
2095 163
2095 164
2095 165
2095 166
2096 167
2096 168
2096 169
2096 170
2096 171
2096 172
2096 173
2096 174
2096 175
2096 176
2096 177
2096 178
2096 179
2096 180
2096 181
2096 182
2097 180
2097 181
2097 182
2097 183
2097 184
2097 185
2097 186
2097 187
2097 188
2097 189
2097 190
2097 191
2097 192
2097 193
2097 194
2097 195
2097 196
2098 195
2098 196
2098 197
2098 198
2098 199
2098 200
2098 201
2098 202
2098 203
2098 204
2098 205
2098 206
2098 207
2098 208
2098 209
2099 211
2099 212
2099 213
2099 214
2099 215
2099 216
2099 217
2099 218
2099 219
2099 220
2099 221
2101 151
2101 152
2101 153
2101 154
2101 155
2101 156
2101 157
2101 158
2101 159
2101 160
2101 161
2101 162
2102 163
2102 164
2102 165
2102 166
2102 167
2102 168
2102 169
2102 170
2102 171
2102 172
2102 173
2102 174
2102 175
2102 176
2102 177
2102 178
2103 177
2103 178
2103 179
2103 180
2103 181
2103 182
2103 183
2103 184
2103 185
2103 186
2103 187
2103 188
2103 189
2103 190
2103 191
2103 192
2103 193
2104 191
2104 192
2104 193
2104 194
2104 195
2104 196
2104 197
2104 198
2104 199
2104 200
2104 201
2104 202
2104 203
2104 204
2104 205
2104 206
2105 206
2105 207
2105 208
2105 209
2105 210
2105 211
2105 212
2105 213
2105 214
2105 215
2105 216
2105 217
2105 218
2106 224
2106 225
2106 226
2106 227
2106 228
2107 148
2107 149
2107 150
2107 151
2107 152
2107 153
2107 154
2107 155
2107 156
2107 157
2107 158
2108 160
2108 161
2108 162
2108 163
2108 164
2108 165
2108 166
2108 167
2108 168
2108 169
2108 170
2108 171
2108 172
2108 173
2108 174
2109 173
2109 174
2109 175
2109 176
2109 177
2109 178
2109 179
2109 180
2109 181
2109 182
2109 183
2109 184
2109 185
2109 186
2109 187
2109 188
2109 189
2110 187
2110 188
2110 189
2110 190
2110 191
2110 192
2110 193
2110 194
2110 195
2110 196
2110 197
2110 198
2110 199
2110 200
2110 201
2110 202
2110 203
2111 202
2111 203
2111 204
2111 205
2111 206
2111 207
2111 208
2111 209
2111 210
2111 211
2111 212
2111 213
2111 214
2111 215
2111 216
2112 218
2112 219
2112 220
2112 221
2112 222
2112 223
2112 224
2112 225
2112 226
2112 227
2113 145
2113 146
2113 147
2113 148
2113 149
2113 150
2113 151
2113 152
2113 153
2114 156
2114 157
2114 158
2114 159
2114 160
2114 161
2114 162
2114 163
2114 164
2114 165
2114 166
2114 167
2114 168
2114 169
2114 170
2115 169
2115 170
2115 171
2115 172
2115 173
2115 174
2115 175
2115 176
2115 177
2115 178
2115 179
2115 180
2115 181
2115 182
2115 183
2115 184
2115 185
2115 186
2116 183
2116 184
2116 185
2116 186
2116 187
2116 188
2116 189
2116 190
2116 191
2116 192
2116 193
2116 194
2116 195
2116 196
2116 197
2116 198
2116 199
2116 200
2117 198
2117 199
2117 200
2117 201
2117 202
2117 203
2117 204
2117 205
2117 206
2117 207
2117 208
2117 209
2117 210
2117 211
2117 212
2117 213
2118 214
2118 215
2118 216
2118 217
2118 218
2118 219
2118 220
2118 221
2118 222
2118 223
2118 224
2118 225
2119 144
2119 145
2119 146
2119 147
2119 148
2120 153
2120 154
2120 155
2120 156
2120 157
2120 158
2120 159
2120 160
2120 161
2120 162
2120 163
2120 164
2120 165
2120 166
2121 166
2121 167
2121 168
2121 169
2121 170
2121 171
2121 172
2121 173
2121 174
2121 175
2121 176
2121 177
2121 178
2121 179
2121 180
2121 181
2121 182
2122 180
2122 181
2122 182
2122 183
2122 184
2122 185
2122 186
2122 187
2122 188
2122 189
2122 190
2122 191
2122 192
2122 193
2122 194
2122 195
2122 196
2123 194
2123 195
2123 196
2123 197
2123 198
2123 199
2123 200
2123 201
2123 202
2123 203
2123 204
2123 205
2123 206
2123 207
2123 208
2123 209
2123 210
2124 209
2124 210
2124 211
2124 212
2124 213
2124 214
2124 215
2124 216
2124 217
2124 218
2124 219
2124 220
2124 221
2124 222
2125 227
2125 228
2125 229
2125 230
2125 231
2126 150
2126 151
2126 152
2126 153
2126 154
2126 155
2126 156
2126 157
2126 158
2126 159
2126 160
2126 161
2126 162
2127 162
2127 163
2127 164
2127 165
2127 166
2127 167
2127 168
2127 169
2127 170
2127 171
2127 172
2127 173
2127 174
2127 175
2127 176
2127 177
2127 178
2128 176
2128 177
2128 178
2128 179
2128 180
2128 181
2128 182
2128 183
2128 184
2128 185
2128 186
2128 187
2128 188
2128 189
2128 190
2128 191
2128 192
2128 193
2129 190
2129 191
2129 192
2129 193
2129 194
2129 195
2129 196
2129 197
2129 198
2129 199
2129 200
2129 201
2129 202
2129 203
2129 204
2129 205
2129 206
2129 207
2130 205
2130 206
2130 207
2130 208
2130 209
2130 210
2130 211
2130 212
2130 213
2130 214
2130 215
2130 216
2130 217
2130 218
2130 219
2131 221
2131 222
2131 223
2131 224
2131 225
2131 226
2131 227
2131 228
2131 229
2131 230
2132 147
2132 148
2132 149
2132 150
2132 151
2132 152
2132 153
2132 154
2132 155
2132 156
2132 157
2132 158
2133 159
2133 160
2133 161
2133 162
2133 163
2133 164
2133 165
2133 166
2133 167
2133 168
2133 169
2133 170
2133 171
2133 172
2133 173
2133 174
2133 175
2134 172
2134 173
2134 174
2134 175
2134 176
2134 177
2134 178
2134 179
2134 180
2134 181
2134 182
2134 183
2134 184
2134 185
2134 186
2134 187
2134 188
2134 189
2135 186
2135 187
2135 188
2135 189
2135 190
2135 191
2135 192
2135 193
2135 194
2135 195
2135 196
2135 197
2135 198
2135 199
2135 200
2135 201
2135 202
2135 203
2136 201
2136 202
2136 203
2136 204
2136 205
2136 206
2136 207
2136 208
2136 209
2136 210
2136 211
2136 212
2136 213
2136 214
2136 215
2136 216
2137 217
2137 218
2137 219
2137 220
2137 221
2137 222
2137 223
2137 224
2137 225
2137 226
2137 227
2137 228
2138 145
2138 146
2138 147
2138 148
2138 149
2138 150
2138 151
2138 152
2138 153
2139 156
2139 157
2139 158
2139 159
2139 160
2139 161
2139 162
2139 163
2139 164
2139 165
2139 166
2139 167
2139 168
2139 169
2139 170
2139 171
2140 169
2140 170
2140 171
2140 172
2140 173
2140 174
2140 175
2140 176
2140 177
2140 178
2140 179
2140 180
2140 181
2140 182
2140 183
2140 184
2140 185
2140 186
2141 182
2141 183
2141 184
2141 185
2141 186
2141 187
2141 188
2141 189
2141 190
2141 191
2141 192
2141 193
2141 194
2141 195
2141 196
2141 197
2141 198
2141 199
2141 200
2142 197
2142 198
2142 199
2142 200
2142 201
2142 202
2142 203
2142 204
2142 205
2142 206
2142 207
2142 208
2142 209
2142 210
2142 211
2142 212
2142 213
2143 212
2143 213
2143 214
2143 215
2143 216
2143 217
2143 218
2143 219
2143 220
2143 221
2143 222
2143 223
2143 224
2143 225
2143 226
2144 143
2144 144
2144 145
2144 146
2144 147
2144 148
2144 230
2144 231
2144 232
2144 233
2144 234
2144 235
2145 153
2145 154
2145 155
2145 156
2145 157
2145 158
2145 159
2145 160
2145 161
2145 162
2145 163
2145 164
2145 165
2145 166
2145 167
2146 165
2146 166
2146 167
2146 168
2146 169
2146 170
2146 171
2146 172
2146 173
2146 174
2146 175
2146 176
2146 177
2146 178
2146 179
2146 180
2146 181
2146 182
2147 179
2147 180
2147 181
2147 182
2147 183
2147 184
2147 185
2147 186
2147 187
2147 188
2147 189
2147 190
2147 191
2147 192
2147 193
2147 194
2147 195
2147 196
2147 197
2148 193
2148 194
2148 195
2148 196
2148 197
2148 198
2148 199
2148 200
2148 201
2148 202
2148 203
2148 204
2148 205
2148 206
2148 207
2148 208
2148 209
2148 210
2149 208
2149 209
2149 210
2149 211
2149 212
2149 213
2149 214
2149 215
2149 216
2149 217
2149 218
2149 219
2149 220
2149 221
2149 222
2149 223
2150 225
2150 226
2150 227
2150 228
2150 229
2150 230
2150 231
2150 232
2150 233
2150 234
2151 150
2151 151
2151 152
2151 153
2151 154
2151 155
2151 156
2151 157
2151 158
2151 159
2151 160
2151 161
2151 162
2152 162
2152 163
2152 164
2152 165
2152 166
2152 167
2152 168
2152 169
2152 170
2152 171
2152 172
2152 173
2152 174
2152 175
2152 176
2152 177
2152 178
2152 179
2153 175
2153 176
2153 177
2153 178
2153 179
2153 180
2153 181
2153 182
2153 183
2153 184
2153 185
2153 186
2153 187
2153 188
2153 189
2153 190
2153 191
2153 192
2153 193
2154 189
2154 190
2154 191
2154 192
2154 193
2154 194
2154 195
2154 196
2154 197
2154 198
2154 199
2154 200
2154 201
2154 202
2154 203
2154 204
2154 205
2154 206
2154 207
2155 204
2155 205
2155 206
2155 207
2155 208
2155 209
2155 210
2155 211
2155 212
2155 213
2155 214
2155 215
2155 216
2155 217
2155 218
2155 219
2155 220
2156 220
2156 221
2156 222
2156 223
2156 224
2156 225
2156 226
2156 227
2156 228
2156 229
2156 230
2156 231
2157 147
2157 148
2157 149
2157 150
2157 151
2157 152
2157 153
2157 154
2157 155
2157 156
2157 157
2157 158
2158 158
2158 159
2158 160
2158 161
2158 162
2158 163
2158 164
2158 165
2158 166
2158 167
2158 168
2158 169
2158 170
2158 171
2158 172
2158 173
2158 174
2158 175
2159 172
2159 173
2159 174
2159 175
2159 176
2159 177
2159 178
2159 179
2159 180
2159 181
2159 182
2159 183
2159 184
2159 185
2159 186
2159 187
2159 188
2159 189
2159 190
2160 185
2160 186
2160 187
2160 188
2160 189
2160 190
2160 191
2160 192
2160 193
2160 194
2160 195
2160 196
2160 197
2160 198
2160 199
2160 200
2160 201
2160 202
2160 203
2160 204
2161 200
2161 201
2161 202
2161 203
2161 204
2161 205
2161 206
2161 207
2161 208
2161 209
2161 210
2161 211
2161 212
2161 213
2161 214
2161 215
2161 216
2161 217
2162 215
2162 216
2162 217
2162 218
2162 219
2162 220
2162 221
2162 222
2162 223
2162 224
2162 225
2162 226
2162 227
2162 228
2162 229
2163 144
2163 145
2163 146
2163 147
2163 148
2163 149
2163 150
2163 151
2163 152
2163 153
2163 234
2163 235
2163 236
2163 237
2163 238
2164 155
2164 156
2164 157
2164 158
2164 159
2164 160
2164 161
2164 162
2164 163
2164 164
2164 165
2164 166
2164 167
2164 168
2164 169
2164 170
2164 171
2165 168
2165 169
2165 170
2165 171
2165 172
2165 173
2165 174
2165 175
2165 176
2165 177
2165 178
2165 179
2165 180
2165 181
2165 182
2165 183
2165 184
2165 185
2165 186
2166 182
2166 183
2166 184
2166 185
2166 186
2166 187
2166 188
2166 189
2166 190
2166 191
2166 192
2166 193
2166 194
2166 195
2166 196
2166 197
2166 198
2166 199
2166 200
2167 196
2167 197
2167 198
2167 199
2167 200
2167 201
2167 202
2167 203
2167 204
2167 205
2167 206
2167 207
2167 208
2167 209
2167 210
2167 211
2167 212
2167 213
2167 214
2168 211
2168 212
2168 213
2168 214
2168 215
2168 216
2168 217
2168 218
2168 219
2168 220
2168 221
2168 222
2168 223
2168 224
2168 225
2168 226
2169 142
2169 143
2169 144
2169 145
2169 146
2169 147
2169 148
2169 228
2169 229
2169 230
2169 231
2169 232
2169 233
2169 234
2169 235
2169 236
2169 237
2170 152
2170 153
2170 154
2170 155
2170 156
2170 157
2170 158
2170 159
2170 160
2170 161
2170 162
2170 163
2170 164
2170 165
2170 166
2170 167
2171 165
2171 166
2171 167
2171 168
2171 169
2171 170
2171 171
2171 172
2171 173
2171 174
2171 175
2171 176
2171 177
2171 178
2171 179
2171 180
2171 181
2171 182
2172 178
2172 179
2172 180
2172 181
2172 182
2172 183
2172 184
2172 185
2172 186
2172 187
2172 188
2172 189
2172 190
2172 191
2172 192
2172 193
2172 194
2172 195
2172 196
2172 197
2173 192
2173 193
2173 194
2173 195
2173 196
2173 197
2173 198
2173 199
2173 200
2173 201
2173 202
2173 203
2173 204
2173 205
2173 206
2173 207
2173 208
2173 209
2173 210
2173 211
2174 207
2174 208
2174 209
2174 210
2174 211
2174 212
2174 213
2174 214
2174 215
2174 216
2174 217
2174 218
2174 219
2174 220
2174 221
2174 222
2174 223
2175 223
2175 224
2175 225
2175 226
2175 227
2175 228
2175 229
2175 230
2175 231
2175 232
2175 233
2175 234
2175 235
2176 149
2176 150
2176 151
2176 152
2176 153
2176 154
2176 155
2176 156
2176 157
2176 158
2176 159
2176 160
2176 161
2176 162
2176 163
2177 161
2177 162
2177 163
2177 164
2177 165
2177 166
2177 167
2177 168
2177 169
2177 170
2177 171
2177 172
2177 173
2177 174
2177 175
2177 176
2177 177
2177 178
2177 179
2178 174
2178 175
2178 176
2178 177
2178 178
2178 179
2178 180
2178 181
2178 182
2178 183
2178 184
2178 185
2178 186
2178 187
2178 188
2178 189
2178 190
2178 191
2178 192
2178 193
2179 188
2179 189
2179 190
2179 191
2179 192
2179 193
2179 194
2179 195
2179 196
2179 197
2179 198
2179 199
2179 200
2179 201
2179 202
2179 203
2179 204
2179 205
2179 206
2179 207
2180 203
2180 204
2180 205
2180 206
2180 207
2180 208
2180 209
2180 210
2180 211
2180 212
2180 213
2180 214
2180 215
2180 216
2180 217
2180 218
2180 219
2180 220
2181 219
2181 220
2181 221
2181 222
2181 223
2181 224
2181 225
2181 226
2181 227
2181 228
2181 229
2181 230
2181 231
2181 232
2182 146
2182 147
2182 148
2182 149
2182 150
2182 151
2182 152
2182 153
2182 154
2182 155
2182 156
2182 157
2182 158
2182 237
2182 238
2182 239
2182 240
2183 158
2183 159
2183 160
2183 161
2183 162
2183 163
2183 164
2183 165
2183 166
2183 167
2183 168
2183 169
2183 170
2183 171
2183 172
2183 173
2183 174
2183 175
2184 171
2184 172
2184 173
2184 174
2184 175
2184 176
2184 177
2184 178
2184 179
2184 180
2184 181
2184 182
2184 183
2184 184
2184 185
2184 186
2184 187
2184 188
2184 189
2184 190
2185 185
2185 186
2185 187
2185 188
2185 189
2185 190
2185 191
2185 192
2185 193
2185 194
2185 195
2185 196
2185 197
2185 198
2185 199
2185 200
2185 201
2185 202
2185 203
2185 204
2186 199
2186 200
2186 201
2186 202
2186 203
2186 204
2186 205
2186 206
2186 207
2186 208
2186 209
2186 210
2186 211
2186 212
2186 213
2186 214
2186 215
2186 216
2186 217
2187 214
2187 215
2187 216
2187 217
2187 218
2187 219
2187 220
2187 221
2187 222
2187 223
2187 224
2187 225
2187 226
2187 227
2187 228
2187 229
2187 230
2188 144
2188 145
2188 146
2188 147
2188 148
2188 149
2188 150
2188 151
2188 152
2188 153
2188 231
2188 232
2188 233
2188 234
2188 235
2188 236
2188 237
2188 238
2188 239
2188 240
2189 155
2189 156
2189 157
2189 158
2189 159
2189 160
2189 161
2189 162
2189 163
2189 164
2189 165
2189 166
2189 167
2189 168
2189 169
2189 170
2189 171
2190 167
2190 168
2190 169
2190 170
2190 171
2190 172
2190 173
2190 174
2190 175
2190 176
2190 177
2190 178
2190 179
2190 180
2190 181
2190 182
2190 183
2190 184
2190 185
2190 186
2191 181
2191 182
2191 183
2191 184
2191 185
2191 186
2191 187
2191 188
2191 189
2191 190
2191 191
2191 192
2191 193
2191 194
2191 195
2191 196
2191 197
2191 198
2191 199
2191 200
2192 195
2192 196
2192 197
2192 198
2192 199
2192 200
2192 201
2192 202
2192 203
2192 204
2192 205
2192 206
2192 207
2192 208
2192 209
2192 210
2192 211
2192 212
2192 213
2192 214
2193 210
2193 211
2193 212
2193 213
2193 214
2193 215
2193 216
2193 217
2193 218
2193 219
2193 220
2193 221
2193 222
2193 223
2193 224
2193 225
2193 226
2193 227
2194 142
2194 143
2194 144
2194 145
2194 146
2194 147
2194 148
2194 226
2194 227
2194 228
2194 229
2194 230
2194 231
2194 232
2194 233
2194 234
2194 235
2194 236
2194 237
2194 238
2195 151
2195 152
2195 153
2195 154
2195 155
2195 156
2195 157
2195 158
2195 159
2195 160
2195 161
2195 162
2195 163
2195 164
2195 165
2195 166
2195 167
2196 164
2196 165
2196 166
2196 167
2196 168
2196 169
2196 170
2196 171
2196 172
2196 173
2196 174
2196 175
2196 176
2196 177
2196 178
2196 179
2196 180
2196 181
2196 182
2197 177
2197 178
2197 179
2197 180
2197 181
2197 182
2197 183
2197 184
2197 185
2197 186
2197 187
2197 188
2197 189
2197 190
2197 191
2197 192
2197 193
2197 194
2197 195
2197 196
2197 197
2198 191
2198 192
2198 193
2198 194
2198 195
2198 196
2198 197
2198 198
2198 199
2198 200
2198 201
2198 202
2198 203
2198 204
2198 205
2198 206
2198 207
2198 208
2198 209
2198 210
2198 211
2199 206
2199 207
2199 208
2199 209
2199 210
2199 211
2199 212
2199 213
2199 214
2199 215
2199 216
2199 217
2199 218
2199 219
2199 220
2199 221
2199 222
2199 223
2199 224
2200 222
2200 223
2200 224
2200 225
2200 226
2200 227
2200 228
2200 229
2200 230
2200 231
2200 232
2200 233
2200 234
2200 235
2201 149
2201 150
2201 151
2201 152
2201 153
2201 154
2201 155
2201 156
2201 157
2201 158
2201 159
2201 160
2201 161
2201 162
2202 161
2202 162
2202 163
2202 164
2202 165
2202 166
2202 167
2202 168
2202 169
2202 170
2202 171
2202 172
2202 173
2202 174
2202 175
2202 176
2202 177
2202 178
2202 179
2203 174
2203 175
2203 176
2203 177
2203 178
2203 179
2203 180
2203 181
2203 182
2203 183
2203 184
2203 185
2203 186
2203 187
2203 188
2203 189
2203 190
2203 191
2203 192
2203 193
2204 188
2204 189
2204 190
2204 191
2204 192
2204 193
2204 194
2204 195
2204 196
2204 197
2204 198
2204 199
2204 200
2204 201
2204 202
2204 203
2204 204
2204 205
2204 206
2204 207
2205 202
2205 203
2205 204
2205 205
2205 206
2205 207
2205 208
2205 209
2205 210
2205 211
2205 212
2205 213
2205 214
2205 215
2205 216
2205 217
2205 218
2205 219
2205 220
2205 221
2206 218
2206 219
2206 220
2206 221
2206 222
2206 223
2206 224
2206 225
2206 226
2206 227
2206 228
2206 229
2206 230
2206 231
2206 232
2206 233
2207 146
2207 147
2207 148
2207 149
2207 150
2207 151
2207 152
2207 153
2207 154
2207 155
2207 156
2207 157
2207 158
2207 235
2207 236
2207 237
2207 238
2207 239
2207 240
2207 241
2207 242
2207 243
2208 157
2208 158
2208 159
2208 160
2208 161
2208 162
2208 163
2208 164
2208 165
2208 166
2208 167
2208 168
2208 169
2208 170
2208 171
2208 172
2208 173
2208 174
2208 175
2209 170
2209 171
2209 172
2209 173
2209 174
2209 175
2209 176
2209 177
2209 178
2209 179
2209 180
2209 181
2209 182
2209 183
2209 184
2209 185
2209 186
2209 187
2209 188
2209 189
2209 190
2210 184
2210 185
2210 186
2210 187
2210 188
2210 189
2210 190
2210 191
2210 192
2210 193
2210 194
2210 195
2210 196
2210 197
2210 198
2210 199
2210 200
2210 201
2210 202
2210 203
2210 204
2211 198
2211 199
2211 200
2211 201
2211 202
2211 203
2211 204
2211 205
2211 206
2211 207
2211 208
2211 209
2211 210
2211 211
2211 212
2211 213
2211 214
2211 215
2211 216
2211 217
2212 213
2212 214
2212 215
2212 216
2212 217
2212 218
2212 219
2212 220
2212 221
2212 222
2212 223
2212 224
2212 225
2212 226
2212 227
2212 228
2212 229
2212 230
2213 143
2213 144
2213 145
2213 146
2213 147
2213 148
2213 149
2213 150
2213 151
2213 152
2213 153
2213 230
2213 231
2213 232
2213 233
2213 234
2213 235
2213 236
2213 237
2213 238
2213 239
2213 240
2213 241
2214 154
2214 155
2214 156
2214 157
2214 158
2214 159
2214 160
2214 161
2214 162
2214 163
2214 164
2214 165
2214 166
2214 167
2214 168
2214 169
2214 170
2214 171
2215 167
2215 168
2215 169
2215 170
2215 171
2215 172
2215 173
2215 174
2215 175
2215 176
2215 177
2215 178
2215 179
2215 180
2215 181
2215 182
2215 183
2215 184
2215 185
2215 186
2216 180
2216 181
2216 182
2216 183
2216 184
2216 185
2216 186
2216 187
2216 188
2216 189
2216 190
2216 191
2216 192
2216 193
2216 194
2216 195
2216 196
2216 197
2216 198
2216 199
2216 200
2217 195
2217 196
2217 197
2217 198
2217 199
2217 200
2217 201
2217 202
2217 203
2217 204
2217 205
2217 206
2217 207
2217 208
2217 209
2217 210
2217 211
2217 212
2217 213
2217 214
2218 209
2218 210
2218 211
2218 212
2218 213
2218 214
2218 215
2218 216
2218 217
2218 218
2218 219
2218 220
2218 221
2218 222
2218 223
2218 224
2218 225
2218 226
2218 227
2219 142
2219 143
2219 144
2219 145
2219 146
2219 147
2219 148
2219 225
2219 226
2219 227
2219 228
2219 229
2219 230
2219 231
2219 232
2219 233
2219 234
2219 235
2219 236
2219 237
2219 238
2220 151
2220 152
2220 153
2220 154
2220 155
2220 156
2220 157
2220 158
2220 159
2220 160
2220 161
2220 162
2220 163
2220 164
2220 165
2220 166
2220 167
2221 163
2221 164
2221 165
2221 166
2221 167
2221 168
2221 169
2221 170
2221 171
2221 172
2221 173
2221 174
2221 175
2221 176
2221 177
2221 178
2221 179
2221 180
2221 181
2221 182
2222 177
2222 178
2222 179
2222 180
2222 181
2222 182
2222 183
2222 184
2222 185
2222 186
2222 187
2222 188
2222 189
2222 190
2222 191
2222 192
2222 193
2222 194
2222 195
2222 196
2222 197
2223 191
2223 192
2223 193
2223 194
2223 195
2223 196
2223 197
2223 198
2223 199
2223 200
2223 201
2223 202
2223 203
2223 204
2223 205
2223 206
2223 207
2223 208
2223 209
2223 210
2223 211
2224 205
2224 206
2224 207
2224 208
2224 209
2224 210
2224 211
2224 212
2224 213
2224 214
2224 215
2224 216
2224 217
2224 218
2224 219
2224 220
2224 221
2224 222
2224 223
2224 224
2225 221
2225 222
2225 223
2225 224
2225 225
2225 226
2225 227
2225 228
2225 229
2225 230
2225 231
2225 232
2225 233
2225 234
2225 235
2225 236
2226 148
2226 149
2226 150
2226 151
2226 152
2226 153
2226 154
2226 155
2226 156
2226 157
2226 158
2226 159
2226 160
2226 161
2226 162
2226 239
2226 240
2226 241
2226 242
2226 243
2226 244
2226 245
2227 160
2227 161
2227 162
2227 163
2227 164
2227 165
2227 166
2227 167
2227 168
2227 169
2227 170
2227 171
2227 172
2227 173
2227 174
2227 175
2227 176
2227 177
2227 178
2228 173
2228 174
2228 175
2228 176
2228 177
2228 178
2228 179
2228 180
2228 181
2228 182
2228 183
2228 184
2228 185
2228 186
2228 187
2228 188
2228 189
2228 190
2228 191
2228 192
2228 193
2229 187
2229 188
2229 189
2229 190
2229 191
2229 192
2229 193
2229 194
2229 195
2229 196
2229 197
2229 198
2229 199
2229 200
2229 201
2229 202
2229 203
2229 204
2229 205
2229 206
2229 207
2230 202
2230 203
2230 204
2230 205
2230 206
2230 207
2230 208
2230 209
2230 210
2230 211
2230 212
2230 213
2230 214
2230 215
2230 216
2230 217
2230 218
2230 219
2230 220
2230 221
2231 217
2231 218
2231 219
2231 220
2231 221
2231 222
2231 223
2231 224
2231 225
2231 226
2231 227
2231 228
2231 229
2231 230
2231 231
2231 232
2231 233
2232 145
2232 146
2232 147
2232 148
2232 149
2232 150
2232 151
2232 152
2232 153
2232 154
2232 155
2232 156
2232 157
2232 158
2232 233
2232 234
2232 235
2232 236
2232 237
2232 238
2232 239
2232 240
2232 241
2232 242
2232 243
2232 244
2233 157
2233 158
2233 159
2233 160
2233 161
2233 162
2233 163
2233 164
2233 165
2233 166
2233 167
2233 168
2233 169
2233 170
2233 171
2233 172
2233 173
2233 174
2233 175
2234 170
2234 171
2234 172
2234 173
2234 174
2234 175
2234 176
2234 177
2234 178
2234 179
2234 180
2234 181
2234 182
2234 183
2234 184
2234 185
2234 186
2234 187
2234 188
2234 189
2234 190
2235 183
2235 184
2235 185
2235 186
2235 187
2235 188
2235 189
2235 190
2235 191
2235 192
2235 193
2235 194
2235 195
2235 196
2235 197
2235 198
2235 199
2235 200
2235 201
2235 202
2235 203
2235 204
2236 198
2236 199
2236 200
2236 201
2236 202
2236 203
2236 204
2236 205
2236 206
2236 207
2236 208
2236 209
2236 210
2236 211
2236 212
2236 213
2236 214
2236 215
2236 216
2236 217
2237 213
2237 214
2237 215
2237 216
2237 217
2237 218
2237 219
2237 220
2237 221
2237 222
2237 223
2237 224
2237 225
2237 226
2237 227
2237 228
2237 229
2237 230
2238 143
2238 144
2238 145
2238 146
2238 147
2238 148
2238 149
2238 150
2238 151
2238 152
2238 153
2238 229
2238 230
2238 231
2238 232
2238 233
2238 234
2238 235
2238 236
2238 237
2238 238
2238 239
2238 240
2238 241
2239 154
2239 155
2239 156
2239 157
2239 158
2239 159
2239 160
2239 161
2239 162
2239 163
2239 164
2239 165
2239 166
2239 167
2239 168
2239 169
2239 170
2239 171
2240 166
2240 167
2240 168
2240 169
2240 170
2240 171
2240 172
2240 173
2240 174
2240 175
2240 176
2240 177
2240 178
2240 179
2240 180
2240 181
2240 182
2240 183
2240 184
2240 185
2240 186
2241 180
2241 181
2241 182
2241 183
2241 184
2241 185
2241 186
2241 187
2241 188
2241 189
2241 190
2241 191
2241 192
2241 193
2241 194
2241 195
2241 196
2241 197
2241 198
2241 199
2241 200
2242 194
2242 195
2242 196
2242 197
2242 198
2242 199
2242 200
2242 201
2242 202
2242 203
2242 204
2242 205
2242 206
2242 207
2242 208
2242 209
2242 210
2242 211
2242 212
2242 213
2242 214
2243 209
2243 210
2243 211
2243 212
2243 213
2243 214
2243 215
2243 216
2243 217
2243 218
2243 219
2243 220
2243 221
2243 222
2243 223
2243 224
2243 225
2243 226
2243 227
2244 142
2244 143
2244 144
2244 145
2244 146
2244 147
2244 224
2244 225
2244 226
2244 227
2244 228
2244 229
2244 230
2244 231
2244 232
2244 233
2244 234
2244 235
2244 236
2244 237
2244 238
2244 239
2245 151
2245 152
2245 153
2245 154
2245 155
2245 156
2245 157
2245 158
2245 159
2245 160
2245 161
2245 162
2245 163
2245 164
2245 165
2245 166
2245 243
2245 244
2245 245
2245 246
2245 247
2246 163
2246 164
2246 165
2246 166
2246 167
2246 168
2246 169
2246 170
2246 171
2246 172
2246 173
2246 174
2246 175
2246 176
2246 177
2246 178
2246 179
2246 180
2246 181
2246 182
2247 176
2247 177
2247 178
2247 179
2247 180
2247 181
2247 182
2247 183
2247 184
2247 185
2247 186
2247 187
2247 188
2247 189
2247 190
2247 191
2247 192
2247 193
2247 194
2247 195
2247 196
2247 197
2248 190
2248 191
2248 192
2248 193
2248 194
2248 195
2248 196
2248 197
2248 198
2248 199
2248 200
2248 201
2248 202
2248 203
2248 204
2248 205
2248 206
2248 207
2248 208
2248 209
2248 210
2248 211
2249 205
2249 206
2249 207
2249 208
2249 209
2249 210
2249 211
2249 212
2249 213
2249 214
2249 215
2249 216
2249 217
2249 218
2249 219
2249 220
2249 221
2249 222
2249 223
2249 224
2250 220
2250 221
2250 222
2250 223
2250 224
2250 225
2250 226
2250 227
2250 228
2250 229
2250 230
2250 231
2250 232
2250 233
2250 234
2250 235
2250 236
2251 148
2251 149
2251 150
2251 151
2251 152
2251 153
2251 154
2251 155
2251 156
2251 157
2251 158
2251 159
2251 160
2251 161
2251 162
2251 237
2251 238
2251 239
2251 240
2251 241
2251 242
2251 243
2251 244
2251 245
2251 246
2252 160
2252 161
2252 162
2252 163
2252 164
2252 165
2252 166
2252 167
2252 168
2252 169
2252 170
2252 171
2252 172
2252 173
2252 174
2252 175
2252 176
2252 177
2252 178
2253 173
2253 174
2253 175
2253 176
2253 177
2253 178
2253 179
2253 180
2253 181
2253 182
2253 183
2253 184
2253 185
2253 186
2253 187
2253 188
2253 189
2253 190
2253 191
2253 192
2253 193
2254 187
2254 188
2254 189
2254 190
2254 191
2254 192
2254 193
2254 194
2254 195
2254 196
2254 197
2254 198
2254 199
2254 200
2254 201
2254 202
2254 203
2254 204
2254 205
2254 206
2254 207
2255 201
2255 202
2255 203
2255 204
2255 205
2255 206
2255 207
2255 208
2255 209
2255 210
2255 211
2255 212
2255 213
2255 214
2255 215
2255 216
2255 217
2255 218
2255 219
2255 220
2255 221
2256 216
2256 217
2256 218
2256 219
2256 220
2256 221
2256 222
2256 223
2256 224
2256 225
2256 226
2256 227
2256 228
2256 229
2256 230
2256 231
2256 232
2256 233
2257 145
2257 146
2257 147
2257 148
2257 149
2257 150
2257 151
2257 152
2257 153
2257 154
2257 155
2257 156
2257 157
2257 232
2257 233
2257 234
2257 235
2257 236
2257 237
2257 238
2257 239
2257 240
2257 241
2257 242
2257 243
2257 244
2258 156
2258 157
2258 158
2258 159
2258 160
2258 161
2258 162
2258 163
2258 164
2258 165
2258 166
2258 167
2258 168
2258 169
2258 170
2258 171
2258 172
2258 173
2258 174
2259 169
2259 170
2259 171
2259 172
2259 173
2259 174
2259 175
2259 176
2259 177
2259 178
2259 179
2259 180
2259 181
2259 182
2259 183
2259 184
2259 185
2259 186
2259 187
2259 188
2259 189
2259 190
2260 183
2260 184
2260 185
2260 186
2260 187
2260 188
2260 189
2260 190
2260 191
2260 192
2260 193
2260 194
2260 195
2260 196
2260 197
2260 198
2260 199
2260 200
2260 201
2260 202
2260 203
2260 204
2261 197
2261 198
2261 199
2261 200
2261 201
2261 202
2261 203
2261 204
2261 205
2261 206
2261 207
2261 208
2261 209
2261 210
2261 211
2261 212
2261 213
2261 214
2261 215
2261 216
2261 217
2262 212
2262 213
2262 214
2262 215
2262 216
2262 217
2262 218
2262 219
2262 220
2262 221
2262 222
2262 223
2262 224
2262 225
2262 226
2262 227
2262 228
2262 229
2262 230
2263 143
2263 144
2263 145
2263 146
2263 147
2263 148
2263 149
2263 150
2263 151
2263 152
2263 228
2263 229
2263 230
2263 231
2263 232
2263 233
2263 234
2263 235
2263 236
2263 237
2263 238
2263 239
2263 240
2263 241
2263 242
2264 153
2264 154
2264 155
2264 156
2264 157
2264 158
2264 159
2264 160
2264 161
2264 162
2264 163
2264 164
2264 165
2264 166
2264 167
2264 168
2264 169
2264 170
2265 166
2265 167
2265 168
2265 169
2265 170
2265 171
2265 172
2265 173
2265 174
2265 175
2265 176
2265 177
2265 178
2265 179
2265 180
2265 181
2265 182
2265 183
2265 184
2265 185
2265 186
2266 179
2266 180
2266 181
2266 182
2266 183
2266 184
2266 185
2266 186
2266 187
2266 188
2266 189
2266 190
2266 191
2266 192
2266 193
2266 194
2266 195
2266 196
2266 197
2266 198
2266 199
2266 200
2267 193
2267 194
2267 195
2267 196
2267 197
2267 198
2267 199
2267 200
2267 201
2267 202
2267 203
2267 204
2267 205
2267 206
2267 207
2267 208
2267 209
2267 210
2267 211
2267 212
2267 213
2267 214
2268 208
2268 209
2268 210
2268 211
2268 212
2268 213
2268 214
2268 215
2268 216
2268 217
2268 218
2268 219
2268 220
2268 221
2268 222
2268 223
2268 224
2268 225
2268 226
2268 227
2269 142
2269 143
2269 144
2269 145
2269 146
2269 147
2269 223
2269 224
2269 225
2269 226
2269 227
2269 228
2269 229
2269 230
2269 231
2269 232
2269 233
2269 234
2269 235
2269 236
2269 237
2269 238
2269 239
2270 150
2270 151
2270 152
2270 153
2270 154
2270 155
2270 156
2270 157
2270 158
2270 159
2270 160
2270 161
2270 162
2270 163
2270 164
2270 165
2270 166
2270 241
2270 242
2270 243
2270 244
2270 245
2270 246
2270 247
2270 248
2270 249
2271 163
2271 164
2271 165
2271 166
2271 167
2271 168
2271 169
2271 170
2271 171
2271 172
2271 173
2271 174
2271 175
2271 176
2271 177
2271 178
2271 179
2271 180
2271 181
2271 182
2272 176
2272 177
2272 178
2272 179
2272 180
2272 181
2272 182
2272 183
2272 184
2272 185
2272 186
2272 187
2272 188
2272 189
2272 190
2272 191
2272 192
2272 193
2272 194
2272 195
2272 196
2272 197
2273 190
2273 191
2273 192
2273 193
2273 194
2273 195
2273 196
2273 197
2273 198
2273 199
2273 200
2273 201
2273 202
2273 203
2273 204
2273 205
2273 206
2273 207
2273 208
2273 209
2273 210
2273 211
2274 204
2274 205
2274 206
2274 207
2274 208
2274 209
2274 210
2274 211
2274 212
2274 213
2274 214
2274 215
2274 216
2274 217
2274 218
2274 219
2274 220
2274 221
2274 222
2274 223
2274 224
2275 219
2275 220
2275 221
2275 222
2275 223
2275 224
2275 225
2275 226
2275 227
2275 228
2275 229
2275 230
2275 231
2275 232
2275 233
2275 234
2275 235
2275 236
2276 148
2276 149
2276 150
2276 151
2276 152
2276 153
2276 154
2276 155
2276 156
2276 157
2276 158
2276 159
2276 160
2276 161
2276 162
2276 236
2276 237
2276 238
2276 239
2276 240
2276 241
2276 242
2276 243
2276 244
2276 245
2276 246
2276 247
2277 159
2277 160
2277 161
2277 162
2277 163
2277 164
2277 165
2277 166
2277 167
2277 168
2277 169
2277 170
2277 171
2277 172
2277 173
2277 174
2277 175
2277 176
2277 177
2277 178
2278 172
2278 173
2278 174
2278 175
2278 176
2278 177
2278 178
2278 179
2278 180
2278 181
2278 182
2278 183
2278 184
2278 185
2278 186
2278 187
2278 188
2278 189
2278 190
2278 191
2278 192
2278 193
2279 186
2279 187
2279 188
2279 189
2279 190
2279 191
2279 192
2279 193
2279 194
2279 195
2279 196
2279 197
2279 198
2279 199
2279 200
2279 201
2279 202
2279 203
2279 204
2279 205
2279 206
2279 207
2280 200
2280 201
2280 202
2280 203
2280 204
2280 205
2280 206
2280 207
2280 208
2280 209
2280 210
2280 211
2280 212
2280 213
2280 214
2280 215
2280 216
2280 217
2280 218
2280 219
2280 220
2280 221
2281 215
2281 216
2281 217
2281 218
2281 219
2281 220
2281 221
2281 222
2281 223
2281 224
2281 225
2281 226
2281 227
2281 228
2281 229
2281 230
2281 231
2281 232
2281 233
2282 145
2282 146
2282 147
2282 148
2282 149
2282 150
2282 151
2282 152
2282 153
2282 154
2282 155
2282 156
2282 157
2282 231
2282 232
2282 233
2282 234
2282 235
2282 236
2282 237
2282 238
2282 239
2282 240
2282 241
2282 242
2282 243
2282 244
2282 245
2283 156
2283 157
2283 158
2283 159
2283 160
2283 161
2283 162
2283 163
2283 164
2283 165
2283 166
2283 167
2283 168
2283 169
2283 170
2283 171
2283 172
2283 173
2283 174
2284 169
2284 170
2284 171
2284 172
2284 173
2284 174
2284 175
2284 176
2284 177
2284 178
2284 179
2284 180
2284 181
2284 182
2284 183
2284 184
2284 185
2284 186
2284 187
2284 188
2284 189
2285 182
2285 183
2285 184
2285 185
2285 186
2285 187
2285 188
2285 189
2285 190
2285 191
2285 192
2285 193
2285 194
2285 195
2285 196
2285 197
2285 198
2285 199
2285 200
2285 201
2285 202
2285 203
2285 204
2286 197
2286 198
2286 199
2286 200
2286 201
2286 202
2286 203
2286 204
2286 205
2286 206
2286 207
2286 208
2286 209
2286 210
2286 211
2286 212
2286 213
2286 214
2286 215
2286 216
2286 217
2287 211
2287 212
2287 213
2287 214
2287 215
2287 216
2287 217
2287 218
2287 219
2287 220
2287 221
2287 222
2287 223
2287 224
2287 225
2287 226
2287 227
2287 228
2287 229
2287 230
2288 143
2288 144
2288 145
2288 146
2288 147
2288 148
2288 149
2288 150
2288 151
2288 152
2288 227
2288 228
2288 229
2288 230
2288 231
2288 232
2288 233
2288 234
2288 235
2288 236
2288 237
2288 238
2288 239
2288 240
2288 241
2288 242
2289 153
2289 154
2289 155
2289 156
2289 157
2289 158
2289 159
2289 160
2289 161
2289 162
2289 163
2289 164
2289 165
2289 166
2289 167
2289 168
2289 169
2289 170
2289 245
2289 246
2289 247
2289 248
2289 249
2289 250
2289 251
2290 166
2290 167
2290 168
2290 169
2290 170
2290 171
2290 172
2290 173
2290 174
2290 175
2290 176
2290 177
2290 178
2290 179
2290 180
2290 181
2290 182
2290 183
2290 184
2290 185
2290 186
2291 179
2291 180
2291 181
2291 182
2291 183
2291 184
2291 185
2291 186
2291 187
2291 188
2291 189
2291 190
2291 191
2291 192
2291 193
2291 194
2291 195
2291 196
2291 197
2291 198
2291 199
2291 200
2292 193
2292 194
2292 195
2292 196
2292 197
2292 198
2292 199
2292 200
2292 201
2292 202
2292 203
2292 204
2292 205
2292 206
2292 207
2292 208
2292 209
2292 210
2292 211
2292 212
2292 213
2292 214
2293 207
2293 208
2293 209
2293 210
2293 211
2293 212
2293 213
2293 214
2293 215
2293 216
2293 217
2293 218
2293 219
2293 220
2293 221
2293 222
2293 223
2293 224
2293 225
2293 226
2293 227
2294 142
2294 143
2294 144
2294 145
2294 223
2294 224
2294 225
2294 226
2294 227
2294 228
2294 229
2294 230
2294 231
2294 232
2294 233
2294 234
2294 235
2294 236
2294 237
2294 238
2294 239
2295 150
2295 151
2295 152
2295 153
2295 154
2295 155
2295 156
2295 157
2295 158
2295 159
2295 160
2295 161
2295 162
2295 163
2295 164
2295 165
2295 166
2295 240
2295 241
2295 242
2295 243
2295 244
2295 245
2295 246
2295 247
2295 248
2295 249
2296 162
2296 163
2296 164
2296 165
2296 166
2296 167
2296 168
2296 169
2296 170
2296 171
2296 172
2296 173
2296 174
2296 175
2296 176
2296 177
2296 178
2296 179
2296 180
2296 181
2296 182
2297 175
2297 176
2297 177
2297 178
2297 179
2297 180
2297 181
2297 182
2297 183
2297 184
2297 185
2297 186
2297 187
2297 188
2297 189
2297 190
2297 191
2297 192
2297 193
2297 194
2297 195
2297 196
2298 189
2298 190
2298 191
2298 192
2298 193
2298 194
2298 195
2298 196
2298 197
2298 198
2298 199
2298 200
2298 201
2298 202
2298 203
2298 204
2298 205
2298 206
2298 207
2298 208
2298 209
2298 210
2298 211
2299 204
2299 205
2299 206
2299 207
2299 208
2299 209
2299 210
2299 211
2299 212
2299 213
2299 214
2299 215
2299 216
2299 217
2299 218
2299 219
2299 220
2299 221
2299 222
2299 223
2299 224
2300 219
2300 220
2300 221
2300 222
2300 223
2300 224
2300 225
2300 226
2300 227
2300 228
2300 229
2300 230
2300 231
2300 232
2300 233
2300 234
2300 235
2300 236
2301 147
2301 148
2301 149
2301 150
2301 151
2301 152
2301 153
2301 154
2301 155
2301 156
2301 157
2301 158
2301 159
2301 160
2301 161
2301 235
2301 236
2301 237
2301 238
2301 239
2301 240
2301 241
2301 242
2301 243
2301 244
2301 245
2301 246
2301 247
2302 159
2302 160
2302 161
2302 162
2302 163
2302 164
2302 165
2302 166
2302 167
2302 168
2302 169
2302 170
2302 171
2302 172
2302 173
2302 174
2302 175
2302 176
2302 177
2302 178
2303 172
2303 173
2303 174
2303 175
2303 176
2303 177
2303 178
2303 179
2303 180
2303 181
2303 182
2303 183
2303 184
2303 185
2303 186
2303 187
2303 188
2303 189
2303 190
2303 191
2303 192
2303 193
2304 186
2304 187
2304 188
2304 189
2304 190
2304 191
2304 192
2304 193
2304 194
2304 195
2304 196
2304 197
2304 198
2304 199
2304 200
2304 201
2304 202
2304 203
2304 204
2304 205
2304 206
2304 207
2305 200
2305 201
2305 202
2305 203
2305 204
2305 205
2305 206
2305 207
2305 208
2305 209
2305 210
2305 211
2305 212
2305 213
2305 214
2305 215
2305 216
2305 217
2305 218
2305 219
2305 220
2305 221
2306 215
2306 216
2306 217
2306 218
2306 219
2306 220
2306 221
2306 222
2306 223
2306 224
2306 225
2306 226
2306 227
2306 228
2306 229
2306 230
2306 231
2306 232
2306 233
2307 145
2307 146
2307 147
2307 148
2307 149
2307 150
2307 151
2307 152
2307 153
2307 154
2307 155
2307 156
2307 157
2307 230
2307 231
2307 232
2307 233
2307 234
2307 235
2307 236
2307 237
2307 238
2307 239
2307 240
2307 241
2307 242
2307 243
2307 244
2307 245
2308 156
2308 157
2308 158
2308 159
2308 160
2308 161
2308 162
2308 163
2308 164
2308 165
2308 166
2308 167
2308 168
2308 169
2308 170
2308 171
2308 172
2308 173
2308 174
2309 169
2309 170
2309 171
2309 172
2309 173
2309 174
2309 175
2309 176
2309 177
2309 178
2309 179
2309 180
2309 181
2309 182
2309 183
2309 184
2309 185
2309 186
2309 187
2309 188
2309 189
2310 182
2310 183
2310 184
2310 185
2310 186
2310 187
2310 188
2310 189
2310 190
2310 191
2310 192
2310 193
2310 194
2310 195
2310 196
2310 197
2310 198
2310 199
2310 200
2310 201
2310 202
2310 203
2311 196
2311 197
2311 198
2311 199
2311 200
2311 201
2311 202
2311 203
2311 204
2311 205
2311 206
2311 207
2311 208
2311 209
2311 210
2311 211
2311 212
2311 213
2311 214
2311 215
2311 216
2311 217
2312 211
2312 212
2312 213
2312 214
2312 215
2312 216
2312 217
2312 218
2312 219
2312 220
2312 221
2312 222
2312 223
2312 224
2312 225
2312 226
2312 227
2312 228
2312 229
2312 230
2313 143
2313 144
2313 145
2313 146
2313 147
2313 148
2313 149
2313 150
2313 151
2313 226
2313 227
2313 228
2313 229
2313 230
2313 231
2313 232
2313 233
2313 234
2313 235
2313 236
2313 237
2313 238
2313 239
2313 240
2313 241
2313 242
2314 153
2314 154
2314 155
2314 156
2314 157
2314 158
2314 159
2314 160
2314 161
2314 162
2314 163
2314 164
2314 165
2314 166
2314 167
2314 168
2314 169
2314 170
2314 244
2314 245
2314 246
2314 247
2314 248
2314 249
2314 250
2314 251
2314 252
2315 165
2315 166
2315 167
2315 168
2315 169
2315 170
2315 171
2315 172
2315 173
2315 174
2315 175
2315 176
2315 177
2315 178
2315 179
2315 180
2315 181
2315 182
2315 183
2315 184
2315 185
2316 178
2316 179
2316 180
2316 181
2316 182
2316 183
2316 184
2316 185
2316 186
2316 187
2316 188
2316 189
2316 190
2316 191
2316 192
2316 193
2316 194
2316 195
2316 196
2316 197
2316 198
2316 199
2316 200
2317 192
2317 193
2317 194
2317 195
2317 196
2317 197
2317 198
2317 199
2317 200
2317 201
2317 202
2317 203
2317 204
2317 205
2317 206
2317 207
2317 208
2317 209
2317 210
2317 211
2317 212
2317 213
2317 214
2318 207
2318 208
2318 209
2318 210
2318 211
2318 212
2318 213
2318 214
2318 215
2318 216
2318 217
2318 218
2318 219
2318 220
2318 221
2318 222
2318 223
2318 224
2318 225
2318 226
2318 227
2319 222
2319 223
2319 224
2319 225
2319 226
2319 227
2319 228
2319 229
2319 230
2319 231
2319 232
2319 233
2319 234
2319 235
2319 236
2319 237
2319 238
2319 239
2320 150
2320 151
2320 152
2320 153
2320 154
2320 155
2320 156
2320 157
2320 158
2320 159
2320 160
2320 161
2320 162
2320 163
2320 164
2320 165
2320 239
2320 240
2320 241
2320 242
2320 243
2320 244
2320 245
2320 246
2320 247
2320 248
2320 249
2320 250
2321 162
2321 163
2321 164
2321 165
2321 166
2321 167
2321 168
2321 169
2321 170
2321 171
2321 172
2321 173
2321 174
2321 175
2321 176
2321 177
2321 178
2321 179
2321 180
2321 181
2322 175
2322 176
2322 177
2322 178
2322 179
2322 180
2322 181
2322 182
2322 183
2322 184
2322 185
2322 186
2322 187
2322 188
2322 189
2322 190
2322 191
2322 192
2322 193
2322 194
2322 195
2322 196
2323 189
2323 190
2323 191
2323 192
2323 193
2323 194
2323 195
2323 196
2323 197
2323 198
2323 199
2323 200
2323 201
2323 202
2323 203
2323 204
2323 205
2323 206
2323 207
2323 208
2323 209
2323 210
2324 203
2324 204
2324 205
2324 206
2324 207
2324 208
2324 209
2324 210
2324 211
2324 212
2324 213
2324 214
2324 215
2324 216
2324 217
2324 218
2324 219
2324 220
2324 221
2324 222
2324 223
2324 224
2325 218
2325 219
2325 220
2325 221
2325 222
2325 223
2325 224
2325 225
2325 226
2325 227
2325 228
2325 229
2325 230
2325 231
2325 232
2325 233
2325 234
2325 235
2325 236
2326 147
2326 148
2326 149
2326 150
2326 151
2326 152
2326 153
2326 154
2326 155
2326 156
2326 157
2326 158
2326 159
2326 160
2326 161
2326 234
2326 235
2326 236
2326 237
2326 238
2326 239
2326 240
2326 241
2326 242
2326 243
2326 244
2326 245
2326 246
2326 247
2326 248
2327 159
2327 160
2327 161
2327 162
2327 163
2327 164
2327 165
2327 166
2327 167
2327 168
2327 169
2327 170
2327 171
2327 172
2327 173
2327 174
2327 175
2327 176
2327 177
2328 172
2328 173
2328 174
2328 175
2328 176
2328 177
2328 178
2328 179
2328 180
2328 181
2328 182
2328 183
2328 184
2328 185
2328 186
2328 187
2328 188
2328 189
2328 190
2328 191
2328 192
2329 185
2329 186
2329 187
2329 188
2329 189
2329 190
2329 191
2329 192
2329 193
2329 194
2329 195
2329 196
2329 197
2329 198
2329 199
2329 200
2329 201
2329 202
2329 203
2329 204
2329 205
2329 206
2329 207
2330 199
2330 200
2330 201
2330 202
2330 203
2330 204
2330 205
2330 206
2330 207
2330 208
2330 209
2330 210
2330 211
2330 212
2330 213
2330 214
2330 215
2330 216
2330 217
2330 218
2330 219
2330 220
2331 214
2331 215
2331 216
2331 217
2331 218
2331 219
2331 220
2331 221
2331 222
2331 223
2331 224
2331 225
2331 226
2331 227
2331 228
2331 229
2331 230
2331 231
2331 232
2331 233
2332 145
2332 146
2332 147
2332 148
2332 149
2332 150
2332 151
2332 152
2332 153
2332 154
2332 155
2332 156
2332 230
2332 231
2332 232
2332 233
2332 234
2332 235
2332 236
2332 237
2332 238
2332 239
2332 240
2332 241
2332 242
2332 243
2332 244
2332 245
2333 156
2333 157
2333 158
2333 159
2333 160
2333 161
2333 162
2333 163
2333 164
2333 165
2333 166
2333 167
2333 168
2333 169
2333 170
2333 171
2333 172
2333 173
2333 248
2333 249
2333 250
2333 251
2333 252
2333 253
2334 168
2334 169
2334 170
2334 171
2334 172
2334 173
2334 174
2334 175
2334 176
2334 177
2334 178
2334 179
2334 180
2334 181
2334 182
2334 183
2334 184
2334 185
2334 186
2334 187
2334 188
2334 189
2335 182
2335 183
2335 184
2335 185
2335 186
2335 187
2335 188
2335 189
2335 190
2335 191
2335 192
2335 193
2335 194
2335 195
2335 196
2335 197
2335 198
2335 199
2335 200
2335 201
2335 202
2335 203
2336 196
2336 197
2336 198
2336 199
2336 200
2336 201
2336 202
2336 203
2336 204
2336 205
2336 206
2336 207
2336 208
2336 209
2336 210
2336 211
2336 212
2336 213
2336 214
2336 215
2336 216
2336 217
2337 210
2337 211
2337 212
2337 213
2337 214
2337 215
2337 216
2337 217
2337 218
2337 219
2337 220
2337 221
2337 222
2337 223
2337 224
2337 225
2337 226
2337 227
2337 228
2337 229
2337 230
2338 143
2338 144
2338 145
2338 146
2338 147
2338 148
2338 149
2338 150
2338 225
2338 226
2338 227
2338 228
2338 229
2338 230
2338 231
2338 232
2338 233
2338 234
2338 235
2338 236
2338 237
2338 238
2338 239
2338 240
2338 241
2338 242
2339 153
2339 154
2339 155
2339 156
2339 157
2339 158
2339 159
2339 160
2339 161
2339 162
2339 163
2339 164
2339 165
2339 166
2339 167
2339 168
2339 169
2339 243
2339 244
2339 245
2339 246
2339 247
2339 248
2339 249
2339 250
2339 251
2339 252
2340 165
2340 166
2340 167
2340 168
2340 169
2340 170
2340 171
2340 172
2340 173
2340 174
2340 175
2340 176
2340 177
2340 178
2340 179
2340 180
2340 181
2340 182
2340 183
2340 184
2340 185
2341 178
2341 179
2341 180
2341 181
2341 182
2341 183
2341 184
2341 185
2341 186
2341 187
2341 188
2341 189
2341 190
2341 191
2341 192
2341 193
2341 194
2341 195
2341 196
2341 197
2341 198
2341 199
2341 200
2342 192
2342 193
2342 194
2342 195
2342 196
2342 197
2342 198
2342 199
2342 200
2342 201
2342 202
2342 203
2342 204
2342 205
2342 206
2342 207
2342 208
2342 209
2342 210
2342 211
2342 212
2342 213
2343 206
2343 207
2343 208
2343 209
2343 210
2343 211
2343 212
2343 213
2343 214
2343 215
2343 216
2343 217
2343 218
2343 219
2343 220
2343 221
2343 222
2343 223
2343 224
2343 225
2343 226
2343 227
2344 221
2344 222
2344 223
2344 224
2344 225
2344 226
2344 227
2344 228
2344 229
2344 230
2344 231
2344 232
2344 233
2344 234
2344 235
2344 236
2344 237
2344 238
2344 239
2345 150
2345 151
2345 152
2345 153
2345 154
2345 155
2345 156
2345 157
2345 158
2345 159
2345 160
2345 161
2345 162
2345 163
2345 164
2345 165
2345 238
2345 239
2345 240
2345 241
2345 242
2345 243
2345 244
2345 245
2345 246
2345 247
2345 248
2345 249
2345 250
2346 162
2346 163
2346 164
2346 165
2346 166
2346 167
2346 168
2346 169
2346 170
2346 171
2346 172
2346 173
2346 174
2346 175
2346 176
2346 177
2346 178
2346 179
2346 180
2346 181
2347 175
2347 176
2347 177
2347 178
2347 179
2347 180
2347 181
2347 182
2347 183
2347 184
2347 185
2347 186
2347 187
2347 188
2347 189
2347 190
2347 191
2347 192
2347 193
2347 194
2347 195
2347 196
2348 188
2348 189
2348 190
2348 191
2348 192
2348 193
2348 194
2348 195
2348 196
2348 197
2348 198
2348 199
2348 200
2348 201
2348 202
2348 203
2348 204
2348 205
2348 206
2348 207
2348 208
2348 209
2348 210
2349 203
2349 204
2349 205
2349 206
2349 207
2349 208
2349 209
2349 210
2349 211
2349 212
2349 213
2349 214
2349 215
2349 216
2349 217
2349 218
2349 219
2349 220
2349 221
2349 222
2349 223
2350 217
2350 218
2350 219
2350 220
2350 221
2350 222
2350 223
2350 224
2350 225
2350 226
2350 227
2350 228
2350 229
2350 230
2350 231
2350 232
2350 233
2350 234
2350 235
2350 236
2351 147
2351 148
2351 149
2351 150
2351 151
2351 152
2351 153
2351 154
2351 155
2351 156
2351 157
2351 158
2351 159
2351 160
2351 233
2351 234
2351 235
2351 236
2351 237
2351 238
2351 239
2351 240
2351 241
2351 242
2351 243
2351 244
2351 245
2351 246
2351 247
2351 248
2352 158
2352 159
2352 160
2352 161
2352 162
2352 163
2352 164
2352 165
2352 166
2352 167
2352 168
2352 169
2352 170
2352 171
2352 172
2352 173
2352 174
2352 175
2352 176
2352 177
2353 171
2353 172
2353 173
2353 174
2353 175
2353 176
2353 177
2353 178
2353 179
2353 180
2353 181
2353 182
2353 183
2353 184
2353 185
2353 186
2353 187
2353 188
2353 189
2353 190
2353 191
2353 192
2354 185
2354 186
2354 187
2354 188
2354 189
2354 190
2354 191
2354 192
2354 193
2354 194
2354 195
2354 196
2354 197
2354 198
2354 199
2354 200
2354 201
2354 202
2354 203
2354 204
2354 205
2354 206
2355 199
2355 200
2355 201
2355 202
2355 203
2355 204
2355 205
2355 206
2355 207
2355 208
2355 209
2355 210
2355 211
2355 212
2355 213
2355 214
2355 215
2355 216
2355 217
2355 218
2355 219
2355 220
2356 213
2356 214
2356 215
2356 216
2356 217
2356 218
2356 219
2356 220
2356 221
2356 222
2356 223
2356 224
2356 225
2356 226
2356 227
2356 228
2356 229
2356 230
2356 231
2356 232
2356 233
2357 145
2357 146
2357 147
2357 148
2357 149
2357 150
2357 151
2357 152
2357 153
2357 154
2357 155
2357 229
2357 230
2357 231
2357 232
2357 233
2357 234
2357 235
2357 236
2357 237
2357 238
2357 239
2357 240
2357 241
2357 242
2357 243
2357 244
2357 245
2358 155
2358 156
2358 157
2358 158
2358 159
2358 160
2358 161
2358 162
2358 163
2358 164
2358 165
2358 166
2358 167
2358 168
2358 169
2358 170
2358 171
2358 172
2358 173
2358 247
2358 248
2358 249
2358 250
2358 251
2358 252
2358 253
2358 254
2359 168
2359 169
2359 170
2359 171
2359 172
2359 173
2359 174
2359 175
2359 176
2359 177
2359 178
2359 179
2359 180
2359 181
2359 182
2359 183
2359 184
2359 185
2359 186
2359 187
2359 188
2360 181
2360 182
2360 183
2360 184
2360 185
2360 186
2360 187
2360 188
2360 189
2360 190
2360 191
2360 192
2360 193
2360 194
2360 195
2360 196
2360 197
2360 198
2360 199
2360 200
2360 201
2360 202
2360 203
2361 195
2361 196
2361 197
2361 198
2361 199
2361 200
2361 201
2361 202
2361 203
2361 204
2361 205
2361 206
2361 207
2361 208
2361 209
2361 210
2361 211
2361 212
2361 213
2361 214
2361 215
2361 216
2361 217
2362 210
2362 211
2362 212
2362 213
2362 214
2362 215
2362 216
2362 217
2362 218
2362 219
2362 220
2362 221
2362 222
2362 223
2362 224
2362 225
2362 226
2362 227
2362 228
2362 229
2362 230
2363 144
2363 145
2363 146
2363 147
2363 148
2363 149
2363 225
2363 226
2363 227
2363 228
2363 229
2363 230
2363 231
2363 232
2363 233
2363 234
2363 235
2363 236
2363 237
2363 238
2363 239
2363 240
2363 241
2363 242
2364 153
2364 154
2364 155
2364 156
2364 157
2364 158
2364 159
2364 160
2364 161
2364 162
2364 163
2364 164
2364 165
2364 166
2364 167
2364 168
2364 169
2364 242
2364 243
2364 244
2364 245
2364 246
2364 247
2364 248
2364 249
2364 250
2364 251
2364 252
2365 165
2365 166
2365 167
2365 168
2365 169
2365 170
2365 171
2365 172
2365 173
2365 174
2365 175
2365 176
2365 177
2365 178
2365 179
2365 180
2365 181
2365 182
2365 183
2365 184
2366 178
2366 179
2366 180
2366 181
2366 182
2366 183
2366 184
2366 185
2366 186
2366 187
2366 188
2366 189
2366 190
2366 191
2366 192
2366 193
2366 194
2366 195
2366 196
2366 197
2366 198
2366 199
2367 192
2367 193
2367 194
2367 195
2367 196
2367 197
2367 198
2367 199
2367 200
2367 201
2367 202
2367 203
2367 204
2367 205
2367 206
2367 207
2367 208
2367 209
2367 210
2367 211
2367 212
2367 213
2368 206
2368 207
2368 208
2368 209
2368 210
2368 211
2368 212
2368 213
2368 214
2368 215
2368 216
2368 217
2368 218
2368 219
2368 220
2368 221
2368 222
2368 223
2368 224
2368 225
2368 226
2368 227
2369 221
2369 222
2369 223
2369 224
2369 225
2369 226
2369 227
2369 228
2369 229
2369 230
2369 231
2369 232
2369 233
2369 234
2369 235
2369 236
2369 237
2369 238
2369 239
2370 150
2370 151
2370 152
2370 153
2370 154
2370 155
2370 156
2370 157
2370 158
2370 159
2370 160
2370 161
2370 162
2370 163
2370 164
2370 237
2370 238
2370 239
2370 240
2370 241
2370 242
2370 243
2370 244
2370 245
2370 246
2370 247
2370 248
2370 249
2370 250
2371 161
2371 162
2371 163
2371 164
2371 165
2371 166
2371 167
2371 168
2371 169
2371 170
2371 171
2371 172
2371 173
2371 174
2371 175
2371 176
2371 177
2371 178
2371 179
2371 180
2371 181
2372 174
2372 175
2372 176
2372 177
2372 178
2372 179
2372 180
2372 181
2372 182
2372 183
2372 184
2372 185
2372 186
2372 187
2372 188
2372 189
2372 190
2372 191
2372 192
2372 193
2372 194
2372 195
2373 188
2373 189
2373 190
2373 191
2373 192
2373 193
2373 194
2373 195
2373 196
2373 197
2373 198
2373 199
2373 200
2373 201
2373 202
2373 203
2373 204
2373 205
2373 206
2373 207
2373 208
2373 209
2373 210
2374 202
2374 203
2374 204
2374 205
2374 206
2374 207
2374 208
2374 209
2374 210
2374 211
2374 212
2374 213
2374 214
2374 215
2374 216
2374 217
2374 218
2374 219
2374 220
2374 221
2374 222
2374 223
2375 217
2375 218
2375 219
2375 220
2375 221
2375 222
2375 223
2375 224
2375 225
2375 226
2375 227
2375 228
2375 229
2375 230
2375 231
2375 232
2375 233
2375 234
2375 235
2375 236
2376 147
2376 148
2376 149
2376 150
2376 151
2376 152
2376 153
2376 154
2376 155
2376 156
2376 157
2376 158
2376 159
2376 160
2376 233
2376 234
2376 235
2376 236
2376 237
2376 238
2376 239
2376 240
2376 241
2376 242
2376 243
2376 244
2376 245
2376 246
2376 247
2376 248
2377 158
2377 159
2377 160
2377 161
2377 162
2377 163
2377 164
2377 165
2377 166
2377 167
2377 168
2377 169
2377 170
2377 171
2377 172
2377 173
2377 174
2377 175
2377 176
2377 253
2377 254
2377 255
2378 171
2378 172
2378 173
2378 174
2378 175
2378 176
2378 177
2378 178
2378 179
2378 180
2378 181
2378 182
2378 183
2378 184
2378 185
2378 186
2378 187
2378 188
2378 189
2378 190
2378 191
2378 192
2379 184
2379 185
2379 186
2379 187
2379 188
2379 189
2379 190
2379 191
2379 192
2379 193
2379 194
2379 195
2379 196
2379 197
2379 198
2379 199
2379 200
2379 201
2379 202
2379 203
2379 204
2379 205
2379 206
2380 198
2380 199
2380 200
2380 201
2380 202
2380 203
2380 204
2380 205
2380 206
2380 207
2380 208
2380 209
2380 210
2380 211
2380 212
2380 213
2380 214
2380 215
2380 216
2380 217
2380 218
2380 219
2380 220
2381 213
2381 214
2381 215
2381 216
2381 217
2381 218
2381 219
2381 220
2381 221
2381 222
2381 223
2381 224
2381 225
2381 226
2381 227
2381 228
2381 229
2381 230
2381 231
2381 232
2381 233
2382 145
2382 146
2382 147
2382 148
2382 149
2382 150
2382 151
2382 152
2382 153
2382 154
2382 228
2382 229
2382 230
2382 231
2382 232
2382 233
2382 234
2382 235
2382 236
2382 237
2382 238
2382 239
2382 240
2382 241
2382 242
2382 243
2382 244
2382 245
2383 155
2383 156
2383 157
2383 158
2383 159
2383 160
2383 161
2383 162
2383 163
2383 164
2383 165
2383 166
2383 167
2383 168
2383 169
2383 170
2383 171
2383 172
2383 246
2383 247
2383 248
2383 249
2383 250
2383 251
2383 252
2383 253
2383 254
2384 168
2384 169
2384 170
2384 171
2384 172
2384 173
2384 174
2384 175
2384 176
2384 177
2384 178
2384 179
2384 180
2384 181
2384 182
2384 183
2384 184
2384 185
2384 186
2384 187
2384 188
2385 181
2385 182
2385 183
2385 184
2385 185
2385 186
2385 187
2385 188
2385 189
2385 190
2385 191
2385 192
2385 193
2385 194
2385 195
2385 196
2385 197
2385 198
2385 199
2385 200
2385 201
2385 202
2386 195
2386 196
2386 197
2386 198
2386 199
2386 200
2386 201
2386 202
2386 203
2386 204
2386 205
2386 206
2386 207
2386 208
2386 209
2386 210
2386 211
2386 212
2386 213
2386 214
2386 215
2386 216
2387 209
2387 210
2387 211
2387 212
2387 213
2387 214
2387 215
2387 216
2387 217
2387 218
2387 219
2387 220
2387 221
2387 222
2387 223
2387 224
2387 225
2387 226
2387 227
2387 228
2387 229
2387 230
2388 145
2388 146
2388 147
2388 224
2388 225
2388 226
2388 227
2388 228
2388 229
2388 230
2388 231
2388 232
2388 233
2388 234
2388 235
2388 236
2388 237
2388 238
2388 239
2388 240
2388 241
2388 242
2389 152
2389 153
2389 154
2389 155
2389 156
2389 157
2389 158
2389 159
2389 160
2389 161
2389 162
2389 163
2389 164
2389 165
2389 166
2389 167
2389 168
2389 241
2389 242
2389 243
2389 244
2389 245
2389 246
2389 247
2389 248
2389 249
2389 250
2389 251
2389 252
2390 164
2390 165
2390 166
2390 167
2390 168
2390 169
2390 170
2390 171
2390 172
2390 173
2390 174
2390 175
2390 176
2390 177
2390 178
2390 179
2390 180
2390 181
2390 182
2390 183
2390 184
2391 178
2391 179
2391 180
2391 181
2391 182
2391 183
2391 184
2391 185
2391 186
2391 187
2391 188
2391 189
2391 190
2391 191
2391 192
2391 193
2391 194
2391 195
2391 196
2391 197
2391 198
2391 199
2392 191
2392 192
2392 193
2392 194
2392 195
2392 196
2392 197
2392 198
2392 199
2392 200
2392 201
2392 202
2392 203
2392 204
2392 205
2392 206
2392 207
2392 208
2392 209
2392 210
2392 211
2392 212
2392 213
2393 205
2393 206
2393 207
2393 208
2393 209
2393 210
2393 211
2393 212
2393 213
2393 214
2393 215
2393 216
2393 217
2393 218
2393 219
2393 220
2393 221
2393 222
2393 223
2393 224
2393 225
2393 226
2394 220
2394 221
2394 222
2394 223
2394 224
2394 225
2394 226
2394 227
2394 228
2394 229
2394 230
2394 231
2394 232
2394 233
2394 234
2394 235
2394 236
2394 237
2394 238
2394 239
2395 150
2395 151
2395 152
2395 153
2395 154
2395 155
2395 156
2395 157
2395 158
2395 159
2395 160
2395 161
2395 162
2395 163
2395 164
2395 236
2395 237
2395 238
2395 239
2395 240
2395 241
2395 242
2395 243
2395 244
2395 245
2395 246
2395 247
2395 248
2395 249
2395 250
2396 161
2396 162
2396 163
2396 164
2396 165
2396 166
2396 167
2396 168
2396 169
2396 170
2396 171
2396 172
2396 173
2396 174
2396 175
2396 176
2396 177
2396 178
2396 179
2396 180
2397 174
2397 175
2397 176
2397 177
2397 178
2397 179
2397 180
2397 181
2397 182
2397 183
2397 184
2397 185
2397 186
2397 187
2397 188
2397 189
2397 190
2397 191
2397 192
2397 193
2397 194
2397 195
2398 188
2398 189
2398 190
2398 191
2398 192
2398 193
2398 194
2398 195
2398 196
2398 197
2398 198
2398 199
2398 200
2398 201
2398 202
2398 203
2398 204
2398 205
2398 206
2398 207
2398 208
2398 209
2399 202
2399 203
2399 204
2399 205
2399 206
2399 207
2399 208
2399 209
2399 210
2399 211
2399 212
2399 213
2399 214
2399 215
2399 216
2399 217
2399 218
2399 219
2399 220
2399 221
2399 222
2399 223
2400 216
2400 217
2400 218
2400 219
2400 220
2400 221
2400 222
2400 223
2400 224
2400 225
2400 226
2400 227
2400 228
2400 229
2400 230
2400 231
2400 232
2400 233
2400 234
2400 235
2400 236
2401 148
2401 149
2401 150
2401 151
2401 152
2401 153
2401 154
2401 155
2401 156
2401 157
2401 158
2401 159
2401 232
2401 233
2401 234
2401 235
2401 236
2401 237
2401 238
2401 239
2401 240
2401 241
2401 242
2401 243
2401 244
2401 245
2401 246
2401 247
2402 158
2402 159
2402 160
2402 161
2402 162
2402 163
2402 164
2402 165
2402 166
2402 167
2402 168
2402 169
2402 170
2402 171
2402 172
2402 173
2402 174
2402 175
2402 176
2402 251
2402 252
2402 253
2402 254
2402 255
2403 171
2403 172
2403 173
2403 174
2403 175
2403 176
2403 177
2403 178
2403 179
2403 180
2403 181
2403 182
2403 183
2403 184
2403 185
2403 186
2403 187
2403 188
2403 189
2403 190
2403 191
2404 184
2404 185
2404 186
2404 187
2404 188
2404 189
2404 190
2404 191
2404 192
2404 193
2404 194
2404 195
2404 196
2404 197
2404 198
2404 199
2404 200
2404 201
2404 202
2404 203
2404 204
2404 205
2404 206
2405 198
2405 199
2405 200
2405 201
2405 202
2405 203
2405 204
2405 205
2405 206
2405 207
2405 208
2405 209
2405 210
2405 211
2405 212
2405 213
2405 214
2405 215
2405 216
2405 217
2405 218
2405 219
2406 213
2406 214
2406 215
2406 216
2406 217
2406 218
2406 219
2406 220
2406 221
2406 222
2406 223
2406 224
2406 225
2406 226
2406 227
2406 228
2406 229
2406 230
2406 231
2406 232
2407 146
2407 147
2407 148
2407 149
2407 150
2407 151
2407 152
2407 153
2407 228
2407 229
2407 230
2407 231
2407 232
2407 233
2407 234
2407 235
2407 236
2407 237
2407 238
2407 239
2407 240
2407 241
2407 242
2407 243
2407 244
2407 245
2408 155
2408 156
2408 157
2408 158
2408 159
2408 160
2408 161
2408 162
2408 163
2408 164
2408 165
2408 166
2408 167
2408 168
2408 169
2408 170
2408 171
2408 172
2408 245
2408 246
2408 247
2408 248
2408 249
2408 250
2408 251
2408 252
2408 253
2408 254
2409 168
2409 169
2409 170
2409 171
2409 172
2409 173
2409 174
2409 175
2409 176
2409 177
2409 178
2409 179
2409 180
2409 181
2409 182
2409 183
2409 184
2409 185
2409 186
2409 187
2410 181
2410 182
2410 183
2410 184
2410 185
2410 186
2410 187
2410 188
2410 189
2410 190
2410 191
2410 192
2410 193
2410 194
2410 195
2410 196
2410 197
2410 198
2410 199
2410 200
2410 201
2410 202
2411 194
2411 195
2411 196
2411 197
2411 198
2411 199
2411 200
2411 201
2411 202
2411 203
2411 204
2411 205
2411 206
2411 207
2411 208
2411 209
2411 210
2411 211
2411 212
2411 213
2411 214
2411 215
2411 216
2412 209
2412 210
2412 211
2412 212
2412 213
2412 214
2412 215
2412 216
2412 217
2412 218
2412 219
2412 220
2412 221
2412 222
2412 223
2412 224
2412 225
2412 226
2412 227
2412 228
2412 229
2413 224
2413 225
2413 226
2413 227
2413 228
2413 229
2413 230
2413 231
2413 232
2413 233
2413 234
2413 235
2413 236
2413 237
2413 238
2413 239
2413 240
2413 241
2413 242
2414 153
2414 154
2414 155
2414 156
2414 157
2414 158
2414 159
2414 160
2414 161
2414 162
2414 163
2414 164
2414 165
2414 166
2414 167
2414 240
2414 241
2414 242
2414 243
2414 244
2414 245
2414 246
2414 247
2414 248
2414 249
2414 250
2414 251
2414 252
2415 164
2415 165
2415 166
2415 167
2415 168
2415 169
2415 170
2415 171
2415 172
2415 173
2415 174
2415 175
2415 176
2415 177
2415 178
2415 179
2415 180
2415 181
2415 182
2415 183
2416 177
2416 178
2416 179
2416 180
2416 181
2416 182
2416 183
2416 184
2416 185
2416 186
2416 187
2416 188
2416 189
2416 190
2416 191
2416 192
2416 193
2416 194
2416 195
2416 196
2416 197
2416 198
2417 191
2417 192
2417 193
2417 194
2417 195
2417 196
2417 197
2417 198
2417 199
2417 200
2417 201
2417 202
2417 203
2417 204
2417 205
2417 206
2417 207
2417 208
2417 209
2417 210
2417 211
2417 212
2418 205
2418 206
2418 207
2418 208
2418 209
2418 210
2418 211
2418 212
2418 213
2418 214
2418 215
2418 216
2418 217
2418 218
2418 219
2418 220
2418 221
2418 222
2418 223
2418 224
2418 225
2418 226
2419 220
2419 221
2419 222
2419 223
2419 224
2419 225
2419 226
2419 227
2419 228
2419 229
2419 230
2419 231
2419 232
2419 233
2419 234
2419 235
2419 236
2419 237
2419 238
2420 150
2420 151
2420 152
2420 153
2420 154
2420 155
2420 156
2420 157
2420 158
2420 159
2420 160
2420 161
2420 162
2420 163
2420 236
2420 237
2420 238
2420 239
2420 240
2420 241
2420 242
2420 243
2420 244
2420 245
2420 246
2420 247
2420 248
2420 249
2420 250
2421 161
2421 162
2421 163
2421 164
2421 165
2421 166
2421 167
2421 168
2421 169
2421 170
2421 171
2421 172
2421 173
2421 174
2421 175
2421 176
2421 177
2421 178
2421 179
2422 174
2422 175
2422 176
2422 177
2422 178
2422 179
2422 180
2422 181
2422 182
2422 183
2422 184
2422 185
2422 186
2422 187
2422 188
2422 189
2422 190
2422 191
2422 192
2422 193
2422 194
2422 195
2423 187
2423 188
2423 189
2423 190
2423 191
2423 192
2423 193
2423 194
2423 195
2423 196
2423 197
2423 198
2423 199
2423 200
2423 201
2423 202
2423 203
2423 204
2423 205
2423 206
2423 207
2423 208
2423 209
2424 201
2424 202
2424 203
2424 204
2424 205
2424 206
2424 207
2424 208
2424 209
2424 210
2424 211
2424 212
2424 213
2424 214
2424 215
2424 216
2424 217
2424 218
2424 219
2424 220
2424 221
2424 222
2425 216
2425 217
2425 218
2425 219
2425 220
2425 221
2425 222
2425 223
2425 224
2425 225
2425 226
2425 227
2425 228
2425 229
2425 230
2425 231
2425 232
2425 233
2425 234
2425 235
2426 148
2426 149
2426 150
2426 151
2426 152
2426 153
2426 154
2426 155
2426 156
2426 157
2426 158
2426 232
2426 233
2426 234
2426 235
2426 236
2426 237
2426 238
2426 239
2426 240
2426 241
2426 242
2426 243
2426 244
2426 245
2426 246
2426 247
2427 158
2427 159
2427 160
2427 161
2427 162
2427 163
2427 164
2427 165
2427 166
2427 167
2427 168
2427 169
2427 170
2427 171
2427 172
2427 173
2427 174
2427 175
2427 250
2427 251
2427 252
2427 253
2427 254
2427 255
2427 256
2428 171
2428 172
2428 173
2428 174
2428 175
2428 176
2428 177
2428 178
2428 179
2428 180
2428 181
2428 182
2428 183
2428 184
2428 185
2428 186
2428 187
2428 188
2428 189
2428 190
2428 191
2429 184
2429 185
2429 186
2429 187
2429 188
2429 189
2429 190
2429 191
2429 192
2429 193
2429 194
2429 195
2429 196
2429 197
2429 198
2429 199
2429 200
2429 201
2429 202
2429 203
2429 204
2429 205
2430 198
2430 199
2430 200
2430 201
2430 202
2430 203
2430 204
2430 205
2430 206
2430 207
2430 208
2430 209
2430 210
2430 211
2430 212
2430 213
2430 214
2430 215
2430 216
2430 217
2430 218
2430 219
2431 212
2431 213
2431 214
2431 215
2431 216
2431 217
2431 218
2431 219
2431 220
2431 221
2431 222
2431 223
2431 224
2431 225
2431 226
2431 227
2431 228
2431 229
2431 230
2431 231
2431 232
2432 147
2432 148
2432 149
2432 150
2432 151
2432 228
2432 229
2432 230
2432 231
2432 232
2432 233
2432 234
2432 235
2432 236
2432 237
2432 238
2432 239
2432 240
2432 241
2432 242
2432 243
2432 244
2433 155
2433 156
2433 157
2433 158
2433 159
2433 160
2433 161
2433 162
2433 163
2433 164
2433 165
2433 166
2433 167
2433 168
2433 169
2433 170
2433 171
2433 245
2433 246
2433 247
2433 248
2433 249
2433 250
2433 251
2433 252
2433 253
2433 254
2434 167
2434 168
2434 169
2434 170
2434 171
2434 172
2434 173
2434 174
2434 175
2434 176
2434 177
2434 178
2434 179
2434 180
2434 181
2434 182
2434 183
2434 184
2434 185
2434 186
2434 187
2435 181
2435 182
2435 183
2435 184
2435 185
2435 186
2435 187
2435 188
2435 189
2435 190
2435 191
2435 192
2435 193
2435 194
2435 195
2435 196
2435 197
2435 198
2435 199
2435 200
2435 201
2435 202
2436 194
2436 195
2436 196
2436 197
2436 198
2436 199
2436 200
2436 201
2436 202
2436 203
2436 204
2436 205
2436 206
2436 207
2436 208
2436 209
2436 210
2436 211
2436 212
2436 213
2436 214
2436 215
2437 209
2437 210
2437 211
2437 212
2437 213
2437 214
2437 215
2437 216
2437 217
2437 218
2437 219
2437 220
2437 221
2437 222
2437 223
2437 224
2437 225
2437 226
2437 227
2437 228
2437 229
2438 224
2438 225
2438 226
2438 227
2438 228
2438 229
2438 230
2438 231
2438 232
2438 233
2438 234
2438 235
2438 236
2438 237
2438 238
2438 239
2438 240
2438 241
2439 153
2439 154
2439 155
2439 156
2439 157
2439 158
2439 159
2439 160
2439 161
2439 162
2439 163
2439 164
2439 165
2439 166
2439 167
2439 240
2439 241
2439 242
2439 243
2439 244
2439 245
2439 246
2439 247
2439 248
2439 249
2439 250
2439 251
2439 252
2440 164
2440 165
2440 166
2440 167
2440 168
2440 169
2440 170
2440 171
2440 172
2440 173
2440 174
2440 175
2440 176
2440 177
2440 178
2440 179
2440 180
2440 181
2440 182
2440 183
2441 177
2441 178
2441 179
2441 180
2441 181
2441 182
2441 183
2441 184
2441 185
2441 186
2441 187
2441 188
2441 189
2441 190
2441 191
2441 192
2441 193
2441 194
2441 195
2441 196
2441 197
2441 198
2442 191
2442 192
2442 193
2442 194
2442 195
2442 196
2442 197
2442 198
2442 199
2442 200
2442 201
2442 202
2442 203
2442 204
2442 205
2442 206
2442 207
2442 208
2442 209
2442 210
2442 211
2442 212
2443 205
2443 206
2443 207
2443 208
2443 209
2443 210
2443 211
2443 212
2443 213
2443 214
2443 215
2443 216
2443 217
2443 218
2443 219
2443 220
2443 221
2443 222
2443 223
2443 224
2443 225
2444 220
2444 221
2444 222
2444 223
2444 224
2444 225
2444 226
2444 227
2444 228
2444 229
2444 230
2444 231
2444 232
2444 233
2444 234
2444 235
2444 236
2444 237
2444 238
2445 150
2445 151
2445 152
2445 153
2445 154
2445 155
2445 156
2445 157
2445 158
2445 159
2445 160
2445 161
2445 162
2445 236
2445 237
2445 238
2445 239
2445 240
2445 241
2445 242
2445 243
2445 244
2445 245
2445 246
2445 247
2445 248
2445 249
2445 250
2446 161
2446 162
2446 163
2446 164
2446 165
2446 166
2446 167
2446 168
2446 169
2446 170
2446 171
2446 172
2446 173
2446 174
2446 175
2446 176
2446 177
2446 178
2446 179
2447 174
2447 175
2447 176
2447 177
2447 178
2447 179
2447 180
2447 181
2447 182
2447 183
2447 184
2447 185
2447 186
2447 187
2447 188
2447 189
2447 190
2447 191
2447 192
2447 193
2447 194
2448 187
2448 188
2448 189
2448 190
2448 191
2448 192
2448 193
2448 194
2448 195
2448 196
2448 197
2448 198
2448 199
2448 200
2448 201
2448 202
2448 203
2448 204
2448 205
2448 206
2448 207
2448 208
2449 201
2449 202
2449 203
2449 204
2449 205
2449 206
2449 207
2449 208
2449 209
2449 210
2449 211
2449 212
2449 213
2449 214
2449 215
2449 216
2449 217
2449 218
2449 219
2449 220
2449 221
2449 222
2450 216
2450 217
2450 218
2450 219
2450 220
2450 221
2450 222
2450 223
2450 224
2450 225
2450 226
2450 227
2450 228
2450 229
2450 230
2450 231
2450 232
2450 233
2450 234
2450 235
2451 149
2451 150
2451 151
2451 152
2451 153
2451 154
2451 155
2451 156
2451 231
2451 232
2451 233
2451 234
2451 235
2451 236
2451 237
2451 238
2451 239
2451 240
2451 241
2451 242
2451 243
2451 244
2451 245
2451 246
2451 247
2452 158
2452 159
2452 160
2452 161
2452 162
2452 163
2452 164
2452 165
2452 166
2452 167
2452 168
2452 169
2452 170
2452 171
2452 172
2452 173
2452 174
2452 175
2452 250
2452 251
2452 252
2452 253
2452 254
2452 255
2452 256
2453 171
2453 172
2453 173
2453 174
2453 175
2453 176
2453 177
2453 178
2453 179
2453 180
2453 181
2453 182
2453 183
2453 184
2453 185
2453 186
2453 187
2453 188
2453 189
2453 190
2454 184
2454 185
2454 186
2454 187
2454 188
2454 189
2454 190
2454 191
2454 192
2454 193
2454 194
2454 195
2454 196
2454 197
2454 198
2454 199
2454 200
2454 201
2454 202
2454 203
2454 204
2454 205
2455 198
2455 199
2455 200
2455 201
2455 202
2455 203
2455 204
2455 205
2455 206
2455 207
2455 208
2455 209
2455 210
2455 211
2455 212
2455 213
2455 214
2455 215
2455 216
2455 217
2455 218
2456 212
2456 213
2456 214
2456 215
2456 216
2456 217
2456 218
2456 219
2456 220
2456 221
2456 222
2456 223
2456 224
2456 225
2456 226
2456 227
2456 228
2456 229
2456 230
2456 231
2456 232
2457 227
2457 228
2457 229
2457 230
2457 231
2457 232
2457 233
2457 234
2457 235
2457 236
2457 237
2457 238
2457 239
2457 240
2457 241
2457 242
2457 243
2457 244
2458 156
2458 157
2458 158
2458 159
2458 160
2458 161
2458 162
2458 163
2458 164
2458 165
2458 166
2458 167
2458 168
2458 169
2458 170
2458 244
2458 245
2458 246
2458 247
2458 248
2458 249
2458 250
2458 251
2458 252
2458 253
2458 254
2459 167
2459 168
2459 169
2459 170
2459 171
2459 172
2459 173
2459 174
2459 175
2459 176
2459 177
2459 178
2459 179
2459 180
2459 181
2459 182
2459 183
2459 184
2459 185
2459 186
2460 180
2460 181
2460 182
2460 183
2460 184
2460 185
2460 186
2460 187
2460 188
2460 189
2460 190
2460 191
2460 192
2460 193
2460 194
2460 195
2460 196
2460 197
2460 198
2460 199
2460 200
2460 201
2461 194
2461 195
2461 196
2461 197
2461 198
2461 199
2461 200
2461 201
2461 202
2461 203
2461 204
2461 205
2461 206
2461 207
2461 208
2461 209
2461 210
2461 211
2461 212
2461 213
2461 214
2461 215
2462 208
2462 209
2462 210
2462 211
2462 212
2462 213
2462 214
2462 215
2462 216
2462 217
2462 218
2462 219
2462 220
2462 221
2462 222
2462 223
2462 224
2462 225
2462 226
2462 227
2462 228
2463 223
2463 224
2463 225
2463 226
2463 227
2463 228
2463 229
2463 230
2463 231
2463 232
2463 233
2463 234
2463 235
2463 236
2463 237
2463 238
2463 239
2463 240
2463 241
2464 153
2464 154
2464 155
2464 156
2464 157
2464 158
2464 159
2464 160
2464 161
2464 162
2464 163
2464 164
2464 165
2464 166
2464 240
2464 241
2464 242
2464 243
2464 244
2464 245
2464 246
2464 247
2464 248
2464 249
2464 250
2464 251
2464 252
2465 164
2465 165
2465 166
2465 167
2465 168
2465 169
2465 170
2465 171
2465 172
2465 173
2465 174
2465 175
2465 176
2465 177
2465 178
2465 179
2465 180
2465 181
2465 182
2466 177
2466 178
2466 179
2466 180
2466 181
2466 182
2466 183
2466 184
2466 185
2466 186
2466 187
2466 188
2466 189
2466 190
2466 191
2466 192
2466 193
2466 194
2466 195
2466 196
2466 197
2467 191
2467 192
2467 193
2467 194
2467 195
2467 196
2467 197
2467 198
2467 199
2467 200
2467 201
2467 202
2467 203
2467 204
2467 205
2467 206
2467 207
2467 208
2467 209
2467 210
2467 211
2468 205
2468 206
2468 207
2468 208
2468 209
2468 210
2468 211
2468 212
2468 213
2468 214
2468 215
2468 216
2468 217
2468 218
2468 219
2468 220
2468 221
2468 222
2468 223
2468 224
2468 225
2469 219
2469 220
2469 221
2469 222
2469 223
2469 224
2469 225
2469 226
2469 227
2469 228
2469 229
2469 230
2469 231
2469 232
2469 233
2469 234
2469 235
2469 236
2469 237
2469 238
2470 151
2470 152
2470 153
2470 154
2470 155
2470 156
2470 157
2470 158
2470 159
2470 160
2470 161
2470 235
2470 236
2470 237
2470 238
2470 239
2470 240
2470 241
2470 242
2470 243
2470 244
2470 245
2470 246
2470 247
2470 248
2470 249
2471 161
2471 162
2471 163
2471 164
2471 165
2471 166
2471 167
2471 168
2471 169
2471 170
2471 171
2471 172
2471 173
2471 174
2471 175
2471 176
2471 177
2471 178
2472 174
2472 175
2472 176
2472 177
2472 178
2472 179
2472 180
2472 181
2472 182
2472 183
2472 184
2472 185
2472 186
2472 187
2472 188
2472 189
2472 190
2472 191
2472 192
2472 193
2473 187
2473 188
2473 189
2473 190
2473 191
2473 192
2473 193
2473 194
2473 195
2473 196
2473 197
2473 198
2473 199
2473 200
2473 201
2473 202
2473 203
2473 204
2473 205
2473 206
2473 207
2473 208
2474 201
2474 202
2474 203
2474 204
2474 205
2474 206
2474 207
2474 208
2474 209
2474 210
2474 211
2474 212
2474 213
2474 214
2474 215
2474 216
2474 217
2474 218
2474 219
2474 220
2474 221
2475 216
2475 217
2475 218
2475 219
2475 220
2475 221
2475 222
2475 223
2475 224
2475 225
2475 226
2475 227
2475 228
2475 229
2475 230
2475 231
2475 232
2475 233
2475 234
2476 150
2476 151
2476 152
2476 153
2476 154
2476 155
2476 231
2476 232
2476 233
2476 234
2476 235
2476 236
2476 237
2476 238
2476 239
2476 240
2476 241
2476 242
2476 243
2476 244
2476 245
2476 246
2477 159
2477 160
2477 161
2477 162
2477 163
2477 164
2477 165
2477 166
2477 167
2477 168
2477 169
2477 170
2477 171
2477 172
2477 173
2477 174
2477 249
2477 250
2477 251
2477 252
2477 253
2477 254
2477 255
2478 171
2478 172
2478 173
2478 174
2478 175
2478 176
2478 177
2478 178
2478 179
2478 180
2478 181
2478 182
2478 183
2478 184
2478 185
2478 186
2478 187
2478 188
2478 189
2478 190
2479 184
2479 185
2479 186
2479 187
2479 188
2479 189
2479 190
2479 191
2479 192
2479 193
2479 194
2479 195
2479 196
2479 197
2479 198
2479 199
2479 200
2479 201
2479 202
2479 203
2479 204
2480 197
2480 198
2480 199
2480 200
2480 201
2480 202
2480 203
2480 204
2480 205
2480 206
2480 207
2480 208
2480 209
2480 210
2480 211
2480 212
2480 213
2480 214
2480 215
2480 216
2480 217
2480 218
2481 212
2481 213
2481 214
2481 215
2481 216
2481 217
2481 218
2481 219
2481 220
2481 221
2481 222
2481 223
2481 224
2481 225
2481 226
2481 227
2481 228
2481 229
2481 230
2481 231
2482 227
2482 228
2482 229
2482 230
2482 231
2482 232
2482 233
2482 234
2482 235
2482 236
2482 237
2482 238
2482 239
2482 240
2482 241
2482 242
2482 243
2483 156
2483 157
2483 158
2483 159
2483 160
2483 161
2483 162
2483 163
2483 164
2483 165
2483 166
2483 167
2483 168
2483 169
2483 244
2483 245
2483 246
2483 247
2483 248
2483 249
2483 250
2483 251
2483 252
2483 253
2483 254
2484 167
2484 168
2484 169
2484 170
2484 171
2484 172
2484 173
2484 174
2484 175
2484 176
2484 177
2484 178
2484 179
2484 180
2484 181
2484 182
2484 183
2484 184
2484 185
2484 186
2485 180
2485 181
2485 182
2485 183
2485 184
2485 185
2485 186
2485 187
2485 188
2485 189
2485 190
2485 191
2485 192
2485 193
2485 194
2485 195
2485 196
2485 197
2485 198
2485 199
2485 200
2486 194
2486 195
2486 196
2486 197
2486 198
2486 199
2486 200
2486 201
2486 202
2486 203
2486 204
2486 205
2486 206
2486 207
2486 208
2486 209
2486 210
2486 211
2486 212
2486 213
2486 214
2487 208
2487 209
2487 210
2487 211
2487 212
2487 213
2487 214
2487 215
2487 216
2487 217
2487 218
2487 219
2487 220
2487 221
2487 222
2487 223
2487 224
2487 225
2487 226
2487 227
2487 228
2488 223
2488 224
2488 225
2488 226
2488 227
2488 228
2488 229
2488 230
2488 231
2488 232
2488 233
2488 234
2488 235
2488 236
2488 237
2488 238
2488 239
2488 240
2489 154
2489 155
2489 156
2489 157
2489 158
2489 159
2489 160
2489 161
2489 162
2489 163
2489 164
2489 165
2489 239
2489 240
2489 241
2489 242
2489 243
2489 244
2489 245
2489 246
2489 247
2489 248
2489 249
2489 250
2489 251
2490 164
2490 165
2490 166
2490 167
2490 168
2490 169
2490 170
2490 171
2490 172
2490 173
2490 174
2490 175
2490 176
2490 177
2490 178
2490 179
2490 180
2490 181
2490 182
2491 177
2491 178
2491 179
2491 180
2491 181
2491 182
2491 183
2491 184
2491 185
2491 186
2491 187
2491 188
2491 189
2491 190
2491 191
2491 192
2491 193
2491 194
2491 195
2491 196
2491 197
2492 190
2492 191
2492 192
2492 193
2492 194
2492 195
2492 196
2492 197
2492 198
2492 199
2492 200
2492 201
2492 202
2492 203
2492 204
2492 205
2492 206
2492 207
2492 208
2492 209
2492 210
2492 211
2493 204
2493 205
2493 206
2493 207
2493 208
2493 209
2493 210
2493 211
2493 212
2493 213
2493 214
2493 215
2493 216
2493 217
2493 218
2493 219
2493 220
2493 221
2493 222
2493 223
2493 224
2494 219
2494 220
2494 221
2494 222
2494 223
2494 224
2494 225
2494 226
2494 227
2494 228
2494 229
2494 230
2494 231
2494 232
2494 233
2494 234
2494 235
2494 236
2494 237
2495 152
2495 153
2495 154
2495 155
2495 156
2495 157
2495 158
2495 159
2495 235
2495 236
2495 237
2495 238
2495 239
2495 240
2495 241
2495 242
2495 243
2495 244
2495 245
2495 246
2495 247
2495 248
2495 249
2496 162
2496 163
2496 164
2496 165
2496 166
2496 167
2496 168
2496 169
2496 170
2496 171
2496 172
2496 173
2496 174
2496 175
2496 176
2496 177
2497 174
2497 175
2497 176
2497 177
2497 178
2497 179
2497 180
2497 181
2497 182
2497 183
2497 184
2497 185
2497 186
2497 187
2497 188
2497 189
2497 190
2497 191
2497 192
2497 193
2498 187
2498 188
2498 189
2498 190
2498 191
2498 192
2498 193
2498 194
2498 195
2498 196
2498 197
2498 198
2498 199
2498 200
2498 201
2498 202
2498 203
2498 204
2498 205
2498 206
2498 207
2499 201
2499 202
2499 203
2499 204
2499 205
2499 206
2499 207
2499 208
2499 209
2499 210
2499 211
2499 212
2499 213
2499 214
2499 215
2499 216
2499 217
2499 218
2499 219
2499 220
2499 221
2500 215
2500 216
2500 217
2500 218
2500 219
2500 220
2500 221
2500 222
2500 223
2500 224
2500 225
2500 226
2500 227
2500 228
2500 229
2500 230
2500 231
2500 232
2500 233
2500 234
2501 231
2501 232
2501 233
2501 234
2501 235
2501 236
2501 237
2501 238
2501 239
2501 240
2501 241
2501 242
2501 243
2501 244
2501 245
2501 246
2502 159
2502 160
2502 161
2502 162
2502 163
2502 164
2502 165
2502 166
2502 167
2502 168
2502 169
2502 170
2502 171
2502 172
2502 173
2502 249
2502 250
2502 251
2502 252
2502 253
2502 254
2502 255
2503 171
2503 172
2503 173
2503 174
2503 175
2503 176
2503 177
2503 178
2503 179
2503 180
2503 181
2503 182
2503 183
2503 184
2503 185
2503 186
2503 187
2503 188
2503 189
2504 184
2504 185
2504 186
2504 187
2504 188
2504 189
2504 190
2504 191
2504 192
2504 193
2504 194
2504 195
2504 196
2504 197
2504 198
2504 199
2504 200
2504 201
2504 202
2504 203
2505 197
2505 198
2505 199
2505 200
2505 201
2505 202
2505 203
2505 204
2505 205
2505 206
2505 207
2505 208
2505 209
2505 210
2505 211
2505 212
2505 213
2505 214
2505 215
2505 216
2505 217
2506 212
2506 213
2506 214
2506 215
2506 216
2506 217
2506 218
2506 219
2506 220
2506 221
2506 222
2506 223
2506 224
2506 225
2506 226
2506 227
2506 228
2506 229
2506 230
2506 231
2507 227
2507 228
2507 229
2507 230
2507 231
2507 232
2507 233
2507 234
2507 235
2507 236
2507 237
2507 238
2507 239
2507 240
2507 241
2507 242
2507 243
2508 156
2508 157
2508 158
2508 159
2508 160
2508 161
2508 162
2508 163
2508 164
2508 165
2508 166
2508 167
2508 168
2508 244
2508 245
2508 246
2508 247
2508 248
2508 249
2508 250
2508 251
2508 252
2508 253
2509 168
2509 169
2509 170
2509 171
2509 172
2509 173
2509 174
2509 175
2509 176
2509 177
2509 178
2509 179
2509 180
2509 181
2509 182
2509 183
2509 184
2509 185
2510 180
2510 181
2510 182
2510 183
2510 184
2510 185
2510 186
2510 187
2510 188
2510 189
2510 190
2510 191
2510 192
2510 193
2510 194
2510 195
2510 196
2510 197
2510 198
2510 199
2510 200
2511 194
2511 195
2511 196
2511 197
2511 198
2511 199
2511 200
2511 201
2511 202
2511 203
2511 204
2511 205
2511 206
2511 207
2511 208
2511 209
2511 210
2511 211
2511 212
2511 213
2511 214
2512 208
2512 209
2512 210
2512 211
2512 212
2512 213
2512 214
2512 215
2512 216
2512 217
2512 218
2512 219
2512 220
2512 221
2512 222
2512 223
2512 224
2512 225
2512 226
2512 227
2513 223
2513 224
2513 225
2513 226
2513 227
2513 228
2513 229
2513 230
2513 231
2513 232
2513 233
2513 234
2513 235
2513 236
2513 237
2513 238
2513 239
2513 240
2514 154
2514 155
2514 156
2514 157
2514 158
2514 159
2514 160
2514 161
2514 162
2514 163
2514 239
2514 240
2514 241
2514 242
2514 243
2514 244
2514 245
2514 246
2514 247
2514 248
2514 249
2514 250
2514 251
2515 165
2515 166
2515 167
2515 168
2515 169
2515 170
2515 171
2515 172
2515 173
2515 174
2515 175
2515 176
2515 177
2515 178
2515 179
2515 180
2515 181
2516 177
2516 178
2516 179
2516 180
2516 181
2516 182
2516 183
2516 184
2516 185
2516 186
2516 187
2516 188
2516 189
2516 190
2516 191
2516 192
2516 193
2516 194
2516 195
2516 196
2517 190
2517 191
2517 192
2517 193
2517 194
2517 195
2517 196
2517 197
2517 198
2517 199
2517 200
2517 201
2517 202
2517 203
2517 204
2517 205
2517 206
2517 207
2517 208
2517 209
2517 210
2518 204
2518 205
2518 206
2518 207
2518 208
2518 209
2518 210
2518 211
2518 212
2518 213
2518 214
2518 215
2518 216
2518 217
2518 218
2518 219
2518 220
2518 221
2518 222
2518 223
2518 224
2519 219
2519 220
2519 221
2519 222
2519 223
2519 224
2519 225
2519 226
2519 227
2519 228
2519 229
2519 230
2519 231
2519 232
2519 233
2519 234
2519 235
2519 236
2519 237
2520 154
2520 155
2520 156
2520 157
2520 235
2520 236
2520 237
2520 238
2520 239
2520 240
2520 241
2520 242
2520 243
2520 244
2520 245
2520 246
2520 247
2520 248
2521 162
2521 163
2521 164
2521 165
2521 166
2521 167
2521 168
2521 169
2521 170
2521 171
2521 172
2521 173
2521 174
2521 175
2521 176
2522 174
2522 175
2522 176
2522 177
2522 178
2522 179
2522 180
2522 181
2522 182
2522 183
2522 184
2522 185
2522 186
2522 187
2522 188
2522 189
2522 190
2522 191
2522 192
2523 187
2523 188
2523 189
2523 190
2523 191
2523 192
2523 193
2523 194
2523 195
2523 196
2523 197
2523 198
2523 199
2523 200
2523 201
2523 202
2523 203
2523 204
2523 205
2523 206
2523 207
2524 201
2524 202
2524 203
2524 204
2524 205
2524 206
2524 207
2524 208
2524 209
2524 210
2524 211
2524 212
2524 213
2524 214
2524 215
2524 216
2524 217
2524 218
2524 219
2524 220
2525 215
2525 216
2525 217
2525 218
2525 219
2525 220
2525 221
2525 222
2525 223
2525 224
2525 225
2525 226
2525 227
2525 228
2525 229
2525 230
2525 231
2525 232
2525 233
2526 231
2526 232
2526 233
2526 234
2526 235
2526 236
2526 237
2526 238
2526 239
2526 240
2526 241
2526 242
2526 243
2526 244
2526 245
2527 159
2527 160
2527 161
2527 162
2527 163
2527 164
2527 165
2527 166
2527 167
2527 168
2527 169
2527 170
2527 171
2527 172
2527 249
2527 250
2527 251
2527 252
2527 253
2527 254
2528 171
2528 172
2528 173
2528 174
2528 175
2528 176
2528 177
2528 178
2528 179
2528 180
2528 181
2528 182
2528 183
2528 184
2528 185
2528 186
2528 187
2528 188
2529 184
2529 185
2529 186
2529 187
2529 188
2529 189
2529 190
2529 191
2529 192
2529 193
2529 194
2529 195
2529 196
2529 197
2529 198
2529 199
2529 200
2529 201
2529 202
2529 203
2530 197
2530 198
2530 199
2530 200
2530 201
2530 202
2530 203
2530 204
2530 205
2530 206
2530 207
2530 208
2530 209
2530 210
2530 211
2530 212
2530 213
2530 214
2530 215
2530 216
2530 217
2531 212
2531 213
2531 214
2531 215
2531 216
2531 217
2531 218
2531 219
2531 220
2531 221
2531 222
2531 223
2531 224
2531 225
2531 226
2531 227
2531 228
2531 229
2531 230
2532 227
2532 228
2532 229
2532 230
2532 231
2532 232
2532 233
2532 234
2532 235
2532 236
2532 237
2532 238
2532 239
2532 240
2532 241
2532 242
2533 157
2533 158
2533 159
2533 160
2533 161
2533 162
2533 163
2533 164
2533 165
2533 166
2533 167
2533 244
2533 245
2533 246
2533 247
2533 248
2533 249
2533 250
2533 251
2533 252
2534 168
2534 169
2534 170
2534 171
2534 172
2534 173
2534 174
2534 175
2534 176
2534 177
2534 178
2534 179
2534 180
2534 181
2534 182
2534 183
2534 184
2535 180
2535 181
2535 182
2535 183
2535 184
2535 185
2535 186
2535 187
2535 188
2535 189
2535 190
2535 191
2535 192
2535 193
2535 194
2535 195
2535 196
2535 197
2535 198
2535 199
2536 194
2536 195
2536 196
2536 197
2536 198
2536 199
2536 200
2536 201
2536 202
2536 203
2536 204
2536 205
2536 206
2536 207
2536 208
2536 209
2536 210
2536 211
2536 212
2536 213
2537 208
2537 209
2537 210
2537 211
2537 212
2537 213
2537 214
2537 215
2537 216
2537 217
2537 218
2537 219
2537 220
2537 221
2537 222
2537 223
2537 224
2537 225
2537 226
2537 227
2538 223
2538 224
2538 225
2538 226
2538 227
2538 228
2538 229
2538 230
2538 231
2538 232
2538 233
2538 234
2538 235
2538 236
2538 237
2538 238
2538 239
2539 156
2539 157
2539 158
2539 159
2539 160
2539 161
2539 162
2539 239
2539 240
2539 241
2539 242
2539 243
2539 244
2539 245
2539 246
2539 247
2539 248
2539 249
2539 250
2540 165
2540 166
2540 167
2540 168
2540 169
2540 170
2540 171
2540 172
2540 173
2540 174
2540 175
2540 176
2540 177
2540 178
2540 179
2540 180
2541 177
2541 178
2541 179
2541 180
2541 181
2541 182
2541 183
2541 184
2541 185
2541 186
2541 187
2541 188
2541 189
2541 190
2541 191
2541 192
2541 193
2541 194
2541 195
2542 191
2542 192
2542 193
2542 194
2542 195
2542 196
2542 197
2542 198
2542 199
2542 200
2542 201
2542 202
2542 203
2542 204
2542 205
2542 206
2542 207
2542 208
2542 209
2542 210
2543 204
2543 205
2543 206
2543 207
2543 208
2543 209
2543 210
2543 211
2543 212
2543 213
2543 214
2543 215
2543 216
2543 217
2543 218
2543 219
2543 220
2543 221
2543 222
2543 223
2544 219
2544 220
2544 221
2544 222
2544 223
2544 224
2544 225
2544 226
2544 227
2544 228
2544 229
2544 230
2544 231
2544 232
2544 233
2544 234
2544 235
2544 236
2545 235
2545 236
2545 237
2545 238
2545 239
2545 240
2545 241
2545 242
2545 243
2545 244
2545 245
2545 246
2545 247
2546 162
2546 163
2546 164
2546 165
2546 166
2546 167
2546 168
2546 169
2546 170
2546 171
2546 172
2546 173
2546 174
2546 175
2547 174
2547 175
2547 176
2547 177
2547 178
2547 179
2547 180
2547 181
2547 182
2547 183
2547 184
2547 185
2547 186
2547 187
2547 188
2547 189
2547 190
2547 191
2548 187
2548 188
2548 189
2548 190
2548 191
2548 192
2548 193
2548 194
2548 195
2548 196
2548 197
2548 198
2548 199
2548 200
2548 201
2548 202
2548 203
2548 204
2548 205
2548 206
2549 201
2549 202
2549 203
2549 204
2549 205
2549 206
2549 207
2549 208
2549 209
2549 210
2549 211
2549 212
2549 213
2549 214
2549 215
2549 216
2549 217
2549 218
2549 219
2549 220
2550 215
2550 216
2550 217
2550 218
2550 219
2550 220
2550 221
2550 222
2550 223
2550 224
2550 225
2550 226
2550 227
2550 228
2550 229
2550 230
2550 231
2550 232
2550 233
2551 231
2551 232
2551 233
2551 234
2551 235
2551 236
2551 237
2551 238
2551 239
2551 240
2551 241
2551 242
2551 243
2551 244
2551 245
2552 160
2552 161
2552 162
2552 163
2552 164
2552 165
2552 166
2552 167
2552 168
2552 169
2552 170
2552 171
2552 250
2552 251
2552 252
2552 253
2553 171
2553 172
2553 173
2553 174
2553 175
2553 176
2553 177
2553 178
2553 179
2553 180
2553 181
2553 182
2553 183
2553 184
2553 185
2553 186
2553 187
2554 184
2554 185
2554 186
2554 187
2554 188
2554 189
2554 190
2554 191
2554 192
2554 193
2554 194
2554 195
2554 196
2554 197
2554 198
2554 199
2554 200
2554 201
2554 202
2555 197
2555 198
2555 199
2555 200
2555 201
2555 202
2555 203
2555 204
2555 205
2555 206
2555 207
2555 208
2555 209
2555 210
2555 211
2555 212
2555 213
2555 214
2555 215
2555 216
2556 212
2556 213
2556 214
2556 215
2556 216
2556 217
2556 218
2556 219
2556 220
2556 221
2556 222
2556 223
2556 224
2556 225
2556 226
2556 227
2556 228
2556 229
2557 227
2557 228
2557 229
2557 230
2557 231
2557 232
2557 233
2557 234
2557 235
2557 236
2557 237
2557 238
2557 239
2557 240
2557 241
2557 242
2558 158
2558 159
2558 160
2558 161
2558 162
2558 163
2558 164
2558 165
2558 244
2558 245
2558 246
2558 247
2558 248
2558 249
2558 250
2558 251
2559 168
2559 169
2559 170
2559 171
2559 172
2559 173
2559 174
2559 175
2559 176
2559 177
2559 178
2559 179
2559 180
2559 181
2559 182
2559 183
2560 181
2560 182
2560 183
2560 184
2560 185
2560 186
2560 187
2560 188
2560 189
2560 190
2560 191
2560 192
2560 193
2560 194
2560 195
2560 196
2560 197
2560 198
2561 194
2561 195
2561 196
2561 197
2561 198
2561 199
2561 200
2561 201
2561 202
2561 203
2561 204
2561 205
2561 206
2561 207
2561 208
2561 209
2561 210
2561 211
2561 212
2562 208
2562 209
2562 210
2562 211
2562 212
2562 213
2562 214
2562 215
2562 216
2562 217
2562 218
2562 219
2562 220
2562 221
2562 222
2562 223
2562 224
2562 225
2562 226
2563 223
2563 224
2563 225
2563 226
2563 227
2563 228
2563 229
2563 230
2563 231
2563 232
2563 233
2563 234
2563 235
2563 236
2563 237
2563 238
2564 240
2564 241
2564 242
2564 243
2564 244
2564 245
2564 246
2564 247
2564 248
2564 249
2565 166
2565 167
2565 168
2565 169
2565 170
2565 171
2565 172
2565 173
2565 174
2565 175
2565 176
2565 177
2565 178
2565 179
2566 178
2566 179
2566 180
2566 181
2566 182
2566 183
2566 184
2566 185
2566 186
2566 187
2566 188
2566 189
2566 190
2566 191
2566 192
2566 193
2566 194
2567 191
2567 192
2567 193
2567 194
2567 195
2567 196
2567 197
2567 198
2567 199
2567 200
2567 201
2567 202
2567 203
2567 204
2567 205
2567 206
2567 207
2567 208
2567 209
2568 205
2568 206
2568 207
2568 208
2568 209
2568 210
2568 211
2568 212
2568 213
2568 214
2568 215
2568 216
2568 217
2568 218
2568 219
2568 220
2568 221
2568 222
2569 219
2569 220
2569 221
2569 222
2569 223
2569 224
2569 225
2569 226
2569 227
2569 228
2569 229
2569 230
2569 231
2569 232
2569 233
2569 234
2569 235
2570 235
2570 236
2570 237
2570 238
2570 239
2570 240
2570 241
2570 242
2570 243
2570 244
2570 245
2570 246
2570 247
2571 163
2571 164
2571 165
2571 166
2571 167
2571 168
2571 169
2571 170
2571 171
2571 172
2571 173
2571 174
2572 175
2572 176
2572 177
2572 178
2572 179
2572 180
2572 181
2572 182
2572 183
2572 184
2572 185
2572 186
2572 187
2572 188
2572 189
2572 190
2573 187
2573 188
2573 189
2573 190
2573 191
2573 192
2573 193
2573 194
2573 195
2573 196
2573 197
2573 198
2573 199
2573 200
2573 201
2573 202
2573 203
2573 204
2573 205
2574 201
2574 202
2574 203
2574 204
2574 205
2574 206
2574 207
2574 208
2574 209
2574 210
2574 211
2574 212
2574 213
2574 214
2574 215
2574 216
2574 217
2574 218
2574 219
2575 216
2575 217
2575 218
2575 219
2575 220
2575 221
2575 222
2575 223
2575 224
2575 225
2575 226
2575 227
2575 228
2575 229
2575 230
2575 231
2575 232
2576 231
2576 232
2576 233
2576 234
2576 235
2576 236
2576 237
2576 238
2576 239
2576 240
2576 241
2576 242
2576 243
2576 244
2577 161
2577 162
2577 163
2577 164
2577 165
2577 166
2577 167
2577 168
2577 169
2578 172
2578 173
2578 174
2578 175
2578 176
2578 177
2578 178
2578 179
2578 180
2578 181
2578 182
2578 183
2578 184
2578 185
2578 186
2579 184
2579 185
2579 186
2579 187
2579 188
2579 189
2579 190
2579 191
2579 192
2579 193
2579 194
2579 195
2579 196
2579 197
2579 198
2579 199
2579 200
2579 201
2580 198
2580 199
2580 200
2580 201
2580 202
2580 203
2580 204
2580 205
2580 206
2580 207
2580 208
2580 209
2580 210
2580 211
2580 212
2580 213
2580 214
2580 215
2581 212
2581 213
2581 214
2581 215
2581 216
2581 217
2581 218
2581 219
2581 220
2581 221
2581 222
2581 223
2581 224
2581 225
2581 226
2581 227
2581 228
2581 229
2582 227
2582 228
2582 229
2582 230
2582 231
2582 232
2582 233
2582 234
2582 235
2582 236
2582 237
2582 238
2582 239
2582 240
2582 241
2583 162
2583 245
2583 246
2583 247
2583 248
2583 249
2583 250
2584 169
2584 170
2584 171
2584 172
2584 173
2584 174
2584 175
2584 176
2584 177
2584 178
2584 179
2584 180
2584 181
2584 182
2585 181
2585 182
2585 183
2585 184
2585 185
2585 186
2585 187
2585 188
2585 189
2585 190
2585 191
2585 192
2585 193
2585 194
2585 195
2585 196
2585 197
2586 194
2586 195
2586 196
2586 197
2586 198
2586 199
2586 200
2586 201
2586 202
2586 203
2586 204
2586 205
2586 206
2586 207
2586 208
2586 209
2586 210
2586 211
2586 212
2587 208
2587 209
2587 210
2587 211
2587 212
2587 213
2587 214
2587 215
2587 216
2587 217
2587 218
2587 219
2587 220
2587 221
2587 222
2587 223
2587 224
2587 225
2588 223
2588 224
2588 225
2588 226
2588 227
2588 228
2588 229
2588 230
2588 231
2588 232
2588 233
2588 234
2588 235
2588 236
2588 237
2588 238
2589 240
2589 241
2589 242
2589 243
2589 244
2589 245
2589 246
2589 247
2589 248
2590 167
2590 168
2590 169
2590 170
2590 171
2590 172
2590 173
2590 174
2590 175
2590 176
2590 177
2591 178
2591 179
2591 180
2591 181
2591 182
2591 183
2591 184
2591 185
2591 186
2591 187
2591 188
2591 189
2591 190
2591 191
2591 192
2591 193
2592 191
2592 192
2592 193
2592 194
2592 195
2592 196
2592 197
2592 198
2592 199
2592 200
2592 201
2592 202
2592 203
2592 204
2592 205
2592 206
2592 207
2592 208
2593 205
2593 206
2593 207
2593 208
2593 209
2593 210
2593 211
2593 212
2593 213
2593 214
2593 215
2593 216
2593 217
2593 218
2593 219
2593 220
2593 221
2593 222
2594 220
2594 221
2594 222
2594 223
2594 224
2594 225
2594 226
2594 227
2594 228
2594 229
2594 230
2594 231
2594 232
2594 233
2594 234
2595 236
2595 237
2595 238
2595 239
2595 240
2595 241
2595 242
2595 243
2595 244
2595 245
2595 246
2596 165
2596 166
2596 167
2596 168
2596 169
2596 170
2596 171
2596 172
2596 173
2597 175
2597 176
2597 177
2597 178
2597 179
2597 180
2597 181
2597 182
2597 183
2597 184
2597 185
2597 186
2597 187
2597 188
2597 189
2598 188
2598 189
2598 190
2598 191
2598 192
2598 193
2598 194
2598 195
2598 196
2598 197
2598 198
2598 199
2598 200
2598 201
2598 202
2598 203
2598 204
2599 201
2599 202
2599 203
2599 204
2599 205
2599 206
2599 207
2599 208
2599 209
2599 210
2599 211
2599 212
2599 213
2599 214
2599 215
2599 216
2599 217
2599 218
2600 216
2600 217
2600 218
2600 219
2600 220
2600 221
2600 222
2600 223
2600 224
2600 225
2600 226
2600 227
2600 228
2600 229
2600 230
2600 231
2601 232
2601 233
2601 234
2601 235
2601 236
2601 237
2601 238
2601 239
2601 240
2601 241
2601 242
2601 243
2602 164
2602 165
2602 166
2603 172
2603 173
2603 174
2603 175
2603 176
2603 177
2603 178
2603 179
2603 180
2603 181
2603 182
2603 183
2603 184
2603 185
2604 185
2604 186
2604 187
2604 188
2604 189
2604 190
2604 191
2604 192
2604 193
2604 194
2604 195
2604 196
2604 197
2604 198
2604 199
2604 200
2605 198
2605 199
2605 200
2605 201
2605 202
2605 203
2605 204
2605 205
2605 206
2605 207
2605 208
2605 209
2605 210
2605 211
2605 212
2605 213
2605 214
2606 212
2606 213
2606 214
2606 215
2606 216
2606 217
2606 218
2606 219
2606 220
2606 221
2606 222
2606 223
2606 224
2606 225
2606 226
2606 227
2606 228
2607 228
2607 229
2607 230
2607 231
2607 232
2607 233
2607 234
2607 235
2607 236
2607 237
2607 238
2607 239
2607 240
2608 247
2608 248
2609 170
2609 171
2609 172
2609 173
2609 174
2609 175
2609 176
2609 177
2609 178
2609 179
2609 180
2609 181
2610 182
2610 183
2610 184
2610 185
2610 186
2610 187
2610 188
2610 189
2610 190
2610 191
2610 192
2610 193
2610 194
2610 195
2610 196
2611 195
2611 196
2611 197
2611 198
2611 199
2611 200
2611 201
2611 202
2611 203
2611 204
2611 205
2611 206
2611 207
2611 208
2611 209
2611 210
2611 211
2612 209
2612 210
2612 211
2612 212
2612 213
2612 214
2612 215
2612 216
2612 217
2612 218
2612 219
2612 220
2612 221
2612 222
2612 223
2612 224
2613 224
2613 225
2613 226
2613 227
2613 228
2613 229
2613 230
2613 231
2613 232
2613 233
2613 234
2613 235
2613 236
2613 237
2614 241
2614 242
2614 243
2614 244
2614 245
2614 246
2614 247
2615 168
2615 169
2615 170
2615 171
2615 172
2615 173
2615 174
2615 175
2615 176
2616 179
2616 180
2616 181
2616 182
2616 183
2616 184
2616 185
2616 186
2616 187
2616 188
2616 189
2616 190
2616 191
2616 192
2617 192
2617 193
2617 194
2617 195
2617 196
2617 197
2617 198
2617 199
2617 200
2617 201
2617 202
2617 203
2617 204
2617 205
2617 206
2617 207
2618 205
2618 206
2618 207
2618 208
2618 209
2618 210
2618 211
2618 212
2618 213
2618 214
2618 215
2618 216
2618 217
2618 218
2618 219
2618 220
2618 221
2619 220
2619 221
2619 222
2619 223
2619 224
2619 225
2619 226
2619 227
2619 228
2619 229
2619 230
2619 231
2619 232
2619 233
2620 236
2620 237
2620 238
2620 239
2620 240
2620 241
2620 242
2620 243
2620 244
2621 167
2621 168
2621 169
2621 170
2622 176
2622 177
2622 178
2622 179
2622 180
2622 181
2622 182
2622 183
2622 184
2622 185
2622 186
2622 187
2622 188
2623 188
2623 189
2623 190
2623 191
2623 192
2623 193
2623 194
2623 195
2623 196
2623 197
2623 198
2623 199
2623 200
2623 201
2623 202
2623 203
2624 202
2624 203
2624 204
2624 205
2624 206
2624 207
2624 208
2624 209
2624 210
2624 211
2624 212
2624 213
2624 214
2624 215
2624 216
2624 217
2625 216
2625 217
2625 218
2625 219
2625 220
2625 221
2625 222
2625 223
2625 224
2625 225
2625 226
2625 227
2625 228
2625 229
2625 230
2626 232
2626 233
2626 234
2626 235
2626 236
2626 237
2626 238
2626 239
2626 240
2626 241
2626 242
2628 174
2628 175
2628 176
2628 177
2628 178
2628 179
2628 180
2628 181
2628 182
2628 183
2628 184
2629 185
2629 186
2629 187
2629 188
2629 189
2629 190
2629 191
2629 192
2629 193
2629 194
2629 195
2629 196
2629 197
2629 198
2629 199
2630 199
2630 200
2630 201
2630 202
2630 203
2630 204
2630 205
2630 206
2630 207
2630 208
2630 209
2630 210
2630 211
2630 212
2630 213
2631 213
2631 214
2631 215
2631 216
2631 217
2631 218
2631 219
2631 220
2631 221
2631 222
2631 223
2631 224
2631 225
2631 226
2631 227
2632 228
2632 229
2632 230
2632 231
2632 232
2632 233
2632 234
2632 235
2632 236
2632 237
2632 238
2632 239
2634 171
2634 172
2634 173
2634 174
2634 175
2634 176
2634 177
2634 178
2634 179
2635 182
2635 183
2635 184
2635 185
2635 186
2635 187
2635 188
2635 189
2635 190
2635 191
2635 192
2635 193
2635 194
2635 195
2636 195
2636 196
2636 197
2636 198
2636 199
2636 200
2636 201
2636 202
2636 203
2636 204
2636 205
2636 206
2636 207
2636 208
2636 209
2636 210
2637 209
2637 210
2637 211
2637 212
2637 213
2637 214
2637 215
2637 216
2637 217
2637 218
2637 219
2637 220
2637 221
2637 222
2637 223
2638 224
2638 225
2638 226
2638 227
2638 228
2638 229
2638 230
2638 231
2638 232
2638 233
2638 234
2638 235
2640 171
2640 172
2640 173
2641 180
2641 181
2641 182
2641 183
2641 184
2641 185
2641 186
2641 187
2641 188
2641 189
2641 190
2641 191
2642 192
2642 193
2642 194
2642 195
2642 196
2642 197
2642 198
2642 199
2642 200
2642 201
2642 202
2642 203
2642 204
2642 205
2642 206
2643 206
2643 207
2643 208
2643 209
2643 210
2643 211
2643 212
2643 213
2643 214
2643 215
2643 216
2643 217
2643 218
2643 219
2643 220
2644 221
2644 222
2644 223
2644 224
2644 225
2644 226
2644 227
2644 228
2644 229
2644 230
2644 231
2644 232
2645 238
2645 239
2645 240
2645 241
2645 242
2647 177
2647 178
2647 179
2647 180
2647 181
2647 182
2647 183
2647 184
2647 185
2647 186
2647 187
2648 189
2648 190
2648 191
2648 192
2648 193
2648 194
2648 195
2648 196
2648 197
2648 198
2648 199
2648 200
2648 201
2648 202
2649 203
2649 204
2649 205
2649 206
2649 207
2649 208
2649 209
2649 210
2649 211
2649 212
2649 213
2649 214
2649 215
2649 216
2650 217
2650 218
2650 219
2650 220
2650 221
2650 222
2650 223
2650 224
2650 225
2650 226
2650 227
2650 228
2650 229
2651 233
2651 234
2651 235
2651 236
2651 237
2651 238
2651 239
2651 240
2653 175
2653 176
2653 177
2653 178
2653 179
2653 180
2653 181
2653 182
2654 186
2654 187
2654 188
2654 189
2654 190
2654 191
2654 192
2654 193
2654 194
2654 195
2654 196
2654 197
2654 198
2655 199
2655 200
2655 201
2655 202
2655 203
2655 204
2655 205
2655 206
2655 207
2655 208
2655 209
2655 210
2655 211
2655 212
2656 214
2656 215
2656 216
2656 217
2656 218
2656 219
2656 220
2656 221
2656 222
2656 223
2656 224
2656 225
2657 229
2657 230
2657 231
2657 232
2657 233
2657 234
2657 235
2657 236
2657 237
2660 184
2660 185
2660 186
2660 187
2660 188
2660 189
2660 190
2660 191
2660 192
2660 193
2660 194
2661 196
2661 197
2661 198
2661 199
2661 200
2661 201
2661 202
2661 203
2661 204
2661 205
2661 206
2661 207
2661 208
2662 210
2662 211
2662 212
2662 213
2662 214
2662 215
2662 216
2662 217
2662 218
2662 219
2662 220
2662 221
2662 222
2663 225
2663 226
2663 227
2663 228
2663 229
2663 230
2663 231
2663 232
2663 233
2663 234
2666 181
2666 182
2666 183
2666 184
2666 185
2666 186
2666 187
2666 188
2666 189
2667 193
2667 194
2667 195
2667 196
2667 197
2667 198
2667 199
2667 200
2667 201
2667 202
2667 203
2667 204
2667 205
2668 207
2668 208
2668 209
2668 210
2668 211
2668 212
2668 213
2668 214
2668 215
2668 216
2668 217
2668 218
2669 222
2669 223
2669 224
2669 225
2669 226
2669 227
2669 228
2669 229
2669 230
2669 231
2672 180
2672 181
2672 182
2672 183
2672 184
2673 190
2673 191
2673 192
2673 193
2673 194
2673 195
2673 196
2673 197
2673 198
2673 199
2673 200
2673 201
2674 204
2674 205
2674 206
2674 207
2674 208
2674 209
2674 210
2674 211
2674 212
2674 213
2674 214
2674 215
2675 218
2675 219
2675 220
2675 221
2675 222
2675 223
2675 224
2675 225
2675 226
2675 227
2679 188
2679 189
2679 190
2679 191
2679 192
2679 193
2679 194
2679 195
2679 196
2680 201
2680 202
2680 203
2680 204
2680 205
2680 206
2680 207
2680 208
2680 209
2680 210
2680 211
2681 215
2681 216
2681 217
2681 218
2681 219
2681 220
2681 221
2681 222
2681 223
2681 224
2682 231
2682 232
2682 233
2682 234
2685 186
2685 187
2685 188
2685 189
2685 190
2685 191
2685 192
2686 198
2686 199
2686 200
2686 201
2686 202
2686 203
2686 204
2686 205
2686 206
2686 207
2687 211
2687 212
2687 213
2687 214
2687 215
2687 216
2687 217
2687 218
2687 219
2687 220
2688 227
2688 228
2688 229
2688 230
2688 231
2688 232
2691 185
2692 195
2692 196
2692 197
2692 198
2692 199
2692 200
2692 201
2692 202
2692 203
2693 208
2693 209
2693 210
2693 211
2693 212
2693 213
2693 214
2693 215
2693 216
2693 217
2694 224
2694 225
2694 226
2694 227
2694 228
2694 229
2698 193
2698 194
2698 195
2698 196
2698 197
2698 198
2699 205
2699 206
2699 207
2699 208
2699 209
2699 210
2699 211
2699 212
2699 213
2700 220
2700 221
2700 222
2700 223
2700 224
2700 225
2704 191
2704 192
2704 193
2705 202
2705 203
2705 204
2705 205
2705 206
2705 207
2705 208
2705 209
2706 217
2706 218
2706 219
2706 220
2706 221
2706 222
2711 200
2711 201
2711 202
2711 203
2711 204
2712 214
2712 215
2712 216
2712 217
2712 218
2718 211
2718 212
2718 213
3341 202
3341 203
3347 198
3347 199
3347 200
3348 211
3348 212
3348 213
3348 214
3348 215
3353 195
3353 196
3353 197
3354 207
3354 208
3354 209
3354 210
3354 211
3354 212
3359 192
3359 193
3359 194
3360 203
3360 204
3360 205
3360 206
3360 207
3360 208
3360 209
3361 218
3361 219
3361 220
3361 221
3361 222
3366 199
3366 200
3366 201
3366 202
3366 203
3366 204
3366 205
3366 206
3367 213
3367 214
3367 215
3367 216
3367 217
3367 218
3367 219
3367 220
3372 196
3372 197
3372 198
3372 199
3372 200
3372 201
3372 202
3372 203
3373 209
3373 210
3373 211
3373 212
3373 213
3373 214
3373 215
3373 216
3373 217
3374 225
3374 226
3374 227
3374 228
3378 192
3378 193
3378 194
3378 195
3378 196
3378 197
3378 198
3378 199
3379 205
3379 206
3379 207
3379 208
3379 209
3379 210
3379 211
3379 212
3379 213
3379 214
3380 220
3380 221
3380 222
3380 223
3380 224
3380 225
3380 226
3384 189
3384 190
3384 191
3384 192
3384 193
3384 194
3384 195
3384 196
3385 201
3385 202
3385 203
3385 204
3385 205
3385 206
3385 207
3385 208
3385 209
3385 210
3385 211
3386 216
3386 217
3386 218
3386 219
3386 220
3386 221
3386 222
3386 223
3386 224
3390 186
3390 187
3390 188
3390 189
3390 190
3390 191
3390 192
3391 198
3391 199
3391 200
3391 201
3391 202
3391 203
3391 204
3391 205
3391 206
3391 207
3392 212
3392 213
3392 214
3392 215
3392 216
3392 217
3392 218
3392 219
3392 220
3392 221
3393 227
3393 228
3393 229
3393 230
3393 231
3393 232
3393 233
3396 184
3396 185
3396 186
3396 187
3396 188
3397 194
3397 195
3397 196
3397 197
3397 198
3397 199
3397 200
3397 201
3397 202
3397 203
3397 204
3398 208
3398 209
3398 210
3398 211
3398 212
3398 213
3398 214
3398 215
3398 216
3398 217
3398 218
3399 223
3399 224
3399 225
3399 226
3399 227
3399 228
3399 229
3399 230
3402 182
3402 183
3403 191
3403 192
3403 193
3403 194
3403 195
3403 196
3403 197
3403 198
3403 199
3403 200
3404 204
3404 205
3404 206
3404 207
3404 208
3404 209
3404 210
3404 211
3404 212
3404 213
3404 214
3404 215
3405 218
3405 219
3405 220
3405 221
3405 222
3405 223
3405 224
3405 225
3405 226
3405 227
3405 228
3406 236
3406 237
3406 238
3409 188
3409 189
3409 190
3409 191
3409 192
3409 193
3409 194
3409 195
3409 196
3409 197
3410 200
3410 201
3410 202
3410 203
3410 204
3410 205
3410 206
3410 207
3410 208
3410 209
3410 210
3410 211
3410 212
3411 214
3411 215
3411 216
3411 217
3411 218
3411 219
3411 220
3411 221
3411 222
3411 223
3411 224
3411 225
3412 230
3412 231
3412 232
3412 233
3412 234
3412 235
3412 236
3412 237
3415 185
3415 186
3415 187
3415 188
3415 189
3415 190
3415 191
3415 192
3415 193
3416 197
3416 198
3416 199
3416 200
3416 201
3416 202
3416 203
3416 204
3416 205
3416 206
3416 207
3416 208
3417 210
3417 211
3417 212
3417 213
3417 214
3417 215
3417 216
3417 217
3417 218
3417 219
3417 220
3417 221
3417 222
3418 225
3418 226
3418 227
3418 228
3418 229
3418 230
3418 231
3418 232
3418 233
3418 234
3421 182
3421 183
3421 184
3421 185
3421 186
3421 187
3421 188
3421 189
3422 193
3422 194
3422 195
3422 196
3422 197
3422 198
3422 199
3422 200
3422 201
3422 202
3422 203
3422 204
3422 205
3423 207
3423 208
3423 209
3423 210
3423 211
3423 212
3423 213
3423 214
3423 215
3423 216
3423 217
3423 218
3423 219
3424 221
3424 222
3424 223
3424 224
3424 225
3424 226
3424 227
3424 228
3424 229
3424 230
3424 231
3424 232
3425 239
3425 240
3425 241
3425 242
3427 179
3427 180
3427 181
3427 182
3427 183
3427 184
3427 185
3428 190
3428 191
3428 192
3428 193
3428 194
3428 195
3428 196
3428 197
3428 198
3428 199
3428 200
3428 201
3429 203
3429 204
3429 205
3429 206
3429 207
3429 208
3429 209
3429 210
3429 211
3429 212
3429 213
3429 214
3429 215
3430 217
3430 218
3430 219
3430 220
3430 221
3430 222
3430 223
3430 224
3430 225
3430 226
3430 227
3430 228
3430 229
3431 233
3431 234
3431 235
3431 236
3431 237
3431 238
3431 239
3431 240
3433 178
3433 179
3433 180
3434 187
3434 188
3434 189
3434 190
3434 191
3434 192
3434 193
3434 194
3434 195
3434 196
3434 197
3435 199
3435 200
3435 201
3435 202
3435 203
3435 204
3435 205
3435 206
3435 207
3435 208
3435 209
3435 210
3435 211
3435 212
3436 213
3436 214
3436 215
3436 216
3436 217
3436 218
3436 219
3436 220
3436 221
3436 222
3436 223
3436 224
3436 225
3436 226
3437 229
3437 230
3437 231
3437 232
3437 233
3437 234
3437 235
3437 236
3437 237
3437 238
3440 184
3440 185
3440 186
3440 187
3440 188
3440 189
3440 190
3440 191
3440 192
3440 193
3440 194
3441 196
3441 197
3441 198
3441 199
3441 200
3441 201
3441 202
3441 203
3441 204
3441 205
3441 206
3441 207
3441 208
3441 209
3442 210
3442 211
3442 212
3442 213
3442 214
3442 215
3442 216
3442 217
3442 218
3442 219
3442 220
3442 221
3442 222
3442 223
3443 224
3443 225
3443 226
3443 227
3443 228
3443 229
3443 230
3443 231
3443 232
3443 233
3443 234
3443 235
3444 242
3444 243
3444 244
3444 245
3444 246
3446 181
3446 182
3446 183
3446 184
3446 185
3446 186
3446 187
3446 188
3446 189
3446 190
3447 193
3447 194
3447 195
3447 196
3447 197
3447 198
3447 199
3447 200
3447 201
3447 202
3447 203
3447 204
3447 205
3448 206
3448 207
3448 208
3448 209
3448 210
3448 211
3448 212
3448 213
3448 214
3448 215
3448 216
3448 217
3448 218
3448 219
3449 220
3449 221
3449 222
3449 223
3449 224
3449 225
3449 226
3449 227
3449 228
3449 229
3449 230
3449 231
3449 232
3450 236
3450 237
3450 238
3450 239
3450 240
3450 241
3450 242
3450 243
3450 244
3452 178
3452 179
3452 180
3452 181
3452 182
3452 183
3452 184
3452 185
3452 186
3453 189
3453 190
3453 191
3453 192
3453 193
3453 194
3453 195
3453 196
3453 197
3453 198
3453 199
3453 200
3453 201
3453 202
3454 202
3454 203
3454 204
3454 205
3454 206
3454 207
3454 208
3454 209
3454 210
3454 211
3454 212
3454 213
3454 214
3454 215
3454 216
3455 216
3455 217
3455 218
3455 219
3455 220
3455 221
3455 222
3455 223
3455 224
3455 225
3455 226
3455 227
3455 228
3455 229
3456 232
3456 233
3456 234
3456 235
3456 236
3456 237
3456 238
3456 239
3456 240
3456 241
3456 242
3458 176
3458 177
3458 178
3458 179
3458 180
3458 181
3459 186
3459 187
3459 188
3459 189
3459 190
3459 191
3459 192
3459 193
3459 194
3459 195
3459 196
3459 197
3459 198
3460 199
3460 200
3460 201
3460 202
3460 203
3460 204
3460 205
3460 206
3460 207
3460 208
3460 209
3460 210
3460 211
3460 212
3460 213
3461 212
3461 213
3461 214
3461 215
3461 216
3461 217
3461 218
3461 219
3461 220
3461 221
3461 222
3461 223
3461 224
3461 225
3461 226
3462 227
3462 228
3462 229
3462 230
3462 231
3462 232
3462 233
3462 234
3462 235
3462 236
3462 237
3462 238
3462 239
3463 245
3463 246
3463 247
3463 248
3463 249
3464 175
3465 183
3465 184
3465 185
3465 186
3465 187
3465 188
3465 189
3465 190
3465 191
3465 192
3465 193
3465 194
3466 195
3466 196
3466 197
3466 198
3466 199
3466 200
3466 201
3466 202
3466 203
3466 204
3466 205
3466 206
3466 207
3466 208
3466 209
3467 209
3467 210
3467 211
3467 212
3467 213
3467 214
3467 215
3467 216
3467 217
3467 218
3467 219
3467 220
3467 221
3467 222
3467 223
3468 223
3468 224
3468 225
3468 226
3468 227
3468 228
3468 229
3468 230
3468 231
3468 232
3468 233
3468 234
3468 235
3468 236
3469 240
3469 241
3469 242
3469 243
3469 244
3469 245
3469 246
3469 247
3469 248
3471 180
3471 181
3471 182
3471 183
3471 184
3471 185
3471 186
3471 187
3471 188
3471 189
3471 190
3472 192
3472 193
3472 194
3472 195
3472 196
3472 197
3472 198
3472 199
3472 200
3472 201
3472 202
3472 203
3472 204
3472 205
3473 205
3473 206
3473 207
3473 208
3473 209
3473 210
3473 211
3473 212
3473 213
3473 214
3473 215
3473 216
3473 217
3473 218
3473 219
3473 220
3474 219
3474 220
3474 221
3474 222
3474 223
3474 224
3474 225
3474 226
3474 227
3474 228
3474 229
3474 230
3474 231
3474 232
3474 233
3475 235
3475 236
3475 237
3475 238
3475 239
3475 240
3475 241
3475 242
3475 243
3475 244
3475 245
3477 177
3477 178
3477 179
3477 180
3477 181
3477 182
3477 183
3477 184
3477 185
3477 186
3478 189
3478 190
3478 191
3478 192
3478 193
3478 194
3478 195
3478 196
3478 197
3478 198
3478 199
3478 200
3478 201
3478 202
3479 202
3479 203
3479 204
3479 205
3479 206
3479 207
3479 208
3479 209
3479 210
3479 211
3479 212
3479 213
3479 214
3479 215
3479 216
3480 216
3480 217
3480 218
3480 219
3480 220
3480 221
3480 222
3480 223
3480 224
3480 225
3480 226
3480 227
3480 228
3480 229
3480 230
3481 231
3481 232
3481 233
3481 234
3481 235
3481 236
3481 237
3481 238
3481 239
3481 240
3481 241
3481 242
3481 243
3482 249
3482 250
3482 251
3482 252
3482 253
3483 175
3483 176
3483 177
3483 178
3483 179
3483 180
3483 181
3483 182
3484 186
3484 187
3484 188
3484 189
3484 190
3484 191
3484 192
3484 193
3484 194
3484 195
3484 196
3484 197
3484 198
3485 198
3485 199
3485 200
3485 201
3485 202
3485 203
3485 204
3485 205
3485 206
3485 207
3485 208
3485 209
3485 210
3485 211
3485 212
3485 213
3486 212
3486 213
3486 214
3486 215
3486 216
3486 217
3486 218
3486 219
3486 220
3486 221
3486 222
3486 223
3486 224
3486 225
3486 226
3486 227
3487 227
3487 228
3487 229
3487 230
3487 231
3487 232
3487 233
3487 234
3487 235
3487 236
3487 237
3487 238
3487 239
3487 240
3488 243
3488 244
3488 245
3488 246
3488 247
3488 248
3488 249
3488 250
3488 251
3489 173
3489 174
3489 175
3489 176
3489 177
3490 182
3490 183
3490 184
3490 185
3490 186
3490 187
3490 188
3490 189
3490 190
3490 191
3490 192
3490 193
3490 194
3491 195
3491 196
3491 197
3491 198
3491 199
3491 200
3491 201
3491 202
3491 203
3491 204
3491 205
3491 206
3491 207
3491 208
3491 209
3492 208
3492 209
3492 210
3492 211
3492 212
3492 213
3492 214
3492 215
3492 216
3492 217
3492 218
3492 219
3492 220
3492 221
3492 222
3492 223
3493 223
3493 224
3493 225
3493 226
3493 227
3493 228
3493 229
3493 230
3493 231
3493 232
3493 233
3493 234
3493 235
3493 236
3493 237
3494 239
3494 240
3494 241
3494 242
3494 243
3494 244
3494 245
3494 246
3494 247
3494 248
3494 249
3496 180
3496 181
3496 182
3496 183
3496 184
3496 185
3496 186
3496 187
3496 188
3496 189
3496 190
3497 191
3497 192
3497 193
3497 194
3497 195
3497 196
3497 197
3497 198
3497 199
3497 200
3497 201
3497 202
3497 203
3497 204
3497 205
3497 206
3498 205
3498 206
3498 207
3498 208
3498 209
3498 210
3498 211
3498 212
3498 213
3498 214
3498 215
3498 216
3498 217
3498 218
3498 219
3498 220
3499 219
3499 220
3499 221
3499 222
3499 223
3499 224
3499 225
3499 226
3499 227
3499 228
3499 229
3499 230
3499 231
3499 232
3499 233
3500 234
3500 235
3500 236
3500 237
3500 238
3500 239
3500 240
3500 241
3500 242
3500 243
3500 244
3500 245
3500 246
3501 253
3501 254
3501 255
3501 256
3502 177
3502 178
3502 179
3502 180
3502 181
3502 182
3502 183
3502 184
3502 185
3502 186
3503 188
3503 189
3503 190
3503 191
3503 192
3503 193
3503 194
3503 195
3503 196
3503 197
3503 198
3503 199
3503 200
3503 201
3503 202
3504 201
3504 202
3504 203
3504 204
3504 205
3504 206
3504 207
3504 208
3504 209
3504 210
3504 211
3504 212
3504 213
3504 214
3504 215
3504 216
3505 215
3505 216
3505 217
3505 218
3505 219
3505 220
3505 221
3505 222
3505 223
3505 224
3505 225
3505 226
3505 227
3505 228
3505 229
3505 230
3506 230
3506 231
3506 232
3506 233
3506 234
3506 235
3506 236
3506 237
3506 238
3506 239
3506 240
3506 241
3506 242
3506 243
3507 247
3507 248
3507 249
3507 250
3507 251
3507 252
3507 253
3507 254
3508 174
3508 175
3508 176
3508 177
3508 178
3508 179
3508 180
3508 181
3508 182
3509 185
3509 186
3509 187
3509 188
3509 189
3509 190
3509 191
3509 192
3509 193
3509 194
3509 195
3509 196
3509 197
3509 198
3510 198
3510 199
3510 200
3510 201
3510 202
3510 203
3510 204
3510 205
3510 206
3510 207
3510 208
3510 209
3510 210
3510 211
3510 212
3510 213
3511 211
3511 212
3511 213
3511 214
3511 215
3511 216
3511 217
3511 218
3511 219
3511 220
3511 221
3511 222
3511 223
3511 224
3511 225
3511 226
3511 227
3512 226
3512 227
3512 228
3512 229
3512 230
3512 231
3512 232
3512 233
3512 234
3512 235
3512 236
3512 237
3512 238
3512 239
3512 240
3513 242
3513 243
3513 244
3513 245
3513 246
3513 247
3513 248
3513 249
3513 250
3513 251
3513 252
3514 172
3514 173
3514 174
3514 175
3514 176
3514 177
3515 182
3515 183
3515 184
3515 185
3515 186
3515 187
3515 188
3515 189
3515 190
3515 191
3515 192
3515 193
3515 194
3516 194
3516 195
3516 196
3516 197
3516 198
3516 199
3516 200
3516 201
3516 202
3516 203
3516 204
3516 205
3516 206
3516 207
3516 208
3516 209
3517 208
3517 209
3517 210
3517 211
3517 212
3517 213
3517 214
3517 215
3517 216
3517 217
3517 218
3517 219
3517 220
3517 221
3517 222
3517 223
3517 224
3518 222
3518 223
3518 224
3518 225
3518 226
3518 227
3518 228
3518 229
3518 230
3518 231
3518 232
3518 233
3518 234
3518 235
3518 236
3518 237
3519 238
3519 239
3519 240
3519 241
3519 242
3519 243
3519 244
3519 245
3519 246
3519 247
3519 248
3519 249
3520 257
3520 258
3521 179
3521 180
3521 181
3521 182
3521 183
3521 184
3521 185
3521 186
3521 187
3521 188
3521 189
3521 190
3522 191
3522 192
3522 193
3522 194
3522 195
3522 196
3522 197
3522 198
3522 199
3522 200
3522 201
3522 202
3522 203
3522 204
3522 205
3522 206
3523 204
3523 205
3523 206
3523 207
3523 208
3523 209
3523 210
3523 211
3523 212
3523 213
3523 214
3523 215
3523 216
3523 217
3523 218
3523 219
3523 220
3524 218
3524 219
3524 220
3524 221
3524 222
3524 223
3524 224
3524 225
3524 226
3524 227
3524 228
3524 229
3524 230
3524 231
3524 232
3524 233
3524 234
3525 233
3525 234
3525 235
3525 236
3525 237
3525 238
3525 239
3525 240
3525 241
3525 242
3525 243
3525 244
3525 245
3525 246
3525 247
3526 251
3526 252
3526 253
3526 254
3526 255
3526 256
3526 257
3526 258
3527 176
3527 177
3527 178
3527 179
3527 180
3527 181
3527 182
3527 183
3527 184
3527 185
3527 186
3528 188
3528 189
3528 190
3528 191
3528 192
3528 193
3528 194
3528 195
3528 196
3528 197
3528 198
3528 199
3528 200
3528 201
3528 202
3529 201
3529 202
3529 203
3529 204
3529 205
3529 206
3529 207
3529 208
3529 209
3529 210
3529 211
3529 212
3529 213
3529 214
3529 215
3529 216
3529 217
3530 214
3530 215
3530 216
3530 217
3530 218
3530 219
3530 220
3530 221
3530 222
3530 223
3530 224
3530 225
3530 226
3530 227
3530 228
3530 229
3530 230
3531 229
3531 230
3531 231
3531 232
3531 233
3531 234
3531 235
3531 236
3531 237
3531 238
3531 239
3531 240
3531 241
3531 242
3531 243
3531 244
3532 246
3532 247
3532 248
3532 249
3532 250
3532 251
3532 252
3532 253
3532 254
3532 255
3533 174
3533 175
3533 176
3533 177
3533 178
3533 179
3533 180
3533 181
3533 182
3534 185
3534 186
3534 187
3534 188
3534 189
3534 190
3534 191
3534 192
3534 193
3534 194
3534 195
3534 196
3534 197
3534 198
3535 197
3535 198
3535 199
3535 200
3535 201
3535 202
3535 203
3535 204
3535 205
3535 206
3535 207
3535 208
3535 209
3535 210
3535 211
3535 212
3535 213
3536 211
3536 212
3536 213
3536 214
3536 215
3536 216
3536 217
3536 218
3536 219
3536 220
3536 221
3536 222
3536 223
3536 224
3536 225
3536 226
3536 227
3537 225
3537 226
3537 227
3537 228
3537 229
3537 230
3537 231
3537 232
3537 233
3537 234
3537 235
3537 236
3537 237
3537 238
3537 239
3537 240
3538 241
3538 242
3538 243
3538 244
3538 245
3538 246
3538 247
3538 248
3538 249
3538 250
3538 251
3538 252
3538 253
3539 172
3539 173
3539 174
3539 175
3539 176
3539 177
3540 182
3540 183
3540 184
3540 185
3540 186
3540 187
3540 188
3540 189
3540 190
3540 191
3540 192
3540 193
3540 194
3541 194
3541 195
3541 196
3541 197
3541 198
3541 199
3541 200
3541 201
3541 202
3541 203
3541 204
3541 205
3541 206
3541 207
3541 208
3541 209
3542 207
3542 208
3542 209
3542 210
3542 211
3542 212
3542 213
3542 214
3542 215
3542 216
3542 217
3542 218
3542 219
3542 220
3542 221
3542 222
3542 223
3542 224
3543 221
3543 222
3543 223
3543 224
3543 225
3543 226
3543 227
3543 228
3543 229
3543 230
3543 231
3543 232
3543 233
3543 234
3543 235
3543 236
3543 237
3544 237
3544 238
3544 239
3544 240
3544 241
3544 242
3544 243
3544 244
3544 245
3544 246
3544 247
3544 248
3544 249
3544 250
3545 254
3545 255
3545 256
3545 257
3545 258
3545 259
3545 260
3545 261
3546 179
3546 180
3546 181
3546 182
3546 183
3546 184
3546 185
3546 186
3546 187
3546 188
3546 189
3546 190
3547 191
3547 192
3547 193
3547 194
3547 195
3547 196
3547 197
3547 198
3547 199
3547 200
3547 201
3547 202
3547 203
3547 204
3547 205
3547 206
3548 204
3548 205
3548 206
3548 207
3548 208
3548 209
3548 210
3548 211
3548 212
3548 213
3548 214
3548 215
3548 216
3548 217
3548 218
3548 219
3548 220
3549 218
3549 219
3549 220
3549 221
3549 222
3549 223
3549 224
3549 225
3549 226
3549 227
3549 228
3549 229
3549 230
3549 231
3549 232
3549 233
3549 234
3550 233
3550 234
3550 235
3550 236
3550 237
3550 238
3550 239
3550 240
3550 241
3550 242
3550 243
3550 244
3550 245
3550 246
3550 247
3551 249
3551 250
3551 251
3551 252
3551 253
3551 254
3551 255
3551 256
3551 257
3551 258
3551 259
3552 176
3552 177
3552 178
3552 179
3552 180
3552 181
3552 182
3552 183
3552 184
3552 185
3552 186
3553 187
3553 188
3553 189
3553 190
3553 191
3553 192
3553 193
3553 194
3553 195
3553 196
3553 197
3553 198
3553 199
3553 200
3553 201
3553 202
3554 200
3554 201
3554 202
3554 203
3554 204
3554 205
3554 206
3554 207
3554 208
3554 209
3554 210
3554 211
3554 212
3554 213
3554 214
3554 215
3554 216
3554 217
3555 214
3555 215
3555 216
3555 217
3555 218
3555 219
3555 220
3555 221
3555 222
3555 223
3555 224
3555 225
3555 226
3555 227
3555 228
3555 229
3555 230
3555 231
3556 229
3556 230
3556 231
3556 232
3556 233
3556 234
3556 235
3556 236
3556 237
3556 238
3556 239
3556 240
3556 241
3556 242
3556 243
3556 244
3557 245
3557 246
3557 247
3557 248
3557 249
3557 250
3557 251
3557 252
3557 253
3557 254
3557 255
3557 256
3558 174
3558 175
3558 176
3558 177
3558 178
3558 179
3558 180
3558 181
3558 182
3559 184
3559 185
3559 186
3559 187
3559 188
3559 189
3559 190
3559 191
3559 192
3559 193
3559 194
3559 195
3559 196
3559 197
3559 198
3560 197
3560 198
3560 199
3560 200
3560 201
3560 202
3560 203
3560 204
3560 205
3560 206
3560 207
3560 208
3560 209
3560 210
3560 211
3560 212
3560 213
3561 210
3561 211
3561 212
3561 213
3561 214
3561 215
3561 216
3561 217
3561 218
3561 219
3561 220
3561 221
3561 222
3561 223
3561 224
3561 225
3561 226
3561 227
3562 225
3562 226
3562 227
3562 228
3562 229
3562 230
3562 231
3562 232
3562 233
3562 234
3562 235
3562 236
3562 237
3562 238
3562 239
3562 240
3562 241
3563 240
3563 241
3563 242
3563 243
3563 244
3563 245
3563 246
3563 247
3563 248
3563 249
3563 250
3563 251
3563 252
3563 253
3564 172
3564 173
3564 174
3564 175
3564 176
3564 177
3564 258
3564 259
3564 260
3564 261
3564 262
3564 263
3564 264
3565 181
3565 182
3565 183
3565 184
3565 185
3565 186
3565 187
3565 188
3565 189
3565 190
3565 191
3565 192
3565 193
3565 194
3566 193
3566 194
3566 195
3566 196
3566 197
3566 198
3566 199
3566 200
3566 201
3566 202
3566 203
3566 204
3566 205
3566 206
3566 207
3566 208
3566 209
3567 207
3567 208
3567 209
3567 210
3567 211
3567 212
3567 213
3567 214
3567 215
3567 216
3567 217
3567 218
3567 219
3567 220
3567 221
3567 222
3567 223
3567 224
3568 221
3568 222
3568 223
3568 224
3568 225
3568 226
3568 227
3568 228
3568 229
3568 230
3568 231
3568 232
3568 233
3568 234
3568 235
3568 236
3568 237
3569 236
3569 237
3569 238
3569 239
3569 240
3569 241
3569 242
3569 243
3569 244
3569 245
3569 246
3569 247
3569 248
3569 249
3569 250
3570 253
3570 254
3570 255
3570 256
3570 257
3570 258
3570 259
3570 260
3570 261
3570 262
3571 178
3571 179
3571 180
3571 181
3571 182
3571 183
3571 184
3571 185
3571 186
3571 187
3571 188
3571 189
3571 190
3572 190
3572 191
3572 192
3572 193
3572 194
3572 195
3572 196
3572 197
3572 198
3572 199
3572 200
3572 201
3572 202
3572 203
3572 204
3572 205
3572 206
3573 203
3573 204
3573 205
3573 206
3573 207
3573 208
3573 209
3573 210
3573 211
3573 212
3573 213
3573 214
3573 215
3573 216
3573 217
3573 218
3573 219
3573 220
3574 217
3574 218
3574 219
3574 220
3574 221
3574 222
3574 223
3574 224
3574 225
3574 226
3574 227
3574 228
3574 229
3574 230
3574 231
3574 232
3574 233
3574 234
3575 232
3575 233
3575 234
3575 235
3575 236
3575 237
3575 238
3575 239
3575 240
3575 241
3575 242
3575 243
3575 244
3575 245
3575 246
3575 247
3576 248
3576 249
3576 250
3576 251
3576 252
3576 253
3576 254
3576 255
3576 256
3576 257
3576 258
3576 259
3577 176
3577 177
3577 178
3577 179
3577 180
3577 181
3577 182
3577 183
3577 184
3577 185
3577 186
3578 187
3578 188
3578 189
3578 190
3578 191
3578 192
3578 193
3578 194
3578 195
3578 196
3578 197
3578 198
3578 199
3578 200
3578 201
3578 202
3579 200
3579 201
3579 202
3579 203
3579 204
3579 205
3579 206
3579 207
3579 208
3579 209
3579 210
3579 211
3579 212
3579 213
3579 214
3579 215
3579 216
3579 217
3580 214
3580 215
3580 216
3580 217
3580 218
3580 219
3580 220
3580 221
3580 222
3580 223
3580 224
3580 225
3580 226
3580 227
3580 228
3580 229
3580 230
3580 231
3581 228
3581 229
3581 230
3581 231
3581 232
3581 233
3581 234
3581 235
3581 236
3581 237
3581 238
3581 239
3581 240
3581 241
3581 242
3581 243
3581 244
3582 244
3582 245
3582 246
3582 247
3582 248
3582 249
3582 250
3582 251
3582 252
3582 253
3582 254
3582 255
3582 256
3582 257
3583 173
3583 174
3583 175
3583 176
3583 177
3583 178
3583 179
3583 180
3583 181
3583 182
3583 263
3583 264
3583 265
3583 266
3584 184
3584 185
3584 186
3584 187
3584 188
3584 189
3584 190
3584 191
3584 192
3584 193
3584 194
3584 195
3584 196
3584 197
3584 198
3585 196
3585 197
3585 198
3585 199
3585 200
3585 201
3585 202
3585 203
3585 204
3585 205
3585 206
3585 207
3585 208
3585 209
3585 210
3585 211
3585 212
3585 213
3586 210
3586 211
3586 212
3586 213
3586 214
3586 215
3586 216
3586 217
3586 218
3586 219
3586 220
3586 221
3586 222
3586 223
3586 224
3586 225
3586 226
3586 227
3587 224
3587 225
3587 226
3587 227
3587 228
3587 229
3587 230
3587 231
3587 232
3587 233
3587 234
3587 235
3587 236
3587 237
3587 238
3587 239
3587 240
3587 241
3588 240
3588 241
3588 242
3588 243
3588 244
3588 245
3588 246
3588 247
3588 248
3588 249
3588 250
3588 251
3588 252
3588 253
3588 254
3589 172
3589 173
3589 174
3589 175
3589 176
3589 177
3589 257
3589 258
3589 259
3589 260
3589 261
3589 262
3589 263
3589 264
3589 265
3590 181
3590 182
3590 183
3590 184
3590 185
3590 186
3590 187
3590 188
3590 189
3590 190
3590 191
3590 192
3590 193
3590 194
3591 193
3591 194
3591 195
3591 196
3591 197
3591 198
3591 199
3591 200
3591 201
3591 202
3591 203
3591 204
3591 205
3591 206
3591 207
3591 208
3591 209
3592 206
3592 207
3592 208
3592 209
3592 210
3592 211
3592 212
3592 213
3592 214
3592 215
3592 216
3592 217
3592 218
3592 219
3592 220
3592 221
3592 222
3592 223
3592 224
3593 221
3593 222
3593 223
3593 224
3593 225
3593 226
3593 227
3593 228
3593 229
3593 230
3593 231
3593 232
3593 233
3593 234
3593 235
3593 236
3593 237
3594 236
3594 237
3594 238
3594 239
3594 240
3594 241
3594 242
3594 243
3594 244
3594 245
3594 246
3594 247
3594 248
3594 249
3594 250
3594 251
3595 252
3595 253
3595 254
3595 255
3595 256
3595 257
3595 258
3595 259
3595 260
3595 261
3595 262
3595 263
3596 178
3596 179
3596 180
3596 181
3596 182
3596 183
3596 184
3596 185
3596 186
3596 187
3596 188
3596 189
3596 190
3597 190
3597 191
3597 192
3597 193
3597 194
3597 195
3597 196
3597 197
3597 198
3597 199
3597 200
3597 201
3597 202
3597 203
3597 204
3597 205
3597 206
3598 203
3598 204
3598 205
3598 206
3598 207
3598 208
3598 209
3598 210
3598 211
3598 212
3598 213
3598 214
3598 215
3598 216
3598 217
3598 218
3598 219
3598 220
3599 217
3599 218
3599 219
3599 220
3599 221
3599 222
3599 223
3599 224
3599 225
3599 226
3599 227
3599 228
3599 229
3599 230
3599 231
3599 232
3599 233
3599 234
3600 232
3600 233
3600 234
3600 235
3600 236
3600 237
3600 238
3600 239
3600 240
3600 241
3600 242
3600 243
3600 244
3600 245
3600 246
3600 247
3601 247
3601 248
3601 249
3601 250
3601 251
3601 252
3601 253
3601 254
3601 255
3601 256
3601 257
3601 258
3601 259
3601 260
3602 176
3602 177
3602 178
3602 179
3602 180
3602 181
3602 182
3602 183
3602 184
3602 185
3602 186
3602 268
3602 269
3603 187
3603 188
3603 189
3603 190
3603 191
3603 192
3603 193
3603 194
3603 195
3603 196
3603 197
3603 198
3603 199
3603 200
3603 201
3603 202
3604 200
3604 201
3604 202
3604 203
3604 204
3604 205
3604 206
3604 207
3604 208
3604 209
3604 210
3604 211
3604 212
3604 213
3604 214
3604 215
3604 216
3604 217
3605 213
3605 214
3605 215
3605 216
3605 217
3605 218
3605 219
3605 220
3605 221
3605 222
3605 223
3605 224
3605 225
3605 226
3605 227
3605 228
3605 229
3605 230
3605 231
3606 228
3606 229
3606 230
3606 231
3606 232
3606 233
3606 234
3606 235
3606 236
3606 237
3606 238
3606 239
3606 240
3606 241
3606 242
3606 243
3606 244
3607 243
3607 244
3607 245
3607 246
3607 247
3607 248
3607 249
3607 250
3607 251
3607 252
3607 253
3607 254
3607 255
3607 256
3607 257
3608 173
3608 174
3608 175
3608 176
3608 177
3608 178
3608 179
3608 180
3608 181
3608 261
3608 262
3608 263
3608 264
3608 265
3608 266
3608 267
3608 268
3609 184
3609 185
3609 186
3609 187
3609 188
3609 189
3609 190
3609 191
3609 192
3609 193
3609 194
3609 195
3609 196
3609 197
3609 198
3610 196
3610 197
3610 198
3610 199
3610 200
3610 201
3610 202
3610 203
3610 204
3610 205
3610 206
3610 207
3610 208
3610 209
3610 210
3610 211
3610 212
3610 213
3611 210
3611 211
3611 212
3611 213
3611 214
3611 215
3611 216
3611 217
3611 218
3611 219
3611 220
3611 221
3611 222
3611 223
3611 224
3611 225
3611 226
3611 227
3612 224
3612 225
3612 226
3612 227
3612 228
3612 229
3612 230
3612 231
3612 232
3612 233
3612 234
3612 235
3612 236
3612 237
3612 238
3612 239
3612 240
3612 241
3613 239
3613 240
3613 241
3613 242
3613 243
3613 244
3613 245
3613 246
3613 247
3613 248
3613 249
3613 250
3613 251
3613 252
3613 253
3613 254
3614 172
3614 173
3614 174
3614 175
3614 176
3614 256
3614 257
3614 258
3614 259
3614 260
3614 261
3614 262
3614 263
3614 264
3614 265
3614 266
3615 181
3615 182
3615 183
3615 184
3615 185
3615 186
3615 187
3615 188
3615 189
3615 190
3615 191
3615 192
3615 193
3615 194
3616 193
3616 194
3616 195
3616 196
3616 197
3616 198
3616 199
3616 200
3616 201
3616 202
3616 203
3616 204
3616 205
3616 206
3616 207
3616 208
3616 209
3617 206
3617 207
3617 208
3617 209
3617 210
3617 211
3617 212
3617 213
3617 214
3617 215
3617 216
3617 217
3617 218
3617 219
3617 220
3617 221
3617 222
3617 223
3617 224
3618 220
3618 221
3618 222
3618 223
3618 224
3618 225
3618 226
3618 227
3618 228
3618 229
3618 230
3618 231
3618 232
3618 233
3618 234
3618 235
3618 236
3618 237
3619 235
3619 236
3619 237
3619 238
3619 239
3619 240
3619 241
3619 242
3619 243
3619 244
3619 245
3619 246
3619 247
3619 248
3619 249
3619 250
3619 251
3620 251
3620 252
3620 253
3620 254
3620 255
3620 256
3620 257
3620 258
3620 259
3620 260
3620 261
3620 262
3620 263
3621 178
3621 179
3621 180
3621 181
3621 182
3621 183
3621 184
3621 185
3621 186
3621 187
3621 188
3621 189
3621 190
3622 190
3622 191
3622 192
3622 193
3622 194
3622 195
3622 196
3622 197
3622 198
3622 199
3622 200
3622 201
3622 202
3622 203
3622 204
3622 205
3623 203
3623 204
3623 205
3623 206
3623 207
3623 208
3623 209
3623 210
3623 211
3623 212
3623 213
3623 214
3623 215
3623 216
3623 217
3623 218
3623 219
3623 220
3624 217
3624 218
3624 219
3624 220
3624 221
3624 222
3624 223
3624 224
3624 225
3624 226
3624 227
3624 228
3624 229
3624 230
3624 231
3624 232
3624 233
3624 234
3625 231
3625 232
3625 233
3625 234
3625 235
3625 236
3625 237
3625 238
3625 239
3625 240
3625 241
3625 242
3625 243
3625 244
3625 245
3625 246
3625 247
3625 248
3626 247
3626 248
3626 249
3626 250
3626 251
3626 252
3626 253
3626 254
3626 255
3626 256
3626 257
3626 258
3626 259
3626 260
3627 176
3627 177
3627 178
3627 179
3627 180
3627 181
3627 182
3627 183
3627 184
3627 185
3627 186
3627 265
3627 266
3627 267
3627 268
3627 269
3627 270
3627 271
3628 187
3628 188
3628 189
3628 190
3628 191
3628 192
3628 193
3628 194
3628 195
3628 196
3628 197
3628 198
3628 199
3628 200
3628 201
3628 202
3629 199
3629 200
3629 201
3629 202
3629 203
3629 204
3629 205
3629 206
3629 207
3629 208
3629 209
3629 210
3629 211
3629 212
3629 213
3629 214
3629 215
3629 216
3630 213
3630 214
3630 215
3630 216
3630 217
3630 218
3630 219
3630 220
3630 221
3630 222
3630 223
3630 224
3630 225
3630 226
3630 227
3630 228
3630 229
3630 230
3630 231
3631 227
3631 228
3631 229
3631 230
3631 231
3631 232
3631 233
3631 234
3631 235
3631 236
3631 237
3631 238
3631 239
3631 240
3631 241
3631 242
3631 243
3631 244
3632 243
3632 244
3632 245
3632 246
3632 247
3632 248
3632 249
3632 250
3632 251
3632 252
3632 253
3632 254
3632 255
3632 256
3632 257
3633 173
3633 174
3633 175
3633 176
3633 177
3633 178
3633 179
3633 180
3633 181
3633 260
3633 261
3633 262
3633 263
3633 264
3633 265
3633 266
3633 267
3633 268
3633 269
3634 184
3634 185
3634 186
3634 187
3634 188
3634 189
3634 190
3634 191
3634 192
3634 193
3634 194
3634 195
3634 196
3634 197
3634 198
3635 196
3635 197
3635 198
3635 199
3635 200
3635 201
3635 202
3635 203
3635 204
3635 205
3635 206
3635 207
3635 208
3635 209
3635 210
3635 211
3635 212
3635 213
3636 209
3636 210
3636 211
3636 212
3636 213
3636 214
3636 215
3636 216
3636 217
3636 218
3636 219
3636 220
3636 221
3636 222
3636 223
3636 224
3636 225
3636 226
3636 227
3637 224
3637 225
3637 226
3637 227
3637 228
3637 229
3637 230
3637 231
3637 232
3637 233
3637 234
3637 235
3637 236
3637 237
3637 238
3637 239
3637 240
3637 241
3638 239
3638 240
3638 241
3638 242
3638 243
3638 244
3638 245
3638 246
3638 247
3638 248
3638 249
3638 250
3638 251
3638 252
3638 253
3638 254
3639 172
3639 173
3639 174
3639 175
3639 176
3639 255
3639 256
3639 257
3639 258
3639 259
3639 260
3639 261
3639 262
3639 263
3639 264
3639 265
3639 266
3640 181
3640 182
3640 183
3640 184
3640 185
3640 186
3640 187
3640 188
3640 189
3640 190
3640 191
3640 192
3640 193
3640 194
3641 193
3641 194
3641 195
3641 196
3641 197
3641 198
3641 199
3641 200
3641 201
3641 202
3641 203
3641 204
3641 205
3641 206
3641 207
3641 208
3641 209
3642 206
3642 207
3642 208
3642 209
3642 210
3642 211
3642 212
3642 213
3642 214
3642 215
3642 216
3642 217
3642 218
3642 219
3642 220
3642 221
3642 222
3642 223
3643 220
3643 221
3643 222
3643 223
3643 224
3643 225
3643 226
3643 227
3643 228
3643 229
3643 230
3643 231
3643 232
3643 233
3643 234
3643 235
3643 236
3643 237
3644 235
3644 236
3644 237
3644 238
3644 239
3644 240
3644 241
3644 242
3644 243
3644 244
3644 245
3644 246
3644 247
3644 248
3644 249
3644 250
3644 251
3645 250
3645 251
3645 252
3645 253
3645 254
3645 255
3645 256
3645 257
3645 258
3645 259
3645 260
3645 261
3645 262
3645 263
3646 178
3646 179
3646 180
3646 181
3646 182
3646 183
3646 184
3646 185
3646 186
3646 187
3646 188
3646 189
3646 190
3646 269
3646 270
3646 271
3646 272
3646 273
3647 190
3647 191
3647 192
3647 193
3647 194
3647 195
3647 196
3647 197
3647 198
3647 199
3647 200
3647 201
3647 202
3647 203
3647 204
3647 205
3648 203
3648 204
3648 205
3648 206
3648 207
3648 208
3648 209
3648 210
3648 211
3648 212
3648 213
3648 214
3648 215
3648 216
3648 217
3648 218
3648 219
3648 220
3649 216
3649 217
3649 218
3649 219
3649 220
3649 221
3649 222
3649 223
3649 224
3649 225
3649 226
3649 227
3649 228
3649 229
3649 230
3649 231
3649 232
3649 233
3649 234
3650 231
3650 232
3650 233
3650 234
3650 235
3650 236
3650 237
3650 238
3650 239
3650 240
3650 241
3650 242
3650 243
3650 244
3650 245
3650 246
3650 247
3650 248
3651 246
3651 247
3651 248
3651 249
3651 250
3651 251
3651 252
3651 253
3651 254
3651 255
3651 256
3651 257
3651 258
3651 259
3651 260
3652 176
3652 177
3652 178
3652 179
3652 180
3652 181
3652 182
3652 183
3652 184
3652 185
3652 264
3652 265
3652 266
3652 267
3652 268
3652 269
3652 270
3652 271
3652 272
3653 187
3653 188
3653 189
3653 190
3653 191
3653 192
3653 193
3653 194
3653 195
3653 196
3653 197
3653 198
3653 199
3653 200
3653 201
3654 199
3654 200
3654 201
3654 202
3654 203
3654 204
3654 205
3654 206
3654 207
3654 208
3654 209
3654 210
3654 211
3654 212
3654 213
3654 214
3654 215
3654 216
3655 213
3655 214
3655 215
3655 216
3655 217
3655 218
3655 219
3655 220
3655 221
3655 222
3655 223
3655 224
3655 225
3655 226
3655 227
3655 228
3655 229
3655 230
3656 227
3656 228
3656 229
3656 230
3656 231
3656 232
3656 233
3656 234
3656 235
3656 236
3656 237
3656 238
3656 239
3656 240
3656 241
3656 242
3656 243
3656 244
3657 242
3657 243
3657 244
3657 245
3657 246
3657 247
3657 248
3657 249
3657 250
3657 251
3657 252
3657 253
3657 254
3657 255
3657 256
3657 257
3658 174
3658 175
3658 176
3658 177
3658 178
3658 179
3658 180
3658 259
3658 260
3658 261
3658 262
3658 263
3658 264
3658 265
3658 266
3658 267
3658 268
3658 269
3659 184
3659 185
3659 186
3659 187
3659 188
3659 189
3659 190
3659 191
3659 192
3659 193
3659 194
3659 195
3659 196
3659 197
3660 196
3660 197
3660 198
3660 199
3660 200
3660 201
3660 202
3660 203
3660 204
3660 205
3660 206
3660 207
3660 208
3660 209
3660 210
3660 211
3660 212
3660 213
3661 209
3661 210
3661 211
3661 212
3661 213
3661 214
3661 215
3661 216
3661 217
3661 218
3661 219
3661 220
3661 221
3661 222
3661 223
3661 224
3661 225
3661 226
3661 227
3662 223
3662 224
3662 225
3662 226
3662 227
3662 228
3662 229
3662 230
3662 231
3662 232
3662 233
3662 234
3662 235
3662 236
3662 237
3662 238
3662 239
3662 240
3662 241
3663 238
3663 239
3663 240
3663 241
3663 242
3663 243
3663 244
3663 245
3663 246
3663 247
3663 248
3663 249
3663 250
3663 251
3663 252
3663 253
3663 254
3664 173
3664 174
3664 254
3664 255
3664 256
3664 257
3664 258
3664 259
3664 260
3664 261
3664 262
3664 263
3664 264
3664 265
3664 266
3664 267
3665 181
3665 182
3665 183
3665 184
3665 185
3665 186
3665 187
3665 188
3665 189
3665 190
3665 191
3665 192
3665 193
3665 274
3665 275
3666 193
3666 194
3666 195
3666 196
3666 197
3666 198
3666 199
3666 200
3666 201
3666 202
3666 203
3666 204
3666 205
3666 206
3666 207
3666 208
3666 209
3667 206
3667 207
3667 208
3667 209
3667 210
3667 211
3667 212
3667 213
3667 214
3667 215
3667 216
3667 217
3667 218
3667 219
3667 220
3667 221
3667 222
3667 223
3668 220
3668 221
3668 222
3668 223
3668 224
3668 225
3668 226
3668 227
3668 228
3668 229
3668 230
3668 231
3668 232
3668 233
3668 234
3668 235
3668 236
3668 237
3669 234
3669 235
3669 236
3669 237
3669 238
3669 239
3669 240
3669 241
3669 242
3669 243
3669 244
3669 245
3669 246
3669 247
3669 248
3669 249
3669 250
3669 251
3670 250
3670 251
3670 252
3670 253
3670 254
3670 255
3670 256
3670 257
3670 258
3670 259
3670 260
3670 261
3670 262
3670 263
3670 264
3671 178
3671 179
3671 180
3671 181
3671 182
3671 183
3671 184
3671 185
3671 186
3671 187
3671 188
3671 189
3671 268
3671 269
3671 270
3671 271
3671 272
3671 273
3671 274
3671 275
3672 190
3672 191
3672 192
3672 193
3672 194
3672 195
3672 196
3672 197
3672 198
3672 199
3672 200
3672 201
3672 202
3672 203
3672 204
3672 205
3673 202
3673 203
3673 204
3673 205
3673 206
3673 207
3673 208
3673 209
3673 210
3673 211
3673 212
3673 213
3673 214
3673 215
3673 216
3673 217
3673 218
3673 219
3673 220
3674 216
3674 217
3674 218
3674 219
3674 220
3674 221
3674 222
3674 223
3674 224
3674 225
3674 226
3674 227
3674 228
3674 229
3674 230
3674 231
3674 232
3674 233
3674 234
3675 230
3675 231
3675 232
3675 233
3675 234
3675 235
3675 236
3675 237
3675 238
3675 239
3675 240
3675 241
3675 242
3675 243
3675 244
3675 245
3675 246
3675 247
3675 248
3676 246
3676 247
3676 248
3676 249
3676 250
3676 251
3676 252
3676 253
3676 254
3676 255
3676 256
3676 257
3676 258
3676 259
3676 260
3676 261
3677 176
3677 177
3677 178
3677 179
3677 180
3677 181
3677 182
3677 183
3677 184
3677 185
3677 263
3677 264
3677 265
3677 266
3677 267
3677 268
3677 269
3677 270
3677 271
3677 272
3678 187
3678 188
3678 189
3678 190
3678 191
3678 192
3678 193
3678 194
3678 195
3678 196
3678 197
3678 198
3678 199
3678 200
3678 201
3679 199
3679 200
3679 201
3679 202
3679 203
3679 204
3679 205
3679 206
3679 207
3679 208
3679 209
3679 210
3679 211
3679 212
3679 213
3679 214
3679 215
3679 216
3680 213
3680 214
3680 215
3680 216
3680 217
3680 218
3680 219
3680 220
3680 221
3680 222
3680 223
3680 224
3680 225
3680 226
3680 227
3680 228
3680 229
3680 230
3681 227
3681 228
3681 229
3681 230
3681 231
3681 232
3681 233
3681 234
3681 235
3681 236
3681 237
3681 238
3681 239
3681 240
3681 241
3681 242
3681 243
3681 244
3682 242
3682 243
3682 244
3682 245
3682 246
3682 247
3682 248
3682 249
3682 250
3682 251
3682 252
3682 253
3682 254
3682 255
3682 256
3682 257
3683 174
3683 175
3683 176
3683 177
3683 178
3683 179
3683 180
3683 258
3683 259
3683 260
3683 261
3683 262
3683 263
3683 264
3683 265
3683 266
3683 267
3683 268
3683 269
3683 270
3684 184
3684 185
3684 186
3684 187
3684 188
3684 189
3684 190
3684 191
3684 192
3684 193
3684 194
3684 195
3684 196
3684 197
3685 196
3685 197
3685 198
3685 199
3685 200
3685 201
3685 202
3685 203
3685 204
3685 205
3685 206
3685 207
3685 208
3685 209
3685 210
3685 211
3685 212
3686 209
3686 210
3686 211
3686 212
3686 213
3686 214
3686 215
3686 216
3686 217
3686 218
3686 219
3686 220
3686 221
3686 222
3686 223
3686 224
3686 225
3686 226
3686 227
3687 223
3687 224
3687 225
3687 226
3687 227
3687 228
3687 229
3687 230
3687 231
3687 232
3687 233
3687 234
3687 235
3687 236
3687 237
3687 238
3687 239
3687 240
3687 241
3688 238
3688 239
3688 240
3688 241
3688 242
3688 243
3688 244
3688 245
3688 246
3688 247
3688 248
3688 249
3688 250
3688 251
3688 252
3688 253
3688 254
3689 254
3689 255
3689 256
3689 257
3689 258
3689 259
3689 260
3689 261
3689 262
3689 263
3689 264
3689 265
3689 266
3689 267
3690 181
3690 182
3690 183
3690 184
3690 185
3690 186
3690 187
3690 188
3690 189
3690 190
3690 191
3690 192
3690 193
3690 272
3690 273
3690 274
3690 275
3690 276
3690 277
3691 193
3691 194
3691 195
3691 196
3691 197
3691 198
3691 199
3691 200
3691 201
3691 202
3691 203
3691 204
3691 205
3691 206
3691 207
3691 208
3691 209
3692 206
3692 207
3692 208
3692 209
3692 210
3692 211
3692 212
3692 213
3692 214
3692 215
3692 216
3692 217
3692 218
3692 219
3692 220
3692 221
3692 222
3692 223
3693 219
3693 220
3693 221
3693 222
3693 223
3693 224
3693 225
3693 226
3693 227
3693 228
3693 229
3693 230
3693 231
3693 232
3693 233
3693 234
3693 235
3693 236
3693 237
3694 234
3694 235
3694 236
3694 237
3694 238
3694 239
3694 240
3694 241
3694 242
3694 243
3694 244
3694 245
3694 246
3694 247
3694 248
3694 249
3694 250
3694 251
3695 249
3695 250
3695 251
3695 252
3695 253
3695 254
3695 255
3695 256
3695 257
3695 258
3695 259
3695 260
3695 261
3695 262
3695 263
3695 264
3696 179
3696 180
3696 181
3696 182
3696 183
3696 184
3696 185
3696 186
3696 187
3696 188
3696 189
3696 266
3696 267
3696 268
3696 269
3696 270
3696 271
3696 272
3696 273
3696 274
3696 275
3697 190
3697 191
3697 192
3697 193
3697 194
3697 195
3697 196
3697 197
3697 198
3697 199
3697 200
3697 201
3697 202
3697 203
3697 204
3697 205
3698 202
3698 203
3698 204
3698 205
3698 206
3698 207
3698 208
3698 209
3698 210
3698 211
3698 212
3698 213
3698 214
3698 215
3698 216
3698 217
3698 218
3698 219
3698 220
3699 216
3699 217
3699 218
3699 219
3699 220
3699 221
3699 222
3699 223
3699 224
3699 225
3699 226
3699 227
3699 228
3699 229
3699 230
3699 231
3699 232
3699 233
3699 234
3700 230
3700 231
3700 232
3700 233
3700 234
3700 235
3700 236
3700 237
3700 238
3700 239
3700 240
3700 241
3700 242
3700 243
3700 244
3700 245
3700 246
3700 247
3701 245
3701 246
3701 247
3701 248
3701 249
3701 250
3701 251
3701 252
3701 253
3701 254
3701 255
3701 256
3701 257
3701 258
3701 259
3701 260
3701 261
3702 176
3702 177
3702 178
3702 179
3702 180
3702 181
3702 182
3702 183
3702 184
3702 262
3702 263
3702 264
3702 265
3702 266
3702 267
3702 268
3702 269
3702 270
3702 271
3702 272
3702 273
3703 187
3703 188
3703 189
3703 190
3703 191
3703 192
3703 193
3703 194
3703 195
3703 196
3703 197
3703 198
3703 199
3703 200
3703 201
3704 199
3704 200
3704 201
3704 202
3704 203
3704 204
3704 205
3704 206
3704 207
3704 208
3704 209
3704 210
3704 211
3704 212
3704 213
3704 214
3704 215
3704 216
3705 212
3705 213
3705 214
3705 215
3705 216
3705 217
3705 218
3705 219
3705 220
3705 221
3705 222
3705 223
3705 224
3705 225
3705 226
3705 227
3705 228
3705 229
3705 230
3706 227
3706 228
3706 229
3706 230
3706 231
3706 232
3706 233
3706 234
3706 235
3706 236
3706 237
3706 238
3706 239
3706 240
3706 241
3706 242
3706 243
3706 244
3707 241
3707 242
3707 243
3707 244
3707 245
3707 246
3707 247
3707 248
3707 249
3707 250
3707 251
3707 252
3707 253
3707 254
3707 255
3707 256
3707 257
3708 175
3708 176
3708 177
3708 178
3708 179
3708 257
3708 258
3708 259
3708 260
3708 261
3708 262
3708 263
3708 264
3708 265
3708 266
3708 267
3708 268
3708 269
3708 270
3709 184
3709 185
3709 186
3709 187
3709 188
3709 189
3709 190
3709 191
3709 192
3709 193
3709 194
3709 195
3709 196
3709 197
3709 276
3709 277
3709 278
3709 279
3710 196
3710 197
3710 198
3710 199
3710 200
3710 201
3710 202
3710 203
3710 204
3710 205
3710 206
3710 207
3710 208
3710 209
3710 210
3710 211
3710 212
3711 209
3711 210
3711 211
3711 212
3711 213
3711 214
3711 215
3711 216
3711 217
3711 218
3711 219
3711 220
3711 221
3711 222
3711 223
3711 224
3711 225
3711 226
3711 227
3712 223
3712 224
3712 225
3712 226
3712 227
3712 228
3712 229
3712 230
3712 231
3712 232
3712 233
3712 234
3712 235
3712 236
3712 237
3712 238
3712 239
3712 240
3712 241
3713 238
3713 239
3713 240
3713 241
3713 242
3713 243
3713 244
3713 245
3713 246
3713 247
3713 248
3713 249
3713 250
3713 251
3713 252
3713 253
3713 254
3714 253
3714 254
3714 255
3714 256
3714 257
3714 258
3714 259
3714 260
3714 261
3714 262
3714 263
3714 264
3714 265
3714 266
3714 267
3715 181
3715 182
3715 183
3715 184
3715 185
3715 186
3715 187
3715 188
3715 189
3715 190
3715 191
3715 192
3715 270
3715 271
3715 272
3715 273
3715 274
3715 275
3715 276
3715 277
3715 278
3716 193
3716 194
3716 195
3716 196
3716 197
3716 198
3716 199
3716 200
3716 201
3716 202
3716 203
3716 204
3716 205
3716 206
3716 207
3716 208
3717 206
3717 207
3717 208
3717 209
3717 210
3717 211
3717 212
3717 213
3717 214
3717 215
3717 216
3717 217
3717 218
3717 219
3717 220
3717 221
3717 222
3717 223
3718 219
3718 220
3718 221
3718 222
3718 223
3718 224
3718 225
3718 226
3718 227
3718 228
3718 229
3718 230
3718 231
3718 232
3718 233
3718 234
3718 235
3718 236
3718 237
3719 234
3719 235
3719 236
3719 237
3719 238
3719 239
3719 240
3719 241
3719 242
3719 243
3719 244
3719 245
3719 246
3719 247
3719 248
3719 249
3719 250
3719 251
3720 249
3720 250
3720 251
3720 252
3720 253
3720 254
3720 255
3720 256
3720 257
3720 258
3720 259
3720 260
3720 261
3720 262
3720 263
3720 264
3721 179
3721 180
3721 181
3721 182
3721 183
3721 184
3721 185
3721 186
3721 187
3721 188
3721 266
3721 267
3721 268
3721 269
3721 270
3721 271
3721 272
3721 273
3721 274
3721 275
3721 276
3722 190
3722 191
3722 192
3722 193
3722 194
3722 195
3722 196
3722 197
3722 198
3722 199
3722 200
3722 201
3722 202
3722 203
3722 204
3723 202
3723 203
3723 204
3723 205
3723 206
3723 207
3723 208
3723 209
3723 210
3723 211
3723 212
3723 213
3723 214
3723 215
3723 216
3723 217
3723 218
3723 219
3724 216
3724 217
3724 218
3724 219
3724 220
3724 221
3724 222
3724 223
3724 224
3724 225
3724 226
3724 227
3724 228
3724 229
3724 230
3724 231
3724 232
3724 233
3724 234
3725 230
3725 231
3725 232
3725 233
3725 234
3725 235
3725 236
3725 237
3725 238
3725 239
3725 240
3725 241
3725 242
3725 243
3725 244
3725 245
3725 246
3725 247
3726 245
3726 246
3726 247
3726 248
3726 249
3726 250
3726 251
3726 252
3726 253
3726 254
3726 255
3726 256
3726 257
3726 258
3726 259
3726 260
3726 261
3727 177
3727 178
3727 179
3727 180
3727 181
3727 182
3727 183
3727 261
3727 262
3727 263
3727 264
3727 265
3727 266
3727 267
3727 268
3727 269
3727 270
3727 271
3727 272
3727 273
3728 187
3728 188
3728 189
3728 190
3728 191
3728 192
3728 193
3728 194
3728 195
3728 196
3728 197
3728 198
3728 199
3728 200
3729 199
3729 200
3729 201
3729 202
3729 203
3729 204
3729 205
3729 206
3729 207
3729 208
3729 209
3729 210
3729 211
3729 212
3729 213
3729 214
3729 215
3729 216
3730 212
3730 213
3730 214
3730 215
3730 216
3730 217
3730 218
3730 219
3730 220
3730 221
3730 222
3730 223
3730 224
3730 225
3730 226
3730 227
3730 228
3730 229
3730 230
3731 226
3731 227
3731 228
3731 229
3731 230
3731 231
3731 232
3731 233
3731 234
3731 235
3731 236
3731 237
3731 238
3731 239
3731 240
3731 241
3731 242
3731 243
3731 244
3732 241
3732 242
3732 243
3732 244
3732 245
3732 246
3732 247
3732 248
3732 249
3732 250
3732 251
3732 252
3732 253
3732 254
3732 255
3732 256
3732 257
3733 257
3733 258
3733 259
3733 260
3733 261
3733 262
3733 263
3733 264
3733 265
3733 266
3733 267
3733 268
3733 269
3733 270
3734 184
3734 185
3734 186
3734 187
3734 188
3734 189
3734 190
3734 191
3734 192
3734 193
3734 194
3734 195
3734 196
3734 275
3734 276
3734 277
3734 278
3734 279
3734 280
3735 196
3735 197
3735 198
3735 199
3735 200
3735 201
3735 202
3735 203
3735 204
3735 205
3735 206
3735 207
3735 208
3735 209
3735 210
3735 211
3735 212
3736 209
3736 210
3736 211
3736 212
3736 213
3736 214
3736 215
3736 216
3736 217
3736 218
3736 219
3736 220
3736 221
3736 222
3736 223
3736 224
3736 225
3736 226
3737 223
3737 224
3737 225
3737 226
3737 227
3737 228
3737 229
3737 230
3737 231
3737 232
3737 233
3737 234
3737 235
3737 236
3737 237
3737 238
3737 239
3737 240
3738 237
3738 238
3738 239
3738 240
3738 241
3738 242
3738 243
3738 244
3738 245
3738 246
3738 247
3738 248
3738 249
3738 250
3738 251
3738 252
3738 253
3738 254
3739 253
3739 254
3739 255
3739 256
3739 257
3739 258
3739 259
3739 260
3739 261
3739 262
3739 263
3739 264
3739 265
3739 266
3739 267
3740 182
3740 183
3740 184
3740 185
3740 186
3740 187
3740 188
3740 189
3740 190
3740 191
3740 192
3740 269
3740 270
3740 271
3740 272
3740 273
3740 274
3740 275
3740 276
3740 277
3740 278
3741 193
3741 194
3741 195
3741 196
3741 197
3741 198
3741 199
3741 200
3741 201
3741 202
3741 203
3741 204
3741 205
3741 206
3741 207
3741 208
3742 206
3742 207
3742 208
3742 209
3742 210
3742 211
3742 212
3742 213
3742 214
3742 215
3742 216
3742 217
3742 218
3742 219
3742 220
3742 221
3742 222
3742 223
3743 219
3743 220
3743 221
3743 222
3743 223
3743 224
3743 225
3743 226
3743 227
3743 228
3743 229
3743 230
3743 231
3743 232
3743 233
3743 234
3743 235
3743 236
3743 237
3744 234
3744 235
3744 236
3744 237
3744 238
3744 239
3744 240
3744 241
3744 242
3744 243
3744 244
3744 245
3744 246
3744 247
3744 248
3744 249
3744 250
3744 251
3745 249
3745 250
3745 251
3745 252
3745 253
3745 254
3745 255
3745 256
3745 257
3745 258
3745 259
3745 260
3745 261
3745 262
3745 263
3745 264
3746 180
3746 181
3746 182
3746 183
3746 184
3746 185
3746 186
3746 187
3746 265
3746 266
3746 267
3746 268
3746 269
3746 270
3746 271
3746 272
3746 273
3746 274
3746 275
3746 276
3747 190
3747 191
3747 192
3747 193
3747 194
3747 195
3747 196
3747 197
3747 198
3747 199
3747 200
3747 201
3747 202
3747 203
3747 204
3748 203
3748 204
3748 205
3748 206
3748 207
3748 208
3748 209
3748 210
3748 211
3748 212
3748 213
3748 214
3748 215
3748 216
3748 217
3748 218
3748 219
3749 216
3749 217
3749 218
3749 219
3749 220
3749 221
3749 222
3749 223
3749 224
3749 225
3749 226
3749 227
3749 228
3749 229
3749 230
3749 231
3749 232
3749 233
3750 230
3750 231
3750 232
3750 233
3750 234
3750 235
3750 236
3750 237
3750 238
3750 239
3750 240
3750 241
3750 242
3750 243
3750 244
3750 245
3750 246
3750 247
3751 245
3751 246
3751 247
3751 248
3751 249
3751 250
3751 251
3751 252
3751 253
3751 254
3751 255
3751 256
3751 257
3751 258
3751 259
3751 260
3751 261
3752 178
3752 179
3752 180
3752 181
3752 182
3752 260
3752 261
3752 262
3752 263
3752 264
3752 265
3752 266
3752 267
3752 268
3752 269
3752 270
3752 271
3752 272
3752 273
3753 187
3753 188
3753 189
3753 190
3753 191
3753 192
3753 193
3753 194
3753 195
3753 196
3753 197
3753 198
3753 199
3753 200
3753 279
3753 280
3753 281
3753 282
3753 283
3754 199
3754 200
3754 201
3754 202
3754 203
3754 204
3754 205
3754 206
3754 207
3754 208
3754 209
3754 210
3754 211
3754 212
3754 213
3754 214
3754 215
3755 212
3755 213
3755 214
3755 215
3755 216
3755 217
3755 218
3755 219
3755 220
3755 221
3755 222
3755 223
3755 224
3755 225
3755 226
3755 227
3755 228
3755 229
3755 230
3756 226
3756 227
3756 228
3756 229
3756 230
3756 231
3756 232
3756 233
3756 234
3756 235
3756 236
3756 237
3756 238
3756 239
3756 240
3756 241
3756 242
3756 243
3756 244
3757 241
3757 242
3757 243
3757 244
3757 245
3757 246
3757 247
3757 248
3757 249
3757 250
3757 251
3757 252
3757 253
3757 254
3757 255
3757 256
3757 257
3758 256
3758 257
3758 258
3758 259
3758 260
3758 261
3758 262
3758 263
3758 264
3758 265
3758 266
3758 267
3758 268
3758 269
3758 270
3759 185
3759 186
3759 187
3759 188
3759 189
3759 190
3759 191
3759 192
3759 193
3759 194
3759 195
3759 196
3759 273
3759 274
3759 275
3759 276
3759 277
3759 278
3759 279
3759 280
3759 281
3760 196
3760 197
3760 198
3760 199
3760 200
3760 201
3760 202
3760 203
3760 204
3760 205
3760 206
3760 207
3760 208
3760 209
3760 210
3760 211
3761 209
3761 210
3761 211
3761 212
3761 213
3761 214
3761 215
3761 216
3761 217
3761 218
3761 219
3761 220
3761 221
3761 222
3761 223
3761 224
3761 225
3761 226
3762 223
3762 224
3762 225
3762 226
3762 227
3762 228
3762 229
3762 230
3762 231
3762 232
3762 233
3762 234
3762 235
3762 236
3762 237
3762 238
3762 239
3762 240
3763 237
3763 238
3763 239
3763 240
3763 241
3763 242
3763 243
3763 244
3763 245
3763 246
3763 247
3763 248
3763 249
3763 250
3763 251
3763 252
3763 253
3763 254
3764 252
3764 253
3764 254
3764 255
3764 256
3764 257
3764 258
3764 259
3764 260
3764 261
3764 262
3764 263
3764 264
3764 265
3764 266
3764 267
3765 182
3765 183
3765 184
3765 185
3765 186
3765 187
3765 188
3765 189
3765 190
3765 191
3765 269
3765 270
3765 271
3765 272
3765 273
3765 274
3765 275
3765 276
3765 277
3765 278
3765 279
3766 193
3766 194
3766 195
3766 196
3766 197
3766 198
3766 199
3766 200
3766 201
3766 202
3766 203
3766 204
3766 205
3766 206
3766 207
3766 208
3767 206
3767 207
3767 208
3767 209
3767 210
3767 211
3767 212
3767 213
3767 214
3767 215
3767 216
3767 217
3767 218
3767 219
3767 220
3767 221
3767 222
3767 223
3768 219
3768 220
3768 221
3768 222
3768 223
3768 224
3768 225
3768 226
3768 227
3768 228
3768 229
3768 230
3768 231
3768 232
3768 233
3768 234
3768 235
3768 236
3768 237
3769 233
3769 234
3769 235
3769 236
3769 237
3769 238
3769 239
3769 240
3769 241
3769 242
3769 243
3769 244
3769 245
3769 246
3769 247
3769 248
3769 249
3769 250
3769 251
3770 248
3770 249
3770 250
3770 251
3770 252
3770 253
3770 254
3770 255
3770 256
3770 257
3770 258
3770 259
3770 260
3770 261
3770 262
3770 263
3770 264
3771 180
3771 181
3771 182
3771 183
3771 184
3771 185
3771 186
3771 187
3771 264
3771 265
3771 266
3771 267
3771 268
3771 269
3771 270
3771 271
3771 272
3771 273
3771 274
3771 275
3771 276
3772 190
3772 191
3772 192
3772 193
3772 194
3772 195
3772 196
3772 197
3772 198
3772 199
3772 200
3772 201
3772 202
3772 203
3772 204
3773 203
3773 204
3773 205
3773 206
3773 207
3773 208
3773 209
3773 210
3773 211
3773 212
3773 213
3773 214
3773 215
3773 216
3773 217
3773 218
3773 219
3774 216
3774 217
3774 218
3774 219
3774 220
3774 221
3774 222
3774 223
3774 224
3774 225
3774 226
3774 227
3774 228
3774 229
3774 230
3774 231
3774 232
3774 233
3775 230
3775 231
3775 232
3775 233
3775 234
3775 235
3775 236
3775 237
3775 238
3775 239
3775 240
3775 241
3775 242
3775 243
3775 244
3775 245
3775 246
3775 247
3776 244
3776 245
3776 246
3776 247
3776 248
3776 249
3776 250
3776 251
3776 252
3776 253
3776 254
3776 255
3776 256
3776 257
3776 258
3776 259
3776 260
3777 260
3777 261
3777 262
3777 263
3777 264
3777 265
3777 266
3777 267
3777 268
3777 269
3777 270
3777 271
3777 272
3777 273
3778 188
3778 189
3778 190
3778 191
3778 192
3778 193
3778 194
3778 195
3778 196
3778 197
3778 198
3778 199
3778 200
3778 278
3778 279
3778 280
3778 281
3778 282
3778 283
3779 200
3779 201
3779 202
3779 203
3779 204
3779 205
3779 206
3779 207
3779 208
3779 209
3779 210
3779 211
3779 212
3779 213
3779 214
3779 215
3780 213
3780 214
3780 215
3780 216
3780 217
3780 218
3780 219
3780 220
3780 221
3780 222
3780 223
3780 224
3780 225
3780 226
3780 227
3780 228
3780 229
3780 230
3781 226
3781 227
3781 228
3781 229
3781 230
3781 231
3781 232
3781 233
3781 234
3781 235
3781 236
3781 237
3781 238
3781 239
3781 240
3781 241
3781 242
3781 243
3781 244
3782 241
3782 242
3782 243
3782 244
3782 245
3782 246
3782 247
3782 248
3782 249
3782 250
3782 251
3782 252
3782 253
3782 254
3782 255
3782 256
3782 257
3783 256
3783 257
3783 258
3783 259
3783 260
3783 261
3783 262
3783 263
3783 264
3783 265
3783 266
3783 267
3783 268
3783 269
3783 270
3784 185
3784 186
3784 187
3784 188
3784 189
3784 190
3784 191
3784 192
3784 193
3784 194
3784 195
3784 273
3784 274
3784 275
3784 276
3784 277
3784 278
3784 279
3784 280
3784 281
3785 197
3785 198
3785 199
3785 200
3785 201
3785 202
3785 203
3785 204
3785 205
3785 206
3785 207
3785 208
3785 209
3785 210
3785 211
3786 209
3786 210
3786 211
3786 212
3786 213
3786 214
3786 215
3786 216
3786 217
3786 218
3786 219
3786 220
3786 221
3786 222
3786 223
3786 224
3786 225
3786 226
3787 223
3787 224
3787 225
3787 226
3787 227
3787 228
3787 229
3787 230
3787 231
3787 232
3787 233
3787 234
3787 235
3787 236
3787 237
3787 238
3787 239
3787 240
3788 237
3788 238
3788 239
3788 240
3788 241
3788 242
3788 243
3788 244
3788 245
3788 246
3788 247
3788 248
3788 249
3788 250
3788 251
3788 252
3788 253
3788 254
3789 252
3789 253
3789 254
3789 255
3789 256
3789 257
3789 258
3789 259
3789 260
3789 261
3789 262
3789 263
3789 264
3789 265
3789 266
3789 267
3790 183
3790 184
3790 185
3790 186
3790 187
3790 188
3790 189
3790 190
3790 191
3790 268
3790 269
3790 270
3790 271
3790 272
3790 273
3790 274
3790 275
3790 276
3790 277
3790 278
3790 279
3791 194
3791 195
3791 196
3791 197
3791 198
3791 199
3791 200
3791 201
3791 202
3791 203
3791 204
3791 205
3791 206
3791 207
3792 206
3792 207
3792 208
3792 209
3792 210
3792 211
3792 212
3792 213
3792 214
3792 215
3792 216
3792 217
3792 218
3792 219
3792 220
3792 221
3792 222
3793 219
3793 220
3793 221
3793 222
3793 223
3793 224
3793 225
3793 226
3793 227
3793 228
3793 229
3793 230
3793 231
3793 232
3793 233
3793 234
3793 235
3793 236
3793 237
3794 233
3794 234
3794 235
3794 236
3794 237
3794 238
3794 239
3794 240
3794 241
3794 242
3794 243
3794 244
3794 245
3794 246
3794 247
3794 248
3794 249
3794 250
3795 248
3795 249
3795 250
3795 251
3795 252
3795 253
3795 254
3795 255
3795 256
3795 257
3795 258
3795 259
3795 260
3795 261
3795 262
3795 263
3795 264
3796 181
3796 182
3796 183
3796 184
3796 185
3796 264
3796 265
3796 266
3796 267
3796 268
3796 269
3796 270
3796 271
3796 272
3796 273
3796 274
3796 275
3796 276
3797 191
3797 192
3797 193
3797 194
3797 195
3797 196
3797 197
3797 198
3797 199
3797 200
3797 201
3797 202
3797 203
3797 282
3797 283
3797 284
3797 285
3798 203
3798 204
3798 205
3798 206
3798 207
3798 208
3798 209
3798 210
3798 211
3798 212
3798 213
3798 214
3798 215
3798 216
3798 217
3798 218
3798 219
3799 216
3799 217
3799 218
3799 219
3799 220
3799 221
3799 222
3799 223
3799 224
3799 225
3799 226
3799 227
3799 228
3799 229
3799 230
3799 231
3799 232
3799 233
3800 230
3800 231
3800 232
3800 233
3800 234
3800 235
3800 236
3800 237
3800 238
3800 239
3800 240
3800 241
3800 242
3800 243
3800 244
3800 245
3800 246
3800 247
3801 244
3801 245
3801 246
3801 247
3801 248
3801 249
3801 250
3801 251
3801 252
3801 253
3801 254
3801 255
3801 256
3801 257
3801 258
3801 259
3801 260
3802 259
3802 260
3802 261
3802 262
3802 263
3802 264
3802 265
3802 266
3802 267
3802 268
3802 269
3802 270
3802 271
3802 272
3802 273
3803 188
3803 189
3803 190
3803 191
3803 192
3803 193
3803 194
3803 195
3803 196
3803 197
3803 198
3803 199
3803 277
3803 278
3803 279
3803 280
3803 281
3803 282
3803 283
3803 284
3804 200
3804 201
3804 202
3804 203
3804 204
3804 205
3804 206
3804 207
3804 208
3804 209
3804 210
3804 211
3804 212
3804 213
3804 214
3804 215
3805 213
3805 214
3805 215
3805 216
3805 217
3805 218
3805 219
3805 220
3805 221
3805 222
3805 223
3805 224
3805 225
3805 226
3805 227
3805 228
3805 229
3806 226
3806 227
3806 228
3806 229
3806 230
3806 231
3806 232
3806 233
3806 234
3806 235
3806 236
3806 237
3806 238
3806 239
3806 240
3806 241
3806 242
3806 243
3807 240
3807 241
3807 242
3807 243
3807 244
3807 245
3807 246
3807 247
3807 248
3807 249
3807 250
3807 251
3807 252
3807 253
3807 254
3807 255
3807 256
3807 257
3808 255
3808 256
3808 257
3808 258
3808 259
3808 260
3808 261
3808 262
3808 263
3808 264
3808 265
3808 266
3808 267
3808 268
3808 269
3808 270
3809 186
3809 187
3809 188
3809 189
3809 190
3809 191
3809 192
3809 193
3809 194
3809 195
3809 272
3809 273
3809 274
3809 275
3809 276
3809 277
3809 278
3809 279
3809 280
3809 281
3810 197
3810 198
3810 199
3810 200
3810 201
3810 202
3810 203
3810 204
3810 205
3810 206
3810 207
3810 208
3810 209
3810 210
3810 211
3811 209
3811 210
3811 211
3811 212
3811 213
3811 214
3811 215
3811 216
3811 217
3811 218
3811 219
3811 220
3811 221
3811 222
3811 223
3811 224
3811 225
3811 226
3812 223
3812 224
3812 225
3812 226
3812 227
3812 228
3812 229
3812 230
3812 231
3812 232
3812 233
3812 234
3812 235
3812 236
3812 237
3812 238
3812 239
3812 240
3813 237
3813 238
3813 239
3813 240
3813 241
3813 242
3813 243
3813 244
3813 245
3813 246
3813 247
3813 248
3813 249
3813 250
3813 251
3813 252
3813 253
3813 254
3814 252
3814 253
3814 254
3814 255
3814 256
3814 257
3814 258
3814 259
3814 260
3814 261
3814 262
3814 263
3814 264
3814 265
3814 266
3814 267
3815 184
3815 185
3815 186
3815 187
3815 188
3815 189
3815 190
3815 267
3815 268
3815 269
3815 270
3815 271
3815 272
3815 273
3815 274
3815 275
3815 276
3815 277
3815 278
3815 279
3816 194
3816 195
3816 196
3816 197
3816 198
3816 199
3816 200
3816 201
3816 202
3816 203
3816 204
3816 205
3816 206
3816 207
3817 206
3817 207
3817 208
3817 209
3817 210
3817 211
3817 212
3817 213
3817 214
3817 215
3817 216
3817 217
3817 218
3817 219
3817 220
3817 221
3817 222
3818 219
3818 220
3818 221
3818 222
3818 223
3818 224
3818 225
3818 226
3818 227
3818 228
3818 229
3818 230
3818 231
3818 232
3818 233
3818 234
3818 235
3818 236
3819 233
3819 234
3819 235
3819 236
3819 237
3819 238
3819 239
3819 240
3819 241
3819 242
3819 243
3819 244
3819 245
3819 246
3819 247
3819 248
3819 249
3819 250
3820 248
3820 249
3820 250
3820 251
3820 252
3820 253
3820 254
3820 255
3820 256
3820 257
3820 258
3820 259
3820 260
3820 261
3820 262
3820 263
3821 263
3821 264
3821 265
3821 266
3821 267
3821 268
3821 269
3821 270
3821 271
3821 272
3821 273
3821 274
3821 275
3821 276
3822 191
3822 192
3822 193
3822 194
3822 195
3822 196
3822 197
3822 198
3822 199
3822 200
3822 201
3822 202
3822 203
3822 281
3822 282
3822 283
3822 284
3822 285
3822 286
3823 203
3823 204
3823 205
3823 206
3823 207
3823 208
3823 209
3823 210
3823 211
3823 212
3823 213
3823 214
3823 215
3823 216
3823 217
3823 218
3824 216
3824 217
3824 218
3824 219
3824 220
3824 221
3824 222
3824 223
3824 224
3824 225
3824 226
3824 227
3824 228
3824 229
3824 230
3824 231
3824 232
3824 233
3825 230
3825 231
3825 232
3825 233
3825 234
3825 235
3825 236
3825 237
3825 238
3825 239
3825 240
3825 241
3825 242
3825 243
3825 244
3825 245
3825 246
3825 247
3826 244
3826 245
3826 246
3826 247
3826 248
3826 249
3826 250
3826 251
3826 252
3826 253
3826 254
3826 255
3826 256
3826 257
3826 258
3826 259
3826 260
3827 259
3827 260
3827 261
3827 262
3827 263
3827 264
3827 265
3827 266
3827 267
3827 268
3827 269
3827 270
3827 271
3827 272
3827 273
3828 189
3828 190
3828 191
3828 192
3828 193
3828 194
3828 195
3828 196
3828 197
3828 198
3828 199
3828 276
3828 277
3828 278
3828 279
3828 280
3828 281
3828 282
3828 283
3828 284
3829 200
3829 201
3829 202
3829 203
3829 204
3829 205
3829 206
3829 207
3829 208
3829 209
3829 210
3829 211
3829 212
3829 213
3829 214
3830 213
3830 214
3830 215
3830 216
3830 217
3830 218
3830 219
3830 220
3830 221
3830 222
3830 223
3830 224
3830 225
3830 226
3830 227
3830 228
3830 229
3831 226
3831 227
3831 228
3831 229
3831 230
3831 231
3831 232
3831 233
3831 234
3831 235
3831 236
3831 237
3831 238
3831 239
3831 240
3831 241
3831 242
3831 243
3832 240
3832 241
3832 242
3832 243
3832 244
3832 245
3832 246
3832 247
3832 248
3832 249
3832 250
3832 251
3832 252
3832 253
3832 254
3832 255
3832 256
3832 257
3833 255
3833 256
3833 257
3833 258
3833 259
3833 260
3833 261
3833 262
3833 263
3833 264
3833 265
3833 266
3833 267
3833 268
3833 269
3833 270
3834 187
3834 188
3834 189
3834 190
3834 191
3834 192
3834 193
3834 194
3834 271
3834 272
3834 273
3834 274
3834 275
3834 276
3834 277
3834 278
3834 279
3834 280
3834 281
3835 197
3835 198
3835 199
3835 200
3835 201
3835 202
3835 203
3835 204
3835 205
3835 206
3835 207
3835 208
3835 209
3835 210
3836 210
3836 211
3836 212
3836 213
3836 214
3836 215
3836 216
3836 217
3836 218
3836 219
3836 220
3836 221
3836 222
3836 223
3836 224
3836 225
3837 223
3837 224
3837 225
3837 226
3837 227
3837 228
3837 229
3837 230
3837 231
3837 232
3837 233
3837 234
3837 235
3837 236
3837 237
3837 238
3837 239
3837 240
3838 237
3838 238
3838 239
3838 240
3838 241
3838 242
3838 243
3838 244
3838 245
3838 246
3838 247
3838 248
3838 249
3838 250
3838 251
3838 252
3838 253
3839 251
3839 252
3839 253
3839 254
3839 255
3839 256
3839 257
3839 258
3839 259
3839 260
3839 261
3839 262
3839 263
3839 264
3839 265
3839 266
3839 267
3840 185
3840 186
3840 187
3840 188
3840 189
3840 267
3840 268
3840 269
3840 270
3840 271
3840 272
3840 273
3840 274
3840 275
3840 276
3840 277
3840 278
3840 279
3841 194
3841 195
3841 196
3841 197
3841 198
3841 199
3841 200
3841 201
3841 202
3841 203
3841 204
3841 205
3841 206
3841 286
3841 287
3842 206
3842 207
3842 208
3842 209
3842 210
3842 211
3842 212
3842 213
3842 214
3842 215
3842 216
3842 217
3842 218
3842 219
3842 220
3842 221
3842 222
3843 219
3843 220
3843 221
3843 222
3843 223
3843 224
3843 225
3843 226
3843 227
3843 228
3843 229
3843 230
3843 231
3843 232
3843 233
3843 234
3843 235
3843 236
3844 233
3844 234
3844 235
3844 236
3844 237
3844 238
3844 239
3844 240
3844 241
3844 242
3844 243
3844 244
3844 245
3844 246
3844 247
3844 248
3844 249
3844 250
3845 248
3845 249
3845 250
3845 251
3845 252
3845 253
3845 254
3845 255
3845 256
3845 257
3845 258
3845 259
3845 260
3845 261
3845 262
3845 263
3846 263
3846 264
3846 265
3846 266
3846 267
3846 268
3846 269
3846 270
3846 271
3846 272
3846 273
3846 274
3846 275
3846 276
3847 192
3847 193
3847 194
3847 195
3847 196
3847 197
3847 198
3847 199
3847 200
3847 201
3847 202
3847 280
3847 281
3847 282
3847 283
3847 284
3847 285
3847 286
3848 203
3848 204
3848 205
3848 206
3848 207
3848 208
3848 209
3848 210
3848 211
3848 212
3848 213
3848 214
3848 215
3848 216
3848 217
3848 218
3849 216
3849 217
3849 218
3849 219
3849 220
3849 221
3849 222
3849 223
3849 224
3849 225
3849 226
3849 227
3849 228
3849 229
3849 230
3849 231
3849 232
3849 233
3850 230
3850 231
3850 232
3850 233
3850 234
3850 235
3850 236
3850 237
3850 238
3850 239
3850 240
3850 241
3850 242
3850 243
3850 244
3850 245
3850 246
3850 247
3851 244
3851 245
3851 246
3851 247
3851 248
3851 249
3851 250
3851 251
3851 252
3851 253
3851 254
3851 255
3851 256
3851 257
3851 258
3851 259
3851 260
3852 259
3852 260
3852 261
3852 262
3852 263
3852 264
3852 265
3852 266
3852 267
3852 268
3852 269
3852 270
3852 271
3852 272
3852 273
3853 190
3853 191
3853 192
3853 193
3853 194
3853 195
3853 196
3853 197
3853 198
3853 275
3853 276
3853 277
3853 278
3853 279
3853 280
3853 281
3853 282
3853 283
3853 284
3854 200
3854 201
3854 202
3854 203
3854 204
3854 205
3854 206
3854 207
3854 208
3854 209
3854 210
3854 211
3854 212
3854 213
3854 214
3855 213
3855 214
3855 215
3855 216
3855 217
3855 218
3855 219
3855 220
3855 221
3855 222
3855 223
3855 224
3855 225
3855 226
3855 227
3855 228
3855 229
3856 226
3856 227
3856 228
3856 229
3856 230
3856 231
3856 232
3856 233
3856 234
3856 235
3856 236
3856 237
3856 238
3856 239
3856 240
3856 241
3856 242
3856 243
3857 240
3857 241
3857 242
3857 243
3857 244
3857 245
3857 246
3857 247
3857 248
3857 249
3857 250
3857 251
3857 252
3857 253
3857 254
3857 255
3857 256
3857 257
3858 255
3858 256
3858 257
3858 258
3858 259
3858 260
3858 261
3858 262
3858 263
3858 264
3858 265
3858 266
3858 267
3858 268
3858 269
3858 270
3859 188
3859 189
3859 190
3859 191
3859 192
3859 193
3859 271
3859 272
3859 273
3859 274
3859 275
3859 276
3859 277
3859 278
3859 279
3859 280
3859 281
3860 198
3860 199
3860 200
3860 201
3860 202
3860 203
3860 204
3860 205
3860 206
3860 207
3860 208
3860 209
3860 210
3861 210
3861 211
3861 212
3861 213
3861 214
3861 215
3861 216
3861 217
3861 218
3861 219
3861 220
3861 221
3861 222
3861 223
3861 224
3861 225
3862 223
3862 224
3862 225
3862 226
3862 227
3862 228
3862 229
3862 230
3862 231
3862 232
3862 233
3862 234
3862 235
3862 236
3862 237
3862 238
3862 239
3862 240
3863 237
3863 238
3863 239
3863 240
3863 241
3863 242
3863 243
3863 244
3863 245
3863 246
3863 247
3863 248
3863 249
3863 250
3863 251
3863 252
3863 253
3864 251
3864 252
3864 253
3864 254
3864 255
3864 256
3864 257
3864 258
3864 259
3864 260
3864 261
3864 262
3864 263
3864 264
3864 265
3864 266
3865 266
3865 267
3865 268
3865 269
3865 270
3865 271
3865 272
3865 273
3865 274
3865 275
3865 276
3865 277
3865 278
3865 279
3866 195
3866 196
3866 197
3866 198
3866 199
3866 200
3866 201
3866 202
3866 203
3866 204
3866 205
3866 206
3866 284
3866 285
3866 286
3866 287
3866 288
3867 207
3867 208
3867 209
3867 210
3867 211
3867 212
3867 213
3867 214
3867 215
3867 216
3867 217
3867 218
3867 219
3867 220
3867 221
3868 220
3868 221
3868 222
3868 223
3868 224
3868 225
3868 226
3868 227
3868 228
3868 229
3868 230
3868 231
3868 232
3868 233
3868 234
3868 235
3868 236
3869 233
3869 234
3869 235
3869 236
3869 237
3869 238
3869 239
3869 240
3869 241
3869 242
3869 243
3869 244
3869 245
3869 246
3869 247
3869 248
3869 249
3869 250
3870 247
3870 248
3870 249
3870 250
3870 251
3870 252
3870 253
3870 254
3870 255
3870 256
3870 257
3870 258
3870 259
3870 260
3870 261
3870 262
3870 263
3871 262
3871 263
3871 264
3871 265
3871 266
3871 267
3871 268
3871 269
3871 270
3871 271
3871 272
3871 273
3871 274
3871 275
3871 276
3872 193
3872 194
3872 195
3872 196
3872 197
3872 198
3872 199
3872 200
3872 201
3872 202
3872 279
3872 280
3872 281
3872 282
3872 283
3872 284
3872 285
3872 286
3873 204
3873 205
3873 206
3873 207
3873 208
3873 209
3873 210
3873 211
3873 212
3873 213
3873 214
3873 215
3873 216
3873 217
3873 218
3874 216
3874 217
3874 218
3874 219
3874 220
3874 221
3874 222
3874 223
3874 224
3874 225
3874 226
3874 227
3874 228
3874 229
3874 230
3874 231
3874 232
3875 230
3875 231
3875 232
3875 233
3875 234
3875 235
3875 236
3875 237
3875 238
3875 239
3875 240
3875 241
3875 242
3875 243
3875 244
3875 245
3875 246
3876 244
3876 245
3876 246
3876 247
3876 248
3876 249
3876 250
3876 251
3876 252
3876 253
3876 254
3876 255
3876 256
3876 257
3876 258
3876 259
3876 260
3877 258
3877 259
3877 260
3877 261
3877 262
3877 263
3877 264
3877 265
3877 266
3877 267
3877 268
3877 269
3877 270
3877 271
3877 272
3877 273
3878 190
3878 191
3878 192
3878 193
3878 194
3878 195
3878 196
3878 197
3878 274
3878 275
3878 276
3878 277
3878 278
3878 279
3878 280
3878 281
3878 282
3878 283
3878 284
3879 201
3879 202
3879 203
3879 204
3879 205
3879 206
3879 207
3879 208
3879 209
3879 210
3879 211
3879 212
3879 213
3879 214
3880 213
3880 214
3880 215
3880 216
3880 217
3880 218
3880 219
3880 220
3880 221
3880 222
3880 223
3880 224
3880 225
3880 226
3880 227
3880 228
3880 229
3881 226
3881 227
3881 228
3881 229
3881 230
3881 231
3881 232
3881 233
3881 234
3881 235
3881 236
3881 237
3881 238
3881 239
3881 240
3881 241
3881 242
3881 243
3882 240
3882 241
3882 242
3882 243
3882 244
3882 245
3882 246
3882 247
3882 248
3882 249
3882 250
3882 251
3882 252
3882 253
3882 254
3882 255
3882 256
3883 255
3883 256
3883 257
3883 258
3883 259
3883 260
3883 261
3883 262
3883 263
3883 264
3883 265
3883 266
3883 267
3883 268
3883 269
3884 189
3884 190
3884 191
3884 192
3884 270
3884 271
3884 272
3884 273
3884 274
3884 275
3884 276
3884 277
3884 278
3884 279
3884 280
3884 281
3885 198
3885 199
3885 200
3885 201
3885 202
3885 203
3885 204
3885 205
3885 206
3885 207
3885 208
3885 209
3885 210
3886 210
3886 211
3886 212
3886 213
3886 214
3886 215
3886 216
3886 217
3886 218
3886 219
3886 220
3886 221
3886 222
3886 223
3886 224
3886 225
3887 223
3887 224
3887 225
3887 226
3887 227
3887 228
3887 229
3887 230
3887 231
3887 232
3887 233
3887 234
3887 235
3887 236
3887 237
3887 238
3887 239
3888 237
3888 238
3888 239
3888 240
3888 241
3888 242
3888 243
3888 244
3888 245
3888 246
3888 247
3888 248
3888 249
3888 250
3888 251
3888 252
3888 253
3889 251
3889 252
3889 253
3889 254
3889 255
3889 256
3889 257
3889 258
3889 259
3889 260
3889 261
3889 262
3889 263
3889 264
3889 265
3889 266
3890 266
3890 267
3890 268
3890 269
3890 270
3890 271
3890 272
3890 273
3890 274
3890 275
3890 276
3890 277
3890 278
3891 196
3891 197
3891 198
3891 199
3891 200
3891 201
3891 202
3891 203
3891 204
3891 205
3891 206
3891 283
3891 284
3891 285
3891 286
3891 287
3891 288
3892 207
3892 208
3892 209
3892 210
3892 211
3892 212
3892 213
3892 214
3892 215
3892 216
3892 217
3892 218
3892 219
3892 220
3892 221
3893 220
3893 221
3893 222
3893 223
3893 224
3893 225
3893 226
3893 227
3893 228
3893 229
3893 230
3893 231
3893 232
3893 233
3893 234
3893 235
3893 236
3894 233
3894 234
3894 235
3894 236
3894 237
3894 238
3894 239
3894 240
3894 241
3894 242
3894 243
3894 244
3894 245
3894 246
3894 247
3894 248
3894 249
3894 250
3895 247
3895 248
3895 249
3895 250
3895 251
3895 252
3895 253
3895 254
3895 255
3895 256
3895 257
3895 258
3895 259
3895 260
3895 261
3895 262
3895 263
3896 262
3896 263
3896 264
3896 265
3896 266
3896 267
3896 268
3896 269
3896 270
3896 271
3896 272
3896 273
3896 274
3896 275
3897 193
3897 194
3897 195
3897 196
3897 197
3897 198
3897 199
3897 200
3897 201
3897 278
3897 279
3897 280
3897 281
3897 282
3897 283
3897 284
3897 285
3897 286
3898 204
3898 205
3898 206
3898 207
3898 208
3898 209
3898 210
3898 211
3898 212
3898 213
3898 214
3898 215
3898 216
3898 217
3899 217
3899 218
3899 219
3899 220
3899 221
3899 222
3899 223
3899 224
3899 225
3899 226
3899 227
3899 228
3899 229
3899 230
3899 231
3899 232
3900 230
3900 231
3900 232
3900 233
3900 234
3900 235
3900 236
3900 237
3900 238
3900 239
3900 240
3900 241
3900 242
3900 243
3900 244
3900 245
3900 246
3901 244
3901 245
3901 246
3901 247
3901 248
3901 249
3901 250
3901 251
3901 252
3901 253
3901 254
3901 255
3901 256
3901 257
3901 258
3901 259
3901 260
3902 258
3902 259
3902 260
3902 261
3902 262
3902 263
3902 264
3902 265
3902 266
3902 267
3902 268
3902 269
3902 270
3902 271
3902 272
3903 192
3903 193
3903 194
3903 195
3903 196
3903 274
3903 275
3903 276
3903 277
3903 278
3903 279
3903 280
3903 281
3903 282
3903 283
3903 284
3904 201
3904 202
3904 203
3904 204
3904 205
3904 206
3904 207
3904 208
3904 209
3904 210
3904 211
3904 212
3904 213
3905 213
3905 214
3905 215
3905 216
3905 217
3905 218
3905 219
3905 220
3905 221
3905 222
3905 223
3905 224
3905 225
3905 226
3905 227
3905 228
3906 226
3906 227
3906 228
3906 229
3906 230
3906 231
3906 232
3906 233
3906 234
3906 235
3906 236
3906 237
3906 238
3906 239
3906 240
3906 241
3906 242
3906 243
3907 240
3907 241
3907 242
3907 243
3907 244
3907 245
3907 246
3907 247
3907 248
3907 249
3907 250
3907 251
3907 252
3907 253
3907 254
3907 255
3907 256
3908 254
3908 255
3908 256
3908 257
3908 258
3908 259
3908 260
3908 261
3908 262
3908 263
3908 264
3908 265
3908 266
3908 267
3908 268
3908 269
3909 270
3909 271
3909 272
3909 273
3909 274
3909 275
3909 276
3909 277
3909 278
3909 279
3909 280
3909 281
3910 199
3910 200
3910 201
3910 202
3910 203
3910 204
3910 205
3910 206
3910 207
3910 208
3910 209
3910 288
3910 289
3911 210
3911 211
3911 212
3911 213
3911 214
3911 215
3911 216
3911 217
3911 218
3911 219
3911 220
3911 221
3911 222
3911 223
3911 224
3911 225
3912 223
3912 224
3912 225
3912 226
3912 227
3912 228
3912 229
3912 230
3912 231
3912 232
3912 233
3912 234
3912 235
3912 236
3912 237
3912 238
3912 239
3913 237
3913 238
3913 239
3913 240
3913 241
3913 242
3913 243
3913 244
3913 245
3913 246
3913 247
3913 248
3913 249
3913 250
3913 251
3913 252
3913 253
3914 251
3914 252
3914 253
3914 254
3914 255
3914 256
3914 257
3914 258
3914 259
3914 260
3914 261
3914 262
3914 263
3914 264
3914 265
3914 266
3915 266
3915 267
3915 268
3915 269
3915 270
3915 271
3915 272
3915 273
3915 274
3915 275
3915 276
3915 277
3915 278
3916 196
3916 197
3916 198
3916 199
3916 200
3916 201
3916 202
3916 203
3916 204
3916 205
3916 282
3916 283
3916 284
3916 285
3916 286
3916 287
3916 288
3917 207
3917 208
3917 209
3917 210
3917 211
3917 212
3917 213
3917 214
3917 215
3917 216
3917 217
3917 218
3917 219
3917 220
3917 221
3918 220
3918 221
3918 222
3918 223
3918 224
3918 225
3918 226
3918 227
3918 228
3918 229
3918 230
3918 231
3918 232
3918 233
3918 234
3918 235
3918 236
3919 233
3919 234
3919 235
3919 236
3919 237
3919 238
3919 239
3919 240
3919 241
3919 242
3919 243
3919 244
3919 245
3919 246
3919 247
3919 248
3919 249
3920 247
3920 248
3920 249
3920 250
3920 251
3920 252
3920 253
3920 254
3920 255
3920 256
3920 257
3920 258
3920 259
3920 260
3920 261
3920 262
3920 263
3921 262
3921 263
3921 264
3921 265
3921 266
3921 267
3921 268
3921 269
3921 270
3921 271
3921 272
3921 273
3921 274
3921 275
3922 194
3922 195
3922 196
3922 197
3922 198
3922 199
3922 200
3922 201
3922 278
3922 279
3922 280
3922 281
3922 282
3922 283
3922 284
3922 285
3922 286
3923 205
3923 206
3923 207
3923 208
3923 209
3923 210
3923 211
3923 212
3923 213
3923 214
3923 215
3923 216
3923 217
3924 217
3924 218
3924 219
3924 220
3924 221
3924 222
3924 223
3924 224
3924 225
3924 226
3924 227
3924 228
3924 229
3924 230
3924 231
3924 232
3925 230
3925 231
3925 232
3925 233
3925 234
3925 235
3925 236
3925 237
3925 238
3925 239
3925 240
3925 241
3925 242
3925 243
3925 244
3925 245
3925 246
3926 244
3926 245
3926 246
3926 247
3926 248
3926 249
3926 250
3926 251
3926 252
3926 253
3926 254
3926 255
3926 256
3926 257
3926 258
3926 259
3927 258
3927 259
3927 260
3927 261
3927 262
3927 263
3927 264
3927 265
3927 266
3927 267
3927 268
3927 269
3927 270
3927 271
3927 272
3928 193
3928 194
3928 195
3928 273
3928 274
3928 275
3928 276
3928 277
3928 278
3928 279
3928 280
3928 281
3928 282
3928 283
3928 284
3929 202
3929 203
3929 204
3929 205
3929 206
3929 207
3929 208
3929 209
3929 210
3929 211
3929 212
3929 213
3930 214
3930 215
3930 216
3930 217
3930 218
3930 219
3930 220
3930 221
3930 222
3930 223
3930 224
3930 225
3930 226
3930 227
3930 228
3931 227
3931 228
3931 229
3931 230
3931 231
3931 232
3931 233
3931 234
3931 235
3931 236
3931 237
3931 238
3931 239
3931 240
3931 241
3931 242
3932 240
3932 241
3932 242
3932 243
3932 244
3932 245
3932 246
3932 247
3932 248
3932 249
3932 250
3932 251
3932 252
3932 253
3932 254
3932 255
3932 256
3933 254
3933 255
3933 256
3933 257
3933 258
3933 259
3933 260
3933 261
3933 262
3933 263
3933 264
3933 265
3933 266
3933 267
3933 268
3933 269
3934 269
3934 270
3934 271
3934 272
3934 273
3934 274
3934 275
3934 276
3934 277
3934 278
3934 279
3934 280
3934 281
3935 199
3935 200
3935 201
3935 202
3935 203
3935 204
3935 205
3935 206
3935 207
3935 208
3935 209
3935 287
3935 288
3935 289
3935 290
3936 211
3936 212
3936 213
3936 214
3936 215
3936 216
3936 217
3936 218
3936 219
3936 220
3936 221
3936 222
3936 223
3936 224
3936 225
3937 223
3937 224
3937 225
3937 226
3937 227
3937 228
3937 229
3937 230
3937 231
3937 232
3937 233
3937 234
3937 235
3937 236
3937 237
3937 238
3937 239
3938 237
3938 238
3938 239
3938 240
3938 241
3938 242
3938 243
3938 244
3938 245
3938 246
3938 247
3938 248
3938 249
3938 250
3938 251
3938 252
3938 253
3939 251
3939 252
3939 253
3939 254
3939 255
3939 256
3939 257
3939 258
3939 259
3939 260
3939 261
3939 262
3939 263
3939 264
3939 265
3939 266
3940 265
3940 266
3940 267
3940 268
3940 269
3940 270
3940 271
3940 272
3940 273
3940 274
3940 275
3940 276
3940 277
3940 278
3941 197
3941 198
3941 199
3941 200
3941 201
3941 202
3941 203
3941 204
3941 205
3941 282
3941 283
3941 284
3941 285
3941 286
3941 287
3941 288
3942 208
3942 209
3942 210
3942 211
3942 212
3942 213
3942 214
3942 215
3942 216
3942 217
3942 218
3942 219
3942 220
3942 221
3943 220
3943 221
3943 222
3943 223
3943 224
3943 225
3943 226
3943 227
3943 228
3943 229
3943 230
3943 231
3943 232
3943 233
3943 234
3943 235
3944 233
3944 234
3944 235
3944 236
3944 237
3944 238
3944 239
3944 240
3944 241
3944 242
3944 243
3944 244
3944 245
3944 246
3944 247
3944 248
3944 249
3945 247
3945 248
3945 249
3945 250
3945 251
3945 252
3945 253
3945 254
3945 255
3945 256
3945 257
3945 258
3945 259
3945 260
3945 261
3945 262
3946 261
3946 262
3946 263
3946 264
3946 265
3946 266
3946 267
3946 268
3946 269
3946 270
3946 271
3946 272
3946 273
3946 274
3946 275
3947 195
3947 196
3947 197
3947 198
3947 199
3947 200
3947 277
3947 278
3947 279
3947 280
3947 281
3947 282
3947 283
3947 284
3947 285
3947 286
3948 205
3948 206
3948 207
3948 208
3948 209
3948 210
3948 211
3948 212
3948 213
3948 214
3948 215
3948 216
3948 217
3949 217
3949 218
3949 219
3949 220
3949 221
3949 222
3949 223
3949 224
3949 225
3949 226
3949 227
3949 228
3949 229
3949 230
3949 231
3949 232
3950 230
3950 231
3950 232
3950 233
3950 234
3950 235
3950 236
3950 237
3950 238
3950 239
3950 240
3950 241
3950 242
3950 243
3950 244
3950 245
3950 246
3951 244
3951 245
3951 246
3951 247
3951 248
3951 249
3951 250
3951 251
3951 252
3951 253
3951 254
3951 255
3951 256
3951 257
3951 258
3951 259
3952 258
3952 259
3952 260
3952 261
3952 262
3952 263
3952 264
3952 265
3952 266
3952 267
3952 268
3952 269
3952 270
3952 271
3952 272
3953 273
3953 274
3953 275
3953 276
3953 277
3953 278
3953 279
3953 280
3953 281
3953 282
3953 283
3954 202
3954 203
3954 204
3954 205
3954 206
3954 207
3954 208
3954 209
3954 210
3954 211
3954 212
3954 213
3955 214
3955 215
3955 216
3955 217
3955 218
3955 219
3955 220
3955 221
3955 222
3955 223
3955 224
3955 225
3955 226
3955 227
3955 228
3956 227
3956 228
3956 229
3956 230
3956 231
3956 232
3956 233
3956 234
3956 235
3956 236
3956 237
3956 238
3956 239
3956 240
3956 241
3956 242
3957 240
3957 241
3957 242
3957 243
3957 244
3957 245
3957 246
3957 247
3957 248
3957 249
3957 250
3957 251
3957 252
3957 253
3957 254
3957 255
3957 256
3958 254
3958 255
3958 256
3958 257
3958 258
3958 259
3958 260
3958 261
3958 262
3958 263
3958 264
3958 265
3958 266
3958 267
3958 268
3958 269
3959 269
3959 270
3959 271
3959 272
3959 273
3959 274
3959 275
3959 276
3959 277
3959 278
3959 279
3959 280
3959 281
3960 200
3960 201
3960 202
3960 203
3960 204
3960 205
3960 206
3960 207
3960 208
3960 209
3960 286
3960 287
3960 288
3960 289
3960 290
3961 211
3961 212
3961 213
3961 214
3961 215
3961 216
3961 217
3961 218
3961 219
3961 220
3961 221
3961 222
3961 223
3961 224
3962 224
3962 225
3962 226
3962 227
3962 228
3962 229
3962 230
3962 231
3962 232
3962 233
3962 234
3962 235
3962 236
3962 237
3962 238
3962 239
3963 237
3963 238
3963 239
3963 240
3963 241
3963 242
3963 243
3963 244
3963 245
3963 246
3963 247
3963 248
3963 249
3963 250
3963 251
3963 252
3964 251
3964 252
3964 253
3964 254
3964 255
3964 256
3964 257
3964 258
3964 259
3964 260
3964 261
3964 262
3964 263
3964 264
3964 265
3965 265
3965 266
3965 267
3965 268
3965 269
3965 270
3965 271
3965 272
3965 273
3965 274
3965 275
3965 276
3965 277
3965 278
3966 198
3966 199
3966 200
3966 201
3966 202
3966 203
3966 204
3966 281
3966 282
3966 283
3966 284
3966 285
3966 286
3966 287
3966 288
3967 208
3967 209
3967 210
3967 211
3967 212
3967 213
3967 214
3967 215
3967 216
3967 217
3967 218
3967 219
3967 220
3967 221
3968 220
3968 221
3968 222
3968 223
3968 224
3968 225
3968 226
3968 227
3968 228
3968 229
3968 230
3968 231
3968 232
3968 233
3968 234
3968 235
3969 233
3969 234
3969 235
3969 236
3969 237
3969 238
3969 239
3969 240
3969 241
3969 242
3969 243
3969 244
3969 245
3969 246
3969 247
3969 248
3969 249
3970 247
3970 248
3970 249
3970 250
3970 251
3970 252
3970 253
3970 254
3970 255
3970 256
3970 257
3970 258
3970 259
3970 260
3970 261
3970 262
3971 261
3971 262
3971 263
3971 264
3971 265
3971 266
3971 267
3971 268
3971 269
3971 270
3971 271
3971 272
3971 273
3971 274
3971 275
3972 197
3972 198
3972 199
3972 277
3972 278
3972 279
3972 280
3972 281
3972 282
3972 283
3972 284
3972 285
3972 286
3973 206
3973 207
3973 208
3973 209
3973 210
3973 211
3973 212
3973 213
3973 214
3973 215
3973 216
3973 217
3974 217
3974 218
3974 219
3974 220
3974 221
3974 222
3974 223
3974 224
3974 225
3974 226
3974 227
3974 228
3974 229
3974 230
3974 231
3974 232
3975 230
3975 231
3975 232
3975 233
3975 234
3975 235
3975 236
3975 237
3975 238
3975 239
3975 240
3975 241
3975 242
3975 243
3975 244
3975 245
3976 244
3976 245
3976 246
3976 247
3976 248
3976 249
3976 250
3976 251
3976 252
3976 253
3976 254
3976 255
3976 256
3976 257
3976 258
3976 259
3977 258
3977 259
3977 260
3977 261
3977 262
3977 263
3977 264
3977 265
3977 266
3977 267
3977 268
3977 269
3977 270
3977 271
3978 273
3978 274
3978 275
3978 276
3978 277
3978 278
3978 279
3978 280
3978 281
3978 282
3978 283
3979 203
3979 204
3979 205
3979 206
3979 207
3979 208
3979 209
3979 210
3979 211
3979 212
3979 213
3980 214
3980 215
3980 216
3980 217
3980 218
3980 219
3980 220
3980 221
3980 222
3980 223
3980 224
3980 225
3980 226
3980 227
3980 228
3981 227
3981 228
3981 229
3981 230
3981 231
3981 232
3981 233
3981 234
3981 235
3981 236
3981 237
3981 238
3981 239
3981 240
3981 241
3981 242
3982 240
3982 241
3982 242
3982 243
3982 244
3982 245
3982 246
3982 247
3982 248
3982 249
3982 250
3982 251
3982 252
3982 253
3982 254
3982 255
3983 254
3983 255
3983 256
3983 257
3983 258
3983 259
3983 260
3983 261
3983 262
3983 263
3983 264
3983 265
3983 266
3983 267
3983 268
3984 269
3984 270
3984 271
3984 272
3984 273
3984 274
3984 275
3984 276
3984 277
3984 278
3984 279
3984 280
3985 201
3985 202
3985 203
3985 204
3985 205
3985 206
3985 207
3985 208
3985 285
3985 286
3985 287
3985 288
3985 289
3985 290
3986 211
3986 212
3986 213
3986 214
3986 215
3986 216
3986 217
3986 218
3986 219
3986 220
3986 221
3986 222
3986 223
3986 224
3987 224
3987 225
3987 226
3987 227
3987 228
3987 229
3987 230
3987 231
3987 232
3987 233
3987 234
3987 235
3987 236
3987 237
3987 238
3988 237
3988 238
3988 239
3988 240
3988 241
3988 242
3988 243
3988 244
3988 245
3988 246
3988 247
3988 248
3988 249
3988 250
3988 251
3988 252
3989 250
3989 251
3989 252
3989 253
3989 254
3989 255
3989 256
3989 257
3989 258
3989 259
3989 260
3989 261
3989 262
3989 263
3989 264
3989 265
3990 265
3990 266
3990 267
3990 268
3990 269
3990 270
3990 271
3990 272
3990 273
3990 274
3990 275
3990 276
3990 277
3991 199
3991 200
3991 201
3991 202
3991 203
3991 204
3991 281
3991 282
3991 283
3991 284
3991 285
3991 286
3991 287
3991 288
3992 209
3992 210
3992 211
3992 212
3992 213
3992 214
3992 215
3992 216
3992 217
3992 218
3992 219
3992 220
3993 221
3993 222
3993 223
3993 224
3993 225
3993 226
3993 227
3993 228
3993 229
3993 230
3993 231
3993 232
3993 233
3993 234
3993 235
3994 233
3994 234
3994 235
3994 236
3994 237
3994 238
3994 239
3994 240
3994 241
3994 242
3994 243
3994 244
3994 245
3994 246
3994 247
3994 248
3994 249
3995 247
3995 248
3995 249
3995 250
3995 251
3995 252
3995 253
3995 254
3995 255
3995 256
3995 257
3995 258
3995 259
3995 260
3995 261
3995 262
3996 261
3996 262
3996 263
3996 264
3996 265
3996 266
3996 267
3996 268
3996 269
3996 270
3996 271
3996 272
3996 273
3996 274
3997 276
3997 277
3997 278
3997 279
3997 280
3997 281
3997 282
3997 283
3997 284
3997 285
3998 206
3998 207
3998 208
3998 209
3998 210
3998 211
3998 212
3998 213
3998 214
3998 215
3998 216
3999 218
3999 219
3999 220
3999 221
3999 222
3999 223
3999 224
3999 225
3999 226
3999 227
3999 228
3999 229
3999 230
3999 231
4000 230
4000 231
4000 232
4000 233
4000 234
4000 235
4000 236
4000 237
4000 238
4000 239
4000 240
4000 241
4000 242
4000 243
4000 244
4000 245
4001 244
4001 245
4001 246
4001 247
4001 248
4001 249
4001 250
4001 251
4001 252
4001 253
4001 254
4001 255
4001 256
4001 257
4001 258
4001 259
4002 257
4002 258
4002 259
4002 260
4002 261
4002 262
4002 263
4002 264
4002 265
4002 266
4002 267
4002 268
4002 269
4002 270
4002 271
4003 272
4003 273
4003 274
4003 275
4003 276
4003 277
4003 278
4003 279
4003 280
4003 281
4003 282
4003 283
4004 204
4004 205
4004 206
4004 207
4004 208
4004 209
4004 210
4004 211
4004 212
4005 215
4005 216
4005 217
4005 218
4005 219
4005 220
4005 221
4005 222
4005 223
4005 224
4005 225
4005 226
4005 227
4005 228
4006 227
4006 228
4006 229
4006 230
4006 231
4006 232
4006 233
4006 234
4006 235
4006 236
4006 237
4006 238
4006 239
4006 240
4006 241
4006 242
4007 240
4007 241
4007 242
4007 243
4007 244
4007 245
4007 246
4007 247
4007 248
4007 249
4007 250
4007 251
4007 252
4007 253
4007 254
4007 255
4008 254
4008 255
4008 256
4008 257
4008 258
4008 259
4008 260
4008 261
4008 262
4008 263
4008 264
4008 265
4008 266
4008 267
4008 268
4009 268
4009 269
4009 270
4009 271
4009 272
4009 273
4009 274
4009 275
4009 276
4009 277
4009 278
4009 279
4009 280
4010 201
4010 202
4010 203
4010 204
4010 205
4010 206
4010 207
4010 208
4010 285
4010 286
4010 287
4010 288
4010 289
4010 290
4011 212
4011 213
4011 214
4011 215
4011 216
4011 217
4011 218
4011 219
4011 220
4011 221
4011 222
4011 223
4011 224
4012 224
4012 225
4012 226
4012 227
4012 228
4012 229
4012 230
4012 231
4012 232
4012 233
4012 234
4012 235
4012 236
4012 237
4012 238
4013 237
4013 238
4013 239
4013 240
4013 241
4013 242
4013 243
4013 244
4013 245
4013 246
4013 247
4013 248
4013 249
4013 250
4013 251
4013 252
4014 250
4014 251
4014 252
4014 253
4014 254
4014 255
4014 256
4014 257
4014 258
4014 259
4014 260
4014 261
4014 262
4014 263
4014 264
4014 265
4015 265
4015 266
4015 267
4015 268
4015 269
4015 270
4015 271
4015 272
4015 273
4015 274
4015 275
4015 276
4015 277
4016 200
4016 201
4016 202
4016 203
4016 280
4016 281
4016 282
4016 283
4016 284
4016 285
4016 286
4016 287
4017 209
4017 210
4017 211
4017 212
4017 213
4017 214
4017 215
4017 216
4017 217
4017 218
4017 219
4017 220
4018 221
4018 222
4018 223
4018 224
4018 225
4018 226
4018 227
4018 228
4018 229
4018 230
4018 231
4018 232
4018 233
4018 234
4018 235
4019 234
4019 235
4019 236
4019 237
4019 238
4019 239
4019 240
4019 241
4019 242
4019 243
4019 244
4019 245
4019 246
4019 247
4019 248
4020 247
4020 248
4020 249
4020 250
4020 251
4020 252
4020 253
4020 254
4020 255
4020 256
4020 257
4020 258
4020 259
4020 260
4020 261
4020 262
4021 261
4021 262
4021 263
4021 264
4021 265
4021 266
4021 267
4021 268
4021 269
4021 270
4021 271
4021 272
4021 273
4021 274
4022 276
4022 277
4022 278
4022 279
4022 280
4022 281
4022 282
4022 283
4022 284
4022 285
4023 206
4023 207
4023 208
4023 209
4023 210
4023 211
4023 212
4023 213
4023 214
4023 215
4023 216
4024 218
4024 219
4024 220
4024 221
4024 222
4024 223
4024 224
4024 225
4024 226
4024 227
4024 228
4024 229
4024 230
4024 231
4025 230
4025 231
4025 232
4025 233
4025 234
4025 235
4025 236
4025 237
4025 238
4025 239
4025 240
4025 241
4025 242
4025 243
4025 244
4025 245
4026 243
4026 244
4026 245
4026 246
4026 247
4026 248
4026 249
4026 250
4026 251
4026 252
4026 253
4026 254
4026 255
4026 256
4026 257
4026 258
4027 257
4027 258
4027 259
4027 260
4027 261
4027 262
4027 263
4027 264
4027 265
4027 266
4027 267
4027 268
4027 269
4027 270
4027 271
4028 272
4028 273
4028 274
4028 275
4028 276
4028 277
4028 278
4028 279
4028 280
4028 281
4028 282
4029 204
4029 205
4029 206
4029 207
4029 208
4029 209
4029 210
4029 211
4029 212
4030 215
4030 216
4030 217
4030 218
4030 219
4030 220
4030 221
4030 222
4030 223
4030 224
4030 225
4030 226
4030 227
4030 228
4031 227
4031 228
4031 229
4031 230
4031 231
4031 232
4031 233
4031 234
4031 235
4031 236
4031 237
4031 238
4031 239
4031 240
4031 241
4031 242
4032 240
4032 241
4032 242
4032 243
4032 244
4032 245
4032 246
4032 247
4032 248
4032 249
4032 250
4032 251
4032 252
4032 253
4032 254
4032 255
4033 254
4033 255
4033 256
4033 257
4033 258
4033 259
4033 260
4033 261
4033 262
4033 263
4033 264
4033 265
4033 266
4033 267
4033 268
4034 268
4034 269
4034 270
4034 271
4034 272
4034 273
4034 274
4034 275
4034 276
4034 277
4034 278
4034 279
4035 202
4035 203
4035 204
4035 205
4035 206
4035 207
4035 208
4035 284
4035 285
4035 286
4035 287
4035 288
4035 289
4036 212
4036 213
4036 214
4036 215
4036 216
4036 217
4036 218
4036 219
4036 220
4036 221
4036 222
4036 223
4036 224
4037 224
4037 225
4037 226
4037 227
4037 228
4037 229
4037 230
4037 231
4037 232
4037 233
4037 234
4037 235
4037 236
4037 237
4037 238
4038 237
4038 238
4038 239
4038 240
4038 241
4038 242
4038 243
4038 244
4038 245
4038 246
4038 247
4038 248
4038 249
4038 250
4038 251
4038 252
4039 250
4039 251
4039 252
4039 253
4039 254
4039 255
4039 256
4039 257
4039 258
4039 259
4039 260
4039 261
4039 262
4039 263
4039 264
4040 264
4040 265
4040 266
4040 267
4040 268
4040 269
4040 270
4040 271
4040 272
4040 273
4040 274
4040 275
4040 276
4040 277
4041 200
4041 201
4041 202
4041 203
4041 280
4041 281
4041 282
4041 283
4041 284
4041 285
4041 286
4041 287
4042 209
4042 210
4042 211
4042 212
4042 213
4042 214
4042 215
4042 216
4042 217
4042 218
4042 219
4042 220
4043 221
4043 222
4043 223
4043 224
4043 225
4043 226
4043 227
4043 228
4043 229
4043 230
4043 231
4043 232
4043 233
4043 234
4043 235
4044 234
4044 235
4044 236
4044 237
4044 238
4044 239
4044 240
4044 241
4044 242
4044 243
4044 244
4044 245
4044 246
4044 247
4044 248
4045 247
4045 248
4045 249
4045 250
4045 251
4045 252
4045 253
4045 254
4045 255
4045 256
4045 257
4045 258
4045 259
4045 260
4045 261
4046 261
4046 262
4046 263
4046 264
4046 265
4046 266
4046 267
4046 268
4046 269
4046 270
4046 271
4046 272
4046 273
4046 274
4047 276
4047 277
4047 278
4047 279
4047 280
4047 281
4047 282
4047 283
4047 284
4047 285
4048 207
4048 208
4048 209
4048 210
4048 211
4048 212
4048 213
4048 214
4048 215
4048 216
4049 218
4049 219
4049 220
4049 221
4049 222
4049 223
4049 224
4049 225
4049 226
4049 227
4049 228
4049 229
4049 230
4049 231
4050 230
4050 231
4050 232
4050 233
4050 234
4050 235
4050 236
4050 237
4050 238
4050 239
4050 240
4050 241
4050 242
4050 243
4050 244
4050 245
4051 243
4051 244
4051 245
4051 246
4051 247
4051 248
4051 249
4051 250
4051 251
4051 252
4051 253
4051 254
4051 255
4051 256
4051 257
4051 258
4052 257
4052 258
4052 259
4052 260
4052 261
4052 262
4052 263
4052 264
4052 265
4052 266
4052 267
4052 268
4052 269
4052 270
4053 272
4053 273
4053 274
4053 275
4053 276
4053 277
4053 278
4053 279
4053 280
4053 281
4053 282
4054 204
4054 205
4054 206
4054 207
4054 208
4054 209
4054 210
4054 211
4054 212
4055 215
4055 216
4055 217
4055 218
4055 219
4055 220
4055 221
4055 222
4055 223
4055 224
4055 225
4055 226
4055 227
4056 227
4056 228
4056 229
4056 230
4056 231
4056 232
4056 233
4056 234
4056 235
4056 236
4056 237
4056 238
4056 239
4056 240
4056 241
4057 240
4057 241
4057 242
4057 243
4057 244
4057 245
4057 246
4057 247
4057 248
4057 249
4057 250
4057 251
4057 252
4057 253
4057 254
4057 255
4058 254
4058 255
4058 256
4058 257
4058 258
4058 259
4058 260
4058 261
4058 262
4058 263
4058 264
4058 265
4058 266
4058 267
4059 268
4059 269
4059 270
4059 271
4059 272
4059 273
4059 274
4059 275
4059 276
4059 277
4059 278
4059 279
4060 202
4060 203
4060 204
4060 205
4060 206
4060 207
4060 208
4060 284
4060 285
4060 286
4060 287
4060 288
4060 289
4061 212
4061 213
4061 214
4061 215
4061 216
4061 217
4061 218
4061 219
4061 220
4061 221
4061 222
4061 223
4061 224
4062 224
4062 225
4062 226
4062 227
4062 228
4062 229
4062 230
4062 231
4062 232
4062 233
4062 234
4062 235
4062 236
4062 237
4062 238
4063 237
4063 238
4063 239
4063 240
4063 241
4063 242
4063 243
4063 244
4063 245
4063 246
4063 247
4063 248
4063 249
4063 250
4063 251
4064 250
4064 251
4064 252
4064 253
4064 254
4064 255
4064 256
4064 257
4064 258
4064 259
4064 260
4064 261
4064 262
4064 263
4064 264
4065 264
4065 265
4065 266
4065 267
4065 268
4065 269
4065 270
4065 271
4065 272
4065 273
4065 274
4065 275
4065 276
4066 201
4066 202
4066 279
4066 280
4066 281
4066 282
4066 283
4066 284
4066 285
4066 286
4066 287
4067 210
4067 211
4067 212
4067 213
4067 214
4067 215
4067 216
4067 217
4067 218
4067 219
4067 220
4068 221
4068 222
4068 223
4068 224
4068 225
4068 226
4068 227
4068 228
4068 229
4068 230
4068 231
4068 232
4068 233
4068 234
4069 234
4069 235
4069 236
4069 237
4069 238
4069 239
4069 240
4069 241
4069 242
4069 243
4069 244
4069 245
4069 246
4069 247
4069 248
4070 247
4070 248
4070 249
4070 250
4070 251
4070 252
4070 253
4070 254
4070 255
4070 256
4070 257
4070 258
4070 259
4070 260
4070 261
4071 260
4071 261
4071 262
4071 263
4071 264
4071 265
4071 266
4071 267
4071 268
4071 269
4071 270
4071 271
4071 272
4071 273
4072 275
4072 276
4072 277
4072 278
4072 279
4072 280
4072 281
4072 282
4072 283
4072 284
4073 207
4073 208
4073 209
4073 210
4073 211
4073 212
4073 213
4073 214
4073 215
4073 216
4074 218
4074 219
4074 220
4074 221
4074 222
4074 223
4074 224
4074 225
4074 226
4074 227
4074 228
4074 229
4074 230
4074 231
4075 231
4075 232
4075 233
4075 234
4075 235
4075 236
4075 237
4075 238
4075 239
4075 240
4075 241
4075 242
4075 243
4075 244
4075 245
4076 243
4076 244
4076 245
4076 246
4076 247
4076 248
4076 249
4076 250
4076 251
4076 252
4076 253
4076 254
4076 255
4076 256
4076 257
4076 258
4077 257
4077 258
4077 259
4077 260
4077 261
4077 262
4077 263
4077 264
4077 265
4077 266
4077 267
4077 268
4077 269
4077 270
4078 271
4078 272
4078 273
4078 274
4078 275
4078 276
4078 277
4078 278
4078 279
4078 280
4078 281
4079 205
4079 206
4079 207
4079 208
4079 209
4079 210
4079 211
4079 212
4080 215
4080 216
4080 217
4080 218
4080 219
4080 220
4080 221
4080 222
4080 223
4080 224
4080 225
4080 226
4080 227
4081 227
4081 228
4081 229
4081 230
4081 231
4081 232
4081 233
4081 234
4081 235
4081 236
4081 237
4081 238
4081 239
4081 240
4081 241
4082 240
4082 241
4082 242
4082 243
4082 244
4082 245
4082 246
4082 247
4082 248
4082 249
4082 250
4082 251
4082 252
4082 253
4082 254
4083 253
4083 254
4083 255
4083 256
4083 257
4083 258
4083 259
4083 260
4083 261
4083 262
4083 263
4083 264
4083 265
4083 266
4083 267
4084 268
4084 269
4084 270
4084 271
4084 272
4084 273
4084 274
4084 275
4084 276
4084 277
4084 278
4084 279
4085 203
4085 204
4085 205
4085 206
4085 207
4085 208
4085 283
4085 284
4085 285
4085 286
4085 287
4085 288
4086 213
4086 214
4086 215
4086 216
4086 217
4086 218
4086 219
4086 220
4086 221
4086 222
4086 223
4086 224
4087 224
4087 225
4087 226
4087 227
4087 228
4087 229
4087 230
4087 231
4087 232
4087 233
4087 234
4087 235
4087 236
4087 237
4087 238
4088 237
4088 238
4088 239
4088 240
4088 241
4088 242
4088 243
4088 244
4088 245
4088 246
4088 247
4088 248
4088 249
4088 250
4088 251
4089 250
4089 251
4089 252
4089 253
4089 254
4089 255
4089 256
4089 257
4089 258
4089 259
4089 260
4089 261
4089 262
4089 263
4089 264
4090 264
4090 265
4090 266
4090 267
4090 268
4090 269
4090 270
4090 271
4090 272
4090 273
4090 274
4090 275
4090 276
4091 202
4091 279
4091 280
4091 281
4091 282
4091 283
4091 284
4091 285
4091 286
4092 210
4092 211
4092 212
4092 213
4092 214
4092 215
4092 216
4092 217
4092 218
4092 219
4092 220
4093 221
4093 222
4093 223
4093 224
4093 225
4093 226
4093 227
4093 228
4093 229
4093 230
4093 231
4093 232
4093 233
4093 234
4094 234
4094 235
4094 236
4094 237
4094 238
4094 239
4094 240
4094 241
4094 242
4094 243
4094 244
4094 245
4094 246
4094 247
4094 248
4095 247
4095 248
4095 249
4095 250
4095 251
4095 252
4095 253
4095 254
4095 255
4095 256
4095 257
4095 258
4095 259
4095 260
4095 261
4096 260
4096 261
4096 262
4096 263
4096 264
4096 265
4096 266
4096 267
4096 268
4096 269
4096 270
4096 271
4096 272
4096 273
4097 275
4097 276
4097 277
4097 278
4097 279
4097 280
4097 281
4097 282
4097 283
4097 284
4098 207
4098 208
4098 209
4098 210
4098 211
4098 212
4098 213
4098 214
4098 215
4098 216
4099 218
4099 219
4099 220
4099 221
4099 222
4099 223
4099 224
4099 225
4099 226
4099 227
4099 228
4099 229
4099 230
4099 231
4100 231
4100 232
4100 233
4100 234
4100 235
4100 236
4100 237
4100 238
4100 239
4100 240
4100 241
4100 242
4100 243
4100 244
4101 243
4101 244
4101 245
4101 246
4101 247
4101 248
4101 249
4101 250
4101 251
4101 252
4101 253
4101 254
4101 255
4101 256
4101 257
4102 257
4102 258
4102 259
4102 260
4102 261
4102 262
4102 263
4102 264
4102 265
4102 266
4102 267
4102 268
4102 269
4102 270
4103 271
4103 272
4103 273
4103 274
4103 275
4103 276
4103 277
4103 278
4103 279
4103 280
4103 281
4104 205
4104 206
4104 207
4104 208
4104 209
4104 210
4104 211
4104 212
4105 216
4105 217
4105 218
4105 219
4105 220
4105 221
4105 222
4105 223
4105 224
4105 225
4105 226
4105 227
4106 227
4106 228
4106 229
4106 230
4106 231
4106 232
4106 233
4106 234
4106 235
4106 236
4106 237
4106 238
4106 239
4106 240
4106 241
4107 240
4107 241
4107 242
4107 243
4107 244
4107 245
4107 246
4107 247
4107 248
4107 249
4107 250
4107 251
4107 252
4107 253
4107 254
4108 253
4108 254
4108 255
4108 256
4108 257
4108 258
4108 259
4108 260
4108 261
4108 262
4108 263
4108 264
4108 265
4108 266
4108 267
4109 267
4109 268
4109 269
4109 270
4109 271
4109 272
4109 273
4109 274
4109 275
4109 276
4109 277
4109 278
4110 203
4110 204
4110 205
4110 206
4110 207
4110 208
4110 283
4110 284
4110 285
4110 286
4110 287
4110 288
4111 213
4111 214
4111 215
4111 216
4111 217
4111 218
4111 219
4111 220
4111 221
4111 222
4111 223
4111 224
4112 224
4112 225
4112 226
4112 227
4112 228
4112 229
4112 230
4112 231
4112 232
4112 233
4112 234
4112 235
4112 236
4112 237
4112 238
4113 237
4113 238
4113 239
4113 240
4113 241
4113 242
4113 243
4113 244
4113 245
4113 246
4113 247
4113 248
4113 249
4113 250
4113 251
4114 250
4114 251
4114 252
4114 253
4114 254
4114 255
4114 256
4114 257
4114 258
4114 259
4114 260
4114 261
4114 262
4114 263
4114 264
4115 264
4115 265
4115 266
4115 267
4115 268
4115 269
4115 270
4115 271
4115 272
4115 273
4115 274
4115 275
4116 202
4116 279
4116 280
4116 281
4116 282
4116 283
4116 284
4116 285
4116 286
4117 210
4117 211
4117 212
4117 213
4117 214
4117 215
4117 216
4117 217
4117 218
4117 219
4117 220
4118 221
4118 222
4118 223
4118 224
4118 225
4118 226
4118 227
4118 228
4118 229
4118 230
4118 231
4118 232
4118 233
4118 234
4119 234
4119 235
4119 236
4119 237
4119 238
4119 239
4119 240
4119 241
4119 242
4119 243
4119 244
4119 245
4119 246
4119 247
4119 248
4120 247
4120 248
4120 249
4120 250
4120 251
4120 252
4120 253
4120 254
4120 255
4120 256
4120 257
4120 258
4120 259
4120 260
4121 260
4121 261
4121 262
4121 263
4121 264
4121 265
4121 266
4121 267
4121 268
4121 269
4121 270
4121 271
4121 272
4122 275
4122 276
4122 277
4122 278
4122 279
4122 280
4122 281
4122 282
4122 283
4123 207
4123 208
4123 209
4123 210
4123 211
4123 212
4123 213
4123 214
4123 215
4123 216
4124 219
4124 220
4124 221
4124 222
4124 223
4124 224
4124 225
4124 226
4124 227
4124 228
4124 229
4124 230
4124 231
4125 231
4125 232
4125 233
4125 234
4125 235
4125 236
4125 237
4125 238
4125 239
4125 240
4125 241
4125 242
4125 243
4125 244
4126 243
4126 244
4126 245
4126 246
4126 247
4126 248
4126 249
4126 250
4126 251
4126 252
4126 253
4126 254
4126 255
4126 256
4126 257
4127 257
4127 258
4127 259
4127 260
4127 261
4127 262
4127 263
4127 264
4127 265
4127 266
4127 267
4127 268
4127 269
4128 271
4128 272
4128 273
4128 274
4128 275
4128 276
4128 277
4128 278
4128 279
4128 280
4128 281
4129 205
4129 206
4129 207
4129 208
4129 209
4129 210
4129 211
4129 212
4130 216
4130 217
4130 218
4130 219
4130 220
4130 221
4130 222
4130 223
4130 224
4130 225
4130 226
4130 227
4131 228
4131 229
4131 230
4131 231
4131 232
4131 233
4131 234
4131 235
4131 236
4131 237
4131 238
4131 239
4131 240
4131 241
4132 240
4132 241
4132 242
4132 243
4132 244
4132 245
4132 246
4132 247
4132 248
4132 249
4132 250
4132 251
4132 252
4132 253
4132 254
4133 253
4133 254
4133 255
4133 256
4133 257
4133 258
4133 259
4133 260
4133 261
4133 262
4133 263
4133 264
4133 265
4133 266
4134 267
4134 268
4134 269
4134 270
4134 271
4134 272
4134 273
4134 274
4134 275
4134 276
4134 277
4134 278
4135 203
4135 204
4135 205
4135 206
4135 207
4135 208
4135 283
4135 284
4135 285
4135 286
4135 287
4136 213
4136 214
4136 215
4136 216
4136 217
4136 218
4136 219
4136 220
4136 221
4136 222
4136 223
4136 224
4137 224
4137 225
4137 226
4137 227
4137 228
4137 229
4137 230
4137 231
4137 232
4137 233
4137 234
4137 235
4137 236
4137 237
4137 238
4138 237
4138 238
4138 239
4138 240
4138 241
4138 242
4138 243
4138 244
4138 245
4138 246
4138 247
4138 248
4138 249
4138 250
4138 251
4139 250
4139 251
4139 252
4139 253
4139 254
4139 255
4139 256
4139 257
4139 258
4139 259
4139 260
4139 261
4139 262
4139 263
4140 264
4140 265
4140 266
4140 267
4140 268
4140 269
4140 270
4140 271
4140 272
4140 273
4140 274
4140 275
4141 202
4141 203
4141 278
4141 279
4141 280
4141 281
4141 282
4141 283
4141 284
4141 285
4142 210
4142 211
4142 212
4142 213
4142 214
4142 215
4142 216
4142 217
4142 218
4142 219
4142 220
4143 221
4143 222
4143 223
4143 224
4143 225
4143 226
4143 227
4143 228
4143 229
4143 230
4143 231
4143 232
4143 233
4143 234
4144 234
4144 235
4144 236
4144 237
4144 238
4144 239
4144 240
4144 241
4144 242
4144 243
4144 244
4144 245
4144 246
4144 247
4145 247
4145 248
4145 249
4145 250
4145 251
4145 252
4145 253
4145 254
4145 255
4145 256
4145 257
4145 258
4145 259
4145 260
4146 260
4146 261
4146 262
4146 263
4146 264
4146 265
4146 266
4146 267
4146 268
4146 269
4146 270
4146 271
4146 272
4147 274
4147 275
4147 276
4147 277
4147 278
4147 279
4147 280
4147 281
4147 282
4147 283
4148 208
4148 209
4148 210
4148 211
4148 212
4148 213
4148 214
4148 215
4148 216
4149 219
4149 220
4149 221
4149 222
4149 223
4149 224
4149 225
4149 226
4149 227
4149 228
4149 229
4149 230
4149 231
4150 231
4150 232
4150 233
4150 234
4150 235
4150 236
4150 237
4150 238
4150 239
4150 240
4150 241
4150 242
4150 243
4150 244
4151 243
4151 244
4151 245
4151 246
4151 247
4151 248
4151 249
4151 250
4151 251
4151 252
4151 253
4151 254
4151 255
4151 256
4151 257
4152 257
4152 258
4152 259
4152 260
4152 261
4152 262
4152 263
4152 264
4152 265
4152 266
4152 267
4152 268
4152 269
4153 271
4153 272
4153 273
4153 274
4153 275
4153 276
4153 277
4153 278
4153 279
4153 280
4154 205
4154 206
4154 207
4154 208
4154 209
4154 210
4154 211
4154 212
4155 216
4155 217
4155 218
4155 219
4155 220
4155 221
4155 222
4155 223
4155 224
4155 225
4155 226
4155 227
4156 228
4156 229
4156 230
4156 231
4156 232
4156 233
4156 234
4156 235
4156 236
4156 237
4156 238
4156 239
4156 240
4156 241
4157 240
4157 241
4157 242
4157 243
4157 244
4157 245
4157 246
4157 247
4157 248
4157 249
4157 250
4157 251
4157 252
4157 253
4157 254
4158 253
4158 254
4158 255
4158 256
4158 257
4158 258
4158 259
4158 260
4158 261
4158 262
4158 263
4158 264
4158 265
4158 266
4159 267
4159 268
4159 269
4159 270
4159 271
4159 272
4159 273
4159 274
4159 275
4159 276
4159 277
4160 203
4160 204
4160 205
4160 206
4160 207
4160 208
4160 283
4160 284
4160 285
4160 286
4160 287
4161 213
4161 214
4161 215
4161 216
4161 217
4161 218
4161 219
4161 220
4161 221
4161 222
4161 223
4161 224
4162 224
4162 225
4162 226
4162 227
4162 228
4162 229
4162 230
4162 231
4162 232
4162 233
4162 234
4162 235
4162 236
4162 237
4163 237
4163 238
4163 239
4163 240
4163 241
4163 242
4163 243
4163 244
4163 245
4163 246
4163 247
4163 248
4163 249
4163 250
4163 251
4164 250
4164 251
4164 252
4164 253
4164 254
4164 255
4164 256
4164 257
4164 258
4164 259
4164 260
4164 261
4164 262
4164 263
4165 263
4165 264
4165 265
4165 266
4165 267
4165 268
4165 269
4165 270
4165 271
4165 272
4165 273
4165 274
4165 275
4166 201
4166 202
4166 203
4166 204
4166 278
4166 279
4166 280
4166 281
4166 282
4166 283
4166 284
4166 285
4167 210
4167 211
4167 212
4167 213
4167 214
4167 215
4167 216
4167 217
4167 218
4167 219
4167 220
4168 221
4168 222
4168 223
4168 224
4168 225
4168 226
4168 227
4168 228
4168 229
4168 230
4168 231
4168 232
4168 233
4168 234
4169 234
4169 235
4169 236
4169 237
4169 238
4169 239
4169 240
4169 241
4169 242
4169 243
4169 244
4169 245
4169 246
4169 247
4170 246
4170 247
4170 248
4170 249
4170 250
4170 251
4170 252
4170 253
4170 254
4170 255
4170 256
4170 257
4170 258
4170 259
4170 260
4171 260
4171 261
4171 262
4171 263
4171 264
4171 265
4171 266
4171 267
4171 268
4171 269
4171 270
4171 271
4171 272
4172 274
4172 275
4172 276
4172 277
4172 278
4172 279
4172 280
4172 281
4172 282
4173 207
4173 208
4173 209
4173 210
4173 211
4173 212
4173 213
4173 214
4173 215
4173 216
4174 219
4174 220
4174 221
4174 222
4174 223
4174 224
4174 225
4174 226
4174 227
4174 228
4174 229
4174 230
4174 231
4175 231
4175 232
4175 233
4175 234
4175 235
4175 236
4175 237
4175 238
4175 239
4175 240
4175 241
4175 242
4175 243
4175 244
4176 243
4176 244
4176 245
4176 246
4176 247
4176 248
4176 249
4176 250
4176 251
4176 252
4176 253
4176 254
4176 255
4176 256
4176 257
4177 256
4177 257
4177 258
4177 259
4177 260
4177 261
4177 262
4177 263
4177 264
4177 265
4177 266
4177 267
4177 268
4177 269
4178 270
4178 271
4178 272
4178 273
4178 274
4178 275
4178 276
4178 277
4178 278
4178 279
4178 280
4179 205
4179 206
4179 207
4179 208
4179 209
4179 210
4179 211
4179 212
4179 213
4180 216
4180 217
4180 218
4180 219
4180 220
4180 221
4180 222
4180 223
4180 224
4180 225
4180 226
4180 227
4181 227
4181 228
4181 229
4181 230
4181 231
4181 232
4181 233
4181 234
4181 235
4181 236
4181 237
4181 238
4181 239
4181 240
4181 241
4182 240
4182 241
4182 242
4182 243
4182 244
4182 245
4182 246
4182 247
4182 248
4182 249
4182 250
4182 251
4182 252
4182 253
4183 253
4183 254
4183 255
4183 256
4183 257
4183 258
4183 259
4183 260
4183 261
4183 262
4183 263
4183 264
4183 265
4183 266
4184 267
4184 268
4184 269
4184 270
4184 271
4184 272
4184 273
4184 274
4184 275
4184 276
4184 277
4185 203
4185 204
4185 205
4185 206
4185 207
4185 208
4185 209
4185 282
4185 283
4185 284
4185 285
4185 286
4186 213
4186 214
4186 215
4186 216
4186 217
4186 218
4186 219
4186 220
4186 221
4186 222
4186 223
4186 224
4187 224
4187 225
4187 226
4187 227
4187 228
4187 229
4187 230
4187 231
4187 232
4187 233
4187 234
4187 235
4187 236
4187 237
4188 237
4188 238
4188 239
4188 240
4188 241
4188 242
4188 243
4188 244
4188 245
4188 246
4188 247
4188 248
4188 249
4188 250
4189 250
4189 251
4189 252
4189 253
4189 254
4189 255
4189 256
4189 257
4189 258
4189 259
4189 260
4189 261
4189 262
4189 263
4190 263
4190 264
4190 265
4190 266
4190 267
4190 268
4190 269
4190 270
4190 271
4190 272
4190 273
4190 274
4191 201
4191 202
4191 203
4191 204
4191 278
4191 279
4191 280
4191 281
4191 282
4191 283
4191 284
4192 210
4192 211
4192 212
4192 213
4192 214
4192 215
4192 216
4192 217
4192 218
4192 219
4192 220
4193 221
4193 222
4193 223
4193 224
4193 225
4193 226
4193 227
4193 228
4193 229
4193 230
4193 231
4193 232
4193 233
4193 234
4194 234
4194 235
4194 236
4194 237
4194 238
4194 239
4194 240
4194 241
4194 242
4194 243
4194 244
4194 245
4194 246
4194 247
4195 246
4195 247
4195 248
4195 249
4195 250
4195 251
4195 252
4195 253
4195 254
4195 255
4195 256
4195 257
4195 258
4195 259
4196 260
4196 261
4196 262
4196 263
4196 264
4196 265
4196 266
4196 267
4196 268
4196 269
4196 270
4196 271
4197 274
4197 275
4197 276
4197 277
4197 278
4197 279
4197 280
4197 281
4197 282
4198 207
4198 208
4198 209
4198 210
4198 211
4198 212
4198 213
4198 214
4198 215
4198 216
4198 217
4199 218
4199 219
4199 220
4199 221
4199 222
4199 223
4199 224
4199 225
4199 226
4199 227
4199 228
4199 229
4199 230
4199 231
4200 230
4200 231
4200 232
4200 233
4200 234
4200 235
4200 236
4200 237
4200 238
4200 239
4200 240
4200 241
4200 242
4200 243
4200 244
4201 243
4201 244
4201 245
4201 246
4201 247
4201 248
4201 249
4201 250
4201 251
4201 252
4201 253
4201 254
4201 255
4201 256
4202 256
4202 257
4202 258
4202 259
4202 260
4202 261
4202 262
4202 263
4202 264
4202 265
4202 266
4202 267
4202 268
4203 270
4203 271
4203 272
4203 273
4203 274
4203 275
4203 276
4203 277
4203 278
4203 279
4204 205
4204 206
4204 207
4204 208
4204 209
4204 210
4204 211
4204 212
4204 213
4205 216
4205 217
4205 218
4205 219
4205 220
4205 221
4205 222
4205 223
4205 224
4205 225
4205 226
4205 227
4206 227
4206 228
4206 229
4206 230
4206 231
4206 232
4206 233
4206 234
4206 235
4206 236
4206 237
4206 238
4206 239
4206 240
4206 241
4207 240
4207 241
4207 242
4207 243
4207 244
4207 245
4207 246
4207 247
4207 248
4207 249
4207 250
4207 251
4207 252
4207 253
4208 253
4208 254
4208 255
4208 256
4208 257
4208 258
4208 259
4208 260
4208 261
4208 262
4208 263
4208 264
4208 265
4209 267
4209 268
4209 269
4209 270
4209 271
4209 272
4209 273
4209 274
4209 275
4209 276
4210 202
4210 203
4210 204
4210 205
4210 206
4210 207
4210 208
4210 209
4210 282
4210 283
4210 284
4210 285
4211 213
4211 214
4211 215
4211 216
4211 217
4211 218
4211 219
4211 220
4211 221
4211 222
4211 223
4211 224
4212 224
4212 225
4212 226
4212 227
4212 228
4212 229
4212 230
4212 231
4212 232
4212 233
4212 234
4212 235
4212 236
4212 237
4213 237
4213 238
4213 239
4213 240
4213 241
4213 242
4213 243
4213 244
4213 245
4213 246
4213 247
4213 248
4213 249
4213 250
4214 250
4214 251
4214 252
4214 253
4214 254
4214 255
4214 256
4214 257
4214 258
4214 259
4214 260
4214 261
4214 262
4215 263
4215 264
4215 265
4215 266
4215 267
4215 268
4215 269
4215 270
4215 271
4215 272
4215 273
4215 274
4216 200
4216 201
4216 202
4216 203
4216 204
4216 205
4216 278
4216 279
4216 280
4216 281
4216 282
4216 283
4217 210
4217 211
4217 212
4217 213
4217 214
4217 215
4217 216
4217 217
4217 218
4217 219
4217 220
4218 221
4218 222
4218 223
4218 224
4218 225
4218 226
4218 227
4218 228
4218 229
4218 230
4218 231
4218 232
4218 233
4218 234
4219 233
4219 234
4219 235
4219 236
4219 237
4219 238
4219 239
4219 240
4219 241
4219 242
4219 243
4219 244
4219 245
4219 246
4219 247
4220 246
4220 247
4220 248
4220 249
4220 250
4220 251
4220 252
4220 253
4220 254
4220 255
4220 256
4220 257
4220 258
4220 259
4221 260
4221 261
4221 262
4221 263
4221 264
4221 265
4221 266
4221 267
4221 268
4221 269
4221 270
4221 271
4222 199
4222 200
4222 274
4222 275
4222 276
4222 277
4222 278
4222 279
4222 280
4222 281
4223 207
4223 208
4223 209
4223 210
4223 211
4223 212
4223 213
4223 214
4223 215
4223 216
4223 217
4224 218
4224 219
4224 220
4224 221
4224 222
4224 223
4224 224
4224 225
4224 226
4224 227
4224 228
4224 229
4224 230
4224 231
4225 230
4225 231
4225 232
4225 233
4225 234
4225 235
4225 236
4225 237
4225 238
4225 239
4225 240
4225 241
4225 242
4225 243
4225 244
4226 243
4226 244
4226 245
4226 246
4226 247
4226 248
4226 249
4226 250
4226 251
4226 252
4226 253
4226 254
4226 255
4226 256
4227 256
4227 257
4227 258
4227 259
4227 260
4227 261
4227 262
4227 263
4227 264
4227 265
4227 266
4227 267
4227 268
4228 270
4228 271
4228 272
4228 273
4228 274
4228 275
4228 276
4228 277
4228 278
4228 279
4229 205
4229 206
4229 207
4229 208
4229 209
4229 210
4229 211
4229 212
4229 213
4230 215
4230 216
4230 217
4230 218
4230 219
4230 220
4230 221
4230 222
4230 223
4230 224
4230 225
4230 226
4230 227
4231 227
4231 228
4231 229
4231 230
4231 231
4231 232
4231 233
4231 234
4231 235
4231 236
4231 237
4231 238
4231 239
4231 240
4232 240
4232 241
4232 242
4232 243
4232 244
4232 245
4232 246
4232 247
4232 248
4232 249
4232 250
4232 251
4232 252
4232 253
4233 253
4233 254
4233 255
4233 256
4233 257
4233 258
4233 259
4233 260
4233 261
4233 262
4233 263
4233 264
4233 265
4234 266
4234 267
4234 268
4234 269
4234 270
4234 271
4234 272
4234 273
4234 274
4234 275
4234 276
4235 202
4235 203
4235 204
4235 205
4235 206
4235 207
4235 208
4235 209
4235 282
4235 283
4235 284
4236 213
4236 214
4236 215
4236 216
4236 217
4236 218
4236 219
4236 220
4236 221
4236 222
4236 223
4236 224
4237 224
4237 225
4237 226
4237 227
4237 228
4237 229
4237 230
4237 231
4237 232
4237 233
4237 234
4237 235
4237 236
4237 237
4238 237
4238 238
4238 239
4238 240
4238 241
4238 242
4238 243
4238 244
4238 245
4238 246
4238 247
4238 248
4238 249
4238 250
4239 249
4239 250
4239 251
4239 252
4239 253
4239 254
4239 255
4239 256
4239 257
4239 258
4239 259
4239 260
4239 261
4239 262
4240 263
4240 264
4240 265
4240 266
4240 267
4240 268
4240 269
4240 270
4240 271
4240 272
4240 273
4241 200
4241 201
4241 202
4241 203
4241 204
4241 205
4241 278
4241 279
4241 280
4241 281
4241 282
4241 283
4242 210
4242 211
4242 212
4242 213
4242 214
4242 215
4242 216
4242 217
4242 218
4242 219
4242 220
4243 221
4243 222
4243 223
4243 224
4243 225
4243 226
4243 227
4243 228
4243 229
4243 230
4243 231
4243 232
4243 233
4243 234
4244 233
4244 234
4244 235
4244 236
4244 237
4244 238
4244 239
4244 240
4244 241
4244 242
4244 243
4244 244
4244 245
4244 246
4244 247
4245 246
4245 247
4245 248
4245 249
4245 250
4245 251
4245 252
4245 253
4245 254
4245 255
4245 256
4245 257
4245 258
4245 259
4246 259
4246 260
4246 261
4246 262
4246 263
4246 264
4246 265
4246 266
4246 267
4246 268
4246 269
4246 270
4247 198
4247 199
4247 200
4247 201
4247 274
4247 275
4247 276
4247 277
4247 278
4247 279
4247 280
4247 281
4248 207
4248 208
4248 209
4248 210
4248 211
4248 212
4248 213
4248 214
4248 215
4248 216
4248 217
4249 218
4249 219
4249 220
4249 221
4249 222
4249 223
4249 224
4249 225
4249 226
4249 227
4249 228
4249 229
4249 230
4249 231
4250 230
4250 231
4250 232
4250 233
4250 234
4250 235
4250 236
4250 237
4250 238
4250 239
4250 240
4250 241
4250 242
4250 243
4250 244
4251 243
4251 244
4251 245
4251 246
4251 247
4251 248
4251 249
4251 250
4251 251
4251 252
4251 253
4251 254
4251 255
4251 256
4252 256
4252 257
4252 258
4252 259
4252 260
4252 261
4252 262
4252 263
4252 264
4252 265
4252 266
4252 267
4253 270
4253 271
4253 272
4253 273
4253 274
4253 275
4253 276
4253 277
4253 278
4254 204
4254 205
4254 206
4254 207
4254 208
4254 209
4254 210
4254 211
4254 212
4254 213
4255 215
4255 216
4255 217
4255 218
4255 219
4255 220
4255 221
4255 222
4255 223
4255 224
4255 225
4255 226
4255 227
4256 227
4256 228
4256 229
4256 230
4256 231
4256 232
4256 233
4256 234
4256 235
4256 236
4256 237
4256 238
4256 239
4256 240
4257 240
4257 241
4257 242
4257 243
4257 244
4257 245
4257 246
4257 247
4257 248
4257 249
4257 250
4257 251
4257 252
4257 253
4258 253
4258 254
4258 255
4258 256
4258 257
4258 258
4258 259
4258 260
4258 261
4258 262
4258 263
4258 264
4258 265
4259 266
4259 267
4259 268
4259 269
4259 270
4259 271
4259 272
4259 273
4259 274
4259 275
4260 202
4260 203
4260 204
4260 205
4260 206
4260 207
4260 208
4260 209
4260 210
4260 283
4261 212
4261 213
4261 214
4261 215
4261 216
4261 217
4261 218
4261 219
4261 220
4261 221
4261 222
4261 223
4261 224
4262 224
4262 225
4262 226
4262 227
4262 228
4262 229
4262 230
4262 231
4262 232
4262 233
4262 234
4262 235
4262 236
4262 237
4263 236
4263 237
4263 238
4263 239
4263 240
4263 241
4263 242
4263 243
4263 244
4263 245
4263 246
4263 247
4263 248
4263 249
4263 250
4264 249
4264 250
4264 251
4264 252
4264 253
4264 254
4264 255
4264 256
4264 257
4264 258
4264 259
4264 260
4264 261
4264 262
4265 263
4265 264
4265 265
4265 266
4265 267
4265 268
4265 269
4265 270
4265 271
4265 272
4265 273
4266 199
4266 200
4266 201
4266 202
4266 203
4266 204
4266 205
4266 206
4266 278
4266 279
4266 280
4266 281
4266 282
4267 209
4267 210
4267 211
4267 212
4267 213
4267 214
4267 215
4267 216
4267 217
4267 218
4267 219
4267 220
4268 221
4268 222
4268 223
4268 224
4268 225
4268 226
4268 227
4268 228
4268 229
4268 230
4268 231
4268 232
4268 233
4268 234
4269 233
4269 234
4269 235
4269 236
4269 237
4269 238
4269 239
4269 240
4269 241
4269 242
4269 243
4269 244
4269 245
4269 246
4269 247
4270 246
4270 247
4270 248
4270 249
4270 250
4270 251
4270 252
4270 253
4270 254
4270 255
4270 256
4270 257
4270 258
4270 259
4271 259
4271 260
4271 261
4271 262
4271 263
4271 264
4271 265
4271 266
4271 267
4271 268
4271 269
4271 270
4272 197
4272 198
4272 199
4272 200
4272 201
4272 202
4272 274
4272 275
4272 276
4272 277
4272 278
4272 279
4272 280
4273 207
4273 208
4273 209
4273 210
4273 211
4273 212
4273 213
4273 214
4273 215
4273 216
4273 217
4274 218
4274 219
4274 220
4274 221
4274 222
4274 223
4274 224
4274 225
4274 226
4274 227
4274 228
4274 229
4274 230
4274 231
4275 230
4275 231
4275 232
4275 233
4275 234
4275 235
4275 236
4275 237
4275 238
4275 239
4275 240
4275 241
4275 242
4275 243
4276 243
4276 244
4276 245
4276 246
4276 247
4276 248
4276 249
4276 250
4276 251
4276 252
4276 253
4276 254
4276 255
4276 256
4277 256
4277 257
4277 258
4277 259
4277 260
4277 261
4277 262
4277 263
4277 264
4277 265
4277 266
4277 267
4278 196
4278 197
4278 270
4278 271
4278 272
4278 273
4278 274
4278 275
4278 276
4278 277
4278 278
4279 204
4279 205
4279 206
4279 207
4279 208
4279 209
4279 210
4279 211
4279 212
4279 213
4280 215
4280 216
4280 217
4280 218
4280 219
4280 220
4280 221
4280 222
4280 223
4280 224
4280 225
4280 226
4280 227
4281 227
4281 228
4281 229
4281 230
4281 231
4281 232
4281 233
4281 234
4281 235
4281 236
4281 237
4281 238
4281 239
4281 240
4282 239
4282 240
4282 241
4282 242
4282 243
4282 244
4282 245
4282 246
4282 247
4282 248
4282 249
4282 250
4282 251
4282 252
4282 253
4283 252
4283 253
4283 254
4283 255
4283 256
4283 257
4283 258
4283 259
4283 260
4283 261
4283 262
4283 263
4283 264
4284 266
4284 267
4284 268
4284 269
4284 270
4284 271
4284 272
4284 273
4284 274
4284 275
4285 201
4285 202
4285 203
4285 204
4285 205
4285 206
4285 207
4285 208
4285 209
4285 210
4286 212
4286 213
4286 214
4286 215
4286 216
4286 217
4286 218
4286 219
4286 220
4286 221
4286 222
4286 223
4286 224
4287 224
4287 225
4287 226
4287 227
4287 228
4287 229
4287 230
4287 231
4287 232
4287 233
4287 234
4287 235
4287 236
4287 237
4288 236
4288 237
4288 238
4288 239
4288 240
4288 241
4288 242
4288 243
4288 244
4288 245
4288 246
4288 247
4288 248
4288 249
4289 249
4289 250
4289 251
4289 252
4289 253
4289 254
4289 255
4289 256
4289 257
4289 258
4289 259
4289 260
4289 261
4290 262
4290 263
4290 264
4290 265
4290 266
4290 267
4290 268
4290 269
4290 270
4290 271
4290 272
4291 199
4291 200
4291 201
4291 202
4291 203
4291 204
4291 205
4291 206
4291 278
4291 279
4291 280
4291 281
4292 209
4292 210
4292 211
4292 212
4292 213
4292 214
4292 215
4292 216
4292 217
4292 218
4292 219
4292 220
4292 221
4293 221
4293 222
4293 223
4293 224
4293 225
4293 226
4293 227
4293 228
4293 229
4293 230
4293 231
4293 232
4293 233
4293 234
4294 233
4294 234
4294 235
4294 236
4294 237
4294 238
4294 239
4294 240
4294 241
4294 242
4294 243
4294 244
4294 245
4294 246
4295 246
4295 247
4295 248
4295 249
4295 250
4295 251
4295 252
4295 253
4295 254
4295 255
4295 256
4295 257
4295 258
4296 259
4296 260
4296 261
4296 262
4296 263
4296 264
4296 265
4296 266
4296 267
4296 268
4296 269
4296 270
4297 196
4297 197
4297 198
4297 199
4297 200
4297 201
4297 202
4297 273
4297 274
4297 275
4297 276
4297 277
4297 278
4297 279
4298 206
4298 207
4298 208
4298 209
4298 210
4298 211
4298 212
4298 213
4298 214
4298 215
4298 216
4298 217
4299 218
4299 219
4299 220
4299 221
4299 222
4299 223
4299 224
4299 225
4299 226
4299 227
4299 228
4299 229
4299 230
4300 230
4300 231
4300 232
4300 233
4300 234
4300 235
4300 236
4300 237
4300 238
4300 239
4300 240
4300 241
4300 242
4300 243
4301 242
4301 243
4301 244
4301 245
4301 246
4301 247
4301 248
4301 249
4301 250
4301 251
4301 252
4301 253
4301 254
4301 255
4302 255
4302 256
4302 257
4302 258
4302 259
4302 260
4302 261
4302 262
4302 263
4302 264
4302 265
4302 266
4302 267
4303 194
4303 195
4303 196
4303 197
4303 198
4303 270
4303 271
4303 272
4303 273
4303 274
4303 275
4303 276
4303 277
4304 203
4304 204
4304 205
4304 206
4304 207
4304 208
4304 209
4304 210
4304 211
4304 212
4304 213
4304 214
4305 215
4305 216
4305 217
4305 218
4305 219
4305 220
4305 221
4305 222
4305 223
4305 224
4305 225
4305 226
4305 227
4306 227
4306 228
4306 229
4306 230
4306 231
4306 232
4306 233
4306 234
4306 235
4306 236
4306 237
4306 238
4306 239
4306 240
4307 239
4307 240
4307 241
4307 242
4307 243
4307 244
4307 245
4307 246
4307 247
4307 248
4307 249
4307 250
4307 251
4307 252
4308 252
4308 253
4308 254
4308 255
4308 256
4308 257
4308 258
4308 259
4308 260
4308 261
4308 262
4308 263
4308 264
4309 266
4309 267
4309 268
4309 269
4309 270
4309 271
4309 272
4309 273
4309 274
4310 201
4310 202
4310 203
4310 204
4310 205
4310 206
4310 207
4310 208
4310 209
4310 210
4311 212
4311 213
4311 214
4311 215
4311 216
4311 217
4311 218
4311 219
4311 220
4311 221
4311 222
4311 223
4311 224
4312 223
4312 224
4312 225
4312 226
4312 227
4312 228
4312 229
4312 230
4312 231
4312 232
4312 233
4312 234
4312 235
4312 236
4312 237
4313 236
4313 237
4313 238
4313 239
4313 240
4313 241
4313 242
4313 243
4313 244
4313 245
4313 246
4313 247
4313 248
4313 249
4314 249
4314 250
4314 251
4314 252
4314 253
4314 254
4314 255
4314 256
4314 257
4314 258
4314 259
4314 260
4314 261
4315 262
4315 263
4315 264
4315 265
4315 266
4315 267
4315 268
4315 269
4315 270
4315 271
4315 272
4316 198
4316 199
4316 200
4316 201
4316 202
4316 203
4316 204
4316 205
4316 206
4316 278
4316 279
4316 280
4316 281
4317 209
4317 210
4317 211
4317 212
4317 213
4317 214
4317 215
4317 216
4317 217
4317 218
4317 219
4317 220
4317 221
4318 220
4318 221
4318 222
4318 223
4318 224
4318 225
4318 226
4318 227
4318 228
4318 229
4318 230
4318 231
4318 232
4318 233
4318 234
4319 233
4319 234
4319 235
4319 236
4319 237
4319 238
4319 239
4319 240
4319 241
4319 242
4319 243
4319 244
4319 245
4319 246
4320 245
4320 246
4320 247
4320 248
4320 249
4320 250
4320 251
4320 252
4320 253
4320 254
4320 255
4320 256
4320 257
4320 258
4321 259
4321 260
4321 261
4321 262
4321 263
4321 264
4321 265
4321 266
4321 267
4321 268
4321 269
4322 196
4322 197
4322 198
4322 199
4322 200
4322 201
4322 202
4322 203
4322 273
4322 274
4322 275
4322 276
4322 277
4322 278
4322 279
4323 206
4323 207
4323 208
4323 209
4323 210
4323 211
4323 212
4323 213
4323 214
4323 215
4323 216
4323 217
4324 217
4324 218
4324 219
4324 220
4324 221
4324 222
4324 223
4324 224
4324 225
4324 226
4324 227
4324 228
4324 229
4324 230
4325 229
4325 230
4325 231
4325 232
4325 233
4325 234
4325 235
4325 236
4325 237
4325 238
4325 239
4325 240
4325 241
4325 242
4325 243
4326 242
4326 243
4326 244
4326 245
4326 246
4326 247
4326 248
4326 249
4326 250
4326 251
4326 252
4326 253
4326 254
4326 255
4327 255
4327 256
4327 257
4327 258
4327 259
4327 260
4327 261
4327 262
4327 263
4327 264
4327 265
4327 266
4328 193
4328 194
4328 195
4328 196
4328 197
4328 198
4328 199
4328 269
4328 270
4328 271
4328 272
4328 273
4328 274
4328 275
4328 276
4329 203
4329 204
4329 205
4329 206
4329 207
4329 208
4329 209
4329 210
4329 211
4329 212
4329 213
4329 214
4330 214
4330 215
4330 216
4330 217
4330 218
4330 219
4330 220
4330 221
4330 222
4330 223
4330 224
4330 225
4330 226
4330 227
4331 226
4331 227
4331 228
4331 229
4331 230
4331 231
4331 232
4331 233
4331 234
4331 235
4331 236
4331 237
4331 238
4331 239
4331 240
4332 239
4332 240
4332 241
4332 242
4332 243
4332 244
4332 245
4332 246
4332 247
4332 248
4332 249
4332 250
4332 251
4332 252
4333 252
4333 253
4333 254
4333 255
4333 256
4333 257
4333 258
4333 259
4333 260
4333 261
4333 262
4333 263
4334 192
4334 193
4334 194
4334 266
4334 267
4334 268
4334 269
4334 270
4334 271
4334 272
4334 273
4334 274
4335 200
4335 201
4335 202
4335 203
4335 204
4335 205
4335 206
4335 207
4335 208
4335 209
4335 210
4336 211
4336 212
4336 213
4336 214
4336 215
4336 216
4336 217
4336 218
4336 219
4336 220
4336 221
4336 222
4336 223
4336 224
4337 223
4337 224
4337 225
4337 226
4337 227
4337 228
4337 229
4337 230
4337 231
4337 232
4337 233
4337 234
4337 235
4337 236
4337 237
4338 236
4338 237
4338 238
4338 239
4338 240
4338 241
4338 242
4338 243
4338 244
4338 245
4338 246
4338 247
4338 248
4338 249
4339 248
4339 249
4339 250
4339 251
4339 252
4339 253
4339 254
4339 255
4339 256
4339 257
4339 258
4339 259
4339 260
4339 261
4340 262
4340 263
4340 264
4340 265
4340 266
4340 267
4340 268
4340 269
4340 270
4340 271
4341 198
4341 199
4341 200
4341 201
4341 202
4341 203
4341 204
4341 205
4341 206
4341 207
4341 278
4341 279
4341 280
4342 208
4342 209
4342 210
4342 211
4342 212
4342 213
4342 214
4342 215
4342 216
4342 217
4342 218
4342 219
4342 220
4342 221
4343 220
4343 221
4343 222
4343 223
4343 224
4343 225
4343 226
4343 227
4343 228
4343 229
4343 230
4343 231
4343 232
4343 233
4343 234
4344 232
4344 233
4344 234
4344 235
4344 236
4344 237
4344 238
4344 239
4344 240
4344 241
4344 242
4344 243
4344 244
4344 245
4344 246
4345 245
4345 246
4345 247
4345 248
4345 249
4345 250
4345 251
4345 252
4345 253
4345 254
4345 255
4345 256
4345 257
4345 258
4346 258
4346 259
4346 260
4346 261
4346 262
4346 263
4346 264
4346 265
4346 266
4346 267
4346 268
4346 269
4347 195
4347 196
4347 197
4347 198
4347 199
4347 200
4347 201
4347 202
4347 203
4347 273
4347 274
4347 275
4347 276
4347 277
4347 278
4348 205
4348 206
4348 207
4348 208
4348 209
4348 210
4348 211
4348 212
4348 213
4348 214
4348 215
4348 216
4348 217
4349 217
4349 218
4349 219
4349 220
4349 221
4349 222
4349 223
4349 224
4349 225
4349 226
4349 227
4349 228
4349 229
4349 230
4350 229
4350 230
4350 231
4350 232
4350 233
4350 234
4350 235
4350 236
4350 237
4350 238
4350 239
4350 240
4350 241
4350 242
4350 243
4351 242
4351 243
4351 244
4351 245
4351 246
4351 247
4351 248
4351 249
4351 250
4351 251
4351 252
4351 253
4351 254
4351 255
4352 255
4352 256
4352 257
4352 258
4352 259
4352 260
4352 261
4352 262
4352 263
4352 264
4352 265
4352 266
4353 193
4353 194
4353 195
4353 196
4353 197
4353 198
4353 199
4353 269
4353 270
4353 271
4353 272
4353 273
4353 274
4353 275
4353 276
4354 203
4354 204
4354 205
4354 206
4354 207
4354 208
4354 209
4354 210
4354 211
4354 212
4354 213
4354 214
4355 214
4355 215
4355 216
4355 217
4355 218
4355 219
4355 220
4355 221
4355 222
4355 223
4355 224
4355 225
4355 226
4355 227
4356 226
4356 227
4356 228
4356 229
4356 230
4356 231
4356 232
4356 233
4356 234
4356 235
4356 236
4356 237
4356 238
4356 239
4356 240
4357 239
4357 240
4357 241
4357 242
4357 243
4357 244
4357 245
4357 246
4357 247
4357 248
4357 249
4357 250
4357 251
4357 252
4358 252
4358 253
4358 254
4358 255
4358 256
4358 257
4358 258
4358 259
4358 260
4358 261
4358 262
4358 263
4359 190
4359 191
4359 192
4359 193
4359 194
4359 195
4359 265
4359 266
4359 267
4359 268
4359 269
4359 270
4359 271
4359 272
4359 273
4359 274
4360 200
4360 201
4360 202
4360 203
4360 204
4360 205
4360 206
4360 207
4360 208
4360 209
4360 210
4361 211
4361 212
4361 213
4361 214
4361 215
4361 216
4361 217
4361 218
4361 219
4361 220
4361 221
4361 222
4361 223
4361 224
4362 223
4362 224
4362 225
4362 226
4362 227
4362 228
4362 229
4362 230
4362 231
4362 232
4362 233
4362 234
4362 235
4362 236
4362 237
4363 235
4363 236
4363 237
4363 238
4363 239
4363 240
4363 241
4363 242
4363 243
4363 244
4363 245
4363 246
4363 247
4363 248
4363 249
4364 248
4364 249
4364 250
4364 251
4364 252
4364 253
4364 254
4364 255
4364 256
4364 257
4364 258
4364 259
4364 260
4365 189
4365 190
4365 262
4365 263
4365 264
4365 265
4365 266
4365 267
4365 268
4365 269
4365 270
4365 271
4366 197
4366 198
4366 199
4366 200
4366 201
4366 202
4366 203
4366 204
4366 205
4366 206
4366 207
4366 278
4366 279
4367 208
4367 209
4367 210
4367 211
4367 212
4367 213
4367 214
4367 215
4367 216
4367 217
4367 218
4367 219
4367 220
4367 221
4368 220
4368 221
4368 222
4368 223
4368 224
4368 225
4368 226
4368 227
4368 228
4368 229
4368 230
4368 231
4368 232
4368 233
4369 232
4369 233
4369 234
4369 235
4369 236
4369 237
4369 238
4369 239
4369 240
4369 241
4369 242
4369 243
4369 244
4369 245
4369 246
4370 245
4370 246
4370 247
4370 248
4370 249
4370 250
4370 251
4370 252
4370 253
4370 254
4370 255
4370 256
4370 257
4371 258
4371 259
4371 260
4371 261
4371 262
4371 263
4371 264
4371 265
4371 266
4371 267
4371 268
4372 194
4372 195
4372 196
4372 197
4372 198
4372 199
4372 200
4372 201
4372 202
4372 203
4372 273
4372 274
4372 275
4372 276
4372 277
4372 278
4373 205
4373 206
4373 207
4373 208
4373 209
4373 210
4373 211
4373 212
4373 213
4373 214
4373 215
4373 216
4373 217
4374 217
4374 218
4374 219
4374 220
4374 221
4374 222
4374 223
4374 224
4374 225
4374 226
4374 227
4374 228
4374 229
4374 230
4375 229
4375 230
4375 231
4375 232
4375 233
4375 234
4375 235
4375 236
4375 237
4375 238
4375 239
4375 240
4375 241
4375 242
4375 243
4376 241
4376 242
4376 243
4376 244
4376 245
4376 246
4376 247
4376 248
4376 249
4376 250
4376 251
4376 252
4376 253
4376 254
4377 255
4377 256
4377 257
4377 258
4377 259
4377 260
4377 261
4377 262
4377 263
4377 264
4377 265
4377 266
4378 192
4378 193
4378 194
4378 195
4378 196
4378 197
4378 198
4378 199
4378 269
4378 270
4378 271
4378 272
4378 273
4378 274
4378 275
4379 202
4379 203
4379 204
4379 205
4379 206
4379 207
4379 208
4379 209
4379 210
4379 211
4379 212
4379 213
4379 214
4380 214
4380 215
4380 216
4380 217
4380 218
4380 219
4380 220
4380 221
4380 222
4380 223
4380 224
4380 225
4380 226
4380 227
4381 226
4381 227
4381 228
4381 229
4381 230
4381 231
4381 232
4381 233
4381 234
4381 235
4381 236
4381 237
4381 238
4381 239
4381 240
4382 238
4382 239
4382 240
4382 241
4382 242
4382 243
4382 244
4382 245
4382 246
4382 247
4382 248
4382 249
4382 250
4382 251
