644 129
644 130
644 131
644 132
645 131
645 132
645 133
645 134
645 135
646 133
646 134
646 135
646 136
646 137
646 138
647 135
647 136
647 137
647 138
647 139
647 140
647 141
648 137
648 138
648 139
648 140
648 141
648 142
648 143
649 139
649 140
649 141
649 142
649 143
649 144
649 145
649 146
650 141
650 142
650 143
650 144
650 145
650 146
650 147
650 148
650 149
651 144
651 145
651 146
651 147
651 148
651 149
651 150
651 151
652 146
652 147
652 148
652 149
652 150
652 151
652 152
652 153
652 154
653 148
653 149
653 150
653 151
653 152
653 153
653 154
653 155
653 156
654 151
654 152
654 153
654 154
654 155
654 156
654 157
654 158
654 159
655 153
655 154
655 155
655 156
655 157
655 158
655 159
655 160
655 161
656 156
656 157
656 158
656 159
656 160
656 161
656 162
656 163
657 159
657 160
657 161
657 162
657 163
657 164
657 165
657 166
658 161
658 162
658 163
658 164
658 165
658 166
658 167
658 168
659 164
659 165
659 166
659 167
659 168
659 169
659 170
660 167
660 168
660 169
660 170
660 171
660 172
661 169
661 170
661 171
661 172
661 173
661 174
662 173
662 174
662 175
662 176
663 176
663 177
666 115
666 116
666 117
666 118
666 119
667 116
667 117
667 118
667 119
667 120
667 121
667 122
668 118
668 119
668 120
668 121
668 122
668 123
668 124
668 125
669 120
669 121
669 122
669 123
669 124
669 125
669 126
669 127
669 128
670 122
670 123
670 124
670 125
670 126
670 127
670 128
670 129
670 130
670 131
671 124
671 125
671 126
671 127
671 128
671 129
671 130
671 131
671 132
671 133
671 134
672 127
672 128
672 129
672 130
672 131
672 132
672 133
672 134
672 135
672 136
672 137
673 129
673 130
673 131
673 132
673 133
673 134
673 135
673 136
673 137
673 138
673 139
674 131
674 132
674 133
674 134
674 135
674 136
674 137
674 138
674 139
674 140
674 141
674 142
675 133
675 134
675 135
675 136
675 137
675 138
675 139
675 140
675 141
675 142
675 143
675 144
675 145
676 136
676 137
676 138
676 139
676 140
676 141
676 142
676 143
676 144
676 145
676 146
676 147
677 138
677 139
677 140
677 141
677 142
677 143
677 144
677 145
677 146
677 147
677 148
677 149
677 150
678 141
678 142
678 143
678 144
678 145
678 146
678 147
678 148
678 149
678 150
678 151
678 152
679 143
679 144
679 145
679 146
679 147
679 148
679 149
679 150
679 151
679 152
679 153
679 154
679 155
680 145
680 146
680 147
680 148
680 149
680 150
680 151
680 152
680 153
680 154
680 155
680 156
680 157
681 148
681 149
681 150
681 151
681 152
681 153
681 154
681 155
681 156
681 157
681 158
681 159
681 160
682 150
682 151
682 152
682 153
682 154
682 155
682 156
682 157
682 158
682 159
682 160
682 161
682 162
683 153
683 154
683 155
683 156
683 157
683 158
683 159
683 160
683 161
683 162
683 163
683 164
684 156
684 157
684 158
684 159
684 160
684 161
684 162
684 163
684 164
684 165
684 166
684 167
685 158
685 159
685 160
685 161
685 162
685 163
685 164
685 165
685 166
685 167
685 168
685 169
686 161
686 162
686 163
686 164
686 165
686 166
686 167
686 168
686 169
686 170
686 171
687 164
687 165
687 166
687 167
687 168
687 169
687 170
687 171
687 172
687 173
688 166
688 167
688 168
688 169
688 170
688 171
688 172
688 173
688 174
688 175
689 104
689 105
689 106
689 169
689 170
689 171
689 172
689 173
689 174
689 175
689 176
689 177
689 178
690 105
690 106
690 107
690 108
690 109
690 110
690 111
690 172
690 173
690 174
690 175
690 176
690 177
690 178
690 179
690 180
691 107
691 108
691 109
691 110
691 111
691 112
691 113
691 114
691 175
691 176
691 177
691 178
691 179
691 180
691 181
691 182
692 109
692 110
692 111
692 112
692 113
692 114
692 115
692 116
692 117
692 178
692 179
692 180
692 181
692 182
692 183
693 111
693 112
693 113
693 114
693 115
693 116
693 117
693 118
693 119
693 120
693 181
693 182
693 183
693 184
693 185
694 113
694 114
694 115
694 116
694 117
694 118
694 119
694 120
694 121
694 122
694 123
695 115
695 116
695 117
695 118
695 119
695 120
695 121
695 122
695 123
695 124
695 125
695 126
696 117
696 118
696 119
696 120
696 121
696 122
696 123
696 124
696 125
696 126
696 127
696 128
696 129
697 119
697 120
697 121
697 122
697 123
697 124
697 125
697 126
697 127
697 128
697 129
697 130
697 131
697 132
698 122
698 123
698 124
698 125
698 126
698 127
698 128
698 129
698 130
698 131
698 132
698 133
698 134
699 124
699 125
699 126
699 127
699 128
699 129
699 130
699 131
699 132
699 133
699 134
699 135
699 136
699 137
700 126
700 127
700 128
700 129
700 130
700 131
700 132
700 133
700 134
700 135
700 136
700 137
700 138
700 139
700 140
701 129
701 130
701 131
701 132
701 133
701 134
701 135
701 136
701 137
701 138
701 139
701 140
701 141
701 142
702 131
702 132
702 133
702 134
702 135
702 136
702 137
702 138
702 139
702 140
702 141
702 142
702 143
702 144
702 145
703 133
703 134
703 135
703 136
703 137
703 138
703 139
703 140
703 141
703 142
703 143
703 144
703 145
703 146
703 147
704 136
704 137
704 138
704 139
704 140
704 141
704 142
704 143
704 144
704 145
704 146
704 147
704 148
704 149
704 150
705 138
705 139
705 140
705 141
705 142
705 143
705 144
705 145
705 146
705 147
705 148
705 149
705 150
705 151
705 152
706 141
706 142
706 143
706 144
706 145
706 146
706 147
706 148
706 149
706 150
706 151
706 152
706 153
706 154
706 155
707 143
707 144
707 145
707 146
707 147
707 148
707 149
707 150
707 151
707 152
707 153
707 154
707 155
707 156
707 157
708 146
708 147
708 148
708 149
708 150
708 151
708 152
708 153
708 154
708 155
708 156
708 157
708 158
708 159
708 160
709 148
709 149
709 150
709 151
709 152
709 153
709 154
709 155
709 156
709 157
709 158
709 159
709 160
709 161
709 162
710 151
710 152
710 153
710 154
710 155
710 156
710 157
710 158
710 159
710 160
710 161
710 162
710 163
710 164
711 153
711 154
711 155
711 156
711 157
711 158
711 159
711 160
711 161
711 162
711 163
711 164
711 165
711 166
711 167
712 156
712 157
712 158
712 159
712 160
712 161
712 162
712 163
712 164
712 165
712 166
712 167
712 168
712 169
713 159
713 160
713 161
713 162
713 163
713 164
713 165
713 166
713 167
713 168
713 169
713 170
713 171
714 97
714 98
714 99
714 100
714 101
714 161
714 162
714 163
714 164
714 165
714 166
714 167
714 168
714 169
714 170
714 171
714 172
714 173
714 174
715 98
715 99
715 100
715 101
715 102
715 103
715 104
715 105
715 164
715 165
715 166
715 167
715 168
715 169
715 170
715 171
715 172
715 173
715 174
715 175
715 176
716 100
716 101
716 102
716 103
716 104
716 105
716 106
716 107
716 108
716 167
716 168
716 169
716 170
716 171
716 172
716 173
716 174
716 175
716 176
716 177
716 178
717 102
717 103
717 104
717 105
717 106
717 107
717 108
717 109
717 110
717 111
717 169
717 170
717 171
717 172
717 173
717 174
717 175
717 176
717 177
717 178
717 179
717 180
718 104
718 105
718 106
718 107
718 108
718 109
718 110
718 111
718 112
718 113
718 114
718 115
718 172
718 173
718 174
718 175
718 176
718 177
718 178
718 179
718 180
718 181
718 182
719 106
719 107
719 108
719 109
719 110
719 111
719 112
719 113
719 114
719 115
719 116
719 117
719 118
719 175
719 176
719 177
719 178
719 179
719 180
719 181
719 182
719 183
719 184
720 108
720 109
720 110
720 111
720 112
720 113
720 114
720 115
720 116
720 117
720 118
720 119
720 120
720 178
720 179
720 180
720 181
720 182
720 183
720 184
720 185
720 186
721 110
721 111
721 112
721 113
721 114
721 115
721 116
721 117
721 118
721 119
721 120
721 121
721 122
721 123
721 181
721 182
721 183
721 184
721 185
721 186
721 187
721 188
722 112
722 113
722 114
722 115
722 116
722 117
722 118
722 119
722 120
722 121
722 122
722 123
722 124
722 125
722 126
722 185
722 186
722 187
722 188
722 189
723 115
723 116
723 117
723 118
723 119
723 120
723 121
723 122
723 123
723 124
723 125
723 126
723 127
723 128
723 129
723 189
723 190
724 117
724 118
724 119
724 120
724 121
724 122
724 123
724 124
724 125
724 126
724 127
724 128
724 129
724 130
724 131
724 132
725 119
725 120
725 121
725 122
725 123
725 124
725 125
725 126
725 127
725 128
725 129
725 130
725 131
725 132
725 133
725 134
726 122
726 123
726 124
726 125
726 126
726 127
726 128
726 129
726 130
726 131
726 132
726 133
726 134
726 135
726 136
726 137
727 124
727 125
727 126
727 127
727 128
727 129
727 130
727 131
727 132
727 133
727 134
727 135
727 136
727 137
727 138
727 139
728 127
728 128
728 129
728 130
728 131
728 132
728 133
728 134
728 135
728 136
728 137
728 138
728 139
728 140
728 141
728 142
729 129
729 130
729 131
729 132
729 133
729 134
729 135
729 136
729 137
729 138
729 139
729 140
729 141
729 142
729 143
729 144
729 145
730 131
730 132
730 133
730 134
730 135
730 136
730 137
730 138
730 139
730 140
730 141
730 142
730 143
730 144
730 145
730 146
730 147
731 134
731 135
731 136
731 137
731 138
731 139
731 140
731 141
731 142
731 143
731 144
731 145
731 146
731 147
731 148
731 149
731 150
732 136
732 137
732 138
732 139
732 140
732 141
732 142
732 143
732 144
732 145
732 146
732 147
732 148
732 149
732 150
732 151
732 152
733 139
733 140
733 141
733 142
733 143
733 144
733 145
733 146
733 147
733 148
733 149
733 150
733 151
733 152
733 153
733 154
733 155
734 141
734 142
734 143
734 144
734 145
734 146
734 147
734 148
734 149
734 150
734 151
734 152
734 153
734 154
734 155
734 156
734 157
735 144
735 145
735 146
735 147
735 148
735 149
735 150
735 151
735 152
735 153
735 154
735 155
735 156
735 157
735 158
735 159
736 146
736 147
736 148
736 149
736 150
736 151
736 152
736 153
736 154
736 155
736 156
736 157
736 158
736 159
736 160
736 161
736 162
737 149
737 150
737 151
737 152
737 153
737 154
737 155
737 156
737 157
737 158
737 159
737 160
737 161
737 162
737 163
737 164
738 151
738 152
738 153
738 154
738 155
738 156
738 157
738 158
738 159
738 160
738 161
738 162
738 163
738 164
738 165
738 166
739 90
739 91
739 92
739 93
739 94
739 154
739 155
739 156
739 157
739 158
739 159
739 160
739 161
739 162
739 163
739 164
739 165
739 166
739 167
739 168
739 169
740 91
740 92
740 93
740 94
740 95
740 96
740 97
740 98
740 157
740 158
740 159
740 160
740 161
740 162
740 163
740 164
740 165
740 166
740 167
740 168
740 169
740 170
740 171
741 93
741 94
741 95
741 96
741 97
741 98
741 99
741 100
741 101
741 102
741 159
741 160
741 161
741 162
741 163
741 164
741 165
741 166
741 167
741 168
741 169
741 170
741 171
741 172
741 173
742 95
742 96
742 97
742 98
742 99
742 100
742 101
742 102
742 103
742 104
742 105
742 162
742 163
742 164
742 165
742 166
742 167
742 168
742 169
742 170
742 171
742 172
742 173
742 174
742 175
742 176
743 97
743 98
743 99
743 100
743 101
743 102
743 103
743 104
743 105
743 106
743 107
743 108
743 165
743 166
743 167
743 168
743 169
743 170
743 171
743 172
743 173
743 174
743 175
743 176
743 177
743 178
744 99
744 100
744 101
744 102
744 103
744 104
744 105
744 106
744 107
744 108
744 109
744 110
744 111
744 167
744 168
744 169
744 170
744 171
744 172
744 173
744 174
744 175
744 176
744 177
744 178
744 179
744 180
745 101
745 102
745 103
745 104
745 105
745 106
745 107
745 108
745 109
745 110
745 111
745 112
745 113
745 114
745 170
745 171
745 172
745 173
745 174
745 175
745 176
745 177
745 178
745 179
745 180
745 181
745 182
746 103
746 104
746 105
746 106
746 107
746 108
746 109
746 110
746 111
746 112
746 113
746 114
746 115
746 116
746 117
746 173
746 174
746 175
746 176
746 177
746 178
746 179
746 180
746 181
746 182
746 183
746 184
747 106
747 107
747 108
747 109
747 110
747 111
747 112
747 113
747 114
747 115
747 116
747 117
747 118
747 119
747 120
747 176
747 177
747 178
747 179
747 180
747 181
747 182
747 183
747 184
747 185
747 186
748 108
748 109
748 110
748 111
748 112
748 113
748 114
748 115
748 116
748 117
748 118
748 119
748 120
748 121
748 122
748 123
748 179
748 180
748 181
748 182
748 183
748 184
748 185
748 186
748 187
748 188
749 110
749 111
749 112
749 113
749 114
749 115
749 116
749 117
749 118
749 119
749 120
749 121
749 122
749 123
749 124
749 125
749 126
749 182
749 183
749 184
749 185
749 186
749 187
749 188
749 189
749 190
750 113
750 114
750 115
750 116
750 117
750 118
750 119
750 120
750 121
750 122
750 123
750 124
750 125
750 126
750 127
750 128
750 185
750 186
750 187
750 188
750 189
750 190
750 191
751 115
751 116
751 117
751 118
751 119
751 120
751 121
751 122
751 123
751 124
751 125
751 126
751 127
751 128
751 129
751 130
751 131
751 189
751 190
751 191
751 192
751 193
752 117
752 118
752 119
752 120
752 121
752 122
752 123
752 124
752 125
752 126
752 127
752 128
752 129
752 130
752 131
752 132
752 133
752 134
753 120
753 121
753 122
753 123
753 124
753 125
753 126
753 127
753 128
753 129
753 130
753 131
753 132
753 133
753 134
753 135
753 136
754 122
754 123
754 124
754 125
754 126
754 127
754 128
754 129
754 130
754 131
754 132
754 133
754 134
754 135
754 136
754 137
754 138
754 139
755 125
755 126
755 127
755 128
755 129
755 130
755 131
755 132
755 133
755 134
755 135
755 136
755 137
755 138
755 139
755 140
755 141
755 142
756 127
756 128
756 129
756 130
756 131
756 132
756 133
756 134
756 135
756 136
756 137
756 138
756 139
756 140
756 141
756 142
756 143
756 144
757 130
757 131
757 132
757 133
757 134
757 135
757 136
757 137
757 138
757 139
757 140
757 141
757 142
757 143
757 144
757 145
757 146
757 147
758 132
758 133
758 134
758 135
758 136
758 137
758 138
758 139
758 140
758 141
758 142
758 143
758 144
758 145
758 146
758 147
758 148
758 149
759 135
759 136
759 137
759 138
759 139
759 140
759 141
759 142
759 143
759 144
759 145
759 146
759 147
759 148
759 149
759 150
759 151
759 152
760 137
760 138
760 139
760 140
760 141
760 142
760 143
760 144
760 145
760 146
760 147
760 148
760 149
760 150
760 151
760 152
760 153
760 154
761 140
761 141
761 142
761 143
761 144
761 145
761 146
761 147
761 148
761 149
761 150
761 151
761 152
761 153
761 154
761 155
761 156
762 142
762 143
762 144
762 145
762 146
762 147
762 148
762 149
762 150
762 151
762 152
762 153
762 154
762 155
762 156
762 157
762 158
762 159
763 145
763 146
763 147
763 148
763 149
763 150
763 151
763 152
763 153
763 154
763 155
763 156
763 157
763 158
763 159
763 160
763 161
764 84
764 85
764 86
764 87
764 147
764 148
764 149
764 150
764 151
764 152
764 153
764 154
764 155
764 156
764 157
764 158
764 159
764 160
764 161
764 162
764 163
764 164
765 85
765 86
765 87
765 88
765 89
765 90
765 91
765 150
765 151
765 152
765 153
765 154
765 155
765 156
765 157
765 158
765 159
765 160
765 161
765 162
765 163
765 164
765 165
765 166
766 87
766 88
766 89
766 90
766 91
766 92
766 93
766 94
766 95
766 152
766 153
766 154
766 155
766 156
766 157
766 158
766 159
766 160
766 161
766 162
766 163
766 164
766 165
766 166
766 167
766 168
767 88
767 89
767 90
767 91
767 92
767 93
767 94
767 95
767 96
767 97
767 98
767 99
767 155
767 156
767 157
767 158
767 159
767 160
767 161
767 162
767 163
767 164
767 165
767 166
767 167
767 168
767 169
767 170
767 171
768 90
768 91
768 92
768 93
768 94
768 95
768 96
768 97
768 98
768 99
768 100
768 101
768 102
768 158
768 159
768 160
768 161
768 162
768 163
768 164
768 165
768 166
768 167
768 168
768 169
768 170
768 171
768 172
768 173
769 93
769 94
769 95
769 96
769 97
769 98
769 99
769 100
769 101
769 102
769 103
769 104
769 105
769 160
769 161
769 162
769 163
769 164
769 165
769 166
769 167
769 168
769 169
769 170
769 171
769 172
769 173
769 174
769 175
770 95
770 96
770 97
770 98
770 99
770 100
770 101
770 102
770 103
770 104
770 105
770 106
770 107
770 108
770 163
770 164
770 165
770 166
770 167
770 168
770 169
770 170
770 171
770 172
770 173
770 174
770 175
770 176
770 177
771 97
771 98
771 99
771 100
771 101
771 102
771 103
771 104
771 105
771 106
771 107
771 108
771 109
771 110
771 111
771 166
771 167
771 168
771 169
771 170
771 171
771 172
771 173
771 174
771 175
771 176
771 177
771 178
771 179
771 180
772 99
772 100
772 101
772 102
772 103
772 104
772 105
772 106
772 107
772 108
772 109
772 110
772 111
772 112
772 113
772 114
772 168
772 169
772 170
772 171
772 172
772 173
772 174
772 175
772 176
772 177
772 178
772 179
772 180
772 181
772 182
773 101
773 102
773 103
773 104
773 105
773 106
773 107
773 108
773 109
773 110
773 111
773 112
773 113
773 114
773 115
773 116
773 117
773 171
773 172
773 173
773 174
773 175
773 176
773 177
773 178
773 179
773 180
773 181
773 182
773 183
773 184
774 104
774 105
774 106
774 107
774 108
774 109
774 110
774 111
774 112
774 113
774 114
774 115
774 116
774 117
774 118
774 119
774 120
774 174
774 175
774 176
774 177
774 178
774 179
774 180
774 181
774 182
774 183
774 184
774 185
774 186
775 106
775 107
775 108
775 109
775 110
775 111
775 112
775 113
775 114
775 115
775 116
775 117
775 118
775 119
775 120
775 121
775 122
775 177
775 178
775 179
775 180
775 181
775 182
775 183
775 184
775 185
775 186
775 187
775 188
776 108
776 109
776 110
776 111
776 112
776 113
776 114
776 115
776 116
776 117
776 118
776 119
776 120
776 121
776 122
776 123
776 124
776 125
776 180
776 181
776 182
776 183
776 184
776 185
776 186
776 187
776 188
776 189
776 190
777 111
777 112
777 113
777 114
777 115
777 116
777 117
777 118
777 119
777 120
777 121
777 122
777 123
777 124
777 125
777 126
777 127
777 128
777 183
777 184
777 185
777 186
777 187
777 188
777 189
777 190
777 191
777 192
778 113
778 114
778 115
778 116
778 117
778 118
778 119
778 120
778 121
778 122
778 123
778 124
778 125
778 126
778 127
778 128
778 129
778 130
778 187
778 188
778 189
778 190
778 191
778 192
778 193
779 116
779 117
779 118
779 119
779 120
779 121
779 122
779 123
779 124
779 125
779 126
779 127
779 128
779 129
779 130
779 131
779 132
779 133
779 191
779 192
779 193
779 194
780 118
780 119
780 120
780 121
780 122
780 123
780 124
780 125
780 126
780 127
780 128
780 129
780 130
780 131
780 132
780 133
780 134
780 135
780 136
781 121
781 122
781 123
781 124
781 125
781 126
781 127
781 128
781 129
781 130
781 131
781 132
781 133
781 134
781 135
781 136
781 137
781 138
782 123
782 124
782 125
782 126
782 127
782 128
782 129
782 130
782 131
782 132
782 133
782 134
782 135
782 136
782 137
782 138
782 139
782 140
782 141
783 125
783 126
783 127
783 128
783 129
783 130
783 131
783 132
783 133
783 134
783 135
783 136
783 137
783 138
783 139
783 140
783 141
783 142
783 143
784 128
784 129
784 130
784 131
784 132
784 133
784 134
784 135
784 136
784 137
784 138
784 139
784 140
784 141
784 142
784 143
784 144
784 145
784 146
785 130
785 131
785 132
785 133
785 134
785 135
785 136
785 137
785 138
785 139
785 140
785 141
785 142
785 143
785 144
785 145
785 146
785 147
785 148
786 133
786 134
786 135
786 136
786 137
786 138
786 139
786 140
786 141
786 142
786 143
786 144
786 145
786 146
786 147
786 148
786 149
786 150
786 151
787 135
787 136
787 137
787 138
787 139
787 140
787 141
787 142
787 143
787 144
787 145
787 146
787 147
787 148
787 149
787 150
787 151
787 152
787 153
788 138
788 139
788 140
788 141
788 142
788 143
788 144
788 145
788 146
788 147
788 148
788 149
788 150
788 151
788 152
788 153
788 154
788 155
788 156
789 141
789 142
789 143
789 144
789 145
789 146
789 147
789 148
789 149
789 150
789 151
789 152
789 153
789 154
789 155
789 156
789 157
789 158
790 80
790 81
790 82
790 83
790 143
790 144
790 145
790 146
790 147
790 148
790 149
790 150
790 151
790 152
790 153
790 154
790 155
790 156
790 157
790 158
790 159
790 160
790 161
791 81
791 82
791 83
791 84
791 85
791 86
791 87
791 88
791 146
791 147
791 148
791 149
791 150
791 151
791 152
791 153
791 154
791 155
791 156
791 157
791 158
791 159
791 160
791 161
791 162
791 163
792 82
792 83
792 84
792 85
792 86
792 87
792 88
792 89
792 90
792 91
792 148
792 149
792 150
792 151
792 152
792 153
792 154
792 155
792 156
792 157
792 158
792 159
792 160
792 161
792 162
792 163
792 164
792 165
793 84
793 85
793 86
793 87
793 88
793 89
793 90
793 91
793 92
793 93
793 94
793 95
793 151
793 152
793 153
793 154
793 155
793 156
793 157
793 158
793 159
793 160
793 161
793 162
793 163
793 164
793 165
793 166
793 167
793 168
794 86
794 87
794 88
794 89
794 90
794 91
794 92
794 93
794 94
794 95
794 96
794 97
794 98
794 153
794 154
794 155
794 156
794 157
794 158
794 159
794 160
794 161
794 162
794 163
794 164
794 165
794 166
794 167
794 168
794 169
794 170
795 88
795 89
795 90
795 91
795 92
795 93
795 94
795 95
795 96
795 97
795 98
795 99
795 100
795 101
795 156
795 157
795 158
795 159
795 160
795 161
795 162
795 163
795 164
795 165
795 166
795 167
795 168
795 169
795 170
795 171
795 172
796 91
796 92
796 93
796 94
796 95
796 96
796 97
796 98
796 99
796 100
796 101
796 102
796 103
796 104
796 159
796 160
796 161
796 162
796 163
796 164
796 165
796 166
796 167
796 168
796 169
796 170
796 171
796 172
796 173
796 174
796 175
797 93
797 94
797 95
797 96
797 97
797 98
797 99
797 100
797 101
797 102
797 103
797 104
797 105
797 106
797 107
797 161
797 162
797 163
797 164
797 165
797 166
797 167
797 168
797 169
797 170
797 171
797 172
797 173
797 174
797 175
797 176
797 177
798 95
798 96
798 97
798 98
798 99
798 100
798 101
798 102
798 103
798 104
798 105
798 106
798 107
798 108
798 109
798 110
798 164
798 165
798 166
798 167
798 168
798 169
798 170
798 171
798 172
798 173
798 174
798 175
798 176
798 177
798 178
798 179
799 97
799 98
799 99
799 100
799 101
799 102
799 103
799 104
799 105
799 106
799 107
799 108
799 109
799 110
799 111
799 112
799 113
799 167
799 168
799 169
799 170
799 171
799 172
799 173
799 174
799 175
799 176
799 177
799 178
799 179
799 180
799 181
800 100
800 101
800 102
800 103
800 104
800 105
800 106
800 107
800 108
800 109
800 110
800 111
800 112
800 113
800 114
800 115
800 116
800 170
800 171
800 172
800 173
800 174
800 175
800 176
800 177
800 178
800 179
800 180
800 181
800 182
800 183
801 102
801 103
801 104
801 105
801 106
801 107
801 108
801 109
801 110
801 111
801 112
801 113
801 114
801 115
801 116
801 117
801 118
801 119
801 172
801 173
801 174
801 175
801 176
801 177
801 178
801 179
801 180
801 181
801 182
801 183
801 184
801 185
802 104
802 105
802 106
802 107
802 108
802 109
802 110
802 111
802 112
802 113
802 114
802 115
802 116
802 117
802 118
802 119
802 120
802 121
802 122
802 175
802 176
802 177
802 178
802 179
802 180
802 181
802 182
802 183
802 184
802 185
802 186
802 187
803 107
803 108
803 109
803 110
803 111
803 112
803 113
803 114
803 115
803 116
803 117
803 118
803 119
803 120
803 121
803 122
803 123
803 124
803 178
803 179
803 180
803 181
803 182
803 183
803 184
803 185
803 186
803 187
803 188
803 189
804 109
804 110
804 111
804 112
804 113
804 114
804 115
804 116
804 117
804 118
804 119
804 120
804 121
804 122
804 123
804 124
804 125
804 126
804 127
804 182
804 183
804 184
804 185
804 186
804 187
804 188
804 189
804 190
804 191
805 112
805 113
805 114
805 115
805 116
805 117
805 118
805 119
805 120
805 121
805 122
805 123
805 124
805 125
805 126
805 127
805 128
805 129
805 130
805 185
805 186
805 187
805 188
805 189
805 190
805 191
805 192
805 193
806 114
806 115
806 116
806 117
806 118
806 119
806 120
806 121
806 122
806 123
806 124
806 125
806 126
806 127
806 128
806 129
806 130
806 131
806 132
806 188
806 189
806 190
806 191
806 192
806 193
806 194
807 117
807 118
807 119
807 120
807 121
807 122
807 123
807 124
807 125
807 126
807 127
807 128
807 129
807 130
807 131
807 132
807 133
807 134
807 135
807 193
807 194
807 195
808 119
808 120
808 121
808 122
808 123
808 124
808 125
808 126
808 127
808 128
808 129
808 130
808 131
808 132
808 133
808 134
808 135
808 136
808 137
809 121
809 122
809 123
809 124
809 125
809 126
809 127
809 128
809 129
809 130
809 131
809 132
809 133
809 134
809 135
809 136
809 137
809 138
809 139
809 140
810 124
810 125
810 126
810 127
810 128
810 129
810 130
810 131
810 132
810 133
810 134
810 135
810 136
810 137
810 138
810 139
810 140
810 141
810 142
810 143
811 126
811 127
811 128
811 129
811 130
811 131
811 132
811 133
811 134
811 135
811 136
811 137
811 138
811 139
811 140
811 141
811 142
811 143
811 144
811 145
812 129
812 130
812 131
812 132
812 133
812 134
812 135
812 136
812 137
812 138
812 139
812 140
812 141
812 142
812 143
812 144
812 145
812 146
812 147
812 148
813 131
813 132
813 133
813 134
813 135
813 136
813 137
813 138
813 139
813 140
813 141
813 142
813 143
813 144
813 145
813 146
813 147
813 148
813 149
813 150
814 134
814 135
814 136
814 137
814 138
814 139
814 140
814 141
814 142
814 143
814 144
814 145
814 146
814 147
814 148
814 149
814 150
814 151
814 152
814 153
815 136
815 137
815 138
815 139
815 140
815 141
815 142
815 143
815 144
815 145
815 146
815 147
815 148
815 149
815 150
815 151
815 152
815 153
815 154
815 155
816 76
816 77
816 78
816 79
816 139
816 140
816 141
816 142
816 143
816 144
816 145
816 146
816 147
816 148
816 149
816 150
816 151
816 152
816 153
816 154
816 155
816 156
816 157
817 77
817 78
817 79
817 80
817 81
817 82
817 83
817 84
817 142
817 143
817 144
817 145
817 146
817 147
817 148
817 149
817 150
817 151
817 152
817 153
817 154
817 155
817 156
817 157
817 158
817 159
817 160
818 78
818 79
818 80
818 81
818 82
818 83
818 84
818 85
818 86
818 87
818 144
818 145
818 146
818 147
818 148
818 149
818 150
818 151
818 152
818 153
818 154
818 155
818 156
818 157
818 158
818 159
818 160
818 161
818 162
819 80
819 81
819 82
819 83
819 84
819 85
819 86
819 87
819 88
819 89
819 90
819 91
819 147
819 148
819 149
819 150
819 151
819 152
819 153
819 154
819 155
819 156
819 157
819 158
819 159
819 160
819 161
819 162
819 163
819 164
819 165
820 82
820 83
820 84
820 85
820 86
820 87
820 88
820 89
820 90
820 91
820 92
820 93
820 94
820 149
820 150
820 151
820 152
820 153
820 154
820 155
820 156
820 157
820 158
820 159
820 160
820 161
820 162
820 163
820 164
820 165
820 166
820 167
821 84
821 85
821 86
821 87
821 88
821 89
821 90
821 91
821 92
821 93
821 94
821 95
821 96
821 97
821 98
821 152
821 153
821 154
821 155
821 156
821 157
821 158
821 159
821 160
821 161
821 162
821 163
821 164
821 165
821 166
821 167
821 168
821 169
822 87
822 88
822 89
822 90
822 91
822 92
822 93
822 94
822 95
822 96
822 97
822 98
822 99
822 100
822 101
822 155
822 156
822 157
822 158
822 159
822 160
822 161
822 162
822 163
822 164
822 165
822 166
822 167
822 168
822 169
822 170
822 171
823 89
823 90
823 91
823 92
823 93
823 94
823 95
823 96
823 97
823 98
823 99
823 100
823 101
823 102
823 103
823 104
823 157
823 158
823 159
823 160
823 161
823 162
823 163
823 164
823 165
823 166
823 167
823 168
823 169
823 170
823 171
823 172
823 173
823 174
824 91
824 92
824 93
824 94
824 95
824 96
824 97
824 98
824 99
824 100
824 101
824 102
824 103
824 104
824 105
824 106
824 107
824 160
824 161
824 162
824 163
824 164
824 165
824 166
824 167
824 168
824 169
824 170
824 171
824 172
824 173
824 174
824 175
824 176
825 93
825 94
825 95
825 96
825 97
825 98
825 99
825 100
825 101
825 102
825 103
825 104
825 105
825 106
825 107
825 108
825 109
825 110
825 163
825 164
825 165
825 166
825 167
825 168
825 169
825 170
825 171
825 172
825 173
825 174
825 175
825 176
825 177
825 178
826 96
826 97
826 98
826 99
826 100
826 101
826 102
826 103
826 104
826 105
826 106
826 107
826 108
826 109
826 110
826 111
826 112
826 165
826 166
826 167
826 168
826 169
826 170
826 171
826 172
826 173
826 174
826 175
826 176
826 177
826 178
826 179
826 180
827 98
827 99
827 100
827 101
827 102
827 103
827 104
827 105
827 106
827 107
827 108
827 109
827 110
827 111
827 112
827 113
827 114
827 115
827 168
827 169
827 170
827 171
827 172
827 173
827 174
827 175
827 176
827 177
827 178
827 179
827 180
827 181
827 182
827 183
828 101
828 102
828 103
828 104
828 105
828 106
828 107
828 108
828 109
828 110
828 111
828 112
828 113
828 114
828 115
828 116
828 117
828 118
828 171
828 172
828 173
828 174
828 175
828 176
828 177
828 178
828 179
828 180
828 181
828 182
828 183
828 184
828 185
829 103
829 104
829 105
829 106
829 107
829 108
829 109
829 110
829 111
829 112
829 113
829 114
829 115
829 116
829 117
829 118
829 119
829 120
829 121
829 174
829 175
829 176
829 177
829 178
829 179
829 180
829 181
829 182
829 183
829 184
829 185
829 186
829 187
830 105
830 106
830 107
830 108
830 109
830 110
830 111
830 112
830 113
830 114
830 115
830 116
830 117
830 118
830 119
830 120
830 121
830 122
830 123
830 177
830 178
830 179
830 180
830 181
830 182
830 183
830 184
830 185
830 186
830 187
830 188
830 189
831 108
831 109
831 110
831 111
831 112
831 113
831 114
831 115
831 116
831 117
831 118
831 119
831 120
831 121
831 122
831 123
831 124
831 125
831 126
831 180
831 181
831 182
831 183
831 184
831 185
831 186
831 187
831 188
831 189
831 190
831 191
832 110
832 111
832 112
832 113
832 114
832 115
832 116
832 117
832 118
832 119
832 120
832 121
832 122
832 123
832 124
832 125
832 126
832 127
832 128
832 129
832 183
832 184
832 185
832 186
832 187
832 188
832 189
832 190
832 191
832 192
833 113
833 114
833 115
833 116
833 117
833 118
833 119
833 120
833 121
833 122
833 123
833 124
833 125
833 126
833 127
833 128
833 129
833 130
833 131
833 187
833 188
833 189
833 190
833 191
833 192
833 193
833 194
834 115
834 116
834 117
834 118
834 119
834 120
834 121
834 122
834 123
834 124
834 125
834 126
834 127
834 128
834 129
834 130
834 131
834 132
834 133
834 134
834 191
834 192
834 193
834 194
834 195
835 118
835 119
835 120
835 121
835 122
835 123
835 124
835 125
835 126
835 127
835 128
835 129
835 130
835 131
835 132
835 133
835 134
835 135
835 136
835 137
836 120
836 121
836 122
836 123
836 124
836 125
836 126
836 127
836 128
836 129
836 130
836 131
836 132
836 133
836 134
836 135
836 136
836 137
836 138
836 139
837 123
837 124
837 125
837 126
837 127
837 128
837 129
837 130
837 131
837 132
837 133
837 134
837 135
837 136
837 137
837 138
837 139
837 140
837 141
837 142
838 125
838 126
838 127
838 128
838 129
838 130
838 131
838 132
838 133
838 134
838 135
838 136
838 137
838 138
838 139
838 140
838 141
838 142
838 143
838 144
839 128
839 129
839 130
839 131
839 132
839 133
839 134
839 135
839 136
839 137
839 138
839 139
839 140
839 141
839 142
839 143
839 144
839 145
839 146
839 147
840 130
840 131
840 132
840 133
840 134
840 135
840 136
840 137
840 138
840 139
840 140
840 141
840 142
840 143
840 144
840 145
840 146
840 147
840 148
840 149
841 133
841 134
841 135
841 136
841 137
841 138
841 139
841 140
841 141
841 142
841 143
841 144
841 145
841 146
841 147
841 148
841 149
841 150
841 151
841 152
842 72
842 73
842 74
842 135
842 136
842 137
842 138
842 139
842 140
842 141
842 142
842 143
842 144
842 145
842 146
842 147
842 148
842 149
842 150
842 151
842 152
842 153
842 154
843 73
843 74
843 75
843 76
843 77
843 78
843 79
843 138
843 139
843 140
843 141
843 142
843 143
843 144
843 145
843 146
843 147
843 148
843 149
843 150
843 151
843 152
843 153
843 154
843 155
843 156
844 75
844 76
844 77
844 78
844 79
844 80
844 81
844 82
844 83
844 140
844 141
844 142
844 143
844 144
844 145
844 146
844 147
844 148
844 149
844 150
844 151
844 152
844 153
844 154
844 155
844 156
844 157
844 158
844 159
845 77
845 78
845 79
845 80
845 81
845 82
845 83
845 84
845 85
845 86
845 87
845 143
845 144
845 145
845 146
845 147
845 148
845 149
845 150
845 151
845 152
845 153
845 154
845 155
845 156
845 157
845 158
845 159
845 160
845 161
846 79
846 80
846 81
846 82
846 83
846 84
846 85
846 86
846 87
846 88
846 89
846 90
846 145
846 146
846 147
846 148
846 149
846 150
846 151
846 152
846 153
846 154
846 155
846 156
846 157
846 158
846 159
846 160
846 161
846 162
846 163
846 164
847 81
847 82
847 83
847 84
847 85
847 86
847 87
847 88
847 89
847 90
847 91
847 92
847 93
847 94
847 148
847 149
847 150
847 151
847 152
847 153
847 154
847 155
847 156
847 157
847 158
847 159
847 160
847 161
847 162
847 163
847 164
847 165
847 166
848 83
848 84
848 85
848 86
848 87
848 88
848 89
848 90
848 91
848 92
848 93
848 94
848 95
848 96
848 97
848 151
848 152
848 153
848 154
848 155
848 156
848 157
848 158
848 159
848 160
848 161
848 162
848 163
848 164
848 165
848 166
848 167
848 168
849 85
849 86
849 87
849 88
849 89
849 90
849 91
849 92
849 93
849 94
849 95
849 96
849 97
849 98
849 99
849 100
849 153
849 154
849 155
849 156
849 157
849 158
849 159
849 160
849 161
849 162
849 163
849 164
849 165
849 166
849 167
849 168
849 169
849 170
849 171
850 87
850 88
850 89
850 90
850 91
850 92
850 93
850 94
850 95
850 96
850 97
850 98
850 99
850 100
850 101
850 102
850 103
850 156
850 157
850 158
850 159
850 160
850 161
850 162
850 163
850 164
850 165
850 166
850 167
850 168
850 169
850 170
850 171
850 172
850 173
851 90
851 91
851 92
851 93
851 94
851 95
851 96
851 97
851 98
851 99
851 100
851 101
851 102
851 103
851 104
851 105
851 106
851 159
851 160
851 161
851 162
851 163
851 164
851 165
851 166
851 167
851 168
851 169
851 170
851 171
851 172
851 173
851 174
851 175
852 92
852 93
852 94
852 95
852 96
852 97
852 98
852 99
852 100
852 101
852 102
852 103
852 104
852 105
852 106
852 107
852 108
852 109
852 161
852 162
852 163
852 164
852 165
852 166
852 167
852 168
852 169
852 170
852 171
852 172
852 173
852 174
852 175
852 176
852 177
853 94
853 95
853 96
853 97
853 98
853 99
853 100
853 101
853 102
853 103
853 104
853 105
853 106
853 107
853 108
853 109
853 110
853 111
853 164
853 165
853 166
853 167
853 168
853 169
853 170
853 171
853 172
853 173
853 174
853 175
853 176
853 177
853 178
853 179
853 180
854 97
854 98
854 99
854 100
854 101
854 102
854 103
854 104
854 105
854 106
854 107
854 108
854 109
854 110
854 111
854 112
854 113
854 114
854 167
854 168
854 169
854 170
854 171
854 172
854 173
854 174
854 175
854 176
854 177
854 178
854 179
854 180
854 181
854 182
855 99
855 100
855 101
855 102
855 103
855 104
855 105
855 106
855 107
855 108
855 109
855 110
855 111
855 112
855 113
855 114
855 115
855 116
855 117
855 170
855 171
855 172
855 173
855 174
855 175
855 176
855 177
855 178
855 179
855 180
855 181
855 182
855 183
855 184
856 102
856 103
856 104
856 105
856 106
856 107
856 108
856 109
856 110
856 111
856 112
856 113
856 114
856 115
856 116
856 117
856 118
856 119
856 120
856 172
856 173
856 174
856 175
856 176
856 177
856 178
856 179
856 180
856 181
856 182
856 183
856 184
856 185
856 186
857 104
857 105
857 106
857 107
857 108
857 109
857 110
857 111
857 112
857 113
857 114
857 115
857 116
857 117
857 118
857 119
857 120
857 121
857 122
857 175
857 176
857 177
857 178
857 179
857 180
857 181
857 182
857 183
857 184
857 185
857 186
857 187
857 188
858 106
858 107
858 108
858 109
858 110
858 111
858 112
858 113
858 114
858 115
858 116
858 117
858 118
858 119
858 120
858 121
858 122
858 123
858 124
858 125
858 179
858 180
858 181
858 182
858 183
858 184
858 185
858 186
858 187
858 188
858 189
858 190
859 109
859 110
859 111
859 112
859 113
859 114
859 115
859 116
859 117
859 118
859 119
859 120
859 121
859 122
859 123
859 124
859 125
859 126
859 127
859 128
859 182
859 183
859 184
859 185
859 186
859 187
859 188
859 189
859 190
859 191
860 111
860 112
860 113
860 114
860 115
860 116
860 117
860 118
860 119
860 120
860 121
860 122
860 123
860 124
860 125
860 126
860 127
860 128
860 129
860 130
860 185
860 186
860 187
860 188
860 189
860 190
860 191
860 192
860 193
861 114
861 115
861 116
861 117
861 118
861 119
861 120
861 121
861 122
861 123
861 124
861 125
861 126
861 127
861 128
861 129
861 130
861 131
861 132
861 133
861 189
861 190
861 191
861 192
861 193
861 194
862 116
862 117
862 118
862 119
862 120
862 121
862 122
862 123
862 124
862 125
862 126
862 127
862 128
862 129
862 130
862 131
862 132
862 133
862 134
862 135
862 136
863 119
863 120
863 121
863 122
863 123
863 124
863 125
863 126
863 127
863 128
863 129
863 130
863 131
863 132
863 133
863 134
863 135
863 136
863 137
863 138
864 121
864 122
864 123
864 124
864 125
864 126
864 127
864 128
864 129
864 130
864 131
864 132
864 133
864 134
864 135
864 136
864 137
864 138
864 139
864 140
864 141
865 124
865 125
865 126
865 127
865 128
865 129
865 130
865 131
865 132
865 133
865 134
865 135
865 136
865 137
865 138
865 139
865 140
865 141
865 142
865 143
866 126
866 127
866 128
866 129
866 130
866 131
866 132
866 133
866 134
866 135
866 136
866 137
866 138
866 139
866 140
866 141
866 142
866 143
866 144
866 145
866 146
867 129
867 130
867 131
867 132
867 133
867 134
867 135
867 136
867 137
867 138
867 139
867 140
867 141
867 142
867 143
867 144
867 145
867 146
867 147
867 148
868 131
868 132
868 133
868 134
868 135
868 136
868 137
868 138
868 139
868 140
868 141
868 142
868 143
868 144
868 145
868 146
868 147
868 148
868 149
868 150
868 151
869 70
869 71
869 72
869 73
869 74
869 75
869 134
869 135
869 136
869 137
869 138
869 139
869 140
869 141
869 142
869 143
869 144
869 145
869 146
869 147
869 148
869 149
869 150
869 151
869 152
869 153
870 71
870 72
870 73
870 74
870 75
870 76
870 77
870 78
870 79
870 136
870 137
870 138
870 139
870 140
870 141
870 142
870 143
870 144
870 145
870 146
870 147
870 148
870 149
870 150
870 151
870 152
870 153
870 154
870 155
871 73
871 74
871 75
871 76
871 77
871 78
871 79
871 80
871 81
871 82
871 83
871 139
871 140
871 141
871 142
871 143
871 144
871 145
871 146
871 147
871 148
871 149
871 150
871 151
871 152
871 153
871 154
871 155
871 156
871 157
871 158
872 75
872 76
872 77
872 78
872 79
872 80
872 81
872 82
872 83
872 84
872 85
872 86
872 142
872 143
872 144
872 145
872 146
872 147
872 148
872 149
872 150
872 151
872 152
872 153
872 154
872 155
872 156
872 157
872 158
872 159
872 160
873 77
873 78
873 79
873 80
873 81
873 82
873 83
873 84
873 85
873 86
873 87
873 88
873 89
873 144
873 145
873 146
873 147
873 148
873 149
873 150
873 151
873 152
873 153
873 154
873 155
873 156
873 157
873 158
873 159
873 160
873 161
873 162
873 163
874 79
874 80
874 81
874 82
874 83
874 84
874 85
874 86
874 87
874 88
874 89
874 90
874 91
874 92
874 93
874 147
874 148
874 149
874 150
874 151
874 152
874 153
874 154
874 155
874 156
874 157
874 158
874 159
874 160
874 161
874 162
874 163
874 164
874 165
875 81
875 82
875 83
875 84
875 85
875 86
875 87
875 88
875 89
875 90
875 91
875 92
875 93
875 94
875 95
875 96
875 149
875 150
875 151
875 152
875 153
875 154
875 155
875 156
875 157
875 158
875 159
875 160
875 161
875 162
875 163
875 164
875 165
875 166
875 167
876 84
876 85
876 86
876 87
876 88
876 89
876 90
876 91
876 92
876 93
876 94
876 95
876 96
876 97
876 98
876 99
876 152
876 153
876 154
876 155
876 156
876 157
876 158
876 159
876 160
876 161
876 162
876 163
876 164
876 165
876 166
876 167
876 168
876 169
876 170
877 86
877 87
877 88
877 89
877 90
877 91
877 92
877 93
877 94
877 95
877 96
877 97
877 98
877 99
877 100
877 101
877 102
877 155
877 156
877 157
877 158
877 159
877 160
877 161
877 162
877 163
877 164
877 165
877 166
877 167
877 168
877 169
877 170
877 171
877 172
878 88
878 89
878 90
878 91
878 92
878 93
878 94
878 95
878 96
878 97
878 98
878 99
878 100
878 101
878 102
878 103
878 104
878 105
878 157
878 158
878 159
878 160
878 161
878 162
878 163
878 164
878 165
878 166
878 167
878 168
878 169
878 170
878 171
878 172
878 173
878 174
879 91
879 92
879 93
879 94
879 95
879 96
879 97
879 98
879 99
879 100
879 101
879 102
879 103
879 104
879 105
879 106
879 107
879 108
879 160
879 161
879 162
879 163
879 164
879 165
879 166
879 167
879 168
879 169
879 170
879 171
879 172
879 173
879 174
879 175
879 176
880 93
880 94
880 95
880 96
880 97
880 98
880 99
880 100
880 101
880 102
880 103
880 104
880 105
880 106
880 107
880 108
880 109
880 110
880 163
880 164
880 165
880 166
880 167
880 168
880 169
880 170
880 171
880 172
880 173
880 174
880 175
880 176
880 177
880 178
881 95
881 96
881 97
881 98
881 99
881 100
881 101
881 102
881 103
881 104
881 105
881 106
881 107
881 108
881 109
881 110
881 111
881 112
881 113
881 165
881 166
881 167
881 168
881 169
881 170
881 171
881 172
881 173
881 174
881 175
881 176
881 177
881 178
881 179
881 180
881 181
882 98
882 99
882 100
882 101
882 102
882 103
882 104
882 105
882 106
882 107
882 108
882 109
882 110
882 111
882 112
882 113
882 114
882 115
882 116
882 168
882 169
882 170
882 171
882 172
882 173
882 174
882 175
882 176
882 177
882 178
882 179
882 180
882 181
882 182
882 183
883 100
883 101
883 102
883 103
883 104
883 105
883 106
883 107
883 108
883 109
883 110
883 111
883 112
883 113
883 114
883 115
883 116
883 117
883 118
883 119
883 171
883 172
883 173
883 174
883 175
883 176
883 177
883 178
883 179
883 180
883 181
883 182
883 183
883 184
883 185
884 103
884 104
884 105
884 106
884 107
884 108
884 109
884 110
884 111
884 112
884 113
884 114
884 115
884 116
884 117
884 118
884 119
884 120
884 121
884 174
884 175
884 176
884 177
884 178
884 179
884 180
884 181
884 182
884 183
884 184
884 185
884 186
884 187
885 105
885 106
885 107
885 108
885 109
885 110
885 111
885 112
885 113
885 114
885 115
885 116
885 117
885 118
885 119
885 120
885 121
885 122
885 123
885 124
885 177
885 178
885 179
885 180
885 181
885 182
885 183
885 184
885 185
885 186
885 187
885 188
885 189
886 108
886 109
886 110
886 111
886 112
886 113
886 114
886 115
886 116
886 117
886 118
886 119
886 120
886 121
886 122
886 123
886 124
886 125
886 126
886 127
886 180
886 181
886 182
886 183
886 184
886 185
886 186
886 187
886 188
886 189
886 190
887 110
887 111
887 112
887 113
887 114
887 115
887 116
887 117
887 118
887 119
887 120
887 121
887 122
887 123
887 124
887 125
887 126
887 127
887 128
887 129
887 184
887 185
887 186
887 187
887 188
887 189
887 190
887 191
887 192
888 113
888 114
888 115
888 116
888 117
888 118
888 119
888 120
888 121
888 122
888 123
888 124
888 125
888 126
888 127
888 128
888 129
888 130
888 131
888 132
888 188
888 189
888 190
888 191
888 192
888 193
889 115
889 116
889 117
889 118
889 119
889 120
889 121
889 122
889 123
889 124
889 125
889 126
889 127
889 128
889 129
889 130
889 131
889 132
889 133
889 134
890 117
890 118
890 119
890 120
890 121
890 122
890 123
890 124
890 125
890 126
890 127
890 128
890 129
890 130
890 131
890 132
890 133
890 134
890 135
890 136
890 137
891 120
891 121
891 122
891 123
891 124
891 125
891 126
891 127
891 128
891 129
891 130
891 131
891 132
891 133
891 134
891 135
891 136
891 137
891 138
891 139
891 140
892 123
892 124
892 125
892 126
892 127
892 128
892 129
892 130
892 131
892 132
892 133
892 134
892 135
892 136
892 137
892 138
892 139
892 140
892 141
892 142
893 125
893 126
893 127
893 128
893 129
893 130
893 131
893 132
893 133
893 134
893 135
893 136
893 137
893 138
893 139
893 140
893 141
893 142
893 143
893 144
893 145
894 128
894 129
894 130
894 131
894 132
894 133
894 134
894 135
894 136
894 137
894 138
894 139
894 140
894 141
894 142
894 143
894 144
894 145
894 146
894 147
895 68
895 69
895 130
895 131
895 132
895 133
895 134
895 135
895 136
895 137
895 138
895 139
895 140
895 141
895 142
895 143
895 144
895 145
895 146
895 147
895 148
895 149
895 150
896 68
896 69
896 70
896 71
896 72
896 73
896 74
896 133
896 134
896 135
896 136
896 137
896 138
896 139
896 140
896 141
896 142
896 143
896 144
896 145
896 146
896 147
896 148
896 149
896 150
896 151
896 152
897 70
897 71
897 72
897 73
897 74
897 75
897 76
897 77
897 78
897 135
897 136
897 137
897 138
897 139
897 140
897 141
897 142
897 143
897 144
897 145
897 146
897 147
897 148
897 149
897 150
897 151
897 152
897 153
897 154
898 72
898 73
898 74
898 75
898 76
898 77
898 78
898 79
898 80
898 81
898 82
898 138
898 139
898 140
898 141
898 142
898 143
898 144
898 145
898 146
898 147
898 148
898 149
898 150
898 151
898 152
898 153
898 154
898 155
898 156
898 157
899 74
899 75
899 76
899 77
899 78
899 79
899 80
899 81
899 82
899 83
899 84
899 85
899 140
899 141
899 142
899 143
899 144
899 145
899 146
899 147
899 148
899 149
899 150
899 151
899 152
899 153
899 154
899 155
899 156
899 157
899 158
899 159
900 76
900 77
900 78
900 79
900 80
900 81
900 82
900 83
900 84
900 85
900 86
900 87
900 88
900 143
900 144
900 145
900 146
900 147
900 148
900 149
900 150
900 151
900 152
900 153
900 154
900 155
900 156
900 157
900 158
900 159
900 160
900 161
900 162
901 78
901 79
901 80
901 81
901 82
901 83
901 84
901 85
901 86
901 87
901 88
901 89
901 90
901 91
901 92
901 145
901 146
901 147
901 148
901 149
901 150
901 151
901 152
901 153
901 154
901 155
901 156
901 157
901 158
901 159
901 160
901 161
901 162
901 163
901 164
902 80
902 81
902 82
902 83
902 84
902 85
902 86
902 87
902 88
902 89
902 90
902 91
902 92
902 93
902 94
902 95
902 148
902 149
902 150
902 151
902 152
902 153
902 154
902 155
902 156
902 157
902 158
902 159
902 160
902 161
902 162
902 163
902 164
902 165
902 166
903 82
903 83
903 84
903 85
903 86
903 87
903 88
903 89
903 90
903 91
903 92
903 93
903 94
903 95
903 96
903 97
903 98
903 151
903 152
903 153
903 154
903 155
903 156
903 157
903 158
903 159
903 160
903 161
903 162
903 163
903 164
903 165
903 166
903 167
903 168
904 85
904 86
904 87
904 88
904 89
904 90
904 91
904 92
904 93
904 94
904 95
904 96
904 97
904 98
904 99
904 100
904 101
904 153
904 154
904 155
904 156
904 157
904 158
904 159
904 160
904 161
904 162
904 163
904 164
904 165
904 166
904 167
904 168
904 169
904 170
904 171
905 87
905 88
905 89
905 90
905 91
905 92
905 93
905 94
905 95
905 96
905 97
905 98
905 99
905 100
905 101
905 102
905 103
905 104
905 156
905 157
905 158
905 159
905 160
905 161
905 162
905 163
905 164
905 165
905 166
905 167
905 168
905 169
905 170
905 171
905 172
905 173
906 89
906 90
906 91
906 92
906 93
906 94
906 95
906 96
906 97
906 98
906 99
906 100
906 101
906 102
906 103
906 104
906 105
906 106
906 107
906 159
906 160
906 161
906 162
906 163
906 164
906 165
906 166
906 167
906 168
906 169
906 170
906 171
906 172
906 173
906 174
906 175
907 92
907 93
907 94
907 95
907 96
907 97
907 98
907 99
907 100
907 101
907 102
907 103
907 104
907 105
907 106
907 107
907 108
907 109
907 162
907 163
907 164
907 165
907 166
907 167
907 168
907 169
907 170
907 171
907 172
907 173
907 174
907 175
907 176
907 177
908 94
908 95
908 96
908 97
908 98
908 99
908 100
908 101
908 102
908 103
908 104
908 105
908 106
908 107
908 108
908 109
908 110
908 111
908 112
908 164
908 165
908 166
908 167
908 168
908 169
908 170
908 171
908 172
908 173
908 174
908 175
908 176
908 177
908 178
908 179
908 180
909 97
909 98
909 99
909 100
909 101
909 102
909 103
909 104
909 105
909 106
909 107
909 108
909 109
909 110
909 111
909 112
909 113
909 114
909 115
909 167
909 168
909 169
909 170
909 171
909 172
909 173
909 174
909 175
909 176
909 177
909 178
909 179
909 180
909 181
909 182
910 99
910 100
910 101
910 102
910 103
910 104
910 105
910 106
910 107
910 108
910 109
910 110
910 111
910 112
910 113
910 114
910 115
910 116
910 117
910 118
910 170
910 171
910 172
910 173
910 174
910 175
910 176
910 177
910 178
910 179
910 180
910 181
910 182
910 183
910 184
911 101
911 102
911 103
911 104
911 105
911 106
911 107
911 108
911 109
911 110
911 111
911 112
911 113
911 114
911 115
911 116
911 117
911 118
911 119
911 120
911 173
911 174
911 175
911 176
911 177
911 178
911 179
911 180
911 181
911 182
911 183
911 184
911 185
911 186
912 104
912 105
912 106
912 107
912 108
912 109
912 110
912 111
912 112
912 113
912 114
912 115
912 116
912 117
912 118
912 119
912 120
912 121
912 122
912 123
912 176
912 177
912 178
912 179
912 180
912 181
912 182
912 183
912 184
912 185
912 186
912 187
913 106
913 107
913 108
913 109
913 110
913 111
913 112
913 113
913 114
913 115
913 116
913 117
913 118
913 119
913 120
913 121
913 122
913 123
913 124
913 125
913 126
913 179
913 180
913 181
913 182
913 183
913 184
913 185
913 186
913 187
913 188
913 189
914 109
914 110
914 111
914 112
914 113
914 114
914 115
914 116
914 117
914 118
914 119
914 120
914 121
914 122
914 123
914 124
914 125
914 126
914 127
914 128
914 183
914 184
914 185
914 186
914 187
914 188
914 189
914 190
914 191
915 111
915 112
915 113
915 114
915 115
915 116
915 117
915 118
915 119
915 120
915 121
915 122
915 123
915 124
915 125
915 126
915 127
915 128
915 129
915 130
915 131
915 186
915 187
915 188
915 189
915 190
915 191
915 192
916 114
916 115
916 116
916 117
916 118
916 119
916 120
916 121
916 122
916 123
916 124
916 125
916 126
916 127
916 128
916 129
916 130
916 131
916 132
916 133
917 116
917 117
917 118
917 119
917 120
917 121
917 122
917 123
917 124
917 125
917 126
917 127
917 128
917 129
917 130
917 131
917 132
917 133
917 134
917 135
917 136
918 119
918 120
918 121
918 122
918 123
918 124
918 125
918 126
918 127
918 128
918 129
918 130
918 131
918 132
918 133
918 134
918 135
918 136
918 137
918 138
919 121
919 122
919 123
919 124
919 125
919 126
919 127
919 128
919 129
919 130
919 131
919 132
919 133
919 134
919 135
919 136
919 137
919 138
919 139
919 140
919 141
920 124
920 125
920 126
920 127
920 128
920 129
920 130
920 131
920 132
920 133
920 134
920 135
920 136
920 137
920 138
920 139
920 140
920 141
920 142
920 143
921 126
921 127
921 128
921 129
921 130
921 131
921 132
921 133
921 134
921 135
921 136
921 137
921 138
921 139
921 140
921 141
921 142
921 143
921 144
921 145
921 146
922 66
922 67
922 68
922 129
922 130
922 131
922 132
922 133
922 134
922 135
922 136
922 137
922 138
922 139
922 140
922 141
922 142
922 143
922 144
922 145
922 146
922 147
922 148
923 67
923 68
923 69
923 70
923 71
923 72
923 73
923 131
923 132
923 133
923 134
923 135
923 136
923 137
923 138
923 139
923 140
923 141
923 142
923 143
923 144
923 145
923 146
923 147
923 148
923 149
923 150
923 151
924 68
924 69
924 70
924 71
924 72
924 73
924 74
924 75
924 76
924 77
924 134
924 135
924 136
924 137
924 138
924 139
924 140
924 141
924 142
924 143
924 144
924 145
924 146
924 147
924 148
924 149
924 150
924 151
924 152
924 153
925 70
925 71
925 72
925 73
925 74
925 75
925 76
925 77
925 78
925 79
925 80
925 81
925 137
925 138
925 139
925 140
925 141
925 142
925 143
925 144
925 145
925 146
925 147
925 148
925 149
925 150
925 151
925 152
925 153
925 154
925 155
925 156
926 72
926 73
926 74
926 75
926 76
926 77
926 78
926 79
926 80
926 81
926 82
926 83
926 84
926 139
926 140
926 141
926 142
926 143
926 144
926 145
926 146
926 147
926 148
926 149
926 150
926 151
926 152
926 153
926 154
926 155
926 156
926 157
926 158
927 74
927 75
927 76
927 77
927 78
927 79
927 80
927 81
927 82
927 83
927 84
927 85
927 86
927 87
927 142
927 143
927 144
927 145
927 146
927 147
927 148
927 149
927 150
927 151
927 152
927 153
927 154
927 155
927 156
927 157
927 158
927 159
927 160
928 77
928 78
928 79
928 80
928 81
928 82
928 83
928 84
928 85
928 86
928 87
928 88
928 89
928 90
928 144
928 145
928 146
928 147
928 148
928 149
928 150
928 151
928 152
928 153
928 154
928 155
928 156
928 157
928 158
928 159
928 160
928 161
928 162
928 163
929 79
929 80
929 81
929 82
929 83
929 84
929 85
929 86
929 87
929 88
929 89
929 90
929 91
929 92
929 93
929 94
929 147
929 148
929 149
929 150
929 151
929 152
929 153
929 154
929 155
929 156
929 157
929 158
929 159
929 160
929 161
929 162
929 163
929 164
929 165
930 81
930 82
930 83
930 84
930 85
930 86
930 87
930 88
930 89
930 90
930 91
930 92
930 93
930 94
930 95
930 96
930 97
930 150
930 151
930 152
930 153
930 154
930 155
930 156
930 157
930 158
930 159
930 160
930 161
930 162
930 163
930 164
930 165
930 166
930 167
931 84
931 85
931 86
931 87
931 88
931 89
931 90
931 91
931 92
931 93
931 94
931 95
931 96
931 97
931 98
931 99
931 100
931 152
931 153
931 154
931 155
931 156
931 157
931 158
931 159
931 160
931 161
931 162
931 163
931 164
931 165
931 166
931 167
931 168
931 169
931 170
932 86
932 87
932 88
932 89
932 90
932 91
932 92
932 93
932 94
932 95
932 96
932 97
932 98
932 99
932 100
932 101
932 102
932 103
932 155
932 156
932 157
932 158
932 159
932 160
932 161
932 162
932 163
932 164
932 165
932 166
932 167
932 168
932 169
932 170
932 171
932 172
933 88
933 89
933 90
933 91
933 92
933 93
933 94
933 95
933 96
933 97
933 98
933 99
933 100
933 101
933 102
933 103
933 104
933 105
933 158
933 159
933 160
933 161
933 162
933 163
933 164
933 165
933 166
933 167
933 168
933 169
933 170
933 171
933 172
933 173
933 174
934 91
934 92
934 93
934 94
934 95
934 96
934 97
934 98
934 99
934 100
934 101
934 102
934 103
934 104
934 105
934 106
934 107
934 108
934 160
934 161
934 162
934 163
934 164
934 165
934 166
934 167
934 168
934 169
934 170
934 171
934 172
934 173
934 174
934 175
934 176
935 93
935 94
935 95
935 96
935 97
935 98
935 99
935 100
935 101
935 102
935 103
935 104
935 105
935 106
935 107
935 108
935 109
935 110
935 111
935 163
935 164
935 165
935 166
935 167
935 168
935 169
935 170
935 171
935 172
935 173
935 174
935 175
935 176
935 177
935 178
936 96
936 97
936 98
936 99
936 100
936 101
936 102
936 103
936 104
936 105
936 106
936 107
936 108
936 109
936 110
936 111
936 112
936 113
936 114
936 166
936 167
936 168
936 169
936 170
936 171
936 172
936 173
936 174
936 175
936 176
936 177
936 178
936 179
936 180
937 98
937 99
937 100
937 101
937 102
937 103
937 104
937 105
937 106
937 107
937 108
937 109
937 110
937 111
937 112
937 113
937 114
937 115
937 116
937 169
937 170
937 171
937 172
937 173
937 174
937 175
937 176
937 177
937 178
937 179
937 180
937 181
937 182
938 100
938 101
938 102
938 103
938 104
938 105
938 106
938 107
938 108
938 109
938 110
938 111
938 112
938 113
938 114
938 115
938 116
938 117
938 118
938 119
938 172
938 173
938 174
938 175
938 176
938 177
938 178
938 179
938 180
938 181
938 182
938 183
938 184
939 103
939 104
939 105
939 106
939 107
939 108
939 109
939 110
939 111
939 112
939 113
939 114
939 115
939 116
939 117
939 118
939 119
939 120
939 121
939 122
939 175
939 176
939 177
939 178
939 179
939 180
939 181
939 182
939 183
939 184
939 185
939 186
940 105
940 106
940 107
940 108
940 109
940 110
940 111
940 112
940 113
940 114
940 115
940 116
940 117
940 118
940 119
940 120
940 121
940 122
940 123
940 124
940 178
940 179
940 180
940 181
940 182
940 183
940 184
940 185
940 186
940 187
940 188
941 108
941 109
941 110
941 111
941 112
941 113
941 114
941 115
941 116
941 117
941 118
941 119
941 120
941 121
941 122
941 123
941 124
941 125
941 126
941 127
941 182
941 183
941 184
941 185
941 186
941 187
941 188
941 189
942 110
942 111
942 112
942 113
942 114
942 115
942 116
942 117
942 118
942 119
942 120
942 121
942 122
942 123
942 124
942 125
942 126
942 127
942 128
942 129
942 130
942 186
942 187
942 188
942 189
942 190
943 113
943 114
943 115
943 116
943 117
943 118
943 119
943 120
943 121
943 122
943 123
943 124
943 125
943 126
943 127
943 128
943 129
943 130
943 131
943 132
944 115
944 116
944 117
944 118
944 119
944 120
944 121
944 122
944 123
944 124
944 125
944 126
944 127
944 128
944 129
944 130
944 131
944 132
944 133
944 134
944 135
945 118
945 119
945 120
945 121
945 122
945 123
945 124
945 125
945 126
945 127
945 128
945 129
945 130
945 131
945 132
945 133
945 134
945 135
945 136
945 137
946 120
946 121
946 122
946 123
946 124
946 125
946 126
946 127
946 128
946 129
946 130
946 131
946 132
946 133
946 134
946 135
946 136
946 137
946 138
946 139
946 140
947 123
947 124
947 125
947 126
947 127
947 128
947 129
947 130
947 131
947 132
947 133
947 134
947 135
947 136
947 137
947 138
947 139
947 140
947 141
947 142
948 125
948 126
948 127
948 128
948 129
948 130
948 131
948 132
948 133
948 134
948 135
948 136
948 137
948 138
948 139
948 140
948 141
948 142
948 143
948 144
948 145
949 65
949 66
949 67
949 128
949 129
949 130
949 131
949 132
949 133
949 134
949 135
949 136
949 137
949 138
949 139
949 140
949 141
949 142
949 143
949 144
949 145
949 146
949 147
950 66
950 67
950 68
950 69
950 70
950 71
950 72
950 130
950 131
950 132
950 133
950 134
950 135
950 136
950 137
950 138
950 139
950 140
950 141
950 142
950 143
950 144
950 145
950 146
950 147
950 148
950 149
950 150
951 67
951 68
951 69
951 70
951 71
951 72
951 73
951 74
951 75
951 76
951 133
951 134
951 135
951 136
951 137
951 138
951 139
951 140
951 141
951 142
951 143
951 144
951 145
951 146
951 147
951 148
951 149
951 150
951 151
951 152
952 69
952 70
952 71
952 72
952 73
952 74
952 75
952 76
952 77
952 78
952 79
952 80
952 136
952 137
952 138
952 139
952 140
952 141
952 142
952 143
952 144
952 145
952 146
952 147
952 148
952 149
952 150
952 151
952 152
952 153
952 154
953 71
953 72
953 73
953 74
953 75
953 76
953 77
953 78
953 79
953 80
953 81
953 82
953 83
953 138
953 139
953 140
953 141
953 142
953 143
953 144
953 145
953 146
953 147
953 148
953 149
953 150
953 151
953 152
953 153
953 154
953 155
953 156
953 157
954 73
954 74
954 75
954 76
954 77
954 78
954 79
954 80
954 81
954 82
954 83
954 84
954 85
954 86
954 141
954 142
954 143
954 144
954 145
954 146
954 147
954 148
954 149
954 150
954 151
954 152
954 153
954 154
954 155
954 156
954 157
954 158
954 159
955 76
955 77
955 78
955 79
955 80
955 81
955 82
955 83
955 84
955 85
955 86
955 87
955 88
955 89
955 143
955 144
955 145
955 146
955 147
955 148
955 149
955 150
955 151
955 152
955 153
955 154
955 155
955 156
955 157
955 158
955 159
955 160
955 161
956 78
956 79
956 80
956 81
956 82
956 83
956 84
956 85
956 86
956 87
956 88
956 89
956 90
956 91
956 92
956 146
956 147
956 148
956 149
956 150
956 151
956 152
956 153
956 154
956 155
956 156
956 157
956 158
956 159
956 160
956 161
956 162
956 163
956 164
957 80
957 81
957 82
957 83
957 84
957 85
957 86
957 87
957 88
957 89
957 90
957 91
957 92
957 93
957 94
957 95
957 149
957 150
957 151
957 152
957 153
957 154
957 155
957 156
957 157
957 158
957 159
957 160
957 161
957 162
957 163
957 164
957 165
957 166
958 83
958 84
958 85
958 86
958 87
958 88
958 89
958 90
958 91
958 92
958 93
958 94
958 95
958 96
958 97
958 98
958 151
958 152
958 153
958 154
958 155
958 156
958 157
958 158
958 159
958 160
958 161
958 162
958 163
958 164
958 165
958 166
958 167
958 168
959 85
959 86
959 87
959 88
959 89
959 90
959 91
959 92
959 93
959 94
959 95
959 96
959 97
959 98
959 99
959 100
959 101
959 154
959 155
959 156
959 157
959 158
959 159
959 160
959 161
959 162
959 163
959 164
959 165
959 166
959 167
959 168
959 169
959 170
959 171
960 87
960 88
960 89
960 90
960 91
960 92
960 93
960 94
960 95
960 96
960 97
960 98
960 99
960 100
960 101
960 102
960 103
960 104
960 157
960 158
960 159
960 160
960 161
960 162
960 163
960 164
960 165
960 166
960 167
960 168
960 169
960 170
960 171
960 172
960 173
961 90
961 91
961 92
961 93
961 94
961 95
961 96
961 97
961 98
961 99
961 100
961 101
961 102
961 103
961 104
961 105
961 106
961 107
961 159
961 160
961 161
961 162
961 163
961 164
961 165
961 166
961 167
961 168
961 169
961 170
961 171
961 172
961 173
961 174
961 175
962 92
962 93
962 94
962 95
962 96
962 97
962 98
962 99
962 100
962 101
962 102
962 103
962 104
962 105
962 106
962 107
962 108
962 109
962 110
962 162
962 163
962 164
962 165
962 166
962 167
962 168
962 169
962 170
962 171
962 172
962 173
962 174
962 175
962 176
962 177
963 95
963 96
963 97
963 98
963 99
963 100
963 101
963 102
963 103
963 104
963 105
963 106
963 107
963 108
963 109
963 110
963 111
963 112
963 113
963 165
963 166
963 167
963 168
963 169
963 170
963 171
963 172
963 173
963 174
963 175
963 176
963 177
963 178
963 179
964 97
964 98
964 99
964 100
964 101
964 102
964 103
964 104
964 105
964 106
964 107
964 108
964 109
964 110
964 111
964 112
964 113
964 114
964 115
964 168
964 169
964 170
964 171
964 172
964 173
964 174
964 175
964 176
964 177
964 178
964 179
964 180
964 181
965 99
965 100
965 101
965 102
965 103
965 104
965 105
965 106
965 107
965 108
965 109
965 110
965 111
965 112
965 113
965 114
965 115
965 116
965 117
965 118
965 171
965 172
965 173
965 174
965 175
965 176
965 177
965 178
965 179
965 180
965 181
965 182
965 183
966 102
966 103
966 104
966 105
966 106
966 107
966 108
966 109
966 110
966 111
966 112
966 113
966 114
966 115
966 116
966 117
966 118
966 119
966 120
966 121
966 174
966 175
966 176
966 177
966 178
966 179
966 180
966 181
966 182
966 183
966 184
966 185
967 104
967 105
967 106
967 107
967 108
967 109
967 110
967 111
967 112
967 113
967 114
967 115
967 116
967 117
967 118
967 119
967 120
967 121
967 122
967 123
967 177
967 178
967 179
967 180
967 181
967 182
967 183
967 184
967 185
967 186
968 107
968 108
968 109
968 110
968 111
968 112
968 113
968 114
968 115
968 116
968 117
968 118
968 119
968 120
968 121
968 122
968 123
968 124
968 125
968 126
968 181
968 182
968 183
968 184
968 185
968 186
968 187
969 109
969 110
969 111
969 112
969 113
969 114
969 115
969 116
969 117
969 118
969 119
969 120
969 121
969 122
969 123
969 124
969 125
969 126
969 127
969 128
969 186
969 187
969 188
970 112
970 113
970 114
970 115
970 116
970 117
970 118
970 119
970 120
970 121
970 122
970 123
970 124
970 125
970 126
970 127
970 128
970 129
970 130
970 131
971 114
971 115
971 116
971 117
971 118
971 119
971 120
971 121
971 122
971 123
971 124
971 125
971 126
971 127
971 128
971 129
971 130
971 131
971 132
971 133
971 134
972 117
972 118
972 119
972 120
972 121
972 122
972 123
972 124
972 125
972 126
972 127
972 128
972 129
972 130
972 131
972 132
972 133
972 134
972 135
972 136
973 119
973 120
973 121
973 122
973 123
973 124
973 125
973 126
973 127
973 128
973 129
973 130
973 131
973 132
973 133
973 134
973 135
973 136
973 137
973 138
973 139
974 122
974 123
974 124
974 125
974 126
974 127
974 128
974 129
974 130
974 131
974 132
974 133
974 134
974 135
974 136
974 137
974 138
974 139
974 140
974 141
975 124
975 125
975 126
975 127
975 128
975 129
975 130
975 131
975 132
975 133
975 134
975 135
975 136
975 137
975 138
975 139
975 140
975 141
975 142
975 143
975 144
976 64
976 65
976 66
976 127
976 128
976 129
976 130
976 131
976 132
976 133
976 134
976 135
976 136
976 137
976 138
976 139
976 140
976 141
976 142
976 143
976 144
976 145
976 146
977 65
977 66
977 67
977 68
977 69
977 70
977 71
977 129
977 130
977 131
977 132
977 133
977 134
977 135
977 136
977 137
977 138
977 139
977 140
977 141
977 142
977 143
977 144
977 145
977 146
977 147
977 148
978 67
978 68
978 69
978 70
978 71
978 72
978 73
978 74
978 75
978 132
978 133
978 134
978 135
978 136
978 137
978 138
978 139
978 140
978 141
978 142
978 143
978 144
978 145
978 146
978 147
978 148
978 149
978 150
978 151
979 68
979 69
979 70
979 71
979 72
979 73
979 74
979 75
979 76
979 77
979 78
979 135
979 136
979 137
979 138
979 139
979 140
979 141
979 142
979 143
979 144
979 145
979 146
979 147
979 148
979 149
979 150
979 151
979 152
979 153
980 70
980 71
980 72
980 73
980 74
980 75
980 76
980 77
980 78
980 79
980 80
980 81
980 82
980 137
980 138
980 139
980 140
980 141
980 142
980 143
980 144
980 145
980 146
980 147
980 148
980 149
980 150
980 151
980 152
980 153
980 154
980 155
980 156
981 73
981 74
981 75
981 76
981 77
981 78
981 79
981 80
981 81
981 82
981 83
981 84
981 85
981 140
981 141
981 142
981 143
981 144
981 145
981 146
981 147
981 148
981 149
981 150
981 151
981 152
981 153
981 154
981 155
981 156
981 157
981 158
982 75
982 76
982 77
982 78
982 79
982 80
982 81
982 82
982 83
982 84
982 85
982 86
982 87
982 88
982 142
982 143
982 144
982 145
982 146
982 147
982 148
982 149
982 150
982 151
982 152
982 153
982 154
982 155
982 156
982 157
982 158
982 159
982 160
983 77
983 78
983 79
983 80
983 81
983 82
983 83
983 84
983 85
983 86
983 87
983 88
983 89
983 90
983 91
983 145
983 146
983 147
983 148
983 149
983 150
983 151
983 152
983 153
983 154
983 155
983 156
983 157
983 158
983 159
983 160
983 161
983 162
984 79
984 80
984 81
984 82
984 83
984 84
984 85
984 86
984 87
984 88
984 89
984 90
984 91
984 92
984 93
984 94
984 148
984 149
984 150
984 151
984 152
984 153
984 154
984 155
984 156
984 157
984 158
984 159
984 160
984 161
984 162
984 163
984 164
984 165
985 82
985 83
985 84
985 85
985 86
985 87
985 88
985 89
985 90
985 91
985 92
985 93
985 94
985 95
985 96
985 97
985 150
985 151
985 152
985 153
985 154
985 155
985 156
985 157
985 158
985 159
985 160
985 161
985 162
985 163
985 164
985 165
985 166
985 167
986 84
986 85
986 86
986 87
986 88
986 89
986 90
986 91
986 92
986 93
986 94
986 95
986 96
986 97
986 98
986 99
986 100
986 153
986 154
986 155
986 156
986 157
986 158
986 159
986 160
986 161
986 162
986 163
986 164
986 165
986 166
986 167
986 168
986 169
987 86
987 87
987 88
987 89
987 90
987 91
987 92
987 93
987 94
987 95
987 96
987 97
987 98
987 99
987 100
987 101
987 102
987 103
987 156
987 157
987 158
987 159
987 160
987 161
987 162
987 163
987 164
987 165
987 166
987 167
987 168
987 169
987 170
987 171
988 89
988 90
988 91
988 92
988 93
988 94
988 95
988 96
988 97
988 98
988 99
988 100
988 101
988 102
988 103
988 104
988 105
988 106
988 158
988 159
988 160
988 161
988 162
988 163
988 164
988 165
988 166
988 167
988 168
988 169
988 170
988 171
988 172
988 173
989 91
989 92
989 93
989 94
989 95
989 96
989 97
989 98
989 99
989 100
989 101
989 102
989 103
989 104
989 105
989 106
989 107
989 108
989 109
989 161
989 162
989 163
989 164
989 165
989 166
989 167
989 168
989 169
989 170
989 171
989 172
989 173
989 174
989 175
989 176
990 94
990 95
990 96
990 97
990 98
990 99
990 100
990 101
990 102
990 103
990 104
990 105
990 106
990 107
990 108
990 109
990 110
990 111
990 164
990 165
990 166
990 167
990 168
990 169
990 170
990 171
990 172
990 173
990 174
990 175
990 176
990 177
990 178
991 96
991 97
991 98
991 99
991 100
991 101
991 102
991 103
991 104
991 105
991 106
991 107
991 108
991 109
991 110
991 111
991 112
991 113
991 114
991 167
991 168
991 169
991 170
991 171
991 172
991 173
991 174
991 175
991 176
991 177
991 178
991 179
992 98
992 99
992 100
992 101
992 102
992 103
992 104
992 105
992 106
992 107
992 108
992 109
992 110
992 111
992 112
992 113
992 114
992 115
992 116
992 117
992 170
992 171
992 172
992 173
992 174
992 175
992 176
992 177
992 178
992 179
992 180
992 181
993 101
993 102
993 103
993 104
993 105
993 106
993 107
993 108
993 109
993 110
993 111
993 112
993 113
993 114
993 115
993 116
993 117
993 118
993 119
993 173
993 174
993 175
993 176
993 177
993 178
993 179
993 180
993 181
993 182
993 183
994 103
994 104
994 105
994 106
994 107
994 108
994 109
994 110
994 111
994 112
994 113
994 114
994 115
994 116
994 117
994 118
994 119
994 120
994 121
994 122
994 177
994 178
994 179
994 180
994 181
994 182
994 183
994 184
995 106
995 107
995 108
995 109
995 110
995 111
995 112
995 113
995 114
995 115
995 116
995 117
995 118
995 119
995 120
995 121
995 122
995 123
995 124
995 125
995 181
995 182
995 183
995 184
995 185
996 108
996 109
996 110
996 111
996 112
996 113
996 114
996 115
996 116
996 117
996 118
996 119
996 120
996 121
996 122
996 123
996 124
996 125
996 126
996 127
997 111
997 112
997 113
997 114
997 115
997 116
997 117
997 118
997 119
997 120
997 121
997 122
997 123
997 124
997 125
997 126
997 127
997 128
997 129
997 130
998 113
998 114
998 115
998 116
998 117
998 118
998 119
998 120
998 121
998 122
998 123
998 124
998 125
998 126
998 127
998 128
998 129
998 130
998 131
998 132
999 116
999 117
999 118
999 119
999 120
999 121
999 122
999 123
999 124
999 125
999 126
999 127
999 128
999 129
999 130
999 131
999 132
999 133
999 134
999 135
1000 118
1000 119
1000 120
1000 121
1000 122
1000 123
1000 124
1000 125
1000 126
1000 127
1000 128
1000 129
1000 130
1000 131
1000 132
1000 133
1000 134
1000 135
1000 136
1000 137
1001 121
1001 122
1001 123
1001 124
1001 125
1001 126
1001 127
1001 128
1001 129
1001 130
1001 131
1001 132
1001 133
1001 134
1001 135
1001 136
1001 137
1001 138
1001 139
1001 140
1002 123
1002 124
1002 125
1002 126
1002 127
1002 128
1002 129
1002 130
1002 131
1002 132
1002 133
1002 134
1002 135
1002 136
1002 137
1002 138
1002 139
1002 140
1002 141
1002 142
1003 126
1003 127
1003 128
1003 129
1003 130
1003 131
1003 132
1003 133
1003 134
1003 135
1003 136
1003 137
1003 138
1003 139
1003 140
1003 141
1003 142
1003 143
1003 144
1003 145
1004 64
1004 65
1004 66
1004 67
1004 68
1004 69
1004 70
1004 129
1004 130
1004 131
1004 132
1004 133
1004 134
1004 135
1004 136
1004 137
1004 138
1004 139
1004 140
1004 141
1004 142
1004 143
1004 144
1004 145
1004 146
1004 147
1005 66
1005 67
1005 68
1005 69
1005 70
1005 71
1005 72
1005 73
1005 74
1005 131
1005 132
1005 133
1005 134
1005 135
1005 136
1005 137
1005 138
1005 139
1005 140
1005 141
1005 142
1005 143
1005 144
1005 145
1005 146
1005 147
1005 148
1005 149
1005 150
1006 68
1006 69
1006 70
1006 71
1006 72
1006 73
1006 74
1006 75
1006 76
1006 77
1006 134
1006 135
1006 136
1006 137
1006 138
1006 139
1006 140
1006 141
1006 142
1006 143
1006 144
1006 145
1006 146
1006 147
1006 148
1006 149
1006 150
1006 151
1006 152
1007 70
1007 71
1007 72
1007 73
1007 74
1007 75
1007 76
1007 77
1007 78
1007 79
1007 80
1007 81
1007 136
1007 137
1007 138
1007 139
1007 140
1007 141
1007 142
1007 143
1007 144
1007 145
1007 146
1007 147
1007 148
1007 149
1007 150
1007 151
1007 152
1007 153
1007 154
1008 72
1008 73
1008 74
1008 75
1008 76
1008 77
1008 78
1008 79
1008 80
1008 81
1008 82
1008 83
1008 84
1008 139
1008 140
1008 141
1008 142
1008 143
1008 144
1008 145
1008 146
1008 147
1008 148
1008 149
1008 150
1008 151
1008 152
1008 153
1008 154
1008 155
1008 156
1008 157
1009 74
1009 75
1009 76
1009 77
1009 78
1009 79
1009 80
1009 81
1009 82
1009 83
1009 84
1009 85
1009 86
1009 87
1009 141
1009 142
1009 143
1009 144
1009 145
1009 146
1009 147
1009 148
1009 149
1009 150
1009 151
1009 152
1009 153
1009 154
1009 155
1009 156
1009 157
1009 158
1009 159
1010 76
1010 77
1010 78
1010 79
1010 80
1010 81
1010 82
1010 83
1010 84
1010 85
1010 86
1010 87
1010 88
1010 89
1010 90
1010 144
1010 145
1010 146
1010 147
1010 148
1010 149
1010 150
1010 151
1010 152
1010 153
1010 154
1010 155
1010 156
1010 157
1010 158
1010 159
1010 160
1010 161
1011 79
1011 80
1011 81
1011 82
1011 83
1011 84
1011 85
1011 86
1011 87
1011 88
1011 89
1011 90
1011 91
1011 92
1011 93
1011 147
1011 148
1011 149
1011 150
1011 151
1011 152
1011 153
1011 154
1011 155
1011 156
1011 157
1011 158
1011 159
1011 160
1011 161
1011 162
1011 163
1012 81
1012 82
1012 83
1012 84
1012 85
1012 86
1012 87
1012 88
1012 89
1012 90
1012 91
1012 92
1012 93
1012 94
1012 95
1012 96
1012 149
1012 150
1012 151
1012 152
1012 153
1012 154
1012 155
1012 156
1012 157
1012 158
1012 159
1012 160
1012 161
1012 162
1012 163
1012 164
1012 165
1012 166
1013 83
1013 84
1013 85
1013 86
1013 87
1013 88
1013 89
1013 90
1013 91
1013 92
1013 93
1013 94
1013 95
1013 96
1013 97
1013 98
1013 99
1013 152
1013 153
1013 154
1013 155
1013 156
1013 157
1013 158
1013 159
1013 160
1013 161
1013 162
1013 163
1013 164
1013 165
1013 166
1013 167
1013 168
1014 86
1014 87
1014 88
1014 89
1014 90
1014 91
1014 92
1014 93
1014 94
1014 95
1014 96
1014 97
1014 98
1014 99
1014 100
1014 101
1014 102
1014 155
1014 156
1014 157
1014 158
1014 159
1014 160
1014 161
1014 162
1014 163
1014 164
1014 165
1014 166
1014 167
1014 168
1014 169
1014 170
1015 88
1015 89
1015 90
1015 91
1015 92
1015 93
1015 94
1015 95
1015 96
1015 97
1015 98
1015 99
1015 100
1015 101
1015 102
1015 103
1015 104
1015 105
1015 158
1015 159
1015 160
1015 161
1015 162
1015 163
1015 164
1015 165
1015 166
1015 167
1015 168
1015 169
1015 170
1015 171
1015 172
1016 90
1016 91
1016 92
1016 93
1016 94
1016 95
1016 96
1016 97
1016 98
1016 99
1016 100
1016 101
1016 102
1016 103
1016 104
1016 105
1016 106
1016 107
1016 161
1016 162
1016 163
1016 164
1016 165
1016 166
1016 167
1016 168
1016 169
1016 170
1016 171
1016 172
1016 173
1016 174
1017 93
1017 94
1017 95
1017 96
1017 97
1017 98
1017 99
1017 100
1017 101
1017 102
1017 103
1017 104
1017 105
1017 106
1017 107
1017 108
1017 109
1017 110
1017 163
1017 164
1017 165
1017 166
1017 167
1017 168
1017 169
1017 170
1017 171
1017 172
1017 173
1017 174
1017 175
1017 176
1018 95
1018 96
1018 97
1018 98
1018 99
1018 100
1018 101
1018 102
1018 103
1018 104
1018 105
1018 106
1018 107
1018 108
1018 109
1018 110
1018 111
1018 112
1018 113
1018 166
1018 167
1018 168
1018 169
1018 170
1018 171
1018 172
1018 173
1018 174
1018 175
1018 176
1018 177
1018 178
1019 98
1019 99
1019 100
1019 101
1019 102
1019 103
1019 104
1019 105
1019 106
1019 107
1019 108
1019 109
1019 110
1019 111
1019 112
1019 113
1019 114
1019 115
1019 116
1019 170
1019 171
1019 172
1019 173
1019 174
1019 175
1019 176
1019 177
1019 178
1019 179
1019 180
1020 100
1020 101
1020 102
1020 103
1020 104
1020 105
1020 106
1020 107
1020 108
1020 109
1020 110
1020 111
1020 112
1020 113
1020 114
1020 115
1020 116
1020 117
1020 118
1020 173
1020 174
1020 175
1020 176
1020 177
1020 178
1020 179
1020 180
1020 181
1021 103
1021 104
1021 105
1021 106
1021 107
1021 108
1021 109
1021 110
1021 111
1021 112
1021 113
1021 114
1021 115
1021 116
1021 117
1021 118
1021 119
1021 120
1021 121
1021 176
1021 177
1021 178
1021 179
1021 180
1021 181
1021 182
1022 105
1022 106
1022 107
1022 108
1022 109
1022 110
1022 111
1022 112
1022 113
1022 114
1022 115
1022 116
1022 117
1022 118
1022 119
1022 120
1022 121
1022 122
1022 123
1022 182
1023 108
1023 109
1023 110
1023 111
1023 112
1023 113
1023 114
1023 115
1023 116
1023 117
1023 118
1023 119
1023 120
1023 121
1023 122
1023 123
1023 124
1023 125
1023 126
1024 110
1024 111
1024 112
1024 113
1024 114
1024 115
1024 116
1024 117
1024 118
1024 119
1024 120
1024 121
1024 122
1024 123
1024 124
1024 125
1024 126
1024 127
1024 128
1024 129
1025 113
1025 114
1025 115
1025 116
1025 117
1025 118
1025 119
1025 120
1025 121
1025 122
1025 123
1025 124
1025 125
1025 126
1025 127
1025 128
1025 129
1025 130
1025 131
1026 115
1026 116
1026 117
1026 118
1026 119
1026 120
1026 121
1026 122
1026 123
1026 124
1026 125
1026 126
1026 127
1026 128
1026 129
1026 130
1026 131
1026 132
1026 133
1026 134
1027 118
1027 119
1027 120
1027 121
1027 122
1027 123
1027 124
1027 125
1027 126
1027 127
1027 128
1027 129
1027 130
1027 131
1027 132
1027 133
1027 134
1027 135
1027 136
1028 120
1028 121
1028 122
1028 123
1028 124
1028 125
1028 126
1028 127
1028 128
1028 129
1028 130
1028 131
1028 132
1028 133
1028 134
1028 135
1028 136
1028 137
1028 138
1028 139
1029 123
1029 124
1029 125
1029 126
1029 127
1029 128
1029 129
1029 130
1029 131
1029 132
1029 133
1029 134
1029 135
1029 136
1029 137
1029 138
1029 139
1029 140
1029 141
1030 125
1030 126
1030 127
1030 128
1030 129
1030 130
1030 131
1030 132
1030 133
1030 134
1030 135
1030 136
1030 137
1030 138
1030 139
1030 140
1030 141
1030 142
1030 143
1031 64
1031 65
1031 66
1031 67
1031 68
1031 128
1031 129
1031 130
1031 131
1031 132
1031 133
1031 134
1031 135
1031 136
1031 137
1031 138
1031 139
1031 140
1031 141
1031 142
1031 143
1031 144
1031 145
1031 146
1032 65
1032 66
1032 67
1032 68
1032 69
1032 70
1032 71
1032 72
1032 130
1032 131
1032 132
1032 133
1032 134
1032 135
1032 136
1032 137
1032 138
1032 139
1032 140
1032 141
1032 142
1032 143
1032 144
1032 145
1032 146
1032 147
1032 148
1033 67
1033 68
1033 69
1033 70
1033 71
1033 72
1033 73
1033 74
1033 75
1033 76
1033 133
1033 134
1033 135
1033 136
1033 137
1033 138
1033 139
1033 140
1033 141
1033 142
1033 143
1033 144
1033 145
1033 146
1033 147
1033 148
1033 149
1033 150
1033 151
1034 69
1034 70
1034 71
1034 72
1034 73
1034 74
1034 75
1034 76
1034 77
1034 78
1034 79
1034 135
1034 136
1034 137
1034 138
1034 139
1034 140
1034 141
1034 142
1034 143
1034 144
1034 145
1034 146
1034 147
1034 148
1034 149
1034 150
1034 151
1034 152
1034 153
1035 71
1035 72
1035 73
1035 74
1035 75
1035 76
1035 77
1035 78
1035 79
1035 80
1035 81
1035 82
1035 83
1035 138
1035 139
1035 140
1035 141
1035 142
1035 143
1035 144
1035 145
1035 146
1035 147
1035 148
1035 149
1035 150
1035 151
1035 152
1035 153
1035 154
1035 155
1036 73
1036 74
1036 75
1036 76
1036 77
1036 78
1036 79
1036 80
1036 81
1036 82
1036 83
1036 84
1036 85
1036 86
1036 141
1036 142
1036 143
1036 144
1036 145
1036 146
1036 147
1036 148
1036 149
1036 150
1036 151
1036 152
1036 153
1036 154
1036 155
1036 156
1036 157
1036 158
1037 76
1037 77
1037 78
1037 79
1037 80
1037 81
1037 82
1037 83
1037 84
1037 85
1037 86
1037 87
1037 88
1037 89
1037 143
1037 144
1037 145
1037 146
1037 147
1037 148
1037 149
1037 150
1037 151
1037 152
1037 153
1037 154
1037 155
1037 156
1037 157
1037 158
1037 159
1037 160
1038 78
1038 79
1038 80
1038 81
1038 82
1038 83
1038 84
1038 85
1038 86
1038 87
1038 88
1038 89
1038 90
1038 91
1038 92
1038 146
1038 147
1038 148
1038 149
1038 150
1038 151
1038 152
1038 153
1038 154
1038 155
1038 156
1038 157
1038 158
1038 159
1038 160
1038 161
1038 162
1039 80
1039 81
1039 82
1039 83
1039 84
1039 85
1039 86
1039 87
1039 88
1039 89
1039 90
1039 91
1039 92
1039 93
1039 94
1039 95
1039 149
1039 150
1039 151
1039 152
1039 153
1039 154
1039 155
1039 156
1039 157
1039 158
1039 159
1039 160
1039 161
1039 162
1039 163
1039 164
1040 82
1040 83
1040 84
1040 85
1040 86
1040 87
1040 88
1040 89
1040 90
1040 91
1040 92
1040 93
1040 94
1040 95
1040 96
1040 97
1040 98
1040 151
1040 152
1040 153
1040 154
1040 155
1040 156
1040 157
1040 158
1040 159
1040 160
1040 161
1040 162
1040 163
1040 164
1040 165
1040 166
1041 85
1041 86
1041 87
1041 88
1041 89
1041 90
1041 91
1041 92
1041 93
1041 94
1041 95
1041 96
1041 97
1041 98
1041 99
1041 100
1041 101
1041 154
1041 155
1041 156
1041 157
1041 158
1041 159
1041 160
1041 161
1041 162
1041 163
1041 164
1041 165
1041 166
1041 167
1041 168
1042 87
1042 88
1042 89
1042 90
1042 91
1042 92
1042 93
1042 94
1042 95
1042 96
1042 97
1042 98
1042 99
1042 100
1042 101
1042 102
1042 103
1042 157
1042 158
1042 159
1042 160
1042 161
1042 162
1042 163
1042 164
1042 165
1042 166
1042 167
1042 168
1042 169
1042 170
1043 90
1043 91
1043 92
1043 93
1043 94
1043 95
1043 96
1043 97
1043 98
1043 99
1043 100
1043 101
1043 102
1043 103
1043 104
1043 105
1043 106
1043 160
1043 161
1043 162
1043 163
1043 164
1043 165
1043 166
1043 167
1043 168
1043 169
1043 170
1043 171
1043 172
1044 92
1044 93
1044 94
1044 95
1044 96
1044 97
1044 98
1044 99
1044 100
1044 101
1044 102
1044 103
1044 104
1044 105
1044 106
1044 107
1044 108
1044 109
1044 163
1044 164
1044 165
1044 166
1044 167
1044 168
1044 169
1044 170
1044 171
1044 172
1044 173
1044 174
1045 94
1045 95
1045 96
1045 97
1045 98
1045 99
1045 100
1045 101
1045 102
1045 103
1045 104
1045 105
1045 106
1045 107
1045 108
1045 109
1045 110
1045 111
1045 112
1045 166
1045 167
1045 168
1045 169
1045 170
1045 171
1045 172
1045 173
1045 174
1045 175
1045 176
1046 97
1046 98
1046 99
1046 100
1046 101
1046 102
1046 103
1046 104
1046 105
1046 106
1046 107
1046 108
1046 109
1046 110
1046 111
1046 112
1046 113
1046 114
1046 169
1046 170
1046 171
1046 172
1046 173
1046 174
1046 175
1046 176
1046 177
1046 178
1047 99
1047 100
1047 101
1047 102
1047 103
1047 104
1047 105
1047 106
1047 107
1047 108
1047 109
1047 110
1047 111
1047 112
1047 113
1047 114
1047 115
1047 116
1047 117
1047 173
1047 174
1047 175
1047 176
1047 177
1047 178
1047 179
1048 102
1048 103
1048 104
1048 105
1048 106
1048 107
1048 108
1048 109
1048 110
1048 111
1048 112
1048 113
1048 114
1048 115
1048 116
1048 117
1048 118
1048 119
1048 120
1048 177
1048 178
1048 179
1049 104
1049 105
1049 106
1049 107
1049 108
1049 109
1049 110
1049 111
1049 112
1049 113
1049 114
1049 115
1049 116
1049 117
1049 118
1049 119
1049 120
1049 121
1049 122
1050 107
1050 108
1050 109
1050 110
1050 111
1050 112
1050 113
1050 114
1050 115
1050 116
1050 117
1050 118
1050 119
1050 120
1050 121
1050 122
1050 123
1050 124
1050 125
1051 109
1051 110
1051 111
1051 112
1051 113
1051 114
1051 115
1051 116
1051 117
1051 118
1051 119
1051 120
1051 121
1051 122
1051 123
1051 124
1051 125
1051 126
1051 127
1052 112
1052 113
1052 114
1052 115
1052 116
1052 117
1052 118
1052 119
1052 120
1052 121
1052 122
1052 123
1052 124
1052 125
1052 126
1052 127
1052 128
1052 129
1052 130
1053 114
1053 115
1053 116
1053 117
1053 118
1053 119
1053 120
1053 121
1053 122
1053 123
1053 124
1053 125
1053 126
1053 127
1053 128
1053 129
1053 130
1053 131
1053 132
1054 117
1054 118
1054 119
1054 120
1054 121
1054 122
1054 123
1054 124
1054 125
1054 126
1054 127
1054 128
1054 129
1054 130
1054 131
1054 132
1054 133
1054 134
1054 135
1055 119
1055 120
1055 121
1055 122
1055 123
1055 124
1055 125
1055 126
1055 127
1055 128
1055 129
1055 130
1055 131
1055 132
1055 133
1055 134
1055 135
1055 136
1055 137
1056 122
1056 123
1056 124
1056 125
1056 126
1056 127
1056 128
1056 129
1056 130
1056 131
1056 132
1056 133
1056 134
1056 135
1056 136
1056 137
1056 138
1056 139
1056 140
1057 124
1057 125
1057 126
1057 127
1057 128
1057 129
1057 130
1057 131
1057 132
1057 133
1057 134
1057 135
1057 136
1057 137
1057 138
1057 139
1057 140
1057 141
1057 142
1058 64
1058 65
1058 66
1058 127
1058 128
1058 129
1058 130
1058 131
1058 132
1058 133
1058 134
1058 135
1058 136
1058 137
1058 138
1058 139
1058 140
1058 141
1058 142
1058 143
1058 144
1058 145
1059 65
1059 66
1059 67
1059 68
1059 69
1059 70
1059 71
1059 130
1059 131
1059 132
1059 133
1059 134
1059 135
1059 136
1059 137
1059 138
1059 139
1059 140
1059 141
1059 142
1059 143
1059 144
1059 145
1059 146
1059 147
1060 67
1060 68
1060 69
1060 70
1060 71
1060 72
1060 73
1060 74
1060 75
1060 132
1060 133
1060 134
1060 135
1060 136
1060 137
1060 138
1060 139
1060 140
1060 141
1060 142
1060 143
1060 144
1060 145
1060 146
1060 147
1060 148
1060 149
1061 69
1061 70
1061 71
1061 72
1061 73
1061 74
1061 75
1061 76
1061 77
1061 78
1061 135
1061 136
1061 137
1061 138
1061 139
1061 140
1061 141
1061 142
1061 143
1061 144
1061 145
1061 146
1061 147
1061 148
1061 149
1061 150
1061 151
1061 152
1062 71
1062 72
1062 73
1062 74
1062 75
1062 76
1062 77
1062 78
1062 79
1062 80
1062 81
1062 82
1062 137
1062 138
1062 139
1062 140
1062 141
1062 142
1062 143
1062 144
1062 145
1062 146
1062 147
1062 148
1062 149
1062 150
1062 151
1062 152
1062 153
1062 154
1063 73
1063 74
1063 75
1063 76
1063 77
1063 78
1063 79
1063 80
1063 81
1063 82
1063 83
1063 84
1063 85
1063 140
1063 141
1063 142
1063 143
1063 144
1063 145
1063 146
1063 147
1063 148
1063 149
1063 150
1063 151
1063 152
1063 153
1063 154
1063 155
1063 156
1064 75
1064 76
1064 77
1064 78
1064 79
1064 80
1064 81
1064 82
1064 83
1064 84
1064 85
1064 86
1064 87
1064 88
1064 143
1064 144
1064 145
1064 146
1064 147
1064 148
1064 149
1064 150
1064 151
1064 152
1064 153
1064 154
1064 155
1064 156
1064 157
1064 158
1065 77
1065 78
1065 79
1065 80
1065 81
1065 82
1065 83
1065 84
1065 85
1065 86
1065 87
1065 88
1065 89
1065 90
1065 91
1065 145
1065 146
1065 147
1065 148
1065 149
1065 150
1065 151
1065 152
1065 153
1065 154
1065 155
1065 156
1065 157
1065 158
1065 159
1065 160
1065 161
1066 80
1066 81
1066 82
1066 83
1066 84
1066 85
1066 86
1066 87
1066 88
1066 89
1066 90
1066 91
1066 92
1066 93
1066 94
1066 148
1066 149
1066 150
1066 151
1066 152
1066 153
1066 154
1066 155
1066 156
1066 157
1066 158
1066 159
1066 160
1066 161
1066 162
1066 163
1067 82
1067 83
1067 84
1067 85
1067 86
1067 87
1067 88
1067 89
1067 90
1067 91
1067 92
1067 93
1067 94
1067 95
1067 96
1067 97
1067 151
1067 152
1067 153
1067 154
1067 155
1067 156
1067 157
1067 158
1067 159
1067 160
1067 161
1067 162
1067 163
1067 164
1067 165
1068 84
1068 85
1068 86
1068 87
1068 88
1068 89
1068 90
1068 91
1068 92
1068 93
1068 94
1068 95
1068 96
1068 97
1068 98
1068 99
1068 100
1068 154
1068 155
1068 156
1068 157
1068 158
1068 159
1068 160
1068 161
1068 162
1068 163
1068 164
1068 165
1068 166
1068 167
1069 87
1069 88
1069 89
1069 90
1069 91
1069 92
1069 93
1069 94
1069 95
1069 96
1069 97
1069 98
1069 99
1069 100
1069 101
1069 102
1069 157
1069 158
1069 159
1069 160
1069 161
1069 162
1069 163
1069 164
1069 165
1069 166
1069 167
1069 168
1069 169
1070 89
1070 90
1070 91
1070 92
1070 93
1070 94
1070 95
1070 96
1070 97
1070 98
1070 99
1070 100
1070 101
1070 102
1070 103
1070 104
1070 105
1070 160
1070 161
1070 162
1070 163
1070 164
1070 165
1070 166
1070 167
1070 168
1070 169
1070 170
1070 171
1071 91
1071 92
1071 93
1071 94
1071 95
1071 96
1071 97
1071 98
1071 99
1071 100
1071 101
1071 102
1071 103
1071 104
1071 105
1071 106
1071 107
1071 108
1071 163
1071 164
1071 165
1071 166
1071 167
1071 168
1071 169
1071 170
1071 171
1071 172
1072 94
1072 95
1072 96
1072 97
1072 98
1072 99
1072 100
1072 101
1072 102
1072 103
1072 104
1072 105
1072 106
1072 107
1072 108
1072 109
1072 110
1072 166
1072 167
1072 168
1072 169
1072 170
1072 171
1072 172
1072 173
1072 174
1073 96
1073 97
1073 98
1073 99
1073 100
1073 101
1073 102
1073 103
1073 104
1073 105
1073 106
1073 107
1073 108
1073 109
1073 110
1073 111
1073 112
1073 113
1073 169
1073 170
1073 171
1073 172
1073 173
1073 174
1073 175
1074 99
1074 100
1074 101
1074 102
1074 103
1074 104
1074 105
1074 106
1074 107
1074 108
1074 109
1074 110
1074 111
1074 112
1074 113
1074 114
1074 115
1074 116
1074 174
1074 175
1074 176
1075 101
1075 102
1075 103
1075 104
1075 105
1075 106
1075 107
1075 108
1075 109
1075 110
1075 111
1075 112
1075 113
1075 114
1075 115
1075 116
1075 117
1075 118
1076 104
1076 105
1076 106
1076 107
1076 108
1076 109
1076 110
1076 111
1076 112
1076 113
1076 114
1076 115
1076 116
1076 117
1076 118
1076 119
1076 120
1076 121
1077 106
1077 107
1077 108
1077 109
1077 110
1077 111
1077 112
1077 113
1077 114
1077 115
1077 116
1077 117
1077 118
1077 119
1077 120
1077 121
1077 122
1077 123
1077 124
1078 109
1078 110
1078 111
1078 112
1078 113
1078 114
1078 115
1078 116
1078 117
1078 118
1078 119
1078 120
1078 121
1078 122
1078 123
1078 124
1078 125
1078 126
1079 111
1079 112
1079 113
1079 114
1079 115
1079 116
1079 117
1079 118
1079 119
1079 120
1079 121
1079 122
1079 123
1079 124
1079 125
1079 126
1079 127
1079 128
1079 129
1080 114
1080 115
1080 116
1080 117
1080 118
1080 119
1080 120
1080 121
1080 122
1080 123
1080 124
1080 125
1080 126
1080 127
1080 128
1080 129
1080 130
1080 131
1081 116
1081 117
1081 118
1081 119
1081 120
1081 121
1081 122
1081 123
1081 124
1081 125
1081 126
1081 127
1081 128
1081 129
1081 130
1081 131
1081 132
1081 133
1081 134
1082 119
1082 120
1082 121
1082 122
1082 123
1082 124
1082 125
1082 126
1082 127
1082 128
1082 129
1082 130
1082 131
1082 132
1082 133
1082 134
1082 135
1082 136
1083 121
1083 122
1083 123
1083 124
1083 125
1083 126
1083 127
1083 128
1083 129
1083 130
1083 131
1083 132
1083 133
1083 134
1083 135
1083 136
1083 137
1083 138
1084 124
1084 125
1084 126
1084 127
1084 128
1084 129
1084 130
1084 131
1084 132
1084 133
1084 134
1084 135
1084 136
1084 137
1084 138
1084 139
1084 140
1084 141
1085 126
1085 127
1085 128
1085 129
1085 130
1085 131
1085 132
1085 133
1085 134
1085 135
1085 136
1085 137
1085 138
1085 139
1085 140
1085 141
1085 142
1085 143
1086 65
1086 66
1086 67
1086 68
1086 69
1086 70
1086 129
1086 130
1086 131
1086 132
1086 133
1086 134
1086 135
1086 136
1086 137
1086 138
1086 139
1086 140
1086 141
1086 142
1086 143
1086 144
1086 145
1086 146
1087 67
1087 68
1087 69
1087 70
1087 71
1087 72
1087 73
1087 74
1087 132
1087 133
1087 134
1087 135
1087 136
1087 137
1087 138
1087 139
1087 140
1087 141
1087 142
1087 143
1087 144
1087 145
1087 146
1087 147
1087 148
1088 68
1088 69
1088 70
1088 71
1088 72
1088 73
1088 74
1088 75
1088 76
1088 77
1088 134
1088 135
1088 136
1088 137
1088 138
1088 139
1088 140
1088 141
1088 142
1088 143
1088 144
1088 145
1088 146
1088 147
1088 148
1088 149
1088 150
1089 70
1089 71
1089 72
1089 73
1089 74
1089 75
1089 76
1089 77
1089 78
1089 79
1089 80
1089 137
1089 138
1089 139
1089 140
1089 141
1089 142
1089 143
1089 144
1089 145
1089 146
1089 147
1089 148
1089 149
1089 150
1089 151
1089 152
1090 72
1090 73
1090 74
1090 75
1090 76
1090 77
1090 78
1090 79
1090 80
1090 81
1090 82
1090 83
1090 84
1090 140
1090 141
1090 142
1090 143
1090 144
1090 145
1090 146
1090 147
1090 148
1090 149
1090 150
1090 151
1090 152
1090 153
1090 154
1090 155
1091 75
1091 76
1091 77
1091 78
1091 79
1091 80
1091 81
1091 82
1091 83
1091 84
1091 85
1091 86
1091 87
1091 142
1091 143
1091 144
1091 145
1091 146
1091 147
1091 148
1091 149
1091 150
1091 151
1091 152
1091 153
1091 154
1091 155
1091 156
1091 157
1092 77
1092 78
1092 79
1092 80
1092 81
1092 82
1092 83
1092 84
1092 85
1092 86
1092 87
1092 88
1092 89
1092 90
1092 145
1092 146
1092 147
1092 148
1092 149
1092 150
1092 151
1092 152
1092 153
1092 154
1092 155
1092 156
1092 157
1092 158
1092 159
1093 79
1093 80
1093 81
1093 82
1093 83
1093 84
1093 85
1093 86
1093 87
1093 88
1093 89
1093 90
1093 91
1093 92
1093 93
1093 148
1093 149
1093 150
1093 151
1093 152
1093 153
1093 154
1093 155
1093 156
1093 157
1093 158
1093 159
1093 160
1093 161
1094 81
1094 82
1094 83
1094 84
1094 85
1094 86
1094 87
1094 88
1094 89
1094 90
1094 91
1094 92
1094 93
1094 94
1094 95
1094 96
1094 151
1094 152
1094 153
1094 154
1094 155
1094 156
1094 157
1094 158
1094 159
1094 160
1094 161
1094 162
1094 163
1095 84
1095 85
1095 86
1095 87
1095 88
1095 89
1095 90
1095 91
1095 92
1095 93
1095 94
1095 95
1095 96
1095 97
1095 98
1095 153
1095 154
1095 155
1095 156
1095 157
1095 158
1095 159
1095 160
1095 161
1095 162
1095 163
1095 164
1095 165
1096 86
1096 87
1096 88
1096 89
1096 90
1096 91
1096 92
1096 93
1096 94
1096 95
1096 96
1096 97
1096 98
1096 99
1096 100
1096 101
1096 156
1096 157
1096 158
1096 159
1096 160
1096 161
1096 162
1096 163
1096 164
1096 165
1096 166
1096 167
1097 88
1097 89
1097 90
1097 91
1097 92
1097 93
1097 94
1097 95
1097 96
1097 97
1097 98
1097 99
1097 100
1097 101
1097 102
1097 103
1097 104
1097 159
1097 160
1097 161
1097 162
1097 163
1097 164
1097 165
1097 166
1097 167
1097 168
1097 169
1098 91
1098 92
1098 93
1098 94
1098 95
1098 96
1098 97
1098 98
1098 99
1098 100
1098 101
1098 102
1098 103
1098 104
1098 105
1098 106
1098 107
1098 163
1098 164
1098 165
1098 166
1098 167
1098 168
1098 169
1098 170
1099 93
1099 94
1099 95
1099 96
1099 97
1099 98
1099 99
1099 100
1099 101
1099 102
1099 103
1099 104
1099 105
1099 106
1099 107
1099 108
1099 109
1099 166
1099 167
1099 168
1099 169
1099 170
1099 171
1100 96
1100 97
1100 98
1100 99
1100 100
1100 101
1100 102
1100 103
1100 104
1100 105
1100 106
1100 107
1100 108
1100 109
1100 110
1100 111
1100 112
1100 171
1101 98
1101 99
1101 100
1101 101
1101 102
1101 103
1101 104
1101 105
1101 106
1101 107
1101 108
1101 109
1101 110
1101 111
1101 112
1101 113
1101 114
1101 115
1102 101
1102 102
1102 103
1102 104
1102 105
1102 106
1102 107
1102 108
1102 109
1102 110
1102 111
1102 112
1102 113
1102 114
1102 115
1102 116
1102 117
1103 103
1103 104
1103 105
1103 106
1103 107
1103 108
1103 109
1103 110
1103 111
1103 112
1103 113
1103 114
1103 115
1103 116
1103 117
1103 118
1103 119
1103 120
1104 106
1104 107
1104 108
1104 109
1104 110
1104 111
1104 112
1104 113
1104 114
1104 115
1104 116
1104 117
1104 118
1104 119
1104 120
1104 121
1104 122
1105 108
1105 109
1105 110
1105 111
1105 112
1105 113
1105 114
1105 115
1105 116
1105 117
1105 118
1105 119
1105 120
1105 121
1105 122
1105 123
1105 124
1105 125
1106 111
1106 112
1106 113
1106 114
1106 115
1106 116
1106 117
1106 118
1106 119
1106 120
1106 121
1106 122
1106 123
1106 124
1106 125
1106 126
1106 127
1107 113
1107 114
1107 115
1107 116
1107 117
1107 118
1107 119
1107 120
1107 121
1107 122
1107 123
1107 124
1107 125
1107 126
1107 127
1107 128
1107 129
1107 130
1108 116
1108 117
1108 118
1108 119
1108 120
1108 121
1108 122
1108 123
1108 124
1108 125
1108 126
1108 127
1108 128
1108 129
1108 130
1108 131
1108 132
1109 118
1109 119
1109 120
1109 121
1109 122
1109 123
1109 124
1109 125
1109 126
1109 127
1109 128
1109 129
1109 130
1109 131
1109 132
1109 133
1109 134
1109 135
1110 121
1110 122
1110 123
1110 124
1110 125
1110 126
1110 127
1110 128
1110 129
1110 130
1110 131
1110 132
1110 133
1110 134
1110 135
1110 136
1110 137
1111 123
1111 124
1111 125
1111 126
1111 127
1111 128
1111 129
1111 130
1111 131
1111 132
1111 133
1111 134
1111 135
1111 136
1111 137
1111 138
1111 139
1112 126
1112 127
1112 128
1112 129
1112 130
1112 131
1112 132
1112 133
1112 134
1112 135
1112 136
1112 137
1112 138
1112 139
1112 140
1112 141
1112 142
1113 65
1113 66
1113 67
1113 68
1113 129
1113 130
1113 131
1113 132
1113 133
1113 134
1113 135
1113 136
1113 137
1113 138
1113 139
1113 140
1113 141
1113 142
1113 143
1113 144
1114 66
1114 67
1114 68
1114 69
1114 70
1114 71
1114 72
1114 131
1114 132
1114 133
1114 134
1114 135
1114 136
1114 137
1114 138
1114 139
1114 140
1114 141
1114 142
1114 143
1114 144
1114 145
1114 146
1115 68
1115 69
1115 70
1115 71
1115 72
1115 73
1115 74
1115 75
1115 76
1115 134
1115 135
1115 136
1115 137
1115 138
1115 139
1115 140
1115 141
1115 142
1115 143
1115 144
1115 145
1115 146
1115 147
1115 148
1115 149
1116 70
1116 71
1116 72
1116 73
1116 74
1116 75
1116 76
1116 77
1116 78
1116 79
1116 137
1116 138
1116 139
1116 140
1116 141
1116 142
1116 143
1116 144
1116 145
1116 146
1116 147
1116 148
1116 149
1116 150
1116 151
1117 72
1117 73
1117 74
1117 75
1117 76
1117 77
1117 78
1117 79
1117 80
1117 81
1117 82
1117 139
1117 140
1117 141
1117 142
1117 143
1117 144
1117 145
1117 146
1117 147
1117 148
1117 149
1117 150
1117 151
1117 152
1117 153
1118 74
1118 75
1118 76
1118 77
1118 78
1118 79
1118 80
1118 81
1118 82
1118 83
1118 84
1118 85
1118 86
1118 142
1118 143
1118 144
1118 145
1118 146
1118 147
1118 148
1118 149
1118 150
1118 151
1118 152
1118 153
1118 154
1118 155
1119 76
1119 77
1119 78
1119 79
1119 80
1119 81
1119 82
1119 83
1119 84
1119 85
1119 86
1119 87
1119 88
1119 89
1119 145
1119 146
1119 147
1119 148
1119 149
1119 150
1119 151
1119 152
1119 153
1119 154
1119 155
1119 156
1119 157
1120 79
1120 80
1120 81
1120 82
1120 83
1120 84
1120 85
1120 86
1120 87
1120 88
1120 89
1120 90
1120 91
1120 92
1120 148
1120 149
1120 150
1120 151
1120 152
1120 153
1120 154
1120 155
1120 156
1120 157
1120 158
1120 159
1121 81
1121 82
1121 83
1121 84
1121 85
1121 86
1121 87
1121 88
1121 89
1121 90
1121 91
1121 92
1121 93
1121 94
1121 150
1121 151
1121 152
1121 153
1121 154
1121 155
1121 156
1121 157
1121 158
1121 159
1121 160
1121 161
1122 83
1122 84
1122 85
1122 86
1122 87
1122 88
1122 89
1122 90
1122 91
1122 92
1122 93
1122 94
1122 95
1122 96
1122 97
1122 153
1122 154
1122 155
1122 156
1122 157
1122 158
1122 159
1122 160
1122 161
1122 162
1122 163
1123 86
1123 87
1123 88
1123 89
1123 90
1123 91
1123 92
1123 93
1123 94
1123 95
1123 96
1123 97
1123 98
1123 99
1123 100
1123 157
1123 158
1123 159
1123 160
1123 161
1123 162
1123 163
1123 164
1123 165
1124 88
1124 89
1124 90
1124 91
1124 92
1124 93
1124 94
1124 95
1124 96
1124 97
1124 98
1124 99
1124 100
1124 101
1124 102
1124 103
1124 160
1124 161
1124 162
1124 163
1124 164
1124 165
1124 166
1125 90
1125 91
1125 92
1125 93
1125 94
1125 95
1125 96
1125 97
1125 98
1125 99
1125 100
1125 101
1125 102
1125 103
1125 104
1125 105
1125 164
1125 165
1125 166
1125 167
1126 93
1126 94
1126 95
1126 96
1126 97
1126 98
1126 99
1126 100
1126 101
1126 102
1126 103
1126 104
1126 105
1126 106
1126 107
1126 108
1127 95
1127 96
1127 97
1127 98
1127 99
1127 100
1127 101
1127 102
1127 103
1127 104
1127 105
1127 106
1127 107
1127 108
1127 109
1127 110
1127 111
1128 98
1128 99
1128 100
1128 101
1128 102
1128 103
1128 104
1128 105
1128 106
1128 107
1128 108
1128 109
1128 110
1128 111
1128 112
1128 113
1129 100
1129 101
1129 102
1129 103
1129 104
1129 105
1129 106
1129 107
1129 108
1129 109
1129 110
1129 111
1129 112
1129 113
1129 114
1129 115
1129 116
1130 103
1130 104
1130 105
1130 106
1130 107
1130 108
1130 109
1130 110
1130 111
1130 112
1130 113
1130 114
1130 115
1130 116
1130 117
1130 118
1130 119
1131 105
1131 106
1131 107
1131 108
1131 109
1131 110
1131 111
1131 112
1131 113
1131 114
1131 115
1131 116
1131 117
1131 118
1131 119
1131 120
1131 121
1132 108
1132 109
1132 110
1132 111
1132 112
1132 113
1132 114
1132 115
1132 116
1132 117
1132 118
1132 119
1132 120
1132 121
1132 122
1132 123
1132 124
1133 110
1133 111
1133 112
1133 113
1133 114
1133 115
1133 116
1133 117
1133 118
1133 119
1133 120
1133 121
1133 122
1133 123
1133 124
1133 125
1133 126
1134 113
1134 114
1134 115
1134 116
1134 117
1134 118
1134 119
1134 120
1134 121
1134 122
1134 123
1134 124
1134 125
1134 126
1134 127
1134 128
1134 129
1135 115
1135 116
1135 117
1135 118
1135 119
1135 120
1135 121
1135 122
1135 123
1135 124
1135 125
1135 126
1135 127
1135 128
1135 129
1135 130
1135 131
1136 118
1136 119
1136 120
1136 121
1136 122
1136 123
1136 124
1136 125
1136 126
1136 127
1136 128
1136 129
1136 130
1136 131
1136 132
1136 133
1137 121
1137 122
1137 123
1137 124
1137 125
1137 126
1137 127
1137 128
1137 129
1137 130
1137 131
1137 132
1137 133
1137 134
1137 135
1137 136
1138 123
1138 124
1138 125
1138 126
1138 127
1138 128
1138 129
1138 130
1138 131
1138 132
1138 133
1138 134
1138 135
1138 136
1138 137
1138 138
1139 126
1139 127
1139 128
1139 129
1139 130
1139 131
1139 132
1139 133
1139 134
1139 135
1139 136
1139 137
1139 138
1139 139
1139 140
1140 128
1140 129
1140 130
1140 131
1140 132
1140 133
1140 134
1140 135
1140 136
1140 137
1140 138
1140 139
1140 140
1140 141
1140 142
1140 143
1141 66
1141 67
1141 68
1141 69
1141 70
1141 71
1141 131
1141 132
1141 133
1141 134
1141 135
1141 136
1141 137
1141 138
1141 139
1141 140
1141 141
1141 142
1141 143
1141 144
1141 145
1142 68
1142 69
1142 70
1142 71
1142 72
1142 73
1142 74
1142 75
1142 134
1142 135
1142 136
1142 137
1142 138
1142 139
1142 140
1142 141
1142 142
1142 143
1142 144
1142 145
1142 146
1142 147
1143 70
1143 71
1143 72
1143 73
1143 74
1143 75
1143 76
1143 77
1143 78
1143 136
1143 137
1143 138
1143 139
1143 140
1143 141
1143 142
1143 143
1143 144
1143 145
1143 146
1143 147
1143 148
1143 149
1144 72
1144 73
1144 74
1144 75
1144 76
1144 77
1144 78
1144 79
1144 80
1144 81
1144 139
1144 140
1144 141
1144 142
1144 143
1144 144
1144 145
1144 146
1144 147
1144 148
1144 149
1144 150
1144 151
1144 152
1145 74
1145 75
1145 76
1145 77
1145 78
1145 79
1145 80
1145 81
1145 82
1145 83
1145 84
1145 142
1145 143
1145 144
1145 145
1145 146
1145 147
1145 148
1145 149
1145 150
1145 151
1145 152
1145 153
1145 154
1146 76
1146 77
1146 78
1146 79
1146 80
1146 81
1146 82
1146 83
1146 84
1146 85
1146 86
1146 87
1146 88
1146 145
1146 146
1146 147
1146 148
1146 149
1146 150
1146 151
1146 152
1146 153
1146 154
1146 155
1146 156
1147 78
1147 79
1147 80
1147 81
1147 82
1147 83
1147 84
1147 85
1147 86
1147 87
1147 88
1147 89
1147 90
1147 148
1147 149
1147 150
1147 151
1147 152
1147 153
1147 154
1147 155
1147 156
1147 157
1148 81
1148 82
1148 83
1148 84
1148 85
1148 86
1148 87
1148 88
1148 89
1148 90
1148 91
1148 92
1148 93
1148 151
1148 152
1148 153
1148 154
1148 155
1148 156
1148 157
1148 158
1148 159
1149 83
1149 84
1149 85
1149 86
1149 87
1149 88
1149 89
1149 90
1149 91
1149 92
1149 93
1149 94
1149 95
1149 96
1149 154
1149 155
1149 156
1149 157
1149 158
1149 159
1149 160
1149 161
1150 85
1150 86
1150 87
1150 88
1150 89
1150 90
1150 91
1150 92
1150 93
1150 94
1150 95
1150 96
1150 97
1150 98
1150 99
1150 157
1150 158
1150 159
1150 160
1150 161
1150 162
1151 88
1151 89
1151 90
1151 91
1151 92
1151 93
1151 94
1151 95
1151 96
1151 97
1151 98
1151 99
1151 100
1151 101
1151 102
1151 162
1152 90
1152 91
1152 92
1152 93
1152 94
1152 95
1152 96
1152 97
1152 98
1152 99
1152 100
1152 101
1152 102
1152 103
1152 104
1153 93
1153 94
1153 95
1153 96
1153 97
1153 98
1153 99
1153 100
1153 101
1153 102
1153 103
1153 104
1153 105
1153 106
1153 107
1154 95
1154 96
1154 97
1154 98
1154 99
1154 100
1154 101
1154 102
1154 103
1154 104
1154 105
1154 106
1154 107
1154 108
1154 109
1154 110
1155 97
1155 98
1155 99
1155 100
1155 101
1155 102
1155 103
1155 104
1155 105
1155 106
1155 107
1155 108
1155 109
1155 110
1155 111
1155 112
1156 100
1156 101
1156 102
1156 103
1156 104
1156 105
1156 106
1156 107
1156 108
1156 109
1156 110
1156 111
1156 112
1156 113
1156 114
1156 115
1157 102
1157 103
1157 104
1157 105
1157 106
1157 107
1157 108
1157 109
1157 110
1157 111
1157 112
1157 113
1157 114
1157 115
1157 116
1157 117
1158 105
1158 106
1158 107
1158 108
1158 109
1158 110
1158 111
1158 112
1158 113
1158 114
1158 115
1158 116
1158 117
1158 118
1158 119
1158 120
1159 107
1159 108
1159 109
1159 110
1159 111
1159 112
1159 113
1159 114
1159 115
1159 116
1159 117
1159 118
1159 119
1159 120
1159 121
1159 122
1160 110
1160 111
1160 112
1160 113
1160 114
1160 115
1160 116
1160 117
1160 118
1160 119
1160 120
1160 121
1160 122
1160 123
1160 124
1160 125
1161 113
1161 114
1161 115
1161 116
1161 117
1161 118
1161 119
1161 120
1161 121
1161 122
1161 123
1161 124
1161 125
1161 126
1161 127
1162 115
1162 116
1162 117
1162 118
1162 119
1162 120
1162 121
1162 122
1162 123
1162 124
1162 125
1162 126
1162 127
1162 128
1162 129
1162 130
1163 118
1163 119
1163 120
1163 121
1163 122
1163 123
1163 124
1163 125
1163 126
1163 127
1163 128
1163 129
1163 130
1163 131
1163 132
1164 120
1164 121
1164 122
1164 123
1164 124
1164 125
1164 126
1164 127
1164 128
1164 129
1164 130
1164 131
1164 132
1164 133
1164 134
1165 123
1165 124
1165 125
1165 126
1165 127
1165 128
1165 129
1165 130
1165 131
1165 132
1165 133
1165 134
1165 135
1165 136
1165 137
1166 126
1166 127
1166 128
1166 129
1166 130
1166 131
1166 132
1166 133
1166 134
1166 135
1166 136
1166 137
1166 138
1166 139
1167 128
1167 129
1167 130
1167 131
1167 132
1167 133
1167 134
1167 135
1167 136
1167 137
1167 138
1167 139
1167 140
1167 141
1168 67
1168 68
1168 69
1168 70
1168 131
1168 132
1168 133
1168 134
1168 135
1168 136
1168 137
1168 138
1168 139
1168 140
1168 141
1168 142
1168 143
1168 144
1169 68
1169 69
1169 70
1169 71
1169 72
1169 73
1169 74
1169 134
1169 135
1169 136
1169 137
1169 138
1169 139
1169 140
1169 141
1169 142
1169 143
1169 144
1169 145
1169 146
1170 70
1170 71
1170 72
1170 73
1170 74
1170 75
1170 76
1170 77
1170 136
1170 137
1170 138
1170 139
1170 140
1170 141
1170 142
1170 143
1170 144
1170 145
1170 146
1170 147
1170 148
1171 72
1171 73
1171 74
1171 75
1171 76
1171 77
1171 78
1171 79
1171 80
1171 139
1171 140
1171 141
1171 142
1171 143
1171 144
1171 145
1171 146
1171 147
1171 148
1171 149
1171 150
1172 74
1172 75
1172 76
1172 77
1172 78
1172 79
1172 80
1172 81
1172 82
1172 83
1172 142
1172 143
1172 144
1172 145
1172 146
1172 147
1172 148
1172 149
1172 150
1172 151
1172 152
1173 76
1173 77
1173 78
1173 79
1173 80
1173 81
1173 82
1173 83
1173 84
1173 85
1173 86
1173 145
1173 146
1173 147
1173 148
1173 149
1173 150
1173 151
1173 152
1173 153
1173 154
1174 78
1174 79
1174 80
1174 81
1174 82
1174 83
1174 84
1174 85
1174 86
1174 87
1174 88
1174 89
1174 148
1174 149
1174 150
1174 151
1174 152
1174 153
1174 154
1174 155
1175 80
1175 81
1175 82
1175 83
1175 84
1175 85
1175 86
1175 87
1175 88
1175 89
1175 90
1175 91
1175 92
1175 152
1175 153
1175 154
1175 155
1175 156
1175 157
1176 83
1176 84
1176 85
1176 86
1176 87
1176 88
1176 89
1176 90
1176 91
1176 92
1176 93
1176 94
1176 95
1176 156
1176 157
1177 85
1177 86
1177 87
1177 88
1177 89
1177 90
1177 91
1177 92
1177 93
1177 94
1177 95
1177 96
1177 97
1177 98
1178 87
1178 88
1178 89
1178 90
1178 91
1178 92
1178 93
1178 94
1178 95
1178 96
1178 97
1178 98
1178 99
1178 100
1178 101
1179 90
1179 91
1179 92
1179 93
1179 94
1179 95
1179 96
1179 97
1179 98
1179 99
1179 100
1179 101
1179 102
1179 103
1180 92
1180 93
1180 94
1180 95
1180 96
1180 97
1180 98
1180 99
1180 100
1180 101
1180 102
1180 103
1180 104
1180 105
1180 106
1181 95
1181 96
1181 97
1181 98
1181 99
1181 100
1181 101
1181 102
1181 103
1181 104
1181 105
1181 106
1181 107
1181 108
1181 109
1182 97
1182 98
1182 99
1182 100
1182 101
1182 102
1182 103
1182 104
1182 105
1182 106
1182 107
1182 108
1182 109
1182 110
1182 111
1183 100
1183 101
1183 102
1183 103
1183 104
1183 105
1183 106
1183 107
1183 108
1183 109
1183 110
1183 111
1183 112
1183 113
1183 114
1184 102
1184 103
1184 104
1184 105
1184 106
1184 107
1184 108
1184 109
1184 110
1184 111
1184 112
1184 113
1184 114
1184 115
1184 116
1185 105
1185 106
1185 107
1185 108
1185 109
1185 110
1185 111
1185 112
1185 113
1185 114
1185 115
1185 116
1185 117
1185 118
1185 119
1186 107
1186 108
1186 109
1186 110
1186 111
1186 112
1186 113
1186 114
1186 115
1186 116
1186 117
1186 118
1186 119
1186 120
1186 121
1187 110
1187 111
1187 112
1187 113
1187 114
1187 115
1187 116
1187 117
1187 118
1187 119
1187 120
1187 121
1187 122
1187 123
1187 124
1188 112
1188 113
1188 114
1188 115
1188 116
1188 117
1188 118
1188 119
1188 120
1188 121
1188 122
1188 123
1188 124
1188 125
1188 126
1189 115
1189 116
1189 117
1189 118
1189 119
1189 120
1189 121
1189 122
1189 123
1189 124
1189 125
1189 126
1189 127
1189 128
1190 118
1190 119
1190 120
1190 121
1190 122
1190 123
1190 124
1190 125
1190 126
1190 127
1190 128
1190 129
1190 130
1190 131
1191 120
1191 121
1191 122
1191 123
1191 124
1191 125
1191 126
1191 127
1191 128
1191 129
1191 130
1191 131
1191 132
1191 133
1192 123
1192 124
1192 125
1192 126
1192 127
1192 128
1192 129
1192 130
1192 131
1192 132
1192 133
1192 134
1192 135
1193 126
1193 127
1193 128
1193 129
1193 130
1193 131
1193 132
1193 133
1193 134
1193 135
1193 136
1193 137
1193 138
1194 128
1194 129
1194 130
1194 131
1194 132
1194 133
1194 134
1194 135
1194 136
1194 137
1194 138
1194 139
1194 140
1195 67
1195 68
1195 131
1195 132
1195 133
1195 134
1195 135
1195 136
1195 137
1195 138
1195 139
1195 140
1195 141
1195 142
1196 68
1196 69
1196 70
1196 71
1196 72
1196 134
1196 135
1196 136
1196 137
1196 138
1196 139
1196 140
1196 141
1196 142
1196 143
1196 144
1197 70
1197 71
1197 72
1197 73
1197 74
1197 75
1197 76
1197 137
1197 138
1197 139
1197 140
1197 141
1197 142
1197 143
1197 144
1197 145
1197 146
1198 71
1198 72
1198 73
1198 74
1198 75
1198 76
1198 77
1198 78
1198 79
1198 140
1198 141
1198 142
1198 143
1198 144
1198 145
1198 146
1198 147
1198 148
1199 73
1199 74
1199 75
1199 76
1199 77
1199 78
1199 79
1199 80
1199 81
1199 82
1199 143
1199 144
1199 145
1199 146
1199 147
1199 148
1199 149
1199 150
1200 76
1200 77
1200 78
1200 79
1200 80
1200 81
1200 82
1200 83
1200 84
1200 85
1200 86
1200 146
1200 147
1200 148
1200 149
1200 150
1200 151
1201 78
1201 79
1201 80
1201 81
1201 82
1201 83
1201 84
1201 85
1201 86
1201 87
1201 88
1201 150
1201 151
1201 152
1202 80
1202 81
1202 82
1202 83
1202 84
1202 85
1202 86
1202 87
1202 88
1202 89
1202 90
1202 91
1203 82
1203 83
1203 84
1203 85
1203 86
1203 87
1203 88
1203 89
1203 90
1203 91
1203 92
1203 93
1203 94
1204 85
1204 86
1204 87
1204 88
1204 89
1204 90
1204 91
1204 92
1204 93
1204 94
1204 95
1204 96
1204 97
1205 87
1205 88
1205 89
1205 90
1205 91
1205 92
1205 93
1205 94
1205 95
1205 96
1205 97
1205 98
1205 99
1205 100
1206 90
1206 91
1206 92
1206 93
1206 94
1206 95
1206 96
1206 97
1206 98
1206 99
1206 100
1206 101
1206 102
1207 92
1207 93
1207 94
1207 95
1207 96
1207 97
1207 98
1207 99
1207 100
1207 101
1207 102
1207 103
1207 104
1207 105
1208 94
1208 95
1208 96
1208 97
1208 98
1208 99
1208 100
1208 101
1208 102
1208 103
1208 104
1208 105
1208 106
1208 107
1208 108
1209 97
1209 98
1209 99
1209 100
1209 101
1209 102
1209 103
1209 104
1209 105
1209 106
1209 107
1209 108
1209 109
1209 110
1210 99
1210 100
1210 101
1210 102
1210 103
1210 104
1210 105
1210 106
1210 107
1210 108
1210 109
1210 110
1210 111
1210 112
1210 113
1211 102
1211 103
1211 104
1211 105
1211 106
1211 107
1211 108
1211 109
1211 110
1211 111
1211 112
1211 113
1211 114
1211 115
1212 105
1212 106
1212 107
1212 108
1212 109
1212 110
1212 111
1212 112
1212 113
1212 114
1212 115
1212 116
1212 117
1212 118
1213 107
1213 108
1213 109
1213 110
1213 111
1213 112
1213 113
1213 114
1213 115
1213 116
1213 117
1213 118
1213 119
1213 120
1214 110
1214 111
1214 112
1214 113
1214 114
1214 115
1214 116
1214 117
1214 118
1214 119
1214 120
1214 121
1214 122
1214 123
1215 112
1215 113
1215 114
1215 115
1215 116
1215 117
1215 118
1215 119
1215 120
1215 121
1215 122
1215 123
1215 124
1215 125
1216 115
1216 116
1216 117
1216 118
1216 119
1216 120
1216 121
1216 122
1216 123
1216 124
1216 125
1216 126
1216 127
1217 118
1217 119
1217 120
1217 121
1217 122
1217 123
1217 124
1217 125
1217 126
1217 127
1217 128
1217 129
1217 130
1218 120
1218 121
1218 122
1218 123
1218 124
1218 125
1218 126
1218 127
1218 128
1218 129
1218 130
1218 131
1218 132
1219 123
1219 124
1219 125
1219 126
1219 127
1219 128
1219 129
1219 130
1219 131
1219 132
1219 133
1219 134
1220 126
1220 127
1220 128
1220 129
1220 130
1220 131
1220 132
1220 133
1220 134
1220 135
1220 136
1221 129
1221 130
1221 131
1221 132
1221 133
1221 134
1221 135
1221 136
1221 137
1221 138
1222 131
1222 132
1222 133
1222 134
1222 135
1222 136
1222 137
1222 138
1222 139
1222 140
1223 68
1223 69
1223 70
1223 71
1223 134
1223 135
1223 136
1223 137
1223 138
1223 139
1223 140
1223 141
1223 142
1224 70
1224 71
1224 72
1224 73
1224 74
1224 75
1224 137
1224 138
1224 139
1224 140
1224 141
1224 142
1224 143
1224 144
1225 71
1225 72
1225 73
1225 74
1225 75
1225 76
1225 77
1225 78
1225 141
1225 142
1225 143
1225 144
1225 145
1225 146
1226 73
1226 74
1226 75
1226 76
1226 77
1226 78
1226 79
1226 80
1226 81
1226 82
1226 145
1226 146
1227 75
1227 76
1227 77
1227 78
1227 79
1227 80
1227 81
1227 82
1227 83
1227 84
1227 85
1228 78
1228 79
1228 80
1228 81
1228 82
1228 83
1228 84
1228 85
1228 86
1228 87
1228 88
1229 80
1229 81
1229 82
1229 83
1229 84
1229 85
1229 86
1229 87
1229 88
1229 89
1229 90
1230 82
1230 83
1230 84
1230 85
1230 86
1230 87
1230 88
1230 89
1230 90
1230 91
1230 92
1230 93
1231 85
1231 86
1231 87
1231 88
1231 89
1231 90
1231 91
1231 92
1231 93
1231 94
1231 95
1231 96
1232 87
1232 88
1232 89
1232 90
1232 91
1232 92
1232 93
1232 94
1232 95
1232 96
1232 97
1232 98
1232 99
1233 89
1233 90
1233 91
1233 92
1233 93
1233 94
1233 95
1233 96
1233 97
1233 98
1233 99
1233 100
1233 101
1234 92
1234 93
1234 94
1234 95
1234 96
1234 97
1234 98
1234 99
1234 100
1234 101
1234 102
1234 103
1234 104
1235 94
1235 95
1235 96
1235 97
1235 98
1235 99
1235 100
1235 101
1235 102
1235 103
1235 104
1235 105
1235 106
1235 107
1236 97
1236 98
1236 99
1236 100
1236 101
1236 102
1236 103
1236 104
1236 105
1236 106
1236 107
1236 108
1236 109
1237 99
1237 100
1237 101
1237 102
1237 103
1237 104
1237 105
1237 106
1237 107
1237 108
1237 109
1237 110
1237 111
1237 112
1238 102
1238 103
1238 104
1238 105
1238 106
1238 107
1238 108
1238 109
1238 110
1238 111
1238 112
1238 113
1238 114
1239 104
1239 105
1239 106
1239 107
1239 108
1239 109
1239 110
1239 111
1239 112
1239 113
1239 114
1239 115
1239 116
1239 117
1240 107
1240 108
1240 109
1240 110
1240 111
1240 112
1240 113
1240 114
1240 115
1240 116
1240 117
1240 118
1240 119
1241 110
1241 111
1241 112
1241 113
1241 114
1241 115
1241 116
1241 117
1241 118
1241 119
1241 120
1241 121
1242 112
1242 113
1242 114
1242 115
1242 116
1242 117
1242 118
1242 119
1242 120
1242 121
1242 122
1242 123
1242 124
1243 115
1243 116
1243 117
1243 118
1243 119
1243 120
1243 121
1243 122
1243 123
1243 124
1243 125
1243 126
1244 118
1244 119
1244 120
1244 121
1244 122
1244 123
1244 124
1244 125
1244 126
1244 127
1244 128
1245 120
1245 121
1245 122
1245 123
1245 124
1245 125
1245 126
1245 127
1245 128
1245 129
1245 130
1246 123
1246 124
1246 125
1246 126
1246 127
1246 128
1246 129
1246 130
1246 131
1246 132
1246 133
1247 126
1247 127
1247 128
1247 129
1247 130
1247 131
1247 132
1247 133
1247 134
1247 135
1248 129
1248 130
1248 131
1248 132
1248 133
1248 134
1248 135
1248 136
1248 137
1249 132
1249 133
1249 134
1249 135
1249 136
1249 137
1249 138
1250 69
1250 70
1250 135
1250 136
1250 137
1250 138
1250 139
1250 140
1251 70
1251 71
1251 72
1251 73
1251 74
1251 139
1251 140
1251 141
1252 71
1252 72
1252 73
1252 74
1252 75
1252 76
1252 77
1253 73
1253 74
1253 75
1253 76
1253 77
1253 78
1253 79
1253 80
1253 81
1254 75
1254 76
1254 77
1254 78
1254 79
1254 80
1254 81
1254 82
1254 83
1254 84
1255 78
1255 79
1255 80
1255 81
1255 82
1255 83
1255 84
1255 85
1255 86
1255 87
1256 80
1256 81
1256 82
1256 83
1256 84
1256 85
1256 86
1256 87
1256 88
1256 89
1256 90
1257 82
1257 83
1257 84
1257 85
1257 86
1257 87
1257 88
1257 89
1257 90
1257 91
1257 92
1258 84
1258 85
1258 86
1258 87
1258 88
1258 89
1258 90
1258 91
1258 92
1258 93
1258 94
1258 95
1259 87
1259 88
1259 89
1259 90
1259 91
1259 92
1259 93
1259 94
1259 95
1259 96
1259 97
1259 98
1260 89
1260 90
1260 91
1260 92
1260 93
1260 94
1260 95
1260 96
1260 97
1260 98
1260 99
1260 100
1261 92
1261 93
1261 94
1261 95
1261 96
1261 97
1261 98
1261 99
1261 100
1261 101
1261 102
1261 103
1262 94
1262 95
1262 96
1262 97
1262 98
1262 99
1262 100
1262 101
1262 102
1262 103
1262 104
1262 105
1262 106
1263 97
1263 98
1263 99
1263 100
1263 101
1263 102
1263 103
1263 104
1263 105
1263 106
1263 107
1263 108
1264 99
1264 100
1264 101
1264 102
1264 103
1264 104
1264 105
1264 106
1264 107
1264 108
1264 109
1264 110
1264 111
1265 102
1265 103
1265 104
1265 105
1265 106
1265 107
1265 108
1265 109
1265 110
1265 111
1265 112
1265 113
1266 104
1266 105
1266 106
1266 107
1266 108
1266 109
1266 110
1266 111
1266 112
1266 113
1266 114
1266 115
1266 116
1267 107
1267 108
1267 109
1267 110
1267 111
1267 112
1267 113
1267 114
1267 115
1267 116
1267 117
1267 118
1268 110
1268 111
1268 112
1268 113
1268 114
1268 115
1268 116
1268 117
1268 118
1268 119
1268 120
1269 112
1269 113
1269 114
1269 115
1269 116
1269 117
1269 118
1269 119
1269 120
1269 121
1269 122
1269 123
1270 115
1270 116
1270 117
1270 118
1270 119
1270 120
1270 121
1270 122
1270 123
1270 124
1270 125
1271 118
1271 119
1271 120
1271 121
1271 122
1271 123
1271 124
1271 125
1271 126
1271 127
1272 121
1272 122
1272 123
1272 124
1272 125
1272 126
1272 127
1272 128
1272 129
1273 124
1273 125
1273 126
1273 127
1273 128
1273 129
1273 130
1273 131
1274 127
1274 128
1274 129
1274 130
1274 131
1274 132
1274 133
1275 130
1275 131
1275 132
1275 133
1275 134
1275 135
1276 134
1276 135
1276 136
1278 70
1278 71
1278 72
1278 73
1279 71
1279 72
1279 73
1279 74
1279 75
1279 76
1279 77
1280 73
1280 74
1280 75
1280 76
1280 77
1280 78
1280 79
1280 80
1281 75
1281 76
1281 77
1281 78
1281 79
1281 80
1281 81
1281 82
1281 83
1282 77
1282 78
1282 79
1282 80
1282 81
1282 82
1282 83
1282 84
1282 85
1282 86
1283 80
1283 81
1283 82
1283 83
1283 84
1283 85
1283 86
1283 87
1283 88
1283 89
1284 82
1284 83
1284 84
1284 85
1284 86
1284 87
1284 88
1284 89
1284 90
1284 91
1285 84
1285 85
1285 86
1285 87
1285 88
1285 89
1285 90
1285 91
1285 92
1285 93
1285 94
1286 87
1286 88
1286 89
1286 90
1286 91
1286 92
1286 93
1286 94
1286 95
1286 96
1286 97
1287 89
1287 90
1287 91
1287 92
1287 93
1287 94
1287 95
1287 96
1287 97
1287 98
1287 99
1287 100
1288 92
1288 93
1288 94
1288 95
1288 96
1288 97
1288 98
1288 99
1288 100
1288 101
1288 102
1289 94
1289 95
1289 96
1289 97
1289 98
1289 99
1289 100
1289 101
1289 102
1289 103
1289 104
1289 105
1290 97
1290 98
1290 99
1290 100
1290 101
1290 102
1290 103
1290 104
1290 105
1290 106
1290 107
1291 99
1291 100
1291 101
1291 102
1291 103
1291 104
1291 105
1291 106
1291 107
1291 108
1291 109
1291 110
1292 102
1292 103
1292 104
1292 105
1292 106
1292 107
1292 108
1292 109
1292 110
1292 111
1292 112
1293 105
1293 106
1293 107
1293 108
1293 109
1293 110
1293 111
1293 112
1293 113
1293 114
1293 115
1294 107
1294 108
1294 109
1294 110
1294 111
1294 112
1294 113
1294 114
1294 115
1294 116
1294 117
1295 110
1295 111
1295 112
1295 113
1295 114
1295 115
1295 116
1295 117
1295 118
1295 119
1296 113
1296 114
1296 115
1296 116
1296 117
1296 118
1296 119
1296 120
1296 121
1297 116
1297 117
1297 118
1297 119
1297 120
1297 121
1297 122
1297 123
1297 124
1298 118
1298 119
1298 120
1298 121
1298 122
1298 123
1298 124
1298 125
1298 126
1299 121
1299 122
1299 123
1299 124
1299 125
1299 126
1299 127
1299 128
1300 125
1300 126
1300 127
1300 128
1300 129
1301 128
1301 129
1301 130
1301 131
1305 70
1305 71
1305 72
1306 71
1306 72
1306 73
1306 74
1306 75
1306 76
1307 73
1307 74
1307 75
1307 76
1307 77
1307 78
1307 79
1308 75
1308 76
1308 77
1308 78
1308 79
1308 80
1308 81
1308 82
1309 77
1309 78
1309 79
1309 80
1309 81
1309 82
1309 83
1309 84
1309 85
1310 80
1310 81
1310 82
1310 83
1310 84
1310 85
1310 86
1310 87
1310 88
1311 82
1311 83
1311 84
1311 85
1311 86
1311 87
1311 88
1311 89
1311 90
1311 91
1312 84
1312 85
1312 86
1312 87
1312 88
1312 89
1312 90
1312 91
1312 92
1312 93
1313 87
1313 88
1313 89
1313 90
1313 91
1313 92
1313 93
1313 94
1313 95
1313 96
1314 89
1314 90
1314 91
1314 92
1314 93
1314 94
1314 95
1314 96
1314 97
1314 98
1314 99
1315 92
1315 93
1315 94
1315 95
1315 96
1315 97
1315 98
1315 99
1315 100
1315 101
1316 94
1316 95
1316 96
1316 97
1316 98
1316 99
1316 100
1316 101
1316 102
1316 103
1316 104
1317 97
1317 98
1317 99
1317 100
1317 101
1317 102
1317 103
1317 104
1317 105
1317 106
1318 99
1318 100
1318 101
1318 102
1318 103
1318 104
1318 105
1318 106
1318 107
1318 108
1318 109
1319 102
1319 103
1319 104
1319 105
1319 106
1319 107
1319 108
1319 109
1319 110
1319 111
1320 105
1320 106
1320 107
1320 108
1320 109
1320 110
1320 111
1320 112
1320 113
1320 114
1321 107
1321 108
1321 109
1321 110
1321 111
1321 112
1321 113
1321 114
1321 115
1321 116
1322 110
1322 111
1322 112
1322 113
1322 114
1322 115
1322 116
1322 117
1322 118
1323 113
1323 114
1323 115
1323 116
1323 117
1323 118
1323 119
1323 120
1324 116
1324 117
1324 118
1324 119
1324 120
1324 121
1324 122
1325 119
1325 120
1325 121
1325 122
1325 123
1325 124
1326 122
1326 123
1326 124
1326 125
1326 126
1333 72
1333 73
1333 74
1334 73
1334 74
1334 75
1334 76
1334 77
1334 78
1335 75
1335 76
1335 77
1335 78
1335 79
1335 80
1335 81
1336 77
1336 78
1336 79
1336 80
1336 81
1336 82
1336 83
1336 84
1337 80
1337 81
1337 82
1337 83
1337 84
1337 85
1337 86
1337 87
1338 82
1338 83
1338 84
1338 85
1338 86
1338 87
1338 88
1338 89
1338 90
1339 84
1339 85
1339 86
1339 87
1339 88
1339 89
1339 90
1339 91
1339 92
1339 93
1340 87
1340 88
1340 89
1340 90
1340 91
1340 92
1340 93
1340 94
1340 95
1341 89
1341 90
1341 91
1341 92
1341 93
1341 94
1341 95
1341 96
1341 97
1341 98
1342 92
1342 93
1342 94
1342 95
1342 96
1342 97
1342 98
1342 99
1342 100
1343 94
1343 95
1343 96
1343 97
1343 98
1343 99
1343 100
1343 101
1343 102
1343 103
1344 97
1344 98
1344 99
1344 100
1344 101
1344 102
1344 103
1344 104
1344 105
1345 99
1345 100
1345 101
1345 102
1345 103
1345 104
1345 105
1345 106
1345 107
1345 108
1346 102
1346 103
1346 104
1346 105
1346 106
1346 107
1346 108
1346 109
1346 110
1347 105
1347 106
1347 107
1347 108
1347 109
1347 110
1347 111
1347 112
1347 113
1348 108
1348 109
1348 110
1348 111
1348 112
1348 113
1348 114
1348 115
1349 111
1349 112
1349 113
1349 114
1349 115
1349 116
1349 117
1350 113
1350 114
1350 115
1350 116
1350 117
1350 118
1350 119
1351 117
1351 118
1351 119
1351 120
1351 121
1352 120
1352 121
1352 122
1361 74
1361 75
1361 76
1361 77
1362 75
1362 76
1362 77
1362 78
1362 79
1362 80
1363 77
1363 78
1363 79
1363 80
1363 81
1363 82
1363 83
1364 80
1364 81
1364 82
1364 83
1364 84
1364 85
1364 86
1365 82
1365 83
1365 84
1365 85
1365 86
1365 87
1365 88
1365 89
1366 84
1366 85
1366 86
1366 87
1366 88
1366 89
1366 90
1366 91
1366 92
1367 87
1367 88
1367 89
1367 90
1367 91
1367 92
1367 93
1367 94
1368 89
1368 90
1368 91
1368 92
1368 93
1368 94
1368 95
1368 96
1368 97
1369 92
1369 93
1369 94
1369 95
1369 96
1369 97
1369 98
1369 99
1369 100
1370 94
1370 95
1370 96
1370 97
1370 98
1370 99
1370 100
1370 101
1370 102
1371 97
1371 98
1371 99
1371 100
1371 101
1371 102
1371 103
1371 104
1371 105
1372 100
1372 101
1372 102
1372 103
1372 104
1372 105
1372 106
1372 107
1373 102
1373 103
1373 104
1373 105
1373 106
1373 107
1373 108
1373 109
1374 105
1374 106
1374 107
1374 108
1374 109
1374 110
1374 111
1374 112
1375 108
1375 109
1375 110
1375 111
1375 112
1375 113
1375 114
1376 111
1376 112
1376 113
1376 114
1376 115
1376 116
1377 114
1377 115
1377 116
1377 117
1377 118
1378 118
1378 119
1388 75
1389 76
1389 77
1389 78
1389 79
1390 78
1390 79
1390 80
1390 81
1390 82
1391 80
1391 81
1391 82
1391 83
1391 84
1391 85
1392 82
1392 83
1392 84
1392 85
1392 86
1392 87
1392 88
1393 84
1393 85
1393 86
1393 87
1393 88
1393 89
1393 90
1393 91
1394 87
1394 88
1394 89
1394 90
1394 91
1394 92
1394 93
1394 94
1395 89
1395 90
1395 91
1395 92
1395 93
1395 94
1395 95
1395 96
1396 92
1396 93
1396 94
1396 95
1396 96
1396 97
1396 98
1396 99
1397 94
1397 95
1397 96
1397 97
1397 98
1397 99
1397 100
1397 101
1398 97
1398 98
1398 99
1398 100
1398 101
1398 102
1398 103
1398 104
1399 100
1399 101
1399 102
1399 103
1399 104
1399 105
1399 106
1400 102
1400 103
1400 104
1400 105
1400 106
1400 107
1400 108
1401 105
1401 106
1401 107
1401 108
1401 109
1401 110
1401 111
1402 108
1402 109
1402 110
1402 111
1402 112
1402 113
1403 112
1403 113
1403 114
1403 115
1404 116
1417 78
1417 79
1417 80
1417 81
1418 80
1418 81
1418 82
1418 83
1418 84
1419 82
1419 83
1419 84
1419 85
1419 86
1419 87
1420 85
1420 86
1420 87
1420 88
1420 89
1420 90
1421 87
1421 88
1421 89
1421 90
1421 91
1421 92
1421 93
1422 89
1422 90
1422 91
1422 92
1422 93
1422 94
1422 95
1423 92
1423 93
1423 94
1423 95
1423 96
1423 97
1423 98
1424 95
1424 96
1424 97
1424 98
1424 99
1424 100
1425 97
1425 98
1425 99
1425 100
1425 101
1425 102
1425 103
1426 100
1426 101
1426 102
1426 103
1426 104
1426 105
1427 103
1427 104
1427 105
1427 106
1427 107
1428 106
1428 107
1428 108
1428 109
1429 109
1429 110
1429 111
1446 83
1446 84
1446 85
1447 85
1447 86
1447 87
1447 88
1448 88
1448 89
1448 90
1448 91
1449 90
1449 91
1449 92
1449 93
1449 94
1450 93
1450 94
1450 95
1450 96
1451 95
1451 96
1451 97
1451 98
1451 99
1452 98
1452 99
1452 100
1452 101
1453 101
1453 102
1453 103
1453 104
1454 104
1454 105
1454 106
3684 129
3684 130
3685 131
3685 132
3686 133
3686 134
3687 136
3708 122
3708 123
3709 123
3709 124
3709 125
3709 126
3710 125
3710 126
3710 127
3710 128
3710 129
3711 127
3711 128
3711 129
3711 130
3711 131
3712 129
3712 130
3712 131
3712 132
3712 133
3713 131
3713 132
3713 133
3713 134
3713 135
3713 136
3714 134
3714 135
3714 136
3714 137
3714 138
3715 136
3715 137
3715 138
3715 139
3715 140
3716 139
3716 140
3716 141
3716 142
3717 141
3717 142
3717 143
3734 118
3734 119
3734 120
3734 121
3735 120
3735 121
3735 122
3735 123
3735 124
3736 122
3736 123
3736 124
3736 125
3736 126
3736 127
3737 124
3737 125
3737 126
3737 127
3737 128
3737 129
3738 126
3738 127
3738 128
3738 129
3738 130
3738 131
3738 132
3739 128
3739 129
3739 130
3739 131
3739 132
3739 133
3739 134
3740 130
3740 131
3740 132
3740 133
3740 134
3740 135
3740 136
3741 132
3741 133
3741 134
3741 135
3741 136
3741 137
3741 138
3742 135
3742 136
3742 137
3742 138
3742 139
3742 140
3743 137
3743 138
3743 139
3743 140
3743 141
3743 142
3744 140
3744 141
3744 142
3744 143
3744 144
3745 142
3745 143
3745 144
3745 145
3745 146
3746 145
3746 146
3746 147
3746 148
3760 116
3760 117
3760 118
3761 117
3761 118
3761 119
3761 120
3761 121
3762 119
3762 120
3762 121
3762 122
3762 123
3762 124
3763 120
3763 121
3763 122
3763 123
3763 124
3763 125
3763 126
3763 127
3764 122
3764 123
3764 124
3764 125
3764 126
3764 127
3764 128
3764 129
3765 125
3765 126
3765 127
3765 128
3765 129
3765 130
3765 131
3765 132
3766 127
3766 128
3766 129
3766 130
3766 131
3766 132
3766 133
3766 134
3767 129
3767 130
3767 131
3767 132
3767 133
3767 134
3767 135
3767 136
3768 131
3768 132
3768 133
3768 134
3768 135
3768 136
3768 137
3768 138
3768 139
3769 133
3769 134
3769 135
3769 136
3769 137
3769 138
3769 139
3769 140
3769 141
3770 136
3770 137
3770 138
3770 139
3770 140
3770 141
3770 142
3770 143
3771 138
3771 139
3771 140
3771 141
3771 142
3771 143
3771 144
3771 145
3772 141
3772 142
3772 143
3772 144
3772 145
3772 146
3772 147
3773 143
3773 144
3773 145
3773 146
3773 147
3773 148
3774 146
3774 147
3774 148
3774 149
3774 150
3775 149
3775 150
3775 151
3786 113
3786 114
3786 115
3787 114
3787 115
3787 116
3787 117
3787 118
3787 119
3788 116
3788 117
3788 118
3788 119
3788 120
3788 121
3788 122
3789 117
3789 118
3789 119
3789 120
3789 121
3789 122
3789 123
3789 124
3790 119
3790 120
3790 121
3790 122
3790 123
3790 124
3790 125
3790 126
3790 127
3791 121
3791 122
3791 123
3791 124
3791 125
3791 126
3791 127
3791 128
3791 129
3792 123
3792 124
3792 125
3792 126
3792 127
3792 128
3792 129
3792 130
3792 131
3792 132
3793 126
3793 127
3793 128
3793 129
3793 130
3793 131
3793 132
3793 133
3793 134
3794 128
3794 129
3794 130
3794 131
3794 132
3794 133
3794 134
3794 135
3794 136
3795 130
3795 131
3795 132
3795 133
3795 134
3795 135
3795 136
3795 137
3795 138
3795 139
3796 132
3796 133
3796 134
3796 135
3796 136
3796 137
3796 138
3796 139
3796 140
3796 141
3797 135
3797 136
3797 137
3797 138
3797 139
3797 140
3797 141
3797 142
3797 143
3798 137
3798 138
3798 139
3798 140
3798 141
3798 142
3798 143
3798 144
3798 145
3799 140
3799 141
3799 142
3799 143
3799 144
3799 145
3799 146
3799 147
3800 142
3800 143
3800 144
3800 145
3800 146
3800 147
3800 148
3800 149
3801 145
3801 146
3801 147
3801 148
3801 149
3801 150
3801 151
3802 148
3802 149
3802 150
3802 151
3802 152
3803 151
3803 152
3803 153
3813 112
3813 113
3813 114
3813 115
3814 113
3814 114
3814 115
3814 116
3814 117
3814 118
3815 115
3815 116
3815 117
3815 118
3815 119
3815 120
3815 121
3816 116
3816 117
3816 118
3816 119
3816 120
3816 121
3816 122
3816 123
3816 124
3817 118
3817 119
3817 120
3817 121
3817 122
3817 123
3817 124
3817 125
3817 126
3817 127
3818 120
3818 121
3818 122
3818 123
3818 124
3818 125
3818 126
3818 127
3818 128
3818 129
3819 122
3819 123
3819 124
3819 125
3819 126
3819 127
3819 128
3819 129
3819 130
3819 131
3819 132
3820 125
3820 126
3820 127
3820 128
3820 129
3820 130
3820 131
3820 132
3820 133
3820 134
3821 127
3821 128
3821 129
3821 130
3821 131
3821 132
3821 133
3821 134
3821 135
3821 136
3822 129
3822 130
3822 131
3822 132
3822 133
3822 134
3822 135
3822 136
3822 137
3822 138
3822 139
3823 131
3823 132
3823 133
3823 134
3823 135
3823 136
3823 137
3823 138
3823 139
3823 140
3823 141
3824 134
3824 135
3824 136
3824 137
3824 138
3824 139
3824 140
3824 141
3824 142
3824 143
3825 136
3825 137
3825 138
3825 139
3825 140
3825 141
3825 142
3825 143
3825 144
3825 145
3826 139
3826 140
3826 141
3826 142
3826 143
3826 144
3826 145
3826 146
3826 147
3827 141
3827 142
3827 143
3827 144
3827 145
3827 146
3827 147
3827 148
3827 149
3828 144
3828 145
3828 146
3828 147
3828 148
3828 149
3828 150
3828 151
3829 146
3829 147
3829 148
3829 149
3829 150
3829 151
3829 152
3829 153
3830 149
3830 150
3830 151
3830 152
3830 153
3830 154
3831 152
3831 153
3831 154
3831 155
3840 111
3840 112
3840 113
3840 114
3840 115
3841 112
3841 113
3841 114
3841 115
3841 116
3841 117
3841 118
3842 114
3842 115
3842 116
3842 117
3842 118
3842 119
3842 120
3842 121
3843 116
3843 117
3843 118
3843 119
3843 120
3843 121
3843 122
3843 123
3843 124
3844 117
3844 118
3844 119
3844 120
3844 121
3844 122
3844 123
3844 124
3844 125
3844 126
3845 119
3845 120
3845 121
3845 122
3845 123
3845 124
3845 125
3845 126
3845 127
3845 128
3845 129
3846 122
3846 123
3846 124
3846 125
3846 126
3846 127
3846 128
3846 129
3846 130
3846 131
3847 124
3847 125
3847 126
3847 127
3847 128
3847 129
3847 130
3847 131
3847 132
3847 133
3847 134
3848 126
3848 127
3848 128
3848 129
3848 130
3848 131
3848 132
3848 133
3848 134
3848 135
3848 136
3849 128
3849 129
3849 130
3849 131
3849 132
3849 133
3849 134
3849 135
3849 136
3849 137
3849 138
3850 130
3850 131
3850 132
3850 133
3850 134
3850 135
3850 136
3850 137
3850 138
3850 139
3850 140
3851 133
3851 134
3851 135
3851 136
3851 137
3851 138
3851 139
3851 140
3851 141
3851 142
3851 143
3852 135
3852 136
3852 137
3852 138
3852 139
3852 140
3852 141
3852 142
3852 143
3852 144
3852 145
3853 138
3853 139
3853 140
3853 141
3853 142
3853 143
3853 144
3853 145
3853 146
3853 147
3854 140
3854 141
3854 142
3854 143
3854 144
3854 145
3854 146
3854 147
3854 148
3854 149
3855 143
3855 144
3855 145
3855 146
3855 147
3855 148
3855 149
3855 150
3855 151
3856 145
3856 146
3856 147
3856 148
3856 149
3856 150
3856 151
3856 152
3856 153
3857 148
3857 149
3857 150
3857 151
3857 152
3857 153
3857 154
3858 151
3858 152
3858 153
3858 154
3858 155
3858 156
3859 154
3859 155
3859 156
3859 157
3867 110
3867 111
3867 112
3867 113
3867 114
3868 111
3868 112
3868 113
3868 114
3868 115
3868 116
3868 117
3869 113
3869 114
3869 115
3869 116
3869 117
3869 118
3869 119
3869 120
3870 115
3870 116
3870 117
3870 118
3870 119
3870 120
3870 121
3870 122
3870 123
3871 117
3871 118
3871 119
3871 120
3871 121
3871 122
3871 123
3871 124
3871 125
3871 126
3872 119
3872 120
3872 121
3872 122
3872 123
3872 124
3872 125
3872 126
3872 127
3872 128
3873 121
3873 122
3873 123
3873 124
3873 125
3873 126
3873 127
3873 128
3873 129
3873 130
3873 131
3874 123
3874 124
3874 125
3874 126
3874 127
3874 128
3874 129
3874 130
3874 131
3874 132
3874 133
3875 125
3875 126
3875 127
3875 128
3875 129
3875 130
3875 131
3875 132
3875 133
3875 134
3875 135
3876 127
3876 128
3876 129
3876 130
3876 131
3876 132
3876 133
3876 134
3876 135
3876 136
3876 137
3876 138
3877 129
3877 130
3877 131
3877 132
3877 133
3877 134
3877 135
3877 136
3877 137
3877 138
3877 139
3877 140
3878 132
3878 133
3878 134
3878 135
3878 136
3878 137
3878 138
3878 139
3878 140
3878 141
3878 142
3879 134
3879 135
3879 136
3879 137
3879 138
3879 139
3879 140
3879 141
3879 142
3879 143
3879 144
3880 137
3880 138
3880 139
3880 140
3880 141
3880 142
3880 143
3880 144
3880 145
3880 146
3880 147
3881 139
3881 140
3881 141
3881 142
3881 143
3881 144
3881 145
3881 146
3881 147
3881 148
3881 149
3882 142
3882 143
3882 144
3882 145
3882 146
3882 147
3882 148
3882 149
3882 150
3882 151
3883 144
3883 145
3883 146
3883 147
3883 148
3883 149
3883 150
3883 151
3883 152
3884 147
3884 148
3884 149
3884 150
3884 151
3884 152
3884 153
3884 154
3885 150
3885 151
3885 152
3885 153
3885 154
3885 155
3885 156
3886 153
3886 154
3886 155
3886 156
3886 157
3887 156
3887 157
3887 158
3894 110
3894 111
3894 112
3895 111
3895 112
3895 113
3895 114
3895 115
3895 116
3896 112
3896 113
3896 114
3896 115
3896 116
3896 117
3896 118
3896 119
3897 114
3897 115
3897 116
3897 117
3897 118
3897 119
3897 120
3897 121
3897 122
3898 116
3898 117
3898 118
3898 119
3898 120
3898 121
3898 122
3898 123
3898 124
3898 125
3899 118
3899 119
3899 120
3899 121
3899 122
3899 123
3899 124
3899 125
3899 126
3899 127
3900 120
3900 121
3900 122
3900 123
3900 124
3900 125
3900 126
3900 127
3900 128
3900 129
3900 130
3901 122
3901 123
3901 124
3901 125
3901 126
3901 127
3901 128
3901 129
3901 130
3901 131
3901 132
3902 124
3902 125
3902 126
3902 127
3902 128
3902 129
3902 130
3902 131
3902 132
3902 133
3902 134
3902 135
3903 126
3903 127
3903 128
3903 129
3903 130
3903 131
3903 132
3903 133
3903 134
3903 135
3903 136
3903 137
3904 129
3904 130
3904 131
3904 132
3904 133
3904 134
3904 135
3904 136
3904 137
3904 138
3904 139
3905 131
3905 132
3905 133
3905 134
3905 135
3905 136
3905 137
3905 138
3905 139
3905 140
3905 141
3905 142
3906 133
3906 134
3906 135
3906 136
3906 137
3906 138
3906 139
3906 140
3906 141
3906 142
3906 143
3906 144
3907 136
3907 137
3907 138
3907 139
3907 140
3907 141
3907 142
3907 143
3907 144
3907 145
3907 146
3908 138
3908 139
3908 140
3908 141
3908 142
3908 143
3908 144
3908 145
3908 146
3908 147
3908 148
3909 141
3909 142
3909 143
3909 144
3909 145
3909 146
3909 147
3909 148
3909 149
3909 150
3910 143
3910 144
3910 145
3910 146
3910 147
3910 148
3910 149
3910 150
3910 151
3910 152
3911 146
3911 147
3911 148
3911 149
3911 150
3911 151
3911 152
3911 153
3911 154
3912 149
3912 150
3912 151
3912 152
3912 153
3912 154
3912 155
3912 156
3913 151
3913 152
3913 153
3913 154
3913 155
3913 156
3913 157
3914 155
3914 156
3914 157
3914 158
3914 159
3922 111
3922 112
3922 113
3922 114
3923 112
3923 113
3923 114
3923 115
3923 116
3923 117
3923 118
3924 113
3924 114
3924 115
3924 116
3924 117
3924 118
3924 119
3924 120
3924 121
3925 115
3925 116
3925 117
3925 118
3925 119
3925 120
3925 121
3925 122
3925 123
3925 124
3926 117
3926 118
3926 119
3926 120
3926 121
3926 122
3926 123
3926 124
3926 125
3926 126
3927 119
3927 120
3927 121
3927 122
3927 123
3927 124
3927 125
3927 126
3927 127
3927 128
3927 129
3928 121
3928 122
3928 123
3928 124
3928 125
3928 126
3928 127
3928 128
3928 129
3928 130
3928 131
3929 123
3929 124
3929 125
3929 126
3929 127
3929 128
3929 129
3929 130
3929 131
3929 132
3929 133
3929 134
3930 126
3930 127
3930 128
3930 129
3930 130
3930 131
3930 132
3930 133
3930 134
3930 135
3930 136
3931 128
3931 129
3931 130
3931 131
3931 132
3931 133
3931 134
3931 135
3931 136
3931 137
3931 138
3931 139
3932 130
3932 131
3932 132
3932 133
3932 134
3932 135
3932 136
3932 137
3932 138
3932 139
3932 140
3932 141
3933 132
3933 133
3933 134
3933 135
3933 136
3933 137
3933 138
3933 139
3933 140
3933 141
3933 142
3933 143
3934 135
3934 136
3934 137
3934 138
3934 139
3934 140
3934 141
3934 142
3934 143
3934 144
3934 145
3935 137
3935 138
3935 139
3935 140
3935 141
3935 142
3935 143
3935 144
3935 145
3935 146
3935 147
3936 140
3936 141
3936 142
3936 143
3936 144
3936 145
3936 146
3936 147
3936 148
3936 149
3937 142
3937 143
3937 144
3937 145
3937 146
3937 147
3937 148
3937 149
3937 150
3937 151
3938 145
3938 146
3938 147
3938 148
3938 149
3938 150
3938 151
3938 152
3938 153
3939 148
3939 149
3939 150
3939 151
3939 152
3939 153
3939 154
3939 155
3940 151
3940 152
3940 153
3940 154
3940 155
3940 156
3940 157
3941 154
3941 155
3941 156
3941 157
3941 158
3942 157
3942 158
3942 159
3950 112
3950 113
3950 114
3950 115
3950 116
3951 113
3951 114
3951 115
3951 116
3951 117
3951 118
3951 119
3952 115
3952 116
3952 117
3952 118
3952 119
3952 120
3952 121
3952 122
3953 117
3953 118
3953 119
3953 120
3953 121
3953 122
3953 123
3953 124
3953 125
3954 119
3954 120
3954 121
3954 122
3954 123
3954 124
3954 125
3954 126
3954 127
3954 128
3955 121
3955 122
3955 123
3955 124
3955 125
3955 126
3955 127
3955 128
3955 129
3955 130
3956 123
3956 124
3956 125
3956 126
3956 127
3956 128
3956 129
3956 130
3956 131
3956 132
3956 133
3957 125
3957 126
3957 127
3957 128
3957 129
3957 130
3957 131
3957 132
3957 133
3957 134
3957 135
3958 127
3958 128
3958 129
3958 130
3958 131
3958 132
3958 133
3958 134
3958 135
3958 136
3958 137
3959 129
3959 130
3959 131
3959 132
3959 133
3959 134
3959 135
3959 136
3959 137
3959 138
3959 139
3959 140
3960 132
3960 133
3960 134
3960 135
3960 136
3960 137
3960 138
3960 139
3960 140
3960 141
3960 142
3961 134
3961 135
3961 136
3961 137
3961 138
3961 139
3961 140
3961 141
3961 142
3961 143
3961 144
3962 137
3962 138
3962 139
3962 140
3962 141
3962 142
3962 143
3962 144
3962 145
3962 146
3962 147
3963 139
3963 140
3963 141
3963 142
3963 143
3963 144
3963 145
3963 146
3963 147
3963 148
3963 149
3964 142
3964 143
3964 144
3964 145
3964 146
3964 147
3964 148
3964 149
3964 150
3964 151
3965 144
3965 145
3965 146
3965 147
3965 148
3965 149
3965 150
3965 151
3965 152
3965 153
3966 147
3966 148
3966 149
3966 150
3966 151
3966 152
3966 153
3966 154
3967 150
3967 151
3967 152
3967 153
3967 154
3967 155
3967 156
3968 153
3968 154
3968 155
3968 156
3968 157
3968 158
3969 156
3969 157
3969 158
3969 159
3978 113
3978 114
3978 115
3978 116
3978 117
3979 115
3979 116
3979 117
3979 118
3979 119
3979 120
3980 116
3980 117
3980 118
3980 119
3980 120
3980 121
3980 122
3980 123
3981 118
3981 119
3981 120
3981 121
3981 122
3981 123
3981 124
3981 125
3981 126
3982 120
3982 121
3982 122
3982 123
3982 124
3982 125
3982 126
3982 127
3982 128
3982 129
3983 122
3983 123
3983 124
3983 125
3983 126
3983 127
3983 128
3983 129
3983 130
3983 131
3984 124
3984 125
3984 126
3984 127
3984 128
3984 129
3984 130
3984 131
3984 132
3984 133
3984 134
3985 127
3985 128
3985 129
3985 130
3985 131
3985 132
3985 133
3985 134
3985 135
3985 136
3986 129
3986 130
3986 131
3986 132
3986 133
3986 134
3986 135
3986 136
3986 137
3986 138
3986 139
3987 131
3987 132
3987 133
3987 134
3987 135
3987 136
3987 137
3987 138
3987 139
3987 140
3987 141
3988 133
3988 134
3988 135
3988 136
3988 137
3988 138
3988 139
3988 140
3988 141
3988 142
3988 143
3989 136
3989 137
3989 138
3989 139
3989 140
3989 141
3989 142
3989 143
3989 144
3989 145
3990 138
3990 139
3990 140
3990 141
3990 142
3990 143
3990 144
3990 145
3990 146
3990 147
3991 141
3991 142
3991 143
3991 144
3991 145
3991 146
3991 147
3991 148
3991 149
3991 150
3992 144
3992 145
3992 146
3992 147
3992 148
3992 149
3992 150
3992 151
3992 152
3993 146
3993 147
3993 148
3993 149
3993 150
3993 151
3993 152
3993 153
3994 149
3994 150
3994 151
3994 152
3994 153
3994 154
3994 155
3995 152
3995 153
3995 154
3995 155
3995 156
3995 157
3996 156
3996 157
4006 116
4006 117
4007 117
4007 118
4007 119
4007 120
4007 121
4008 118
4008 119
4008 120
4008 121
4008 122
4008 123
4008 124
4009 120
4009 121
4009 122
4009 123
4009 124
4009 125
4009 126
4009 127
4010 122
4010 123
4010 124
4010 125
4010 126
4010 127
4010 128
4010 129
4011 124
4011 125
4011 126
4011 127
4011 128
4011 129
4011 130
4011 131
4011 132
4012 126
4012 127
4012 128
4012 129
4012 130
4012 131
4012 132
4012 133
4012 134
4012 135
4013 128
4013 129
4013 130
4013 131
4013 132
4013 133
4013 134
4013 135
4013 136
4013 137
4014 131
4014 132
4014 133
4014 134
4014 135
4014 136
4014 137
4014 138
4014 139
4015 133
4015 134
4015 135
4015 136
4015 137
4015 138
4015 139
4015 140
4015 141
4015 142
4016 135
4016 136
4016 137
4016 138
4016 139
4016 140
4016 141
4016 142
4016 143
4016 144
4017 138
4017 139
4017 140
4017 141
4017 142
4017 143
4017 144
4017 145
4017 146
4018 140
4018 141
4018 142
4018 143
4018 144
4018 145
4018 146
4018 147
4018 148
4019 143
4019 144
4019 145
4019 146
4019 147
4019 148
4019 149
4019 150
4020 146
4020 147
4020 148
4020 149
4020 150
4020 151
4020 152
4021 149
4021 150
4021 151
4021 152
4021 153
4021 154
4022 152
4022 153
4022 154
4022 155
4036 121
4036 122
4036 123
4036 124
4037 122
4037 123
4037 124
4037 125
4037 126
4037 127
4038 124
4038 125
4038 126
4038 127
4038 128
4038 129
4038 130
4039 126
4039 127
4039 128
4039 129
4039 130
4039 131
4039 132
4040 128
4040 129
4040 130
4040 131
4040 132
4040 133
4040 134
4040 135
4041 131
4041 132
4041 133
4041 134
4041 135
4041 136
4041 137
4042 133
4042 134
4042 135
4042 136
4042 137
4042 138
4042 139
4042 140
4043 135
4043 136
4043 137
4043 138
4043 139
4043 140
4043 141
4043 142
4044 138
4044 139
4044 140
4044 141
4044 142
4044 143
4044 144
4045 140
4045 141
4045 142
4045 143
4045 144
4045 145
4045 146
4046 143
4046 144
4046 145
4046 146
4046 147
4046 148
4047 146
4047 147
4047 148
4047 149
4047 150
4048 149
4048 150
4048 151
4067 130
4067 131
4068 132
4068 133
4068 134
4069 134
4069 135
4069 136
4070 136
4070 137
4070 138
4070 139
4071 139
4071 140
4071 141
4072 142
4072 143
